date,adj_close
2003-09-29,48.743099
2003-09-30,48.995960
2003-10-01,48.972134
2003-10-02,48.895771
2003-10-03,48.542770
2003-10-06,48.614304
2003-10-07,48.447350
2003-10-08,48.566658
2003-10-09,48.394848
2003-10-10,48.662014
2003-10-13,48.447350
2003-10-14,48.351910
2003-10-15,48.232689
2003-10-16,48.103848
2003-10-17,48.332863
2003-10-20,48.304211
2003-10-21,48.399632
2003-10-22,48.614304
2003-10-23,48.495029
2003-10-24,48.733608
2003-10-27,48.638172
2003-10-28,48.829014
2003-10-29,48.614304
2003-10-30,48.614304
2003-10-31,48.537979
2003-11-03,48.451298
2003-11-04,48.547073
2003-11-05,48.547073
2003-11-06,48.283741
2003-11-07,48.307697
2003-11-10,48.398670
2003-11-11,48.312473
2003-11-12,48.403461
2003-11-13,48.757740
2003-11-14,48.796021
2003-11-17,49.001923
2003-11-18,48.977989
2003-11-19,48.748184
2003-11-20,48.915718
2003-11-21,48.968418
2003-11-24,48.762558
2003-11-25,48.954018
2003-11-26,48.776894
2003-11-28,48.700302
2003-12-01,48.566833
2003-12-02,48.552452
2003-12-03,48.600456
2003-12-04,48.672432
2003-12-05,48.917271
2003-12-08,48.917271
2003-12-09,48.643620
2003-12-10,48.835659
2003-12-11,49.008514
2003-12-12,49.037262
2003-12-15,49.008514
2003-12-16,49.037262
2003-12-17,49.157261
2003-12-18,49.229324
2003-12-19,49.253284
2003-12-22,49.229324
2003-12-23,49.037262
2003-12-24,49.075684
2003-12-26,49.320511
2003-12-29,49.200512
2003-12-30,49.109295
2003-12-31,49.177151
2004-01-02,48.897972
2004-01-05,48.955727
2004-01-06,49.177151
2004-01-07,49.287888
2004-01-08,49.273453
2004-01-09,49.682671
2004-01-12,49.543026
2004-01-13,49.658569
2004-01-14,49.653755
2004-01-15,49.716377
2004-01-16,49.677841
2004-01-20,49.634537
2004-01-21,49.668236
2004-01-22,49.754913
2004-01-23,49.634537
2004-01-26,49.441971
2004-01-27,49.514168
2004-01-28,49.413055
2004-01-29,49.297497
2004-01-30,49.393803
2004-02-02,49.407337
2004-02-03,49.542469
2004-02-04,49.547333
2004-02-05,49.407337
2004-02-06,49.610092
2004-02-09,49.643890
2004-02-10,49.537685
2004-02-11,49.730766
2004-02-12,49.735580
2004-02-13,49.957649
2004-02-17,49.836975
2004-02-18,49.798332
2004-02-19,49.851456
2004-02-20,49.696980
2004-02-23,49.832077
2004-02-24,49.788673
2004-02-25,49.904522
2004-02-26,49.822445
2004-02-27,49.957649
2004-03-01,49.979923
2004-03-02,49.805737
2004-03-03,49.752472
2004-03-04,49.873470
2004-03-05,50.241173
2004-03-08,50.410534
2004-03-09,50.483109
2004-03-10,50.424999
2004-03-11,50.536381
2004-03-12,50.381523
2004-03-15,50.391197
2004-03-16,50.512154
2004-03-17,50.487965
2004-03-18,50.439560
2004-03-19,50.386360
2004-03-22,50.517014
2004-03-23,50.521877
2004-03-24,50.550861
2004-03-25,50.521877
2004-03-26,50.347649
2004-03-29,50.255707
2004-03-30,50.057327
2004-03-31,50.299255
2004-04-01,50.323475
2004-04-02,49.862679
2004-04-05,49.557018
2004-04-06,49.697769
2004-04-07,49.576458
2004-04-08,49.605564
2004-04-12,49.591022
2004-04-13,49.503693
2004-04-14,49.358170
2004-04-15,49.285400
2004-04-16,49.421257
2004-04-19,49.358170
2004-04-20,49.198082
2004-04-21,49.081646
2004-04-22,49.261181
2004-04-23,49.164139
2004-04-26,49.149632
2004-04-27,49.270878
2004-04-28,49.042843
2004-04-29,48.902180
2004-04-30,48.887634
2004-05-03,48.814682
2004-05-04,48.902225
2004-05-05,48.839035
2004-05-06,48.688213
2004-05-07,48.274773
2004-05-10,48.201855
2004-05-11,48.323410
2004-05-12,48.255318
2004-05-13,48.245594
2004-05-14,48.255318
2004-05-17,48.498516
2004-05-18,48.522808
2004-05-19,48.440136
2004-05-20,48.571499
2004-05-21,48.493652
2004-05-24,48.532532
2004-05-25,48.517975
2004-05-26,48.639584
2004-05-27,48.873043
2004-05-28,48.702793
2004-06-01,48.647652
2004-06-02,48.667183
2004-06-03,48.647652
2004-06-04,48.545208
2004-06-07,48.593983
2004-06-08,48.476883
2004-06-09,48.491520
2004-06-10,48.442703
2004-06-14,48.306091
2004-06-15,48.715977
2004-06-16,48.618370
2004-06-17,48.672092
2004-06-18,48.745228
2004-06-21,48.808689
2004-06-22,48.789185
2004-06-23,48.750149
2004-06-24,48.935520
2004-06-25,48.920948
2004-06-28,48.759903
2004-06-29,48.672092
2004-06-30,49.057537
2004-07-01,49.119705
2004-07-02,49.432961
2004-07-06,49.398697
2004-07-07,49.369335
2004-07-08,49.423203
2004-07-09,49.276333
2004-07-12,49.423203
2004-07-13,49.369335
2004-07-14,49.398697
2004-07-15,49.305737
2004-07-16,49.633671
2004-07-19,49.560249
2004-07-20,49.428104
2004-07-21,49.310638
2004-07-22,49.418270
2004-07-23,49.530865
2004-07-26,49.300781
2004-07-27,49.188232
2004-07-28,49.261707
2004-07-29,49.149094
2004-07-30,49.511295
2004-08-02,49.497559
2004-08-03,49.566292
2004-08-04,49.674324
2004-08-05,49.708679
2004-08-06,50.027908
2004-08-09,50.062222
2004-08-10,49.929653
2004-08-11,49.964073
2004-08-12,50.067139
2004-08-13,50.165382
2004-08-16,50.106434
2004-08-17,50.253788
2004-08-18,50.091660
2004-08-19,50.258698
2004-08-20,50.111324
2004-08-23,50.126053
2004-08-24,50.130989
2004-08-25,50.135914
2004-08-26,50.229164
2004-08-27,50.263531
2004-08-30,50.312702
2004-08-31,50.312702
2004-09-01,50.493961
2004-09-02,50.292004
2004-09-03,50.267349
2004-09-07,50.262440
2004-09-08,50.415119
2004-09-09,50.365883
2004-09-10,50.474255
2004-09-13,50.523556
2004-09-14,50.577675
2004-09-15,50.548141
2004-09-16,50.700817
2004-09-17,50.488972
2004-09-20,50.705738
2004-09-21,50.691002
2004-09-22,50.858452
2004-09-23,50.705738
2004-09-24,50.720524
2004-09-27,50.705738
2004-09-28,50.789478
2004-09-29,50.498844
2004-09-30,50.572777
2004-10-01,50.482334
2004-10-04,50.497139
2004-10-05,50.492226
2004-10-06,50.398327
2004-10-07,50.398327
2004-10-08,50.645374
2004-10-11,50.694820
2004-10-12,50.645374
2004-10-13,50.719456
2004-10-14,50.961624
2004-10-15,50.867779
2004-10-18,50.823296
2004-10-19,50.848000
2004-10-20,51.025860
2004-10-21,50.897427
2004-10-22,51.020912
2004-10-25,51.080208
2004-10-26,50.931946
2004-10-27,50.818317
2004-10-28,50.877621
2004-10-29,51.011044
2004-11-01,50.901527
2004-11-02,50.856895
2004-11-03,50.965984
2004-11-04,50.921345
2004-11-05,50.792511
2004-11-08,50.609184
2004-11-09,50.728134
2004-11-10,50.668697
2004-11-11,50.718258
2004-11-12,50.777710
2004-11-15,50.802448
2004-11-16,50.752918
2004-11-17,50.881695
2004-11-18,50.901527
2004-11-19,50.797497
2004-11-22,50.876781
2004-11-23,50.847034
2004-11-24,50.896538
2004-11-26,50.747971
2004-11-29,50.609184
2004-11-30,50.634007
2004-12-01,50.444176
2004-12-02,50.538544
2004-12-03,50.831772
2004-12-06,50.886436
2004-12-07,50.956017
2004-12-08,51.129940
2004-12-09,51.060364
2004-12-10,50.995762
2004-12-13,51.070316
2004-12-14,51.120052
2004-12-15,51.234306
2004-12-16,51.035522
2004-12-17,50.911274
2004-12-20,50.960960
2004-12-21,50.960960
2004-12-22,51.070316
2004-12-23,51.095146
2004-12-27,50.901367
2004-12-28,50.876511
2004-12-29,50.866562
2004-12-30,50.970966
2004-12-31,51.037685
2005-01-03,51.037685
2005-01-04,50.987858
2005-01-05,50.967915
2005-01-06,51.002827
2005-01-07,50.987858
2005-01-10,50.962910
2005-01-11,51.032734
2005-01-12,51.107498
2005-01-13,51.232101
2005-01-14,51.047653
2005-01-18,51.182259
2005-01-19,51.257034
2005-01-20,51.326778
2005-01-21,51.351727
2005-01-24,51.361702
2005-01-25,51.271984
2005-01-26,51.247051
2005-01-27,51.177250
2005-01-28,51.351727
2005-01-31,51.286919
2005-02-01,51.341389
2005-02-02,51.381382
2005-02-03,51.316372
2005-02-04,51.531387
2005-02-07,51.541359
2005-02-08,51.571377
2005-02-09,51.711323
2005-02-10,51.446404
2005-02-11,51.516376
2005-02-14,51.526394
2005-02-15,51.426411
2005-02-16,51.366386
2005-02-17,51.341389
2005-02-18,51.356373
2005-02-22,51.211464
2005-02-23,51.236401
2005-02-24,51.186432
2005-02-25,51.231476
2005-02-28,51.096420
2005-03-01,51.059895
2005-03-02,50.994732
2005-03-03,51.034786
2005-03-04,51.180180
2005-03-07,51.195217
2005-03-08,51.084946
2005-03-09,50.774113
2005-03-10,50.713932
2005-03-11,50.754044
2005-03-14,50.733982
2005-03-15,50.743992
2005-03-16,50.779106
2005-03-17,50.769112
2005-03-18,50.733982
2005-03-21,50.733982
2005-03-22,50.458233
2005-03-23,50.523438
2005-03-24,50.553539
2005-03-28,50.453270
2005-03-29,50.423203
2005-03-30,50.573547
2005-03-31,50.598663
2005-04-01,50.896931
2005-04-04,50.836582
2005-04-05,50.735981
2005-04-06,50.866764
2005-04-07,50.806385
2005-04-08,50.806385
2005-04-11,50.901989
2005-04-12,51.042843
2005-04-13,51.113224
2005-04-14,51.158504
2005-04-15,51.339657
2005-04-18,51.279232
2005-04-19,51.344601
2005-04-20,51.379845
2005-04-21,51.254089
2005-04-22,51.359776
2005-04-25,51.339657
2005-04-26,51.213833
2005-04-27,51.425140
2005-04-28,51.555874
2005-04-29,51.470406
2005-05-02,51.472385
2005-05-03,51.437107
2005-05-04,51.492630
2005-05-05,51.527954
2005-05-06,51.336174
2005-05-09,51.295753
2005-05-10,51.351311
2005-05-11,51.437107
2005-05-12,51.558212
2005-05-13,51.608635
2005-05-16,51.532986
2005-05-17,51.593575
2005-05-18,51.729794
2005-05-19,51.603607
2005-05-20,51.543053
2005-05-23,51.714668
2005-05-24,51.805447
2005-05-25,51.795364
2005-05-26,51.790321
2005-05-27,51.755013
2005-05-31,51.896336
2005-06-01,52.280205
2005-06-02,52.244736
2005-06-03,52.113071
2005-06-06,52.123226
2005-06-07,52.259918
2005-06-08,52.163719
2005-06-09,52.158638
2005-06-10,51.956085
2005-06-13,51.910542
2005-06-14,51.844692
2005-06-15,51.814339
2005-06-16,51.971245
2005-06-17,51.971245
2005-06-20,51.854797
2005-06-21,52.067520
2005-06-22,52.290340
2005-06-23,52.239681
2005-06-24,52.320744
2005-06-27,52.361195
2005-06-28,52.209274
2005-06-29,52.183994
2005-06-30,52.351070
2005-07-01,52.164608
2005-07-05,51.971581
2005-07-06,52.052883
2005-07-07,52.118916
2005-07-08,52.032516
2005-07-11,52.037632
2005-07-12,52.012238
2005-07-13,51.941154
2005-07-14,51.941154
2005-07-15,51.966515
2005-07-18,51.875076
2005-07-19,51.900478
2005-07-20,51.986794
2005-07-21,51.717537
2005-07-22,51.793774
2005-07-25,51.793774
2005-07-26,51.849693
2005-07-27,51.819164
2005-07-28,51.971581
2005-07-29,51.809025
2005-08-01,51.778919
2005-08-02,51.666786
2005-08-03,51.834965
2005-08-04,51.784046
2005-08-05,51.529217
2005-08-08,51.519020
2005-08-09,51.610710
2005-08-10,51.615860
2005-08-11,51.753456
2005-08-12,51.901234
2005-08-15,51.855392
2005-08-16,51.977703
2005-08-17,51.870663
2005-08-18,52.013420
2005-08-19,51.962425
2005-08-22,52.008308
2005-08-23,52.043995
2005-08-24,52.110271
2005-08-25,52.110271
2005-08-26,52.069473
2005-08-29,52.089878
2005-08-30,52.217278
2005-08-31,52.421177
2005-09-01,52.492748
2005-09-02,52.467175
2005-09-06,52.364899
2005-09-07,52.277958
2005-09-08,52.272861
2005-09-09,52.257526
2005-09-12,52.185909
2005-09-13,52.313740
2005-09-14,52.257526
2005-09-15,52.129654
2005-09-16,52.012058
2005-09-19,52.058098
2005-09-20,52.022278
2005-09-21,52.139885
2005-09-22,52.185909
2005-09-23,52.093891
2005-09-26,51.966011
2005-09-27,51.930256
2005-09-28,52.073364
2005-09-29,51.955814
2005-09-30,51.930256
2005-10-03,51.754253
2005-10-04,51.826099
2005-10-05,51.908161
2005-10-06,51.872238
2005-10-07,51.820965
2005-10-10,51.887646
2005-10-11,51.733685
2005-10-12,51.713188
2005-10-13,51.579781
2005-10-14,51.564377
2005-10-17,51.646515
2005-10-18,51.625984
2005-10-19,51.718296
2005-10-20,51.728584
2005-10-21,51.851730
2005-10-24,51.743977
2005-10-25,51.590076
2005-10-26,51.384815
2005-10-27,51.502834
2005-10-28,51.420723
2005-10-31,51.415596
2005-11-01,51.433105
2005-11-02,51.386768
2005-11-03,51.211708
2005-11-04,51.263210
2005-11-07,51.268333
2005-11-08,51.443394
2005-11-09,51.309498
2005-11-10,51.489754
2005-11-11,51.541279
2005-11-14,51.366184
2005-11-15,51.438274
2005-11-16,51.556683
2005-11-17,51.572174
2005-11-18,51.551548
2005-11-21,51.716320
2005-11-22,51.850250
2005-11-23,51.814178
2005-11-25,51.860497
2005-11-28,51.788425
2005-11-29,51.716320
2005-11-30,51.608219
2005-12-01,51.535290
2005-12-02,51.535290
2005-12-05,51.561142
2005-12-06,51.649052
2005-12-07,51.581841
2005-12-08,51.845467
2005-12-09,51.669720
2005-12-12,51.561142
2005-12-13,51.757614
2005-12-14,51.897175
2005-12-15,51.845467
2005-12-16,51.840298
2005-12-19,51.881657
2005-12-20,51.897175
2005-12-21,51.897175
2005-12-22,52.010868
2005-12-23,52.145260
2005-12-27,52.279655
2005-12-28,52.094963
2005-12-29,52.131229
2005-12-30,52.193554
2006-01-03,52.219444
2006-01-04,52.343987
2006-01-05,52.343987
2006-01-06,52.224682
2006-01-09,52.281715
2006-01-10,52.177944
2006-01-11,52.141594
2006-01-12,52.276554
2006-01-13,52.421829
2006-01-17,52.447777
2006-01-18,52.510029
2006-01-19,52.432190
2006-01-20,52.458141
2006-01-23,52.458141
2006-01-24,52.369957
2006-01-25,52.240215
2006-01-26,52.079395
2006-01-27,52.146786
2006-01-30,52.151993
2006-01-31,52.162354
2006-02-01,52.017075
2006-02-02,52.053555
2006-02-03,52.199360
2006-02-06,52.188957
2006-02-07,52.152477
2006-02-08,52.126484
2006-02-09,52.157711
2006-02-10,52.048332
2006-02-13,52.084778
2006-02-14,52.001480
2006-02-15,52.058762
2006-02-16,52.006672
2006-02-17,52.220200
2006-02-21,52.027489
2006-02-22,52.235851
2006-02-23,52.204601
2006-02-24,52.246239
2006-02-27,52.136868
2006-02-28,52.246239
2006-03-01,52.247829
2006-03-02,52.117107
2006-03-03,52.012543
2006-03-06,51.725094
2006-03-07,51.855770
2006-03-08,51.881939
2006-03-09,51.813953
2006-03-10,51.834854
2006-03-13,51.928936
2006-03-14,52.101429
2006-03-15,51.960278
2006-03-16,52.179829
2006-03-17,52.064846
2006-03-20,52.043941
2006-03-21,51.908054
2006-03-22,52.002144
2006-03-23,51.960278
2006-03-24,52.049183
2006-03-27,52.090984
2006-03-28,51.960278
2006-03-29,51.855770
2006-03-30,51.620514
2006-03-31,51.793045
2006-04-03,51.742123
2006-04-04,51.810356
2006-04-05,51.847054
2006-04-06,51.805069
2006-04-07,51.631905
2006-04-10,51.584686
2006-04-11,51.689632
2006-04-12,51.642433
2006-04-13,51.537472
2006-04-17,51.621429
2006-04-18,51.584686
2006-04-19,51.631905
2006-04-20,51.553207
2006-04-21,51.547951
2006-04-24,51.742123
2006-04-25,51.568916
2006-04-26,51.479702
2006-04-27,51.600430
2006-04-28,51.715904
2006-05-01,51.513096
2006-05-02,51.565693
2006-05-03,51.528851
2006-05-04,51.502533
2006-05-05,51.597351
2006-05-08,51.634232
2006-05-09,51.607899
2006-05-10,51.549946
2006-05-11,51.518337
2006-05-12,51.407715
2006-05-15,51.439316
2006-05-16,51.692165
2006-05-17,51.544655
2006-05-18,51.760662
2006-05-19,51.750126
2006-05-22,51.760662
2006-05-23,51.618443
2006-05-24,51.628952
2006-05-25,51.623695
2006-05-26,51.844913
2006-05-30,51.729076
2006-05-31,51.613163
2006-06-01,51.572403
2006-06-02,51.969032
2006-06-05,51.799831
2006-06-06,51.937340
2006-06-07,51.773407
2006-06-08,51.947906
2006-06-09,52.021969
2006-06-12,51.863331
2006-06-13,52.011364
2006-06-14,51.815689
2006-06-15,51.731068
2006-06-16,51.699360
2006-06-19,51.561886
2006-06-20,51.593601
2006-06-21,51.609440
2006-06-22,51.387356
2006-06-23,51.413807
2006-06-26,51.265709
2006-06-27,51.408478
2006-06-28,51.355602
2006-06-29,51.535389
2006-06-30,51.530113
2006-07-03,51.608700
2006-07-05,51.454769
2006-07-06,51.502525
2006-07-07,51.693653
2006-07-10,51.741425
2006-07-11,51.826408
2006-07-12,51.858257
2006-07-13,51.900723
2006-07-14,51.969765
2006-07-17,51.858257
2006-07-18,51.821110
2006-07-19,52.022839
2006-07-20,52.075939
2006-07-21,52.044094
2006-07-24,52.123745
2006-07-25,52.081219
2006-07-26,52.113155
2006-07-27,52.198067
2006-07-28,52.309570
2006-07-31,52.245842
2006-08-01,52.373283
2006-08-02,52.394588
2006-08-03,52.405235
2006-08-04,52.570553
2006-08-07,52.575909
2006-08-08,52.575909
2006-08-09,52.618523
2006-08-10,52.591869
2006-08-11,52.501266
2006-08-14,52.442612
2006-08-15,52.570553
2006-08-16,52.746502
2006-08-17,52.751823
2006-08-18,52.789143
2006-08-21,52.917110
2006-08-22,52.927807
2006-08-23,52.906448
2006-08-24,52.901123
2006-08-25,52.954449
2006-08-28,52.906448
2006-08-29,52.927807
2006-08-30,53.007755
2006-08-31,53.077084
2006-09-01,53.084026
2006-09-05,53.019787
2006-09-06,53.030506
2006-09-07,53.014393
2006-09-08,53.084026
2006-09-11,53.046532
2006-09-12,53.175022
2006-09-13,53.217850
2006-09-14,53.142868
2006-09-15,53.126850
2006-09-18,53.116150
2006-09-19,53.239258
2006-09-20,53.298115
2006-09-21,53.528313
2006-09-22,53.560452
2006-09-25,53.667477
2006-09-26,53.662106
2006-09-27,53.640743
2006-09-28,53.656788
2006-09-29,53.613937
2006-10-02,53.664486
2006-10-03,53.653717
2006-10-04,53.863380
2006-10-05,53.696739
2006-10-06,53.497856
2006-10-09,53.610710
2006-10-10,53.401108
2006-10-11,53.341988
2006-10-12,53.395737
2006-10-13,53.261356
2006-10-16,53.347355
2006-10-17,53.427982
2006-10-18,53.492512
2006-10-19,53.465599
2006-10-20,53.449459
2006-10-23,53.293571
2006-10-24,53.352726
2006-10-25,53.481739
2006-10-26,53.664486
2006-10-27,53.771976
2006-10-30,53.782768
2006-10-31,53.981606
2006-11-01,54.074402
2006-11-02,54.015114
2006-11-03,53.734386
2006-11-06,53.734386
2006-11-07,53.869373
2006-11-08,54.015114
2006-11-09,54.031303
2006-11-10,54.150040
2006-11-13,54.085262
2006-11-14,54.160770
2006-11-15,54.058254
2006-11-16,54.009686
2006-11-17,54.150040
2006-11-20,54.187828
2006-11-21,54.257980
2006-11-22,54.333557
2006-11-24,54.349743
2006-11-27,54.322746
2006-11-28,54.468472
2006-11-29,54.387520
2006-11-30,54.554840
2006-12-01,54.656696
2006-12-04,54.710907
2006-12-05,54.678452
2006-12-06,54.635059
2006-12-07,54.586277
2006-12-08,54.472488
2006-12-11,54.461567
2006-12-12,54.613388
2006-12-13,54.445431
2006-12-14,54.369553
2006-12-15,54.358669
2006-12-18,54.391190
2006-12-19,54.429111
2006-12-20,54.407475
2006-12-21,54.515839
2006-12-22,54.467079
2006-12-26,54.450825
2006-12-27,54.303364
2006-12-28,54.232700
2006-12-29,54.227287
2007-01-03,54.341473
2007-01-04,54.455692
2007-01-05,54.417629
2007-01-08,54.450249
2007-01-09,54.450249
2007-01-10,54.390450
2007-01-11,54.287079
2007-01-12,54.210934
2007-01-16,54.281673
2007-01-17,54.249012
2007-01-18,54.325138
2007-01-19,54.303364
2007-01-22,54.330601
2007-01-23,54.227287
2007-01-24,54.210934
2007-01-25,54.140236
2007-01-26,54.134785
2007-01-29,54.064068
2007-01-30,54.145691
2007-01-31,54.189175
2007-02-01,54.218124
2007-02-02,54.294537
2007-02-05,54.381931
2007-02-06,54.485661
2007-02-07,54.551239
2007-02-08,54.584007
2007-02-09,54.458416
2007-02-12,54.403824
2007-02-13,54.398315
2007-02-14,54.605846
2007-02-15,54.682259
2007-02-16,54.720509
2007-02-20,54.747807
2007-02-21,54.742306
2007-02-22,54.633106
2007-02-23,54.764187
2007-02-26,54.884315
2007-02-27,55.108200
2007-02-28,55.069996
2007-03-01,55.061249
2007-03-02,55.176357
2007-03-05,55.143436
2007-03-06,55.105080
2007-03-07,55.148937
2007-03-08,55.099571
2007-03-09,54.946102
2007-03-12,55.116020
2007-03-13,55.258625
2007-03-14,55.192802
2007-03-15,55.132446
2007-03-16,55.137970
2007-03-19,55.099571
2007-03-20,55.154430
2007-03-21,55.225636
2007-03-22,55.121460
2007-03-23,55.044758
2007-03-26,55.011806
2007-03-27,55.022854
2007-03-28,55.050198
2007-03-29,54.962521
2007-03-30,54.962521
2007-04-02,55.033535
2007-04-03,54.978512
2007-04-04,55.039021
2007-04-05,54.989475
2007-04-09,54.780361
2007-04-10,54.862938
2007-04-11,54.829899
2007-04-12,54.895931
2007-04-13,54.807835
2007-04-16,54.917988
2007-04-17,55.077530
2007-04-18,55.160130
2007-04-19,55.138077
2007-04-20,55.110538
2007-04-23,55.165569
2007-04-24,55.193108
2007-04-25,55.215115
2007-04-26,55.110538
2007-04-27,55.099541
2007-04-30,55.286667
2007-05-01,55.254635
2007-05-02,55.271183
2007-05-03,55.210442
2007-05-04,55.282242
2007-05-07,55.337490
2007-05-08,55.276756
2007-05-09,55.210442
2007-05-10,55.304367
2007-05-11,55.193859
2007-05-14,55.204941
2007-05-15,55.182804
2007-05-16,55.193859
2007-05-17,55.099903
2007-05-18,54.939724
2007-05-21,55.050182
2007-05-22,54.939724
2007-05-23,54.895561
2007-05-24,54.917637
2007-05-25,54.890030
2007-05-29,54.834805
2007-05-30,54.901112
2007-05-31,54.779564
2007-06-01,54.722954
2007-06-04,54.789532
2007-06-05,54.634163
2007-06-06,54.656361
2007-06-07,54.279076
2007-06-08,54.212521
2007-06-11,54.251343
2007-06-12,53.929523
2007-06-13,54.012775
2007-06-14,54.118153
2007-06-15,54.312408
2007-06-18,54.351215
2007-06-19,54.523228
2007-06-20,54.356789
2007-06-21,54.290184
2007-06-22,54.417763
2007-06-25,54.467739
2007-06-26,54.401176
2007-06-27,54.506565
2007-06-28,54.467739
2007-06-29,54.573132
2007-07-02,54.718548
2007-07-03,54.657280
2007-07-05,54.428833
2007-07-06,54.334091
2007-07-09,54.428833
2007-07-10,54.662827
2007-07-11,54.540298
2007-07-12,54.484543
2007-07-13,54.551414
2007-07-16,54.662827
2007-07-17,54.562553
2007-07-18,54.701847
2007-07-19,54.701847
2007-07-20,54.830021
2007-07-23,54.796566
2007-07-24,54.908028
2007-07-25,54.874626
2007-07-26,55.069603
2007-07-27,55.013908
2007-07-30,54.986027
2007-07-31,55.158772
2007-08-01,55.030602
2007-08-02,55.002602
2007-08-03,55.243317
2007-08-06,55.153767
2007-08-07,55.114605
2007-08-08,55.047382
2007-08-09,55.114605
2007-08-10,54.929878
2007-08-13,55.030602
2007-08-14,55.181728
2007-08-15,55.254494
2007-08-16,55.220909
2007-08-17,55.343998
2007-08-20,55.293674
2007-08-21,55.551105
2007-08-22,55.506386
2007-08-23,55.573425
2007-08-24,55.433567
2007-08-27,55.601505
2007-08-28,55.825294
2007-08-29,55.713394
2007-08-30,55.830902
2007-08-31,55.864529
2007-09-04,55.802124
2007-09-05,55.981956
2007-09-06,55.970726
2007-09-07,56.319225
2007-09-10,56.454132
2007-09-11,56.352951
2007-09-12,56.274220
2007-09-13,56.111267
2007-09-14,56.150604
2007-09-17,56.173061
2007-09-18,56.291107
2007-09-19,56.279873
2007-09-20,55.880814
2007-09-21,56.043808
2007-09-24,56.049431
2007-09-25,56.094383
2007-09-26,56.038155
2007-09-27,56.133724
2007-09-28,56.218048
2007-10-01,56.028423
2007-10-02,56.242855
2007-10-03,56.271095
2007-10-04,56.248539
2007-10-05,55.802635
2007-10-08,56.242855
2007-10-09,56.124359
2007-10-10,56.197731
2007-10-11,56.237228
2007-10-12,56.129982
2007-10-15,56.146915
2007-10-16,56.237228
2007-10-17,56.429115
2007-10-18,56.592770
2007-10-19,56.852398
2007-10-22,56.835480
2007-10-23,56.818581
2007-10-24,57.066895
2007-10-25,56.920158
2007-10-26,56.869350
2007-10-29,56.869350
2007-10-30,56.942745
2007-10-31,56.784721
2007-11-01,56.924698
2007-11-02,56.987022
2007-11-05,56.936054
2007-11-06,56.862370
2007-11-07,56.873695
2007-11-08,56.930351
2007-11-09,57.128723
2007-11-12,57.049389
2007-11-13,57.055050
2007-11-14,57.032383
2007-11-15,57.276051
2007-11-16,57.236397
2007-11-19,57.361080
2007-11-20,57.242050
2007-11-21,57.678478
2007-11-23,57.383759
2007-11-26,57.905167
2007-11-27,57.667103
2007-11-28,57.525455
2007-11-29,57.689796
2007-11-30,57.808838
2007-12-03,58.114410
2007-12-04,57.892479
2007-12-05,57.784344
2007-12-06,57.721756
2007-12-07,57.391735
2007-12-10,57.277943
2007-12-11,57.556698
2007-12-12,57.499855
2007-12-13,57.277943
2007-12-14,57.118633
2007-12-17,57.203972
2007-12-18,57.505497
2007-12-19,57.625046
2007-12-20,57.573795
2007-12-21,57.323467
2007-12-24,57.340481
2007-12-26,57.164146
2007-12-27,57.477783
2007-12-28,57.786335
2007-12-31,57.803474
2008-01-02,58.077736
2008-01-03,58.231945
2008-01-04,58.351982
2008-01-07,58.426235
2008-01-08,58.574776
2008-01-09,58.437645
2008-01-10,58.317692
2008-01-11,58.569092
2008-01-14,58.614796
2008-01-15,58.826160
2008-01-16,58.649071
2008-01-17,59.003300
2008-01-18,58.991844
2008-01-22,59.083271
2008-01-23,58.906185
2008-01-24,58.757629
2008-01-25,58.860485
2008-01-28,58.974705
2008-01-29,58.791943
2008-01-30,58.883327
2008-01-31,59.140411
2008-02-01,59.080196
2008-02-04,59.045784
2008-02-05,59.229332
2008-02-06,59.183479
2008-02-07,58.661442
2008-02-08,58.942471
2008-02-11,59.068733
2008-02-12,59.045784
2008-02-13,58.695862
2008-02-14,58.512268
2008-02-15,58.483574
2008-02-19,58.202507
2008-02-20,58.110725
2008-02-21,58.586868
2008-02-22,58.277103
2008-02-25,58.070580
2008-02-26,58.351654
2008-02-27,58.472061
2008-02-28,58.822044
2008-02-29,59.045784
2008-03-03,59.035999
2008-03-04,58.782635
2008-03-05,58.408329
2008-03-06,58.322018
2008-03-07,58.500523
2008-03-10,58.811401
2008-03-11,58.454430
2008-03-12,59.053219
2008-03-13,58.799892
2008-03-14,59.047508
2008-03-17,59.300861
2008-03-18,59.162617
2008-03-19,59.341167
2008-03-20,59.548450
2008-03-24,59.110802
2008-03-25,59.220268
2008-03-26,59.047508
2008-03-27,59.070541
2008-03-28,59.214485
2008-03-31,59.122318
2008-04-01,58.720547
2008-04-02,58.749451
2008-04-03,58.934490
2008-04-04,59.235096
2008-04-07,59.229298
2008-04-08,59.223572
2008-04-09,59.483669
2008-04-10,59.298698
2008-04-11,59.425865
2008-04-14,59.356461
2008-04-15,59.038540
2008-04-16,58.824596
2008-04-17,58.813049
2008-04-18,58.969135
2008-04-21,58.974941
2008-04-22,59.061653
2008-04-23,59.003819
2008-04-24,58.784164
2008-04-25,58.726322
2008-04-28,58.870857
2008-04-29,58.957569
2008-04-30,59.316006
2008-05-01,59.215073
2008-05-02,59.116474
2008-05-05,59.139671
2008-05-06,58.948315
2008-05-07,59.116474
2008-05-08,59.267319
2008-05-09,59.290478
2008-05-12,59.186104
2008-05-13,58.849720
2008-05-14,58.936752
2008-05-15,59.249924
2008-05-16,59.104954
2008-05-19,59.203522
2008-05-20,59.331097
2008-05-21,59.249924
2008-05-22,58.896114
2008-05-23,59.122326
2008-05-27,58.791775
2008-05-28,58.519108
2008-05-29,58.356762
2008-05-30,58.565548
2008-06-02,58.783318
2008-06-03,58.893913
2008-06-04,58.684307
2008-06-05,58.468910
2008-06-06,58.794956
2008-06-09,58.498001
2008-06-10,58.189430
2008-06-11,58.265133
2008-06-12,57.904110
2008-06-13,57.758572
2008-06-16,57.822578
2008-06-17,58.020531
2008-06-18,58.265133
2008-06-19,57.968201
2008-06-20,58.142822
2008-06-23,58.067165
2008-06-24,58.183582
2008-06-25,58.212711
2008-06-26,58.288376
2008-06-27,58.428150
2008-06-30,58.457275
2008-07-01,58.254982
2008-07-02,58.184910
2008-07-03,58.202442
2008-07-07,58.406956
2008-07-08,58.634960
2008-07-09,58.862854
2008-07-10,58.915459
2008-07-11,58.582317
2008-07-14,58.669960
2008-07-15,58.897930
2008-07-16,58.447872
2008-07-17,58.190708
2008-07-18,57.851715
2008-07-21,58.155678
2008-07-22,57.956928
2008-07-23,58.027096
2008-07-24,58.430336
2008-07-25,58.132294
2008-07-28,58.395279
2008-07-29,58.325123
2008-07-30,58.389423
2008-07-31,58.687527
2008-08-01,58.618286
2008-08-04,58.448097
2008-08-05,58.348324
2008-08-06,58.283760
2008-08-07,58.588932
2008-08-08,58.500900
2008-08-11,58.354221
2008-08-12,58.600666
2008-08-13,58.500900
2008-08-14,58.641727
2008-08-15,58.811954
2008-08-18,58.911755
2008-08-19,58.864769
2008-08-20,58.958633
2008-08-21,58.970375
2008-08-22,58.905811
2008-08-25,59.087746
2008-08-26,59.017315
2008-08-27,59.087746
2008-08-28,59.140549
2008-08-29,59.122986
2008-09-02,59.319714
2008-09-03,59.307964
2008-09-04,59.525875
2008-09-05,59.349197
2008-09-08,59.720341
2008-09-09,59.985443
2008-09-10,59.944199
2008-09-11,59.867596
2008-09-12,59.626060
2008-09-15,59.861771
2008-09-16,59.254932
2008-09-17,59.402203
2008-09-18,59.237240
2008-09-19,59.502350
2008-09-22,58.571522
2008-09-23,58.483173
2008-09-24,58.553833
2008-09-25,58.447807
2008-09-26,58.153271
2008-09-29,57.888123
2008-09-30,58.082558
2008-10-01,57.668537
2008-10-02,57.893227
2008-10-03,58.330990
2008-10-06,58.348736
2008-10-07,57.142128
2008-10-08,55.994640
2008-10-09,56.124809
2008-10-10,52.286114
2008-10-13,54.308968
2008-10-14,55.450512
2008-10-15,56.337700
2008-10-16,55.450512
2008-10-17,55.651604
2008-10-20,56.645287
2008-10-21,57.142128
2008-10-22,57.804565
2008-10-23,56.787209
2008-10-24,56.308151
2008-10-27,55.746269
2008-10-28,55.941448
2008-10-29,57.006039
2008-10-30,56.935097
2008-10-31,56.757656
2008-11-03,55.854816
2008-11-04,56.751724
2008-11-05,57.612888
2008-11-06,57.375393
2008-11-07,57.666420
2008-11-10,57.298172
2008-11-11,57.731750
2008-11-12,57.232819
2008-11-13,57.428822
2008-11-14,57.601089
2008-11-17,57.755474
2008-11-18,57.672329
2008-11-19,57.838623
2008-11-20,57.850502
2008-11-21,57.387230
2008-11-24,57.381279
2008-11-25,58.812744
2008-11-26,58.587025
2008-11-28,58.474129
2008-12-01,59.298965
2008-12-02,59.358624
2008-12-03,59.364578
2008-12-04,59.561356
2008-12-05,59.233349
2008-12-08,59.155819
2008-12-09,59.710503
2008-12-10,59.603157
2008-12-11,59.913265
2008-12-12,59.931107
2008-12-15,60.074284
2008-12-16,60.312843
2008-12-17,60.634884
2008-12-18,61.016563
2008-12-19,60.819740
2008-12-22,61.147778
2008-12-23,61.744156
2008-12-24,62.036423
2008-12-26,61.827625
2008-12-29,62.304096
2008-12-30,62.328056
2008-12-31,62.369942
2009-01-02,61.980881
2009-01-05,62.968513
2009-01-06,62.615337
2009-01-07,62.040741
2009-01-08,61.567886
2009-01-09,61.358418
2009-01-12,61.681618
2009-01-13,61.783375
2009-01-14,61.699574
2009-01-15,61.693554
2009-01-16,62.010815
2009-01-20,61.687576
2009-01-21,61.364357
2009-01-22,61.101025
2009-01-23,61.005241
2009-01-26,60.945366
2009-01-27,61.256577
2009-01-28,61.292561
2009-01-29,60.747871
2009-01-30,61.130947
2009-02-02,61.026398
2009-02-03,60.756042
2009-02-04,60.671989
2009-02-05,60.479710
2009-02-06,60.641991
2009-02-09,60.647961
2009-02-10,61.020390
2009-02-11,61.008381
2009-02-12,61.332794
2009-02-13,61.146561
2009-02-17,61.194633
2009-02-18,61.068489
2009-02-19,60.972317
2009-02-20,60.660027
2009-02-23,60.972317
2009-02-24,60.852211
2009-02-25,60.798149
2009-02-26,60.479710
2009-02-27,60.485760
2009-03-02,60.688892
2009-03-03,60.610489
2009-03-04,60.327316
2009-03-05,60.526169
2009-03-06,60.688892
2009-03-09,60.273083
2009-03-10,60.411583
2009-03-11,60.556297
2009-03-12,60.610489
2009-03-13,60.670788
2009-03-16,60.483952
2009-03-17,60.303169
2009-03-18,61.261406
2009-03-19,61.412064
2009-03-20,61.068531
2009-03-23,61.068531
2009-03-24,60.652683
2009-03-25,60.387508
2009-03-26,60.508060
2009-03-27,60.556297
2009-03-30,60.839565
2009-03-31,61.152943
2009-04-01,61.123272
2009-04-02,60.929775
2009-04-03,60.730198
2009-04-06,60.718079
2009-04-07,60.621304
2009-04-08,60.820881
2009-04-09,60.730198
2009-04-13,61.171677
2009-04-14,61.159565
2009-04-15,61.328892
2009-04-16,61.220051
2009-04-17,60.881378
2009-04-20,61.232170
2009-04-21,61.038628
2009-04-22,61.201893
2009-04-23,61.280491
2009-04-24,61.347084
2009-04-27,61.443802
2009-04-28,61.425659
2009-04-29,61.171677
2009-04-30,61.468002
2009-05-01,61.230755
2009-05-04,61.279369
2009-05-05,61.406750
2009-05-06,61.546253
2009-05-07,61.273224
2009-05-08,61.388485
2009-05-11,61.430992
2009-05-12,61.770748
2009-05-13,61.825367
2009-05-14,61.861767
2009-05-15,62.001331
2009-05-18,61.819321
2009-05-19,61.873924
2009-05-20,62.061966
2009-05-21,61.867867
2009-05-22,61.703972
2009-05-26,61.564419
2009-05-27,61.224709
2009-05-28,61.248993
2009-05-29,61.904232
2009-06-01,61.136253
2009-06-02,61.556168
2009-06-03,61.726524
2009-06-04,61.215378
2009-06-05,60.898880
2009-06-08,60.734596
2009-06-09,61.008434
2009-06-10,60.838051
2009-06-11,61.051033
2009-06-12,61.349224
2009-06-15,61.580463
2009-06-16,61.665695
2009-06-17,61.787369
2009-06-18,61.385780
2009-06-19,61.610924
2009-06-22,61.702217
2009-06-23,61.902985
2009-06-24,61.738739
2009-06-25,62.024700
2009-06-26,62.207314
2009-06-29,62.152573
2009-06-30,62.164700
2009-07-01,62.141479
2009-07-02,62.288044
2009-07-06,62.239185
2009-07-07,62.440651
2009-07-08,62.782665
2009-07-09,62.605553
2009-07-10,62.819305
2009-07-13,62.788719
2009-07-14,62.599461
2009-07-15,62.190357
2009-07-16,62.385769
2009-07-17,62.385769
2009-07-20,62.458961
2009-07-21,62.892590
2009-07-22,62.678871
2009-07-23,62.520081
2009-07-24,62.520081
2009-07-27,62.330856
2009-07-28,62.446850
2009-07-29,62.556736
2009-07-30,62.636135
2009-07-31,62.953602
2009-08-03,62.821281
2009-08-04,62.631371
2009-08-05,62.576267
2009-08-06,62.606846
2009-08-07,62.233208
2009-08-10,62.717129
2009-08-11,62.937695
2009-08-12,62.907066
2009-08-13,63.066338
2009-08-14,63.176643
2009-08-17,63.440025
2009-08-18,63.231750
2009-08-19,63.360413
2009-08-20,63.464508
2009-08-21,63.096958
2009-08-24,63.354282
2009-08-25,63.458405
2009-08-26,63.550312
2009-08-27,63.501251
2009-08-28,63.458405
2009-08-31,63.721786
2009-09-01,63.612415
2009-09-02,63.950420
2009-09-03,63.833656
2009-09-04,63.710773
2009-09-08,63.618530
2009-09-09,63.741470
2009-09-10,64.067200
2009-09-11,64.061081
2009-09-14,63.968830
2009-09-15,63.870522
2009-09-16,63.919659
2009-09-17,64.220833
2009-09-18,64.061081
2009-09-21,64.011887
2009-09-22,63.968830
2009-09-23,64.128654
2009-09-24,64.208595
2009-09-25,64.399063
2009-09-28,64.392906
2009-09-29,64.362175
2009-09-30,64.478920
2009-10-01,64.628136
2009-10-02,64.504829
2009-10-05,64.547981
2009-10-06,64.455505
2009-10-07,64.714478
2009-10-08,64.671295
2009-10-09,64.221191
2009-10-12,64.369209
2009-10-13,64.529533
2009-10-14,64.375366
2009-10-15,64.276726
2009-10-16,64.270569
2009-10-19,64.399971
2009-10-20,64.554138
2009-10-21,64.510986
2009-10-22,64.412338
2009-10-23,64.332176
2009-10-26,64.159554
2009-10-27,64.412338
2009-10-28,64.504829
2009-10-29,64.375366
2009-10-30,64.621964
2009-11-02,64.519333
2009-11-03,64.432724
2009-11-04,64.327583
2009-11-05,64.494545
2009-11-06,64.550179
2009-11-09,64.636856
2009-11-10,64.655396
2009-11-11,64.680107
2009-11-12,64.809990
2009-11-13,64.878052
2009-11-16,65.032608
2009-11-17,65.088348
2009-11-18,64.952248
2009-11-19,65.020271
2009-11-20,65.045013
2009-11-23,65.032608
2009-11-24,65.224373
2009-11-25,65.286240
2009-11-27,65.341850
2009-11-30,65.453194
2009-12-01,65.293755
2009-12-02,65.169579
2009-12-03,65.175812
2009-12-04,65.045502
2009-12-07,65.107590
2009-12-08,65.194443
2009-12-09,65.126160
2009-12-10,65.076492
2009-12-11,64.921417
2009-12-14,64.958649
2009-12-15,64.778694
2009-12-16,64.896606
2009-12-17,65.002083
2009-12-18,65.002083
2009-12-21,64.729050
2009-12-22,64.542839
2009-12-23,64.567657
2009-12-24,64.456032
2009-12-28,64.065033
2009-12-29,64.140999
2009-12-30,64.302811
2009-12-31,64.221878
2010-01-04,64.296539
2010-01-05,64.589081
2010-01-06,64.551727
2010-01-07,64.477043
2010-01-08,64.514366
2010-01-11,64.464615
2010-01-12,64.875336
2010-01-13,64.601547
2010-01-14,64.769531
2010-01-15,64.894035
2010-01-19,64.788269
2010-01-20,64.956276
2010-01-21,64.974968
2010-01-22,65.012283
2010-01-25,65.006065
2010-01-26,65.086998
2010-01-27,65.037193
2010-01-28,64.981194
2010-01-29,65.130501
2010-02-01,65.041306
2010-02-02,65.116196
2010-02-03,64.997566
2010-02-04,65.153671
2010-02-05,65.178619
2010-02-08,65.303429
2010-02-09,65.184837
2010-02-10,65.035042
2010-02-11,64.928886
2010-02-12,64.941360
2010-02-16,65.103630
2010-02-17,64.903915
2010-02-18,64.878944
2010-02-19,64.928886
2010-02-22,64.816513
2010-02-23,65.047485
2010-02-24,65.116196
2010-02-25,65.247284
2010-02-26,65.259819
2010-03-01,65.355621
2010-03-02,65.380646
2010-03-03,65.380646
2010-03-04,65.499619
2010-03-05,65.374413
2010-03-08,65.418221
2010-03-09,65.493347
2010-03-10,65.449524
2010-03-11,65.449524
2010-03-12,65.455795
2010-03-15,65.537186
2010-03-16,65.656227
2010-03-17,65.706322
2010-03-18,65.649948
2010-03-19,65.599838
2010-03-22,65.649948
2010-03-23,65.662445
2010-03-24,65.330566
2010-03-25,65.161407
2010-03-26,65.267883
2010-03-29,65.192795
2010-03-30,65.217827
2010-03-31,65.255432
2010-04-01,65.230850
2010-04-05,64.828819
2010-04-06,64.910492
2010-04-07,65.186882
2010-04-08,65.124031
2010-04-09,65.193245
2010-04-12,65.343941
2010-04-13,65.450745
2010-04-14,65.375381
2010-04-15,65.494720
2010-04-16,65.595238
2010-04-19,65.475853
2010-04-20,65.582703
2010-04-21,65.695709
2010-04-22,65.563843
2010-04-23,65.482170
2010-04-26,65.475853
2010-04-27,65.683167
2010-04-28,65.582703
2010-04-29,65.607750
2010-04-30,65.890480
2010-05-03,65.765762
2010-05-04,66.030342
2010-05-05,65.979958
2010-05-06,66.074455
2010-05-07,65.784637
2010-05-10,65.778313
2010-05-11,66.024063
2010-05-12,65.954758
2010-05-13,66.049286
2010-05-14,66.288651
2010-05-17,66.238251
2010-05-18,66.465141
2010-05-19,66.496635
2010-05-20,66.439896
2010-05-21,66.723373
2010-05-24,66.685593
2010-05-25,66.767502
2010-05-26,66.691925
2010-05-27,66.534393
2010-05-28,66.603683
2010-06-01,66.713676
2010-06-02,66.644150
2010-06-03,66.612587
2010-06-04,66.783226
2010-06-07,66.979111
2010-06-08,66.903244
2010-06-09,66.941208
2010-06-10,66.738968
2010-06-11,66.776901
2010-06-14,66.871658
2010-06-15,66.871658
2010-06-16,66.972763
2010-06-17,67.130821
2010-06-18,67.023376
2010-06-21,67.168709
2010-06-22,67.238281
2010-06-23,67.408859
2010-06-24,67.352043
2010-06-25,67.446823
2010-06-28,67.573212
2010-06-29,67.775459
2010-06-30,67.781715
2010-07-01,67.746292
2010-07-02,67.651138
2010-07-06,67.860344
2010-07-07,67.771645
2010-07-08,67.758949
2010-07-09,67.657524
2010-07-12,67.733559
2010-07-13,67.562469
2010-07-14,67.790665
2010-07-15,67.885719
2010-07-16,68.094917
2010-07-19,68.031540
2010-07-20,67.980759
2010-07-21,68.278664
2010-07-22,68.215294
2010-07-23,68.094917
2010-07-26,68.082207
2010-07-27,68.056877
2010-07-28,68.183670
2010-07-29,68.247055
2010-07-30,68.361092
2010-08-02,68.268280
2010-08-03,68.312759
2010-08-04,68.192024
2010-08-05,68.274643
2010-08-06,68.408150
2010-08-09,68.408150
2010-08-10,68.522560
2010-08-11,68.586121
2010-08-12,68.478043
2010-08-13,68.636948
2010-08-16,68.865738
2010-08-17,68.783134
2010-08-18,68.706886
2010-08-19,68.929306
2010-08-20,68.833969
2010-08-23,68.903885
2010-08-24,69.177139
2010-08-25,69.018280
2010-08-26,69.107292
2010-08-27,68.725945
2010-08-30,69.189880
2010-08-31,69.240753
2010-09-01,69.092888
2010-09-02,69.003677
2010-09-03,68.844315
2010-09-07,69.041870
2010-09-08,68.990921
2010-09-09,68.659477
2010-09-10,68.512878
2010-09-13,68.665886
2010-09-14,68.914436
2010-09-15,68.786964
2010-09-16,68.672256
2010-09-17,68.761475
2010-09-20,68.786964
2010-09-21,69.080139
2010-09-22,69.099266
2010-09-23,69.175766
2010-09-24,68.920792
2010-09-27,69.156578
2010-09-28,69.322334
2010-09-29,69.271309
2010-09-30,69.245872
2010-10-01,69.166000
2010-10-04,69.280975
2010-10-05,69.280975
2010-10-06,69.351288
2010-10-07,69.383217
2010-10-08,69.523788
2010-10-11,69.485435
2010-10-12,69.415184
2010-10-13,69.408783
2010-10-14,69.153206
2010-10-15,69.012634
2010-10-18,69.255424
2010-10-19,69.312927
2010-10-20,69.395950
2010-10-21,69.287369
2010-10-22,69.319290
2010-10-25,69.325653
2010-10-26,69.166000
2010-10-27,69.031784
2010-10-28,69.204346
2010-10-29,69.351288
2010-11-01,69.323051
2010-11-02,69.444725
2010-11-03,69.431969
2010-11-04,69.765030
2010-11-05,69.572884
2010-11-08,69.540848
2010-11-09,69.201378
2010-11-10,69.143707
2010-11-11,69.137291
2010-11-12,68.861877
2010-11-15,68.484039
2010-11-16,68.650497
2010-11-17,68.669731
2010-11-18,68.650497
2010-11-19,68.727386
2010-11-22,68.893951
2010-11-23,68.964424
2010-11-24,68.631317
2010-11-26,68.772224
2010-11-29,68.817032
2010-11-30,68.772224
2010-12-01,68.413612
2010-12-02,68.278427
2010-12-03,68.413612
2010-12-06,68.664696
2010-12-07,68.130318
2010-12-08,67.802017
2010-12-09,67.924301
2010-12-10,67.795586
2010-12-13,67.840622
2010-12-14,67.460762
2010-12-15,67.344887
2010-12-16,67.473618
2010-12-17,67.840622
2010-12-20,67.885712
2010-12-21,68.014435
2010-12-22,67.937180
2010-12-23,67.808403
2010-12-27,68.001534
2010-12-28,67.603691
2010-12-29,68.081657
2010-12-30,68.030029
2010-12-31,68.307755
2011-01-03,68.230217
2011-01-04,68.249619
2011-01-05,67.920227
2011-01-06,67.933090
2011-01-07,68.152748
2011-01-10,68.333633
2011-01-11,68.197952
2011-01-12,68.191452
2011-01-13,68.436913
2011-01-14,68.294853
2011-01-18,68.249619
2011-01-19,68.262558
2011-01-20,68.004158
2011-01-21,68.217323
2011-01-24,68.178566
2011-01-25,68.391685
2011-01-26,68.165627
2011-01-27,68.281898
2011-01-28,68.378792
2011-01-31,68.249619
2011-02-01,68.104530
2011-02-02,68.026756
2011-02-03,67.774055
2011-02-04,67.547325
2011-02-07,67.573227
2011-02-08,67.378891
2011-02-09,67.501945
2011-02-10,67.307594
2011-02-11,67.573227
2011-02-14,67.605637
2011-02-15,67.689850
2011-02-16,67.689850
2011-02-17,67.851837
2011-02-18,67.825935
2011-02-22,68.072105
2011-02-23,68.123947
2011-02-24,68.136894
2011-02-25,68.318268
2011-02-28,68.447868
2011-03-01,68.392654
2011-03-02,68.282234
2011-03-03,68.041817
2011-03-04,68.223755
2011-03-07,68.256241
2011-03-08,68.204300
2011-03-09,68.366684
2011-03-10,68.607010
2011-03-11,68.619987
2011-03-14,68.659012
2011-03-15,68.684967
2011-03-16,68.879860
2011-03-17,68.834381
2011-03-18,68.808388
2011-03-21,68.646019
2011-03-22,68.652481
2011-03-23,68.619987
2011-03-24,68.431633
2011-03-25,68.373146
2011-03-28,68.340637
2011-03-29,68.256241
2011-03-30,68.373146
2011-03-31,68.295189
2011-04-01,68.388390
2011-04-04,68.499153
2011-04-05,68.355843
2011-04-06,68.153885
2011-04-07,68.258080
2011-04-08,68.127762
2011-04-11,68.192886
2011-04-12,68.453545
2011-04-13,68.525192
2011-04-14,68.460022
2011-04-15,68.707672
2011-04-18,68.824905
2011-04-19,68.961746
2011-04-20,68.864037
2011-04-21,68.909630
2011-04-25,68.948700
2011-04-26,69.202805
2011-04-27,69.144226
2011-04-28,69.307045
2011-04-29,69.365723
2011-05-02,69.402290
2011-05-03,69.421906
2011-05-04,69.552635
2011-05-05,69.709412
2011-05-06,69.702934
2011-05-09,69.781319
2011-05-10,69.657150
2011-05-11,69.781319
2011-05-12,69.676804
2011-05-13,69.787842
2011-05-16,69.938194
2011-05-17,70.016602
2011-05-18,69.905502
2011-05-19,69.853249
2011-05-20,69.918594
2011-05-23,69.977432
2011-05-24,70.003555
2011-05-25,69.990433
2011-05-26,70.140778
2011-05-27,70.206116
2011-05-31,70.225731
2011-06-01,70.529182
2011-06-02,70.247330
2011-06-03,70.339127
2011-06-06,70.352196
2011-06-07,70.496429
2011-06-08,70.555420
2011-06-09,70.450531
2011-06-10,70.443993
2011-06-13,70.352196
2011-06-14,70.162132
2011-06-15,70.339127
2011-06-16,70.385010
2011-06-17,70.450531
2011-06-20,70.358810
2011-06-21,70.424301
2011-06-22,70.378471
2011-06-23,70.607857
2011-06-24,70.542351
2011-06-27,70.417809
2011-06-28,70.135918
2011-06-29,69.926224
2011-06-30,69.913094
2011-07-01,69.935432
2011-07-05,70.204895
2011-07-06,70.244400
2011-07-07,70.047211
2011-07-08,70.408684
2011-07-11,70.599297
2011-07-12,70.658478
2011-07-13,70.796509
2011-07-14,70.619064
2011-07-15,70.717644
2011-07-18,70.612450
2011-07-19,70.763611
2011-07-20,70.651924
2011-07-21,70.540199
2011-07-22,70.691353
2011-07-25,70.487587
2011-07-26,70.651924
2011-07-27,70.533562
2011-07-28,70.671638
2011-07-29,71.092270
2011-08-01,71.263657
2011-08-02,71.566826
2011-08-03,71.639359
2011-08-04,72.021660
2011-08-05,71.547066
2011-08-08,71.580040
2011-08-09,72.001869
2011-08-10,72.588509
2011-08-11,71.685493
2011-08-12,72.001869
2011-08-15,72.113892
2011-08-16,72.265526
2011-08-17,72.384117
2011-08-18,72.489632
2011-08-19,72.522575
2011-08-22,72.430275
2011-08-23,72.258911
2011-08-24,71.850243
2011-08-25,71.995293
2011-08-26,72.094124
2011-08-29,72.015030
2011-08-30,72.239151
2011-08-31,72.173225
2011-09-01,72.405754
2011-09-02,72.623680
2011-09-06,72.815239
2011-09-07,72.643547
2011-09-08,72.663315
2011-09-09,72.762428
2011-09-12,72.617081
2011-09-13,72.643547
2011-09-14,72.656693
2011-09-15,72.445335
2011-09-16,72.551033
2011-09-19,72.709572
2011-09-20,72.854858
2011-09-21,72.973717
2011-09-22,73.185097
2011-09-23,72.808624
2011-09-26,72.643547
2011-09-27,72.544441
2011-09-28,72.485008
2011-09-29,72.458588
2011-09-30,72.729385
2011-10-03,73.026543
2011-10-04,72.801506
2011-10-05,72.556664
2011-10-06,72.437538
2011-10-07,72.291908
2011-10-10,72.146301
2011-10-11,72.318375
2011-10-12,72.179390
2011-10-13,72.219101
2011-10-14,72.099976
2011-10-17,72.384567
2011-10-18,72.305069
2011-10-19,72.411018
2011-10-20,72.371330
2011-10-21,72.411018
2011-10-24,72.298546
2011-10-25,72.669174
2011-10-26,72.470589
2011-10-27,72.192627
2011-10-28,72.477257
2011-10-31,72.821381
2011-11-01,73.171074
2011-11-02,73.171074
2011-11-03,73.011810
2011-11-04,72.991890
2011-11-07,73.051636
2011-11-08,72.952103
2011-11-09,73.078201
2011-11-10,72.938797
2011-11-11,72.852554
2011-11-14,72.912270
2011-11-15,72.819412
2011-11-16,72.792870
2011-11-17,72.753029
2011-11-18,72.739799
2011-11-21,72.726471
2011-11-22,72.779549
2011-11-23,72.845947
2011-11-25,72.746414
2011-11-28,72.739799
2011-11-29,72.766289
2011-11-30,72.580490
2011-12-01,72.605843
2011-12-02,72.792641
2011-12-05,72.872696
2011-12-06,72.805984
2011-12-07,72.939384
2011-12-08,73.012779
2011-12-09,72.972717
2011-12-12,72.992790
2011-12-13,73.139526
2011-12-14,73.319633
2011-12-15,73.166168
2011-12-16,73.412971
2011-12-19,73.486397
2011-12-20,73.386322
2011-12-21,73.199532
2011-12-22,73.312965
2011-12-23,73.226204
2011-12-27,73.358353
2011-12-28,73.485191
2011-12-29,73.658607
2011-12-30,73.565254
2012-01-03,73.418419
2012-01-04,73.318336
2012-01-05,73.418419
2012-01-06,73.478432
2012-01-09,73.418419
2012-01-10,73.398346
2012-01-11,73.658607
2012-01-12,73.598618
2012-01-13,73.765404
2012-01-17,73.785416
2012-01-18,73.692070
2012-01-19,73.571838
2012-01-20,73.385094
2012-01-23,73.324989
2012-01-24,73.385094
2012-01-25,73.491798
2012-01-26,73.638565
2012-01-27,73.758713
2012-01-30,73.972183
2012-01-31,74.098969
2012-02-01,73.968567
2012-02-02,73.988640
2012-02-03,73.955200
2012-02-06,74.008759
2012-02-07,73.935188
2012-02-08,73.874939
2012-02-09,73.754517
2012-02-10,73.854851
2012-02-13,73.881653
2012-02-14,73.941833
2012-02-15,73.915108
2012-02-16,73.901649
2012-02-17,73.808044
2012-02-21,73.694290
2012-02-22,73.901649
2012-02-23,73.961884
2012-02-24,73.981995
2012-02-27,74.216125
2012-02-28,74.162552
2012-02-29,74.088989
2012-03-01,73.939438
2012-03-02,74.100410
2012-03-05,73.993073
2012-03-06,74.140640
2012-03-07,74.073540
2012-03-08,73.905891
2012-03-09,73.892540
2012-03-12,73.959549
2012-03-13,73.711426
2012-03-14,73.309113
2012-03-15,73.275528
2012-03-16,73.282249
2012-03-19,73.047531
2012-03-20,73.154854
2012-03-21,73.329185
2012-03-22,73.396271
2012-03-23,73.563896
2012-03-26,73.510277
2012-03-27,73.590698
2012-03-28,73.577332
2012-03-29,73.778473
2012-03-30,73.664520
2012-04-02,73.673225
2012-04-03,73.357376
2012-04-04,73.511932
2012-04-05,73.679916
2012-04-09,74.002541
2012-04-10,74.009254
2012-04-11,74.015999
2012-04-12,73.942062
2012-04-13,74.170578
2012-04-16,74.184006
2012-04-17,74.197487
2012-04-18,74.291588
2012-04-19,74.237755
2012-04-20,74.251259
2012-04-23,74.325119
2012-04-24,74.217628
2012-04-25,74.251259
2012-04-26,74.365463
2012-04-27,74.358757
2012-04-30,74.331848
2012-05-01,74.304939
2012-05-02,74.379044
2012-05-03,74.459824
2012-05-04,74.533897
2012-05-07,74.560837
2012-05-08,74.614723
2012-05-09,74.634956
2012-05-10,74.560837
2012-05-11,74.614723
2012-05-14,74.783089
2012-05-15,74.742706
2012-05-16,74.729233
2012-05-17,74.776291
2012-05-18,74.756203
2012-05-21,74.742706
2012-05-22,74.560837
2012-05-23,74.648422
2012-05-24,74.587799
2012-05-25,74.702293
2012-05-29,74.661888
2012-05-30,74.911057
2012-05-31,75.133316
2012-06-01,75.320946
2012-06-04,75.145462
2012-06-05,74.990227
2012-06-06,74.767479
2012-06-07,74.882217
2012-06-08,74.848511
2012-06-11,74.915970
2012-06-12,74.855217
2012-06-13,75.050980
2012-06-14,74.996994
2012-06-15,75.172440
2012-06-18,75.152191
2012-06-19,75.064438
2012-06-20,74.949760
2012-06-21,75.050980
2012-06-22,74.943001
2012-06-25,75.179199
2012-06-26,75.098175
2012-06-27,75.131996
2012-06-28,75.219673
2012-06-29,75.118423
2012-07-02,75.262527
2012-07-03,75.208427
2012-07-05,75.404533
2012-07-06,75.458618
2012-07-09,75.607437
2012-07-10,75.641197
2012-07-11,75.634476
2012-07-12,75.769699
2012-07-13,75.796745
2012-07-16,75.857666
2012-07-17,75.830605
2012-07-18,75.979362
2012-07-19,75.918518
2012-07-20,76.026680
2012-07-23,76.094292
2012-07-24,76.188995
2012-07-25,76.216034
2012-07-26,76.168739
2012-07-27,75.938751
2012-07-30,76.067276
2012-07-31,76.141708
2012-08-01,76.053574
2012-08-02,76.067154
2012-08-03,75.884163
2012-08-06,75.999420
2012-08-07,75.796097
2012-08-08,75.701195
2012-08-09,75.680870
2012-08-10,75.802872
2012-08-13,75.796097
2012-08-14,75.619919
2012-08-15,75.375984
2012-08-16,75.281151
2012-08-17,75.369209
2012-08-20,75.342110
2012-08-21,75.443726
2012-08-22,75.768997
2012-08-23,75.823174
2012-08-24,75.768997
2012-08-27,75.870590
2012-08-28,75.931618
2012-08-29,75.857086
2012-08-30,75.904465
2012-08-31,76.141685
2012-09-04,76.127411
2012-09-05,76.127411
2012-09-06,75.950882
2012-09-07,75.964455
2012-09-10,75.978035
2012-09-11,75.889748
2012-09-12,75.747185
2012-09-13,75.923721
2012-09-14,75.611427
2012-09-17,75.733627
2012-09-18,75.781136
2012-09-19,75.930511
2012-09-20,75.882980
2012-09-21,76.005203
2012-09-24,76.086655
2012-09-25,76.208862
2012-09-26,76.283554
2012-09-27,76.236031
2012-09-28,76.344673
2012-10-01,76.315414
2012-10-02,76.376617
2012-10-03,76.349434
2012-10-04,76.240639
2012-10-05,76.084175
2012-10-08,76.199799
2012-10-09,76.118134
2012-10-10,76.240639
2012-10-11,76.335808
2012-10-12,76.397011
2012-10-15,76.437874
2012-10-16,76.315414
2012-10-17,76.077316
2012-10-18,76.050133
2012-10-19,76.145378
2012-10-22,76.043358
2012-10-23,76.213364
2012-10-24,76.158890
2012-10-25,75.995728
2012-10-26,76.199799
2012-10-31,76.308586
2012-11-01,76.208427
2012-11-02,76.256134
2012-11-05,76.385635
2012-11-06,76.167465
2012-11-07,76.344704
2012-11-08,76.440155
2012-11-09,76.399284
2012-11-12,76.378799
2012-11-13,76.515167
2012-11-14,76.535599
2012-11-15,76.460663
2012-11-16,76.487869
2012-11-19,76.542404
2012-11-20,76.399284
2012-11-21,76.269722
2012-11-23,76.317497
2012-11-26,76.344704
2012-11-27,76.446999
2012-11-28,76.460663
2012-11-29,76.556076
2012-11-30,76.515167
2012-12-03,76.526146
2012-12-04,76.574104
2012-12-05,76.642662
2012-12-06,76.635826
2012-12-07,76.567253
2012-12-10,76.580963
2012-12-11,76.553551
2012-12-12,76.340958
2012-12-13,76.217567
2012-12-14,76.354675
2012-12-17,76.169479
2012-12-18,75.991249
2012-12-19,76.121544
2012-12-20,76.128365
2012-12-21,76.196976
2012-12-24,76.203819
2012-12-26,76.306915
2012-12-27,76.348145
2012-12-28,76.464935
2012-12-31,76.327492
2013-01-02,76.238220
2013-01-03,76.045761
2013-01-04,76.128212
2013-01-07,76.087029
2013-01-08,76.155731
2013-01-09,76.100716
2013-01-10,76.093857
2013-01-11,76.169426
2013-01-14,76.238220
2013-01-15,76.258812
2013-01-16,76.300049
2013-01-17,76.135117
2013-01-18,76.224503
2013-01-22,76.183220
2013-01-23,76.265671
2013-01-24,76.162590
2013-01-25,75.977036
2013-01-28,75.867126
2013-01-29,75.819023
2013-01-30,75.784706
2013-01-31,75.853363
2013-02-01,75.688866
2013-02-04,75.902245
2013-02-05,75.743935
2013-02-06,75.874725
2013-02-07,75.902245
2013-02-08,75.922928
2013-02-11,75.847229
2013-02-12,75.833397
2013-02-13,75.757729
2013-02-14,75.895409
2013-02-15,75.902245
2013-02-19,75.812744
2013-02-20,75.860970
2013-02-21,75.902245
2013-02-22,75.943558
2013-02-25,76.232735
2013-02-26,76.212051
2013-02-27,76.232735
2013-02-28,76.301567
2013-03-01,76.328476
2013-03-04,76.273323
2013-03-05,76.211212
2013-03-06,76.128426
2013-03-07,75.969818
2013-03-08,75.749062
2013-03-11,75.790451
2013-03-12,75.928391
2013-03-13,75.866356
2013-03-14,75.949120
2013-03-15,76.018089
2013-03-18,76.087036
2013-03-19,76.197433
2013-03-20,76.114677
2013-03-21,76.128426
2013-03-22,76.156029
2013-03-25,76.128426
2013-03-26,76.218140
2013-03-27,76.376755
2013-03-28,76.376755
2013-04-01,76.445877
2013-04-02,76.362930
2013-04-03,76.445877
2013-04-04,76.660233
2013-04-05,76.881485
2013-04-08,76.750099
2013-04-09,76.777779
2013-04-10,76.618729
2013-04-11,76.632576
2013-04-12,76.881485
2013-04-15,76.916039
2013-04-16,76.916039
2013-04-17,76.916039
2013-04-18,76.902267
2013-04-19,76.909142
2013-04-22,77.005913
2013-04-23,76.971313
2013-04-24,76.957481
2013-04-25,76.922935
2013-04-26,77.081955
2013-04-29,77.130333
2013-04-30,77.116524
2013-05-01,77.152565
2013-05-02,77.159470
2013-05-03,76.875511
2013-05-06,76.750877
2013-05-07,76.709282
2013-05-08,76.778534
2013-05-09,76.674599
2013-05-10,76.522263
2013-05-13,76.452995
2013-05-14,76.272888
2013-05-15,76.383759
2013-05-16,76.591530
2013-05-17,76.404495
2013-05-20,76.328339
2013-05-21,76.390656
2013-05-22,76.134369
2013-05-23,76.106659
2013-05-24,76.106659
2013-05-28,75.635635
2013-05-29,75.739525
2013-05-30,75.718826
2013-05-31,75.573296
2013-06-03,75.611488
2013-06-04,75.444962
2013-06-05,75.403358
2013-06-06,75.597664
2013-06-07,75.361702
2013-06-10,75.209076
2013-06-11,75.216003
2013-06-12,75.091110
2013-06-13,75.458847
2013-06-14,75.479721
2013-06-17,75.424164
2013-06-18,75.396461
2013-06-19,74.889885
2013-06-20,74.390312
2013-06-21,73.973969
2013-06-24,73.675613
2013-06-25,73.758904
2013-06-26,74.071091
2013-06-27,74.383362
2013-06-28,74.390312
2013-07-01,74.493172
2013-07-02,74.493172
2013-07-03,74.388863
2013-07-05,73.575592
2013-07-08,73.957916
2013-07-09,74.034401
2013-07-10,73.839706
2013-07-11,74.333344
2013-07-12,74.249893
2013-07-15,74.409782
2013-07-16,74.527962
2013-07-17,74.687828
2013-07-18,74.548813
2013-07-19,74.743408
2013-07-22,74.840775
2013-07-23,74.799088
2013-07-24,74.555717
2013-07-25,74.583511
2013-07-26,74.562675
2013-07-29,74.562675
2013-07-30,74.534889
2013-07-31,74.590477
2013-08-01,74.169128
2013-08-02,74.419846
2013-08-05,74.454674
2013-08-06,74.378105
2013-08-07,74.475639
2013-08-08,74.580048
2013-08-09,74.628799
2013-08-12,74.580048
2013-08-13,74.280602
2013-08-14,74.183014
2013-08-15,73.918427
2013-08-16,73.709465
2013-08-19,73.479591
2013-08-20,73.695534
2013-08-21,73.423859
2013-08-22,73.514420
2013-08-23,73.758179
2013-08-26,73.890526
2013-08-27,74.085503
2013-08-28,73.946281
2013-08-29,74.092537
2013-08-30,73.974129
2013-09-03,73.791267
2013-09-04,73.686584
2013-09-05,73.191154
2013-09-06,73.463356
2013-09-09,73.609848
2013-09-10,73.477280
2013-09-11,73.728470
2013-09-12,73.644753
2013-09-13,73.749420
2013-09-16,73.902946
2013-09-17,73.972740
2013-09-18,74.593727
2013-09-19,74.502998
2013-09-20,74.502998
2013-09-23,74.558823
2013-09-24,74.733284
2013-09-25,74.837967
2013-09-26,74.824036
2013-09-27,74.865883
2013-09-30,74.803078
2013-10-01,74.747864
2013-10-02,74.845703
2013-10-03,74.901649
2013-10-04,74.838722
2013-10-07,74.824715
2013-10-08,74.789818
2013-10-09,74.733826
2013-10-10,74.817795
2013-10-11,74.845703
2013-10-14,74.705933
2013-10-15,74.670937
2013-10-16,74.992508
2013-10-17,75.202263
2013-10-18,75.328102
2013-10-21,75.258110
2013-10-22,75.523796
2013-10-23,75.502808
2013-10-24,75.474854
2013-10-25,75.502808
2013-10-28,75.467888
2013-10-29,75.558723
2013-10-30,75.418938
2013-10-31,75.425926
2013-11-01,75.243790
2013-11-04,75.320885
2013-11-05,75.096817
2013-11-06,75.215889
2013-11-07,75.271828
2013-11-08,74.802681
2013-11-11,74.760651
2013-11-12,74.732666
2013-11-13,74.928711
2013-11-14,75.159836
2013-11-15,75.180832
2013-11-18,75.327873
2013-11-19,75.124802
2013-11-20,74.914772
2013-11-21,74.991768
2013-11-22,75.096817
2013-11-25,75.152840
2013-11-26,75.173851
2013-11-27,75.208862
2013-11-29,75.236847
2013-12-02,74.951279
2013-12-03,75.042480
2013-12-04,74.846062
2013-12-05,74.684700
2013-12-06,74.810944
2013-12-09,74.902184
2013-12-10,75.021484
2013-12-11,74.902184
2013-12-12,74.789955
2013-12-13,74.824997
2013-12-16,74.881104
2013-12-17,75.007401
2013-12-18,74.972336
2013-12-19,74.846062
2013-12-20,74.972336
2013-12-23,74.937286
2013-12-24,74.832016
2013-12-26,74.789848
2013-12-27,74.817963
2013-12-30,74.888275
2013-12-31,74.817963
2014-01-02,74.867180
2014-01-03,74.895287
2014-01-06,74.993721
2014-01-07,75.028831
2014-01-08,74.803925
2014-01-09,74.909348
2014-01-10,75.288971
2014-01-13,75.359268
2014-01-14,75.246758
2014-01-15,75.183510
2014-01-16,75.359268
2014-01-17,75.394432
2014-01-21,75.429596
2014-01-22,75.267883
2014-01-23,75.464722
2014-01-24,75.626404
2014-01-27,75.464722
2014-01-28,75.591263
2014-01-29,75.816177
2014-01-30,75.830246
2014-01-31,75.970833
2014-02-03,76.228668
2014-02-04,76.045517
2014-02-05,75.855370
2014-02-06,75.820129
2014-02-07,75.939865
2014-02-10,76.017326
2014-02-11,75.869438
2014-02-12,75.742668
2014-02-13,75.904625
2014-02-14,75.904625
2014-02-18,75.953949
2014-02-19,75.897583
2014-02-20,75.855370
2014-02-21,75.925781
2014-02-24,75.855370
2014-02-25,76.059616
2014-02-26,76.221603
2014-02-27,76.299034
2014-02-28,76.256813
2014-03-03,76.454414
2014-03-04,76.172104
2014-03-05,76.214455
2014-03-06,76.045128
2014-03-07,75.833389
2014-03-10,75.833389
2014-03-11,75.826363
2014-03-12,75.995743
2014-03-13,76.193283
2014-03-14,76.158012
2014-03-17,76.115669
2014-03-18,76.207420
2014-03-19,75.868660
2014-03-20,75.812248
2014-03-21,75.918121
2014-03-24,76.030998
2014-03-25,75.953354
2014-03-26,76.193283
2014-03-27,76.249710
2014-03-28,76.136856
2014-03-31,76.143898
2014-04-01,76.027252
2014-04-02,75.900009
2014-04-03,75.956528
2014-04-04,76.196938
2014-04-07,76.310059
2014-04-08,76.401947
2014-04-09,76.408958
2014-04-10,76.585777
2014-04-11,76.656433
2014-04-14,76.684738
2014-04-15,76.691833
2014-04-16,76.734184
2014-04-17,76.486771
2014-04-21,76.479713
2014-04-22,76.465553
2014-04-23,76.543320
2014-04-24,76.614037
2014-04-25,76.628159
2014-04-28,76.578667
2014-04-29,76.614037
2014-04-30,76.769539
2014-05-01,76.881493
2014-05-02,76.973572
2014-05-05,76.945244
2014-05-06,77.001869
2014-05-07,77.001869
2014-05-08,77.051430
2014-05-09,76.980591
2014-05-12,76.916878
2014-05-13,77.044395
2014-05-14,77.263947
2014-05-15,77.426834
2014-05-16,77.341850
2014-05-19,77.313515
2014-05-20,77.348923
2014-05-21,77.320595
2014-05-22,77.285194
2014-05-23,77.363068
2014-05-27,77.433937
2014-05-28,77.646378
2014-05-29,77.603844
2014-05-30,77.674721
2014-06-02,77.438454
2014-06-03,77.232605
2014-06-04,77.204247
2014-06-05,77.303635
2014-06-06,77.261040
2014-06-09,77.190094
2014-06-10,77.076569
2014-06-11,77.133301
2014-06-12,77.282333
2014-06-13,77.261040
2014-06-16,77.218452
2014-06-17,77.076569
2014-06-18,77.282333
2014-06-19,77.168808
2014-06-20,77.303635
2014-06-23,77.232605
2014-06-24,77.367500
2014-06-25,77.473869
2014-06-26,77.622894
2014-06-27,77.622894
2014-06-30,77.630020
2014-07-01,77.534760
2014-07-02,77.264633
2014-07-03,77.214912
2014-07-07,77.236183
2014-07-08,77.392563
2014-07-09,77.456573
2014-07-10,77.492134
2014-07-11,77.598778
2014-07-14,77.534760
2014-07-15,77.435249
2014-07-16,77.499184
2014-07-17,77.726715
2014-07-18,77.641403
2014-07-21,77.669807
2014-07-22,77.797821
2014-07-23,77.812004
2014-07-24,77.570282
2014-07-25,77.719597
2014-07-28,77.733795
2014-07-29,77.812004
2014-07-30,77.534760
2014-07-31,77.435249
2014-08-01,77.727242
2014-08-04,77.712997
2014-08-05,77.712997
2014-08-06,77.720078
2014-08-07,77.869667
2014-08-08,77.898155
2014-08-11,77.905273
2014-08-12,77.869667
2014-08-13,78.026367
2014-08-14,78.069054
2014-08-15,78.261368
2014-08-18,78.097557
2014-08-19,77.990768
2014-08-20,77.905273
2014-08-21,78.040581
2014-08-22,78.026367
2014-08-25,78.090431
2014-08-26,78.097557
2014-08-27,78.197289
2014-08-28,78.353966
2014-08-29,78.325485
2014-09-02,78.086449
2014-09-03,78.172073
2014-09-04,78.072174
2014-09-05,78.029373
2014-09-08,77.950935
2014-09-09,77.843895
2014-09-10,77.736855
2014-09-11,77.658409
2014-09-12,77.501396
2014-09-15,77.487137
2014-09-16,77.487137
2014-09-17,77.401588
2014-09-18,77.408684
2014-09-19,77.537140
2014-09-22,77.644157
2014-09-23,77.715485
2014-09-24,77.665550
2014-09-25,77.815331
2014-09-26,77.808174
2014-09-29,77.893860
2014-09-30,77.843895
2014-10-01,78.279137
2014-10-02,78.150497
2014-10-03,78.114769
2014-10-06,78.186211
2014-10-07,78.486420
2014-10-08,78.707909
2014-10-09,78.550713
2014-10-10,78.607887
2014-10-13,78.836586
2014-10-14,79.015266
2014-10-15,79.158195
2014-10-16,79.093903
2014-10-17,78.986679
2014-10-20,79.079575
2014-10-21,79.008118
2014-10-22,78.965263
2014-10-23,78.779419
2014-10-24,78.807999
2014-10-27,78.836586
2014-10-28,78.715096
2014-10-29,78.543571
2014-10-30,78.672249
2014-10-31,78.672249
2014-11-03,78.523277
2014-11-04,78.530418
2014-11-05,78.559113
2014-11-06,78.423058
2014-11-07,78.687965
2014-11-10,78.501816
2014-11-11,78.537613
2014-11-12,78.544777
2014-11-13,78.580566
2014-11-14,78.652176
2014-11-17,78.559113
2014-11-18,78.630676
2014-11-19,78.444572
2014-11-20,78.587700
2014-11-21,78.680801
2014-11-24,78.709442
2014-11-25,78.881271
2014-11-26,78.945702
2014-11-28,79.189072
2014-12-01,79.011101
2014-12-02,78.853165
2014-12-03,78.781395
2014-12-04,79.018280
2014-12-05,78.680923
2014-12-08,78.874748
2014-12-09,78.996735
2014-12-10,79.133133
2014-12-11,79.104385
2014-12-12,79.355637
2014-12-15,79.140289
2014-12-16,79.334076
2014-12-17,79.233589
2014-12-18,79.025452
2014-12-19,79.154686
2014-12-22,79.276695
2014-12-23,78.910614
2014-12-24,78.996338
2014-12-26,79.032341
2014-12-29,79.197975
2014-12-30,79.284416
2014-12-31,79.305977
2015-01-02,79.529251
2015-01-05,79.702087
2015-01-06,79.903725
2015-01-07,79.889336
2015-01-08,79.766846
2015-01-09,79.961349
2015-01-12,80.026176
2015-01-13,80.047829
2015-01-14,80.242264
2015-01-15,80.609520
2015-01-16,80.299835
2015-01-20,80.436691
2015-01-21,80.292633
2015-01-22,80.249420
2015-01-23,80.451080
2015-01-26,80.415092
2015-01-27,80.371849
2015-01-28,80.710373
2015-01-29,80.645485
2015-01-30,80.933594
2015-02-02,80.930687
2015-02-03,80.620537
2015-02-04,80.743141
2015-02-05,80.577271
2015-02-06,80.108437
2015-02-09,80.093979
2015-02-10,80.007423
2015-02-11,79.971382
2015-02-12,79.985794
2015-02-13,79.891991
2015-02-17,79.567398
2015-02-18,79.791061
2015-02-19,79.726082
2015-02-20,79.740562
2015-02-23,79.884796
2015-02-24,80.238228
2015-02-25,80.295982
2015-02-26,80.007423
2015-02-27,80.209404
2015-03-02,79.801933
2015-03-03,79.700729
2015-03-04,79.744087
2015-03-05,79.780251
2015-03-06,79.259979
2015-03-09,79.462349
2015-03-10,79.650154
2015-03-11,79.809143
2015-03-12,79.874146
2015-03-13,79.722397
2015-03-16,79.895828
2015-03-17,79.881363
2015-03-18,80.466568
2015-03-19,80.184868
2015-03-20,80.430511
2015-03-23,80.444931
2015-03-24,80.661736
2015-03-25,80.509987
2015-03-26,80.220978
2015-03-27,80.336594
2015-03-30,80.372688
2015-03-31,80.509987
2015-04-01,80.771309
2015-04-02,80.662704
2015-04-06,80.713409
2015-04-07,80.727837
2015-04-08,80.735115
2015-04-09,80.532410
2015-04-10,80.532410
2015-04-13,80.619232
2015-04-14,80.706154
2015-04-15,80.814743
2015-04-16,80.771309
2015-04-17,80.836464
2015-04-20,80.778564
2015-04-21,80.691704
2015-04-22,80.452797
2015-04-23,80.575897
2015-04-24,80.713409
2015-04-27,80.742378
2015-04-28,80.431038
2015-04-29,80.250092
2015-04-30,80.250092
2015-05-01,80.022392
2015-05-04,79.870041
2015-05-05,79.797516
2015-05-06,79.529251
2015-05-07,79.725052
2015-05-08,79.986107
2015-05-11,79.478455
2015-05-12,79.471191
2015-05-13,79.463943
2015-05-14,79.587250
2015-05-15,79.920799
2015-05-18,79.616257
2015-05-19,79.340637
2015-05-20,79.463943
2015-05-21,79.710495
2015-05-22,79.623451
2015-05-26,79.819283
2015-05-27,79.899109
2015-05-28,79.870041
2015-05-29,79.899109
2015-06-01,79.678207
2015-06-02,79.365768
2015-06-03,79.053329
2015-06-04,79.220451
2015-06-05,78.871689
2015-06-08,78.987892
2015-06-09,78.762688
2015-06-10,78.566521
2015-06-11,78.987892
2015-06-12,78.893478
2015-06-15,78.987892
2015-06-16,79.118698
2015-06-17,79.125977
2015-06-18,79.104149
2015-06-19,79.351227
2015-06-22,78.958885
2015-06-23,78.777229
2015-06-24,78.900734
2015-06-25,78.813538
2015-06-26,78.624672
2015-06-29,79.089645
2015-06-30,79.038818
2015-07-01,78.839302
2015-07-02,78.948517
2015-07-06,79.232491
2015-07-07,79.341713
2015-07-08,79.530960
2015-07-09,79.239731
2015-07-10,78.904808
2015-07-13,78.788361
2015-07-14,78.919380
2015-07-15,79.130531
2015-07-16,79.196068
2015-07-17,79.203308
2015-07-20,79.065002
2015-07-21,79.196068
2015-07-22,79.232491
2015-07-23,79.458138
2015-07-24,79.443588
2015-07-27,79.545525
2015-07-28,79.465431
2015-07-29,79.399933
2015-07-30,79.407196
2015-07-31,79.720222
2015-08-03,79.802673
2015-08-04,79.569252
2015-08-05,79.423355
2015-08-06,79.518173
2015-08-07,79.656761
2015-08-10,79.554634
2015-08-11,79.817215
2015-08-12,79.766190
2015-08-13,79.598419
2015-08-14,79.561958
2015-08-17,79.700562
2015-08-18,79.554634
2015-08-19,79.802673
2015-08-20,79.926682
2015-08-21,80.065277
2015-08-24,80.036072
2015-08-25,79.846443
2015-08-26,79.474419
2015-08-27,79.583839
2015-08-28,79.510857
2015-08-31,79.452507
2015-09-01,79.687874
2015-09-02,79.585571
2015-09-03,79.702538
2015-09-04,79.870613
2015-09-08,79.680588
2015-09-09,79.709801
2015-09-10,79.622147
2015-09-11,79.717110
2015-09-14,79.739067
2015-09-15,79.380898
2015-09-16,79.315132
2015-09-17,79.812141
2015-09-18,79.877953
2015-09-21,79.665970
2015-09-22,79.856033
2015-09-23,79.790260
2015-09-24,79.892570
2015-09-25,79.753654
2015-09-28,79.943756
2015-09-29,80.067963
2015-09-30,80.097244
2015-10-01,80.159431
2015-10-02,80.401115
2015-10-05,80.100861
2015-10-06,80.298653
2015-10-07,80.240028
2015-10-08,80.130142
2015-10-09,80.064247
2015-10-12,80.269348
2015-10-13,80.276665
2015-10-14,80.576897
2015-10-15,80.467056
2015-10-16,80.386490
2015-10-19,80.467056
2015-10-20,80.305954
2015-10-21,80.496330
2015-10-22,80.510979
2015-10-23,80.371826
2015-10-26,80.408447
2015-10-27,80.525620
2015-10-28,80.283951
2015-10-29,79.939781
2015-10-30,80.152145
2015-11-02,79.994392
2015-11-03,79.847656
2015-11-04,79.847656
2015-11-05,79.810913
2015-11-06,79.429382
2015-11-09,79.378059
2015-11-10,79.524757
2015-11-11,79.422066
2015-11-12,79.495430
2015-11-13,79.649544
2015-11-16,79.715576
2015-11-17,79.774300
2015-11-18,79.715576
2015-11-19,79.752266
2015-11-20,79.700897
2015-11-23,79.722923
2015-11-24,79.796280
2015-11-25,79.833000
2015-11-27,79.810913
2015-11-30,79.840256
2015-12-01,80.120079
2015-12-02,80.024353
2015-12-03,79.435379
2015-12-04,79.693062
2015-12-07,79.810829
2015-12-08,79.840271
2015-12-09,79.840271
2015-12-10,79.825554
2015-12-11,80.024353
2015-12-14,79.648888
2015-12-15,79.656242
2015-12-16,79.516388
2015-12-17,79.626801
2015-12-18,79.796143
2015-12-21,79.722504
2015-12-22,79.663582
2015-12-23,79.648888
2015-12-24,79.687225
2015-12-28,79.687225
2015-12-29,79.488068
2015-12-30,79.473305
2015-12-31,79.687225
2016-01-04,79.657784
2016-01-05,79.694588
2016-01-06,79.997131
2016-01-07,79.989769
2016-01-08,80.166809
2016-01-11,79.938072
2016-01-12,80.115135
2016-01-13,80.299637
2016-01-14,80.270096
2016-01-15,80.366005
2016-01-19,80.284836
2016-01-20,80.351242
2016-01-21,80.240555
2016-01-22,80.299637
2016-01-25,80.255325
2016-01-26,80.358627
2016-01-27,80.373344
2016-01-28,80.439789
2016-01-29,80.675896
2016-02-01,80.578255
2016-02-02,80.822227
2016-02-03,80.814835
2016-02-04,80.896179
2016-02-05,80.822227
2016-02-08,81.132759
2016-02-09,81.125381
2016-02-10,81.324966
2016-02-11,81.376717
2016-02-12,81.154938
2016-02-16,80.955292
2016-02-17,80.910950
2016-02-18,81.154938
2016-02-19,81.169701
2016-02-22,81.191856
2016-02-23,81.206657
2016-02-24,81.236244
2016-02-25,81.443283
2016-02-26,81.295441
2016-02-29,81.391541
2016-03-01,81.147789
2016-03-02,81.058914
2016-03-03,81.155205
2016-03-04,81.029289
2016-03-07,81.007065
2016-03-08,81.207062
2016-03-09,81.170052
2016-03-10,81.207062
2016-03-11,81.058914
2016-03-14,81.103333
2016-03-15,81.029289
2016-03-16,81.377434
2016-03-17,81.547844
2016-03-18,81.614502
2016-03-21,81.436691
2016-03-22,81.384880
2016-03-23,81.562614
2016-03-24,81.570068
2016-03-28,81.629326
2016-03-29,81.873764
2016-03-30,81.844116
2016-03-31,82.103424
2016-04-01,82.030739
2016-04-04,82.112312
2016-04-05,82.223709
2016-04-06,82.208824
2016-04-07,82.386993
2016-04-08,82.305298
2016-04-11,82.364731
2016-04-12,82.231071
2016-04-13,82.268204
2016-04-14,82.127159
2016-04-15,82.357277
2016-04-18,82.349861
2016-04-19,82.342468
2016-04-20,82.142067
2016-04-21,82.030739
2016-04-22,82.038086
2016-04-25,81.949028
2016-04-26,81.911903
2016-04-27,82.156853
2016-04-28,82.320198
2016-04-29,82.312759
2016-05-02,82.256973
2016-05-03,82.405739
2016-05-04,82.442902
2016-05-05,82.651131
2016-05-06,82.524689
2016-05-09,82.576775
2016-05-10,82.613953
2016-05-11,82.613953
2016-05-12,82.539574
2016-05-13,82.695747
2016-05-16,82.554489
2016-05-17,82.442902
2016-05-18,82.100830
2016-05-19,82.152824
2016-05-20,82.204941
2016-05-23,82.190056
2016-05-24,82.145401
2016-05-25,82.160332
2016-05-26,82.286766
2016-05-27,82.271889
2016-05-31,82.323929
2016-06-01,82.277725
2016-06-02,82.486328
2016-06-03,82.933456
2016-06-06,82.821678
2016-06-07,82.896194
2016-06-08,82.925995
2016-06-09,82.985588
2016-06-10,83.097374
2016-06-13,83.164467
2016-06-14,83.127174
2016-06-15,83.305992
2016-06-16,83.358139
2016-06-17,83.298576
2016-06-20,83.067535
2016-06-21,83.007904
2016-06-22,83.060104
2016-06-23,82.918541
2016-06-24,83.365593
2016-06-27,83.700974
2016-06-28,83.805191
2016-06-29,83.745621
2016-06-30,83.917030
2016-07-01,84.097649
2016-07-05,84.321625
2016-07-06,84.478401
2016-07-07,84.418732
2016-07-08,84.545586
2016-07-11,84.321625
2016-07-12,84.067802
2016-07-13,84.187256
2016-07-14,84.112610
2016-07-15,83.806557
2016-07-18,83.821472
2016-07-19,83.993164
2016-07-20,83.918526
2016-07-21,83.993164
2016-07-22,84.008102
2016-07-25,83.911049
2016-07-26,83.911049
2016-07-27,84.157417
2016-07-28,84.149933
2016-07-29,84.373871
2016-08-01,84.177200
2016-08-02,83.930397
2016-08-03,84.020119
2016-08-04,84.177200
2016-08-05,83.893005
2016-08-08,83.945320
2016-08-09,84.162254
2016-08-10,84.259483
2016-08-11,84.035095
2016-08-12,84.236992
2016-08-15,84.087410
2016-08-16,84.035095
2016-08-17,84.192131
2016-08-18,84.311813
2016-08-19,84.124817
2016-08-22,84.251991
2016-08-23,84.274460
2016-08-24,84.244499
2016-08-25,84.154716
2016-08-26,84.020119
2016-08-29,84.251991
2016-08-30,84.207100
2016-08-31,84.192131
2016-09-01,84.265572
2016-09-02,84.153214
2016-09-06,84.333000
2016-09-07,84.377991
2016-09-08,84.085762
2016-09-09,83.718597
2016-09-12,83.786034
2016-09-13,83.553734
2016-09-14,83.658653
2016-09-15,83.711082
2016-09-16,83.771042
2016-09-19,83.703613
2016-09-20,83.733589
2016-09-21,83.943390
2016-09-22,84.115730
2016-09-23,84.093246
2016-09-26,84.198158
2016-09-27,84.303062
2016-09-28,84.325516
2016-09-29,84.325516
2016-09-30,84.235573
2016-10-03,84.140266
2016-10-04,83.855026
2016-10-05,83.742378
2016-10-06,83.742378
2016-10-07,83.757385
2016-10-10,83.719933
2016-10-11,83.592316
2016-10-12,83.622345
2016-10-13,83.742378
2016-10-14,83.599792
2016-10-17,83.742378
2016-10-18,83.877556
2016-10-19,83.922607
2016-10-20,83.892525
2016-10-21,83.945122
2016-10-24,83.817490
2016-10-25,83.817490
2016-10-26,83.652344
2016-10-27,83.442192
2016-10-28,83.442192
2016-10-31,83.547264
2016-11-01,83.502144
2016-11-02,83.599892
2016-11-03,83.487091
2016-11-04,83.660057
2016-11-07,83.562317
2016-11-08,83.426964
2016-11-09,82.652321
2016-11-10,82.313881
2016-11-11,82.163445
2016-11-14,81.832558
2016-11-15,81.892677
2016-11-16,82.073219
2016-11-17,81.764938
2016-11-18,81.501648
2016-11-21,81.569313
2016-11-22,81.644547
2016-11-23,81.358749
2016-11-25,81.351257
2016-11-28,81.637032
2016-11-29,81.727249
2016-11-30,81.403854
2016-12-01,81.135635
2016-12-02,81.391808
2016-12-05,81.459618
2016-12-06,81.444557
2016-12-07,81.655540
2016-12-08,81.504860
2016-12-09,81.256172
2016-12-12,81.180824
2016-12-13,81.286324
2016-12-14,80.841789
2016-12-15,80.743774
2016-12-16,80.796547
2016-12-19,81.007500
2016-12-20,80.932198
2016-12-21,81.105507
2016-12-22,81.104706
2016-12-23,81.127380
2016-12-27,81.066994
2016-12-28,81.195343
2016-12-29,81.444580
2016-12-30,81.610703
2017-01-03,81.693871
2017-01-04,81.716484
2017-01-05,82.056297
2017-01-06,81.784424
2017-01-09,81.920349
2017-01-10,81.897736
2017-01-11,81.995918
2017-01-12,82.026115
2017-01-13,81.882668
2017-01-17,82.162071
2017-01-18,81.807091
2017-01-19,81.595604
2017-01-20,81.625847
2017-01-23,81.852371
2017-01-24,81.724030
2017-01-25,81.505005
2017-01-26,81.557846
2017-01-27,81.625847
2017-01-30,81.588058
2017-01-31,81.784424
2017-02-01,81.669411
2017-02-02,81.714882
2017-02-03,81.737511
2017-02-06,81.972153
2017-02-07,82.055412
2017-02-08,82.289970
2017-02-09,82.093239
2017-02-10,82.078064
2017-02-13,81.957001
2017-02-14,81.775322
2017-02-15,81.646736
2017-02-16,81.820801
2017-02-17,82.002419
2017-02-21,81.994858
2017-02-22,82.047798
2017-02-23,82.183998
2017-02-24,82.486717
2017-02-27,82.335335
2017-02-28,82.312675
2017-03-01,81.925919
2017-03-02,81.774261
2017-03-03,81.834923
2017-03-06,81.796982
2017-03-07,81.690849
2017-03-08,81.493706
2017-03-09,81.243454
2017-03-10,81.364777
2017-03-13,81.228325
2017-03-14,81.258606
2017-03-15,81.728783
2017-03-16,81.637802
2017-03-17,81.812210
2017-03-20,81.933517
2017-03-21,82.100365
2017-03-22,82.214088
2017-03-23,82.236809
2017-03-24,82.168617
2017-03-27,82.365730
2017-03-28,82.176170
2017-03-29,82.358131
2017-03-30,82.206528
2017-03-31,82.267143
2017-04-03,82.572594
2017-04-04,82.496643
2017-04-05,82.587791
2017-04-06,82.580238
2017-04-07,82.397842
2017-04-10,82.504234
2017-04-11,82.739792
2017-04-12,82.922173
2017-04-13,83.028526
2017-04-17,82.982925
2017-04-18,83.317276
2017-04-19,83.188118
2017-04-20,83.058929
2017-04-21,83.081703
2017-04-24,82.960144
2017-04-25,82.686600
2017-04-26,82.792984
2017-04-27,82.868927
2017-04-28,83.013321
2017-05-01,82.799400
2017-05-02,82.913589
2017-05-03,82.829849
2017-05-04,82.761284
2017-05-05,82.776505
2017-05-08,82.616554
2017-05-09,82.624214
2017-05-10,82.647057
2017-05-11,82.639450
2017-05-12,82.944016
2017-05-15,82.913589
2017-05-16,83.020195
2017-05-17,83.446632
2017-05-18,83.400970
2017-05-19,83.400970
2017-05-22,83.347633
2017-05-23,83.187698
2017-05-24,83.332428
2017-05-25,83.370537
2017-05-26,83.340019
2017-05-30,83.499962
2017-05-31,83.583717
2017-06-01,83.545570
2017-06-02,83.820267
2017-06-05,83.690536
2017-06-06,83.858429
2017-06-07,83.759216
2017-06-08,83.675308
2017-06-09,83.606621
2017-06-12,83.606621
2017-06-13,83.629501
2017-06-14,83.896591
2017-06-15,83.843170
2017-06-16,83.896591
2017-06-19,83.782127
2017-06-20,83.911819
2017-06-21,83.927116
2017-06-22,83.965225
2017-06-23,83.980515
2017-06-26,84.056862
2017-06-27,83.805016
2017-06-28,83.835533
2017-06-29,83.675308
2017-06-30,83.568466
2017-07-03,83.419334
2017-07-05,83.465233
2017-07-06,83.304619
2017-07-07,83.274025
2017-07-10,83.312256
2017-07-11,83.388779
2017-07-12,83.641090
2017-07-13,83.549309
2017-07-14,83.633469
2017-07-17,83.671715
2017-07-18,83.862831
2017-07-19,83.885811
2017-07-20,83.908699
2017-07-21,84.054001
2017-07-24,83.977531
2017-07-25,83.679306
2017-07-26,83.839958
2017-07-27,83.717552
2017-07-28,83.885811
2017-07-31,83.847557
2017-08-01,84.077454
2017-08-02,84.016182
2017-08-03,84.184731
2017-08-04,84.046799
2017-08-07,84.039124
2017-08-08,83.962509
2017-08-09,84.039124
2017-08-10,84.123451
2017-08-11,84.192398
2017-08-14,84.154037
2017-08-15,84.031509
2017-08-16,84.184731
2017-08-17,84.307320
2017-08-18,84.253677
2017-08-21,84.314972
2017-08-22,84.238388
2017-08-23,84.429924
2017-08-24,84.322662
2017-08-25,84.383965
2017-08-28,84.414635
2017-08-29,84.537186
2017-08-30,84.521904
2017-08-31,84.636818
2017-09-01,84.444862
2017-09-05,84.790405
2017-09-06,84.698273
2017-09-07,84.905609
2017-09-08,84.805771
2017-09-11,84.575386
2017-09-12,84.452576
2017-09-13,84.368111
2017-09-14,84.414177
2017-09-15,84.398766
2017-09-18,84.360405
2017-09-19,84.314331
2017-09-20,84.245209
2017-09-21,84.229851
2017-09-22,84.291298
2017-09-25,84.490906
2017-09-26,84.460190
2017-09-27,84.214455
2017-09-28,84.222153
2017-09-29,84.153053
2017-10-02,84.204636
2017-10-03,84.273895
2017-10-04,84.250786
2017-10-05,84.212280
2017-10-06,84.089203
2017-10-09,84.204636
2017-10-10,84.212280
2017-10-11,84.227692
2017-10-12,84.327721
2017-10-13,84.535515
2017-10-16,84.450874
2017-10-17,84.420067
2017-10-18,84.289291
2017-10-19,84.350822
2017-10-20,84.104584
2017-10-23,84.197006
2017-10-24,84.019913
2017-10-25,83.966042
2017-10-26,83.873756
2017-10-27,84.058403
2017-10-30,84.289291
2017-10-31,84.235451
2017-11-01,84.272415
2017-11-02,84.318657
2017-11-03,84.395737
2017-11-06,84.472885
2017-11-07,84.496002
2017-11-08,84.442078
2017-11-09,84.380371
2017-11-10,84.041054
2017-11-13,84.041054
2017-11-14,84.125923
2017-11-15,84.287827
2017-11-16,84.195290
2017-11-17,84.287827
2017-11-20,84.241562
2017-11-21,84.326401
2017-11-22,84.472885
2017-11-24,84.457474
2017-11-27,84.457474
2017-11-28,84.457474
2017-11-29,84.249268
2017-11-30,84.110519
2017-12-01,84.350807
2017-12-04,84.343102
2017-12-05,84.428070
2017-12-06,84.513084
2017-12-07,84.404892
2017-12-08,84.373978
2017-12-11,84.343102
2017-12-12,84.304466
2017-12-13,84.544006
2017-12-14,84.567146
2017-12-15,84.590347
2017-12-18,84.482170
2017-12-19,84.234894
2017-12-20,84.041725
2017-12-21,84.115921
2017-12-22,84.154572
2017-12-26,84.224152
2017-12-27,84.486954
2017-12-28,84.425117
2017-12-29,84.510155
2018-01-02,84.386467
2018-01-03,84.394196
2018-01-04,84.340096
2018-01-05,84.285988
2018-01-08,84.262794
2018-01-09,84.030891
2018-01-10,84.030891
2018-01-11,84.069542
2018-01-12,84.054085
2018-01-16,84.077278
2018-01-17,83.984528
2018-01-18,83.799019
2018-01-19,83.621162
2018-01-22,83.590302
2018-01-23,83.791275
2018-01-24,83.706215
2018-01-25,83.922668
2018-01-26,83.768112
2018-01-29,83.621162
2018-01-30,83.489777
2018-01-31,83.559364
2018-02-01,83.297493
2018-02-02,83.049614
2018-02-05,83.382736
2018-02-06,83.142548
2018-02-07,82.956673
2018-02-08,82.817215
2018-02-09,82.708748
2018-02-12,82.731979
2018-02-13,82.755241
2018-02-14,82.476311
2018-02-15,82.577026
2018-02-16,82.739716
2018-02-20,82.654526
2018-02-21,82.391083
2018-02-22,82.398842
2018-02-23,82.608063
2018-02-26,82.670036
2018-02-27,82.491829
2018-02-28,82.716461
2018-03-01,82.790268
2018-03-02,82.658264
2018-03-05,82.611626
2018-03-06,82.627197
2018-03-07,82.611626
2018-03-08,82.743622
2018-03-09,82.588394
2018-03-12,82.634972
2018-03-13,82.743622
2018-03-14,82.883392
2018-03-15,82.891190
2018-03-16,82.844620
2018-03-19,82.759186
2018-03-20,82.627197
2018-03-21,82.619423
2018-03-22,82.774727
2018-03-23,82.774727
2018-03-26,82.743622
2018-03-27,82.984344
2018-03-28,83.030914
2018-03-29,83.271606
2018-04-02,83.188377
2018-04-03,83.094963
2018-04-04,83.126122
2018-04-05,83.009354
2018-04-06,83.196159
2018-04-09,83.266174
2018-04-10,83.203888
2018-04-11,83.273972
2018-04-12,83.087196
2018-04-13,83.110558
2018-04-16,83.126122
2018-04-17,83.149429
2018-04-18,82.916000
2018-04-19,82.713692
2018-04-20,82.487999
2018-04-23,82.449081
2018-04-24,82.340149
2018-04-25,82.231178
2018-04-26,82.371284
2018-04-27,82.472450
2018-04-30,82.487999
2018-05-01,82.417793
2018-05-02,82.417793
2018-05-03,82.511398
2018-05-04,82.565994
2018-05-07,82.526962
2018-05-08,82.433395
2018-05-09,82.339798
2018-05-10,82.526962
2018-05-11,82.565994
2018-05-14,82.488007
2018-05-15,82.121422
2018-05-16,82.027824
2018-05-17,81.918633
2018-05-18,82.129189
2018-05-21,82.137047
2018-05-22,82.137047
2018-05-23,82.363197
2018-05-24,82.589371
2018-05-25,82.768776
2018-05-29,83.314751
2018-05-30,83.104141
2018-05-31,83.033928
2018-06-01,82.931519
2018-06-04,82.736092
2018-06-05,82.798645
2018-06-06,82.611015
2018-06-07,82.790817
2018-06-08,82.673538
2018-06-11,82.587585
2018-06-12,82.611015
2018-06-13,82.532837
2018-06-14,82.743904
2018-06-15,82.775185
2018-06-18,82.790817
2018-06-19,82.876793
2018-06-20,82.720428
2018-06-21,82.743904
2018-06-22,82.822075
2018-06-25,82.775185
2018-06-26,82.908127
2018-06-27,83.056641
2018-06-28,83.048813
2018-06-29,83.119164
2018-07-02,83.040039
2018-07-03,83.212410
2018-07-05,83.290741
2018-07-06,83.376930
2018-07-09,83.298553
2018-07-10,83.235909
2018-07-11,83.267235
2018-07-12,83.369125
2018-07-13,83.447487
2018-07-16,83.353416
2018-07-17,83.322075
2018-07-18,83.298553
2018-07-19,83.423943
2018-07-20,83.259415
2018-07-23,82.969513
2018-07-24,83.087090
2018-07-25,83.094894
2018-07-26,83.047890
2018-07-27,83.110558
2018-07-30,83.024361
2018-07-31,83.094894
2018-08-01,83.009285
2018-08-02,83.040688
2018-08-03,83.221306
2018-08-06,83.276253
2018-08-07,83.127113
2018-08-08,83.127113
2018-08-09,83.244888
2018-08-10,83.425507
2018-08-13,83.472618
2018-08-14,83.394081
2018-08-15,83.511902
2018-08-16,83.559021
2018-08-17,83.606133
2018-08-20,83.771042
2018-08-21,83.700371
2018-08-22,83.771042
2018-08-23,83.723915
2018-08-24,83.818146
2018-08-27,83.708229
2018-08-28,83.551163
2018-08-29,83.535461
2018-08-30,83.574715
2018-08-31,83.566864
2018-09-04,83.474007
2018-09-05,83.434654
2018-09-06,83.576317
2018-09-07,83.277260
2018-09-10,83.355942
2018-09-11,83.214241
2018-09-12,83.269379
2018-09-13,83.324471
2018-09-14,83.167015
2018-09-17,83.167015
2018-09-18,82.986046
2018-09-19,82.828629
2018-09-20,82.938820
2018-09-21,83.001785
2018-09-24,82.923042
2018-09-25,82.883690
2018-09-26,83.080460
2018-09-27,83.135529
2018-09-28,83.048988
2018-10-01,83.026878
2018-10-02,83.121559
2018-10-03,82.727097
2018-10-04,82.490417
2018-10-05,82.309006
2018-10-08,82.277451
2018-10-09,82.395752
2018-10-10,82.372086
2018-10-11,82.616653
2018-10-12,82.640343
2018-10-15,82.585121
2018-10-16,82.632446
2018-10-17,82.466782
2018-10-18,82.411568
2018-10-19,82.340515
2018-10-22,82.324738
2018-10-23,82.427292
2018-10-24,82.640343
2018-10-25,82.569344
2018-10-26,82.758675
2018-10-29,82.671867
2018-10-30,82.553551
2018-10-31,82.514091
2018-11-01,82.722633
2018-11-02,82.476845
2018-11-05,82.532349
2018-11-06,82.540253
2018-11-07,82.611580
2018-11-08,82.460991
2018-11-09,82.564034
2018-11-12,82.698830
2018-11-13,82.730499
2018-11-14,82.738457
2018-11-15,82.841576
2018-11-16,82.976311
2018-11-19,82.968384
2018-11-20,82.936668
2018-11-21,82.992180
2018-11-23,82.968384
2018-11-26,82.952545
2018-11-27,82.976311
2018-11-28,83.134872
2018-11-29,83.174553
2018-11-30,83.150757
2018-12-03,83.286629
2018-12-04,83.509178
2018-12-06,83.715790
2018-12-07,83.827057
2018-12-10,83.882660
2018-12-11,83.906509
2018-12-12,83.842926
2018-12-13,83.866806
2018-12-14,83.890617
2018-12-17,84.033623
2018-12-18,84.280556
2018-12-19,84.360168
2018-12-20,84.280556
2018-12-21,84.240715
2018-12-24,84.296440
2018-12-26,84.137184
2018-12-27,84.272568
2018-12-28,84.583115
2018-12-31,84.798096
2019-01-02,84.861816
2019-01-03,85.212189
2019-01-04,84.957367
2019-01-07,84.814034
2019-01-08,84.750397
2019-01-09,84.822006
2019-01-10,84.726425
2019-01-11,84.845894
2019-01-14,84.726425
2019-01-15,84.742378
2019-01-16,84.814034
2019-01-17,84.750397
2019-01-18,84.686653
2019-01-22,84.758293
2019-01-23,84.845894
2019-01-24,84.989281
2019-01-25,84.949432
2019-01-28,84.901642
2019-01-29,85.124611
2019-01-30,85.315704
2019-01-31,85.570572
2019-02-01,85.393318
2019-02-04,85.321426
2019-02-05,85.505104
2019-02-06,85.457184
2019-02-07,85.497040
2019-02-08,85.688660
2019-02-11,85.600891
2019-02-12,85.616829
2019-02-13,85.465118
2019-02-14,85.592880
2019-02-15,85.656761
2019-02-19,85.704689
2019-02-20,85.712624
2019-02-21,85.520996
2019-02-22,85.736618
2019-02-25,85.712624
2019-02-26,85.808418
2019-02-27,85.624786
2019-02-28,85.473091
2019-03-01,85.334663
2019-03-04,85.438751
2019-03-05,85.494766
2019-03-06,85.622787
2019-03-07,85.862885
2019-03-08,85.974907
2019-03-11,85.982918
2019-03-12,86.142990
2019-03-13,86.102982
2019-03-14,85.974907
2019-03-15,86.190987
2019-03-18,86.174995
2019-03-19,86.126953
2019-03-20,86.479073
2019-03-21,86.495102
2019-03-22,86.927277
2019-03-25,87.087318
2019-03-26,87.103333
2019-03-27,87.287361
2019-03-28,87.295410
2019-03-29,87.287361
2019-04-01,86.887871
2019-04-02,86.984154
2019-04-03,86.823723
2019-04-04,86.887871
2019-04-05,86.952065
2019-04-08,86.911964
2019-04-09,86.960091
2019-04-10,87.128548
2019-04-11,87.024277
2019-04-12,86.855782
2019-04-15,86.839729
2019-04-16,86.687340
2019-04-17,86.679298
2019-04-18,86.791618
2019-04-22,86.687340
2019-04-23,86.839729
2019-04-24,87.040329
2019-04-25,87.032272
2019-04-26,87.208763
2019-04-29,87.056320
2019-04-30,87.112488
2019-05-01,87.168777
2019-05-02,86.975822
2019-05-03,87.120514
2019-05-06,87.233116
2019-05-07,87.337685
2019-05-08,87.321571
2019-05-09,87.369843
2019-05-10,87.385918
2019-05-13,87.530640
2019-05-14,87.603035
2019-05-15,87.755798
2019-05-16,87.651283
2019-05-17,87.675385
2019-05-20,87.554779
2019-05-21,87.546745
2019-05-22,87.691475
2019-05-23,87.948799
2019-05-24,87.980988
2019-05-28,88.109619
2019-05-29,88.133759
2019-05-30,88.366959
2019-05-31,88.777077
2019-06-03,88.986649
2019-06-04,88.906097
2019-06-05,88.857697
2019-06-06,88.841560
2019-06-07,89.091454
2019-06-10,88.857697
2019-06-11,88.841560
2019-06-12,88.954430
2019-06-13,89.147896
2019-06-14,89.123688
2019-06-17,89.099487
2019-06-18,89.341278
2019-06-19,89.647583
2019-06-20,89.800690
2019-06-21,89.566978
2019-06-24,89.728188
2019-06-25,89.744293
2019-06-26,89.542786
2019-06-27,89.792664
2019-06-28,89.752380
2019-07-01,89.818634
2019-07-02,89.980186
2019-07-03,90.125603
2019-07-05,89.745918
2019-07-08,89.697441
2019-07-09,89.673210
2019-07-10,89.737862
2019-07-11,89.406639
2019-07-12,89.503555
2019-07-15,89.632797
2019-07-16,89.535904
2019-07-17,89.770180
2019-07-18,89.915543
2019-07-19,89.810547
2019-07-22,89.923683
2019-07-23,89.834808
2019-07-24,89.964043
2019-07-25,89.826698
2019-07-26,89.842857
2019-07-29,89.883232
2019-07-30,89.875160
2019-07-31,89.915543
2019-08-01,90.620033
2019-08-02,90.652435
2019-08-05,91.049294
2019-08-06,91.292168
2019-08-07,91.243568
2019-08-08,91.332634
2019-08-09,91.211212
2019-08-12,91.543198
2019-08-13,91.413605
2019-08-14,91.697037
2019-08-15,92.118126
2019-08-16,92.045273
2019-08-19,91.802292
2019-08-20,92.053337
2019-08-21,92.004738
2019-08-22,91.761833
2019-08-23,92.134323
2019-08-26,92.093849
2019-08-27,92.385330
2019-08-28,92.393463
2019-08-29,92.336761
2019-08-30,92.417709
2019-09-03,92.395821
2019-09-04,92.558105
2019-09-05,92.160461
2019-09-06,92.257828
2019-09-09,91.868256
2019-09-10,91.373146
2019-09-11,91.389389
2019-09-12,91.243286
2019-09-13,90.699493
2019-09-16,90.943001
2019-09-17,91.080978
2019-09-18,91.186485
2019-09-19,91.316338
2019-09-20,91.649086
2019-09-23,91.689682
2019-09-24,91.941277
2019-09-25,91.559799
2019-09-26,91.714073
2019-09-27,91.827660
2019-09-30,91.851997
2019-10-01,92.018784
2019-10-02,92.083847
2019-10-03,92.441795
2019-10-04,92.588203
2019-10-07,92.336021
2019-10-08,92.368584
2019-10-09,92.319717
2019-10-10,92.002510
2019-10-11,91.701538
2019-10-14,91.856056
2019-10-15,91.555107
2019-10-16,91.717766
2019-10-17,91.693359
2019-10-18,91.758484
2019-10-21,91.506310
2019-10-22,91.644577
2019-10-23,91.717766
2019-10-24,91.742249
2019-10-25,91.612045
2019-10-28,91.416824
2019-10-29,91.424957
2019-10-30,91.685326
2019-10-31,92.043190
2019-11-01,92.068451
2019-11-04,91.840172
2019-11-05,91.497772
2019-11-06,91.636368
2019-11-07,91.204269
2019-11-08,91.155357
2019-11-11,91.171631
2019-11-12,91.269470
2019-11-13,91.432549
2019-11-14,91.693398
2019-11-15,91.644524
2019-11-18,91.815697
2019-11-19,91.880943
2019-11-20,92.101067
2019-11-21,91.970589
2019-11-22,92.019516
2019-11-25,92.109200
2019-11-26,92.239670
2019-11-27,92.125549
2019-11-29,92.011398
2019-12-02,91.910110
2019-12-03,92.326752
2019-12-04,92.171486
2019-12-05,92.065315
2019-12-06,91.934608
2019-12-09,91.983589
2019-12-10,91.950943
2019-12-11,92.196030
2019-12-12,91.803848
2019-12-13,92.171486
2019-12-16,91.983589
2019-12-17,91.991814
2019-12-18,91.812012
2019-12-19,91.911079
2019-12-20,91.927444
2019-12-23,91.861946
2019-12-24,91.976547
2019-12-26,92.058380
2019-12-27,92.181152
2019-12-30,92.181152
2019-12-31,91.968353
2020-01-02,92.222061
2020-01-03,92.492142
2020-01-06,92.418480
2020-01-07,92.320305
2020-01-08,92.213882
2020-01-09,92.312065
2020-01-10,92.467598
2020-01-13,92.410332
2020-01-14,92.492142
2020-01-15,92.631287
2020-01-16,92.631287
2020-01-17,92.524864
2020-01-21,92.786797
2020-01-22,92.835907
2020-01-23,92.958649
2020-01-24,93.130508
2020-01-27,93.417023
2020-01-28,93.335114
2020-01-29,93.547958
2020-01-30,93.556145
2020-01-31,93.834419
2020-02-03,93.804054
2020-02-04,93.492355
2020-02-05,93.352943
2020-02-06,93.410393
2020-02-07,93.680992
2020-02-10,93.787689
2020-02-11,93.672806
2020-02-12,93.574364
2020-02-13,93.640022
2020-02-14,93.738419
2020-02-18,93.861488
2020-02-19,93.836884
2020-02-20,94.050087
2020-02-21,94.238762
2020-02-24,94.542168
2020-02-25,94.706230
2020-02-26,94.607849
2020-02-27,94.624214
2020-02-28,95.321373
2020-03-02,95.287659
2020-03-03,95.936974
2020-03-04,95.862968
2020-03-05,96.158882
2020-03-06,96.865662
2020-03-09,96.742386
2020-03-10,95.649300
2020-03-11,94.285019
2020-03-12,90.512619
2020-03-13,91.934464
2020-03-16,93.471359
2020-03-17,91.055061
2020-03-18,87.586777
2020-03-19,89.542801
2020-03-20,90.430443
2020-03-23,92.575523
2020-03-24,93.339867
2020-03-25,94.293236
2020-03-26,94.580872
2020-03-27,94.983612
2020-03-30,95.073990
2020-03-31,94.819229
2020-04-01,94.497177
2020-04-02,94.637199
2020-04-03,94.703087
2020-04-06,95.164299
2020-04-07,95.296089
2020-04-08,95.386711
2020-04-09,96.572777
2020-04-13,96.119774
2020-04-14,96.169220
2020-04-15,96.564552
2020-04-16,96.688095
2020-04-17,96.572777
2020-04-20,96.432709
2020-04-21,96.482147
2020-04-22,96.482147
2020-04-23,96.712814
2020-04-24,96.663361
2020-04-27,96.218590
2020-04-28,96.597466
2020-04-29,96.663361
2020-04-30,96.449226
2020-05-01,96.454170
2020-05-04,96.536667
2020-05-05,96.462395
2020-05-06,96.074532
2020-05-07,96.371635
2020-05-08,96.115784
2020-05-11,95.826935
2020-05-12,96.074532
2020-05-13,96.231308
2020-05-14,96.528458
2020-05-15,96.586235
2020-05-18,96.445908
2020-05-19,96.553207
2020-05-20,96.800758
2020-05-21,96.875069
2020-05-22,96.924606
2020-05-26,96.767784
2020-05-27,96.908104
2020-05-28,96.842056
2020-05-29,97.097900
2020-06-01,97.043343
2020-06-02,97.126045
2020-06-03,96.886238
2020-06-04,96.596886
2020-06-05,96.654724
2020-06-08,96.762207
2020-06-09,96.886238
2020-06-10,97.283104
2020-06-11,97.117752
2020-06-12,97.216972
2020-06-15,97.539421
2020-06-16,97.349266
2020-06-17,97.266571
2020-06-18,97.365822
2020-06-19,97.398872
2020-06-22,97.374077
2020-06-23,97.357529
2020-06-24,97.340988
2020-06-25,97.456757
2020-06-26,97.572502
2020-06-29,97.655182
2020-06-30,97.737839
2020-07-01,97.790077
2020-07-02,97.906036
2020-07-06,97.897781
2020-07-07,98.046860
2020-07-08,98.013695
2020-07-09,98.270523
2020-07-10,98.154564
2020-07-13,98.146286
2020-07-14,98.303673
2020-07-15,98.311943
2020-07-16,98.378197
2020-07-17,98.477585
2020-07-20,98.585297
2020-07-21,98.643295
2020-07-22,98.726112
2020-07-23,98.842041
2020-07-24,98.808922
2020-07-27,98.742706
2020-07-28,98.808922
2020-07-29,98.924942
2020-07-30,98.999496
2020-07-31,99.040909
2020-08-03,99.079933
2020-08-04,99.270737
2020-08-05,99.079933
2020-08-06,99.220970
2020-08-07,99.104797
2020-08-10,99.013458
2020-08-11,98.739632
2020-08-12,98.540512
2020-08-13,98.175400
2020-08-14,98.084137
2020-08-17,98.216919
2020-08-18,98.357956
2020-08-19,98.208565
2020-08-20,98.382858
2020-08-21,98.482437
2020-08-24,98.440948
2020-08-25,98.233482
2020-08-26,98.216919
2020-08-27,97.876709
2020-08-28,98.009445
2020-08-31,98.225227
2020-09-01,98.428841
2020-09-02,98.628334
2020-09-03,98.653214
2020-09-04,98.162872
2020-09-08,98.270920
2020-09-09,98.262604
2020-09-10,98.270920
2020-09-11,98.387291
2020-09-14,98.395599
2020-09-15,98.403893
2020-09-16,98.354027
2020-09-17,98.378944
2020-09-18,98.262604
2020-09-21,98.279205
2020-09-22,98.354027
2020-09-23,98.146278
2020-09-24,98.154533
2020-09-25,98.187805
2020-09-28,98.270920
2020-09-29,98.287529
2020-09-30,98.129623
2020-10-01,98.264488
2020-10-02,98.164597
2020-10-05,97.848129
2020-10-06,97.931473
2020-10-07,97.864838
2020-10-08,97.989761
2020-10-09,98.014717
2020-10-12,98.206207
2020-10-13,98.231171
2020-10-14,98.289467
2020-10-15,98.206207
2020-10-16,98.156258
2020-10-19,98.039688
2020-10-20,97.956421
2020-10-21,97.839882
2020-10-22,97.665016
2020-10-23,97.806564
2020-10-26,97.939781
2020-10-27,98.164597
2020-10-28,98.023064
2020-10-29,97.848129
2020-10-30,97.581764
2020-11-02,97.758537
2020-11-03,97.716820
2020-11-04,98.367355
2020-11-05,98.459106
2020-11-06,98.242271
2020-11-09,97.783569
2020-11-10,97.625107
2020-11-11,97.683479
2020-11-12,98.092155
2020-11-13,98.108810
2020-11-16,98.100502
2020-11-17,98.300636
2020-11-18,98.367355
2020-11-19,98.550819
2020-11-20,98.650894
2020-11-23,98.625877
2020-11-24,98.492462
2020-11-25,98.459106
2020-11-27,98.625877
2020-11-30,98.759300
2020-12-01,98.446877
2020-12-02,98.338280
2020-12-03,98.505325
2020-12-04,98.238029
2020-12-07,98.388405
2020-12-08,98.396774
2020-12-09,98.254730
2020-12-10,98.497009
2020-12-11,98.605614
2020-12-14,98.547104
2020-12-15,98.605614
2020-12-16,98.563843
2020-12-17,98.559669
2020-12-18,98.509476
2020-12-21,98.509476
2020-12-22,98.651642
2020-12-23,98.584740
2020-12-24,98.676773
2020-12-28,98.693466
2020-12-29,98.710205
2020-12-30,98.768738
2020-12-31,98.844017
2021-01-04,98.718567
2021-01-05,98.618210
2021-01-06,98.133110
2021-01-07,98.032745
2021-01-08,97.915695
2021-01-11,97.756783
2021-01-12,97.840416
2021-01-13,98.149857
2021-01-14,97.957497
2021-01-15,98.057861
2021-01-19,98.191650
2021-01-20,98.200066
2021-01-21,98.057861
2021-01-22,98.057861
2021-01-25,98.308762
2021-01-26,98.275299
2021-01-27,98.283653
2021-01-28,98.216766
2021-01-29,98.108032
2021-02-01,98.201859
2021-02-02,98.051094
2021-02-03,97.933807
2021-02-04,97.891914
2021-02-05,97.766281
2021-02-08,97.866798
2021-02-09,97.908661
2021-02-10,98.000832
2021-02-11,97.883537
2021-02-12,97.657364
2021-02-16,97.196640
2021-02-17,97.389305
2021-02-18,97.339073
2021-02-19,97.037483
2021-02-22,96.735931
2021-02-23,96.761032
2021-02-24,96.727516
2021-02-25,95.839600
2021-02-26,96.618614
2021-03-01,96.568329
2021-03-02,96.585052
2021-03-03,96.232674
2021-03-04,95.955788
2021-03-05,95.888657
2021-03-08,95.511086
2021-03-09,95.871872
2021-03-10,96.031296
2021-03-11,96.022926
2021-03-12,95.477493
2021-03-15,95.578209
2021-03-16,95.544647
2021-03-17,95.536247
2021-03-18,95.167061
2021-03-19,95.242584
2021-03-22,95.427155
2021-03-23,95.670486
2021-03-24,95.787971
2021-03-25,95.737648
2021-03-26,95.578209
2021-03-29,95.418755
2021-03-30,95.494255
2021-03-31,95.511086
2021-04-01,95.832077
2021-04-05,95.638779
2021-04-06,95.974930
2021-04-07,95.823677
2021-04-08,96.058975
2021-04-09,95.949722
2021-04-12,95.924522
2021-04-13,96.201843
2021-04-14,96.126213
2021-04-15,96.504333
2021-04-16,96.252243
2021-04-19,96.176613
2021-04-20,96.327873
2021-04-21,96.420311
2021-04-22,96.445518
2021-04-23,96.428703
2021-04-26,96.344696
2021-04-27,96.109398
2021-04-28,96.159805
2021-04-29,96.109398
2021-04-30,96.210220
2021-05-03,96.271667
2021-05-04,96.389511
2021-05-05,96.465248
2021-05-06,96.482079
2021-05-07,96.456818
2021-05-10,96.305328
2021-05-11,96.094940
2021-05-12,95.758316
2021-05-13,95.977089
2021-05-14,96.195923
2021-05-17,96.111778
2021-05-18,95.993950
2021-05-19,95.859276
2021-05-20,96.187515
2021-05-21,96.229591
2021-05-24,96.322166
2021-05-25,96.557823
2021-05-26,96.524162
2021-05-27,96.406319
2021-05-28,96.406319
2021-06-01,96.361671
2021-06-02,96.488091
2021-06-03,96.260536
2021-06-04,96.656631
2021-06-07,96.589264
2021-06-08,96.766182
2021-06-09,96.960052
2021-06-10,97.162354
2021-06-11,97.120209
2021-06-14,96.875763
2021-06-15,96.917938
2021-06-16,96.606071
2021-06-17,96.909508
2021-06-18,97.170799
2021-06-21,96.917938
2021-06-22,97.019066
2021-06-23,96.968491
2021-06-24,97.002205
2021-06-25,96.808342
2021-06-28,97.086464
2021-06-29,97.137039
2021-06-30,97.204460
2021-07-01,97.150520
2021-07-02,97.361465
2021-07-06,97.673744
2021-07-07,97.842537
2021-07-08,97.952248
2021-07-09,97.631554
2021-07-12,97.572464
2021-07-13,97.361465
2021-07-14,97.690643
2021-07-15,97.901627
2021-07-16,97.817192
2021-07-19,98.332016
2021-07-20,98.239212
2021-07-21,97.918472
2021-07-22,98.146355
2021-07-23,98.078880
2021-07-26,97.994461
2021-07-27,98.222328
2021-07-28,98.315178
2021-07-29,98.154808
2021-07-30,98.289848
2021-08-02,98.498611
2021-08-03,98.532425
2021-08-04,98.524002
2021-08-05,98.304207
2021-08-06,97.864716
2021-08-09,97.687210
2021-08-10,97.560463
2021-08-11,97.653404
2021-08-12,97.661880
2021-08-13,98.016846
2021-08-16,98.067589
2021-08-17,97.991531
2021-08-18,97.999947
2021-08-19,98.168999
2021-08-20,98.177460
2021-08-23,98.177460
2021-08-24,98.033775
2021-08-25,97.847809
2021-08-26,97.856293
2021-08-27,98.126717
2021-08-30,98.236626
2021-08-31,98.092911
2021-09-01,98.124222
2021-09-02,98.225815
2021-09-03,98.056541
2021-09-07,97.794121
2021-09-08,97.954971
2021-09-09,98.268112
2021-09-10,98.073433
2021-09-13,98.200401
2021-09-14,98.420479
2021-09-15,98.327400
2021-09-16,98.158112
2021-09-17,98.073433
2021-09-20,98.259644
2021-09-21,98.301979
2021-09-22,98.335838
2021-09-23,97.853401
2021-09-24,97.684128
2021-09-27,97.548683
2021-09-28,97.142418
2021-09-29,97.210136
2021-09-30,97.193192
2021-10-01,97.489906
2021-10-04,97.422089
2021-10-05,97.193184
2021-10-06,97.235573
2021-10-07,96.964287
2021-10-08,96.752365
2021-10-11,96.599762
2021-10-12,96.955833
2021-10-13,97.176231
2021-10-14,97.362770
2021-10-15,97.125359
2021-10-18,97.057549
2021-10-19,96.777809
2021-10-20,96.709991
2021-10-21,96.506538
2021-10-22,96.693008
2021-10-25,96.786285
2021-10-26,96.964287
2021-10-27,97.286430
2021-10-28,97.210121
2021-10-29,97.184685
2021-11-01,97.125282
2021-11-02,97.320549
2021-11-03,97.125282
2021-11-04,97.447937
2021-11-05,97.829994
2021-11-08,97.651703
2021-11-09,97.923409
2021-11-10,97.261131
2021-11-11,97.082802
2021-11-12,97.065849
2021-11-15,96.709244
2021-11-16,96.675255
2021-11-17,96.904541
2021-11-18,96.989441
2021-11-19,97.176208
2021-11-22,96.709244
2021-11-23,96.327133
2021-11-24,96.547913
2021-11-26,97.235641
2021-11-29,97.286575
2021-11-30,97.447937
2021-12-01,97.466637
2021-12-02,97.449638
2021-12-03,97.840736
2021-12-06,97.500626
2021-12-07,97.347603
2021-12-08,97.092529
2021-12-09,97.101006
2021-12-10,97.126518
2021-12-13,97.466637
2021-12-14,97.279587
2021-12-15,97.203041
2021-12-16,97.336670
2021-12-17,97.455841
2021-12-20,97.311142
2021-12-21,97.234535
2021-12-22,97.319672
2021-12-23,97.200470
2021-12-27,97.251556
2021-12-28,97.209007
2021-12-29,96.919586
2021-12-30,97.132401
2021-12-31,97.098358
2022-01-03,96.434471
2022-01-04,96.425949
2022-01-05,96.128059
2022-01-06,96.025909
2022-01-07,95.745033
2022-01-10,95.659920
2022-01-11,95.838669
2022-01-12,95.838669
2022-01-13,96.008888
2022-01-14,95.472679
2022-01-18,94.893906
2022-01-19,95.098152
2022-01-20,95.149223
2022-01-21,95.523727
2022-01-24,95.413086
2022-01-25,95.319466
2022-01-26,94.783234
2022-01-27,95.098152
2022-01-28,95.166275
2022-01-31,95.157738
2022-02-01,95.124504
2022-02-02,95.226784
2022-02-03,94.843193
2022-02-04,94.246559
2022-02-07,94.331787
2022-02-08,94.041985
2022-02-09,94.101654
2022-02-10,93.232254
2022-02-11,93.845940
2022-02-14,93.300423
2022-02-15,93.147003
2022-02-16,93.257820
2022-02-17,93.453842
2022-02-18,93.649895
2022-02-22,93.547638
2022-02-23,93.129929
2022-02-24,93.300423
2022-02-25,93.394211
2022-02-28,94.067574
2022-03-01,94.597633
2022-03-02,93.462326
2022-03-03,93.778152
2022-03-04,94.153786
2022-03-07,93.607468
2022-03-08,93.274551
2022-03-09,93.078224
2022-03-10,92.557549
2022-03-11,92.540421
2022-03-14,91.644150
2022-03-15,91.849030
2022-03-16,91.917282
2022-03-17,92.070938
2022-03-18,92.275803
2022-03-21,91.371002
2022-03-22,91.123451
2022-03-23,91.499054
2022-03-24,91.294174
2022-03-25,90.568626
2022-03-28,90.790527
2022-03-29,91.217339
2022-03-30,91.464874
2022-03-31,91.422218
2022-04-01,91.259773
2022-04-04,91.336708
2022-04-05,90.413429
2022-04-06,90.182617
2022-04-07,89.986008
2022-04-08,89.532883
2022-04-11,89.148201
2022-04-12,89.430305
2022-04-13,89.609810
2022-04-14,88.883194
2022-04-18,88.609612
2022-04-19,88.071030
2022-04-20,88.575417
2022-04-21,88.088104
2022-04-22,88.002617
2022-04-25,88.592529
2022-04-26,88.866096
2022-04-27,88.507019
2022-04-28,88.472839
2022-04-29,87.942780
2022-05-02,87.464073
2022-05-03,87.661049
2022-05-04,88.226257
2022-05-05,87.352760
2022-05-06,86.984512
2022-05-09,87.412689
2022-05-10,87.678207
2022-05-11,88.003632
2022-05-12,88.166351
2022-05-13,87.789505
2022-05-16,87.986496
2022-05-17,87.506897
2022-05-18,87.858002
2022-05-19,88.080696
2022-05-20,88.346161
2022-05-23,88.054970
2022-05-24,88.731560
2022-05-25,89.099792
2022-05-26,89.031281
2022-05-27,89.176888
2022-05-31,88.611633
2022-06-01,88.247871
2022-06-02,88.359421
2022-06-03,88.213554
2022-06-06,87.673065
2022-06-07,88.007652
2022-06-08,87.647316
2022-06-09,87.552940
2022-06-10,86.875168
2022-06-13,85.450974
2022-06-14,84.944817
2022-06-15,85.888573
2022-06-16,86.094475
2022-06-17,86.085876
2022-06-21,85.742691
2022-06-22,86.471916
2022-06-23,86.832275
2022-06-24,86.695023
2022-06-27,86.308922
2022-06-28,86.343239
2022-06-29,86.840866
2022-06-30,87.235535
2022-07-01,87.962669
2022-07-05,88.125954
2022-07-06,87.532913
2022-07-07,87.335213
2022-07-08,87.008606
2022-07-11,87.412552
2022-07-12,87.532913
2022-07-13,87.850906
2022-07-14,87.541496
2022-07-15,87.885300
2022-07-18,87.601677
2022-07-19,87.481339
2022-07-20,87.421173
2022-07-21,88.151741
2022-07-22,88.839371
2022-07-25,88.512756
2022-07-26,88.495567
2022-07-27,88.804977
2022-07-28,89.441032
2022-07-29,89.449615
2022-08-01,89.759628
2022-08-02,88.838196
2022-08-03,89.234337
2022-08-04,89.449600
2022-08-05,88.450638
2022-08-08,88.855408
2022-08-09,88.657341
2022-08-10,88.881241
2022-08-11,88.407631
2022-08-12,88.803757
2022-08-15,88.915688
2022-08-16,88.786499
2022-08-17,88.261223
2022-08-18,88.450638
2022-08-19,87.830605
2022-08-22,87.451706
2022-08-23,87.417274
2022-08-24,87.184738
2022-08-25,87.667030
2022-08-26,87.503365
2022-08-29,87.081398
2022-08-30,87.193359
2022-08-31,86.728302
2022-09-01,86.352112
2022-09-02,86.602325
2022-09-06,85.791199
2022-09-07,86.386620
2022-09-08,86.110458
2022-09-09,86.101860
2022-09-12,85.972389
2022-09-13,85.489166
2022-09-14,85.601334
2022-09-15,85.342506
2022-09-16,85.282082
2022-09-19,85.152641
2022-09-20,84.772957
2022-09-21,85.040459
2022-09-22,84.134392
2022-09-23,83.875496
2022-09-26,82.796875
2022-09-27,82.443077
2022-09-28,83.771988
2022-09-29,83.331886
2022-09-30,83.133415
2022-10-03,83.808807
2022-10-04,84.033684
2022-10-05,83.592651
2022-10-06,83.263992
2022-10-07,82.822945
2022-10-10,82.451088
2022-10-11,82.502960
2022-10-12,82.572174
2022-10-13,82.312698
2022-10-14,81.862991
2022-10-17,82.035980
2022-10-18,82.174355
2022-10-19,81.465187
2022-10-20,80.972275
2022-10-21,81.093323
2022-10-24,80.980911
2022-10-25,81.776520
2022-10-26,82.139748
2022-10-27,82.554855
2022-10-28,82.347282
2022-10-31,82.070572
2022-11-01,82.223114
2022-11-02,82.084442
2022-11-03,81.781067
2022-11-04,81.772400
2022-11-07,81.512360
2022-11-08,81.859070
2022-11-09,81.954376
2022-11-10,83.713982
2022-11-11,83.653313
2022-11-14,83.419266
2022-11-15,84.034683
2022-11-16,84.554764
2022-11-17,84.199371
2022-11-18,84.078003
2022-11-21,84.026039
2022-11-22,84.459389
2022-11-23,84.962166
2022-11-25,84.979492
2022-11-28,84.840797
2022-11-29,84.537422
2022-11-30,85.196182
2022-12-01,85.905113
2022-12-02,86.261307
2022-12-05,85.583664
2022-12-06,85.835602
2022-12-07,86.600113
2022-12-08,86.339493
2022-12-09,85.826942
2022-12-12,85.844292
2022-12-13,86.417664
2022-12-14,86.608810
2022-12-15,86.735924
2022-12-16,86.509529
2022-12-19,85.978409
2022-12-20,85.394966
2022-12-21,85.630104
2022-12-22,85.603943
2022-12-23,85.307922
2022-12-27,84.689674
2022-12-28,84.541618
2022-12-29,84.855103
2022-12-30,84.454552
2023-01-03,84.950912
2023-01-04,85.421112
2023-01-05,85.351456
2023-01-06,86.283150
2023-01-09,86.500824
2023-01-10,86.169945
2023-01-11,86.701149
2023-01-12,87.328072
2023-01-13,87.005913
2023-01-17,86.849144
2023-01-18,87.711182
2023-01-19,87.510918
2023-01-20,87.153915
2023-01-23,86.936218
2023-01-24,87.319359
2023-01-25,87.423820
2023-01-26,87.275833
2023-01-27,87.145210
2023-01-30,86.910095
2023-01-31,87.267113
2023-02-01,87.882477
2023-02-02,87.978516
2023-02-03,87.131805
2023-02-06,86.651680
2023-02-07,86.503311
2023-02-08,86.625519
2023-02-09,86.285110
2023-02-10,85.909744
2023-02-13,86.171616
2023-02-14,85.866096
2023-02-15,85.700287
2023-02-16,85.342361
2023-02-17,85.543144
2023-02-21,84.740112
2023-02-22,84.967033
2023-02-23,85.272575
2023-02-24,84.783722
2023-02-27,84.949585
2023-02-28,84.940849
2023-03-01,84.454338
2023-03-02,84.279327
2023-03-03,84.944382
2023-03-06,84.734367
2023-03-07,84.620628
2023-03-08,84.533112
2023-03-09,84.839371
2023-03-10,85.828094
2023-03-13,86.510605
2023-03-14,86.003090
2023-03-15,86.860573
2023-03-16,86.519341
2023-03-17,87.061829
2023-03-20,86.711830
2023-03-21,86.449364
2023-03-22,87.280579
2023-03-23,87.490570
2023-03-24,87.639336
2023-03-27,86.694344
2023-03-28,86.563087
2023-03-29,86.668106
2023-03-30,86.764343
2023-03-31,87.184357
2023-04-03,87.563293
2023-04-04,87.887871
2023-04-05,88.186134
2023-04-06,88.107162
2023-04-10,87.501869
2023-04-11,87.554512
2023-04-12,87.659798
2023-04-13,87.624695
2023-04-14,87.194832
2023-04-17,86.756287
2023-04-18,86.879059
2023-04-19,86.747467
2023-04-20,87.142204
2023-04-21,86.993111
2023-04-24,87.335205
2023-04-25,87.879089
2023-04-26,87.554512
2023-04-27,87.238731
2023-04-28,87.686058
2023-05-01,86.788239
2023-05-02,87.632462
2023-05-03,88.019402
2023-05-04,87.913849
2023-05-05,87.632462
2023-05-08,87.148750
2023-05-09,87.069656
2023-05-10,87.632462
2023-05-11,87.896263
2023-05-12,87.403816
2023-05-15,87.183960
2023-05-16,86.981712
2023-05-17,86.849785
2023-05-18,86.445251
2023-05-19,86.251808
2023-05-22,86.172653
2023-05-23,86.269417
2023-05-24,86.049530
2023-05-25,85.732964
2023-05-26,85.803299
2023-05-30,86.374924
2023-05-31,86.682701
2023-06-01,86.945450
2023-06-02,86.486977
2023-06-05,86.478165
2023-06-06,86.583954
2023-06-07,86.125465
2023-06-08,86.583954
2023-06-09,86.381142
2023-06-12,86.531052
2023-06-13,86.125465
2023-06-14,86.204819
2023-06-15,86.804390
2023-06-16,86.531052
2023-06-20,86.689743
2023-06-21,86.830841
2023-06-22,86.381142
2023-06-23,86.636841
2023-06-26,86.742676
2023-06-27,86.575142
2023-06-28,86.830841
2023-06-29,86.160736
2023-06-30,86.363503
2023-07-03,86.261879
2023-07-05,85.872871
2023-07-06,85.315964
2023-07-07,85.333641
2023-07-10,85.572342
2023-07-11,85.757980
2023-07-12,86.456360
2023-07-13,86.995598
2023-07-14,86.580093
2023-07-17,86.677361
2023-07-18,86.748070
2023-07-19,87.013290
2023-07-20,86.562439
2023-07-21,86.624321
2023-07-24,86.465172
2023-07-25,86.367905
2023-07-26,86.650833
2023-07-27,85.908241
2023-07-28,86.244202
2023-07-31,86.350266
2023-08-01,85.778542
2023-08-02,85.574631
2023-08-03,84.998466
2023-08-04,85.698753
2023-08-07,85.716476
2023-08-08,85.920349
2023-08-09,85.982407
2023-08-10,85.423950
2023-08-11,85.158020
2023-08-14,85.095985
2023-08-15,84.865486
2023-08-16,84.661652
2023-08-17,84.572990
2023-08-18,84.759148
2023-08-21,84.333664
2023-08-22,84.422302
2023-08-23,85.228928
2023-08-24,85.033951
2023-08-25,84.980759
2023-08-28,85.166885
2023-08-29,85.716476
2023-08-30,85.681023
2023-08-31,85.805130
2023-09-01,85.360718
2023-09-05,84.898537
2023-09-06,84.818542
2023-09-07,85.085190
2023-09-08,85.129623
2023-09-11,85.031868
2023-09-12,85.058502
2023-09-13,85.182938
2023-09-14,85.067413
2023-09-15,84.871864
2023-09-18,84.996315
2023-09-19,84.747452
2023-09-20,84.703003
2023-09-21,84.125267
2023-09-22,84.480812
2023-09-25,83.814201
2023-09-26,83.707542
2023-09-27,83.414246
2023-09-28,83.663116
2023-09-29,83.583092
2023-10-02,83.001129
2023-10-03,82.350533
2023-10-04,82.929832
2023-10-05,82.983307
2023-10-06,82.662453
2023-10-09,83.518059
2023-10-10,83.437828
2023-10-11,83.821045
2023-10-12,83.099159
2023-10-13,83.455658
2023-10-16,82.992233
2023-10-17,82.395073
2023-10-18,82.011841
2023-10-19,81.699936
2023-10-20,81.994026
2023-10-23,82.314873
2023-10-24,82.608994
2023-10-25,81.994026
2023-10-26,82.546585
2023-10-27,82.519844
2023-10-30,82.323814
2023-10-31,82.270287
2023-11-01,83.179428
2023-11-02,83.680031
2023-11-03,84.189545
2023-11-06,83.769409
2023-11-07,84.216377
2023-11-08,84.502419
2023-11-09,83.796211
2023-11-10,83.992897
2023-11-13,83.983963
2023-11-14,85.038795
2023-11-15,84.511360
2023-11-16,84.976204
2023-11-17,85.146042
2023-11-20,85.280151
2023-11-21,85.369568
2023-11-22,85.450012
2023-11-24,85.056671
2023-11-27,85.539398
2023-11-28,85.914833
2023-11-29,86.334991
2023-11-30,86.048935
2023-12-01,86.805534
2023-12-04,86.473816
2023-12-05,87.047585
2023-12-06,87.271698
2023-12-07,87.298599
2023-12-08,86.859329
2023-12-11,86.868301
2023-12-12,87.128288
2023-12-13,88.221977
2023-12-14,88.934013
2023-12-15,88.727242
2023-12-18,88.547432
2023-12-19,88.655304
2023-12-20,88.979004
2023-12-21,88.969994
2023-12-22,88.853119
2023-12-26,89.032906
2023-12-27,89.599312
2023-12-28,89.401520
2023-12-29,89.230728
2024-01-02,88.808159
2024-01-03,88.853119
2024-01-04,88.493484
2024-01-05,88.286705
2024-01-08,88.619362
2024-01-09,88.601379
2024-01-10,88.430550
2024-01-11,88.934013
2024-01-12,89.095863
2024-01-16,88.430550
2024-01-17,88.187820
2024-01-18,88.106911
2024-01-19,88.124870
2024-01-22,88.286705
2024-01-23,88.070953
2024-01-24,87.873146
2024-01-25,88.268745
2024-01-26,88.169815
2024-01-29,88.520454
2024-01-30,88.691277
2024-01-31,89.095863
2024-02-01,89.603523
2024-02-02,88.782951
2024-02-05,88.052567
2024-02-06,88.512428
2024-02-07,88.332115
2024-02-08,88.061584
2024-02-09,88.034523
2024-02-12,88.052567
2024-02-13,87.241020
2024-02-14,87.628754
2024-02-15,87.836159
2024-02-16,87.556618
2024-02-20,87.637764
2024-02-21,87.376266
2024-02-22,87.448433
2024-02-23,87.773026
2024-02-26,87.583664
2024-02-27,87.466461
2024-02-28,87.637764
2024-02-29,87.782043
2024-03-01,88.203476
2024-03-04,87.986427
2024-03-05,88.465744
2024-03-06,88.601418
2024-03-07,88.791344
2024-03-08,88.872719
2024-03-11,88.773232
2024-03-12,88.547134
2024-03-13,88.384384
2024-03-14,87.823662
2024-03-15,87.814613
2024-03-18,87.724174
2024-03-19,87.941216
2024-03-20,88.122093
2024-03-21,88.185394
2024-03-22,88.465744
2024-03-25,88.302956
2024-03-26,88.393410
2024-03-27,88.682816
2024-03-28,88.574295
2024-04-01,87.930267
2024-04-02,87.866776
2024-04-03,87.921165
2024-04-04,88.129852
2024-04-05,87.694443
2024-04-08,87.612801
2024-04-09,87.912109
2024-04-10,86.859940
2024-04-11,86.878067
2024-04-12,87.041367
2024-04-15,86.515236
2024-04-16,86.270348
2024-04-17,86.669464
2024-04-18,86.424553
2024-04-19,86.515236
2024-04-22,86.569687
2024-04-23,86.751122
2024-04-24,86.524323
2024-04-25,86.279442
2024-04-26,86.469902
2024-04-29,86.732964
2024-04-30,86.379196
2024-05-01,86.684006
2024-05-02,87.075226
2024-05-03,87.521126
2024-05-06,87.584793
2024-05-07,87.766762
2024-05-08,87.584793
2024-05-09,87.748573
2024-05-10,87.566589
2024-05-13,87.612068
2024-05-14,87.848663
2024-05-15,88.430977
2024-05-16,88.330902
2024-05-17,88.048828
2024-05-20,87.966942
2024-05-21,88.130722
2024-05-22,88.021523
2024-05-23,87.775871
2024-05-24,87.875946
2024-05-28,87.466499
2024-05-29,87.129852
2024-05-30,87.539291
2024-05-31,87.821335
2024-06-03,88.352562
2024-06-04,88.672043
2024-06-05,88.945839
2024-06-06,88.973228
2024-06-07,88.188278
2024-06-10,88.115250
2024-06-11,88.416458
2024-06-12,88.836327
2024-06-13,89.283554
2024-06-14,89.374825
2024-06-17,89.055389
2024-06-18,89.374825
2024-06-20,89.219666
2024-06-21,89.228798
2024-06-24,89.301804
2024-06-25,89.292671
2024-06-26,88.891068
2024-06-27,89.037109
2024-06-28,88.599014
2024-07-01,88.123825
2024-07-02,88.416817
2024-07-03,88.892883
2024-07-05,89.341530
2024-07-08,89.368996
2024-07-09,89.286598
2024-07-10,89.378166
2024-07-11,89.835945
2024-07-12,90.083153
2024-07-15,89.771866
2024-07-16,90.138092
2024-07-17,90.202171
2024-07-18,89.954964
2024-07-19,89.771866
2024-07-22,89.735229
2024-07-23,89.726059
2024-07-24,89.451408
2024-07-25,89.698608
2024-07-26,90.019073
2024-07-29,90.165558
2024-07-30,90.257111
2024-07-31,90.742386
2024-08-01,91.122589
2024-08-02,92.141998
2024-08-05,92.068504
2024-08-06,91.517479
2024-08-07,91.241974
2024-08-08,91.104218
2024-08-09,91.425644
2024-08-12,91.581772
2024-08-13,91.949127
2024-08-14,92.114426
2024-08-15,91.728714
2024-08-16,91.949127
2024-08-19,92.050156
2024-08-20,92.325661
2024-08-21,92.500160
2024-08-22,92.123611
2024-08-23,92.546089
2024-08-26,92.463409
2024-08-27,92.490982
2024-08-28,92.408318
2024-08-29,92.288933
2024-08-30,92.068504
2024-09-03,92.457291
2024-09-04,92.862656
2024-09-05,93.102180
2024-09-06,93.221924
2024-09-09,93.360130
2024-09-10,93.645721
2024-09-11,93.618080
2024-09-12,93.535156
2024-09-13,93.728622
2024-09-16,93.949722
2024-09-17,93.857590
2024-09-18,93.562782
2024-09-19,93.571999
2024-09-20,93.489098
2024-09-23,93.452232
2024-09-24,93.581200
2024-09-25,93.221924
2024-09-26,93.240356
2024-09-27,93.507507
2024-09-30,93.295609
2024-10-01,93.542351
2024-10-02,93.348297
2024-10-03,92.969429
2024-10-04,92.368797
2024-10-07,92.054619
2024-10-08,92.211700
2024-10-09,91.971443
2024-10-10,91.916008
2024-10-11,91.943726
2024-10-14,91.860565
2024-10-15,92.230186
2024-10-16,92.350304
2024-10-17,91.897522
2024-10-18,91.962204
2024-10-21,91.324608
2024-10-22,91.343094
2024-10-23,91.112068
2024-10-24,91.287636
2024-10-25,91.102837
2024-10-28,90.954987
2024-10-29,91.056641
2024-10-30,90.964226
2024-10-31,90.945747
2024-11-01,90.584206
2024-11-04,90.964287
2024-11-05,91.177498
2024-11-06,90.463707
2024-11-07,91.149673
2024-11-08,91.307266
2024-11-11,91.103310
2024-11-12,90.574966
2024-11-13,90.556412
2024-11-14,90.519341
2024-11-15,90.528633
2024-11-18,90.612045
2024-11-19,90.741814
2024-11-20,90.649139
2024-11-21,90.602776
2024-11-22,90.667648
2024-11-25,91.483398
2024-11-26,91.344353
2024-11-27,91.594658
2024-11-29,91.956146
2024-12-02,91.967316
2024-12-03,91.790634
2024-12-04,92.088188
2024-12-05,92.106796
2024-12-06,92.367157
2024-12-09,92.097504
2024-12-10,91.985909
2024-12-11,91.772041
2024-12-12,91.400085
2024-12-13,91.056015
2024-12-16,91.139702
2024-12-17,91.139702
2024-12-18,90.445595
2024-12-19,90.212379
2024-12-20,90.454933
2024-12-23,90.175064
2024-12-24,90.277679
2024-12-26,90.342995
2024-12-27,90.156403
2024-12-30,90.510918
2024-12-31,90.398972
2025-01-02,90.408302
2025-01-03,90.315002
2025-01-06,90.221725
2025-01-07,89.904526
2025-01-08,90.007141
2025-01-10,89.503372
2025-01-13,89.419426
2025-01-14,89.447365
2025-01-15,90.221725
2025-01-16,90.417610
2025-01-17,90.417610
2025-01-21,90.716164
2025-01-22,90.501595
2025-01-23,90.352318
2025-01-24,90.501595
2025-01-27,91.005348
2025-01-28,90.977364
2025-01-29,90.921387
2025-01-30,91.051994
2025-01-31,90.865425
2025-02-03,90.951538
2025-02-04,91.120018
2025-02-05,91.606720
2025-02-06,91.513138
2025-02-07,91.222969
2025-02-10,91.251038
2025-02-11,91.045128
2025-02-12,90.567780
2025-02-13,91.110657
2025-02-14,91.447594
2025-02-18,91.082581
2025-02-19,91.213593
2025-02-20,91.354019
2025-02-21,91.747131
2025-02-24,91.906288
2025-02-25,92.477234
2025-02-26,92.626976
2025-02-27,92.486588
2025-02-28,92.898422
2025-03-03,93.099350
2025-03-04,92.864632
2025-03-05,92.545410
2025-03-06,92.451515
2025-03-07,92.338837
2025-03-10,92.780113
2025-03-11,92.451515
2025-03-12,92.179230
2025-03-13,92.460915
2025-03-14,92.273125
2025-03-17,92.395180
2025-03-18,92.489082
2025-03-19,92.761353
2025-03-20,92.817680
2025-03-21,92.704994
2025-03-24,92.348244
2025-03-25,92.432724
2025-03-26,92.207382
2025-03-27,92.160477
2025-03-28,92.695610
2025-03-31,92.874001
2025-04-01,93.217827
2025-04-02,93.114204
2025-04-03,93.604027
2025-04-04,93.688812
2025-04-07,92.501938
2025-04-08,92.021538
2025-04-09,92.228752
2025-04-10,91.503433
2025-04-11,91.409256
2025-04-14,91.946159
2025-04-15,92.134552
2025-04-16,92.426575
2025-04-17,92.191086
2025-04-21,91.635307
2025-04-22,91.804871
2025-04-23,92.030945
2025-04-24,92.539604
2025-04-25,92.878708
2025-04-28,93.133064
2025-04-29,93.359123
2025-04-30,93.274338
2025-05-01,93.020126
2025-05-02,92.566521
2025-05-05,92.405846
2025-05-06,92.632652
2025-05-07,92.774399
2025-05-08,92.292442
2025-05-09,92.386971
2025-05-12,92.075104
2025-05-13,91.980591
2025-05-14,91.715996
2025-05-15,92.235741
2025-05-16,92.292442
2025-05-19,92.264107
2025-05-20,92.103455
2025-05-21,91.498611
2025-05-22,91.763237
2025-05-23,91.895531
2025-05-27,92.311356
2025-05-28,92.141251
2025-05-29,92.481461
2025-05-30,92.708282
2025-06-02,92.464592
2025-06-03,92.398201
2025-06-04,92.948151
2025-06-05,92.711098
2025-06-06,92.237030
2025-06-09,92.350822
2025-06-10,92.559410
2025-06-11,92.872314
2025-06-12,93.213638
2025-06-13,92.881798
2025-06-16,92.692154
2025-06-17,92.976608
2025-06-18,93.042961
2025-06-20,93.128304
2025-06-23,93.317924
2025-06-24,93.697205
2025-06-25,93.687721
2025-06-26,93.943726
2025-06-27,93.678230
2025-06-30,94.057495
2025-07-01,93.970947
2025-07-02,93.856819
2025-07-03,93.666557
2025-07-07,93.333626
2025-07-08,93.295578
2025-07-09,93.685570
2025-07-10,93.657028
2025-07-11,93.267044
2025-07-14,93.257530
2025-07-15,92.981682
2025-07-16,93.114845
2025-07-17,93.152901
2025-07-18,93.324112
2025-07-21,93.580917
2025-07-22,93.761681
2025-07-23,93.552391
2025-07-24,93.495323
2025-07-25,93.647522
2025-07-28,93.523872
2025-07-29,94.028008
2025-07-30,93.761681
2025-07-31,93.809250
2025-08-01,94.620483
2025-08-04,94.696846
2025-08-05,94.725479
2025-08-06,94.687302
2025-08-07,94.610947
2025-08-08,94.429604
2025-08-11,94.496422
2025-08-12,94.496422
2025-08-13,94.839989
2025-08-14,94.572762
2025-08-15,94.429604
2025-08-18,94.324638
2025-08-19,94.505959
2025-08-20,94.563232
2025-08-21,94.343697
2025-08-22,94.868637
2025-08-25,94.725479
2025-08-26,94.839989
2025-08-27,94.935440
2025-08-28,95.049973
2025-08-29,94.925911
2025-09-02,94.674072
2025-09-03,95.018784
2025-09-04,95.401810
2025-09-05,95.851845
2025-09-08,96.177429
2025-09-09,95.985909
2025-09-10,96.177429
2025-09-11,96.359383
2025-09-12,96.273193
2025-09-15,96.435974
2025-09-16,96.474289
2025-09-17,96.301910
2025-09-18,96.033791
2025-09-19,96.033791
2025-09-22,95.918907
2025-09-23,96.072098
2025-09-24,95.890152
2025-09-25,95.756104
2025-09-26,95.823143
2025-09-29,96.005066
2025-09-30,95.995499
2025-10-01,96.240479
2025-10-02,96.346138
2025-10-03,96.240479
2025-10-06,96.029121
2025-10-07,96.192421
2025-10-08,96.202049
2025-10-09,96.086754
2025-10-10,96.480629
2025-10-13,96.663170
2025-10-14,96.816879
2025-10-15,96.778435
2025-10-16,97.124275
2025-10-17,96.989799
2025-10-20,97.153099
2025-10-21,97.249176
2025-10-22,97.239586
2025-10-23,97.066650
2025-10-24,97.162727
2025-10-27,97.229965
2025-10-28,97.287605
2025-10-29,96.826469
2025-10-30,96.643944
2025-10-31,96.586311
2025-11-03,96.467758
2025-11-04,96.515961
2025-11-05,96.255722
2025-11-06,96.612328
2025-11-07,96.573784
2025-11-10,96.535233
2025-11-11,96.824364
2025-11-12,96.785820
2025-11-13,96.496681
2025-11-14,96.381027
2025-11-17,96.400299
2025-11-18,96.458122
2025-11-19,96.458122
2025-11-20,96.573784
2025-11-21,96.805107
2025-11-24,96.997856
2025-11-25,97.152077
2025-11-26,97.306274
2025-11-28,97.171333
2025-12-01,96.751694
2025-12-02,96.877403
2025-12-03,97.061119
2025-12-04,96.829056
2025-12-05,96.722687
2025-12-08,96.567970
2025-12-09,96.480957
2025-12-10,96.790367
2025-12-11,96.809715
2025-12-12,96.509964
2025-12-15,96.606659
2025-12-16,96.790367
2025-12-17,96.761360
2025-12-18,97.003090
2025-12-19,96.861443
2025-12-22,96.822647
2025-12-23,96.822647
2025-12-24,97.036087
2025-12-26,97.055489
2025-12-29,97.171913
2025-12-30,97.133102
2025-12-31,96.900269
2026-01-02,96.871170
2026-01-05,97.055489
2026-01-06,97.036087
2026-01-07,97.133102
2026-01-08,96.958473
2026-01-09,97.171913
2026-01-12,97.123390
2026-01-13,97.210716
2026-01-14,97.356232
2026-01-15,97.230110
2026-01-16,97.065186
2026-01-20,96.696526
2026-01-21,97.016678
2026-01-22,97.036087
2026-01-23,97.123390
2026-01-26,97.268929
2026-01-27,97.201019
2026-01-28,97.162209
2026-01-29,97.162209
2026-01-30,97.142799
2026-02-02,97.030869
2026-02-03,97.040588
2026-02-04,96.982201
2026-02-05,97.400734
2026-02-06,97.459122
2026-02-09,97.488335
2026-02-10,97.770599
2026-02-11,97.546722
2026-02-12,97.984718
2026-02-13,98.296181
2026-02-17,98.305931
2026-02-18,98.169655
2026-02-19,98.189125
2026-02-20,98.208588
2026-02-23,98.403244
2026-02-24,98.393524
2026-02-25,98.344856
2026-02-26,98.500587
2026-02-27,98.695267
2026-03-02,98.300804
2026-03-03,98.193405
2026-03-04,98.154343
2026-03-05,97.871185
2026-03-06,97.754044
2026-03-09,98.066475
2026-03-10,97.744270
2026-03-11,97.304916
2026-03-12,96.943649
2026-03-13,96.865540
2026-03-16,97.246330
2026-03-17,97.441589
2026-03-18,97.031525
2026-03-19,97.138924
2026-03-20,96.328552
2026-03-23,96.689796
2026-03-24,96.426170
2026-03-25,96.767899
2026-03-26,96.221130
2026-03-27,96.211380
2026-03-30,96.699554
2026-03-31,96.924118
2026-04-01,96.989769
2026-04-02,97.215096
2026-04-06,97.038750
2026-04-07,97.156311
2026-04-08,97.411034
2026-04-09,97.469810
2026-04-10,97.303268
2026-04-13,97.499199
2026-04-14,97.753922
2026-04-15,97.597168
2026-04-16,97.460022
2026-04-17,97.822502
2026-04-20,97.812706
2026-04-21,97.450211
2026-04-22,97.587372
2026-04-23,97.430611
2026-04-24,97.567772
2026-04-27,97.420837
2026-04-28,97.381638
2026-04-29,96.950569
2026-04-30,97.087730
2026-05-01,97.215530
2026-05-04,96.910797
2026-05-05,97.087730
2026-05-06,97.500580
2026-05-07,97.264664
2026-05-08,97.490753
2026-05-11,97.235184
2026-05-12,96.950119
2026-05-13,96.989433
2026-05-14,96.959946
2026-05-15,96.350510
2026-05-18,96.340675
2026-05-19,95.967148
2026-05-20,96.547112
2026-05-21,96.665054
2026-05-22,96.763359
2026-05-26,97.038582
2026-05-27,97.117218
2026-05-28,97.313812
2026-05-29,97.372787
2026-06-01,97.324463
2026-06-02,97.354050
2026-06-03,97.146942
2026-06-04,97.304749
2026-06-05,96.821472
2026-06-08,96.821472
2026-06-09,97.018723
2026-06-10,96.959549
2026-06-11,97.521721
2026-06-12,97.403374
2026-06-15,97.492126
2026-06-16,97.610481
2026-06-17,97.255424
2026-06-18,97.541458
2026-06-22,97.275146
2026-06-23,97.354050
2026-06-24,97.827461
2026-06-25,97.886635
2026-06-26,97.975403
2026-06-29,98.004997
2026-06-30,97.620354
2026-07-01,97.472900
2026-07-02,97.581749
2026-07-06,97.631241
2026-07-07,97.185928
2026-07-08,97.017700
2026-07-09,97.156242
2026-07-10,97.057289
2026-07-13,96.691139
2026-07-14,96.978119
2026-07-15,97.116653
2026-07-16,97.106758
2026-07-17,97.176033
2026-07-20,96.928642
2026-07-21,96.720825
2026-07-22,96.562500
2026-07-23,96.324989
2026-07-24,96.443748
2026-07-27,96.671349
2026-07-28,96.898949
2026-07-29,96.532814
2026-07-30,96.602081
2026-07-31,96.354698
2026-08-03,96.581093
2026-08-04,96.978310
2026-08-05,97.027954
2026-08-06,96.749908
2026-08-07,96.918716
2026-08-10,96.561234
2026-08-11,96.640678
2026-08-12,96.749908
2026-08-13,97.008095
2026-08-14,96.799568
2026-08-17,96.571167
2026-08-18,96.670471
2026-08-19,97.137184
2026-08-20,96.809486
2026-08-21,96.670471
2026-08-24,96.869080
2026-08-25,97.325859
2026-08-26,97.176903
2026-08-27,97.147118
2026-08-28,96.809486
2026-08-31,96.730049
2026-09-01,96.428116
2026-09-02,96.497871
2026-09-03,96.607483
2026-09-04,96.657310
2026-09-08,96.557663
2026-09-09,96.338440
2026-09-10,95.710670
2026-09-11,95.640915
2026-09-14,95.551231
2026-09-15,95.511368
2026-09-16,95.471512
2026-09-17,95.989677
2026-09-18,95.620987
2026-09-21,95.870102
2026-09-22,95.909958
2026-09-23,95.072929
2026-09-24,94.614548
2026-09-25,94.783951
2026-09-28,94.315613
2026-09-29,94.265785
2026-09-30,94.206001
2026-10-01,94.419998
2026-10-02,94.250000
