date,adj_close
2007-05-30,69.961021
2007-05-31,69.961021
2007-06-01,69.976303
2007-06-04,69.991539
2007-06-05,69.991539
2007-06-06,70.022095
2007-06-07,70.006828
2007-06-08,70.022095
2007-06-11,70.052673
2007-06-12,69.991539
2007-06-13,70.052673
2007-06-14,70.083199
2007-06-15,70.144318
2007-06-18,70.159569
2007-06-19,70.159569
2007-06-20,70.174858
2007-06-21,70.174858
2007-06-22,70.235931
2007-06-25,70.205421
2007-06-26,70.220650
2007-06-27,70.205421
2007-06-28,70.235931
2007-06-29,70.266525
2007-07-02,70.286491
2007-07-03,70.286491
2007-07-05,70.286491
2007-07-06,70.317131
2007-07-09,70.332474
2007-07-10,70.347816
2007-07-11,70.347816
2007-07-12,70.363197
2007-07-13,70.378510
2007-07-16,70.393860
2007-07-17,70.424530
2007-07-18,70.409180
2007-07-19,70.424530
2007-07-20,70.455238
2007-07-23,70.455238
2007-07-24,70.455238
2007-07-25,70.470573
2007-07-26,70.485916
2007-07-27,70.516609
2007-07-30,70.455238
2007-07-31,70.547256
2007-08-01,70.524178
2007-08-02,70.539566
2007-08-03,70.508774
2007-08-06,70.585785
2007-08-07,70.601212
2007-08-08,70.570374
2007-08-09,70.632027
2007-08-10,70.678246
2007-08-13,70.693619
2007-08-14,70.678246
2007-08-15,70.693619
2007-08-16,70.786095
2007-08-17,70.832298
2007-08-20,70.893883
2007-08-21,70.878487
2007-08-22,70.878487
2007-08-23,70.832298
2007-08-24,70.816856
2007-08-27,70.724426
2007-08-28,70.801460
2007-08-29,70.847656
2007-08-30,70.863075
2007-08-31,70.847656
2007-09-04,70.858521
2007-09-05,70.873962
2007-09-06,70.873962
2007-09-07,70.920357
2007-09-10,70.935837
2007-09-11,70.858521
2007-09-12,70.966759
2007-09-13,70.951317
2007-09-14,70.997711
2007-09-17,71.028603
2007-09-18,70.982239
2007-09-19,71.013092
2007-09-20,70.966759
2007-09-21,70.997711
2007-09-24,71.059555
2007-09-25,71.075020
2007-09-26,70.997711
2007-09-27,71.013092
2007-09-28,70.982239
2007-10-01,71.059845
2007-10-02,71.013237
2007-10-03,71.028755
2007-10-04,71.106361
2007-10-05,71.028755
2007-10-08,71.137413
2007-10-09,71.090874
2007-10-10,71.152908
2007-10-11,71.137413
2007-10-12,71.152908
2007-10-15,71.121918
2007-10-16,71.168457
2007-10-17,71.199524
2007-10-18,71.199524
2007-10-19,71.261536
2007-10-22,71.230530
2007-10-23,71.230530
2007-10-24,71.261536
2007-10-25,71.246078
2007-10-26,71.215050
2007-10-29,71.277092
2007-10-30,71.246078
2007-10-31,71.261536
2007-11-01,71.309822
2007-11-02,71.356522
2007-11-05,71.356522
2007-11-06,71.356522
2007-11-07,71.403244
2007-11-08,71.356522
2007-11-09,71.418816
2007-11-12,71.449974
2007-11-13,71.434395
2007-11-14,71.403244
2007-11-15,71.449974
2007-11-16,71.449974
2007-11-19,71.481094
2007-11-20,71.496643
2007-11-21,71.527809
2007-11-23,71.543381
2007-11-26,71.496643
2007-11-27,71.558945
2007-11-28,71.574493
2007-11-29,71.527809
2007-11-30,71.543381
2007-12-03,71.526215
2007-12-04,71.541870
2007-12-05,71.541870
2007-12-06,71.557457
2007-12-07,71.619873
2007-12-10,71.573036
2007-12-11,71.666748
2007-12-12,71.651154
2007-12-13,71.682365
2007-12-14,71.635513
2007-12-17,71.666748
2007-12-18,71.666748
2007-12-19,71.698006
2007-12-20,71.729233
2007-12-21,71.729233
2007-12-24,71.729233
2007-12-26,71.698006
2007-12-27,71.729233
2007-12-28,71.727646
2007-12-31,71.711975
2008-01-02,71.774643
2008-01-03,71.727646
2008-01-04,71.711975
2008-01-07,71.774643
2008-01-08,71.727646
2008-01-09,71.680626
2008-01-10,71.711975
2008-01-11,71.743378
2008-01-14,71.805916
2008-01-15,71.790321
2008-01-16,71.790321
2008-01-17,71.758995
2008-01-18,71.805916
2008-01-22,71.837288
2008-01-23,71.915604
2008-01-24,71.946938
2008-01-25,71.868599
2008-01-28,71.899925
2008-01-29,71.962585
2008-01-30,71.993866
2008-01-31,71.993866
2008-02-01,71.985985
2008-02-04,72.001717
2008-02-05,71.954620
2008-02-06,72.017441
2008-02-07,72.001717
2008-02-08,72.001717
2008-02-11,72.017441
2008-02-12,72.001717
2008-02-13,72.017441
2008-02-14,72.033180
2008-02-15,72.033180
2008-02-19,72.033180
2008-02-20,72.001717
2008-02-21,72.064476
2008-02-22,72.064476
2008-02-25,72.033180
2008-02-26,72.080223
2008-02-27,72.095963
2008-02-28,72.095963
2008-02-29,72.111664
2008-03-03,72.138382
2008-03-04,72.138382
2008-03-05,72.122643
2008-03-06,72.154114
2008-03-07,72.154114
2008-03-10,72.154114
2008-03-11,72.154114
2008-03-12,72.169868
2008-03-13,72.154114
2008-03-14,72.248528
2008-03-17,72.232773
2008-03-18,72.311394
2008-03-19,72.327141
2008-03-20,72.311394
2008-03-24,72.248528
2008-03-25,72.201286
2008-03-26,72.248528
2008-03-27,72.264236
2008-03-28,72.201286
2008-03-31,72.279938
2008-04-01,72.232689
2008-04-02,72.232689
2008-04-03,72.232689
2008-04-04,72.264214
2008-04-07,72.232689
2008-04-08,72.279945
2008-04-09,72.279945
2008-04-10,72.279945
2008-04-11,72.279945
2008-04-14,72.311440
2008-04-15,72.311440
2008-04-16,72.264214
2008-04-17,72.264214
2008-04-18,72.216949
2008-04-21,72.248444
2008-04-22,72.264214
2008-04-23,72.264214
2008-04-24,72.279945
2008-04-25,72.279945
2008-04-28,72.232689
2008-04-29,72.311440
2008-04-30,72.232689
2008-05-01,72.286285
2008-05-02,72.238976
2008-05-05,72.254814
2008-05-06,72.223251
2008-05-07,72.270523
2008-05-08,72.238976
2008-05-09,72.270523
2008-05-12,72.270523
2008-05-13,72.238976
2008-05-14,72.238976
2008-05-15,72.238976
2008-05-16,72.254814
2008-05-19,72.254814
2008-05-20,72.223251
2008-05-21,72.223251
2008-05-22,72.270523
2008-05-23,72.270523
2008-05-27,72.270523
2008-05-28,72.302101
2008-05-29,72.270523
2008-05-30,72.302101
2008-06-02,72.360481
2008-06-03,72.360481
2008-06-04,72.344696
2008-06-05,72.297371
2008-06-06,72.313118
2008-06-09,72.344696
2008-06-10,72.392090
2008-06-11,72.439453
2008-06-12,72.392090
2008-06-13,72.439453
2008-06-16,72.439453
2008-06-17,72.423683
2008-06-18,72.455223
2008-06-19,72.439453
2008-06-20,72.471024
2008-06-23,72.471024
2008-06-24,72.471024
2008-06-25,72.486816
2008-06-26,72.486816
2008-06-27,72.518417
2008-06-30,72.471024
2008-07-01,72.496330
2008-07-02,72.496330
2008-07-03,72.496330
2008-07-07,72.480515
2008-07-08,72.448875
2008-07-09,72.464706
2008-07-10,72.527954
2008-07-11,72.575348
2008-07-14,72.575348
2008-07-15,72.591187
2008-07-16,72.606987
2008-07-17,72.496330
2008-07-18,72.591187
2008-07-21,72.527954
2008-07-22,72.559601
2008-07-23,72.591187
2008-07-24,72.575348
2008-07-25,72.591187
2008-07-28,72.591187
2008-07-29,72.591187
2008-07-30,72.606987
2008-07-31,72.606987
2008-08-01,72.584816
2008-08-04,72.600662
2008-08-05,72.616516
2008-08-06,72.584816
2008-08-07,72.632324
2008-08-08,72.616516
2008-08-11,72.632324
2008-08-12,72.584816
2008-08-13,72.648132
2008-08-14,72.632324
2008-08-15,72.648132
2008-08-18,72.600662
2008-08-19,72.664009
2008-08-20,72.664009
2008-08-21,72.679779
2008-08-22,72.695641
2008-08-25,72.679779
2008-08-26,72.695641
2008-08-27,72.695641
2008-08-28,72.695641
2008-08-29,72.664009
2008-09-02,72.716301
2008-09-03,72.716301
2008-09-04,72.716301
2008-09-05,72.732155
2008-09-08,72.732155
2008-09-09,72.716301
2008-09-10,72.747986
2008-09-11,72.732155
2008-09-12,72.763878
2008-09-15,72.843094
2008-09-16,72.874794
2008-09-17,73.191864
2008-09-18,72.985756
2008-09-19,72.732155
2008-09-22,72.763878
2008-09-23,73.001656
2008-09-24,72.779678
2008-09-25,72.858948
2008-09-26,72.985756
2008-09-29,73.302841
2008-09-30,73.033325
2008-10-01,73.022224
2008-10-02,72.990509
2008-10-03,72.990509
2008-10-06,72.974586
2008-10-07,72.958755
2008-10-08,72.895226
2008-10-09,73.006363
2008-10-10,73.069885
2008-10-13,72.784119
2008-10-14,72.911148
2008-10-15,72.926987
2008-10-16,72.895226
2008-10-17,72.736450
2008-10-20,72.911148
2008-10-21,72.911148
2008-10-22,72.815872
2008-10-23,72.911148
2008-10-24,72.831741
2008-10-27,72.942879
2008-10-28,72.926987
2008-10-29,72.847580
2008-10-30,72.942879
2008-10-31,72.863525
2008-11-03,72.842819
2008-11-04,72.874580
2008-11-05,72.906395
2008-11-06,73.017647
2008-11-07,73.017647
2008-11-10,73.001732
2008-11-11,73.001732
2008-11-12,73.017647
2008-11-13,73.017647
2008-11-14,73.017647
2008-11-17,73.049393
2008-11-18,72.969948
2008-11-19,72.954086
2008-11-20,73.001732
2008-11-21,72.985809
2008-11-24,73.001732
2008-11-25,73.017647
2008-11-26,73.049393
2008-11-28,72.826958
2008-12-01,73.027290
2008-12-02,73.090843
2008-12-03,72.979584
2008-12-04,72.947784
2008-12-05,72.947784
2008-12-08,72.963654
2008-12-09,72.931870
2008-12-10,72.979584
2008-12-11,72.900101
2008-12-12,72.931870
2008-12-15,72.915932
2008-12-16,72.963654
2008-12-17,72.915932
2008-12-18,72.868301
2008-12-19,72.915932
2008-12-22,73.011353
2008-12-23,72.931870
2008-12-24,73.011353
2008-12-26,73.011353
2008-12-29,72.753632
2008-12-30,73.008202
2008-12-31,72.849098
2009-01-02,72.865005
2009-01-05,72.865005
2009-01-06,72.880936
2009-01-07,72.992271
2009-01-08,72.912735
2009-01-09,72.960434
2009-01-12,72.928680
2009-01-13,73.024094
2009-01-14,73.040009
2009-01-15,73.055923
2009-01-16,73.008202
2009-01-20,72.880936
2009-01-21,73.008202
2009-01-22,73.024094
2009-01-23,73.008202
2009-01-26,72.992271
2009-01-27,72.960434
2009-01-28,72.928680
2009-01-29,72.928680
2009-01-30,72.992271
2009-02-02,73.036835
2009-02-03,72.973152
2009-02-04,73.020927
2009-02-05,72.989090
2009-02-06,72.877701
2009-02-09,72.973152
2009-02-10,72.957314
2009-02-11,72.941414
2009-02-12,72.941414
2009-02-13,73.004982
2009-02-17,73.004982
2009-02-18,73.020927
2009-02-19,73.020927
2009-02-20,73.020927
2009-02-23,73.004982
2009-02-24,72.957314
2009-02-25,72.925446
2009-02-26,72.941414
2009-02-27,72.989090
2009-03-02,73.032051
2009-03-03,73.016151
2009-03-04,73.016151
2009-03-05,73.032051
2009-03-06,73.016151
2009-03-09,73.016151
2009-03-10,73.016151
2009-03-11,73.016151
2009-03-12,72.984291
2009-03-13,72.968384
2009-03-16,72.952545
2009-03-17,73.000214
2009-03-18,73.016151
2009-03-19,72.968384
2009-03-20,73.000214
2009-03-23,73.016151
2009-03-24,73.000214
2009-03-25,73.032051
2009-03-26,73.016151
2009-03-27,73.032051
2009-03-30,73.016151
2009-03-31,72.984291
2009-04-01,72.997047
2009-04-02,72.949310
2009-04-03,72.997047
2009-04-06,72.981155
2009-04-07,72.981155
2009-04-08,73.012970
2009-04-09,72.965248
2009-04-13,73.012970
2009-04-14,72.981155
2009-04-15,72.981155
2009-04-16,73.028877
2009-04-17,72.949310
2009-04-20,72.981155
2009-04-21,72.965248
2009-04-22,73.012970
2009-04-23,73.044823
2009-04-24,73.044823
2009-04-27,73.028877
2009-04-28,73.044823
2009-04-29,73.028877
2009-04-30,73.028877
2009-05-01,73.052757
2009-05-04,72.957268
2009-05-05,72.973198
2009-05-06,72.957268
2009-05-07,72.957268
2009-05-08,72.973198
2009-05-11,72.957268
2009-05-12,73.020943
2009-05-13,72.973198
2009-05-14,72.989105
2009-05-15,72.989105
2009-05-18,73.036835
2009-05-19,73.020943
2009-05-20,72.957268
2009-05-21,73.004990
2009-05-22,73.020943
2009-05-26,73.036835
2009-05-27,73.036835
2009-05-28,73.020943
2009-05-29,73.036835
2009-06-01,72.979584
2009-06-02,72.979584
2009-06-03,73.011360
2009-06-04,73.011360
2009-06-05,72.995461
2009-06-08,73.011360
2009-06-09,72.995461
2009-06-10,73.011360
2009-06-11,72.963615
2009-06-12,73.027306
2009-06-15,73.027306
2009-06-16,73.043213
2009-06-17,73.043213
2009-06-18,73.027306
2009-06-19,73.043213
2009-06-22,73.043213
2009-06-23,73.043213
2009-06-24,73.043213
2009-06-25,73.043213
2009-06-26,73.043213
2009-06-29,73.043213
2009-06-30,73.027306
2009-07-01,73.028900
2009-07-02,73.044853
2009-07-06,73.028900
2009-07-07,73.028900
2009-07-08,73.044853
2009-07-09,73.028900
2009-07-10,73.028900
2009-07-13,73.044853
2009-07-14,73.044853
2009-07-15,73.012947
2009-07-16,73.044853
2009-07-17,73.044853
2009-07-20,73.012947
2009-07-21,73.012947
2009-07-22,73.028900
2009-07-23,73.012947
2009-07-24,72.997070
2009-07-27,72.997070
2009-07-28,73.012947
2009-07-29,73.012947
2009-07-30,73.028900
2009-07-31,72.981133
2009-08-03,73.000252
2009-08-04,73.016136
2009-08-05,73.000252
2009-08-06,73.000252
2009-08-07,73.000252
2009-08-10,73.000252
2009-08-11,73.000252
2009-08-12,73.032059
2009-08-13,73.000252
2009-08-14,73.032059
2009-08-17,73.000252
2009-08-18,73.032059
2009-08-19,73.000252
2009-08-20,73.016136
2009-08-21,73.000252
2009-08-24,73.000252
2009-08-25,73.000252
2009-08-26,73.016136
2009-08-27,73.016136
2009-08-28,73.032059
2009-08-31,73.032059
2009-09-01,72.987518
2009-09-02,73.051178
2009-09-03,73.051178
2009-09-04,73.051178
2009-09-08,73.051178
2009-09-09,73.003471
2009-09-10,73.019318
2009-09-11,73.003471
2009-09-14,73.003471
2009-09-15,73.003471
2009-09-16,73.003471
2009-09-17,73.019318
2009-09-18,73.003471
2009-09-21,73.051178
2009-09-22,73.003471
2009-09-23,73.035225
2009-09-24,73.003471
2009-09-25,73.035225
2009-09-28,73.051178
2009-09-29,73.051178
2009-09-30,73.051178
2009-10-01,73.006630
2009-10-02,73.006630
2009-10-05,73.038406
2009-10-06,73.006630
2009-10-07,73.038406
2009-10-08,73.006630
2009-10-09,73.022507
2009-10-12,73.022507
2009-10-13,73.022507
2009-10-14,73.006630
2009-10-15,73.006630
2009-10-16,73.038406
2009-10-19,73.022507
2009-10-20,73.006630
2009-10-21,73.006630
2009-10-22,73.006630
2009-10-23,73.006630
2009-10-26,73.006630
2009-10-27,73.006630
2009-10-28,73.006630
2009-10-29,73.022507
2009-10-30,73.054367
2009-11-02,73.055969
2009-11-03,73.055969
2009-11-04,73.040054
2009-11-05,73.040054
2009-11-06,73.055969
2009-11-09,73.055969
2009-11-10,73.008224
2009-11-11,73.008224
2009-11-12,73.008224
2009-11-13,73.008224
2009-11-16,73.008224
2009-11-17,73.008224
2009-11-18,73.008224
2009-11-19,73.008224
2009-11-20,73.008224
2009-11-23,73.008224
2009-11-24,73.008224
2009-11-25,73.008224
2009-11-27,73.024117
2009-11-30,73.024117
2009-12-01,73.024117
2009-12-02,73.008224
2009-12-03,73.008224
2009-12-04,73.040054
2009-12-07,73.008224
2009-12-08,73.008224
2009-12-09,73.040054
2009-12-10,73.008224
2009-12-11,73.008224
2009-12-14,72.992279
2009-12-15,72.992279
2009-12-16,73.008224
2009-12-17,73.008224
2009-12-18,73.008224
2009-12-21,73.008224
2009-12-22,73.008224
2009-12-23,73.008224
2009-12-24,73.024117
2009-12-28,73.008224
2009-12-29,73.014603
2009-12-30,73.030495
2009-12-31,73.046410
2010-01-04,73.014603
2010-01-05,72.998650
2010-01-06,72.998650
2010-01-07,72.998650
2010-01-08,72.998650
2010-01-11,72.998650
2010-01-12,72.998650
2010-01-13,73.030495
2010-01-14,73.014603
2010-01-15,73.014603
2010-01-19,73.014603
2010-01-20,73.014603
2010-01-21,73.014603
2010-01-22,73.014603
2010-01-25,73.030495
2010-01-26,73.030495
2010-01-27,73.046410
2010-01-28,73.030495
2010-01-29,73.046410
2010-02-01,73.030495
2010-02-02,73.014603
2010-02-03,73.046410
2010-02-04,73.046410
2010-02-05,73.046410
2010-02-08,73.046410
2010-02-09,73.046410
2010-02-10,73.046410
2010-02-11,73.046410
2010-02-12,73.046410
2010-02-16,73.046410
2010-02-17,72.998650
2010-02-18,73.030495
2010-02-19,72.998650
2010-02-22,73.030495
2010-02-23,72.998650
2010-02-24,73.030495
2010-02-25,73.030495
2010-02-26,73.030495
2010-03-01,72.998650
2010-03-02,73.014603
2010-03-03,72.998650
2010-03-04,72.998650
2010-03-05,72.998650
2010-03-08,72.998650
2010-03-09,72.998650
2010-03-10,73.014603
2010-03-11,72.998650
2010-03-12,72.998650
2010-03-15,72.998650
2010-03-16,72.998650
2010-03-17,72.998650
2010-03-18,72.998650
2010-03-19,72.998650
2010-03-22,73.014603
2010-03-23,73.014603
2010-03-24,72.998650
2010-03-25,73.030495
2010-03-26,73.030495
2010-03-29,72.998650
2010-03-30,72.998650
2010-03-31,73.030495
2010-04-01,73.030495
2010-04-05,72.998650
2010-04-06,72.998650
2010-04-07,72.998650
2010-04-08,72.998650
2010-04-09,72.998650
2010-04-12,72.998650
2010-04-13,72.998650
2010-04-14,72.998650
2010-04-15,72.998650
2010-04-16,72.998650
2010-04-19,73.014603
2010-04-20,72.998650
2010-04-21,72.998650
2010-04-22,72.998650
2010-04-23,72.998650
2010-04-26,73.014603
2010-04-27,72.998650
2010-04-28,73.014603
2010-04-29,73.014603
2010-04-30,72.998650
2010-05-03,73.014603
2010-05-04,72.998650
2010-05-05,73.014603
2010-05-06,73.030495
2010-05-07,73.030495
2010-05-10,73.030495
2010-05-11,73.030495
2010-05-12,73.030495
2010-05-13,73.014603
2010-05-14,73.030495
2010-05-17,73.030495
2010-05-18,73.014603
2010-05-19,73.030495
2010-05-20,73.030495
2010-05-21,73.030495
2010-05-24,73.030495
2010-05-25,73.030495
2010-05-26,73.046410
2010-05-27,73.014603
2010-05-28,73.030495
2010-06-01,73.030495
2010-06-02,73.046410
2010-06-03,73.014603
2010-06-04,73.046410
2010-06-07,73.030495
2010-06-08,73.046410
2010-06-09,73.046410
2010-06-10,73.046410
2010-06-11,73.046410
2010-06-14,73.014603
2010-06-15,73.014603
2010-06-16,73.014603
2010-06-17,73.014603
2010-06-18,73.030495
2010-06-21,73.014603
2010-06-22,73.030495
2010-06-23,73.030495
2010-06-24,73.030495
2010-06-25,73.030495
2010-06-28,73.030495
2010-06-29,73.030495
2010-06-30,73.046410
2010-07-01,73.030495
2010-07-02,73.030495
2010-07-06,73.014603
2010-07-07,73.014603
2010-07-08,73.030495
2010-07-09,73.014603
2010-07-12,73.030495
2010-07-13,73.030495
2010-07-14,73.030495
2010-07-15,73.030495
2010-07-16,73.030495
2010-07-19,73.014603
2010-07-20,73.014603
2010-07-21,73.014603
2010-07-22,73.014603
2010-07-23,73.030495
2010-07-26,72.998650
2010-07-27,72.998650
2010-07-28,73.014603
2010-07-29,72.998650
2010-07-30,73.014603
2010-08-02,72.998650
2010-08-03,72.998650
2010-08-04,72.998650
2010-08-05,72.998650
2010-08-06,72.998650
2010-08-09,72.998650
2010-08-10,73.014603
2010-08-11,73.030495
2010-08-12,73.030495
2010-08-13,73.030495
2010-08-16,73.014603
2010-08-17,73.030495
2010-08-18,73.014603
2010-08-19,73.014603
2010-08-20,73.030495
2010-08-23,73.014603
2010-08-24,73.014603
2010-08-25,73.030495
2010-08-26,73.014603
2010-08-27,73.014603
2010-08-30,73.030495
2010-08-31,73.014603
2010-09-01,73.014603
2010-09-02,73.030495
2010-09-03,73.030495
2010-09-07,73.014603
2010-09-08,73.014603
2010-09-09,73.014603
2010-09-10,73.014603
2010-09-13,73.014603
2010-09-14,73.030495
2010-09-15,73.030495
2010-09-16,73.030495
2010-09-17,73.014603
2010-09-20,73.014603
2010-09-21,73.014603
2010-09-22,73.014603
2010-09-23,73.014603
2010-09-24,73.030495
2010-09-27,73.030495
2010-09-28,73.014603
2010-09-29,73.014603
2010-09-30,73.014603
2010-10-01,73.014603
2010-10-04,73.030495
2010-10-05,73.014603
2010-10-06,73.014603
2010-10-07,73.014603
2010-10-08,73.014603
2010-10-11,73.014603
2010-10-12,73.014603
2010-10-13,73.014603
2010-10-14,73.030495
2010-10-15,73.014603
2010-10-18,73.030495
2010-10-19,73.014603
2010-10-20,73.014603
2010-10-21,73.014603
2010-10-22,73.030495
2010-10-25,73.014603
2010-10-26,73.030495
2010-10-27,73.030495
2010-10-28,73.014603
2010-10-29,73.030495
2010-11-01,73.030495
2010-11-02,72.998650
2010-11-03,73.014603
2010-11-04,73.014603
2010-11-05,73.014603
2010-11-08,73.014603
2010-11-09,73.014603
2010-11-10,73.014603
2010-11-11,72.998650
2010-11-12,73.030495
2010-11-15,73.030495
2010-11-16,73.030495
2010-11-17,73.030495
2010-11-18,73.014603
2010-11-19,73.014603
2010-11-22,73.014603
2010-11-23,73.014603
2010-11-24,73.030495
2010-11-26,73.030495
2010-11-29,73.030495
2010-11-30,73.030495
2010-12-01,73.014603
2010-12-02,73.014603
2010-12-03,73.030495
2010-12-06,73.014603
2010-12-07,73.014603
2010-12-08,73.014603
2010-12-09,73.030495
2010-12-10,73.030495
2010-12-13,73.030495
2010-12-14,73.030495
2010-12-15,73.014603
2010-12-16,73.014603
2010-12-17,73.030495
2010-12-20,73.030495
2010-12-21,73.030495
2010-12-22,73.014603
2010-12-23,73.014603
2010-12-27,73.014603
2010-12-28,73.030495
2010-12-29,73.014603
2010-12-30,73.030495
2010-12-31,73.014603
2011-01-03,73.030495
2011-01-04,73.030495
2011-01-05,73.030495
2011-01-06,73.030495
2011-01-07,73.014603
2011-01-10,73.030495
2011-01-11,73.030495
2011-01-12,73.014603
2011-01-13,73.014603
2011-01-14,73.014603
2011-01-18,73.014603
2011-01-19,73.030495
2011-01-20,73.030495
2011-01-21,73.014603
2011-01-24,73.014603
2011-01-25,73.030495
2011-01-26,73.014603
2011-01-27,73.030495
2011-01-28,73.014603
2011-01-31,73.014603
2011-02-01,73.014603
2011-02-02,73.014603
2011-02-03,73.014603
2011-02-04,73.030495
2011-02-07,73.014603
2011-02-08,73.014603
2011-02-09,73.030495
2011-02-10,73.014603
2011-02-11,73.014603
2011-02-14,73.014603
2011-02-15,73.030495
2011-02-16,73.030495
2011-02-17,73.030495
2011-02-18,73.014603
2011-02-22,73.014603
2011-02-23,73.030495
2011-02-24,73.030495
2011-02-25,73.030495
2011-02-28,73.014603
2011-03-01,73.014603
2011-03-02,73.030495
2011-03-03,73.014603
2011-03-04,73.030495
2011-03-07,73.014603
2011-03-08,73.014603
2011-03-09,73.014603
2011-03-10,73.014603
2011-03-11,73.030495
2011-03-14,73.030495
2011-03-15,73.046410
2011-03-16,73.046410
2011-03-17,73.046410
2011-03-18,73.046410
2011-03-21,73.046410
2011-03-22,73.014603
2011-03-23,73.030495
2011-03-24,73.014603
2011-03-25,73.014603
2011-03-28,73.030495
2011-03-29,73.014603
2011-03-30,73.030495
2011-03-31,73.014603
2011-04-01,73.014603
2011-04-04,73.014603
2011-04-05,73.014603
2011-04-06,73.014603
2011-04-07,73.030495
2011-04-08,73.014603
2011-04-11,73.014603
2011-04-12,73.030495
2011-04-13,73.030495
2011-04-14,73.014603
2011-04-15,73.030495
2011-04-18,73.014603
2011-04-19,73.014603
2011-04-20,73.014603
2011-04-21,73.014603
2011-04-25,73.014603
2011-04-26,73.014603
2011-04-27,73.014603
2011-04-28,73.014603
2011-04-29,73.014603
2011-05-02,73.014603
2011-05-03,73.014603
2011-05-04,73.046410
2011-05-05,73.046410
2011-05-06,73.046410
2011-05-09,73.046410
2011-05-10,73.046410
2011-05-11,73.046410
2011-05-12,73.046410
2011-05-13,73.030495
2011-05-16,73.030495
2011-05-17,73.030495
2011-05-18,73.014603
2011-05-19,73.046410
2011-05-20,73.030495
2011-05-23,73.030495
2011-05-24,73.030495
2011-05-25,73.030495
2011-05-26,73.030495
2011-05-27,73.030495
2011-05-31,73.030495
2011-06-01,73.014603
2011-06-02,73.014603
2011-06-03,73.014603
2011-06-06,73.014603
2011-06-07,73.030495
2011-06-08,73.030495
2011-06-09,73.014603
2011-06-10,73.030495
2011-06-13,73.014603
2011-06-14,73.030495
2011-06-15,73.030495
2011-06-16,73.030495
2011-06-17,73.030495
2011-06-20,73.030495
2011-06-21,73.014603
2011-06-22,73.030495
2011-06-23,73.030495
2011-06-24,73.014603
2011-06-27,73.014603
2011-06-28,73.014603
2011-06-29,73.030495
2011-06-30,73.030495
2011-07-01,73.014603
2011-07-05,73.014603
2011-07-06,73.030495
2011-07-07,73.014603
2011-07-08,73.014603
2011-07-11,72.998650
2011-07-12,73.014603
2011-07-13,73.030495
2011-07-14,73.030495
2011-07-15,73.030495
2011-07-18,73.030495
2011-07-19,73.030495
2011-07-20,73.014603
2011-07-21,73.014603
2011-07-22,73.030495
2011-07-25,73.030495
2011-07-26,73.030495
2011-07-27,73.030495
2011-07-28,73.030495
2011-07-29,73.030495
2011-08-01,73.030495
2011-08-02,73.030495
2011-08-03,73.030495
2011-08-04,73.030495
2011-08-05,73.030495
2011-08-08,73.030495
2011-08-09,73.030495
2011-08-10,73.030495
2011-08-11,73.030495
2011-08-12,73.030495
2011-08-15,73.030495
2011-08-16,73.030495
2011-08-17,73.030495
2011-08-18,72.998650
2011-08-19,73.030495
2011-08-22,72.998650
2011-08-23,73.030495
2011-08-24,73.030495
2011-08-25,72.998650
2011-08-26,73.030495
2011-08-29,73.030495
2011-08-30,73.030495
2011-08-31,73.030495
2011-09-01,73.030495
2011-09-02,73.030495
2011-09-06,73.014603
2011-09-07,72.998650
2011-09-08,72.998650
2011-09-09,73.014603
2011-09-12,73.014603
2011-09-13,72.998650
2011-09-14,72.998650
2011-09-15,72.998650
2011-09-16,72.998650
2011-09-19,73.014603
2011-09-20,73.014603
2011-09-21,73.014603
2011-09-22,72.998650
2011-09-23,73.014603
2011-09-26,73.014603
2011-09-27,72.998650
2011-09-28,73.014603
2011-09-29,73.014603
2011-09-30,73.014603
2011-10-03,73.014603
2011-10-04,73.014603
2011-10-05,73.014603
2011-10-06,72.998650
2011-10-07,73.014603
2011-10-10,72.998650
2011-10-11,73.014603
2011-10-12,72.998650
2011-10-13,73.014603
2011-10-14,72.998650
2011-10-17,72.998650
2011-10-18,73.014603
2011-10-19,73.014603
2011-10-20,73.014603
2011-10-21,72.998650
2011-10-24,72.998650
2011-10-25,73.014603
2011-10-26,73.014603
2011-10-27,72.998650
2011-10-28,72.998650
2011-10-31,72.982735
2011-11-01,73.014603
2011-11-02,72.998650
2011-11-03,72.982735
2011-11-04,72.998650
2011-11-07,73.014603
2011-11-08,73.014603
2011-11-09,72.998650
2011-11-10,73.014603
2011-11-11,72.998650
2011-11-14,73.014603
2011-11-15,72.998650
2011-11-16,73.014603
2011-11-17,73.014603
2011-11-18,73.014603
2011-11-21,73.014603
2011-11-22,72.998650
2011-11-23,73.014603
2011-11-25,73.014603
2011-11-28,73.014603
2011-11-29,72.982735
2011-11-30,72.998650
2011-12-01,72.982735
2011-12-02,72.998650
2011-12-05,72.998650
2011-12-06,73.014603
2011-12-07,72.998650
2011-12-08,72.998650
2011-12-09,72.982735
2011-12-12,72.982735
2011-12-13,72.982735
2011-12-14,72.998650
2011-12-15,72.982735
2011-12-16,72.998650
2011-12-19,72.998650
2011-12-20,72.998650
2011-12-21,72.998650
2011-12-22,72.998650
2011-12-23,72.998650
2011-12-27,72.982735
2011-12-28,72.985939
2011-12-29,72.985939
2011-12-30,72.985939
2012-01-03,72.969971
2012-01-04,72.969971
2012-01-05,72.969971
2012-01-06,72.969971
2012-01-09,72.985939
2012-01-10,72.985939
2012-01-11,72.969971
2012-01-12,72.969971
2012-01-13,72.969971
2012-01-17,72.969971
2012-01-18,72.969971
2012-01-19,72.969971
2012-01-20,72.969971
2012-01-23,72.969971
2012-01-24,72.969971
2012-01-25,72.969971
2012-01-26,72.969971
2012-01-27,72.969971
2012-01-30,72.985939
2012-01-31,72.969971
2012-02-01,72.969971
2012-02-02,72.969971
2012-02-03,72.969971
2012-02-06,72.985939
2012-02-07,72.969971
2012-02-08,72.985939
2012-02-09,72.969971
2012-02-10,72.985939
2012-02-13,72.969971
2012-02-14,72.985939
2012-02-15,72.969971
2012-02-16,72.985939
2012-02-17,72.969971
2012-02-21,72.969971
2012-02-22,72.969971
2012-02-23,72.969971
2012-02-24,72.985939
2012-02-27,72.969971
2012-02-28,72.969971
2012-02-29,72.985939
2012-03-01,72.969971
2012-03-02,72.969971
2012-03-05,72.969971
2012-03-06,72.969971
2012-03-07,72.969971
2012-03-08,72.985939
2012-03-09,72.985939
2012-03-12,72.985939
2012-03-13,72.985939
2012-03-14,72.969971
2012-03-15,72.969971
2012-03-16,72.969971
2012-03-19,72.985939
2012-03-20,72.985939
2012-03-21,72.985939
2012-03-22,72.985939
2012-03-23,72.985939
2012-03-26,72.985939
2012-03-27,72.969971
2012-03-28,72.985939
2012-03-29,72.969971
2012-03-30,72.969971
2012-04-02,72.954071
2012-04-03,72.969971
2012-04-04,72.954071
2012-04-05,72.969971
2012-04-09,72.985939
2012-04-10,72.985939
2012-04-11,72.985939
2012-04-12,72.969971
2012-04-13,72.954071
2012-04-16,72.969971
2012-04-17,72.969971
2012-04-18,72.969971
2012-04-19,72.985939
2012-04-20,72.969971
2012-04-23,72.985939
2012-04-24,72.985939
2012-04-25,72.969971
2012-04-26,72.985939
2012-04-27,72.969971
2012-04-30,72.985939
2012-05-01,72.985939
2012-05-02,72.985939
2012-05-03,72.969971
2012-05-04,72.969971
2012-05-07,72.985939
2012-05-08,72.985939
2012-05-09,72.985939
2012-05-10,72.985939
2012-05-11,72.985939
2012-05-14,72.985939
2012-05-15,72.985939
2012-05-16,72.985939
2012-05-17,72.985939
2012-05-18,72.985939
2012-05-21,72.985939
2012-05-22,72.954071
2012-05-23,72.954071
2012-05-24,72.985939
2012-05-25,72.985939
2012-05-29,72.985939
2012-05-30,72.985939
2012-05-31,72.985939
2012-06-01,72.985939
2012-06-04,72.985939
2012-06-05,72.985939
2012-06-06,72.969971
2012-06-07,72.969971
2012-06-08,72.969971
2012-06-11,72.969971
2012-06-12,72.985939
2012-06-13,72.985939
2012-06-14,72.985939
2012-06-15,72.969971
2012-06-18,72.985939
2012-06-19,72.954071
2012-06-20,72.954071
2012-06-21,72.985939
2012-06-22,72.969971
2012-06-25,72.985939
2012-06-26,72.985939
2012-06-27,72.969971
2012-06-28,72.985939
2012-06-29,72.954071
2012-07-02,72.954071
2012-07-03,72.954071
2012-07-05,72.954071
2012-07-06,72.954071
2012-07-09,72.954071
2012-07-10,72.954071
2012-07-11,72.954071
2012-07-12,72.954071
2012-07-13,72.969971
2012-07-16,72.954071
2012-07-17,72.954071
2012-07-18,72.954071
2012-07-19,72.969971
2012-07-20,72.954071
2012-07-23,72.954071
2012-07-24,72.969971
2012-07-25,72.985939
2012-07-26,72.969971
2012-07-27,72.985939
2012-07-30,72.985939
2012-07-31,72.954071
2012-08-01,72.969971
2012-08-02,72.969971
2012-08-03,72.969971
2012-08-06,72.985939
2012-08-07,72.969971
2012-08-08,72.954071
2012-08-09,72.954071
2012-08-10,72.954071
2012-08-13,72.954071
2012-08-14,72.954071
2012-08-15,72.954071
2012-08-16,72.954071
2012-08-17,72.954071
2012-08-20,72.954071
2012-08-21,72.954071
2012-08-22,72.954071
2012-08-23,72.954071
2012-08-24,72.954071
2012-08-27,72.954071
2012-08-28,72.954071
2012-08-29,72.954071
2012-08-30,72.954071
2012-08-31,72.954071
2012-09-04,72.954071
2012-09-05,72.969971
2012-09-06,72.969971
2012-09-07,72.954071
2012-09-10,72.954071
2012-09-11,72.954071
2012-09-12,72.954071
2012-09-13,72.954071
2012-09-14,72.954071
2012-09-17,72.954071
2012-09-18,72.954071
2012-09-19,72.954071
2012-09-20,72.954071
2012-09-21,72.954071
2012-09-24,72.954071
2012-09-25,72.954071
2012-09-26,72.954071
2012-09-27,72.969971
2012-09-28,72.954071
2012-10-01,72.954071
2012-10-02,72.969971
2012-10-03,72.954071
2012-10-04,72.954071
2012-10-05,72.954071
2012-10-08,72.954071
2012-10-09,72.954071
2012-10-10,72.969971
2012-10-11,72.969971
2012-10-12,72.954071
2012-10-15,72.969971
2012-10-16,72.954071
2012-10-17,72.969971
2012-10-18,72.954071
2012-10-19,72.954071
2012-10-22,72.954071
2012-10-23,72.969971
2012-10-24,72.969971
2012-10-25,72.954071
2012-10-26,72.954071
2012-10-31,72.969971
2012-11-01,72.969971
2012-11-02,72.969971
2012-11-05,72.954071
2012-11-06,72.954071
2012-11-07,72.969971
2012-11-08,72.969971
2012-11-09,72.969971
2012-11-12,72.969971
2012-11-13,72.969971
2012-11-14,72.969971
2012-11-15,72.969971
2012-11-16,72.969971
2012-11-19,72.969971
2012-11-20,72.954071
2012-11-21,72.954071
2012-11-23,72.954071
2012-11-26,72.954071
2012-11-27,72.954071
2012-11-28,72.954071
2012-11-29,72.954071
2012-11-30,72.954071
2012-12-03,72.954071
2012-12-04,72.954071
2012-12-05,72.954071
2012-12-06,72.954071
2012-12-07,72.954071
2012-12-10,72.954071
2012-12-11,72.954071
2012-12-12,72.954071
2012-12-13,72.954071
2012-12-14,72.954071
2012-12-17,72.954071
2012-12-18,72.969971
2012-12-19,72.954071
2012-12-20,72.954071
2012-12-21,72.954071
2012-12-24,72.954071
2012-12-26,72.954071
2012-12-27,72.954071
2012-12-28,72.969971
2012-12-31,72.954071
2013-01-02,72.954071
2013-01-03,72.954071
2013-01-04,72.969971
2013-01-07,72.938126
2013-01-08,72.938126
2013-01-09,72.938126
2013-01-10,72.938126
2013-01-11,72.938126
2013-01-14,72.938126
2013-01-15,72.938126
2013-01-16,72.938126
2013-01-17,72.954071
2013-01-18,72.938126
2013-01-22,72.938126
2013-01-23,72.938126
2013-01-24,72.954071
2013-01-25,72.938126
2013-01-28,72.938126
2013-01-29,72.938126
2013-01-30,72.938126
2013-01-31,72.954071
2013-02-01,72.938126
2013-02-04,72.938126
2013-02-05,72.954071
2013-02-06,72.954071
2013-02-07,72.954071
2013-02-08,72.954071
2013-02-11,72.954071
2013-02-12,72.954071
2013-02-13,72.938126
2013-02-14,72.954071
2013-02-15,72.938126
2013-02-19,72.938126
2013-02-20,72.954071
2013-02-21,72.938126
2013-02-22,72.954071
2013-02-25,72.938126
2013-02-26,72.938126
2013-02-27,72.954071
2013-02-28,72.954071
2013-03-01,72.954071
2013-03-04,72.938126
2013-03-05,72.954071
2013-03-06,72.938126
2013-03-07,72.954071
2013-03-08,72.938126
2013-03-11,72.954071
2013-03-12,72.938126
2013-03-13,72.954071
2013-03-14,72.954071
2013-03-15,72.954071
2013-03-18,72.938126
2013-03-19,72.938126
2013-03-20,72.938126
2013-03-21,72.938126
2013-03-22,72.954071
2013-03-25,72.938126
2013-03-26,72.954071
2013-03-27,72.938126
2013-03-28,72.954071
2013-04-01,72.938126
2013-04-02,72.954071
2013-04-03,72.938126
2013-04-04,72.938126
2013-04-05,72.954071
2013-04-08,72.954071
2013-04-09,72.954071
2013-04-10,72.954071
2013-04-11,72.938126
2013-04-12,72.954071
2013-04-15,72.954071
2013-04-16,72.954071
2013-04-17,72.954071
2013-04-18,72.938126
2013-04-19,72.954071
2013-04-22,72.954071
2013-04-23,72.954071
2013-04-24,72.954071
2013-04-25,72.938126
2013-04-26,72.938126
2013-04-29,72.938126
2013-04-30,72.938126
2013-05-01,72.938126
2013-05-02,72.954071
2013-05-03,72.938126
2013-05-06,72.938126
2013-05-07,72.938126
2013-05-08,72.954071
2013-05-09,72.954071
2013-05-10,72.938126
2013-05-13,72.954071
2013-05-14,72.938126
2013-05-15,72.938126
2013-05-16,72.938126
2013-05-17,72.954071
2013-05-20,72.938126
2013-05-21,72.954071
2013-05-22,72.954071
2013-05-23,72.954071
2013-05-24,72.954071
2013-05-28,72.938126
2013-05-29,72.954071
2013-05-30,72.938126
2013-05-31,72.954071
2013-06-03,72.954071
2013-06-04,72.954071
2013-06-05,72.954071
2013-06-06,72.938126
2013-06-07,72.954071
2013-06-10,72.938126
2013-06-11,72.954071
2013-06-12,72.938126
2013-06-13,72.954071
2013-06-14,72.938126
2013-06-17,72.938126
2013-06-18,72.938126
2013-06-19,72.938126
2013-06-20,72.938126
2013-06-21,72.954071
2013-06-24,72.954071
2013-06-25,72.954071
2013-06-26,72.954071
2013-06-27,72.938126
2013-06-28,72.938126
2013-07-01,72.954071
2013-07-02,72.938126
2013-07-03,72.954071
2013-07-05,72.954071
2013-07-08,72.922188
2013-07-09,72.922188
2013-07-10,72.922188
2013-07-11,72.922188
2013-07-12,72.922188
2013-07-15,72.922188
2013-07-16,72.922188
2013-07-17,72.922188
2013-07-18,72.938126
2013-07-19,72.938126
2013-07-22,72.938126
2013-07-23,72.938126
2013-07-24,72.954071
2013-07-25,72.922188
2013-07-26,72.922188
2013-07-29,72.938126
2013-07-30,72.922188
2013-07-31,72.938126
2013-08-01,72.922188
2013-08-02,72.938126
2013-08-05,72.938126
2013-08-06,72.938126
2013-08-07,72.922188
2013-08-08,72.922188
2013-08-09,72.938126
2013-08-12,72.938126
2013-08-13,72.938126
2013-08-14,72.938126
2013-08-15,72.938126
2013-08-16,72.938126
2013-08-19,72.922188
2013-08-20,72.938126
2013-08-21,72.938126
2013-08-22,72.922188
2013-08-23,72.938126
2013-08-26,72.922188
2013-08-27,72.922188
2013-08-28,72.922188
2013-08-29,72.938126
2013-08-30,72.938126
2013-09-03,72.938126
2013-09-04,72.938126
2013-09-05,72.938126
2013-09-06,72.938126
2013-09-09,72.906281
2013-09-10,72.922188
2013-09-11,72.922188
2013-09-12,72.922188
2013-09-13,72.938126
2013-09-16,72.922188
2013-09-17,72.922188
2013-09-18,72.938126
2013-09-19,72.938126
2013-09-20,72.922188
2013-09-23,72.922188
2013-09-24,72.922188
2013-09-25,72.922188
2013-09-26,72.922188
2013-09-27,72.922188
2013-09-30,72.922188
2013-10-01,72.938126
2013-10-02,72.938126
2013-10-03,72.938126
2013-10-04,72.938126
2013-10-07,72.938126
2013-10-08,72.938126
2013-10-09,72.922188
2013-10-10,72.906281
2013-10-11,72.890327
2013-10-14,72.890327
2013-10-15,72.890327
2013-10-16,72.906281
2013-10-17,72.906281
2013-10-18,72.922188
2013-10-21,72.922188
2013-10-22,72.922188
2013-10-23,72.922188
2013-10-24,72.906281
2013-10-25,72.922188
2013-10-28,72.922188
2013-10-29,72.906281
2013-10-30,72.906281
2013-10-31,72.906281
2013-11-01,72.906281
2013-11-04,72.906281
2013-11-05,72.906281
2013-11-06,72.922188
2013-11-07,72.906281
2013-11-08,72.906281
2013-11-11,72.922188
2013-11-12,72.922188
2013-11-13,72.922188
2013-11-14,72.906281
2013-11-15,72.906281
2013-11-18,72.906281
2013-11-19,72.906281
2013-11-20,72.906281
2013-11-21,72.922188
2013-11-22,72.906281
2013-11-25,72.906281
2013-11-26,72.906281
2013-11-27,72.922188
2013-11-29,72.890327
2013-12-02,72.906281
2013-12-03,72.922188
2013-12-04,72.922188
2013-12-05,72.922188
2013-12-06,72.922188
2013-12-09,72.922188
2013-12-10,72.906281
2013-12-11,72.922188
2013-12-12,72.922188
2013-12-13,72.922188
2013-12-16,72.906281
2013-12-17,72.906281
2013-12-18,72.922188
2013-12-19,72.922188
2013-12-20,72.906281
2013-12-23,72.906281
2013-12-24,72.906281
2013-12-26,72.906281
2013-12-27,72.922188
2013-12-30,72.922188
2013-12-31,72.890327
2014-01-02,72.890327
2014-01-03,72.906281
2014-01-06,72.890327
2014-01-07,72.906281
2014-01-08,72.906281
2014-01-09,72.890327
2014-01-10,72.906281
2014-01-13,72.906281
2014-01-14,72.906281
2014-01-15,72.906281
2014-01-16,72.906281
2014-01-17,72.890327
2014-01-21,72.906281
2014-01-22,72.906281
2014-01-23,72.906281
2014-01-24,72.890327
2014-01-27,72.890327
2014-01-28,72.890327
2014-01-29,72.906281
2014-01-30,72.906281
2014-01-31,72.890327
2014-02-03,72.890327
2014-02-04,72.906281
2014-02-05,72.890327
2014-02-06,72.890327
2014-02-07,72.906281
2014-02-10,72.890327
2014-02-11,72.890327
2014-02-12,72.906281
2014-02-13,72.906281
2014-02-14,72.906281
2014-02-18,72.890327
2014-02-19,72.906281
2014-02-20,72.906281
2014-02-21,72.890327
2014-02-24,72.906281
2014-02-25,72.906281
2014-02-26,72.906281
2014-02-27,72.890327
2014-02-28,72.906281
2014-03-03,72.906281
2014-03-04,72.890327
2014-03-05,72.906281
2014-03-06,72.906281
2014-03-07,72.890327
2014-03-10,72.890327
2014-03-11,72.890327
2014-03-12,72.890327
2014-03-13,72.890327
2014-03-14,72.890327
2014-03-17,72.890327
2014-03-18,72.890327
2014-03-19,72.906281
2014-03-20,72.890327
2014-03-21,72.906281
2014-03-24,72.906281
2014-03-25,72.906281
2014-03-26,72.890327
2014-03-27,72.890327
2014-03-28,72.890327
2014-03-31,72.890327
2014-04-01,72.890327
2014-04-02,72.890327
2014-04-03,72.906281
2014-04-04,72.890327
2014-04-07,72.890327
2014-04-08,72.890327
2014-04-09,72.890327
2014-04-10,72.890327
2014-04-11,72.890327
2014-04-14,72.890327
2014-04-15,72.890327
2014-04-16,72.890327
2014-04-17,72.906281
2014-04-21,72.890327
2014-04-22,72.874451
2014-04-23,72.890327
2014-04-24,72.890327
2014-04-25,72.890327
2014-04-28,72.890327
2014-04-29,72.890327
2014-04-30,72.890327
2014-05-01,72.874451
2014-05-02,72.890327
2014-05-05,72.890327
2014-05-06,72.874451
2014-05-07,72.874451
2014-05-08,72.874451
2014-05-09,72.890327
2014-05-12,72.874451
2014-05-13,72.890327
2014-05-14,72.890327
2014-05-15,72.890327
2014-05-16,72.890327
2014-05-19,72.890327
2014-05-20,72.890327
2014-05-21,72.874451
2014-05-22,72.874451
2014-05-23,72.890327
2014-05-27,72.874451
2014-05-28,72.890327
2014-05-29,72.874451
2014-05-30,72.890327
2014-06-02,72.874451
2014-06-03,72.874451
2014-06-04,72.874451
2014-06-05,72.874451
2014-06-06,72.874451
2014-06-09,72.890327
2014-06-10,72.890327
2014-06-11,72.874451
2014-06-12,72.890327
2014-06-13,72.874451
2014-06-16,72.890327
2014-06-17,72.874451
2014-06-18,72.890327
2014-06-19,72.890327
2014-06-20,72.890327
2014-06-23,72.890327
2014-06-24,72.890327
2014-06-25,72.874451
2014-06-26,72.874451
2014-06-27,72.890327
2014-06-30,72.874451
2014-07-01,72.890327
2014-07-02,72.890327
2014-07-03,72.874451
2014-07-07,72.890327
2014-07-08,72.890327
2014-07-09,72.874451
2014-07-10,72.874451
2014-07-11,72.874451
2014-07-14,72.874451
2014-07-15,72.874451
2014-07-16,72.874451
2014-07-17,72.874451
2014-07-18,72.858490
2014-07-21,72.874451
2014-07-22,72.858490
2014-07-23,72.874451
2014-07-24,72.874451
2014-07-25,72.874451
2014-07-28,72.874451
2014-07-29,72.874451
2014-07-30,72.874451
2014-07-31,72.858490
2014-08-01,72.874451
2014-08-04,72.874451
2014-08-05,72.858490
2014-08-06,72.858490
2014-08-07,72.874451
2014-08-08,72.858490
2014-08-11,72.858490
2014-08-12,72.858490
2014-08-13,72.874451
2014-08-14,72.858490
2014-08-15,72.874451
2014-08-18,72.858490
2014-08-19,72.874451
2014-08-20,72.858490
2014-08-21,72.874451
2014-08-22,72.874451
2014-08-25,72.874451
2014-08-26,72.874451
2014-08-27,72.858490
2014-08-28,72.874451
2014-08-29,72.874451
2014-09-02,72.858490
2014-09-03,72.874451
2014-09-04,72.858490
2014-09-05,72.874451
2014-09-08,72.858490
2014-09-09,72.858490
2014-09-10,72.874451
2014-09-11,72.858490
2014-09-12,72.858490
2014-09-15,72.858490
2014-09-16,72.858490
2014-09-17,72.858490
2014-09-18,72.874451
2014-09-19,72.874451
2014-09-22,72.874451
2014-09-23,72.874451
2014-09-24,72.874451
2014-09-25,72.874451
2014-09-26,72.874451
2014-09-29,72.858490
2014-09-30,72.874451
2014-10-01,72.874451
2014-10-02,72.874451
2014-10-03,72.842575
2014-10-06,72.842575
2014-10-07,72.858490
2014-10-08,72.858490
2014-10-09,72.858490
2014-10-10,72.858490
2014-10-13,72.858490
2014-10-14,72.842575
2014-10-15,72.842575
2014-10-16,72.858490
2014-10-17,72.858490
2014-10-20,72.858490
2014-10-21,72.842575
2014-10-22,72.858490
2014-10-23,72.842575
2014-10-24,72.842575
2014-10-27,72.842575
2014-10-28,72.842575
2014-10-29,72.858490
2014-10-30,72.842575
2014-10-31,72.858490
2014-11-03,72.842575
2014-11-04,72.858490
2014-11-05,72.842575
2014-11-06,72.858490
2014-11-07,72.842575
2014-11-10,72.858490
2014-11-11,72.858490
2014-11-12,72.858490
2014-11-13,72.842575
2014-11-14,72.842575
2014-11-17,72.858490
2014-11-18,72.842575
2014-11-19,72.842575
2014-11-20,72.842575
2014-11-21,72.842575
2014-11-24,72.858490
2014-11-25,72.858490
2014-11-26,72.842575
2014-11-28,72.858490
2014-12-01,72.842575
2014-12-02,72.842575
2014-12-03,72.842575
2014-12-04,72.842575
2014-12-05,72.858490
2014-12-08,72.858490
2014-12-09,72.842575
2014-12-10,72.842575
2014-12-11,72.842575
2014-12-12,72.858490
2014-12-15,72.826668
2014-12-16,72.826668
2014-12-17,72.826668
2014-12-18,72.842575
2014-12-19,72.826668
2014-12-22,72.826668
2014-12-23,72.826668
2014-12-24,72.842575
2014-12-26,72.826668
2014-12-29,72.826668
2014-12-30,72.826668
2014-12-31,72.842575
2015-01-02,72.826668
2015-01-05,72.842575
2015-01-06,72.826668
2015-01-07,72.826668
2015-01-08,72.826668
2015-01-09,72.826668
2015-01-12,72.826668
2015-01-13,72.826668
2015-01-14,72.826668
2015-01-15,72.826668
2015-01-16,72.826668
2015-01-20,72.826668
2015-01-21,72.842575
2015-01-22,72.826668
2015-01-23,72.842575
2015-01-26,72.842575
2015-01-27,72.842575
2015-01-28,72.826668
2015-01-29,72.826668
2015-01-30,72.826668
2015-02-02,72.826668
2015-02-03,72.842575
2015-02-04,72.826668
2015-02-05,72.826668
2015-02-06,72.826668
2015-02-09,72.810715
2015-02-10,72.826668
2015-02-11,72.810715
2015-02-12,72.810715
2015-02-13,72.826668
2015-02-17,72.826668
2015-02-18,72.826668
2015-02-19,72.826668
2015-02-20,72.810715
2015-02-23,72.826668
2015-02-24,72.810715
2015-02-25,72.826668
2015-02-26,72.810715
2015-02-27,72.826668
2015-03-02,72.810715
2015-03-03,72.826668
2015-03-04,72.826668
2015-03-05,72.826668
2015-03-06,72.810715
2015-03-09,72.826668
2015-03-10,72.826668
2015-03-11,72.826668
2015-03-12,72.810715
2015-03-13,72.826668
2015-03-16,72.826668
2015-03-17,72.826668
2015-03-18,72.826668
2015-03-19,72.826668
2015-03-20,72.826668
2015-03-23,72.810715
2015-03-24,72.826668
2015-03-25,72.810715
2015-03-26,72.810715
2015-03-27,72.810715
2015-03-30,72.794807
2015-03-31,72.826668
2015-04-01,72.794807
2015-04-02,72.810715
2015-04-06,72.810715
2015-04-07,72.826668
2015-04-08,72.826668
2015-04-09,72.810715
2015-04-10,72.810715
2015-04-13,72.794807
2015-04-14,72.810715
2015-04-15,72.794807
2015-04-16,72.810715
2015-04-17,72.794807
2015-04-20,72.794807
2015-04-21,72.810715
2015-04-22,72.794807
2015-04-23,72.794807
2015-04-24,72.794807
2015-04-27,72.810715
2015-04-28,72.810715
2015-04-29,72.810715
2015-04-30,72.810715
2015-05-01,72.794807
2015-05-04,72.810715
2015-05-05,72.810715
2015-05-06,72.810715
2015-05-07,72.794807
2015-05-08,72.810715
2015-05-11,72.794807
2015-05-12,72.810715
2015-05-13,72.810715
2015-05-14,72.794807
2015-05-15,72.794807
2015-05-18,72.794807
2015-05-19,72.794807
2015-05-20,72.794807
2015-05-21,72.810715
2015-05-22,72.810715
2015-05-26,72.810715
2015-05-27,72.810715
2015-05-28,72.794807
2015-05-29,72.794807
2015-06-01,72.794807
2015-06-02,72.810715
2015-06-03,72.810715
2015-06-04,72.794807
2015-06-05,72.794807
2015-06-08,72.778870
2015-06-09,72.778870
2015-06-10,72.794807
2015-06-11,72.810715
2015-06-12,72.794807
2015-06-15,72.810715
2015-06-16,72.778870
2015-06-17,72.810715
2015-06-18,72.778870
2015-06-19,72.778870
2015-06-22,72.794807
2015-06-23,72.778870
2015-06-24,72.778870
2015-06-25,72.794807
2015-06-26,72.778870
2015-06-29,72.794807
2015-06-30,72.794807
2015-07-01,72.794807
2015-07-02,72.794807
2015-07-06,72.794807
2015-07-07,72.778870
2015-07-08,72.778870
2015-07-09,72.778870
2015-07-10,72.778870
2015-07-13,72.778870
2015-07-14,72.794807
2015-07-15,72.778870
2015-07-16,72.778870
2015-07-17,72.794807
2015-07-20,72.778870
2015-07-21,72.794807
2015-07-22,72.778870
2015-07-23,72.778870
2015-07-24,72.794807
2015-07-27,72.778870
2015-07-28,72.778870
2015-07-29,72.794807
2015-07-30,72.794807
2015-07-31,72.794807
2015-08-03,72.794807
2015-08-04,72.778870
2015-08-05,72.778870
2015-08-06,72.778870
2015-08-07,72.778870
2015-08-10,72.794807
2015-08-11,72.778870
2015-08-12,72.778870
2015-08-13,72.778870
2015-08-14,72.762939
2015-08-17,72.762939
2015-08-18,72.778870
2015-08-19,72.794807
2015-08-20,72.778870
2015-08-21,72.778870
2015-08-24,72.778870
2015-08-25,72.778870
2015-08-26,72.794807
2015-08-27,72.778870
2015-08-28,72.794807
2015-08-31,72.794807
2015-09-01,72.794807
2015-09-02,72.778870
2015-09-03,72.794807
2015-09-04,72.778870
2015-09-08,72.778870
2015-09-09,72.778870
2015-09-10,72.762939
2015-09-11,72.778870
2015-09-14,72.778870
2015-09-15,72.762939
2015-09-16,72.762939
2015-09-17,72.762939
2015-09-18,72.762939
2015-09-21,72.778870
2015-09-22,72.778870
2015-09-23,72.762939
2015-09-24,72.762939
2015-09-25,72.762939
2015-09-28,72.778870
2015-09-29,72.778870
2015-09-30,72.762939
2015-10-01,72.778870
2015-10-02,72.778870
2015-10-05,72.762939
2015-10-06,72.762939
2015-10-07,72.762939
2015-10-08,72.762939
2015-10-09,72.762939
2015-10-12,72.762939
2015-10-13,72.762939
2015-10-14,72.762939
2015-10-15,72.762939
2015-10-16,72.762939
2015-10-19,72.762939
2015-10-20,72.746994
2015-10-21,72.762939
2015-10-22,72.762939
2015-10-23,72.762939
2015-10-26,72.746994
2015-10-27,72.746994
2015-10-28,72.746994
2015-10-29,72.746994
2015-10-30,72.746994
2015-11-02,72.746994
2015-11-03,72.762939
2015-11-04,72.746994
2015-11-05,72.746994
2015-11-06,72.746994
2015-11-09,72.762939
2015-11-10,72.746994
2015-11-11,72.762939
2015-11-12,72.762939
2015-11-13,72.746994
2015-11-16,72.762939
2015-11-17,72.746994
2015-11-18,72.746994
2015-11-19,72.762939
2015-11-20,72.746994
2015-11-23,72.762939
2015-11-24,72.746994
2015-11-25,72.746994
2015-11-27,72.762939
2015-11-30,72.762939
2015-12-01,72.746994
2015-12-02,72.746994
2015-12-03,72.762939
2015-12-04,72.762939
2015-12-07,72.762939
2015-12-08,72.746994
2015-12-09,72.731117
2015-12-10,72.746994
2015-12-11,72.762939
2015-12-14,72.762939
2015-12-15,72.746994
2015-12-16,72.762939
2015-12-17,72.746994
2015-12-18,72.762939
2015-12-21,72.746994
2015-12-22,72.746994
2015-12-23,72.746994
2015-12-24,72.762939
2015-12-28,72.746994
2015-12-29,72.746994
2015-12-30,72.762939
2015-12-31,72.746994
2016-01-04,72.762939
2016-01-05,72.762939
2016-01-06,72.731117
2016-01-07,72.746994
2016-01-08,72.746994
2016-01-11,72.746994
2016-01-12,72.762939
2016-01-13,72.746994
2016-01-14,72.731117
2016-01-15,72.731117
2016-01-19,72.746994
2016-01-20,72.746994
2016-01-21,72.762939
2016-01-22,72.731117
2016-01-25,72.746994
2016-01-26,72.731117
2016-01-27,72.746994
2016-01-28,72.746994
2016-01-29,72.762939
2016-02-01,72.731117
2016-02-02,72.731117
2016-02-03,72.746994
2016-02-04,72.762939
2016-02-05,72.762939
2016-02-08,72.746994
2016-02-09,72.762939
2016-02-10,72.746994
2016-02-11,72.762939
2016-02-12,72.746994
2016-02-16,72.746994
2016-02-17,72.746994
2016-02-18,72.762939
2016-02-19,72.762939
2016-02-22,72.762939
2016-02-23,72.746994
2016-02-24,72.762939
2016-02-25,72.746994
2016-02-26,72.746994
2016-02-29,72.762939
2016-03-01,72.762939
2016-03-02,72.746994
2016-03-03,72.762939
2016-03-04,72.762939
2016-03-07,72.762939
2016-03-08,72.746994
2016-03-09,72.762939
2016-03-10,72.762939
2016-03-11,72.746994
2016-03-14,72.746994
2016-03-15,72.746994
2016-03-16,72.762939
2016-03-17,72.746994
2016-03-18,72.746994
2016-03-21,72.762939
2016-03-22,72.762939
2016-03-23,72.746994
2016-03-24,72.762939
2016-03-28,72.762939
2016-03-29,72.762939
2016-03-30,72.762939
2016-03-31,72.762939
2016-04-01,72.762939
2016-04-04,72.762939
2016-04-05,72.778870
2016-04-06,72.778870
2016-04-07,72.762939
2016-04-08,72.778870
2016-04-11,72.762939
2016-04-12,72.762939
2016-04-13,72.778870
2016-04-14,72.778870
2016-04-15,72.762939
2016-04-18,72.778870
2016-04-19,72.778870
2016-04-20,72.778870
2016-04-21,72.762939
2016-04-22,72.778870
2016-04-25,72.762939
2016-04-26,72.778870
2016-04-27,72.778870
2016-04-28,72.778870
2016-04-29,72.794807
2016-05-02,72.778870
2016-05-03,72.794807
2016-05-04,72.778870
2016-05-05,72.778870
2016-05-06,72.794807
2016-05-09,72.794807
2016-05-10,72.794807
2016-05-11,72.762939
2016-05-12,72.762939
2016-05-13,72.762939
2016-05-16,72.762939
2016-05-17,72.762939
2016-05-18,72.778870
2016-05-19,72.762939
2016-05-20,72.778870
2016-05-23,72.794807
2016-05-24,72.762939
2016-05-25,72.778870
2016-05-26,72.778870
2016-05-27,72.794807
2016-05-31,72.794807
2016-06-01,72.794807
2016-06-02,72.778870
2016-06-03,72.794807
2016-06-06,72.810715
2016-06-07,72.810715
2016-06-08,72.810715
2016-06-09,72.778870
2016-06-10,72.778870
2016-06-13,72.778870
2016-06-14,72.778870
2016-06-15,72.778870
2016-06-16,72.794807
2016-06-17,72.778870
2016-06-20,72.794807
2016-06-21,72.794807
2016-06-22,72.794807
2016-06-23,72.794807
2016-06-24,72.778870
2016-06-27,72.778870
2016-06-28,72.778870
2016-06-29,72.778870
2016-06-30,72.778870
2016-07-01,72.810715
2016-07-05,72.810715
2016-07-06,72.794807
2016-07-07,72.810715
2016-07-08,72.794807
2016-07-11,72.810715
2016-07-12,72.778870
2016-07-13,72.794807
2016-07-14,72.810715
2016-07-15,72.794807
2016-07-18,72.794807
2016-07-19,72.810715
2016-07-20,72.810715
2016-07-21,72.810715
2016-07-22,72.810715
2016-07-25,72.794807
2016-07-26,72.794807
2016-07-27,72.810715
2016-07-28,72.794807
2016-07-29,72.810715
2016-08-01,72.794807
2016-08-02,72.810715
2016-08-03,72.794807
2016-08-04,72.794807
2016-08-05,72.794807
2016-08-08,72.794807
2016-08-09,72.794807
2016-08-10,72.794807
2016-08-11,72.794807
2016-08-12,72.794807
2016-08-15,72.794807
2016-08-16,72.794807
2016-08-17,72.794807
2016-08-18,72.810715
2016-08-19,72.794807
2016-08-22,72.794807
2016-08-23,72.794807
2016-08-24,72.810715
2016-08-25,72.794807
2016-08-26,72.794807
2016-08-29,72.810715
2016-08-30,72.810715
2016-08-31,72.810715
2016-09-01,72.810715
2016-09-02,72.826668
2016-09-06,72.826668
2016-09-07,72.810715
2016-09-08,72.810715
2016-09-09,72.826668
2016-09-12,72.794807
2016-09-13,72.810715
2016-09-14,72.810715
2016-09-15,72.810715
2016-09-16,72.810715
2016-09-19,72.810715
2016-09-20,72.810715
2016-09-21,72.810715
2016-09-22,72.826668
2016-09-23,72.826668
2016-09-26,72.826668
2016-09-27,72.810715
2016-09-28,72.810715
2016-09-29,72.810715
2016-09-30,72.826668
2016-10-03,72.810715
2016-10-04,72.826668
2016-10-05,72.826668
2016-10-06,72.826668
2016-10-07,72.826668
2016-10-10,72.826668
2016-10-11,72.810715
2016-10-12,72.826668
2016-10-13,72.810715
2016-10-14,72.810715
2016-10-17,72.810715
2016-10-18,72.810715
2016-10-19,72.826668
2016-10-20,72.810715
2016-10-21,72.810715
2016-10-24,72.810715
2016-10-25,72.810715
2016-10-26,72.826668
2016-10-27,72.810715
2016-10-28,72.826668
2016-10-31,72.842575
2016-11-01,72.826668
2016-11-02,72.842575
2016-11-03,72.826668
2016-11-04,72.842575
2016-11-07,72.826668
2016-11-08,72.842575
2016-11-09,72.810715
2016-11-10,72.810715
2016-11-11,72.778870
2016-11-14,72.810715
2016-11-15,72.826668
2016-11-16,72.826668
2016-11-17,72.842575
2016-11-18,72.826668
2016-11-21,72.810715
2016-11-22,72.810715
2016-11-23,72.810715
2016-11-25,72.826668
2016-11-28,72.810715
2016-11-29,72.810715
2016-11-30,72.810715
2016-12-01,72.844200
2016-12-02,72.828255
2016-12-05,72.828255
2016-12-06,72.844200
2016-12-07,72.844200
2016-12-08,72.844200
2016-12-09,72.844200
2016-12-12,72.828255
2016-12-13,72.844200
2016-12-14,72.844200
2016-12-15,72.844200
2016-12-16,72.828255
2016-12-19,72.844200
2016-12-20,72.828255
2016-12-21,72.844200
2016-12-22,72.828255
2016-12-23,72.828255
2016-12-27,72.844200
2016-12-28,72.842613
2016-12-29,72.858521
2016-12-30,72.826660
2017-01-03,72.858521
2017-01-04,72.858521
2017-01-05,72.842613
2017-01-06,72.858521
2017-01-09,72.858521
2017-01-10,72.842613
2017-01-11,72.858521
2017-01-12,72.858521
2017-01-13,72.858521
2017-01-17,72.858521
2017-01-18,72.842613
2017-01-19,72.842613
2017-01-20,72.858521
2017-01-23,72.842613
2017-01-24,72.842613
2017-01-25,72.858521
2017-01-26,72.874466
2017-01-27,72.842613
2017-01-30,72.874466
2017-01-31,72.858521
2017-02-01,72.863319
2017-02-02,72.863319
2017-02-03,72.847351
2017-02-06,72.879288
2017-02-07,72.879288
2017-02-08,72.879288
2017-02-09,72.879288
2017-02-10,72.863319
2017-02-13,72.863319
2017-02-14,72.879288
2017-02-15,72.863319
2017-02-16,72.863319
2017-02-17,72.879288
2017-02-21,72.863319
2017-02-22,72.863319
2017-02-23,72.863319
2017-02-24,72.863319
2017-02-27,72.863319
2017-02-28,72.895164
2017-03-01,72.866493
2017-03-02,72.866493
2017-03-03,72.882416
2017-03-06,72.898376
2017-03-07,72.866493
2017-03-08,72.866493
2017-03-09,72.866493
2017-03-10,72.882416
2017-03-13,72.866493
2017-03-14,72.866493
2017-03-15,72.882416
2017-03-16,72.898376
2017-03-17,72.898376
2017-03-20,72.882416
2017-03-21,72.898376
2017-03-22,72.898376
2017-03-23,72.882416
2017-03-24,72.898376
2017-03-27,72.898376
2017-03-28,72.898376
2017-03-29,72.898376
2017-03-30,72.898376
2017-03-31,72.882416
2017-04-03,72.888824
2017-04-04,72.888824
2017-04-05,72.888824
2017-04-06,72.888824
2017-04-07,72.888824
2017-04-10,72.888824
2017-04-11,72.904778
2017-04-12,72.888824
2017-04-13,72.904778
2017-04-17,72.904778
2017-04-18,72.920708
2017-04-19,72.920708
2017-04-20,72.920708
2017-04-21,72.920708
2017-04-24,72.904778
2017-04-25,72.904778
2017-04-26,72.920708
2017-04-27,72.904778
2017-04-28,72.936661
2017-05-01,72.931870
2017-05-02,72.915894
2017-05-03,72.915894
2017-05-04,72.931870
2017-05-05,72.915894
2017-05-08,72.931870
2017-05-09,72.931870
2017-05-10,72.947800
2017-05-11,72.947800
2017-05-12,72.931870
2017-05-15,72.947800
2017-05-16,72.947800
2017-05-17,72.963791
2017-05-18,72.963791
2017-05-19,72.947800
2017-05-22,72.963791
2017-05-23,72.963791
2017-05-24,72.947800
2017-05-25,72.963791
2017-05-26,72.979759
2017-05-30,72.947800
2017-05-31,72.947800
2017-06-01,72.975006
2017-06-02,72.959007
2017-06-05,72.975006
2017-06-06,72.959007
2017-06-07,72.990929
2017-06-08,72.975006
2017-06-09,72.990929
2017-06-12,72.975006
2017-06-13,72.990929
2017-06-14,72.975006
2017-06-15,72.975006
2017-06-16,73.006920
2017-06-19,72.990929
2017-06-20,72.990929
2017-06-21,73.006920
2017-06-22,73.022873
2017-06-23,73.006920
2017-06-26,72.990929
2017-06-27,72.990929
2017-06-28,73.022873
2017-06-29,73.006920
2017-06-30,73.022873
2017-07-03,73.030846
2017-07-05,73.014885
2017-07-06,73.030846
2017-07-07,73.030846
2017-07-10,73.030846
2017-07-11,73.030846
2017-07-12,73.014885
2017-07-13,73.014885
2017-07-14,73.046844
2017-07-17,73.030846
2017-07-18,73.030846
2017-07-19,73.030846
2017-07-20,73.030846
2017-07-21,73.030846
2017-07-24,73.030846
2017-07-25,73.030846
2017-07-26,73.046844
2017-07-27,73.062805
2017-07-28,73.046844
2017-07-31,73.046844
2017-08-01,73.066017
2017-08-02,73.081985
2017-08-03,73.081985
2017-08-04,73.081985
2017-08-07,73.081985
2017-08-08,73.081985
2017-08-09,73.081985
2017-08-10,73.081985
2017-08-11,73.098015
2017-08-14,73.081985
2017-08-15,73.098015
2017-08-16,73.081985
2017-08-17,73.098015
2017-08-18,73.081985
2017-08-21,73.098015
2017-08-22,73.113968
2017-08-23,73.113968
2017-08-24,73.113968
2017-08-25,73.098015
2017-08-28,73.113968
2017-08-29,73.113968
2017-08-30,73.113968
2017-08-31,73.129982
2017-09-01,73.134750
2017-09-05,73.102768
2017-09-06,73.134750
2017-09-07,73.134750
2017-09-08,73.118759
2017-09-11,73.118759
2017-09-12,73.150749
2017-09-13,73.150749
2017-09-14,73.134750
2017-09-15,73.134750
2017-09-18,73.134750
2017-09-19,73.166756
2017-09-20,73.166756
2017-09-21,73.166756
2017-09-22,73.166756
2017-09-25,73.166756
2017-09-26,73.166756
2017-09-27,73.166756
2017-09-28,73.150749
2017-09-29,73.182777
2017-10-02,73.185951
2017-10-03,73.185951
2017-10-04,73.169945
2017-10-05,73.185951
2017-10-06,73.169945
2017-10-09,73.169945
2017-10-10,73.169945
2017-10-11,73.169945
2017-10-12,73.201958
2017-10-13,73.201958
2017-10-16,73.185951
2017-10-17,73.201958
2017-10-18,73.201958
2017-10-19,73.201958
2017-10-20,73.217949
2017-10-23,73.201958
2017-10-24,73.233978
2017-10-25,73.233978
2017-10-26,73.233978
2017-10-27,73.233978
2017-10-30,73.217949
2017-10-31,73.233978
2017-11-01,73.241974
2017-11-02,73.225937
2017-11-03,73.225937
2017-11-06,73.241974
2017-11-07,73.241974
2017-11-08,73.241974
2017-11-09,73.225937
2017-11-10,73.241974
2017-11-13,73.241974
2017-11-14,73.241974
2017-11-15,73.241974
2017-11-16,73.258003
2017-11-17,73.241974
2017-11-20,73.258003
2017-11-21,73.274040
2017-11-22,73.274040
2017-11-24,73.258003
2017-11-27,73.258003
2017-11-28,73.290024
2017-11-29,73.274040
2017-11-30,73.274040
2017-12-01,73.278847
2017-12-04,73.286850
2017-12-05,73.294853
2017-12-06,73.286850
2017-12-07,73.294853
2017-12-08,73.302841
2017-12-11,73.294853
2017-12-12,73.302841
2017-12-13,73.294853
2017-12-14,73.302841
2017-12-15,73.310890
2017-12-18,73.318863
2017-12-19,73.320488
2017-12-20,73.320488
2017-12-21,73.320488
2017-12-22,73.336563
2017-12-26,73.328522
2017-12-27,73.344574
2017-12-28,73.344574
2017-12-29,73.328522
2018-01-02,73.336563
2018-01-03,73.352608
2018-01-04,73.360619
2018-01-05,73.360619
2018-01-08,73.368607
2018-01-09,73.368607
2018-01-10,73.368607
2018-01-11,73.360619
2018-01-12,73.384651
2018-01-16,73.368607
2018-01-17,73.384651
2018-01-18,73.384651
2018-01-19,73.392723
2018-01-22,73.400711
2018-01-23,73.400711
2018-01-24,73.408768
2018-01-25,73.408768
2018-01-26,73.424805
2018-01-29,73.408768
2018-01-30,73.416748
2018-01-31,73.424805
2018-02-01,73.421577
2018-02-02,73.429611
2018-02-05,73.421577
2018-02-06,73.429611
2018-02-07,73.437630
2018-02-08,73.429611
2018-02-09,73.445671
2018-02-12,73.445671
2018-02-13,73.445671
2018-02-14,73.445671
2018-02-15,73.453712
2018-02-16,73.461723
2018-02-20,73.461723
2018-02-21,73.453712
2018-02-22,73.461723
2018-02-23,73.477798
2018-02-26,73.461723
2018-02-27,73.477798
2018-02-28,73.485832
2018-03-01,73.493103
2018-03-02,73.501106
2018-03-05,73.501106
2018-03-06,73.501106
2018-03-07,73.501106
2018-03-08,73.493103
2018-03-09,73.509193
2018-03-12,73.517166
2018-03-13,73.517166
2018-03-14,73.517166
2018-03-15,73.509193
2018-03-16,73.525238
2018-03-19,73.525238
2018-03-20,73.517166
2018-03-21,73.533279
2018-03-22,73.541283
2018-03-23,73.549309
2018-03-26,73.541283
2018-03-27,73.557358
2018-03-28,73.565376
2018-03-29,73.581490
2018-04-02,73.577484
2018-04-03,73.569382
2018-04-04,73.585503
2018-04-05,73.593521
2018-04-06,73.593521
2018-04-09,73.601593
2018-04-10,73.593521
2018-04-11,73.609642
2018-04-12,73.609642
2018-04-13,73.609642
2018-04-16,73.625748
2018-04-17,73.625748
2018-04-18,73.617668
2018-04-19,73.633781
2018-04-20,73.633781
2018-04-23,73.633781
2018-04-24,73.641800
2018-04-25,73.649879
2018-04-26,73.657898
2018-04-27,73.665947
2018-04-30,73.657898
2018-05-01,73.663574
2018-05-02,73.671638
2018-05-03,73.671638
2018-05-04,73.687737
2018-05-07,73.687737
2018-05-08,73.695793
2018-05-09,73.695793
2018-05-10,73.695793
2018-05-11,73.695793
2018-05-14,73.695793
2018-05-15,73.711914
2018-05-16,73.719933
2018-05-17,73.719933
2018-05-18,73.728004
2018-05-21,73.728004
2018-05-22,73.728004
2018-05-23,73.736023
2018-05-24,73.752144
2018-05-25,73.760216
2018-05-29,73.760216
2018-05-30,73.752144
2018-05-31,73.768311
2018-06-01,73.773170
2018-06-04,73.781174
2018-06-05,73.781174
2018-06-06,73.773170
2018-06-07,73.781174
2018-06-08,73.797348
2018-06-11,73.805374
2018-06-12,73.805374
2018-06-13,73.797348
2018-06-14,73.821518
2018-06-15,73.821518
2018-06-18,73.813484
2018-06-19,73.829575
2018-06-20,73.821518
2018-06-21,73.829575
2018-06-22,73.837631
2018-06-25,73.853790
2018-06-26,73.845711
2018-06-27,73.861855
2018-06-28,73.861855
2018-06-29,73.878021
2018-07-02,73.867485
2018-07-03,73.883644
2018-07-05,73.883644
2018-07-06,73.899773
2018-07-09,73.899773
2018-07-10,73.907867
2018-07-11,73.907867
2018-07-12,73.907867
2018-07-13,73.915962
2018-07-16,73.924042
2018-07-17,73.924042
2018-07-18,73.932121
2018-07-19,73.940193
2018-07-20,73.948288
2018-07-23,73.940193
2018-07-24,73.956360
2018-07-25,73.948288
2018-07-26,73.956360
2018-07-27,73.972519
2018-07-30,73.964432
2018-07-31,73.980576
2018-08-01,73.984642
2018-08-02,73.992683
2018-08-03,73.992683
2018-08-06,74.000786
2018-08-07,74.008888
2018-08-08,74.000786
2018-08-09,74.008888
2018-08-10,74.025101
2018-08-13,74.033180
2018-08-14,74.016960
2018-08-15,74.033180
2018-08-16,74.033180
2018-08-17,74.041267
2018-08-20,74.041267
2018-08-21,74.049347
2018-08-22,74.049347
2018-08-23,74.073631
2018-08-24,74.073631
2018-08-27,74.081703
2018-08-28,74.081703
2018-08-29,74.073631
2018-08-30,74.105988
2018-08-31,74.097885
2018-09-04,74.104340
2018-09-05,74.096268
2018-09-06,74.112457
2018-09-07,74.128677
2018-09-10,74.128677
2018-09-11,74.136795
2018-09-12,74.136795
2018-09-13,74.136795
2018-09-14,74.144890
2018-09-17,74.161079
2018-09-18,74.161079
2018-09-19,74.161079
2018-09-20,74.177299
2018-09-21,74.177299
2018-09-24,74.185417
2018-09-25,74.185417
2018-09-26,74.185417
2018-09-27,74.201599
2018-09-28,74.201599
2018-10-01,74.206482
2018-10-02,74.214592
2018-10-03,74.214592
2018-10-04,74.230797
2018-10-05,74.238922
2018-10-08,74.238922
2018-10-09,74.230797
2018-10-10,74.247040
2018-10-11,74.255180
2018-10-12,74.255180
2018-10-15,74.263283
2018-10-16,74.271393
2018-10-17,74.271393
2018-10-18,74.271393
2018-10-19,74.279503
2018-10-22,74.295753
2018-10-23,74.295753
2018-10-24,74.303879
2018-10-25,74.311974
2018-10-26,74.320084
2018-10-29,74.320084
2018-10-30,74.320084
2018-10-31,74.328209
2018-11-01,74.344460
2018-11-02,74.344460
2018-11-05,74.352592
2018-11-06,74.352592
2018-11-07,74.360718
2018-11-08,74.368843
2018-11-09,74.385132
2018-11-12,74.377014
2018-11-13,74.385132
2018-11-14,74.377014
2018-11-15,74.401352
2018-11-16,74.409515
2018-11-19,74.401352
2018-11-20,74.417603
2018-11-21,74.433853
2018-11-23,74.433853
2018-11-26,74.441994
2018-11-27,74.441994
2018-11-28,74.450134
2018-11-29,74.458244
2018-11-30,74.466400
2018-12-03,74.463974
2018-12-04,74.472069
2018-12-06,74.488388
2018-12-07,74.496529
2018-12-10,74.504700
2018-12-11,74.496529
2018-12-12,74.512810
2018-12-13,74.520935
2018-12-14,74.529083
2018-12-17,74.537270
2018-12-18,74.537270
2018-12-19,74.529076
2018-12-20,74.545372
2018-12-21,74.561714
2018-12-24,74.569885
2018-12-26,74.561714
2018-12-27,74.586182
2018-12-28,74.594330
2018-12-31,74.602470
2019-01-02,74.594330
2019-01-03,74.618805
2019-01-04,74.626938
2019-01-07,74.626938
2019-01-08,74.626938
2019-01-09,74.626938
2019-01-10,74.635117
2019-01-11,74.651405
2019-01-14,74.643303
2019-01-15,74.659576
2019-01-16,74.667740
2019-01-17,74.684082
2019-01-18,74.684082
2019-01-22,74.692215
2019-01-23,74.692215
2019-01-24,74.716667
2019-01-25,74.708534
2019-01-28,74.716667
2019-01-29,74.716667
2019-01-30,74.733002
2019-01-31,74.733002
2019-02-01,74.740356
2019-02-04,74.748505
2019-02-05,74.748505
2019-02-06,74.764877
2019-02-07,74.764877
2019-02-08,74.781227
2019-02-11,74.773041
2019-02-12,74.789406
2019-02-13,74.789406
2019-02-14,74.805740
2019-02-15,74.805740
2019-02-19,74.822075
2019-02-20,74.822075
2019-02-21,74.830299
2019-02-22,74.846596
2019-02-25,74.838448
2019-02-26,74.846596
2019-02-27,74.854767
2019-02-28,74.871117
2019-03-01,74.879303
2019-03-04,74.871109
2019-03-05,74.879303
2019-03-06,74.887459
2019-03-07,74.903870
2019-03-08,74.912056
2019-03-11,74.912056
2019-03-12,74.920258
2019-03-13,74.928444
2019-03-14,74.928444
2019-03-15,74.936623
2019-03-18,74.944809
2019-03-19,74.944809
2019-03-20,74.944809
2019-03-21,74.969414
2019-03-22,74.969414
2019-03-25,74.969414
2019-03-26,74.977585
2019-03-27,74.985741
2019-03-28,75.002098
2019-03-29,75.002098
2019-04-01,75.015244
2019-04-02,75.007057
2019-04-03,75.015244
2019-04-04,75.039856
2019-04-05,75.039856
2019-04-08,75.039856
2019-04-09,75.048065
2019-04-10,75.048065
2019-04-11,75.072701
2019-04-12,75.072701
2019-04-15,75.080879
2019-04-16,75.080879
2019-04-17,75.097298
2019-04-18,75.105476
2019-04-22,75.105476
2019-04-23,75.105476
2019-04-24,75.121925
2019-04-25,75.138313
2019-04-26,75.130104
2019-04-29,75.138313
2019-04-30,75.146500
2019-05-01,75.149834
2019-05-02,75.158012
2019-05-03,75.166237
2019-05-06,75.174431
2019-05-07,75.182686
2019-05-08,75.182686
2019-05-09,75.190895
2019-05-10,75.207359
2019-05-13,75.199104
2019-05-14,75.207359
2019-05-15,75.215576
2019-05-16,75.223770
2019-05-17,75.232018
2019-05-20,75.240227
2019-05-21,75.240227
2019-05-22,75.256653
2019-05-23,75.273064
2019-05-24,75.273064
2019-05-28,75.281319
2019-05-29,75.281319
2019-05-30,75.305946
2019-05-31,75.305946
2019-06-03,75.302666
2019-06-04,75.319122
2019-06-05,75.319122
2019-06-06,75.343849
2019-06-07,75.335609
2019-06-10,75.352104
2019-06-11,75.343849
2019-06-12,75.352104
2019-06-13,75.376808
2019-06-14,75.385040
2019-06-17,75.385040
2019-06-18,75.385040
2019-06-19,75.401497
2019-06-20,75.409729
2019-06-21,75.409729
2019-06-24,75.417946
2019-06-25,75.417946
2019-06-26,75.434433
2019-06-27,75.434433
2019-06-28,75.442657
2019-07-01,75.438545
2019-07-02,75.446800
2019-07-03,75.471573
2019-07-05,75.463295
2019-07-08,75.463295
2019-07-09,75.471573
2019-07-10,75.479805
2019-07-11,75.496292
2019-07-12,75.504562
2019-07-15,75.504562
2019-07-16,75.512787
2019-07-17,75.512787
2019-07-18,75.537552
2019-07-19,75.537552
2019-07-22,75.537552
2019-07-23,75.529297
2019-07-24,75.545799
2019-07-25,75.562294
2019-07-26,75.554047
2019-07-29,75.570534
2019-07-30,75.570534
2019-07-31,75.578804
2019-08-01,75.599472
2019-08-02,75.599472
2019-08-05,75.591171
2019-08-06,75.599472
2019-08-07,75.615990
2019-08-08,75.624268
2019-08-09,75.615990
2019-08-12,75.632523
2019-08-13,75.640747
2019-08-14,75.632523
2019-08-15,75.665581
2019-08-16,75.657310
2019-08-19,75.657310
2019-08-20,75.665581
2019-08-21,75.657310
2019-08-22,75.682076
2019-08-23,75.673851
2019-08-26,75.682076
2019-08-27,75.690331
2019-08-28,75.682076
2019-08-29,75.698593
2019-08-30,75.706886
2019-09-03,75.721771
2019-09-04,75.713509
2019-09-05,75.721771
2019-09-06,75.730049
2019-09-09,75.730049
2019-09-10,75.746613
2019-09-11,75.738358
2019-09-12,75.754913
2019-09-13,75.754913
2019-09-16,75.754913
2019-09-17,75.763184
2019-09-18,75.779724
2019-09-19,75.779724
2019-09-20,75.788010
2019-09-23,75.804588
2019-09-24,75.804588
2019-09-25,75.804588
2019-09-26,75.821129
2019-09-27,75.821129
2019-09-30,75.829414
2019-10-01,75.826950
2019-10-02,75.826950
2019-10-03,75.851807
2019-10-04,75.851807
2019-10-07,75.860100
2019-10-08,75.860100
2019-10-09,75.860100
2019-10-10,75.876701
2019-10-11,75.884956
2019-10-14,75.876701
2019-10-15,75.884956
2019-10-16,75.893250
2019-10-17,75.901581
2019-10-18,75.901581
2019-10-21,75.909851
2019-10-22,75.909851
2019-10-23,75.909851
2019-10-24,75.926453
2019-10-25,75.926453
2019-10-28,75.918121
2019-10-29,75.934708
2019-10-30,75.943001
2019-10-31,75.951294
2019-11-01,75.950432
2019-11-04,75.958786
2019-11-05,75.950432
2019-11-06,75.958786
2019-11-07,75.975388
2019-11-08,75.975388
2019-11-11,75.975388
2019-11-12,75.983665
2019-11-13,75.983665
2019-11-14,75.992020
2019-11-15,75.983665
2019-11-18,76.000313
2019-11-19,75.992020
2019-11-20,76.000313
2019-11-21,76.000313
2019-11-22,76.008606
2019-11-25,76.008606
2019-11-26,76.016914
2019-11-27,76.033524
2019-11-29,76.033524
2019-12-02,76.039352
2019-12-03,76.031029
2019-12-04,76.039352
2019-12-05,76.055977
2019-12-06,76.055977
2019-12-09,76.064270
2019-12-10,76.064270
2019-12-11,76.064270
2019-12-12,76.080910
2019-12-13,76.064270
2019-12-16,76.080910
2019-12-17,76.072571
2019-12-18,76.089256
2019-12-19,76.097542
2019-12-20,76.101746
2019-12-23,76.101746
2019-12-24,76.110046
2019-12-26,76.118378
2019-12-27,76.110046
2019-12-30,76.118378
2019-12-31,76.118378
2020-01-02,76.143311
2020-01-03,76.143311
2020-01-06,76.135025
2020-01-07,76.135025
2020-01-08,76.151649
2020-01-09,76.159973
2020-01-10,76.159973
2020-01-13,76.159973
2020-01-14,76.159973
2020-01-15,76.168282
2020-01-16,76.184982
2020-01-17,76.176628
2020-01-21,76.184982
2020-01-22,76.184982
2020-01-23,76.193283
2020-01-24,76.193283
2020-01-27,76.201630
2020-01-28,76.201630
2020-01-29,76.209961
2020-01-30,76.209961
2020-01-31,76.209961
2020-02-03,76.216606
2020-02-04,76.216606
2020-02-05,76.233284
2020-02-06,76.241623
2020-02-07,76.241623
2020-02-10,76.233284
2020-02-11,76.241623
2020-02-12,76.249969
2020-02-13,76.258293
2020-02-14,76.258293
2020-02-18,76.266624
2020-02-19,76.266624
2020-02-20,76.266624
2020-02-21,76.283318
2020-02-24,76.274948
2020-02-25,76.274948
2020-02-26,76.291588
2020-02-27,76.308311
2020-02-28,76.299965
2020-03-02,76.322502
2020-03-03,76.339180
2020-03-04,76.372551
2020-03-05,76.389236
2020-03-06,76.389236
2020-03-09,76.422607
2020-03-10,76.405914
2020-03-11,76.422607
2020-03-12,76.430969
2020-03-13,76.447655
2020-03-16,76.455994
2020-03-17,76.455994
2020-03-18,76.472694
2020-03-19,76.455994
2020-03-20,76.481003
2020-03-23,76.464378
2020-03-24,76.464378
2020-03-25,76.464378
2020-03-26,76.464378
2020-03-27,76.447655
2020-03-30,76.447655
2020-03-31,76.455994
2020-04-01,76.449303
2020-04-02,76.457672
2020-04-03,76.432610
2020-04-06,76.440956
2020-04-07,76.424278
2020-04-08,76.432610
2020-04-09,76.415916
2020-04-13,76.432610
2020-04-14,76.440956
2020-04-15,76.432610
2020-04-16,76.424278
2020-04-17,76.440956
2020-04-20,76.432610
2020-04-21,76.432610
2020-04-22,76.432610
2020-04-23,76.440956
2020-04-24,76.432610
2020-04-27,76.432610
2020-04-28,76.432610
2020-04-29,76.424278
2020-04-30,76.440956
2020-05-01,76.427582
2020-05-04,76.427582
2020-05-05,76.427582
2020-05-06,76.435966
2020-05-07,76.427582
2020-05-08,76.427582
2020-05-11,76.435966
2020-05-12,76.435966
2020-05-13,76.435966
2020-05-14,76.444305
2020-05-15,76.427582
2020-05-18,76.427582
2020-05-19,76.427582
2020-05-20,76.427582
2020-05-21,76.435966
2020-05-22,76.427582
2020-05-26,76.435966
2020-05-27,76.427582
2020-05-28,76.427582
2020-05-29,76.427582
2020-06-01,76.435966
2020-06-02,76.435966
2020-06-03,76.435966
2020-06-04,76.435966
2020-06-05,76.419258
2020-06-08,76.427582
2020-06-09,76.427582
2020-06-10,76.435966
2020-06-11,76.419258
2020-06-12,76.435966
2020-06-15,76.435966
2020-06-16,76.435966
2020-06-17,76.435966
2020-06-18,76.427582
2020-06-19,76.427582
2020-06-22,76.427582
2020-06-23,76.427582
2020-06-24,76.427582
2020-06-25,76.435966
2020-06-26,76.427582
2020-06-29,76.427582
2020-06-30,76.427582
2020-07-01,76.427582
2020-07-02,76.435966
2020-07-06,76.427582
2020-07-07,76.427582
2020-07-08,76.427582
2020-07-09,76.427582
2020-07-10,76.435966
2020-07-13,76.435966
2020-07-14,76.435966
2020-07-15,76.435966
2020-07-16,76.427582
2020-07-17,76.435966
2020-07-20,76.435966
2020-07-21,76.435966
2020-07-22,76.427582
2020-07-23,76.435966
2020-07-24,76.427582
2020-07-27,76.427582
2020-07-28,76.435966
2020-07-29,76.435966
2020-07-30,76.427582
2020-07-31,76.435966
2020-08-03,76.427582
2020-08-04,76.435966
2020-08-05,76.427582
2020-08-06,76.427582
2020-08-07,76.435966
2020-08-10,76.435966
2020-08-11,76.427582
2020-08-12,76.427582
2020-08-13,76.435966
2020-08-14,76.427582
2020-08-17,76.427582
2020-08-18,76.435966
2020-08-19,76.435966
2020-08-20,76.435966
2020-08-21,76.435966
2020-08-24,76.435966
2020-08-25,76.427582
2020-08-26,76.427582
2020-08-27,76.427582
2020-08-28,76.435966
2020-08-31,76.435966
2020-09-01,76.435966
2020-09-02,76.435966
2020-09-03,76.427582
2020-09-04,76.435966
2020-09-08,76.435966
2020-09-09,76.427582
2020-09-10,76.427582
2020-09-11,76.419258
2020-09-14,76.435966
2020-09-15,76.419258
2020-09-16,76.435966
2020-09-17,76.435966
2020-09-18,76.419258
2020-09-21,76.419258
2020-09-22,76.419258
2020-09-23,76.419258
2020-09-24,76.427582
2020-09-25,76.419258
2020-09-28,76.427582
2020-09-29,76.427582
2020-09-30,76.419258
2020-10-01,76.419258
2020-10-02,76.419258
2020-10-05,76.419258
2020-10-06,76.427582
2020-10-07,76.419258
2020-10-08,76.419258
2020-10-09,76.419258
2020-10-12,76.427582
2020-10-13,76.419258
2020-10-14,76.419258
2020-10-15,76.419258
2020-10-16,76.427582
2020-10-19,76.427582
2020-10-20,76.419258
2020-10-21,76.419258
2020-10-22,76.427582
2020-10-23,76.427582
2020-10-26,76.427582
2020-10-27,76.419258
2020-10-28,76.419258
2020-10-29,76.427582
2020-10-30,76.427582
2020-11-02,76.427582
2020-11-03,76.427582
2020-11-04,76.419258
2020-11-05,76.427582
2020-11-06,76.419258
2020-11-09,76.427582
2020-11-10,76.419258
2020-11-11,76.419258
2020-11-12,76.419258
2020-11-13,76.427582
2020-11-16,76.427582
2020-11-17,76.427582
2020-11-18,76.427582
2020-11-19,76.427582
2020-11-20,76.427582
2020-11-23,76.427582
2020-11-24,76.427582
2020-11-25,76.419258
2020-11-27,76.427582
2020-11-30,76.419258
2020-12-01,76.413391
2020-12-02,76.421768
2020-12-03,76.421768
2020-12-04,76.430092
2020-12-07,76.413391
2020-12-08,76.413391
2020-12-09,76.413391
2020-12-10,76.413391
2020-12-11,76.421768
2020-12-14,76.413391
2020-12-15,76.413391
2020-12-16,76.421768
2020-12-17,76.421768
2020-12-18,76.421768
2020-12-21,76.421768
2020-12-22,76.421768
2020-12-23,76.413391
2020-12-24,76.421768
2020-12-28,76.421768
2020-12-29,76.421768
2020-12-30,76.413391
2020-12-31,76.421768
2021-01-04,76.421768
2021-01-05,76.413391
2021-01-06,76.421768
2021-01-07,76.421768
2021-01-08,76.413391
2021-01-11,76.421768
2021-01-12,76.413391
2021-01-13,76.413391
2021-01-14,76.421768
2021-01-15,76.421768
2021-01-19,76.421768
2021-01-20,76.421768
2021-01-21,76.421768
2021-01-22,76.413391
2021-01-25,76.421768
2021-01-26,76.413391
2021-01-27,76.413391
2021-01-28,76.421768
2021-01-29,76.421768
2021-02-01,76.421768
2021-02-02,76.413391
2021-02-03,76.413391
2021-02-04,76.421768
2021-02-05,76.421768
2021-02-08,76.421768
2021-02-09,76.421768
2021-02-10,76.413391
2021-02-11,76.421768
2021-02-12,76.413391
2021-02-16,76.421768
2021-02-17,76.421768
2021-02-18,76.413391
2021-02-19,76.421768
2021-02-22,76.413391
2021-02-23,76.413391
2021-02-24,76.405060
2021-02-25,76.413391
2021-02-26,76.413391
2021-03-01,76.405060
2021-03-02,76.405060
2021-03-03,76.413391
2021-03-04,76.413391
2021-03-05,76.413391
2021-03-08,76.405060
2021-03-09,76.405060
2021-03-10,76.405060
2021-03-11,76.413391
2021-03-12,76.405060
2021-03-15,76.405060
2021-03-16,76.405060
2021-03-17,76.413391
2021-03-18,76.405060
2021-03-19,76.405060
2021-03-22,76.405060
2021-03-23,76.413391
2021-03-24,76.405060
2021-03-25,76.405060
2021-03-26,76.405060
2021-03-29,76.405060
2021-03-30,76.413391
2021-03-31,76.405060
2021-04-01,76.413391
2021-04-05,76.405060
2021-04-06,76.396690
2021-04-07,76.396690
2021-04-08,76.405060
2021-04-09,76.396690
2021-04-12,76.396690
2021-04-13,76.396690
2021-04-14,76.396690
2021-04-15,76.405060
2021-04-16,76.405060
2021-04-19,76.396690
2021-04-20,76.396690
2021-04-21,76.396690
2021-04-22,76.405060
2021-04-23,76.405060
2021-04-26,76.396690
2021-04-27,76.405060
2021-04-28,76.396690
2021-04-29,76.396690
2021-04-30,76.405060
2021-05-03,76.405060
2021-05-04,76.396690
2021-05-05,76.405060
2021-05-06,76.405060
2021-05-07,76.396690
2021-05-10,76.396690
2021-05-11,76.396690
2021-05-12,76.388351
2021-05-13,76.388351
2021-05-14,76.388351
2021-05-17,76.396690
2021-05-18,76.396690
2021-05-19,76.388351
2021-05-20,76.388351
2021-05-21,76.396690
2021-05-24,76.388351
2021-05-25,76.388351
2021-05-26,76.388351
2021-05-27,76.396690
2021-05-28,76.396690
2021-06-01,76.388351
2021-06-02,76.388351
2021-06-03,76.388351
2021-06-04,76.396690
2021-06-07,76.380013
2021-06-08,76.380013
2021-06-09,76.380013
2021-06-10,76.380013
2021-06-11,76.388351
2021-06-14,76.380013
2021-06-15,76.380013
2021-06-16,76.388351
2021-06-17,76.380013
2021-06-18,76.388351
2021-06-21,76.380013
2021-06-22,76.380013
2021-06-23,76.380013
2021-06-24,76.388351
2021-06-25,76.388351
2021-06-28,76.380013
2021-06-29,76.380013
2021-06-30,76.380013
2021-07-01,76.388351
2021-07-02,76.380013
2021-07-06,76.371651
2021-07-07,76.371651
2021-07-08,76.380013
2021-07-09,76.380013
2021-07-12,76.380013
2021-07-13,76.380013
2021-07-14,76.371651
2021-07-15,76.380013
2021-07-16,76.380013
2021-07-19,76.371651
2021-07-20,76.371651
2021-07-21,76.371651
2021-07-22,76.380013
2021-07-23,76.371651
2021-07-26,76.380013
2021-07-27,76.371651
2021-07-28,76.371651
2021-07-29,76.380013
2021-07-30,76.371651
2021-08-02,76.371651
2021-08-03,76.371651
2021-08-04,76.371651
2021-08-05,76.371651
2021-08-06,76.380013
2021-08-09,76.380013
2021-08-10,76.371651
2021-08-11,76.371651
2021-08-12,76.371651
2021-08-13,76.380013
2021-08-16,76.363297
2021-08-17,76.363297
2021-08-18,76.363297
2021-08-19,76.380013
2021-08-20,76.380013
2021-08-23,76.363297
2021-08-24,76.363297
2021-08-25,76.363297
2021-08-26,76.371651
2021-08-27,76.371651
2021-08-30,76.371651
2021-08-31,76.363297
2021-09-01,76.363297
2021-09-02,76.380013
2021-09-03,76.363297
2021-09-07,76.363297
2021-09-08,76.363297
2021-09-09,76.363297
2021-09-10,76.371651
2021-09-13,76.371651
2021-09-14,76.363297
2021-09-15,76.363297
2021-09-16,76.371651
2021-09-17,76.363297
2021-09-20,76.371651
2021-09-21,76.363297
2021-09-22,76.363297
2021-09-23,76.371651
2021-09-24,76.363297
2021-09-27,76.363297
2021-09-28,76.363297
2021-09-29,76.371651
2021-09-30,76.371651
2021-10-01,76.371651
2021-10-04,76.354935
2021-10-05,76.363297
2021-10-06,76.363297
2021-10-07,76.363297
2021-10-08,76.363297
2021-10-11,76.363297
2021-10-12,76.363297
2021-10-13,76.363297
2021-10-14,76.354935
2021-10-15,76.363297
2021-10-18,76.354935
2021-10-19,76.354935
2021-10-20,76.354935
2021-10-21,76.354935
2021-10-22,76.354935
2021-10-25,76.363297
2021-10-26,76.346626
2021-10-27,76.346626
2021-10-28,76.363297
2021-10-29,76.363297
2021-11-01,76.363297
2021-11-02,76.346626
2021-11-03,76.346626
2021-11-04,76.354935
2021-11-05,76.354935
2021-11-08,76.363297
2021-11-09,76.346626
2021-11-10,76.346626
2021-11-11,76.354935
2021-11-12,76.354935
2021-11-15,76.354935
2021-11-16,76.346626
2021-11-17,76.346626
2021-11-18,76.354935
2021-11-19,76.354935
2021-11-22,76.354935
2021-11-23,76.346626
2021-11-24,76.354935
2021-11-26,76.346626
2021-11-29,76.354935
2021-11-30,76.346626
2021-12-01,76.354935
2021-12-02,76.354935
2021-12-03,76.346626
2021-12-06,76.346626
2021-12-07,76.346626
2021-12-08,76.354935
2021-12-09,76.346626
2021-12-10,76.354935
2021-12-13,76.354935
2021-12-14,76.354935
2021-12-15,76.354935
2021-12-16,76.346626
2021-12-17,76.354935
2021-12-20,76.346626
2021-12-21,76.338249
2021-12-22,76.338249
2021-12-23,76.338249
2021-12-27,76.346626
2021-12-28,76.338249
2021-12-29,76.338249
2021-12-30,76.346626
2021-12-31,76.346626
2022-01-03,76.338249
2022-01-04,76.346626
2022-01-05,76.346626
2022-01-06,76.346626
2022-01-07,76.346626
2022-01-10,76.338249
2022-01-11,76.329918
2022-01-12,76.338249
2022-01-13,76.346626
2022-01-14,76.346626
2022-01-18,76.329918
2022-01-19,76.346626
2022-01-20,76.346626
2022-01-21,76.338249
2022-01-24,76.346626
2022-01-25,76.329918
2022-01-26,76.338249
2022-01-27,76.346626
2022-01-28,76.329918
2022-01-31,76.346626
2022-02-01,76.338249
2022-02-02,76.346626
2022-02-03,76.346626
2022-02-04,76.329918
2022-02-07,76.329918
2022-02-08,76.338249
2022-02-09,76.329918
2022-02-10,76.329918
2022-02-11,76.329918
2022-02-14,76.321564
2022-02-15,76.338249
2022-02-16,76.338249
2022-02-17,76.329918
2022-02-18,76.338249
2022-02-22,76.338249
2022-02-23,76.329918
2022-02-24,76.329918
2022-02-25,76.329918
2022-02-28,76.329918
2022-03-01,76.348289
2022-03-02,76.348289
2022-03-03,76.356644
2022-03-04,76.356644
2022-03-07,76.356644
2022-03-08,76.356644
2022-03-09,76.356644
2022-03-10,76.356644
2022-03-11,76.348289
2022-03-14,76.356644
2022-03-15,76.339920
2022-03-16,76.356644
2022-03-17,76.356644
2022-03-18,76.348289
2022-03-21,76.348289
2022-03-22,76.348289
2022-03-23,76.364990
2022-03-24,76.364990
2022-03-25,76.348289
2022-03-28,76.348289
2022-03-29,76.348289
2022-03-30,76.364990
2022-03-31,76.364990
2022-04-01,76.364990
2022-04-04,76.356644
2022-04-05,76.348289
2022-04-06,76.356644
2022-04-07,76.356644
2022-04-08,76.348289
2022-04-11,76.356644
2022-04-12,76.356644
2022-04-13,76.356644
2022-04-14,76.348289
2022-04-18,76.356644
2022-04-19,76.348289
2022-04-20,76.364990
2022-04-21,76.364990
2022-04-22,76.356644
2022-04-25,76.364990
2022-04-26,76.356644
2022-04-27,76.356644
2022-04-28,76.373337
2022-04-29,76.356644
2022-05-02,76.364990
2022-05-03,76.356644
2022-05-04,76.373337
2022-05-05,76.373337
2022-05-06,76.373337
2022-05-09,76.364990
2022-05-10,76.364990
2022-05-11,76.364990
2022-05-12,76.373337
2022-05-13,76.381699
2022-05-16,76.373337
2022-05-17,76.373337
2022-05-18,76.373337
2022-05-19,76.390060
2022-05-20,76.390060
2022-05-23,76.390060
2022-05-24,76.381699
2022-05-25,76.390060
2022-05-26,76.406754
2022-05-27,76.390060
2022-05-31,76.381699
2022-06-01,76.382530
2022-06-02,76.399231
2022-06-03,76.382530
2022-06-06,76.390892
2022-06-07,76.382530
2022-06-08,76.390892
2022-06-09,76.399231
2022-06-10,76.382530
2022-06-13,76.390892
2022-06-14,76.382530
2022-06-15,76.390892
2022-06-16,76.407600
2022-06-17,76.399231
2022-06-21,76.415947
2022-06-22,76.424316
2022-06-23,76.424316
2022-06-24,76.407600
2022-06-27,76.407600
2022-06-28,76.424316
2022-06-29,76.432648
2022-06-30,76.441002
2022-07-01,76.435173
2022-07-05,76.435173
2022-07-06,76.435173
2022-07-07,76.435173
2022-07-08,76.426811
2022-07-11,76.435173
2022-07-12,76.426811
2022-07-13,76.426811
2022-07-14,76.435173
2022-07-15,76.426811
2022-07-18,76.426811
2022-07-19,76.426811
2022-07-20,76.426811
2022-07-21,76.451889
2022-07-22,76.460258
2022-07-25,76.451889
2022-07-26,76.451889
2022-07-27,76.451889
2022-07-28,76.460258
2022-07-29,76.468605
2022-08-01,76.474442
2022-08-02,76.482841
2022-08-03,76.474442
2022-08-04,76.491203
2022-08-05,76.507950
2022-08-08,76.516319
2022-08-09,76.507950
2022-08-10,76.516319
2022-08-11,76.516319
2022-08-12,76.533073
2022-08-15,76.524651
2022-08-16,76.533073
2022-08-17,76.533073
2022-08-18,76.566528
2022-08-19,76.566528
2022-08-22,76.574898
2022-08-23,76.558151
2022-08-24,76.583237
2022-08-25,76.591637
2022-08-26,76.591637
2022-08-29,76.591637
2022-08-30,76.599983
2022-08-31,76.616745
2022-09-01,76.632668
2022-09-02,76.641029
2022-09-06,76.641029
2022-09-07,76.649429
2022-09-08,76.666199
2022-09-09,76.666199
2022-09-12,76.657829
2022-09-13,76.674591
2022-09-14,76.674591
2022-09-15,76.699684
2022-09-16,76.699684
2022-09-19,76.699684
2022-09-20,76.691330
2022-09-21,76.708099
2022-09-22,76.741600
2022-09-23,76.741600
2022-09-26,76.724876
2022-09-27,76.749992
2022-09-28,76.758392
2022-09-29,76.775154
2022-09-30,76.775154
2022-10-03,76.754173
2022-10-04,76.779358
2022-10-05,76.779358
2022-10-06,76.796135
2022-10-07,76.796135
2022-10-10,76.804527
2022-10-11,76.804527
2022-10-12,76.804527
2022-10-13,76.829697
2022-10-14,76.829697
2022-10-17,76.829697
2022-10-18,76.829697
2022-10-19,76.829697
2022-10-20,76.863281
2022-10-21,76.871689
2022-10-24,76.863281
2022-10-25,76.863281
2022-10-26,76.880089
2022-10-27,76.905281
2022-10-28,76.896866
2022-10-31,76.896866
2022-11-01,76.903610
2022-11-02,76.928818
2022-11-03,76.954094
2022-11-04,76.970947
2022-11-07,76.962524
2022-11-08,76.970947
2022-11-09,77.012993
2022-11-10,77.021408
2022-11-11,77.012993
2022-11-14,77.012993
2022-11-15,77.029839
2022-11-16,77.038239
2022-11-17,77.063507
2022-11-18,77.063507
2022-11-21,77.071915
2022-11-22,77.088753
2022-11-23,77.105576
2022-11-25,77.105576
2022-11-28,77.113983
2022-11-29,77.139206
2022-11-30,77.139206
2022-12-01,77.156120
2022-12-02,77.164566
2022-12-05,77.172981
2022-12-06,77.198303
2022-12-07,77.198303
2022-12-08,77.248947
2022-12-09,77.240501
2022-12-12,77.248947
2022-12-13,77.248947
2022-12-14,77.274254
2022-12-15,77.291130
2022-12-16,77.291130
2022-12-19,77.300461
2022-12-20,77.308907
2022-12-21,77.317337
2022-12-22,77.368149
2022-12-23,77.368149
2022-12-27,77.368149
2022-12-28,77.393547
2022-12-29,77.427399
2022-12-30,77.418953
2023-01-03,77.427399
2023-01-04,77.418953
2023-01-05,77.444290
2023-01-06,77.435837
2023-01-09,77.452774
2023-01-10,77.444290
2023-01-11,77.444290
2023-01-12,77.503548
2023-01-13,77.512047
2023-01-17,77.512047
2023-01-18,77.520500
2023-01-19,77.554352
2023-01-20,77.562820
2023-01-23,77.562820
2023-01-24,77.571281
2023-01-25,77.579742
2023-01-26,77.622086
2023-01-27,77.630539
2023-01-30,77.630539
2023-01-31,77.639008
2023-02-01,77.644073
2023-02-02,77.678070
2023-02-03,77.695084
2023-02-06,77.703545
2023-02-07,77.712067
2023-02-08,77.712067
2023-02-09,77.737549
2023-02-10,77.746056
2023-02-13,77.763023
2023-02-14,77.763023
2023-02-15,77.779984
2023-02-16,77.822487
2023-02-17,77.830978
2023-02-21,77.830978
2023-02-22,77.856468
2023-02-23,77.881950
2023-02-24,77.890442
2023-02-27,77.898918
2023-02-28,77.907417
2023-03-01,77.911720
2023-03-02,77.937248
2023-03-03,77.954292
2023-03-06,77.962830
2023-03-07,77.962830
2023-03-08,77.979851
2023-03-09,77.996864
2023-03-10,78.013916
2023-03-13,78.030945
2023-03-14,78.039467
2023-03-15,78.082077
2023-03-16,78.116135
2023-03-17,78.133186
2023-03-20,78.141701
2023-03-21,78.141701
2023-03-22,78.158714
2023-03-23,78.192810
2023-03-24,78.209831
2023-03-27,78.201302
2023-03-28,78.218369
2023-03-29,78.218369
2023-03-30,78.235405
2023-03-31,78.218369
2023-04-03,78.237175
2023-04-04,78.245743
2023-04-05,78.288513
2023-04-06,78.297066
2023-04-10,78.305611
2023-04-11,78.314140
2023-04-12,78.331245
2023-04-13,78.374039
2023-04-14,78.374039
2023-04-17,78.391151
2023-04-18,78.399689
2023-04-19,78.408257
2023-04-20,78.468132
2023-04-21,78.459579
2023-04-24,78.468132
2023-04-25,78.459579
2023-04-26,78.476669
2023-04-27,78.502365
2023-04-28,78.502365
2023-05-01,78.504906
2023-05-02,78.487732
2023-05-03,78.496361
2023-05-04,78.522087
2023-05-05,78.539246
2023-05-08,78.547859
2023-05-09,78.556427
2023-05-10,78.565033
2023-05-11,78.616524
2023-05-12,78.633713
2023-05-15,78.642296
2023-05-16,78.633713
2023-05-17,78.650864
2023-05-18,78.693802
2023-05-19,78.693802
2023-05-22,78.702400
2023-05-23,78.702400
2023-05-24,78.702400
2023-05-25,78.753914
2023-05-26,78.771111
2023-05-30,78.779648
2023-05-31,78.796837
2023-06-01,78.840820
2023-06-02,78.849442
2023-06-05,78.849442
2023-06-06,78.866699
2023-06-07,78.875313
2023-06-08,78.918396
2023-06-09,78.927025
2023-06-12,78.935646
2023-06-13,78.952904
2023-06-14,78.970161
2023-06-15,79.004616
2023-06-16,79.013252
2023-06-20,79.030487
2023-06-21,79.030487
2023-06-22,79.064964
2023-06-23,79.073586
2023-06-26,79.082207
2023-06-27,79.099472
2023-06-28,79.108093
2023-06-29,79.133919
2023-06-30,79.159790
2023-07-03,79.179688
2023-07-05,79.188362
2023-07-06,79.214333
2023-07-07,79.222984
2023-07-10,79.240311
2023-07-11,79.248962
2023-07-12,79.266273
2023-07-13,79.300896
2023-07-14,79.309563
2023-07-17,79.318207
2023-07-18,79.318207
2023-07-19,79.335510
2023-07-20,79.378792
2023-07-21,79.378792
2023-07-24,79.387466
2023-07-25,79.396103
2023-07-26,79.404808
2023-07-27,79.448082
2023-07-28,79.456718
2023-07-31,79.465393
2023-08-01,79.486252
2023-08-02,79.494919
2023-08-03,79.529716
2023-08-04,79.547104
2023-08-07,79.547104
2023-08-08,79.564476
2023-08-09,79.573174
2023-08-10,79.616638
2023-08-11,79.625336
2023-08-14,79.634041
2023-08-15,79.642700
2023-08-16,79.660126
2023-08-17,79.694885
2023-08-18,79.703568
2023-08-21,79.712288
2023-08-22,79.720970
2023-08-23,79.738327
2023-08-24,79.764435
2023-08-25,79.781815
2023-08-28,79.799194
2023-08-29,79.790535
2023-08-30,79.807907
2023-08-31,79.860046
2023-09-01,79.873154
2023-09-05,79.890625
2023-09-06,79.890625
2023-09-07,79.934303
2023-09-08,79.943039
2023-09-11,79.943039
2023-09-12,79.969215
2023-09-13,79.977943
2023-09-14,80.004150
2023-09-15,80.021614
2023-09-18,80.030350
2023-09-19,80.039070
2023-09-20,80.047798
2023-09-21,80.091461
2023-09-22,80.100212
2023-09-25,80.108940
2023-09-26,80.117668
2023-09-27,80.143875
2023-09-28,80.170052
2023-09-29,80.178802
2023-10-02,80.191063
2023-10-03,80.208611
2023-10-04,80.217369
2023-10-05,80.269997
2023-10-06,80.269997
2023-10-09,80.278770
2023-10-10,80.278770
2023-10-11,80.296303
2023-10-12,80.331406
2023-10-13,80.348915
2023-10-16,80.357712
2023-10-17,80.366463
2023-10-18,80.375244
2023-10-19,80.410332
2023-10-20,80.427841
2023-10-23,80.436615
2023-10-24,80.445396
2023-10-25,80.454163
2023-10-26,80.489250
2023-10-27,80.515556
2023-10-30,80.524323
2023-10-31,80.524323
2023-11-01,80.549011
2023-11-02,80.575401
2023-11-03,80.584236
2023-11-06,80.593025
2023-11-07,80.610634
2023-11-08,80.619446
2023-11-09,80.663513
2023-11-10,80.672295
2023-11-13,80.681114
2023-11-14,80.689934
2023-11-15,80.707542
2023-11-16,80.742813
2023-11-17,80.760391
2023-11-20,80.760391
2023-11-21,80.786819
2023-11-22,80.822060
2023-11-24,80.830894
2023-11-27,80.839645
2023-11-28,80.857277
2023-11-29,80.866119
2023-11-30,80.901337
2023-12-01,80.918167
2023-12-04,80.918167
2023-12-05,80.935837
2023-12-06,80.944710
2023-12-07,80.980080
2023-12-08,80.997787
2023-12-11,81.015480
2023-12-12,81.015480
2023-12-13,81.024323
2023-12-14,81.059746
2023-12-15,81.086281
2023-12-18,81.096062
2023-12-19,81.096062
2023-12-20,81.113846
2023-12-21,81.167168
2023-12-22,81.176086
2023-12-26,81.193848
2023-12-27,81.193848
2023-12-28,81.247208
2023-12-29,81.247208
2024-01-02,81.256104
2024-01-03,81.282791
2024-01-04,81.309418
2024-01-05,81.318329
2024-01-08,81.327232
2024-01-09,81.336113
2024-01-10,81.353867
2024-01-11,81.398315
2024-01-12,81.416115
2024-01-16,81.424980
2024-01-17,81.442772
2024-01-18,81.478348
2024-01-19,81.487221
2024-01-22,81.496124
2024-01-23,81.505005
2024-01-24,81.513908
2024-01-25,81.558342
2024-01-26,81.567245
2024-01-29,81.576126
2024-01-30,81.585014
2024-01-31,81.593925
2024-02-01,81.634979
2024-02-02,81.652878
2024-02-05,81.652878
2024-02-06,81.670715
2024-02-07,81.679649
2024-02-08,81.715340
2024-02-09,81.724281
2024-02-12,81.742165
2024-02-13,81.742165
2024-02-14,81.760010
2024-02-15,81.804665
2024-02-16,81.822510
2024-02-20,81.831451
2024-02-21,81.840385
2024-02-22,81.885010
2024-02-23,81.893944
2024-02-26,81.893944
2024-02-27,81.911812
2024-02-28,81.920731
2024-02-29,81.956467
2024-03-01,81.978859
2024-03-04,81.987816
2024-03-05,81.987816
2024-03-06,82.005775
2024-03-07,82.041595
2024-03-08,82.050583
2024-03-11,82.059547
2024-03-12,82.086449
2024-03-13,82.086449
2024-03-14,82.122307
2024-03-15,82.140228
2024-03-18,82.149200
2024-03-19,82.167107
2024-03-20,82.176102
2024-03-21,82.202972
2024-03-22,82.211937
2024-03-25,82.229866
2024-03-26,82.238831
2024-03-27,82.292633
2024-03-28,82.292633
2024-04-01,82.315155
2024-04-02,82.333160
2024-04-03,82.333160
2024-04-04,82.369171
2024-04-05,82.387169
2024-04-08,82.396172
2024-04-09,82.405159
2024-04-10,82.423195
2024-04-11,82.450203
2024-04-12,82.459190
2024-04-15,82.477196
2024-04-16,82.486198
2024-04-17,82.495232
2024-04-18,82.540222
2024-04-19,82.549248
2024-04-22,82.567245
2024-04-23,82.576263
2024-04-24,82.576263
2024-04-25,82.621292
2024-04-26,82.621292
2024-04-29,82.639297
2024-04-30,82.648285
2024-05-01,82.664581
2024-05-02,82.709785
2024-05-03,82.718826
2024-05-06,82.718826
2024-05-07,82.727852
2024-05-08,82.745934
2024-05-09,82.791138
2024-05-10,82.791138
2024-05-13,82.809235
2024-05-14,82.818283
2024-05-15,82.827332
2024-05-16,82.863472
2024-05-17,82.872536
2024-05-20,82.890625
2024-05-21,82.899681
2024-05-22,82.917740
2024-05-23,82.972015
2024-05-24,82.981041
2024-05-28,82.972015
2024-05-29,82.990105
2024-05-30,83.008186
2024-05-31,83.026253
2024-06-03,83.039879
2024-06-04,83.058037
2024-06-05,83.067116
2024-06-06,83.076195
2024-06-07,83.112541
2024-06-10,83.130692
2024-06-11,83.139793
2024-06-12,83.157936
2024-06-13,83.167030
2024-06-14,83.212448
2024-06-17,83.221527
2024-06-18,83.239693
2024-06-20,83.257858
2024-06-21,83.285103
2024-06-24,83.303268
2024-06-25,83.303268
2024-06-26,83.312347
2024-06-27,83.330513
2024-06-28,83.357773
2024-07-01,83.386955
2024-07-02,83.396072
2024-07-03,83.423424
2024-07-05,83.450806
2024-07-08,83.469025
2024-07-09,83.469025
2024-07-10,83.487274
2024-07-11,83.496414
2024-07-12,83.532875
2024-07-15,83.551140
2024-07-16,83.551140
2024-07-17,83.578491
2024-07-18,83.587624
2024-07-19,83.614998
2024-07-22,83.633240
2024-07-23,83.633240
2024-07-24,83.660599
2024-07-25,83.660599
2024-07-26,83.706177
2024-07-29,83.706177
2024-07-30,83.715309
2024-07-31,83.733559
2024-08-01,83.753731
2024-08-02,83.799522
2024-08-05,83.799522
2024-08-06,83.817856
2024-08-07,83.836143
2024-08-08,83.845322
2024-08-09,83.863663
2024-08-12,83.891136
2024-08-13,83.900307
2024-08-14,83.909454
2024-08-15,83.918617
2024-08-16,83.964432
2024-08-19,83.964432
2024-08-20,83.982742
2024-08-21,84.001068
2024-08-22,84.001068
2024-08-23,84.037735
2024-08-26,84.046875
2024-08-27,84.065201
2024-08-28,84.074333
2024-08-29,84.074333
2024-08-30,84.120178
2024-09-03,84.153290
2024-09-04,84.162506
2024-09-05,84.171707
2024-09-06,84.217690
2024-09-09,84.217690
2024-09-10,84.245300
2024-09-11,84.245300
2024-09-12,84.254501
2024-09-13,84.300514
2024-09-16,84.318909
2024-09-17,84.328117
2024-09-18,84.346527
2024-09-19,84.364914
2024-09-20,84.401741
2024-09-23,84.410919
2024-09-24,84.420135
2024-09-25,84.438515
2024-09-26,84.438515
2024-09-27,84.466133
2024-09-30,84.475334
2024-10-01,84.494736
2024-10-02,84.503960
2024-10-03,84.522453
2024-10-04,84.540916
2024-10-07,84.559410
2024-10-08,84.559410
2024-10-09,84.568657
2024-10-10,84.577881
2024-10-11,84.624077
2024-10-14,84.614815
2024-10-15,84.642548
2024-10-16,84.642548
2024-10-17,84.661018
2024-10-18,84.688744
2024-10-21,84.707230
2024-10-22,84.716454
2024-10-23,84.716454
2024-10-24,84.725700
2024-10-25,84.762634
2024-10-28,84.762634
2024-10-29,84.781120
2024-10-30,84.790367
2024-10-31,84.808846
2024-11-01,84.845009
2024-11-04,84.863579
2024-11-05,84.863579
2024-11-06,84.882095
2024-11-07,84.891388
2024-11-08,84.937767
2024-11-11,84.928482
2024-11-12,84.937767
2024-11-13,84.956314
2024-11-14,84.956314
2024-11-15,84.984131
2024-11-18,84.993408
2024-11-19,85.021233
2024-11-20,85.030518
2024-11-21,85.039795
2024-11-22,85.067604
2024-11-25,85.076897
2024-11-26,85.076897
2024-11-27,85.104713
2024-11-29,85.123260
2024-12-02,85.146523
2024-12-03,85.165131
2024-12-04,85.174454
2024-12-05,85.183762
2024-12-06,85.221024
2024-12-09,85.230301
2024-12-10,85.248909
2024-12-11,85.258209
2024-12-12,85.276855
2024-12-13,85.304756
2024-12-16,85.314110
2024-12-17,85.323410
2024-12-18,85.323410
2024-12-19,85.335533
2024-12-20,85.372940
2024-12-23,85.372940
2024-12-24,85.391624
2024-12-26,85.410324
2024-12-27,85.447708
2024-12-30,85.447708
2024-12-31,85.466415
2025-01-02,85.485107
2025-01-03,85.494438
2025-01-06,85.503799
2025-01-07,85.522484
2025-01-08,85.541199
2025-01-10,85.569237
2025-01-13,85.578606
2025-01-14,85.597275
2025-01-15,85.606621
2025-01-16,85.606621
2025-01-17,85.653343
2025-01-21,85.653343
2025-01-22,85.672073
2025-01-23,85.672073
2025-01-24,85.709465
2025-01-27,85.718796
2025-01-28,85.718796
2025-01-29,85.728142
2025-01-30,85.737503
2025-01-31,85.765518
2025-02-03,85.789925
2025-02-04,85.789925
2025-02-05,85.799294
2025-02-06,85.818077
2025-02-07,85.836845
2025-02-10,85.846207
2025-02-11,85.855591
2025-02-12,85.864975
2025-02-13,85.883759
2025-02-14,85.911880
2025-02-18,85.930641
2025-02-19,85.940033
2025-02-20,85.958778
2025-02-21,85.986938
2025-02-24,85.996315
2025-02-25,85.996315
2025-02-26,86.015076
2025-02-27,86.024452
2025-02-28,86.043228
2025-03-03,86.061104
2025-03-04,86.061104
2025-03-05,86.070518
2025-03-06,86.079926
2025-03-07,86.117554
2025-03-10,86.126961
2025-03-11,86.136383
2025-03-12,86.145805
2025-03-13,86.164597
2025-03-14,86.183434
2025-03-17,86.202255
2025-03-18,86.202255
2025-03-19,86.211693
2025-03-20,86.230484
2025-03-21,86.258736
2025-03-24,86.258736
2025-03-25,86.268150
2025-03-26,86.277534
2025-03-27,86.296356
2025-03-28,86.324608
2025-03-31,86.324608
2025-04-01,86.344437
2025-04-02,86.353874
2025-04-03,86.363319
2025-04-04,86.391655
2025-04-07,86.401085
2025-04-08,86.419983
2025-04-09,86.419983
2025-04-10,86.429405
2025-04-11,86.467186
2025-04-14,86.467186
2025-04-15,86.486084
2025-04-16,86.495514
2025-04-17,86.533295
2025-04-21,86.542740
2025-04-22,86.542740
2025-04-23,86.561630
2025-04-24,86.561630
2025-04-25,86.599403
2025-04-28,86.608856
2025-04-29,86.608856
2025-04-30,86.618301
2025-05-01,86.639137
2025-05-02,86.667580
2025-05-05,86.667580
2025-05-06,86.686539
2025-05-07,86.686539
2025-05-08,86.705475
2025-05-09,86.733917
2025-05-12,86.733917
2025-05-13,86.752853
2025-05-14,86.752853
2025-05-15,86.762321
2025-05-16,86.800217
2025-05-19,86.800217
2025-05-20,86.819183
2025-05-21,86.828659
2025-05-22,86.847618
2025-05-23,86.885536
2025-05-27,86.885536
2025-05-28,86.894989
2025-05-29,86.904465
2025-05-30,86.932892
2025-06-02,86.948120
2025-06-03,86.967117
2025-06-04,86.967117
2025-06-05,86.976639
2025-06-06,87.005165
2025-06-09,87.024170
2025-06-10,87.033676
2025-06-11,87.033676
2025-06-12,87.043205
2025-06-13,87.081230
2025-06-16,87.081230
2025-06-17,87.100258
2025-06-18,87.119263
2025-06-20,87.138268
2025-06-23,87.157318
2025-06-24,87.157318
2025-06-25,87.166801
2025-06-26,87.176323
2025-06-27,87.214363
2025-06-30,87.223869
2025-07-01,87.239136
2025-07-02,87.248665
2025-07-03,87.296379
2025-07-07,87.305916
2025-07-08,87.305916
2025-07-09,87.315445
2025-07-10,87.334534
2025-07-11,87.353607
2025-07-14,87.363167
2025-07-15,87.372696
2025-07-16,87.391777
2025-07-17,87.391777
2025-07-18,87.429939
2025-07-21,87.449036
2025-07-22,87.458572
2025-07-23,87.468109
2025-07-24,87.468109
2025-07-25,87.496735
2025-07-28,87.506271
2025-07-29,87.515808
2025-07-30,87.525345
2025-07-31,87.534882
2025-08-01,87.572227
2025-08-04,87.581810
2025-08-05,87.581810
2025-08-06,87.610527
2025-08-07,87.610527
2025-08-08,87.639236
2025-08-11,87.648819
2025-08-12,87.658379
2025-08-13,87.667976
2025-08-14,87.677528
2025-08-15,87.715843
2025-08-18,87.715843
2025-08-19,87.734978
2025-08-20,87.754143
2025-08-21,87.754143
2025-08-22,87.782860
2025-08-25,87.792412
2025-08-26,87.802017
2025-08-27,87.811584
2025-08-28,87.821152
2025-08-29,87.859444
2025-09-02,87.880577
2025-09-03,87.890198
2025-09-04,87.909409
2025-09-05,87.938210
2025-09-08,87.947823
2025-09-09,87.957436
2025-09-10,87.967033
2025-09-11,87.976662
2025-09-12,88.005470
2025-09-15,88.015083
2025-09-16,88.024696
2025-09-17,88.034294
2025-09-18,88.043900
2025-09-19,88.082344
2025-09-22,88.091949
2025-09-23,88.091949
2025-09-24,88.111176
2025-09-25,88.111176
2025-09-26,88.139992
2025-09-29,88.149590
2025-09-30,88.149590
2025-10-01,88.169830
2025-10-02,88.179474
2025-10-03,88.198753
2025-10-06,88.218048
2025-10-07,88.218048
2025-10-08,88.237320
2025-10-09,88.237320
2025-10-10,88.275871
2025-10-13,88.285522
2025-10-14,88.285522
2025-10-15,88.295135
2025-10-16,88.304794
2025-10-17,88.324081
2025-10-20,88.343353
2025-10-21,88.343353
2025-10-22,88.362663
2025-10-23,88.372284
2025-10-24,88.401192
2025-10-27,88.401192
2025-10-28,88.410858
2025-10-29,88.439766
2025-10-30,88.439766
2025-10-31,88.459038
2025-11-03,88.471619
2025-11-04,88.481293
2025-11-05,88.490959
2025-11-06,88.500633
2025-11-07,88.529640
2025-11-10,88.548996
2025-11-11,88.539322
2025-11-12,88.548996
2025-11-13,88.558655
2025-11-14,88.597359
2025-11-17,88.597359
2025-11-18,88.616707
2025-11-19,88.616707
2025-11-20,88.636047
2025-11-21,88.655403
2025-11-24,88.655403
2025-11-25,88.674728
2025-11-26,88.684402
2025-11-28,88.713432
2025-12-01,88.724083
2025-12-02,88.753204
2025-12-03,88.762909
2025-12-04,88.772606
2025-12-05,88.791992
2025-12-08,88.801704
2025-12-09,88.821129
2025-12-10,88.821129
2025-12-11,88.830818
2025-12-12,88.869621
2025-12-15,88.869621
2025-12-16,88.879333
2025-12-17,88.889038
2025-12-18,88.903641
2025-12-19,88.932854
2025-12-22,88.932854
2025-12-23,88.932854
2025-12-24,88.962090
2025-12-26,88.991302
2025-12-29,88.991302
2025-12-30,89.001045
2025-12-31,89.010803
2026-01-02,89.049744
2026-01-05,89.049744
2026-01-06,89.059486
2026-01-07,89.078964
2026-01-08,89.078964
2026-01-09,89.098450
2026-01-12,89.108200
2026-01-13,89.117943
2026-01-14,89.127678
2026-01-15,89.127678
2026-01-16,89.166656
2026-01-20,89.166656
2026-01-21,89.176392
2026-01-22,89.186119
2026-01-23,89.215332
2026-01-26,89.215332
2026-01-27,89.225082
2026-01-28,89.234833
2026-01-29,89.254303
2026-01-30,89.273796
2026-02-02,89.287468
2026-02-03,89.287468
2026-02-04,89.307014
2026-02-05,89.307014
2026-02-06,89.336327
2026-02-09,89.336327
2026-02-10,89.346085
2026-02-11,89.365631
2026-02-12,89.365631
2026-02-13,89.404709
2026-02-17,89.414459
2026-02-18,89.424232
2026-02-19,89.424232
2026-02-20,89.453552
2026-02-23,89.453552
2026-02-24,89.473091
2026-02-25,89.482857
2026-02-26,89.492638
2026-02-27,89.512184
2026-03-02,89.524910
2026-03-03,89.534714
2026-03-04,89.544510
2026-03-05,89.554291
2026-03-06,89.573906
2026-03-09,89.583687
2026-03-10,89.593483
2026-03-11,89.593483
2026-03-12,89.613083
2026-03-13,89.642464
2026-03-16,89.642464
2026-03-17,89.652245
2026-03-18,89.671867
2026-03-19,89.671867
2026-03-20,89.701233
2026-03-23,89.711029
2026-03-24,89.720825
2026-03-25,89.711029
2026-03-26,89.730629
2026-03-27,89.760010
2026-03-30,89.769806
2026-03-31,89.769806
2026-04-01,89.793388
2026-04-02,89.813034
2026-04-06,89.832695
2026-04-07,89.842506
2026-04-08,89.842506
2026-04-09,89.852333
2026-04-10,89.881813
2026-04-13,89.881813
2026-04-14,89.891632
2026-04-15,89.901451
2026-04-16,89.911263
2026-04-17,89.940758
2026-04-20,89.950569
2026-04-21,89.960396
2026-04-22,89.960396
2026-04-23,89.980034
2026-04-24,89.999710
2026-04-27,90.009529
2026-04-28,90.019341
2026-04-29,90.019341
2026-04-30,90.029167
2026-05-01,90.058731
2026-05-04,90.078438
2026-05-05,90.088295
2026-05-06,90.078438
2026-05-07,90.098152
2026-05-08,90.117844
2026-05-11,90.137558
2026-05-12,90.147408
2026-05-13,90.147408
2026-05-14,90.167114
2026-05-15,90.186821
2026-05-18,90.186821
2026-05-19,90.206528
2026-05-20,90.226234
2026-05-21,90.226234
2026-05-22,90.245941
2026-05-26,90.265656
2026-05-27,90.275505
2026-05-28,90.285355
2026-05-29,90.314919
2026-06-01,90.323807
2026-06-02,90.313919
2026-06-03,90.333687
2026-06-04,90.333687
2026-06-05,90.373222
2026-06-08,90.383102
2026-06-09,90.383102
2026-06-10,90.392982
2026-06-11,90.402870
2026-06-12,90.432518
2026-06-15,90.432518
2026-06-16,90.442390
2026-06-17,90.452278
2026-06-18,90.491806
2026-06-22,90.491806
2026-06-23,90.501686
2026-06-24,90.511566
2026-06-25,90.521454
2026-06-26,90.551094
2026-06-29,90.560974
2026-06-30,90.560974
2026-07-01,90.588737
2026-07-02,90.628387
2026-07-06,90.618469
2026-07-07,90.638290
2026-07-08,90.638290
2026-07-09,90.648201
2026-07-10,90.687843
2026-07-13,90.687843
2026-07-14,90.697754
2026-07-15,90.707664
2026-07-16,90.717583
2026-07-17,90.737404
2026-07-20,90.747307
2026-07-21,90.747307
2026-07-22,90.767136
2026-07-23,90.767136
2026-07-24,90.796875
2026-07-27,90.806786
2026-07-28,90.816689
2026-07-29,90.826599
2026-07-30,90.836517
2026-07-31,90.866249
2026-08-03,90.879166
2026-08-04,90.879166
2026-08-05,90.889107
2026-08-06,90.908989
2026-08-07,90.938820
2026-08-10,90.938820
2026-08-11,90.948753
2026-08-12,90.968636
2026-08-13,90.968636
2026-08-14,90.988518
2026-08-17,91.008400
2026-08-18,91.018333
2026-08-19,91.028282
2026-08-20,91.028282
2026-08-21,91.058098
2026-08-24,91.068047
2026-08-25,91.077988
2026-08-26,91.087921
2026-08-27,91.087921
2026-08-28,91.107819
2026-08-31,91.117760
2026-09-01,91.127716
2026-09-02,91.137695
2026-09-03,91.157631
2026-09-04,91.187546
2026-09-08,91.197517
2026-09-09,91.197517
2026-09-10,91.207489
2026-09-11,91.237404
2026-09-14,91.237404
2026-09-15,91.247375
2026-09-16,91.247375
2026-09-17,91.267319
2026-09-18,91.287262
2026-09-21,91.307205
2026-09-22,91.307205
2026-09-23,91.327141
2026-09-24,91.317177
2026-09-25,91.357063
2026-09-28,91.367027
2026-09-29,91.386978
2026-09-30,91.376999
2026-10-01,91.410004
2026-10-02,91.430000
