date,adj_close
2007-04-10,40.653049
2007-04-11,40.544968
2007-04-12,40.539558
2007-04-13,40.474728
2007-04-16,40.512569
2007-04-17,40.615250
2007-04-18,40.690891
2007-04-19,40.674671
2007-04-20,40.663849
2007-04-23,40.717876
2007-04-24,40.782734
2007-04-25,40.750301
2007-04-26,40.663849
2007-04-27,40.653049
2007-04-30,40.788120
2007-05-01,40.764839
2007-05-02,40.770275
2007-05-03,40.743187
2007-05-04,40.775696
2007-05-07,40.802723
2007-05-08,40.808189
2007-05-09,40.759464
2007-05-10,40.797337
2007-05-11,40.743187
2007-05-14,40.716141
2007-05-15,40.699917
2007-05-16,40.716141
2007-05-17,40.656620
2007-05-18,40.559181
2007-05-21,40.613308
2007-05-22,40.548359
2007-05-23,40.515907
2007-05-24,40.510494
2007-05-25,40.515907
2007-05-29,40.461758
2007-05-30,40.499664
2007-05-31,40.467194
2007-06-01,40.373783
2007-06-04,40.417217
2007-06-05,40.352043
2007-06-06,40.390030
2007-06-07,40.107635
2007-06-08,40.102245
2007-06-11,40.058773
2007-06-12,39.863277
2007-06-13,39.955597
2007-06-14,39.901276
2007-06-15,40.102245
2007-06-18,40.058773
2007-06-19,40.248863
2007-06-20,40.053341
2007-06-21,40.075100
2007-06-22,40.134819
2007-06-25,40.243423
2007-06-26,40.227116
2007-06-27,40.259735
2007-06-28,40.205425
2007-06-29,40.341217
2007-07-02,40.440880
2007-07-03,40.359142
2007-07-05,40.195717
2007-07-06,40.113995
2007-07-09,40.157612
2007-07-10,40.364605
2007-07-11,40.266560
2007-07-12,40.212067
2007-07-13,40.277439
2007-07-16,40.386410
2007-07-17,40.337364
2007-07-18,40.402779
2007-07-19,40.386410
2007-07-20,40.500809
2007-07-23,40.489922
2007-07-24,40.506283
2007-07-25,40.544399
2007-07-26,40.702370
2007-07-27,40.669689
2007-07-30,40.631561
2007-07-31,40.713303
2007-08-01,40.693573
2007-08-02,40.764721
2007-08-03,40.901451
2007-08-06,40.786556
2007-08-07,40.808441
2007-08-08,40.677158
2007-08-09,40.770164
2007-08-10,40.693573
2007-08-13,40.731892
2007-08-14,40.830330
2007-08-15,40.835808
2007-08-16,40.830330
2007-08-17,40.956165
2007-08-20,40.868618
2007-08-21,41.010872
2007-08-22,41.010872
2007-08-23,41.010872
2007-08-24,41.049152
2007-08-27,41.196873
2007-08-28,41.311726
2007-08-29,41.218735
2007-08-30,41.289867
2007-08-31,41.317223
2007-09-04,41.291931
2007-09-05,41.451218
2007-09-06,41.374325
2007-09-07,41.632416
2007-09-10,41.753284
2007-09-11,41.654385
2007-09-12,41.588482
2007-09-13,41.484158
2007-09-14,41.489628
2007-09-17,41.522602
2007-09-18,41.637924
2007-09-19,41.572018
2007-09-20,41.275478
2007-09-21,41.451218
2007-09-24,41.423733
2007-09-25,41.451218
2007-09-26,41.462223
2007-09-27,41.550056
2007-09-28,41.566536
2007-10-01,41.540634
2007-10-02,41.689430
2007-10-03,41.667393
2007-10-04,41.711517
2007-10-05,41.535118
2007-10-08,41.656372
2007-10-09,41.518559
2007-10-10,41.562668
2007-10-11,41.601273
2007-10-12,41.535118
2007-10-15,41.502033
2007-10-16,41.590214
2007-10-17,41.799683
2007-10-18,41.854824
2007-10-19,42.053268
2007-10-22,42.025703
2007-10-23,42.014690
2007-10-24,42.180069
2007-10-25,42.146961
2007-10-26,42.086330
2007-10-29,42.091866
2007-10-30,42.102867
2007-10-31,41.948536
2007-11-01,42.189217
2007-11-02,42.239002
2007-11-05,42.117298
2007-11-06,42.050892
2007-11-07,42.111744
2007-11-08,42.161556
2007-11-09,42.216900
2007-11-12,42.310925
2007-11-13,42.183689
2007-11-14,42.183689
2007-11-15,42.333073
2007-11-16,42.316463
2007-11-19,42.438217
2007-11-20,42.344143
2007-11-21,42.604168
2007-11-23,42.521175
2007-11-26,42.853222
2007-11-27,42.626331
2007-11-28,42.582054
2007-11-29,42.770187
2007-11-30,42.770187
2007-12-03,42.979626
2007-12-04,42.957382
2007-12-05,42.862923
2007-12-06,42.640743
2007-12-07,42.501896
2007-12-10,42.424088
2007-12-11,42.707401
2007-12-12,42.624096
2007-12-13,42.407433
2007-12-14,42.312981
2007-12-17,42.490765
2007-12-18,42.590733
2007-12-19,42.768517
2007-12-20,42.774059
2007-12-21,42.490765
2007-12-24,42.513622
2007-12-26,42.385410
2007-12-27,42.552631
2007-12-28,42.764442
2007-12-31,43.132343
2008-01-02,43.121174
2008-01-03,43.176922
2008-01-04,43.227093
2008-01-07,43.238228
2008-01-08,43.282845
2008-01-09,43.232651
2008-01-10,43.215946
2008-01-11,43.349716
2008-01-14,43.405457
2008-01-15,43.561569
2008-01-16,43.477936
2008-01-17,43.656303
2008-01-18,43.633980
2008-01-22,43.907112
2008-01-23,43.834675
2008-01-24,43.550400
2008-01-25,43.840248
2008-01-28,43.684181
2008-01-29,43.622826
2008-01-30,43.639568
2008-01-31,43.673016
2008-02-01,43.818501
2008-02-04,43.661835
2008-02-05,43.779312
2008-02-06,43.689850
2008-02-07,43.421215
2008-02-08,43.549923
2008-02-11,43.645061
2008-02-12,43.572269
2008-02-13,43.337337
2008-02-14,43.135864
2008-02-15,43.202999
2008-02-19,42.805737
2008-02-20,42.839314
2008-02-21,43.197414
2008-02-22,43.091106
2008-02-25,42.878456
2008-02-26,43.040733
2008-02-27,43.119080
2008-02-28,43.438011
2008-02-29,43.712215
2008-03-03,43.606030
2008-03-04,43.398239
2008-03-05,43.117420
2008-03-06,43.083729
2008-03-07,43.201672
2008-03-10,43.330837
2008-03-11,43.083729
2008-03-12,43.482510
2008-03-13,43.291538
2008-03-14,43.476849
2008-03-17,43.622894
2008-03-18,43.662201
2008-03-19,43.695885
2008-03-20,43.813869
2008-03-24,43.572315
2008-03-25,43.656597
2008-03-26,43.695885
2008-03-27,43.701523
2008-03-28,43.735241
2008-03-31,43.886848
2008-04-01,43.430714
2008-04-02,43.374363
2008-04-03,43.357452
2008-04-04,43.757721
2008-04-07,43.588623
2008-04-08,43.611179
2008-04-09,43.780319
2008-04-10,43.650658
2008-04-11,43.904373
2008-04-14,43.757721
2008-04-15,43.611179
2008-04-16,43.379993
2008-04-17,43.340553
2008-04-18,43.374363
2008-04-21,43.447685
2008-04-22,43.543530
2008-04-23,43.504017
2008-04-24,43.317974
2008-04-25,43.261608
2008-04-28,43.413830
2008-04-29,43.385635
2008-04-30,43.735207
2008-05-01,43.741978
2008-05-02,43.634460
2008-05-05,43.719337
2008-05-06,43.560860
2008-05-07,43.623131
2008-05-08,43.838215
2008-05-09,43.809910
2008-05-12,43.764641
2008-05-13,43.538223
2008-05-14,43.566528
2008-05-15,43.798584
2008-05-16,43.713696
2008-05-19,43.832569
2008-05-20,43.815575
2008-05-21,43.804272
2008-05-22,43.628819
2008-05-23,43.815575
2008-05-27,43.572197
2008-05-28,43.345772
2008-05-29,43.272182
2008-05-30,43.300476
2008-06-02,43.511829
2008-06-03,43.682285
2008-06-04,43.472080
2008-06-05,43.273220
2008-06-06,43.494778
2008-06-09,43.136883
2008-06-10,42.892605
2008-06-11,43.142548
2008-06-12,42.671028
2008-06-13,42.710812
2008-06-16,42.750572
2008-06-17,42.892605
2008-06-18,43.034599
2008-06-19,42.926697
2008-06-20,43.011906
2008-06-23,42.864189
2008-06-24,43.045963
2008-06-25,43.063034
2008-06-26,43.063034
2008-06-27,43.176670
2008-06-30,43.318680
2008-07-01,43.287880
2008-07-02,43.139618
2008-07-03,43.173798
2008-07-07,43.196636
2008-07-08,43.441868
2008-07-09,43.447582
2008-07-10,43.567337
2008-07-11,43.293583
2008-07-14,43.527428
2008-07-15,43.567337
2008-07-16,43.208050
2008-07-17,43.008404
2008-07-18,42.939964
2008-07-21,43.031227
2008-07-22,42.900040
2008-07-23,42.917171
2008-07-24,43.225166
2008-07-25,42.951393
2008-07-28,43.236549
2008-07-29,43.168102
2008-07-30,43.179527
2008-07-31,43.327812
2008-08-01,43.404533
2008-08-04,43.324371
2008-08-05,43.146843
2008-08-06,43.089573
2008-08-07,43.364449
2008-08-08,43.347275
2008-08-11,43.164040
2008-08-12,43.358719
2008-08-13,43.244190
2008-08-14,43.353001
2008-08-15,43.490437
2008-08-18,43.604935
2008-08-19,43.524807
2008-08-20,43.622112
2008-08-21,43.610683
2008-08-22,43.519051
2008-08-25,43.639309
2008-08-26,43.696575
2008-08-27,43.708023
2008-08-28,43.748104
2008-08-29,43.690823
2008-09-02,43.833393
2008-09-03,43.890839
2008-09-04,43.913864
2008-09-05,43.948345
2008-09-08,44.258743
2008-09-09,44.339199
2008-09-10,44.339199
2008-09-11,44.310448
2008-09-12,44.166771
2008-09-15,44.500137
2008-09-16,44.069080
2008-09-17,44.126514
2008-09-18,43.500027
2008-09-19,44.034573
2008-09-22,43.919624
2008-09-23,44.057568
2008-09-24,44.051800
2008-09-25,44.195480
2008-09-26,43.752918
2008-09-29,43.965599
2008-09-30,43.465527
2008-10-01,43.234207
2008-10-02,44.076420
2008-10-03,43.834137
2008-10-06,43.482285
2008-10-07,43.609146
2008-10-08,42.963120
2008-10-09,41.624840
2008-10-10,40.355785
2008-10-13,42.034382
2008-10-14,42.570850
2008-10-15,42.311249
2008-10-16,42.305508
2008-10-17,42.536232
2008-10-20,42.518929
2008-10-21,43.245762
2008-10-22,43.441875
2008-10-23,43.240017
2008-10-24,42.743896
2008-10-27,42.513138
2008-10-28,42.184372
2008-10-29,42.490120
2008-10-30,42.207462
2008-10-31,42.184372
2008-11-03,42.514507
2008-11-04,42.943146
2008-11-05,43.267494
2008-11-06,43.302273
2008-11-07,43.209568
2008-11-10,43.209568
2008-11-11,43.319618
2008-11-12,43.180618
2008-11-13,43.180618
2008-11-14,43.331200
2008-11-17,43.221157
2008-11-18,43.250095
2008-11-19,43.400703
2008-11-20,43.365963
2008-11-21,43.151646
2008-11-24,42.966309
2008-11-25,43.707703
2008-11-26,43.979965
2008-11-28,43.840919
2008-12-01,44.100239
2008-12-02,44.367748
2008-12-03,44.158421
2008-12-04,44.350281
2008-12-05,44.024666
2008-12-08,43.832809
2008-12-09,44.065372
2008-12-10,43.989761
2008-12-11,44.460777
2008-12-12,44.228199
2008-12-15,44.693390
2008-12-16,45.065548
2008-12-17,45.077187
2008-12-18,45.396992
2008-12-19,45.106270
2008-12-22,45.495834
2008-12-23,45.664494
2008-12-24,45.625942
2008-12-26,45.660973
2008-12-29,45.946972
2008-12-30,46.034519
2008-12-31,46.092896
2009-01-02,45.923626
2009-01-05,45.731030
2009-01-06,45.439156
2009-01-07,45.579239
2009-01-08,45.503376
2009-01-09,45.666817
2009-01-12,45.485886
2009-01-13,45.731030
2009-01-14,45.900288
2009-01-15,45.701836
2009-01-16,45.771881
2009-01-20,45.573433
2009-01-21,45.258251
2009-01-22,45.357460
2009-01-23,45.269936
2009-01-26,45.118141
2009-01-27,45.392487
2009-01-28,45.415844
2009-01-29,45.112316
2009-01-30,45.135670
2009-02-02,45.287384
2009-02-03,44.818714
2009-02-04,44.900711
2009-02-05,45.000313
2009-02-06,44.994495
2009-02-09,45.006210
2009-02-10,45.252235
2009-02-11,45.416309
2009-02-12,45.299114
2009-02-13,45.088215
2009-02-17,45.381138
2009-02-18,45.205387
2009-02-19,45.012039
2009-02-20,45.094074
2009-02-23,45.170223
2009-02-24,45.135105
2009-02-25,44.906593
2009-02-26,44.824600
2009-02-27,44.871456
2009-03-02,44.944942
2009-03-03,44.792034
2009-03-04,44.786179
2009-03-05,44.991966
2009-03-06,44.803856
2009-03-09,44.639179
2009-03-10,44.686237
2009-03-11,44.780304
2009-03-12,44.880268
2009-03-13,44.844967
2009-03-16,44.815613
2009-03-17,44.715633
2009-03-18,45.509369
2009-03-19,45.480011
2009-03-20,45.274208
2009-03-23,45.168392
2009-03-24,45.144875
2009-03-25,44.991966
2009-03-26,45.144875
2009-03-27,45.256573
2009-03-30,45.344769
2009-03-31,45.362396
2009-04-01,45.455616
2009-04-02,45.367111
2009-04-03,45.125175
2009-04-06,45.172398
2009-04-07,45.260880
2009-04-08,45.473370
2009-04-09,45.420246
2009-04-13,45.491016
2009-04-14,45.609062
2009-04-15,45.673950
2009-04-16,45.585468
2009-04-17,45.343533
2009-04-20,45.567768
2009-04-21,45.479271
2009-04-22,45.561810
2009-04-23,45.597271
2009-04-24,45.573677
2009-04-27,45.673950
2009-04-28,45.508770
2009-04-29,45.443821
2009-04-30,45.573677
2009-05-01,45.495491
2009-05-04,45.531036
2009-05-05,45.525112
2009-05-06,45.720509
2009-05-07,45.560638
2009-05-08,45.673164
2009-05-11,45.862602
2009-05-12,45.844879
2009-05-13,45.981068
2009-05-14,45.963291
2009-05-15,45.951458
2009-05-18,45.815285
2009-05-19,45.915955
2009-05-20,46.052109
2009-05-21,45.815285
2009-05-22,45.803413
2009-05-26,45.708694
2009-05-27,45.436272
2009-05-28,45.554718
2009-05-29,45.880417
2009-06-01,45.570244
2009-06-02,45.742508
2009-06-03,45.897026
2009-06-04,45.611835
2009-06-05,45.302834
2009-06-08,45.207756
2009-06-09,45.332535
2009-06-10,45.219643
2009-06-11,45.439480
2009-06-12,45.558327
2009-06-15,45.647480
2009-06-16,45.861393
2009-06-17,45.837608
2009-06-18,45.498905
2009-06-19,45.605873
2009-06-22,45.712860
2009-06-23,45.920834
2009-06-24,45.819794
2009-06-25,46.134735
2009-06-26,46.158516
2009-06-29,46.241699
2009-06-30,46.164440
2009-07-01,46.137032
2009-07-02,46.154903
2009-07-06,46.119114
2009-07-07,46.214535
2009-07-08,46.530540
2009-07-09,46.393368
2009-07-10,46.560341
2009-07-13,46.482800
2009-07-14,46.345665
2009-07-15,46.113148
2009-07-16,46.315903
2009-07-17,46.196609
2009-07-20,46.345665
2009-07-21,46.625896
2009-07-22,46.524563
2009-07-23,46.369537
2009-07-24,46.387424
2009-07-27,46.327782
2009-07-28,46.375473
2009-07-29,46.357616
2009-07-30,46.566303
2009-07-31,46.769039
2009-08-03,46.619484
2009-08-04,46.577587
2009-08-05,46.469940
2009-08-06,46.499794
2009-08-07,46.176815
2009-08-10,46.553665
2009-08-11,46.643402
2009-08-12,46.613461
2009-08-13,46.733131
2009-08-14,46.876690
2009-08-17,47.008289
2009-08-18,46.942524
2009-08-19,46.996368
2009-08-20,47.062153
2009-08-21,46.912579
2009-08-24,47.002312
2009-08-25,47.080090
2009-08-26,47.110008
2009-08-27,47.056194
2009-08-28,47.151913
2009-08-31,47.241592
2009-09-01,47.296242
2009-09-02,47.398247
2009-09-03,47.314232
2009-09-04,47.266254
2009-09-08,47.242222
2009-09-09,47.320232
2009-09-10,47.500313
2009-09-11,47.524300
2009-09-14,47.344273
2009-09-15,47.380260
2009-09-16,47.392265
2009-09-17,47.530300
2009-09-18,47.476299
2009-09-21,47.440289
2009-09-22,47.380260
2009-09-23,47.518337
2009-09-24,47.542290
2009-09-25,47.692348
2009-09-28,47.716370
2009-09-29,47.716370
2009-09-30,47.716370
2009-10-01,47.931934
2009-10-02,47.787392
2009-10-05,47.859650
2009-10-06,47.913845
2009-10-07,47.937931
2009-10-08,47.919865
2009-10-09,47.570698
2009-10-12,47.733231
2009-10-13,47.769341
2009-10-14,47.564663
2009-10-15,47.576675
2009-10-16,47.594753
2009-10-19,47.660992
2009-10-20,47.757294
2009-10-21,47.751282
2009-10-22,47.709148
2009-10-23,47.564663
2009-10-26,47.504433
2009-10-27,47.673016
2009-10-28,47.624855
2009-10-29,47.648956
2009-10-30,47.847618
2009-11-02,47.807163
2009-11-03,47.722633
2009-11-04,47.710522
2009-11-05,47.752804
2009-11-06,47.764885
2009-11-09,47.861511
2009-11-10,47.879631
2009-11-11,48.000423
2009-11-12,48.054798
2009-11-13,48.024639
2009-11-16,48.145393
2009-11-17,48.133308
2009-11-18,48.145393
2009-11-19,48.181664
2009-11-20,48.157467
2009-11-23,48.193741
2009-11-24,48.314468
2009-11-25,48.411156
2009-11-27,48.495735
2009-11-30,48.471558
2009-12-01,48.401894
2009-12-02,48.335258
2009-12-03,48.286747
2009-12-04,48.086845
2009-12-07,48.214054
2009-12-08,48.292839
2009-12-09,48.244366
2009-12-10,48.177711
2009-12-11,48.123196
2009-12-14,48.080784
2009-12-15,48.038380
2009-12-16,48.062626
2009-12-17,48.195927
2009-12-18,48.183784
2009-12-21,47.959621
2009-12-22,47.856621
2009-12-23,47.850586
2009-12-24,47.656723
2009-12-28,47.708317
2009-12-29,47.738754
2009-12-30,47.805611
2009-12-31,47.769154
2010-01-04,47.823864
2010-01-05,47.963657
2010-01-06,47.945415
2010-01-07,47.908951
2010-01-08,47.957577
2010-01-11,47.975792
2010-01-12,48.158112
2010-01-13,48.048740
2010-01-14,48.164211
2010-01-15,48.194626
2010-01-19,48.170303
2010-01-20,48.285828
2010-01-21,48.340492
2010-01-22,48.322269
2010-01-25,48.255402
2010-01-26,48.370876
2010-01-27,48.304028
2010-01-28,48.322269
2010-01-29,48.383011
2010-02-01,48.351330
2010-02-02,48.381844
2010-02-03,48.351330
2010-02-04,48.442768
2010-02-05,48.522045
2010-02-08,48.528137
2010-02-09,48.430611
2010-02-10,48.320847
2010-02-11,48.241604
2010-02-12,48.308640
2010-02-16,48.369617
2010-02-17,48.259861
2010-02-18,48.192810
2010-02-19,48.192810
2010-02-22,48.174538
2010-02-23,48.357468
2010-02-24,48.418411
2010-02-25,48.485485
2010-02-26,48.540356
2010-03-01,48.591736
2010-03-02,48.628407
2010-03-03,48.634552
2010-03-04,48.671211
2010-03-05,48.597855
2010-03-08,48.518356
2010-03-09,48.548920
2010-03-10,48.512180
2010-03-11,48.506111
2010-03-12,48.524452
2010-03-15,48.591736
2010-03-16,48.677307
2010-03-17,48.689548
2010-03-18,48.603912
2010-03-19,48.640648
2010-03-22,48.689548
2010-03-23,48.689548
2010-03-24,48.444950
2010-03-25,48.292061
2010-03-26,48.396057
2010-03-29,48.292061
2010-03-30,48.389893
2010-03-31,48.432713
2010-04-01,48.417362
2010-04-05,48.135250
2010-04-06,48.172050
2010-04-07,48.356030
2010-04-08,48.331512
2010-04-09,48.423538
2010-04-12,48.472595
2010-04-13,48.570774
2010-04-14,48.533985
2010-04-15,48.607552
2010-04-16,48.711803
2010-04-19,48.650486
2010-04-20,48.699585
2010-04-21,48.736317
2010-04-22,48.705696
2010-04-23,48.668903
2010-04-26,48.644341
2010-04-27,48.822262
2010-04-28,48.791573
2010-04-29,48.809998
2010-04-30,48.951057
2010-05-03,48.924587
2010-05-04,49.066132
2010-05-05,49.090775
2010-05-06,49.281479
2010-05-07,49.158390
2010-05-10,49.103054
2010-05-11,49.170731
2010-05-12,49.035355
2010-05-13,49.127621
2010-05-14,49.293770
2010-05-17,49.299931
2010-05-18,49.484470
2010-05-19,49.496773
2010-05-20,49.582939
2010-05-21,49.650612
2010-05-24,49.644459
2010-05-25,49.656780
2010-05-26,49.595238
2010-05-27,49.404522
2010-05-28,49.502968
2010-06-01,49.542473
2010-06-02,49.499229
2010-06-03,49.443699
2010-06-04,49.579437
2010-06-07,49.733753
2010-06-08,49.715267
2010-06-09,49.715267
2010-06-10,49.511593
2010-06-11,49.591812
2010-06-14,49.604130
2010-06-15,49.517757
2010-06-16,49.634995
2010-06-17,49.770794
2010-06-18,49.752285
2010-06-21,49.764580
2010-06-22,49.881859
2010-06-23,50.005276
2010-06-24,49.937401
2010-06-25,49.999107
2010-06-28,50.091667
2010-06-29,50.208931
2010-06-30,50.221260
2010-07-01,50.245426
2010-07-02,50.214474
2010-07-06,50.338245
2010-07-07,50.276344
2010-07-08,50.239201
2010-07-09,50.183517
2010-07-12,50.202103
2010-07-13,50.115490
2010-07-14,50.245426
2010-07-15,50.294930
2010-07-16,50.462032
2010-07-19,50.406322
2010-07-20,50.400124
2010-07-21,50.579597
2010-07-22,50.523911
2010-07-23,50.437283
2010-07-26,50.462032
2010-07-27,50.437283
2010-07-28,50.523911
2010-07-29,50.579597
2010-07-30,50.653877
2010-08-02,50.642693
2010-08-03,50.779228
2010-08-04,50.679924
2010-08-05,50.760616
2010-08-06,50.909546
2010-08-09,50.847477
2010-08-10,50.952995
2010-08-11,50.990227
2010-08-12,50.897121
2010-08-13,51.039848
2010-08-16,51.232311
2010-08-17,51.157841
2010-08-18,51.126762
2010-08-19,51.244698
2010-08-20,51.176414
2010-08-23,51.207447
2010-08-24,51.387417
2010-08-25,51.319183
2010-08-26,51.362614
2010-08-27,51.126762
2010-08-30,51.356441
2010-08-31,51.443264
2010-09-01,51.278988
2010-09-02,51.179405
2010-09-03,51.086056
2010-09-07,51.303898
2010-09-08,51.160763
2010-09-09,50.967838
2010-09-10,50.905582
2010-09-13,51.036285
2010-09-14,51.110970
2010-09-15,51.061184
2010-09-16,50.980278
2010-09-17,51.030079
2010-09-20,51.067432
2010-09-21,51.254101
2010-09-22,51.297672
2010-09-23,51.310143
2010-09-24,51.191875
2010-09-27,51.409702
2010-09-28,51.521679
2010-09-29,51.465706
2010-09-30,51.440796
2010-10-01,51.398998
2010-10-04,51.530018
2010-10-05,51.542522
2010-10-06,51.661049
2010-10-07,51.748425
2010-10-08,51.686050
2010-10-11,51.667294
2010-10-12,51.617393
2010-10-13,51.698479
2010-10-14,51.498840
2010-10-15,51.380283
2010-10-18,51.573742
2010-10-19,51.648598
2010-10-20,51.629887
2010-10-21,51.586201
2010-10-22,51.555008
2010-10-25,51.586201
2010-10-26,51.442680
2010-10-27,51.336586
2010-10-28,51.511314
2010-10-29,51.604900
2010-11-01,51.603668
2010-11-02,51.691257
2010-11-03,51.747581
2010-11-04,51.910275
2010-11-05,51.691257
2010-11-08,51.703754
2010-11-09,51.440968
2010-11-10,51.422184
2010-11-11,51.440968
2010-11-12,51.209492
2010-11-15,50.965427
2010-11-16,51.134377
2010-11-17,51.146889
2010-11-18,51.146889
2010-11-19,51.159382
2010-11-22,51.309586
2010-11-23,51.322048
2010-11-24,51.078053
2010-11-26,51.196941
2010-11-29,51.234474
2010-11-30,51.253277
2010-12-01,50.939579
2010-12-02,50.895611
2010-12-03,50.977211
2010-12-06,51.146637
2010-12-07,50.776421
2010-12-08,50.512939
2010-12-09,50.556854
2010-12-10,50.393696
2010-12-13,50.525448
2010-12-14,50.205479
2010-12-15,50.048595
2010-12-16,50.161560
2010-12-17,50.469009
2010-12-20,50.500347
2010-12-21,50.556854
2010-12-22,50.500347
2010-12-23,50.443840
2010-12-27,50.584820
2010-12-28,50.256187
2010-12-29,50.553226
2010-12-30,50.559563
2010-12-31,50.730160
2011-01-03,50.666973
2011-01-04,50.673290
2011-01-05,50.452110
2011-01-06,50.496326
2011-01-07,50.685955
2011-01-10,50.806019
2011-01-11,50.704895
2011-01-12,50.673290
2011-01-13,50.831326
2011-01-14,50.761791
2011-01-18,50.711212
2011-01-19,50.774429
2011-01-20,50.584820
2011-01-21,50.685955
2011-01-24,50.679649
2011-01-25,50.812351
2011-01-26,50.635422
2011-01-27,50.736534
2011-01-28,50.843906
2011-01-31,50.774429
2011-02-01,50.676216
2011-02-02,50.619156
2011-02-03,50.448044
2011-02-04,50.276928
2011-02-07,50.283257
2011-02-08,50.124809
2011-02-09,50.245213
2011-02-10,50.086784
2011-02-11,50.257908
2011-02-14,50.314960
2011-02-15,50.384651
2011-02-16,50.403660
2011-02-17,50.479733
2011-02-18,50.479733
2011-02-22,50.669846
2011-02-23,50.663544
2011-02-24,50.714191
2011-02-25,50.853645
2011-02-28,50.923367
2011-03-01,50.899223
2011-03-02,50.797539
2011-03-03,50.594208
2011-03-04,50.765751
2011-03-07,50.759411
2011-03-08,50.714962
2011-03-09,50.803867
2011-03-10,51.039032
2011-03-11,51.045361
2011-03-14,51.096207
2011-03-15,51.127991
2011-03-16,51.369461
2011-03-17,51.293190
2011-03-18,51.286831
2011-03-21,51.140697
2011-03-22,51.121620
2011-03-23,51.102554
2011-03-24,51.019962
2011-03-25,50.950039
2011-03-28,50.905548
2011-03-29,50.816608
2011-03-30,50.905548
2011-03-31,50.848351
2011-04-01,50.910805
2011-04-04,50.974556
2011-04-05,50.859871
2011-04-06,50.783386
2011-04-07,50.770638
2011-04-08,50.738770
2011-04-11,50.745144
2011-04-12,50.923569
2011-04-13,51.019157
2011-04-14,50.993660
2011-04-15,51.153011
2011-04-18,51.210312
2011-04-19,51.293179
2011-04-20,51.223072
2011-04-21,51.261337
2011-04-25,51.293179
2011-04-26,51.452522
2011-04-27,51.426998
2011-04-28,51.522625
2011-04-29,51.592709
2011-05-02,51.607407
2011-05-03,51.664925
2011-05-04,51.728832
2011-05-05,51.843857
2011-05-06,51.882187
2011-05-09,51.926952
2011-05-10,51.792713
2011-05-11,51.856594
2011-05-12,51.805515
2011-05-13,51.882187
2011-05-16,52.003555
2011-05-17,52.086666
2011-05-18,51.939678
2011-05-19,51.920506
2011-05-20,51.965199
2011-05-23,51.997223
2011-05-24,52.029152
2011-05-25,52.048321
2011-05-26,52.118610
2011-05-27,52.137779
2011-05-31,52.201683
2011-06-01,52.454178
2011-06-02,52.242710
2011-06-03,52.332436
2011-06-06,52.300354
2011-06-07,52.364456
2011-06-08,52.467010
2011-06-09,52.345234
2011-06-10,52.409275
2011-06-13,52.358032
2011-06-14,52.140202
2011-06-15,52.351631
2011-06-16,52.383701
2011-06-17,52.434895
2011-06-20,52.370834
2011-06-21,52.383701
2011-06-22,52.396469
2011-06-23,52.524647
2011-06-24,52.575924
2011-06-27,52.422115
2011-06-28,52.229889
2011-06-29,52.114544
2011-06-30,52.005630
2011-07-01,52.029381
2011-07-05,52.202839
2011-07-06,52.234989
2011-07-07,52.125771
2011-07-08,52.395573
2011-07-11,52.549770
2011-07-12,52.601219
2011-07-13,52.671886
2011-07-14,52.472733
2011-07-15,52.569096
2011-07-18,52.498390
2011-07-19,52.639740
2011-07-20,52.556221
2011-07-21,52.440586
2011-07-22,52.581947
2011-07-25,52.408447
2011-07-26,52.536957
2011-07-27,52.427723
2011-07-28,52.581947
2011-07-29,52.851780
2011-08-01,53.019932
2011-08-02,53.245399
2011-08-03,53.284073
2011-08-04,53.606148
2011-08-05,53.258278
2011-08-08,53.509521
2011-08-09,53.696381
2011-08-10,54.121578
2011-08-11,53.599735
2011-08-12,53.773670
2011-08-15,53.683487
2011-08-16,53.844509
2011-08-17,53.941204
2011-08-18,54.057102
2011-08-19,54.108650
2011-08-22,53.986233
2011-08-23,53.825211
2011-08-24,53.515995
2011-08-25,53.664139
2011-08-26,53.728596
2011-08-29,53.599735
2011-08-30,53.799458
2011-08-31,53.728596
2011-09-01,53.956566
2011-09-02,54.105133
2011-09-06,54.182632
2011-09-07,54.059898
2011-09-08,54.130943
2011-09-09,54.176155
2011-09-12,54.014671
2011-09-13,53.956566
2011-09-14,54.072773
2011-09-15,53.969486
2011-09-16,53.950092
2011-09-19,54.118050
2011-09-20,54.189087
2011-09-21,54.337631
2011-09-22,54.466831
2011-09-23,54.285965
2011-09-26,54.118050
2011-09-27,54.008278
2011-09-28,53.891998
2011-09-29,53.885529
2011-09-30,54.085739
2011-10-03,54.392693
2011-10-04,54.178978
2011-10-05,53.945854
2011-10-06,53.913502
2011-10-07,53.796940
2011-10-10,53.719250
2011-10-11,53.693371
2011-10-12,53.680370
2011-10-13,53.745140
2011-10-14,53.647999
2011-10-17,53.835770
2011-10-18,53.777504
2011-10-19,53.919964
2011-10-20,53.894058
2011-10-21,53.809895
2011-10-24,53.848789
2011-10-25,54.127193
2011-10-26,53.991230
2011-10-27,53.712757
2011-10-28,53.907017
2011-10-31,54.146576
2011-11-01,54.549141
2011-11-02,54.516644
2011-11-03,54.380314
2011-11-04,54.458210
2011-11-07,54.471157
2011-11-08,54.302402
2011-11-09,54.367355
2011-11-10,54.302402
2011-11-11,54.263493
2011-11-14,54.269985
2011-11-15,54.237495
2011-11-16,54.341335
2011-11-17,54.315384
2011-11-18,54.282928
2011-11-21,54.269985
2011-11-22,54.328415
2011-11-23,54.386784
2011-11-25,54.308926
2011-11-28,54.308926
2011-11-29,54.231022
2011-11-30,54.114143
2011-12-01,54.096554
2011-12-02,54.272285
2011-12-05,54.278801
2011-12-06,54.207180
2011-12-07,54.278801
2011-12-08,54.402443
2011-12-09,54.272285
2011-12-12,54.330868
2011-12-13,54.467499
2011-12-14,54.571590
2011-12-15,54.545570
2011-12-16,54.695232
2011-12-19,54.675758
2011-12-20,54.565109
2011-12-21,54.415424
2011-12-22,54.519585
2011-12-23,54.589046
2011-12-27,54.457993
2011-12-28,54.667713
2011-12-29,54.713562
2011-12-30,54.752918
2012-01-03,54.582497
2012-01-04,54.608677
2012-01-05,54.589046
2012-01-06,54.621838
2012-01-09,54.667713
2012-01-10,54.641529
2012-01-11,54.772552
2012-01-12,54.693909
2012-01-13,54.857758
2012-01-17,54.811886
2012-01-18,54.798771
2012-01-19,54.746288
2012-01-20,54.641529
2012-01-23,54.575939
2012-01-24,54.589046
2012-01-25,54.746288
2012-01-26,54.890503
2012-01-27,54.988827
2012-01-30,55.054371
2012-01-31,55.100258
2012-02-01,55.043781
2012-02-02,55.129162
2012-02-03,55.056889
2012-02-06,55.083157
2012-02-07,55.010910
2012-02-08,54.945206
2012-02-09,54.951767
2012-02-10,54.991192
2012-02-13,54.984631
2012-02-14,55.056889
2012-02-15,54.984631
2012-02-16,54.991192
2012-02-17,54.866344
2012-02-21,54.833523
2012-02-22,55.017494
2012-02-23,55.043781
2012-02-24,55.083157
2012-02-27,55.181747
2012-02-28,55.175148
2012-02-29,55.122581
2012-03-01,55.033688
2012-03-02,55.145664
2012-03-05,55.033688
2012-03-06,55.125862
2012-03-07,55.139053
2012-03-08,55.053497
2012-03-09,55.000782
2012-03-12,55.040268
2012-03-13,54.875668
2012-03-14,54.552921
2012-03-15,54.566139
2012-03-16,54.559589
2012-03-19,54.414680
2012-03-20,54.427872
2012-03-21,54.585884
2012-03-22,54.664925
2012-03-23,54.763718
2012-03-26,54.757072
2012-03-27,54.849312
2012-03-28,54.836159
2012-03-29,54.954685
2012-03-30,54.842731
2012-04-02,54.840069
2012-04-03,54.635254
2012-04-04,54.787216
2012-04-05,54.892971
2012-04-09,55.084618
2012-04-10,55.243103
2012-04-11,55.163849
2012-04-12,55.170433
2012-04-13,55.309193
2012-04-16,55.309193
2012-04-17,55.302563
2012-04-18,55.342262
2012-04-19,55.329010
2012-04-20,55.322418
2012-04-23,55.388466
2012-04-24,55.322418
2012-04-25,55.309193
2012-04-26,55.381870
2012-04-27,55.414894
2012-04-30,55.447964
2012-05-01,55.368454
2012-05-02,55.454575
2012-05-03,55.527443
2012-05-04,55.587002
2012-05-07,55.567142
2012-05-08,55.620125
2012-05-09,55.587002
2012-05-10,55.553921
2012-05-11,55.593639
2012-05-14,55.692947
2012-05-15,55.706230
2012-05-16,55.673111
2012-05-17,55.719494
2012-05-18,55.686390
2012-05-21,55.692947
2012-05-22,55.600281
2012-05-23,55.639965
2012-05-24,55.580414
2012-05-25,55.646648
2012-05-29,55.646648
2012-05-30,55.858547
2012-05-31,55.964470
2012-06-01,56.160950
2012-06-04,56.021584
2012-06-05,55.908710
2012-06-06,55.802528
2012-06-07,55.822430
2012-06-08,55.855637
2012-06-11,55.902115
2012-06-12,55.815788
2012-06-13,55.935284
2012-06-14,55.902115
2012-06-15,56.028168
2012-06-18,56.034836
2012-06-19,55.961849
2012-06-20,55.855637
2012-06-21,55.948586
2012-06-22,55.835705
2012-06-25,55.981735
2012-06-26,55.922020
2012-06-27,55.981735
2012-06-28,56.041504
2012-06-29,56.001621
2012-07-02,56.119392
2012-07-03,56.039532
2012-07-05,56.199165
2012-07-06,56.252415
2012-07-09,56.358814
2012-07-10,56.412045
2012-07-11,56.332275
2012-07-12,56.438641
2012-07-13,56.445297
2012-07-16,56.478558
2012-07-17,56.458607
2012-07-18,56.551727
2012-07-19,56.538422
2012-07-20,56.644840
2012-07-23,56.671459
2012-07-24,56.737980
2012-07-25,56.777927
2012-07-26,56.737980
2012-07-27,56.525143
2012-07-30,56.631596
2012-07-31,56.691422
2012-08-01,56.622768
2012-08-02,56.729427
2012-08-03,56.522778
2012-08-06,56.576107
2012-08-07,56.429466
2012-08-08,56.416096
2012-08-09,56.382793
2012-08-10,56.449432
2012-08-13,56.456100
2012-08-14,56.316109
2012-08-15,56.116131
2012-08-16,56.056095
2012-08-17,56.149441
2012-08-20,56.122787
2012-08-21,56.222775
2012-08-22,56.449432
2012-08-23,56.476093
2012-08-24,56.476093
2012-08-27,56.562775
2012-08-28,56.582771
2012-08-29,56.536106
2012-08-30,56.582771
2012-08-31,56.782707
2012-09-04,56.745342
2012-09-05,56.745342
2012-09-06,56.611740
2012-09-07,56.611740
2012-09-10,56.625088
2012-09-11,56.551609
2012-09-12,56.471439
2012-09-13,56.584988
2012-09-14,56.304432
2012-09-17,56.384575
2012-09-18,56.451366
2012-09-19,56.524872
2012-09-20,56.538216
2012-09-21,56.598339
2012-09-24,56.658497
2012-09-25,56.772083
2012-09-26,56.865532
2012-09-27,56.832176
2012-09-28,56.885639
2012-10-01,56.928425
2012-10-02,56.928425
2012-10-03,56.908379
2012-10-04,56.814671
2012-10-05,56.754452
2012-10-08,56.828087
2012-10-09,56.727661
2012-10-10,56.814671
2012-10-11,56.861542
2012-10-12,56.901669
2012-10-15,56.881599
2012-10-16,56.767826
2012-10-17,56.627205
2012-10-18,56.600418
2012-10-19,56.687454
2012-10-22,56.607128
2012-10-23,56.734364
2012-10-24,56.707561
2012-10-25,56.613819
2012-10-26,56.734364
2012-10-31,56.828087
2012-11-01,56.741032
2012-11-02,56.761093
2012-11-05,56.848125
2012-11-06,56.667400
2012-11-07,56.801285
2012-11-08,56.888325
2012-11-09,56.834747
2012-11-12,56.921768
2012-11-13,56.915066
2012-11-14,56.901669
2012-11-15,56.894997
2012-11-16,56.868244
2012-11-19,56.868244
2012-11-20,56.781158
2012-11-21,56.720940
2012-11-23,56.734364
2012-11-26,56.720940
2012-11-27,56.834747
2012-11-28,56.868244
2012-11-29,56.901669
2012-11-30,56.861542
2012-12-03,56.906467
2012-12-04,56.953384
2012-12-05,56.993641
2012-12-06,56.993641
2012-12-07,56.886337
2012-12-10,56.919868
2012-12-11,56.872917
2012-12-12,56.785736
2012-12-13,56.671677
2012-12-14,56.705265
2012-12-17,56.604641
2012-12-18,56.477131
2012-12-19,56.597904
2012-12-20,56.611359
2012-12-21,56.691803
2012-12-24,56.309464
2012-12-26,56.356441
2012-12-27,56.403389
2012-12-28,56.416809
2012-12-31,56.363159
2013-01-02,56.275940
2013-01-03,56.108280
2013-01-04,56.195454
2013-01-07,56.155212
2013-01-08,56.208897
2013-01-09,56.188763
2013-01-10,56.188763
2013-01-11,56.229019
2013-01-14,56.229019
2013-01-15,56.302784
2013-01-16,56.296082
2013-01-17,56.202183
2013-01-18,56.289371
2013-01-22,56.235737
2013-01-23,56.322910
2013-01-24,56.242405
2013-01-25,56.061314
2013-01-28,55.994251
2013-01-29,55.933895
2013-01-30,55.873489
2013-01-31,55.974125
2013-02-01,55.816837
2013-02-04,56.011742
2013-02-05,55.917686
2013-02-06,56.052055
2013-02-07,56.058834
2013-02-08,56.045364
2013-02-11,55.978134
2013-02-12,55.991581
2013-02-13,55.917686
2013-02-14,55.998325
2013-02-15,55.951283
2013-02-19,55.931110
2013-02-20,55.971439
2013-02-21,56.025204
2013-02-22,56.052055
2013-02-25,56.233551
2013-02-26,56.260380
2013-02-27,56.246998
2013-02-28,56.273865
2013-03-01,56.304798
2013-03-04,56.291405
2013-03-05,56.257713
2013-03-06,56.163456
2013-03-07,56.082661
2013-03-08,55.927792
2013-03-11,55.900829
2013-03-12,56.008549
2013-03-13,55.941277
2013-03-14,55.961414
2013-03-15,56.028786
2013-03-18,56.136517
2013-03-19,56.170139
2013-03-20,56.116325
2013-03-21,56.129761
2013-03-22,56.183655
2013-03-25,56.176922
2013-03-26,56.197105
2013-03-27,56.311573
2013-03-28,56.318306
2013-04-01,56.369698
2013-04-02,56.376369
2013-04-03,56.410217
2013-04-04,56.572418
2013-04-05,56.727898
2013-04-08,56.700825
2013-04-09,56.640026
2013-04-10,56.531883
2013-04-11,56.558907
2013-04-12,56.694077
2013-04-15,56.754910
2013-04-16,56.741364
2013-04-17,56.768402
2013-04-18,56.802177
2013-04-19,56.754910
2013-04-22,56.829243
2013-04-23,56.815704
2013-04-24,56.802177
2013-04-25,56.768402
2013-04-26,56.842747
2013-04-29,56.890041
2013-04-30,56.890041
2013-05-01,56.986206
2013-05-02,56.999737
2013-05-03,56.728909
2013-05-06,56.722141
2013-05-07,56.667965
2013-05-08,56.722141
2013-05-09,56.634132
2013-05-10,56.491898
2013-05-13,56.430984
2013-05-14,56.322628
2013-05-15,56.390335
2013-05-16,56.471584
2013-05-17,56.349712
2013-05-20,56.336201
2013-05-21,56.390335
2013-05-22,56.200760
2013-05-23,56.193954
2013-05-24,56.200760
2013-05-28,55.889290
2013-05-29,55.936703
2013-05-30,55.889290
2013-05-31,55.794491
2013-06-03,55.743610
2013-06-04,55.723240
2013-06-05,55.702885
2013-06-06,55.777500
2013-06-07,55.635059
2013-06-10,55.492561
2013-06-11,55.519707
2013-06-12,55.411133
2013-06-13,55.655376
2013-06-14,55.716461
2013-06-17,55.675743
2013-06-18,55.628235
2013-06-19,55.302597
2013-06-20,54.800480
2013-06-21,54.576603
2013-06-24,54.312019
2013-06-25,54.440876
2013-06-26,54.630901
2013-06-27,54.847984
2013-06-28,54.875134
2013-07-01,54.968311
2013-07-02,54.981861
2013-07-03,54.941074
2013-07-05,54.329216
2013-07-08,54.573936
2013-07-09,54.635151
2013-07-10,54.499184
2013-07-11,54.866283
2013-07-12,54.791534
2013-07-15,54.941074
2013-07-16,55.022655
2013-07-17,55.145069
2013-07-18,55.056705
2013-07-19,55.199421
2013-07-22,55.233414
2013-07-23,55.219822
2013-07-24,55.043076
2013-07-25,55.022655
2013-07-26,55.063461
2013-07-29,55.056705
2013-07-30,55.022655
2013-07-31,55.083828
2013-08-01,54.815464
2013-08-02,54.992519
2013-08-05,55.012989
2013-08-06,54.978970
2013-08-07,55.060699
2013-08-08,55.087982
2013-08-09,55.156071
2013-08-12,55.053886
2013-08-13,54.863125
2013-08-14,54.835876
2013-08-15,54.638325
2013-08-16,54.495213
2013-08-19,54.338558
2013-08-20,54.495213
2013-08-21,54.284035
2013-08-22,54.338558
2013-08-23,54.495213
2013-08-26,54.590614
2013-08-27,54.726856
2013-08-28,54.631527
2013-08-29,54.686016
2013-08-30,54.611027
2013-09-03,54.488853
2013-09-04,54.420578
2013-09-05,54.045082
2013-09-06,54.249901
2013-09-09,54.386456
2013-09-10,54.270378
2013-09-11,54.420578
2013-09-12,54.406933
2013-09-13,54.495647
2013-09-16,54.563946
2013-09-17,54.611752
2013-09-18,55.048706
2013-09-19,54.987221
2013-09-20,54.980427
2013-09-23,55.021389
2013-09-24,55.137455
2013-09-25,55.253498
2013-09-26,55.171562
2013-09-27,55.185223
2013-09-30,55.219406
2013-10-01,55.152336
2013-10-02,55.213921
2013-10-03,55.241283
2013-10-04,55.179688
2013-10-07,55.220734
2013-10-08,55.200218
2013-10-09,55.166035
2013-10-10,55.179688
2013-10-11,55.200218
2013-10-14,55.090740
2013-10-15,55.077084
2013-10-16,55.309727
2013-10-17,55.501259
2013-10-18,55.562813
2013-10-21,55.494381
2013-10-22,55.672291
2013-10-23,55.699657
2013-10-24,55.699657
2013-10-25,55.761265
2013-10-28,55.713356
2013-10-29,55.754375
2013-10-30,55.692856
2013-10-31,55.692856
2013-11-01,55.542664
2013-11-04,55.576981
2013-11-05,55.412361
2013-11-06,55.508366
2013-11-07,55.618038
2013-11-08,55.254646
2013-11-11,55.206665
2013-11-12,55.179188
2013-11-13,55.330086
2013-11-14,55.487808
2013-11-15,55.508366
2013-11-18,55.611259
2013-11-19,55.501514
2013-11-20,55.350666
2013-11-21,55.350666
2013-11-22,55.474091
2013-11-25,55.515240
2013-11-26,55.522072
2013-11-27,55.501514
2013-11-29,55.528950
2013-12-02,55.319389
2013-12-03,55.374332
2013-12-04,55.291862
2013-12-05,55.195637
2013-12-06,55.278137
2013-12-09,55.333084
2013-12-10,55.449936
2013-12-11,55.353745
2013-12-12,55.209362
2013-12-13,55.271255
2013-12-16,55.291862
2013-12-17,55.394958
2013-12-18,55.374332
2013-12-19,55.271255
2013-12-20,55.374332
2013-12-23,55.305656
2013-12-24,55.189156
2013-12-26,55.106411
2013-12-27,55.106411
2013-12-30,55.196037
2013-12-31,55.175339
2014-01-02,55.223602
2014-01-03,55.230503
2014-01-06,55.278725
2014-01-07,55.347633
2014-01-08,55.168461
2014-01-09,55.271824
2014-01-10,55.540638
2014-01-13,55.616482
2014-01-14,55.533733
2014-01-15,55.499275
2014-01-16,55.623405
2014-01-17,55.685383
2014-01-21,55.685383
2014-01-22,55.588886
2014-01-23,55.740517
2014-01-24,55.885292
2014-01-27,55.781887
2014-01-28,55.830128
2014-01-29,55.954208
2014-01-30,55.954208
2014-01-31,56.030025
2014-02-03,56.210289
2014-02-04,56.120514
2014-02-05,56.003090
2014-02-06,55.982384
2014-02-07,56.051453
2014-02-10,56.085964
2014-02-11,55.968548
2014-02-12,55.871822
2014-02-13,56.009991
2014-02-14,55.989307
2014-02-18,56.065262
2014-02-19,56.016907
2014-02-20,56.009991
2014-02-21,56.051453
2014-02-24,56.037601
2014-02-25,56.148140
2014-02-26,56.265541
2014-02-27,56.334610
2014-02-28,56.293205
2014-03-03,56.412270
2014-03-04,56.218430
2014-03-05,56.294579
2014-03-06,56.156120
2014-03-07,55.989990
2014-03-10,56.024620
2014-03-11,56.017696
2014-03-12,56.135361
2014-03-13,56.301479
2014-03-14,56.266888
2014-03-17,56.190765
2014-03-18,56.253052
2014-03-19,55.989990
2014-03-20,55.941566
2014-03-21,56.100784
2014-03-24,56.107716
2014-03-25,56.093849
2014-03-26,56.246117
2014-03-27,56.301479
2014-03-28,56.197689
2014-03-31,56.197689
2014-04-01,56.135239
2014-04-02,56.024250
2014-04-03,56.072788
2014-04-04,56.239323
2014-04-07,56.343369
2014-04-08,56.384991
2014-04-09,56.371090
2014-04-10,56.544590
2014-04-11,56.579266
2014-04-14,56.572289
2014-04-15,56.600075
2014-04-16,56.565399
2014-04-17,56.419651
2014-04-21,56.433533
2014-04-22,56.433533
2014-04-23,56.523758
2014-04-24,56.537605
2014-04-25,56.558445
2014-04-28,56.496010
2014-04-29,56.523758
2014-04-30,56.648617
2014-05-01,56.786293
2014-05-02,56.848892
2014-05-05,56.786293
2014-05-06,56.841930
2014-05-07,56.869732
2014-05-08,56.897541
2014-05-09,56.828022
2014-05-12,56.772415
2014-05-13,56.876709
2014-05-14,57.022705
2014-05-15,57.127022
2014-05-16,57.127022
2014-05-19,57.106163
2014-05-20,57.133942
2014-05-21,57.085289
2014-05-22,57.050537
2014-05-23,57.106163
2014-05-27,57.161774
2014-05-28,57.349522
2014-05-29,57.300835
2014-05-30,57.245232
2014-06-02,57.105171
2014-06-03,56.965775
2014-06-04,56.972725
2014-06-05,57.035442
2014-06-06,57.028507
2014-06-09,56.979733
2014-06-10,56.868229
2014-06-11,56.889137
2014-06-12,57.035442
2014-06-13,57.021542
2014-06-16,57.007580
2014-06-17,56.875175
2014-06-18,57.021542
2014-06-19,56.972725
2014-06-20,57.007580
2014-06-23,56.986687
2014-06-24,57.091198
2014-06-25,57.167870
2014-06-26,57.244499
2014-06-27,57.244499
2014-06-30,57.293285
2014-07-01,57.182961
2014-07-02,57.029362
2014-07-03,56.959526
2014-07-07,57.029362
2014-07-08,57.134090
2014-07-09,57.189972
2014-07-10,57.203941
2014-07-11,57.287712
2014-07-14,57.203941
2014-07-15,57.162003
2014-07-16,57.182961
2014-07-17,57.336563
2014-07-18,57.336563
2014-07-21,57.336563
2014-07-22,57.413387
2014-07-23,57.385429
2014-07-24,57.273720
2014-07-25,57.378479
2014-07-28,57.364510
2014-07-29,57.413387
2014-07-30,57.196930
2014-07-31,57.134090
2014-08-01,57.324421
2014-08-04,57.401382
2014-08-05,57.324421
2014-08-06,57.387424
2014-08-07,57.513348
2014-08-08,57.471386
2014-08-11,57.499359
2014-08-12,57.450382
2014-08-13,57.555363
2014-08-14,57.611355
2014-08-15,57.716286
2014-08-18,57.597309
2014-08-19,57.590328
2014-08-20,57.506374
2014-08-21,57.569344
2014-08-22,57.569344
2014-08-25,57.590328
2014-08-26,57.618313
2014-08-27,57.709259
2014-08-28,57.786278
2014-08-29,57.786278
2014-09-02,57.589184
2014-09-03,57.687336
2014-09-04,57.589184
2014-09-05,57.568157
2014-09-08,57.526062
2014-09-09,57.427891
2014-09-10,57.322731
2014-09-11,57.280663
2014-09-12,57.189495
2014-09-15,57.217499
2014-09-16,57.196438
2014-09-17,57.126324
2014-09-18,57.133377
2014-09-19,57.252583
2014-09-22,57.322731
2014-09-23,57.350746
2014-09-24,57.315681
2014-09-25,57.455986
2014-09-26,57.399860
2014-09-29,57.469978
2014-09-30,57.455986
2014-10-01,57.702595
2014-10-02,57.660400
2014-10-03,57.625343
2014-10-06,57.758827
2014-10-07,57.906345
2014-10-08,58.060944
2014-10-09,57.969589
2014-10-10,58.018795
2014-10-13,58.187450
2014-10-14,58.264706
2014-10-15,58.398216
2014-10-16,58.299824
2014-10-17,58.257690
2014-10-20,58.306866
2014-10-21,58.222561
2014-10-22,58.208542
2014-10-23,58.032848
2014-10-24,58.082016
2014-10-27,58.060944
2014-10-28,58.025795
2014-10-29,57.927479
2014-10-30,57.969589
2014-10-31,57.871212
2014-11-03,57.845146
2014-11-04,57.831112
2014-11-05,57.901527
2014-11-06,57.767727
2014-11-07,57.964890
2014-11-10,57.845146
2014-11-11,57.873356
2014-11-12,57.866310
2014-11-13,57.908539
2014-11-14,57.922642
2014-11-17,57.922642
2014-11-18,58.007111
2014-11-19,57.859249
2014-11-20,57.929688
2014-11-21,58.056423
2014-11-24,58.063450
2014-11-25,58.169075
2014-11-26,58.253578
2014-11-28,58.352131
2014-12-01,58.264660
2014-12-02,58.137676
2014-12-03,58.123547
2014-12-04,58.222336
2014-12-05,58.052979
2014-12-08,58.172928
2014-12-09,58.194107
2014-12-10,58.349354
2014-12-11,58.292885
2014-12-12,58.490444
2014-12-15,58.384624
2014-12-16,58.518684
2014-12-17,58.377556
2014-12-18,58.285843
2014-12-19,58.412868
2014-12-22,58.384624
2014-12-23,58.130146
2014-12-24,58.151440
2014-12-26,58.201023
2014-12-29,58.300251
2014-12-30,58.342804
2014-12-31,58.385338
2015-01-02,58.583782
2015-01-05,58.753906
2015-01-06,58.924015
2015-01-07,58.959442
2015-01-08,58.867298
2015-01-09,58.966534
2015-01-12,59.044525
2015-01-13,59.101223
2015-01-14,59.235897
2015-01-15,59.498161
2015-01-16,59.320992
2015-01-20,59.257149
2015-01-21,59.143787
2015-01-22,59.157978
2015-01-23,59.349323
2015-01-26,59.278450
2015-01-27,59.313885
2015-01-28,59.526550
2015-01-29,59.462708
2015-01-30,59.788795
2015-02-02,59.717781
2015-02-03,59.533062
2015-02-04,59.554379
2015-02-05,59.426525
2015-02-06,59.043034
2015-02-09,59.021721
2015-02-10,58.915131
2015-02-11,58.915131
2015-02-12,58.943573
2015-02-13,58.808651
2015-02-17,58.574261
2015-02-18,58.737621
2015-02-19,58.687889
2015-02-20,58.702080
2015-02-23,58.822853
2015-02-24,59.064316
2015-02-25,59.121140
2015-02-26,58.957790
2015-02-27,59.007504
2015-03-02,58.816727
2015-03-03,58.745617
2015-03-04,58.745617
2015-03-05,58.781216
2015-03-06,58.439610
2015-03-09,58.510788
2015-03-10,58.738522
2015-03-11,58.802540
2015-03-12,58.845264
2015-03-13,58.788307
2015-03-16,58.902168
2015-03-17,58.951973
2015-03-18,59.314930
2015-03-19,59.136997
2015-03-20,59.293568
2015-03-23,59.322025
2015-03-24,59.421688
2015-03-25,59.329163
2015-03-26,59.136997
2015-03-27,59.193939
2015-03-30,59.265099
2015-03-31,59.329163
2015-04-01,59.565250
2015-04-02,59.486820
2015-04-06,59.536751
2015-04-07,59.572372
2015-04-08,59.529594
2015-04-09,59.401215
2015-04-10,59.372692
2015-04-13,59.386948
2015-04-14,59.493946
2015-04-15,59.550999
2015-04-16,59.536751
2015-04-17,59.636597
2015-04-20,59.572372
2015-04-21,59.501057
2015-04-22,59.279961
2015-04-23,59.394062
2015-04-24,59.486820
2015-04-27,59.443974
2015-04-28,59.258575
2015-04-29,59.073112
2015-04-30,59.137249
2015-05-01,58.957928
2015-05-04,58.872154
2015-05-05,58.779228
2015-05-06,58.614895
2015-05-07,58.736389
2015-05-08,58.893593
2015-05-11,58.586273
2015-05-12,58.514824
2015-05-13,58.486267
2015-05-14,58.600613
2015-05-15,58.836430
2015-05-18,58.622005
2015-05-19,58.493370
2015-05-20,58.493370
2015-05-21,58.679218
2015-05-22,58.643475
2015-05-26,58.786392
2015-05-27,58.814968
2015-05-28,58.822105
2015-05-29,58.843594
2015-06-01,58.647385
2015-06-02,58.482674
2015-06-03,58.224876
2015-06-04,58.368114
2015-06-05,58.138916
2015-06-08,58.210533
2015-06-09,58.038712
2015-06-10,57.916977
2015-06-11,58.189102
2015-06-12,58.146133
2015-06-15,58.153294
2015-06-16,58.303658
2015-06-17,58.325108
2015-06-18,58.282150
2015-06-19,58.446850
2015-06-22,58.167561
2015-06-23,58.031536
2015-06-24,58.138916
2015-06-25,58.060184
2015-06-26,57.952778
2015-06-29,58.246342
2015-06-30,58.189102
2015-07-01,58.047737
2015-07-02,58.191223
2015-07-06,58.392147
2015-07-07,58.449554
2015-07-08,58.614578
2015-07-09,58.420830
2015-07-10,58.148174
2015-07-13,58.011829
2015-07-14,58.119461
2015-07-15,58.284492
2015-07-16,58.284492
2015-07-17,58.291691
2015-07-20,58.212757
2015-07-21,58.320377
2015-07-22,58.341908
2015-07-23,58.478207
2015-07-24,58.514091
2015-07-27,58.628883
2015-07-28,58.528439
2015-07-29,58.478207
2015-07-30,58.499767
2015-07-31,58.700672
2015-08-03,58.836578
2015-08-04,58.635258
2015-08-05,58.541786
2015-08-06,58.577728
2015-08-07,58.699917
2015-08-10,58.577728
2015-08-11,58.800613
2015-08-12,58.779045
2015-08-13,58.656834
2015-08-14,58.635258
2015-08-17,58.743076
2015-08-18,58.635258
2015-08-19,58.843739
2015-08-20,58.894062
2015-08-21,58.987560
2015-08-24,58.973186
2015-08-25,58.779045
2015-08-26,58.527412
2015-08-27,58.606491
2015-08-28,58.635258
2015-08-31,58.556152
2015-09-01,58.698818
2015-09-02,58.655590
2015-09-03,58.698818
2015-09-04,58.842926
2015-09-08,58.698818
2015-09-09,58.684361
2015-09-10,58.561878
2015-09-11,58.684361
2015-09-14,58.698818
2015-09-15,58.453842
2015-09-16,58.417831
2015-09-17,58.749256
2015-09-18,58.914951
2015-09-21,58.698818
2015-09-22,58.806892
2015-09-23,58.806892
2015-09-24,58.828491
2015-09-25,58.720421
2015-09-28,58.871719
2015-09-29,58.914951
2015-09-30,59.030262
2015-10-01,59.061970
2015-10-02,59.285816
2015-10-05,59.054802
2015-10-06,59.134178
2015-10-07,59.134178
2015-10-08,59.040321
2015-10-09,59.033112
2015-10-12,59.134178
2015-10-13,59.170280
2015-10-14,59.386852
2015-10-15,59.271362
2015-10-16,59.249649
2015-10-19,59.249649
2015-10-20,59.155869
2015-10-21,59.264145
2015-10-22,59.365181
2015-10-23,59.213612
2015-10-26,59.278603
2015-10-27,59.293018
2015-10-28,59.127003
2015-10-29,58.917610
2015-10-30,59.047550
2015-11-02,58.931087
2015-11-03,58.829792
2015-11-04,58.866009
2015-11-05,58.757450
2015-11-06,58.525970
2015-11-09,58.475319
2015-11-10,58.540417
2015-11-11,58.547649
2015-11-12,58.554920
2015-11-13,58.663391
2015-11-16,58.663391
2015-11-17,58.728523
2015-11-18,58.699585
2015-11-19,58.779190
2015-11-20,58.764698
2015-11-23,58.786415
2015-11-24,58.808105
2015-11-25,58.815346
2015-11-27,58.844246
2015-11-30,58.815346
2015-12-01,59.037899
2015-12-02,58.965389
2015-12-03,58.508690
2015-12-04,58.740654
2015-12-07,58.842167
2015-12-08,58.856670
2015-12-09,58.834923
2015-12-10,58.827641
2015-12-11,58.987129
2015-12-14,58.711674
2015-12-15,58.646420
2015-12-16,58.581177
2015-12-17,58.704422
2015-12-18,58.834923
2015-12-21,58.769688
2015-12-22,58.689938
2015-12-23,58.697178
2015-12-24,58.740803
2015-12-28,58.740803
2015-12-29,58.559086
2015-12-30,58.595413
2015-12-31,58.711739
2016-01-04,58.682663
2016-01-05,58.755375
2016-01-06,59.017086
2016-01-07,59.024342
2016-01-08,59.097076
2016-01-11,58.849838
2016-01-12,59.002548
2016-01-13,59.147896
2016-01-14,59.075214
2016-01-15,59.177021
2016-01-19,59.104332
2016-01-20,59.169735
2016-01-21,59.133392
2016-01-22,59.111576
2016-01-25,59.111576
2016-01-26,59.198807
2016-01-27,59.198807
2016-01-28,59.242451
2016-01-29,59.416885
2016-02-01,59.295944
2016-02-02,59.499977
2016-02-03,59.543640
2016-02-04,59.587425
2016-02-05,59.529125
2016-02-08,59.784084
2016-02-09,59.776798
2016-02-10,59.900677
2016-02-11,59.937096
2016-02-12,59.740368
2016-02-16,59.652946
2016-02-17,59.638409
2016-02-18,59.842403
2016-02-19,59.762268
2016-02-22,59.776798
2016-02-23,59.813221
2016-02-24,59.856937
2016-02-25,59.944374
2016-02-26,59.886120
2016-02-29,59.922535
2016-03-01,59.721767
2016-03-02,59.685253
2016-03-03,59.714481
2016-03-04,59.685253
2016-03-07,59.670628
2016-03-08,59.867779
2016-03-09,59.765594
2016-03-10,59.736366
2016-03-11,59.656052
2016-03-14,59.787453
2016-03-15,59.729050
2016-03-16,59.962688
2016-03-17,60.094063
2016-03-18,60.145206
2016-03-21,60.035648
2016-03-22,60.021088
2016-03-23,60.152447
2016-03-24,60.079433
2016-03-28,60.108658
2016-03-29,60.356853
2016-03-30,60.335003
2016-03-31,60.451782
2016-04-01,60.519802
2016-04-04,60.519802
2016-04-05,60.629520
2016-04-06,60.600277
2016-04-07,60.797813
2016-04-08,60.746574
2016-04-11,60.739262
2016-04-12,60.644157
2016-04-13,60.680744
2016-04-14,60.629520
2016-04-15,60.768551
2016-04-18,60.746574
2016-04-19,60.783161
2016-04-20,60.614902
2016-04-21,60.541740
2016-04-22,60.519802
2016-04-25,60.446648
2016-04-26,60.358871
2016-04-27,60.541740
2016-04-28,60.651478
2016-04-29,60.695370
2016-05-02,60.588348
2016-05-03,60.756908
2016-05-04,60.778931
2016-05-05,60.888885
2016-05-06,60.859531
2016-05-09,60.903549
2016-05-10,60.903549
2016-05-11,60.918209
2016-05-12,60.925556
2016-05-13,60.991470
2016-05-16,60.859531
2016-05-17,60.815598
2016-05-18,60.529728
2016-05-19,60.595692
2016-05-20,60.595692
2016-05-23,60.610340
2016-05-24,60.581051
2016-05-25,60.559021
2016-05-26,60.661655
2016-05-27,60.639683
2016-05-31,60.691010
2016-06-01,60.712269
2016-06-02,60.829811
2016-06-03,61.211746
2016-06-06,61.116207
2016-06-07,61.123566
2016-06-08,61.197041
2016-06-09,61.255760
2016-06-10,61.314548
2016-06-13,61.329239
2016-06-14,61.321899
2016-06-15,61.461452
2016-06-16,61.527542
2016-06-17,61.439400
2016-06-20,61.299850
2016-06-21,61.219059
2016-06-22,61.241085
2016-06-23,61.130924
2016-06-24,61.476143
2016-06-27,61.784634
2016-06-28,61.858055
2016-06-29,61.836029
2016-06-30,61.916851
2016-07-01,62.089043
2016-07-05,62.302418
2016-07-06,62.412834
2016-07-07,62.309799
2016-07-08,62.471706
2016-07-11,62.287720
2016-07-12,62.037552
2016-07-13,62.147884
2016-07-14,62.052250
2016-07-15,61.853527
2016-07-18,61.875614
2016-07-19,61.971268
2016-07-20,61.905064
2016-07-21,61.978653
2016-07-22,61.985996
2016-07-25,61.949196
2016-07-26,61.941849
2016-07-27,62.125816
2016-07-28,62.089043
2016-07-29,62.287720
2016-08-01,62.092342
2016-08-02,62.033337
2016-08-03,62.033337
2016-08-04,62.143948
2016-08-05,61.937454
2016-08-08,61.944897
2016-08-09,62.121822
2016-08-10,62.202950
2016-08-11,62.040768
2016-08-12,62.180805
2016-08-15,62.077579
2016-08-16,62.048119
2016-08-17,62.143948
2016-08-18,62.210308
2016-08-19,62.084965
2016-08-22,62.173447
2016-08-23,62.202950
2016-08-24,62.195595
2016-08-25,62.129185
2016-08-26,61.974380
2016-08-29,62.188183
2016-08-30,62.136597
2016-08-31,62.092342
2016-09-01,62.178028
2016-09-02,62.089394
2016-09-06,62.274094
2016-09-07,62.281460
2016-09-08,62.045025
2016-09-09,61.771690
2016-09-12,61.793869
2016-09-13,61.616528
2016-09-14,61.697807
2016-09-15,61.749516
2016-09-16,61.801216
2016-09-19,61.756844
2016-09-20,61.771690
2016-09-21,61.948975
2016-09-22,62.074604
2016-09-23,62.059822
2016-09-26,62.163219
2016-09-27,62.237129
2016-09-28,62.237129
2016-09-29,62.244537
2016-09-30,62.163219
2016-10-03,62.097382
2016-10-04,61.890110
2016-10-05,61.786491
2016-10-06,61.764301
2016-10-07,61.816082
2016-10-10,61.749462
2016-10-11,61.653259
2016-10-12,61.690231
2016-10-13,61.764301
2016-10-14,61.638466
2016-10-17,61.771667
2016-10-18,61.853077
2016-10-19,61.897545
2016-10-20,61.860485
2016-10-21,61.912331
2016-10-24,61.823513
2016-10-25,61.823513
2016-10-26,61.712486
2016-10-27,61.542217
2016-10-28,61.512604
2016-10-31,61.579224
2016-11-01,61.559200
2016-11-02,61.618534
2016-11-03,61.581413
2016-11-04,61.692703
2016-11-07,61.611061
2016-11-08,61.499851
2016-11-09,60.891678
2016-11-10,60.632084
2016-11-11,60.520832
2016-11-14,60.290955
2016-11-15,60.372513
2016-11-16,60.498619
2016-11-17,60.253807
2016-11-18,60.105495
2016-11-21,60.098099
2016-11-22,60.150009
2016-11-23,59.994286
2016-11-25,60.016521
2016-11-28,60.157433
2016-11-29,60.201885
2016-11-30,59.994286
2016-12-01,59.771290
2016-12-02,59.986870
2016-12-05,60.061127
2016-12-06,60.053699
2016-12-07,60.194893
2016-12-08,60.075985
2016-12-09,59.897659
2016-12-12,59.830730
2016-12-13,59.897659
2016-12-14,59.592930
2016-12-15,59.503746
2016-12-16,59.555813
2016-12-19,59.711876
2016-12-20,59.719303
2016-12-21,59.808483
2016-12-22,59.767483
2016-12-23,59.797291
2016-12-27,59.752579
2016-12-28,59.901611
2016-12-29,60.065506
2016-12-30,60.192162
2017-01-03,60.199608
2017-01-04,60.244335
2017-01-05,60.549831
2017-01-06,60.311405
2017-01-09,60.460400
2017-01-10,60.445480
2017-01-11,60.475246
2017-01-12,60.490211
2017-01-13,60.393341
2017-01-17,60.579586
2017-01-18,60.266697
2017-01-19,60.162384
2017-01-20,60.207058
2017-01-23,60.370987
2017-01-24,60.281525
2017-01-25,60.102722
2017-01-26,60.125114
2017-01-27,60.192162
2017-01-30,60.177269
2017-01-31,60.303925
2017-02-01,60.197914
2017-02-02,60.235245
2017-02-03,60.250168
2017-02-06,60.436813
2017-02-07,60.533863
2017-02-08,60.698143
2017-02-09,60.533863
2017-02-10,60.518959
2017-02-13,60.451729
2017-02-14,60.324833
2017-02-15,60.227772
2017-02-16,60.339764
2017-02-17,60.481602
2017-02-21,60.474163
2017-02-22,60.511425
2017-02-23,60.623474
2017-02-24,60.847420
2017-02-27,60.720501
2017-02-28,60.675743
2017-03-01,60.427364
2017-03-02,60.315147
2017-03-03,60.360054
2017-03-06,60.322643
2017-03-07,60.210423
2017-03-08,60.068321
2017-03-09,59.881290
2017-03-10,60.000992
2017-03-13,59.881290
2017-03-14,59.873821
2017-03-15,60.247898
2017-03-16,60.158096
2017-03-17,60.277767
2017-03-20,60.397453
2017-03-21,60.539555
2017-03-22,60.621845
2017-03-23,60.591923
2017-03-24,60.576988
2017-03-27,60.704151
2017-03-28,60.591923
2017-03-29,60.711651
2017-03-30,60.614361
2017-03-31,60.651768
2017-04-03,60.872173
2017-04-04,60.804718
2017-04-05,60.857204
2017-04-06,60.879673
2017-04-07,60.744736
2017-04-10,60.804718
2017-04-11,60.999619
2017-04-12,61.142067
2017-04-13,61.232075
2017-04-17,61.194530
2017-04-18,61.411934
2017-04-19,61.299454
2017-04-20,61.217033
2017-04-21,61.232075
2017-04-24,61.149563
2017-04-25,60.962143
2017-04-26,61.022099
2017-04-27,61.067116
2017-04-28,61.134560
2017-05-01,61.020412
2017-05-02,61.125538
2017-05-03,61.057922
2017-05-04,60.990295
2017-05-05,61.027893
2017-05-08,60.922668
2017-05-09,60.892666
2017-05-10,60.885204
2017-05-11,60.930252
2017-05-12,61.110554
2017-05-15,61.095497
2017-05-16,61.155617
2017-05-17,61.486095
2017-05-18,61.433556
2017-05-19,61.471096
2017-05-22,61.418545
2017-05-23,61.290783
2017-05-24,61.418545
2017-05-25,61.418545
2017-05-26,61.448566
2017-05-30,61.538708
2017-05-31,61.568764
2017-06-01,61.585327
2017-06-02,61.788570
2017-06-05,61.690742
2017-06-06,61.803638
2017-06-07,61.720825
2017-06-08,61.675652
2017-06-09,61.622978
2017-06-12,61.607914
2017-06-13,61.622978
2017-06-14,61.848812
2017-06-15,61.781036
2017-06-16,61.848812
2017-06-19,61.758457
2017-06-20,61.848812
2017-06-21,61.878864
2017-06-22,61.901497
2017-06-23,61.916580
2017-06-26,61.984310
2017-06-27,61.773521
2017-06-28,61.773521
2017-06-29,61.645576
2017-06-30,61.600395
2017-07-03,61.607182
2017-07-05,61.644970
2017-07-06,61.501362
2017-07-07,61.486217
2017-07-10,61.516487
2017-07-11,61.576965
2017-07-12,61.720558
2017-07-13,61.697895
2017-07-14,61.720558
2017-07-17,61.803730
2017-07-18,61.947346
2017-07-19,61.954887
2017-07-20,61.992741
2017-07-21,62.060738
2017-07-24,62.030499
2017-07-25,61.796154
2017-07-26,61.947346
2017-07-27,61.871758
2017-07-28,61.985126
2017-07-31,61.977615
2017-08-01,62.229584
2017-08-02,62.191643
2017-08-03,62.320679
2017-08-04,62.222023
2017-08-07,62.244766
2017-08-08,62.161278
2017-08-09,62.206810
2017-08-10,62.297928
2017-08-11,62.351044
2017-08-14,62.305511
2017-08-15,62.199238
2017-08-16,62.290321
2017-08-17,62.404160
2017-08-18,62.373821
2017-08-21,62.404160
2017-08-22,62.328293
2017-08-23,62.510494
2017-08-24,62.419403
2017-08-25,62.495285
2017-08-28,62.525620
2017-08-29,62.593929
2017-08-30,62.586391
2017-08-31,62.639519
2017-09-01,62.536045
2017-09-05,62.794724
2017-09-06,62.688202
2017-09-07,62.885983
2017-09-08,62.817524
2017-09-11,62.627335
2017-09-12,62.536045
2017-09-13,62.459980
2017-09-14,62.498016
2017-09-15,62.505623
2017-09-18,62.459980
2017-09-19,62.414349
2017-09-20,62.361099
2017-09-21,62.345856
2017-09-22,62.406734
2017-09-25,62.543633
2017-09-26,62.513275
2017-09-27,62.323036
2017-09-28,62.338261
2017-09-29,62.345856
2017-10-02,62.321476
2017-10-03,62.351978
2017-10-04,62.351978
2017-10-05,62.306244
2017-10-06,62.237595
2017-10-09,62.298599
2017-10-10,62.329082
2017-10-11,62.359596
2017-10-12,62.412956
2017-10-13,62.542591
2017-10-16,62.481560
2017-10-17,62.489201
2017-10-18,62.390049
2017-10-19,62.420559
2017-10-20,62.268166
2017-10-23,62.321476
2017-10-24,62.214790
2017-10-25,62.161411
2017-10-26,62.085159
2017-10-27,62.222401
2017-10-30,62.367226
2017-10-31,62.329082
2017-11-01,62.369560
2017-11-02,62.430698
2017-11-03,62.484177
2017-11-06,62.530018
2017-11-07,62.552906
2017-11-08,62.507088
2017-11-09,62.445984
2017-11-10,62.193893
2017-11-13,62.201527
2017-11-14,62.277893
2017-11-15,62.423065
2017-11-16,62.339043
2017-11-17,62.400158
2017-11-20,62.361954
2017-11-21,62.415417
2017-11-22,62.545315
2017-11-24,62.530018
2017-11-27,62.507088
2017-11-28,62.507088
2017-11-29,62.354309
2017-11-30,62.262672
2017-12-01,62.429482
2017-12-04,62.437153
2017-12-05,62.513733
2017-12-06,62.582623
2017-12-07,62.498367
2017-12-08,62.475456
2017-12-11,62.429482
2017-12-12,62.421848
2017-12-13,62.597912
2017-12-14,62.620884
2017-12-15,62.628529
2017-12-18,62.529060
2017-12-19,62.337635
2017-12-20,62.215179
2017-12-21,62.253468
2017-12-22,62.284096
2017-12-26,62.346256
2017-12-27,62.538124
2017-12-28,62.499733
2017-12-29,62.599480
2018-01-02,62.423004
2018-01-03,62.476727
2018-01-04,62.446030
2018-01-05,62.361576
2018-01-08,62.369274
2018-01-09,62.185078
2018-01-10,62.192772
2018-01-11,62.192772
2018-01-12,62.185078
2018-01-16,62.231117
2018-01-17,62.162067
2018-01-18,62.039276
2018-01-19,61.908806
2018-01-22,61.862751
2018-01-23,62.023907
2018-01-24,61.954830
2018-01-25,62.123692
2018-01-26,62.008579
2018-01-29,61.924149
2018-01-30,61.809010
2018-01-31,61.824409
2018-02-01,61.652908
2018-02-02,61.468292
2018-02-05,61.737473
2018-02-06,61.537498
2018-02-07,61.399055
2018-02-08,61.352928
2018-02-09,61.199104
2018-02-12,61.214470
2018-02-13,61.268303
2018-02-14,61.068333
2018-02-15,61.129875
2018-02-16,61.260647
2018-02-20,61.199104
2018-02-21,60.968365
2018-02-22,61.045292
2018-02-23,61.206791
2018-02-26,61.237564
2018-02-27,61.106789
2018-02-28,61.183708
2018-03-01,61.287750
2018-03-02,61.172161
2018-03-05,61.133636
2018-03-06,61.156723
2018-03-07,61.141323
2018-03-08,61.210682
2018-03-09,61.133636
2018-03-12,61.195282
2018-03-13,61.210682
2018-03-14,61.341682
2018-03-15,61.349426
2018-03-16,61.295460
2018-03-19,61.249241
2018-03-20,61.172161
2018-03-21,61.172161
2018-03-22,61.272366
2018-03-23,61.287750
2018-03-26,61.249241
2018-03-27,61.457287
2018-03-28,61.449619
2018-03-29,61.603760
2018-04-02,61.596035
2018-04-03,61.526485
2018-04-04,61.526485
2018-04-05,61.441505
2018-04-06,61.596035
2018-04-09,61.657864
2018-04-10,61.549683
2018-04-11,61.596035
2018-04-12,61.480133
2018-04-13,61.526485
2018-04-16,61.534241
2018-04-17,61.557400
2018-04-18,61.356483
2018-04-19,61.209671
2018-04-20,61.055222
2018-04-23,61.024269
2018-04-24,60.916111
2018-04-25,60.831097
2018-04-26,60.954735
2018-04-27,61.047459
2018-04-30,61.078384
2018-05-01,60.983860
2018-05-02,60.991619
2018-05-03,61.045860
2018-05-04,61.084522
2018-05-07,61.053570
2018-05-08,61.007099
2018-05-09,60.937428
2018-05-10,61.061317
2018-05-11,61.123291
2018-05-14,61.045860
2018-05-15,60.759285
2018-05-16,60.712841
2018-05-17,60.658642
2018-05-18,60.821251
2018-05-21,60.821251
2018-05-22,60.836758
2018-05-23,61.022583
2018-05-24,61.146500
2018-05-25,61.278122
2018-05-29,61.704071
2018-05-30,61.518215
2018-05-31,61.494984
2018-06-01,61.533123
2018-06-04,61.400818
2018-06-05,61.455299
2018-06-06,61.284126
2018-06-07,61.439732
2018-06-08,61.361950
2018-06-11,61.307468
2018-06-12,61.299694
2018-06-13,61.260796
2018-06-14,61.393032
2018-06-15,61.400818
2018-06-18,61.400818
2018-06-19,61.502010
2018-06-20,61.361950
2018-06-21,61.393032
2018-06-22,61.431957
2018-06-25,61.424198
2018-06-26,61.525299
2018-06-27,61.673161
2018-06-28,61.626461
2018-06-29,61.610916
2018-07-02,61.572708
2018-07-03,61.697487
2018-07-05,61.783245
2018-07-06,61.853439
2018-07-09,61.798851
2018-07-10,61.759850
2018-07-11,61.791012
2018-07-12,61.837883
2018-07-13,61.892437
2018-07-16,61.806652
2018-07-17,61.783245
2018-07-18,61.752045
2018-07-19,61.869015
2018-07-20,61.728672
2018-07-23,61.533669
2018-07-24,61.627281
2018-07-25,61.627281
2018-07-26,61.627281
2018-07-27,61.611710
2018-07-30,61.541500
2018-07-31,61.588272
2018-08-01,61.554680
2018-08-02,61.585960
2018-08-03,61.718838
2018-08-06,61.773563
2018-08-07,61.664089
2018-08-08,61.648460
2018-08-09,61.765736
2018-08-10,61.890793
2018-08-13,61.898582
2018-08-14,61.859505
2018-08-15,61.929863
2018-08-16,61.961143
2018-08-17,62.031490
2018-08-20,62.109661
2018-08-21,62.078365
2018-08-22,62.117485
2018-08-23,62.117485
2018-08-24,62.148735
2018-08-27,62.070583
2018-08-28,61.976780
2018-08-29,61.937706
2018-08-30,61.984612
2018-08-31,62.000214
2018-09-04,61.904640
2018-09-05,61.920303
2018-09-06,62.014313
2018-09-07,61.818439
2018-09-10,61.857628
2018-09-11,61.724411
2018-09-12,61.771431
2018-09-13,61.810593
2018-09-14,61.708767
2018-09-17,61.700916
2018-09-18,61.559875
2018-09-19,61.465881
2018-09-20,61.544209
2018-09-21,61.583363
2018-09-24,61.505043
2018-09-25,61.458061
2018-09-26,61.614704
2018-09-27,61.661755
2018-09-28,61.661755
2018-10-01,61.546284
2018-10-02,61.656254
2018-10-03,61.342113
2018-10-04,61.185059
2018-10-05,61.075104
2018-10-08,61.051540
2018-10-09,61.169346
2018-10-10,61.122208
2018-10-11,61.295029
2018-10-12,61.279259
2018-10-15,61.263607
2018-10-16,61.310688
2018-10-17,61.200756
2018-10-18,61.161488
2018-10-19,61.130100
2018-10-22,61.106522
2018-10-23,61.192898
2018-10-24,61.357845
2018-10-25,61.287155
2018-10-26,61.397099
2018-10-29,61.342113
2018-10-30,61.255733
2018-10-31,61.130100
2018-11-01,61.243477
2018-11-02,61.015121
2018-11-05,61.062347
2018-11-06,61.054478
2018-11-07,61.109623
2018-11-08,61.007248
2018-11-09,61.156841
2018-11-12,61.251347
2018-11-13,61.219814
2018-11-14,61.267048
2018-11-15,61.274933
2018-11-16,61.408787
2018-11-19,61.408787
2018-11-20,61.369404
2018-11-21,61.432377
2018-11-23,61.424519
2018-11-26,61.377293
2018-11-27,61.416634
2018-11-28,61.448154
2018-11-29,61.495377
2018-11-30,61.518997
2018-12-03,61.615303
2018-12-04,61.765270
2018-12-06,61.875763
2018-12-07,62.002029
2018-12-10,62.065170
2018-12-11,62.073009
2018-12-12,62.009903
2018-12-13,62.057274
2018-12-14,62.112503
2018-12-17,62.230885
2018-12-18,62.325573
2018-12-19,62.436077
2018-12-20,62.349285
2018-12-21,62.349285
2018-12-24,62.363506
2018-12-26,62.229004
2018-12-27,62.363506
2018-12-28,62.513847
2018-12-31,62.672085
2019-01-02,62.798687
2019-01-03,63.043926
2019-01-04,62.854073
2019-01-07,62.759125
2019-01-08,62.680004
2019-01-09,62.767052
2019-01-10,62.640434
2019-01-11,62.767052
2019-01-14,62.711617
2019-01-15,62.719566
2019-01-16,62.743313
2019-01-17,62.672085
2019-01-18,62.624607
2019-01-22,62.735390
2019-01-23,62.798687
2019-01-24,62.933201
2019-01-25,62.861992
2019-01-28,62.885773
2019-01-29,63.012306
2019-01-30,63.075596
2019-01-31,63.368343
2019-02-01,63.192268
2019-02-04,63.136749
2019-02-05,63.271606
2019-02-06,63.247795
2019-02-07,63.295399
2019-02-08,63.390556
2019-02-11,63.366722
2019-02-12,63.358799
2019-02-13,63.263641
2019-02-14,63.374657
2019-02-15,63.398502
2019-02-19,63.453999
2019-02-20,63.430222
2019-02-21,63.303280
2019-02-22,63.446083
2019-02-25,63.422298
2019-02-26,63.509533
2019-02-27,63.382637
2019-02-28,63.311249
2019-03-01,63.115673
2019-03-04,63.226963
2019-03-05,63.274666
2019-03-06,63.354195
2019-03-07,63.537010
2019-03-08,63.616554
2019-03-11,63.584751
2019-03-12,63.735752
2019-03-13,63.703983
2019-03-14,63.648335
2019-03-15,63.767609
2019-03-18,63.727818
2019-03-19,63.696037
2019-03-20,63.974277
2019-03-21,63.990173
2019-03-22,64.339989
2019-03-25,64.419487
2019-03-26,64.435379
2019-03-27,64.554665
2019-03-28,64.586441
2019-03-29,64.538742
2019-04-01,64.283707
2019-04-02,64.315582
2019-04-03,64.227928
2019-04-04,64.291702
2019-04-05,64.339470
2019-04-08,64.275734
2019-04-09,64.371346
2019-04-10,64.459023
2019-04-11,64.347458
2019-04-12,64.227928
2019-04-15,64.243881
2019-04-16,64.132263
2019-04-17,64.132263
2019-04-18,64.219986
2019-04-22,64.156219
2019-04-23,64.267761
2019-04-24,64.435127
2019-04-25,64.419220
2019-04-26,64.562653
2019-04-29,64.427155
2019-04-30,64.522766
2019-05-01,64.526779
2019-05-02,64.382988
2019-05-03,64.502838
2019-05-06,64.582726
2019-05-07,64.678558
2019-05-08,64.630646
2019-05-09,64.694565
2019-05-10,64.686577
2019-05-13,64.822388
2019-05-14,64.862320
2019-05-15,64.958199
2019-05-16,64.862320
2019-05-17,64.878281
2019-05-20,64.798409
2019-05-21,64.766495
2019-05-22,64.886307
2019-05-23,65.117996
2019-05-24,65.117996
2019-05-28,65.253777
2019-05-29,65.237816
2019-05-30,65.413589
2019-05-31,65.701149
2019-06-03,65.887764
2019-06-04,65.775673
2019-06-05,65.775673
2019-06-06,65.759636
2019-06-07,65.935799
2019-06-10,65.799667
2019-06-11,65.751640
2019-06-12,65.863708
2019-06-13,65.975815
2019-06-14,65.983849
2019-06-17,65.983849
2019-06-18,66.135956
2019-06-19,66.360214
2019-06-20,66.464333
2019-06-21,66.280136
2019-06-24,66.400223
2019-06-25,66.424278
2019-06-26,66.272102
2019-06-27,66.464333
2019-06-28,66.520355
2019-07-01,66.515564
2019-07-02,66.643936
2019-07-03,66.764381
2019-07-05,66.451324
2019-07-08,66.443298
2019-07-09,66.355019
2019-07-10,66.411179
2019-07-11,66.194481
2019-07-12,66.250671
2019-07-15,66.346992
2019-07-16,66.258690
2019-07-17,66.459381
2019-07-18,66.579750
2019-07-19,66.507484
2019-07-22,66.579750
2019-07-23,66.523567
2019-07-24,66.587799
2019-07-25,66.515564
2019-07-26,66.515564
2019-07-29,66.555664
2019-07-30,66.539665
2019-07-31,66.619911
2019-08-01,67.096947
2019-08-02,67.161324
2019-08-05,67.450943
2019-08-06,67.619888
2019-08-07,67.619888
2019-08-08,67.676193
2019-08-09,67.555557
2019-08-12,67.853226
2019-08-13,67.748604
2019-08-14,67.990005
2019-08-15,68.319847
2019-08-16,68.247467
2019-08-19,68.030212
2019-08-20,68.207207
2019-08-21,68.175026
2019-08-22,68.046303
2019-08-23,68.295715
2019-08-26,68.255493
2019-08-27,68.488800
2019-08-28,68.512947
2019-08-29,68.472687
2019-08-30,68.464668
2019-09-03,68.527580
2019-09-04,68.656563
2019-09-05,68.301819
2019-09-06,68.382439
2019-09-09,68.067970
2019-09-10,67.721252
2019-09-11,67.680939
2019-09-12,67.551933
2019-09-13,67.164886
2019-09-16,67.342323
2019-09-17,67.495499
2019-09-18,67.543861
2019-09-19,67.640617
2019-09-20,67.882507
2019-09-23,67.930885
2019-09-24,68.164734
2019-09-25,67.842186
2019-09-26,67.955101
2019-09-27,68.027641
2019-09-30,68.076019
2019-10-01,68.142303
2019-10-02,68.295830
2019-10-03,68.522041
2019-10-04,68.635216
2019-10-07,68.457428
2019-10-08,68.489746
2019-10-09,68.408958
2019-10-10,68.198853
2019-10-11,67.948349
2019-10-14,68.061462
2019-10-15,67.883720
2019-10-16,67.956421
2019-10-17,67.956421
2019-10-18,67.988770
2019-10-21,67.827148
2019-10-22,67.948349
2019-10-23,67.980659
2019-10-24,67.988770
2019-10-25,67.875618
2019-10-28,67.730217
2019-10-29,67.746346
2019-10-30,67.964500
2019-10-31,68.287743
2019-11-01,68.227020
2019-11-04,68.032654
2019-11-05,67.797806
2019-11-06,67.943550
2019-11-07,67.595345
2019-11-08,67.530533
2019-11-11,67.571045
2019-11-12,67.611534
2019-11-13,67.733032
2019-11-14,67.927368
2019-11-15,67.903069
2019-11-18,68.000259
2019-11-19,68.073120
2019-11-20,68.259392
2019-11-21,68.146042
2019-11-22,68.186523
2019-11-25,68.251289
2019-11-26,68.364647
2019-11-27,68.259392
2019-11-29,68.259392
2019-12-02,68.080841
2019-12-03,68.446030
2019-12-04,68.308090
2019-12-05,68.235039
2019-12-06,68.145760
2019-12-09,68.161995
2019-12-10,68.113335
2019-12-11,68.340500
2019-12-12,68.015930
2019-12-13,68.324295
2019-12-16,68.137665
2019-12-17,68.145760
2019-12-18,68.056503
2019-12-19,68.105148
2019-12-20,68.121445
2019-12-23,68.078308
2019-12-24,68.143379
2019-12-26,68.208443
2019-12-27,68.306038
2019-12-30,68.281647
2019-12-31,68.208443
2020-01-02,68.297905
2020-01-03,68.541924
2020-01-06,68.460602
2020-01-07,68.403656
2020-01-08,68.297905
2020-01-09,68.379257
2020-01-10,68.493080
2020-01-13,68.452461
2020-01-14,68.550087
2020-01-15,68.655815
2020-01-16,68.615128
2020-01-17,68.606987
2020-01-21,68.777817
2020-01-22,68.834763
2020-01-23,68.956764
2020-01-24,69.062485
2020-01-27,69.290215
2020-01-28,69.168221
2020-01-29,69.363434
2020-01-30,69.379669
2020-01-31,69.558624
2020-02-03,69.495872
2020-02-04,69.283966
2020-02-05,69.169861
2020-02-06,69.235023
2020-02-07,69.446968
2020-02-10,69.552910
2020-02-11,69.438843
2020-02-12,69.357307
2020-02-13,69.422508
2020-02-14,69.495872
2020-02-18,69.601814
2020-02-19,69.593689
2020-02-20,69.764854
2020-02-21,69.936020
2020-02-24,70.156105
2020-02-25,70.213158
2020-02-26,70.172440
2020-02-27,70.253944
2020-02-28,70.718567
2020-03-02,70.671982
2020-03-03,71.096672
2020-03-04,71.080338
2020-03-05,71.349846
2020-03-06,71.839897
2020-03-09,71.684692
2020-03-10,70.720970
2020-03-11,69.381531
2020-03-12,65.608253
2020-03-13,68.376938
2020-03-16,69.095642
2020-03-17,67.666397
2020-03-18,66.032921
2020-03-19,65.992065
2020-03-20,67.111023
2020-03-23,68.597481
2020-03-24,68.670982
2020-03-25,69.593903
2020-03-26,69.912415
2020-03-27,70.288124
2020-03-30,70.361633
2020-03-31,69.708221
2020-04-01,70.068390
2020-04-02,70.395821
2020-04-03,70.363083
2020-04-06,70.584068
2020-04-07,70.649567
2020-04-08,70.829659
2020-04-09,71.607277
2020-04-13,71.378075
2020-04-14,71.378075
2020-04-15,71.730034
2020-04-16,71.770988
2020-04-17,71.672768
2020-04-20,71.558159
2020-04-21,71.648186
2020-04-22,71.590889
2020-04-23,71.705536
2020-04-24,71.680954
2020-04-27,71.427185
2020-04-28,71.640030
2020-04-29,71.689110
2020-04-30,71.631851
2020-05-01,71.602310
2020-05-04,71.676140
2020-05-05,71.610519
2020-05-06,71.290649
2020-05-07,71.520294
2020-05-08,71.315254
2020-05-11,71.093788
2020-05-12,71.323425
2020-05-13,71.405464
2020-05-14,71.602310
2020-05-15,71.643295
2020-05-18,71.512070
2020-05-19,71.602310
2020-05-20,71.790932
2020-05-21,71.864761
2020-05-22,71.889381
2020-05-26,71.848381
2020-05-27,71.881149
2020-05-28,71.905762
2020-05-29,72.110825
2020-06-01,72.052483
2020-06-02,72.109970
2020-06-03,71.945641
2020-06-04,71.773064
2020-06-05,71.764885
2020-06-08,71.838844
2020-06-09,71.888100
2020-06-10,72.192184
2020-06-11,72.060699
2020-06-12,72.134659
2020-06-15,72.282562
2020-06-16,72.192184
2020-06-17,72.208633
2020-06-18,72.290787
2020-06-19,72.315460
2020-06-22,72.290787
2020-06-23,72.257927
2020-06-24,72.266151
2020-06-25,72.340088
2020-06-26,72.471581
2020-06-29,72.520866
2020-06-30,72.594841
2020-07-01,72.612968
2020-07-02,72.728203
2020-07-06,72.703514
2020-07-07,72.818779
2020-07-08,72.777611
2020-07-09,72.975189
2020-07-10,72.892868
2020-07-13,72.925812
2020-07-14,73.016365
2020-07-15,73.024612
2020-07-16,73.073990
2020-07-17,73.148079
2020-07-20,73.222168
2020-07-21,73.263329
2020-07-22,73.362144
2020-07-23,73.428001
2020-07-24,73.411560
2020-07-27,73.362144
2020-07-28,73.395081
2020-07-29,73.510315
2020-07-30,73.551476
2020-07-31,73.650307
2020-08-03,73.624718
2020-08-04,73.781433
2020-08-05,73.682434
2020-08-06,73.797943
2020-08-07,73.715416
2020-08-10,73.632965
2020-08-11,73.377296
2020-08-12,73.187645
2020-08-13,72.948441
2020-08-14,72.865936
2020-08-17,72.956673
2020-08-18,73.055664
2020-08-19,72.931931
2020-08-20,73.055664
2020-08-21,73.212364
2020-08-24,73.129860
2020-08-25,72.989655
2020-08-26,72.948441
2020-08-27,72.684540
2020-08-28,72.742249
2020-08-31,72.956673
2020-09-01,73.157425
2020-09-02,73.314430
2020-09-03,73.322647
2020-09-04,72.893059
2020-09-08,73.000450
2020-09-09,72.950920
2020-09-10,72.967407
2020-09-11,73.041771
2020-09-14,73.041771
2020-09-15,73.083084
2020-09-16,73.066589
2020-09-17,73.066589
2020-09-18,72.983940
2020-09-21,73.025230
2020-09-22,73.050003
2020-09-23,72.884773
2020-09-24,72.893059
2020-09-25,72.884773
2020-09-28,72.950920
2020-09-29,73.000450
2020-09-30,72.884773
2020-10-01,72.959267
2020-10-02,72.909630
2020-10-05,72.636566
2020-10-06,72.735832
2020-10-07,72.636566
2020-10-08,72.760651
2020-10-09,72.777214
2020-10-12,72.884781
2020-10-13,72.942741
2020-10-14,72.984138
2020-10-15,72.942741
2020-10-16,72.884781
2020-10-19,72.818604
2020-10-20,72.694481
2020-10-21,72.611679
2020-10-22,72.487534
2020-10-23,72.578598
2020-10-26,72.686180
2020-10-27,72.859978
2020-10-28,72.760651
2020-10-29,72.603424
2020-10-30,72.479309
2020-11-02,72.579636
2020-11-03,72.563004
2020-11-04,73.060432
2020-11-05,73.135048
2020-11-06,72.969215
2020-11-09,72.629311
2020-11-10,72.488419
2020-11-11,72.538155
2020-11-12,72.778557
2020-11-13,72.803482
2020-11-16,72.844856
2020-11-17,72.969215
2020-11-18,73.052132
2020-11-19,73.201370
2020-11-20,73.267670
2020-11-23,73.209633
2020-11-24,73.135048
2020-11-25,73.101921
2020-11-27,73.259430
2020-11-30,73.358864
2020-12-01,73.137131
2020-12-02,73.012604
2020-12-03,73.153786
2020-12-04,72.962799
2020-12-07,73.062462
2020-12-08,73.087372
2020-12-09,72.962799
2020-12-10,73.112259
2020-12-11,73.228493
2020-12-14,73.203583
2020-12-15,73.236786
2020-12-16,73.162094
2020-12-17,73.178650
2020-12-18,73.153786
2020-12-21,73.162094
2020-12-22,73.278320
2020-12-23,73.195847
2020-12-24,73.320808
2020-12-28,73.295815
2020-12-29,73.320808
2020-12-30,73.370789
2020-12-31,73.470772
2021-01-04,73.370789
2021-01-05,73.245796
2021-01-06,72.920898
2021-01-07,72.770981
2021-01-08,72.704285
2021-01-11,72.629356
2021-01-12,72.612701
2021-01-13,72.804283
2021-01-14,72.712669
2021-01-15,72.770981
2021-01-19,72.870934
2021-01-20,72.862617
2021-01-21,72.762619
2021-01-22,72.795959
2021-01-25,72.962578
2021-01-26,72.954224
2021-01-27,72.954224
2021-01-28,72.895927
2021-01-29,72.837631
2021-02-01,72.861778
2021-02-02,72.770012
2021-02-03,72.644836
2021-02-04,72.661568
2021-02-05,72.561424
2021-02-08,72.644836
2021-02-09,72.611473
2021-02-10,72.728325
2021-02-11,72.653206
2021-02-12,72.461304
2021-02-16,72.119164
2021-02-17,72.269356
2021-02-18,72.227646
2021-02-19,71.977341
2021-02-22,71.777016
2021-02-23,71.760376
2021-02-24,71.718636
2021-02-25,71.092834
2021-02-26,71.710335
2021-03-01,71.617546
2021-03-02,71.609184
2021-03-03,71.383553
2021-03-04,71.157921
2021-03-05,71.116135
2021-03-08,70.790215
2021-03-09,71.024216
2021-03-10,71.157921
2021-03-11,71.166260
2021-03-12,70.740051
2021-03-15,70.823654
2021-03-16,70.815285
2021-03-17,70.790215
2021-03-18,70.497711
2021-03-19,70.556252
2021-03-22,70.756798
2021-03-23,70.915573
2021-03-24,71.024216
2021-03-25,70.974083
2021-03-26,70.848755
2021-03-29,70.756798
2021-03-30,70.831993
2021-03-31,70.798622
2021-04-01,71.026375
2021-04-05,70.917526
2021-04-06,71.168793
2021-04-07,71.085030
2021-04-08,71.244194
2021-04-09,71.152016
2021-04-12,71.135292
2021-04-13,71.319557
2021-04-14,71.269325
2021-04-15,71.570801
2021-04-16,71.378174
2021-04-19,71.336319
2021-04-20,71.453545
2021-04-21,71.528938
2021-04-22,71.562454
2021-04-23,71.570801
2021-04-26,71.520584
2021-04-27,71.336319
2021-04-28,71.369812
2021-04-29,71.311172
2021-04-30,71.411690
2021-05-03,71.429321
2021-05-04,71.521584
2021-05-05,71.563515
2021-05-06,71.597046
2021-05-07,71.605438
2021-05-10,71.437706
2021-05-11,71.295074
2021-05-12,71.043427
2021-05-13,71.186020
2021-05-14,71.353828
2021-05-17,71.286674
2021-05-18,71.211174
2021-05-19,71.135666
2021-05-20,71.370605
2021-05-21,71.387367
2021-05-24,71.471260
2021-05-25,71.655777
2021-05-26,71.630630
2021-05-27,71.529968
2021-05-28,71.521584
2021-06-01,71.516533
2021-06-02,71.592163
2021-06-03,71.457741
2021-06-04,71.743378
2021-06-07,71.692986
2021-06-08,71.827415
2021-06-09,71.970230
2021-06-10,72.121422
2021-06-11,72.104645
2021-06-14,71.919785
2021-06-15,71.919785
2021-06-16,71.718147
2021-06-17,71.961845
2021-06-18,72.188660
2021-06-21,71.936615
2021-06-22,72.037445
2021-06-23,71.987038
2021-06-24,72.020630
2021-06-25,71.886215
2021-06-28,72.079437
2021-06-29,72.113075
2021-06-30,72.163498
2021-07-01,72.156754
2021-07-02,72.282974
2021-07-06,72.543831
2021-07-07,72.695290
2021-07-08,72.762589
2021-07-09,72.535408
2021-07-12,72.510162
2021-07-13,72.282974
2021-07-14,72.527000
2021-07-15,72.703705
2021-07-16,72.636391
2021-07-19,73.048744
2021-07-20,72.973007
2021-07-21,72.737358
2021-07-22,72.897217
2021-07-23,72.813080
2021-07-26,72.771027
2021-07-27,72.956123
2021-07-28,73.023445
2021-07-29,72.897217
2021-07-30,73.006653
2021-08-02,73.180222
2021-08-03,73.197113
2021-08-04,73.197113
2021-08-05,73.028564
2021-08-06,72.683014
2021-08-09,72.548134
2021-08-10,72.438583
2021-08-11,72.489136
2021-08-12,72.497589
2021-08-13,72.784149
2021-08-16,72.851570
2021-08-17,72.775696
2021-08-18,72.758865
2021-08-19,72.918999
2021-08-20,72.902122
2021-08-23,72.918999
2021-08-24,72.775696
2021-08-25,72.657707
2021-08-26,72.666145
2021-08-27,72.876869
2021-08-30,72.961121
2021-08-31,72.868423
2021-09-01,72.881058
2021-09-02,72.982368
2021-09-03,72.830452
2021-09-07,72.619385
2021-09-08,72.737564
2021-09-09,72.999252
2021-09-10,72.821976
2021-09-13,72.931740
2021-09-14,73.108994
2021-09-15,73.041451
2021-09-16,72.906418
2021-09-17,72.813545
2021-09-20,73.016144
2021-09-21,72.999252
2021-09-22,73.075211
2021-09-23,72.686943
2021-09-24,72.534996
2021-09-27,72.450569
2021-09-28,72.138237
2021-09-29,72.146683
2021-09-30,72.129799
2021-10-01,72.374985
2021-10-04,72.324257
2021-10-05,72.146706
2021-10-06,72.180519
2021-10-07,71.977654
2021-10-08,71.800095
2021-10-11,71.690186
2021-10-12,71.952255
2021-10-13,72.146706
2021-10-14,72.273552
2021-10-15,72.096001
2021-10-18,72.053719
2021-10-19,71.850830
2021-10-20,71.766273
2021-10-21,71.664864
2021-10-22,71.817024
2021-10-25,71.850830
2021-10-26,71.994530
2021-10-27,72.256638
2021-10-28,72.163643
2021-10-29,72.180519
2021-11-01,72.124619
2021-11-02,72.260109
2021-11-03,72.133102
2021-11-04,72.463364
2021-11-05,72.683510
2021-11-08,72.522621
2021-11-09,72.725822
2021-11-10,72.234726
2021-11-11,72.116180
2021-11-12,72.124619
2021-11-15,71.828293
2021-11-16,71.777504
2021-11-17,71.929924
2021-11-18,72.014580
2021-11-19,72.166992
2021-11-22,71.811378
2021-11-23,71.523468
2021-11-24,71.692825
2021-11-26,72.200859
2021-11-29,72.192398
2021-11-30,72.327866
2021-12-01,72.374496
2021-12-02,72.382965
2021-12-03,72.662857
2021-12-06,72.467766
2021-12-07,72.306686
2021-12-08,72.086143
2021-12-09,72.120102
2021-12-10,72.145554
2021-12-13,72.391464
2021-12-14,72.272758
2021-12-15,72.179443
2021-12-16,72.272758
2021-12-17,72.399963
2021-12-20,72.281219
2021-12-21,72.204910
2021-12-22,72.281219
2021-12-23,72.171471
2021-12-27,72.205505
2021-12-28,72.197021
2021-12-29,71.958771
2021-12-30,72.120445
2021-12-31,72.103416
2022-01-03,71.618462
2022-01-04,71.609940
2022-01-05,71.363228
2022-01-06,71.286667
2022-01-07,71.090988
2022-01-10,71.031425
2022-01-11,71.176056
2022-01-12,71.150520
2022-01-13,71.269630
2022-01-14,70.878265
2022-01-18,70.435875
2022-01-19,70.606041
2022-01-20,70.682587
2022-01-21,70.946365
2022-01-24,70.835754
2022-01-25,70.742157
2022-01-26,70.350822
2022-01-27,70.580505
2022-01-28,70.665581
2022-01-31,70.614563
2022-02-01,70.586433
2022-02-02,70.688690
2022-02-03,70.390419
2022-02-04,69.955826
2022-02-07,70.015465
2022-02-08,69.785370
2022-02-09,69.836510
2022-02-10,69.197350
2022-02-11,69.649040
2022-02-14,69.257034
2022-02-15,69.112144
2022-02-16,69.205887
2022-02-17,69.359268
2022-02-18,69.478577
2022-02-22,69.435966
2022-02-23,69.086594
2022-02-24,69.239960
2022-02-25,69.299622
2022-02-28,69.810928
2022-03-01,70.177132
2022-03-02,69.315041
2022-03-03,69.622299
2022-03-04,69.869820
2022-03-07,69.528427
2022-03-08,69.204056
2022-03-09,69.016327
2022-03-10,68.649284
2022-03-11,68.598091
2022-03-14,67.966461
2022-03-15,68.077408
2022-03-16,68.179825
2022-03-17,68.239571
2022-03-18,68.435921
2022-03-21,67.735992
2022-03-22,67.565300
2022-03-23,67.872589
2022-03-24,67.787231
2022-03-25,67.189758
2022-03-28,67.386078
2022-03-29,67.684807
2022-03-30,67.838417
2022-03-31,67.889618
2022-04-01,67.742462
2022-04-04,67.793808
2022-04-05,67.109276
2022-04-06,66.903923
2022-04-07,66.767036
2022-04-08,66.407654
2022-04-11,66.099632
2022-04-12,66.313522
2022-04-13,66.390526
2022-04-14,65.937012
2022-04-18,65.723106
2022-04-19,65.312408
2022-04-20,65.723106
2022-04-21,65.372314
2022-04-22,65.286758
2022-04-25,65.697479
2022-04-26,65.868576
2022-04-27,65.663223
2022-04-28,65.637566
2022-04-29,65.192619
2022-05-02,64.859169
2022-05-03,65.013428
2022-05-04,65.433510
2022-05-05,64.782021
2022-05-06,64.507706
2022-05-09,64.799126
2022-05-10,64.987732
2022-05-11,65.210617
2022-05-12,65.339211
2022-05-13,65.099159
2022-05-16,65.202049
2022-05-17,64.816277
2022-05-18,65.090622
2022-05-19,65.227737
2022-05-20,65.424904
2022-05-23,65.193489
2022-05-24,65.724968
2022-05-25,65.990730
2022-05-26,65.922142
2022-05-27,66.110725
2022-05-31,65.733536
2022-06-01,65.439796
2022-06-02,65.499924
2022-06-03,65.405464
2022-06-06,65.018936
2022-06-07,65.242241
2022-06-08,64.975990
2022-06-09,64.890076
2022-06-10,64.340393
2022-06-13,63.301121
2022-06-14,62.957554
2022-06-15,63.679043
2022-06-16,63.816475
2022-06-17,63.850803
2022-06-21,63.558811
2022-06-22,64.082718
2022-06-23,64.391922
2022-06-24,64.271683
2022-06-27,63.962498
2022-06-28,63.996819
2022-06-29,64.366135
2022-06-30,64.641029
2022-07-01,65.156509
2022-07-05,65.268402
2022-07-06,64.872536
2022-07-07,64.691757
2022-07-08,64.476654
2022-07-11,64.717590
2022-07-12,64.829475
2022-07-13,65.036034
2022-07-14,64.829475
2022-07-15,65.061813
2022-07-18,64.863930
2022-07-19,64.812271
2022-07-20,64.752045
2022-07-21,65.285606
2022-07-22,65.819199
2022-07-25,65.578201
2022-07-26,65.595421
2022-07-27,65.776154
2022-07-28,66.232269
2022-07-29,66.180618
2022-08-01,66.467804
2022-08-02,65.795166
2022-08-03,66.122879
2022-08-04,66.286697
2022-08-05,65.536491
2022-08-08,65.829681
2022-08-09,65.683067
2022-08-10,65.864182
2022-08-11,65.493393
2022-08-12,65.795166
2022-08-15,65.864182
2022-08-16,65.777931
2022-08-17,65.389900
2022-08-18,65.510612
2022-08-19,65.096710
2022-08-22,64.803482
2022-08-23,64.777641
2022-08-24,64.613808
2022-08-25,64.967377
2022-08-26,64.838020
2022-08-29,64.544815
2022-08-30,64.596542
2022-08-31,64.329247
2022-09-01,63.980125
2022-09-02,64.144310
2022-09-06,63.565357
2022-09-07,64.023331
2022-09-08,63.824589
2022-09-09,63.798649
2022-09-12,63.720867
2022-09-13,63.401142
2022-09-14,63.478958
2022-09-15,63.288811
2022-09-16,63.219685
2022-09-19,63.176483
2022-09-20,62.865391
2022-09-21,63.038239
2022-09-22,62.390133
2022-09-23,62.217316
2022-09-26,61.422306
2022-09-27,61.154400
2022-09-28,62.104958
2022-09-29,61.785236
2022-09-30,61.638371
2022-10-03,62.154476
2022-10-04,62.310387
2022-10-05,61.981270
2022-10-06,61.747440
2022-10-07,61.427025
2022-10-10,61.149910
2022-10-11,61.167206
2022-10-12,61.236507
2022-10-13,61.020004
2022-10-14,60.725559
2022-10-17,60.855442
2022-10-18,60.994015
2022-10-19,60.491718
2022-10-20,60.084702
2022-10-21,60.188618
2022-10-24,60.102036
2022-10-25,60.673588
2022-10-26,60.916069
2022-10-27,61.236507
2022-10-28,61.115257
2022-10-31,60.924713
2022-11-01,60.988106
2022-11-02,60.892628
2022-11-03,60.658249
2022-11-04,60.675625
2022-11-07,60.441212
2022-11-08,60.710327
2022-11-09,60.797134
2022-11-10,62.055786
2022-11-11,62.055786
2022-11-14,61.856129
2022-11-15,62.290173
2022-11-16,62.646042
2022-11-17,62.385628
2022-11-18,62.281464
2022-11-21,62.281464
2022-11-22,62.602657
2022-11-23,62.984562
2022-11-25,62.984562
2022-11-28,62.906456
2022-11-29,62.672077
2022-11-30,63.158188
2022-12-01,63.684536
2022-12-02,63.945545
2022-12-05,63.440952
2022-12-06,63.649746
2022-12-07,64.206535
2022-12-08,64.023842
2022-12-09,63.649746
2022-12-12,63.649746
2022-12-13,64.084763
2022-12-14,64.241333
2022-12-15,64.276154
2022-12-16,64.110832
2022-12-19,63.728039
2022-12-20,63.310444
2022-12-21,63.458328
2022-12-22,63.449635
2022-12-23,63.250816
2022-12-27,62.762436
2022-12-28,62.675251
2022-12-29,62.910706
2022-12-30,62.649078
2023-01-03,62.980473
2023-01-04,63.338028
2023-01-05,63.268265
2023-01-06,63.965904
2023-01-09,64.140335
2023-01-10,63.887428
2023-01-11,64.227524
2023-01-12,64.724632
2023-01-13,64.506577
2023-01-17,64.419380
2023-01-18,65.012375
2023-01-19,64.881584
2023-01-20,64.593796
2023-01-23,64.436806
2023-01-24,64.724632
2023-01-25,64.803078
2023-01-26,64.681000
2023-01-27,64.611206
2023-01-30,64.428093
2023-01-31,64.724632
2023-02-01,65.140694
2023-02-02,65.184395
2023-02-03,64.607475
2023-02-06,64.205353
2023-02-07,64.117943
2023-02-08,64.231606
2023-02-09,63.969341
2023-02-10,63.698380
2023-02-13,63.873169
2023-02-14,63.654655
2023-02-15,63.514797
2023-02-16,63.270035
2023-02-17,63.409924
2023-02-21,62.859230
2023-02-22,62.999054
2023-02-23,63.226337
2023-02-24,62.876678
2023-02-27,62.981571
2023-02-28,62.999054
2023-03-01,62.625832
2023-03-02,62.494396
2023-03-03,62.976288
2023-03-06,62.827324
2023-03-07,62.757256
2023-03-08,62.704678
2023-03-09,62.914944
2023-03-10,63.668430
2023-03-13,64.176605
2023-03-14,63.773560
2023-03-15,64.430634
2023-03-16,64.124023
2023-03-17,64.588364
2023-03-20,64.307991
2023-03-21,64.132744
2023-03-22,64.702248
2023-03-23,64.851204
2023-03-24,64.982605
2023-03-27,64.307991
2023-03-28,64.194099
2023-03-29,64.264191
2023-03-30,64.351776
2023-03-31,64.684708
2023-04-03,64.959648
2023-04-04,65.223122
2023-04-05,65.398781
2023-04-06,65.381203
2023-04-10,64.942070
2023-04-11,64.968422
2023-04-12,65.038689
2023-04-13,65.003578
2023-04-14,64.713707
2023-04-17,64.362419
2023-04-18,64.459007
2023-04-19,64.371193
2023-04-20,64.652237
2023-04-21,64.538040
2023-04-24,64.792755
2023-04-25,65.214333
2023-04-26,64.986008
2023-04-27,64.704926
2023-04-28,65.065056
2023-05-01,64.395905
2023-05-02,65.029816
2023-05-03,65.302757
2023-05-04,65.214729
2023-05-05,64.977005
2023-05-08,64.668846
2023-05-09,64.598419
2023-05-10,64.994583
2023-05-11,65.205887
2023-05-12,64.862541
2023-05-15,64.695236
2023-05-16,64.536774
2023-05-17,64.422310
2023-05-18,64.158150
2023-05-19,63.982098
2023-05-22,63.964466
2023-05-23,64.008514
2023-05-24,63.832397
2023-05-25,63.594673
2023-05-26,63.673908
2023-05-30,64.096558
2023-05-31,64.307854
2023-06-01,64.481750
2023-06-02,64.119827
2023-06-05,64.128677
2023-06-06,64.216927
2023-06-07,63.855038
2023-06-08,64.172806
2023-06-09,64.040398
2023-06-12,64.172806
2023-06-13,63.890350
2023-06-14,63.943287
2023-06-15,64.340492
2023-06-16,64.199272
2023-06-20,64.287575
2023-06-21,64.393478
2023-06-22,64.084526
2023-06-23,64.269897
2023-06-26,64.349342
2023-06-27,64.225761
2023-06-28,64.428787
2023-06-29,63.943287
2023-06-30,64.163971
2023-07-03,63.981686
2023-07-05,63.716171
2023-07-06,63.309109
2023-07-07,63.273697
2023-07-10,63.494942
2023-07-11,63.627686
2023-07-12,64.132118
2023-07-13,64.521500
2023-07-14,64.220619
2023-07-17,64.291412
2023-07-18,64.371033
2023-07-19,64.521500
2023-07-20,64.220619
2023-07-21,64.264862
2023-07-24,64.158638
2023-07-25,64.087875
2023-07-26,64.300255
2023-07-27,63.751583
2023-07-28,63.972832
2023-07-31,64.087875
2023-08-01,63.691216
2023-08-02,63.487152
2023-08-03,63.096741
2023-08-04,63.620255
2023-08-07,63.522652
2023-08-08,63.753349
2023-08-09,63.771111
2023-08-10,63.416172
2023-08-11,63.212074
2023-08-14,63.132233
2023-08-15,62.990242
2023-08-16,62.812778
2023-08-17,62.750694
2023-08-18,62.883801
2023-08-21,62.582115
2023-08-22,62.661972
2023-08-23,63.229832
2023-08-24,63.078991
2023-08-25,63.078991
2023-08-28,63.194324
2023-08-29,63.584751
2023-08-30,63.558125
2023-08-31,63.664608
2023-09-01,63.358543
2023-09-05,63.011566
2023-09-06,62.940365
2023-09-07,63.153893
2023-09-08,63.171688
2023-09-11,63.073822
2023-09-12,63.118336
2023-09-13,63.216194
2023-09-14,63.109425
2023-09-15,62.984840
2023-09-18,63.047146
2023-09-19,62.913673
2023-09-20,62.833611
2023-09-21,62.442104
2023-09-22,62.700123
2023-09-25,62.237473
2023-09-26,62.175190
2023-09-27,61.952728
2023-09-28,62.112896
2023-09-29,62.086201
2023-10-02,61.659752
2023-10-03,61.160095
2023-10-04,61.561592
2023-10-05,61.606213
2023-10-06,61.365303
2023-10-09,61.989845
2023-10-10,61.927406
2023-10-11,62.212898
2023-10-12,61.677605
2023-10-13,61.963093
2023-10-16,61.641888
2023-10-17,61.240414
2023-10-18,60.972748
2023-10-19,60.705101
2023-10-20,60.928150
2023-10-23,61.160095
2023-10-24,61.365303
2023-10-25,60.901375
2023-10-26,61.311779
2023-10-27,61.311779
2023-10-30,61.160095
2023-10-31,61.142288
2023-11-01,61.735550
2023-11-02,62.093494
2023-11-03,62.460381
2023-11-06,62.191936
2023-11-07,62.505100
2023-11-08,62.701996
2023-11-09,62.236671
2023-11-10,62.353001
2023-11-13,62.335094
2023-11-14,63.095737
2023-11-15,62.746716
2023-11-16,63.122578
2023-11-17,63.212051
2023-11-20,63.301537
2023-11-21,63.391010
2023-11-22,63.444717
2023-11-24,63.140457
2023-11-27,63.525242
2023-11-28,63.793716
2023-11-29,64.124817
2023-11-30,63.918991
2023-12-01,64.440353
2023-12-04,64.180107
2023-12-05,64.592926
2023-12-06,64.781372
2023-12-07,64.763405
2023-12-08,64.449326
2023-12-11,64.458305
2023-12-12,64.646744
2023-12-13,65.472321
2023-12-14,65.965912
2023-12-15,65.867195
2023-12-18,65.732567
2023-12-19,65.858208
2023-12-20,66.073586
2023-12-21,66.064613
2023-12-22,66.020508
2023-12-26,66.083511
2023-12-27,66.506485
2023-12-28,66.344490
2023-12-29,66.191467
2024-01-02,65.912506
2024-01-03,65.966515
2024-01-04,65.669525
2024-01-05,65.471542
2024-01-08,65.759499
2024-01-09,65.750519
2024-01-10,65.633507
2024-01-11,65.975502
2024-01-12,66.110497
2024-01-16,65.642532
2024-01-17,65.489540
2024-01-18,65.399529
2024-01-19,65.399529
2024-01-22,65.507523
2024-01-23,65.354568
2024-01-24,65.219559
2024-01-25,65.525558
2024-01-26,65.426514
2024-01-29,65.687515
2024-01-30,65.804520
2024-01-31,66.083511
2024-02-01,66.482437
2024-02-02,65.886742
2024-02-05,65.363235
2024-02-06,65.670128
2024-02-07,65.543793
2024-02-08,65.372276
2024-02-09,65.318153
2024-02-12,65.336189
2024-02-13,64.767578
2024-02-14,65.011261
2024-02-15,65.191772
2024-02-16,64.984192
2024-02-20,65.065399
2024-02-21,64.884895
2024-02-22,64.911987
2024-02-23,65.146652
2024-02-26,65.029327
2024-02-27,64.930046
2024-02-28,65.074432
2024-02-29,65.182755
2024-03-01,65.456093
2024-03-04,65.302200
2024-03-05,65.655220
2024-03-06,65.772858
2024-03-07,65.881462
2024-03-08,65.944855
2024-03-11,65.917686
2024-03-12,65.718559
2024-03-13,65.609932
2024-03-14,65.220734
2024-03-15,65.184555
2024-03-18,65.103127
2024-03-19,65.275070
2024-03-20,65.392738
2024-03-21,65.447029
2024-03-22,65.664261
2024-03-25,65.537552
2024-03-26,65.591835
2024-03-27,65.818130
2024-03-28,65.736687
2024-04-01,65.288216
2024-04-02,65.215599
2024-04-03,65.260986
2024-04-04,65.397141
2024-04-05,65.070366
2024-04-08,65.015884
2024-04-09,65.251915
2024-04-10,64.489365
2024-04-11,64.489365
2024-04-12,64.634621
2024-04-15,64.207954
2024-04-16,64.044556
2024-04-17,64.353188
2024-04-18,64.180717
2024-04-19,64.262413
2024-04-22,64.289650
2024-04-23,64.407661
2024-04-24,64.244263
2024-04-25,64.062668
2024-04-26,64.207954
2024-04-29,64.398582
2024-04-30,64.153473
2024-05-01,64.384743
2024-05-02,64.639709
2024-05-03,64.967514
2024-05-06,65.031242
2024-05-07,65.158737
2024-05-08,65.003929
2024-05-09,65.176941
2024-05-10,64.994827
2024-05-13,65.049454
2024-05-14,65.240662
2024-05-15,65.659508
2024-05-16,65.550262
2024-05-17,65.386360
2024-05-20,65.322609
2024-05-21,65.459206
2024-05-22,65.377266
2024-05-23,65.186020
2024-05-24,65.258888
2024-05-28,64.949280
2024-05-29,64.712570
2024-05-30,64.994827
2024-05-31,65.231560
2024-06-03,65.595978
2024-06-04,65.842613
2024-06-05,66.025269
2024-06-06,66.034401
2024-06-07,65.504631
2024-06-10,65.404175
2024-06-11,65.669037
2024-06-12,65.970459
2024-06-13,66.262718
2024-06-14,66.363205
2024-06-17,66.116585
2024-06-18,66.344933
2024-06-20,66.217041
2024-06-21,66.235306
2024-06-24,66.271851
2024-06-25,66.308388
2024-06-26,65.997856
2024-06-27,66.116585
2024-06-28,65.806053
2024-07-01,65.458839
2024-07-02,65.651230
2024-07-03,66.026833
2024-07-05,66.329178
2024-07-08,66.329178
2024-07-09,66.301697
2024-07-10,66.356651
2024-07-11,66.686455
2024-07-12,66.860550
2024-07-15,66.649849
2024-07-16,66.906357
2024-07-17,66.970490
2024-07-18,66.796417
2024-07-19,66.622345
2024-07-22,66.594872
2024-07-23,66.604004
2024-07-24,66.411629
2024-07-25,66.558197
2024-07-26,66.823891
2024-07-29,66.906357
2024-07-30,66.988815
2024-07-31,67.355247
2024-08-01,67.607079
2024-08-02,68.378983
2024-08-05,68.314621
2024-08-06,67.891922
2024-08-07,67.726524
2024-08-08,67.625443
2024-08-09,67.864334
2024-08-12,67.983833
2024-08-13,68.241127
2024-08-14,68.369804
2024-08-15,68.084900
2024-08-16,68.231934
2024-08-19,68.314621
2024-08-20,68.516815
2024-08-21,68.663826
2024-08-22,68.388138
2024-08-23,68.691406
2024-08-26,68.617897
2024-08-27,68.617897
2024-08-28,68.571953
2024-08-29,68.470863
2024-08-30,68.333023
2024-09-03,68.624283
2024-09-04,68.928474
2024-09-05,69.094398
2024-09-06,69.177361
2024-09-09,69.269539
2024-09-10,69.499962
2024-09-11,69.463097
2024-09-12,69.389359
2024-09-13,69.536827
2024-09-16,69.721184
2024-09-17,69.629005
2024-09-18,69.416985
2024-09-19,69.416985
2024-09-20,69.407776
2024-09-23,69.361694
2024-09-24,69.444656
2024-09-25,69.186562
2024-09-26,69.186562
2024-09-27,69.389359
2024-09-30,69.232643
2024-10-01,69.436958
2024-10-02,69.307541
2024-10-03,69.002457
2024-10-04,68.549469
2024-10-07,68.346085
2024-10-08,68.447769
2024-10-09,68.262871
2024-10-10,68.235146
2024-10-11,68.244377
2024-10-14,68.198166
2024-10-15,68.466286
2024-10-16,68.558701
2024-10-17,68.225899
2024-10-18,68.262871
2024-10-21,67.800621
2024-10-22,67.828377
2024-10-23,67.661980
2024-10-24,67.772896
2024-10-25,67.634262
2024-10-28,67.551033
2024-10-29,67.606514
2024-10-30,67.541786
2024-10-31,67.532555
2024-11-01,67.271034
2024-11-04,67.539955
2024-11-05,67.706894
2024-11-06,67.150482
2024-11-07,67.651245
2024-11-08,67.781082
2024-11-11,67.651245
2024-11-12,67.243202
2024-11-13,67.215393
2024-11-14,67.196823
2024-11-15,67.215393
2024-11-18,67.280296
2024-11-19,67.400879
2024-11-20,67.326675
2024-11-21,67.289574
2024-11-22,67.317398
2024-11-25,67.938728
2024-11-26,67.818176
2024-11-27,68.003654
2024-11-29,68.254028
2024-12-02,68.294037
2024-12-03,68.135895
2024-12-04,68.368462
2024-12-05,68.377739
2024-12-06,68.563789
2024-12-09,68.359146
2024-12-10,68.284714
2024-12-11,68.135895
2024-12-12,67.866150
2024-12-13,67.596413
2024-12-16,67.670822
2024-12-17,67.680107
2024-12-18,67.149910
2024-12-19,66.963898
2024-12-20,67.168503
2024-12-23,66.954575
2024-12-24,67.050705
2024-12-26,67.097351
2024-12-27,66.957390
2024-12-30,67.218658
2024-12-31,67.106689
2025-01-02,67.134651
2025-01-03,67.050705
2025-01-06,66.985382
2025-01-07,66.752068
2025-01-08,66.826721
2025-01-10,66.481430
2025-01-13,66.416115
2025-01-14,66.462769
2025-01-15,66.994690
2025-01-16,67.125343
2025-01-17,67.144012
2025-01-21,67.339996
2025-01-22,67.200005
2025-01-23,67.097351
2025-01-24,67.227997
2025-01-27,67.582603
2025-01-28,67.545296
2025-01-29,67.507973
2025-01-30,67.601288
2025-01-31,67.507973
2025-02-03,67.568825
2025-02-04,67.662445
2025-02-05,68.008858
2025-02-06,67.933960
2025-02-07,67.727982
2025-02-10,67.746712
2025-02-11,67.634354
2025-02-12,67.287949
2025-02-13,67.690521
2025-02-14,67.905876
2025-02-18,67.653084
2025-02-19,67.746712
2025-02-20,67.830971
2025-02-21,68.130554
2025-02-24,68.224190
2025-02-25,68.654861
2025-02-26,68.757843
2025-02-27,68.673592
2025-02-28,68.963821
2025-03-03,69.122528
2025-03-04,68.925323
2025-03-05,68.681175
2025-03-06,68.624832
2025-03-07,68.549698
2025-03-10,68.868973
2025-03-11,68.606049
2025-03-12,68.465202
2025-03-13,68.671791
2025-03-14,68.502754
2025-03-17,68.596657
2025-03-18,68.671791
2025-03-19,68.878380
2025-03-20,68.906548
2025-03-21,68.850204
2025-03-24,68.549698
2025-03-25,68.634216
2025-03-26,68.483971
2025-03-27,68.455818
2025-03-28,68.850204
2025-03-31,68.972282
2025-04-01,69.188957
2025-04-02,69.132431
2025-04-03,69.490440
2025-04-04,69.546982
2025-04-07,68.708496
2025-04-08,68.312813
2025-04-09,68.472961
2025-04-10,67.926537
2025-04-11,67.851173
2025-04-14,68.237427
2025-04-15,68.406982
2025-04-16,68.595436
2025-04-17,68.444695
2025-04-21,68.067871
2025-04-22,68.190300
2025-04-23,68.331642
2025-04-24,68.717918
2025-04-25,68.944000
2025-04-28,69.113586
2025-04-29,69.292610
2025-04-30,69.245499
2025-05-01,69.052673
2025-05-02,68.712402
2025-05-05,68.617905
2025-05-06,68.769127
2025-05-07,68.901459
2025-05-08,68.532845
2025-05-09,68.589569
2025-05-12,68.353264
2025-05-13,68.324913
2025-05-14,68.088631
2025-05-15,68.457245
2025-05-16,68.504486
2025-05-19,68.485580
2025-05-20,68.362717
2025-05-21,67.937393
2025-05-22,68.126434
2025-05-23,68.230385
2025-05-27,68.551758
2025-05-28,68.400528
2025-05-29,68.646263
2025-05-30,68.778587
2025-06-02,68.626869
2025-06-03,68.551003
2025-06-04,68.977730
2025-06-05,68.844971
2025-06-06,68.475136
2025-06-09,68.579430
2025-06-10,68.712189
2025-06-11,68.930336
2025-06-12,69.186348
2025-06-13,68.939789
2025-06-16,68.807037
2025-06-17,69.025131
2025-06-18,69.063072
2025-06-20,69.110481
2025-06-23,69.281181
2025-06-24,69.489799
2025-06-25,69.508774
2025-06-26,69.707901
2025-06-27,69.546677
2025-06-30,69.821686
2025-07-01,69.769356
2025-07-02,69.693283
2025-07-03,69.522026
2025-07-07,69.293716
2025-07-08,69.255653
2025-07-09,69.531525
2025-07-10,69.541054
2025-07-11,69.255653
2025-07-14,69.246140
2025-07-15,69.036858
2025-07-16,69.170044
2025-07-17,69.189079
2025-07-18,69.303223
2025-07-21,69.503014
2025-07-22,69.617157
2025-07-23,69.474472
2025-07-24,69.388855
2025-07-25,69.560074
2025-07-28,69.445923
2025-07-29,69.807419
2025-07-30,69.626694
2025-07-31,69.636177
2025-08-01,70.239418
2025-08-04,70.287140
2025-08-05,70.315773
2025-08-06,70.258514
2025-08-07,70.229851
2025-08-08,70.077156
2025-08-11,70.124863
2025-08-12,70.134430
2025-08-13,70.392120
2025-08-14,70.191696
2025-08-15,70.096245
2025-08-18,70.019882
2025-08-19,70.153519
2025-08-20,70.201225
2025-08-21,70.029419
2025-08-22,70.382584
2025-08-25,70.287140
2025-08-26,70.373039
2025-08-27,70.439857
2025-08-28,70.525757
2025-08-29,70.439857
2025-09-02,70.289497
2025-09-03,70.519333
2025-09-04,70.787476
2025-09-05,71.122620
2025-09-08,71.352470
2025-09-09,71.218399
2025-09-10,71.342888
2025-09-11,71.496109
2025-09-12,71.409920
2025-09-15,71.543991
2025-09-16,71.553574
2025-09-17,71.429062
2025-09-18,71.247131
2025-09-19,71.275848
2025-09-22,71.141800
2025-09-23,71.285423
2025-09-24,71.141800
2025-09-25,71.065178
2025-09-26,71.065178
2025-09-29,71.247131
2025-09-30,71.218399
2025-10-01,71.398048
2025-10-02,71.474907
2025-10-03,71.388420
2025-10-06,71.225128
2025-10-07,71.359619
2025-10-08,71.359619
2025-10-09,71.311584
2025-10-10,71.590179
2025-10-13,71.705467
2025-10-14,71.811134
2025-10-15,71.763107
2025-10-16,72.032097
2025-10-17,71.936028
2025-10-20,72.032097
2025-10-21,72.118568
2025-10-22,72.118568
2025-10-23,71.974457
2025-10-24,72.070518
2025-10-27,72.108955
2025-10-28,72.147377
2025-10-29,71.791939
2025-10-30,71.667038
2025-10-31,71.647827
2025-11-03,71.564926
2025-11-04,71.603493
2025-11-05,71.401070
2025-11-06,71.680588
2025-11-07,71.642036
2025-11-10,71.622742
2025-11-11,71.825165
2025-11-12,71.796242
2025-11-13,71.584190
2025-11-14,71.478195
2025-11-17,71.516739
2025-11-18,71.574585
2025-11-19,71.545654
2025-11-20,71.651680
2025-11-21,71.825165
2025-11-24,71.950470
2025-11-25,72.114319
2025-11-26,72.191437
2025-11-28,72.075768
2025-12-01,71.794395
2025-12-02,71.862083
2025-12-03,71.968445
2025-12-04,71.833076
2025-12-05,71.746040
2025-12-08,71.639687
2025-12-09,71.591331
2025-12-10,71.804062
2025-12-11,71.804062
2025-12-12,71.581680
2025-12-15,71.668694
2025-12-16,71.804062
2025-12-17,71.784721
2025-12-18,71.937042
2025-12-19,71.830315
2025-12-22,71.810928
2025-12-23,71.801224
2025-12-24,71.975861
2025-12-26,71.975861
2025-12-29,72.082565
2025-12-30,72.053452
2025-12-31,71.859436
2026-01-02,71.830315
2026-01-05,71.966148
2026-01-06,71.966148
2026-01-07,72.043755
2026-01-08,71.917633
2026-01-09,72.072868
2026-01-12,72.004944
2026-01-13,72.063156
2026-01-14,72.208694
2026-01-15,72.101967
2026-01-16,71.985542
2026-01-20,71.723602
2026-01-21,71.927338
2026-01-22,71.956451
2026-01-23,72.034058
2026-01-26,72.121368
2026-01-27,72.063156
2026-01-28,72.034058
2026-01-29,72.043755
2026-01-30,72.014656
2026-02-02,71.941650
2026-02-03,71.961105
2026-02-04,71.931915
2026-02-05,72.243393
2026-02-06,72.253136
2026-02-09,72.272591
2026-02-10,72.486748
2026-02-11,72.340721
2026-02-12,72.671684
2026-02-13,72.885826
2026-02-17,72.876076
2026-02-18,72.798210
2026-02-19,72.827423
2026-02-20,72.817673
2026-02-23,72.973427
2026-02-24,72.934479
2026-02-25,72.915016
2026-02-26,73.022079
2026-02-27,73.168106
2026-03-02,72.873238
2026-03-03,72.795143
2026-03-04,72.746315
2026-03-05,72.580330
2026-03-06,72.482719
2026-03-09,72.687721
2026-03-10,72.463181
2026-03-11,72.140991
2026-03-12,71.877380
2026-03-13,71.809044
2026-03-16,72.082413
2026-03-17,72.228859
2026-03-18,71.935959
2026-03-19,72.014076
2026-03-20,71.438034
2026-03-23,71.711403
2026-03-24,71.525902
2026-03-25,71.799278
2026-03-26,71.379456
2026-03-27,71.379456
2026-03-30,71.740707
2026-03-31,71.896896
2026-04-01,71.926308
2026-04-02,72.083031
2026-04-06,71.975281
2026-04-07,72.083031
2026-04-08,72.220192
2026-04-09,72.249588
2026-04-10,72.141815
2026-04-13,72.298584
2026-04-14,72.474915
2026-04-15,72.376938
2026-04-16,72.269180
2026-04-17,72.553276
2026-04-20,72.504303
2026-04-21,72.278969
2026-04-22,72.357353
2026-04-23,72.229996
2026-04-24,72.357353
2026-04-27,72.239792
2026-04-28,72.220192
2026-04-29,71.896912
2026-04-30,72.004677
2026-05-01,72.104919
2026-05-04,71.859207
2026-05-05,71.986977
2026-05-06,72.291679
2026-05-07,72.104919
2026-05-08,72.291679
2026-05-11,72.114761
2026-05-12,71.898529
2026-05-13,71.928009
2026-05-14,71.908356
2026-05-15,71.495537
2026-05-18,71.446404
2026-05-19,71.210495
2026-05-20,71.603645
2026-05-21,71.682289
2026-05-22,71.751083
2026-05-26,71.957497
2026-05-27,72.026299
2026-05-28,72.163902
2026-05-29,72.203209
2026-06-01,72.170677
2026-06-02,72.190392
2026-06-03,72.052330
2026-06-04,72.150948
2026-06-05,71.825500
2026-06-08,71.805771
2026-06-09,71.963570
2026-06-10,71.904396
2026-06-11,72.318596
2026-06-12,72.229843
2026-06-15,72.289009
2026-06-16,72.397499
2026-06-17,72.131218
2026-06-18,72.328461
2026-06-22,72.131218
2026-06-23,72.210121
2026-06-24,72.535561
2026-06-25,72.584877
2026-06-26,72.653908
2026-06-29,72.693359
2026-06-30,72.397499
2026-07-01,72.292610
2026-07-02,72.342094
2026-07-06,72.371773
2026-07-07,72.084816
2026-07-08,71.936386
2026-07-09,72.065033
2026-07-10,72.005653
2026-07-13,71.738495
2026-07-14,71.936386
2026-07-15,72.055130
2026-07-16,72.045235
2026-07-17,72.094711
2026-07-20,71.916595
2026-07-21,71.758278
2026-07-22,71.639549
2026-07-23,71.491119
2026-07-24,71.550484
2026-07-27,71.698914
2026-07-28,71.877029
2026-07-29,71.619751
2026-07-30,71.659325
2026-07-31,71.471329
2026-08-03,71.642113
2026-08-04,71.930077
2026-08-05,71.949936
2026-08-06,71.741409
2026-08-07,71.890358
2026-08-10,71.642113
2026-08-11,71.701698
2026-08-12,71.771202
2026-08-13,71.969795
2026-08-14,71.800987
2026-08-17,71.652054
2026-08-18,71.711624
2026-08-19,72.049225
2026-08-20,71.830772
2026-08-21,71.721558
2026-08-24,71.860565
2026-08-25,72.158455
2026-08-26,72.069092
2026-08-27,72.029373
2026-08-28,71.800987
2026-08-31,71.731483
2026-09-01,71.535179
2026-09-02,71.575043
2026-09-03,71.674683
2026-09-04,71.694611
2026-09-08,71.634827
2026-09-09,71.475395
2026-09-10,71.017021
2026-09-11,70.967201
2026-09-14,70.917381
2026-09-15,70.897453
2026-09-16,70.857597
2026-09-17,71.216316
2026-09-18,70.947273
2026-09-21,71.146568
2026-09-22,71.156532
2026-09-23,70.558655
2026-09-24,70.199936
2026-09-25,70.379295
2026-09-28,70.030540
2026-09-29,69.980721
2026-09-30,69.901001
2026-10-01,70.089996
2026-10-02,69.940002
