date,adj_close
2007-10-11,19.741886
2007-10-12,19.677418
2007-10-15,19.628103
2007-10-16,19.635693
2007-10-17,19.703972
2007-10-18,19.855679
2007-10-19,19.927755
2007-10-22,19.848099
2007-10-23,19.931534
2007-10-24,20.007399
2007-10-25,20.060490
2007-10-26,20.124975
2007-10-29,20.170486
2007-10-30,20.140135
2007-10-31,20.159111
2007-11-01,20.142395
2007-11-02,20.298088
2007-11-05,20.248716
2007-11-06,20.317062
2007-11-07,20.503111
2007-11-08,20.586637
2007-11-09,20.654976
2007-11-12,20.673965
2007-11-13,20.514496
2007-11-14,20.579048
2007-11-15,20.560066
2007-11-16,20.563854
2007-11-19,20.647379
2007-11-20,20.730915
2007-11-21,20.841017
2007-11-23,20.818256
2007-11-26,20.928347
2007-11-27,20.806856
2007-11-28,20.639795
2007-11-29,20.662575
2007-11-30,20.506905
2007-12-03,20.598932
2007-12-04,20.694002
2007-12-05,20.484838
2007-12-06,20.450607
2007-12-07,20.378370
2007-12-10,20.389784
2007-12-11,20.511475
2007-12-12,20.389784
2007-12-13,20.275709
2007-12-14,20.001911
2007-12-17,19.971493
2007-12-18,20.001911
2007-12-19,20.043739
2007-12-20,20.009523
2007-12-21,19.982895
2007-12-24,20.020927
2007-12-26,20.115992
2007-12-27,20.199644
2007-12-28,20.382025
2007-12-31,20.527023
2008-01-02,20.652922
2008-01-03,20.713964
2008-01-04,20.763571
2008-01-07,20.717787
2008-01-08,20.694902
2008-01-09,20.618572
2008-01-10,20.794088
2008-01-11,20.786457
2008-01-14,20.961969
2008-01-15,20.950521
2008-01-16,20.862776
2008-01-17,20.862776
2008-01-18,20.878035
2008-01-22,20.744499
2008-01-23,20.836065
2008-01-24,20.878035
2008-01-25,20.862776
2008-01-28,20.904739
2008-01-29,20.897116
2008-01-30,21.011570
2008-01-31,20.958162
2008-02-01,21.066813
2008-02-04,21.036192
2008-02-05,20.887003
2008-02-06,20.894651
2008-02-07,20.756931
2008-02-08,20.799019
2008-02-11,20.909958
2008-02-12,20.848751
2008-02-13,20.806671
2008-02-14,20.806671
2008-02-15,20.894651
2008-02-19,20.810497
2008-02-20,20.802839
2008-02-21,20.921436
2008-02-22,21.028542
2008-02-25,20.902308
2008-02-26,21.062975
2008-02-27,21.246592
2008-02-28,21.445528
2008-02-29,21.610023
2008-03-03,21.648737
2008-03-04,21.618061
2008-03-05,21.656399
2008-03-06,21.790577
2008-03-07,21.771416
2008-03-10,21.809759
2008-03-11,21.706255
2008-03-12,22.066608
2008-03-13,22.127956
2008-03-14,22.538157
2008-03-17,22.365635
2008-03-18,22.327303
2008-03-19,22.158613
2008-03-20,21.986090
2008-03-24,21.641079
2008-03-25,22.093441
2008-03-26,22.239101
2008-03-27,22.208452
2008-03-28,22.231457
2008-03-31,22.219957
2008-04-01,21.989027
2008-04-02,22.012096
2008-04-03,22.019777
2008-04-04,22.123518
2008-04-07,22.050510
2008-04-08,22.035139
2008-04-09,22.092770
2008-04-10,22.092770
2008-04-11,22.242619
2008-04-14,22.246462
2008-04-15,22.092770
2008-04-16,22.211874
2008-04-17,21.996725
2008-04-18,21.831501
2008-04-21,21.942932
2008-04-22,22.081247
2008-04-23,22.054359
2008-04-24,21.754665
2008-04-25,21.385811
2008-04-28,21.566383
2008-04-29,21.558716
2008-04-30,21.700863
2008-05-01,21.460081
2008-05-02,21.436958
2008-05-05,21.556387
2008-05-06,21.591061
2008-05-07,21.521713
2008-05-08,21.587204
2008-05-09,21.752886
2008-05-12,21.729761
2008-05-13,21.579512
2008-05-14,21.490887
2008-05-15,21.383011
2008-05-16,21.537121
2008-05-19,21.540968
2008-05-20,21.745184
2008-05-21,21.810673
2008-05-22,21.671968
2008-05-23,21.779846
2008-05-27,21.629581
2008-05-28,21.533272
2008-05-29,21.309809
2008-05-30,21.375313
2008-06-02,21.455271
2008-06-03,21.362564
2008-06-04,21.316206
2008-06-05,21.339380
2008-06-06,21.517086
2008-06-09,21.285290
2008-06-10,20.953085
2008-06-11,21.011023
2008-06-12,20.578363
2008-06-13,20.717443
2008-06-16,20.759928
2008-06-17,20.864227
2008-06-18,20.945345
2008-06-19,20.891272
2008-06-20,21.153957
2008-06-23,21.003302
2008-06-24,21.150097
2008-06-25,21.208029
2008-06-26,21.435963
2008-06-27,21.462988
2008-06-30,21.285290
2008-07-01,21.320553
2008-07-02,21.502575
2008-07-03,21.421242
2008-07-07,21.475454
2008-07-08,21.343784
2008-07-09,21.583902
2008-07-10,21.564541
2008-07-11,21.634247
2008-07-14,21.765932
2008-07-15,21.862751
2008-07-16,21.785294
2008-07-17,21.591646
2008-07-18,21.518070
2008-07-21,21.649721
2008-07-22,21.506449
2008-07-23,21.421242
2008-07-24,21.494825
2008-07-25,21.463840
2008-07-28,21.595528
2008-07-29,21.436733
2008-07-30,21.587778
2008-07-31,21.595528
2008-08-01,21.576511
2008-08-04,21.545464
2008-08-05,21.475618
2008-08-06,21.320383
2008-08-07,21.324263
2008-08-08,20.955605
2008-08-11,20.749924
2008-08-12,20.936197
2008-08-13,20.920675
2008-08-14,20.823654
2008-08-15,20.602467
2008-08-18,20.757679
2008-08-19,20.812016
2008-08-20,20.749924
2008-08-21,20.916805
2008-08-22,20.808138
2008-08-25,20.916805
2008-08-26,20.808138
2008-08-27,20.714993
2008-08-28,20.761570
2008-08-29,20.668428
2008-09-02,20.655582
2008-09-03,20.636112
2008-09-04,20.519312
2008-09-05,20.402489
2008-09-08,20.347979
2008-09-09,20.371361
2008-09-10,20.137730
2008-09-11,20.091002
2008-09-12,20.258440
2008-09-15,20.410276
2008-09-16,20.468685
2008-09-17,20.013140
2008-09-18,19.884634
2008-09-19,20.305159
2008-09-22,20.585493
2008-09-23,20.733456
2008-09-24,20.787964
2008-09-25,20.974863
2008-09-26,20.729559
2008-09-29,20.118254
2008-09-30,20.203920
2008-10-01,20.267546
2008-10-02,20.294868
2008-10-03,20.330008
2008-10-06,20.427595
2008-10-07,19.990404
2008-10-08,19.201872
2008-10-09,19.248711
2008-10-10,18.737341
2008-10-13,18.745153
2008-10-14,19.158924
2008-10-15,19.701519
2008-10-16,19.217480
2008-10-17,19.642969
2008-10-20,19.592224
2008-10-21,19.455606
2008-10-22,19.123806
2008-10-23,19.174543
2008-10-24,18.952028
2008-10-27,18.838840
2008-10-28,18.834932
2008-10-29,19.119888
2008-10-30,19.303352
2008-10-31,19.186241
2008-11-03,19.137722
2008-11-04,19.337324
2008-11-05,19.384285
2008-11-06,19.337324
2008-11-07,19.419504
2008-11-10,19.364714
2008-11-11,19.180788
2008-11-12,19.176867
2008-11-13,19.352972
2008-11-14,19.313847
2008-11-17,19.274689
2008-11-18,19.204266
2008-11-19,19.137722
2008-11-20,19.255142
2008-11-21,19.176867
2008-11-24,19.548662
2008-11-25,19.803041
2008-11-26,19.763901
2008-11-28,19.685640
2008-12-01,19.753099
2008-12-02,19.862949
2008-12-03,19.870800
2008-12-04,19.804111
2008-12-05,19.717800
2008-12-08,19.968885
2008-12-09,19.929647
2008-12-10,19.972805
2008-12-11,20.325899
2008-12-12,20.310188
2008-12-15,20.616211
2008-12-16,21.259605
2008-12-17,21.742163
2008-12-18,21.545982
2008-12-19,21.314529
2008-12-22,21.361607
2008-12-23,21.353765
2008-12-24,21.361607
2008-12-26,21.341984
2008-12-29,21.492956
2008-12-30,21.544069
2008-12-31,21.386803
2009-01-02,21.209888
2009-01-05,20.954353
2009-01-06,20.561211
2009-01-07,20.871790
2009-01-08,21.044779
2009-01-09,20.915033
2009-01-12,20.797092
2009-01-13,20.569082
2009-01-14,20.490440
2009-01-15,20.517963
2009-01-16,20.580872
2009-01-20,20.187735
2009-01-21,20.203453
2009-01-22,20.207386
2009-01-23,20.109098
2009-01-26,20.089445
2009-01-27,20.289940
2009-01-28,20.333200
2009-01-29,20.203453
2009-01-30,19.951851
2009-02-02,19.999926
2009-02-03,20.078741
2009-02-04,19.980213
2009-02-05,19.893522
2009-02-06,19.921116
2009-02-09,20.059052
2009-02-10,20.059052
2009-02-11,20.078741
2009-02-12,19.999926
2009-02-13,19.944754
2009-02-17,19.530951
2009-02-18,19.448202
2009-02-19,19.416677
2009-02-20,19.779238
2009-02-23,19.625540
2009-02-24,19.664963
2009-02-25,19.471851
2009-02-26,19.385147
2009-02-27,19.286633
2009-03-02,19.183533
2009-03-03,19.061106
2009-03-04,19.112448
2009-03-05,19.128244
2009-03-06,19.076895
2009-03-09,19.175644
2009-03-10,19.234882
2009-03-11,19.519270
2009-03-12,19.669350
2009-03-13,19.637760
2009-03-16,19.693041
2009-03-17,19.712790
2009-03-18,20.376337
2009-03-19,20.656757
2009-03-20,20.534317
2009-03-23,20.688375
2009-03-24,20.340794
2009-03-25,20.510624
2009-03-26,20.427696
2009-03-27,20.261799
2009-03-30,20.182804
2009-03-31,20.202551
2009-04-01,20.242050
2009-04-02,20.321054
2009-04-03,20.380287
2009-04-06,20.226257
2009-04-07,20.182804
2009-04-08,20.178856
2009-04-09,20.005070
2009-04-13,20.344744
2009-04-14,20.360544
2009-04-15,20.340794
2009-04-16,20.249952
2009-04-17,20.044567
2009-04-20,19.985319
2009-04-21,20.076164
2009-04-22,20.036674
2009-04-23,20.273649
2009-04-24,20.494825
2009-04-27,20.155153
2009-04-28,20.439526
2009-04-29,20.471125
2009-04-30,20.384228
2009-05-01,20.498772
2009-05-04,20.625181
2009-05-05,20.617268
2009-05-06,20.700214
2009-05-07,20.530373
2009-05-08,20.874001
2009-05-11,20.877951
2009-05-12,20.881905
2009-05-13,20.952988
2009-05-14,20.992493
2009-05-15,20.798962
2009-05-18,20.933233
2009-05-19,20.937193
2009-05-20,21.217613
2009-05-21,21.344004
2009-05-22,21.387468
2009-05-26,21.363749
2009-05-27,21.265017
2009-05-28,21.146530
2009-05-29,21.478298
2009-06-01,21.470392
2009-06-02,21.608639
2009-06-03,21.415112
2009-06-04,21.383503
2009-06-05,20.968790
2009-06-08,21.051735
2009-06-09,21.249220
2009-06-10,21.024088
2009-06-11,21.268972
2009-06-12,21.257109
2009-06-15,21.055683
2009-06-16,21.103071
2009-06-17,21.292660
2009-06-18,21.182074
2009-06-19,21.237373
2009-06-22,21.170221
2009-06-23,21.438808
2009-06-24,21.304518
2009-06-25,21.446697
2009-06-26,21.588890
2009-06-29,21.553341
2009-06-30,21.588890
2009-07-01,21.687632
2009-07-02,21.604685
2009-07-06,21.659986
2009-07-07,21.462505
2009-07-08,21.588890
2009-07-09,21.766640
2009-07-10,21.738981
2009-07-13,21.703442
2009-07-14,21.644186
2009-07-15,21.758718
2009-07-16,21.806126
2009-07-17,21.742931
2009-07-20,21.829826
2009-07-21,21.889065
2009-07-22,21.928556
2009-07-23,21.845619
2009-07-24,21.972015
2009-07-27,21.952261
2009-07-28,21.960167
2009-07-29,21.849569
2009-07-30,21.798214
2009-07-31,22.264284
2009-08-03,22.276136
2009-08-04,22.240587
2009-08-05,22.355122
2009-08-06,22.197144
2009-08-07,21.940407
2009-08-10,21.893007
2009-08-11,21.877211
2009-08-12,22.007553
2009-08-13,22.070749
2009-08-14,22.122091
2009-08-17,22.058901
2009-08-18,22.047049
2009-08-19,22.208979
2009-08-20,22.280075
2009-08-21,22.351173
2009-08-24,22.363029
2009-08-25,22.335381
2009-08-26,22.272179
2009-08-27,22.410410
2009-08-28,22.331415
2009-08-31,22.434116
2009-09-01,22.232683
2009-09-02,22.303787
2009-09-03,22.394629
2009-09-04,22.489416
2009-09-08,22.726397
2009-09-09,22.726397
2009-09-10,22.690836
2009-09-11,22.825144
2009-09-14,22.959435
2009-09-15,22.994968
2009-09-16,23.038422
2009-09-17,23.070015
2009-09-18,22.979176
2009-09-21,22.793533
2009-09-22,23.077908
2009-09-23,23.030514
2009-09-24,22.848822
2009-09-25,22.991018
2009-09-28,23.062115
2009-09-29,23.006815
2009-09-30,23.077908
2009-10-01,22.959435
2009-10-02,23.050272
2009-10-05,23.093708
2009-10-06,23.160860
2009-10-07,23.212202
2009-10-08,23.405735
2009-10-09,23.180603
2009-10-12,23.299093
2009-10-13,23.310949
2009-10-14,23.358337
2009-10-15,23.263552
2009-10-16,23.176651
2009-10-19,23.342537
2009-10-20,23.354397
2009-10-21,23.362288
2009-10-22,23.382042
2009-10-23,23.275400
2009-10-26,23.066071
2009-10-27,23.097660
2009-10-28,23.018675
2009-10-29,23.081865
2009-10-30,23.105551
2009-11-02,23.097660
2009-11-03,23.010777
2009-11-04,23.101608
2009-11-05,23.176651
2009-11-06,23.192455
2009-11-09,23.433388
2009-11-10,23.461033
2009-11-11,23.532131
2009-11-12,23.251703
2009-11-13,23.488676
2009-11-16,23.587433
2009-11-17,23.504475
2009-11-18,23.540024
2009-11-19,23.516317
2009-11-20,23.421539
2009-11-23,23.532131
2009-11-24,23.559769
2009-11-25,23.788862
2009-11-27,23.662466
2009-11-30,23.804663
2009-12-01,23.938948
2009-12-02,23.887598
2009-12-03,23.761209
2009-12-04,23.413639
2009-12-07,23.441288
2009-12-08,23.362288
2009-12-09,23.413639
2009-12-10,23.334648
2009-12-11,23.109509
2009-12-14,23.267508
2009-12-15,23.070015
2009-12-16,22.998926
2009-12-17,22.785648
2009-12-18,22.734293
2009-12-21,22.600012
2009-12-22,22.548653
2009-12-23,22.643452
2009-12-24,22.592096
2009-12-28,22.659246
2009-12-29,22.544182
2009-12-30,22.524355
2009-12-31,22.548145
2010-01-04,22.611641
2010-01-05,22.718758
2010-01-06,22.679090
2010-01-07,22.548145
2010-01-08,22.679090
2010-01-11,22.837803
2010-01-12,22.849701
2010-01-13,22.925087
2010-01-14,22.952845
2010-01-15,22.921101
2010-01-19,22.825893
2010-01-20,22.480705
2010-01-21,22.587830
2010-01-22,22.603697
2010-01-25,22.567995
2010-01-26,22.583868
2010-01-27,22.480705
2010-01-28,22.401367
2010-01-29,22.218845
2010-02-01,22.260630
2010-02-02,22.356133
2010-02-03,22.284500
2010-02-04,22.153175
2010-02-05,21.986044
2010-02-08,21.994005
2010-02-09,22.185013
2010-02-10,22.177065
2010-02-11,22.212872
2010-02-12,22.149193
2010-02-16,22.300425
2010-02-17,22.216856
2010-02-18,22.200930
2010-02-19,22.109415
2010-02-22,22.220829
2010-02-23,22.236752
2010-02-24,22.316332
2010-02-25,22.312357
2010-02-26,22.272554
2010-03-01,22.133286
2010-03-02,22.244707
2010-03-03,22.364094
2010-03-04,22.244707
2010-03-05,22.228786
2010-03-08,22.280516
2010-03-09,22.212872
2010-03-10,22.260630
2010-03-11,22.348175
2010-03-12,22.471540
2010-03-15,22.483475
2010-03-16,22.594885
2010-03-17,22.690405
2010-03-18,22.574989
2010-03-19,22.479490
2010-03-22,22.451633
2010-03-23,22.483475
2010-03-24,22.220829
2010-03-25,21.994005
2010-03-26,22.061647
2010-03-29,22.141245
2010-03-30,22.185013
2010-03-31,22.268595
2010-04-01,22.276543
2010-04-05,22.161137
2010-04-06,22.121349
2010-04-07,22.101452
2010-04-08,22.085535
2010-04-09,22.141245
2010-04-12,22.236752
2010-04-13,22.320307
2010-04-14,22.348175
2010-04-15,22.216856
2010-04-16,22.173084
2010-04-19,22.165119
2010-04-20,22.236752
2010-04-21,22.181034
2010-04-22,22.001966
2010-04-23,22.005941
2010-04-26,22.017891
2010-04-27,21.826872
2010-04-28,21.667694
2010-04-29,21.751270
2010-04-30,21.946249
2010-05-03,21.775133
2010-05-04,21.619946
2010-05-05,21.333437
2010-05-06,21.078741
2010-05-07,21.134462
2010-05-10,21.401075
2010-05-11,21.452812
2010-05-12,21.365269
2010-05-13,21.206097
2010-05-14,21.110586
2010-05-17,21.003145
2010-05-18,20.843962
2010-05-19,21.078741
2010-05-20,21.190172
2010-05-21,21.257816
2010-05-24,21.158323
2010-05-25,21.182215
2010-05-26,20.939480
2010-05-27,21.058853
2010-05-28,21.146406
2010-06-01,21.241903
2010-06-02,21.046913
2010-06-03,20.927530
2010-06-04,20.935503
2010-06-07,20.796217
2010-06-08,20.887745
2010-06-09,20.951420
2010-06-10,21.034988
2010-06-11,20.927530
2010-06-14,21.098652
2010-06-15,21.134462
2010-06-16,21.154348
2010-06-17,21.305573
2010-06-18,21.321484
2010-06-21,21.285686
2010-06-22,21.405071
2010-06-23,21.401075
2010-06-24,21.285686
2010-06-25,21.444860
2010-06-28,21.369249
2010-06-29,21.285686
2010-06-30,21.389147
2010-07-01,21.600050
2010-07-02,21.687599
2010-07-06,21.723410
2010-07-07,21.862682
2010-07-08,21.834827
2010-07-09,21.802990
2010-07-12,21.707502
2010-07-13,21.946249
2010-07-14,21.918398
2010-07-15,22.177065
2010-07-16,22.252666
2010-07-19,22.344193
2010-07-20,22.272554
2010-07-21,22.240725
2010-07-22,22.228786
2010-07-23,22.236752
2010-07-26,22.399893
2010-07-27,22.399893
2010-07-28,22.196945
2010-07-29,22.606827
2010-07-30,22.694370
2010-08-02,22.762024
2010-08-03,23.148033
2010-08-04,23.108229
2010-08-05,23.140062
2010-08-06,23.279345
2010-08-09,23.227606
2010-08-10,22.988846
2010-08-11,22.773970
2010-08-12,22.722231
2010-08-13,22.411842
2010-08-16,22.718254
2010-08-17,22.766012
2010-08-18,22.984873
2010-08-19,22.929169
2010-08-20,22.706322
2010-08-23,22.642645
2010-08-24,22.758045
2010-08-25,22.905285
2010-08-26,23.020693
2010-08-27,22.992826
2010-08-30,23.032623
2010-08-31,23.084351
2010-09-01,23.012741
2010-09-02,23.052519
2010-09-03,23.040581
2010-09-07,22.988846
2010-09-08,22.809784
2010-09-09,22.734165
2010-09-10,22.479490
2010-09-13,23.028631
2010-09-14,23.235573
2010-09-15,22.941107
2010-09-16,23.084351
2010-09-17,22.933147
2010-09-20,22.897329
2010-09-21,23.132107
2010-09-22,23.414640
2010-09-23,23.577791
2010-09-24,23.637487
2010-09-27,23.772785
2010-09-28,23.872271
2010-09-29,23.844418
2010-09-30,23.860338
2010-10-01,23.959814
2010-10-04,23.955839
2010-10-05,24.210516
2010-10-06,24.449276
2010-10-07,24.421436
2010-10-08,24.493063
2010-10-11,24.508970
2010-10-12,24.437355
2010-10-13,24.469179
2010-10-14,24.688042
2010-10-15,24.497032
2010-10-18,24.501022
2010-10-19,24.043377
2010-10-20,24.333876
2010-10-21,24.278158
2010-10-22,24.329891
2010-10-25,24.433361
2010-10-26,24.222452
2010-10-27,24.027464
2010-10-28,24.230412
2010-10-29,24.369694
2010-11-01,24.329891
2010-11-02,24.461222
2010-11-03,24.608454
2010-11-04,24.775585
2010-11-05,24.544788
2010-11-08,24.421436
2010-11-09,24.162769
2010-11-10,24.103075
2010-11-11,23.971764
2010-11-12,23.892176
2010-11-15,23.633497
2010-11-16,23.394753
2010-11-17,23.462397
2010-11-18,23.549931
2010-11-19,23.534023
2010-11-22,23.621563
2010-11-23,23.327097
2010-11-24,23.267397
2010-11-26,23.052519
2010-11-29,22.638660
2010-11-30,22.702341
2010-12-01,22.742126
2010-12-02,22.949049
2010-12-03,23.159964
2010-12-06,23.140062
2010-12-07,22.913248
2010-12-08,22.797831
2010-12-09,22.789881
2010-12-10,22.789881
2010-12-13,23.048540
2010-12-14,22.845592
2010-12-15,22.698362
2010-12-16,22.781927
2010-12-17,22.813763
2010-12-20,22.809784
2010-12-21,22.758045
2010-12-22,22.813763
2010-12-23,22.897329
2010-12-27,22.913248
2010-12-28,22.933147
2010-12-29,23.179838
2010-12-30,23.207861
2010-12-31,23.412113
2011-01-03,23.404100
2011-01-04,23.291975
2011-01-05,22.959564
2011-01-06,22.815397
2011-01-07,22.715275
2011-01-10,22.831429
2011-01-11,22.815397
2011-01-12,22.975594
2011-01-13,23.183826
2011-01-14,23.203857
2011-01-18,23.243914
2011-01-19,23.348042
2011-01-20,23.235899
2011-01-21,23.400105
2011-01-24,23.556290
2011-01-25,23.524252
2011-01-26,23.492207
2011-01-27,23.508228
2011-01-28,23.436140
2011-01-31,23.604347
2011-02-01,23.772543
2011-02-02,23.728500
2011-02-03,23.636379
2011-02-04,23.520247
2011-02-07,23.432144
2011-02-08,23.368057
2011-02-09,23.259935
2011-02-10,23.115765
2011-02-11,23.119757
2011-02-14,23.099735
2011-02-15,23.171827
2011-02-16,23.295980
2011-02-17,23.476191
2011-02-18,23.568291
2011-02-22,23.612362
2011-02-23,23.612362
2011-02-24,23.628382
2011-02-25,23.660416
2011-02-28,23.760529
2011-03-01,23.728500
2011-03-02,23.908712
2011-03-03,23.688452
2011-03-04,23.864664
2011-03-07,23.820608
2011-03-08,23.644396
2011-03-09,23.736498
2011-03-10,23.596342
2011-03-11,23.808592
2011-03-14,24.044876
2011-03-15,24.004827
2011-03-16,24.084904
2011-03-17,24.124964
2011-03-18,24.229092
2011-03-21,24.265144
2011-03-22,24.233093
2011-03-23,24.229092
2011-03-24,24.205063
2011-03-25,24.080927
2011-03-28,24.048882
2011-03-29,23.972792
2011-03-30,23.964777
2011-03-31,23.960768
2011-04-01,23.952768
2011-04-04,23.976788
2011-04-05,23.852650
2011-04-06,23.988804
2011-04-07,23.944757
2011-04-08,24.020834
2011-04-11,24.048882
2011-04-12,24.209074
2011-04-13,24.173023
2011-04-14,24.197062
2011-04-15,24.245104
2011-04-18,24.104937
2011-04-19,24.241104
2011-04-20,24.449356
2011-04-21,24.605545
2011-04-25,24.621567
2011-04-26,24.745708
2011-04-27,24.913912
2011-04-28,25.034067
2011-04-29,25.130182
2011-05-02,25.146193
2011-05-03,25.038080
2011-05-04,25.046083
2011-05-05,24.813803
2011-05-06,24.685640
2011-05-09,24.697660
2011-05-10,24.757734
2011-05-11,24.573515
2011-05-12,24.525457
2011-05-13,24.377264
2011-05-16,24.469378
2011-05-17,24.417322
2011-05-18,24.401302
2011-05-19,24.529453
2011-05-20,24.393295
2011-05-23,24.289173
2011-05-24,24.345230
2011-05-25,24.353241
2011-05-26,24.433336
2011-05-27,24.685640
2011-05-31,24.789761
2011-06-01,24.735197
2011-06-02,24.947872
2011-06-03,25.148520
2011-06-06,25.120424
2011-06-07,25.204700
2011-06-08,25.092344
2011-06-09,25.024111
2011-06-10,24.847555
2011-06-13,24.931829
2011-06-14,24.887684
2011-06-15,24.650928
2011-06-16,24.711121
2011-06-17,24.803408
2011-06-20,24.807426
2011-06-21,24.907749
2011-06-22,24.859591
2011-06-23,24.715130
2011-06-24,24.638884
2011-06-27,24.650928
2011-06-28,24.691057
2011-06-29,24.747236
2011-06-30,24.787357
2011-07-01,24.813499
2011-07-05,24.733086
2011-07-06,24.700914
2011-07-07,24.733086
2011-07-08,24.704927
2011-07-11,24.355106
2011-07-12,24.359129
2011-07-13,24.572241
2011-07-14,24.636578
2011-07-15,24.648649
2011-07-18,24.511923
2011-07-19,24.584295
2011-07-20,24.797417
2011-07-21,24.974340
2011-07-22,24.966293
2011-07-25,25.002481
2011-07-26,25.111053
2011-07-27,25.107029
2011-07-28,25.058769
2011-07-29,25.195498
2011-08-01,25.092218
2011-08-02,25.015566
2011-08-03,25.176928
2011-08-04,24.809828
2011-08-05,24.999445
2011-08-08,24.995396
2011-08-09,25.213240
2011-08-10,25.047838
2011-08-11,25.112398
2011-08-12,25.213240
2011-08-15,25.519829
2011-08-16,25.475462
2011-08-17,25.632786
2011-08-18,25.604548
2011-08-19,25.677153
2011-08-22,25.608578
2011-08-23,25.685232
2011-08-24,25.531952
2011-08-25,25.431093
2011-08-26,25.616653
2011-08-29,25.656988
2011-08-30,25.640856
2011-08-31,25.467392
2011-09-01,25.446722
2011-09-02,25.377827
2011-09-06,25.126562
2011-09-07,25.292719
2011-09-08,25.195461
2011-09-09,24.927986
2011-09-12,24.903660
2011-09-13,24.923929
2011-09-14,24.903660
2011-09-15,25.009039
2011-09-16,24.964458
2011-09-19,24.802351
2011-09-20,24.753723
2011-09-21,24.559185
2011-09-22,24.421408
2011-09-23,24.417341
2011-09-26,24.619980
2011-09-27,24.680773
2011-09-28,24.490294
2011-09-29,24.559185
2011-09-30,24.360609
2011-10-03,24.154675
2011-10-04,24.215725
2011-10-05,24.272697
2011-10-06,24.354094
2011-10-07,24.500618
2011-10-10,24.553513
2011-10-11,24.655270
2011-10-12,24.765150
2011-10-13,24.761086
2011-10-14,24.834337
2011-10-17,24.708170
2011-10-18,24.769215
2011-10-19,24.663397
2011-10-20,24.663397
2011-10-21,24.818064
2011-10-24,24.879108
2011-10-25,24.870964
2011-10-26,25.001205
2011-10-27,25.339006
2011-10-28,25.339006
2011-10-31,24.870964
2011-11-01,24.681643
2011-11-02,24.759331
2011-11-03,24.882000
2011-11-04,24.771608
2011-11-07,24.865665
2011-11-08,24.976051
2011-11-09,24.534433
2011-11-10,24.583502
2011-11-11,24.792044
2011-11-14,24.669378
2011-11-15,24.469011
2011-11-16,24.223661
2011-11-17,24.207315
2011-11-18,24.256374
2011-11-21,24.068283
2011-11-22,24.080553
2011-11-23,23.855652
2011-11-25,23.602131
2011-11-28,23.683908
2011-11-29,23.757515
2011-11-30,24.182774
2011-12-01,24.345385
2011-12-02,24.320618
2011-12-05,24.312368
2011-12-06,24.427914
2011-12-07,24.588894
2011-12-08,24.366014
2011-12-09,24.415537
2011-12-12,24.205065
2011-12-13,24.011097
2011-12-14,24.023485
2011-12-15,24.097759
2011-12-16,24.188551
2011-12-19,24.229830
2011-12-20,24.316490
2011-12-21,24.299994
2011-12-22,24.312368
2011-12-23,24.299994
2011-12-27,24.370148
2011-12-28,24.222446
2011-12-29,24.267960
2011-12-30,24.338293
2012-01-03,24.582369
2012-01-04,24.387922
2012-01-05,24.090065
2012-01-06,23.953541
2012-01-09,24.032146
2012-01-10,24.098341
2012-01-11,24.077660
2012-01-12,24.147980
2012-01-13,24.065237
2012-01-17,24.131439
2012-01-18,24.272087
2012-01-19,24.383787
2012-01-20,24.503761
2012-01-23,24.512051
2012-01-24,24.507912
2012-01-25,24.644430
2012-01-26,24.739584
2012-01-27,25.020903
2012-01-30,24.913332
2012-01-31,25.004349
2012-02-01,25.209457
2012-02-02,25.213606
2012-02-03,25.105873
2012-02-06,24.964991
2012-02-07,25.014719
2012-02-08,25.035437
2012-02-09,25.006422
2012-02-10,24.886257
2012-02-13,24.886257
2012-02-14,24.869688
2012-02-15,24.811680
2012-02-16,24.853104
2012-02-17,24.803389
2012-02-21,24.869688
2012-02-22,24.840683
2012-02-23,24.981562
2012-02-24,25.081007
2012-02-27,25.068586
2012-02-28,25.130739
2012-02-29,25.068586
2012-03-01,25.094315
2012-03-02,24.949064
2012-03-05,24.936613
2012-03-06,24.799681
2012-03-07,24.824566
2012-03-08,24.973963
2012-03-09,24.766474
2012-03-12,24.754023
2012-03-13,24.654419
2012-03-14,24.467672
2012-03-15,24.463528
2012-03-16,24.521633
2012-03-19,24.666872
2012-03-20,24.575565
2012-03-21,24.554829
2012-03-22,24.579723
2012-03-23,24.700068
2012-03-26,24.845314
2012-03-27,24.783079
2012-03-28,24.770618
2012-03-29,24.795519
2012-03-30,24.874365
2012-04-02,24.922581
2012-04-03,24.702286
2012-04-04,24.614992
2012-04-05,24.502768
2012-04-09,24.623310
2012-04-10,24.669031
2012-04-11,24.718925
2012-04-12,24.876858
2012-04-13,24.706444
2012-04-16,24.735538
2012-04-17,24.764629
2012-04-18,24.802052
2012-04-19,24.747995
2012-04-20,24.793726
2012-04-23,24.785418
2012-04-24,24.847757
2012-04-25,24.930893
2012-04-26,24.989084
2012-04-27,25.043121
2012-04-30,25.147036
2012-05-01,25.122887
2012-05-02,25.064610
2012-05-03,25.068769
2012-05-04,25.010494
2012-05-07,25.018812
2012-05-08,24.956375
2012-05-09,24.843977
2012-05-10,24.860626
2012-05-11,24.831486
2012-05-14,24.714924
2012-05-15,24.502617
2012-05-16,24.406879
2012-05-17,24.456839
2012-05-18,24.502617
2012-05-21,24.631676
2012-05-22,24.452662
2012-05-23,24.398548
2012-05-24,24.398548
2012-05-25,24.406879
2012-05-29,24.365250
2012-05-30,24.269497
2012-05-31,24.411045
2012-06-01,24.588278
2012-06-04,24.621645
2012-06-05,24.504879
2012-06-06,24.680029
2012-06-07,24.571592
2012-06-08,24.546570
2012-06-11,24.429810
2012-06-12,24.396456
2012-06-13,24.342228
2012-06-14,24.396456
2012-06-15,24.617468
2012-06-18,24.525717
2012-06-19,24.642483
2012-06-20,24.646660
2012-06-21,24.463163
2012-06-22,24.488195
2012-06-25,24.450657
2012-06-26,24.425640
2012-06-27,24.392260
2012-06-28,24.363068
2012-06-29,24.659172
2012-07-02,24.677969
2012-07-03,24.711393
2012-07-05,24.531776
2012-07-06,24.494181
2012-07-09,24.556839
2012-07-10,24.540121
2012-07-11,24.594423
2012-07-12,24.565189
2012-07-13,24.652905
2012-07-16,24.794931
2012-07-17,24.836685
2012-07-18,24.895184
2012-07-19,24.953659
2012-07-20,24.786581
2012-07-23,24.661261
2012-07-24,24.531776
2012-07-25,24.640366
2012-07-26,24.886820
2012-07-27,24.928606
2012-07-30,24.886820
2012-07-31,24.982903
2012-08-01,24.878315
2012-08-02,24.832304
2012-08-03,25.091648
2012-08-06,25.133495
2012-08-07,25.066561
2012-08-08,25.104214
2012-08-09,25.020552
2012-08-10,25.066561
2012-08-13,25.074926
2012-08-14,24.999640
2012-08-15,24.907591
2012-08-16,24.890860
2012-08-17,24.869951
2012-08-20,24.849020
2012-08-21,25.003815
2012-08-22,25.112579
2012-08-23,25.179508
2012-08-24,25.154409
2012-08-27,25.162788
2012-08-28,25.267353
2012-08-29,25.162788
2012-08-30,25.158585
2012-08-31,25.288275
2012-09-04,25.239302
2012-09-05,25.293728
2012-09-06,25.281155
2012-09-07,25.586760
2012-09-10,25.549091
2012-09-11,25.733278
2012-09-12,25.708166
2012-09-13,25.892368
2012-09-14,25.850494
2012-09-17,25.787714
2012-09-18,25.741648
2012-09-19,25.825384
2012-09-20,25.766781
2012-09-21,25.754223
2012-09-24,25.779327
2012-09-25,25.766781
2012-09-26,25.808640
2012-09-27,25.896538
2012-09-28,25.783522
2012-10-01,25.761711
2012-10-02,25.824610
2012-10-03,25.744934
2012-10-04,25.841385
2012-10-05,25.828802
2012-10-08,25.753334
2012-10-09,25.677853
2012-10-10,25.744934
2012-10-11,25.791071
2012-10-12,25.874924
2012-10-15,25.824610
2012-10-16,25.862352
2012-10-17,25.942007
2012-10-18,25.841385
2012-10-19,25.757521
2012-10-22,25.736557
2012-10-23,25.627527
2012-10-24,25.623339
2012-10-25,25.573025
2012-10-26,25.614960
2012-10-31,25.682051
2012-11-01,25.577229
2012-11-02,25.451435
2012-11-05,25.422087
2012-11-06,25.501747
2012-11-07,25.505947
2012-11-08,25.535290
2012-11-09,25.497564
2012-11-12,25.501747
2012-11-13,25.493364
2012-11-14,25.342417
2012-11-15,25.350796
2012-11-16,25.292101
2012-11-19,25.417887
2012-11-20,25.338232
2012-11-21,25.308874
2012-11-23,25.522715
2012-11-26,25.556271
2012-11-27,25.518526
2012-11-28,25.627527
2012-11-29,25.677853
2012-11-30,25.677853
2012-12-03,25.672804
2012-12-04,25.828405
2012-12-05,25.756918
2012-12-06,25.719065
2012-12-07,25.655989
2012-12-10,25.698036
2012-12-11,25.756918
2012-12-12,25.790562
2012-12-13,25.672804
2012-12-14,25.748499
2012-12-17,25.740086
2012-12-18,25.798962
2012-12-19,25.832609
2012-12-20,25.849424
2012-12-21,25.811579
2012-12-24,25.782150
2012-12-26,25.748499
2012-12-27,25.745544
2012-12-28,25.779276
2012-12-31,25.716043
2013-01-02,25.635960
2013-01-03,25.399921
2013-01-04,25.324045
2013-01-07,25.395689
2013-01-08,25.429422
2013-01-09,25.395689
2013-01-10,25.505295
2013-01-11,25.526377
2013-01-14,25.564301
2013-01-15,25.547441
2013-01-16,25.509516
2013-01-17,25.463150
2013-01-18,25.404140
2013-01-22,25.463150
2013-01-23,25.501083
2013-01-24,25.387272
2013-01-25,25.416779
2013-01-28,25.302967
2013-01-29,25.374640
2013-01-30,25.404140
2013-01-31,25.475788
2013-02-01,25.399788
2013-02-04,25.344913
2013-02-05,25.264683
2013-02-06,25.171797
2013-02-07,25.095816
2013-02-08,25.146481
2013-02-11,25.045143
2013-02-12,25.133801
2013-02-13,25.116922
2013-02-14,25.100031
2013-02-15,25.036692
2013-02-19,25.066244
2013-02-20,24.855145
2013-02-21,24.855145
2013-02-22,24.855145
2013-02-25,24.829815
2013-02-26,24.804485
2013-02-27,24.905821
2013-02-28,24.855145
2013-03-01,24.743378
2013-03-04,24.781481
2013-03-05,24.832285
2013-03-06,24.662920
2013-03-07,24.734900
2013-03-08,24.557076
2013-03-11,24.535910
2013-03-12,24.599421
2013-03-13,24.514740
2013-03-14,24.578238
2013-03-15,24.705263
2013-03-18,24.658688
2013-03-19,24.637526
2013-03-20,24.616365
2013-03-21,24.701035
2013-03-22,24.832285
2013-03-25,24.760300
2013-03-26,24.726439
2013-03-27,24.692572
2013-03-28,24.768785
2013-04-01,24.802692
2013-04-02,24.789965
2013-04-03,24.862036
2013-04-04,24.895956
2013-04-05,25.061258
2013-04-08,24.968006
2013-04-09,25.078218
2013-04-10,24.904427
2013-04-11,24.980724
2013-04-12,25.010410
2013-04-15,25.001930
2013-04-16,25.146051
2013-04-17,24.963778
2013-04-18,25.010410
2013-04-19,24.934101
2013-04-22,25.035837
2013-04-23,24.968006
2013-04-24,24.993448
2013-04-25,25.001930
2013-04-26,25.146051
2013-04-29,25.302898
2013-04-30,25.434303
2013-05-01,25.483938
2013-05-02,25.399090
2013-05-03,25.326973
2013-05-06,25.212435
2013-05-07,25.148796
2013-05-08,25.310011
2013-05-09,25.072437
2013-05-10,24.771223
2013-05-13,24.690617
2013-05-14,24.567596
2013-05-15,24.486988
2013-05-16,24.533653
2013-05-17,24.406380
2013-05-20,24.478493
2013-05-21,24.461527
2013-05-22,24.283363
2013-05-23,24.423344
2013-05-24,24.448801
2013-05-28,24.215481
2013-05-29,24.279106
2013-05-30,24.402138
2013-05-31,24.330011
2013-06-03,24.577715
2013-06-04,24.462997
2013-06-05,24.501232
2013-06-06,24.764633
2013-06-07,24.743391
2013-06-10,24.543715
2013-06-11,24.760391
2013-06-12,24.828381
2013-06-13,25.011057
2013-06-14,25.121510
2013-06-17,25.087526
2013-06-18,24.977060
2013-06-19,24.607447
2013-06-20,24.182590
2013-06-21,23.919182
2013-06-24,23.838463
2013-06-25,23.906433
2013-06-26,23.961662
2013-06-27,24.076384
2013-06-28,23.910698
2013-07-01,23.977051
2013-07-02,23.832401
2013-07-03,23.896208
2013-07-05,23.585663
2013-07-08,23.649477
2013-07-09,23.653728
2013-07-10,23.764345
2013-07-11,24.151487
2013-07-12,24.070660
2013-07-15,24.091913
2013-07-16,24.338665
2013-07-17,24.266348
2013-07-18,24.245075
2013-07-19,24.270594
2013-07-22,24.440767
2013-07-23,24.517347
2013-07-24,24.283360
2013-07-25,24.440767
2013-07-26,24.534351
2013-07-29,24.513098
2013-07-30,24.436504
2013-07-31,24.483315
2013-08-01,24.201069
2013-08-02,24.388382
2013-08-05,24.418165
2013-08-06,24.464994
2013-08-07,24.673597
2013-08-08,24.814079
2013-08-09,24.792795
2013-08-12,24.699144
2013-08-13,24.482031
2013-08-14,24.435204
2013-08-15,24.516085
2013-08-16,24.464994
2013-08-19,24.333046
2013-08-20,24.443720
2013-08-21,24.281956
2013-08-22,24.226606
2013-08-23,24.286217
2013-08-26,24.307486
2013-08-27,24.443720
2013-08-28,24.320261
2013-08-29,24.205336
2013-08-30,24.201069
2013-09-03,24.019938
2013-09-04,24.083870
2013-09-05,23.840942
2013-09-06,24.088135
2013-09-09,24.122236
2013-09-10,24.062555
2013-09-11,24.241549
2013-09-12,24.245819
2013-09-13,24.331057
2013-09-16,24.484484
2013-09-17,24.505793
2013-09-18,24.846735
2013-09-19,24.812647
2013-09-20,24.782808
2013-09-23,24.799866
2013-09-24,24.838223
2013-09-25,24.829702
2013-09-26,24.731680
2013-09-27,24.851007
2013-09-30,24.876581
2013-10-01,24.962826
2013-10-02,25.095211
2013-10-03,25.125105
2013-10-04,25.022615
2013-10-07,25.090927
2013-10-08,25.082399
2013-10-09,24.984184
2013-10-10,24.898779
2013-10-11,24.988457
2013-10-14,24.971365
2013-10-15,24.898779
2013-10-16,24.911592
2013-10-17,25.240393
2013-10-18,25.278824
2013-10-21,25.236118
2013-10-22,25.432547
2013-10-23,25.483789
2013-10-24,25.458162
2013-10-25,25.479515
2013-10-28,25.479515
2013-10-29,25.389843
2013-10-30,25.308706
2013-10-31,25.189146
2013-11-01,25.012873
2013-11-04,25.081320
2013-11-05,24.974361
2013-11-06,24.987204
2013-11-07,24.982908
2013-11-08,24.734743
2013-11-11,24.816044
2013-11-12,24.687687
2013-11-13,24.824604
2013-11-14,24.884518
2013-11-15,24.897335
2013-11-18,24.948683
2013-11-19,24.935854
2013-11-20,24.816044
2013-11-21,24.760431
2013-11-22,24.858841
2013-11-25,24.841722
2013-11-26,24.918734
2013-11-27,24.858841
2013-11-29,24.850281
2013-12-02,24.701120
2013-12-03,24.825418
2013-12-04,24.782564
2013-12-05,24.808277
2013-12-06,24.872570
2013-12-09,24.915430
2013-12-10,24.992582
2013-12-11,24.966860
2013-12-12,24.846846
2013-12-13,24.898289
2013-12-16,24.949724
2013-12-17,24.936857
2013-12-18,24.838282
2013-12-19,24.731123
2013-12-20,24.786831
2013-12-23,24.778261
2013-12-24,24.765421
2013-12-26,24.769703
2013-12-27,24.691120
2013-12-30,24.798462
2013-12-31,24.794180
2014-01-02,24.639589
2014-01-03,24.579466
2014-01-06,24.686832
2014-01-07,24.704004
2014-01-08,24.613827
2014-01-09,24.605230
2014-01-10,24.845703
2014-01-13,24.918697
2014-01-14,24.841404
2014-01-15,24.721176
2014-01-16,24.781296
2014-01-17,24.708300
2014-01-21,24.721176
2014-01-22,24.691120
2014-01-23,24.965933
2014-01-24,24.948763
2014-01-27,24.935892
2014-01-28,24.914410
2014-01-29,24.940180
2014-01-30,24.871473
2014-01-31,24.905821
2014-02-03,24.886497
2014-02-04,24.912258
2014-02-05,24.976690
2014-02-06,24.985287
2014-02-07,25.075480
2014-02-10,25.045427
2014-02-11,25.062592
2014-02-12,24.946629
2014-02-13,25.131321
2014-02-14,25.182871
2014-02-18,25.281647
2014-02-19,25.182871
2014-02-20,25.139900
2014-02-21,25.208639
2014-02-24,25.234409
2014-02-25,25.303129
2014-02-26,25.260185
2014-02-27,25.367550
2014-02-28,25.462049
2014-03-03,25.437969
2014-03-04,25.407854
2014-03-05,25.437969
2014-03-06,25.476688
2014-03-07,25.459469
2014-03-10,25.468071
2014-03-11,25.425062
2014-03-12,25.455173
2014-03-13,25.541208
2014-03-14,25.605715
2014-03-17,25.648737
2014-03-18,25.670248
2014-03-19,25.343334
2014-03-20,25.313229
2014-03-21,25.429359
2014-03-24,25.511091
2014-03-25,25.498184
2014-03-26,25.554104
2014-03-27,25.562706
2014-03-28,25.519695
2014-03-31,25.541208
2014-04-01,25.536030
2014-04-02,25.406782
2014-04-03,25.303383
2014-04-04,25.471405
2014-04-07,25.566185
2014-04-08,25.695435
2014-04-09,25.772997
2014-04-10,25.867773
2014-04-11,25.854855
2014-04-14,25.816078
2014-04-15,25.790230
2014-04-16,25.798845
2014-04-17,25.712675
2014-04-21,25.678202
2014-04-22,25.643744
2014-04-23,25.643744
2014-04-24,25.643744
2014-04-25,25.712675
2014-04-28,25.708359
2014-04-29,25.686825
2014-04-30,25.798845
2014-05-01,25.840248
2014-05-02,25.891989
2014-05-05,25.896299
2014-05-06,26.025673
2014-05-07,25.999811
2014-05-08,26.012743
2014-05-09,25.879055
2014-05-12,25.848869
2014-05-13,25.797119
2014-05-14,25.917870
2014-05-15,25.926497
2014-05-16,25.930813
2014-05-19,25.917870
2014-05-20,25.883368
2014-05-21,25.879055
2014-05-22,25.827303
2014-05-23,25.818680
2014-05-27,25.844563
2014-05-28,25.874737
2014-05-29,25.870432
2014-05-30,25.835920
2014-06-02,25.747875
2014-06-03,25.713346
2014-06-04,25.696077
2014-06-05,25.812618
2014-06-06,25.920528
2014-06-09,25.868742
2014-06-10,25.812618
2014-06-11,25.816936
2014-06-12,25.873053
2014-06-13,25.838524
2014-06-16,25.885994
2014-06-17,25.778090
2014-06-18,25.937803
2014-06-19,25.946426
2014-06-20,25.916214
2014-06-23,25.993910
2014-06-24,25.989594
2014-06-25,26.062975
2014-06-26,26.119083
2014-06-27,26.196791
2014-06-30,26.248587
2014-07-01,26.247717
2014-07-02,26.161276
2014-07-03,26.118067
2014-07-07,26.105093
2014-07-08,26.135357
2014-07-09,26.178570
2014-07-10,26.152632
2014-07-11,26.208822
2014-07-14,26.208822
2014-07-15,26.131023
2014-07-16,26.122379
2014-07-17,26.187212
2014-07-18,26.204496
2014-07-21,26.187212
2014-07-22,26.139673
2014-07-23,26.169926
2014-07-24,26.131023
2014-07-25,26.113739
2014-07-28,26.092127
2014-07-29,26.057552
2014-07-30,25.914930
2014-07-31,25.888996
2014-08-01,25.936520
2014-08-04,25.988409
2014-08-05,25.884680
2014-08-06,25.958151
2014-08-07,25.940845
2014-08-08,26.022976
2014-08-11,26.022976
2014-08-12,25.992712
2014-08-13,26.010004
2014-08-14,26.066193
2014-08-15,26.178570
2014-08-18,26.092127
2014-08-19,26.001362
2014-08-20,25.871708
2014-08-21,25.897633
2014-08-22,25.914930
2014-08-25,25.906282
2014-08-26,25.884680
2014-08-27,25.992712
2014-08-28,26.031624
2014-08-29,25.949507
2014-09-02,25.749165
2014-09-03,25.792431
2014-09-04,25.589075
2014-09-05,25.610714
2014-09-08,25.441956
2014-09-09,25.372728
2014-09-10,25.286200
2014-09-11,25.208313
2014-09-12,25.182348
2014-09-15,25.191011
2014-09-16,25.229950
2014-09-17,25.091478
2014-09-18,25.087156
2014-09-19,25.061188
2014-09-22,25.091478
2014-09-23,25.095808
2014-09-24,25.056879
2014-09-25,25.026579
2014-09-26,24.927067
2014-09-29,24.901102
2014-09-30,24.823223
2014-10-01,24.905075
2014-10-02,24.961365
2014-10-03,24.705860
2014-10-06,24.918062
2014-10-07,24.978693
2014-10-08,25.177891
2014-10-09,25.069628
2014-10-10,25.013336
2014-10-13,25.112928
2014-10-14,25.164900
2014-10-15,25.346785
2014-10-16,25.290499
2014-10-17,25.212545
2014-10-20,25.268841
2014-10-21,25.234190
2014-10-22,25.121590
2014-10-23,25.082611
2014-10-24,25.078297
2014-10-27,25.169231
2014-10-28,25.203875
2014-10-29,25.013336
2014-10-30,24.957031
2014-10-31,24.762154
2014-11-03,24.550316
2014-11-04,24.623964
2014-11-05,24.476671
2014-11-06,24.303391
2014-11-07,24.429022
2014-11-10,24.368370
2014-11-11,24.420353
2014-11-12,24.381357
2014-11-13,24.403017
2014-11-14,24.459337
2014-11-17,24.381357
2014-11-18,24.433340
2014-11-19,24.329391
2014-11-20,24.394358
2014-11-21,24.320709
2014-11-24,24.342363
2014-11-25,24.455013
2014-11-26,24.524330
2014-11-28,24.429022
2014-12-01,24.494001
2014-12-02,24.277391
2014-12-03,24.190746
2014-12-04,24.247066
2014-12-05,24.030455
2014-12-08,24.121431
2014-12-09,24.277391
2014-12-10,24.416018
2014-12-11,24.316385
2014-12-12,24.403017
2014-12-15,24.381357
2014-12-16,24.589304
2014-12-17,24.316385
2014-12-18,24.260063
2014-12-19,24.221066
2014-12-22,24.234077
2014-12-23,24.069448
2014-12-24,24.130100
2014-12-26,24.099785
2014-12-29,24.120304
2014-12-30,24.264452
2014-12-31,24.168341
2015-01-02,24.063520
2015-01-05,24.011097
2015-01-06,24.085352
2015-01-07,24.019835
2015-01-08,23.984896
2015-01-09,24.076624
2015-01-12,24.142143
2015-01-13,24.111567
2015-01-14,24.229502
2015-01-15,24.220778
2015-01-16,24.142143
2015-01-20,23.984896
2015-01-21,24.032942
2015-01-22,23.770853
2015-01-23,23.753389
2015-01-26,23.731543
2015-01-27,23.845121
2015-01-28,23.775238
2015-01-29,23.683500
2015-01-30,23.788319
2015-02-02,23.853859
2015-02-03,23.980522
2015-02-04,23.866955
2015-02-05,23.993639
2015-02-06,23.670397
2015-02-09,23.635448
2015-02-10,23.569935
2015-02-11,23.425785
2015-02-12,23.687859
2015-02-13,23.652912
2015-02-17,23.604870
2015-02-18,23.644192
2015-02-19,23.552465
2015-02-20,23.561178
2015-02-23,23.569935
2015-02-24,23.631081
2015-02-25,23.727184
2015-02-26,23.504410
2015-02-27,23.530619
2015-03-02,23.412676
2015-03-03,23.399580
2015-03-04,23.277262
2015-03-05,23.224855
2015-03-06,22.901623
2015-03-09,22.940933
2015-03-10,22.757475
2015-03-11,22.648273
2015-03-12,22.788052
2015-03-13,22.543442
2015-03-16,22.691956
2015-03-17,22.705063
2015-03-18,23.181177
2015-03-19,22.927824
2015-03-20,23.207384
2015-03-23,23.500042
2015-03-24,23.447628
2015-03-25,23.473833
2015-03-26,23.382105
2015-03-27,23.403946
2015-03-30,23.220484
2015-03-31,23.203011
2015-04-01,23.272903
2015-04-02,23.390835
2015-04-06,23.456352
2015-04-07,23.290384
2015-04-08,23.299110
2015-04-09,23.063244
2015-04-10,23.015181
2015-04-13,22.975880
2015-04-14,23.150589
2015-04-15,23.259806
2015-04-16,23.399580
2015-04-17,23.460724
2015-04-20,23.303474
2015-04-21,23.255432
2015-04-22,23.224855
2015-04-23,23.342789
2015-04-24,23.443253
2015-04-27,23.508778
2015-04-28,23.604870
2015-04-29,23.661663
2015-04-30,23.657282
2015-05-01,23.508778
2015-05-04,23.395206
2015-05-05,23.342789
2015-05-06,23.430157
2015-05-07,23.373367
2015-05-08,23.417049
2015-05-11,23.259806
2015-05-12,23.299110
2015-05-13,23.421415
2015-05-14,23.552465
2015-05-15,23.709709
2015-05-18,23.456352
2015-05-19,23.246693
2015-05-20,23.185534
2015-05-21,23.211740
2015-05-22,23.032661
2015-05-26,22.801159
2015-05-27,22.809896
2015-05-28,22.814259
2015-05-29,22.892883
2015-06-01,22.687592
2015-06-02,22.844835
2015-06-03,22.809896
2015-06-04,22.788052
2015-06-05,22.499763
2015-06-08,22.678854
2015-06-09,22.665754
2015-06-10,22.818619
2015-06-11,22.840466
2015-06-12,22.788052
2015-06-15,22.796782
2015-06-16,22.779310
2015-06-17,22.936558
2015-06-18,22.993349
2015-06-19,23.010824
2015-06-22,22.958405
2015-06-23,22.744373
2015-06-24,22.740000
2015-06-25,22.766211
2015-06-26,22.643900
2015-06-29,22.818619
2015-06-30,22.722530
2015-07-01,22.569643
2015-07-02,22.582758
2015-07-06,22.587128
2015-07-07,22.582758
2015-07-08,22.744373
2015-07-09,22.652647
2015-07-10,22.639540
2015-07-13,22.530334
2015-07-14,22.552174
2015-07-15,22.543442
2015-07-16,22.447330
2015-07-17,22.460442
2015-07-20,22.399294
2015-07-21,22.539070
2015-07-22,22.495392
2015-07-23,22.600225
2015-07-24,22.591482
2015-07-27,22.718164
2015-07-28,22.696316
2015-07-29,22.595854
2015-07-30,22.547808
2015-07-31,22.674480
2015-08-03,22.635168
2015-08-04,22.512865
2015-08-05,22.386185
2015-08-06,22.438604
2015-08-07,22.525959
2015-08-10,22.578382
2015-08-11,22.600225
2015-08-12,22.827356
2015-08-13,22.792423
2015-08-14,22.770576
2015-08-17,22.731270
2015-08-18,22.643900
2015-08-19,22.783686
2015-08-20,22.844835
2015-08-21,23.054497
2015-08-24,23.325323
2015-08-25,23.133131
2015-08-26,22.857944
2015-08-27,22.766211
2015-08-28,22.674480
2015-08-31,22.630804
2015-09-01,22.831738
2015-09-02,22.722530
2015-09-03,22.722530
2015-09-04,22.691956
2015-09-08,22.761839
2015-09-09,22.753109
2015-09-10,22.757475
2015-09-11,22.871044
2015-09-14,22.888519
2015-09-15,22.753109
2015-09-16,22.801159
2015-09-17,23.002087
2015-09-18,22.984613
2015-09-21,22.809896
2015-09-22,22.766211
2015-09-23,22.757475
2015-09-24,22.814259
2015-09-25,22.709429
2015-09-28,22.774946
2015-09-29,22.814259
2015-09-30,22.744373
2015-10-01,22.857944
2015-10-02,22.910358
2015-10-05,22.905987
2015-10-06,22.993349
2015-10-07,22.993349
2015-10-08,23.063244
2015-10-09,23.163698
2015-10-12,23.181177
2015-10-13,23.181177
2015-10-14,23.430157
2015-10-15,23.390835
2015-10-16,23.329685
2015-10-19,23.233585
2015-10-20,23.185534
2015-10-21,23.198654
2015-10-22,23.054497
2015-10-23,22.897251
2015-10-26,22.905987
2015-10-27,22.945299
2015-10-28,22.783686
2015-10-29,22.735636
2015-10-30,22.840466
2015-11-02,22.836100
2015-11-03,22.796782
2015-11-04,22.582758
2015-11-05,22.547808
2015-11-06,22.242037
2015-11-09,22.202730
2015-11-10,22.228945
2015-11-11,22.298826
2015-11-12,22.342525
2015-11-13,22.351255
2015-11-16,22.276991
2015-11-17,22.268265
2015-11-18,22.246412
2015-11-19,22.438604
2015-11-20,22.355618
2015-11-23,22.294460
2015-11-24,22.373089
2015-11-25,22.373089
2015-11-27,22.311941
2015-11-30,22.290094
2015-12-01,22.412394
2015-12-02,22.325031
2015-12-03,22.469196
2015-12-04,22.447330
2015-12-07,22.403677
2015-12-08,22.491022
2015-12-09,22.657005
2015-12-10,22.600225
2015-12-11,22.613325
2015-12-14,22.613325
2015-12-15,22.473562
2015-12-16,22.460442
2015-12-17,22.373089
2015-12-18,22.517233
2015-12-21,22.600225
2015-12-22,22.608965
2015-12-23,22.582758
2015-12-24,22.643900
2015-12-28,22.678854
2015-12-29,22.587128
2015-12-30,22.565287
2015-12-31,22.552174
2016-01-04,22.547808
2016-01-05,22.460442
2016-01-06,22.508495
2016-01-07,22.652647
2016-01-08,22.613325
2016-01-11,22.499763
2016-01-12,22.451712
2016-01-13,22.504128
2016-01-14,22.477917
2016-01-15,22.517233
2016-01-19,22.464823
2016-01-20,22.491022
2016-01-21,22.517233
2016-01-22,22.451712
2016-01-25,22.477917
2016-01-26,22.543442
2016-01-27,22.569643
2016-01-28,22.665754
2016-01-29,22.617695
2016-02-01,22.696316
2016-02-02,22.718164
2016-02-03,23.137495
2016-02-04,23.303474
2016-02-05,23.207384
2016-02-08,23.303474
2016-02-09,23.473833
2016-02-10,23.591768
2016-02-11,23.617971
2016-02-12,23.521885
2016-02-16,23.338423
2016-02-17,23.329685
2016-02-18,23.369001
2016-02-19,23.482576
2016-02-22,23.403946
2016-02-23,23.390835
2016-02-24,23.430157
2016-02-25,23.430157
2016-02-26,23.237959
2016-02-29,23.364637
2016-03-01,23.334063
2016-03-02,23.320951
2016-03-03,23.469465
2016-03-04,23.517509
2016-03-07,23.543726
2016-03-08,23.657282
2016-03-09,23.521885
2016-03-10,23.617971
2016-03-11,23.622349
2016-03-14,23.574293
2016-03-15,23.517509
2016-03-16,23.832016
2016-03-17,24.120304
2016-03-18,24.137772
2016-03-21,24.041683
2016-03-22,24.019835
2016-03-23,23.919376
2016-03-24,23.866955
2016-03-28,23.906275
2016-03-29,24.190187
2016-03-30,24.251362
2016-03-31,24.347445
2016-04-01,24.360546
2016-04-04,24.373648
2016-04-05,24.382383
2016-04-06,24.421688
2016-04-07,24.439165
2016-04-08,24.539637
2016-04-11,24.609524
2016-04-12,24.530914
2016-04-13,24.417320
2016-04-14,24.347445
2016-04-15,24.469742
2016-04-18,24.495958
2016-04-19,24.574574
2016-04-20,24.452269
2016-04-21,24.373648
2016-04-22,24.190187
2016-04-25,24.137772
2016-04-26,24.198927
2016-04-27,24.220778
2016-04-28,24.500332
2016-04-29,24.718721
2016-05-02,24.788616
2016-05-03,24.758038
2016-05-04,24.701241
2016-05-05,24.605150
2016-05-06,24.592052
2016-05-09,24.487209
2016-05-10,24.439165
2016-05-11,24.517801
2016-05-12,24.447905
2016-05-13,24.369270
2016-05-16,24.329971
2016-05-17,24.338705
2016-05-18,24.072254
2016-05-19,24.067881
2016-05-20,24.072254
2016-05-23,24.111567
2016-05-24,24.011097
2016-05-25,24.133406
2016-05-26,24.203297
2016-05-27,24.111567
2016-05-31,24.054783
2016-06-01,24.146511
2016-06-02,24.242603
2016-06-03,24.657578
2016-06-06,24.666311
2016-06-07,24.758038
2016-06-08,24.854128
2016-06-09,24.775509
2016-06-10,24.709990
2016-06-13,24.670671
2016-06-14,24.609524
2016-06-15,24.709990
2016-06-16,24.801720
2016-06-17,24.858507
2016-06-20,24.902178
2016-06-21,24.836662
2016-06-22,24.958961
2016-06-23,24.967701
2016-06-24,24.696886
2016-06-27,24.740568
2016-06-28,24.875977
2016-06-29,24.941488
2016-06-30,24.963335
2016-07-01,25.103109
2016-07-05,25.024481
2016-07-06,25.076916
2016-07-07,25.050690
2016-07-08,25.177366
2016-07-11,25.050690
2016-07-12,24.902178
2016-07-13,24.976433
2016-07-14,24.989540
2016-07-15,24.797358
2016-07-18,24.775509
2016-07-19,24.670671
2016-07-20,24.592052
2016-07-21,24.635721
2016-07-22,24.609524
2016-07-25,24.587683
2016-07-26,24.675049
2016-07-27,24.806086
2016-07-28,24.845387
2016-07-29,25.242886
2016-08-01,25.133686
2016-08-02,25.234146
2016-08-03,25.116220
2016-08-04,25.133686
2016-08-05,25.046318
2016-08-08,25.007011
2016-08-09,25.124945
2016-08-10,25.317154
2016-08-11,25.221056
2016-08-12,25.264734
2016-08-15,25.273455
2016-08-16,25.430712
2016-08-17,25.421980
2016-08-18,25.618542
2016-08-19,25.456919
2016-08-22,25.456919
2016-08-23,25.478750
2016-08-24,25.391403
2016-08-25,25.365189
2016-08-26,25.159893
2016-08-29,25.159893
2016-08-30,25.024481
2016-08-31,24.954605
2016-09-01,25.020117
2016-09-02,24.932766
2016-09-06,25.290932
2016-09-07,25.334623
2016-09-08,25.212313
2016-09-09,24.985168
2016-09-12,25.055069
2016-09-13,24.862864
2016-09-14,24.958961
2016-09-15,24.937126
2016-09-16,24.819181
2016-09-19,24.871595
2016-09-20,24.941488
2016-09-21,25.133686
2016-09-22,25.225401
2016-09-23,25.194841
2016-09-26,25.290932
2016-09-27,25.343351
2016-09-28,25.317154
2016-09-29,25.282215
2016-09-30,25.194841
2016-10-03,25.151154
2016-10-04,24.924021
2016-10-05,24.836662
2016-10-06,24.731823
2016-10-07,24.714359
2016-10-10,24.644474
2016-10-11,24.461012
2016-10-12,24.329971
2016-10-13,24.443527
2016-10-14,24.268816
2016-10-17,24.373648
2016-10-18,24.399860
2016-10-19,24.478479
2016-10-20,24.364908
2016-10-21,24.277548
2016-10-24,24.286285
2016-10-25,24.295025
2016-10-26,24.207664
2016-10-27,24.050421
2016-10-28,24.111567
2016-10-31,24.137772
2016-11-01,24.233873
2016-11-02,24.338705
2016-11-03,24.399860
2016-11-04,24.461012
2016-11-07,24.303757
2016-11-08,24.251362
2016-11-09,23.997997
2016-11-10,23.631081
2016-11-11,23.491299
2016-11-14,23.237959
2016-11-15,23.281637
2016-11-16,23.203011
2016-11-17,23.063244
2016-11-18,22.879774
2016-11-21,22.949671
2016-11-22,22.975880
2016-11-23,22.783686
2016-11-25,22.783686
2016-11-28,22.923458
2016-11-29,23.010824
2016-11-30,22.757475
2016-12-01,22.844835
2016-12-02,22.958405
2016-12-05,23.002087
2016-12-06,22.932201
2016-12-07,23.045765
2016-12-08,22.818619
2016-12-09,22.643900
2016-12-12,22.818619
2016-12-13,22.836100
2016-12-14,22.591482
2016-12-15,22.408035
2016-12-16,22.364351
2016-12-19,22.381830
2016-12-20,22.355618
2016-12-21,22.460442
2016-12-22,22.399294
2016-12-23,22.460442
2016-12-27,22.504128
2016-12-28,22.504128
2016-12-29,22.652647
2016-12-30,22.696316
2017-01-03,22.416773
2017-01-04,22.486656
2017-01-05,22.740000
2017-01-06,22.582758
2017-01-09,22.617695
2017-01-10,22.635168
2017-01-11,22.670115
2017-01-12,22.792423
2017-01-13,22.871044
2017-01-17,23.045765
2017-01-18,22.774946
2017-01-19,22.740000
2017-01-20,22.757475
2017-01-23,22.975880
2017-01-24,22.923458
2017-01-25,22.923458
2017-01-26,22.766211
2017-01-27,22.757475
2017-01-30,22.801159
2017-01-31,23.028288
2017-02-01,22.993349
2017-02-02,23.028288
2017-02-03,22.984613
2017-02-06,23.071966
2017-02-07,22.923458
2017-02-08,23.019550
2017-02-09,22.914721
2017-02-10,22.923458
2017-02-13,22.836100
2017-02-14,22.809896
2017-02-15,22.818619
2017-02-16,22.958405
2017-02-17,22.871044
2017-02-21,22.853571
2017-02-22,22.888519
2017-02-23,23.010824
2017-02-24,23.080713
2017-02-27,23.054497
2017-02-28,23.098186
2017-03-01,22.871044
2017-03-02,22.722530
2017-03-03,22.827356
2017-03-06,22.827356
2017-03-07,22.801159
2017-03-08,22.687592
2017-03-09,22.574020
2017-03-10,22.713795
2017-03-13,22.696316
2017-03-14,22.652647
2017-03-15,23.002087
2017-03-16,22.984613
2017-03-17,23.106909
2017-03-20,23.106909
2017-03-21,23.211740
2017-03-22,23.325323
2017-03-23,23.290384
2017-03-24,23.325323
2017-03-27,23.430157
2017-03-28,23.342789
2017-03-29,23.395206
2017-03-30,23.203011
2017-03-31,23.272903
2017-04-03,23.342789
2017-04-04,23.316586
2017-04-05,23.351519
2017-04-06,23.272903
2017-04-07,23.185534
2017-04-10,23.255432
2017-04-11,23.316586
2017-04-12,23.438887
2017-04-13,23.430157
2017-04-17,23.517509
2017-04-18,23.674761
2017-04-19,23.622349
2017-04-20,23.543726
2017-04-21,23.561178
2017-04-24,23.683500
2017-04-25,23.622349
2017-04-26,23.517509
2017-04-27,23.561178
2017-04-28,23.604870
2017-05-01,23.604870
2017-05-02,23.578659
2017-05-03,23.517509
2017-05-04,23.578659
2017-05-05,23.613607
2017-05-08,23.473833
2017-05-09,23.299110
2017-05-10,23.281637
2017-05-11,23.272903
2017-05-12,23.465101
2017-05-15,23.491299
2017-05-16,23.631081
2017-05-17,23.858215
2017-05-18,23.840755
2017-05-19,23.989258
2017-05-22,24.015463
2017-05-23,23.945576
2017-05-24,24.006744
2017-05-25,24.006744
2017-05-26,23.997997
2017-05-30,24.059151
2017-05-31,24.059151
2017-06-01,24.059151
2017-06-02,24.225132
2017-06-05,24.190187
2017-06-06,24.321230
2017-06-07,24.216400
2017-06-08,24.198927
2017-06-09,24.102829
2017-06-12,24.172712
2017-06-13,24.198927
2017-06-14,24.303757
2017-06-15,24.137772
2017-06-16,24.198927
2017-06-19,24.050421
2017-06-20,24.015463
2017-06-21,24.067881
2017-06-22,24.129040
2017-06-23,24.146511
2017-06-26,24.094080
2017-06-27,24.111567
2017-06-28,24.207664
2017-06-29,24.190187
2017-06-30,24.137772
2017-07-03,23.997997
2017-07-05,23.980522
2017-07-06,23.919376
2017-07-07,23.858215
2017-07-10,23.858215
2017-07-11,23.945576
2017-07-12,24.059151
2017-07-13,24.076624
2017-07-14,24.163986
2017-07-17,24.198927
2017-07-18,24.443527
2017-07-19,24.391121
2017-07-20,24.513414
2017-07-21,24.592052
2017-07-24,24.600790
2017-07-25,24.478479
2017-07-26,24.644474
2017-07-27,24.600790
2017-07-28,24.723101
2017-07-31,24.845387
2017-08-01,24.862864
2017-08-02,24.845387
2017-08-03,24.941488
2017-08-04,24.714359
2017-08-07,24.775509
2017-08-08,24.731823
2017-08-09,24.749310
2017-08-10,24.810455
2017-08-11,24.924021
2017-08-14,24.854128
2017-08-15,24.705620
2017-08-16,24.775509
2017-08-17,24.784241
2017-08-18,24.871595
2017-08-21,24.941488
2017-08-22,24.810455
2017-08-23,24.880342
2017-08-24,24.845387
2017-08-25,25.002657
2017-08-28,25.090008
2017-08-29,25.090008
2017-08-30,24.906553
2017-08-31,25.028847
2017-09-01,24.920427
2017-09-05,25.121553
2017-09-06,25.147764
2017-09-07,25.331392
2017-09-08,25.366371
2017-09-11,25.182747
2017-09-12,25.060335
2017-09-13,24.929174
2017-09-14,24.964140
2017-09-15,24.999115
2017-09-18,24.911684
2017-09-19,24.964140
2017-09-20,24.798008
2017-09-21,24.789268
2017-09-22,24.876707
2017-09-25,24.841726
2017-09-26,24.719318
2017-09-27,24.535675
2017-09-28,24.561924
2017-09-29,24.561924
2017-10-02,24.463026
2017-10-03,24.463026
2017-10-04,24.506777
2017-10-05,24.384251
2017-10-06,24.428009
2017-10-09,24.445513
2017-10-10,24.559294
2017-10-11,24.611816
2017-10-12,24.620558
2017-10-13,24.716845
2017-10-16,24.673084
2017-10-17,24.664326
2017-10-18,24.620558
2017-10-19,24.664326
2017-10-20,24.471779
2017-10-23,24.471779
2017-10-24,24.436766
2017-10-25,24.445513
2017-10-26,24.270466
2017-10-27,24.261719
2017-10-30,24.366743
2017-10-31,24.375490
2017-11-01,24.328188
2017-11-02,24.371975
2017-11-03,24.354467
2017-11-06,24.407036
2017-11-07,24.336954
2017-11-08,24.424561
2017-11-09,24.407036
2017-11-10,24.468355
2017-11-13,24.424561
2017-11-14,24.529678
2017-11-15,24.582243
2017-11-16,24.634815
2017-11-17,24.739941
2017-11-20,24.652334
2017-11-21,24.757460
2017-11-22,24.862581
2017-11-24,24.888868
2017-11-27,24.993994
2017-11-28,24.915140
2017-11-29,24.853828
2017-11-30,24.888868
2017-12-01,25.035311
2017-12-04,24.947613
2017-12-05,24.886238
2017-12-06,24.842394
2017-12-07,24.798552
2017-12-08,24.728403
2017-12-11,24.737167
2017-12-12,24.693325
2017-12-13,24.851160
2017-12-14,24.851160
2017-12-15,24.798552
2017-12-18,24.851160
2017-12-19,24.802021
2017-12-20,24.775694
2017-12-21,24.714245
2017-12-22,24.766905
2017-12-26,24.766905
2017-12-27,24.872229
2017-12-28,24.863449
2017-12-29,24.951218
2018-01-02,25.091639
2018-01-03,24.986319
2018-01-04,25.056524
2018-01-05,25.038975
2018-01-08,25.003866
2018-01-09,24.924885
2018-01-10,25.065310
2018-01-11,25.100410
2018-01-12,25.275932
2018-01-16,25.363703
2018-01-17,25.354921
2018-01-18,25.337381
2018-01-19,25.363703
2018-01-22,25.398813
2018-01-23,25.451466
2018-01-24,25.679663
2018-01-25,25.714754
2018-01-26,25.732304
2018-01-29,25.670881
2018-01-30,25.565559
2018-01-31,25.679663
2018-02-01,25.734095
2018-02-02,25.549669
2018-02-05,25.549669
2018-02-06,25.567232
2018-02-07,25.365225
2018-02-08,25.312525
2018-02-09,25.242252
2018-02-12,25.391565
2018-02-13,25.505745
2018-02-14,25.698978
2018-02-15,25.804365
2018-02-16,25.690195
2018-02-20,25.514526
2018-02-21,25.400352
2018-02-22,25.576000
2018-02-23,25.602356
2018-02-26,25.628723
2018-02-27,25.400352
2018-02-28,25.488180
2018-03-01,25.562023
2018-03-02,25.588388
2018-03-05,25.553230
2018-03-06,25.658714
2018-03-07,25.693874
2018-03-08,25.614754
2018-03-09,25.632334
2018-03-12,25.729034
2018-03-13,25.755398
2018-03-14,25.816944
2018-03-15,25.772985
2018-03-16,25.685087
2018-03-19,25.772985
2018-03-20,25.658714
2018-03-21,25.843304
2018-03-22,25.808144
2018-03-23,25.922417
2018-03-26,26.027905
2018-03-27,26.027905
2018-03-28,25.843304
2018-03-29,25.939997
2018-04-02,26.005096
2018-04-03,25.881929
2018-04-04,25.908331
2018-04-05,25.767567
2018-04-06,25.837948
2018-04-09,25.908331
2018-04-10,25.925928
2018-04-11,25.943521
2018-04-12,25.855541
2018-04-13,25.881929
2018-04-16,25.934723
2018-04-17,25.943521
2018-04-18,25.908331
2018-04-19,25.793972
2018-04-20,25.600416
2018-04-23,25.389284
2018-04-24,25.380489
2018-04-25,25.239725
2018-04-26,25.248533
2018-04-27,25.318901
2018-04-30,25.213341
2018-05-01,25.028458
2018-05-02,24.922829
2018-05-03,25.072474
2018-05-04,25.037273
2018-05-07,25.019665
2018-05-08,24.878811
2018-05-09,24.861202
2018-05-10,24.966833
2018-05-11,25.002050
2018-05-14,24.940424
2018-05-15,24.702730
2018-05-16,24.685129
2018-05-17,24.597084
2018-05-18,24.579475
2018-05-21,24.605890
2018-05-22,24.614695
2018-05-23,24.597084
2018-05-24,24.737946
2018-05-25,24.702730
2018-05-29,24.561876
2018-05-30,24.658710
2018-05-31,24.702730
2018-06-01,24.634886
2018-06-04,24.678932
2018-06-05,24.696568
2018-06-06,24.661316
2018-06-07,24.652504
2018-06-08,24.626074
2018-06-11,24.626074
2018-06-12,24.555588
2018-06-13,24.599640
2018-06-14,24.449860
2018-06-15,24.449860
2018-06-18,24.432234
2018-06-19,24.432234
2018-06-20,24.414618
2018-06-21,24.423429
2018-06-22,24.537964
2018-06-25,24.485109
2018-06-26,24.441040
2018-06-27,24.361765
2018-06-28,24.326519
2018-06-29,24.449860
2018-07-02,24.415472
2018-07-03,24.512465
2018-07-05,24.574196
2018-07-06,24.653549
2018-07-09,24.671179
2018-07-10,24.653549
2018-07-11,24.512465
2018-07-12,24.512465
2018-07-13,24.530098
2018-07-16,24.556549
2018-07-17,24.512465
2018-07-18,24.441935
2018-07-19,24.397837
2018-07-20,24.538923
2018-07-23,24.459572
2018-07-24,24.477205
2018-07-25,24.583012
2018-07-26,24.477205
2018-07-27,24.503660
2018-07-30,24.494831
2018-07-31,24.521292
2018-08-01,24.403013
2018-08-02,24.323587
2018-08-03,24.332413
2018-08-06,24.314753
2018-08-07,24.367722
2018-08-08,24.385357
2018-08-09,24.288284
2018-08-10,24.191196
2018-08-13,24.111767
2018-08-14,24.041157
2018-08-15,24.032330
2018-08-16,24.058819
2018-08-17,24.173544
2018-08-20,24.279463
2018-08-21,24.385357
2018-08-22,24.438316
2018-08-23,24.314753
2018-08-24,24.385357
2018-08-27,24.491272
2018-08-28,24.508926
2018-08-29,24.473625
2018-08-30,24.455975
2018-08-31,24.367722
2018-09-04,24.274960
2018-09-05,24.319136
2018-09-06,24.354467
2018-09-07,24.239630
2018-09-10,24.292635
2018-09-11,24.239630
2018-09-12,24.310293
2018-09-13,24.363297
2018-09-14,24.266123
2018-09-17,24.336788
2018-09-18,24.292635
2018-09-19,24.319136
2018-09-20,24.451637
2018-09-21,24.389807
2018-09-24,24.319136
2018-09-25,24.327961
2018-09-26,24.345636
2018-09-27,24.213135
2018-09-28,24.186636
2018-10-01,24.113243
2018-10-02,24.069017
2018-10-03,23.901016
2018-10-04,23.865643
2018-10-05,23.830275
2018-10-08,23.847956
2018-10-09,23.856808
2018-10-10,23.883326
2018-10-11,24.007122
2018-10-12,23.998281
2018-10-15,24.051342
2018-10-16,24.086697
2018-10-17,23.998281
2018-10-18,23.945223
2018-10-19,23.971752
2018-10-22,23.909853
2018-10-23,23.962917
2018-10-24,23.918695
2018-10-25,23.901016
2018-10-26,23.989433
2018-10-29,23.901016
2018-10-30,23.847956
2018-10-31,23.786055
2018-11-01,23.977463
2018-11-02,23.942015
2018-11-05,23.959728
2018-11-06,23.986311
2018-11-07,24.012909
2018-11-08,23.879986
2018-11-09,23.853401
2018-11-12,23.711634
2018-11-13,23.764797
2018-11-14,23.826815
2018-11-15,23.853401
2018-11-16,23.986311
2018-11-19,23.995178
2018-11-20,23.906578
2018-11-21,23.959728
2018-11-23,23.906578
2018-11-26,23.915434
2018-11-27,23.844551
2018-11-28,23.942015
2018-11-29,24.048342
2018-11-30,24.012909
2018-12-03,24.063450
2018-12-04,24.134413
2018-12-06,24.205376
2018-12-07,24.240860
2018-12-10,24.152151
2018-12-11,24.116669
2018-12-12,24.143278
2018-12-13,24.107803
2018-12-14,24.063450
2018-12-17,24.125553
2018-12-18,24.214241
2018-12-19,24.238214
2018-12-20,24.406914
2018-12-21,24.220449
2018-12-24,24.335882
2018-12-26,24.291487
2018-12-27,24.380274
2018-12-28,24.442430
2018-12-31,24.513451
2019-01-02,24.504566
2019-01-03,24.611111
2019-01-04,24.593357
2019-01-07,24.637741
2019-01-08,24.566723
2019-01-09,24.770927
2019-01-10,24.726522
2019-01-11,24.664381
2019-01-14,24.691010
2019-01-15,24.637741
2019-01-16,24.619980
2019-01-17,24.584476
2019-01-18,24.495686
2019-01-22,24.495686
2019-01-23,24.575602
2019-01-24,24.548960
2019-01-25,24.708769
2019-01-28,24.735413
2019-01-29,24.726522
2019-01-30,24.850828
2019-01-31,24.859711
2019-02-01,24.857046
2019-02-04,24.759283
2019-02-05,24.732620
2019-02-06,24.670410
2019-02-07,24.697077
2019-02-08,24.697077
2019-02-11,24.545998
2019-02-12,24.590429
2019-02-13,24.519329
2019-02-14,24.537107
2019-02-15,24.590429
2019-02-19,24.670410
2019-02-20,24.661528
2019-02-21,24.625980
2019-02-22,24.688187
2019-02-25,24.679295
2019-02-26,24.759283
2019-02-27,24.723730
2019-02-28,24.590429
2019-03-01,24.533510
2019-03-04,24.489027
2019-03-05,24.462341
2019-03-06,24.524603
2019-03-07,24.471237
2019-03-08,24.542402
2019-03-11,24.586864
2019-03-12,24.640245
2019-03-13,24.702517
2019-03-14,24.658031
2019-03-15,24.693611
2019-03-18,24.755892
2019-03-19,24.800367
2019-03-20,24.942690
2019-03-21,24.880419
2019-03-22,24.969376
2019-03-25,25.004955
2019-03-26,24.924902
2019-03-27,24.880419
2019-03-28,24.835936
2019-03-29,24.809256
2019-04-01,24.736219
2019-04-02,24.762941
2019-04-03,24.745121
2019-04-04,24.736219
2019-04-05,24.718409
2019-04-08,24.771852
2019-04-09,24.825294
2019-04-10,24.914364
2019-04-11,24.807470
2019-04-12,24.798569
2019-04-15,24.807470
2019-04-16,24.745121
2019-04-17,24.718409
2019-04-18,24.691673
2019-04-22,24.700588
2019-04-23,24.611511
2019-04-24,24.584782
2019-04-25,24.495714
2019-04-26,24.602604
2019-04-29,24.620409
2019-04-30,24.673859
2019-05-01,24.662273
2019-05-02,24.599865
2019-05-03,24.662273
2019-05-06,24.653364
2019-05-07,24.715769
2019-05-08,24.724689
2019-05-09,24.751425
2019-05-10,24.742525
2019-05-13,24.751425
2019-05-14,24.751425
2019-05-15,24.760353
2019-05-16,24.724689
2019-05-17,24.653364
2019-05-20,24.626612
2019-05-21,24.582027
2019-05-22,24.635527
2019-05-23,24.742525
2019-05-24,24.885174
2019-05-28,24.849516
2019-05-29,24.822765
2019-05-30,24.831678
2019-05-31,24.956505
2019-06-03,25.107342
2019-06-04,25.169825
2019-06-05,25.223377
2019-06-06,25.303707
2019-06-07,25.455444
2019-06-10,25.375118
2019-06-11,25.392971
2019-06-12,25.321558
2019-06-13,25.366186
2019-06-14,25.294783
2019-06-17,25.223377
2019-06-18,25.366186
2019-06-19,25.446524
2019-06-20,25.651794
2019-06-21,25.696432
2019-06-24,25.830315
2019-06-25,25.830315
2019-06-26,25.749981
2019-06-27,25.732128
2019-06-28,25.812456
2019-07-01,25.665951
2019-07-02,25.701683
2019-07-03,25.826761
2019-07-05,25.621284
2019-07-08,25.585552
2019-07-09,25.523014
2019-07-10,25.594481
2019-07-11,25.478352
2019-07-12,25.567684
2019-07-15,25.594481
2019-07-16,25.549814
2019-07-17,25.549814
2019-07-18,25.799957
2019-07-19,25.674885
2019-07-22,25.692747
2019-07-23,25.603416
2019-07-24,25.674885
2019-07-25,25.612352
2019-07-26,25.540880
2019-07-29,25.505154
2019-07-30,25.558756
2019-07-31,25.478352
2019-08-01,25.574928
2019-08-02,25.726938
2019-08-05,25.807417
2019-08-06,25.887903
2019-08-07,25.995213
2019-08-08,25.959442
2019-08-09,25.959442
2019-08-12,26.093567
2019-08-13,26.048862
2019-08-14,26.084635
2019-08-15,26.245594
2019-08-16,26.120394
2019-08-19,25.950495
2019-08-20,26.111456
2019-08-21,26.013083
2019-08-22,25.968382
2019-08-23,26.102524
2019-08-26,26.057804
2019-08-27,26.138288
2019-08-28,26.165117
2019-08-29,26.102524
2019-08-30,25.950495
2019-09-03,25.982710
2019-09-04,26.108028
2019-09-05,25.955873
2019-09-06,25.955873
2019-09-09,25.946924
2019-09-10,25.821609
2019-09-11,25.750011
2019-09-12,25.767921
2019-09-13,25.571009
2019-09-16,25.660505
2019-09-17,25.723158
2019-09-18,25.723158
2019-09-19,25.767921
2019-09-20,25.812664
2019-09-23,25.812664
2019-09-24,25.946924
2019-09-25,25.767921
2019-09-26,25.767921
2019-09-27,25.732115
2019-09-30,25.687365
2019-10-01,25.638979
2019-10-02,25.737532
2019-10-03,25.889816
2019-10-04,25.925659
2019-10-07,25.845032
2019-10-08,25.800236
2019-10-09,25.764404
2019-10-10,25.746475
2019-10-11,25.746475
2019-10-14,25.737532
2019-10-15,25.692738
2019-10-16,25.764404
2019-10-17,25.800236
2019-10-18,25.871906
2019-10-21,25.809191
2019-10-22,25.818155
2019-10-23,25.809191
2019-10-24,25.800236
2019-10-25,25.728567
2019-10-28,25.701694
2019-10-29,25.701694
2019-10-30,25.773357
2019-10-31,25.916687
2019-11-01,25.958839
2019-11-04,25.815376
2019-11-05,25.645010
2019-11-06,25.653975
2019-11-07,25.492575
2019-11-08,25.411863
2019-11-11,25.456703
2019-11-12,25.384970
2019-11-13,25.447739
2019-11-14,25.546370
2019-11-15,25.591198
2019-11-18,25.618101
2019-11-19,25.636049
2019-11-20,25.645010
2019-11-21,25.591198
2019-11-22,25.555340
2019-11-25,25.519478
2019-11-26,25.555340
2019-11-27,25.564308
2019-11-29,25.537397
2019-12-02,25.525740
2019-12-03,25.642418
2019-12-04,25.642418
2019-12-05,25.660368
2019-12-06,25.588558
2019-12-09,25.615484
2019-12-10,25.624453
2019-12-11,25.803959
2019-12-12,25.678308
2019-12-13,25.723194
2019-12-16,25.759089
2019-12-17,25.777039
2019-12-18,25.687284
2019-12-19,25.642418
2019-12-20,25.603773
2019-12-23,25.603773
2019-12-24,25.630737
2019-12-26,25.720575
2019-12-27,25.819391
2019-12-30,25.783457
2019-12-31,25.882288
2020-01-02,25.855324
2020-01-03,25.864315
2020-01-06,25.909227
2020-01-07,25.828377
2020-01-08,25.747522
2020-01-09,25.666670
2020-01-10,25.738543
2020-01-13,25.702604
2020-01-14,25.657686
2020-01-15,25.747522
2020-01-16,25.711594
2020-01-17,25.684637
2020-01-21,25.711594
2020-01-22,25.756508
2020-01-23,25.747522
2020-01-24,25.792439
2020-01-27,25.864315
2020-01-28,25.792439
2020-01-29,25.864315
2020-01-30,25.882288
2020-01-31,25.990080
2020-02-03,25.888475
2020-02-04,25.816534
2020-02-05,25.690645
2020-02-06,25.663673
2020-02-07,25.654680
2020-02-10,25.708633
2020-02-11,25.690645
2020-02-12,25.672657
2020-02-13,25.636686
2020-02-14,25.627697
2020-02-18,25.645685
2020-02-19,25.546772
2020-02-20,25.465837
2020-02-21,25.618708
2020-02-24,25.708633
2020-02-25,25.753590
2020-02-26,25.672657
2020-02-27,25.762581
2020-02-28,25.996378
2020-03-02,26.099880
2020-03-03,26.324873
2020-03-04,26.279884
2020-03-05,26.486876
2020-03-06,26.702873
2020-03-09,26.855877
2020-03-10,26.495876
2020-03-11,26.585873
2020-03-12,25.793873
2020-03-13,25.064888
2020-03-16,25.586887
2020-03-17,24.569891
2020-03-18,23.264902
2020-03-19,23.867895
2020-03-20,24.056889
2020-03-23,24.155886
2020-03-24,24.020889
2020-03-25,24.110893
2020-03-26,24.920887
2020-03-27,25.118883
2020-03-30,24.893885
2020-03-31,25.019875
2020-04-01,24.829779
2020-04-02,24.775730
2020-04-03,24.586527
2020-04-06,24.577524
2020-04-07,24.757715
2020-04-08,24.667622
2020-04-09,25.027990
2020-04-13,24.973925
2020-04-14,25.046011
2020-04-15,24.982941
2020-04-16,24.883842
2020-04-17,24.919882
2020-04-20,24.883842
2020-04-21,24.892847
2020-04-22,24.784740
2020-04-23,24.901850
2020-04-24,25.082050
2020-04-27,24.928890
2020-04-28,25.091059
2020-04-29,25.307274
2020-04-30,25.388365
2020-05-01,25.400980
2020-05-04,25.319836
2020-05-05,25.283764
2020-05-06,25.148508
2020-05-07,25.238676
2020-05-08,25.238676
2020-05-11,25.103430
2020-05-12,25.202618
2020-05-13,25.175562
2020-05-14,25.175562
2020-05-15,25.130491
2020-05-18,25.292780
2020-05-19,25.310814
2020-05-20,25.464117
2020-05-21,25.455093
2020-05-22,25.193605
2020-05-26,25.373932
2020-05-27,25.410007
2020-05-28,25.437052
2020-05-29,25.617397
2020-06-01,25.640867
2020-06-02,25.695007
2020-06-03,25.758196
2020-06-04,25.767210
2020-06-05,25.758196
2020-06-08,25.947725
2020-06-09,26.019928
2020-06-10,26.200430
2020-06-11,26.119205
2020-06-12,26.028950
2020-06-15,26.092129
2020-06-16,25.992849
2020-06-17,25.974804
2020-06-18,25.929672
2020-06-19,25.920650
2020-06-22,26.037975
2020-06-23,26.209454
2020-06-24,26.119205
2020-06-25,26.028950
2020-06-26,26.056036
2020-06-29,26.092129
2020-06-30,26.092129
2020-07-01,26.036119
2020-07-02,26.045153
2020-07-06,26.234865
2020-07-07,26.198719
2020-07-08,26.325214
2020-07-09,26.307137
2020-07-10,26.325214
2020-07-13,26.261969
2020-07-14,26.325214
2020-07-15,26.388447
2020-07-16,26.198719
2020-07-17,26.469751
2020-07-20,26.460722
2020-07-21,26.677534
2020-07-22,26.695595
2020-07-23,26.668505
2020-07-24,26.804010
2020-07-27,26.975666
2020-07-28,26.975666
2020-07-29,27.138273
2020-07-30,27.255714
2020-07-31,27.065998
2020-08-03,27.032549
2020-08-04,27.195288
2020-08-05,27.204330
2020-08-06,27.276661
2020-08-07,27.041586
2020-08-10,27.077755
2020-08-11,26.960213
2020-08-12,26.896931
2020-08-13,26.924051
2020-08-14,27.005423
2020-08-17,27.041586
2020-08-18,27.276661
2020-08-19,27.041586
2020-08-20,27.131996
2020-08-21,27.032549
2020-08-24,27.068705
2020-08-25,26.996376
2020-08-26,27.005423
2020-08-27,26.942135
2020-08-28,27.168158
2020-08-31,27.177204
2020-09-01,27.207056
2020-09-02,27.116577
2020-09-03,27.089436
2020-09-04,27.053249
2020-09-08,27.008005
2020-09-09,27.035152
2020-09-10,26.935623
2020-09-11,27.062290
2020-09-14,27.089436
2020-09-15,27.143728
2020-09-16,27.125629
2020-09-17,27.261351
2020-09-18,27.243254
2020-09-21,27.125629
2020-09-22,27.026100
2020-09-23,26.836094
2020-09-24,26.799913
2020-09-25,26.790848
2020-09-28,26.917532
2020-09-29,26.962767
2020-09-30,26.845144
2020-10-01,26.919399
2020-10-02,26.964664
2020-10-05,26.982771
2020-10-06,26.991833
2020-10-07,26.883179
2020-10-08,27.046164
2020-10-09,27.172916
2020-10-12,27.154810
2020-10-13,27.109543
2020-10-14,27.227249
2020-10-15,27.100489
2020-10-16,27.145760
2020-10-19,27.181974
2020-10-20,27.254410
2020-10-21,27.399288
2020-10-22,27.263470
2020-10-23,27.354013
2020-10-26,27.281584
2020-10-27,27.381182
2020-10-28,27.254410
2020-10-29,27.109543
2020-10-30,27.118597
2020-11-02,27.012569
2020-11-03,27.157560
2020-11-04,27.347851
2020-11-05,27.601574
2020-11-06,27.665005
2020-11-09,27.320671
2020-11-10,27.311604
2020-11-11,27.266300
2020-11-12,27.320671
2020-11-13,27.402225
2020-11-16,27.529076
2020-11-17,27.628757
2020-11-18,27.601574
2020-11-19,27.619696
2020-11-20,27.674070
2020-11-23,27.583450
2020-11-24,27.665005
2020-11-25,27.746565
2020-11-27,27.791874
2020-11-30,27.674070
2020-12-01,27.731197
2020-12-02,27.794680
2020-12-03,28.048594
2020-12-04,28.012320
2020-12-07,27.966990
2020-12-08,28.039528
2020-12-09,28.048594
2020-12-10,28.130211
2020-12-11,28.148344
2020-12-14,28.121145
2020-12-15,28.193693
2020-12-16,28.175558
2020-12-17,28.356926
2020-12-18,28.287048
2020-12-21,28.277967
2020-12-22,28.141846
2020-12-23,28.123690
2020-12-24,28.178146
2020-12-28,28.169062
2020-12-29,28.259811
2020-12-30,28.405018
2020-12-31,28.341496
2021-01-04,28.495762
2021-01-05,28.541151
2021-01-06,28.532064
2021-01-07,28.305197
2021-01-08,28.232597
2021-01-11,28.114618
2021-01-12,28.178146
2021-01-13,28.214449
2021-01-14,28.232597
2021-01-15,28.114618
2021-01-19,28.087383
2021-01-20,28.178146
2021-01-21,28.169062
2021-01-22,28.087383
2021-01-25,28.096460
2021-01-26,28.150915
2021-01-27,27.987568
2021-01-28,28.060162
2021-01-29,27.987568
2021-02-01,27.807749
2021-02-02,27.789583
2021-02-03,27.744175
2021-02-04,27.662445
2021-02-05,27.707857
2021-02-08,27.816822
2021-02-09,27.880400
2021-02-10,27.871321
2021-02-11,27.962132
2021-02-12,27.834990
2021-02-16,27.607950
2021-02-17,27.535303
2021-02-18,27.598873
2021-02-19,27.589790
2021-02-22,27.580711
2021-02-23,27.580711
2021-02-24,27.562542
2021-02-25,27.253775
2021-02-26,27.235605
2021-03-01,27.326483
2021-03-02,27.408278
2021-03-03,27.190163
2021-03-04,26.999334
2021-03-05,26.908447
2021-03-08,26.699446
2021-03-09,26.881191
2021-03-10,26.981169
2021-03-11,27.117468
2021-03-12,26.944817
2021-03-15,26.935720
2021-03-16,26.926632
2021-03-17,26.999334
2021-03-18,26.808495
2021-03-19,26.881191
2021-03-22,26.990242
2021-03-23,26.917549
2021-03-24,26.799404
2021-03-25,26.781233
2021-03-26,26.772137
2021-03-29,26.635826
2021-03-30,26.544956
2021-03-31,26.481340
2021-04-01,26.628670
2021-04-05,26.674141
2021-04-06,26.892414
2021-04-07,26.837845
2021-04-08,26.956072
2021-04-09,26.874214
2021-04-12,26.837845
2021-04-13,26.956072
2021-04-14,26.974251
2021-04-15,27.092491
2021-04-16,27.019733
2021-04-19,27.137960
2021-04-20,27.137960
2021-04-21,27.174339
2021-04-22,27.147060
2021-04-23,27.256187
2021-04-26,27.219809
2021-04-27,27.110680
2021-04-28,27.219809
2021-04-29,27.137960
2021-04-30,26.937883
2021-05-03,27.093506
2021-05-04,26.984303
2021-05-05,26.956991
2021-05-06,27.066206
2021-05-07,27.230021
2021-05-10,27.166317
2021-05-11,27.175417
2021-05-12,26.875082
2021-05-13,26.920589
2021-05-14,27.020706
2021-05-17,27.066206
2021-05-18,27.120808
2021-05-19,27.038898
2021-05-20,27.157213
2021-05-21,27.139015
2021-05-24,27.157213
2021-05-25,27.266426
2021-05-26,27.275526
2021-05-27,27.239124
2021-05-28,27.202715
2021-06-01,27.269205
2021-06-02,27.287418
2021-06-03,27.114376
2021-06-04,27.287418
2021-06-07,27.269205
2021-06-08,27.260103
2021-06-09,27.342073
2021-06-10,27.378506
2021-06-11,27.296530
2021-06-14,27.260103
2021-06-15,27.178129
2021-06-16,26.959539
2021-06-17,26.795593
2021-06-18,26.795593
2021-06-21,26.895782
2021-06-22,26.859354
2021-06-23,26.813814
2021-06-24,26.841135
2021-06-25,26.813814
2021-06-28,26.832020
2021-06-29,26.786484
2021-06-30,26.731840
2021-07-01,26.696302
2021-07-02,26.796555
2021-07-06,26.750977
2021-07-07,26.814781
2021-07-08,26.896811
2021-07-09,26.887697
2021-07-12,26.878578
2021-07-13,26.723633
2021-07-14,26.933262
2021-07-15,26.851229
2021-07-16,26.896811
2021-07-19,26.905924
2021-07-20,26.924154
2021-07-21,26.887697
2021-07-22,26.933262
2021-07-23,26.905924
2021-07-26,26.915039
2021-07-27,27.024412
2021-07-28,27.060871
2021-07-29,27.152016
2021-07-30,27.106443
2021-08-02,27.089109
2021-08-03,27.189442
2021-08-04,27.189442
2021-08-05,27.171198
2021-08-06,26.943176
2021-08-09,26.943176
2021-08-10,26.851976
2021-08-11,26.961426
2021-08-12,26.906694
2021-08-13,27.007027
2021-08-16,26.924936
2021-08-17,26.888458
2021-08-18,26.906694
2021-08-19,26.815483
2021-08-20,26.824606
2021-08-23,26.952297
2021-08-24,26.915819
2021-08-25,26.888458
2021-08-26,26.851976
2021-08-27,26.979666
2021-08-30,26.906694
2021-08-31,26.861090
2021-09-01,26.991623
2021-09-02,27.009874
2021-09-03,27.028135
2021-09-07,26.863825
2021-09-08,26.845572
2021-09-09,26.955112
2021-09-10,26.863825
2021-09-13,26.918596
2021-09-14,26.891201
2021-09-15,26.882088
2021-09-16,26.754293
2021-09-17,26.626499
2021-09-20,26.708652
2021-09-21,26.663008
2021-09-22,26.672140
2021-09-23,26.599117
2021-09-24,26.471333
2021-09-27,26.453068
2021-09-28,26.297888
2021-09-29,26.106194
2021-09-30,26.224869
2021-10-01,26.307995
2021-10-04,26.298859
2021-10-05,26.189234
2021-10-06,26.170973
2021-10-07,26.143568
2021-10-08,26.061356
2021-10-11,25.878654
2021-10-12,25.951736
2021-10-13,26.134430
2021-10-14,26.225779
2021-10-15,26.116156
2021-10-18,26.097897
2021-10-19,26.116156
2021-10-20,26.170973
2021-10-21,26.043085
2021-10-22,26.180105
2021-10-25,26.116156
2021-10-26,26.125290
2021-10-27,26.225779
2021-10-28,26.271456
2021-10-29,26.107037
2021-11-01,26.074097
2021-11-02,26.128979
2021-11-03,26.138138
2021-11-04,26.174732
2021-11-05,26.321110
2021-11-08,26.302813
2021-11-09,26.430902
2021-11-10,26.046650
2021-11-11,25.973455
2021-11-12,26.055794
2021-11-15,25.854513
2021-11-16,25.781330
2021-11-17,25.881971
2021-11-18,25.955158
2021-11-19,25.918558
2021-11-22,25.634951
2021-11-23,25.607500
2021-11-24,25.561766
2021-11-26,25.881971
2021-11-29,25.827076
2021-11-30,25.946009
2021-12-01,26.002775
2021-12-02,25.957003
2021-12-03,25.938677
2021-12-06,25.957003
2021-12-07,25.993620
2021-12-08,26.021086
2021-12-09,25.993620
2021-12-10,26.030243
2021-12-13,25.984461
2021-12-14,25.911221
2021-12-15,25.947834
2021-12-16,26.057713
2021-12-17,25.967915
2021-12-20,25.912943
2021-12-21,25.848795
2021-12-22,25.903776
2021-12-23,25.876278
2021-12-27,25.894609
2021-12-28,25.793818
2021-12-29,25.802971
2021-12-30,25.784658
2021-12-31,25.903776
2022-01-03,25.592230
2022-01-04,25.592230
2022-01-05,25.482279
2022-01-06,25.436457
2022-01-07,25.500610
2022-01-10,25.528095
2022-01-11,25.573900
2022-01-12,25.784658
2022-01-13,25.857962
2022-01-14,25.729675
2022-01-18,25.454788
2022-01-19,25.573900
2022-01-20,25.518927
2022-01-21,25.628885
2022-01-24,25.564747
2022-01-25,25.500610
2022-01-26,25.207390
2022-01-27,25.244038
2022-01-28,25.124920
2022-01-31,25.225714
2022-02-01,25.310081
2022-02-02,25.401789
2022-02-03,25.337589
2022-02-04,25.245886
2022-02-07,25.190872
2022-02-08,25.071657
2022-02-09,25.218380
2022-02-10,24.979942
2022-02-11,25.044140
2022-02-14,24.906578
2022-02-15,24.952436
2022-02-16,25.053310
2022-02-17,25.099161
2022-02-18,25.126669
2022-02-22,25.062483
2022-02-23,24.970778
2022-02-24,24.759859
2022-02-25,24.934101
2022-02-28,24.943266
2022-03-01,24.954290
2022-03-02,24.706478
2022-03-03,24.734013
2022-03-04,24.688124
2022-03-07,24.486216
2022-03-08,24.339376
2022-03-09,24.421974
2022-03-10,24.265953
2022-03-11,24.128283
2022-03-14,23.889658
2022-03-15,23.898836
2022-03-16,24.128283
2022-03-17,24.238417
2022-03-18,24.210878
2022-03-21,23.917204
2022-03-22,23.944731
2022-03-23,23.972267
2022-03-24,23.862131
2022-03-25,23.751995
2022-03-28,23.696928
2022-03-29,23.733643
2022-03-30,23.908014
2022-03-31,23.889658
2022-04-01,23.785887
2022-04-04,23.850178
2022-04-05,23.611387
2022-04-06,23.427719
2022-04-07,23.363438
2022-04-08,23.289963
2022-04-11,22.959347
2022-04-12,23.179750
2022-04-13,23.188942
2022-04-14,23.106291
2022-04-18,22.986897
2022-04-19,22.830778
2022-04-20,22.986897
2022-04-21,22.803225
2022-04-22,22.647095
2022-04-25,22.720564
2022-04-26,22.683832
2022-04-27,22.445061
2022-04-28,22.151173
2022-04-29,22.224649
2022-05-02,22.088604
2022-05-03,22.152954
2022-05-04,22.447094
2022-05-05,22.097797
2022-05-06,21.987492
2022-05-09,21.858805
2022-05-10,21.895573
2022-05-11,21.886379
2022-05-12,21.996683
2022-05-13,21.886379
2022-05-16,21.950724
2022-05-17,21.978304
2022-05-18,22.042646
2022-05-19,22.254061
2022-05-20,22.235682
2022-05-23,22.327600
2022-05-24,22.520638
2022-05-25,22.456291
2022-05-26,22.401140
2022-05-27,22.474674
2022-05-31,22.345984
2022-06-01,22.081007
2022-06-02,22.338627
2022-06-03,22.099417
2022-06-06,22.025810
2022-06-07,22.016607
2022-06-08,21.823404
2022-06-09,21.528982
2022-06-10,21.326584
2022-06-13,20.829752
2022-06-14,20.746948
2022-06-15,21.032166
2022-06-16,21.252977
2022-06-17,21.013767
2022-06-21,20.884956
2022-06-22,21.170176
2022-06-23,21.363384
2022-06-24,21.335775
2022-06-27,21.252977
2022-06-28,21.087366
2022-06-29,21.160976
2022-06-30,21.308178
2022-07-01,21.403032
2022-07-05,21.228056
2022-07-06,21.053072
2022-07-07,21.071491
2022-07-08,21.025446
2022-07-11,20.850460
2022-07-12,21.007029
2022-07-13,21.053072
2022-07-14,20.914928
2022-07-15,20.896515
2022-07-18,20.997812
2022-07-19,21.016232
2022-07-20,20.997812
2022-07-21,21.099125
2022-07-22,21.356987
2022-07-25,21.264893
2022-07-26,21.274103
2022-07-27,21.467501
2022-07-28,21.578011
2022-07-29,21.743786
2022-08-01,21.866400
2022-08-02,21.672813
2022-08-03,21.700460
2022-08-04,21.903278
2022-08-05,21.608274
2022-08-08,21.635929
2022-08-09,21.755768
2022-08-10,21.958576
2022-08-11,21.783434
2022-08-12,21.792646
2022-08-15,21.709679
2022-08-16,21.626713
2022-08-17,21.488434
2022-08-18,21.276405
2022-08-19,21.045946
2022-08-22,20.870789
2022-08-23,20.824699
2022-08-24,20.769396
2022-08-25,20.944542
2022-08-26,20.778608
2022-08-29,20.640337
2022-08-30,20.631115
2022-08-31,20.520489
2022-09-01,20.467890
2022-09-02,20.430977
2022-09-06,20.144907
2022-09-07,20.366377
2022-09-08,20.227949
2022-09-09,20.274101
2022-09-12,20.375608
2022-09-13,20.126442
2022-09-14,20.264870
2022-09-15,20.098768
2022-09-16,20.135679
2022-09-19,20.098768
2022-09-20,19.914204
2022-09-21,19.877295
2022-09-22,19.803463
2022-09-23,19.471256
2022-09-26,19.009855
2022-09-27,18.899109
2022-09-28,19.406658
2022-09-29,19.342062
2022-09-30,19.222095
2022-10-03,19.519558
2022-10-04,19.796690
2022-10-05,19.547274
2022-10-06,19.399469
2022-10-07,19.205467
2022-10-10,19.048431
2022-10-11,18.946810
2022-10-12,18.909863
2022-10-13,19.066898
2022-10-14,18.863668
2022-10-17,18.983761
2022-10-18,19.076141
2022-10-19,18.928333
2022-10-20,18.835951
2022-10-21,19.002237
2022-10-24,18.956049
2022-10-25,19.297850
2022-10-26,19.519558
2022-10-27,19.547274
2022-10-28,19.491844
2022-10-31,19.260906
2022-11-01,19.375576
2022-11-02,19.292345
2022-11-03,19.107368
2022-11-04,19.440311
2022-11-07,19.366329
2022-11-08,19.653025
2022-11-09,19.542046
2022-11-10,20.281931
2022-11-11,20.485388
2022-11-14,20.365171
2022-11-15,20.568634
2022-11-16,20.624123
2022-11-17,20.402161
2022-11-18,20.383656
2022-11-21,20.244936
2022-11-22,20.457649
2022-11-23,20.698109
2022-11-25,20.744358
2022-11-28,20.559383
2022-11-29,20.587126
2022-11-30,20.827587
2022-12-01,21.259068
2022-12-02,21.231287
2022-12-05,20.972033
2022-12-06,20.990557
2022-12-07,21.166479
2022-12-08,21.110922
2022-12-09,21.009077
2022-12-12,20.962776
2022-12-13,21.166479
2022-12-14,21.203510
2022-12-15,20.879438
2022-12-16,20.842407
2022-12-19,20.767303
2022-12-20,20.878563
2022-12-21,20.906370
2022-12-22,20.832209
2022-12-23,20.813662
2022-12-27,20.674597
2022-12-28,20.563345
2022-12-29,20.971275
2022-12-30,20.795122
2023-01-03,20.748766
2023-01-04,20.989813
2023-01-05,20.758038
2023-01-06,21.119617
2023-01-09,21.221600
2023-01-10,21.119617
2023-01-11,21.323568
2023-01-12,21.546076
2023-01-13,21.592434
2023-01-17,21.620249
2023-01-18,21.750050
2023-01-19,21.787125
2023-01-20,21.787125
2023-01-23,21.583164
2023-01-24,21.685150
2023-01-25,21.833490
2023-01-26,21.722237
2023-01-27,21.610977
2023-01-30,21.453375
2023-01-31,21.536812
2023-02-01,21.788395
2023-02-02,21.955498
2023-02-03,21.426332
2023-02-06,21.175686
2023-02-07,21.268517
2023-02-08,21.249958
2023-02-09,21.212818
2023-02-10,21.138552
2023-02-13,21.166395
2023-02-14,21.147839
2023-02-15,20.897173
2023-02-16,20.878616
2023-02-17,20.934307
2023-02-21,20.711504
2023-02-22,20.600100
2023-02-23,20.730076
2023-02-24,20.488703
2023-02-27,20.544409
2023-02-28,20.525833
2023-03-01,20.544434
2023-03-02,20.423582
2023-03-03,20.553717
2023-03-06,20.609505
2023-03-07,20.377092
2023-03-08,20.395695
2023-03-09,20.451466
2023-03-10,20.739647
2023-03-13,21.185865
2023-03-14,21.083601
2023-03-15,21.111486
2023-03-16,21.065010
2023-03-17,21.408968
2023-03-20,21.371780
2023-03-21,21.334602
2023-03-22,21.604187
2023-03-23,21.594887
2023-03-24,21.483332
2023-03-27,21.408968
2023-03-28,21.492638
2023-03-29,21.408968
2023-03-30,21.464748
2023-03-31,21.492638
2023-04-03,21.606197
2023-04-04,21.634129
2023-04-05,21.587587
2023-04-06,21.568966
2023-04-10,21.354856
2023-04-11,21.373480
2023-04-12,21.494492
2023-04-13,21.596893
2023-04-14,21.382780
2023-04-17,21.261770
2023-04-18,21.326933
2023-04-19,21.224537
2023-04-20,21.299006
2023-04-21,21.271084
2023-04-24,21.326933
2023-04-25,21.401403
2023-04-26,21.401403
2023-04-27,21.364174
2023-04-28,21.438643
2023-05-01,21.208374
2023-05-02,21.450764
2023-05-03,21.553307
2023-05-04,21.599913
2023-05-05,21.562632
2023-05-08,21.469404
2023-05-09,21.413473
2023-05-10,21.562632
2023-05-11,21.543985
2023-05-12,21.273632
2023-05-15,21.366854
2023-05-16,21.282959
2023-05-17,21.227024
2023-05-18,20.966000
2023-05-19,21.087189
2023-05-22,21.012613
2023-05-23,20.947351
2023-05-24,20.863449
2023-05-25,20.714296
2023-05-26,20.751583
2023-05-30,20.947351
2023-05-31,20.882095
2023-06-01,21.099628
2023-06-02,20.959587
2023-06-05,20.978254
2023-06-06,20.959587
2023-06-07,20.884897
2023-06-08,21.043613
2023-06-09,21.080956
2023-06-12,21.062283
2023-06-13,21.034271
2023-06-14,21.108967
2023-06-15,21.258341
2023-06-16,21.164984
2023-06-20,21.183655
2023-06-21,21.258341
2023-06-22,21.062283
2023-06-23,21.062283
2023-06-26,21.127642
2023-06-27,21.202324
2023-06-28,21.071613
2023-06-29,20.922241
2023-06-30,21.052942
2023-07-03,20.979092
2023-07-05,20.913649
2023-07-06,20.764057
2023-07-07,20.951044
2023-07-10,21.007135
2023-07-11,21.044537
2023-07-12,21.381098
2023-07-13,21.624168
2023-07-14,21.586773
2023-07-17,21.605471
2023-07-18,21.680262
2023-07-19,21.605471
2023-07-20,21.427837
2023-07-21,21.390446
2023-07-24,21.399799
2023-07-25,21.409138
2023-07-26,21.493282
2023-07-27,21.278255
2023-07-28,21.296957
2023-07-31,21.259554
2023-08-01,21.056395
2023-08-02,20.906593
2023-08-03,20.859781
2023-08-04,21.037664
2023-08-07,20.934677
2023-08-08,20.944042
2023-08-09,20.944042
2023-08-10,20.822327
2023-08-11,20.728699
2023-08-14,20.635077
2023-08-15,20.597624
2023-08-16,20.485270
2023-08-17,20.494638
2023-08-18,20.606989
2023-08-21,20.475918
2023-08-22,20.475918
2023-08-23,20.738064
2023-08-24,20.597624
2023-08-25,20.569536
2023-08-28,20.541454
2023-08-29,20.747427
2023-08-30,20.709970
2023-08-31,20.747427
2023-09-01,20.599285
2023-09-05,20.364880
2023-09-06,20.271126
2023-09-07,20.346130
2023-09-08,20.327374
2023-09-11,20.374254
2023-09-12,20.355505
2023-09-13,20.327374
2023-09-14,20.336756
2023-09-15,20.289877
2023-09-18,20.252365
2023-09-19,20.205490
2023-09-20,20.186739
2023-09-21,20.167982
2023-09-22,20.149231
2023-09-25,20.008583
2023-09-26,19.905453
2023-09-27,19.802319
2023-09-28,19.849194
2023-09-29,19.914827
2023-10-02,19.690411
2023-10-03,19.615297
2023-10-04,19.718590
2023-10-05,19.840647
2023-10-06,19.652855
2023-10-09,19.878206
2023-10-10,20.000278
2023-10-11,20.075397
2023-10-12,19.784307
2023-10-13,19.840647
2023-10-16,19.868822
2023-10-17,19.727976
2023-10-18,19.624689
2023-10-19,19.624689
2023-10-20,19.671637
2023-10-23,19.765526
2023-10-24,19.784307
2023-10-25,19.587124
2023-10-26,19.690411
2023-10-27,19.746754
2023-10-30,19.784307
2023-10-31,19.634075
2023-11-01,19.747866
2023-11-02,19.964144
2023-11-03,20.227449
2023-11-06,20.180431
2023-11-07,20.227449
2023-11-08,20.274467
2023-11-09,20.105204
2023-11-10,20.133415
2023-11-13,20.161627
2023-11-14,20.584795
2023-11-15,20.471949
2023-11-16,20.575388
2023-11-17,20.697643
2023-11-20,20.829288
2023-11-21,20.810486
2023-11-22,20.725851
2023-11-24,20.716448
2023-11-27,20.829288
2023-11-28,20.942135
2023-11-29,21.036179
2023-11-30,20.829288
2023-12-01,21.093906
2023-12-04,20.924400
2023-12-05,20.971491
2023-12-06,21.084492
2023-12-07,21.188076
2023-12-08,21.027985
2023-12-11,20.924400
2023-12-12,20.990320
2023-12-13,21.376413
2023-12-14,21.555334
2023-12-15,21.555334
2023-12-18,21.468596
2023-12-19,21.647738
2023-12-20,21.638308
2023-12-21,21.798594
2023-12-22,21.817448
2023-12-26,21.874022
2023-12-27,22.015448
2023-12-28,21.864590
2023-12-29,21.855164
2024-01-02,21.647738
2024-01-03,21.581734
2024-01-04,21.421455
2024-01-05,21.440308
2024-01-08,21.515736
2024-01-09,21.412031
2024-01-10,21.393164
2024-01-11,21.468596
2024-01-12,21.506311
2024-01-16,21.176310
2024-01-17,21.072599
2024-01-18,21.063173
2024-01-19,21.129177
2024-01-22,21.110315
2024-01-23,21.044313
2024-01-24,21.091454
2024-01-25,21.119743
2024-01-26,21.100885
2024-01-29,21.166889
2024-01-30,21.185736
2024-01-31,21.185736
2024-02-01,21.363302
2024-02-02,21.098858
2024-02-05,20.900522
2024-02-06,21.042187
2024-02-07,21.004406
2024-02-08,20.881628
2024-02-09,20.947744
2024-02-12,20.947744
2024-02-13,20.683294
2024-02-14,20.806072
2024-02-15,20.919415
2024-02-16,20.853294
2024-02-20,20.966633
2024-02-21,20.928852
2024-02-22,20.938297
2024-02-23,21.004406
2024-02-26,20.947744
2024-02-27,20.966633
2024-02-28,20.976074
2024-02-29,20.957190
2024-03-01,21.010162
2024-03-04,21.019619
2024-03-05,21.114216
2024-03-06,21.189898
2024-03-07,21.341251
2024-03-08,21.407465
2024-03-11,21.388552
2024-03-12,21.331791
2024-03-13,21.331791
2024-03-14,21.189898
2024-03-15,21.161520
2024-03-18,21.095301
2024-03-19,21.038542
2024-03-20,21.170975
2024-03-21,21.085838
2024-03-22,21.057461
2024-03-25,21.057461
2024-03-26,21.057461
2024-03-27,21.085838
2024-03-28,21.038542
2024-04-01,20.845245
2024-04-02,20.864199
2024-04-03,20.940001
2024-04-04,20.996849
2024-04-05,20.949476
2024-04-08,20.958950
2024-04-09,21.063175
2024-04-10,20.722073
2024-04-11,20.703121
2024-04-12,20.627321
2024-04-15,20.494665
2024-04-16,20.390442
2024-04-17,20.485197
2024-04-18,20.437819
2024-04-19,20.456764
2024-04-22,20.466242
2024-04-23,20.513615
2024-04-24,20.428339
2024-04-25,20.409395
2024-04-26,20.362015
2024-04-29,20.504148
2024-04-30,20.276745
2024-05-01,20.327986
2024-05-02,20.612696
2024-05-03,20.783520
2024-05-06,20.764540
2024-05-07,20.745558
2024-05-08,20.669632
2024-05-09,20.726574
2024-05-10,20.622179
2024-05-13,20.641167
2024-05-14,20.650656
2024-05-15,20.925871
2024-05-16,20.868929
2024-05-17,20.802498
2024-05-20,20.755045
2024-05-21,20.793005
2024-05-22,20.669632
2024-05-23,20.603205
2024-05-24,20.669632
2024-05-28,20.593710
2024-05-29,20.451363
2024-05-30,20.536774
2024-05-31,20.565245
2024-06-03,20.703075
2024-06-04,20.750603
2024-06-05,20.779118
2024-06-06,20.798128
2024-06-07,20.531971
2024-06-10,20.446428
2024-06-11,20.436920
2024-06-12,20.579502
2024-06-13,20.569996
2024-06-14,20.560492
2024-06-17,20.541477
2024-06-18,20.617523
2024-06-20,20.541477
2024-06-21,20.493946
2024-06-24,20.541477
2024-06-25,20.512964
2024-06-26,20.379889
2024-06-27,20.408401
2024-06-28,20.370380
2024-07-01,20.317062
2024-07-02,20.326582
2024-07-03,20.516994
2024-07-05,20.602682
2024-07-08,20.593161
2024-07-09,20.536036
2024-07-10,20.564604
2024-07-11,20.726458
2024-07-12,20.831182
2024-07-15,20.812138
2024-07-16,20.859739
2024-07-17,20.945431
2024-07-18,20.831182
2024-07-19,20.764534
2024-07-22,20.764534
2024-07-23,20.802620
2024-07-24,20.783569
2024-07-25,20.802620
2024-07-26,20.907337
2024-07-29,20.907337
2024-07-30,20.926382
2024-07-31,21.154879
2024-08-01,21.161554
2024-08-02,21.552557
2024-08-05,21.695606
2024-08-06,21.571625
2024-08-07,21.476255
2024-08-08,21.466724
2024-08-09,21.581163
2024-08-12,21.600241
2024-08-13,21.705132
2024-08-14,21.724211
2024-08-15,21.571625
2024-08-16,21.714676
2024-08-19,21.819574
2024-08-20,21.962622
2024-08-21,22.010302
2024-08-22,21.810036
2024-08-23,22.105671
2024-08-26,22.029385
2024-08-27,22.038914
2024-08-28,21.924479
2024-08-29,21.886337
2024-08-30,21.800505
2024-09-03,21.815783
2024-09-04,21.997265
2024-09-05,22.073673
2024-09-06,22.045019
2024-09-09,22.016371
2024-09-10,22.054573
2024-09-11,22.073673
2024-09-12,22.121433
2024-09-13,22.245605
2024-09-16,22.350676
2024-09-17,22.283813
2024-09-18,22.417538
2024-09-19,22.293367
2024-09-20,22.226505
2024-09-23,22.216951
2024-09-24,22.369780
2024-09-25,22.169195
2024-09-26,22.302914
2024-09-27,22.407984
2024-09-30,22.312468
2024-10-01,22.292374
2024-10-02,22.081886
2024-10-03,21.890537
2024-10-04,21.718325
2024-10-07,21.670488
2024-10-08,21.670488
2024-10-09,21.536543
2024-10-10,21.603514
2024-10-11,21.593946
2024-10-14,21.555676
2024-10-15,21.603514
2024-10-16,21.565247
2024-10-17,21.507837
2024-10-18,21.593946
2024-10-21,21.335621
2024-10-22,21.326059
2024-10-23,21.230383
2024-10-24,21.316486
2024-10-25,21.249512
2024-10-28,21.211239
2024-10-29,21.192108
2024-10-30,21.182539
2024-10-31,21.230383
2024-11-01,21.095238
2024-11-04,21.239004
2024-11-05,21.354019
2024-11-06,20.961058
2024-11-07,21.181496
2024-11-08,21.095238
2024-11-11,20.989813
2024-11-12,20.874800
2024-11-13,20.759785
2024-11-14,20.721447
2024-11-15,20.798122
2024-11-18,20.884382
2024-11-19,20.913136
2024-11-20,20.788534
2024-11-21,20.769367
2024-11-22,20.740618
2024-11-25,20.893963
2024-11-26,20.913136
2024-11-27,21.095238
2024-11-29,21.277342
2024-12-02,21.244705
2024-12-03,21.196705
2024-12-04,21.206299
2024-12-05,21.311899
2024-12-06,21.302303
2024-12-09,21.235102
2024-12-10,21.187105
2024-12-11,21.110302
2024-12-12,20.995102
2024-12-13,20.985504
2024-12-16,20.985504
2024-12-17,20.947105
2024-12-18,20.649502
2024-12-19,20.597603
2024-12-20,20.732166
2024-12-23,20.645657
2024-12-24,20.645657
2024-12-26,20.655275
2024-12-27,20.578379
2024-12-30,20.626436
2024-12-31,20.559155
2025-01-02,20.443817
2025-01-03,20.463041
2025-01-06,20.482262
2025-01-07,20.414986
2025-01-08,20.318861
2025-01-10,20.126638
2025-01-13,20.145857
2025-01-14,20.165077
2025-01-15,20.338091
2025-01-16,20.395756
2025-01-17,20.347704
2025-01-21,20.597603
2025-01-22,20.597603
2025-01-23,20.568769
2025-01-24,20.664883
2025-01-27,20.732166
2025-01-28,20.664883
2025-01-29,20.616827
2025-01-30,20.684105
2025-01-31,20.578379
2025-02-03,20.587044
2025-02-04,20.750740
2025-02-05,20.875916
2025-02-06,20.875916
2025-02-07,20.789259
2025-02-10,20.731485
2025-02-11,20.741108
2025-02-12,20.635191
2025-02-13,20.904806
2025-02-14,20.924063
2025-02-18,20.818148
2025-02-19,20.779625
2025-02-20,20.933691
2025-02-21,20.962580
2025-02-24,20.952953
2025-02-25,21.068502
2025-02-26,21.049244
2025-02-27,20.885546
2025-02-28,20.866291
2025-03-03,20.985882
2025-03-04,21.053385
2025-03-05,21.120895
2025-03-06,21.130537
2025-03-07,21.140186
2025-03-10,21.120895
2025-03-11,21.159477
2025-03-12,21.130537
2025-03-13,21.130537
2025-03-14,21.130537
2025-03-17,21.246273
2025-03-18,21.226982
2025-03-19,21.255915
2025-03-20,21.178762
2025-03-21,21.111254
2025-03-24,21.024456
2025-03-25,21.014812
2025-03-26,20.947300
2025-03-27,20.947300
2025-03-28,21.072680
2025-03-31,21.082321
2025-04-01,21.129660
2025-04-02,21.177967
2025-04-03,21.651384
2025-04-04,21.554762
2025-04-07,21.313227
2025-04-08,21.351877
2025-04-09,21.168308
2025-04-10,21.670706
2025-04-11,21.950886
2025-04-14,22.057159
2025-04-15,21.941225
2025-04-16,22.231070
2025-04-17,22.202089
2025-04-21,22.395315
2025-04-22,22.327686
2025-04-23,22.057159
2025-04-24,22.298698
2025-04-25,22.192425
2025-04-28,22.318027
2025-04-29,22.298698
2025-04-30,22.298698
2025-05-01,22.118731
2025-05-02,22.157434
2025-05-05,22.244516
2025-05-06,22.360624
2025-05-07,22.234844
2025-05-08,21.934893
2025-05-09,22.031651
2025-05-12,21.625271
2025-05-13,21.770403
2025-05-14,21.722027
2025-05-15,21.876839
2025-05-16,21.818781
2025-05-19,21.963919
2025-05-20,21.934893
2025-05-21,21.934893
2025-05-22,21.925215
2025-05-23,22.205816
2025-05-27,22.167112
2025-05-28,22.080030
2025-05-29,22.234844
2025-05-30,22.196136
2025-06-02,22.314402
2025-06-03,22.217461
2025-06-04,22.343481
2025-06-05,22.285318
2025-06-06,22.207771
2025-06-09,22.265928
2025-06-10,22.295008
2025-06-11,22.333788
2025-06-12,22.614901
2025-06-13,22.450104
2025-06-16,22.469492
2025-06-17,22.343481
2025-06-18,22.353168
2025-06-20,22.304705
2025-06-23,22.411333
2025-06-24,22.576120
2025-06-25,22.585815
2025-06-26,22.711834
2025-06-27,22.634285
2025-06-30,22.769995
2025-07-01,22.819515
2025-07-02,22.751543
2025-07-03,22.702986
2025-07-07,22.547617
2025-07-08,22.479649
2025-07-09,22.518494
2025-07-10,22.479649
2025-07-11,22.372835
2025-07-14,22.295151
2025-07-15,22.178633
2025-07-16,22.304861
2025-07-17,22.227179
2025-07-18,22.207760
2025-07-21,22.401966
2025-07-22,22.537914
2025-07-23,22.479649
2025-07-24,22.431097
2025-07-25,22.382547
2025-07-28,22.207760
2025-07-29,22.188335
2025-07-30,21.964993
2025-07-31,21.926157
2025-08-01,22.282282
2025-08-04,22.340664
2025-08-05,22.311476
2025-08-06,22.408777
2025-08-07,22.428238
2025-08-08,22.360128
2025-08-11,22.292013
2025-08-12,22.350393
2025-08-13,22.467159
2025-08-14,22.321207
2025-08-15,22.321207
2025-08-18,22.272551
2025-08-19,22.253096
2025-08-20,22.282282
2025-08-21,22.146057
2025-08-22,22.379583
2025-08-25,22.204441
2025-08-26,22.292013
2025-08-27,22.301743
2025-08-28,22.379583
2025-08-29,22.379583
2025-09-02,22.187542
2025-09-03,22.246031
2025-09-04,22.285027
2025-09-05,22.479996
2025-09-08,22.528738
2025-09-09,22.479996
2025-09-10,22.479996
2025-09-11,22.557980
2025-09-12,22.479996
2025-09-15,22.577478
2025-09-16,22.684715
2025-09-17,22.635973
2025-09-18,22.499493
2025-09-19,22.460499
2025-09-22,22.509237
2025-09-23,22.528738
2025-09-24,22.353266
2025-09-25,22.216791
2025-09-26,22.275278
2025-09-29,22.392258
2025-09-30,22.421503
2025-10-01,22.452757
2025-10-02,22.433224
2025-10-03,22.423454
2025-10-06,22.267195
2025-10-07,22.169531
2025-10-08,22.159771
2025-10-09,22.052338
2025-10-10,22.198830
2025-10-13,22.179298
2025-10-14,22.247669
2025-10-15,22.325794
2025-10-16,22.491825
2025-10-17,22.433224
2025-10-20,22.462523
2025-10-21,22.364862
2025-10-22,22.374628
2025-10-23,22.316027
2025-10-24,22.296494
2025-10-27,22.364862
2025-10-28,22.403925
2025-10-29,22.169531
2025-10-30,22.198830
2025-10-31,22.198830
2025-11-03,22.094135
2025-11-04,22.074564
2025-11-05,22.035427
2025-11-06,22.152843
2025-11-07,22.152843
2025-11-10,22.152843
2025-11-11,22.191982
2025-11-12,22.162630
2025-11-13,22.221338
2025-11-14,22.113705
2025-11-17,22.094135
2025-11-18,22.015860
2025-11-19,21.888655
2025-11-20,21.839731
2025-11-21,21.888655
2025-11-24,21.918007
2025-11-25,22.035427
2025-11-26,22.045214
2025-11-28,22.074564
2025-12-01,21.997126
2025-12-02,22.016733
2025-12-03,22.104950
2025-12-04,22.036335
2025-12-05,22.065742
2025-12-08,21.997126
2025-12-09,21.967714
2025-12-10,22.065742
2025-12-11,22.085350
2025-12-12,22.065742
2025-12-15,22.144163
2025-12-16,22.173573
2025-12-17,22.065742
2025-12-18,22.076548
2025-12-19,21.958651
2025-12-22,22.027430
2025-12-23,22.145325
2025-12-24,22.223923
2025-12-26,22.204275
2025-12-29,22.194450
2025-12-30,22.164974
2025-12-31,22.135504
2026-01-02,22.086376
2026-01-05,22.125677
2026-01-06,22.086376
2026-01-07,22.096201
2026-01-08,22.056904
2026-01-09,21.997950
2026-01-12,22.047077
2026-01-13,21.939003
2026-01-14,22.007778
2026-01-15,21.929178
2026-01-16,21.948828
2026-01-20,21.939003
2026-01-21,21.929178
2026-01-22,22.066723
2026-01-23,22.243572
2026-01-26,22.410597
2026-01-27,22.636570
2026-01-28,22.587446
2026-01-29,22.587446
2026-01-30,22.440075
2026-02-02,22.329849
2026-02-03,22.339691
2026-02-04,22.280645
2026-02-05,22.280645
2026-02-06,22.320011
2026-02-09,22.467627
2026-02-10,22.566042
2026-02-11,22.605408
2026-02-12,22.674297
2026-02-13,22.713661
2026-02-17,22.703817
2026-02-18,22.566042
2026-02-19,22.556198
2026-02-20,22.566042
2026-02-23,22.684135
2026-02-24,22.625088
2026-02-25,22.615244
2026-02-26,22.664454
2026-02-27,22.664454
2026-03-02,22.399250
2026-03-03,22.172497
2026-03-04,22.251368
2026-03-05,22.083769
2026-03-06,22.044333
2026-03-09,22.093628
2026-03-10,22.073908
2026-03-11,21.965460
2026-03-12,21.758429
2026-03-13,21.590824
2026-03-16,21.778145
2026-03-17,21.847157
2026-03-18,21.659840
2026-03-19,21.876730
2026-03-20,21.610544
2026-03-23,21.807722
2026-03-24,21.669697
2026-03-25,21.728849
2026-03-26,21.492237
2026-03-27,21.423229
2026-03-30,21.413366
2026-03-31,21.640121
2026-04-01,21.694454
2026-04-02,21.615421
2026-04-06,21.595665
2026-04-07,21.664818
2026-04-08,21.980947
2026-04-09,21.951311
2026-04-10,21.901917
2026-04-13,21.941431
2026-04-14,22.109375
2026-04-15,22.069862
2026-04-16,22.000708
2026-04-17,22.148891
2026-04-20,22.178534
2026-04-21,21.971069
2026-04-22,21.980947
2026-04-23,21.901917
2026-04-24,21.980947
2026-04-27,21.921675
2026-04-28,21.862400
2026-04-29,21.714212
2026-04-30,22.000708
2026-05-01,22.004667
2026-05-04,21.905680
2026-05-05,21.905680
2026-05-06,22.113552
2026-05-07,22.083855
2026-05-08,22.163044
2026-05-11,22.064060
2026-05-12,21.915579
2026-05-13,21.885883
2026-05-14,21.826490
2026-05-15,21.588923
2026-05-18,21.678013
2026-05-19,21.519632
2026-05-20,21.727509
2026-05-21,21.717606
2026-05-22,21.707708
2026-05-26,21.816595
2026-05-27,21.816595
2026-05-28,21.885883
2026-05-29,21.945272
2026-06-01,21.851048
2026-06-02,21.841127
2026-06-03,21.712183
2026-06-04,21.751860
2026-06-05,21.563402
2026-06-08,21.523729
2026-06-09,21.603079
2026-06-10,21.543566
2026-06-11,21.761778
2026-06-12,21.761778
2026-06-15,21.821291
2026-06-16,21.880802
2026-06-17,21.692348
2026-06-18,21.642754
2026-06-22,21.543566
2026-06-23,21.493973
2026-06-24,21.484053
2026-06-25,21.503889
2026-06-26,21.553484
2026-06-29,21.573320
2026-06-30,21.503889
2026-07-01,21.458172
2026-07-02,21.547621
2026-07-06,21.537683
2026-07-07,21.418415
2026-07-08,21.368721
2026-07-09,21.388601
2026-07-10,21.458172
2026-07-13,21.319029
2026-07-14,21.458172
2026-07-15,21.527744
2026-07-16,21.458172
2026-07-17,21.428352
2026-07-20,21.378660
2026-07-21,21.328964
2026-07-22,21.328964
2026-07-23,21.229576
2026-07-24,21.269333
2026-07-27,21.309086
2026-07-28,21.338905
2026-07-29,21.368721
2026-07-30,21.637074
2026-07-31,21.587378
2026-08-03,21.681993
2026-08-04,21.791548
2026-08-05,21.821426
2026-08-06,21.771629
2026-08-07,21.901104
2026-08-10,21.701912
2026-08-11,21.741751
2026-08-12,21.751709
2026-08-13,21.741751
2026-08-14,21.691954
2026-08-17,21.681993
2026-08-18,21.652113
2026-08-19,21.891144
2026-08-20,21.841347
2026-08-21,21.871223
2026-08-24,21.861265
2026-08-25,21.950903
2026-08-26,21.841347
2026-08-27,21.821426
2026-08-28,21.711872
2026-08-31,21.731789
2026-09-01,21.606047
2026-09-02,21.675903
2026-09-03,21.895458
2026-09-04,21.885479
2026-09-08,21.965315
2026-09-09,21.925396
2026-09-10,21.725803
2026-09-11,21.725803
2026-09-14,21.626005
2026-09-15,21.516228
2026-09-16,21.426411
2026-09-17,21.536188
2026-09-18,21.436392
2026-09-21,21.496271
2026-09-22,21.516228
2026-09-23,21.256756
2026-09-24,21.196878
2026-09-25,21.296677
2026-09-28,21.186899
2026-09-29,21.137001
2026-09-30,21.137001
2026-10-01,21.070000
2026-10-02,21.150000
