date,adj_close
2003-04-14,7.199286
2003-04-15,7.284819
2003-04-16,7.368930
2003-04-17,7.421679
2003-04-21,7.418828
2003-04-22,7.443772
2003-04-23,7.478701
2003-04-24,7.331152
2003-04-25,7.209978
2003-04-28,7.329014
2003-04-29,7.537863
2003-04-30,7.516479
2003-05-01,7.487252
2003-05-02,7.602017
2003-05-05,7.683990
2003-05-06,7.723189
2003-05-07,7.708938
2003-05-08,7.641218
2003-05-09,7.731031
2003-05-12,7.838663
2003-05-13,7.794472
2003-05-14,7.755268
2003-05-15,7.770948
2003-05-16,7.776649
2003-05-19,7.591324
2003-05-20,7.629104
2003-05-21,7.635516
2003-05-22,7.704661
2003-05-23,7.783778
2003-05-27,8.062486
2003-05-28,8.097410
2003-05-29,8.108106
2003-05-30,8.202194
2003-06-02,8.261355
2003-06-03,8.198632
2003-06-04,8.304123
2003-06-05,8.312675
2003-06-06,8.390373
2003-06-09,8.318380
2003-06-10,8.403915
2003-06-11,8.411044
2003-06-12,8.474485
2003-06-13,8.471629
2003-06-16,8.562872
2003-06-17,8.738933
2003-06-18,8.706857
2003-06-19,8.706857
2003-06-20,8.706857
2003-06-23,8.493012
2003-06-24,8.430288
2003-06-25,8.500144
2003-06-26,8.592095
2003-06-27,8.552178
2003-06-30,8.546476
2003-07-01,8.639140
2003-07-02,8.842289
2003-07-03,8.867236
2003-07-07,9.086781
2003-07-08,9.112439
2003-07-09,9.091055
2003-07-10,8.931387
2003-07-11,9.006232
2003-07-14,9.164474
2003-07-15,9.049000
2003-07-16,9.056129
2003-07-17,8.819477
2003-07-18,8.937090
2003-07-21,8.818764
2003-07-22,8.924261
2003-07-23,8.867236
2003-07-24,8.910004
2003-07-25,9.056129
2003-07-28,9.106024
2003-07-29,9.054706
2003-07-30,8.988415
2003-07-31,9.031180
2003-08-01,9.051137
2003-08-04,9.011223
2003-08-05,8.914281
2003-08-06,8.874365
2003-08-07,8.939229
2003-08-08,8.999103
2003-08-11,9.038310
2003-08-12,9.073948
2003-08-13,9.202254
2003-08-14,9.323429
2003-08-15,9.230764
2003-08-18,9.427496
2003-08-19,9.473826
2003-08-20,9.475256
2003-08-21,9.649177
2003-08-22,9.698361
2003-08-25,9.622808
2003-08-26,9.505194
2003-08-27,9.615676
2003-08-28,9.682681
2003-08-29,9.752535
2003-09-02,9.897232
2003-09-03,9.975638
2003-09-04,10.011280
2003-09-05,10.002015
2003-09-08,10.191618
2003-09-09,10.014846
2003-09-10,9.848049
2003-09-11,9.836641
2003-09-12,9.906498
2003-09-15,9.760372
2003-09-16,9.961384
2003-09-17,9.918617
2003-09-18,10.032664
2003-09-19,9.986332
2003-09-22,9.823099
2003-09-23,9.847340
2003-09-24,9.865153
2003-09-25,9.719030
2003-09-26,9.651317
2003-09-29,9.719742
2003-09-30,9.689095
2003-10-01,9.943563
2003-10-02,10.086126
2003-10-03,10.185916
2003-10-06,10.225121
2003-10-07,10.214428
2003-10-08,10.290699
2003-10-09,10.463907
2003-10-10,10.592210
2003-10-13,10.752595
2003-10-14,10.547307
2003-10-15,10.674897
2003-10-16,10.672047
2003-10-17,10.607182
2003-10-20,10.666344
2003-10-21,10.719803
2003-10-22,10.562275
2003-10-23,10.406885
2003-10-24,10.352002
2003-10-27,10.471037
2003-10-28,10.614309
2003-10-29,10.702698
2003-10-30,10.664204
2003-10-31,10.578669
2003-11-03,10.831002
2003-11-04,10.860935
2003-11-05,10.875194
2003-11-06,10.797500
2003-11-07,10.808903
2003-11-10,10.659929
2003-11-11,10.523073
2003-11-12,10.710539
2003-11-13,10.793223
2003-11-14,10.738338
2003-11-17,10.528774
2003-11-18,10.549446
2003-11-19,10.481015
2003-11-20,10.345585
2003-11-21,10.435397
2003-11-24,10.548730
2003-11-25,10.585083
2003-11-26,10.682026
2003-11-28,10.777540
2003-12-01,11.086181
2003-12-02,11.037002
2003-12-03,10.998510
2003-12-04,10.922954
2003-12-05,10.902279
2003-12-08,10.923665
2003-12-09,10.878042
2003-12-10,10.834564
2003-12-11,11.032011
2003-12-12,11.082620
2003-12-15,11.091172
2003-12-16,11.044844
2003-12-17,10.916534
2003-12-18,11.092600
2003-12-19,11.119686
2003-12-22,11.276699
2003-12-23,11.307483
2003-12-24,11.344004
2003-12-26,11.372643
2003-12-29,11.544476
2003-12-30,11.599605
2003-12-31,11.745847
2004-01-02,12.007374
2004-01-05,12.428688
2004-01-06,12.288251
2004-01-07,12.316916
2004-01-08,12.363487
2004-01-09,12.341270
2004-01-12,12.330525
2004-01-13,12.260308
2004-01-14,12.279651
2004-01-15,12.028872
2004-01-16,12.080461
2004-01-20,12.431554
2004-01-21,12.448030
2004-01-22,12.416505
2004-01-23,12.395731
2004-01-26,12.478126
2004-01-27,12.415078
2004-01-28,12.239524
2004-01-29,12.046782
2004-01-30,12.030307
2004-02-02,12.033173
2004-02-03,11.965816
2004-02-04,11.858341
2004-02-05,11.854761
2004-02-06,12.124886
2004-02-09,12.299713
2004-02-10,12.288968
2004-02-11,12.479555
2004-02-12,12.473113
2004-02-13,12.481708
2004-02-17,12.732492
2004-02-18,12.559092
2004-02-19,12.449467
2004-02-20,12.309746
2004-02-23,12.202269
2004-02-24,12.137781
2004-02-25,12.270336
2004-02-26,12.331242
2004-02-27,12.506073
2004-03-01,12.791245
2004-03-02,12.689497
2004-03-03,12.610684
2004-03-04,12.696666
2004-03-05,12.743237
2004-03-08,12.621432
2004-03-09,12.539029
2004-03-10,12.252426
2004-03-11,11.987313
2004-03-12,12.087626
2004-03-15,11.861923
2004-03-16,12.008811
2004-03-17,12.173609
2004-03-18,12.245262
2004-03-19,12.084046
2004-03-22,11.890587
2004-03-23,12.010242
2004-03-24,12.019558
2004-03-25,12.137065
2004-03-26,12.114853
2004-03-29,12.270336
2004-03-30,12.420809
2004-03-31,12.574857
2004-04-01,12.677321
2004-04-02,12.804149
2004-04-05,12.893708
2004-04-06,12.965360
2004-04-07,12.918789
2004-04-08,12.929532
2004-04-12,13.029134
2004-04-13,12.877230
2004-04-14,12.687351
2004-04-15,12.582020
2004-04-16,12.675173
2004-04-19,12.696666
2004-04-20,12.585610
2004-04-21,12.492459
2004-04-22,12.488875
2004-04-23,12.582020
2004-04-26,12.402894
2004-04-27,12.336973
2004-04-28,11.983730
2004-04-29,11.588931
2004-04-30,11.342448
2004-05-03,11.456375
2004-05-04,11.680646
2004-05-05,11.709308
2004-05-06,11.466402
2004-05-07,11.208457
2004-05-10,10.667489
2004-05-11,10.984189
2004-05-12,10.987774
2004-05-13,10.959113
2004-05-14,10.670357
2004-05-17,10.243311
2004-05-18,10.547835
2004-05-19,10.839455
2004-05-20,10.772820
2004-05-21,10.949799
2004-05-24,11.120328
2004-05-25,11.365377
2004-05-26,11.320955
2004-05-27,11.500082
2004-05-28,11.475006
2004-06-01,11.395472
2004-06-02,11.395472
2004-06-03,11.142539
2004-06-04,11.306624
2004-06-07,11.697126
2004-06-08,11.534477
2004-06-09,11.273666
2004-06-10,11.286560
2004-06-14,10.851638
2004-06-15,11.061574
2004-06-16,10.913257
2004-06-17,10.967713
2004-06-18,10.905375
2004-06-21,10.955531
2004-06-22,11.071606
2004-06-23,11.268649
2004-06-24,11.313786
2004-06-25,11.428433
2004-06-28,11.330987
2004-06-29,11.417683
2004-06-30,11.581052
2004-07-01,11.436310
2004-07-02,11.435597
2004-07-06,11.313072
2004-07-07,11.460676
2004-07-08,11.297311
2004-07-09,11.357497
2004-07-12,11.328123
2004-07-13,11.379710
2004-07-14,11.270801
2004-07-15,11.212044
2004-07-16,11.335284
2004-07-19,11.318089
2004-07-20,11.366093
2004-07-21,11.234971
2004-07-22,11.234971
2004-07-23,11.041519
2004-07-26,10.939054
2004-07-27,11.147556
2004-07-28,11.143973
2004-07-29,11.213479
2004-07-30,11.159735
2004-08-02,11.103848
2004-08-03,11.116749
2004-08-04,11.127495
2004-08-05,11.055842
2004-08-06,10.975595
2004-08-09,11.067307
2004-08-10,11.191981
2004-08-11,11.088087
2004-08-12,10.964126
2004-08-13,10.981327
2004-08-16,11.131080
2004-08-17,11.205594
2004-08-18,11.338151
2004-08-19,11.350331
2004-08-20,11.406935
2004-08-23,11.468556
2004-08-24,11.435597
2004-08-25,11.571737
2004-08-26,11.587498
2004-08-27,11.566004
2004-08-30,11.503665
2004-08-31,11.553823
2004-09-01,11.649119
2004-09-02,11.793857
2004-09-03,11.668464
2004-09-07,11.758027
2004-09-08,11.750861
2004-09-09,11.786689
2004-09-10,11.898465
2004-09-13,12.007374
2004-09-14,12.003076
2004-09-15,11.950053
2004-09-16,12.099810
2004-09-17,12.180773
2004-09-20,12.192954
2004-09-21,12.320498
2004-09-22,12.134202
2004-09-23,12.187938
2004-09-24,12.153548
2004-09-27,12.081181
2004-09-28,12.230927
2004-09-29,12.295416
2004-09-30,12.359903
2004-10-01,12.596351
2004-10-04,12.811306
2004-10-05,12.716731
2004-10-06,12.863614
2004-10-07,12.753988
2004-10-08,12.660837
2004-10-11,12.726762
2004-10-12,12.526134
2004-10-13,12.356322
2004-10-14,12.187938
2004-10-15,12.350592
2004-10-18,12.481708
2004-10-19,12.421520
2004-10-20,12.343425
2004-10-21,12.521114
2004-10-22,12.431554
2004-10-25,12.465232
2004-10-26,12.510370
2004-10-27,12.725320
2004-10-28,12.662271
2004-10-29,12.711710
2004-11-01,12.806290
2004-11-02,12.835670
2004-11-03,13.022679
2004-11-04,13.219723
2004-11-05,13.269879
2004-11-08,13.120125
2004-11-09,13.204677
2004-11-10,13.219723
2004-11-11,13.370193
2004-11-12,13.595896
2004-11-15,13.608788
2004-11-16,13.453305
2004-11-17,13.757106
2004-11-18,13.782185
2004-11-19,13.585148
2004-11-22,13.638167
2004-11-23,13.661813
2004-11-24,13.807263
2004-11-26,14.036548
2004-11-29,13.950566
2004-11-30,13.976362
2004-12-01,14.083122
2004-12-02,14.062344
2004-12-03,14.126115
2004-12-06,14.106050
2004-12-07,13.889666
2004-12-08,13.816581
2004-12-09,13.591593
2004-12-10,13.577982
2004-12-13,13.784340
2004-12-14,13.911156
2004-12-15,14.103904
2004-12-16,14.032969
2004-12-17,14.000726
2004-12-20,14.183435
2004-12-21,14.319577
2004-12-22,14.315992
2004-12-23,14.413398
2004-12-27,14.402517
2004-12-28,14.477218
2004-12-29,14.557005
2004-12-30,14.520012
2004-12-31,14.639685
2005-01-03,14.487375
2005-01-04,14.041327
2005-01-05,13.869441
2005-01-06,13.860009
2005-01-07,13.886847
2005-01-10,13.904252
2005-01-11,13.878139
2005-01-12,14.048579
2005-01-13,13.990560
2005-01-14,14.240779
2005-01-18,14.215403
2005-01-19,14.019572
2005-01-20,13.845502
2005-01-21,14.034077
2005-01-24,14.012316
2005-01-25,14.139240
2005-01-26,14.345944
2005-01-27,14.359728
2005-01-28,14.372778
2005-01-31,14.562078
2005-02-01,14.686822
2005-02-02,14.733242
2005-02-03,14.718013
2005-02-04,14.947925
2005-02-07,14.995068
2005-02-08,15.024081
2005-02-09,14.975489
2005-02-10,15.048007
2005-02-11,15.194517
2005-02-14,15.303305
2005-02-15,15.339571
2005-02-16,15.292433
2005-02-17,15.267049
2005-02-18,15.454893
2005-02-22,15.398321
2005-02-23,15.469396
2005-02-24,15.709465
2005-02-25,15.998851
2005-02-28,15.972014
2005-03-01,16.016981
2005-03-02,15.752983
2005-03-03,15.796497
2005-03-04,15.985067
2005-03-07,16.090235
2005-03-08,15.967660
2005-03-09,15.876272
2005-03-10,15.723969
2005-03-11,15.635484
2005-03-14,15.515812
2005-03-15,15.129244
2005-03-16,15.000872
2005-03-17,15.274292
2005-03-18,15.205397
2005-03-21,14.985642
2005-03-22,14.708583
2005-03-23,14.522187
2005-03-24,14.506228
2005-03-28,14.606320
2005-03-29,14.228454
2005-03-30,14.552648
2005-03-31,14.708583
2005-04-01,14.795618
2005-04-04,14.828259
2005-04-05,14.824629
2005-04-06,15.027705
2005-04-07,15.179284
2005-04-08,15.107480
2005-04-11,14.962427
2005-04-12,15.150997
2005-04-13,14.849289
2005-04-14,14.469241
2005-04-15,14.164628
2005-04-18,14.332169
2005-04-19,14.572230
2005-04-20,14.228454
2005-04-21,14.638231
2005-04-22,14.476493
2005-04-25,14.750649
2005-04-26,14.599793
2005-04-27,14.467791
2005-04-28,14.237147
2005-04-29,14.525089
2005-05-02,14.621548
2005-05-03,14.607772
2005-05-04,15.005946
2005-05-05,15.084997
2005-05-06,15.125615
2005-05-09,15.139400
2005-05-10,14.799243
2005-05-11,14.868142
2005-05-12,14.614296
2005-05-13,14.464169
2005-05-16,14.636054
2005-05-17,14.639685
2005-05-18,14.931237
2005-05-19,14.985642
2005-05-20,14.947925
2005-05-23,14.997241
2005-05-24,14.953724
2005-05-25,14.846388
2005-05-26,15.013194
2005-05-27,15.114732
2005-05-31,14.984186
2005-06-01,15.161156
2005-06-02,15.276469
2005-06-03,15.197417
2005-06-06,15.350455
2005-06-07,15.274292
2005-06-08,15.216275
2005-06-09,15.296053
2005-06-10,15.339571
2005-06-13,15.400495
2005-06-14,15.463593
2005-06-15,15.578910
2005-06-16,15.718163
2005-06-17,15.907467
2005-06-20,15.763857
2005-06-21,15.687703
2005-06-22,15.835660
2005-06-23,15.557157
2005-06-24,15.502755
2005-06-27,15.600669
2005-06-28,15.718163
2005-06-29,15.626782
2005-06-30,15.578910
2005-07-01,15.635484
2005-07-05,15.705108
2005-07-06,15.628955
2005-07-07,15.674644
2005-07-08,15.837836
2005-07-11,16.079350
2005-07-12,16.270817
2005-07-13,16.259945
2005-07-14,16.353508
2005-07-15,16.264301
2005-07-18,16.214252
2005-07-19,16.399202
2005-07-20,16.401379
2005-07-21,16.579790
2005-07-22,16.540628
2005-07-25,16.397030
2005-07-26,16.490583
2005-07-27,16.579790
2005-07-28,16.786497
2005-07-29,16.775620
2005-08-01,17.049770
2005-08-02,17.352211
2005-08-03,17.308697
2005-08-04,17.156387
2005-08-05,16.840889
2005-08-08,16.956211
2005-08-09,17.297815
2005-08-10,17.482761
2005-08-11,17.384850
2005-08-12,17.199909
2005-08-15,17.319572
2005-08-16,17.019310
2005-08-17,17.030191
2005-08-18,16.716867
2005-08-19,16.651596
2005-08-22,16.858301
2005-08-23,16.699465
2005-08-24,16.481874
2005-08-25,16.666826
2005-08-26,16.645065
2005-08-29,16.827837
2005-08-30,16.651596
2005-08-31,16.997551
2005-09-01,17.232538
2005-09-02,17.384850
2005-09-06,17.602427
2005-09-07,17.624189
2005-09-08,17.595907
2005-09-09,17.854824
2005-09-12,17.828714
2005-09-13,17.628544
2005-09-14,17.565437
2005-09-15,17.667704
2005-09-16,17.939678
2005-09-19,17.913578
2005-09-20,17.961437
2005-09-21,18.131161
2005-09-22,17.950560
2005-09-23,17.935337
2005-09-26,18.094168
2005-09-27,17.974499
2005-09-28,18.179022
2005-09-29,18.498873
2005-09-30,18.468410
2005-10-03,18.585907
2005-10-04,18.411840
2005-10-05,17.852654
2005-10-06,17.228186
2005-10-07,17.654650
2005-10-10,17.595907
2005-10-11,17.672056
2005-10-12,17.130278
2005-10-13,17.023659
2005-10-14,16.958389
2005-10-17,17.145506
2005-10-18,16.710340
2005-10-19,17.036715
2005-10-20,16.351336
2005-10-21,16.786497
2005-10-24,17.239069
2005-10-25,16.899637
2005-10-26,16.960566
2005-10-27,16.558039
2005-10-28,16.993195
2005-10-31,17.297815
2005-11-01,17.602427
2005-11-02,17.874411
2005-11-03,17.893990
2005-11-04,17.857002
2005-11-07,17.870056
2005-11-08,17.702520
2005-11-09,17.967964
2005-11-10,17.996252
2005-11-11,18.035419
2005-11-14,17.987553
2005-11-15,17.885284
2005-11-16,18.037598
2005-11-17,18.303047
2005-11-18,18.353090
2005-11-21,18.363972
2005-11-22,18.355268
2005-11-23,18.548920
2005-11-25,18.535862
2005-11-28,18.418371
2005-11-29,18.255175
2005-11-30,18.298693
2005-12-01,18.777374
2005-12-02,18.755619
2005-12-05,18.907925
2005-12-06,19.081993
2005-12-07,18.901396
2005-12-08,18.759972
2005-12-09,18.951443
2005-12-12,19.060236
2005-12-13,19.310455
2005-12-14,19.182079
2005-12-15,19.103754
2005-12-16,19.038477
2005-12-19,18.994965
2005-12-20,19.158150
2005-12-21,19.469292
2005-12-22,19.473642
2005-12-23,19.589811
2005-12-27,19.371996
2005-12-28,19.424805
2005-12-29,19.426994
2005-12-30,19.415998
2006-01-03,20.142036
2006-01-04,20.324640
2006-01-05,20.428053
2006-01-06,20.854874
2006-01-09,21.059483
2006-01-10,20.806467
2006-01-11,21.050686
2006-01-12,20.758064
2006-01-13,20.780067
2006-01-17,20.417053
2006-01-18,20.406054
2006-01-19,21.066078
2006-01-20,20.439049
2006-01-23,21.033079
2006-01-24,21.363100
2006-01-25,21.374092
2006-01-26,21.880131
2006-01-27,22.130934
2006-01-30,22.027531
2006-01-31,22.172739
2006-02-01,22.161739
2006-02-02,21.591913
2006-02-03,21.297089
2006-02-06,21.803118
2006-02-07,21.231094
2006-02-08,21.297089
2006-02-09,21.352097
2006-02-10,21.319098
2006-02-13,20.793270
2006-02-14,21.319098
2006-02-15,21.209089
2006-02-16,21.759117
2006-02-17,21.730518
2006-02-21,21.539108
2006-02-22,21.655712
2006-02-23,21.649115
2006-02-24,21.690924
2006-02-27,21.888920
2006-02-28,21.319098
2006-03-01,21.908724
2006-03-02,21.926327
2006-03-03,21.561108
2006-03-06,21.231094
2006-03-07,20.483051
2006-03-08,20.604063
2006-03-09,20.395046
2006-03-10,20.824066
2006-03-13,20.802067
2006-03-14,21.451099
2006-03-15,21.699718
2006-03-16,21.506104
2006-03-17,21.657909
2006-03-20,21.781116
2006-03-21,21.341095
2006-03-22,21.576509
2006-03-23,21.376293
2006-03-24,21.561108
2006-03-27,21.693117
2006-03-28,21.297089
2006-03-29,21.704113
2006-03-30,21.814123
2006-03-31,21.781116
2006-04-03,22.397152
2006-04-04,22.529158
2006-04-05,22.760168
2006-04-06,22.643562
2006-04-07,22.298145
2006-04-10,22.221142
2006-04-11,22.031927
2006-04-12,22.159536
2006-04-13,22.265148
2006-04-17,22.529158
2006-04-18,23.277201
2006-04-19,23.420206
2006-04-20,23.336596
2006-04-21,23.519207
2006-04-24,23.211195
2006-04-25,22.892178
2006-04-26,23.343203
2006-04-27,22.975780
2006-04-28,23.200195
2006-05-01,23.193590
2006-05-02,23.602818
2006-05-03,23.629213
2006-05-04,23.860226
2006-05-05,24.245245
2006-05-08,24.421259
2006-05-09,24.443266
2006-05-10,24.179241
2006-05-11,23.563215
2006-05-12,22.947170
2006-05-15,22.397152
2006-05-16,22.509356
2006-05-17,21.737120
2006-05-18,21.319098
2006-05-19,21.778917
2006-05-22,20.753668
2006-05-23,20.527056
2006-05-24,20.384047
2006-05-25,21.250891
2006-05-26,21.187086
2006-05-30,20.274042
2006-05-31,20.615061
2006-06-01,21.037481
2006-06-02,21.253096
2006-06-05,20.351042
2006-06-06,20.201439
2006-06-07,19.757019
2006-06-08,19.404999
2006-06-09,19.151987
2006-06-12,18.439144
2006-06-13,18.029928
2006-06-14,18.546953
2006-06-15,19.627205
2006-06-16,19.515005
2006-06-19,18.788967
2006-06-20,19.019976
2006-06-21,19.636009
2006-06-22,19.283991
2006-06-23,19.250990
2006-06-26,19.250990
2006-06-27,18.887970
2006-06-28,19.479805
2006-06-29,20.637064
2006-06-30,20.659058
2006-07-03,21.116690
2006-07-05,20.461052
2006-07-06,20.879074
2006-07-07,20.483051
2006-07-10,20.648064
2006-07-11,20.747063
2006-07-12,20.285044
2006-07-13,19.482000
2006-07-14,19.581005
2006-07-17,19.272989
2006-07-18,19.541407
2006-07-19,20.747063
2006-07-20,20.150835
2006-07-21,19.759216
2006-07-24,20.648064
2006-07-25,20.703064
2006-07-26,20.615061
2006-07-27,20.898874
2006-07-28,21.347694
2006-07-31,21.143082
2006-08-01,20.802067
2006-08-02,21.077087
2006-08-03,21.055080
2006-08-04,21.099085
2006-08-07,20.967081
2006-08-08,20.967081
2006-08-09,21.046280
2006-08-10,21.261900
2006-08-11,21.004473
2006-08-14,21.088083
2006-08-15,21.605110
2006-08-16,21.816324
2006-08-17,21.847115
2006-08-18,21.640312
2006-08-21,21.528109
2006-08-22,21.521503
2006-08-23,21.132090
2006-08-24,21.074881
2006-08-25,21.134283
2006-08-28,21.374092
2006-08-29,21.446697
2006-08-30,21.539108
2006-08-31,21.477505
2006-09-01,21.717310
2006-09-05,21.836117
2006-09-06,21.209089
2006-09-07,20.967081
2006-09-08,21.138691
2006-09-11,20.683260
2006-09-12,21.037481
2006-09-13,21.352097
2006-09-14,21.176085
2006-09-15,21.301498
2006-09-18,21.541302
2006-09-19,21.209089
2006-09-20,21.644707
2006-09-21,21.116690
2006-09-22,20.848274
2006-09-25,21.090281
2006-09-26,21.338898
2006-09-27,21.290497
2006-09-28,21.462103
2006-09-29,21.290497
2006-10-02,21.255299
2006-10-03,20.967081
2006-10-04,21.528109
2006-10-05,21.814123
2006-10-06,21.759117
2006-10-09,21.677713
2006-10-10,21.873520
2006-10-11,21.756922
2006-10-12,22.287146
2006-10-13,22.419147
2006-10-16,22.480757
2006-10-17,22.185940
2006-10-18,22.403755
2006-10-19,22.502756
2006-10-20,22.397152
2006-10-23,22.377350
2006-10-24,22.504963
2006-10-25,22.766771
2006-10-26,22.821779
2006-10-27,22.441149
2006-10-30,22.364153
2006-10-31,22.793175
2006-11-01,22.564362
2006-11-02,22.634762
2006-11-03,22.705168
2006-11-06,23.244196
2006-11-07,23.145185
2006-11-08,23.204588
2006-11-09,23.283798
2006-11-10,23.316803
2006-11-13,23.396008
2006-11-14,23.761225
2006-11-15,23.805229
2006-11-16,23.565414
2006-11-17,23.539015
2006-11-20,23.446600
2006-11-21,23.820627
2006-11-22,23.987835
2006-11-24,23.983438
2006-11-27,23.530214
2006-11-28,23.666618
2006-11-29,24.049435
2006-11-30,24.157246
2006-12-01,24.058235
2006-12-04,24.559860
2006-12-05,24.988874
2006-12-06,24.817274
2006-12-07,24.729269
2006-12-08,24.619261
2006-12-11,24.630262
2006-12-12,24.333248
2006-12-13,24.465256
2006-12-14,24.883280
2006-12-15,24.993286
2006-12-18,24.819471
2006-12-19,24.663271
2006-12-20,24.936163
2006-12-21,24.891546
2006-12-22,24.980801
2006-12-26,25.212868
2006-12-27,25.572136
2006-12-28,25.523033
2006-12-29,25.476175
2007-01-03,25.692617
2007-01-04,25.337828
2007-01-05,24.596989
2007-01-08,24.775511
2007-01-09,24.222115
2007-01-10,24.166332
2007-01-11,24.472033
2007-01-12,24.969643
2007-01-16,25.058903
2007-01-17,24.954020
2007-01-18,24.690710
2007-01-19,25.134769
2007-01-22,25.105757
2007-01-23,25.677000
2007-01-24,25.900137
2007-01-25,25.103527
2007-01-26,25.257494
2007-01-29,24.922781
2007-01-30,25.308821
2007-01-31,25.505178
2007-02-01,25.817585
2007-02-02,25.739481
2007-02-05,25.764029
2007-02-06,26.018406
2007-02-07,25.918005
2007-02-08,25.779650
2007-02-09,25.471701
2007-02-12,25.297663
2007-02-13,25.699320
2007-02-14,26.252703
2007-02-15,26.268335
2007-02-16,26.328579
2007-02-20,26.397760
2007-02-21,26.475859
2007-02-22,26.408909
2007-02-23,26.219236
2007-02-26,26.208078
2007-02-27,24.077066
2007-02-28,24.679550
2007-03-01,24.324764
2007-03-02,24.099384
2007-03-05,23.481285
2007-03-06,24.512203
2007-03-07,24.362694
2007-03-08,24.991957
2007-03-09,25.036591
2007-03-12,25.159307
2007-03-13,24.427404
2007-03-14,24.628233
2007-03-15,24.829063
2007-03-16,24.617073
2007-03-19,25.157084
2007-03-20,25.322212
2007-03-21,26.080889
2007-03-22,25.969311
2007-03-23,26.089821
2007-03-26,26.074200
2007-03-27,25.958160
2007-03-28,25.494036
2007-03-29,26.000566
2007-03-30,25.996094
2007-04-02,26.174610
2007-04-03,26.603043
2007-04-04,26.770401
2007-04-05,26.794947
2007-04-09,26.948921
2007-04-10,27.076113
2007-04-11,26.826185
2007-04-12,27.274706
2007-04-13,27.408592
2007-04-16,27.734388
2007-04-17,27.584873
2007-04-18,27.379589
2007-04-19,27.158667
2007-04-20,27.482222
2007-04-23,27.372879
2007-04-24,27.368425
2007-04-25,27.707605
2007-04-26,27.633961
2007-04-27,27.495615
2007-04-30,26.964537
2007-05-01,27.071642
2007-05-02,27.609411
2007-05-03,27.841488
2007-05-04,27.832577
2007-05-07,28.013306
2007-05-08,27.649590
2007-05-09,28.095879
2007-05-10,27.408592
2007-05-11,28.104795
2007-05-14,27.825865
2007-05-15,27.859337
2007-05-16,28.263218
2007-05-17,28.160587
2007-05-18,28.305624
2007-05-21,28.356947
2007-05-22,28.361401
2007-05-23,28.316782
2007-05-24,27.636196
2007-05-25,28.060162
2007-05-29,27.964224
2007-05-30,28.249840
2007-05-31,28.330170
2007-06-01,29.037525
2007-06-04,28.908113
2007-06-05,28.807695
2007-06-06,28.082481
2007-06-07,27.649590
2007-06-08,28.138262
2007-06-11,28.379265
2007-06-12,27.886118
2007-06-13,28.443975
2007-06-14,28.890257
2007-06-15,29.548527
2007-06-18,29.575294
2007-06-19,29.608774
2007-06-20,29.356627
2007-06-21,29.722578
2007-06-22,29.329840
2007-06-25,29.106699
2007-06-26,28.852327
2007-06-27,29.262899
2007-06-28,29.269596
2007-06-29,29.372240
2007-07-02,29.968033
2007-07-03,30.206791
2007-07-05,30.340681
2007-07-06,30.860603
2007-07-09,31.159605
2007-07-10,30.545961
2007-07-11,30.798120
2007-07-12,31.474243
2007-07-13,31.864735
2007-07-16,31.552343
2007-07-17,31.527807
2007-07-18,31.141758
2007-07-19,31.451918
2007-07-20,31.235493
2007-07-23,32.139210
2007-07-24,31.039120
2007-07-25,31.217630
2007-07-26,29.626627
2007-07-27,29.242813
2007-07-30,30.200100
2007-07-31,29.581999
2007-08-01,29.465969
2007-08-02,29.791744
2007-08-03,28.506454
2007-08-06,29.015207
2007-08-07,29.231667
2007-08-08,30.213493
2007-08-09,28.963896
2007-08-10,28.461817
2007-08-13,28.742983
2007-08-14,27.999908
2007-08-15,26.899830
2007-08-16,26.442383
2007-08-17,27.279161
2007-08-20,27.334948
2007-08-21,27.234543
2007-08-22,28.406033
2007-08-23,28.551085
2007-08-24,29.231667
2007-08-27,29.365553
2007-08-28,28.171734
2007-08-29,29.287460
2007-08-30,29.137941
2007-08-31,29.889925
2007-09-04,30.394236
2007-09-05,29.934563
2007-09-06,30.168861
2007-09-07,29.488276
2007-09-10,29.510593
2007-09-11,30.106375
2007-09-12,30.213493
2007-09-13,30.548201
2007-09-14,30.608450
2007-09-17,30.414331
2007-09-18,31.887051
2007-09-19,32.032101
2007-09-20,31.931684
2007-09-21,32.355652
2007-09-24,32.757320
2007-09-25,32.634579
2007-09-26,33.069721
2007-09-27,33.560619
2007-09-28,33.348644
2007-10-01,34.397415
2007-10-02,34.631714
2007-10-03,33.582943
2007-10-04,33.917652
2007-10-05,35.048996
2007-10-08,34.676331
2007-10-09,35.216347
2007-10-10,35.263210
2007-10-11,34.953033
2007-10-12,35.591228
2007-10-15,35.156094
2007-10-16,34.504509
2007-10-17,35.301144
2007-10-18,35.479641
2007-10-19,33.962296
2007-10-22,34.207733
2007-10-23,35.156094
2007-10-24,34.926270
2007-10-25,35.370316
2007-10-26,36.372223
2007-10-29,37.209007
2007-10-30,36.506096
2007-10-31,37.307194
2007-11-01,35.800983
2007-11-02,36.004040
2007-11-05,34.752220
2007-11-06,36.070980
2007-11-07,34.921795
2007-11-08,35.100323
2007-11-09,34.274685
2007-11-12,32.377972
2007-11-13,34.665176
2007-11-14,34.698647
2007-11-15,33.899807
2007-11-16,34.319305
2007-11-19,32.737232
2007-11-20,33.636494
2007-11-21,31.942860
2007-11-23,32.886734
2007-11-26,31.581354
2007-11-27,32.790791
2007-11-28,34.587093
2007-11-29,34.163116
2007-11-30,34.453201
2007-12-03,34.154198
2007-12-04,34.064930
2007-12-05,35.577847
2007-12-06,36.137928
2007-12-07,35.709492
2007-12-10,35.720650
2007-12-11,34.207733
2007-12-12,35.234207
2007-12-13,34.265770
2007-12-14,33.449051
2007-12-17,32.023182
2007-12-18,32.902351
2007-12-19,33.116573
2007-12-20,33.297318
2007-12-21,34.301464
2007-12-24,34.881607
2007-12-26,35.062416
2007-12-27,34.253326
2007-12-28,34.382141
2007-12-31,33.968555
2008-01-02,33.408062
2008-01-03,33.708652
2008-01-04,32.696144
2008-01-07,32.935703
2008-01-08,32.680332
2008-01-09,33.751595
2008-01-10,34.149368
2008-01-11,33.188831
2008-01-14,33.677006
2008-01-15,32.153732
2008-01-16,30.815779
2008-01-17,29.918554
2008-01-18,30.601070
2008-01-22,29.832663
2008-01-23,30.022507
2008-01-24,30.605598
2008-01-25,30.140038
2008-01-28,30.885843
2008-01-29,30.734434
2008-01-30,30.329870
2008-01-31,30.937832
2008-02-01,31.554821
2008-02-04,31.652004
2008-02-05,29.947931
2008-02-06,29.457493
2008-02-07,29.956964
2008-02-08,29.900465
2008-02-11,30.271122
2008-02-12,30.759279
2008-02-13,31.450855
2008-02-14,31.046310
2008-02-15,31.267796
2008-02-19,31.676857
2008-02-20,31.941292
2008-02-21,31.493805
2008-02-22,31.916437
2008-02-25,32.510830
2008-02-26,32.940220
2008-02-27,33.218220
2008-02-28,32.861137
2008-02-29,31.554821
2008-03-03,31.726580
2008-03-04,30.989813
2008-03-05,31.640707
2008-03-06,30.555885
2008-03-07,30.133245
2008-03-10,29.604387
2008-03-11,31.595495
2008-03-12,31.010155
2008-03-13,30.727650
2008-03-14,29.638294
2008-03-17,28.906050
2008-03-18,30.408976
2008-03-19,28.582859
2008-03-20,29.064243
2008-03-24,30.178459
2008-03-25,30.641758
2008-03-26,30.393147
2008-03-27,30.246256
2008-03-28,30.192007
2008-03-31,30.370560
2008-04-01,31.536734
2008-04-02,31.559340
2008-04-03,31.943550
2008-04-04,31.814735
2008-04-07,32.237362
2008-04-08,32.061077
2008-04-09,31.561594
2008-04-10,32.013611
2008-04-11,31.491543
2008-04-14,31.416958
2008-04-15,31.785353
2008-04-16,32.725525
2008-04-17,32.488228
2008-04-18,32.978661
2008-04-21,33.145893
2008-04-22,32.838524
2008-04-23,33.310886
2008-04-24,32.883736
2008-04-25,33.125557
2008-04-28,33.062279
2008-04-29,32.476925
2008-04-30,33.145893
2008-05-01,33.498466
2008-05-02,33.819393
2008-05-05,33.794529
2008-05-06,34.171967
2008-05-07,33.154934
2008-05-08,33.496201
2008-05-09,33.222736
2008-05-12,33.649883
2008-05-13,33.810356
2008-05-14,33.891705
2008-05-15,34.612679
2008-05-16,35.053375
2008-05-19,35.060162
2008-05-20,34.452217
2008-05-21,34.101894
2008-05-22,34.201347
2008-05-23,33.604691
2008-05-27,33.550446
2008-05-28,34.002464
2008-05-29,34.077038
2008-05-30,34.194569
2008-06-02,33.787754
2008-06-03,33.177532
2008-06-04,32.888245
2008-06-05,33.934662
2008-06-06,32.705185
2008-06-09,32.621571
2008-06-10,31.868965
2008-06-11,31.392101
2008-06-12,31.575157
2008-06-13,31.916437
2008-06-16,32.024918
2008-06-17,32.160511
2008-06-18,32.004570
2008-06-19,32.054302
2008-06-20,31.007887
2008-06-23,31.098289
2008-06-24,30.960434
2008-06-25,31.580372
2008-06-26,30.496845
2008-06-27,30.791729
2008-06-30,31.024899
2008-07-01,30.471695
2008-07-02,29.603039
2008-07-03,29.518446
2008-07-07,29.413300
2008-07-08,29.774483
2008-07-09,29.173275
2008-07-10,29.701336
2008-07-11,29.502457
2008-07-14,29.465870
2008-07-15,28.974394
2008-07-16,29.811049
2008-07-17,29.950491
2008-07-18,29.692184
2008-07-21,30.060221
2008-07-22,30.078518
2008-07-23,30.121935
2008-07-24,29.008688
2008-07-25,29.207573
2008-07-28,28.713802
2008-07-29,30.304813
2008-07-30,29.989349
2008-07-31,29.317291
2008-08-01,29.118416
2008-08-04,28.226885
2008-08-05,28.590343
2008-08-06,29.159557
2008-08-07,28.158314
2008-08-08,28.226885
2008-08-11,27.932009
2008-08-12,27.698833
2008-08-13,27.691986
2008-08-14,28.055449
2008-08-15,27.616541
2008-08-18,27.150202
2008-08-19,26.923891
2008-08-20,27.609678
2008-08-21,27.568539
2008-08-22,27.547970
2008-08-25,26.978765
2008-08-26,27.026772
2008-08-27,27.602827
2008-08-28,27.794846
2008-08-29,27.465672
2008-09-02,26.635878
2008-09-03,26.196968
2008-09-04,24.989986
2008-09-05,25.346603
2008-09-08,25.662056
2008-09-09,24.221907
2008-09-10,24.612803
2008-09-11,24.249338
2008-09-12,25.058569
2008-09-15,23.090366
2008-09-16,23.289244
2008-09-17,21.636497
2008-09-18,23.460691
2008-09-19,26.382135
2008-09-22,24.660805
2008-09-23,23.892729
2008-09-24,24.167042
2008-09-25,25.408310
2008-09-26,24.544226
2008-09-29,21.677647
2008-09-30,23.433260
2008-10-01,23.714426
2008-10-02,21.636497
2008-10-03,21.067303
2008-10-06,19.483147
2008-10-07,17.967556
2008-10-08,17.967556
2008-10-09,16.643995
2008-10-10,16.836006
2008-10-13,20.669548
2008-10-14,19.640871
2008-10-15,16.465687
2008-10-16,17.274912
2008-10-17,16.733145
2008-10-20,17.905832
2008-10-21,16.479395
2008-10-22,14.744369
2008-10-23,15.155838
2008-10-24,13.592248
2008-10-27,13.235638
2008-10-28,16.006210
2008-10-29,15.498730
2008-10-30,17.590374
2008-10-31,17.439501
2008-11-03,17.281775
2008-11-04,18.859072
2008-11-05,16.458822
2008-11-06,15.629032
2008-11-07,16.897730
2008-11-10,17.055462
2008-11-11,15.992498
2008-11-12,14.806086
2008-11-13,16.856585
2008-11-14,15.238132
2008-11-17,14.984395
2008-11-18,14.764938
2008-11-19,13.489383
2008-11-20,12.522427
2008-11-21,14.326036
2008-11-24,15.196981
2008-11-25,14.908955
2008-11-26,16.047356
2008-11-28,15.738753
2008-12-01,14.223171
2008-12-02,15.121550
2008-12-03,15.244989
2008-12-04,14.593493
2008-12-05,15.457585
2008-12-08,16.445108
2008-12-09,16.218807
2008-12-10,17.185766
2008-12-11,16.746862
2008-12-12,16.980024
2008-12-15,16.753716
2008-12-16,18.090998
2008-12-17,17.775539
2008-12-18,17.384642
2008-12-19,17.446360
2008-12-22,16.794867
2008-12-23,16.655773
2008-12-24,16.774002
2008-12-26,16.718367
2008-12-29,16.690544
2008-12-30,17.135626
2008-12-31,17.365118
2009-01-02,18.192690
2009-01-05,18.429144
2009-01-06,18.846416
2009-01-07,17.761520
2009-01-08,17.685028
2009-01-09,17.302528
2009-01-12,16.572319
2009-01-13,16.620998
2009-01-14,15.814291
2009-01-15,15.995109
2009-01-16,16.168968
2009-01-20,14.965859
2009-01-21,15.779521
2009-01-22,15.257944
2009-01-23,15.452665
2009-01-26,15.633476
2009-01-27,15.911655
2009-01-28,16.718367
2009-01-29,15.869925
2009-01-30,15.751706
2009-02-02,15.591754
2009-02-03,16.057699
2009-02-04,16.175920
2009-02-05,16.516691
2009-02-06,17.344263
2009-02-09,17.253855
2009-02-10,16.210693
2009-02-11,16.697500
2009-02-12,16.593187
2009-02-13,16.676638
2009-02-17,15.612618
2009-02-18,15.501351
2009-02-19,15.355299
2009-02-20,14.965859
2009-02-23,14.597279
2009-02-24,15.397028
2009-02-25,15.132760
2009-02-26,15.000631
2009-02-27,14.764181
2009-03-02,13.867063
2009-03-03,14.061789
2009-03-04,15.049310
2009-03-05,14.430370
2009-03-06,14.673776
2009-03-09,14.388645
2009-03-10,15.556982
2009-03-11,15.556982
2009-03-12,16.155060
2009-03-13,16.245468
2009-03-16,16.259378
2009-03-17,16.614050
2009-03-18,16.961773
2009-03-19,16.850500
2009-03-20,16.620998
2009-03-23,18.157923
2009-03-24,17.594618
2009-03-25,17.858885
2009-03-26,18.345695
2009-03-27,17.803246
2009-03-30,16.885269
2009-03-31,17.253855
2009-04-01,17.824110
2009-04-02,18.790775
2009-04-03,19.020267
2009-04-06,18.783819
2009-04-07,18.352644
2009-04-08,18.623873
2009-04-09,19.437538
2009-04-13,19.555759
2009-04-14,19.242807
2009-04-15,19.520981
2009-04-16,19.687891
2009-04-17,19.548807
2009-04-20,18.596056
2009-04-21,18.992451
2009-04-22,18.832499
2009-04-23,19.124580
2009-04-24,19.486208
2009-04-27,18.832499
2009-04-28,18.769905
2009-04-29,19.757439
2009-04-30,19.938248
2009-05-01,20.230330
2009-05-04,21.628166
2009-05-05,21.433439
2009-05-06,21.802027
2009-05-07,21.259584
2009-05-08,21.968927
2009-05-11,21.454308
2009-05-12,21.607306
2009-05-13,20.814507
2009-05-14,21.113544
2009-05-15,20.918819
2009-05-18,22.080198
2009-05-19,22.330559
2009-05-20,22.400105
2009-05-21,21.982838
2009-05-22,22.080198
2009-05-26,22.344473
2009-05-27,22.087158
2009-05-28,22.768690
2009-05-29,23.116411
2009-06-01,24.090019
2009-06-02,23.742302
2009-06-03,22.900820
2009-06-04,23.325043
2009-06-05,23.373722
2009-06-08,23.012096
2009-06-09,23.053818
2009-06-10,23.345900
2009-06-11,23.846615
2009-06-12,23.464130
2009-06-15,22.622644
2009-06-16,22.281889
2009-06-17,22.031523
2009-06-18,21.968927
2009-06-19,22.080198
2009-06-22,21.280447
2009-06-23,21.418564
2009-06-24,21.888298
2009-06-25,22.540327
2009-06-26,22.659510
2009-06-29,22.827772
2009-06-30,22.596411
2009-07-01,23.010061
2009-07-02,22.379068
2009-07-06,22.329990
2009-07-07,21.804167
2009-07-08,21.551773
2009-07-09,21.937374
2009-07-10,21.677967
2009-07-13,21.832212
2009-07-14,22.070580
2009-07-15,23.255436
2009-07-16,23.297514
2009-07-17,23.535877
2009-07-20,24.377205
2009-07-21,24.307093
2009-07-22,24.250999
2009-07-23,24.938082
2009-07-24,24.818890
2009-07-27,25.036234
2009-07-28,24.924061
2009-07-29,24.363173
2009-07-30,24.966129
2009-07-31,25.085304
2009-08-03,26.024773
2009-08-04,25.786402
2009-08-05,25.569063
2009-08-06,25.358730
2009-08-07,25.611130
2009-08-10,25.323683
2009-08-11,24.846937
2009-08-12,25.071289
2009-08-13,25.505972
2009-08-14,25.043251
2009-08-17,24.061707
2009-08-18,24.587530
2009-08-19,24.650629
2009-08-20,25.078300
2009-08-21,25.456894
2009-08-24,25.569063
2009-08-25,25.512980
2009-08-26,25.435856
2009-08-27,25.386784
2009-08-28,25.253576
2009-08-31,24.755791
2009-09-01,24.286057
2009-09-02,24.545465
2009-09-03,25.036234
2009-09-04,25.519991
2009-09-08,26.045822
2009-09-09,26.186033
2009-09-10,26.529575
2009-09-11,26.543594
2009-09-14,26.445438
2009-09-15,26.760944
2009-09-16,27.433996
2009-09-17,27.286753
2009-09-18,27.363878
2009-09-21,27.125502
2009-09-22,27.539152
2009-09-23,27.125502
2009-09-24,26.592676
2009-09-25,26.704851
2009-09-28,27.048388
2009-09-29,27.111481
2009-09-30,27.279751
2009-10-01,26.536581
2009-10-02,26.543594
2009-10-05,27.160564
2009-10-06,27.609266
2009-10-07,27.581224
2009-10-08,27.917751
2009-10-09,27.938776
2009-10-12,28.170151
2009-10-13,28.219221
2009-10-14,29.130651
2009-10-15,28.969398
2009-10-16,28.569775
2009-10-19,29.116627
2009-10-20,28.731022
2009-10-21,28.576775
2009-10-22,28.815157
2009-10-23,28.576775
2009-10-26,28.219221
2009-10-27,27.728451
2009-10-28,26.459467
2009-10-29,27.630302
2009-10-30,26.340275
2009-11-02,26.732895
2009-11-03,26.774956
2009-11-04,27.272739
2009-11-05,27.833609
2009-11-06,27.798563
2009-11-09,28.822168
2009-11-10,28.688946
2009-11-11,28.934340
2009-11-12,28.289324
2009-11-13,28.773090
2009-11-16,29.495216
2009-11-17,29.390062
2009-11-18,29.158701
2009-11-19,28.618847
2009-11-20,28.499662
2009-11-23,29.095587
2009-11-24,28.934340
2009-11-25,29.270868
2009-11-27,28.135092
2009-11-30,28.408525
2009-12-01,29.221796
2009-12-02,29.340979
2009-12-03,29.067551
2009-12-04,29.333975
2009-12-07,29.081568
2009-12-08,28.541725
2009-12-09,28.717007
2009-12-10,28.885283
2009-12-11,28.990425
2009-12-14,29.186743
2009-12-15,28.885283
2009-12-16,29.053530
2009-12-17,28.219221
2009-12-18,28.296341
2009-12-21,28.261290
2009-12-22,28.546106
2009-12-23,28.828814
2009-12-24,29.118605
2009-12-28,29.217533
2009-12-29,29.112906
2009-12-30,29.240158
2009-12-31,29.339128
2010-01-04,30.194563
2010-01-05,30.413727
2010-01-06,30.477354
2010-01-07,30.300613
2010-01-08,30.540979
2010-01-11,30.477354
2010-01-12,29.989542
2010-01-13,30.081451
2010-01-14,30.003687
2010-01-15,29.657272
2010-01-19,30.258192
2010-01-20,29.530016
2010-01-21,28.639236
2010-01-22,28.002970
2010-01-25,28.207985
2010-01-26,27.621204
2010-01-27,27.550508
2010-01-28,27.359625
2010-01-29,27.062702
2010-02-01,27.790876
2010-02-02,28.017107
2010-02-03,27.854507
2010-02-04,26.596107
2010-02-05,26.299173
2010-02-08,26.037596
2010-02-09,26.885954
2010-02-10,26.815266
2010-02-11,27.522228
2010-02-12,27.175814
2010-02-16,27.875711
2010-02-17,27.974686
2010-02-18,28.080727
2010-02-19,27.840366
2010-02-22,27.875711
2010-02-23,27.232376
2010-02-24,27.493950
2010-02-25,27.267717
2010-02-26,27.543436
2010-03-01,28.010033
2010-03-02,28.328167
2010-03-03,28.363525
2010-03-04,28.215065
2010-03-05,28.950308
2010-03-08,28.971512
2010-03-09,29.134109
2010-03-10,29.339128
2010-03-11,29.346195
2010-03-12,29.247229
2010-03-15,29.035137
2010-03-16,29.409828
2010-03-17,29.727964
2010-03-18,29.501743
2010-03-19,29.119976
2010-03-22,29.226017
2010-03-23,29.431040
2010-03-24,28.992710
2010-03-25,28.914957
2010-03-26,29.056349
2010-03-29,29.579508
2010-03-30,29.692612
2010-03-31,29.777454
2010-04-01,30.555124
2010-04-05,30.830835
2010-04-06,30.922741
2010-04-07,30.654095
2010-04-08,30.760139
2010-04-09,30.951023
2010-04-12,30.703571
2010-04-13,30.639950
2010-04-14,31.092415
2010-04-15,30.922741
2010-04-16,30.017826
2010-04-19,29.897640
2010-04-20,30.251118
2010-04-21,30.152147
2010-04-22,30.279402
2010-04-23,30.441999
2010-04-26,30.441999
2010-04-27,29.353279
2010-04-28,29.600704
2010-04-29,30.088528
2010-04-30,29.727964
2010-05-03,29.890564
2010-05-04,28.519056
2010-05-05,28.002970
2010-05-06,26.857679
2010-05-07,26.999073
2010-05-10,28.943226
2010-05-11,28.420076
2010-05-12,28.773558
2010-05-13,28.504915
2010-05-14,27.918127
2010-05-17,27.748465
2010-05-18,27.168741
2010-05-19,26.907166
2010-05-20,25.570995
2010-05-21,26.398151
2010-05-24,26.122431
2010-05-25,25.839642
2010-05-26,25.825499
2010-05-27,27.387907
2010-05-28,26.935440
2010-06-01,26.440567
2010-06-02,27.366697
2010-06-03,27.267717
2010-06-04,26.299173
2010-06-07,25.889135
2010-06-08,26.482992
2010-06-09,26.341593
2010-06-10,27.260649
2010-06-11,27.402042
2010-06-14,27.409109
2010-06-15,28.236267
2010-06-16,28.236267
2010-06-17,28.094872
2010-06-18,28.222118
2010-06-21,28.709934
2010-06-22,28.158506
2010-06-23,28.231094
2010-06-24,27.732937
2010-06-25,28.060293
2010-06-28,27.868147
2010-06-29,26.736628
2010-06-30,26.558716
2010-07-01,26.750862
2010-07-02,26.864721
2010-07-06,27.362881
2010-07-07,27.967777
2010-07-08,28.102991
2010-07-09,28.444584
2010-07-12,28.216848
2010-07-13,28.544218
2010-07-14,28.487282
2010-07-15,28.352074
2010-07-16,27.505203
2010-07-19,27.868147
2010-07-20,28.522869
2010-07-21,28.231094
2010-07-22,29.085064
2010-07-23,29.284323
2010-07-26,29.483585
2010-07-27,29.433781
2010-07-28,29.270100
2010-07-29,29.319921
2010-07-30,29.462236
2010-08-02,30.223701
2010-08-03,30.081379
2010-08-04,30.124069
2010-08-05,29.988855
2010-08-06,29.946165
2010-08-09,30.102720
2010-08-10,29.689978
2010-08-11,28.743471
2010-08-12,28.793297
2010-08-13,28.949852
2010-08-16,29.220284
2010-08-17,29.526287
2010-08-18,29.504934
2010-08-19,29.277210
2010-08-20,29.191820
2010-08-23,28.928511
2010-08-24,28.558443
2010-08-25,28.373413
2010-08-26,28.195513
2010-08-27,28.814648
2010-08-30,28.337837
2010-08-31,28.508635
2010-09-01,29.512056
2010-09-02,29.561876
2010-09-03,29.910570
2010-09-07,29.476475
2010-09-08,29.796709
2010-09-09,29.967512
2010-09-10,30.074255
2010-09-13,30.793018
2010-09-14,30.778791
2010-09-15,30.821493
2010-09-16,30.664927
2010-09-17,30.615103
2010-09-20,31.099041
2010-09-21,31.006519
2010-09-22,31.027863
2010-09-23,30.828602
2010-09-24,31.397923
2010-09-27,31.340990
2010-09-28,31.568726
2010-09-29,31.675470
2010-09-30,31.860489
2010-10-01,32.330181
2010-10-04,32.230553
2010-10-05,32.814102
2010-10-06,32.799870
2010-10-07,32.508099
2010-10-08,32.899502
2010-10-11,32.878143
2010-10-12,32.742935
2010-10-13,33.347843
2010-10-14,33.290905
2010-10-15,33.248203
2010-10-18,33.262440
2010-10-19,32.209194
2010-10-20,32.721584
2010-10-21,32.721584
2010-10-22,32.757168
2010-10-25,33.112995
2010-10-26,33.084530
2010-10-27,32.522331
2010-10-28,32.728703
2010-10-29,32.821205
2010-11-01,33.184166
2010-11-02,33.596920
2010-11-03,33.803299
2010-11-04,34.571877
2010-11-05,34.507820
2010-11-08,34.365494
2010-11-09,33.931389
2010-11-10,34.180462
2010-11-11,33.845985
2010-11-12,33.027599
2010-11-15,33.013367
2010-11-16,32.145149
2010-11-17,32.308834
2010-11-18,33.077419
2010-11-19,33.098755
2010-11-22,32.999130
2010-11-23,31.953007
2010-11-24,32.693119
2010-11-26,31.881838
2010-11-29,32.130913
2010-11-30,31.867603
2010-12-01,32.778507
2010-12-02,33.426121
2010-12-03,33.547104
2010-12-06,33.490173
2010-12-07,33.333603
2010-12-08,33.120113
2010-12-09,33.006248
2010-12-10,33.155689
2010-12-13,33.369190
2010-12-14,33.419014
2010-12-15,32.878143
2010-12-16,32.970665
2010-12-17,33.020485
2010-12-20,32.871037
2010-12-21,33.350849
2010-12-22,33.465618
2010-12-23,33.429745
2010-12-27,33.322170
2010-12-28,33.350849
2010-12-29,33.777832
2010-12-30,33.950066
2010-12-31,34.186874
2011-01-03,34.516964
2011-01-04,34.674847
2011-01-05,34.588741
2011-01-06,34.222744
2011-01-07,33.907005
2011-01-10,33.555382
2011-01-11,33.914177
2011-01-12,34.595913
2011-01-13,34.294510
2011-01-14,34.394981
2011-01-18,34.344753
2011-01-19,34.079227
2011-01-20,33.706074
2011-01-21,33.354450
2011-01-24,33.612785
2011-01-25,33.411865
2011-01-26,33.706074
2011-01-27,33.591263
2011-01-28,32.529198
2011-01-31,32.873642
2011-02-01,33.670193
2011-02-02,33.419033
2011-02-03,33.375977
2011-02-04,33.368801
2011-02-07,33.411865
2011-02-08,33.426212
2011-02-09,32.658363
2011-02-10,32.349796
2011-02-11,32.744476
2011-02-14,32.579441
2011-02-15,32.644012
2011-02-16,32.916710
2011-02-17,33.031513
2011-02-18,33.232452
2011-02-22,32.170395
2011-02-23,32.199097
2011-02-24,32.278042
2011-02-25,32.665527
2011-02-28,32.859291
2011-03-01,32.522018
2011-03-02,32.966946
2011-03-03,33.619965
2011-03-04,33.655846
2011-03-07,33.182213
2011-03-08,33.627132
2011-03-09,33.691723
2011-03-10,32.694244
2011-03-11,33.031513
2011-03-14,33.225277
2011-03-15,32.672707
2011-03-16,32.005333
2011-03-17,32.400021
2011-03-18,32.457432
2011-03-21,33.081749
2011-03-22,33.182213
2011-03-23,33.619965
2011-03-24,34.007465
2011-03-25,33.971581
2011-03-28,33.799366
2011-03-29,34.186874
2011-03-30,34.624619
2011-03-31,34.926003
2011-04-01,35.485741
2011-04-04,35.787132
2011-04-05,35.715374
2011-04-06,35.909145
2011-04-07,35.873260
2011-04-08,35.909145
2011-04-11,35.485741
2011-04-12,34.818363
2011-04-13,35.105412
2011-04-14,35.213043
2011-04-15,35.256115
2011-04-18,34.373451
2011-04-19,34.868599
2011-04-20,35.693848
2011-04-21,36.009598
2011-04-25,35.715374
2011-04-26,36.023945
2011-04-27,35.959362
2011-04-28,35.665142
2011-04-29,35.880428
2011-05-02,35.887596
2011-05-03,35.091053
2011-05-04,34.509796
2011-05-05,34.179699
2011-05-06,34.624619
2011-05-09,34.689205
2011-05-10,35.098232
2011-05-11,34.323219
2011-05-12,34.423683
2011-05-13,33.670193
2011-05-16,33.619965
2011-05-17,33.727596
2011-05-18,34.272980
2011-05-19,34.050526
2011-05-20,33.777832
2011-05-23,33.074581
2011-05-24,33.404678
2011-05-25,33.476440
2011-05-26,33.907005
2011-05-27,34.265820
2011-05-31,34.825546
2011-06-01,34.201225
2011-06-02,34.524139
2011-06-03,34.351917
2011-06-06,33.799366
2011-06-07,34.064873
2011-06-08,33.820892
2011-06-09,34.086403
2011-06-10,33.347271
2011-06-13,33.289856
2011-06-14,33.792183
2011-06-15,33.067402
2011-06-16,32.816238
2011-06-17,32.859291
2011-06-20,32.809055
2011-06-21,33.411865
2011-06-22,33.079185
2011-06-23,33.035686
2011-06-24,32.977715
2011-06-27,33.361843
2011-06-28,33.818466
2011-06-29,34.130116
2011-06-30,34.499752
2011-07-01,34.905632
2011-07-05,34.891140
2011-07-06,34.659210
2011-07-07,35.137573
2011-07-08,34.738937
2011-07-11,33.767719
2011-07-12,33.427071
2011-07-13,33.970665
2011-07-14,33.608269
2011-07-15,33.818466
2011-07-18,33.427071
2011-07-19,33.912682
2011-07-20,34.014149
2011-07-21,34.557747
2011-07-22,34.536003
2011-07-25,34.463524
2011-07-26,34.579483
2011-07-27,33.970665
2011-07-28,33.999653
2011-07-29,34.144619
2011-08-01,34.115623
2011-08-02,33.064682
2011-08-03,32.948719
2011-08-04,31.064281
2011-08-05,30.861336
2011-08-08,28.288342
2011-08-09,29.948114
2011-08-10,28.360842
2011-08-11,29.926359
2011-08-12,29.911867
2011-08-15,30.607655
2011-08-16,30.346739
2011-08-17,30.564180
2011-08-18,29.121853
2011-08-19,28.759460
2011-08-22,28.730463
2011-08-23,29.737919
2011-08-24,29.448011
2011-08-25,28.875429
2011-08-26,29.368280
2011-08-29,30.317755
2011-08-30,30.361227
2011-08-31,30.984549
2011-09-01,30.817856
2011-09-02,30.122065
2011-09-06,29.810406
2011-09-07,30.694641
2011-09-08,30.013340
2011-09-09,28.998642
2011-09-12,28.940653
2011-09-13,28.984152
2011-09-14,28.904419
2011-09-15,29.324791
2011-09-16,29.375525
2011-09-19,28.505787
2011-09-20,28.295588
2011-09-21,27.244659
2011-09-22,25.331226
2011-09-23,26.005276
2011-09-26,26.396662
2011-09-27,27.237415
2011-09-28,26.418402
2011-09-29,26.780796
2011-09-30,25.439947
2011-10-03,24.903605
2011-10-04,25.287745
2011-10-05,25.874817
2011-10-06,26.730064
2011-10-07,26.411158
2011-10-10,27.592556
2011-10-11,27.607065
2011-10-12,28.382572
2011-10-13,28.128902
2011-10-14,28.694231
2011-10-17,27.723022
2011-10-18,28.462301
2011-10-19,27.918709
2011-10-20,27.382362
2011-10-21,28.165131
2011-10-24,29.266808
2011-10-25,28.686981
2011-10-26,29.216082
2011-10-27,30.991795
2011-10-28,30.730865
2011-10-31,29.578461
2011-11-01,28.860928
2011-11-02,29.745173
2011-11-03,30.049570
2011-11-04,29.853882
2011-11-07,30.107559
2011-11-08,30.462702
2011-11-09,28.679743
2011-11-10,28.868191
2011-11-11,29.563978
2011-11-14,29.158091
2011-11-15,29.339289
2011-11-16,28.549278
2011-11-17,27.824484
2011-11-18,27.933201
2011-11-21,27.034472
2011-11-22,27.128696
2011-11-23,26.251719
2011-11-25,26.164730
2011-11-28,27.418610
2011-11-29,27.295395
2011-11-30,28.998642
2011-12-01,28.911667
2011-12-02,28.824690
2011-12-05,29.295813
2011-12-06,28.897173
2011-12-07,29.013130
2011-12-08,27.969446
2011-12-09,28.534779
2011-12-12,27.462090
2011-12-13,27.208420
2011-12-14,26.817032
2011-12-15,26.990992
2011-12-16,27.193926
2011-12-19,26.490889
2011-12-20,27.600925
2011-12-21,27.688723
2011-12-22,28.054590
2011-12-23,28.164352
2011-12-27,27.893616
2011-12-28,27.425303
2011-12-29,27.739950
2011-12-30,27.761909
2012-01-03,28.610706
2012-01-04,28.449720
2012-01-05,28.325336
2012-01-06,27.966791
2012-01-09,28.259481
2012-01-10,28.874144
2012-01-11,28.896082
2012-01-12,29.013165
2012-01-13,28.749739
2012-01-17,29.298536
2012-01-18,30.037594
2012-01-19,30.301012
2012-01-20,30.279060
2012-01-23,30.571745
2012-01-24,30.615658
2012-01-25,30.959578
2012-01-26,30.835175
2012-01-27,30.996159
2012-01-30,30.549799
2012-01-31,30.813227
2012-02-01,31.493744
2012-02-02,31.581539
2012-02-03,32.108383
2012-02-06,31.837650
2012-02-07,31.903502
2012-02-08,32.130341
2012-02-09,32.115700
2012-02-10,31.405920
2012-02-13,31.918144
2012-02-14,31.654720
2012-02-15,31.742523
2012-02-16,32.086441
2012-02-17,32.144974
2012-02-21,32.013264
2012-02-22,32.071812
2012-02-23,32.013264
2012-02-24,32.335224
2012-02-27,32.013264
2012-02-28,32.459621
2012-02-29,32.437672
2012-03-01,32.744999
2012-03-02,32.664505
2012-03-05,32.101070
2012-03-06,31.025417
2012-03-07,31.398609
2012-03-08,32.057163
2012-03-09,32.042530
2012-03-12,31.691313
2012-03-13,32.554745
2012-03-14,32.042530
2012-03-15,32.298637
2012-03-16,32.262051
2012-03-19,32.137665
2012-03-20,31.581539
2012-03-21,31.640085
2012-03-22,31.157139
2012-03-23,31.391294
2012-03-26,31.940090
2012-03-27,31.771795
2012-03-28,31.237635
2012-03-29,31.201038
2012-03-30,31.427872
2012-04-02,31.859604
2012-04-03,31.676653
2012-04-04,31.105909
2012-04-05,31.274210
2012-04-09,30.813227
2012-04-10,30.213198
2012-04-11,30.542484
2012-04-12,31.325445
2012-04-13,30.849815
2012-04-16,30.696146
2012-04-17,31.047377
2012-04-18,30.901024
2012-04-19,30.762005
2012-04-20,30.974199
2012-04-23,30.381496
2012-04-24,30.447359
2012-04-25,30.725420
2012-04-26,30.915678
2012-04-27,30.959578
2012-04-30,30.893702
2012-05-01,31.098600
2012-05-02,31.040052
2012-05-03,30.805904
2012-05-04,30.264429
2012-05-07,30.374180
2012-05-08,29.891241
2012-05-09,29.503422
2012-05-10,29.627810
2012-05-11,29.247307
2012-05-14,28.581440
2012-05-15,28.332651
2012-05-16,27.930199
2012-05-17,27.549700
2012-05-18,27.286270
2012-05-21,27.937519
2012-05-22,27.644815
2012-05-23,27.454575
2012-05-24,27.315544
2012-05-25,27.183838
2012-05-29,27.952160
2012-05-30,27.469210
2012-05-31,27.586296
2012-06-01,26.847242
2012-06-04,26.964312
2012-06-05,27.037485
2012-06-06,27.827751
2012-06-07,27.996054
2012-06-08,27.754587
2012-06-11,27.352133
2012-06-12,27.922876
2012-06-13,27.820448
2012-06-14,28.018015
2012-06-15,28.530222
2012-06-18,28.588764
2012-06-19,29.049753
2012-06-20,28.954634
2012-06-21,27.894241
2012-06-22,27.983097
2012-06-25,27.464760
2012-06-26,27.701714
2012-06-27,27.879436
2012-06-28,27.746147
2012-06-29,28.975370
2012-07-02,28.975370
2012-07-03,29.552938
2012-07-05,29.241932
2012-07-06,28.708784
2012-07-09,28.605114
2012-07-10,28.286713
2012-07-11,28.434797
2012-07-12,27.960892
2012-07-13,28.501444
2012-07-16,28.434797
2012-07-17,28.812450
2012-07-18,28.738407
2012-07-19,29.004980
2012-07-20,28.575491
2012-07-23,27.827599
2012-07-24,27.709124
2012-07-25,27.842409
2012-07-26,28.471825
2012-07-27,29.271555
2012-07-30,29.101244
2012-07-31,28.967955
2012-08-01,29.019787
2012-08-02,28.679165
2012-08-03,29.567745
2012-08-06,29.752869
2012-08-07,29.834326
2012-08-08,29.893560
2012-08-09,30.019445
2012-08-10,30.160147
2012-08-13,29.893560
2012-08-14,29.886158
2012-08-15,29.841740
2012-08-16,30.115709
2012-08-17,29.967627
2012-08-20,29.952812
2012-08-21,29.908367
2012-08-22,29.923183
2012-08-23,29.649206
2012-08-24,29.656610
2012-08-27,29.353004
2012-08-28,29.293764
2012-08-29,29.153074
2012-08-30,28.812450
2012-08-31,29.086437
2012-09-04,28.923527
2012-09-05,28.775427
2012-09-06,29.412252
2012-09-07,30.093502
2012-09-10,29.708435
2012-09-11,30.063881
2012-09-12,30.197174
2012-09-13,31.011707
2012-09-14,31.374552
2012-09-17,31.033924
2012-09-18,31.048729
2012-09-19,31.048729
2012-09-20,30.863604
2012-09-21,30.937653
2012-09-24,30.908039
2012-09-25,30.448931
2012-09-26,30.308237
2012-09-27,30.789551
2012-09-28,30.604441
2012-10-01,30.908039
2012-10-02,30.952465
2012-10-03,30.745132
2012-10-04,31.063541
2012-10-05,31.063541
2012-10-08,30.789551
2012-10-09,30.560007
2012-10-10,30.374893
2012-10-11,30.656273
2012-10-12,30.560007
2012-10-15,30.737720
2012-10-16,31.056133
2012-10-17,31.300497
2012-10-18,31.211636
2012-10-19,30.730314
2012-10-22,31.026522
2012-10-23,30.389700
2012-10-24,30.419317
2012-10-25,30.752533
2012-10-26,30.515570
2012-10-31,30.471144
2012-11-01,30.967274
2012-11-02,30.804367
2012-11-05,30.952465
2012-11-06,31.196829
2012-11-07,30.685894
2012-11-08,30.300838
2012-11-09,30.360077
2012-11-12,30.471144
2012-11-13,30.197174
2012-11-14,29.730659
2012-11-15,29.834326
2012-11-16,29.923183
2012-11-19,30.448931
2012-11-20,30.389700
2012-11-21,30.330452
2012-11-23,30.826580
2012-11-26,30.826580
2012-11-27,30.567415
2012-11-28,30.737720
2012-11-29,30.959873
2012-11-30,30.945061
2012-12-03,30.930256
2012-12-04,31.019106
2012-12-05,31.352322
2012-12-06,31.589279
2012-12-07,31.685564
2012-12-10,31.863260
2012-12-11,32.026180
2012-12-12,32.122448
2012-12-13,31.981741
2012-12-14,32.122448
2012-12-17,32.203896
2012-12-18,32.428871
2012-12-19,32.413979
2012-12-20,32.607674
2012-12-21,32.235172
2012-12-24,32.168137
2012-12-26,32.264992
2012-12-27,32.446819
2012-12-28,32.566063
2012-12-31,33.050442
2013-01-02,33.698788
2013-01-03,33.460308
2013-01-04,33.527378
2013-01-07,33.274006
2013-01-08,32.975918
2013-01-09,33.117504
2013-01-10,33.408150
2013-01-11,33.139866
2013-01-14,33.281460
2013-01-15,33.139866
2013-01-16,33.110058
2013-01-17,33.296360
2013-01-18,33.370880
2013-01-22,33.318722
2013-01-23,33.139866
2013-01-24,33.020634
2013-01-25,32.908848
2013-01-28,32.677837
2013-01-29,33.042995
2013-01-30,32.886497
2013-01-31,32.953560
2013-02-01,33.169678
2013-02-04,32.730003
2013-02-05,32.767262
2013-02-06,32.730003
2013-02-07,32.439362
2013-02-08,32.677837
2013-02-11,32.662930
2013-02-12,32.752350
2013-02-13,32.916313
2013-02-14,32.901398
2013-02-15,32.782162
2013-02-19,32.849236
2013-02-20,32.558605
2013-02-21,32.111469
2013-02-22,32.253063
2013-02-25,31.820833
2013-02-26,31.999683
2013-02-27,32.349941
2013-02-28,32.200890
2013-03-01,32.275410
2013-03-04,31.969873
2013-03-05,32.357391
2013-03-06,32.513882
2013-03-07,32.603313
2013-03-08,32.886497
2013-03-11,32.707638
2013-03-12,32.335033
2013-03-13,32.029499
2013-03-14,32.163628
2013-03-15,31.872995
2013-03-18,31.515291
2013-03-19,31.291735
2013-03-20,31.470575
2013-03-21,31.150133
2013-03-22,31.269363
2013-03-25,31.239550
2013-03-26,31.686695
2013-03-27,31.805927
2013-03-28,31.872995
2013-04-01,31.530203
2013-04-02,31.545099
2013-04-03,31.172501
2013-04-04,31.083069
2013-04-05,31.008547
2013-04-08,31.060705
2013-04-09,31.366247
2013-04-10,31.664335
2013-04-11,31.694143
2013-04-12,31.209764
2013-04-15,30.449633
2013-04-16,31.075617
2013-04-17,30.583767
2013-04-18,30.583767
2013-04-19,31.030907
2013-04-22,31.179937
2013-04-23,31.328987
2013-04-24,31.515291
2013-04-25,31.798479
2013-04-26,31.478031
2013-04-29,31.805927
2013-04-30,32.260513
2013-05-01,31.910252
2013-05-02,32.163628
2013-05-03,32.431904
2013-05-06,32.476624
2013-05-07,32.707638
2013-05-08,32.961021
2013-05-09,32.722561
2013-05-10,32.469177
2013-05-13,32.171082
2013-05-14,32.320126
2013-05-15,32.327587
2013-05-16,32.215790
2013-05-17,32.357391
2013-05-20,32.439362
2013-05-21,32.372295
2013-05-22,32.014580
2013-05-23,31.776119
2013-05-24,31.500391
2013-05-28,31.671799
2013-05-29,31.269363
2013-05-30,31.269363
2013-05-31,30.703007
2013-06-03,31.157581
2013-06-04,30.777521
2013-06-05,30.226059
2013-06-06,30.479439
2013-06-07,30.322945
2013-06-10,29.913073
2013-06-11,29.346706
2013-06-12,29.145494
2013-06-13,29.764032
2013-06-14,29.294540
2013-06-17,29.562822
2013-06-18,29.689501
2013-06-19,28.772888
2013-06-20,27.483660
2013-06-21,27.878624
2013-06-24,27.312258
2013-06-25,27.893534
2013-06-26,28.333214
2013-06-27,28.901728
2013-06-28,29.067841
2013-07-01,29.158436
2013-07-02,28.637484
2013-07-03,28.373226
2013-07-05,28.192020
2013-07-08,28.229773
2013-07-09,28.599735
2013-07-10,28.327929
2013-07-11,29.717136
2013-07-12,29.400028
2013-07-15,29.702045
2013-07-16,29.822840
2013-07-17,30.094641
2013-07-18,29.739788
2013-07-19,29.656740
2013-07-22,29.951199
2013-07-23,30.275839
2013-07-24,29.966290
2013-07-25,30.139940
2013-07-26,30.071997
2013-07-29,29.694492
2013-07-30,29.626539
2013-07-31,29.452887
2013-08-01,29.988945
2013-08-02,29.981390
2013-08-05,29.792645
2013-08-06,29.415129
2013-08-07,29.098028
2013-08-08,29.656740
2013-08-09,29.717136
2013-08-12,29.996496
2013-08-13,30.177700
2013-08-14,30.275839
2013-08-15,29.928537
2013-08-16,29.671841
2013-08-19,29.113134
2013-08-20,29.060278
2013-08-21,28.380781
2013-08-22,28.841330
2013-08-23,29.181086
2013-08-26,28.863979
2013-08-27,28.199574
2013-08-28,28.259975
2013-08-29,28.486471
2013-08-30,28.705433
2013-09-03,28.886623
2013-09-04,29.400028
2013-09-05,29.747341
2013-09-06,30.185246
2013-09-09,30.978010
2013-09-10,31.212053
2013-09-11,31.234699
2013-09-12,30.872307
2013-09-13,31.076151
2013-09-16,31.423454
2013-09-17,31.355511
2013-09-18,32.669216
2013-09-19,32.495579
2013-09-20,31.770754
2013-09-23,31.884018
2013-09-24,31.612209
2013-09-25,31.370602
2013-09-26,31.498974
2013-09-27,31.128998
2013-09-30,30.774143
2013-10-01,31.385710
2013-10-02,31.506508
2013-10-03,31.385710
2013-10-04,31.793417
2013-10-07,31.521612
2013-10-08,31.219604
2013-10-09,31.453663
2013-10-10,32.193569
2013-10-11,32.337021
2013-10-14,32.525772
2013-10-15,32.208664
2013-10-16,32.465370
2013-10-17,32.669216
2013-10-18,32.699429
2013-10-21,32.646564
2013-10-22,32.963676
2013-10-23,32.193569
2013-10-24,32.125618
2013-10-25,32.276623
2013-10-28,32.465370
2013-10-29,32.571075
2013-10-30,32.389874
2013-10-31,32.057663
2013-11-01,32.072762
2013-11-04,32.269073
2013-11-05,31.619764
2013-11-06,31.717915
2013-11-07,31.144108
2013-11-08,31.076151
2013-11-11,30.917606
2013-11-12,30.751501
2013-11-13,30.804352
2013-11-14,31.302656
2013-11-15,31.899113
2013-11-18,32.186024
2013-11-19,31.989717
2013-11-20,31.551809
2013-11-21,31.521612
2013-11-22,31.748112
2013-11-25,31.340403
2013-11-26,31.446117
2013-11-27,31.649961
2013-11-29,31.974615
2013-12-02,31.302656
2013-12-03,31.196955
2013-12-04,31.159201
2013-12-05,30.978010
2013-12-06,31.665066
2013-12-09,31.710361
2013-12-10,31.725458
2013-12-11,31.023304
2013-12-12,30.842102
2013-12-13,30.917606
2013-12-16,31.121452
2013-12-17,30.849653
2013-12-18,31.463676
2013-12-19,30.884697
2013-12-20,30.838984
2013-12-23,31.067537
2013-12-24,31.250381
2013-12-26,30.983738
2013-12-27,31.463676
2013-12-30,31.600813
2013-12-31,31.844603
2014-01-02,30.618055
2014-01-03,30.564722
2014-01-06,30.275234
2014-01-07,30.404737
2014-01-08,30.305702
2014-01-09,30.145723
2014-01-10,30.679005
2014-01-13,30.313322
2014-01-14,30.640907
2014-01-15,30.633289
2014-01-16,30.465689
2014-01-17,30.313322
2014-01-21,30.267614
2014-01-22,30.671381
2014-01-23,29.917168
2014-01-24,29.132490
2014-01-27,29.018215
2014-01-28,29.201038
2014-01-29,28.782032
2014-01-30,29.048685
2014-01-31,29.094385
2014-02-03,28.271610
2014-02-04,28.842979
2014-02-05,28.736332
2014-02-06,29.338171
2014-02-07,29.505781
2014-02-10,29.178194
2014-02-11,29.810520
2014-02-12,29.818123
2014-02-13,29.848600
2014-02-14,30.214279
2014-02-18,29.932402
2014-02-19,29.726717
2014-02-20,29.833364
2014-02-21,30.039070
2014-02-24,30.039070
2014-02-25,29.696234
2014-02-26,29.719090
2014-02-27,30.282837
2014-02-28,30.077156
2014-03-03,29.543873
2014-03-04,30.046680
2014-03-05,30.069536
2014-03-06,30.496161
2014-03-07,30.107634
2014-03-10,29.901930
2014-03-11,29.566725
2014-03-12,29.627676
2014-03-13,29.094385
2014-03-14,29.254375
2014-03-17,29.612436
2014-03-18,30.023830
2014-03-19,29.383890
2014-03-20,29.513405
2014-03-21,29.696234
2014-03-24,29.985739
2014-03-25,30.328556
2014-03-26,30.397118
2014-03-27,30.793276
2014-03-28,31.037056
2014-03-31,31.242750
2014-04-01,31.608446
2014-04-02,31.669386
2014-04-03,31.547493
2014-04-04,31.463676
2014-04-07,31.600813
2014-04-08,31.966496
2014-04-09,32.210281
2014-04-10,31.867460
2014-04-11,31.867460
2014-04-14,31.798891
2014-04-15,31.318941
2014-04-16,31.715097
2014-04-17,32.004585
2014-04-21,31.806511
2014-04-22,31.722708
2014-04-23,31.494158
2014-04-24,31.524639
2014-04-25,31.098013
2014-04-28,31.250381
2014-04-29,31.547493
2014-04-30,31.486551
2014-05-01,31.524639
2014-05-02,31.699863
2014-05-05,31.524639
2014-05-06,31.669386
2014-05-07,31.836990
2014-05-08,31.760798
2014-05-09,31.707472
2014-05-12,32.240765
2014-05-13,32.362656
2014-05-14,32.591202
2014-05-15,32.286469
2014-05-16,32.713097
2014-05-19,32.713097
2014-05-20,32.446445
2014-05-21,32.697857
2014-05-22,32.926407
2014-05-23,32.865463
2014-05-27,32.583576
2014-05-28,32.774036
2014-05-29,32.865463
2014-05-30,32.415977
2014-06-02,32.515022
2014-06-03,32.697857
2014-06-04,32.515022
2014-06-05,32.857841
2014-06-06,33.185440
2014-06-09,33.307327
2014-06-10,33.482544
2014-06-11,33.368271
2014-06-12,33.208282
2014-06-13,33.223515
2014-06-16,33.071163
2014-06-17,33.078785
2014-06-18,33.444458
2014-06-19,33.254002
2014-06-20,33.185440
2014-06-23,33.116867
2014-06-24,33.101631
2014-06-25,33.171501
2014-06-26,33.209900
2014-06-27,33.286678
2014-06-30,33.194546
2014-07-01,33.509365
2014-07-02,33.709011
2014-07-03,33.908642
2014-07-07,33.885616
2014-07-08,33.732040
2014-07-09,33.924007
2014-07-10,33.739719
2014-07-11,33.701324
2014-07-14,33.962399
2014-07-15,33.939377
2014-07-16,34.023823
2014-07-17,33.386497
2014-07-18,33.908642
2014-07-21,34.023823
2014-07-22,34.338654
2014-07-23,34.369350
2014-07-24,34.522930
2014-07-25,34.384716
2014-07-28,34.622753
2014-07-29,34.415436
2014-07-30,34.246502
2014-07-31,33.647575
2014-08-01,33.831867
2014-08-04,34.146687
2014-08-05,33.624542
2014-08-06,33.394184
2014-08-07,33.263645
2014-08-08,33.563103
2014-08-11,33.993122
2014-08-12,34.031509
2014-08-13,34.215790
2014-08-14,34.269531
2014-08-15,34.177395
2014-08-18,34.507576
2014-08-19,34.668823
2014-08-20,34.599728
2014-08-21,34.453835
2014-08-22,34.361687
2014-08-25,34.615078
2014-08-26,34.822407
2014-08-27,34.999008
2014-08-28,34.653481
2014-08-29,34.599728
2014-09-02,34.545971
2014-09-03,34.999008
2014-09-04,34.906860
2014-09-05,35.206329
2014-09-08,34.791679
2014-09-09,34.361687
2014-09-10,34.215790
2014-09-11,33.985428
2014-09-12,33.624542
2014-09-15,33.455612
2014-09-16,33.893295
2014-09-17,33.578465
2014-09-18,33.624542
2014-09-19,33.371151
2014-09-22,32.864361
2014-09-23,32.680077
2014-09-24,33.148464
2014-09-25,32.426674
2014-09-26,32.572575
2014-09-29,31.912212
2014-09-30,31.912212
2014-10-01,31.259537
2014-10-02,31.428465
2014-10-03,31.697212
2014-10-06,32.111855
2014-10-07,31.827751
2014-10-08,32.303822
2014-10-09,31.797039
2014-10-10,31.105959
2014-10-13,31.420786
2014-10-14,31.605072
2014-10-15,31.205780
2014-10-16,30.921675
2014-10-17,31.267218
2014-10-20,31.359364
2014-10-21,31.489885
2014-10-22,31.282574
2014-10-23,31.274899
2014-10-24,31.497574
2014-10-27,31.251852
2014-10-28,31.881504
2014-10-29,31.927578
2014-10-30,32.227039
2014-10-31,32.365246
2014-11-03,32.096497
2014-11-04,32.127216
2014-11-05,31.843098
2014-11-06,31.451494
2014-11-07,31.651142
2014-11-10,31.735611
2014-11-11,31.704899
2014-11-12,31.643463
2014-11-13,31.559000
2014-11-14,31.820078
2014-11-17,31.482216
2014-11-18,31.651142
2014-11-19,31.635792
2014-11-20,31.582050
2014-11-21,32.587933
2014-11-24,32.319180
2014-11-25,32.111855
2014-11-26,32.518826
2014-11-28,31.866142
2014-12-01,31.320971
2014-12-02,31.313286
2014-12-03,31.397749
2014-12-04,31.451494
2014-12-05,31.390076
2014-12-08,30.929358
2014-12-09,30.637571
2014-12-10,30.184534
2014-12-11,29.931133
2014-12-12,29.439709
2014-12-15,29.017384
2014-12-16,28.971310
2014-12-17,29.637278
2014-12-18,30.042313
2014-12-19,30.252611
2014-12-22,30.673218
2014-12-23,30.392811
2014-12-24,30.462915
2014-12-26,30.704372
2014-12-29,30.517441
2014-12-30,30.579752
2014-12-31,30.603119
2015-01-02,30.198086
2015-01-05,29.660641
2015-01-06,29.536022
2015-01-07,30.174730
2015-01-08,30.688795
2015-01-09,30.587542
2015-01-12,30.338295
2015-01-13,30.603119
2015-01-14,30.431761
2015-01-15,30.501860
2015-01-16,30.758894
2015-01-20,30.712166
2015-01-21,31.389814
2015-01-22,31.989561
2015-01-23,31.748104
2015-01-26,31.763693
2015-01-27,31.592318
2015-01-28,31.249601
2015-01-29,31.249601
2015-01-30,30.392811
2015-02-02,30.938047
2015-02-03,31.522224
2015-02-04,31.366446
2015-02-05,31.553385
2015-02-06,31.015934
2015-02-09,30.969198
2015-02-10,30.891310
2015-02-11,30.665432
2015-02-12,31.319702
2015-02-13,31.678013
2015-02-17,31.607912
2015-02-18,31.600117
2015-02-19,31.467699
2015-02-20,31.678013
2015-02-23,31.358648
2015-02-24,31.810425
2015-02-25,31.748104
2015-02-26,31.755892
2015-02-27,31.732523
2015-03-02,31.685791
2015-03-03,31.444330
2015-03-04,31.101618
2015-03-05,31.054882
2015-03-06,30.579752
2015-03-09,30.462915
2015-03-10,29.785269
2015-03-11,30.011162
2015-03-12,30.198086
2015-03-13,29.832005
2015-03-16,30.190296
2015-03-17,30.540806
2015-03-18,31.288549
2015-03-19,30.758894
2015-03-20,31.218449
2015-03-23,31.311928
2015-03-24,31.436543
2015-03-25,30.938047
2015-03-26,30.649857
2015-03-27,30.735537
2015-03-30,31.327499
2015-03-31,31.257406
2015-04-01,31.646845
2015-04-02,32.121979
2015-04-06,32.534798
2015-04-07,32.371227
2015-04-08,33.048878
2015-04-09,33.376022
2015-04-10,33.399384
2015-04-13,33.204662
2015-04-14,33.352654
2015-04-15,33.586319
2015-04-16,33.851147
2015-04-17,33.259178
2015-04-20,33.228020
2015-04-21,33.422741
2015-04-22,33.781044
2015-04-23,34.030300
2015-04-24,34.154915
2015-04-27,34.287331
2015-04-28,34.341854
2015-04-29,33.913448
2015-04-30,33.399384
2015-05-01,33.601902
2015-05-04,33.796623
2015-05-05,33.430542
2015-05-06,33.017723
2015-05-07,32.970978
2015-05-08,33.391590
2015-05-11,33.072239
2015-05-12,32.963200
2015-05-13,33.025501
2015-05-14,33.352654
2015-05-15,33.609688
2015-05-18,33.266964
2015-05-19,33.321491
2015-05-20,33.298130
2015-05-21,33.181282
2015-05-22,33.290333
2015-05-26,32.760685
2015-05-27,32.768471
2015-05-28,32.340069
2015-05-29,32.028507
2015-06-01,31.903881
2015-06-02,32.028507
2015-06-03,31.864943
2015-06-04,31.382032
2015-06-05,31.241821
2015-06-08,31.234026
2015-06-09,31.047092
2015-06-10,31.498850
2015-06-11,31.343081
2015-06-12,31.343081
2015-06-15,30.992571
2015-06-16,31.000355
2015-06-17,31.187286
2015-06-18,31.475492
2015-06-19,31.202877
2015-06-22,31.654640
2015-06-23,31.966208
2015-06-24,31.740313
2015-06-25,31.631248
2015-06-26,31.333059
2015-06-29,30.634678
2015-06-30,31.089800
2015-07-01,31.066257
2015-07-02,31.215357
2015-07-06,30.344334
2015-07-07,29.889214
2015-07-08,28.861252
2015-07-09,29.418388
2015-07-10,30.163855
2015-07-13,30.367872
2015-07-14,30.422806
2015-07-15,30.077536
2015-07-16,30.454197
2015-07-17,30.414957
2015-07-20,30.218786
2015-07-21,30.226645
2015-07-22,29.795044
2015-07-23,29.504709
2015-07-24,29.080973
2015-07-27,28.531681
2015-07-28,28.822021
2015-07-29,29.104515
2015-07-30,28.814167
2015-07-31,29.128054
2015-08-03,28.641539
2015-08-04,28.743549
2015-08-05,28.751392
2015-08-06,28.500294
2015-08-07,28.484602
2015-08-10,28.963259
2015-08-11,28.327660
2015-08-12,27.888224
2015-08-13,27.841141
2015-08-14,27.880373
2015-08-17,27.574345
2015-08-18,27.276154
2015-08-19,26.938736
2015-08-20,26.515003
2015-08-21,25.698915
2015-08-24,24.576794
2015-08-25,24.890675
2015-08-26,25.714607
2015-08-27,26.852427
2015-08-28,26.507156
2015-08-31,26.554239
2015-09-01,25.526278
2015-09-02,25.895090
2015-09-03,25.997099
2015-09-04,25.220251
2015-09-08,26.020641
2015-09-09,25.887245
2015-09-10,26.154039
2015-09-11,26.256048
2015-09-14,26.216820
2015-09-15,26.467924
2015-09-16,27.111376
2015-09-17,27.048601
2015-09-18,26.546394
2015-09-21,26.499310
2015-09-22,26.004950
2015-09-23,25.589058
2015-09-24,25.479202
2015-09-25,25.424269
2015-09-28,24.882826
2015-09-29,25.000530
2015-09-30,25.722448
2015-10-01,25.863703
2015-10-02,26.554239
2015-10-05,27.127071
2015-10-06,27.079988
2015-10-07,27.801916
2015-10-08,28.100096
2015-10-09,28.202106
2015-10-12,27.990242
2015-10-13,27.535114
2015-10-14,27.746979
2015-10-15,28.421824
2015-10-16,28.445362
2015-10-19,28.155024
2015-10-20,28.147177
2015-10-21,27.739130
2015-10-22,28.311960
2015-10-23,28.476755
2015-10-26,28.217802
2015-10-27,27.896074
2015-10-28,27.574345
2015-10-29,27.315393
2015-10-30,27.362482
2015-11-02,27.903927
2015-11-03,28.272736
2015-11-04,28.045168
2015-11-05,28.092249
2015-11-06,27.699900
2015-11-09,27.009361
2015-11-10,26.891655
2015-11-11,26.946583
2015-11-12,26.687639
2015-11-13,26.318827
2015-11-16,26.828884
2015-11-17,26.750406
2015-11-18,27.040752
2015-11-19,27.284012
2015-11-20,27.558649
2015-11-23,27.299706
2015-11-24,27.440950
2015-11-25,27.229078
2015-11-27,26.632708
2015-11-30,26.671946
2015-12-01,26.875965
2015-12-02,26.554239
2015-12-03,26.405144
2015-12-04,26.585621
2015-12-07,26.146191
2015-12-08,25.855856
2015-12-09,25.643986
2015-12-10,25.471348
2015-12-11,24.757275
2015-12-14,25.157469
2015-12-15,25.541971
2015-12-16,26.044188
2015-12-17,25.706760
2015-12-18,25.620447
2015-12-21,25.820473
2015-12-22,26.027679
2015-12-23,26.394262
2015-12-24,26.298630
2015-12-28,26.115334
2015-12-29,26.139250
2015-12-30,25.732817
2015-12-31,25.653120
2016-01-04,24.951826
2016-01-05,25.007607
2016-01-06,24.529451
2016-01-07,23.772373
2016-01-08,23.517349
2016-01-11,23.509384
2016-01-12,23.557199
2016-01-13,23.310148
2016-01-14,23.612984
2016-01-15,22.680574
2016-01-19,23.015289
2016-01-20,22.513226
2016-01-21,22.600882
2016-01-22,23.373905
2016-01-25,22.975439
2016-01-26,23.310148
2016-01-27,23.230453
2016-01-28,23.597044
2016-01-29,24.362095
2016-02-01,24.130983
2016-02-02,23.349998
2016-02-03,24.011444
2016-02-04,24.194738
2016-02-05,23.915817
2016-02-08,23.589075
2016-02-09,23.262333
2016-02-10,23.357964
2016-02-11,22.967470
2016-02-12,23.365936
2016-02-16,23.883938
2016-02-17,24.354128
2016-02-18,24.210682
2016-02-19,24.099108
2016-02-22,24.696800
2016-02-23,24.170834
2016-02-24,24.115047
2016-02-25,24.194738
2016-02-26,23.955662
2016-02-29,24.162863
2016-03-01,25.023544
2016-03-02,25.358257
2016-03-03,25.645147
2016-03-04,26.155184
2016-03-07,26.115334
2016-03-08,25.669058
2016-03-09,25.828447
2016-03-10,25.868286
2016-03-11,26.410200
2016-03-14,26.250809
2016-03-15,25.876259
2016-03-16,26.394262
2016-03-17,26.976027
2016-03-18,27.119463
2016-03-21,27.175249
2016-03-22,27.111498
2016-03-23,26.649281
2016-03-24,26.585527
2016-03-28,26.673189
2016-03-29,27.039770
2016-03-30,27.318701
2016-03-31,27.294794
2016-04-01,27.215099
2016-04-04,26.888361
2016-04-05,26.362389
2016-04-06,26.681156
2016-04-07,26.147217
2016-04-08,26.601463
2016-04-11,26.944139
2016-04-12,27.358541
2016-04-13,27.844669
2016-04-14,27.709196
2016-04-15,27.549809
2016-04-18,27.677311
2016-04-19,28.099693
2016-04-20,27.972178
2016-04-21,27.693253
2016-04-22,27.525902
2016-04-25,27.350578
2016-04-26,27.645433
2016-04-27,27.812790
2016-04-28,27.525902
2016-04-29,27.406355
2016-05-02,27.334639
2016-05-03,26.561615
2016-05-04,26.131277
2016-05-05,26.123301
2016-05-06,26.163157
2016-05-09,25.828447
2016-05-10,26.322542
2016-05-11,26.258785
2016-05-12,26.187065
2016-05-13,25.716873
2016-05-16,26.027679
2016-05-17,25.908136
2016-05-18,25.653120
2016-05-19,25.414038
2016-05-20,25.669058
2016-05-23,25.621241
2016-05-24,25.884230
2016-05-25,26.195030
2016-05-26,26.370352
2016-05-27,26.362389
2016-05-31,26.394262
2016-06-01,26.378323
2016-06-02,26.593496
2016-06-03,26.999926
2016-06-06,27.286829
2016-06-07,27.533869
2016-06-08,27.733097
2016-06-09,27.414331
2016-06-10,26.720999
2016-06-13,26.346453
2016-06-14,26.258785
2016-06-15,26.537710
2016-06-16,26.442081
2016-06-17,26.513800
2016-06-20,26.983984
2016-06-21,27.191189
2016-06-22,27.260269
2016-06-23,27.918879
2016-06-24,26.224148
2016-06-27,25.886808
2016-06-28,26.649841
2016-06-29,27.324518
2016-06-30,27.597607
2016-07-01,27.862656
2016-07-05,27.268293
2016-07-06,27.196009
2016-07-07,27.123722
2016-07-08,27.710052
2016-07-11,27.975103
2016-07-12,28.368658
2016-07-13,28.320475
2016-07-14,28.730099
2016-07-15,28.665840
2016-07-18,28.922865
2016-07-19,28.625689
2016-07-20,28.770262
2016-07-21,28.681904
2016-07-22,28.890743
2016-07-25,28.601591
2016-07-26,28.826483
2016-07-27,28.922865
2016-07-28,28.930893
2016-07-29,29.083506
2016-08-01,29.027279
2016-08-02,28.818455
2016-08-03,28.914839
2016-08-04,29.075476
2016-08-05,29.412815
2016-08-08,29.621645
2016-08-09,29.822441
2016-08-10,29.830473
2016-08-11,30.216007
2016-08-12,30.103554
2016-08-15,30.416803
2016-08-16,30.280254
2016-08-17,30.087498
2016-08-18,30.368610
2016-08-19,30.199932
2016-08-22,29.798340
2016-08-23,29.677868
2016-08-24,29.758186
2016-08-25,29.782282
2016-08-26,29.525259
2016-08-29,29.750156
2016-08-30,29.669830
2016-08-31,29.340525
2016-09-01,29.565420
2016-09-02,30.047340
2016-09-06,30.689888
2016-09-07,30.593504
2016-09-08,30.513184
2016-09-09,29.485098
2016-09-12,29.685902
2016-09-13,28.938932
2016-09-14,29.027279
2016-09-15,29.525259
2016-09-16,29.324463
2016-09-19,29.557384
2016-09-20,29.573452
2016-09-21,30.400738
2016-09-22,30.617588
2016-09-23,30.224033
2016-09-26,29.782282
2016-09-27,30.207977
2016-09-28,30.481056
2016-09-29,29.950949
2016-09-30,30.079460
2016-10-03,30.288292
2016-10-04,29.950949
2016-10-05,30.384682
2016-10-06,30.408770
2016-10-07,30.272219
2016-10-10,30.601538
2016-10-11,29.894722
2016-10-12,29.838503
2016-10-13,29.573452
2016-10-14,29.621645
2016-10-17,29.589518
2016-10-18,30.111588
2016-10-19,30.296318
2016-10-20,30.207977
2016-10-21,30.199932
2016-10-24,30.328447
2016-10-25,30.360580
2016-10-26,30.039305
2016-10-27,29.782282
2016-10-28,29.661806
2016-10-31,29.830473
2016-11-01,29.589518
2016-11-02,29.236107
2016-11-03,29.155788
2016-11-04,28.858618
2016-11-07,29.902758
2016-11-08,30.095524
2016-11-09,29.115629
2016-11-10,28.288347
2016-11-11,27.750206
2016-11-14,27.549416
2016-11-15,28.103615
2016-11-16,27.870691
2016-11-17,27.910845
2016-11-18,27.782337
2016-11-21,28.055420
2016-11-22,28.481110
2016-11-23,28.175905
2016-11-25,28.312445
2016-11-28,28.424892
2016-11-29,28.465042
2016-11-30,28.513241
2016-12-01,28.175905
2016-12-02,28.208031
2016-12-05,28.440954
2016-12-06,28.593561
2016-12-07,29.075476
2016-12-08,29.203981
2016-12-09,29.051374
2016-12-12,28.858618
2016-12-13,29.179892
2016-12-14,28.312445
2016-12-15,28.360632
2016-12-16,28.232119
2016-12-19,28.039352
2016-12-20,28.135740
2016-12-21,28.018761
2016-12-22,27.685688
2016-12-23,27.848164
2016-12-27,27.970016
2016-12-28,28.181232
2016-12-29,28.644287
2016-12-30,28.441193
2017-01-03,28.782389
2017-01-04,29.001736
2017-01-05,29.318554
2017-01-06,29.196697
2017-01-09,29.172333
2017-01-10,29.342937
2017-01-11,29.692242
2017-01-12,29.822227
2017-01-13,29.797859
2017-01-17,29.781614
2017-01-18,29.619135
2017-01-19,29.529768
2017-01-20,29.586641
2017-01-23,30.025328
2017-01-24,30.212164
2017-01-25,30.545238
2017-01-26,30.415262
2017-01-27,30.439631
2017-01-30,30.277153
2017-01-31,30.334023
2017-02-01,30.350277
2017-02-02,30.480253
2017-02-03,30.667101
2017-02-06,30.593987
2017-02-07,30.439631
2017-02-08,30.626476
2017-02-09,30.764582
2017-02-10,31.048916
2017-02-13,31.146402
2017-02-14,31.178892
2017-02-15,31.430725
2017-02-16,31.316998
2017-02-17,31.187017
2017-02-21,31.528219
2017-02-22,31.625704
2017-02-23,31.633823
2017-02-24,31.260130
2017-02-27,31.162645
2017-02-28,30.862068
2017-03-01,31.341375
2017-03-02,30.788954
2017-03-03,31.024544
2017-03-06,31.040791
2017-03-07,31.073277
2017-03-08,30.780830
2017-03-09,30.537125
2017-03-10,30.878313
2017-03-13,31.308874
2017-03-14,31.130148
2017-03-15,31.942518
2017-03-16,32.137505
2017-03-17,32.080627
2017-03-20,32.454323
2017-03-21,32.096874
2017-03-22,32.251225
2017-03-23,32.259350
2017-03-24,32.340588
2017-03-27,32.251225
2017-03-28,32.340588
2017-03-29,32.397449
2017-03-30,32.226860
2017-03-31,31.999386
2017-04-03,32.178112
2017-04-04,32.194363
2017-04-05,32.096874
2017-04-06,32.040001
2017-04-07,31.983145
2017-04-10,31.853161
2017-04-11,31.780052
2017-04-12,31.934401
2017-04-13,31.796289
2017-04-17,32.129368
2017-04-18,31.723181
2017-04-19,31.528219
2017-04-20,31.918148
2017-04-21,31.918148
2017-04-24,32.373081
2017-04-25,32.657413
2017-04-26,32.535557
2017-04-27,32.494942
2017-04-28,32.543678
2017-05-01,32.730530
2017-05-02,32.966106
2017-05-03,32.746773
2017-05-04,32.381214
2017-05-05,32.649288
2017-05-08,32.641159
2017-05-09,33.055481
2017-05-10,33.274818
2017-05-11,33.347919
2017-05-12,33.486034
2017-05-15,33.827229
2017-05-16,33.859730
2017-05-17,33.282940
2017-05-18,32.730530
2017-05-19,33.429169
2017-05-22,33.461670
2017-05-23,33.494156
2017-05-24,33.624134
2017-05-25,33.786613
2017-05-26,33.908474
2017-05-30,33.729748
2017-05-31,33.469784
2017-06-01,33.754120
2017-06-02,33.924713
2017-06-05,33.884094
2017-06-06,33.900345
2017-06-07,33.859730
2017-06-08,34.062820
2017-06-09,33.802864
2017-06-12,33.624134
2017-06-13,33.786613
2017-06-14,33.778492
2017-06-15,33.429169
2017-06-16,33.486034
2017-06-19,33.819118
2017-06-20,33.445320
2017-06-21,33.518764
2017-06-22,33.690159
2017-06-23,33.869717
2017-06-26,34.196167
2017-06-27,33.796257
2017-06-28,34.057415
2017-06-29,33.624859
2017-06-30,33.779926
2017-07-03,33.975815
2017-07-05,33.910519
2017-07-06,33.502434
2017-07-07,33.567730
2017-07-10,33.886024
2017-07-11,34.163517
2017-07-12,34.824585
2017-07-13,34.995975
2017-07-14,35.436695
2017-07-17,35.273460
2017-07-18,35.379562
2017-07-19,35.673374
2017-07-20,35.632568
2017-07-21,35.608082
2017-07-24,35.714180
2017-07-25,35.624397
2017-07-26,35.918209
2017-07-27,35.722336
2017-07-28,35.706020
2017-07-31,35.746815
2017-08-01,35.852921
2017-08-02,35.885563
2017-08-03,35.738663
2017-08-04,35.869240
2017-08-07,36.114082
2017-08-08,36.122246
2017-08-09,35.795792
2017-08-10,34.947014
2017-08-11,35.028618
2017-08-14,35.387726
2017-08-15,35.428524
2017-08-16,35.795792
2017-08-17,35.338757
2017-08-18,35.640724
2017-08-21,35.771309
2017-08-22,36.171211
2017-08-23,36.342598
2017-08-24,36.456860
2017-08-25,36.669064
2017-08-28,36.538479
2017-08-29,36.473186
2017-08-30,36.530319
2017-08-31,36.587456
2017-09-01,36.856773
2017-09-05,36.375256
2017-09-06,36.611931
2017-09-07,36.881256
2017-09-08,36.636414
2017-09-11,37.126102
2017-09-12,37.085289
2017-09-13,36.889412
2017-09-14,36.987350
2017-09-15,37.207718
2017-09-18,37.338291
2017-09-19,37.419910
2017-09-20,37.248524
2017-09-21,37.248524
2017-09-22,37.036327
2017-09-25,36.407894
2017-09-26,36.309963
2017-09-27,36.179386
2017-09-28,36.154900
2017-09-29,36.571117
2017-10-02,36.579285
2017-10-03,37.158741
2017-10-04,37.150578
2017-10-05,37.428066
2017-10-06,37.240356
2017-10-09,37.215870
2017-10-10,37.583134
2017-10-11,37.754528
2017-10-12,37.738201
2017-10-13,38.080982
2017-10-16,38.056499
2017-10-17,37.860622
2017-10-18,37.950394
2017-10-19,37.615772
2017-10-20,37.754528
2017-10-23,37.452549
2017-10-24,37.452549
2017-10-25,37.370937
2017-10-26,37.117924
2017-10-27,37.656593
2017-10-30,37.419910
2017-10-31,37.770840
2017-11-01,37.966717
2017-11-02,38.015690
2017-11-03,37.819817
2017-11-06,38.244198
2017-11-07,37.999371
2017-11-08,38.178909
2017-11-09,37.942226
2017-11-10,37.779003
2017-11-13,37.697392
2017-11-14,37.444393
2017-11-15,37.248524
2017-11-16,38.023849
2017-11-17,38.211563
2017-11-20,38.407433
2017-11-21,38.921593
2017-11-22,39.019543
2017-11-24,38.937931
2017-11-27,38.366611
2017-11-28,38.652271
2017-11-29,38.040165
2017-11-30,37.623936
2017-12-01,37.411751
2017-12-04,37.485199
2017-12-05,37.460716
2017-12-06,36.954708
2017-12-07,37.060802
2017-12-08,37.493355
2017-12-11,37.681068
2017-12-12,37.428066
2017-12-13,37.876942
2017-12-14,37.599449
2017-12-15,37.681068
2017-12-18,38.105457
2017-12-19,37.904137
2017-12-20,37.953842
2017-12-21,38.202400
2017-12-22,38.525509
2017-12-26,38.492371
2017-12-27,38.591793
2017-12-28,38.856918
2017-12-29,39.039188
2018-01-02,39.776550
2018-01-03,40.157665
2018-01-04,40.356510
2018-01-05,40.704479
2018-01-08,40.704479
2018-01-09,40.638203
2018-01-10,40.381367
2018-01-11,40.629917
2018-01-12,41.019314
2018-01-16,40.861900
2018-01-17,41.400417
2018-01-18,41.450142
2018-01-19,41.789825
2018-01-22,42.030094
2018-01-23,42.228931
2018-01-24,42.585194
2018-01-25,42.560333
2018-01-26,43.148571
2018-01-29,42.494053
2018-01-30,41.914097
2018-01-31,42.278648
2018-02-01,41.706978
2018-02-02,40.638203
2018-02-05,39.213165
2018-02-06,40.489059
2018-02-07,39.213165
2018-02-08,37.854424
2018-02-09,38.459236
2018-02-12,39.064049
2018-02-13,39.362301
2018-02-14,40.348221
2018-02-15,41.176727
2018-02-16,41.044167
2018-02-20,40.480797
2018-02-21,40.447647
2018-02-22,40.472496
2018-02-23,41.193306
2018-02-26,41.574413
2018-02-27,40.364799
2018-02-28,39.784847
2018-03-01,39.710274
2018-03-02,39.875980
2018-03-05,39.933968
2018-03-06,40.306805
2018-03-07,40.348221
2018-03-08,40.356510
2018-03-09,41.218163
2018-03-12,41.317574
2018-03-13,40.944752
2018-03-14,41.011036
2018-03-15,40.861900
2018-03-16,40.770760
2018-03-19,40.331657
2018-03-20,40.779053
2018-03-21,41.019314
2018-03-22,39.652283
2018-03-23,38.848633
2018-03-26,40.107948
2018-03-27,39.378868
2018-03-28,39.180035
2018-03-29,40.000252
2018-04-02,39.279446
2018-04-03,39.668850
2018-04-04,39.685421
2018-04-05,39.784847
2018-04-06,39.006046
2018-04-09,39.047470
2018-04-10,39.809689
2018-04-11,39.826271
2018-04-12,39.809689
2018-04-13,39.412010
2018-04-16,39.461723
2018-04-17,39.544575
2018-04-18,39.884262
2018-04-19,39.652283
2018-04-20,39.155178
2018-04-23,38.840340
2018-04-24,38.658073
2018-04-25,38.359818
2018-04-26,38.914906
2018-04-27,39.155178
2018-04-30,38.873486
2018-05-01,38.682926
2018-05-02,38.376381
2018-05-03,38.293530
2018-05-04,38.467518
2018-05-07,38.243816
2018-05-08,38.459236
2018-05-09,38.533798
2018-05-10,39.337452
2018-05-11,39.271172
2018-05-14,39.320877
2018-05-15,38.508949
2018-05-16,39.088898
2018-05-17,38.492371
2018-05-18,38.169250
2018-05-21,38.401234
2018-05-22,38.533798
2018-05-23,38.517216
2018-05-24,38.310101
2018-05-25,38.467518
2018-05-29,37.572727
2018-05-30,37.870995
2018-05-31,37.854424
2018-06-01,38.384666
2018-06-04,38.774055
2018-06-05,38.475800
2018-06-06,39.055756
2018-06-07,38.459236
2018-06-08,38.384666
2018-06-11,38.384666
2018-06-12,38.285244
2018-06-13,38.028408
2018-06-14,37.771576
2018-06-15,37.473309
2018-06-18,37.017624
2018-06-19,36.609013
2018-06-20,36.767456
2018-06-21,36.250427
2018-06-22,36.625690
2018-06-25,36.133675
2018-06-26,35.991905
2018-06-27,35.299759
2018-06-28,35.599968
2018-06-29,36.133675
2018-07-02,35.775101
2018-07-03,35.800106
2018-07-05,35.708382
2018-07-06,36.200386
2018-07-09,36.850845
2018-07-10,36.767456
2018-07-11,36.050282
2018-07-12,36.542297
2018-07-13,36.567310
2018-07-16,36.367184
2018-07-17,36.634026
2018-07-18,36.592335
2018-07-19,36.142021
2018-07-20,36.659046
2018-07-23,36.417210
2018-07-24,36.950920
2018-07-25,37.551342
2018-07-26,37.134373
2018-07-27,37.267799
2018-07-30,37.209438
2018-07-31,37.409573
2018-08-01,37.076008
2018-08-02,36.583996
2018-08-03,36.867527
2018-08-06,36.583996
2018-08-07,36.959255
2018-08-08,36.909222
2018-08-09,36.800812
2018-08-10,36.016930
2018-08-13,35.424850
2018-08-14,35.641670
2018-08-15,34.615952
2018-08-16,34.832767
2018-08-17,35.199688
2018-08-20,35.358135
2018-08-21,35.808441
2018-08-22,36.091988
2018-08-23,35.508240
2018-08-24,36.167038
2018-08-27,36.684063
2018-08-28,36.550640
2018-08-29,36.775787
2018-08-30,35.816799
2018-08-31,36.000244
2018-09-04,35.299759
2018-09-05,34.791069
2018-09-06,34.824417
2018-09-07,34.649303
2018-09-10,34.307404
2018-09-11,34.382454
2018-09-12,34.557571
2018-09-13,35.024559
2018-09-14,34.991207
2018-09-17,34.674320
2018-09-18,35.007885
2018-09-19,35.491562
2018-09-20,35.883507
2018-09-21,36.050282
2018-09-24,35.641670
2018-09-25,35.783432
2018-09-26,35.858479
2018-09-27,36.033611
2018-09-28,35.791771
2018-10-01,35.800106
2018-10-02,35.349792
2018-10-03,35.057919
2018-10-04,34.182316
2018-10-05,34.057213
2018-10-08,34.107262
2018-10-09,33.982170
2018-10-10,32.973141
2018-10-11,32.639565
2018-10-12,33.598564
2018-10-15,33.239983
2018-10-16,34.073906
2018-10-17,33.656948
2018-10-18,32.772995
2018-10-19,33.081539
2018-10-22,33.440128
2018-10-23,33.073196
2018-10-24,32.005775
2018-10-25,32.622887
2018-10-26,32.247616
2018-10-29,31.688898
2018-10-30,32.305992
2018-10-31,32.656231
2018-11-01,33.823723
2018-11-02,34.040550
2018-11-05,34.132275
2018-11-06,34.073906
2018-11-07,34.716022
2018-11-08,33.815384
2018-11-09,33.189945
2018-11-12,32.722954
2018-11-13,33.098217
2018-11-14,33.298351
2018-11-15,34.040550
2018-11-16,34.107262
2018-11-19,33.648594
2018-11-20,32.923092
2018-11-21,33.531853
2018-11-23,33.139919
2018-11-26,33.548538
2018-11-27,33.782028
2018-11-28,34.590931
2018-11-29,34.290714
2018-11-30,34.257370
2018-12-03,34.949516
2018-12-04,34.207329
2018-12-06,33.890438
2018-12-07,33.256664
2018-12-10,32.906418
2018-12-11,33.156590
2018-12-12,33.698639
2018-12-13,33.690304
2018-12-14,33.214966
2018-12-17,32.906418
2018-12-18,33.129879
2018-12-19,32.579685
2018-12-20,32.833626
2018-12-21,32.605076
2018-12-24,32.300362
2018-12-26,32.943649
2018-12-27,32.901333
2018-12-28,33.214523
2018-12-31,33.062164
2019-01-02,33.146801
2019-01-03,32.545826
2019-01-04,33.595421
2019-01-07,33.671597
2019-01-08,33.798565
2019-01-09,34.399540
2019-01-10,34.645012
2019-01-11,34.475723
2019-01-14,34.187927
2019-01-15,34.424946
2019-01-16,34.848160
2019-01-17,35.000523
2019-01-18,35.169811
2019-01-22,34.560371
2019-01-23,34.915874
2019-01-24,35.254452
2019-01-25,35.720005
2019-01-28,35.347557
2019-01-29,35.406822
2019-01-30,36.177078
2019-01-31,36.481808
2019-02-01,36.194012
2019-02-04,36.253262
2019-02-05,36.752666
2019-02-06,36.253262
2019-02-07,35.889286
2019-02-08,35.686138
2019-02-11,35.567638
2019-02-12,35.863899
2019-02-13,35.609959
2019-02-14,35.677685
2019-02-15,35.626888
2019-02-19,35.906219
2019-02-20,36.109364
2019-02-21,36.033184
2019-02-22,36.431019
2019-02-25,36.837315
2019-02-26,36.710342
2019-02-27,36.397152
2019-02-28,35.923145
2019-03-01,35.965469
2019-03-04,36.016254
2019-03-05,36.371761
2019-03-06,36.168613
2019-03-07,35.499928
2019-03-08,35.245987
2019-03-11,35.906219
2019-03-12,36.092430
2019-03-13,36.134754
2019-03-14,35.940067
2019-03-15,36.464870
2019-03-18,36.871162
2019-03-19,36.888092
2019-03-20,36.947342
2019-03-21,36.998131
2019-03-22,35.914680
2019-03-25,35.999321
2019-03-26,36.109364
2019-03-27,35.720005
2019-03-28,35.957001
2019-03-29,36.329433
2019-04-01,36.930424
2019-04-02,36.811916
2019-04-03,37.065853
2019-04-04,37.294392
2019-04-05,37.582169
2019-04-08,37.582169
2019-04-09,37.506001
2019-04-10,37.683746
2019-04-11,37.277462
2019-04-12,37.548313
2019-04-15,37.353638
2019-04-16,37.632973
2019-04-17,37.743004
2019-04-18,37.717613
2019-04-22,37.472141
2019-04-23,37.556782
2019-04-24,37.048916
2019-04-25,36.998131
2019-04-26,37.142033
2019-04-29,37.218204
2019-04-30,37.184349
2019-05-01,36.905018
2019-05-02,36.989670
2019-05-03,37.429821
2019-05-06,36.659557
2019-05-07,35.940067
2019-05-08,35.889286
2019-05-09,35.322163
2019-05-10,35.533775
2019-05-13,34.348755
2019-05-14,34.831230
2019-05-15,34.898949
2019-05-16,34.729660
2019-05-17,34.103287
2019-05-20,33.959381
2019-05-21,34.391079
2019-05-22,34.221783
2019-05-23,33.781631
2019-05-24,33.815498
2019-05-28,33.933998
2019-05-29,34.154072
2019-05-30,34.340294
2019-05-31,34.458794
2019-06-03,34.771988
2019-06-04,34.848160
2019-06-05,34.568821
2019-06-06,34.585766
2019-06-07,34.856625
2019-06-10,35.220596
2019-06-11,35.618427
2019-06-12,35.237526
2019-06-13,35.178284
2019-06-14,34.788906
2019-06-17,34.926224
2019-06-18,35.770599
2019-06-19,36.069118
2019-06-20,36.597908
2019-06-21,36.478504
2019-06-24,36.427322
2019-06-25,36.052048
2019-06-26,36.393208
2019-06-27,36.649082
2019-06-28,36.597908
2019-07-01,37.032890
2019-07-02,36.939072
2019-07-03,36.870834
2019-07-05,36.614964
2019-07-08,36.393208
2019-07-09,36.282337
2019-07-10,36.589390
2019-07-11,36.521152
2019-07-12,36.546730
2019-07-15,36.683197
2019-07-16,36.632034
2019-07-17,36.521152
2019-07-18,36.742901
2019-07-19,36.555267
2019-07-22,36.563789
2019-07-23,36.606434
2019-07-24,36.666145
2019-07-25,36.342041
2019-07-26,36.418808
2019-07-29,36.350571
2019-07-30,36.069118
2019-07-31,35.625607
2019-08-01,34.926224
2019-08-02,34.585068
2019-08-05,33.305717
2019-08-06,33.783337
2019-08-07,33.936863
2019-08-08,34.354786
2019-08-09,34.005100
2019-08-12,33.595703
2019-08-13,34.022148
2019-08-14,33.041317
2019-08-15,33.263077
2019-08-16,33.723652
2019-08-19,33.860096
2019-08-20,33.928333
2019-08-21,34.252438
2019-08-22,33.808926
2019-08-23,33.305717
2019-08-26,33.484825
2019-08-27,33.544529
2019-08-28,33.638344
2019-08-29,34.013622
2019-08-30,34.278027
2019-09-03,34.064804
2019-09-04,34.636242
2019-09-05,35.028572
2019-09-06,35.182095
2019-09-09,35.292973
2019-09-10,35.318562
2019-09-11,35.565899
2019-09-12,35.821762
2019-09-13,36.026470
2019-09-16,35.745010
2019-09-17,35.745010
2019-09-18,35.600025
2019-09-19,35.455017
2019-09-20,35.489140
2019-09-23,35.523254
2019-09-24,35.147980
2019-09-25,35.122391
2019-09-26,35.113861
2019-09-27,34.661823
2019-09-30,34.857994
2019-10-01,34.610649
2019-10-02,34.346264
2019-10-03,34.789761
2019-10-04,34.943283
2019-10-07,34.653297
2019-10-08,34.405960
2019-10-09,34.670353
2019-10-10,35.028572
2019-10-11,35.591480
2019-10-14,35.437965
2019-10-15,35.753544
2019-10-16,35.855881
2019-10-17,35.992352
2019-10-18,35.804707
2019-10-21,36.128819
2019-10-22,36.154400
2019-10-23,36.162930
2019-10-24,36.162930
2019-10-25,36.418808
2019-10-28,36.632034
2019-10-29,36.444386
2019-10-30,36.606434
2019-10-31,36.316452
2019-11-01,36.862305
2019-11-04,37.229053
2019-11-05,37.442280
2019-11-06,37.322876
2019-11-07,37.595798
2019-11-08,37.254635
2019-11-11,36.990242
2019-11-12,36.751434
2019-11-13,36.469975
2019-11-14,36.495567
2019-11-15,36.785542
2019-11-18,36.725845
2019-11-19,36.802605
2019-11-20,36.640549
2019-11-21,36.563789
2019-11-22,36.563789
2019-11-25,36.930542
2019-11-26,36.819656
2019-11-27,36.862305
2019-11-29,36.282337
2019-12-02,36.273804
2019-12-03,36.086166
2019-12-04,36.359093
2019-12-05,36.521152
2019-12-06,36.734371
2019-12-09,36.589390
2019-12-10,36.717312
2019-12-11,37.254635
2019-12-12,37.902847
2019-12-13,37.885784
2019-12-16,38.207226
2019-12-17,38.555672
2019-12-18,38.764748
2019-12-19,38.782166
2019-12-20,38.860569
2019-12-23,38.912827
2019-12-24,38.825726
2019-12-26,39.104481
2019-12-27,39.261280
2019-12-30,38.999950
2019-12-31,39.087067
2020-01-02,39.879772
2020-01-03,39.139328
2020-01-06,39.043503
2020-01-07,39.017372
2020-01-08,39.243862
2020-01-09,39.505184
2020-01-10,39.714268
2020-01-13,40.332760
2020-01-14,40.106270
2020-01-15,39.792664
2020-01-16,40.045296
2020-01-17,40.271782
2020-01-21,39.252575
2020-01-22,39.574886
2020-01-23,39.165462
2020-01-24,38.851856
2020-01-27,37.510334
2020-01-28,37.823940
2020-01-29,38.006882
2020-01-30,37.440643
2020-01-31,36.682774
2020-02-03,37.092201
2020-02-04,38.050423
2020-02-05,38.268208
2020-02-06,38.303055
2020-02-07,37.771679
2020-02-10,37.980736
2020-02-11,38.477276
2020-02-12,38.999950
2020-02-13,38.485992
2020-02-14,38.503414
2020-02-18,38.250790
2020-02-19,38.529545
2020-02-20,37.928474
2020-02-21,37.710693
2020-02-24,36.299473
2020-02-25,36.012016
2020-02-26,36.299473
2020-02-27,35.428371
2020-02-28,35.297707
2020-03-02,36.064281
2020-03-03,35.820366
2020-03-04,36.456276
2020-03-05,35.689701
2020-03-06,34.957962
2020-03-09,32.571098
2020-03-10,34.226215
2020-03-11,32.632076
2020-03-12,29.365377
2020-03-13,31.482197
2020-03-16,27.553457
2020-03-17,29.452494
2020-03-18,26.908833
2020-03-19,27.117899
2020-03-20,27.318254
2020-03-23,26.664921
2020-03-24,28.668486
2020-03-25,29.678988
2020-03-26,30.802725
2020-03-27,29.051779
2020-03-30,29.530897
2020-03-31,29.731255
2020-04-01,28.459421
2020-04-02,29.417646
2020-04-03,28.860138
2020-04-06,30.436857
2020-04-07,30.593662
2020-04-08,30.907259
2020-04-09,30.794012
2020-04-13,30.837570
2020-04-14,31.543179
2020-04-15,30.733038
2020-04-16,30.898552
2020-04-17,31.586731
2020-04-20,31.186016
2020-04-21,30.323612
2020-04-22,31.151176
2020-04-23,31.037928
2020-04-24,30.994375
2020-04-27,31.621580
2020-04-28,31.682554
2020-04-29,32.605942
2020-04-30,31.917755
2020-05-01,30.767876
2020-05-04,31.098911
2020-05-05,31.273134
2020-05-06,31.177317
2020-05-07,31.429935
2020-05-08,32.091984
2020-05-11,31.882912
2020-05-12,31.760954
2020-05-13,31.699982
2020-05-14,31.821938
2020-05-15,31.386374
2020-05-18,32.614658
2020-05-19,32.353313
2020-05-20,32.780167
2020-05-21,32.405590
2020-05-22,31.734823
2020-05-26,32.431713
2020-05-27,32.536251
2020-05-28,32.309765
2020-05-29,32.867279
2020-06-01,33.625156
2020-06-02,34.426575
2020-06-03,35.228008
2020-06-04,34.731472
2020-06-05,35.646137
2020-06-08,35.863922
2020-06-09,35.620010
2020-06-10,35.881348
2020-06-11,34.008442
2020-06-12,34.731472
2020-06-15,34.416050
2020-06-16,34.635090
2020-06-17,34.968025
2020-06-18,34.985558
2020-06-19,34.976791
2020-06-22,35.406124
2020-06-23,35.747826
2020-06-24,35.274696
2020-06-25,35.423641
2020-06-26,34.994328
2020-06-29,35.152023
2020-06-30,35.038128
2020-07-01,35.432407
2020-07-02,36.238487
2020-07-06,37.798069
2020-07-07,37.167225
2020-07-08,38.131020
2020-07-09,38.131020
2020-07-10,37.885696
2020-07-13,37.631607
2020-07-14,37.684174
2020-07-15,37.798069
2020-07-16,37.263607
2020-07-17,37.473888
2020-07-20,37.955795
2020-07-21,38.306248
2020-07-22,38.139778
2020-07-23,37.833122
2020-07-24,37.798069
2020-07-27,38.385105
2020-07-28,38.069691
2020-07-29,38.683014
2020-07-30,38.192348
2020-07-31,37.929501
2020-08-03,38.192348
2020-08-04,38.700531
2020-08-05,39.121094
2020-08-06,39.243759
2020-08-07,38.437683
2020-08-10,38.534054
2020-08-11,38.428913
2020-08-12,38.945866
2020-08-13,38.831955
2020-08-14,38.761868
2020-08-17,39.252522
2020-08-18,39.208721
2020-08-19,38.726818
2020-08-20,38.604153
2020-08-21,38.796909
2020-08-24,39.226238
2020-08-25,39.620514
2020-08-26,39.725651
2020-08-27,39.392712
2020-08-28,39.909645
2020-08-31,39.024723
2020-09-01,39.690605
2020-09-02,39.585472
2020-09-03,38.831955
2020-09-04,38.849476
2020-09-08,38.174831
2020-09-09,38.744339
2020-09-10,38.122253
2020-09-11,38.490250
2020-09-14,39.112331
2020-09-15,39.524132
2020-09-16,39.471565
2020-09-17,39.313858
2020-09-18,39.007187
2020-09-21,38.647949
2020-09-22,38.358822
2020-09-23,37.763031
2020-09-24,37.587799
2020-09-25,37.622829
2020-09-28,38.043404
2020-09-29,38.017113
2020-09-30,38.630440
2020-10-01,38.989674
2020-10-02,38.542820
2020-10-05,39.059765
2020-10-06,39.129860
2020-10-07,39.559177
2020-10-08,39.883362
2020-10-09,40.154980
2020-10-12,40.505451
2020-10-13,40.338974
2020-10-14,40.067360
2020-10-15,39.778221
2020-10-16,39.918407
2020-10-19,39.804512
2020-10-20,40.242599
2020-10-21,40.356503
2020-10-22,40.347733
2020-10-23,40.584301
2020-10-26,40.058601
2020-10-27,40.233829
2020-10-28,39.226238
2020-10-29,39.620514
2020-10-30,39.173664
2020-11-02,39.673084
2020-11-03,39.848312
2020-11-04,41.101238
2020-11-05,41.802185
2020-11-06,41.994938
2020-11-09,42.284069
2020-11-10,41.802185
2020-11-11,42.073795
2020-11-12,41.758369
2020-11-13,42.345409
2020-11-16,42.871113
2020-11-17,42.827301
2020-11-18,42.678349
2020-11-19,42.748451
2020-11-20,42.985020
2020-11-23,43.098915
2020-11-24,43.677181
2020-11-25,43.431870
2020-11-27,43.843666
2020-11-30,42.695881
2020-12-01,43.537006
2020-12-02,43.598324
2020-12-03,44.097755
2020-12-04,44.553356
2020-12-07,44.553356
2020-12-08,44.570892
2020-12-09,44.185364
2020-12-10,44.754887
2020-12-11,44.439457
2020-12-14,44.208420
2020-12-15,44.686440
2020-12-16,44.898895
2020-12-17,45.191021
2020-12-18,45.137905
2020-12-21,44.473984
2020-12-22,44.119888
2020-12-23,44.571362
2020-12-24,44.376602
2020-12-28,44.500538
2020-12-29,45.164459
2020-12-30,45.766418
2020-12-31,45.739864
2021-01-04,46.031994
2021-01-05,47.138531
2021-01-06,46.740173
2021-01-07,47.182793
2021-01-08,48.430965
2021-01-11,47.775902
2021-01-12,48.245064
2021-01-13,48.351292
2021-01-14,48.802753
2021-01-15,48.112278
2021-01-19,48.908993
2021-01-20,49.767662
2021-01-21,49.856182
2021-01-22,49.422417
2021-01-25,49.794216
2021-01-26,49.431271
2021-01-27,48.059166
2021-01-28,48.395554
2021-01-29,47.191643
2021-02-01,48.466377
2021-02-02,49.094879
2021-02-03,49.342754
2021-02-04,49.360451
2021-02-05,49.785366
2021-02-08,49.873886
2021-02-09,50.405025
2021-02-10,50.582077
2021-02-11,51.122063
2021-02-12,51.166321
2021-02-16,51.290260
2021-02-17,51.307957
2021-02-18,50.599777
2021-02-19,50.927311
2021-02-22,49.431271
2021-02-23,49.652584
2021-02-24,49.333900
2021-02-25,48.209652
2021-02-26,47.563435
2021-03-01,48.838169
2021-03-02,48.360142
2021-03-03,48.262772
2021-03-04,47.138531
2021-03-05,47.651962
2021-03-08,46.368378
2021-03-09,47.386387
2021-03-10,47.173935
2021-03-11,48.661125
2021-03-12,47.793594
2021-03-15,47.908680
2021-03-16,48.112278
2021-03-17,48.174248
2021-03-18,47.289013
2021-03-19,47.873268
2021-03-22,47.731625
2021-03-23,46.819847
2021-03-24,45.748707
2021-03-25,45.961166
2021-03-26,47.156235
2021-03-29,46.828697
2021-03-30,46.979183
2021-03-31,47.218197
2021-04-01,47.678509
2021-04-05,47.864410
2021-04-06,48.129978
2021-04-07,47.421799
2021-04-08,47.811302
2021-04-09,47.404102
2021-04-12,47.120819
2021-04-13,47.315571
2021-04-14,47.554592
2021-04-15,47.988346
2021-04-16,48.112278
2021-04-19,47.935234
2021-04-20,47.545731
2021-04-21,47.837860
2021-04-22,47.669666
2021-04-23,48.360142
2021-04-26,48.422112
2021-04-27,48.395554
2021-04-28,48.758507
2021-04-29,48.643421
2021-04-30,47.784748
2021-05-03,47.784748
2021-05-04,47.244751
2021-05-05,47.466061
2021-05-06,47.917530
2021-05-07,48.413258
2021-05-10,47.545731
2021-05-11,47.412949
2021-05-12,46.102806
2021-05-13,46.040840
2021-05-14,46.872955
2021-05-17,46.828697
2021-05-18,47.457211
2021-05-19,47.315571
2021-05-20,47.589996
2021-05-21,47.041157
2021-05-24,47.430656
2021-05-25,47.899826
2021-05-26,48.253918
2021-05-27,48.262772
2021-05-28,48.572601
2021-06-01,49.572914
2021-06-02,49.652584
2021-06-03,49.121449
2021-06-04,49.564056
2021-06-07,49.316193
2021-06-08,49.077179
2021-06-09,48.935543
2021-06-10,49.327644
2021-06-11,49.158710
2021-06-14,49.292076
2021-06-15,48.954212
2021-06-16,48.287388
2021-06-17,48.554115
2021-06-18,48.216263
2021-06-21,48.420746
2021-06-22,48.198471
2021-06-23,48.491882
2021-06-24,48.936428
2021-06-25,49.345421
2021-06-28,49.389874
2021-06-29,49.354305
2021-06-30,49.034233
2021-07-01,48.758614
2021-07-02,48.705265
2021-07-06,47.851715
2021-07-07,47.798374
2021-07-08,46.802570
2021-07-09,47.611668
2021-07-12,47.656120
2021-07-13,47.700573
2021-07-14,47.905067
2021-07-15,48.020657
2021-07-16,47.647224
2021-07-19,46.847034
2021-07-20,46.998177
2021-07-21,47.300480
2021-07-22,47.389381
2021-07-23,46.686996
2021-07-26,45.797882
2021-07-27,44.873219
2021-07-28,46.091290
2021-07-29,46.322464
2021-07-30,45.877907
2021-08-02,46.206871
2021-08-03,46.402473
2021-08-04,46.642532
2021-08-05,46.571411
2021-08-06,46.180199
2021-08-09,46.331348
2021-08-10,46.393589
2021-08-11,46.518063
2021-08-12,46.109074
2021-08-13,45.993484
2021-08-16,45.575611
2021-08-17,44.739849
2021-08-18,44.810982
2021-08-19,44.046349
2021-08-20,44.010780
2021-08-23,44.677612
2021-08-24,45.691189
2021-08-25,45.744541
2021-08-26,45.308876
2021-08-27,45.869015
2021-08-30,45.966824
2021-08-31,46.598087
2021-09-01,47.193783
2021-09-02,46.980396
2021-09-03,47.229340
2021-09-07,47.504971
2021-09-08,46.811466
2021-09-09,46.722561
2021-09-10,46.669212
2021-09-13,46.793686
2021-09-14,46.402473
2021-09-15,46.393589
2021-09-16,45.869015
2021-09-17,45.673409
2021-09-20,44.446442
2021-09-21,44.775414
2021-09-22,45.335548
2021-09-23,45.691189
2021-09-24,45.148842
2021-09-27,45.442242
2021-09-28,44.855431
2021-09-29,44.437553
2021-09-30,44.793201
2021-10-01,44.748745
2021-10-04,44.090801
2021-10-05,44.401989
2021-10-06,44.153038
2021-10-07,45.015476
2021-10-08,45.184402
2021-10-11,45.095493
2021-10-12,44.864323
2021-10-13,45.486698
2021-10-14,45.628960
2021-10-15,46.180199
2021-10-18,46.064617
2021-10-19,46.678097
2021-10-20,46.669212
2021-10-21,46.366909
2021-10-22,46.269112
2021-10-25,46.509174
2021-10-26,46.269112
2021-10-27,45.895687
2021-10-28,45.940144
2021-10-29,45.273308
2021-11-01,45.628960
2021-11-02,45.219971
2021-11-03,45.433350
2021-11-04,45.326660
2021-11-05,45.273308
2021-11-08,45.691189
2021-11-09,45.513371
2021-11-10,45.326660
2021-11-11,46.109074
2021-11-12,46.233551
2021-11-15,46.082401
2021-11-16,46.144642
2021-11-17,45.904583
2021-11-18,45.344444
2021-11-19,45.273308
2021-11-22,44.908779
2021-11-23,44.864323
2021-11-24,44.802082
2021-11-26,43.299500
2021-11-29,43.468426
2021-11-30,43.423969
2021-12-01,43.584011
2021-12-02,44.117474
2021-12-03,43.495094
2021-12-06,43.832962
2021-12-07,44.526463
2021-12-08,44.704285
2021-12-09,44.490894
2021-12-10,44.526463
2021-12-13,43.820324
2021-12-14,43.721127
2021-12-15,43.594864
2021-12-16,43.648975
2021-12-17,43.432533
2021-12-20,42.783207
2021-12-21,43.504681
2021-12-22,43.712105
2021-12-23,43.937561
2021-12-27,44.135971
2021-12-28,43.991673
2021-12-29,43.793270
2021-12-30,44.294960
2021-12-31,44.078400
2022-01-03,44.394215
2022-01-04,44.240818
2022-01-05,43.518967
2022-01-06,43.717480
2022-01-07,44.114494
2022-01-10,44.114494
2022-01-11,45.134125
2022-01-12,45.883041
2022-01-13,45.233379
2022-01-14,45.215321
2022-01-18,44.412262
2022-01-19,44.601749
2022-01-20,44.863426
2022-01-21,44.213753
2022-01-24,43.591152
2022-01-25,43.509937
2022-01-26,42.959526
2022-01-27,42.463249
2022-01-28,42.670784
2022-01-31,44.069378
2022-02-01,44.340076
2022-02-02,44.267891
2022-02-03,43.798687
2022-02-04,43.906963
2022-02-07,43.816730
2022-02-08,44.240818
2022-02-09,44.935608
2022-02-10,44.637852
2022-02-11,43.961098
2022-02-14,43.654312
2022-02-15,44.601749
2022-02-16,44.926582
2022-02-17,44.403244
2022-02-18,43.961098
2022-02-22,43.338493
2022-02-23,42.833202
2022-02-24,41.948921
2022-02-25,42.724918
2022-02-28,42.165482
2022-03-01,41.606041
2022-03-02,41.678223
2022-03-03,41.091724
2022-03-04,40.261585
2022-03-07,38.754704
2022-03-08,38.881035
2022-03-09,39.981861
2022-03-10,39.232937
2022-03-11,38.411823
2022-03-14,37.482430
2022-03-15,37.536572
2022-03-16,40.559349
2022-03-17,40.351814
2022-03-18,40.929302
2022-03-21,40.297680
2022-03-22,41.028561
2022-03-23,40.757854
2022-03-24,40.974419
2022-03-25,40.649578
2022-03-28,40.784939
2022-03-29,41.479717
2022-03-30,41.362411
2022-03-31,40.739819
2022-04-01,41.416561
2022-04-04,42.147434
2022-04-05,41.371437
2022-04-06,40.830036
2022-04-07,40.505207
2022-04-08,40.541306
2022-04-11,40.036003
2022-04-12,39.909676
2022-04-13,40.433025
2022-04-14,39.909676
2022-04-18,39.774334
2022-04-19,39.575817
2022-04-20,39.341217
2022-04-21,38.583263
2022-04-22,38.240383
2022-04-25,37.960663
2022-04-26,37.130535
2022-04-27,37.563644
2022-04-28,38.105038
2022-04-29,38.240383
2022-05-02,38.186237
2022-05-03,38.465969
2022-05-04,38.881035
2022-05-05,37.446339
2022-05-06,36.932018
2022-05-09,35.867283
2022-05-10,36.038719
2022-05-11,35.786068
2022-05-12,35.551468
2022-05-13,36.534992
2022-05-16,36.390629
2022-05-17,37.283924
2022-05-18,36.390629
2022-05-19,36.968113
2022-05-20,37.121510
2022-05-23,37.401226
2022-05-24,36.751556
2022-05-25,36.932018
2022-05-26,37.509506
2022-05-27,37.942619
2022-05-31,38.474983
2022-06-01,38.204292
2022-06-02,38.862991
2022-06-03,38.231361
2022-06-06,38.438896
2022-06-07,38.556190
2022-06-08,38.763729
2022-06-09,37.846458
2022-06-10,37.427864
2022-06-13,36.117477
2022-06-14,36.617977
2022-06-15,37.100262
2022-06-16,35.962784
2022-06-17,36.099277
2022-06-21,36.681671
2022-06-22,36.026485
2022-06-23,36.135677
2022-06-24,36.991070
2022-06-27,37.036568
2022-06-28,36.809074
2022-06-29,36.663475
2022-06-30,36.490570
2022-07-01,36.263073
2022-07-05,35.980984
2022-07-06,35.762585
2022-07-07,36.481480
2022-07-08,36.481480
2022-07-11,35.507793
2022-07-12,35.371284
2022-07-13,35.289387
2022-07-14,34.970894
2022-07-15,35.152893
2022-07-18,35.398590
2022-07-19,35.980984
2022-07-20,35.826279
2022-07-21,36.235783
2022-07-22,35.871784
2022-07-25,35.999180
2022-07-26,35.717083
2022-07-27,36.381378
2022-07-28,36.536079
2022-07-29,36.363178
2022-08-01,36.053776
2022-08-02,35.880882
2022-08-03,36.162983
2022-08-04,36.417778
2022-08-05,36.454178
2022-08-08,36.499680
2022-08-09,36.363178
2022-08-10,36.818169
2022-08-11,36.963768
2022-08-12,37.355068
2022-08-15,37.182171
2022-08-16,37.173058
2022-08-17,37.018372
2022-08-18,36.809074
2022-08-19,36.308582
2022-08-22,35.990074
2022-08-23,36.181175
2022-08-24,36.172077
2022-08-25,36.954674
2022-08-26,36.408672
2022-08-29,36.181175
2022-08-30,35.753487
2022-08-31,35.880882
2022-09-01,35.598782
2022-09-02,35.271183
2022-09-06,34.852592
2022-09-07,35.161987
2022-09-08,34.970894
2022-09-09,35.489594
2022-09-12,36.017384
2022-09-13,34.907200
2022-09-14,35.080090
2022-09-15,34.706997
2022-09-16,34.388500
2022-09-19,34.497704
2022-09-20,34.306599
2022-09-21,33.733307
2022-09-22,33.569511
2022-09-23,32.741413
2022-09-26,32.341026
2022-09-27,32.304626
2022-09-28,32.586723
2022-09-29,31.858730
2022-09-30,31.740431
2022-10-03,32.259129
2022-10-04,33.314713
2022-10-05,33.332912
2022-10-06,33.132717
2022-10-07,32.441120
2022-10-10,31.986126
2022-10-11,31.476536
2022-10-12,31.512936
2022-10-13,31.603933
2022-10-14,31.130735
2022-10-17,31.986126
2022-10-18,31.995230
2022-10-19,31.412832
2022-10-20,31.613035
2022-10-21,32.095325
2022-10-24,30.875942
2022-10-25,31.130735
2022-10-26,31.640331
2022-10-27,31.394632
2022-10-28,31.203535
2022-10-31,31.112535
2022-11-01,31.685839
2022-11-02,31.421932
2022-11-03,31.603933
2022-11-04,32.941616
2022-11-07,32.959820
2022-11-08,33.196415
2022-11-09,32.623119
2022-11-10,33.806110
2022-11-11,34.725197
2022-11-14,34.515900
2022-11-15,35.307587
2022-11-16,34.743393
2022-11-17,34.807098
2022-11-18,34.606895
2022-11-21,34.170097
2022-11-22,34.252003
2022-11-23,34.534096
2022-11-25,34.370304
2022-11-28,34.215603
2022-11-29,34.952694
2022-11-30,35.962784
2022-12-01,35.844475
2022-12-02,35.980984
2022-12-05,35.571487
2022-12-06,35.525990
2022-12-07,35.316689
2022-12-08,35.744381
2022-12-09,35.507793
2022-12-12,35.398590
2022-12-13,35.651726
2022-12-14,35.670197
2022-12-15,34.847969
2022-12-16,34.949596
2022-12-19,34.977310
2022-12-20,34.968071
2022-12-21,35.282185
2022-12-22,34.968071
2022-12-23,34.921875
2022-12-27,35.439240
2022-12-28,34.921875
2022-12-29,35.503906
2022-12-30,35.014267
2023-01-03,35.309898
2023-01-04,36.372334
2023-01-05,36.261467
2023-01-06,37.019039
2023-01-09,37.296192
2023-01-10,37.564114
2023-01-11,37.721169
2023-01-12,37.905941
2023-01-13,38.155384
2023-01-17,37.942890
2023-01-18,37.684216
2023-01-19,37.970608
2023-01-20,38.552643
2023-01-23,38.829800
2023-01-24,38.857521
2023-01-25,38.894470
2023-01-26,39.264008
2023-01-27,39.079243
2023-01-30,38.293964
2023-01-31,38.210819
2023-02-01,38.681980
2023-02-02,38.451015
2023-02-03,37.767365
2023-02-06,37.213043
2023-02-07,37.360863
2023-02-08,37.314671
2023-02-09,37.490204
2023-02-10,37.129898
2023-02-13,37.434776
2023-02-14,37.370106
2023-02-15,37.055996
2023-02-16,37.065228
2023-02-17,36.658733
2023-02-21,36.196804
2023-02-22,36.021267
2023-02-23,36.196804
2023-02-24,35.383804
2023-02-27,35.568581
2023-02-28,35.319138
2023-03-01,36.076698
2023-03-02,36.206039
2023-03-03,36.529396
2023-03-06,36.400047
2023-03-07,35.790306
2023-03-08,35.938122
2023-03-09,35.143604
2023-03-10,34.958832
2023-03-13,35.014267
2023-03-14,35.032738
2023-03-15,34.432232
2023-03-16,34.958832
2023-03-17,34.746342
2023-03-20,34.875687
2023-03-21,35.189796
2023-03-22,35.328381
2023-03-23,35.818024
2023-03-24,35.725632
2023-03-27,35.531620
2023-03-28,36.039745
2023-03-29,36.141373
2023-03-30,36.501675
2023-03-31,36.455486
2023-04-03,36.529396
2023-04-04,36.529396
2023-04-05,36.242992
2023-04-06,36.390808
2023-04-10,36.427765
2023-04-11,36.649490
2023-04-12,36.390808
2023-04-13,36.889698
2023-04-14,36.695690
2023-04-17,36.852741
2023-04-18,36.806549
2023-04-19,36.437008
2023-04-20,36.381577
2023-04-21,36.039745
2023-04-24,35.956596
2023-04-25,35.282185
2023-04-26,35.485428
2023-04-27,35.965836
2023-04-28,36.150612
2023-05-01,36.030510
2023-05-02,35.679443
2023-05-03,35.624012
2023-05-04,35.910408
2023-05-05,36.390808
2023-05-08,36.409294
2023-05-09,36.187561
2023-05-10,36.169090
2023-05-11,36.039745
2023-05-12,35.614769
2023-05-15,36.270710
2023-05-16,36.012035
2023-05-17,36.178326
2023-05-18,35.984314
2023-05-19,36.012035
2023-05-22,36.307667
2023-05-23,35.744110
2023-05-24,35.476192
2023-05-25,35.402283
2023-05-26,36.030510
2023-05-30,35.614769
2023-05-31,35.282185
2023-06-01,35.910408
2023-06-02,36.529396
2023-06-05,36.520153
2023-06-06,36.843510
2023-06-07,36.685219
2023-06-08,36.945919
2023-06-09,37.113525
2023-06-12,37.188015
2023-06-13,37.560448
2023-06-14,37.839775
2023-06-15,38.193596
2023-06-16,38.063240
2023-06-20,37.318363
2023-06-21,37.141457
2023-06-22,37.011105
2023-06-23,36.471066
2023-06-26,36.592110
2023-06-27,36.964546
2023-06-28,36.741085
2023-06-29,36.545555
2023-06-30,36.834198
2023-07-03,37.243881
2023-07-05,37.020405
2023-07-06,36.266220
2023-07-07,36.675907
2023-07-10,36.703842
2023-07-11,37.076279
2023-07-12,37.904957
2023-07-13,38.398441
2023-07-14,38.184280
2023-07-17,38.230843
2023-07-18,37.951504
2023-07-19,37.877018
2023-07-20,37.597691
2023-07-21,37.541828
2023-07-24,38.053928
2023-07-25,38.370506
2023-07-26,38.593967
2023-07-27,38.119110
2023-07-28,39.040894
2023-07-31,39.059513
2023-08-01,38.566036
2023-08-02,37.644249
2023-08-03,37.793228
2023-08-04,37.746670
2023-08-07,37.690807
2023-08-08,37.234570
2023-08-09,37.327679
2023-08-10,37.383545
2023-08-11,36.834198
2023-08-14,36.657280
2023-08-15,36.238289
2023-08-16,35.912411
2023-08-17,35.996208
2023-08-18,35.754120
2023-08-21,35.837917
2023-08-22,35.763432
2023-08-23,36.331406
2023-08-24,36.191738
2023-08-25,36.228981
2023-08-28,36.582806
2023-08-29,37.048347
2023-08-30,36.927299
2023-08-31,36.471066
2023-09-01,36.899372
2023-09-05,36.601425
2023-09-06,36.396580
2023-09-07,35.968277
2023-09-08,36.042767
2023-09-11,36.489689
2023-09-12,36.377953
2023-09-13,36.331406
2023-09-14,36.573486
2023-09-15,36.433823
2023-09-18,36.387268
2023-09-19,36.173119
2023-09-20,36.024139
2023-09-21,35.400311
2023-09-22,35.819298
2023-09-25,35.661011
2023-09-26,35.158215
2023-09-27,35.214085
2023-09-28,35.307190
2023-09-29,35.335125
2023-10-02,35.158215
2023-10-03,34.692665
2023-10-04,34.590252
2023-10-05,34.720608
2023-10-06,35.223392
2023-10-09,35.055798
2023-10-10,35.558590
2023-10-11,35.782051
2023-10-12,35.381687
2023-10-13,35.251331
2023-10-16,35.512039
2023-10-17,35.418930
2023-10-18,34.878891
2023-10-19,34.674049
2023-10-20,34.255062
2023-10-23,34.227123
2023-10-24,34.664734
2023-10-25,34.208504
2023-10-26,34.040905
2023-10-27,34.012966
2023-10-30,34.366791
2023-10-31,34.171253
2023-11-01,34.487831
2023-11-02,35.093040
2023-11-03,35.809986
2023-11-06,36.098629
2023-11-07,36.033451
2023-11-08,35.791367
2023-11-09,35.456173
2023-11-10,35.707565
2023-11-13,35.698254
2023-11-14,36.647976
2023-11-15,36.955238
2023-11-16,36.601425
2023-11-17,36.647976
2023-11-20,37.104214
2023-11-21,36.871433
2023-11-22,36.796951
2023-11-24,36.815575
2023-11-27,36.666595
2023-11-28,36.973858
2023-11-29,36.759708
2023-11-30,36.834198
2023-12-01,36.992477
2023-12-04,36.573486
2023-12-05,36.350025
2023-12-06,36.303471
2023-12-07,36.480377
2023-12-08,36.322090
2023-12-11,36.536247
2023-12-12,36.545555
2023-12-13,36.908676
2023-12-14,37.448715
2023-12-15,37.225258
2023-12-18,37.206631
2023-12-19,37.523205
2023-12-20,36.847725
2023-12-21,37.540283
2023-12-22,37.360031
2023-12-26,37.654129
2023-12-27,37.872326
2023-12-28,38.166428
2023-12-29,38.147453
2024-01-02,37.701565
2024-01-03,37.492851
2024-01-04,37.369511
2024-01-05,37.416946
2024-01-08,37.521305
2024-01-09,36.990036
2024-01-10,36.904652
2024-01-11,37.056450
2024-01-12,37.189262
2024-01-16,36.287991
2024-01-17,35.747227
2024-01-18,36.041325
2024-01-19,36.420811
2024-01-22,36.098248
2024-01-23,36.411320
2024-01-24,36.819271
2024-01-25,36.866699
2024-01-26,36.895161
2024-01-29,36.914135
2024-01-30,36.620037
2024-01-31,36.420811
2024-02-01,36.771828
2024-02-02,36.667477
2024-02-05,36.714905
2024-02-06,37.549770
2024-02-07,37.597206
2024-02-08,37.388485
2024-02-09,37.549770
2024-02-12,37.843864
2024-02-13,37.132336
2024-02-14,37.663612
2024-02-15,37.843864
2024-02-16,38.024124
2024-02-20,38.081039
2024-02-21,38.147453
2024-02-22,38.536419
2024-02-23,38.517445
2024-02-26,38.346684
2024-02-27,38.422581
2024-02-28,37.919765
2024-02-29,37.938740
2024-03-01,38.403606
2024-03-04,38.318218
2024-03-05,37.976688
2024-03-06,38.526936
2024-03-07,38.764114
2024-03-08,38.726162
2024-03-11,38.811550
2024-03-12,39.238468
2024-03-13,39.115135
2024-03-14,38.915905
2024-03-15,38.678726
2024-03-18,38.745140
2024-03-19,38.555397
2024-03-20,38.991795
2024-03-21,39.039238
2024-03-22,38.764114
2024-03-25,38.792572
2024-03-26,38.764114
2024-03-27,38.830521
2024-03-28,38.972828
2024-04-01,39.039238
2024-04-02,39.162567
2024-04-03,39.191029
2024-04-04,39.048721
2024-04-05,39.134106
2024-04-08,39.390255
2024-04-09,39.655895
2024-04-10,39.115135
2024-04-11,39.352314
2024-04-12,38.451035
2024-04-15,38.204380
2024-04-16,37.701565
2024-04-17,37.673096
2024-04-18,37.824890
2024-04-19,37.673096
2024-04-22,38.081039
2024-04-23,38.394119
2024-04-24,38.526936
2024-04-25,38.612316
2024-04-26,39.058208
2024-04-29,39.437695
2024-04-30,38.887444
2024-05-01,38.925392
2024-05-02,39.931023
2024-05-03,40.291531
2024-05-06,40.329475
2024-05-07,40.101784
2024-05-08,40.111275
2024-05-09,40.234604
2024-05-10,40.319988
2024-05-13,40.623573
2024-05-14,40.841778
2024-05-15,41.278183
2024-05-16,41.363564
2024-05-17,41.543819
2024-05-20,41.392029
2024-05-21,41.135880
2024-05-22,41.003059
2024-05-23,40.699474
2024-05-24,40.813313
2024-05-28,40.756393
2024-05-29,40.149220
2024-05-30,40.035378
2024-05-31,39.646404
2024-06-03,40.063839
2024-06-04,39.504101
2024-06-05,40.139736
2024-06-06,40.338963
2024-06-07,39.883583
2024-06-10,40.120758
2024-06-11,39.987026
2024-06-12,40.388229
2024-06-13,40.292706
2024-06-14,40.340466
2024-06-17,40.598385
2024-06-18,40.970936
2024-06-20,40.904072
2024-06-21,40.760780
2024-06-24,40.760780
2024-06-25,40.665260
2024-06-26,40.579281
2024-06-27,40.607941
2024-06-28,40.684364
2024-07-01,40.779888
2024-07-02,40.904072
2024-07-03,41.505882
2024-07-05,41.677830
2024-07-08,41.687378
2024-07-09,41.859325
2024-07-10,42.098141
2024-07-11,42.346508
2024-07-12,42.518452
2024-07-15,42.069485
2024-07-16,42.308300
2024-07-17,41.620514
2024-07-18,41.228855
2024-07-19,40.827652
2024-07-22,41.171539
2024-07-23,40.808548
2024-07-24,40.216282
2024-07-25,40.053894
2024-07-26,40.464657
2024-07-29,40.330917
2024-07-30,40.149422
2024-07-31,41.028255
2024-08-01,40.311813
2024-08-02,39.738659
2024-08-05,38.611454
2024-08-06,38.831165
2024-08-07,39.069981
2024-08-08,39.958366
2024-08-09,40.178078
2024-08-12,40.311813
2024-08-13,40.760780
2024-08-14,40.541069
2024-08-15,40.990040
2024-08-16,41.467670
2024-08-19,41.868877
2024-08-20,41.544094
2024-08-21,41.706486
2024-08-22,41.190647
2024-08-23,41.878433
2024-08-26,41.524986
2024-08-27,41.582302
2024-08-28,41.324383
2024-08-29,41.343487
2024-08-30,41.429459
2024-09-03,40.607941
2024-09-04,40.598385
2024-09-05,40.655701
2024-09-06,39.910606
2024-09-09,40.244942
2024-09-10,40.092106
2024-09-11,40.388229
2024-09-12,40.722576
2024-09-13,40.913624
2024-09-16,41.047359
2024-09-17,41.095123
2024-09-18,40.951836
2024-09-19,41.821114
2024-09-20,41.735142
2024-09-23,42.059933
2024-09-24,43.492809
2024-09-25,43.034290
2024-09-26,44.610462
2024-09-27,44.524490
2024-09-30,43.808048
2024-10-01,44.123280
2024-10-02,44.992565
2024-10-03,44.457626
2024-10-04,44.868382
2024-10-07,45.240936
2024-10-08,44.123280
2024-10-09,43.884468
2024-10-10,43.970436
2024-10-11,44.285679
2024-10-14,44.104179
2024-10-15,43.168026
2024-10-16,43.502369
2024-10-17,43.435501
2024-10-18,43.865364
2024-10-21,43.559681
2024-10-22,43.464157
2024-10-23,43.206238
2024-10-24,43.139370
2024-10-25,43.101158
2024-10-28,43.292210
2024-10-29,43.158478
2024-10-30,42.738163
2024-10-31,42.461140
2024-11-01,42.499348
2024-11-04,42.738163
2024-11-05,43.320866
2024-11-06,42.785923
2024-11-07,43.731625
2024-11-08,42.652191
2024-11-11,42.327400
2024-11-12,41.524986
2024-11-13,41.257511
2024-11-14,41.028255
2024-11-15,41.028255
2024-11-18,41.496326
2024-11-19,41.467670
2024-11-20,41.419914
2024-11-21,41.333935
2024-11-22,41.343487
2024-11-25,41.372147
2024-11-26,41.200203
2024-11-27,41.257511
2024-11-29,41.324383
2024-12-02,41.486778
2024-12-03,41.572746
2024-12-04,41.677830
2024-12-05,41.954849
2024-12-06,41.887981
2024-12-09,42.747715
2024-12-10,42.059933
2024-12-11,42.231876
2024-12-12,42.021725
2024-12-13,42.059933
2024-12-16,41.830669
2024-12-17,41.730618
2024-12-18,40.759235
2024-12-19,40.895226
2024-12-20,41.060360
2024-12-23,41.293495
2024-12-24,41.419773
2024-12-26,41.274071
2024-12-27,41.089504
2024-12-30,40.759235
2024-12-31,40.623238
2025-01-02,40.564957
2025-01-03,40.943798
2025-01-06,41.089504
2025-01-07,40.798088
2025-01-08,40.603809
2025-01-10,39.914131
2025-01-13,39.642143
2025-01-14,40.088978
2025-01-15,40.613529
2025-01-16,40.564957
2025-01-17,40.885509
2025-01-21,41.322636
2025-01-22,41.351776
2025-01-23,41.448914
2025-01-24,41.720905
2025-01-27,40.963223
2025-01-28,41.264355
2025-01-29,41.274071
2025-01-30,41.973461
2025-01-31,41.497486
2025-02-03,41.196358
2025-02-04,41.934605
2025-02-05,41.827755
2025-02-06,42.002609
2025-02-07,41.963749
2025-02-10,42.468868
2025-02-11,42.303730
2025-02-12,42.536865
2025-02-13,42.808849
2025-02-14,43.139122
2025-02-18,43.411110
2025-02-19,43.343113
2025-02-20,43.741379
2025-02-21,43.615097
2025-02-24,42.944847
2025-02-25,42.973988
2025-02-26,43.401398
2025-02-27,42.556293
2025-02-28,41.973461
2025-03-03,41.604340
2025-03-04,41.954033
2025-03-05,43.207119
2025-03-06,42.935131
2025-03-07,43.148834
2025-03-10,42.119171
2025-03-11,42.468868
2025-03-12,42.702000
2025-03-13,42.527153
2025-03-14,43.304260
2025-03-17,44.042507
2025-03-18,43.819092
2025-03-19,43.925945
2025-03-20,43.517963
2025-03-21,43.304260
2025-03-24,43.498535
2025-03-25,43.372253
2025-03-26,43.109982
2025-03-27,43.323685
2025-03-28,42.517437
2025-03-31,42.449440
2025-04-01,42.585434
2025-04-02,42.643719
2025-04-03,41.740330
2025-04-04,39.418728
2025-04-07,37.951935
2025-04-08,37.417679
2025-04-09,40.011265
2025-04-10,39.321587
2025-04-11,40.555241
2025-04-14,40.924370
2025-04-15,40.885509
2025-04-16,40.409538
2025-04-17,40.720379
2025-04-21,40.710663
2025-04-22,41.322636
2025-04-23,41.798611
2025-04-24,42.284302
2025-04-25,42.206596
2025-04-28,42.284302
2025-04-29,42.400875
2025-04-30,42.507725
2025-05-01,42.498009
2025-05-02,43.712238
2025-05-05,44.042507
2025-05-06,43.867661
2025-05-07,43.362541
2025-05-08,43.333397
2025-05-09,43.624813
2025-05-12,44.567055
2025-05-13,44.644768
2025-05-14,44.984749
2025-05-15,44.965321
2025-05-16,44.936180
2025-05-19,45.033318
2025-05-20,44.984749
2025-05-21,44.868187
2025-05-22,44.722477
2025-05-23,44.907043
2025-05-27,44.800190
2025-05-28,44.596195
2025-05-29,44.761333
2025-05-30,44.217358
2025-06-02,44.537914
2025-06-03,44.644768
2025-06-04,45.198456
2025-06-05,45.431587
2025-06-06,45.577290
2025-06-09,45.965847
2025-06-10,46.228123
2025-06-11,46.422398
2025-06-12,46.500103
2025-06-13,45.761860
2025-06-16,46.322868
2025-06-17,45.714779
2025-06-18,45.704967
2025-06-20,45.440159
2025-06-23,45.812859
2025-06-24,46.999619
2025-06-25,47.038845
2025-06-26,47.352703
2025-06-27,47.166351
2025-06-30,47.313473
2025-07-01,47.401745
2025-07-02,47.607708
2025-07-03,47.823483
2025-07-07,47.146736
2025-07-08,47.440975
2025-07-09,47.362511
2025-07-10,47.490013
2025-07-11,47.333088
2025-07-14,47.401745
2025-07-15,47.745018
2025-07-16,47.970604
2025-07-17,48.245224
2025-07-18,48.137337
2025-07-21,48.451195
2025-07-22,48.480618
2025-07-23,48.971012
2025-07-24,48.706196
2025-07-25,48.559074
2025-07-28,48.235420
2025-07-29,48.255035
2025-07-30,47.901951
2025-07-31,47.627327
2025-08-01,47.274239
2025-08-04,47.764637
2025-08-05,47.901951
2025-08-06,48.127529
2025-08-07,48.529655
2025-08-08,48.490421
2025-08-11,48.353111
2025-08-12,48.941589
2025-08-13,49.530064
2025-08-14,48.921974
2025-08-15,48.980820
2025-08-18,49.265247
2025-08-19,48.863125
2025-08-20,48.794468
2025-08-21,48.686581
2025-08-22,49.657566
2025-08-25,49.373135
2025-08-26,49.245636
2025-08-27,48.951397
2025-08-28,49.137749
2025-08-29,48.902359
2025-09-02,48.863125
2025-09-03,49.049477
2025-09-04,48.892548
2025-09-05,49.481026
2025-09-08,49.932190
2025-09-09,50.206810
2025-09-10,50.550091
2025-09-11,51.285686
2025-09-12,51.256260
2025-09-15,51.628963
2025-09-16,52.011471
2025-09-17,52.237053
2025-09-18,52.109550
2025-09-19,51.991852
2025-09-22,52.246864
2025-09-23,52.276283
2025-09-24,52.099743
2025-09-25,51.795696
2025-09-26,51.697617
2025-09-29,52.168396
2025-09-30,52.374367
2025-10-01,52.786297
2025-10-02,53.031494
2025-10-03,53.188423
2025-10-06,53.433624
2025-10-07,53.021690
2025-10-08,53.443432
2025-10-09,52.894184
2025-10-10,50.942406
2025-10-13,52.423409
2025-10-14,51.952625
2025-10-15,52.805916
2025-10-16,53.149193
2025-10-17,53.139385
2025-10-20,53.865170
2025-10-21,53.266888
2025-10-22,53.217846
2025-10-23,53.688629
2025-10-24,54.041714
2025-10-27,54.639996
2025-10-28,54.620380
2025-10-29,54.934235
2025-10-30,54.365376
2025-10-31,54.237873
2025-11-03,54.581154
2025-11-04,53.580742
2025-11-05,54.061329
2025-11-06,53.659206
2025-11-07,53.502277
2025-11-10,54.443836
2025-11-11,54.502686
2025-11-12,54.512493
2025-11-13,53.874981
2025-11-14,53.904404
2025-11-17,53.266888
2025-11-18,53.002075
2025-11-19,52.815720
2025-11-20,52.089939
2025-11-21,52.080124
2025-11-24,52.629372
2025-11-25,52.815720
2025-11-26,53.198235
2025-11-28,53.276691
2025-12-01,53.237465
2025-12-02,53.257080
2025-12-03,53.296310
2025-12-04,53.286507
2025-12-05,53.688629
2025-12-08,53.570934
2025-12-09,53.482662
2025-12-10,54.080944
2025-12-11,53.825939
2025-12-12,53.198235
2025-12-15,53.041309
2025-12-16,52.706047
2025-12-17,52.328011
2025-12-18,52.924911
2025-12-19,53.442223
2025-12-22,53.730721
2025-12-23,54.029171
2025-12-24,54.138599
2025-12-26,54.516636
2025-12-29,54.377361
2025-12-30,54.596222
2025-12-31,54.427101
2026-01-02,55.949192
2026-01-05,56.565983
2026-01-06,56.983810
2026-01-07,56.556034
2026-01-08,56.575932
2026-01-09,56.844536
2026-01-12,57.640396
2026-01-13,57.212620
2026-01-14,57.451382
2026-01-15,57.789623
2026-01-16,57.570759
2026-01-20,57.013657
2026-01-21,57.958744
2026-01-22,58.396469
2026-01-23,58.764557
2026-01-26,58.864037
2026-01-27,60.027988
2026-01-28,60.435867
2026-01-29,60.127472
2026-01-30,58.794399
2026-02-02,58.973469
2026-02-03,59.291813
2026-02-04,58.495953
2026-02-05,58.227348
2026-02-06,59.759384
2026-02-09,60.197109
2026-02-10,60.286644
2026-02-11,61.241680
2026-02-12,60.545300
2026-02-13,60.803955
2026-02-17,60.555248
2026-02-18,60.873592
2026-02-19,60.724369
2026-02-20,62.017647
2026-02-23,61.331215
2026-02-24,62.296200
2026-02-25,62.982632
2026-02-26,62.385735
2026-02-27,62.256409
2026-03-02,61.181992
2026-03-03,58.117916
2026-03-04,58.744659
2026-03-05,57.332005
2026-03-06,57.023605
2026-03-09,58.147762
2026-03-10,58.376572
2026-03-11,58.525799
2026-03-12,56.655518
2026-03-13,56.506294
2026-03-16,58.078125
2026-03-17,58.446209
2026-03-18,57.262367
2026-03-19,57.322052
2026-03-20,55.352291
2026-03-23,57.013657
2026-03-24,56.227741
2026-03-25,57.123085
2026-03-26,55.183174
2026-03-27,54.914570
2026-03-30,54.466896
2026-03-31,56.496346
2026-04-01,56.934071
2026-04-02,56.297379
2026-04-06,56.814693
2026-04-07,57.013657
2026-04-08,60.127472
2026-04-09,59.968300
2026-04-10,60.246853
2026-04-13,60.754215
2026-04-14,61.918167
2026-04-15,61.878372
2026-04-16,62.127079
2026-04-17,63.310925
2026-04-20,62.853306
2026-04-21,61.928112
2026-04-22,63.052269
2026-04-23,62.027596
2026-04-24,63.410408
2026-04-27,63.310925
2026-04-28,62.664288
2026-04-29,62.365837
2026-04-30,63.659119
2026-05-01,63.798389
2026-05-04,63.768543
2026-05-05,65.061829
2026-05-06,67.141014
2026-05-07,66.245667
2026-05-08,67.588692
2026-05-11,67.538948
2026-05-12,65.479652
2026-05-13,66.862465
2026-05-14,67.031586
2026-05-15,64.733528
2026-05-18,64.634048
2026-05-19,63.927723
2026-05-20,65.121513
2026-05-21,65.688568
2026-05-22,65.539337
2026-05-26,68.046310
2026-05-27,68.036362
2026-05-28,68.255226
2026-05-29,68.245277
2026-06-01,69.717628
2026-06-02,70.433907
2026-06-03,69.558449
2026-06-04,68.742691
2026-06-05,64.256012
2026-06-08,65.410011
2026-06-09,65.479652
2026-06-10,64.325653
2026-06-11,67.150963
2026-06-12,67.528999
2026-06-15,69.750000
2026-06-16,68.639999
2026-06-17,68.559998
2026-06-18,70.790001
2026-06-22,71.209999
2026-06-23,67.169998
2026-06-24,67.250000
2026-06-25,67.959999
2026-06-26,67.190002
2026-06-29,67.430000
2026-06-30,68.410004
2026-07-01,66.480003
2026-07-02,65.699997
2026-07-06,67.570000
2026-07-07,65.720001
2026-07-08,66.230003
2026-07-09,66.779999
2026-07-10,66.900002
2026-07-13,64.500000
2026-07-14,65.669998
2026-07-15,65.570000
2026-07-16,64.190002
2026-07-17,63.290001
2026-07-20,63.560001
2026-07-21,65.339996
2026-07-22,64.989998
2026-07-23,64.599998
2026-07-24,63.330002
2026-07-27,63.619999
2026-07-28,62.360001
2026-07-29,61.070000
2026-07-30,63.590000
2026-07-31,64.089996
2026-08-03,64.320000
2026-08-04,66.000000
2026-08-05,65.720001
2026-08-06,65.019997
2026-08-07,65.639999
2026-08-10,65.169998
2026-08-11,65.430000
2026-08-12,66.459999
2026-08-13,66.680000
2026-08-14,66.610001
2026-08-17,67.320000
2026-08-18,65.339996
2026-08-19,66.110001
2026-08-20,66.620003
2026-08-21,67.120003
2026-08-24,66.110001
2026-08-25,67.250000
2026-08-26,67.169998
2026-08-27,67.610001
2026-08-28,67.139999
2026-08-31,67.019997
2026-09-01,66.769997
2026-09-02,67.150002
2026-09-03,67.470001
2026-09-04,68.699997
2026-09-08,68.830002
2026-09-09,68.480003
2026-09-10,67.000000
2026-09-11,67.839996
2026-09-14,65.989998
2026-09-15,65.760002
2026-09-16,65.720001
2026-09-17,66.910004
2026-09-18,67.029999
2026-09-21,68.830002
2026-09-22,69.099998
2026-09-23,67.709999
2026-09-24,67.250000
2026-09-25,67.980003
2026-09-28,67.199997
2026-09-29,67.400002
2026-09-30,66.790001
2026-10-01,66.809998
2026-10-02,67.669998
