date,adj_close
2001-08-27,21.856173
2001-08-28,21.606150
2001-08-29,21.507507
2001-08-30,21.201340
2001-08-31,21.252369
2001-09-04,20.767624
2001-09-05,20.640055
2001-09-06,20.172318
2001-09-07,20.053255
2001-09-10,19.823633
2001-09-17,18.956196
2001-09-18,18.803114
2001-09-19,18.752087
2001-09-20,17.935669
2001-09-21,17.433916
2001-09-24,18.241825
2001-09-25,18.454435
2001-09-26,18.547989
2001-09-27,18.840532
2001-09-28,19.207922
2001-10-01,19.104170
2001-10-02,19.171625
2001-10-03,19.367512
2001-10-04,19.573620
2001-10-05,19.604280
2001-10-08,19.486750
2001-10-09,19.435650
2001-10-10,19.827431
2001-10-11,19.963697
2001-10-12,19.938150
2001-10-15,19.623020
2001-10-16,19.895559
2001-10-17,19.912592
2001-10-18,19.750776
2001-10-19,19.554892
2001-10-22,19.691156
2001-10-23,19.847868
2001-10-24,20.047173
2001-10-25,20.018213
2001-10-26,20.147661
2001-10-29,19.726923
2001-10-30,19.503786
2001-10-31,19.558296
2001-11-01,19.970510
2001-11-02,19.968807
2001-11-05,20.168098
2001-11-06,20.377623
2001-11-07,20.193659
2001-11-08,20.338446
2001-11-09,20.304379
2001-11-12,20.031834
2001-11-13,20.215801
2001-11-14,20.236237
2001-11-15,20.323111
2001-11-16,20.437243
2001-11-19,20.539434
2001-11-20,20.398062
2001-11-21,20.345257
2001-11-23,20.409979
2001-11-26,20.607580
2001-11-27,20.447464
2001-11-28,20.091444
2001-11-29,20.135736
2001-11-30,20.212389
2001-12-03,20.040346
2001-12-04,20.324820
2001-12-05,20.813692
2001-12-06,20.878418
2001-12-07,20.563292
2001-12-10,20.168098
2001-12-11,20.208981
2001-12-12,20.292452
2001-12-13,19.812096
2001-12-14,19.926224
2001-12-17,20.162992
2001-12-18,20.217508
2001-12-19,20.006279
2001-12-20,19.909189
2001-12-21,20.009689
2001-12-24,19.935028
2001-12-26,19.917980
2001-12-27,20.182188
2001-12-28,20.342422
2001-12-31,20.335604
2002-01-02,20.448109
2002-01-03,20.632206
2002-01-04,20.768566
2002-01-07,20.492420
2002-01-08,20.258900
2002-01-09,20.045824
2002-01-10,20.093550
2002-01-11,19.979345
2002-01-14,19.779913
2002-01-15,19.764570
2002-01-16,19.416832
2002-01-17,19.696392
2002-01-18,19.687866
2002-01-22,19.457747
2002-01-23,19.508884
2002-01-24,19.614567
2002-01-25,19.335016
2002-01-28,19.515709
2002-01-29,18.973650
2002-01-30,19.183311
2002-01-31,19.159447
2002-02-01,19.116827
2002-02-04,18.960009
2002-02-05,18.581591
2002-02-06,18.554321
2002-02-07,18.760576
2002-02-08,19.012857
2002-02-11,19.244673
2002-02-12,19.236151
2002-02-13,19.261724
2002-02-14,19.415136
2002-02-15,19.295809
2002-02-19,18.886717
2002-02-20,18.971937
2002-02-21,18.842394
2002-02-22,18.978762
2002-02-25,19.217400
2002-02-26,19.108305
2002-02-27,19.321381
2002-02-28,19.389570
2002-03-01,19.756046
2002-03-04,20.431065
2002-03-05,20.206053
2002-03-06,20.415714
2002-03-07,20.732773
2002-03-08,20.763451
2002-03-11,20.795839
2002-03-12,20.557199
2002-03-13,20.335604
2002-03-14,20.536745
2002-03-15,20.765152
2002-03-18,20.741291
2002-03-19,20.845274
2002-03-20,20.577654
2002-03-21,20.630495
2002-03-22,20.448109
2002-03-25,20.195827
2002-03-26,20.323668
2002-03-27,20.354357
2002-03-28,20.471973
2002-04-01,20.586174
2002-04-02,20.506058
2002-04-03,20.509470
2002-04-04,20.480492
2002-04-05,20.480492
2002-04-08,20.243559
2002-04-09,20.212872
2002-04-10,20.477085
2002-04-11,20.021963
2002-04-12,20.226507
2002-04-15,20.369694
2002-04-16,20.751522
2002-04-17,20.778791
2002-04-18,20.845274
2002-04-19,20.928797
2002-04-22,20.782202
2002-04-23,20.727655
2002-04-24,20.625381
2002-04-25,20.812885
2002-04-26,20.628790
2002-04-29,20.574240
2002-04-30,20.783913
2002-05-01,20.893003
2002-05-02,20.836744
2002-05-03,20.978231
2002-05-06,20.761745
2002-05-07,20.489019
2002-05-08,20.940735
2002-05-09,20.838457
2002-05-10,20.666292
2002-05-13,20.973118
2002-05-14,20.996983
2002-05-15,21.085615
2002-05-16,21.193008
2002-05-17,21.382214
2002-05-20,21.273121
2002-05-21,21.240730
2002-05-22,21.281652
2002-05-23,21.302097
2002-05-24,21.162323
2002-05-28,21.119709
2002-05-29,21.099255
2002-05-30,21.005501
2002-05-31,20.894703
2002-06-03,20.855497
2002-06-04,20.736177
2002-06-05,20.693562
2002-06-06,20.489019
2002-06-07,20.327078
2002-06-10,20.393564
2002-06-11,20.292988
2002-06-12,20.180485
2002-06-13,19.841280
2002-06-14,19.612858
2002-06-17,19.923096
2002-06-18,19.970827
2002-06-19,19.432171
2002-06-20,19.341839
2002-06-21,19.363995
2002-06-24,19.365698
2002-06-25,19.381039
2002-06-26,19.384455
2002-06-27,19.863436
2002-06-28,20.207764
2002-07-01,20.045824
2002-07-02,19.679333
2002-07-03,19.491840
2002-07-05,20.248667
2002-07-08,20.233328
2002-07-09,19.986164
2002-07-10,19.425354
2002-07-11,19.346954
2002-07-12,19.082745
2002-07-15,18.859444
2002-07-16,18.494659
2002-07-17,18.963419
2002-07-18,19.038422
2002-07-19,18.365118
2002-07-22,17.702030
2002-07-23,17.199181
2002-07-24,17.814531
2002-07-25,17.625328
2002-07-26,17.625328
2002-07-29,18.469088
2002-07-30,18.351477
2002-07-31,18.281591
2002-08-01,17.642372
2002-08-02,17.574186
2002-08-05,16.977594
2002-08-06,17.349190
2002-08-07,17.684980
2002-08-08,18.085562
2002-08-09,18.256021
2002-08-12,18.051474
2002-08-13,17.879307
2002-08-14,18.298634
2002-08-15,18.443523
2002-08-16,18.443523
2002-08-19,18.775913
2002-08-20,18.273066
2002-08-21,18.733299
2002-08-22,18.787853
2002-08-23,18.554321
2002-08-26,18.639549
2002-08-27,18.803188
2002-08-28,18.290112
2002-08-29,18.111132
2002-08-30,18.102608
2002-09-03,17.395212
2002-09-04,17.398617
2002-09-05,17.267370
2002-09-06,17.519636
2002-09-09,17.441225
2002-09-10,17.574186
2002-09-11,17.737825
2002-09-12,17.444647
2002-09-13,17.015089
2002-09-16,16.875315
2002-09-17,16.790081
2002-09-18,16.781555
2002-09-19,16.491787
2002-09-20,16.401438
2002-09-23,15.818476
2002-09-24,15.562785
2002-09-25,15.954843
2002-09-26,16.517349
2002-09-27,16.512243
2002-09-30,16.227571
2002-10-01,16.624739
2002-10-02,16.396326
2002-10-03,16.215643
2002-10-04,15.937796
2002-10-07,15.545742
2002-10-08,15.586652
2002-10-09,15.341197
2002-10-10,15.699153
2002-10-11,16.270185
2002-10-14,15.852568
2002-10-15,16.960541
2002-10-16,16.662239
2002-10-17,16.900879
2002-10-18,16.764513
2002-10-21,17.003153
2002-10-22,16.808826
2002-10-23,16.653717
2002-10-24,16.491787
2002-10-25,16.773031
2002-10-28,16.849741
2002-10-29,16.474735
2002-10-30,16.738949
2002-10-31,16.849741
2002-11-01,17.112251
2002-11-04,17.335550
2002-11-05,17.599754
2002-11-06,17.608282
2002-11-07,17.309986
2002-11-08,17.165087
2002-11-11,16.829290
2002-11-12,17.139523
2002-11-13,16.943495
2002-11-14,17.321913
2002-11-15,17.582710
2002-11-18,17.361116
2002-11-19,17.199181
2002-11-20,17.437820
2002-11-21,17.863974
2002-11-22,17.778742
2002-11-25,17.640669
2002-11-26,17.228157
2002-11-27,17.705439
2002-11-29,17.795782
2002-12-02,17.884422
2002-12-03,17.567375
2002-12-04,17.487259
2002-12-05,17.291229
2002-12-06,17.412251
2002-12-09,16.965652
2002-12-10,17.195768
2002-12-11,17.173615
2002-12-12,17.139523
2002-12-13,16.977594
2002-12-16,17.344070
2002-12-17,17.257135
2002-12-18,16.892357
2002-12-19,16.986109
2002-12-20,17.088381
2002-12-23,17.119997
2002-12-24,17.088734
2002-12-26,17.146057
2002-12-27,16.876795
2002-12-30,17.128691
2002-12-31,17.199909
2003-01-02,17.562984
2003-01-03,17.580360
2003-01-06,17.797508
2003-01-07,17.519558
2003-01-08,17.281565
2003-01-09,17.493494
2003-01-10,17.470911
2003-01-13,17.507393
2003-01-14,17.641157
2003-01-15,17.472654
2003-01-16,17.545616
2003-01-17,17.361471
2003-01-21,17.055729
2003-01-22,16.815992
2003-01-23,16.934120
2003-01-24,16.755198
2003-01-27,16.308733
2003-01-28,16.378218
2003-01-29,16.338270
2003-01-30,16.327839
2003-01-31,16.459869
2003-02-03,16.718710
2003-02-04,16.477238
2003-02-05,16.505037
2003-02-06,16.345213
2003-02-07,16.108959
2003-02-10,16.164549
2003-02-11,16.242725
2003-02-12,16.070742
2003-02-13,16.306999
2003-02-14,16.461603
2003-02-18,16.703075
2003-02-19,16.312206
2003-02-20,16.329578
2003-02-21,16.433813
2003-02-24,16.234034
2003-02-25,16.034256
2003-02-26,15.843165
2003-02-27,15.865749
2003-02-28,16.112432
2003-03-03,16.181919
2003-03-04,15.947399
2003-03-05,15.973455
2003-03-06,15.791045
2003-03-07,15.676398
2003-03-10,15.242098
2003-03-11,15.191719
2003-03-12,15.016262
2003-03-13,15.445352
2003-03-14,15.521785
2003-03-17,15.959555
2003-03-18,16.027309
2003-03-19,16.112432
2003-03-20,16.214920
2003-03-21,16.607529
2003-03-24,16.069004
2003-03-25,16.247934
2003-03-26,16.256618
2003-03-27,16.147175
2003-03-28,16.042948
2003-03-31,15.738935
2003-04-01,15.983883
2003-04-02,16.247934
2003-04-03,16.157597
2003-04-04,16.374748
2003-04-07,16.586679
2003-04-08,16.590157
2003-04-09,16.527617
2003-04-10,16.442495
2003-04-11,16.348690
2003-04-14,16.597107
2003-04-15,16.824677
2003-04-16,16.713503
2003-04-17,16.954967
2003-04-21,16.895901
2003-04-22,17.140848
2003-04-23,17.291985
2003-04-24,17.156483
2003-04-25,16.852476
2003-04-28,17.151264
2003-04-29,17.250288
2003-04-30,17.338888
2003-05-01,17.410112
2003-05-02,17.561249
2003-05-05,17.695015
2003-05-06,18.068508
2003-05-07,17.901735
2003-05-08,17.632471
2003-05-09,17.854830
2003-05-12,17.997280
2003-05-13,17.995544
2003-05-14,18.000759
2003-05-15,18.032026
2003-05-16,18.254391
2003-05-19,17.761028
2003-05-20,17.938215
2003-05-21,17.752340
2003-05-22,17.990339
2003-05-23,18.092825
2003-05-27,18.249174
2003-05-28,18.336035
2003-05-29,18.422892
2003-05-30,18.457644
2003-06-02,18.629618
2003-06-03,18.674782
2003-06-04,18.787706
2003-06-05,18.977055
2003-06-06,19.091709
2003-06-09,18.954477
2003-06-10,19.107347
2003-06-11,19.421778
2003-06-12,19.473896
2003-06-13,19.360979
2003-06-16,19.644135
2003-06-17,19.684097
2003-06-18,19.628502
2003-06-19,19.395721
2003-06-20,19.421778
2003-06-23,19.206369
2003-06-24,19.055233
2003-06-25,18.865877
2003-06-26,18.952732
2003-06-27,18.810284
2003-06-30,18.815496
2003-07-01,18.926674
2003-07-02,19.300173
2003-07-03,19.195942
2003-07-07,19.548594
2003-07-08,19.456520
2003-07-09,19.355764
2003-07-10,19.256746
2003-07-11,19.215059
2003-07-14,19.421778
2003-07-15,19.239367
2003-07-16,19.095188
2003-07-17,18.796387
2003-07-18,19.091709
2003-07-21,18.945784
2003-07-22,18.900625
2003-07-23,19.180305
2003-07-24,19.211584
2003-07-25,19.453049
2003-07-28,19.503420
2003-07-29,19.421778
2003-07-30,19.260223
2003-07-31,19.100403
2003-08-01,19.096926
2003-08-04,19.152512
2003-08-05,18.973585
2003-08-06,18.944052
2003-08-07,19.056969
2003-08-08,19.116037
2003-08-11,19.300173
2003-08-12,19.381819
2003-08-13,19.395721
2003-08-14,19.671932
2003-08-15,19.626768
2003-08-18,19.899506
2003-08-19,19.856071
2003-08-20,19.819597
2003-08-21,19.856071
2003-08-22,19.741423
2003-08-25,19.661510
2003-08-26,19.559019
2003-08-27,19.593765
2003-08-28,19.708410
2003-08-29,19.729259
2003-09-02,20.028063
2003-09-03,20.290371
2003-09-04,20.266048
2003-09-05,20.306017
2003-09-08,20.396336
2003-09-09,20.436293
2003-09-10,20.229567
2003-09-11,20.342489
2003-09-12,20.429348
2003-09-15,20.488413
2003-09-16,20.691664
2003-09-17,20.827164
2003-09-18,21.046049
2003-09-19,20.967878
2003-09-22,20.731619
2003-09-23,20.778517
2003-09-24,20.677767
2003-09-25,20.411974
2003-09-26,20.325113
2003-09-29,20.585691
2003-09-30,20.325113
2003-10-01,20.992193
2003-10-02,20.959190
2003-10-03,21.264936
2003-10-06,21.487293
2003-10-07,21.454288
2003-10-08,21.365694
2003-10-09,21.513353
2003-10-10,21.603693
2003-10-13,21.817358
2003-10-14,21.932018
2003-10-15,21.723562
2003-10-16,21.853842
2003-10-17,21.740932
2003-10-20,21.973709
2003-10-21,21.899014
2003-10-22,21.685337
2003-10-23,21.410854
2003-10-24,21.452555
2003-10-27,21.548098
2003-10-28,21.801720
2003-10-29,21.775671
2003-10-30,21.799986
2003-10-31,21.645380
2003-11-03,21.754820
2003-11-04,21.874685
2003-11-05,21.749611
2003-11-06,21.558525
2003-11-07,21.758297
2003-11-10,21.577629
2003-11-11,21.495987
2003-11-12,21.944174
2003-11-13,22.069260
2003-11-14,21.919855
2003-11-17,21.542887
2003-11-18,21.628012
2003-11-19,21.680120
2003-11-20,21.541155
2003-11-21,21.773930
2003-11-24,21.937233
2003-11-25,21.971973
2003-11-26,22.157848
2003-11-28,22.192600
2003-12-01,22.632111
2003-12-02,22.685961
2003-12-03,22.731127
2003-12-04,22.783237
2003-12-05,22.619940
2003-12-08,22.809301
2003-12-09,22.713751
2003-12-10,22.550457
2003-12-11,22.800610
2003-12-12,22.875309
2003-12-15,22.722446
2003-12-16,23.013594
2003-12-17,22.959555
2003-12-18,23.301264
2003-12-19,23.170504
2003-12-22,23.323645
2003-12-23,23.373039
2003-12-24,23.429502
2003-12-26,23.387157
2003-12-29,23.780586
2003-12-30,23.826458
2003-12-31,24.131680
2004-01-02,24.196955
2004-01-05,24.662724
2004-01-06,24.699776
2004-01-07,24.452785
2004-01-08,24.803860
2004-01-09,24.646845
2004-01-12,24.639791
2004-01-13,24.496883
2004-01-14,24.708601
2004-01-15,24.558634
2004-01-16,24.470421
2004-01-20,24.735060
2004-01-21,25.034988
2004-01-22,25.050861
2004-01-23,24.782688
2004-01-26,24.862089
2004-01-27,24.752707
2004-01-28,24.435129
2004-01-29,24.466890
2004-01-30,24.403378
2004-02-02,24.346912
2004-02-03,24.391022
2004-02-04,24.126390
2004-02-05,24.226952
2004-02-06,24.683899
2004-02-09,24.839157
2004-02-10,24.946770
2004-02-11,25.229057
2004-02-12,25.008516
2004-02-13,24.976759
2004-02-17,25.458416
2004-02-18,25.105551
2004-02-19,25.273165
2004-02-20,24.964418
2004-02-23,25.034988
2004-02-24,24.937954
2004-02-25,24.752707
2004-02-26,24.761524
2004-02-27,24.964418
2004-03-01,25.299629
2004-03-02,24.893847
2004-03-03,24.840923
2004-03-04,24.920311
2004-03-05,25.211414
2004-03-08,25.049107
2004-03-09,24.876196
2004-03-10,24.477474
2004-03-11,24.080517
2004-03-12,24.292229
2004-03-15,23.879393
2004-03-16,24.099918
2004-03-17,24.602732
2004-03-18,24.593920
2004-03-19,24.276356
2004-03-22,23.960548
2004-03-23,24.144033
2004-03-24,24.048763
2004-03-25,24.505711
2004-03-26,24.399849
2004-03-29,24.752707
2004-03-30,24.805628
2004-03-31,24.982058
2004-04-01,25.313744
2004-04-02,25.386078
2004-04-05,25.386078
2004-04-06,25.308455
2004-04-07,25.347265
2004-04-08,25.294331
2004-04-12,25.458416
2004-04-13,25.132023
2004-04-14,24.872671
2004-04-15,24.699776
2004-04-16,24.964418
2004-04-19,24.990883
2004-04-20,24.646845
2004-04-21,24.814459
2004-04-22,24.990883
2004-04-23,24.955597
2004-04-26,24.948532
2004-04-27,24.973240
2004-04-28,24.512764
2004-04-29,24.249887
2004-04-30,24.135210
2004-05-03,24.382196
2004-05-04,24.692715
2004-05-05,24.964418
2004-05-06,24.435129
2004-05-07,23.773535
2004-05-10,23.164860
2004-05-11,23.332458
2004-05-12,23.482431
2004-05-13,23.235435
2004-05-14,23.216019
2004-05-17,22.961967
2004-05-18,23.205433
2004-05-19,23.434784
2004-05-20,23.464790
2004-05-21,23.637680
2004-05-24,23.789410
2004-05-25,24.144033
2004-05-26,24.099918
2004-05-27,24.558634
2004-05-28,24.410431
2004-06-01,24.468660
2004-06-02,24.539227
2004-06-03,24.302811
2004-06-04,24.593920
2004-06-07,25.137316
2004-06-08,24.996172
2004-06-09,24.567459
2004-06-10,24.858557
2004-06-14,24.260473
2004-06-15,24.690956
2004-06-16,24.682129
2004-06-17,24.840923
2004-06-18,24.885029
2004-06-21,24.796812
2004-06-22,24.807402
2004-06-23,24.964418
2004-06-24,25.061453
2004-06-25,24.969706
2004-06-28,25.123201
2004-06-29,25.070272
2004-06-30,25.229057
2004-07-01,24.911486
2004-07-02,25.050861
2004-07-06,24.638023
2004-07-07,24.929129
2004-07-08,24.770340
2004-07-09,24.980297
2004-07-12,25.052626
2004-07-13,24.929129
2004-07-14,24.787985
2004-07-15,24.479237
2004-07-16,24.676832
2004-07-19,24.696253
2004-07-20,24.708601
2004-07-21,24.172258
2004-07-22,24.302811
2004-07-23,23.854687
2004-07-26,23.854687
2004-07-27,24.002886
2004-07-28,24.034649
2004-07-29,24.064638
2004-07-30,24.152851
2004-08-02,24.267527
2004-08-03,24.108742
2004-08-04,24.105207
2004-08-05,23.747072
2004-08-06,23.711781
2004-08-09,23.685322
2004-08-10,23.879393
2004-08-11,23.799995
2004-08-12,23.535353
2004-08-13,23.676495
2004-08-16,23.914677
2004-08-17,23.932318
2004-08-18,24.114033
2004-08-19,24.057585
2004-08-20,24.170494
2004-08-23,23.974663
2004-08-24,23.969370
2004-08-25,24.223431
2004-08-26,24.241068
2004-08-27,24.302811
2004-08-30,24.214602
2004-08-31,24.440434
2004-09-01,24.461601
2004-09-02,24.717419
2004-09-03,24.389269
2004-09-07,24.729759
2004-09-08,24.717419
2004-09-09,24.638023
2004-09-10,24.823271
2004-09-13,24.911486
2004-09-14,24.973240
2004-09-15,24.615091
2004-09-16,24.777397
2004-09-17,24.858557
2004-09-20,24.703304
2004-09-21,25.089676
2004-09-22,24.682129
2004-09-23,24.615091
2004-09-24,24.646845
2004-09-27,24.523346
2004-09-28,24.763290
2004-09-29,24.858557
2004-09-30,24.946770
2004-10-01,25.334913
2004-10-04,25.373722
2004-10-05,25.387840
2004-10-06,25.483112
2004-10-07,25.308455
2004-10-08,25.484867
2004-10-11,25.546618
2004-10-12,25.255516
2004-10-13,25.079090
2004-10-14,24.946770
2004-10-15,25.230814
2004-10-18,25.331373
2004-10-19,25.281986
2004-10-20,25.379017
2004-10-21,25.527210
2004-10-22,25.370197
2004-10-25,25.343737
2004-10-26,25.484867
2004-10-27,25.749512
2004-10-28,25.820084
2004-10-29,25.820084
2004-11-01,25.864197
2004-11-02,26.065317
2004-11-03,26.374063
2004-11-04,26.742804
2004-11-05,26.868071
2004-11-08,26.681051
2004-11-09,26.614016
2004-11-10,26.562841
2004-11-11,26.852184
2004-11-12,27.169752
2004-11-15,27.196217
2004-11-16,26.966858
2004-11-17,27.310894
2004-11-18,27.249144
2004-11-19,27.072716
2004-11-22,27.152111
2004-11-23,27.205038
2004-11-24,27.328539
2004-11-26,27.487320
2004-11-29,27.575529
2004-11-30,27.390285
2004-12-01,27.866646
2004-12-02,27.822533
2004-12-03,27.988377
2004-12-06,27.817251
2004-12-07,27.665512
2004-12-08,27.646107
2004-12-09,27.531422
2004-12-10,27.261494
2004-12-13,27.672573
2004-12-14,27.681387
2004-12-15,27.849005
2004-12-16,27.672573
2004-12-17,27.593172
2004-12-20,27.845472
2004-12-21,28.041307
2004-12-22,28.083647
2004-12-23,28.267979
2004-12-27,28.490101
2004-12-28,28.679996
2004-12-29,28.542055
2004-12-30,28.545643
2004-12-31,28.706871
2005-01-03,28.500847
2005-01-04,27.954489
2005-01-05,27.936573
2005-01-06,27.936573
2005-01-07,27.811180
2005-01-10,27.936573
2005-01-11,27.882824
2005-01-12,28.106749
2005-01-13,27.864920
2005-01-14,27.999262
2005-01-18,28.020761
2005-01-19,27.730556
2005-01-20,27.546047
2005-01-21,27.655333
2005-01-24,27.703695
2005-01-25,27.712643
2005-01-26,28.047642
2005-01-27,28.088835
2005-01-28,28.026154
2005-01-31,28.160494
2005-02-01,28.336048
2005-02-02,28.375458
2005-02-03,28.221407
2005-02-04,28.366501
2005-02-07,28.187355
2005-02-08,28.187355
2005-02-09,28.115709
2005-02-10,28.407700
2005-02-11,28.604761
2005-02-14,28.826881
2005-02-15,29.020359
2005-02-16,28.764194
2005-02-17,28.823299
2005-02-18,28.966618
2005-02-22,28.898544
2005-02-23,28.912872
2005-02-24,28.957647
2005-02-25,29.294441
2005-02-28,29.226362
2005-03-01,29.387592
2005-03-02,29.167253
2005-03-03,29.181574
2005-03-04,29.692122
2005-03-07,29.566723
2005-03-08,29.647339
2005-03-09,29.512980
2005-03-10,29.609716
2005-03-11,29.602549
2005-03-14,29.507614
2005-03-15,29.324884
2005-03-16,29.358923
2005-03-17,29.324884
2005-03-18,29.265772
2005-03-21,29.066929
2005-03-22,28.733736
2005-03-23,28.542055
2005-03-24,28.536682
2005-03-28,28.536682
2005-03-29,28.241096
2005-03-30,28.472200
2005-03-31,28.459656
2005-04-01,28.393370
2005-04-04,28.402328
2005-04-05,28.554594
2005-04-06,28.635220
2005-04-07,28.751654
2005-04-08,28.751654
2005-04-11,28.859138
2005-04-12,28.930786
2005-04-13,28.626249
2005-04-14,28.250067
2005-04-15,27.904327
2005-04-18,27.802223
2005-04-19,28.171244
2005-04-20,27.811180
2005-04-21,28.314556
2005-04-22,28.214235
2005-04-25,28.362923
2005-04-26,28.008223
2005-04-27,27.932989
2005-04-28,27.556793
2005-04-29,27.999262
2005-05-02,27.990311
2005-05-03,28.051222
2005-05-04,28.384422
2005-05-05,28.425621
2005-05-06,28.302011
2005-05-09,28.366501
2005-05-10,27.972399
2005-05-11,28.097797
2005-05-12,27.748480
2005-05-13,27.587257
2005-05-16,27.698318
2005-05-17,27.694746
2005-05-18,28.008223
2005-05-19,28.027929
2005-05-20,27.909702
2005-05-23,28.140787
2005-05-24,28.067343
2005-05-25,27.990311
2005-05-26,28.008223
2005-05-27,28.124662
2005-05-31,27.757425
2005-06-01,27.925819
2005-06-02,28.164068
2005-06-03,27.900745
2005-06-06,28.085253
2005-06-07,28.228569
2005-06-08,28.124662
2005-06-09,28.235722
2005-06-10,28.128246
2005-06-13,28.031515
2005-06-14,27.999262
2005-06-15,28.165869
2005-06-16,28.257225
2005-06-17,28.681791
2005-06-20,28.413076
2005-06-21,28.628040
2005-06-22,28.542055
2005-06-23,28.219620
2005-06-24,28.214235
2005-06-27,28.149738
2005-06-28,28.310970
2005-06-29,28.192743
2005-06-30,28.155123
2005-07-01,28.117504
2005-07-05,28.149738
2005-07-06,28.074503
2005-07-07,27.918663
2005-07-08,28.294855
2005-07-11,28.499069
2005-07-12,28.794640
2005-07-13,28.563555
2005-07-14,28.644169
2005-07-15,28.568930
2005-07-18,28.488312
2005-07-19,28.552805
2005-07-20,28.746267
2005-07-21,28.805386
2005-07-22,28.778511
2005-07-25,28.697908
2005-07-26,28.611914
2005-07-27,28.939743
2005-07-28,29.138586
2005-07-29,28.998871
2005-08-01,29.283689
2005-08-02,29.493280
2005-08-03,29.713615
2005-08-04,29.471781
2005-08-05,29.364305
2005-08-08,29.434166
2005-08-09,29.810356
2005-08-10,30.014574
2005-08-11,30.498253
2005-08-12,30.310150
2005-08-15,30.363897
2005-08-16,30.036076
2005-08-17,29.960846
2005-08-18,29.638386
2005-08-19,29.783480
2005-08-22,30.111315
2005-08-23,29.982328
2005-08-24,29.665253
2005-08-25,29.778107
2005-08-26,29.681372
2005-08-29,29.665253
2005-08-30,29.579266
2005-08-31,30.111315
2005-09-01,30.471386
2005-09-02,30.578863
2005-09-06,30.955046
2005-09-07,30.869055
2005-09-08,30.632599
2005-09-09,31.035658
2005-09-12,30.793839
2005-09-13,30.584236
2005-09-14,30.605722
2005-09-15,30.627220
2005-09-16,30.971174
2005-09-19,30.766951
2005-09-20,30.654093
2005-09-21,30.686338
2005-09-22,30.654093
2005-09-23,30.525112
2005-09-26,30.858305
2005-09-27,30.740086
2005-09-28,31.057150
2005-09-29,31.427979
2005-09-30,31.223761
2005-10-03,31.116278
2005-10-04,30.912056
2005-10-05,30.643349
2005-10-06,30.498253
2005-10-07,30.605722
2005-10-10,30.455261
2005-10-11,30.492868
2005-10-12,30.288662
2005-10-13,30.224161
2005-10-14,30.508989
2005-10-17,30.202671
2005-10-18,29.853348
2005-10-19,30.095175
2005-10-20,29.407305
2005-10-21,29.536276
2005-10-24,29.998446
2005-10-25,30.030695
2005-10-26,29.976957
2005-10-27,29.917850
2005-10-28,30.175804
2005-10-31,30.229540
2005-11-01,30.487497
2005-11-02,30.906679
2005-11-03,30.890568
2005-11-04,30.605722
2005-11-07,30.783072
2005-11-08,30.707842
2005-11-09,30.686338
2005-11-10,30.648727
2005-11-11,30.809948
2005-11-14,30.627220
2005-11-15,30.460625
2005-11-16,30.406889
2005-11-17,30.928179
2005-11-18,31.143147
2005-11-21,31.186131
2005-11-22,31.288239
2005-11-23,31.438719
2005-11-25,31.137772
2005-11-28,31.218382
2005-11-29,31.170015
2005-11-30,30.928179
2005-12-01,31.508581
2005-12-02,31.626812
2005-12-05,31.766537
2005-12-06,31.863276
2005-12-07,31.653683
2005-12-08,31.648312
2005-12-09,31.965372
2005-12-12,32.368443
2005-12-13,32.524296
2005-12-14,32.508183
2005-12-15,32.207226
2005-12-16,32.459805
2005-12-19,32.400696
2005-12-20,32.406071
2005-12-21,32.561920
2005-12-22,32.750008
2005-12-23,32.733585
2005-12-27,32.432526
2005-12-28,32.667904
2005-12-29,32.678844
2005-12-30,32.531063
2006-01-03,33.620346
2006-01-04,33.899517
2006-01-05,33.729828
2006-01-06,34.184155
2006-01-09,34.200573
2006-01-10,33.894051
2006-01-11,34.184155
2006-01-12,33.904995
2006-01-13,34.036362
2006-01-17,33.609402
2006-01-18,33.155079
2006-01-19,33.532768
2006-01-20,33.023701
2006-01-23,33.483501
2006-01-24,33.653194
2006-01-25,33.768139
2006-01-26,34.167732
2006-01-27,34.348381
2006-01-30,34.375744
2006-01-31,34.408585
2006-02-01,34.512589
2006-02-02,34.123943
2006-02-03,34.036362
2006-02-06,33.987103
2006-02-07,33.735306
2006-02-08,33.855721
2006-02-09,33.921406
2006-02-10,33.844776
2006-02-13,33.609402
2006-02-14,33.981632
2006-02-15,33.675091
2006-02-16,33.998039
2006-02-17,33.899517
2006-02-21,33.904995
2006-02-22,34.162258
2006-02-23,34.249840
2006-02-24,34.364796
2006-02-27,34.485218
2006-02-28,34.167732
2006-03-01,34.518066
2006-03-02,34.452377
2006-03-03,34.310055
2006-03-06,34.178696
2006-03-07,33.762669
2006-03-08,33.877617
2006-03-09,33.839310
2006-03-10,34.353840
2006-03-13,34.638481
2006-03-14,35.005238
2006-03-15,35.131126
2006-03-16,35.246082
2006-03-17,35.415771
2006-03-20,35.486931
2006-03-21,35.120186
2006-03-22,35.448616
2006-03-23,35.021652
2006-03-24,35.300819
2006-03-27,35.240608
2006-03-28,34.901234
2006-03-29,35.361034
2006-03-30,35.787991
2006-03-31,35.536186
2006-04-03,35.924835
2006-04-04,36.209488
2006-04-05,36.329906
2006-04-06,36.362732
2006-04-07,35.946735
2006-04-10,36.012421
2006-04-11,35.771576
2006-04-12,35.596409
2006-04-13,35.689457
2006-04-17,35.853680
2006-04-18,36.587177
2006-04-19,36.838982
2006-04-20,36.674755
2006-04-21,36.921085
2006-04-24,36.959396
2006-04-25,36.937500
2006-04-26,37.167408
2006-04-27,37.233086
2006-04-28,37.238564
2006-05-01,37.222137
2006-05-02,37.791428
2006-05-03,37.566994
2006-05-04,37.857105
2006-05-05,38.437328
2006-05-08,38.404495
2006-05-09,38.634392
2006-05-10,38.513969
2006-05-11,38.125324
2006-05-12,37.632675
2006-05-15,37.309731
2006-05-16,37.254982
2006-05-17,36.067154
2006-05-18,35.957687
2006-05-19,36.138317
2006-05-22,35.344612
2006-05-23,35.355553
2006-05-24,35.333672
2006-05-25,35.809883
2006-05-26,36.100006
2006-05-30,35.552616
2006-05-31,35.815365
2006-06-01,36.045265
2006-06-02,36.395588
2006-06-05,35.607353
2006-06-06,35.174923
2006-06-07,34.693230
2006-06-08,33.926891
2006-06-09,33.888569
2006-06-12,33.598450
2006-06-13,32.547485
2006-06-14,33.018227
2006-06-15,34.156784
2006-06-16,33.883102
2006-06-19,33.713402
2006-06-20,33.915951
2006-06-21,34.353840
2006-06-22,34.173199
2006-06-23,34.074684
2006-06-26,34.342899
2006-06-27,33.707935
2006-06-28,34.091087
2006-06-29,35.350086
2006-06-30,35.793472
2006-07-03,35.979584
2006-07-05,35.295341
2006-07-06,35.667568
2006-07-07,35.503357
2006-07-10,35.798935
2006-07-11,35.897465
2006-07-12,35.224182
2006-07-13,34.605644
2006-07-14,34.310055
2006-07-17,33.828358
2006-07-18,33.773628
2006-07-19,34.605644
2006-07-20,34.419529
2006-07-21,34.419529
2006-07-24,35.043541
2006-07-25,35.032604
2006-07-26,35.278931
2006-07-27,35.497894
2006-07-28,36.209488
2006-07-31,36.083584
2006-08-01,35.831779
2006-08-02,36.225891
2006-08-03,36.165688
2006-08-04,36.193062
2006-08-07,35.968632
2006-08-08,35.842731
2006-08-09,36.017891
2006-08-10,36.100006
2006-08-11,35.787991
2006-08-14,35.908417
2006-08-15,36.685703
2006-08-16,37.019600
2006-08-17,36.882763
2006-08-18,37.036034
2006-08-21,36.921085
2006-08-22,36.817081
2006-08-23,36.685703
2006-08-24,36.581699
2006-08-25,36.554337
2006-08-28,36.707588
2006-08-29,37.003181
2006-08-30,37.003181
2006-08-31,37.003181
2006-09-01,37.276878
2006-09-05,37.473946
2006-09-06,36.844440
2006-09-07,36.401066
2006-09-08,36.412003
2006-09-11,36.193062
2006-09-12,36.609074
2006-09-13,36.537914
2006-09-14,36.587177
2006-09-15,36.510540
2006-09-18,36.663811
2006-09-19,36.324432
2006-09-20,36.680237
2006-09-21,36.767826
2006-09-22,36.587177
2006-09-25,36.740440
2006-09-26,36.828018
2006-09-27,37.063396
2006-09-28,37.167408
2006-09-29,37.085300
2006-10-02,37.189308
2006-10-03,37.222137
2006-10-04,37.577946
2006-10-05,37.621731
2006-10-06,37.287823
2006-10-09,37.315193
2006-10-10,37.358978
2006-10-11,37.331615
2006-10-12,37.731209
2006-10-13,37.796890
2006-10-16,37.939224
2006-10-17,37.703827
2006-10-18,37.796890
2006-10-19,38.081535
2006-10-20,38.201958
2006-10-23,38.234802
2006-10-24,38.240284
2006-10-25,38.508492
2006-10-26,38.804081
2006-10-27,38.535866
2006-10-30,38.453754
2006-10-31,38.475655
2006-11-01,38.409969
2006-11-02,38.552277
2006-11-03,38.404495
2006-11-06,38.973763
2006-11-07,39.017559
2006-11-08,39.028511
2006-11-09,38.831463
2006-11-10,38.984715
2006-11-13,38.738388
2006-11-14,39.165359
2006-11-15,39.154415
2006-11-16,39.072296
2006-11-17,38.957348
2006-11-20,38.661747
2006-11-21,38.853340
2006-11-22,39.231052
2006-11-24,39.023029
2006-11-27,38.700073
2006-11-28,39.044949
2006-11-29,39.488300
2006-11-30,39.657993
2006-12-01,39.608738
2006-12-04,39.866016
2006-12-05,40.090443
2006-12-06,40.002869
2006-12-07,40.139698
2006-12-08,40.041168
2006-12-11,40.205379
2006-12-12,40.369591
2006-12-13,40.522858
2006-12-14,40.687084
2006-12-15,40.522858
2006-12-18,40.462662
2006-12-19,40.643295
2006-12-20,40.572144
2006-12-21,40.551453
2006-12-22,40.456432
2006-12-26,40.439659
2006-12-27,40.942726
2006-12-28,40.970657
2006-12-29,40.925941
2007-01-03,41.088039
2007-01-04,40.970657
2007-01-05,40.355827
2007-01-08,40.411713
2007-01-09,40.450848
2007-01-10,40.143429
2007-01-11,40.400517
2007-01-12,40.858875
2007-01-16,40.808563
2007-01-17,40.830929
2007-01-18,40.691189
2007-01-19,41.188652
2007-01-22,40.981850
2007-01-23,41.345154
2007-01-24,41.613449
2007-01-25,40.937126
2007-01-26,41.015385
2007-01-29,41.060081
2007-01-30,41.339569
2007-01-31,41.496071
2007-02-01,41.842617
2007-02-02,41.758770
2007-02-05,41.624626
2007-02-06,41.948814
2007-02-07,42.066193
2007-02-08,41.898510
2007-02-09,41.719639
2007-02-12,41.557552
2007-02-13,42.088554
2007-02-14,42.658665
2007-02-15,42.708981
2007-02-16,42.692211
2007-02-20,42.753693
2007-02-21,42.535702
2007-02-22,42.725750
2007-02-23,42.859901
2007-02-26,42.882252
2007-02-27,41.155106
2007-02-28,41.445763
2007-03-01,41.020966
2007-03-02,40.467613
2007-03-05,39.629192
2007-03-06,40.858875
2007-03-07,40.870056
2007-03-08,41.350758
2007-03-09,41.417820
2007-03-12,41.686104
2007-03-13,40.691189
2007-03-14,40.707958
2007-03-15,40.892414
2007-03-16,40.942726
2007-03-19,41.574322
2007-03-20,41.926472
2007-03-21,42.820770
2007-03-22,42.658665
2007-03-23,42.759289
2007-03-26,42.776047
2007-03-27,42.586021
2007-03-28,42.211517
2007-03-29,42.580406
2007-03-30,42.647499
2007-04-02,42.759289
2007-04-03,43.117004
2007-04-04,43.295872
2007-04-05,43.452385
2007-04-09,43.418839
2007-04-10,43.743027
2007-04-11,43.530632
2007-04-12,43.821281
2007-04-13,43.966614
2007-04-16,44.430519
2007-04-17,44.436108
2007-04-18,44.419353
2007-04-19,44.251663
2007-04-20,44.760300
2007-04-23,44.324322
2007-04-24,44.296394
2007-04-25,44.710003
2007-04-26,44.503197
2007-04-27,44.408169
2007-04-30,44.246086
2007-05-01,44.201366
2007-05-02,44.536720
2007-05-03,44.598206
2007-05-04,45.017429
2007-05-07,45.084499
2007-05-08,44.715599
2007-05-09,44.961517
2007-05-10,44.072803
2007-05-11,44.816196
2007-05-14,44.648506
2007-05-15,44.726768
2007-05-16,44.793827
2007-05-17,44.564682
2007-05-18,44.905647
2007-05-21,44.698833
2007-05-22,44.737938
2007-05-23,44.967125
2007-05-24,44.536720
2007-05-25,44.821804
2007-05-29,44.877686
2007-05-30,45.067730
2007-05-31,45.291317
2007-06-01,45.587543
2007-06-04,45.710506
2007-06-05,45.475754
2007-06-06,44.821804
2007-06-07,44.056038
2007-06-08,44.536720
2007-06-11,44.687641
2007-06-12,43.893932
2007-06-13,44.464069
2007-06-14,44.793827
2007-06-15,45.157166
2007-06-18,45.408688
2007-06-19,45.453407
2007-06-20,44.916801
2007-06-21,45.324837
2007-06-22,44.698833
2007-06-25,44.687641
2007-06-26,44.464069
2007-06-27,44.782669
2007-06-28,44.816196
2007-06-29,45.145981
2007-07-02,45.799931
2007-07-03,46.017944
2007-07-05,45.788769
2007-07-06,46.118549
2007-07-09,46.230320
2007-07-10,45.665791
2007-07-11,46.096180
2007-07-12,46.738979
2007-07-13,46.705429
2007-07-16,46.599247
2007-07-17,46.442730
2007-07-18,46.280636
2007-07-19,46.543339
2007-07-20,46.062656
2007-07-23,46.342140
2007-07-24,45.643440
2007-07-25,45.520462
2007-07-26,44.005726
2007-07-27,43.396488
2007-07-30,44.167828
2007-07-31,44.111927
2007-08-01,44.184612
2007-08-02,44.318748
2007-08-03,43.519451
2007-08-06,43.994556
2007-08-07,44.145485
2007-08-08,44.860924
2007-08-09,43.580944
2007-08-10,42.831936
2007-08-13,42.915775
2007-08-14,42.502174
2007-08-15,41.507244
2007-08-16,41.328388
2007-08-17,41.708477
2007-08-20,41.842617
2007-08-21,41.814663
2007-08-22,42.803997
2007-08-23,42.994038
2007-08-24,43.743027
2007-08-27,43.279114
2007-08-28,42.407158
2007-08-29,43.379704
2007-08-30,43.077881
2007-08-31,43.832447
2007-09-04,44.234909
2007-09-05,43.592102
2007-09-06,43.754204
2007-09-07,43.223217
2007-09-10,43.044338
2007-09-11,43.787731
2007-09-12,43.832447
2007-09-13,44.016907
2007-09-14,43.759796
2007-09-17,43.144958
2007-09-18,44.547905
2007-09-19,44.950352
2007-09-20,44.911224
2007-09-21,45.106850
2007-09-24,45.207474
2007-09-25,45.263363
2007-09-26,45.486927
2007-09-27,46.090591
2007-09-28,46.163254
2007-10-01,46.755726
2007-10-02,46.638374
2007-10-03,46.425957
2007-10-04,46.588051
2007-10-05,47.063152
2007-10-08,46.627186
2007-10-09,47.146999
2007-10-10,47.057564
2007-10-11,47.275558
2007-10-12,47.482357
2007-10-15,47.096703
2007-10-16,46.370060
2007-10-17,46.861938
2007-10-18,46.973736
2007-10-19,45.939686
2007-10-22,45.883789
2007-10-23,46.532158
2007-10-24,46.431553
2007-10-25,46.643948
2007-10-26,47.487965
2007-10-29,47.834499
2007-10-30,47.454426
2007-10-31,48.125156
2007-11-01,47.113472
2007-11-02,47.376190
2007-11-05,46.621593
2007-11-06,47.325874
2007-11-07,46.504204
2007-11-08,46.588051
2007-11-09,45.682568
2007-11-12,44.933582
2007-11-13,46.140907
2007-11-14,46.068260
2007-11-15,45.308071
2007-11-16,45.453407
2007-11-19,44.251663
2007-11-20,45.241005
2007-11-21,44.218132
2007-11-23,45.330421
2007-11-26,44.620564
2007-11-27,45.224239
2007-11-28,46.509808
2007-11-29,46.129719
2007-11-30,46.381252
2007-12-03,46.207977
2007-12-04,45.917336
2007-12-05,46.448322
2007-12-06,46.889889
2007-12-07,46.705429
2007-12-10,47.186131
2007-12-11,45.956467
2007-12-12,46.878719
2007-12-13,45.922928
2007-12-14,44.682049
2007-12-17,43.731853
2007-12-18,44.279613
2007-12-19,43.916294
2007-12-20,44.229305
2007-12-21,44.860924
2007-12-24,45.044346
2007-12-26,45.170467
2007-12-27,44.895309
2007-12-28,45.279385
2007-12-31,44.998505
2008-01-02,44.838009
2008-01-03,44.912510
2008-01-04,43.892147
2008-01-07,43.938026
2008-01-08,43.691528
2008-01-09,44.006813
2008-01-10,43.960949
2008-01-11,43.083904
2008-01-14,43.771778
2008-01-15,42.350170
2008-01-16,41.496067
2008-01-17,40.871243
2008-01-18,41.106258
2008-01-22,39.959816
2008-01-23,39.724785
2008-01-24,41.117741
2008-01-25,40.521564
2008-01-28,40.974426
2008-01-29,41.220921
2008-01-30,41.031757
2008-01-31,41.467392
2008-02-01,42.161015
2008-02-04,41.731083
2008-02-05,39.816513
2008-02-06,39.782112
2008-02-07,39.581482
2008-02-08,39.174484
2008-02-11,39.380844
2008-02-12,40.229221
2008-02-13,40.504368
2008-02-14,40.320942
2008-02-15,40.469986
2008-02-19,40.865505
2008-02-20,40.653412
2008-02-21,40.578899
2008-02-22,41.094818
2008-02-25,41.748276
2008-02-26,42.367382
2008-02-27,42.504948
2008-02-28,42.097950
2008-02-29,41.043217
2008-03-03,41.163593
2008-03-04,40.538784
2008-03-05,41.026009
2008-03-06,40.441319
2008-03-07,39.965546
2008-03-10,39.764912
2008-03-11,41.020290
2008-03-12,41.020290
2008-03-13,41.089066
2008-03-14,40.097385
2008-03-17,39.489761
2008-03-18,40.699276
2008-03-19,39.226086
2008-03-20,39.816513
2008-03-24,40.544498
2008-03-25,41.134933
2008-03-26,41.134933
2008-03-27,41.100533
2008-03-28,41.066139
2008-03-31,41.215172
2008-04-01,42.516411
2008-04-02,42.608131
2008-04-03,42.734241
2008-04-04,42.877537
2008-04-07,43.141228
2008-04-08,42.688396
2008-04-09,42.338711
2008-04-10,42.206875
2008-04-11,41.639366
2008-04-14,41.731083
2008-04-15,42.023434
2008-04-16,43.347591
2008-04-17,42.866070
2008-04-18,43.169895
2008-04-21,43.508099
2008-04-22,43.055237
2008-04-23,43.278812
2008-04-24,42.997925
2008-04-25,43.353325
2008-04-28,43.605545
2008-04-29,43.221474
2008-04-30,43.456501
2008-05-01,43.720177
2008-05-02,43.840572
2008-05-05,43.915085
2008-05-06,44.241837
2008-05-07,43.467968
2008-05-08,43.846302
2008-05-09,43.496632
2008-05-12,43.932289
2008-05-13,43.783257
2008-05-14,43.783257
2008-05-15,44.528439
2008-05-16,45.009975
2008-05-19,44.826519
2008-05-20,44.413811
2008-05-21,43.909348
2008-05-22,44.419537
2008-05-23,43.915085
2008-05-27,43.829109
2008-05-28,43.823380
2008-05-29,43.725925
2008-05-30,43.972412
2008-06-02,43.513844
2008-06-03,43.422123
2008-06-04,43.169895
2008-06-05,43.886429
2008-06-06,42.625324
2008-06-09,42.568001
2008-06-10,41.845741
2008-06-11,41.312626
2008-06-12,41.169327
2008-06-13,41.547661
2008-06-16,41.759739
2008-06-17,41.885853
2008-06-18,41.541920
2008-06-19,41.461674
2008-06-20,40.555965
2008-06-23,40.550236
2008-06-24,40.366810
2008-06-25,40.797855
2008-06-26,39.764034
2008-06-27,39.869171
2008-06-30,40.108643
2008-07-01,39.676422
2008-07-02,39.045612
2008-07-03,39.296768
2008-07-07,38.958004
2008-07-08,39.162430
2008-07-09,38.654282
2008-07-10,38.987217
2008-07-11,38.373932
2008-07-14,38.292160
2008-07-15,37.678883
2008-07-16,38.373932
2008-07-17,38.958004
2008-07-18,39.209156
2008-07-21,39.436951
2008-07-22,39.571297
2008-07-23,39.717308
2008-07-24,38.993057
2008-07-25,39.074821
2008-07-28,38.420658
2008-07-29,38.800293
2008-07-30,39.162430
2008-07-31,38.776943
2008-08-01,38.198708
2008-08-04,37.836567
2008-08-05,38.794468
2008-08-06,38.806152
2008-08-07,38.029316
2008-08-08,38.187023
2008-08-11,38.151978
2008-08-12,37.877464
2008-08-13,37.281715
2008-08-14,37.135685
2008-08-15,36.890366
2008-08-18,36.703461
2008-08-19,36.288773
2008-08-20,36.504883
2008-08-21,36.650906
2008-08-22,36.820278
2008-08-25,36.242046
2008-08-26,36.423111
2008-08-27,36.767708
2008-08-28,37.240814
2008-08-29,37.129848
2008-09-02,36.557449
2008-09-03,36.405586
2008-09-04,34.846092
2008-09-05,34.717594
2008-09-08,35.494411
2008-09-09,34.343788
2008-09-10,34.676704
2008-09-11,34.600788
2008-09-12,35.278324
2008-09-15,33.777225
2008-09-16,33.526081
2008-09-17,32.246952
2008-09-18,33.712990
2008-09-19,36.101871
2008-09-22,34.869450
2008-09-23,34.378838
2008-09-24,34.478123
2008-09-25,35.272472
2008-09-26,34.898663
2008-09-29,31.002867
2008-09-30,32.883602
2008-10-01,32.638271
2008-10-02,31.213121
2008-10-03,31.090473
2008-10-06,29.332392
2008-10-07,27.959816
2008-10-08,27.334852
2008-10-09,25.699440
2008-10-10,24.741547
2008-10-13,28.672400
2008-10-14,28.082466
2008-10-15,25.086153
2008-10-16,26.563869
2008-10-17,25.997314
2008-10-20,27.656096
2008-10-21,26.096609
2008-10-22,24.192518
2008-10-23,24.724028
2008-10-24,23.123652
2008-10-27,21.908768
2008-10-28,24.928444
2008-10-29,24.986858
2008-10-30,25.862976
2008-10-31,26.032352
2008-11-03,26.137487
2008-11-04,27.930616
2008-11-05,26.412006
2008-11-06,24.706505
2008-11-07,26.102453
2008-11-10,25.711111
2008-11-11,24.864193
2008-11-12,23.526667
2008-11-13,25.530048
2008-11-14,24.064014
2008-11-17,23.625967
2008-11-18,23.666843
2008-11-19,22.083994
2008-11-20,20.869110
2008-11-21,22.352661
2008-11-24,23.690203
2008-11-25,24.122425
2008-11-26,24.385269
2008-11-28,24.373573
2008-12-01,22.381878
2008-12-02,23.596760
2008-12-03,23.912159
2008-12-04,23.176218
2008-12-05,23.468258
2008-12-08,24.583843
2008-12-09,24.356050
2008-12-10,24.998541
2008-12-11,24.887562
2008-12-12,25.132877
2008-12-15,25.197132
2008-12-16,26.645636
2008-12-17,26.511301
2008-12-18,25.699440
2008-12-19,25.325624
2008-12-22,25.150408
2008-12-23,24.961706
2008-12-24,25.292948
2008-12-26,25.411249
2008-12-29,25.417168
2008-12-30,26.180218
2008-12-31,26.535133
2009-01-02,26.878202
2009-01-05,26.446402
2009-01-06,26.730330
2009-01-07,26.268942
2009-01-08,26.659340
2009-01-09,25.736588
2009-01-12,25.115499
2009-01-13,24.654129
2009-01-14,23.642639
2009-01-15,23.855589
2009-01-16,23.997551
2009-01-20,22.240763
2009-01-21,23.329144
2009-01-22,22.784958
2009-01-23,22.625244
2009-01-26,23.068878
2009-01-27,23.518425
2009-01-28,24.210493
2009-01-29,23.110287
2009-01-30,22.891432
2009-02-02,22.666658
2009-02-03,23.317312
2009-02-04,23.199015
2009-02-05,23.530256
2009-02-06,24.074444
2009-02-09,24.068523
2009-02-10,22.873682
2009-02-11,23.122110
2009-02-12,23.051138
2009-02-13,22.802698
2009-02-17,21.590109
2009-02-18,21.572359
2009-02-19,21.542784
2009-02-20,21.229279
2009-02-23,20.418915
2009-02-24,21.270691
2009-02-25,20.685099
2009-02-26,20.513559
2009-02-27,20.513559
2009-03-02,19.336460
2009-03-03,19.259563
2009-03-04,20.117245
2009-03-05,19.306875
2009-03-06,19.271385
2009-03-09,18.750856
2009-03-10,20.010773
2009-03-11,20.123161
2009-03-12,20.578625
2009-03-13,20.714668
2009-03-16,20.939442
2009-03-17,21.489550
2009-03-18,22.104715
2009-03-19,22.092884
2009-03-20,21.785305
2009-03-23,23.352802
2009-03-24,22.619335
2009-03-25,22.968321
2009-03-26,23.275909
2009-03-27,22.530603
2009-03-30,21.672920
2009-03-31,22.234858
2009-04-01,22.814531
2009-04-02,23.843758
2009-04-03,23.979805
2009-04-06,23.482941
2009-04-07,22.991983
2009-04-08,23.222679
2009-04-09,23.843758
2009-04-13,24.080359
2009-04-14,23.849678
2009-04-15,24.163166
2009-04-16,24.316969
2009-04-17,24.234152
2009-04-20,23.240416
2009-04-21,23.772774
2009-04-22,23.583492
2009-04-23,24.174999
2009-04-24,24.547657
2009-04-27,24.257807
2009-04-28,24.027122
2009-04-29,24.642290
2009-04-30,24.796087
2009-05-01,25.085926
2009-05-04,26.126986
2009-05-05,25.866718
2009-05-06,26.493723
2009-05-07,26.050089
2009-05-08,27.179874
2009-05-11,26.487806
2009-05-12,26.771727
2009-05-13,25.860811
2009-05-14,26.115149
2009-05-15,25.878540
2009-05-18,26.866367
2009-05-19,27.108892
2009-05-20,27.286345
2009-05-21,27.079315
2009-05-22,27.233107
2009-05-26,27.777300
2009-05-27,27.239025
2009-05-28,27.517027
2009-05-29,28.067142
2009-06-01,28.759193
2009-06-02,29.007633
2009-06-03,28.144022
2009-06-04,28.321486
2009-06-05,27.972492
2009-06-08,27.913342
2009-06-09,28.256420
2009-06-10,28.309650
2009-06-11,28.794695
2009-06-12,28.646824
2009-06-15,27.617598
2009-06-16,27.298174
2009-06-17,27.375063
2009-06-18,27.327744
2009-06-19,27.759550
2009-06-22,26.866367
2009-06-23,27.219755
2009-06-24,27.243916
2009-06-25,27.817793
2009-06-26,27.763428
2009-06-29,27.999008
2009-06-30,27.672815
2009-07-01,28.131912
2009-07-02,27.322453
2009-07-06,27.358692
2009-07-07,26.694204
2009-07-08,26.585472
2009-07-09,26.911680
2009-07-10,26.597555
2009-07-13,27.062704
2009-07-14,27.207678
2009-07-15,28.137957
2009-07-16,28.385632
2009-07-17,28.282932
2009-07-20,28.832645
2009-07-21,29.013868
2009-07-22,29.086357
2009-07-23,29.575663
2009-07-24,29.756886
2009-07-27,29.787090
2009-07-28,29.660231
2009-07-29,29.418596
2009-07-30,29.992477
2009-07-31,30.451571
2009-08-03,31.158342
2009-08-04,31.110018
2009-08-05,30.983164
2009-08-06,30.789858
2009-08-07,30.759653
2009-08-10,30.572395
2009-08-11,30.397211
2009-08-12,30.741531
2009-08-13,31.212706
2009-08-14,30.946922
2009-08-17,29.950186
2009-08-18,30.469687
2009-08-19,30.729448
2009-08-20,30.946922
2009-08-21,31.623489
2009-08-24,31.617456
2009-08-25,31.931564
2009-08-26,31.798672
2009-08-27,32.040302
2009-08-28,32.058422
2009-08-31,31.822824
2009-09-01,31.031487
2009-09-02,30.995247
2009-09-03,31.236883
2009-09-04,31.714094
2009-09-08,32.342342
2009-09-09,32.741035
2009-09-10,33.030991
2009-09-11,32.988716
2009-09-14,33.055153
2009-09-15,33.061192
2009-09-16,33.713596
2009-09-17,33.496124
2009-09-18,33.586739
2009-09-21,33.230331
2009-09-22,33.689449
2009-09-23,33.399467
2009-09-24,32.910172
2009-09-25,32.771248
2009-09-28,33.218258
2009-09-29,33.018909
2009-09-30,33.030991
2009-10-01,32.167160
2009-10-02,31.810751
2009-10-05,32.269848
2009-10-06,32.813522
2009-10-07,32.934338
2009-10-08,33.411556
2009-10-09,33.326984
2009-10-12,33.526340
2009-10-13,33.453835
2009-10-14,34.257263
2009-10-15,34.414326
2009-10-16,33.894817
2009-10-19,34.438488
2009-10-20,34.257263
2009-10-21,34.142490
2009-10-22,34.474743
2009-10-23,33.931068
2009-10-26,33.417603
2009-10-27,33.151814
2009-10-28,32.354416
2009-10-29,33.308861
2009-10-30,32.197357
2009-11-02,32.511486
2009-11-03,32.384628
2009-11-04,32.710823
2009-11-05,33.133690
2009-11-06,33.230331
2009-11-09,34.160622
2009-11-10,33.979397
2009-11-11,34.082088
2009-11-12,33.586739
2009-11-13,34.057922
2009-11-16,34.601597
2009-11-17,34.372040
2009-11-18,34.263317
2009-11-19,33.616943
2009-11-20,33.429684
2009-11-23,34.027714
2009-11-24,33.888775
2009-11-25,34.341835
2009-11-27,33.351158
2009-11-30,33.459888
2009-12-01,34.378086
2009-12-02,34.432449
2009-12-03,34.353924
2009-12-04,34.233109
2009-12-07,34.045845
2009-12-08,33.453835
2009-12-09,33.411556
2009-12-10,33.514259
2009-12-11,33.502174
2009-12-14,33.828362
2009-12-15,33.453835
2009-12-16,33.846481
2009-12-17,33.049107
2009-12-18,33.127640
2009-12-21,33.224293
2009-12-22,33.435207
2009-12-23,33.739994
2009-12-24,33.874104
2009-12-28,34.020401
2009-12-29,34.075260
2009-12-30,33.935062
2009-12-31,33.697319
2010-01-04,34.581211
2010-01-05,34.611687
2010-01-06,34.757988
2010-01-07,34.623875
2010-01-08,34.898178
2010-01-11,35.184689
2010-01-12,34.770172
2010-01-13,35.062775
2010-01-14,35.330986
2010-01-15,34.776276
2010-01-19,35.117638
2010-01-20,34.221573
2010-01-21,33.490070
2010-01-22,32.837822
2010-01-25,33.240135
2010-01-26,33.051174
2010-01-27,33.014603
2010-01-28,32.459888
2010-01-29,31.990507
2010-02-01,32.575710
2010-02-02,33.118225
2010-02-03,32.770760
2010-02-04,31.435804
2010-02-05,31.380939
2010-02-08,30.759169
2010-02-09,31.728394
2010-02-10,31.527245
2010-02-11,31.819830
2010-02-12,31.545519
2010-02-16,32.246540
2010-02-17,32.289211
2010-02-18,32.472084
2010-02-19,32.270905
2010-02-22,32.331882
2010-02-23,31.874687
2010-02-24,32.075855
2010-02-25,31.880791
2010-02-26,32.075855
2010-03-01,32.325783
2010-03-02,32.569607
2010-03-03,32.959743
2010-03-04,32.874393
2010-03-05,33.514446
2010-03-08,33.514446
2010-03-09,33.435207
2010-03-10,33.575417
2010-03-11,33.703407
2010-03-12,33.928970
2010-03-15,33.691227
2010-03-16,34.117928
2010-03-17,34.300804
2010-03-18,34.099640
2010-03-19,33.752186
2010-03-22,33.849720
2010-03-23,34.087452
2010-03-24,33.526642
2010-03-25,33.508347
2010-03-26,33.837532
2010-03-29,34.124023
2010-03-30,34.124023
2010-03-31,34.124023
2010-04-01,34.727505
2010-04-05,34.764072
2010-04-06,34.666546
2010-04-07,34.422722
2010-04-08,34.386147
2010-04-09,34.837223
2010-04-12,34.946957
2010-04-13,34.916477
2010-04-14,35.379757
2010-04-15,35.355366
2010-04-16,34.575127
2010-04-19,34.483669
2010-04-20,34.697018
2010-04-21,34.471485
2010-04-22,34.160610
2010-04-23,34.416618
2010-04-26,34.453197
2010-04-27,33.069469
2010-04-28,33.075554
2010-04-29,33.587597
2010-04-30,33.166988
2010-05-03,33.404728
2010-05-04,32.081951
2010-05-05,31.466274
2010-05-06,30.064253
2010-05-07,29.997198
2010-05-10,31.941755
2010-05-11,31.423601
2010-05-12,31.777166
2010-05-13,31.362659
2010-05-14,30.472672
2010-05-17,30.515341
2010-05-18,29.857002
2010-05-19,29.972818
2010-05-20,28.930449
2010-05-21,29.637550
2010-05-24,28.954826
2010-05-25,28.845102
2010-05-26,28.418400
2010-05-27,30.033781
2010-05-28,29.454681
2010-06-01,29.162079
2010-06-02,29.942343
2010-06-03,29.850906
2010-06-04,28.576895
2010-06-07,28.217232
2010-06-08,28.668327
2010-06-09,28.564697
2010-06-10,29.771660
2010-06-11,29.814335
2010-06-14,30.003305
2010-06-15,30.954239
2010-06-16,30.807936
2010-06-17,30.905464
2010-06-18,30.850609
2010-06-21,30.844513
2010-06-22,30.454376
2010-06-23,30.658443
2010-06-24,30.125042
2010-06-25,30.298702
2010-06-28,30.075413
2010-06-29,29.045824
2010-06-30,28.847340
2010-07-01,29.269104
2010-07-02,29.207073
2010-07-06,29.790110
2010-07-07,30.720472
2010-07-08,31.018183
2010-07-09,31.049192
2010-07-12,30.931347
2010-07-13,31.501976
2010-07-14,31.613611
2010-07-15,31.768669
2010-07-16,30.751480
2010-07-19,30.949947
2010-07-20,31.160831
2010-07-21,30.596422
2010-07-22,31.626017
2010-07-23,31.998161
2010-07-26,32.221451
2010-07-27,32.314491
2010-07-28,32.147018
2010-07-29,32.295876
2010-07-30,32.196632
2010-08-02,33.282059
2010-08-03,33.232437
2010-08-04,33.263451
2010-08-05,33.238632
2010-08-06,33.337879
2010-08-09,33.375092
2010-08-10,33.108398
2010-08-11,31.601204
2010-08-12,31.563993
2010-08-13,31.452353
2010-08-16,31.706652
2010-08-17,32.060181
2010-08-18,32.047775
2010-08-19,31.532970
2010-08-20,31.204254
2010-08-23,31.142231
2010-08-24,30.714266
2010-08-25,30.745272
2010-08-26,30.732870
2010-08-27,31.334509
2010-08-30,30.881729
2010-08-31,30.974762
2010-09-01,32.078796
2010-09-02,32.258656
2010-09-03,32.556377
2010-09-07,32.103588
2010-09-08,32.351688
2010-09-09,32.655613
2010-09-10,32.754856
2010-09-13,33.350285
2010-09-14,33.573566
2010-09-15,33.585976
2010-09-16,33.424706
2010-09-17,33.263451
2010-09-20,33.840279
2010-09-21,33.834064
2010-09-22,33.784458
2010-09-23,33.418507
2010-09-24,34.348866
2010-09-27,34.175201
2010-09-28,34.373672
2010-09-29,34.317852
2010-09-30,34.063564
2010-10-01,34.404690
2010-10-04,33.908497
2010-10-05,34.869862
2010-10-06,35.161381
2010-10-07,35.043533
2010-10-08,35.273022
2010-10-11,35.229603
2010-10-12,35.155174
2010-10-13,35.552135
2010-10-14,35.800224
2010-10-15,35.682388
2010-10-18,35.763008
2010-10-19,34.975311
2010-10-20,35.632759
2010-10-21,35.440495
2010-10-22,35.533531
2010-10-25,35.669975
2010-10-26,35.440495
2010-10-27,35.099369
2010-10-28,35.372257
2010-10-29,35.359852
2010-11-01,35.229603
2010-11-02,35.812634
2010-11-03,36.060734
2010-11-04,36.879456
2010-11-05,36.718170
2010-11-08,36.494892
2010-11-09,36.128960
2010-11-10,36.234390
2010-11-11,35.924271
2010-11-12,35.626556
2010-11-15,35.601753
2010-11-16,34.764427
2010-11-17,34.956703
2010-11-18,35.831238
2010-11-19,35.831238
2010-11-22,35.446686
2010-11-23,34.379875
2010-11-24,34.925694
2010-11-26,34.342663
2010-11-29,34.038750
2010-11-30,33.654198
2010-12-01,34.609364
2010-12-02,35.266811
2010-12-03,35.607952
2010-12-06,35.446686
2010-12-07,35.465290
2010-12-08,35.570736
2010-12-09,35.663776
2010-12-10,35.744404
2010-12-13,36.128960
2010-12-14,36.184788
2010-12-15,35.707188
2010-12-16,35.905674
2010-12-17,35.707188
2010-12-20,35.787823
2010-12-21,36.087082
2010-12-22,36.155952
2010-12-23,36.137173
2010-12-27,36.062046
2010-12-28,36.093349
2010-12-29,36.406387
2010-12-30,36.231079
2010-12-31,36.450211
2011-01-03,36.750729
2011-01-04,36.638046
2011-01-05,36.481525
2011-01-06,36.062046
2011-01-07,35.918049
2011-01-10,35.855438
2011-01-11,36.099606
2011-01-12,36.894718
2011-01-13,36.994896
2011-01-14,37.220287
2011-01-18,37.464455
2011-01-19,37.207764
2011-01-20,36.888458
2011-01-21,37.088818
2011-01-24,37.483242
2011-01-25,37.408112
2011-01-26,37.646023
2011-01-27,37.733669
2011-01-28,36.894718
2011-01-31,37.214020
2011-02-01,38.096802
2011-02-02,38.065495
2011-02-03,38.071751
2011-02-04,38.059223
2011-02-07,38.178177
2011-02-08,38.428623
2011-02-09,38.315929
2011-02-10,38.065495
2011-02-11,38.084274
2011-02-14,38.159401
2011-02-15,38.046707
2011-02-16,38.503742
2011-02-17,38.635216
2011-02-18,38.766693
2011-02-22,37.658543
2011-02-23,37.708637
2011-02-24,37.739925
2011-02-25,38.190708
2011-02-28,38.535046
2011-03-01,37.996620
2011-03-02,38.196968
2011-03-03,38.685299
2011-03-04,38.334705
2011-03-07,37.965321
2011-03-08,38.084274
2011-03-09,38.096802
2011-03-10,37.151417
2011-03-11,37.151417
2011-03-14,36.487778
2011-03-15,35.723965
2011-03-16,34.615795
2011-03-17,35.767788
2011-03-18,36.262383
2011-03-21,37.157673
2011-03-22,37.051250
2011-03-23,37.095070
2011-03-24,37.589676
2011-03-25,37.176460
2011-03-28,37.157673
2011-03-29,37.351757
2011-03-30,37.796280
2011-03-31,37.614716
2011-04-01,37.971577
2011-04-04,38.021664
2011-04-05,37.927750
2011-04-06,38.240795
2011-04-07,38.052975
2011-04-08,38.366001
2011-04-11,38.290878
2011-04-12,37.934010
2011-04-13,38.046707
2011-04-14,38.215755
2011-04-15,38.159401
2011-04-18,37.376808
2011-04-19,37.652275
2011-04-20,38.610184
2011-04-21,38.860615
2011-04-25,38.860615
2011-04-26,39.161121
2011-04-27,39.649464
2011-04-28,39.918678
2011-04-29,39.730850
2011-05-02,39.987560
2011-05-03,39.661983
2011-05-04,39.323906
2011-05-05,38.547585
2011-05-06,38.566353
2011-05-09,38.841835
2011-05-10,39.211212
2011-05-11,38.422356
2011-05-12,38.547585
2011-05-13,37.946537
2011-05-16,37.877678
2011-05-17,37.959064
2011-05-18,38.190708
2011-05-19,38.409828
2011-05-20,37.865147
2011-05-23,36.988644
2011-05-24,37.201500
2011-05-25,37.439407
2011-05-26,37.790016
2011-05-27,38.065495
2011-05-31,38.854347
2011-06-01,37.934010
2011-06-02,38.128105
2011-06-03,38.146889
2011-06-06,37.652275
2011-06-07,37.996620
2011-06-08,37.508286
2011-06-09,37.896450
2011-06-10,37.019943
2011-06-13,37.076286
2011-06-14,37.733669
2011-06-15,36.494038
2011-06-16,36.368820
2011-06-17,36.725689
2011-06-20,36.681858
2011-06-21,37.476982
2011-06-22,37.113819
2011-06-23,36.794701
2011-06-24,36.443665
2011-06-27,36.743633
2011-06-28,37.184021
2011-06-29,37.835030
2011-06-30,38.383911
2011-07-01,38.805161
2011-07-05,38.575390
2011-07-06,38.332859
2011-07-07,38.664745
2011-07-08,38.186062
2011-07-11,37.030846
2011-07-12,36.781933
2011-07-13,37.330818
2011-07-14,37.005325
2011-07-15,37.132965
2011-07-18,36.584076
2011-07-19,37.132965
2011-07-20,37.573345
2011-07-21,38.371143
2011-07-22,38.409439
2011-07-25,38.166912
2011-07-26,38.396687
2011-07-27,37.464851
2011-07-28,37.375500
2011-07-29,37.471233
2011-08-01,36.998943
2011-08-02,36.022427
2011-08-03,36.233036
2011-08-04,33.705612
2011-08-05,34.299171
2011-08-08,31.739813
2011-08-09,33.877934
2011-08-10,31.854694
2011-08-11,33.380096
2011-08-12,33.763050
2011-08-15,34.548077
2011-08-16,34.043869
2011-08-17,34.241722
2011-08-18,32.575916
2011-08-19,32.020638
2011-08-22,32.224888
2011-08-23,33.271599
2011-08-24,33.284359
2011-08-25,32.480179
2011-08-26,32.990768
2011-08-29,33.775810
2011-08-30,33.577953
2011-08-31,34.190666
2011-09-01,33.769432
2011-09-02,33.016289
2011-09-06,31.931286
2011-09-07,32.882267
2011-09-08,32.231262
2011-09-09,31.114336
2011-09-12,30.980310
2011-09-13,31.312191
2011-09-14,31.784492
2011-09-15,32.473793
2011-09-16,32.486561
2011-09-19,31.593019
2011-09-20,31.720661
2011-09-21,30.776072
2011-09-22,29.780413
2011-09-23,30.118681
2011-09-26,30.737776
2011-09-27,31.497282
2011-09-28,30.961149
2011-09-29,31.567492
2011-09-30,30.495235
2011-10-03,29.691053
2011-10-04,30.188890
2011-10-05,30.654806
2011-10-06,31.478130
2011-10-07,31.261133
2011-10-10,32.454643
2011-10-11,32.397205
2011-10-12,32.869503
2011-10-13,32.882267
2011-10-14,33.265221
2011-10-17,32.499325
2011-10-18,32.965233
2011-10-19,32.371681
2011-10-20,32.454643
2011-10-21,33.239689
2011-10-24,33.737507
2011-10-25,33.156715
2011-10-26,33.609852
2011-10-27,35.467144
2011-10-28,35.262913
2011-10-31,33.431160
2011-11-01,32.384438
2011-11-02,32.658882
2011-11-03,33.482216
2011-11-04,33.060974
2011-11-07,33.201389
2011-11-08,33.603485
2011-11-09,31.880224
2011-11-10,32.256790
2011-11-11,33.060974
2011-11-14,32.473793
2011-11-15,32.384438
2011-11-16,31.765343
2011-11-17,31.420691
2011-11-18,31.529192
2011-11-21,30.731394
2011-11-22,30.642040
2011-11-23,29.799551
2011-11-25,29.646383
2011-11-28,30.910107
2011-11-29,31.114336
2011-11-30,32.703571
2011-12-01,32.422729
2011-12-02,32.416359
2011-12-05,32.786541
2011-12-06,32.633354
2011-12-07,32.863117
2011-12-08,31.784492
2011-12-09,32.575916
2011-12-12,31.624929
2011-12-13,31.197302
2011-12-14,30.827124
2011-12-15,30.980310
2011-12-16,30.852642
2011-12-19,30.565447
2011-12-20,31.643484
2011-12-21,31.475544
2011-12-22,31.759745
2011-12-23,31.979359
2011-12-27,31.837263
2011-12-28,31.262398
2011-12-29,31.837263
2011-12-30,31.992285
2012-01-03,32.864269
2012-01-04,32.670494
2012-01-05,32.186054
2012-01-06,31.746824
2012-01-09,31.869549
2012-01-10,32.354000
2012-01-11,32.250648
2012-01-12,32.386288
2012-01-13,32.037491
2012-01-17,32.418583
2012-01-18,32.961159
2012-01-19,33.368088
2012-01-20,33.542484
2012-01-23,33.671665
2012-01-24,33.484352
2012-01-25,33.833145
2012-01-26,33.846058
2012-01-27,33.904198
2012-01-30,33.503731
2012-01-31,33.678116
2012-02-01,34.207775
2012-02-02,34.278828
2012-02-03,34.814949
2012-02-06,34.646996
2012-02-07,34.860153
2012-02-08,34.982876
2012-02-09,35.073311
2012-02-10,34.408012
2012-02-13,34.802021
2012-02-14,34.543655
2012-02-15,34.582413
2012-02-16,35.060387
2012-02-17,35.215412
2012-02-21,35.221863
2012-02-22,35.118523
2012-02-23,35.409176
2012-02-24,35.622337
2012-02-27,35.441471
2012-02-28,35.770889
2012-02-29,35.305836
2012-03-01,35.706299
2012-03-02,35.376884
2012-03-05,35.189564
2012-03-06,34.065681
2012-03-07,34.485508
2012-03-08,35.228333
2012-03-09,35.112064
2012-03-12,35.021629
2012-03-13,35.590038
2012-03-14,35.273552
2012-03-15,35.609425
2012-03-16,35.854874
2012-03-19,36.042183
2012-03-20,35.615875
2012-03-21,35.383339
2012-03-22,35.137894
2012-03-23,35.383339
2012-03-26,35.835487
2012-03-27,35.609425
2012-03-28,35.363972
2012-03-29,35.137894
2012-03-30,35.454391
2012-04-02,35.867783
2012-04-03,35.241245
2012-04-04,34.453224
2012-04-05,34.246532
2012-04-09,34.097958
2012-04-10,33.368088
2012-04-11,33.833145
2012-04-12,34.453224
2012-04-13,33.794376
2012-04-16,34.039833
2012-04-17,34.582413
2012-04-18,34.401546
2012-04-19,34.194847
2012-04-20,34.524277
2012-04-23,33.833145
2012-04-24,34.104431
2012-04-25,34.569496
2012-04-26,34.776184
2012-04-27,34.918282
2012-04-30,34.718056
2012-05-01,34.860153
2012-05-02,34.588871
2012-05-03,34.285290
2012-05-04,33.762096
2012-05-07,34.007545
2012-05-08,33.484352
2012-05-09,33.096806
2012-05-10,33.251823
2012-05-11,33.045132
2012-05-14,32.412132
2012-05-15,32.005199
2012-05-16,31.688698
2012-05-17,31.301147
2012-05-18,31.075077
2012-05-21,31.759745
2012-05-22,31.643484
2012-05-23,31.385117
2012-05-24,31.178431
2012-05-25,31.068611
2012-05-29,31.462631
2012-05-30,30.719824
2012-05-31,30.849010
2012-06-01,30.067448
2012-06-04,30.319355
2012-06-05,30.538963
2012-06-06,31.391575
2012-06-07,31.436790
2012-06-08,31.333433
2012-06-11,31.029871
2012-06-12,31.546597
2012-06-13,31.294687
2012-06-14,31.527214
2012-06-15,31.972900
2012-06-18,31.882473
2012-06-19,32.412132
2012-06-20,32.599442
2012-06-21,31.746132
2012-06-22,32.017128
2012-06-25,31.303286
2012-06-26,31.508196
2012-06-27,31.805622
2012-06-28,31.871712
2012-06-29,33.021797
2012-07-02,33.239918
2012-07-03,33.543957
2012-07-05,32.988743
2012-07-06,32.678089
2012-07-09,32.605396
2012-07-10,32.387272
2012-07-11,32.486420
2012-07-12,32.162548
2012-07-13,32.618607
2012-07-16,32.612007
2012-07-17,32.704536
2012-07-18,32.962315
2012-07-19,33.266354
2012-07-20,32.486420
2012-07-23,31.818842
2012-07-24,31.475145
2012-07-25,31.640387
2012-07-26,32.605396
2012-07-27,33.292809
2012-07-30,33.253147
2012-07-31,33.048229
2012-08-01,33.054852
2012-08-02,32.592171
2012-08-03,33.702591
2012-08-06,33.940533
2012-08-07,34.224751
2012-08-08,34.204918
2012-08-09,34.224751
2012-08-10,34.284248
2012-08-13,34.118988
2012-08-14,34.198315
2012-08-15,34.099174
2012-08-16,34.522182
2012-08-17,34.568455
2012-08-20,34.528793
2012-08-21,34.727089
2012-08-22,34.687424
2012-08-23,34.489136
2012-08-24,34.436272
2012-08-27,34.456097
2012-08-28,34.423042
2012-08-29,34.317291
2012-08-30,33.808350
2012-08-31,34.105782
2012-09-04,33.933929
2012-09-05,33.841385
2012-09-06,34.680824
2012-09-07,35.202984
2012-09-10,34.925381
2012-09-11,35.321949
2012-09-12,35.553295
2012-09-13,36.095291
2012-09-14,36.452202
2012-09-17,36.260529
2012-09-18,36.108513
2012-09-19,36.260529
2012-09-20,36.029182
2012-09-21,36.049019
2012-09-24,35.923443
2012-09-25,35.672256
2012-09-26,35.315342
2012-09-27,35.738361
2012-09-28,35.031128
2012-10-01,35.315342
2012-10-02,35.454144
2012-10-03,35.308739
2012-10-04,35.738361
2012-10-05,35.784630
2012-10-08,35.573124
2012-10-09,35.057575
2012-10-10,34.958420
2012-10-11,35.183155
2012-10-12,35.143490
2012-10-15,35.487198
2012-10-16,36.075466
2012-10-17,36.412548
2012-10-18,36.273735
2012-10-19,35.784630
2012-10-22,36.035797
2012-10-23,35.262466
2012-10-24,35.282299
2012-10-25,35.493813
2012-10-26,35.440926
2012-10-31,35.414486
2012-11-01,35.830898
2012-11-02,35.487198
2012-11-05,35.401272
2012-11-06,35.738361
2012-11-07,35.202984
2012-11-08,34.885715
2012-11-09,34.898937
2012-11-12,34.872494
2012-11-13,34.700649
2012-11-14,34.337120
2012-11-15,34.449482
2012-11-16,34.429657
2012-11-19,35.176537
2012-11-20,35.229420
2012-11-21,35.288910
2012-11-23,36.049019
2012-11-26,35.963089
2012-11-27,35.784630
2012-11-28,36.042408
2012-11-29,36.353062
2012-11-30,36.399330
2012-12-03,36.445587
2012-12-04,36.538124
2012-12-05,36.590996
2012-12-06,36.663712
2012-12-07,36.676941
2012-12-10,36.716591
2012-12-11,36.928101
2012-12-12,37.047073
2012-12-13,36.934704
2012-12-14,37.066906
2012-12-17,37.218914
2012-12-18,37.606491
2012-12-19,37.740128
2012-12-20,37.994045
2012-12-21,37.760166
2012-12-24,37.659946
2012-12-26,37.653252
2012-12-27,37.826988
2012-12-28,37.426071
2012-12-31,37.994045
2013-01-02,38.582066
2013-01-03,38.207863
2013-01-04,38.401646
2013-01-07,38.234596
2013-01-08,38.020763
2013-01-09,38.214539
2013-01-10,38.702335
2013-01-11,38.782516
2013-01-14,38.829304
2013-01-15,38.769150
2013-01-16,38.582066
2013-01-17,38.896122
2013-01-18,38.856030
2013-01-22,38.876064
2013-01-23,38.835968
2013-01-24,39.023064
2013-01-25,39.444035
2013-01-28,39.250256
2013-01-29,39.517544
2013-01-30,39.557640
2013-01-31,39.410622
2013-02-01,39.724689
2013-02-04,39.009705
2013-02-05,39.190136
2013-02-06,39.183453
2013-02-07,38.862709
2013-02-08,39.109943
2013-02-11,39.069843
2013-02-12,39.263626
2013-02-13,39.357170
2013-02-14,39.143349
2013-02-15,39.043129
2013-02-19,39.504177
2013-02-20,39.116627
2013-02-21,38.528603
2013-02-22,39.083218
2013-02-25,38.147732
2013-02-26,38.455097
2013-02-27,38.942879
2013-02-28,38.902802
2013-03-01,38.822609
2013-03-04,38.989666
2013-03-05,39.377220
2013-03-06,39.477444
2013-03-07,39.591053
2013-03-08,39.677910
2013-03-11,39.798191
2013-03-12,39.597729
2013-03-13,39.537594
2013-03-14,39.925148
2013-03-15,40.005333
2013-03-18,39.564304
2013-03-19,39.444035
2013-03-20,39.684589
2013-03-21,39.323765
2013-03-22,39.664539
2013-03-25,39.170078
2013-03-26,39.417320
2013-03-27,39.223537
2013-03-28,39.410622
2013-04-01,38.882748
2013-04-02,39.297039
2013-04-03,39.103264
2013-04-04,39.450726
2013-04-05,39.270309
2013-04-08,39.423985
2013-04-09,39.564304
2013-04-10,40.152332
2013-04-11,40.466381
2013-04-12,40.366158
2013-04-15,39.571003
2013-04-16,40.132298
2013-04-17,39.297039
2013-04-18,39.176762
2013-04-19,39.490814
2013-04-22,39.657867
2013-04-23,40.219162
2013-04-24,40.566620
2013-04-25,40.780437
2013-04-26,40.813866
2013-04-29,41.335060
2013-04-30,41.388515
2013-05-01,41.141270
2013-05-02,41.268238
2013-05-03,41.796120
2013-05-06,41.742661
2013-05-07,41.809483
2013-05-08,42.250488
2013-05-09,41.842888
2013-05-10,41.889671
2013-05-13,41.869621
2013-05-14,41.949802
2013-05-15,42.130222
2013-05-16,41.842888
2013-05-17,42.130222
2013-05-20,42.364086
2013-05-21,42.450951
2013-05-22,42.023315
2013-05-23,41.421928
2013-05-24,41.061085
2013-05-28,41.168007
2013-05-29,40.773769
2013-05-30,40.934132
2013-05-31,40.138973
2013-06-03,40.292656
2013-06-04,40.439667
2013-06-05,39.537594
2013-06-06,39.758091
2013-06-07,40.292656
2013-06-10,40.332748
2013-06-11,39.838272
2013-06-12,39.791496
2013-06-13,40.399570
2013-06-14,39.958561
2013-06-17,40.533218
2013-06-18,40.820545
2013-06-19,40.058781
2013-06-20,38.588737
2013-06-21,38.715694
2013-06-24,38.107628
2013-06-25,38.595425
2013-06-26,38.749115
2013-06-27,39.139072
2013-06-28,39.064087
2013-07-01,39.432224
2013-07-02,39.234516
2013-07-03,39.248138
2013-07-05,39.432224
2013-07-08,39.677647
2013-07-09,39.895805
2013-07-10,40.011700
2013-07-11,41.047958
2013-07-12,40.775265
2013-07-15,41.027500
2013-07-16,41.000240
2013-07-17,41.122955
2013-07-18,41.395649
2013-07-19,41.361561
2013-07-22,41.593361
2013-07-23,41.681992
2013-07-24,41.627445
2013-07-25,41.709251
2013-07-26,41.450188
2013-07-29,41.054775
2013-07-30,41.047958
2013-07-31,41.143394
2013-08-01,41.702438
2013-08-02,42.043312
2013-08-05,41.954685
2013-08-06,41.893322
2013-08-07,41.709251
2013-08-08,42.084213
2013-08-09,42.159203
2013-08-12,42.043312
2013-08-13,42.315994
2013-08-14,42.336468
2013-08-15,41.981956
2013-08-16,42.056950
2013-08-19,41.756973
2013-08-20,41.702438
2013-08-21,41.211578
2013-08-22,41.613815
2013-08-23,41.975128
2013-08-26,41.668343
2013-08-27,40.959335
2013-08-28,40.911606
2013-08-29,40.843433
2013-08-30,40.338947
2013-09-03,41.116135
2013-09-04,41.484276
2013-09-05,41.450188
2013-09-06,41.675171
2013-09-09,42.247833
2013-09-10,42.725060
2013-09-11,42.875042
2013-09-12,42.629612
2013-09-13,42.834126
2013-09-16,43.168190
2013-09-17,43.195465
2013-09-18,44.347618
2013-09-19,44.136265
2013-09-20,43.815853
2013-09-23,43.802219
2013-09-24,43.734035
2013-09-25,43.781765
2013-09-26,43.965832
2013-09-27,43.809044
2013-09-30,43.495430
2013-10-01,43.727226
2013-10-02,43.713589
2013-10-03,43.427254
2013-10-04,43.529507
2013-10-07,43.079563
2013-10-08,42.745510
2013-10-09,42.929581
2013-10-10,43.699955
2013-10-11,43.931755
2013-10-14,44.081734
2013-10-15,43.870392
2013-10-16,44.197636
2013-10-17,44.783936
2013-10-18,45.049816
2013-10-21,45.117985
2013-10-22,45.567947
2013-10-23,45.124802
2013-10-24,45.438404
2013-10-25,45.308876
2013-10-28,45.233879
2013-10-29,45.329327
2013-10-30,45.165710
2013-10-31,44.913467
2013-11-01,44.695290
2013-11-04,44.913467
2013-11-05,44.524868
2013-11-06,44.913467
2013-11-07,44.204437
2013-11-08,44.463509
2013-11-11,44.558956
2013-11-12,44.408970
2013-11-13,44.552135
2013-11-14,44.756660
2013-11-15,45.117985
2013-11-18,45.117985
2013-11-19,45.002090
2013-11-20,44.688484
2013-11-21,44.968006
2013-11-22,45.097538
2013-11-25,44.961182
2013-11-26,44.961182
2013-11-27,45.070271
2013-11-29,45.158890
2013-12-02,44.824833
2013-12-03,44.511230
2013-12-04,44.272621
2013-12-05,44.020378
2013-12-06,44.565769
2013-12-09,44.518047
2013-12-10,44.443062
2013-12-11,44.027195
2013-12-12,43.706768
2013-12-13,43.679504
2013-12-16,43.993107
2013-12-17,43.802219
2013-12-18,44.491249
2013-12-19,44.491249
2013-12-20,44.745678
2013-12-23,45.206402
2013-12-24,45.295807
2013-12-26,45.543350
2013-12-27,45.777157
2013-12-30,45.969692
2013-12-31,46.141613
2014-01-02,45.323315
2014-01-03,45.371449
2014-01-06,45.316425
2014-01-07,45.570858
2014-01-08,45.557114
2014-01-09,45.522717
2014-01-10,45.942196
2014-01-13,45.543350
2014-01-14,45.907810
2014-01-15,46.100357
2014-01-16,46.079727
2014-01-17,45.942196
2014-01-21,46.162239
2014-01-22,46.162239
2014-01-23,45.852798
2014-01-24,44.594395
2014-01-27,44.388103
2014-01-28,44.773190
2014-01-29,44.271187
2014-01-30,44.498119
2014-01-31,43.741711
2014-02-03,42.847755
2014-02-04,43.342857
2014-02-05,43.432255
2014-02-06,44.202438
2014-02-07,44.780064
2014-02-10,44.628769
2014-02-11,45.337070
2014-02-12,45.412704
2014-02-13,45.550228
2014-02-14,45.722145
2014-02-18,46.114109
2014-02-19,45.804665
2014-02-20,45.962830
2014-02-21,46.052212
2014-02-24,46.451061
2014-02-25,46.341034
2014-02-26,46.182877
2014-02-27,46.341034
2014-02-28,46.423546
2014-03-03,45.440220
2014-03-04,46.341034
2014-03-05,46.299778
2014-03-06,46.781124
2014-03-07,46.526699
2014-03-10,46.237877
2014-03-11,45.900940
2014-03-12,45.729023
2014-03-13,44.876331
2014-03-14,44.780064
2014-03-17,45.343941
2014-03-18,45.625877
2014-03-19,45.068871
2014-03-20,44.896961
2014-03-21,44.807571
2014-03-24,44.924465
2014-03-25,45.412704
2014-03-26,45.405819
2014-03-27,45.632744
2014-03-28,45.976578
2014-03-31,46.210373
2014-04-01,46.506069
2014-04-02,46.595470
2014-04-03,46.464817
2014-04-04,46.320404
2014-04-07,46.100357
2014-04-08,46.072849
2014-04-09,46.664234
2014-04-10,45.839050
2014-04-11,45.563988
2014-04-14,45.825294
2014-04-15,45.632744
2014-04-16,46.196629
2014-04-17,46.437313
2014-04-21,46.499187
2014-04-22,46.691742
2014-04-23,46.581722
2014-04-24,46.574844
2014-04-25,46.347908
2014-04-28,46.492329
2014-04-29,46.794891
2014-04-30,46.980556
2014-05-01,47.111198
2014-05-02,47.035568
2014-05-05,47.001179
2014-05-06,46.918663
2014-05-07,46.973679
2014-05-08,46.980556
2014-05-09,46.911789
2014-05-12,47.221226
2014-05-13,47.290001
2014-05-14,47.200603
2014-05-15,46.994305
2014-05-16,47.097458
2014-05-19,47.001179
2014-05-20,46.705486
2014-05-21,47.069950
2014-05-22,47.131844
2014-05-23,47.255619
2014-05-27,47.592564
2014-05-28,47.434406
2014-05-29,47.723225
2014-05-30,47.730103
2014-06-02,47.826374
2014-06-03,47.709469
2014-06-04,47.695713
2014-06-05,48.025780
2014-06-06,48.287094
2014-06-09,48.238964
2014-06-10,48.135811
2014-06-11,47.895134
2014-06-12,47.908894
2014-06-13,47.943272
2014-06-16,47.957031
2014-06-17,47.922634
2014-06-18,48.335232
2014-06-19,48.596539
2014-06-20,48.514015
2014-06-23,48.383362
2014-06-24,48.080803
2014-06-25,48.063896
2014-06-26,48.099117
2014-06-27,48.127296
2014-06-30,48.169571
2014-07-01,48.592293
2014-07-02,48.669800
2014-07-03,48.768440
2014-07-07,48.387974
2014-07-08,47.880718
2014-07-09,48.035698
2014-07-10,47.507317
2014-07-11,47.535484
2014-07-14,47.887749
2014-07-15,47.767986
2014-07-16,48.063896
2014-07-17,47.450951
2014-07-18,47.824337
2014-07-21,47.648205
2014-07-22,47.859577
2014-07-23,47.958206
2014-07-24,48.070946
2014-07-25,47.873672
2014-07-28,47.880718
2014-07-29,47.782078
2014-07-30,47.711632
2014-07-31,46.915489
2014-08-01,46.591393
2014-08-04,46.809807
2014-08-05,46.210934
2014-08-06,46.098217
2014-08-07,45.724812
2014-08-08,45.992535
2014-08-11,46.168663
2014-08-12,46.133450
2014-08-13,46.394123
2014-08-14,46.640701
2014-08-15,46.591393
2014-08-18,46.894352
2014-08-19,47.007065
2014-08-20,46.859135
2014-08-21,47.056389
2014-08-22,46.830936
2014-08-25,47.133900
2014-08-26,47.140942
2014-08-27,47.232529
2014-08-28,47.021164
2014-08-29,47.000031
2014-09-02,47.091618
2014-09-03,47.422764
2014-09-04,47.197292
2014-09-05,47.204342
2014-09-08,46.704117
2014-09-09,46.570263
2014-09-10,46.837978
2014-09-11,46.577309
2014-09-12,46.513897
2014-09-15,46.415257
2014-09-16,46.612545
2014-09-17,46.281406
2014-09-18,46.640701
2014-09-19,46.478664
2014-09-22,46.274353
2014-09-23,45.886852
2014-09-24,46.119358
2014-09-25,45.442989
2014-09-26,45.633213
2014-09-29,45.210495
2014-09-30,45.175262
2014-10-01,44.639816
2014-10-02,44.160728
2014-10-03,44.160728
2014-10-06,44.442547
2014-10-07,43.688675
2014-10-08,44.379131
2014-10-09,43.188457
2014-10-10,42.540279
2014-10-13,42.483913
2014-10-14,42.589600
2014-10-15,42.335964
2014-10-16,41.941425
2014-10-17,42.723457
2014-10-20,42.991188
2014-10-21,43.505501
2014-10-22,43.188457
2014-10-23,43.604134
2014-10-24,43.843674
2014-10-27,43.597103
2014-10-28,44.259357
2014-10-29,43.921188
2014-10-30,44.238232
2014-10-31,45.055489
2014-11-03,44.667999
2014-11-04,44.414364
2014-11-05,44.498905
2014-11-06,44.259357
2014-11-07,44.280499
2014-11-10,44.477768
2014-11-11,44.745495
2014-11-12,44.365051
2014-11-13,44.576405
2014-11-14,44.639816
2014-11-17,44.463680
2014-11-18,44.949814
2014-11-19,44.815952
2014-11-20,44.548225
2014-11-21,44.935726
2014-11-24,45.196404
2014-11-25,45.273907
2014-11-26,45.450039
2014-11-28,45.083683
2014-12-01,45.041401
2014-12-02,45.168224
2014-12-03,45.111858
2014-12-04,44.963909
2014-12-05,45.062534
2014-12-08,44.667999
2014-12-09,44.428452
2014-12-10,43.864822
2014-12-11,43.808449
2014-12-12,42.963001
2014-12-15,42.251419
2014-12-16,42.554371
2014-12-17,43.063042
2014-12-18,43.831390
2014-12-19,43.895424
2014-12-22,44.108849
2014-12-23,43.966560
2014-12-24,44.165764
2014-12-26,44.279591
2014-12-29,43.959446
2014-12-30,43.553936
2014-12-31,43.283588
2015-01-02,43.098610
2015-01-05,42.081264
2015-01-06,41.604607
2015-01-07,42.067036
2015-01-08,42.636189
2015-01-09,42.429871
2015-01-12,42.330269
2015-01-13,42.543701
2015-01-14,42.422749
2015-01-15,42.693104
2015-01-16,43.248016
2015-01-20,43.397415
2015-01-21,43.738903
2015-01-22,43.902527
2015-01-23,43.653542
2015-01-26,44.251137
2015-01-27,44.315166
2015-01-28,43.653542
2015-01-29,44.251137
2015-01-30,43.553936
2015-02-02,44.080383
2015-02-03,44.784718
2015-02-04,44.414764
2015-02-05,45.026600
2015-02-06,44.464565
2015-02-09,44.251137
2015-02-10,44.656651
2015-02-11,44.414764
2015-02-12,45.104851
2015-02-13,45.403656
2015-02-17,45.510368
2015-02-18,45.780716
2015-02-19,45.837635
2015-02-20,46.264492
2015-02-23,46.100864
2015-02-24,46.385433
2015-02-25,46.421005
2015-02-26,46.292961
2015-02-27,46.314297
2015-03-02,46.385433
2015-03-03,46.100864
2015-03-04,45.915894
2015-03-05,46.022606
2015-03-06,45.396557
2015-03-09,45.467682
2015-03-10,44.478794
2015-03-11,44.592632
2015-03-12,45.147537
2015-03-13,44.884315
2015-03-16,45.389435
2015-03-17,45.275600
2015-03-18,46.243145
2015-03-19,45.702461
2015-03-20,46.712704
2015-03-23,46.947475
2015-03-24,46.847862
2015-03-25,46.627327
2015-03-26,46.221813
2015-03-27,46.342751
2015-03-30,46.371208
2015-03-31,45.652657
2015-04-01,45.979916
2015-04-02,46.378326
2015-04-06,46.847862
2015-04-07,46.783844
2015-04-08,46.983047
2015-04-09,47.047070
2015-04-10,47.139561
2015-04-13,46.840752
2015-04-14,47.189365
2015-04-15,47.402786
2015-04-16,47.530849
2015-04-17,46.933239
2015-04-20,46.983047
2015-04-21,47.402786
2015-04-22,47.495277
2015-04-23,47.673130
2015-04-24,47.950588
2015-04-27,48.185375
2015-04-28,48.242279
2015-04-29,47.822529
2015-04-30,47.317413
2015-05-01,47.843864
2015-05-04,47.794083
2015-05-05,47.082634
2015-05-06,47.203575
2015-05-07,47.047070
2015-05-08,48.135559
2015-05-11,47.715816
2015-05-12,47.687351
2015-05-13,48.043079
2015-05-14,48.619339
2015-05-15,48.676247
2015-05-18,48.512623
2015-05-19,48.327652
2015-05-20,48.420135
2015-05-21,48.676247
2015-05-22,48.363220
2015-05-26,47.495277
2015-05-27,47.957699
2015-05-28,47.872334
2015-05-29,47.409897
2015-06-01,47.281849
2015-06-02,47.502384
2015-06-03,47.765617
2015-06-04,47.253380
2015-06-05,46.691349
2015-06-08,46.627327
2015-06-09,46.371208
2015-06-10,47.345886
2015-06-11,47.473927
2015-06-12,47.096867
2015-06-15,46.812286
2015-06-16,46.798061
2015-06-17,46.691349
2015-06-18,47.111095
2015-06-19,46.997261
2015-06-22,47.886559
2015-06-23,48.014614
2015-06-24,47.601986
2015-06-25,47.581013
2015-06-26,47.559303
2015-06-29,46.097942
2015-06-30,45.931549
2015-07-01,46.228165
2015-07-02,46.286045
2015-07-06,45.352798
2015-07-07,45.367264
2015-07-08,44.311028
2015-07-09,45.041714
2015-07-10,46.517551
2015-07-13,46.691166
2015-07-14,47.081829
2015-07-15,46.908199
2015-07-16,47.313335
2015-07-17,47.233749
2015-07-20,47.356743
2015-07-21,47.219280
2015-07-22,46.857555
2015-07-23,46.734573
2015-07-24,46.220928
2015-07-27,45.880905
2015-07-28,46.459663
2015-07-29,46.626057
2015-07-30,46.589878
2015-07-31,46.864788
2015-08-03,46.741810
2015-08-04,46.777988
2015-08-05,47.023945
2015-08-06,46.828629
2015-08-07,46.741810
2015-08-10,47.313335
2015-08-11,46.589878
2015-08-12,46.257095
2015-08-13,46.228165
2015-08-14,46.300514
2015-08-17,46.213692
2015-08-18,45.866432
2015-08-19,45.461319
2015-08-20,44.361668
2015-08-21,43.348850
2015-08-24,41.851318
2015-08-25,42.249214
2015-08-26,43.247566
2015-08-27,43.775688
2015-08-28,43.710571
2015-08-31,43.385021
2015-09-01,41.930897
2015-09-02,42.553062
2015-09-03,42.654346
2015-09-04,41.677692
2015-09-08,42.900314
2015-09-09,42.726696
2015-09-10,43.008827
2015-09-11,43.001602
2015-09-14,42.676052
2015-09-15,42.965420
2015-09-16,43.623764
2015-09-17,43.645462
2015-09-18,42.553062
2015-09-21,42.531349
2015-09-22,41.518532
2015-09-23,41.323200
2015-09-24,41.207455
2015-09-25,41.569176
2015-09-28,40.751682
2015-09-29,40.693806
2015-09-30,41.467892
2015-10-01,41.598114
2015-10-02,42.307091
2015-10-05,43.146286
2015-10-06,43.196918
2015-10-07,43.739510
2015-10-08,44.086761
2015-10-09,44.166344
2015-10-12,44.079533
2015-10-13,43.522476
2015-10-14,43.609283
2015-10-15,44.354439
2015-10-16,44.318260
2015-10-19,44.166344
2015-10-20,43.985477
2015-10-21,43.963772
2015-10-22,44.455730
2015-10-23,44.897026
2015-10-26,44.730637
2015-10-27,44.339970
2015-10-28,44.629353
2015-10-29,44.303810
2015-10-30,44.209747
2015-11-02,44.629353
2015-11-03,44.614872
2015-11-04,44.368908
2015-11-05,44.289333
2015-11-06,44.086761
2015-11-09,43.630993
2015-11-10,43.602051
2015-11-11,43.826317
2015-11-12,43.254803
2015-11-13,42.893082
2015-11-16,43.435669
2015-11-17,43.551418
2015-11-18,43.949314
2015-11-19,44.173576
2015-11-20,44.072300
2015-11-23,43.797390
2015-11-24,43.804615
2015-11-25,43.905899
2015-11-27,43.913139
2015-11-30,43.876961
2015-12-01,44.339970
2015-12-02,43.869732
2015-12-03,43.659931
2015-12-04,44.014420
2015-12-07,43.732281
2015-12-08,43.088413
2015-12-09,42.893082
2015-12-10,42.900314
2015-12-11,42.082821
2015-12-14,42.147934
2015-12-15,42.357727
2015-12-16,43.211395
2015-12-17,42.661579
2015-12-18,42.213039
2015-12-21,42.408630
2015-12-22,42.729736
2015-12-23,43.444946
2015-12-24,43.371967
2015-12-28,43.269791
2015-12-29,43.700378
2015-12-30,43.437653
2015-12-31,42.853813
2016-01-04,42.196987
2016-01-05,42.131294
2016-01-06,41.437992
2016-01-07,40.576832
2016-01-08,40.087868
2016-01-11,40.255714
2016-01-12,40.445469
2016-01-13,39.817837
2016-01-14,40.328705
2016-01-15,38.869095
2016-01-19,39.226707
2016-01-20,38.336349
2016-01-21,38.620964
2016-01-22,39.759453
2016-01-25,39.226707
2016-01-26,39.927315
2016-01-27,39.671875
2016-01-28,39.788654
2016-01-29,40.489258
2016-02-01,40.445469
2016-02-02,39.504028
2016-02-03,39.832439
2016-02-04,39.883526
2016-02-05,39.270493
2016-02-08,38.540699
2016-02-09,38.095509
2016-02-10,38.051727
2016-02-11,37.497082
2016-02-12,38.153896
2016-02-16,38.927490
2016-02-17,39.598904
2016-02-18,39.394558
2016-02-19,39.350769
2016-02-22,39.795940
2016-02-23,39.146423
2016-02-24,39.007767
2016-02-25,39.474838
2016-02-26,39.372665
2016-02-29,39.139122
2016-03-01,40.160843
2016-03-02,40.438168
2016-03-03,40.832268
2016-03-04,41.131481
2016-03-07,41.080391
2016-03-08,40.679008
2016-03-09,40.832268
2016-03-10,40.766586
2016-03-11,41.832085
2016-03-14,41.744499
2016-03-15,41.350422
2016-03-16,41.715328
2016-03-17,42.036434
2016-03-18,41.963451
2016-03-21,41.897766
2016-03-22,41.824791
2016-03-23,41.401505
2016-03-24,41.124180
2016-03-28,41.372318
2016-03-29,41.817490
2016-03-30,42.131294
2016-03-31,41.715328
2016-04-01,41.270142
2016-04-04,41.182556
2016-04-05,40.372494
2016-04-06,41.029305
2016-04-07,40.430874
2016-04-08,41.204456
2016-04-11,41.226349
2016-04-12,41.839382
2016-04-13,42.503498
2016-04-14,42.642174
2016-04-15,42.547287
2016-04-18,42.912189
2016-04-19,43.656586
2016-04-20,43.693069
2016-04-21,43.430347
2016-04-22,43.452236
2016-04-25,43.233307
2016-04-26,43.386555
2016-04-27,43.415756
2016-04-28,42.824608
2016-04-29,42.642174
2016-05-02,43.043556
2016-05-03,42.335648
2016-05-04,41.846687
2016-05-05,41.759109
2016-05-06,41.875877
2016-05-09,41.788296
2016-05-10,42.386738
2016-05-11,42.021835
2016-05-12,42.007240
2016-05-13,41.576660
2016-05-16,42.072918
2016-05-17,41.766407
2016-05-18,41.780998
2016-05-19,41.481781
2016-05-20,41.824791
2016-05-23,41.686123
2016-05-24,42.291859
2016-05-25,42.737038
2016-05-26,42.853813
2016-05-27,42.810017
2016-05-31,42.605679
2016-06-01,42.569180
2016-06-02,42.569180
2016-06-03,42.846500
2016-06-06,43.087341
2016-06-07,43.401157
2016-06-08,43.488731
2016-06-09,42.955975
2016-06-10,41.708019
2016-06-13,41.102287
2016-06-14,40.445469
2016-06-15,40.715496
2016-06-16,40.803070
2016-06-17,41.204456
2016-06-20,42.226181
2016-06-21,42.569180
2016-06-22,42.543106
2016-06-23,43.719902
2016-06-24,39.966103
2016-06-27,39.198952
2016-06-28,40.226776
2016-06-29,40.964138
2016-06-30,41.574867
2016-07-01,41.574867
2016-07-05,40.770485
2016-07-06,40.695995
2016-07-07,40.532146
2016-07-08,41.150333
2016-07-11,41.753624
2016-07-12,42.319672
2016-07-13,42.274982
2016-07-14,42.639942
2016-07-15,42.423943
2016-07-18,42.528221
2016-07-19,42.193062
2016-07-20,42.572910
2016-07-21,42.401600
2016-07-22,42.483532
2016-07-25,42.431396
2016-07-26,42.610146
2016-07-27,42.766556
2016-07-28,42.721863
2016-07-29,43.228333
2016-08-01,42.945312
2016-08-02,42.729309
2016-08-03,42.580357
2016-08-04,42.826145
2016-08-05,43.019779
2016-08-08,43.109169
2016-08-09,43.451767
2016-08-10,43.600731
2016-08-11,43.913559
2016-08-12,43.801830
2016-08-15,43.973137
2016-08-16,43.906105
2016-08-17,43.891212
2016-08-18,44.114647
2016-08-19,43.786930
2016-08-22,43.831627
2016-08-23,44.017818
2016-08-24,43.913559
2016-08-25,43.734798
2016-08-26,43.474117
2016-08-29,43.608177
2016-08-30,43.548607
2016-08-31,43.459221
2016-09-01,43.757149
2016-09-02,44.263607
2016-09-06,44.561531
2016-09-07,44.583874
2016-09-08,44.457256
2016-09-09,43.593281
2016-09-12,43.950790
2016-09-13,43.064484
2016-09-14,43.004887
2016-09-15,43.377293
2016-09-16,42.818691
2016-09-19,43.042141
2016-09-20,43.302814
2016-09-21,44.062515
2016-09-22,44.509388
2016-09-23,44.136982
2016-09-26,43.727348
2016-09-27,43.935898
2016-09-28,44.248711
2016-09-29,43.697552
2016-09-30,44.040165
2016-10-03,43.921005
2016-10-04,43.913559
2016-10-05,44.092304
2016-10-06,43.853962
2016-10-07,43.630524
2016-10-10,43.757149
2016-10-11,43.138954
2016-10-12,43.042141
2016-10-13,42.878281
2016-10-14,42.952755
2016-10-17,42.826145
2016-10-18,43.250675
2016-10-19,43.369839
2016-10-20,43.436874
2016-10-21,43.340054
2016-10-24,43.332603
2016-10-25,43.302814
2016-10-26,43.109169
2016-10-27,43.057026
2016-10-28,43.042141
2016-10-31,43.064484
2016-11-01,42.878281
2016-11-02,42.587803
2016-11-03,42.543106
2016-11-04,42.133465
2016-11-07,42.714417
2016-11-08,42.833595
2016-11-09,42.870838
2016-11-10,42.751659
2016-11-11,42.490982
2016-11-14,42.260086
2016-11-15,42.446289
2016-11-16,41.999409
2016-11-17,42.319672
2016-11-18,41.857895
2016-11-21,42.215405
2016-11-22,42.319672
2016-11-23,42.170712
2016-11-25,42.297337
2016-11-28,42.073891
2016-11-29,42.342010
2016-11-30,42.297337
2016-12-01,42.133465
2016-12-02,42.237743
2016-12-05,42.654831
2016-12-06,42.945312
2016-12-07,43.585835
2016-12-08,43.548607
2016-12-09,43.734798
2016-12-12,43.541145
2016-12-13,44.010368
2016-12-14,43.362389
2016-12-15,43.265583
2016-12-16,43.295368
2016-12-19,43.228333
2016-12-20,43.377293
2016-12-21,43.389336
2016-12-22,43.291508
2016-12-23,43.404369
2016-12-27,43.351711
2016-12-28,43.186161
2016-12-29,43.291508
2016-12-30,43.442005
2017-01-03,43.712921
2017-01-04,44.209564
2017-01-05,44.585815
2017-01-06,44.435314
2017-01-09,44.367596
2017-01-10,44.375111
2017-01-11,44.608391
2017-01-12,44.676109
2017-01-13,44.841660
2017-01-17,44.676109
2017-01-18,44.548187
2017-01-19,44.435314
2017-01-20,44.691162
2017-01-23,44.804035
2017-01-24,44.916916
2017-01-25,45.383465
2017-01-26,45.202866
2017-01-27,45.127617
2017-01-30,44.804035
2017-01-31,44.871769
2017-02-01,45.052364
2017-02-02,45.074936
2017-02-03,45.255543
2017-02-06,44.931953
2017-02-07,44.886810
2017-02-08,44.962067
2017-02-09,45.150192
2017-02-10,45.255543
2017-02-13,45.436142
2017-02-14,45.368420
2017-02-15,45.541492
2017-02-16,45.646847
2017-02-17,45.526440
2017-02-21,45.676937
2017-02-22,45.676937
2017-02-23,45.774773
2017-02-24,45.443668
2017-02-27,45.473774
2017-02-28,45.406040
2017-03-01,45.880116
2017-03-02,45.579117
2017-03-03,45.850018
2017-03-06,45.707050
2017-03-07,45.549007
2017-03-08,45.383465
2017-03-09,45.556545
2017-03-10,45.940323
2017-03-13,46.181122
2017-03-14,45.827446
2017-03-15,46.482128
2017-03-16,46.707878
2017-03-17,46.828262
2017-03-20,46.730446
2017-03-21,46.519741
2017-03-22,46.527271
2017-03-23,46.632629
2017-03-24,46.760551
2017-03-27,46.880943
2017-03-28,47.106701
2017-03-29,47.106701
2017-03-30,46.941158
2017-03-31,46.873425
2017-04-03,46.805698
2017-04-04,46.790646
2017-04-05,46.542320
2017-04-06,46.549847
2017-04-07,46.519741
2017-04-10,46.467072
2017-04-11,46.685295
2017-04-12,46.647671
2017-04-13,46.346668
2017-04-17,46.632629
2017-04-18,46.421917
2017-04-19,46.233791
2017-04-20,46.602520
2017-04-21,46.632629
2017-04-24,47.814045
2017-04-25,48.152679
2017-04-26,48.017235
2017-04-27,48.062382
2017-04-28,48.009708
2017-05-01,48.205357
2017-05-02,48.453674
2017-05-03,48.355858
2017-05-04,48.814877
2017-05-05,49.356682
2017-05-08,48.987961
2017-05-09,48.867554
2017-05-10,48.942806
2017-05-11,48.822399
2017-05-12,49.093315
2017-05-15,49.341644
2017-05-16,49.657700
2017-05-17,49.093315
2017-05-18,49.176090
2017-05-19,49.747990
2017-05-22,49.808186
2017-05-23,49.815704
2017-05-24,49.845802
2017-05-25,49.845802
2017-05-26,49.702839
2017-05-30,49.650162
2017-05-31,49.710354
2017-06-01,50.033932
2017-06-02,50.583267
2017-06-05,50.304832
2017-06-06,50.161861
2017-06-07,50.176914
2017-06-08,50.086613
2017-06-09,49.898483
2017-06-12,49.710354
2017-06-13,50.094131
2017-06-14,50.056515
2017-06-15,49.537292
2017-06-16,49.958691
2017-06-19,50.161861
2017-06-20,49.758099
2017-06-21,49.696934
2017-06-22,49.689297
2017-06-23,49.811638
2017-06-26,49.895756
2017-06-27,49.888107
2017-06-28,50.323967
2017-06-29,49.826939
2017-06-30,49.857517
2017-07-03,49.796349
2017-07-05,49.796349
2017-07-06,49.574585
2017-07-07,49.582230
2017-07-10,49.704590
2017-07-11,49.819286
2017-07-12,50.216915
2017-07-13,50.362217
2017-07-14,50.713959
2017-07-17,50.614559
2017-07-18,50.660439
2017-07-19,50.882195
2017-07-20,51.088657
2017-07-21,50.889843
2017-07-24,50.752205
2017-07-25,50.821026
2017-07-26,51.134548
2017-07-27,51.019833
2017-07-28,51.073372
2017-07-31,51.180428
2017-08-01,51.463360
2017-08-02,51.486301
2017-08-03,51.516895
2017-08-04,51.585709
2017-08-07,51.608643
2017-08-08,51.333363
2017-08-09,51.249237
2017-08-10,50.522789
2017-08-11,50.431030
2017-08-14,50.798077
2017-08-15,50.759846
2017-08-16,51.050423
2017-08-17,50.476913
2017-08-18,50.614559
2017-08-21,50.599266
2017-08-22,50.843964
2017-08-23,50.851608
2017-08-24,50.736904
2017-08-25,51.042774
2017-08-28,51.042774
2017-08-29,50.836330
2017-08-30,50.767487
2017-08-31,51.157486
2017-09-01,51.226303
2017-09-05,50.882195
2017-09-06,51.195713
2017-09-07,51.616295
2017-09-08,51.623955
2017-09-11,52.029221
2017-09-12,52.189800
2017-09-13,51.906876
2017-09-14,51.998642
2017-09-15,52.044510
2017-09-18,52.113338
2017-09-19,52.358036
2017-09-20,52.243343
2017-09-21,52.136280
2017-09-22,52.296864
2017-09-25,51.998642
2017-09-26,51.883930
2017-09-27,51.922176
2017-09-28,52.059814
2017-09-29,52.365688
2017-10-02,52.319813
2017-10-03,52.495678
2017-10-04,52.396275
2017-10-05,52.365688
2017-10-06,52.327457
2017-10-09,52.342743
2017-10-10,52.839794
2017-10-11,52.969791
2017-10-12,52.923920
2017-10-13,53.199188
2017-10-16,53.160965
2017-10-17,53.023319
2017-10-18,53.176243
2017-10-19,53.092148
2017-10-20,53.023319
2017-10-23,52.908615
2017-10-24,52.992733
2017-10-25,52.786263
2017-10-26,52.778618
2017-10-27,52.900970
2017-10-30,53.023319
2017-10-31,53.245087
2017-11-01,53.298595
2017-11-02,53.459198
2017-11-03,53.375080
2017-11-06,53.451546
2017-11-07,53.252716
2017-11-08,53.428604
2017-11-09,53.122726
2017-11-10,52.977440
2017-11-13,52.755680
2017-11-14,52.717442
2017-11-15,52.465099
2017-11-16,52.885677
2017-11-17,52.694496
2017-11-20,52.809204
2017-11-21,53.206841
2017-11-22,53.352142
2017-11-24,53.787998
2017-11-27,53.466835
2017-11-28,53.772713
2017-11-29,53.558598
2017-11-30,53.612122
2017-12-01,53.398014
2017-12-04,53.206841
2017-12-05,53.092148
2017-12-06,52.985088
2017-12-07,53.122726
2017-12-08,53.405651
2017-12-11,53.543304
2017-12-12,53.612122
2017-12-13,53.818588
2017-12-14,53.520363
2017-12-15,53.505070
2017-12-18,54.139755
2017-12-19,53.941154
2017-12-20,53.848415
2017-12-21,54.041611
2017-12-22,54.180714
2017-12-26,54.165268
2017-12-27,54.265728
2017-12-28,54.296642
2017-12-29,54.335285
2018-01-02,54.737133
2018-01-03,54.999882
2018-01-04,55.602657
2018-01-05,55.911789
2018-01-08,55.896324
2018-01-09,55.958149
2018-01-10,55.849953
2018-01-11,56.236347
2018-01-12,56.800480
2018-01-16,56.746399
2018-01-17,57.040062
2018-01-18,56.970505
2018-01-19,57.287357
2018-01-22,57.581020
2018-01-23,57.766491
2018-01-24,57.866955
2018-01-25,57.642838
2018-01-26,58.152882
2018-01-29,57.619659
2018-01-30,57.140522
2018-01-31,57.063240
2018-02-01,57.225533
2018-02-02,56.066338
2018-02-05,53.717037
2018-02-06,54.775772
2018-02-07,54.196171
2018-02-08,52.781960
2018-02-09,53.006062
2018-02-12,53.817501
2018-02-13,53.655224
2018-02-14,54.605755
2018-02-15,54.945786
2018-02-16,55.193089
2018-02-20,54.675312
2018-02-21,54.412560
2018-02-22,54.698490
2018-02-23,55.131252
2018-02-26,55.649029
2018-02-27,54.822140
2018-02-28,54.304356
2018-03-01,53.392467
2018-03-02,53.647495
2018-03-05,53.933418
2018-03-06,54.250271
2018-03-07,54.234821
2018-03-08,54.350731
2018-03-09,54.698490
2018-03-12,54.760323
2018-03-13,54.397102
2018-03-14,54.528465
2018-03-15,54.497562
2018-03-16,54.458923
2018-03-19,54.018436
2018-03-20,54.010700
2018-03-21,54.095703
2018-03-22,53.091068
2018-03-23,52.503746
2018-03-26,53.446568
2018-03-27,53.052429
2018-03-28,53.361553
2018-03-29,53.848415
2018-04-02,53.106533
2018-04-03,53.446568
2018-04-04,53.632042
2018-04-05,53.987511
2018-04-06,53.632042
2018-04-09,54.072533
2018-04-10,54.652130
2018-04-11,54.443466
2018-04-12,54.652130
2018-04-13,54.706215
2018-04-16,54.791225
2018-04-17,55.038517
2018-04-18,55.324455
2018-04-19,55.115807
2018-04-20,54.907154
2018-04-23,54.837582
2018-04-24,54.613476
2018-04-25,54.520744
2018-04-26,54.791225
2018-04-27,54.845325
2018-04-30,54.667580
2018-05-01,54.474380
2018-05-02,54.451183
2018-05-03,54.621208
2018-05-04,54.814407
2018-05-07,54.822140
2018-05-08,54.829868
2018-05-09,54.961239
2018-05-10,55.316727
2018-05-11,55.463539
2018-05-14,55.564022
2018-05-15,55.162167
2018-05-16,55.239452
2018-05-17,55.324455
2018-05-18,55.123524
2018-05-21,55.471291
2018-05-22,55.401730
2018-05-23,54.791225
2018-05-24,54.621208
2018-05-25,54.265728
2018-05-29,53.160625
2018-05-30,53.972050
2018-05-31,53.632042
2018-06-01,54.095703
2018-06-04,54.257999
2018-06-05,54.172993
2018-06-06,54.659855
2018-06-07,54.350731
2018-06-08,54.412560
2018-06-11,54.760323
2018-06-12,54.412560
2018-06-13,54.489841
2018-06-14,54.373909
2018-06-15,54.095703
2018-06-18,53.709312
2018-06-19,53.215919
2018-06-20,53.255333
2018-06-21,52.877029
2018-06-22,53.436611
2018-06-25,52.695751
2018-06-26,52.790333
2018-06-27,52.293797
2018-06-28,52.490829
2018-06-29,52.782440
2018-07-02,52.301682
2018-07-03,52.459309
2018-07-05,52.979488
2018-07-06,53.263218
2018-07-09,53.775524
2018-07-10,53.751881
2018-07-11,52.853378
2018-07-12,53.263218
2018-07-13,53.428741
2018-07-16,53.405090
2018-07-17,53.499660
2018-07-18,53.507542
2018-07-19,53.397198
2018-07-20,53.649410
2018-07-23,53.649410
2018-07-24,53.964668
2018-07-25,54.366638
2018-07-26,54.122303
2018-07-27,54.224766
2018-07-30,54.216881
2018-07-31,54.287815
2018-08-01,54.011963
2018-08-02,53.657299
2018-08-03,53.688812
2018-08-06,53.460251
2018-08-07,53.877968
2018-08-08,53.830692
2018-08-09,53.673065
2018-08-10,52.601166
2018-08-13,52.412014
2018-08-14,52.404133
2018-08-15,51.647511
2018-08-16,52.010056
2018-08-17,52.317436
2018-08-20,52.601166
2018-08-21,52.924313
2018-08-22,53.129238
2018-08-23,52.750919
2018-08-24,53.058300
2018-08-27,53.767632
2018-08-28,53.720345
2018-08-29,54.011963
2018-08-30,53.499660
2018-08-31,53.074059
2018-09-04,52.624817
2018-09-05,52.144047
2018-09-06,51.986408
2018-09-07,51.568699
2018-09-10,51.883949
2018-09-11,51.931240
2018-09-12,52.151928
2018-09-13,52.538128
2018-09-14,52.616932
2018-09-17,52.664227
2018-09-18,53.215919
2018-09-19,53.405090
2018-09-20,54.067135
2018-09-21,54.090771
2018-09-24,53.846451
2018-09-25,54.114429
2018-09-26,54.138065
2018-09-27,54.027725
2018-09-28,53.586357
2018-10-01,53.649410
2018-10-02,53.373550
2018-10-03,53.278980
2018-10-04,52.656338
2018-10-05,52.341080
2018-10-08,52.088875
2018-10-09,51.954887
2018-10-10,50.851475
2018-10-11,50.142139
2018-10-12,50.323425
2018-10-15,50.205196
2018-10-16,51.064278
2018-10-17,50.772663
2018-10-18,49.952991
2018-10-19,50.236717
2018-10-22,50.016033
2018-10-23,49.543148
2018-10-24,48.140244
2018-10-25,48.747116
2018-10-26,48.416092
2018-10-29,48.282101
2018-10-30,48.865337
2018-10-31,49.227886
2018-11-01,49.858406
2018-11-02,49.929344
2018-11-05,49.929344
2018-11-06,50.134262
2018-11-07,50.804184
2018-11-08,50.307659
2018-11-09,49.976631
2018-11-12,49.156952
2018-11-13,49.369755
2018-11-14,49.409161
2018-11-15,49.566795
2018-11-16,49.621956
2018-11-19,49.188477
2018-11-20,48.337280
2018-11-21,49.015091
2018-11-23,48.691948
2018-11-26,49.424927
2018-11-27,49.235775
2018-11-28,49.937225
2018-11-29,49.685013
2018-11-30,49.472210
2018-12-03,50.126381
2018-12-04,48.825932
2018-12-06,48.368805
2018-12-07,47.880142
2018-12-10,47.509716
2018-12-11,47.659470
2018-12-12,48.360916
2018-12-13,48.274231
2018-12-14,47.651592
2018-12-17,47.273270
2018-12-18,47.311512
2018-12-19,46.857437
2018-12-20,46.666248
2018-12-21,45.853683
2018-12-24,45.319950
2018-12-26,46.371494
2018-12-27,46.506912
2018-12-28,46.753868
2018-12-31,46.825573
2019-01-02,46.729984
2019-01-03,46.307762
2019-01-04,47.725758
2019-01-07,47.908981
2019-01-08,48.219669
2019-01-09,48.761372
2019-01-10,48.952553
2019-01-11,48.617970
2019-01-14,48.394920
2019-01-15,48.649849
2019-01-16,48.785267
2019-01-17,48.960522
2019-01-18,49.454437
2019-01-22,48.689671
2019-01-23,48.912720
2019-01-24,48.968487
2019-01-25,49.526123
2019-01-28,49.255272
2019-01-29,49.366798
2019-01-30,49.908504
2019-01-31,49.932404
2019-02-01,49.916462
2019-02-04,50.099693
2019-02-05,50.490040
2019-02-06,50.235123
2019-02-07,49.565960
2019-02-08,49.406631
2019-02-11,49.358837
2019-02-12,49.932404
2019-02-13,49.940372
2019-02-14,49.956299
2019-02-15,50.681225
2019-02-19,50.872414
2019-02-20,51.015816
2019-02-21,50.912254
2019-02-22,51.079548
2019-02-25,51.230904
2019-02-26,51.477856
2019-02-27,51.270729
2019-02-28,51.199036
2019-03-01,51.477856
2019-03-04,51.286667
2019-03-05,51.334465
2019-03-06,51.207001
2019-03-07,50.553764
2019-03-08,50.561741
2019-03-11,50.999878
2019-03-12,50.968010
2019-03-13,51.406151
2019-03-14,51.398193
2019-03-15,51.955830
2019-03-18,52.139053
2019-03-19,52.242619
2019-03-20,52.266518
2019-03-21,52.234646
2019-03-22,51.230904
2019-03-25,51.302597
2019-03-26,51.557522
2019-03-27,51.581417
2019-03-28,51.453949
2019-03-29,51.669052
2019-04-01,52.330250
2019-04-02,52.346180
2019-04-03,52.752453
2019-04-04,52.640934
2019-04-05,52.776356
2019-04-08,52.808224
2019-04-09,52.473640
2019-04-10,52.672791
2019-04-11,52.561272
2019-04-12,52.927711
2019-04-15,52.951614
2019-04-16,52.991428
2019-04-17,53.142799
2019-04-18,53.110939
2019-04-22,53.023304
2019-04-23,53.126873
2019-04-24,52.760418
2019-04-25,52.720585
2019-04-26,52.935677
2019-04-29,53.150761
2019-04-30,53.182629
2019-05-01,52.879917
2019-05-02,52.800251
2019-05-03,53.365852
2019-05-06,52.760418
2019-05-07,51.836330
2019-05-08,51.900066
2019-05-09,51.661079
2019-05-10,52.043457
2019-05-13,50.832584
2019-05-14,51.342430
2019-05-15,51.525654
2019-05-16,51.939899
2019-05-17,51.597343
2019-05-20,51.390236
2019-05-21,51.732777
2019-05-22,51.525654
2019-05-23,51.055641
2019-05-24,51.605312
2019-05-28,51.103443
2019-05-29,50.776825
2019-05-30,50.968010
2019-05-31,50.505974
2019-06-03,50.800728
2019-06-04,51.382263
2019-06-05,51.366333
2019-06-06,51.573448
2019-06-07,52.226681
2019-06-10,52.370079
2019-06-11,52.632961
2019-06-12,52.242619
2019-06-13,52.290409
2019-06-14,51.908043
2019-06-17,51.945465
2019-06-18,52.637207
2019-06-19,52.962742
2019-06-20,53.426609
2019-06-21,53.198742
2019-06-24,53.312672
2019-06-25,52.995281
2019-06-26,53.060383
2019-06-27,53.190601
2019-06-28,53.491699
2019-07-01,53.743980
2019-07-02,53.898609
2019-07-03,54.264828
2019-07-05,53.849789
2019-07-08,53.540539
2019-07-09,53.312672
2019-07-10,53.499855
2019-07-11,53.483570
2019-07-12,53.548676
2019-07-15,53.597504
2019-07-16,53.377769
2019-07-17,53.304535
2019-07-18,53.467289
2019-07-19,53.312672
2019-07-22,53.369640
2019-07-23,53.703293
2019-07-24,53.743980
2019-07-25,53.198742
2019-07-26,53.304535
2019-07-29,53.418465
2019-07-30,52.799976
2019-07-31,52.450031
2019-08-01,52.303547
2019-08-02,51.839668
2019-08-05,50.545712
2019-08-06,50.887516
2019-08-07,51.082829
2019-08-08,51.579254
2019-08-09,51.221172
2019-08-12,50.814270
2019-08-13,51.294422
2019-08-14,49.886532
2019-08-15,50.057426
2019-08-16,50.659649
2019-08-19,50.968899
2019-08-20,50.798000
2019-08-21,51.156075
2019-08-22,51.058414
2019-08-23,50.423649
2019-08-26,50.838696
2019-08-27,50.798000
2019-08-28,50.798000
2019-08-29,51.237446
2019-08-30,51.440907
2019-09-03,51.343254
2019-09-04,52.067535
2019-09-05,52.344234
2019-09-06,52.515133
2019-09-09,52.669762
2019-09-10,52.759285
2019-09-11,53.052250
2019-09-12,53.361492
2019-09-13,53.662609
2019-09-16,53.182457
2019-09-17,53.361492
2019-09-18,53.296394
2019-09-19,53.475433
2019-09-20,53.353355
2019-09-23,53.215008
2019-09-24,53.011559
2019-09-25,52.856934
2019-09-26,53.052250
2019-09-27,52.873211
2019-09-30,53.068531
2019-10-01,52.547688
2019-10-02,51.473465
2019-10-03,51.815254
2019-10-04,52.222164
2019-10-07,52.157055
2019-10-08,51.668770
2019-10-09,52.043129
2019-10-10,52.409336
2019-10-11,53.345219
2019-10-14,53.125488
2019-10-15,53.743980
2019-10-16,53.825367
2019-10-17,53.955582
2019-10-18,53.931168
2019-10-21,54.224136
2019-10-22,54.093929
2019-10-23,54.386894
2019-10-24,54.484550
2019-10-25,54.541512
2019-10-28,54.785667
2019-10-29,54.769394
2019-10-30,54.997261
2019-10-31,54.867046
2019-11-01,55.355328
2019-11-04,55.640167
2019-11-05,55.534374
2019-11-06,55.509960
2019-11-07,55.680862
2019-11-08,55.648300
2019-11-11,55.575058
2019-11-12,55.599480
2019-11-13,55.404163
2019-11-14,55.249535
2019-11-15,55.599480
2019-11-18,55.664581
2019-11-19,55.591335
2019-11-20,55.241394
2019-11-21,55.168163
2019-11-22,55.322784
2019-11-25,55.762230
2019-11-26,55.729687
2019-11-27,55.876179
2019-11-29,55.485542
2019-12-02,55.200703
2019-12-03,54.997261
2019-12-04,55.501820
2019-12-05,55.396019
2019-12-06,55.900574
2019-12-09,55.607620
2019-12-10,55.632019
2019-12-11,55.925003
2019-12-12,56.299355
2019-12-13,56.689980
2019-12-16,57.295696
2019-12-17,56.966496
2019-12-18,56.892426
2019-12-19,56.892426
2019-12-20,56.933578
2019-12-23,57.024113
2019-12-24,56.966496
2019-12-26,57.213390
2019-12-27,57.312141
2019-12-30,56.884209
2019-12-31,57.147560
2020-01-02,57.723637
2020-01-03,57.007645
2020-01-06,57.229858
2020-01-07,57.073483
2020-01-08,57.238091
2020-01-09,57.369766
2020-01-10,57.155781
2020-01-13,57.452057
2020-01-14,57.509663
2020-01-15,57.509663
2020-01-16,57.748329
2020-01-17,57.921150
2020-01-21,57.460289
2020-01-22,57.575493
2020-01-23,57.435589
2020-01-24,57.188690
2020-01-27,56.003616
2020-01-28,56.530312
2020-01-29,56.538551
2020-01-30,56.489166
2020-01-31,55.534527
2020-02-03,55.666191
2020-02-04,56.596157
2020-02-05,57.139328
2020-02-06,57.295696
2020-02-07,56.752514
2020-02-10,56.867744
2020-02-11,57.254539
2020-02-12,57.452057
2020-02-13,57.048801
2020-02-14,56.950039
2020-02-18,56.587936
2020-02-19,56.777214
2020-02-20,56.439789
2020-02-21,56.176441
2020-02-24,53.929710
2020-02-25,53.040894
2020-02-26,53.106728
2020-02-27,51.534847
2020-02-28,51.222122
2020-03-02,51.880505
2020-03-03,51.460773
2020-03-04,52.999748
2020-03-05,51.592461
2020-03-06,50.818859
2020-03-09,46.876797
2020-03-10,48.605045
2020-03-11,46.127880
2020-03-12,41.058346
2020-03-13,43.543739
2020-03-16,39.050278
2020-03-17,40.951359
2020-03-18,38.605877
2020-03-19,39.206650
2020-03-20,38.721088
2020-03-23,38.268456
2020-03-24,41.510975
2020-03-25,42.860672
2020-03-26,44.778202
2020-03-27,43.502594
2020-03-30,44.383175
2020-03-31,43.996372
2020-04-01,42.045918
2020-04-02,42.868896
2020-04-03,41.889553
2020-04-06,44.111595
2020-04-07,44.358494
2020-04-08,44.720596
2020-04-09,45.732853
2020-04-13,45.296677
2020-04-14,46.103195
2020-04-15,44.662987
2020-04-16,44.687679
2020-04-17,45.872768
2020-04-20,45.189686
2020-04-21,44.309101
2020-04-22,45.058014
2020-04-23,44.918110
2020-04-24,45.436584
2020-04-27,46.037361
2020-04-28,46.383011
2020-04-29,47.543415
2020-04-30,46.555836
2020-05-01,45.543571
2020-05-04,45.527107
2020-05-05,45.609406
2020-05-06,45.313137
2020-05-07,45.996204
2020-05-08,46.778034
2020-05-11,46.736889
2020-05-12,46.144352
2020-05-13,45.790459
2020-05-14,45.354286
2020-05-15,45.395432
2020-05-18,47.230675
2020-05-19,46.580524
2020-05-20,47.551632
2020-05-21,47.000240
2020-05-22,46.868568
2020-05-26,48.210022
2020-05-27,48.794334
2020-05-28,49.255199
2020-05-29,49.082371
2020-06-01,50.176937
2020-06-02,50.646023
2020-06-03,51.855804
2020-06-04,51.633610
2020-06-05,52.522423
2020-06-08,53.205502
2020-06-09,52.514187
2020-06-10,52.398968
2020-06-11,49.592621
2020-06-12,50.448517
2020-06-15,50.655514
2020-06-16,51.281509
2020-06-17,51.473480
2020-06-18,51.198044
2020-06-19,50.947647
2020-06-22,51.556946
2020-06-23,51.840729
2020-06-24,50.513611
2020-06-25,51.231430
2020-06-26,50.488586
2020-06-29,50.897564
2020-06-30,50.805748
2020-07-01,50.997723
2020-07-02,51.556946
2020-07-06,52.399952
2020-07-07,51.632069
2020-07-08,52.066082
2020-07-09,51.473480
2020-07-10,52.024361
2020-07-13,51.690491
2020-07-14,52.450039
2020-07-15,53.042641
2020-07-16,52.700428
2020-07-17,53.009247
2020-07-20,53.267998
2020-07-21,53.376503
2020-07-22,53.518398
2020-07-23,53.092720
2020-07-24,52.800591
2020-07-27,53.493355
2020-07-28,53.151146
2020-07-29,53.710369
2020-07-30,52.917442
2020-07-31,51.790653
2020-08-03,52.800591
2020-08-04,53.092720
2020-08-05,53.267998
2020-08-06,53.326427
2020-08-07,53.109409
2020-08-10,53.284687
2020-08-11,53.476662
2020-08-12,54.661877
2020-08-13,54.419823
2020-08-14,54.085960
2020-08-17,54.494953
2020-08-18,54.461555
2020-08-19,54.219513
2020-08-20,54.044239
2020-08-21,53.768791
2020-08-24,54.478252
2020-08-25,54.511639
2020-08-26,54.828815
2020-08-27,54.269588
2020-08-28,54.653538
2020-08-31,54.236206
2020-09-01,54.294628
2020-09-02,55.020786
2020-09-03,53.777142
2020-09-04,53.852264
2020-09-08,53.192875
2020-09-09,54.186119
2020-09-10,53.551785
2020-09-11,54.085960
2020-09-14,54.378098
2020-09-15,54.728645
2020-09-16,54.728645
2020-09-17,54.803776
2020-09-18,54.361397
2020-09-21,52.984215
2020-09-22,52.967518
2020-09-23,52.525158
2020-09-24,52.475071
2020-09-25,52.650352
2020-09-28,53.443272
2020-09-29,53.384846
2020-09-30,53.126106
2020-10-01,53.434929
2020-10-02,53.326427
2020-10-05,54.136040
2020-10-06,53.560127
2020-10-07,54.019192
2020-10-08,54.394791
2020-10-09,54.820465
2020-10-12,55.137634
2020-10-13,54.519993
2020-10-14,54.428181
2020-10-15,53.785492
2020-10-16,54.035881
2020-10-19,53.835564
2020-10-20,54.102661
2020-10-21,53.843918
2020-10-22,53.885647
2020-10-23,54.236206
2020-10-26,53.259655
2020-10-27,52.842323
2020-10-28,51.264809
2020-10-29,51.506866
2020-10-30,51.239773
2020-11-02,51.907497
2020-11-03,53.267998
2020-11-04,53.852264
2020-11-05,55.145981
2020-11-06,55.262844
2020-11-09,56.873730
2020-11-10,57.382881
2020-11-11,57.866970
2020-11-12,57.023968
2020-11-13,57.900372
2020-11-16,58.501308
2020-11-17,58.442894
2020-11-18,58.134071
2020-11-19,58.543045
2020-11-20,58.718327
2020-11-23,58.643204
2020-11-24,59.519604
2020-11-25,59.444481
2020-11-27,59.853466
2020-11-30,58.551395
2020-12-01,59.928589
2020-12-02,59.936932
2020-12-03,60.037094
2020-12-04,60.546230
2020-12-07,60.053776
2020-12-08,60.262432
2020-12-09,60.345924
2020-12-10,60.429379
2020-12-11,60.245754
2020-12-14,60.282837
2020-12-15,60.898056
2020-12-16,61.134026
2020-12-17,61.563843
2020-12-18,61.243587
2020-12-21,60.459812
2020-12-22,60.308117
2020-12-23,60.957043
2020-12-24,60.982334
2020-12-28,61.479549
2020-12-29,61.875648
2020-12-30,61.959938
2020-12-31,61.487976
2021-01-04,61.808235
2021-01-05,62.448742
2021-01-06,63.165077
2021-01-07,63.232506
2021-01-08,63.822456
2021-01-11,62.988106
2021-01-12,63.274647
2021-01-13,63.190365
2021-01-14,63.696045
2021-01-15,62.701561
2021-01-19,63.156662
2021-01-20,63.586452
2021-01-21,63.637032
2021-01-22,63.333645
2021-01-25,63.257786
2021-01-26,63.350491
2021-01-27,61.900944
2021-01-28,62.297031
2021-01-29,61.007607
2021-02-01,61.732391
2021-02-02,62.356033
2021-02-03,62.507725
2021-02-04,62.575150
2021-02-05,62.962822
2021-02-08,63.401066
2021-02-09,63.746582
2021-02-10,63.527470
2021-02-11,63.957283
2021-02-12,64.311241
2021-02-16,64.774757
2021-02-17,64.395515
2021-02-18,64.075272
2021-02-19,64.260666
2021-02-22,64.100555
2021-02-23,64.159546
2021-02-24,64.361816
2021-02-25,63.266216
2021-02-26,62.372894
2021-03-01,63.544327
2021-03-02,63.476894
2021-03-03,63.089245
2021-03-04,62.490868
2021-03-05,62.895397
2021-03-08,62.676285
2021-03-09,63.519039
2021-03-10,63.788738
2021-03-11,64.125832
2021-03-12,64.285957
2021-03-15,64.336525
2021-03-16,64.446083
2021-03-17,64.825317
2021-03-18,64.235390
2021-03-19,64.412369
2021-03-22,64.471367
2021-03-23,63.578045
2021-03-24,63.257786
2021-03-25,63.729740
2021-03-26,64.555649
2021-03-29,64.302811
2021-03-30,64.218536
2021-03-31,63.940422
2021-04-01,64.774757
2021-04-05,65.718666
2021-04-06,65.019165
2021-04-07,65.153999
2021-04-08,65.524834
2021-04-09,65.727081
2021-04-12,65.364693
2021-04-13,65.743942
2021-04-14,65.794502
2021-04-15,66.342308
2021-04-16,66.822678
2021-04-19,66.704689
2021-04-20,65.507980
2021-04-21,66.182175
2021-04-22,65.963051
2021-04-23,66.637268
2021-04-26,66.687828
2021-04-27,66.468719
2021-04-28,66.637268
2021-04-29,66.662552
2021-04-30,65.828217
2021-05-03,66.553001
2021-05-04,65.566963
2021-05-05,66.460289
2021-05-06,67.008080
2021-05-07,67.766579
2021-05-10,67.404190
2021-05-11,66.519272
2021-05-12,65.457413
2021-05-13,65.946198
2021-05-14,67.050209
2021-05-17,66.923813
2021-05-18,67.067078
2021-05-19,66.477150
2021-05-20,67.353607
2021-05-21,67.446320
2021-05-24,67.859276
2021-05-25,67.876129
2021-05-26,67.833984
2021-05-27,67.960411
2021-05-28,68.120537
2021-06-01,68.364944
2021-06-02,68.592484
2021-06-03,68.255363
2021-06-04,68.836876
2021-06-07,69.064415
2021-06-08,69.030716
2021-06-09,68.845314
2021-06-10,69.034966
2021-06-11,69.197266
2021-06-14,69.316872
2021-06-15,69.402298
2021-06-16,68.975151
2021-06-17,68.496773
2021-06-18,67.078636
2021-06-21,67.958557
2021-06-22,67.967094
2021-06-23,67.531410
2021-06-24,68.180679
2021-06-25,68.325905
2021-06-28,67.890221
2021-06-29,67.907310
2021-06-30,67.386185
2021-07-01,67.548500
2021-07-02,67.779144
2021-07-06,67.334923
2021-07-07,67.702271
2021-07-08,66.830910
2021-07-09,67.967094
2021-07-12,68.257553
2021-07-13,67.898750
2021-07-14,68.052528
2021-07-15,67.403275
2021-07-16,66.907768
2021-07-19,65.694695
2021-07-20,66.173088
2021-07-21,67.181145
2021-07-22,67.206787
2021-07-23,67.676636
2021-07-26,67.770622
2021-07-27,67.497238
2021-07-28,67.787697
2021-07-29,68.257553
2021-07-30,67.907310
2021-08-02,68.249016
2021-08-03,68.735962
2021-08-04,68.530922
2021-08-05,68.864098
2021-08-06,68.607803
2021-08-09,68.573639
2021-08-10,68.727402
2021-08-11,69.197266
2021-08-12,69.137474
2021-08-13,69.556068
2021-08-16,69.197266
2021-08-17,68.548004
2021-08-18,68.283180
2021-08-19,67.608292
2021-08-20,67.873123
2021-08-23,68.505295
2021-08-24,68.650528
2021-08-25,68.676155
2021-08-26,68.317368
2021-08-27,68.940979
2021-08-30,68.923897
2021-08-31,68.889732
2021-09-01,69.513374
2021-09-02,69.795273
2021-09-03,70.111351
2021-09-07,70.162621
2021-09-08,69.607330
2021-09-09,69.487732
2021-09-10,69.333969
2021-09-13,69.880714
2021-09-14,69.590256
2021-09-15,69.795273
2021-09-16,69.684227
2021-09-17,68.770126
2021-09-20,67.497238
2021-09-21,68.163582
2021-09-22,68.505295
2021-09-23,69.248535
2021-09-24,68.599274
2021-09-27,68.556564
2021-09-28,67.061554
2021-09-29,66.907768
2021-09-30,66.642960
2021-10-01,66.805267
2021-10-04,66.104736
2021-10-05,66.557533
2021-10-06,66.113289
2021-10-07,66.625854
2021-10-08,66.617340
2021-10-11,66.403763
2021-10-12,66.437927
2021-10-13,67.095726
2021-10-14,67.762077
2021-10-15,68.325905
2021-10-18,68.035446
2021-10-19,68.445511
2021-10-20,68.684700
2021-10-21,68.360069
2021-10-22,68.770126
2021-10-25,68.633446
2021-10-26,68.770126
2021-10-27,68.496773
2021-10-28,69.163109
2021-10-29,68.761581
2021-11-01,69.427925
2021-11-02,69.282700
2021-11-03,69.846535
2021-11-04,69.803825
2021-11-05,69.906342
2021-11-08,69.897789
2021-11-09,69.744011
2021-11-10,68.898270
2021-11-11,69.146019
2021-11-12,69.521912
2021-11-15,69.393768
2021-11-16,69.239990
2021-11-17,69.154564
2021-11-18,69.222900
2021-11-19,68.633446
2021-11-22,68.231934
2021-11-23,68.163582
2021-11-24,67.710823
2021-11-26,65.891197
2021-11-29,66.224358
2021-11-30,65.643425
2021-12-01,65.267555
2021-12-02,66.079124
2021-12-03,65.805748
2021-12-06,66.437927
2021-12-07,67.838966
2021-12-08,67.967094
2021-12-09,67.403275
2021-12-10,67.548500
2021-12-13,66.915749
2021-12-14,66.559418
2021-12-15,67.463326
2021-12-16,67.472008
2021-12-17,66.620247
2021-12-20,66.472496
2021-12-21,67.211273
2021-12-22,67.837059
2021-12-23,68.236870
2021-12-27,68.767044
2021-12-28,68.793121
2021-12-29,68.767044
2021-12-30,68.586769
2021-12-31,68.525795
2022-01-03,68.969986
2022-01-04,69.361908
2022-01-05,68.752251
2022-01-06,68.403862
2022-01-07,68.604179
2022-01-10,67.968399
2022-01-11,68.708702
2022-01-12,69.379318
2022-01-13,68.874184
2022-01-14,68.804504
2022-01-18,67.794197
2022-01-19,67.733238
2022-01-20,67.402283
2022-01-21,66.487793
2022-01-24,65.825867
2022-01-25,65.425240
2022-01-26,65.172661
2022-01-27,64.867836
2022-01-28,65.085571
2022-01-31,66.034904
2022-02-01,66.661972
2022-02-02,67.158417
2022-02-03,66.095863
2022-02-04,66.252647
2022-02-07,66.365868
2022-02-08,66.705521
2022-02-09,67.785500
2022-02-10,66.923248
2022-02-11,65.912971
2022-02-14,65.486206
2022-02-15,66.688110
2022-02-16,66.940689
2022-02-17,65.860710
2022-02-18,65.582016
2022-02-22,64.815590
2022-02-23,64.284309
2022-02-24,63.422066
2022-02-25,65.007195
2022-02-28,63.770447
2022-03-01,62.376945
2022-03-02,63.160782
2022-03-03,61.915329
2022-03-04,60.121185
2022-03-07,58.213833
2022-03-08,58.718975
2022-03-09,61.175037
2022-03-10,60.443443
2022-03-11,59.790241
2022-03-14,60.338928
2022-03-15,60.913754
2022-03-16,63.099819
2022-03-17,63.631100
2022-03-18,64.249458
2022-03-21,63.848831
2022-03-22,64.449791
2022-03-23,63.613678
2022-03-24,64.205910
2022-03-25,64.240768
2022-03-28,64.031723
2022-03-29,65.451363
2022-03-30,65.181374
2022-03-31,64.101402
2022-04-01,64.702354
2022-04-04,64.963638
2022-04-05,64.083977
2022-04-06,63.317551
2022-04-07,63.456913
2022-04-08,63.483028
2022-04-11,62.812401
2022-04-12,62.342102
2022-04-13,63.012726
2022-04-14,62.725307
2022-04-18,62.359516
2022-04-19,62.655655
2022-04-20,63.073696
2022-04-21,62.394348
2022-04-22,61.375359
2022-04-25,61.079235
2022-04-26,59.372181
2022-04-27,59.642178
2022-04-28,60.486977
2022-04-29,59.781528
2022-05-02,59.633465
2022-05-03,60.077652
2022-05-04,61.131493
2022-05-05,59.163151
2022-05-06,58.588337
2022-05-09,56.820320
2022-05-10,57.247082
2022-05-11,56.907410
2022-05-12,56.768059
2022-05-13,58.344467
2022-05-16,58.396740
2022-05-17,59.485409
2022-05-18,58.065765
2022-05-19,58.623165
2022-05-20,59.023800
2022-05-23,60.025387
2022-05-24,59.929577
2022-05-25,59.947006
2022-05-26,60.608913
2022-05-27,61.340508
2022-05-31,60.974716
2022-06-01,60.330215
2022-06-02,61.584377
2022-06-03,60.704720
2022-06-06,60.948597
2022-06-07,61.131493
2022-06-08,60.277969
2022-06-09,59.012093
2022-06-10,57.587749
2022-06-13,55.682693
2022-06-14,55.157475
2022-06-15,56.190121
2022-06-16,54.952724
2022-06-17,54.730171
2022-06-21,55.558067
2022-06-22,55.184181
2022-06-23,55.121861
2022-06-24,56.768757
2022-06-27,56.528397
2022-06-28,56.145603
2022-06-29,55.931961
2022-06-30,55.629284
2022-07-01,55.762817
2022-07-05,54.569927
2022-07-06,54.614445
2022-07-07,55.442341
2022-07-08,55.504654
2022-07-11,54.605541
2022-07-12,54.596642
2022-07-13,54.569927
2022-07-14,53.804352
2022-07-15,54.658955
2022-07-18,54.881512
2022-07-19,56.377064
2022-07-20,56.003166
2022-07-21,56.581810
2022-07-22,56.439373
2022-07-25,56.875584
2022-07-26,56.083294
2022-07-27,57.409702
2022-07-28,57.703476
2022-07-29,58.504669
2022-08-01,58.584778
2022-08-02,57.650066
2022-08-03,57.988346
2022-08-04,58.282116
2022-08-05,57.872620
2022-08-08,58.006153
2022-08-09,57.694572
2022-08-10,58.994282
2022-08-11,58.976479
2022-08-12,59.430489
2022-08-15,59.074402
2022-08-16,59.056591
2022-08-17,58.584778
2022-08-18,58.388935
2022-08-19,57.587749
2022-08-22,56.608517
2022-08-23,56.635220
2022-08-24,56.706444
2022-08-25,57.329590
2022-08-26,55.825134
2022-08-29,55.700504
2022-08-30,55.299904
2022-08-31,54.926025
2022-09-01,54.187141
2022-09-02,53.831059
2022-09-06,53.697529
2022-09-07,54.169334
2022-09-08,54.204945
2022-09-09,55.584770
2022-09-12,56.359261
2022-09-13,54.400791
2022-09-14,54.578838
2022-09-15,54.098122
2022-09-16,53.768745
2022-09-19,53.955692
2022-09-20,53.038776
2022-09-21,52.344406
2022-09-22,52.193069
2022-09-23,50.528370
2022-09-26,49.780594
2022-09-27,49.442314
2022-09-28,50.635197
2022-09-29,50.038757
2022-09-30,49.860710
2022-10-03,50.848850
2022-10-04,52.887436
2022-10-05,52.326603
2022-10-06,51.409687
2022-10-07,50.590691
2022-10-10,50.305820
2022-10-11,49.753895
2022-10-12,49.593651
2022-10-13,50.617401
2022-10-14,49.860710
2022-10-17,51.089203
2022-10-18,51.454193
2022-10-19,50.822144
2022-10-20,50.706417
2022-10-21,51.623341
2022-10-24,51.632240
2022-10-25,52.771706
2022-10-26,53.270229
2022-10-27,52.771706
2022-10-28,53.296928
2022-10-31,52.798412
2022-11-01,53.216808
2022-11-02,52.442333
2022-11-03,51.997227
2022-11-04,54.080318
2022-11-07,54.249458
2022-11-08,54.863705
2022-11-09,54.098122
2022-11-10,57.133747
2022-11-11,58.273209
2022-11-14,57.658962
2022-11-15,58.041752
2022-11-16,57.908222
2022-11-17,57.881508
2022-11-18,57.997246
2022-11-21,57.561047
2022-11-22,58.362232
2022-11-23,59.003181
2022-11-25,59.305862
2022-11-28,58.540272
2022-11-29,58.709415
2022-11-30,59.750961
2022-12-01,60.329594
2022-12-02,60.285084
2022-12-05,59.492802
2022-12-06,59.225731
2022-12-07,59.225731
2022-12-08,59.528412
2022-12-09,59.564022
2022-12-12,59.742062
2022-12-13,60.589371
2022-12-14,60.535732
2022-12-15,58.989498
2022-12-16,58.471100
2022-12-19,58.328094
2022-12-20,58.560482
2022-12-21,59.168243
2022-12-22,58.685619
2022-12-23,58.891178
2022-12-27,58.980553
2022-12-28,58.354919
2022-12-29,59.275509
2022-12-30,58.667740
2023-01-03,59.186134
2023-01-04,59.972649
2023-01-05,59.373825
2023-01-06,60.893250
2023-01-09,61.152443
2023-01-10,61.331200
2023-01-11,61.795963
2023-01-12,62.707630
2023-01-13,63.038322
2023-01-17,63.234959
2023-01-18,63.011509
2023-01-19,62.913193
2023-01-20,63.467339
2023-01-23,63.726536
2023-01-24,63.646091
2023-01-25,64.066170
2023-01-26,64.119797
2023-01-27,63.994667
2023-01-30,63.583530
2023-01-31,63.949986
2023-02-01,64.521996
2023-02-02,64.432617
2023-02-03,63.833786
2023-02-06,63.181328
2023-02-07,63.717598
2023-02-08,63.324329
2023-02-09,63.440536
2023-02-10,63.163445
2023-02-13,63.798031
2023-02-14,63.914227
2023-02-15,63.628220
2023-02-16,63.315392
2023-02-17,63.476276
2023-02-21,62.779129
2023-02-22,62.430550
2023-02-23,62.752319
2023-02-24,61.706596
2023-02-27,62.439480
2023-02-28,61.983665
2023-03-01,62.314354
2023-03-02,62.439480
2023-03-03,63.351135
2023-03-06,63.190262
2023-03-07,62.135597
2023-03-08,62.475239
2023-03-09,62.019409
2023-03-10,61.358017
2023-03-13,60.937939
2023-03-14,61.751274
2023-03-15,59.838585
2023-03-16,60.768116
2023-03-17,60.044155
2023-03-20,60.982624
2023-03-21,61.903229
2023-03-22,61.688713
2023-03-23,61.697651
2023-03-24,61.509953
2023-03-27,62.090923
2023-03-28,62.117725
2023-03-29,62.868504
2023-03-30,63.601406
2023-03-31,63.923168
2023-04-03,64.432617
2023-04-04,64.441551
2023-04-05,63.994667
2023-04-06,64.298553
2023-04-10,64.253868
2023-04-11,64.468369
2023-04-12,64.879501
2023-04-13,65.710739
2023-04-14,65.442589
2023-04-17,65.326393
2023-04-18,65.683899
2023-04-19,65.478340
2023-04-20,65.478340
2023-04-21,65.809036
2023-04-24,65.978851
2023-04-25,65.058273
2023-04-26,65.013573
2023-04-27,65.826920
2023-04-28,65.800102
2023-05-01,65.701790
2023-05-02,65.040382
2023-05-03,65.210205
2023-05-04,65.076141
2023-05-05,66.032478
2023-05-08,66.050362
2023-05-09,65.782227
2023-05-10,65.648163
2023-05-11,65.487282
2023-05-12,65.371086
2023-05-15,65.871605
2023-05-16,65.245964
2023-05-17,65.549850
2023-05-18,65.451530
2023-05-19,65.835846
2023-05-22,65.853737
2023-05-23,64.888435
2023-05-24,63.941036
2023-05-25,63.851665
2023-05-26,64.477310
2023-05-30,63.824848
2023-05-31,63.163445
2023-06-01,64.101921
2023-06-02,64.933136
2023-06-05,64.557755
2023-06-06,65.094017
2023-06-07,64.521523
2023-06-08,65.204155
2023-06-09,65.094925
2023-06-12,65.377075
2023-06-13,65.995987
2023-06-14,66.241730
2023-06-15,66.942558
2023-06-16,66.796936
2023-06-20,65.914070
2023-06-21,66.014198
2023-06-22,65.604622
2023-06-23,64.585228
2023-06-26,64.667152
2023-06-27,65.231453
2023-06-28,65.276955
2023-06-29,65.185944
2023-06-30,65.986885
2023-07-03,65.914070
2023-07-05,65.176849
2023-07-06,64.048248
2023-07-07,64.530624
2023-07-10,64.712662
2023-07-11,65.295166
2023-07-12,66.542091
2023-07-13,67.606979
2023-07-14,67.224716
2023-07-17,67.142792
2023-07-18,67.579674
2023-07-19,67.543266
2023-07-20,67.197411
2023-07-21,67.333931
2023-07-24,67.170097
2023-07-25,67.242912
2023-07-26,67.424950
2023-07-27,67.270226
2023-07-28,67.752609
2023-07-31,67.770798
2023-08-01,66.924362
2023-08-02,65.677429
2023-08-03,65.495392
2023-08-04,65.677429
2023-08-07,66.232628
2023-08-08,65.832161
2023-08-09,65.813957
2023-08-10,66.096107
2023-08-11,65.650124
2023-08-14,65.358879
2023-08-15,64.548828
2023-08-16,64.020927
2023-08-17,63.565845
2023-08-18,63.565845
2023-08-21,63.802498
2023-08-22,63.684181
2023-08-23,64.375900
2023-08-24,63.493046
2023-08-25,63.920811
2023-08-28,64.594345
2023-08-29,65.395287
2023-08-30,65.358879
2023-08-31,65.104034
2023-09-01,65.067619
2023-09-05,64.503326
2023-09-06,64.366791
2023-09-07,64.157455
2023-09-08,64.066444
2023-09-11,64.730858
2023-09-12,64.466911
2023-09-13,64.266685
2023-09-14,65.113136
2023-09-15,64.967491
2023-09-18,64.739960
2023-09-19,64.794579
2023-09-20,64.639839
2023-09-21,63.565845
2023-09-22,63.620464
2023-09-25,63.338310
2023-09-26,62.519169
2023-09-27,62.400841
2023-09-28,62.910538
2023-09-29,62.728504
2023-10-02,61.809238
2023-10-03,61.035591
2023-10-04,61.144814
2023-10-05,61.681816
2023-10-06,62.364429
2023-10-09,62.273422
2023-10-10,63.128975
2023-10-11,63.392921
2023-10-12,62.865025
2023-10-13,62.282528
2023-10-16,62.737610
2023-10-17,62.774021
2023-10-18,61.681816
2023-10-19,61.135712
2023-10-20,60.589615
2023-10-23,60.635124
2023-10-24,60.980991
2023-10-25,60.544102
2023-10-26,60.107231
2023-10-27,59.925190
2023-10-30,60.689728
2023-10-31,60.908173
2023-11-01,61.481583
2023-11-02,62.737610
2023-11-03,63.402031
2023-11-06,63.083469
2023-11-07,62.701199
2023-11-08,62.619282
2023-11-09,62.610180
2023-11-10,62.892330
2023-11-13,63.056156
2023-11-14,64.667152
2023-11-15,64.567032
2023-11-16,64.521523
2023-11-17,65.395287
2023-11-20,65.641022
2023-11-21,65.386177
2023-11-22,65.540909
2023-11-24,66.041489
2023-11-27,65.813957
2023-11-28,65.832161
2023-11-29,65.968689
2023-11-30,65.914070
2023-12-01,66.605804
2023-12-04,66.087006
2023-12-05,65.850365
2023-12-06,66.050591
2023-12-07,66.369156
2023-12-08,66.569397
2023-12-11,66.733215
2023-12-12,66.851540
2023-12-13,67.825417
2023-12-14,68.326019
2023-12-15,67.661583
2023-12-18,67.825417
2023-12-19,68.398827
2023-12-20,67.708557
2023-12-21,68.805244
2023-12-22,68.869759
2023-12-26,69.183098
2023-12-27,69.551727
2023-12-28,69.367393
2023-12-29,69.441124
2024-01-02,68.667000
2024-01-03,68.150917
2024-01-04,68.307587
2024-01-05,68.353661
2024-01-08,69.081718
2024-01-09,68.464256
2024-01-10,68.906609
2024-01-11,68.897400
2024-01-12,69.183098
2024-01-16,68.021889
2024-01-17,67.376785
2024-01-18,67.975815
2024-01-19,68.132477
2024-01-22,68.344444
2024-01-23,68.150917
2024-01-24,68.667000
2024-01-25,68.860535
2024-01-26,69.164650
2024-01-29,69.570145
2024-01-30,69.477989
2024-01-31,69.127792
2024-02-01,69.809761
2024-02-02,69.256813
2024-02-05,68.888176
2024-02-06,69.312111
2024-02-07,69.275238
2024-02-08,69.155434
2024-02-09,69.395050
2024-02-12,69.514854
2024-02-13,68.445816
2024-02-14,69.210732
2024-02-15,69.994080
2024-02-16,70.104675
2024-02-20,70.390350
2024-02-21,70.445656
2024-02-22,71.238213
2024-02-23,71.330368
2024-02-26,71.229004
2024-02-27,71.422531
2024-02-28,71.007828
2024-02-29,71.192131
2024-03-01,71.883316
2024-03-04,71.699005
2024-03-05,71.569984
2024-03-06,72.417839
2024-03-07,73.274902
2024-03-08,73.035294
2024-03-11,72.620583
2024-03-12,73.201180
2024-03-13,73.210403
2024-03-14,72.675873
2024-03-15,72.703529
2024-03-18,72.685089
2024-03-19,72.814110
2024-03-20,73.588234
2024-03-21,73.551376
2024-03-22,73.394707
2024-03-25,73.238037
2024-03-26,73.320984
2024-03-27,73.763351
2024-03-28,73.597458
2024-04-01,73.284126
2024-04-02,72.768044
2024-04-03,73.173538
2024-04-04,72.546852
2024-04-05,72.777245
2024-04-08,73.136665
2024-04-09,73.127441
2024-04-10,72.159790
2024-04-11,72.353325
2024-04-12,71.182922
2024-04-15,70.970955
2024-04-16,70.270546
2024-04-17,70.316643
2024-04-18,70.123085
2024-04-19,70.150757
2024-04-22,70.970955
2024-04-23,71.745079
2024-04-24,71.606842
2024-04-25,71.275078
2024-04-26,71.846458
2024-04-29,72.122925
2024-04-30,71.210556
2024-05-01,71.053894
2024-05-02,72.012337
2024-05-03,72.731171
2024-05-06,73.228821
2024-05-07,73.422371
2024-05-08,73.339417
2024-05-09,73.901581
2024-05-10,74.039818
2024-05-13,74.039818
2024-05-14,74.592773
2024-05-15,75.385330
2024-05-16,74.979828
2024-05-17,75.237877
2024-05-20,75.293159
2024-05-21,75.173363
2024-05-22,74.463745
2024-05-23,74.085899
2024-05-24,74.694145
2024-05-28,74.666496
2024-05-29,73.486862
2024-05-30,74.104332
2024-05-31,74.813942
2024-06-03,75.025917
2024-06-04,74.933754
2024-06-05,75.459061
2024-06-06,75.717102
2024-06-07,74.896889
2024-06-10,74.841599
2024-06-11,73.991142
2024-06-12,74.863152
2024-06-13,73.794228
2024-06-14,72.978455
2024-06-17,73.269135
2024-06-18,73.559807
2024-06-20,73.606689
2024-06-21,73.090965
2024-06-24,73.672333
2024-06-25,73.850487
2024-06-26,73.306633
2024-06-27,73.362892
2024-06-28,73.447289
2024-07-01,73.578560
2024-07-02,73.756721
2024-07-03,74.600609
2024-07-05,75.097580
2024-07-08,74.722504
2024-07-09,74.422462
2024-07-10,75.472649
2024-07-11,75.688316
2024-07-12,76.494698
2024-07-15,75.819580
2024-07-16,76.185272
2024-07-17,75.782066
2024-07-18,75.031944
2024-07-19,74.572487
2024-07-22,75.360130
2024-07-23,74.938171
2024-07-24,73.991142
2024-07-25,73.522308
2024-07-26,74.459969
2024-07-29,74.131775
2024-07-30,74.300560
2024-07-31,75.350746
2024-08-01,73.353523
2024-08-02,72.200195
2024-08-05,70.624916
2024-08-06,70.746803
2024-08-07,71.084373
2024-08-08,72.275208
2024-08-09,72.556503
2024-08-12,72.490868
2024-08-13,73.737961
2024-08-14,74.009880
2024-08-15,74.910049
2024-08-16,75.322617
2024-08-19,76.241524
2024-08-20,76.007103
2024-08-21,76.710358
2024-08-22,76.260292
2024-08-23,77.657394
2024-08-26,77.310463
2024-08-27,77.666779
2024-08-28,77.394852
2024-08-29,77.685539
2024-08-30,77.807426
2024-09-03,76.579086
2024-09-04,76.241524
2024-09-05,76.260292
2024-09-06,74.825661
2024-09-09,75.575790
2024-09-10,75.200722
2024-09-11,75.650795
2024-09-12,76.269661
2024-09-13,76.447815
2024-09-16,77.066666
2024-09-17,76.635345
2024-09-18,76.391556
2024-09-19,77.901199
2024-09-20,77.132309
2024-09-23,77.422989
2024-09-24,77.882446
2024-09-25,77.460487
2024-09-26,79.167046
2024-09-27,78.688835
2024-09-30,78.416908
2024-10-01,77.835564
2024-10-02,77.676155
2024-10-03,76.954155
2024-10-04,77.404236
2024-10-07,76.972908
2024-10-08,76.851013
2024-10-09,76.869759
2024-10-10,76.776001
2024-10-11,77.169823
2024-10-14,77.394852
2024-10-15,76.110252
2024-10-16,76.307159
2024-10-17,76.316544
2024-10-18,76.832260
2024-10-21,75.922722
2024-10-22,75.491402
2024-10-23,74.731888
2024-10-24,75.153839
2024-10-25,74.900673
2024-10-28,75.500771
2024-10-29,75.228859
2024-10-30,74.741264
2024-10-31,74.281807
2024-11-01,74.431839
2024-11-04,74.488106
2024-11-05,75.228859
2024-11-06,74.141159
2024-11-07,75.266350
2024-11-08,74.225555
2024-11-11,74.244308
2024-11-12,72.865936
2024-11-13,72.434616
2024-11-14,72.584641
2024-11-15,72.322083
2024-11-18,72.715912
2024-11-19,72.622139
2024-11-20,72.425232
2024-11-21,72.443993
2024-11-22,72.725281
2024-11-25,73.100357
2024-11-26,72.678398
2024-11-27,73.072227
2024-11-29,74.047394
2024-12-02,74.253685
2024-12-03,74.675629
2024-12-04,74.731888
2024-12-05,75.097580
2024-12-06,75.088203
2024-12-09,75.041321
2024-12-10,74.366196
2024-12-11,74.835030
2024-12-12,74.178665
2024-12-13,73.972382
2024-12-16,73.728592
2024-12-17,73.611679
2024-12-18,71.805847
2024-12-19,71.577736
2024-12-20,71.378143
2024-12-23,71.843864
2024-12-24,72.100479
2024-12-26,72.442642
2024-12-27,72.338097
2024-12-30,71.862877
2024-12-31,71.862877
2025-01-02,71.615761
2025-01-03,71.929405
2025-01-06,72.613724
2025-01-07,72.556686
2025-01-08,72.442642
2025-01-10,71.340126
2025-01-13,71.140533
2025-01-14,71.397156
2025-01-15,72.309578
2025-01-16,72.680252
2025-01-17,72.974884
2025-01-21,74.448067
2025-01-22,74.277000
2025-01-23,74.885277
2025-01-24,75.303474
2025-01-27,75.303474
2025-01-28,75.208420
2025-01-29,75.198921
2025-01-30,76.025803
2025-01-31,75.312973
2025-02-03,74.429062
2025-02-04,75.293961
2025-02-05,76.025803
2025-02-06,76.386978
2025-02-07,75.664635
2025-02-10,76.177879
2025-02-11,76.539040
2025-02-12,76.824173
2025-02-13,77.755608
2025-02-14,77.869659
2025-02-18,78.430420
2025-02-19,77.622543
2025-02-20,77.983711
2025-02-21,77.498993
2025-02-24,77.451462
2025-02-25,78.154793
2025-02-26,78.259338
2025-02-27,77.375427
2025-02-28,77.537010
2025-03-03,78.392403
2025-03-04,78.373390
2025-03-05,80.245766
2025-03-06,79.418877
2025-03-07,80.245766
2025-03-10,78.354385
2025-03-11,78.088264
2025-03-12,78.649025
2025-03-13,78.126274
2025-03-14,79.561440
2025-03-17,80.454865
2025-03-18,80.445358
2025-03-19,80.682968
2025-03-20,80.008148
2025-03-21,79.513924
2025-03-24,79.504417
2025-03-25,79.941620
2025-03-26,78.905640
2025-03-27,79.076721
2025-03-28,78.373390
2025-03-31,77.679573
2025-04-01,77.793625
2025-04-02,77.974205
2025-04-03,76.339447
2025-04-04,71.302109
2025-04-07,69.581810
2025-04-08,69.344200
2025-04-09,74.695175
2025-04-10,73.222008
2025-04-11,75.056358
2025-04-14,75.864235
2025-04-15,76.548546
2025-04-16,76.253906
2025-04-17,77.080788
2025-04-21,76.662613
2025-04-22,78.249840
2025-04-23,78.563492
2025-04-24,79.608963
2025-04-25,79.951134
2025-04-28,80.483376
2025-04-29,80.644943
2025-04-30,80.549904
2025-05-01,80.293289
2025-05-02,81.833000
2025-05-05,81.975563
2025-05-06,81.871017
2025-05-07,81.595383
2025-05-08,81.310265
2025-05-09,81.709442
2025-05-12,82.127640
2025-05-13,82.232178
2025-05-14,81.833000
2025-05-15,82.726418
2025-05-16,82.916504
2025-05-19,83.705376
2025-05-20,84.104553
2025-05-21,83.610329
2025-05-22,83.562805
2025-05-23,83.676865
2025-05-27,84.893417
2025-05-28,83.914459
2025-05-29,84.285141
2025-05-30,84.408691
2025-06-02,85.311623
2025-06-03,84.665314
2025-06-04,85.045502
2025-06-05,84.988457
2025-06-06,85.292610
2025-06-09,85.283112
2025-06-10,85.397156
2025-06-11,85.254578
2025-06-12,85.910393
2025-06-13,84.807884
2025-06-16,85.125999
2025-06-17,84.081741
2025-06-18,84.226776
2025-06-20,83.472595
2025-06-23,84.101082
2025-06-24,85.125999
2025-06-25,84.661880
2025-06-26,85.609444
2025-06-27,86.382957
2025-06-30,86.431305
2025-07-01,86.286278
2025-07-02,86.537674
2025-07-03,86.557007
2025-07-07,85.619110
2025-07-08,86.247597
2025-07-09,86.895424
2025-07-10,86.837410
2025-07-11,86.005875
2025-07-14,86.005875
2025-07-15,85.106659
2025-07-16,85.454742
2025-07-17,85.677132
2025-07-18,85.435402
2025-07-21,85.889847
2025-07-22,86.363625
2025-07-23,88.510147
2025-07-24,87.852661
2025-07-25,87.746292
2025-07-28,86.334618
2025-07-29,86.160576
2025-07-30,85.541763
2025-07-31,84.623207
2025-08-01,84.400818
2025-08-04,85.522423
2025-08-05,85.512756
2025-08-06,86.073555
2025-08-07,86.847076
2025-08-08,87.378876
2025-08-11,87.011444
2025-08-12,88.075035
2025-08-13,88.606834
2025-08-14,88.616508
2025-08-15,89.138634
2025-08-18,89.041939
2025-08-19,89.051613
2025-08-20,89.370689
2025-08-21,88.809883
2025-08-22,90.144218
2025-08-25,88.954926
2025-08-26,88.858231
2025-08-27,88.645508
2025-08-28,88.974258
2025-08-29,88.452141
2025-09-02,87.581924
2025-09-03,87.717293
2025-09-04,88.355438
2025-09-05,88.751877
2025-09-08,89.641418
2025-09-09,89.341682
2025-09-10,89.322342
2025-09-11,90.269905
2025-09-12,89.912155
2025-09-15,90.511635
2025-09-16,90.260239
2025-09-17,89.921822
2025-09-18,90.269905
2025-09-19,89.921822
2025-09-22,90.211899
2025-09-23,90.037857
2025-09-24,89.515732
2025-09-25,88.877563
2025-09-26,89.564072
2025-09-29,89.912155
2025-09-30,90.279579
2025-10-01,91.024094
2025-10-02,91.169128
2025-10-03,91.932976
2025-10-06,92.145699
2025-10-07,91.343170
2025-10-08,91.613899
2025-10-09,90.859726
2025-10-10,89.186974
2025-10-13,89.902489
2025-10-14,90.308594
2025-10-15,90.743690
2025-10-16,91.217468
2025-10-17,91.381844
2025-10-20,92.136024
2025-10-21,91.459198
2025-10-22,91.323830
2025-10-23,91.749268
2025-10-24,91.894302
2025-10-27,92.532455
2025-10-28,92.493782
2025-10-29,91.971664
2025-10-30,91.565552
2025-10-31,91.362503
2025-11-03,91.401184
2025-11-04,90.463287
2025-11-05,91.043434
2025-11-06,90.840378
2025-11-07,91.178802
2025-11-10,92.136024
2025-11-11,92.812859
2025-11-12,93.363991
2025-11-13,92.368080
2025-11-14,92.107025
2025-11-17,90.908066
2025-11-18,89.728447
2025-11-19,89.457703
2025-11-20,88.220078
2025-11-21,89.583412
2025-11-24,89.660767
2025-11-25,90.734016
2025-11-26,91.729935
2025-11-28,92.039345
2025-12-01,91.584892
2025-12-02,91.894302
2025-12-03,92.387428
2025-12-04,92.638817
2025-12-05,92.638817
2025-12-08,92.348747
2025-12-09,92.223053
2025-12-10,93.247963
2025-12-11,93.799095
2025-12-12,93.305977
2025-12-15,93.876450
2025-12-16,93.441338
2025-12-17,92.683334
2025-12-18,93.342896
2025-12-19,93.972923
2025-12-22,94.209183
2025-12-23,94.790001
2025-12-24,94.908134
2025-12-26,95.065636
2025-12-29,94.780151
2025-12-30,94.937660
2025-12-31,94.534042
2026-01-02,95.528313
2026-01-05,96.621025
2026-01-06,96.768692
2026-01-07,96.404449
2026-01-08,96.414299
2026-01-09,97.270737
2026-01-12,97.861397
2026-01-13,97.300270
2026-01-14,97.753113
2026-01-15,97.713730
2026-01-16,97.979523
2026-01-20,96.493042
2026-01-21,97.487312
2026-01-22,97.871239
2026-01-23,98.412674
2026-01-26,98.904884
2026-01-27,100.499641
2026-01-28,99.436470
2026-01-29,100.105881
2026-01-30,99.170670
2026-02-02,99.820396
2026-02-03,99.869614
2026-02-04,100.194473
2026-02-05,98.767067
2026-02-06,101.011543
2026-02-09,102.370041
2026-02-10,102.616150
2026-02-11,103.305252
2026-02-12,102.527557
2026-02-13,102.616150
2026-02-17,102.596466
2026-02-18,102.714592
2026-02-19,102.429115
2026-02-20,103.265869
2026-02-23,102.842567
2026-02-24,103.029610
2026-02-25,104.014038
2026-02-26,103.925430
2026-02-27,103.738388
2026-03-02,101.690796
2026-03-03,98.530800
2026-03-04,99.800705
2026-03-05,97.615295
2026-03-06,96.748993
2026-03-09,97.447937
2026-03-10,97.674355
2026-03-11,97.467628
2026-03-12,95.941772
2026-03-13,94.799843
2026-03-16,96.571800
2026-03-17,96.837601
2026-03-18,95.183769
2026-03-19,95.016411
2026-03-20,92.132057
2026-03-23,94.347000
2026-03-24,93.785881
2026-03-25,95.154236
2026-03-26,93.185394
2026-03-27,92.338791
2026-03-30,92.604576
2026-03-31,95.616905
2026-04-01,97.073860
2026-04-02,96.473358
2026-04-06,96.955727
2026-04-07,96.817902
2026-04-08,100.598091
2026-04-09,100.361824
2026-04-10,100.588242
2026-04-13,101.208427
2026-04-14,102.025497
2026-04-15,101.700638
2026-04-16,101.405312
2026-04-17,102.694908
2026-04-20,102.291298
2026-04-21,100.046806
2026-04-22,100.381516
2026-04-23,99.662888
2026-04-24,100.184624
2026-04-27,99.800705
2026-04-28,99.387245
2026-04-29,98.373291
2026-04-30,100.726059
2026-05-01,100.509491
2026-05-04,99.131294
2026-05-05,100.450424
2026-05-06,103.177269
2026-05-07,101.287186
2026-05-08,102.340515
2026-05-11,102.123940
2026-05-12,101.533287
2026-05-13,102.212540
2026-05-14,101.848305
2026-05-15,100.135406
2026-05-18,101.060768
2026-05-19,100.332291
2026-05-20,102.005814
2026-05-21,102.566933
2026-05-22,102.360207
2026-05-26,103.492287
2026-05-27,103.137894
2026-05-28,103.059143
2026-05-29,103.167435
2026-06-01,102.813042
2026-06-02,103.383995
2026-06-03,102.498024
2026-06-04,103.315086
2026-06-05,100.667000
2026-06-08,101.277336
2026-06-09,101.297028
2026-06-10,99.987747
2026-06-11,103.098526
2026-06-12,103.383995
2026-06-15,104.080002
2026-06-16,104.309998
2026-06-17,103.779999
2026-06-18,104.410004
2026-06-22,104.580002
2026-06-23,102.459999
2026-06-24,102.260002
2026-06-25,103.150002
2026-06-26,102.540001
2026-06-29,103.449997
2026-06-30,103.879997
2026-07-01,103.019997
2026-07-02,104.370003
2026-07-06,105.459999
2026-07-07,104.160004
2026-07-08,103.360001
2026-07-09,103.919998
2026-07-10,104.330002
2026-07-13,103.239998
2026-07-14,103.959999
2026-07-15,104.650002
2026-07-16,103.809998
2026-07-17,103.330002
2026-07-20,102.570000
2026-07-21,104.059998
2026-07-22,104.250000
2026-07-23,102.900002
2026-07-24,103.410004
2026-07-27,103.910004
2026-07-28,103.889999
2026-07-29,103.370003
2026-07-30,106.239998
2026-07-31,105.580002
2026-08-03,106.019997
2026-08-04,107.320000
2026-08-05,107.430000
2026-08-06,107.360001
2026-08-07,108.550003
2026-08-10,108.010002
2026-08-11,108.089996
2026-08-12,108.500000
2026-08-13,108.690002
2026-08-14,108.639999
2026-08-17,108.449997
2026-08-18,107.269997
2026-08-19,107.660004
2026-08-20,107.349998
2026-08-21,108.239998
2026-08-24,108.029999
2026-08-25,108.809998
2026-08-26,108.269997
2026-08-27,108.019997
2026-08-28,107.720001
2026-08-31,107.449997
2026-09-01,106.489998
2026-09-02,107.059998
2026-09-03,108.209999
2026-09-04,108.349998
2026-09-08,107.760002
2026-09-09,106.559998
2026-09-10,105.660004
2026-09-11,106.699997
2026-09-14,105.849998
2026-09-15,105.400002
2026-09-16,105.019997
2026-09-17,106.040001
2026-09-18,104.970001
2026-09-21,106.129997
2026-09-22,106.500000
2026-09-23,104.800003
2026-09-24,104.500000
2026-09-25,105.559998
2026-09-28,105.040001
2026-09-29,104.540001
2026-09-30,103.889999
2026-10-01,102.820000
2026-10-02,103.959999
