date,adj_close
1996-03-18,38.454071
1996-03-19,38.294502
1996-03-20,38.294502
1996-03-21,39.251881
1996-03-22,39.092319
1996-03-25,39.411434
1996-03-26,39.411434
1996-03-27,39.730553
1996-03-28,39.730553
1996-03-29,40.049679
1996-04-01,40.049679
1996-04-02,40.368797
1996-04-03,40.049679
1996-04-04,40.209229
1996-04-08,39.570999
1996-04-09,40.209229
1996-04-10,39.890118
1996-04-11,39.890118
1996-04-12,40.049679
1996-04-15,40.209229
1996-04-16,40.209229
1996-04-17,40.049679
1996-04-18,40.209229
1996-04-19,40.687923
1996-04-22,41.964405
1996-04-23,41.645279
1996-04-24,42.123959
1996-04-25,41.964405
1996-04-26,42.123959
1996-04-29,41.804848
1996-04-30,41.964405
1996-05-01,41.964405
1996-05-02,41.485729
1996-05-03,41.485729
1996-05-06,41.326160
1996-05-07,41.326160
1996-05-08,41.485729
1996-05-09,41.326160
1996-05-10,41.007042
1996-05-13,40.368797
1996-05-14,40.687923
1996-05-15,41.007042
1996-05-16,41.166592
1996-05-17,40.847477
1996-05-20,40.687923
1996-05-21,40.528358
1996-05-22,40.368797
1996-05-23,40.049679
1996-05-24,39.890118
1996-05-28,39.890118
1996-05-29,39.890118
1996-05-30,40.049679
1996-05-31,40.049679
1996-06-03,39.411434
1996-06-04,39.730553
1996-06-05,39.570999
1996-06-06,39.570999
1996-06-07,39.251881
1996-06-10,39.251881
1996-06-11,39.411434
1996-06-12,39.890118
1996-06-13,40.049679
1996-06-14,40.209229
1996-06-17,40.049679
1996-06-18,40.528358
1996-06-19,40.687923
1996-06-20,40.847477
1996-06-21,41.166592
1996-06-24,40.528358
1996-06-25,40.368797
1996-06-26,40.528358
1996-06-27,40.528358
1996-06-28,40.528358
1996-07-01,40.368797
1996-07-02,39.890118
1996-07-03,39.890118
1996-07-05,39.092319
1996-07-08,38.773197
1996-07-09,38.932755
1996-07-10,38.773197
1996-07-11,38.294502
1996-07-12,38.454071
1996-07-15,38.134949
1996-07-16,38.294502
1996-07-17,38.454071
1996-07-18,39.092319
1996-07-19,38.613621
1996-07-22,38.134949
1996-07-23,38.454071
1996-07-24,37.337151
1996-07-25,37.815826
1996-07-26,38.134949
1996-07-29,37.815826
1996-07-30,38.134949
1996-07-31,38.613621
1996-08-01,38.613621
1996-08-02,38.613621
1996-08-05,38.773197
1996-08-06,38.134949
1996-08-07,37.815826
1996-08-08,37.656258
1996-08-09,37.496696
1996-08-12,37.656258
1996-08-13,37.815826
1996-08-14,37.975391
1996-08-15,37.975391
1996-08-16,37.656258
1996-08-19,37.975391
1996-08-20,37.656258
1996-08-21,38.134949
1996-08-22,38.294502
1996-08-23,38.134949
1996-08-26,37.815826
1996-08-27,37.496696
1996-08-28,37.337151
1996-08-29,37.018013
1996-08-30,36.539345
1996-09-03,36.060665
1996-09-04,36.379784
1996-09-05,36.539345
1996-09-06,36.539345
1996-09-09,36.539345
1996-09-10,36.698914
1996-09-11,36.539345
1996-09-12,36.539345
1996-09-13,36.858463
1996-09-16,37.177582
1996-09-17,37.656258
1996-09-18,37.337151
1996-09-19,37.656258
1996-09-20,37.337151
1996-09-23,37.018013
1996-09-24,37.496696
1996-09-25,37.656258
1996-09-26,37.656258
1996-09-27,37.975391
1996-09-30,37.815826
1996-10-01,37.815826
1996-10-02,37.496696
1996-10-03,37.337151
1996-10-04,37.177582
1996-10-07,37.018013
1996-10-08,36.379784
1996-10-09,36.220226
1996-10-10,36.539345
1996-10-11,36.698914
1996-10-14,36.698914
1996-10-15,37.337151
1996-10-16,37.177582
1996-10-17,37.337151
1996-10-18,37.656258
1996-10-21,36.220226
1996-10-22,36.379784
1996-10-23,36.060665
1996-10-24,36.379784
1996-10-25,35.901104
1996-10-28,35.741531
1996-10-29,35.581982
1996-10-30,35.422421
1996-10-31,35.262863
1996-11-01,35.581982
1996-11-04,35.581982
1996-11-05,35.262863
1996-11-06,36.060665
1996-11-07,36.060665
1996-11-08,36.539345
1996-11-11,36.539345
1996-11-12,36.539345
1996-11-13,36.220226
1996-11-14,36.379784
1996-11-15,36.539345
1996-11-18,36.060665
1996-11-19,36.060665
1996-11-20,36.379784
1996-11-21,36.379784
1996-11-22,36.858463
1996-11-25,36.858463
1996-11-26,36.698914
1996-11-27,36.539345
1996-11-29,36.060665
1996-12-02,35.262863
1996-12-03,35.262863
1996-12-04,35.422421
1996-12-05,36.379784
1996-12-06,35.262863
1996-12-09,35.581982
1996-12-10,35.422421
1996-12-11,34.465076
1996-12-12,34.784164
1996-12-13,34.624611
1996-12-16,34.465076
1996-12-17,34.465076
1996-12-18,34.305496
1996-12-19,33.826809
1996-12-20,33.986374
1996-12-23,33.826809
1996-12-24,33.029030
1996-12-26,33.507687
1996-12-27,33.188580
1996-12-30,33.348141
1996-12-31,33.348141
1997-01-02,33.348141
1997-01-03,33.348141
1997-01-06,33.826809
1997-01-07,33.188580
1997-01-08,32.709896
1997-01-09,31.752539
1997-01-10,30.316486
1997-01-13,30.954727
1997-01-14,30.954727
1997-01-15,31.114290
1997-01-16,31.273846
1997-01-17,31.114290
1997-01-20,30.156919
1997-01-21,30.635605
1997-01-22,30.635605
1997-01-23,29.997356
1997-01-24,29.678240
1997-01-27,28.880453
1997-01-28,29.678240
1997-01-29,29.359125
1997-01-30,29.199560
1997-01-31,29.997356
1997-02-03,29.997356
1997-02-04,29.837797
1997-02-05,29.359125
1997-02-06,29.040009
1997-02-07,29.359125
1997-02-10,29.518679
1997-02-11,29.359125
1997-02-12,29.518679
1997-02-13,29.997356
1997-02-14,29.837797
1997-02-18,29.678240
1997-02-19,29.837797
1997-02-20,30.795172
1997-02-21,31.273846
1997-02-24,31.114290
1997-02-25,31.273846
1997-02-26,30.316486
1997-02-27,30.954727
1997-02-28,30.635605
1997-03-03,30.476046
1997-03-04,30.476046
1997-03-05,30.156919
1997-03-06,29.518679
1997-03-07,29.678240
1997-03-10,29.678240
1997-03-11,29.997356
1997-03-12,29.518679
1997-03-13,28.720890
1997-03-14,28.880453
1997-03-17,29.040009
1997-03-18,29.678240
1997-03-19,29.997356
1997-03-20,29.678240
1997-03-21,30.316486
1997-03-24,29.678240
1997-03-25,30.156919
1997-03-26,30.316486
1997-03-27,30.316486
1997-03-31,29.359125
1997-04-01,29.997356
1997-04-02,29.997356
1997-04-03,30.156919
1997-04-04,29.518679
1997-04-07,29.199560
1997-04-08,29.199560
1997-04-09,28.880453
1997-04-10,28.720890
1997-04-11,28.401766
1997-04-14,28.401766
1997-04-15,28.880453
1997-04-16,29.359125
1997-04-17,29.359125
1997-04-18,29.678240
1997-04-21,30.316486
1997-04-22,30.316486
1997-04-23,30.316486
1997-04-24,29.997356
1997-04-25,29.997356
1997-04-28,30.156919
1997-04-29,30.156919
1997-04-30,31.114290
1997-05-01,31.114290
1997-05-02,31.592979
1997-05-05,31.752539
1997-05-06,32.550343
1997-05-07,32.231220
1997-05-08,32.709896
1997-05-09,33.029030
1997-05-12,34.305496
1997-05-13,34.145943
1997-05-14,34.784164
1997-05-15,34.624611
1997-05-16,35.103298
1997-05-19,35.581982
1997-05-20,35.901104
1997-05-21,35.262863
1997-05-22,34.305496
1997-05-23,34.943741
1997-05-27,34.465076
1997-05-28,35.103298
1997-05-29,34.784164
1997-05-30,34.145943
1997-06-02,34.784164
1997-06-03,34.784164
1997-06-04,35.103298
1997-06-05,35.262863
1997-06-06,35.581982
1997-06-09,35.741531
1997-06-10,36.220226
1997-06-11,36.698914
1997-06-12,36.060665
1997-06-13,36.060665
1997-06-16,36.698914
1997-06-17,36.379784
1997-06-18,35.901104
1997-06-19,36.220226
1997-06-20,35.901104
1997-06-23,35.422421
1997-06-24,35.741531
1997-06-25,37.018013
1997-06-26,37.177582
1997-06-27,36.539345
1997-06-30,36.060665
1997-07-01,36.060665
1997-07-02,36.060665
1997-07-03,36.539345
1997-07-07,35.901104
1997-07-08,35.741531
1997-07-09,35.741531
1997-07-10,35.581982
1997-07-11,35.422421
1997-07-14,36.220226
1997-07-15,35.741531
1997-07-16,36.220226
1997-07-17,36.539345
1997-07-18,36.060665
1997-07-21,35.741531
1997-07-22,36.060665
1997-07-23,36.060665
1997-07-24,35.741531
1997-07-25,36.060665
1997-07-28,35.741531
1997-07-29,35.422421
1997-07-30,35.422421
1997-07-31,35.581982
1997-08-01,34.465076
1997-08-04,34.465076
1997-08-05,33.507687
1997-08-06,34.465076
1997-08-07,34.145943
1997-08-08,35.103298
1997-08-11,34.145943
1997-08-12,34.305496
1997-08-13,34.624611
1997-08-14,34.943741
1997-08-15,34.305496
1997-08-18,34.465076
1997-08-19,34.145943
1997-08-20,34.624611
1997-08-21,34.305496
1997-08-22,33.188580
1997-08-25,33.041737
1997-08-26,33.520580
1997-08-27,32.882103
1997-08-28,32.084003
1997-08-29,32.084003
1997-09-02,31.605137
1997-09-03,32.243626
1997-09-04,32.243626
1997-09-05,32.562859
1997-09-08,32.243626
1997-09-09,32.882103
1997-09-10,32.403233
1997-09-11,31.764750
1997-09-12,31.605137
1997-09-15,31.764750
1997-09-16,31.605137
1997-09-17,31.285877
1997-09-18,31.445505
1997-09-19,31.126259
1997-09-22,31.445505
1997-09-23,31.285877
1997-09-24,32.243626
1997-09-25,32.243626
1997-09-26,31.285877
1997-09-29,31.605137
1997-09-30,31.764750
1997-10-01,32.084003
1997-10-02,31.126259
1997-10-03,31.126259
1997-10-06,31.924370
1997-10-07,31.445505
1997-10-08,31.445505
1997-10-09,30.966639
1997-10-10,31.126259
1997-10-13,31.126259
1997-10-14,30.647392
1997-10-15,30.647392
1997-10-16,31.285877
1997-10-17,31.285877
1997-10-20,31.126259
1997-10-21,30.966639
1997-10-22,31.126259
1997-10-23,29.530035
1997-10-24,29.689659
1997-10-27,28.093443
1997-10-28,29.530035
1997-10-29,28.891565
1997-10-30,28.731937
1997-10-31,28.731937
1997-11-03,29.370419
1997-11-04,28.412697
1997-11-05,28.253067
1997-11-06,28.093443
1997-11-07,26.337603
1997-11-10,26.337603
1997-11-11,26.337603
1997-11-12,25.220255
1997-11-13,25.699121
1997-11-14,26.337603
1997-11-17,27.454956
1997-11-18,26.976093
1997-11-19,26.337603
1997-11-20,27.614576
1997-11-21,27.135723
1997-11-24,26.656853
1997-11-25,26.816471
1997-11-26,26.976093
1997-11-28,26.816471
1997-12-01,27.454956
1997-12-02,27.135723
1997-12-03,27.135723
1997-12-04,26.656853
1997-12-05,26.337603
1997-12-08,26.337603
1997-12-09,26.656853
1997-12-10,26.656853
1997-12-11,26.018362
1997-12-12,25.858742
1997-12-15,26.337603
1997-12-16,25.699121
1997-12-17,26.816471
1997-12-18,26.018362
1997-12-19,25.220255
1997-12-22,24.901011
1997-12-23,24.584282
1997-12-24,25.063202
1997-12-26,24.903566
1997-12-29,25.222847
1997-12-30,25.222847
1997-12-31,25.222847
1998-01-02,25.222847
1998-01-05,24.584282
1998-01-06,24.584282
1998-01-07,25.382481
1998-01-08,24.903566
1998-01-09,24.265015
1998-01-12,24.105371
1998-01-13,24.584282
1998-01-14,25.063202
1998-01-15,24.903566
1998-01-16,27.138506
1998-01-20,27.617411
1998-01-21,27.138506
1998-01-22,27.457779
1998-01-23,28.415607
1998-01-26,28.894522
1998-01-27,29.054163
1998-01-28,29.373438
1998-01-29,28.894522
1998-01-30,28.255962
1998-02-02,28.894522
1998-02-03,28.734888
1998-02-04,28.734888
1998-02-05,29.054163
1998-02-06,29.213797
1998-02-09,29.533066
1998-02-10,29.533066
1998-02-11,29.533066
1998-02-12,29.054163
1998-02-13,28.415607
1998-02-17,28.255962
1998-02-18,27.777044
1998-02-19,27.298138
1998-02-20,26.978863
1998-02-23,26.819223
1998-02-24,26.340309
1998-02-25,26.659586
1998-02-26,27.936691
1998-02-27,28.575249
1998-03-02,28.734888
1998-03-03,28.734888
1998-03-04,28.096333
1998-03-05,27.777044
1998-03-06,28.575249
1998-03-09,27.617411
1998-03-10,27.617411
1998-03-11,27.138506
1998-03-12,26.978863
1998-03-13,27.617411
1998-03-16,27.298138
1998-03-17,27.138506
1998-03-18,26.819223
1998-03-19,26.499945
1998-03-20,26.978863
1998-03-23,26.659586
1998-03-24,26.340309
1998-03-25,26.659586
1998-03-26,27.617411
1998-03-27,27.138506
1998-03-30,26.340309
1998-03-31,25.382481
1998-04-01,25.542116
1998-04-02,24.743927
1998-04-03,24.903566
1998-04-06,25.382481
1998-04-07,25.542116
1998-04-08,26.659586
1998-04-09,26.978863
1998-04-13,26.978863
1998-04-14,27.138506
1998-04-15,26.819223
1998-04-16,25.861389
1998-04-17,26.021029
1998-04-20,26.021029
1998-04-21,26.180668
1998-04-22,26.340309
1998-04-23,26.499945
1998-04-24,26.659586
1998-04-27,24.903566
1998-04-28,25.701756
1998-04-29,25.861389
1998-04-30,26.340309
1998-05-01,26.180668
1998-05-04,26.021029
1998-05-05,26.180668
1998-05-06,25.382481
1998-05-07,25.222847
1998-05-08,25.222847
1998-05-11,25.542116
1998-05-12,25.222847
1998-05-13,24.903566
1998-05-14,25.222847
1998-05-15,25.063202
1998-05-18,24.903566
1998-05-19,25.222847
1998-05-20,25.222847
1998-05-21,25.542116
1998-05-22,25.222847
1998-05-26,24.903566
1998-05-27,24.903566
1998-05-28,24.903566
1998-05-29,24.743927
1998-06-01,23.945726
1998-06-02,24.265015
1998-06-03,24.265015
1998-06-04,24.424650
1998-06-05,24.105371
1998-06-08,23.786098
1998-06-09,23.945726
1998-06-10,23.466818
1998-06-11,22.668625
1998-06-12,22.668625
1998-06-15,21.710798
1998-06-16,22.508993
1998-06-17,24.903566
1998-06-18,24.424650
1998-06-19,25.222847
1998-06-22,24.265015
1998-06-23,23.626463
1998-06-24,23.626463
1998-06-25,23.307177
1998-06-26,23.466818
1998-06-29,23.626463
1998-06-30,25.063202
1998-07-01,26.340309
1998-07-02,25.063202
1998-07-06,24.743927
1998-07-07,25.222847
1998-07-08,25.382481
1998-07-09,24.584282
1998-07-10,24.743927
1998-07-13,24.903566
1998-07-14,25.542116
1998-07-15,25.382481
1998-07-16,26.180668
1998-07-17,26.180668
1998-07-20,26.180668
1998-07-21,25.542116
1998-07-22,24.743927
1998-07-23,24.265015
1998-07-24,24.743927
1998-07-27,23.945726
1998-07-28,23.945726
1998-07-29,24.105371
1998-07-30,24.265015
1998-07-31,24.105371
1998-08-03,23.147539
1998-08-04,22.828257
1998-08-05,23.945726
1998-08-06,23.786098
1998-08-07,22.987906
1998-08-10,22.668625
1998-08-11,21.870436
1998-08-12,22.189718
1998-08-13,22.349356
1998-08-14,21.710798
1998-08-17,21.710798
1998-08-18,22.508993
1998-08-19,22.668625
1998-08-20,22.508993
1998-08-21,22.349356
1998-08-24,22.030083
1998-08-25,22.058205
1998-08-26,21.738523
1998-08-27,20.779470
1998-08-28,20.299944
1998-08-31,20.140106
1998-09-01,22.218050
1998-09-02,22.218050
1998-09-03,22.537733
1998-09-04,22.058205
1998-09-08,23.816469
1998-09-09,22.537733
1998-09-10,22.537733
1998-09-11,22.537733
1998-09-14,22.537733
1998-09-15,22.377893
1998-09-16,21.738523
1998-09-17,21.898365
1998-09-18,22.058205
1998-09-21,21.418842
1998-09-22,21.099157
1998-09-23,21.738523
1998-09-24,21.738523
1998-09-25,21.418842
1998-09-28,21.418842
1998-09-29,21.738523
1998-09-30,20.459789
1998-10-01,19.660576
1998-10-02,20.619627
1998-10-05,19.820417
1998-10-06,20.779470
1998-10-07,23.496794
1998-10-08,22.218050
1998-10-09,23.336939
1998-10-12,23.976315
1998-10-13,23.336939
1998-10-14,23.177101
1998-10-15,24.295996
1998-10-16,23.816469
1998-10-19,24.775528
1998-10-20,25.255054
1998-10-21,26.054258
1998-10-22,25.734575
1998-10-23,24.935364
1998-10-26,24.775528
1998-10-27,24.455833
1998-10-28,24.295996
1998-10-29,24.615685
1998-10-30,24.775528
1998-11-02,26.693619
1998-11-03,26.693619
1998-11-04,27.013309
1998-11-05,26.533783
1998-11-06,26.054258
1998-11-09,24.935364
1998-11-10,24.775528
1998-11-11,25.255054
1998-11-12,24.935364
1998-11-13,25.095205
1998-11-16,25.734575
1998-11-17,25.574732
1998-11-18,25.095205
1998-11-19,26.214098
1998-11-20,26.533783
1998-11-23,27.013309
1998-11-24,26.533783
1998-11-25,26.533783
1998-11-27,26.533783
1998-11-30,25.574732
1998-12-01,26.054258
1998-12-02,26.054258
1998-12-03,25.894421
1998-12-04,26.214098
1998-12-07,25.894421
1998-12-08,25.894421
1998-12-09,26.853477
1998-12-10,26.533783
1998-12-11,26.373945
1998-12-14,25.734575
1998-12-15,25.894421
1998-12-16,25.894421
1998-12-17,26.214098
1998-12-18,26.533783
1998-12-21,26.373945
1998-12-22,25.439564
1998-12-23,25.439564
1998-12-24,25.119562
1998-12-28,25.439564
1998-12-29,25.759554
1998-12-30,25.919556
1998-12-31,26.239542
1999-01-04,26.079548
1999-01-05,25.919556
1999-01-06,26.239542
1999-01-07,26.399546
1999-01-08,26.399546
1999-01-11,26.079548
1999-01-12,25.439564
1999-01-13,25.279568
1999-01-14,25.439564
1999-01-15,26.079548
1999-01-19,25.759554
1999-01-20,26.399546
1999-01-21,26.559536
1999-01-22,26.079548
1999-01-25,26.399546
1999-01-26,27.039530
1999-01-27,26.559536
1999-01-28,26.559536
1999-01-29,26.879543
1999-02-01,26.719528
1999-02-02,27.039530
1999-02-03,26.879543
1999-02-04,26.719528
1999-02-05,26.239542
1999-02-08,26.239542
1999-02-09,25.919556
1999-02-10,25.919556
1999-02-11,25.919556
1999-02-12,26.239542
1999-02-16,26.079548
1999-02-17,25.439564
1999-02-18,25.439564
1999-02-19,25.119562
1999-02-22,25.599558
1999-02-23,25.599558
1999-02-24,25.119562
1999-02-25,25.919556
1999-02-26,25.919556
1999-03-01,25.599558
1999-03-02,24.959570
1999-03-03,24.959570
1999-03-04,24.959570
1999-03-05,26.079548
1999-03-08,26.399546
1999-03-09,27.039530
1999-03-10,27.679523
1999-03-11,28.319511
1999-03-12,28.319511
1999-03-15,28.799513
1999-03-16,29.439482
1999-03-17,30.079477
1999-03-18,29.919495
1999-03-19,30.079477
1999-03-22,30.079477
1999-03-23,29.119505
1999-03-24,29.439482
1999-03-25,30.239477
1999-03-26,29.439482
1999-03-29,29.919495
1999-03-30,29.599482
1999-03-31,29.439482
1999-04-01,30.399483
1999-04-05,30.239477
1999-04-06,30.879473
1999-04-07,30.719473
1999-04-08,31.199451
1999-04-09,30.879473
1999-04-12,30.719473
1999-04-13,30.879473
1999-04-14,31.679459
1999-04-15,31.519461
1999-04-16,31.679459
1999-04-19,31.039463
1999-04-20,31.359467
1999-04-21,30.879473
1999-04-22,30.879473
1999-04-23,31.199451
1999-04-26,31.359467
1999-04-27,31.679459
1999-04-28,31.519461
1999-04-29,31.519461
1999-04-30,30.719473
1999-05-03,31.199451
1999-05-04,31.199451
1999-05-05,31.039463
1999-05-06,31.679459
1999-05-07,31.359467
1999-05-10,31.519461
1999-05-11,31.199451
1999-05-12,30.879473
1999-05-13,30.399483
1999-05-14,30.079477
1999-05-17,28.959488
1999-05-18,29.119505
1999-05-19,28.799513
1999-05-20,28.799513
1999-05-21,28.479517
1999-05-24,28.639498
1999-05-25,28.799513
1999-05-26,29.439482
1999-05-27,28.479517
1999-05-28,28.959488
1999-06-01,29.919495
1999-06-02,29.919495
1999-06-03,29.439482
1999-06-04,29.439482
1999-06-07,29.919495
1999-06-08,30.239477
1999-06-09,30.399483
1999-06-10,31.199451
1999-06-11,32.159439
1999-06-14,31.519461
1999-06-15,31.839445
1999-06-16,31.839445
1999-06-17,32.319450
1999-06-18,31.839445
1999-06-21,31.839445
1999-06-22,31.839445
1999-06-23,31.199451
1999-06-24,31.359467
1999-06-25,31.359467
1999-06-28,31.519461
1999-06-29,31.999445
1999-06-30,31.999445
1999-07-01,32.639431
1999-07-02,32.799431
1999-07-06,32.639431
1999-07-07,32.799431
1999-07-08,32.479439
1999-07-09,32.159439
1999-07-12,32.799431
1999-07-13,32.799431
1999-07-14,33.439423
1999-07-15,33.759422
1999-07-16,33.759422
1999-07-19,34.239418
1999-07-20,33.599400
1999-07-21,33.919411
1999-07-22,32.799431
1999-07-23,32.639431
1999-07-26,32.479439
1999-07-27,33.279427
1999-07-28,33.439423
1999-07-29,33.599400
1999-07-30,34.399406
1999-08-02,34.239418
1999-08-03,34.239418
1999-08-04,33.759422
1999-08-05,33.599400
1999-08-06,32.799431
1999-08-09,32.799431
1999-08-10,32.639431
1999-08-11,32.959431
1999-08-12,33.279427
1999-08-13,33.759422
1999-08-16,34.079399
1999-08-17,34.559399
1999-08-18,34.399406
1999-08-19,35.039394
1999-08-20,36.479366
1999-08-23,36.319370
1999-08-24,35.839378
1999-08-25,35.486126
1999-08-26,35.004406
1999-08-27,34.843845
1999-08-30,35.325546
1999-08-31,34.362122
1999-09-01,35.807262
1999-09-02,34.683258
1999-09-03,35.486126
1999-09-07,34.683258
1999-09-08,35.004406
1999-09-09,36.128410
1999-09-10,35.967827
1999-09-13,36.770679
1999-09-14,36.288982
1999-09-15,36.770679
1999-09-16,36.288982
1999-09-17,36.288982
1999-09-20,36.610130
1999-09-21,36.128410
1999-09-22,35.967827
1999-09-23,35.646690
1999-09-24,34.843845
1999-09-27,35.004406
1999-09-28,35.486126
1999-09-29,35.164974
1999-09-30,35.807262
1999-10-01,36.610130
1999-10-04,36.770679
1999-10-05,35.967827
1999-10-06,36.449554
1999-10-07,36.288982
1999-10-08,36.610130
1999-10-11,36.770679
1999-10-12,36.931259
1999-10-13,35.807262
1999-10-14,36.931259
1999-10-15,36.128410
1999-10-18,35.486126
1999-10-19,35.967827
1999-10-20,36.449554
1999-10-21,36.288982
1999-10-22,36.770679
1999-10-25,36.770679
1999-10-26,37.412968
1999-10-27,37.252407
1999-10-28,37.412968
1999-10-29,38.055252
1999-11-01,37.573547
1999-11-02,37.734116
1999-11-03,38.215836
1999-11-04,38.376396
1999-11-05,38.215836
1999-11-08,38.055252
1999-11-09,38.055252
1999-11-10,38.697536
1999-11-11,38.376396
1999-11-12,38.536964
1999-11-15,38.376396
1999-11-16,38.215836
1999-11-17,38.376396
1999-11-18,39.018692
1999-11-19,39.179253
1999-11-22,39.821533
1999-11-23,39.660965
1999-11-24,39.660965
1999-11-26,40.463821
1999-11-29,40.142673
1999-11-30,39.179253
1999-12-01,39.179253
1999-12-02,39.339813
1999-12-03,39.982109
1999-12-06,39.179253
1999-12-07,39.500374
1999-12-08,38.858112
1999-12-09,39.339813
1999-12-10,39.500374
1999-12-13,38.858112
1999-12-14,38.376396
1999-12-15,38.536964
1999-12-16,39.018692
1999-12-17,39.179253
1999-12-20,39.500374
1999-12-21,39.299854
1999-12-22,40.270210
1999-12-23,40.593674
1999-12-27,40.270210
1999-12-28,41.240582
1999-12-29,41.887493
1999-12-30,41.887493
1999-12-31,42.210957
2000-01-03,41.887493
2000-01-04,40.755398
2000-01-05,39.623306
2000-01-06,38.006031
2000-01-07,38.814667
2000-01-10,39.461582
2000-01-11,39.138115
2000-01-12,38.814667
2000-01-13,39.461582
2000-01-14,39.785023
2000-01-18,39.461582
2000-01-19,39.138115
2000-01-20,38.814667
2000-01-21,38.652935
2000-01-24,38.491222
2000-01-25,38.976391
2000-01-26,39.461582
2000-01-27,39.138115
2000-01-28,38.814667
2000-01-31,39.785023
2000-02-01,39.785023
2000-02-02,40.108482
2000-02-03,40.755398
2000-02-04,41.402302
2000-02-07,40.755398
2000-02-08,40.108482
2000-02-09,40.108482
2000-02-10,40.108482
2000-02-11,39.785023
2000-02-14,40.431942
2000-02-15,39.138115
2000-02-16,38.976391
2000-02-17,39.299854
2000-02-18,38.652935
2000-02-22,38.006031
2000-02-23,37.682575
2000-02-24,37.844292
2000-02-25,38.329483
2000-02-28,38.976391
2000-02-29,39.299854
2000-03-01,40.108482
2000-03-02,39.299854
2000-03-03,39.623306
2000-03-06,38.167751
2000-03-07,38.652935
2000-03-08,39.299854
2000-03-09,38.976391
2000-03-10,38.652935
2000-03-13,36.712200
2000-03-14,37.359108
2000-03-15,37.844292
2000-03-16,39.299854
2000-03-17,38.814667
2000-03-20,39.138115
2000-03-21,38.976391
2000-03-22,38.652935
2000-03-23,38.652935
2000-03-24,38.652935
2000-03-27,39.138115
2000-03-28,40.108482
2000-03-29,41.402302
2000-03-30,41.078850
2000-03-31,42.696133
2000-04-03,42.210957
2000-04-04,41.078850
2000-04-05,41.240582
2000-04-06,41.078850
2000-04-07,41.240582
2000-04-10,41.078850
2000-04-11,40.755398
2000-04-12,41.078850
2000-04-13,40.431942
2000-04-14,39.138115
2000-04-17,39.138115
2000-04-18,39.299854
2000-04-19,38.976391
2000-04-20,39.623306
2000-04-24,39.461582
2000-04-25,40.593674
2000-04-26,39.785023
2000-04-27,39.299854
2000-04-28,39.461582
2000-05-01,40.270210
2000-05-02,39.785023
2000-05-03,39.299854
2000-05-04,39.785023
2000-05-05,39.785023
2000-05-08,39.461582
2000-05-09,38.976391
2000-05-10,38.652935
2000-05-11,38.208187
2000-05-12,38.814667
2000-05-15,38.652935
2000-05-16,38.814667
2000-05-17,37.844292
2000-05-18,38.006031
2000-05-19,37.520851
2000-05-22,36.550472
2000-05-23,36.550472
2000-05-24,37.197388
2000-05-25,36.873924
2000-05-26,37.197388
2000-05-30,38.167751
2000-05-31,37.197388
2000-06-01,37.682575
2000-06-02,38.814667
2000-06-05,38.814667
2000-06-06,38.976391
2000-06-07,39.138115
2000-06-08,38.814667
2000-06-09,38.491222
2000-06-12,38.329483
2000-06-13,38.329483
2000-06-14,37.844292
2000-06-15,37.197388
2000-06-16,37.035660
2000-06-19,38.167751
2000-06-20,38.652935
2000-06-21,38.814667
2000-06-22,39.138115
2000-06-23,38.491222
2000-06-26,38.491222
2000-06-27,38.976391
2000-06-28,39.461582
2000-06-29,41.887493
2000-06-30,39.299854
2000-07-03,39.623306
2000-07-05,38.652935
2000-07-06,38.976391
2000-07-07,39.138115
2000-07-10,39.299854
2000-07-11,39.299854
2000-07-12,38.976391
2000-07-13,38.167751
2000-07-14,38.167751
2000-07-17,38.006031
2000-07-18,36.873924
2000-07-19,36.550472
2000-07-20,37.359108
2000-07-21,36.227024
2000-07-24,35.580124
2000-07-25,36.065304
2000-07-26,35.741833
2000-07-27,35.094936
2000-07-28,34.124561
2000-07-31,34.933197
2000-08-01,35.256649
2000-08-02,35.256649
2000-08-03,35.094936
2000-08-04,35.256649
2000-08-07,35.418388
2000-08-08,35.256649
2000-08-09,35.580124
2000-08-10,35.418388
2000-08-11,35.903572
2000-08-14,35.741833
2000-08-15,36.065304
2000-08-16,35.580124
2000-08-17,35.580124
2000-08-18,35.741833
2000-08-21,35.580124
2000-08-22,35.741833
2000-08-23,36.388737
2000-08-24,37.093189
2000-08-25,37.427349
2000-08-28,37.928619
2000-08-29,37.761524
2000-08-30,36.926098
2000-08-31,37.260281
2000-09-01,37.594448
2000-09-05,36.424839
2000-09-06,36.424839
2000-09-07,36.759010
2000-09-08,36.591927
2000-09-11,36.090672
2000-09-12,35.756500
2000-09-13,35.589417
2000-09-14,35.589417
2000-09-15,35.255238
2000-09-18,35.422325
2000-09-19,36.090672
2000-09-20,36.257740
2000-09-21,35.923580
2000-09-22,35.589417
2000-09-25,35.255238
2000-09-26,35.422325
2000-09-27,34.921059
2000-09-28,35.422325
2000-09-29,35.422325
2000-10-02,35.422325
2000-10-03,35.923580
2000-10-04,36.090672
2000-10-05,35.923580
2000-10-06,35.422325
2000-10-09,35.422325
2000-10-10,35.422325
2000-10-11,34.586891
2000-10-12,34.085625
2000-10-13,34.921059
2000-10-16,34.586891
2000-10-17,33.918545
2000-10-18,33.417290
2000-10-19,34.252712
2000-10-20,33.918545
2000-10-23,34.085625
2000-10-24,33.918545
2000-10-25,33.417290
2000-10-26,33.584377
2000-10-27,34.085625
2000-10-30,33.250202
2000-10-31,33.918545
2000-11-01,33.751457
2000-11-02,34.419815
2000-11-03,34.921059
2000-11-06,35.088154
2000-11-07,34.921059
2000-11-08,34.586891
2000-11-09,34.085625
2000-11-10,33.417290
2000-11-13,33.250202
2000-11-14,33.918545
2000-11-15,33.417290
2000-11-16,32.414768
2000-11-17,32.748940
2000-11-20,32.080601
2000-11-21,31.746420
2000-11-22,31.245159
2000-11-24,31.412245
2000-11-27,31.913513
2000-11-28,31.746420
2000-11-29,31.579338
2000-11-30,31.412245
2000-12-01,32.414768
2000-12-04,31.913513
2000-12-05,31.913513
2000-12-06,31.913513
2000-12-07,31.579338
2000-12-08,31.579338
2000-12-11,32.581852
2000-12-12,32.080601
2000-12-13,31.746420
2000-12-14,31.746420
2000-12-15,30.910995
2000-12-18,31.078081
2000-12-19,30.242641
2000-12-20,30.762985
2000-12-21,30.587187
2000-12-22,31.114563
2000-12-26,30.938768
2000-12-27,31.290337
2000-12-28,31.290337
2000-12-29,31.114563
2001-01-02,30.938768
2001-01-03,32.345078
2001-01-04,30.762985
2001-01-05,30.587187
2001-01-08,30.762985
2001-01-09,30.587187
2001-01-10,30.411407
2001-01-11,29.532454
2001-01-12,29.532454
2001-01-16,30.059834
2001-01-17,30.587187
2001-01-18,31.466127
2001-01-19,30.938768
2001-01-22,31.114563
2001-01-23,31.114563
2001-01-24,30.762985
2001-01-25,30.762985
2001-01-26,30.411407
2001-01-29,31.023148
2001-01-30,31.135645
2001-01-31,30.938768
2001-02-01,31.051268
2001-02-02,30.629379
2001-02-05,30.460623
2001-02-06,30.432507
2001-02-07,29.954344
2001-02-08,29.898102
2001-02-09,29.954344
2001-02-12,29.898102
2001-02-13,30.038731
2001-02-14,29.785587
2001-02-15,30.235596
2001-02-16,29.532454
2001-02-20,29.673094
2001-02-21,29.335573
2001-02-22,29.419949
2001-02-23,30.010599
2001-02-26,30.151230
2001-02-27,29.813721
2001-02-28,29.616837
2001-03-01,29.223072
2001-03-02,28.126154
2001-03-05,28.069902
2001-03-06,28.941807
2001-03-07,28.913685
2001-03-08,28.941807
2001-03-09,28.294907
2001-03-12,27.394869
2001-03-13,27.619881
2001-03-14,25.763554
2001-03-15,27.113609
2001-03-16,27.001104
2001-03-19,27.338623
2001-03-20,27.141741
2001-03-21,28.463667
2001-03-22,28.126154
2001-03-23,29.476208
2001-03-26,30.235596
2001-03-27,30.995024
2001-03-28,30.038731
2001-03-29,29.138689
2001-03-30,28.801180
2001-04-02,28.294907
2001-04-03,28.604298
2001-04-04,29.391827
2001-04-05,30.376242
2001-04-06,29.757473
2001-04-09,28.744926
2001-04-10,29.138689
2001-04-11,28.969934
2001-04-12,29.588726
2001-04-16,28.998066
2001-04-17,29.110565
2001-04-18,31.191887
2001-04-19,30.713758
2001-04-20,30.348114
2001-04-23,30.291859
2001-04-24,30.319998
2001-04-25,30.657499
2001-04-26,30.657499
2001-04-27,31.191887
2001-04-30,31.557549
2001-05-01,32.316959
2001-05-02,32.429451
2001-05-03,32.204433
2001-05-04,32.288815
2001-05-07,32.935726
2001-05-08,32.288815
2001-05-09,31.529413
2001-05-10,31.416914
2001-05-11,31.276278
2001-05-14,30.770018
2001-05-15,31.051268
2001-05-16,30.966894
2001-05-17,31.135645
2001-05-18,30.910645
2001-05-21,31.613794
2001-05-22,31.135645
2001-05-23,31.501291
2001-05-24,31.501291
2001-05-25,31.276278
2001-05-29,30.741886
2001-05-30,30.516882
2001-05-31,30.629379
2001-06-01,30.432507
2001-06-04,30.544996
2001-06-05,30.460623
2001-06-06,30.038731
2001-06-07,30.235596
2001-06-08,30.207481
2001-06-11,29.532454
2001-06-12,29.138689
2001-06-13,29.110565
2001-06-14,28.801180
2001-06-15,28.435534
2001-06-18,28.491793
2001-06-19,28.323032
2001-06-20,28.351170
2001-06-21,28.969934
2001-06-22,28.829306
2001-06-25,28.632425
2001-06-26,28.716805
2001-06-27,28.576172
2001-06-28,28.688679
2001-06-29,28.773060
2001-07-02,28.716805
2001-07-03,28.632425
2001-07-05,27.732378
2001-07-06,27.029232
2001-07-09,27.394869
2001-07-10,27.141741
2001-07-11,27.254238
2001-07-12,28.013647
2001-07-13,27.535505
2001-07-16,27.141741
2001-07-17,27.057354
2001-07-18,26.607338
2001-07-19,26.860472
2001-07-20,26.888599
2001-07-23,25.876053
2001-07-24,25.932306
2001-07-25,26.663588
2001-07-26,26.326082
2001-07-27,26.832346
2001-07-30,25.960432
2001-07-31,26.438578
2001-08-01,26.916731
2001-08-02,27.535505
2001-08-03,27.141741
2001-08-06,26.972984
2001-08-07,27.226116
2001-08-08,26.972984
2001-08-09,26.888599
2001-08-10,26.719849
2001-08-13,26.551088
2001-08-14,27.085489
2001-08-15,27.085489
2001-08-16,27.169857
2001-08-17,26.326082
2001-08-20,26.438578
2001-08-21,26.579208
2001-08-22,26.832346
2001-08-23,26.326082
2001-08-24,26.719849
2001-08-27,26.494831
2001-08-28,26.185450
2001-08-29,25.763554
2001-08-30,25.313541
2001-08-31,25.707302
2001-09-04,25.201027
2001-09-05,24.722887
2001-09-06,24.385372
2001-09-07,24.329121
2001-09-10,24.188490
2001-09-17,23.316580
2001-09-18,23.372837
2001-09-19,23.794724
2001-09-20,23.007187
2001-09-21,22.782181
2001-09-24,23.625967
2001-09-25,23.485338
2001-09-26,23.147816
2001-09-27,22.894690
2001-09-28,23.625967
2001-10-01,23.485338
2001-10-02,24.047865
2001-10-03,24.272875
2001-10-04,24.188490
2001-10-05,23.907228
2001-10-08,23.991606
2001-10-09,23.541594
2001-10-10,23.822847
2001-10-11,24.329121
2001-10-12,24.329121
2001-10-15,24.104113
2001-10-16,24.300999
2001-10-17,24.216616
2001-10-18,24.047865
2001-10-19,24.075989
2001-10-22,24.300999
2001-10-23,24.329121
2001-10-24,24.385372
2001-10-25,24.835398
2001-10-26,24.582254
2001-10-29,23.991606
2001-10-30,23.400955
2001-10-31,23.597841
2001-11-01,23.907228
2001-11-02,23.822847
2001-11-05,23.991606
2001-11-06,24.385372
2001-11-07,23.569719
2001-11-08,23.822847
2001-11-09,23.372837
2001-11-12,23.175949
2001-11-13,23.344700
2001-11-14,23.091568
2001-11-15,23.513458
2001-11-16,23.485338
2001-11-19,23.654095
2001-11-20,23.654095
2001-11-21,23.850971
2001-11-23,23.850971
2001-11-26,24.244747
2001-11-27,24.047865
2001-11-28,23.485338
2001-11-29,23.457209
2001-11-30,23.569719
2001-12-03,23.063440
2001-12-04,23.147816
2001-12-05,23.794724
2001-12-06,23.597841
2001-12-07,23.091568
2001-12-10,22.275911
2001-12-11,22.472799
2001-12-12,22.754059
2001-12-13,22.163408
2001-12-14,22.247784
2001-12-17,21.910278
2001-12-18,22.079027
2001-12-19,21.966528
2001-12-20,21.938402
2001-12-21,21.966528
2001-12-24,21.741508
2001-12-26,21.432127
2001-12-27,21.572758
2001-12-28,22.079027
2001-12-31,21.685261
2002-01-02,21.797764
2002-01-03,22.332163
2002-01-04,22.697802
2002-01-07,22.304037
2002-01-08,21.825893
2002-01-09,21.713387
2002-01-10,21.488380
2002-01-11,21.235245
2002-01-14,20.953985
2002-01-15,21.094614
2002-01-16,20.841473
2002-01-17,21.038361
2002-01-18,21.122742
2002-01-22,20.588339
2002-01-23,20.475840
2002-01-24,20.250832
2002-01-25,20.447712
2002-01-28,20.672718
2002-01-29,20.110193
2002-01-30,20.250832
2002-01-31,20.082071
2002-02-01,19.828939
2002-02-04,19.463299
2002-02-05,18.985155
2002-02-06,18.872652
2002-02-07,19.435167
2002-02-08,19.941441
2002-02-11,20.110193
2002-02-12,20.250832
2002-02-13,20.616468
2002-02-14,20.588339
2002-02-15,20.447712
2002-02-19,19.660175
2002-02-20,19.941441
2002-02-21,20.278959
2002-02-22,20.616468
2002-02-25,20.785223
2002-02-26,20.447712
2002-02-27,20.953985
2002-02-28,21.010237
2002-03-01,21.938402
2002-03-04,23.204081
2002-03-05,22.782181
2002-03-06,23.457209
2002-03-07,24.188490
2002-03-08,24.075989
2002-03-11,24.385372
2002-03-12,23.738466
2002-03-13,23.063440
2002-03-14,23.344700
2002-03-15,23.963478
2002-03-18,23.119698
2002-03-19,23.738466
2002-03-20,23.091568
2002-03-21,23.147816
2002-03-22,22.585304
2002-03-25,22.360294
2002-03-26,22.472799
2002-03-27,22.585304
2002-03-28,22.894690
2002-04-01,22.135277
2002-04-02,22.135277
2002-04-03,22.557173
2002-04-04,22.922808
2002-04-05,23.147816
2002-04-08,22.838432
2002-04-09,22.669680
2002-04-10,23.119698
2002-04-11,22.444666
2002-04-12,22.500919
2002-04-15,22.444666
2002-04-16,23.204081
2002-04-17,23.232199
2002-04-18,23.429085
2002-04-19,23.400955
2002-04-22,23.541594
2002-04-23,23.710346
2002-04-24,23.541594
2002-04-25,23.850971
2002-04-26,23.738466
2002-04-29,23.597841
2002-04-30,23.738466
2002-05-01,23.907228
2002-05-02,23.963478
2002-05-03,23.991606
2002-05-06,23.738466
2002-05-07,23.400955
2002-05-08,24.047865
2002-05-09,23.654095
2002-05-10,23.597841
2002-05-13,23.822847
2002-05-14,23.822847
2002-05-15,23.794724
2002-05-16,24.385372
2002-05-17,24.947897
2002-05-20,25.116652
2002-05-21,25.032267
2002-05-22,25.566669
2002-05-23,25.566669
2002-05-24,25.510418
2002-05-28,25.313541
2002-05-29,25.144781
2002-05-30,25.313541
2002-05-31,25.201027
2002-06-03,25.313541
2002-06-04,25.144781
2002-06-05,25.060404
2002-06-06,24.441620
2002-06-07,24.694761
2002-06-10,24.441620
2002-06-11,24.329121
2002-06-12,24.075989
2002-06-13,23.682220
2002-06-14,23.429085
2002-06-17,23.429085
2002-06-18,23.119698
2002-06-19,22.360294
2002-06-20,22.613424
2002-06-21,22.416552
2002-06-24,22.782181
2002-06-25,22.866562
2002-06-26,22.725929
2002-06-27,23.260328
2002-06-28,23.710346
2002-07-01,23.429085
2002-07-02,23.400955
2002-07-03,24.075989
2002-07-05,24.441620
2002-07-08,24.188490
2002-07-09,24.385372
2002-07-10,24.047865
2002-07-11,23.907228
2002-07-12,23.935356
2002-07-15,23.710346
2002-07-16,23.204081
2002-07-17,23.682220
2002-07-18,23.682220
2002-07-19,23.063440
2002-07-22,23.063440
2002-07-23,22.866562
2002-07-24,23.513458
2002-07-25,22.585304
2002-07-26,21.994652
2002-07-29,22.557173
2002-07-30,22.472799
2002-07-31,22.107153
2002-08-01,21.572758
2002-08-02,21.797764
2002-08-05,21.516504
2002-08-06,21.629013
2002-08-07,22.191532
2002-08-08,22.163408
2002-08-09,22.388418
2002-08-12,22.022776
2002-08-13,21.882154
2002-08-14,22.669680
2002-08-15,22.782181
2002-08-16,22.500919
2002-08-19,22.219658
2002-08-20,21.713387
2002-08-21,21.938402
2002-08-22,22.191532
2002-08-23,21.994652
2002-08-26,22.557173
2002-08-27,22.444666
2002-08-28,22.022776
2002-08-29,21.854019
2002-08-30,21.966528
2002-09-03,20.869608
2002-09-04,20.982113
2002-09-05,20.728971
2002-09-06,21.094614
2002-09-09,21.010237
2002-09-10,20.925859
2002-09-11,20.982113
2002-09-12,20.841473
2002-09-13,20.447712
2002-09-16,20.307085
2002-09-17,20.644598
2002-09-18,21.600883
2002-09-19,21.178986
2002-09-20,20.897730
2002-09-23,20.391459
2002-09-24,20.053942
2002-09-25,20.335205
2002-09-26,20.728971
2002-09-27,20.785223
2002-09-30,20.616468
2002-10-01,20.757105
2002-10-02,19.913317
2002-10-03,19.772684
2002-10-04,19.688303
2002-10-07,18.928904
2002-10-08,19.182032
2002-10-09,18.478882
2002-10-10,18.844521
2002-10-11,19.266415
2002-10-14,19.153912
2002-10-15,20.082071
2002-10-16,19.378918
2002-10-17,19.857063
2002-10-18,19.603924
2002-10-21,19.828939
2002-10-22,18.957026
2002-10-23,19.266415
2002-10-24,18.957026
2002-10-25,19.378918
2002-10-28,19.378918
2002-10-29,19.322668
2002-10-30,19.688303
2002-10-31,19.435167
2002-11-01,19.800812
2002-11-04,19.885193
2002-11-05,20.250832
2002-11-06,20.278959
2002-11-07,19.857063
2002-11-08,19.660175
2002-11-11,19.210165
2002-11-12,19.378918
2002-11-13,19.238285
2002-11-14,19.266415
2002-11-15,19.547674
2002-11-18,18.957026
2002-11-19,18.675756
2002-11-20,19.153912
2002-11-21,19.491419
2002-11-22,19.435167
2002-11-25,19.800812
2002-11-26,19.547674
2002-11-27,19.997692
2002-11-29,20.138323
2002-12-02,19.969570
2002-12-03,19.772684
2002-12-04,19.407045
2002-12-05,19.210165
2002-12-06,19.378918
2002-12-09,19.153912
2002-12-10,19.294537
2002-12-11,19.182032
2002-12-12,19.266415
2002-12-13,19.153912
2002-12-16,19.266415
2002-12-17,19.125780
2002-12-18,18.591387
2002-12-19,18.872652
2002-12-20,19.069534
2002-12-23,18.985155
2002-12-24,19.125780
2002-12-26,19.407045
2002-12-27,19.322668
2002-12-30,19.632053
2002-12-31,19.547674
2003-01-02,19.913317
2003-01-03,19.885193
2003-01-06,20.250832
2003-01-07,19.603924
2003-01-08,19.350794
2003-01-09,19.660175
2003-01-10,19.463299
2003-01-13,19.463299
2003-01-14,19.828939
2003-01-15,19.997692
2003-01-16,20.194576
2003-01-17,20.082071
2003-01-21,20.025820
2003-01-22,19.969570
2003-01-23,20.391459
2003-01-24,20.138323
2003-01-27,19.744555
2003-01-28,19.660175
2003-01-29,19.378918
2003-01-30,19.069534
2003-01-31,19.041405
2003-02-03,19.294537
2003-02-04,19.322668
2003-02-05,19.407045
2003-02-06,19.266415
2003-02-07,19.125780
2003-02-10,19.125780
2003-02-11,19.266415
2003-02-12,19.378918
2003-02-13,19.547674
2003-02-14,19.744555
2003-02-18,19.997692
2003-02-19,19.660175
2003-02-20,19.660175
2003-02-21,19.688303
2003-02-24,19.632053
2003-02-25,19.350794
2003-02-26,19.210165
2003-02-27,19.294537
2003-02-28,19.238285
2003-03-03,19.322668
2003-03-04,19.238285
2003-03-05,19.210165
2003-03-06,19.013277
2003-03-07,18.703894
2003-03-10,18.282000
2003-03-11,18.113243
2003-03-12,18.338249
2003-03-13,18.591387
2003-03-14,18.338249
2003-03-17,18.450748
2003-03-18,18.253872
2003-03-19,18.169493
2003-03-20,18.563261
2003-03-21,18.872652
2003-03-24,18.732016
2003-03-25,18.816393
2003-03-26,18.957026
2003-03-27,18.788267
2003-03-28,18.788267
2003-03-31,18.169493
2003-04-01,18.394505
2003-04-02,18.619509
2003-04-03,18.225742
2003-04-04,18.282000
2003-04-07,18.535141
2003-04-08,18.225742
2003-04-09,18.197624
2003-04-10,18.056988
2003-04-11,17.747604
2003-04-14,17.663223
2003-04-15,17.691349
2003-04-16,17.775726
2003-04-17,17.916355
2003-04-21,18.000731
2003-04-22,18.000731
2003-04-23,17.888231
2003-04-24,17.775726
2003-04-25,17.550718
2003-04-28,17.606977
2003-04-29,17.691349
2003-04-30,18.028864
2003-05-01,18.085117
2003-05-02,18.478882
2003-05-05,18.619509
2003-05-06,18.957026
2003-05-07,19.097652
2003-05-08,18.816393
2003-05-09,19.013277
2003-05-12,19.238285
2003-05-13,19.153912
2003-05-14,19.266415
2003-05-15,19.097652
2003-05-16,19.069534
2003-05-19,18.535141
2003-05-20,18.760145
2003-05-21,18.591387
2003-05-22,18.928904
2003-05-23,19.125780
2003-05-27,19.069534
2003-05-28,18.900780
2003-05-29,18.985155
2003-05-30,19.097652
2003-06-02,19.294537
2003-06-03,19.463299
2003-06-04,19.632053
2003-06-05,19.772684
2003-06-06,19.885193
2003-06-09,19.913317
2003-06-10,20.082071
2003-06-11,20.419588
2003-06-12,20.391459
2003-06-13,20.222702
2003-06-16,20.278959
2003-06-17,20.475840
2003-06-18,20.616468
2003-06-19,20.447712
2003-06-20,20.560219
2003-06-23,20.728971
2003-06-24,20.307085
2003-06-25,20.166447
2003-06-26,20.391459
2003-06-27,20.363333
2003-06-30,20.447712
2003-07-01,20.982113
2003-07-02,22.022776
2003-07-03,21.797764
2003-07-07,22.810307
2003-07-08,22.782181
2003-07-09,22.725929
2003-07-10,22.388418
2003-07-11,22.050905
2003-07-14,22.275911
2003-07-15,22.163408
2003-07-16,21.685261
2003-07-17,21.122742
2003-07-18,21.488380
2003-07-21,21.263367
2003-07-22,21.375879
2003-07-23,21.544634
2003-07-24,21.488380
2003-07-25,21.882154
2003-07-28,21.938402
2003-07-29,21.657133
2003-07-30,21.207119
2003-07-31,21.375879
2003-08-01,21.122742
2003-08-04,21.010237
2003-08-05,20.757105
2003-08-06,20.841473
2003-08-07,21.038361
2003-08-08,21.010237
2003-08-11,21.375879
2003-08-12,21.488380
2003-08-13,21.685261
2003-08-14,22.079027
2003-08-15,22.163408
2003-08-18,22.557173
2003-08-19,22.950937
2003-08-20,22.950937
2003-08-21,23.316580
2003-08-22,23.204081
2003-08-25,23.007187
2003-08-26,23.344700
2003-08-27,23.316580
2003-08-28,23.175949
2003-08-29,23.344700
2003-09-02,24.469753
2003-09-03,24.497879
2003-09-04,24.188490
2003-09-05,23.879099
2003-09-08,24.244747
2003-09-09,24.469753
2003-09-10,24.075989
2003-09-11,24.132242
2003-09-12,24.497879
2003-09-15,24.357250
2003-09-16,25.510418
2003-09-17,25.257278
2003-09-18,25.791679
2003-09-19,25.482294
2003-09-22,25.032267
2003-09-23,25.229162
2003-09-24,24.807266
2003-09-25,24.441620
2003-09-26,24.722887
2003-09-29,24.976017
2003-09-30,24.638512
2003-10-01,25.651052
2003-10-02,26.157320
2003-10-03,26.635468
2003-10-06,26.494831
2003-10-07,26.579208
2003-10-08,26.129187
2003-10-09,26.297960
2003-10-10,26.804222
2003-10-13,26.916731
2003-10-14,27.226116
2003-10-15,26.719849
2003-10-16,26.944847
2003-10-17,26.860472
2003-10-20,27.113609
2003-10-21,27.254238
2003-10-22,26.354195
2003-10-23,25.482294
2003-10-24,25.454170
2003-10-27,25.876053
2003-10-28,26.438578
2003-10-29,26.551088
2003-10-30,26.494831
2003-10-31,25.988564
2003-11-03,26.241701
2003-11-04,26.635468
2003-11-05,26.466707
2003-11-06,25.791679
2003-11-07,26.044819
2003-11-10,25.819805
2003-11-11,25.201027
2003-11-12,25.735424
2003-11-13,25.735424
2003-11-14,25.229162
2003-11-17,24.469753
2003-11-18,24.357250
2003-11-19,24.413496
2003-11-20,24.188490
2003-11-21,24.441620
2003-11-24,24.947897
2003-11-25,24.863523
2003-11-26,25.116652
2003-11-28,25.201027
2003-12-01,25.960432
2003-12-02,25.735424
2003-12-03,25.932306
2003-12-04,25.988564
2003-12-05,25.791679
2003-12-08,25.679171
2003-12-09,25.397911
2003-12-10,25.004143
2003-12-11,25.397911
2003-12-12,25.679171
2003-12-15,25.594803
2003-12-16,25.791679
2003-12-17,25.510418
2003-12-18,25.904184
2003-12-19,25.791679
2003-12-22,26.134893
2003-12-23,26.275549
2003-12-24,25.909836
2003-12-26,26.472477
2003-12-29,26.697536
2003-12-30,27.007002
2003-12-31,27.119530
2004-01-02,27.288319
2004-01-05,27.850965
2004-01-06,27.597773
2004-01-07,27.372713
2004-01-08,27.597773
2004-01-09,27.372713
2004-01-12,27.569643
2004-01-13,27.147665
2004-01-14,27.344582
2004-01-15,27.147665
2004-01-16,27.569643
2004-01-20,27.682178
2004-01-21,27.710312
2004-01-22,27.935364
2004-01-23,27.485245
2004-01-26,27.935364
2004-01-27,27.541508
2004-01-28,27.007002
2004-01-29,27.175793
2004-01-30,27.175793
2004-02-02,27.344582
2004-02-03,27.203922
2004-02-04,26.416222
2004-02-05,26.669407
2004-02-06,26.978863
2004-02-09,26.669407
2004-02-10,26.894468
2004-02-11,27.063259
2004-02-12,26.810074
2004-02-13,27.007002
2004-02-17,27.457113
2004-02-18,27.175793
2004-02-19,27.063259
2004-02-20,26.753809
2004-02-23,26.922600
2004-02-24,26.613148
2004-02-25,26.528749
2004-02-26,26.641275
2004-02-27,27.316454
2004-03-01,28.160423
2004-03-02,27.850965
2004-03-03,27.766565
2004-03-04,27.710312
2004-03-05,27.794706
2004-03-08,27.710312
2004-03-09,27.682178
2004-03-10,27.400845
2004-03-11,26.838196
2004-03-12,27.428984
2004-03-15,27.372713
2004-03-16,27.879101
2004-03-17,28.919989
2004-03-18,29.173187
2004-03-19,28.666800
2004-03-22,28.216679
2004-03-23,28.694927
2004-03-24,29.313837
2004-03-25,30.157814
2004-03-26,30.467266
2004-03-29,30.692327
2004-03-30,30.410997
2004-03-31,30.579803
2004-04-01,30.917383
2004-04-02,31.170570
2004-04-05,31.283098
2004-04-06,31.142441
2004-04-07,30.861120
2004-04-08,30.720459
2004-04-12,31.367514
2004-04-13,30.776722
2004-04-14,30.214075
2004-04-15,29.792099
2004-04-16,30.185942
2004-04-19,29.651432
2004-04-20,29.820225
2004-04-21,30.045273
2004-04-22,30.382887
2004-04-23,30.185942
2004-04-26,30.157814
2004-04-27,29.904627
2004-04-28,29.004395
2004-04-29,28.919989
2004-04-30,28.526142
2004-05-03,28.498011
2004-05-04,28.948116
2004-05-05,29.341974
2004-05-06,28.413612
2004-05-07,27.569643
2004-05-10,25.825445
2004-05-11,26.359953
2004-05-12,26.725674
2004-05-13,26.191162
2004-05-14,25.825445
2004-05-17,25.150261
2004-05-18,25.853565
2004-05-19,26.472477
2004-05-20,26.641275
2004-05-21,27.091398
2004-05-24,27.063259
2004-05-25,27.569643
2004-05-26,27.372713
2004-05-27,27.879101
2004-05-28,28.104155
2004-06-01,27.935364
2004-06-02,28.132294
2004-06-03,27.316454
2004-06-04,27.654045
2004-06-07,28.779335
2004-06-08,28.666800
2004-06-09,28.047894
2004-06-10,28.779335
2004-06-14,28.104155
2004-06-15,28.807465
2004-06-16,28.779335
2004-06-17,28.751192
2004-06-18,28.751192
2004-06-21,28.976255
2004-06-22,29.088793
2004-06-23,29.201315
2004-06-24,29.567032
2004-06-25,29.567032
2004-06-28,29.735828
2004-06-29,29.735828
2004-06-30,29.876492
2004-07-01,29.341974
2004-07-02,29.173187
2004-07-06,28.216679
2004-07-07,28.469868
2004-07-08,27.991629
2004-07-09,28.694927
2004-07-12,28.723066
2004-07-13,29.313837
2004-07-14,28.610538
2004-07-15,28.301085
2004-07-16,28.469868
2004-07-19,28.582405
2004-07-20,28.638666
2004-07-21,27.907228
2004-07-22,28.216679
2004-07-23,27.541508
2004-07-26,27.682178
2004-07-27,27.654045
2004-07-28,27.457113
2004-07-29,27.372713
2004-07-30,27.682178
2004-08-02,27.850965
2004-08-03,27.625902
2004-08-04,27.372713
2004-08-05,26.725674
2004-08-06,26.585012
2004-08-09,26.838196
2004-08-10,27.063259
2004-08-11,27.288319
2004-08-12,26.866333
2004-08-13,26.556875
2004-08-16,26.838196
2004-08-17,26.810074
2004-08-18,27.203922
2004-08-19,27.232058
2004-08-20,27.766565
2004-08-23,27.400845
2004-08-24,27.822830
2004-08-25,28.047894
2004-08-26,27.935364
2004-08-27,28.019760
2004-08-30,27.879101
2004-08-31,28.076021
2004-09-01,28.019760
2004-09-02,28.244822
2004-09-03,27.457113
2004-09-07,28.498011
2004-09-08,28.244822
2004-09-09,27.935364
2004-09-10,27.907228
2004-09-13,27.991629
2004-09-14,28.244822
2004-09-15,27.597773
2004-09-16,27.710312
2004-09-17,27.597773
2004-09-20,27.541508
2004-09-21,27.710312
2004-09-22,27.091398
2004-09-23,27.007002
2004-09-24,26.950727
2004-09-27,26.669407
2004-09-28,26.838196
2004-09-29,26.894468
2004-09-30,27.288319
2004-10-01,27.907228
2004-10-04,28.076021
2004-10-05,27.935364
2004-10-06,28.188551
2004-10-07,27.822830
2004-10-08,28.019760
2004-10-11,28.216679
2004-10-12,27.879101
2004-10-13,27.625902
2004-10-14,27.288319
2004-10-15,27.457113
2004-10-18,27.654045
2004-10-19,27.682178
2004-10-20,27.513382
2004-10-21,27.738432
2004-10-22,27.372713
2004-10-25,27.485245
2004-10-26,27.513382
2004-10-27,27.935364
2004-10-28,27.907228
2004-10-29,27.935364
2004-11-01,27.850965
2004-11-02,28.188551
2004-11-03,28.413612
2004-11-04,28.807465
2004-11-05,28.863726
2004-11-08,28.638666
2004-11-09,28.526142
2004-11-10,28.160423
2004-11-11,28.301085
2004-11-12,28.751192
2004-11-15,29.201315
2004-11-16,29.032526
2004-11-17,29.426367
2004-11-18,29.313837
2004-11-19,29.004395
2004-11-22,28.919989
2004-11-23,28.835592
2004-11-24,28.948116
2004-11-26,29.173187
2004-11-29,29.229456
2004-11-30,29.004395
2004-12-01,29.398241
2004-12-02,29.510771
2004-12-03,29.595161
2004-12-06,29.285709
2004-12-07,28.807465
2004-12-08,29.032526
2004-12-09,28.582405
2004-12-10,28.329210
2004-12-13,28.582405
2004-12-14,28.694927
2004-12-15,28.835592
2004-12-16,28.779335
2004-12-17,29.032526
2004-12-20,29.229456
2004-12-21,29.538900
2004-12-22,29.623299
2004-12-23,29.829502
2004-12-27,29.970743
2004-12-28,30.563938
2004-12-29,30.196733
2004-12-30,30.479208
2004-12-31,30.846422
2005-01-03,30.479208
2005-01-04,29.970743
2005-01-05,29.942497
2005-01-06,29.942497
2005-01-07,29.773012
2005-01-10,29.998993
2005-01-11,30.422709
2005-01-12,30.592192
2005-01-13,30.337961
2005-01-14,30.648684
2005-01-18,30.705193
2005-01-19,30.140224
2005-01-20,29.603537
2005-01-21,29.914257
2005-01-24,29.942497
2005-01-25,29.716511
2005-01-26,30.196733
2005-01-27,29.998993
2005-01-28,29.914257
2005-01-31,29.914257
2005-02-01,30.083731
2005-02-02,30.196733
2005-02-03,29.773012
2005-02-04,29.886007
2005-02-07,29.801264
2005-02-08,29.631775
2005-02-09,29.462286
2005-02-10,29.716511
2005-02-11,29.942497
2005-02-14,30.224957
2005-02-15,30.366203
2005-02-16,29.942497
2005-02-17,29.773012
2005-02-18,30.083731
2005-02-22,30.027243
2005-02-23,29.801264
2005-02-24,29.886007
2005-02-25,30.224957
2005-02-28,30.535692
2005-03-01,30.761681
2005-03-02,30.620438
2005-03-03,30.535692
2005-03-04,31.015903
2005-03-07,30.959414
2005-03-08,30.818176
2005-03-09,30.931162
2005-03-10,31.157141
2005-03-11,31.213634
2005-03-14,30.846422
2005-03-15,30.705193
2005-03-16,30.705193
2005-03-17,30.733435
2005-03-18,30.874678
2005-03-21,30.761681
2005-03-22,30.563938
2005-03-23,30.337961
2005-03-24,30.253212
2005-03-28,30.253212
2005-03-29,29.349306
2005-03-30,29.575281
2005-03-31,29.631775
2005-04-01,29.547024
2005-04-04,29.518784
2005-04-05,29.857754
2005-04-06,29.857754
2005-04-07,29.970743
2005-04-08,29.886007
2005-04-11,29.801264
2005-04-12,29.801264
2005-04-13,29.462286
2005-04-14,29.038568
2005-04-15,28.445370
2005-04-18,28.078152
2005-04-19,28.643108
2005-04-20,28.219389
2005-04-21,28.812584
2005-04-22,28.614861
2005-04-25,29.038568
2005-04-26,28.586605
2005-04-27,28.756092
2005-04-28,28.445370
2005-04-29,28.953829
2005-05-02,29.123322
2005-05-03,29.066814
2005-05-04,29.490538
2005-05-05,29.518784
2005-05-06,29.575281
2005-05-09,29.518784
2005-05-10,29.151569
2005-05-11,29.292807
2005-05-12,28.699602
2005-05-13,28.445370
2005-05-16,28.501865
2005-05-17,28.388866
2005-05-18,28.586605
2005-05-19,28.699602
2005-05-20,28.417128
2005-05-23,28.812584
2005-05-24,28.699602
2005-05-25,28.332376
2005-05-26,28.530119
2005-05-27,28.699602
2005-05-31,28.586605
2005-06-01,28.756092
2005-06-02,28.953829
2005-06-03,28.727850
2005-06-06,29.010336
2005-06-07,29.095068
2005-06-08,29.066814
2005-06-09,28.897341
2005-06-10,28.756092
2005-06-13,28.530119
2005-06-14,28.643108
2005-06-15,28.756092
2005-06-16,29.038568
2005-06-17,29.236300
2005-06-20,28.897341
2005-06-21,29.236300
2005-06-22,29.123322
2005-06-23,28.925585
2005-06-24,28.869081
2005-06-27,28.756092
2005-06-28,28.953829
2005-06-29,28.784342
2005-06-30,28.643108
2005-07-01,28.643108
2005-07-05,28.812584
2005-07-06,28.501865
2005-07-07,28.501865
2005-07-08,28.897341
2005-07-11,28.953829
2005-07-12,29.066814
2005-07-13,28.727850
2005-07-14,28.784342
2005-07-15,28.869081
2005-07-18,28.840841
2005-07-19,28.897341
2005-07-20,28.812584
2005-07-21,29.349306
2005-07-22,28.982077
2005-07-25,28.812584
2005-07-26,28.643108
2005-07-27,28.982077
2005-07-28,29.151569
2005-07-29,28.953829
2005-08-01,29.208065
2005-08-02,29.575281
2005-08-03,29.490538
2005-08-04,29.179806
2005-08-05,28.727850
2005-08-08,28.784342
2005-08-09,29.292807
2005-08-10,30.168468
2005-08-11,30.987661
2005-08-12,30.931162
2005-08-15,31.298382
2005-08-16,30.818176
2005-08-17,31.100653
2005-08-18,30.789921
2005-08-19,30.846422
2005-08-22,31.722092
2005-08-23,31.467869
2005-08-24,31.270138
2005-08-25,31.354881
2005-08-26,31.241886
2005-08-29,31.213634
2005-08-30,31.044153
2005-08-31,31.439625
2005-09-01,31.722092
2005-09-02,31.948080
2005-09-06,32.230560
2005-09-07,31.976324
2005-09-08,31.609114
2005-09-09,32.654274
2005-09-12,32.682518
2005-09-13,32.400043
2005-09-14,32.287056
2005-09-15,32.823746
2005-09-16,32.993233
2005-09-19,32.654274
2005-09-20,32.936737
2005-09-21,33.162735
2005-09-22,33.219215
2005-09-23,33.106228
2005-09-26,33.642941
2005-09-27,33.445206
2005-09-28,34.010151
2005-09-29,34.998829
2005-09-30,34.433880
2005-10-03,34.264381
2005-10-04,34.123146
2005-10-05,33.529949
2005-10-06,32.823746
2005-10-07,33.219215
2005-10-10,33.106228
2005-10-11,33.755928
2005-10-12,33.558201
2005-10-13,33.755928
2005-10-14,34.010151
2005-10-17,33.445206
2005-10-18,32.964989
2005-10-19,33.247471
2005-10-20,32.484783
2005-10-21,32.908489
2005-10-24,33.162735
2005-10-25,33.275723
2005-10-26,33.416950
2005-10-27,33.360462
2005-10-28,33.784172
2005-10-31,34.207890
2005-11-01,34.546867
2005-11-02,34.772835
2005-11-03,34.914078
2005-11-04,34.631607
2005-11-07,34.970581
2005-11-08,34.885826
2005-11-09,34.688110
2005-11-10,34.518616
2005-11-11,34.857597
2005-11-14,34.405624
2005-11-15,33.981903
2005-11-16,34.377384
2005-11-17,35.253048
2005-11-18,35.450783
2005-11-21,35.676777
2005-11-22,35.563778
2005-11-23,35.817997
2005-11-25,35.366051
2005-11-28,35.535526
2005-11-29,35.563778
2005-11-30,35.196548
2005-12-01,36.015743
2005-12-02,35.987488
2005-12-05,36.213478
2005-12-06,36.495945
2005-12-07,36.354713
2005-12-08,35.761509
2005-12-09,36.524200
2005-12-12,37.173882
2005-12-13,37.484615
2005-12-14,37.286880
2005-12-15,37.004398
2005-12-16,37.512878
2005-12-19,37.399876
2005-12-20,37.767086
2005-12-21,38.303802
2005-12-22,38.642776
2005-12-23,38.722202
2005-12-27,37.899532
2005-12-28,38.580357
2005-12-29,38.608719
2005-12-30,38.353416
2006-01-03,39.573242
2006-01-04,39.942017
2006-01-05,39.658337
2006-01-06,40.254063
2006-01-09,40.452633
2006-01-10,39.715080
2006-01-11,40.140587
2006-01-12,39.856922
2006-01-13,39.913643
2006-01-17,38.693825
2006-01-18,37.559105
2006-01-19,38.580357
2006-01-20,37.474010
2006-01-23,38.041359
2006-01-24,38.693825
2006-01-25,38.353416
2006-01-26,39.232822
2006-01-27,40.112232
2006-01-30,39.913643
2006-01-31,39.771820
2006-02-01,39.658337
2006-02-02,39.062607
2006-02-03,39.403019
2006-02-06,39.317924
2006-02-07,39.034252
2006-02-08,38.807304
2006-02-09,38.693825
2006-02-10,38.523613
2006-02-13,37.700962
2006-02-14,38.608719
2006-02-15,38.126476
2006-02-16,38.551994
2006-02-17,37.729324
2006-02-21,37.814419
2006-02-22,38.069729
2006-02-23,38.466892
2006-02-24,39.204456
2006-02-27,39.686707
2006-02-28,39.147720
2006-03-01,39.516499
2006-03-02,38.920769
2006-03-03,38.381794
2006-03-06,38.126476
2006-03-07,37.700962
2006-03-08,37.956268
2006-03-09,38.353416
2006-03-10,38.807304
2006-03-13,39.204456
2006-03-14,39.601604
2006-03-15,39.488129
2006-03-16,39.119347
2006-03-17,39.658337
2006-03-20,40.140587
2006-03-21,39.658337
2006-03-22,40.168953
2006-03-23,39.488129
2006-03-24,39.913643
2006-03-27,40.055504
2006-03-28,39.573242
2006-03-29,40.679592
2006-03-30,40.991623
2006-03-31,40.849781
2006-04-03,41.530621
2006-04-04,41.530621
2006-04-05,41.729198
2006-04-06,41.927776
2006-04-07,41.644104
2006-04-10,41.871044
2006-04-11,41.388786
2006-04-12,41.076736
2006-04-13,41.076736
2006-04-17,40.651215
2006-04-18,41.984505
2006-04-19,41.927776
2006-04-20,41.672462
2006-04-21,41.927776
2006-04-24,41.672462
2006-04-25,41.757568
2006-04-26,42.183083
2006-04-27,42.154724
2006-04-28,41.984505
2006-05-01,42.126350
2006-05-02,42.807167
2006-05-03,42.693710
2006-05-04,42.920647
2006-05-05,43.714954
2006-05-08,43.941898
2006-05-09,44.112106
2006-05-10,43.487999
2006-05-11,42.636971
2006-05-12,42.097977
2006-05-15,42.495132
2006-05-16,42.041248
2006-05-17,40.707954
2006-05-18,40.736320
2006-05-19,41.076736
2006-05-22,39.998749
2006-05-23,39.431396
2006-05-24,39.516499
2006-05-25,39.998749
2006-05-26,40.509373
2006-05-30,39.431396
2006-05-31,39.715080
2006-06-01,39.885284
2006-06-02,40.339176
2006-06-05,39.317924
2006-06-06,38.693825
2006-06-07,37.842793
2006-06-08,36.622955
2006-06-09,36.452755
2006-06-12,36.112358
2006-06-13,34.864159
2006-06-14,35.743553
2006-06-15,37.020115
2006-06-16,36.679714
2006-06-19,36.481133
2006-06-20,36.566238
2006-06-21,37.048496
2006-06-22,36.878281
2006-06-23,36.708073
2006-06-26,37.020115
2006-06-27,36.367664
2006-06-28,36.821556
2006-06-29,38.381794
2006-06-30,38.693825
2006-07-03,39.374660
2006-07-05,38.069729
2006-07-06,38.410141
2006-07-07,38.239937
2006-07-10,38.807304
2006-07-11,38.807304
2006-07-12,37.729324
2006-07-13,36.764816
2006-07-14,36.452755
2006-07-17,35.998878
2006-07-18,35.658459
2006-07-19,36.396038
2006-07-20,36.197460
2006-07-21,36.225822
2006-07-24,36.906647
2006-07-25,37.190342
2006-07-26,36.991768
2006-07-27,37.502380
2006-07-28,38.523613
2006-07-31,38.495247
2006-08-01,37.899532
2006-08-02,38.778934
2006-08-03,38.466892
2006-08-04,38.608719
2006-08-07,37.757694
2006-08-08,37.956268
2006-08-09,38.098103
2006-08-10,38.523613
2006-08-11,38.154842
2006-08-14,38.381794
2006-08-15,39.261185
2006-08-16,39.686707
2006-08-17,39.601604
2006-08-18,39.800179
2006-08-21,39.459770
2006-08-22,39.573242
2006-08-23,39.289562
2006-08-24,38.977509
2006-08-25,38.778934
2006-08-28,38.693825
2006-08-29,39.005878
2006-08-30,38.750572
2006-08-31,38.892403
2006-09-01,39.232822
2006-09-05,39.771820
2006-09-06,39.176090
2006-09-07,38.864040
2006-09-08,38.864040
2006-09-11,38.268318
2006-09-12,38.580357
2006-09-13,38.098103
2006-09-14,38.069729
2006-09-15,38.041359
2006-09-18,38.154842
2006-09-19,37.842793
2006-09-20,37.984623
2006-09-21,37.984623
2006-09-22,37.445648
2006-09-25,37.672596
2006-09-26,37.700962
2006-09-27,38.268318
2006-09-28,38.466892
2006-09-29,38.410141
2006-10-02,38.807304
2006-10-03,38.665470
2006-10-04,38.977509
2006-10-05,39.317924
2006-10-06,38.864040
2006-10-09,38.495247
2006-10-10,38.807304
2006-10-11,38.438519
2006-10-12,38.835667
2006-10-13,38.722202
2006-10-16,39.147720
2006-10-17,38.920769
2006-10-18,39.147720
2006-10-19,39.147720
2006-10-20,39.119347
2006-10-23,39.544865
2006-10-24,39.573242
2006-10-25,39.686707
2006-10-26,39.942017
2006-10-27,39.488129
2006-10-30,39.261185
2006-10-31,39.176090
2006-11-01,39.005878
2006-11-02,39.090977
2006-11-03,38.892403
2006-11-06,39.147720
2006-11-07,39.090977
2006-11-08,38.665470
2006-11-09,38.183201
2006-11-10,38.126476
2006-11-13,37.729324
2006-11-14,38.835667
2006-11-15,38.693825
2006-11-16,38.381794
2006-11-17,38.041359
2006-11-20,37.247066
2006-11-21,37.275444
2006-11-22,37.615845
2006-11-24,37.474010
2006-11-27,37.445648
2006-11-28,38.069729
2006-11-29,38.807304
2006-11-30,39.176090
2006-12-01,39.232822
2006-12-04,39.686707
2006-12-05,39.715080
2006-12-06,39.970387
2006-12-07,39.998749
2006-12-08,39.828552
2006-12-11,39.885284
2006-12-12,39.942017
2006-12-13,39.743443
2006-12-14,40.140587
2006-12-15,40.140587
2006-12-18,39.885284
2006-12-19,39.715080
2006-12-20,39.997917
2006-12-21,40.226471
2006-12-22,40.369328
2006-12-26,40.340755
2006-12-27,40.512173
2006-12-28,40.540730
2006-12-29,40.597878
2007-01-03,40.569302
2007-01-04,40.997868
2007-01-05,39.940781
2007-01-08,40.169342
2007-01-09,40.426472
2007-01-10,39.826511
2007-01-11,39.626514
2007-01-12,40.140774
2007-01-16,40.283619
2007-01-17,40.283619
2007-01-18,40.255051
2007-01-19,40.540730
2007-01-22,40.540730
2007-01-23,40.769314
2007-01-24,41.312130
2007-01-25,40.626453
2007-01-26,40.655029
2007-01-29,40.797878
2007-01-30,41.055004
2007-01-31,40.883583
2007-02-01,41.426414
2007-02-02,41.169289
2007-02-05,40.855019
2007-02-06,41.197853
2007-02-07,41.169289
2007-02-08,40.655029
2007-02-09,40.769314
2007-02-12,40.740738
2007-02-13,41.597832
2007-02-14,42.283520
2007-02-15,42.626358
2007-02-16,42.597786
2007-02-20,42.454933
2007-02-21,42.483498
2007-02-22,42.597786
2007-02-23,42.969193
2007-02-26,43.254902
2007-02-27,42.226376
2007-02-28,42.169224
2007-03-01,41.969238
2007-03-02,41.283581
2007-03-05,40.683605
2007-03-06,41.654964
2007-03-07,41.569271
2007-03-08,41.940674
2007-03-09,41.969238
2007-03-12,42.312080
2007-03-13,41.540688
2007-03-14,41.169289
2007-03-15,41.197853
2007-03-16,41.169289
2007-03-19,41.626404
2007-03-20,41.997814
2007-03-21,42.454933
2007-03-22,42.512077
2007-03-23,42.569210
2007-03-26,42.340649
2007-03-27,42.169224
2007-03-28,41.854965
2007-03-29,41.912106
2007-03-30,41.626404
2007-04-02,41.397827
2007-04-03,41.740692
2007-04-04,42.054958
2007-04-05,41.940674
2007-04-09,41.883526
2007-04-10,42.026390
2007-04-11,41.854965
2007-04-12,41.797829
2007-04-13,41.454990
2007-04-16,42.054958
2007-04-17,41.797829
2007-04-18,41.854965
2007-04-19,41.654964
2007-04-20,41.826389
2007-04-23,41.369282
2007-04-24,41.312130
2007-04-25,41.540688
2007-04-26,41.340706
2007-04-27,41.112144
2007-04-30,40.797878
2007-05-01,40.797878
2007-05-02,41.026436
2007-05-03,41.083569
2007-05-04,41.226437
2007-05-07,41.426414
2007-05-08,41.340706
2007-05-09,41.854965
2007-05-10,41.226437
2007-05-11,41.540688
2007-05-14,41.426414
2007-05-15,41.083569
2007-05-16,41.169289
2007-05-17,40.826435
2007-05-18,40.712170
2007-05-21,40.712170
2007-05-22,41.112144
2007-05-23,41.169289
2007-05-24,40.969303
2007-05-25,40.797878
2007-05-29,41.226437
2007-05-30,41.312130
2007-05-31,41.712120
2007-06-01,41.940674
2007-06-04,42.083523
2007-06-05,42.026390
2007-06-06,41.854965
2007-06-07,41.683548
2007-06-08,41.883526
2007-06-11,41.826389
2007-06-12,41.283581
2007-06-13,41.397827
2007-06-14,41.454990
2007-06-15,41.826389
2007-06-18,41.740692
2007-06-19,41.712120
2007-06-20,41.426414
2007-06-21,41.626404
2007-06-22,41.226437
2007-06-25,40.997868
2007-06-26,41.055004
2007-06-27,41.140705
2007-06-28,41.055004
2007-06-29,41.454990
2007-07-02,42.197800
2007-07-03,42.112099
2007-07-05,41.997814
2007-07-06,41.797829
2007-07-09,41.797829
2007-07-10,41.883526
2007-07-11,41.740692
2007-07-12,42.026390
2007-07-13,42.226376
2007-07-16,42.140671
2007-07-17,41.912106
2007-07-18,41.712120
2007-07-19,41.912106
2007-07-20,41.740692
2007-07-23,41.997814
2007-07-24,41.854965
2007-07-25,41.883526
2007-07-26,41.140705
2007-07-27,40.740738
2007-07-30,41.426414
2007-07-31,41.226437
2007-08-01,40.912167
2007-08-02,40.712170
2007-08-03,40.140774
2007-08-06,40.740738
2007-08-07,40.655029
2007-08-08,40.997868
2007-08-09,40.340755
2007-08-10,39.769367
2007-08-13,39.826511
2007-08-14,39.712215
2007-08-15,39.055107
2007-08-16,39.140812
2007-08-17,38.855103
2007-08-20,38.426579
2007-08-21,38.912254
2007-08-22,39.426517
2007-08-23,39.712215
2007-08-24,39.912209
2007-08-27,39.597935
2007-08-28,39.226532
2007-08-29,39.597935
2007-08-30,39.340813
2007-08-31,40.197903
2007-09-04,39.969345
2007-09-05,39.197956
2007-09-06,39.226532
2007-09-07,39.026535
2007-09-10,38.683701
2007-09-11,39.083679
2007-09-12,38.969402
2007-09-13,38.683701
2007-09-14,38.797970
2007-09-17,38.597996
2007-09-18,38.997963
2007-09-19,39.426517
2007-09-20,39.283669
2007-09-21,39.369377
2007-09-24,39.512238
2007-09-25,39.740795
2007-09-26,40.083633
2007-09-27,40.997868
2007-09-28,40.969303
2007-10-01,41.426414
2007-10-02,41.312130
2007-10-03,41.340706
2007-10-04,41.312130
2007-10-05,41.854965
2007-10-08,41.626404
2007-10-09,41.512119
2007-10-10,41.426414
2007-10-11,41.483559
2007-10-12,41.483559
2007-10-15,40.997868
2007-10-16,40.255051
2007-10-17,40.312180
2007-10-18,40.483604
2007-10-19,39.683651
2007-10-22,39.912209
2007-10-23,40.026489
2007-10-24,39.855068
2007-10-25,39.712215
2007-10-26,40.397911
2007-10-29,40.940720
2007-10-30,40.740738
2007-10-31,41.026436
2007-11-01,40.512173
2007-11-02,40.397911
2007-11-05,39.712215
2007-11-06,40.169342
2007-11-07,39.426517
2007-11-08,38.797970
2007-11-09,38.283714
2007-11-12,38.312290
2007-11-13,38.969402
2007-11-14,39.083679
2007-11-15,38.740837
2007-11-16,38.455135
2007-11-19,37.798031
2007-11-20,38.797970
2007-11-21,38.112301
2007-11-23,38.969402
2007-11-26,38.969402
2007-11-27,39.597935
2007-11-28,39.969345
2007-11-29,40.112209
2007-11-30,40.197903
2007-12-03,40.255051
2007-12-04,39.826511
2007-12-05,40.569302
2007-12-06,41.083569
2007-12-07,40.712170
2007-12-10,40.826435
2007-12-11,39.940781
2007-12-12,40.255051
2007-12-13,39.426517
2007-12-14,37.883732
2007-12-17,37.226631
2007-12-18,37.883732
2007-12-19,37.626617
2007-12-20,37.769455
2007-12-21,38.340858
2007-12-24,38.277351
2007-12-26,38.450565
2007-12-27,37.844353
2007-12-28,38.277351
2007-12-31,38.363953
2008-01-02,38.190754
2008-01-03,38.335091
2008-01-04,37.353630
2008-01-07,37.122677
2008-01-08,37.036091
2008-01-09,37.844353
2008-01-10,37.526810
2008-01-11,36.891750
2008-01-14,37.353630
2008-01-15,36.314415
2008-01-16,35.650486
2008-01-17,35.159748
2008-01-18,36.083469
2008-01-22,34.755604
2008-01-23,34.871075
2008-01-24,35.448399
2008-01-25,35.996887
2008-01-28,35.794815
2008-01-29,36.401020
2008-01-30,36.227814
2008-01-31,36.718555
2008-02-01,37.036091
2008-02-04,36.920620
2008-02-05,35.679340
2008-02-06,35.217472
2008-02-07,35.419544
2008-02-08,34.524666
2008-02-11,34.871075
2008-02-12,35.390678
2008-02-13,35.130878
2008-02-14,35.477272
2008-02-15,35.910271
2008-02-19,36.256683
2008-02-20,35.506138
2008-02-21,35.765953
2008-02-22,36.054615
2008-02-25,36.805141
2008-02-26,37.209278
2008-02-27,37.007217
2008-02-28,36.603081
2008-02-29,36.170078
2008-03-03,36.141220
2008-03-04,35.304077
2008-03-05,35.506138
2008-03-06,35.188606
2008-03-07,34.669010
2008-03-10,34.524666
2008-03-11,35.535007
2008-03-12,35.535007
2008-03-13,35.650486
2008-03-14,33.283398
2008-03-17,34.236019
2008-03-18,35.217472
2008-03-19,34.149399
2008-03-20,34.784485
2008-03-24,35.852543
2008-03-25,36.227814
2008-03-26,35.939144
2008-03-27,35.823681
2008-03-28,35.968014
2008-03-31,35.708218
2008-04-01,36.747417
2008-04-02,36.689690
2008-04-03,36.862881
2008-04-04,36.891750
2008-04-07,37.151554
2008-04-08,36.603081
2008-04-09,36.054615
2008-04-10,35.939144
2008-04-11,36.170078
2008-04-14,35.939144
2008-04-15,36.198944
2008-04-16,37.353630
2008-04-17,36.805141
2008-04-18,37.815483
2008-04-21,37.700016
2008-04-22,36.978352
2008-04-23,37.382469
2008-04-24,37.093807
2008-04-25,37.815483
2008-04-28,38.508289
2008-04-29,38.161884
2008-04-30,38.335091
2008-05-01,38.681477
2008-05-02,38.594894
2008-05-05,38.652622
2008-05-06,38.825825
2008-05-07,38.335091
2008-05-08,38.508289
2008-05-09,37.902084
2008-05-12,38.046436
2008-05-13,38.075283
2008-05-14,38.421688
2008-05-15,39.172218
2008-05-16,39.316551
2008-05-19,39.258812
2008-05-20,38.912422
2008-05-21,38.219620
2008-05-22,38.768089
2008-05-23,38.450565
2008-05-27,38.566017
2008-05-28,38.133011
2008-05-29,38.566017
2008-05-30,39.085625
2008-06-02,39.172218
2008-06-03,39.143360
2008-06-04,39.605225
2008-06-05,39.922771
2008-06-06,38.508289
2008-06-09,38.566017
2008-06-10,37.728886
2008-06-11,37.180416
2008-06-12,37.093807
2008-06-13,37.469086
2008-06-16,37.815483
2008-06-17,38.075283
2008-06-18,37.671154
2008-06-19,37.555683
2008-06-20,36.314415
2008-06-23,36.574211
2008-06-24,36.285549
2008-06-25,36.836651
2008-06-26,35.908474
2008-06-27,36.111523
2008-06-30,36.169514
2008-07-01,36.314552
2008-07-02,35.531414
2008-07-03,35.647430
2008-07-07,35.647430
2008-07-08,35.502399
2008-07-09,34.922291
2008-07-10,35.241360
2008-07-11,34.777279
2008-07-14,35.009315
2008-07-15,34.429214
2008-07-16,35.299358
2008-07-17,35.125340
2008-07-18,34.980309
2008-07-21,34.980309
2008-07-22,35.444393
2008-07-23,35.676441
2008-07-24,35.647430
2008-07-25,35.241360
2008-07-28,34.835285
2008-07-29,35.038311
2008-07-30,35.357376
2008-07-31,34.806290
2008-08-01,34.313190
2008-08-04,33.443027
2008-08-05,34.197170
2008-08-06,33.994141
2008-08-07,33.239994
2008-08-08,33.733089
2008-08-11,33.936127
2008-08-12,33.704079
2008-08-13,33.123978
2008-08-14,32.920940
2008-08-15,32.688896
2008-08-18,32.978947
2008-08-19,32.456852
2008-08-20,32.804920
2008-08-21,33.007954
2008-08-22,32.775917
2008-08-25,32.485874
2008-08-26,32.659901
2008-08-27,32.804920
2008-08-28,33.065971
2008-08-29,33.094978
2008-09-02,32.659901
2008-09-03,32.804920
2008-09-04,31.760733
2008-09-05,31.760733
2008-09-08,32.543865
2008-09-09,31.644718
2008-09-10,32.050789
2008-09-11,31.876740
2008-09-12,32.079788
2008-09-15,31.180618
2008-09-16,30.890574
2008-09-17,29.788372
2008-09-18,31.122616
2008-09-19,32.804920
2008-09-22,31.673717
2008-09-23,31.383673
2008-09-24,31.818733
2008-09-25,32.369835
2008-09-26,32.195801
2008-09-29,29.701353
2008-09-30,30.919571
2008-10-01,30.542505
2008-10-02,29.237276
2008-10-03,28.657167
2008-10-06,27.729004
2008-10-07,26.713820
2008-10-08,25.727642
2008-10-09,24.538427
2008-10-10,23.465233
2008-10-13,27.177896
2008-10-14,27.032881
2008-10-15,24.219368
2008-10-16,25.698631
2008-10-17,25.350571
2008-10-20,27.351938
2008-10-21,26.365761
2008-10-22,24.770466
2008-10-23,25.611622
2008-10-24,24.074348
2008-10-27,22.624084
2008-10-28,25.379585
2008-10-29,24.799482
2008-10-30,26.133722
2008-10-31,26.104710
2008-11-03,26.278748
2008-11-04,27.729004
2008-11-05,27.148895
2008-11-06,24.799482
2008-11-07,26.249739
2008-11-10,26.481773
2008-11-11,25.379585
2008-11-12,24.683455
2008-11-13,26.365761
2008-11-14,24.944506
2008-11-17,24.886488
2008-11-18,24.886488
2008-11-19,23.291201
2008-11-20,22.624084
2008-11-21,24.016327
2008-11-24,25.147539
2008-11-25,25.031515
2008-11-26,25.495602
2008-11-28,25.118530
2008-12-01,23.668270
2008-12-02,24.857479
2008-12-03,25.089520
2008-12-04,24.103346
2008-12-05,24.480415
2008-12-08,25.582611
2008-12-09,25.408585
2008-12-10,25.959688
2008-12-11,25.872669
2008-12-12,26.452776
2008-12-15,26.307739
2008-12-16,27.641979
2008-12-17,27.583979
2008-12-18,26.626801
2008-12-19,26.510788
2008-12-22,26.452776
2008-12-23,25.999470
2008-12-24,26.321165
2008-12-26,26.818340
2008-12-29,27.023066
2008-12-30,27.783455
2008-12-31,28.017420
2009-01-02,28.163649
2009-01-05,27.461752
2009-01-06,27.198536
2009-01-07,26.935329
2009-01-08,27.315525
2009-01-09,26.847586
2009-01-12,26.525883
2009-01-13,26.028713
2009-01-14,25.268322
2009-01-15,25.590027
2009-01-16,25.765503
2009-01-20,24.654160
2009-01-21,25.736254
2009-01-22,25.092846
2009-01-23,25.034355
2009-01-26,25.005116
2009-01-27,25.794741
2009-01-28,26.262678
2009-01-29,25.268322
2009-01-30,24.654160
2009-02-02,24.654160
2009-02-03,25.122087
2009-02-04,25.356062
2009-02-05,25.268322
2009-02-06,25.414555
2009-02-09,24.946617
2009-02-10,24.069239
2009-02-11,24.186228
2009-02-12,24.156981
2009-02-13,23.513575
2009-02-17,22.723948
2009-02-18,22.899420
2009-02-19,22.577709
2009-02-20,22.285255
2009-02-23,21.349386
2009-02-24,22.226761
2009-02-25,21.641848
2009-02-26,21.378639
2009-02-27,21.554110
2009-03-02,20.793722
2009-03-03,20.735228
2009-03-04,21.290903
2009-03-05,20.881456
2009-03-06,20.822968
2009-03-09,20.091827
2009-03-10,21.115425
2009-03-11,21.203159
2009-03-12,21.173914
2009-03-13,21.378639
2009-03-16,21.758835
2009-03-17,22.519220
2009-03-18,23.045647
2009-03-19,22.928661
2009-03-20,22.431486
2009-03-23,24.186228
2009-03-24,23.513575
2009-03-25,24.215467
2009-03-26,24.478687
2009-03-27,24.069239
2009-03-30,23.133385
2009-03-31,23.104136
2009-04-01,23.776789
2009-04-02,24.624912
2009-04-03,24.420193
2009-04-06,23.893766
2009-04-07,23.747541
2009-04-08,23.923023
2009-04-09,24.800394
2009-04-13,24.858883
2009-04-14,24.624912
2009-04-15,24.741894
2009-04-16,24.829634
2009-04-17,24.946617
2009-04-20,24.390949
2009-04-21,24.683403
2009-04-22,24.771139
2009-04-23,24.917374
2009-04-24,25.297560
2009-04-27,25.239077
2009-04-28,24.829634
2009-04-29,25.034355
2009-04-30,24.888128
2009-05-01,25.268322
2009-05-04,25.940971
2009-05-05,25.853233
2009-05-06,26.467403
2009-05-07,25.853233
2009-05-08,26.906082
2009-05-11,26.642872
2009-05-12,26.789099
2009-05-13,26.291922
2009-05-14,26.321165
2009-05-15,26.584383
2009-05-18,26.818340
2009-05-19,26.642872
2009-05-20,26.993818
2009-05-21,26.642872
2009-05-22,26.730612
2009-05-26,27.607986
2009-05-27,27.081558
2009-05-28,26.906082
2009-05-29,27.403252
2009-06-01,27.841951
2009-06-02,27.871185
2009-06-03,27.257034
2009-06-04,27.461752
2009-06-05,27.140053
2009-06-08,27.286274
2009-06-09,27.520243
2009-06-10,27.549492
2009-06-11,28.017420
2009-06-12,27.988176
2009-06-15,27.490993
2009-06-16,27.198536
2009-06-17,27.520243
2009-06-18,27.286274
2009-06-19,27.724958
2009-06-22,27.110798
2009-06-23,27.287230
2009-06-24,27.346039
2009-06-25,27.992939
2009-06-26,28.081148
2009-06-29,27.934118
2009-06-30,27.728298
2009-07-01,28.051744
2009-07-02,27.434250
2009-07-06,27.610674
2009-07-07,27.316633
2009-07-08,27.316633
2009-07-09,27.316633
2009-07-10,27.022585
2009-07-13,27.081398
2009-07-14,27.081398
2009-07-15,27.375435
2009-07-16,27.257826
2009-07-17,27.257826
2009-07-20,27.610674
2009-07-21,27.845907
2009-07-22,28.169355
2009-07-23,28.286976
2009-07-24,28.433998
2009-07-27,28.375196
2009-07-28,28.345779
2009-07-29,28.551622
2009-07-30,28.875061
2009-07-31,29.022083
2009-08-03,29.521965
2009-08-04,29.492556
2009-08-05,29.286718
2009-08-06,29.257320
2009-08-07,29.139696
2009-08-10,29.139696
2009-08-11,29.139696
2009-08-12,29.286718
2009-08-13,29.551363
2009-08-14,29.668980
2009-08-17,28.845663
2009-08-18,29.080894
2009-08-19,29.169104
2009-08-20,29.521965
2009-08-21,29.845406
2009-08-24,29.786598
2009-08-25,30.021833
2009-08-26,30.051235
2009-08-27,30.139444
2009-08-28,30.110037
2009-08-31,30.051235
2009-09-01,29.610168
2009-09-02,29.698385
2009-09-03,29.610168
2009-09-04,29.551363
2009-09-08,29.815990
2009-09-09,29.933619
2009-09-10,30.286476
2009-09-11,30.257067
2009-09-14,30.139444
2009-09-15,29.904221
2009-09-16,30.051235
2009-09-17,29.757198
2009-09-18,29.904221
2009-09-21,29.610168
2009-09-22,29.992428
2009-09-23,29.668980
2009-09-24,29.698385
2009-09-25,29.463160
2009-09-28,29.698385
2009-09-29,29.080894
2009-09-30,29.227905
2009-10-01,28.492809
2009-10-02,28.110550
2009-10-05,28.345779
2009-10-06,28.669231
2009-10-07,28.933876
2009-10-08,29.257320
2009-10-09,29.257320
2009-10-12,29.316128
2009-10-13,29.169104
2009-10-14,29.492556
2009-10-15,29.345531
2009-10-16,28.816252
2009-10-19,29.286718
2009-10-20,29.198515
2009-10-21,29.110300
2009-10-22,29.169104
2009-10-23,28.492809
2009-10-26,28.404589
2009-10-27,28.286976
2009-10-28,27.992939
2009-10-29,28.433998
2009-10-30,28.081148
2009-11-02,28.345779
2009-11-03,28.316378
2009-11-04,28.257572
2009-11-05,28.463408
2009-11-06,28.286976
2009-11-09,28.610424
2009-11-10,28.404589
2009-11-11,28.375196
2009-11-12,27.904720
2009-11-13,28.169355
2009-11-16,28.433998
2009-11-17,28.110550
2009-11-18,27.816507
2009-11-19,27.169615
2009-11-20,27.375435
2009-11-23,27.669485
2009-11-24,27.316633
2009-11-25,27.787104
2009-11-27,27.551867
2009-11-30,28.110550
2009-12-01,29.080894
2009-12-02,28.963274
2009-12-03,29.374943
2009-12-04,29.374943
2009-12-07,29.139696
2009-12-08,29.227905
2009-12-09,29.316128
2009-12-10,29.080894
2009-12-11,29.257320
2009-12-14,29.286718
2009-12-15,29.051485
2009-12-16,29.492556
2009-12-17,29.080894
2009-12-18,29.022083
2009-12-21,28.933876
2009-12-22,29.165295
2009-12-23,29.254309
2009-12-24,29.461990
2009-12-28,29.343325
2009-12-29,29.461990
2009-12-30,29.135622
2009-12-31,28.898264
2010-01-04,29.640013
2010-01-05,29.818029
2010-01-06,29.936705
2010-01-07,29.669682
2010-01-08,30.025715
2010-01-11,30.292740
2010-01-12,30.500425
2010-01-13,30.678446
2010-01-14,31.123495
2010-01-15,31.064156
2010-01-19,31.034485
2010-01-20,30.352076
2010-01-21,30.500425
2010-01-22,30.174068
2010-01-25,30.411430
2010-01-26,30.085054
2010-01-27,29.907038
2010-01-28,29.610344
2010-01-29,29.194965
2010-02-01,29.491659
2010-02-02,30.055386
2010-02-03,29.758694
2010-02-04,29.194965
2010-02-05,29.135622
2010-02-08,28.927938
2010-02-09,29.105953
2010-02-10,29.105953
2010-02-11,29.254309
2010-02-12,29.076292
2010-02-16,29.372988
2010-02-17,29.372988
2010-02-18,29.432320
2010-02-19,28.957611
2010-02-22,29.313654
2010-02-23,29.194965
2010-02-24,29.254309
2010-02-25,29.313654
2010-02-26,29.491659
2010-03-01,29.788357
2010-03-02,29.877361
2010-03-03,30.085054
2010-03-04,29.788357
2010-03-05,30.085054
2010-03-08,30.292740
2010-03-09,30.174068
2010-03-10,29.966379
2010-03-11,30.263062
2010-03-12,30.559767
2010-03-15,30.411430
2010-03-16,30.708122
2010-03-17,30.826792
2010-03-18,30.619108
2010-03-19,30.559767
2010-03-22,30.708122
2010-03-23,31.004816
2010-03-24,30.500425
2010-03-25,30.322418
2010-03-26,30.797138
2010-03-29,31.182833
2010-03-30,31.360851
2010-03-31,30.975149
2010-04-01,31.449852
2010-04-05,31.360851
2010-04-06,31.449852
2010-04-07,31.449852
2010-04-08,31.479527
2010-04-09,31.568544
2010-04-12,31.509199
2010-04-13,31.449852
2010-04-14,31.598209
2010-04-15,31.746565
2010-04-16,31.153170
2010-04-19,31.093824
2010-04-20,30.975149
2010-04-21,31.093824
2010-04-22,30.826792
2010-04-23,31.034485
2010-04-26,31.242165
2010-04-27,30.678446
2010-04-28,30.559767
2010-04-29,30.915798
2010-04-30,30.826792
2010-05-03,30.915798
2010-05-04,29.966379
2010-05-05,29.936705
2010-05-06,29.758694
2010-05-07,29.491659
2010-05-10,30.322418
2010-05-11,29.640013
2010-05-12,29.907038
2010-05-13,29.669682
2010-05-14,29.461990
2010-05-17,29.402651
2010-05-18,28.898264
2010-05-19,29.105953
2010-05-20,28.660917
2010-05-21,28.927938
2010-05-24,28.542236
2010-05-25,28.364218
2010-05-26,28.008179
2010-05-27,28.690580
2010-05-28,28.215860
2010-06-01,28.126856
2010-06-02,28.275204
2010-06-03,28.215860
2010-06-04,27.681808
2010-06-07,27.236763
2010-06-08,27.503794
2010-06-09,27.533463
2010-06-10,28.008179
2010-06-11,27.948833
2010-06-14,28.126856
2010-06-15,28.631239
2010-06-16,28.749920
2010-06-17,28.690580
2010-06-18,28.749920
2010-06-21,28.957611
2010-06-22,28.601568
2010-06-23,28.479052
2010-06-24,28.389402
2010-06-25,28.508923
2010-06-28,28.180212
2010-06-29,27.492895
2010-06-30,27.492895
2010-07-01,27.582539
2010-07-02,27.702082
2010-07-06,28.269855
2010-07-07,28.807762
2010-07-08,28.867535
2010-07-09,28.688240
2010-07-12,28.538815
2010-07-13,28.688240
2010-07-14,28.897421
2010-07-15,28.658354
2010-07-16,27.941151
2010-07-19,28.030794
2010-07-20,28.210094
2010-07-21,27.702082
2010-07-22,28.210094
2010-07-23,28.628468
2010-07-26,28.658354
2010-07-27,28.508923
2010-07-28,28.837646
2010-07-29,29.016964
2010-07-30,28.777878
2010-08-02,29.405437
2010-08-03,29.285908
2010-08-04,29.226137
2010-08-05,29.196259
2010-08-06,29.465212
2010-08-09,29.495100
2010-08-10,29.315788
2010-08-11,28.329632
2010-08-12,28.239967
2010-08-13,28.210094
2010-08-16,28.419277
2010-08-17,28.568695
2010-08-18,28.748003
2010-08-19,28.688240
2010-08-20,28.419277
2010-08-23,28.239967
2010-08-24,28.210094
2010-08-25,28.120447
2010-08-26,28.090559
2010-08-27,28.449165
2010-08-30,28.359512
2010-08-31,28.030794
2010-09-01,28.807762
2010-09-02,28.718115
2010-09-03,28.927301
2010-09-07,28.927301
2010-09-08,28.987070
2010-09-09,29.076719
2010-09-10,29.285908
2010-09-13,29.584738
2010-09-14,29.674393
2010-09-15,29.614620
2010-09-16,29.226137
2010-09-17,29.136486
2010-09-20,29.644506
2010-09-21,29.315788
2010-09-22,29.226137
2010-09-23,29.106600
2010-09-24,29.495100
2010-09-27,29.644506
2010-09-28,29.764038
2010-09-29,29.913464
2010-09-30,29.554865
2010-10-01,29.614620
2010-10-04,29.046843
2010-10-05,29.973219
2010-10-06,30.301943
2010-10-07,30.421480
2010-10-08,30.570898
2010-10-11,30.511137
2010-10-12,30.242182
2010-10-13,30.331827
2010-10-14,30.541018
2010-10-15,30.301943
2010-10-18,30.511137
2010-10-19,30.242182
2010-10-20,30.481251
2010-10-21,30.092760
2010-10-22,30.331827
2010-10-25,30.361712
2010-10-26,30.062878
2010-10-27,29.973219
2010-10-28,30.062878
2010-10-29,29.943338
2010-11-01,29.644506
2010-11-02,29.853691
2010-11-03,29.943338
2010-11-04,30.630667
2010-11-05,30.899622
2010-11-08,30.899622
2010-11-09,30.690434
2010-11-10,31.049040
2010-11-11,30.869734
2010-11-12,30.630667
2010-11-15,30.630667
2010-11-16,30.092760
2010-11-17,30.541018
2010-11-18,31.317991
2010-11-19,31.347870
2010-11-22,31.258223
2010-11-23,30.660553
2010-11-24,31.198444
2010-11-26,30.690434
2010-11-29,30.839844
2010-11-30,30.690434
2010-12-01,31.317991
2010-12-02,31.616812
2010-12-03,31.796125
2010-12-06,31.945545
2010-12-07,31.557058
2010-12-08,31.646711
2010-12-09,31.706472
2010-12-10,31.616812
2010-12-13,32.035191
2010-12-14,32.154724
2010-12-15,31.945545
2010-12-16,32.124832
2010-12-17,32.035191
2010-12-20,32.065075
2010-12-21,32.254631
2010-12-22,32.374985
2010-12-23,32.344894
2010-12-27,32.435162
2010-12-28,32.675865
2010-12-29,32.976749
2010-12-30,32.705952
2010-12-31,32.826313
2011-01-03,33.127193
2011-01-04,33.157284
2011-01-05,32.916573
2011-01-06,32.916573
2011-01-07,33.036926
2011-01-10,33.036926
2011-01-11,33.277641
2011-01-12,33.578514
2011-01-13,33.548428
2011-01-14,33.548428
2011-01-18,33.638695
2011-01-19,33.578514
2011-01-20,33.277641
2011-01-21,32.946663
2011-01-24,33.157284
2011-01-25,33.458157
2011-01-26,33.397991
2011-01-27,33.428085
2011-01-28,32.856396
2011-01-31,32.886486
2011-02-01,33.548428
2011-02-02,33.879395
2011-02-03,34.150200
2011-02-04,34.150200
2011-02-07,34.120106
2011-02-08,34.330711
2011-02-09,34.090027
2011-02-10,34.059914
2011-02-11,34.090027
2011-02-14,34.390907
2011-02-15,34.150200
2011-02-16,34.631607
2011-02-17,34.932491
2011-02-18,34.902397
2011-02-22,33.939583
2011-02-23,33.999760
2011-02-24,33.909492
2011-02-25,34.360813
2011-02-28,34.691780
2011-03-01,34.631607
2011-03-02,34.330711
2011-03-03,34.661697
2011-03-04,34.420994
2011-03-07,33.759048
2011-03-08,33.909492
2011-03-09,33.909492
2011-03-10,33.067005
2011-03-11,32.525425
2011-03-14,30.238714
2011-03-15,30.178530
2011-03-16,29.065279
2011-03-17,30.389162
2011-03-18,31.201551
2011-03-21,32.104187
2011-03-22,31.983837
2011-03-23,31.803301
2011-03-24,31.863487
2011-03-25,31.081190
2011-03-28,31.021015
2011-03-29,30.960846
2011-03-30,31.442245
2011-03-31,31.051100
2011-04-01,30.990923
2011-04-04,30.569691
2011-04-05,29.967922
2011-04-06,29.697132
2011-04-07,29.456417
2011-04-08,30.028097
2011-04-11,29.817484
2011-04-12,29.877649
2011-04-13,29.998007
2011-04-14,30.208628
2011-04-15,30.178530
2011-04-18,30.088278
2011-04-19,30.178530
2011-04-20,30.629862
2011-04-21,30.750216
2011-04-25,30.720135
2011-04-26,30.750216
2011-04-27,30.810396
2011-04-28,31.622780
2011-04-29,31.682947
2011-05-02,31.773218
2011-05-03,31.773218
2011-05-04,31.713036
2011-05-05,31.472336
2011-05-06,31.652866
2011-05-09,31.773218
2011-05-10,31.923666
2011-05-11,31.382074
2011-05-12,31.472336
2011-05-13,30.810396
2011-05-16,30.629862
2011-05-17,30.659956
2011-05-18,30.900658
2011-05-19,30.449337
2011-05-20,30.118370
2011-05-23,29.667042
2011-05-24,30.028097
2011-05-25,30.088278
2011-05-26,30.359070
2011-05-27,30.359070
2011-05-31,30.900658
2011-06-01,30.509512
2011-06-02,30.539600
2011-06-03,30.268812
2011-06-06,29.967922
2011-06-07,30.208628
2011-06-08,30.178530
2011-06-09,30.389162
2011-06-10,30.088278
2011-06-13,30.088278
2011-06-14,30.690046
2011-06-15,30.088278
2011-06-16,29.998007
2011-06-17,30.088278
2011-06-20,30.118370
2011-06-21,30.629862
2011-06-22,30.593445
2011-06-23,30.532751
2011-06-24,30.714848
2011-06-27,30.563087
2011-06-28,30.927301
2011-06-29,31.412914
2011-06-30,31.655724
2011-07-01,31.928879
2011-07-05,31.989592
2011-07-06,32.171680
2011-07-07,32.384129
2011-07-08,32.110981
2011-07-11,31.716412
2011-07-12,31.807468
2011-07-13,32.414494
2011-07-14,32.110981
2011-07-15,32.353775
2011-07-18,31.959223
2011-07-19,32.353775
2011-07-20,32.687634
2011-07-21,32.960793
2011-07-22,33.021488
2011-07-25,32.900085
2011-07-26,32.960793
2011-07-27,32.414494
2011-07-28,32.353775
2011-07-29,32.505539
2011-08-01,32.202026
2011-08-02,31.928879
2011-08-03,31.989592
2011-08-04,30.047140
2011-08-05,30.320293
2011-08-08,28.863455
2011-08-09,30.350636
2011-08-10,28.954512
2011-08-11,30.047140
2011-08-12,29.773975
2011-08-15,30.138184
2011-08-16,29.895376
2011-08-17,29.925739
2011-08-18,28.893806
2011-08-19,28.620657
2011-08-22,28.681358
2011-08-23,29.227663
2011-08-24,28.893806
2011-08-25,28.499250
2011-08-26,29.106262
2011-08-29,29.500822
2011-08-30,29.379414
2011-08-31,29.895376
2011-09-01,29.622225
2011-09-02,29.136612
2011-09-06,28.499250
2011-09-07,29.045565
2011-09-08,28.681358
2011-09-09,28.013638
2011-09-12,28.286797
2011-09-13,28.772406
2011-09-14,28.893806
2011-09-15,29.227663
2011-09-16,29.531174
2011-09-19,29.106262
2011-09-20,29.075909
2011-09-21,28.711702
2011-09-22,28.256443
2011-09-23,28.347502
2011-09-26,28.499250
2011-09-27,28.954512
2011-09-28,28.954512
2011-09-29,29.470472
2011-09-30,28.711702
2011-10-03,28.256443
2011-10-04,28.620657
2011-10-05,28.499250
2011-10-06,28.620657
2011-10-07,28.468903
2011-10-10,29.197319
2011-10-11,28.954512
2011-10-12,29.136612
2011-10-13,29.136612
2011-10-14,29.197319
2011-10-17,29.075909
2011-10-18,29.349073
2011-10-19,28.893806
2011-10-20,28.802752
2011-10-21,29.106262
2011-10-24,29.409769
2011-10-25,28.984863
2011-10-26,29.045565
2011-10-27,30.168533
2011-10-28,30.289938
2011-10-31,28.529604
2011-11-01,28.165388
2011-11-02,28.256443
2011-11-03,28.468903
2011-11-04,28.408197
2011-11-07,28.651001
2011-11-08,28.529604
2011-11-09,28.013638
2011-11-10,27.983290
2011-11-11,28.286797
2011-11-14,28.165388
2011-11-15,28.165388
2011-11-16,27.649435
2011-11-17,27.679779
2011-11-18,27.801193
2011-11-21,27.254869
2011-11-22,27.467331
2011-11-23,26.829967
2011-11-25,26.829967
2011-11-28,27.588726
2011-11-29,27.710135
2011-11-30,28.620657
2011-12-01,28.226093
2011-12-02,28.317142
2011-12-05,28.529604
2011-12-06,28.195749
2011-12-07,28.590300
2011-12-08,27.892237
2011-12-09,28.529604
2011-12-12,28.043989
2011-12-13,27.922592
2011-12-14,27.619085
2011-12-15,27.558384
2011-12-16,27.467331
2011-12-19,27.072775
2011-12-20,27.766937
2011-12-21,27.490499
2011-12-22,27.674799
2011-12-23,27.889807
2011-12-27,27.551937
2011-12-28,27.214060
2011-12-29,27.766937
2011-12-30,27.981953
2012-01-03,28.534840
2012-01-04,28.504116
2012-01-05,28.166245
2012-01-06,27.859085
2012-01-09,27.951239
2012-01-10,28.289108
2012-01-11,28.166245
2012-01-12,28.043386
2012-01-13,28.104809
2012-01-17,28.104809
2012-01-18,28.442684
2012-01-19,28.657692
2012-01-20,29.026287
2012-01-23,29.149141
2012-01-24,28.872707
2012-01-25,29.241293
2012-01-26,29.179865
2012-01-27,29.333443
2012-01-30,29.149141
2012-01-31,29.333443
2012-02-01,29.517725
2012-02-02,29.609884
2012-02-03,29.702034
2012-02-06,29.609884
2012-02-07,29.917040
2012-02-08,30.039904
2012-02-09,29.947752
2012-02-10,29.579166
2012-02-13,29.886324
2012-02-14,29.794167
2012-02-15,30.285633
2012-02-16,30.592781
2012-02-17,30.623497
2012-02-21,30.592781
2012-02-22,30.684935
2012-02-23,30.869217
2012-02-24,30.930651
2012-02-27,30.746361
2012-02-28,31.237816
2012-02-29,30.684935
2012-03-01,30.869217
2012-03-02,30.562065
2012-03-05,30.377777
2012-03-06,30.132046
2012-03-07,30.316345
2012-03-08,30.838512
2012-03-09,30.961370
2012-03-12,30.654217
2012-03-13,30.930651
2012-03-14,30.592781
2012-03-15,30.838512
2012-03-16,31.022808
2012-03-19,31.114952
2012-03-20,30.807795
2012-03-21,30.654217
2012-03-22,30.684935
2012-03-23,30.684935
2012-03-26,30.899946
2012-03-27,31.145672
2012-03-28,31.207092
2012-03-29,31.176382
2012-03-30,31.268530
2012-04-02,31.299244
2012-04-03,30.899946
2012-04-04,30.193480
2012-04-05,30.193480
2012-04-09,30.009190
2012-04-10,29.640600
2012-04-11,30.039904
2012-04-12,30.193480
2012-04-13,29.855608
2012-04-16,29.917040
2012-04-17,30.101336
2012-04-18,30.039904
2012-04-19,29.855608
2012-04-20,29.917040
2012-04-23,29.579166
2012-04-24,29.763460
2012-04-25,29.917040
2012-04-26,30.070616
2012-04-27,29.978472
2012-04-30,29.917040
2012-05-01,29.609884
2012-05-02,29.456305
2012-05-03,29.210577
2012-05-04,28.995565
2012-05-07,29.118433
2012-05-08,28.872707
2012-05-09,28.626980
2012-05-10,28.749844
2012-05-11,28.442684
2012-05-14,28.135536
2012-05-15,27.766937
2012-05-16,27.459784
2012-05-17,27.705509
2012-05-18,27.306204
2012-05-21,27.582645
2012-05-22,27.551937
2012-05-23,27.336927
2012-05-24,27.214060
2012-05-25,27.060484
2012-05-29,27.398359
2012-05-30,27.029766
2012-05-31,27.306204
2012-06-01,26.569029
2012-06-04,26.876188
2012-06-05,27.214060
2012-06-06,27.644079
2012-06-07,27.459784
2012-06-08,27.214060
2012-06-11,27.091198
2012-06-12,27.398359
2012-06-13,27.244774
2012-06-14,27.459784
2012-06-15,27.859085
2012-06-18,27.920517
2012-06-19,28.074106
2012-06-20,28.319822
2012-06-21,27.910475
2012-06-22,28.096540
2012-06-25,27.662378
2012-06-26,27.972500
2012-06-27,28.189577
2012-06-28,28.592728
2012-06-29,29.181953
2012-07-02,29.088915
2012-07-03,29.461050
2012-07-05,29.088915
2012-07-06,28.964870
2012-07-09,28.809818
2012-07-10,28.499699
2012-07-11,28.561710
2012-07-12,28.127556
2012-07-13,28.406654
2012-07-16,28.282612
2012-07-17,28.158567
2012-07-18,28.251600
2012-07-19,28.468683
2012-07-20,27.786436
2012-07-23,27.414291
2012-07-24,27.166193
2012-07-25,27.166193
2012-07-26,27.569344
2012-07-27,28.065529
2012-07-30,27.910475
2012-07-31,27.879459
2012-08-01,27.786436
2012-08-02,27.662378
2012-08-03,27.972500
2012-08-06,28.251600
2012-08-07,28.592728
2012-08-08,28.530714
2012-08-09,28.592728
2012-08-10,28.623737
2012-08-13,28.561710
2012-08-14,28.530714
2012-08-15,28.375647
2012-08-16,28.747787
2012-08-17,28.964870
2012-08-20,28.902843
2012-08-21,28.902843
2012-08-22,28.871834
2012-08-23,28.871834
2012-08-24,28.840820
2012-08-27,28.747787
2012-08-28,28.499699
2012-08-29,28.592728
2012-08-30,28.065529
2012-08-31,28.096540
2012-09-04,27.724403
2012-09-05,27.383270
2012-09-06,27.755421
2012-09-07,28.127556
2012-09-10,28.127556
2012-09-11,28.251600
2012-09-12,28.561710
2012-09-13,29.026897
2012-09-14,29.337011
2012-09-17,29.057905
2012-09-18,29.119925
2012-09-19,29.181953
2012-09-20,28.871834
2012-09-21,29.026897
2012-09-24,28.964870
2012-09-25,28.964870
2012-09-26,28.654751
2012-09-27,28.995880
2012-09-28,28.437668
2012-10-01,28.344633
2012-10-02,28.220591
2012-10-03,28.096540
2012-10-04,28.437668
2012-10-05,28.437668
2012-10-08,28.282612
2012-10-09,27.817440
2012-10-10,27.600357
2012-10-11,27.755421
2012-10-12,27.786436
2012-10-15,27.972500
2012-10-16,28.375647
2012-10-17,28.530714
2012-10-18,28.716776
2012-10-19,28.344633
2012-10-22,28.747787
2012-10-23,28.158567
2012-10-24,28.220591
2012-10-25,28.437668
2012-10-26,28.282612
2012-10-31,28.096540
2012-11-01,28.375647
2012-11-02,28.158567
2012-11-05,28.158567
2012-11-06,28.220591
2012-11-07,27.879459
2012-11-08,27.755421
2012-11-09,27.755421
2012-11-12,27.476309
2012-11-13,27.507322
2012-11-14,27.166193
2012-11-15,27.600357
2012-11-16,28.096540
2012-11-19,28.499699
2012-11-20,28.437668
2012-11-21,28.468683
2012-11-23,28.809818
2012-11-26,28.809818
2012-11-27,28.654751
2012-11-28,28.685764
2012-11-29,29.026897
2012-11-30,28.933855
2012-12-03,28.809818
2012-12-04,28.840820
2012-12-05,28.840820
2012-12-06,28.995880
2012-12-07,29.088915
2012-12-10,28.995880
2012-12-11,28.964870
2012-12-12,29.088915
2012-12-13,28.964870
2012-12-14,29.119925
2012-12-17,29.399035
2012-12-18,29.841005
2012-12-19,30.311184
2012-12-20,30.718679
2012-12-21,30.530617
2012-12-24,30.530617
2012-12-26,30.499256
2012-12-27,30.530617
2012-12-28,30.311184
2012-12-31,30.561954
2013-01-02,31.314249
2013-01-03,31.032129
2013-01-04,30.906763
2013-01-07,30.624641
2013-01-08,30.217154
2013-01-09,30.624641
2013-01-10,30.875406
2013-01-11,30.969450
2013-01-14,31.157515
2013-01-15,31.063475
2013-01-16,30.687336
2013-01-17,30.812719
2013-01-18,30.938108
2013-01-22,30.624641
2013-01-23,30.373880
2013-01-24,30.718679
2013-01-25,30.938108
2013-01-28,30.467922
2013-01-29,30.875406
2013-01-30,31.188864
2013-01-31,31.251560
2013-02-01,31.157515
2013-02-04,31.188864
2013-02-05,31.094831
2013-02-06,31.502319
2013-02-07,31.596357
2013-02-08,31.470978
2013-02-11,31.815781
2013-02-12,31.596357
2013-02-13,31.470978
2013-02-14,31.157515
2013-02-15,31.063475
2013-02-19,31.533663
2013-02-20,31.627703
2013-02-21,31.251560
2013-02-22,31.753086
2013-02-25,31.314249
2013-02-26,31.909811
2013-02-27,31.878468
2013-02-28,32.003841
2013-03-01,32.317310
2013-03-04,32.505383
2013-03-05,32.568069
2013-03-06,32.975555
2013-03-07,32.662117
2013-03-08,32.818840
2013-03-11,33.006908
2013-03-12,32.662117
2013-03-13,32.850178
2013-03-14,33.038254
2013-03-15,33.351707
2013-03-18,33.194988
2013-03-19,33.383060
2013-03-20,33.633823
2013-03-21,33.633823
2013-03-22,33.759197
2013-03-25,33.445755
2013-03-26,33.759197
2013-03-27,33.915932
2013-03-28,33.853237
2013-04-01,32.536736
2013-04-02,32.944214
2013-04-03,32.818840
2013-04-04,34.166698
2013-04-05,34.354763
2013-04-08,34.699574
2013-04-09,34.417465
2013-04-10,35.138405
2013-04-11,35.545902
2013-04-12,35.608593
2013-04-15,35.326496
2013-04-16,35.671288
2013-04-17,35.420513
2013-04-18,35.169758
2013-04-19,35.545902
2013-04-22,35.514553
2013-04-23,35.859360
2013-04-24,36.078773
2013-04-25,36.266853
2013-04-26,36.172821
2013-04-29,36.392239
2013-04-30,36.674347
2013-05-01,36.266853
2013-05-02,36.423573
2013-05-03,36.925114
2013-05-06,36.768379
2013-05-07,36.831066
2013-05-08,37.144520
2013-05-09,36.862419
2013-05-10,36.862419
2013-05-13,37.332596
2013-05-14,37.583370
2013-05-15,37.928165
2013-05-16,37.363941
2013-05-17,37.959522
2013-05-20,38.210274
2013-05-21,38.429691
2013-05-22,38.022209
2013-05-23,36.423573
2013-05-24,35.765320
2013-05-28,35.545902
2013-05-29,34.950336
2013-05-30,34.762257
2013-05-31,33.978626
2013-06-03,33.571136
2013-06-04,34.542835
2013-06-05,33.226326
2013-06-06,33.194988
2013-06-07,34.480164
2013-06-10,34.918995
2013-06-11,34.229389
2013-06-12,34.323429
2013-06-13,35.138405
2013-06-14,34.041309
2013-06-17,34.950336
2013-06-18,35.545902
2013-06-19,35.107063
2013-06-20,33.665169
2013-06-21,34.887650
2013-06-24,33.915932
2013-06-25,34.354763
2013-06-26,34.198048
2013-06-27,35.038586
2013-06-28,35.321918
2013-07-01,35.762665
2013-07-02,36.014507
2013-07-03,36.045990
2013-07-05,36.518204
2013-07-08,36.266357
2013-07-09,36.455246
2013-07-10,36.329319
2013-07-11,37.399685
2013-07-12,37.336723
2013-07-15,37.683002
2013-07-16,37.368202
2013-07-17,37.714493
2013-07-18,37.903374
2013-07-19,37.620064
2013-07-22,37.714493
2013-07-23,37.683002
2013-07-24,37.368202
2013-07-25,36.675613
2013-07-26,35.825626
2013-07-29,35.038586
2013-07-30,35.353405
2013-07-31,35.321918
2013-08-01,36.297832
2013-08-02,36.864513
2013-08-05,36.958946
2013-08-06,36.990417
2013-08-07,36.297832
2013-08-08,36.108955
2013-08-09,36.140430
2013-08-12,36.108955
2013-08-13,36.423767
2013-08-14,36.234879
2013-08-15,35.731182
2013-08-16,35.731182
2013-08-19,35.636726
2013-08-20,35.321918
2013-08-21,34.818226
2013-08-22,35.038586
2013-08-23,35.636726
2013-08-26,35.227474
2013-08-27,34.849705
2013-08-28,34.944157
2013-08-29,34.912663
2013-08-30,34.220089
2013-09-03,35.070065
2013-09-04,35.605247
2013-09-05,35.510807
2013-09-06,35.636726
2013-09-09,36.549683
2013-09-10,36.833015
2013-09-11,36.581165
2013-09-12,36.329319
2013-09-13,36.518204
2013-09-16,36.990417
2013-09-17,36.833015
2013-09-18,37.966347
2013-09-19,37.777466
2013-09-20,37.462639
2013-09-23,37.588566
2013-09-24,37.620064
2013-09-25,37.525604
2013-09-26,38.123753
2013-09-27,37.840420
2013-09-30,37.525604
2013-10-01,37.368202
2013-10-02,37.179314
2013-10-03,36.895985
2013-10-04,36.958946
2013-10-07,36.266357
2013-10-08,36.140430
2013-10-09,36.990417
2013-10-10,37.525604
2013-10-11,37.588566
2013-10-14,37.651535
2013-10-15,37.336723
2013-10-16,37.683002
2013-10-17,37.997829
2013-10-18,38.029305
2013-10-21,38.060780
2013-10-22,38.249672
2013-10-23,37.462639
2013-10-24,37.840420
2013-10-25,37.273754
2013-10-28,37.399685
2013-10-29,37.683002
2013-10-30,37.683002
2013-10-31,37.494122
2013-11-01,37.084862
2013-11-04,37.116352
2013-11-05,36.801540
2013-11-06,37.305241
2013-11-07,36.612648
2013-11-08,36.895985
2013-11-11,36.833015
2013-11-12,37.305241
2013-11-13,37.588566
2013-11-14,37.903374
2013-11-15,38.438557
2013-11-18,38.375603
2013-11-19,38.155235
2013-11-20,38.155235
2013-11-21,38.312637
2013-11-22,38.281151
2013-11-25,37.997829
2013-11-26,37.840420
2013-11-27,37.997829
2013-11-29,37.966347
2013-12-02,37.871899
2013-12-03,37.714493
2013-12-04,37.431168
2013-12-05,37.116352
2013-12-06,37.588566
2013-12-09,37.588566
2013-12-10,37.651535
2013-12-11,37.305241
2013-12-12,37.431168
2013-12-13,37.116352
2013-12-16,36.895985
2013-12-17,36.927452
2013-12-18,37.650654
2013-12-19,37.333473
2013-12-20,37.460354
2013-12-23,37.809250
2013-12-24,37.301746
2013-12-26,37.904419
2013-12-27,38.094734
2013-12-30,38.443638
2013-12-31,38.507080
2014-01-02,37.872696
2014-01-03,38.094734
2014-01-06,37.967857
2014-01-07,38.126442
2014-01-08,38.189884
2014-01-09,38.063011
2014-01-10,38.316769
2014-01-13,38.063011
2014-01-14,37.967857
2014-01-15,38.253326
2014-01-16,38.126442
2014-01-17,38.221607
2014-01-21,38.285046
2014-01-22,38.380207
2014-01-23,37.618942
2014-01-24,37.048000
2014-01-27,36.572216
2014-01-28,36.889404
2014-01-29,36.857677
2014-01-30,36.921124
2014-01-31,35.937824
2014-02-03,35.208282
2014-02-04,35.240009
2014-02-05,35.303436
2014-02-06,35.715794
2014-02-07,36.286739
2014-02-10,36.128132
2014-02-11,36.635643
2014-02-12,36.572216
2014-02-13,36.255020
2014-02-14,36.096424
2014-02-18,36.889404
2014-02-19,36.445339
2014-02-20,36.223301
2014-02-21,36.508770
2014-02-24,36.921124
2014-02-25,36.794247
2014-02-26,36.635643
2014-02-27,36.635643
2014-02-28,36.825958
2014-03-03,35.969543
2014-03-04,36.889404
2014-03-05,36.477047
2014-03-06,37.174870
2014-03-07,36.921124
2014-03-10,36.762520
2014-03-11,36.381889
2014-03-12,36.032982
2014-03-13,35.430321
2014-03-14,35.017971
2014-03-17,35.398590
2014-03-18,35.366879
2014-03-19,35.176559
2014-03-20,34.669052
2014-03-21,34.510460
2014-03-24,34.637341
2014-03-25,34.795937
2014-03-26,35.049694
2014-03-27,35.557198
2014-03-28,35.937824
2014-03-31,35.937824
2014-04-01,36.032982
2014-04-02,36.350170
2014-04-03,36.159859
2014-04-04,36.001270
2014-04-07,35.652355
2014-04-08,34.891087
2014-04-09,35.398590
2014-04-10,34.383579
2014-04-11,34.256718
2014-04-14,34.732498
2014-04-15,34.700771
2014-04-16,35.366879
2014-04-17,35.462044
2014-04-21,35.462044
2014-04-22,35.208282
2014-04-23,35.303436
2014-04-24,35.176559
2014-04-25,34.954521
2014-04-28,35.144844
2014-04-29,35.240009
2014-04-30,35.144844
2014-05-01,35.588909
2014-05-02,35.525475
2014-05-05,35.430321
2014-05-06,35.335163
2014-05-07,35.176559
2014-05-08,35.049694
2014-05-09,35.335163
2014-05-12,35.366879
2014-05-13,35.842667
2014-05-14,35.652355
2014-05-15,35.303436
2014-05-16,35.366879
2014-05-19,35.430321
2014-05-20,35.017971
2014-05-21,35.430321
2014-05-22,35.779232
2014-05-23,36.128132
2014-05-27,36.413612
2014-05-28,36.255020
2014-05-29,36.667374
2014-05-30,36.730797
2014-06-02,37.174870
2014-06-03,37.111435
2014-06-04,37.365181
2014-06-05,37.460354
2014-06-06,37.460354
2014-06-09,37.428631
2014-06-10,37.111435
2014-06-11,37.206593
2014-06-12,37.333473
2014-06-13,37.523785
2014-06-16,37.523785
2014-06-17,37.460354
2014-06-18,37.967857
2014-06-19,38.633949
2014-06-20,38.665672
2014-06-23,38.348484
2014-06-24,38.348484
2014-06-25,38.482609
2014-06-26,38.354866
2014-06-27,38.259064
2014-06-30,38.450680
2014-07-01,39.121323
2014-07-02,39.025517
2014-07-03,38.897770
2014-07-07,38.610352
2014-07-08,38.482609
2014-07-09,38.738098
2014-07-10,38.067440
2014-07-11,38.131321
2014-07-14,38.578419
2014-07-15,38.706161
2014-07-16,38.770035
2014-07-17,38.514553
2014-07-18,38.706161
2014-07-21,38.642296
2014-07-22,38.770035
2014-07-23,38.801971
2014-07-24,38.610352
2014-07-25,38.738098
2014-07-28,38.961662
2014-07-29,38.865841
2014-07-30,38.897770
2014-07-31,38.322937
2014-08-01,38.290997
2014-08-04,38.354866
2014-08-05,37.748085
2014-08-06,37.556473
2014-08-07,37.428730
2014-08-08,37.492603
2014-08-11,37.843895
2014-08-12,37.780029
2014-08-13,38.099377
2014-08-14,38.163261
2014-08-15,38.227127
2014-08-18,38.354866
2014-08-19,38.386810
2014-08-20,38.163261
2014-08-21,38.354866
2014-08-22,38.067440
2014-08-25,38.195202
2014-08-26,38.003574
2014-08-27,37.843895
2014-08-28,37.748085
2014-08-29,37.684227
2014-09-02,38.067440
2014-09-03,38.099377
2014-09-04,37.971645
2014-09-05,37.811962
2014-09-08,37.780029
2014-09-09,37.460670
2014-09-10,37.875828
2014-09-11,37.780029
2014-09-12,37.652287
2014-09-15,37.684227
2014-09-16,37.748085
2014-09-17,37.428730
2014-09-18,37.652287
2014-09-19,37.716160
2014-09-22,37.684227
2014-09-23,37.620331
2014-09-24,37.843895
2014-09-25,37.748085
2014-09-26,38.035507
2014-09-29,37.811962
2014-09-30,37.588413
2014-10-01,36.981625
2014-10-02,36.279049
2014-10-03,36.726143
2014-10-06,36.630341
2014-10-07,36.406784
2014-10-08,36.630341
2014-10-09,35.704193
2014-10-10,35.193226
2014-10-13,34.873863
2014-10-14,35.097416
2014-10-15,34.905804
2014-10-16,34.778061
2014-10-17,34.937740
2014-10-20,35.640320
2014-10-21,35.576454
2014-10-22,35.608387
2014-10-23,35.831947
2014-10-24,35.959694
2014-10-27,36.023560
2014-10-28,36.215179
2014-10-29,36.406784
2014-10-30,36.694214
2014-10-31,38.514553
2014-11-03,38.770035
2014-11-04,37.748085
2014-11-05,37.556473
2014-11-06,37.077442
2014-11-07,36.949692
2014-11-10,37.237118
2014-11-11,37.460670
2014-11-12,37.269051
2014-11-13,37.588413
2014-11-14,37.588413
2014-11-17,36.981625
2014-11-18,37.492603
2014-11-19,37.269051
2014-11-20,36.885830
2014-11-21,37.173248
2014-11-24,37.237118
2014-11-25,37.332928
2014-11-26,37.237118
2014-11-28,37.109371
2014-12-01,37.300995
2014-12-02,37.620331
2014-12-03,37.588413
2014-12-04,37.492603
2014-12-05,37.524540
2014-12-08,36.917763
2014-12-09,37.109371
2014-12-10,36.534534
2014-12-11,36.630341
2014-12-12,36.279049
2014-12-15,35.576454
2014-12-16,35.608387
2014-12-17,36.205933
2014-12-18,36.784203
2014-12-19,36.976955
2014-12-22,36.880573
2014-12-23,36.944832
2014-12-24,36.880573
2014-12-26,37.137589
2014-12-29,36.752083
2014-12-30,36.302311
2014-12-31,36.109562
2015-01-02,36.173817
2015-01-05,35.756180
2015-01-06,35.177902
2015-01-07,35.691921
2015-01-08,36.141693
2015-01-09,35.756180
2015-01-12,35.627666
2015-01-13,35.916798
2015-01-14,35.852539
2015-01-15,36.109562
2015-01-16,36.430824
2015-01-20,36.719948
2015-01-21,36.784203
2015-01-22,36.944832
2015-01-23,36.816334
2015-01-26,37.233963
2015-01-27,37.298214
2015-01-28,37.233963
2015-01-29,37.555222
2015-01-30,36.912704
2015-02-02,37.298214
2015-02-03,37.233963
2015-02-04,37.426723
2015-02-05,37.747978
2015-02-06,37.426723
2015-02-09,37.073326
2015-02-10,37.555222
2015-02-11,37.619480
2015-02-12,37.876480
2015-02-13,38.326244
2015-02-17,38.294113
2015-02-18,38.968769
2015-02-19,39.257896
2015-02-20,39.611282
2015-02-23,39.386410
2015-02-24,39.579155
2015-02-25,39.482784
2015-02-26,39.836159
2015-02-27,39.675541
2015-03-02,39.771923
2015-03-03,39.579155
2015-03-04,39.386410
2015-03-05,39.611282
2015-03-06,39.547043
2015-03-09,39.418526
2015-03-10,38.840267
2015-03-11,39.193653
2015-03-12,40.061050
2015-03-13,40.093174
2015-03-16,40.253799
2015-03-17,40.350182
2015-03-18,40.992695
2015-03-19,40.510815
2015-03-20,41.153343
2015-03-23,41.346081
2015-03-24,41.249702
2015-03-25,41.153343
2015-03-26,40.735699
2015-03-27,40.896320
2015-03-30,41.056950
2015-03-31,40.253799
2015-04-01,40.414433
2015-04-02,40.767822
2015-04-06,41.249702
2015-04-07,41.442459
2015-04-08,41.506706
2015-04-09,41.506706
2015-04-10,41.570965
2015-04-13,41.281834
2015-04-14,41.570965
2015-04-15,41.763721
2015-04-16,41.860100
2015-04-17,41.538849
2015-04-20,41.667343
2015-04-21,42.309860
2015-04-22,42.631126
2015-04-23,42.599003
2015-04-24,42.759632
2015-04-27,42.663246
2015-04-28,42.791752
2015-04-29,42.406246
2015-04-30,41.313961
2015-05-01,41.827976
2015-05-04,42.020729
2015-05-05,41.217579
2015-05-06,41.185459
2015-05-07,41.249702
2015-05-08,42.213486
2015-05-11,41.538849
2015-05-12,41.538849
2015-05-13,41.795849
2015-05-14,42.020729
2015-05-15,42.213486
2015-05-18,42.566868
2015-05-19,42.599003
2015-05-20,42.599003
2015-05-21,42.759632
2015-05-22,42.663246
2015-05-26,42.117107
2015-05-27,42.406246
2015-05-28,42.309860
2015-05-29,41.924351
2015-06-01,42.117107
2015-06-02,42.020729
2015-06-03,42.181366
2015-06-04,41.892223
2015-06-05,41.635223
2015-06-08,41.410339
2015-06-09,40.992695
2015-06-10,41.667343
2015-06-11,41.860100
2015-06-12,41.635223
2015-06-15,41.763721
2015-06-16,41.570965
2015-06-17,41.217579
2015-06-18,41.249702
2015-06-19,41.281834
2015-06-22,41.924351
2015-06-23,42.406246
2015-06-24,41.956478
2015-06-25,42.040428
2015-06-26,42.234161
2015-06-29,41.168625
2015-06-30,41.362370
2015-07-01,41.652958
2015-07-02,41.652958
2015-07-06,41.362370
2015-07-07,41.459225
2015-07-08,39.747913
2015-07-09,40.232250
2015-07-10,40.878029
2015-07-13,41.426933
2015-07-14,41.685246
2015-07-15,41.652958
2015-07-16,41.814404
2015-07-17,41.911274
2015-07-20,41.911274
2015-07-21,41.782116
2015-07-22,41.588379
2015-07-23,41.556087
2015-07-24,41.168625
2015-07-27,41.007172
2015-07-28,41.200912
2015-07-29,41.362370
2015-07-30,41.426933
2015-07-31,41.749828
2015-08-03,41.588379
2015-08-04,41.523804
2015-08-05,41.782116
2015-08-06,41.652958
2015-08-07,41.782116
2015-08-10,42.395618
2015-08-11,41.652958
2015-08-12,41.394646
2015-08-13,41.717529
2015-08-14,41.717529
2015-08-17,41.814404
2015-08-18,41.523804
2015-08-19,41.071762
2015-08-20,39.844772
2015-08-21,38.488621
2015-08-24,37.132481
2015-08-25,37.358505
2015-08-26,38.843811
2015-08-27,39.554165
2015-08-28,39.747913
2015-08-31,39.134407
2015-09-01,37.358505
2015-09-02,38.036572
2015-09-03,38.327183
2015-09-04,37.100201
2015-09-08,37.972004
2015-09-09,37.907421
2015-09-10,37.875141
2015-09-11,37.907421
2015-09-14,37.810562
2015-09-15,38.101162
2015-09-16,38.424049
2015-09-17,38.391766
2015-09-18,37.164768
2015-09-21,37.390789
2015-09-22,36.841881
2015-09-23,36.841881
2015-09-24,36.583569
2015-09-25,37.487659
2015-09-28,36.583569
2015-09-29,36.131516
2015-09-30,36.906456
2015-10-01,37.164768
2015-10-02,37.616825
2015-10-05,38.553211
2015-10-06,38.230320
2015-10-07,38.843811
2015-10-08,38.972965
2015-10-09,39.069832
2015-10-12,39.134407
2015-10-13,38.714653
2015-10-14,38.262604
2015-10-15,39.231274
2015-10-16,39.425007
2015-10-19,39.231274
2015-10-20,39.005253
2015-10-21,39.521873
2015-10-22,40.006214
2015-10-23,40.393692
2015-10-26,40.361389
2015-10-27,40.038498
2015-10-28,40.425976
2015-10-29,39.973930
2015-10-30,39.780190
2015-11-02,40.070786
2015-11-03,40.038498
2015-11-04,39.844772
2015-11-05,40.135372
2015-11-06,40.038498
2015-11-09,39.877060
2015-11-10,40.296810
2015-11-11,40.458256
2015-11-12,40.070786
2015-11-13,39.877060
2015-11-16,40.264523
2015-11-17,40.361389
2015-11-18,40.555126
2015-11-19,40.555126
2015-11-20,40.748863
2015-11-23,40.555126
2015-11-24,40.748863
2015-11-25,40.490555
2015-11-27,40.296810
2015-11-30,39.973930
2015-12-01,40.587425
2015-12-02,40.264523
2015-12-03,39.877060
2015-12-04,40.103085
2015-12-07,40.006214
2015-12-08,39.489578
2015-12-09,39.037540
2015-12-10,39.392731
2015-12-11,38.779228
2015-12-14,39.134407
2015-12-15,38.972965
2015-12-16,39.941639
2015-12-17,39.554165
2015-12-18,39.069832
2015-12-21,39.193432
2015-12-22,39.486160
2015-12-23,39.908989
2015-12-24,39.421108
2015-12-28,39.453636
2015-12-29,40.039104
2015-12-30,39.811409
2015-12-31,39.421108
2016-01-04,38.803120
2016-01-05,39.291004
2016-01-06,38.607967
2016-01-07,38.022507
2016-01-08,37.209362
2016-01-11,37.469570
2016-01-12,37.274414
2016-01-13,36.949158
2016-01-14,37.404514
2016-01-15,36.363689
2016-01-19,36.656425
2016-01-20,35.257824
2016-01-21,35.127716
2016-01-22,36.721478
2016-01-25,35.940857
2016-01-26,36.428745
2016-01-27,36.461269
2016-01-28,36.526314
2016-01-29,37.404514
2016-02-01,37.176834
2016-02-02,36.786537
2016-02-03,36.331181
2016-02-04,36.233589
2016-02-05,35.615601
2016-02-08,35.550552
2016-02-09,34.867508
2016-02-10,34.249535
2016-02-11,33.566479
2016-02-12,33.859215
2016-02-16,35.095184
2016-02-17,35.387928
2016-02-18,35.387928
2016-02-19,35.225296
2016-02-22,35.810764
2016-02-23,35.225296
2016-02-24,35.583076
2016-02-25,36.005909
2016-02-26,35.973389
2016-02-29,35.420448
2016-03-01,36.298637
2016-03-02,36.819054
2016-03-03,37.079254
2016-03-04,37.469570
2016-03-07,37.079254
2016-03-08,36.721478
2016-03-09,36.688953
2016-03-10,36.526314
2016-03-11,37.502090
2016-03-14,37.664715
2016-03-15,37.176834
2016-03-16,37.241886
2016-03-17,37.371990
2016-03-18,37.241886
2016-03-21,37.404514
2016-03-22,37.632195
2016-03-23,37.144314
2016-03-24,36.916637
2016-03-28,37.469570
2016-03-29,37.859875
2016-03-30,37.729786
2016-03-31,37.111786
2016-04-01,36.201069
2016-04-04,36.201069
2016-04-05,35.420448
2016-04-06,36.005909
2016-04-07,35.810764
2016-04-08,36.851582
2016-04-11,36.623905
2016-04-12,37.469570
2016-04-13,38.510395
2016-04-14,38.673027
2016-04-15,38.315224
2016-04-18,38.607967
2016-04-19,39.193432
2016-04-20,39.421108
2016-04-21,39.421108
2016-04-22,39.713833
2016-04-25,39.453636
2016-04-26,39.291004
2016-04-27,39.258480
2016-04-28,37.469570
2016-04-29,37.144314
2016-05-02,37.827351
2016-05-03,37.469570
2016-05-04,37.144314
2016-05-05,37.339458
2016-05-06,37.534615
2016-05-09,37.502090
2016-05-10,38.445335
2016-05-11,37.729786
2016-05-12,38.022507
2016-05-13,37.502090
2016-05-16,38.022507
2016-05-17,37.762295
2016-05-18,37.794815
2016-05-19,37.534615
2016-05-20,37.794815
2016-05-23,37.632195
2016-05-24,37.924931
2016-05-25,38.185135
2016-05-26,38.152618
2016-05-27,38.055035
2016-05-31,38.347759
2016-06-01,38.315224
2016-06-02,37.989986
2016-06-03,38.152618
2016-06-06,38.542915
2016-06-07,38.803120
2016-06-08,39.030804
2016-06-09,38.575443
2016-06-10,37.892403
2016-06-13,37.209362
2016-06-14,37.046734
2016-06-15,37.404514
2016-06-16,37.241886
2016-06-17,37.176834
2016-06-20,38.022507
2016-06-21,38.282707
2016-06-22,37.928661
2016-06-23,38.780998
2016-06-24,37.174683
2016-06-27,36.977993
2016-06-28,37.535278
2016-06-29,38.027020
2016-06-30,37.699188
2016-07-01,37.633629
2016-07-05,37.633629
2016-07-06,37.633629
2016-07-07,37.666416
2016-07-08,37.928661
2016-07-11,38.846558
2016-07-12,39.076023
2016-07-13,39.010468
2016-07-14,39.076023
2016-07-15,38.944897
2016-07-18,39.043247
2016-07-19,38.780998
2016-07-20,39.108810
2016-07-21,38.813778
2016-07-22,38.879341
2016-07-25,38.748207
2016-07-26,38.780998
2016-07-27,38.846558
2016-07-28,38.846558
2016-07-29,39.534981
2016-08-01,39.666103
2016-08-02,39.174385
2016-08-03,38.977692
2016-08-04,39.534981
2016-08-05,39.666103
2016-08-08,39.830017
2016-08-09,40.190624
2016-08-10,40.321747
2016-08-11,40.616776
2016-08-12,40.420094
2016-08-15,40.649559
2016-08-16,40.288967
2016-08-17,40.616776
2016-08-18,40.420094
2016-08-19,40.321747
2016-08-22,40.551220
2016-08-23,40.584003
2016-08-24,40.551220
2016-08-25,40.354538
2016-08-26,40.059490
2016-08-29,40.190624
2016-08-30,40.190624
2016-08-31,40.256180
2016-09-01,40.551220
2016-09-02,40.846264
2016-09-06,41.075726
2016-09-07,41.272423
2016-09-08,41.075726
2016-09-09,40.420094
2016-09-12,40.747910
2016-09-13,40.026707
2016-09-14,39.764458
2016-09-15,39.961140
2016-09-16,39.633324
2016-09-19,39.764458
2016-09-20,40.321747
2016-09-21,41.501900
2016-09-22,42.026405
2016-09-23,41.436333
2016-09-26,41.075726
2016-09-27,41.534676
2016-09-28,41.469120
2016-09-29,41.174072
2016-09-30,41.108509
2016-10-03,40.977379
2016-10-04,40.747910
2016-10-05,41.010174
2016-10-06,40.813480
2016-10-07,40.813480
2016-10-10,40.944599
2016-10-11,40.584003
2016-10-12,40.518429
2016-10-13,40.452873
2016-10-14,40.452873
2016-10-17,40.485657
2016-10-18,40.715126
2016-10-19,40.846264
2016-10-20,41.206863
2016-10-21,41.206863
2016-10-24,41.272423
2016-10-25,41.305195
2016-10-26,41.239635
2016-10-27,41.305195
2016-10-28,41.370762
2016-10-31,41.403545
2016-11-01,41.239635
2016-11-02,40.977379
2016-11-03,41.075726
2016-11-04,40.584003
2016-11-07,40.870842
2016-11-08,40.821667
2016-11-09,40.477459
2016-11-10,40.510242
2016-11-11,40.567616
2016-11-14,40.616776
2016-11-15,40.682343
2016-11-16,40.485657
2016-11-17,41.092121
2016-11-18,40.477459
2016-11-21,40.805283
2016-11-22,40.903622
2016-11-23,40.903622
2016-11-25,40.559406
2016-11-28,40.911816
2016-11-29,40.952797
2016-11-30,40.887230
2016-12-01,40.543018
2016-12-02,40.665955
2016-12-05,40.616776
2016-12-06,40.797077
2016-12-07,41.403545
2016-12-08,41.878887
2016-12-09,42.001823
2016-12-12,41.592049
2016-12-13,42.083767
2016-12-14,41.436333
2016-12-15,41.436333
2016-12-16,41.075726
2016-12-19,41.428135
2016-12-20,41.469120
2016-12-21,41.247738
2016-12-22,41.181416
2016-12-23,41.256035
2016-12-27,40.999012
2016-12-28,40.940968
2016-12-29,40.526424
2016-12-30,40.509842
2017-01-03,40.841488
2017-01-04,41.662296
2017-01-05,41.902733
2017-01-06,41.836403
2017-01-09,41.877853
2017-01-10,41.720325
2017-01-11,41.993942
2017-01-12,41.927605
2017-01-13,42.192913
2017-01-17,41.720325
2017-01-18,41.712032
2017-01-19,41.595970
2017-01-20,41.861271
2017-01-23,41.886147
2017-01-24,41.993942
2017-01-25,42.433357
2017-01-26,42.491402
2017-01-27,42.143173
2017-01-30,42.027088
2017-01-31,41.927605
2017-02-01,42.151459
2017-02-02,42.134884
2017-02-03,42.325569
2017-02-06,42.259247
2017-02-07,42.234375
2017-02-08,42.358734
2017-02-09,42.300701
2017-02-10,42.599174
2017-02-13,42.764992
2017-02-14,42.458229
2017-02-15,42.416775
2017-02-16,42.466515
2017-02-17,42.441650
2017-02-21,42.798157
2017-02-22,42.847900
2017-02-23,42.806458
2017-02-24,42.715248
2017-02-27,42.582596
2017-02-28,42.474808
2017-03-01,42.972275
2017-03-02,42.566010
2017-03-03,42.590885
2017-03-06,42.491402
2017-03-07,42.391895
2017-03-08,42.259247
2017-03-09,42.259247
2017-03-10,42.566010
2017-03-13,42.781570
2017-03-14,42.483109
2017-03-15,42.914238
2017-03-16,42.831322
2017-03-17,42.972275
2017-03-20,42.980572
2017-03-21,42.648926
2017-03-22,42.706944
2017-03-23,42.740120
2017-03-24,43.005428
2017-03-27,43.030308
2017-03-28,43.395111
2017-03-29,43.337086
2017-03-30,43.096645
2017-03-31,42.698673
2017-04-03,42.914238
2017-04-04,42.764992
2017-04-05,42.466515
2017-04-06,42.250950
2017-04-07,42.342155
2017-04-10,42.242661
2017-04-11,42.458229
2017-04-12,42.317276
2017-04-13,41.960766
2017-04-17,42.408478
2017-04-18,42.275826
2017-04-19,42.250950
2017-04-20,42.507977
2017-04-21,42.665512
2017-04-24,42.963978
2017-04-25,43.121510
2017-04-26,43.171246
2017-04-27,43.204418
2017-04-28,42.997139
2017-05-01,43.162975
2017-05-02,43.295624
2017-05-03,43.403400
2017-05-04,43.511185
2017-05-05,43.751629
2017-05-08,43.768211
2017-05-09,43.627258
2017-05-10,43.428280
2017-05-11,43.312202
2017-05-12,43.419987
2017-05-15,43.544353
2017-05-16,43.577518
2017-05-17,43.511185
2017-05-18,43.627258
2017-05-19,43.983776
2017-05-22,43.958904
2017-05-23,44.016941
2017-05-24,43.950615
2017-05-25,44.066685
2017-05-26,44.091549
2017-05-30,44.182758
2017-05-31,44.182758
2017-06-01,44.580719
2017-06-02,45.517609
2017-06-05,45.343506
2017-06-06,45.376663
2017-06-07,45.360085
2017-06-08,45.252300
2017-06-09,44.846039
2017-06-12,44.986980
2017-06-13,45.235718
2017-06-14,45.210846
2017-06-15,44.771427
2017-06-16,44.953827
2017-06-19,45.094776
2017-06-20,45.109791
2017-06-21,45.043034
2017-06-22,45.134827
2017-06-23,45.101452
2017-06-26,44.976276
2017-06-27,44.867798
2017-06-28,45.068066
2017-06-29,44.617466
2017-06-30,44.767670
2017-07-03,44.550716
2017-07-05,44.559063
2017-07-06,44.233631
2017-07-07,44.208595
2017-07-10,44.091770
2017-07-11,44.392174
2017-07-12,44.700916
2017-07-13,44.642506
2017-07-14,44.750977
2017-07-17,44.692574
2017-07-18,44.926216
2017-07-19,45.109791
2017-07-20,45.276680
2017-07-21,45.360126
2017-07-24,45.268330
2017-07-25,45.109791
2017-07-26,45.259991
2017-07-27,45.410183
2017-07-28,45.543694
2017-07-31,45.693890
2017-08-01,45.960918
2017-08-02,45.935883
2017-08-03,46.052696
2017-08-04,46.010983
2017-08-07,45.994297
2017-08-08,45.944237
2017-08-09,45.660515
2017-08-10,45.184891
2017-08-11,45.118134
2017-08-14,45.451908
2017-08-15,45.393497
2017-08-16,45.543694
2017-08-17,45.234955
2017-08-18,45.435219
2017-08-21,45.335083
2017-08-22,45.426872
2017-08-23,45.443562
2017-08-24,45.209923
2017-08-25,45.360126
2017-08-28,45.410183
2017-08-29,45.318398
2017-08-30,45.293358
2017-08-31,45.652176
2017-09-01,45.468594
2017-09-05,45.268330
2017-09-06,45.460243
2017-09-07,45.727272
2017-09-08,45.869129
2017-09-11,46.077744
2017-09-12,46.111115
2017-09-13,46.019329
2017-09-14,46.027672
2017-09-15,46.094433
2017-09-18,46.102779
2017-09-19,46.369801
2017-09-20,46.386490
2017-09-21,46.202904
2017-09-22,46.252975
2017-09-25,46.353111
2017-09-26,46.353111
2017-09-27,46.444897
2017-09-28,46.478271
2017-09-29,46.486614
2017-10-02,46.486614
2017-10-03,46.761982
2017-10-04,46.770317
2017-10-05,46.745285
2017-10-06,46.720253
2017-10-09,46.778671
2017-10-10,47.112446
2017-10-11,47.354431
2017-10-12,47.296017
2017-10-13,47.880123
2017-10-16,48.097084
2017-10-17,48.047012
2017-10-18,47.996952
2017-10-19,47.888466
2017-10-20,47.996952
2017-10-23,48.113781
2017-10-24,48.514309
2017-10-25,48.122120
2017-10-26,48.380787
2017-10-27,48.747944
2017-10-30,48.731251
2017-10-31,48.939873
2017-11-01,49.215225
2017-11-02,49.273643
2017-11-03,49.390461
2017-11-06,49.382114
2017-11-07,49.774300
2017-11-08,50.083046
2017-11-09,49.665829
2017-11-10,49.298683
2017-11-13,49.081726
2017-11-14,48.823044
2017-11-15,48.464233
2017-11-16,49.215225
2017-11-17,48.973244
2017-11-20,49.215225
2017-11-21,49.665829
2017-11-22,49.699203
2017-11-24,50.108082
2017-11-27,49.891121
2017-11-28,50.041325
2017-11-29,49.941193
2017-11-30,49.991268
2017-12-01,49.765968
2017-12-04,49.240257
2017-12-05,49.365429
2017-12-06,49.181850
2017-12-07,49.498940
2017-12-08,49.732574
2017-12-11,49.899471
2017-12-12,49.991268
2017-12-13,50.191521
2017-12-14,49.957878
2017-12-15,49.982918
2017-12-18,50.583710
2017-12-19,50.070488
2017-12-20,50.137680
2017-12-21,50.171291
2017-12-22,50.406467
2017-12-26,50.431671
2017-12-27,50.364471
2017-12-28,50.246880
2017-12-29,50.339275
2018-01-02,50.641663
2018-01-03,51.338844
2018-01-04,51.968815
2018-01-05,52.111607
2018-01-08,52.413998
2018-01-09,52.447598
2018-01-10,52.783585
2018-01-11,53.136368
2018-01-12,53.304367
2018-01-16,53.304367
2018-01-17,53.732746
2018-01-18,53.279167
2018-01-19,53.615158
2018-01-22,53.841949
2018-01-23,54.169533
2018-01-24,54.186333
2018-01-25,53.925938
2018-01-26,54.320721
2018-01-29,53.858753
2018-01-30,53.169975
2018-01-31,52.867580
2018-02-01,53.127975
2018-02-02,52.346806
2018-02-05,49.868896
2018-02-06,51.078453
2018-02-07,50.624863
2018-02-08,49.121323
2018-02-09,49.616905
2018-02-12,50.582874
2018-02-13,49.961296
2018-02-14,50.717258
2018-02-15,50.960854
2018-02-16,51.742016
2018-02-20,51.322037
2018-02-21,50.809662
2018-02-22,51.044857
2018-02-23,51.792427
2018-02-26,52.464401
2018-02-27,51.750423
2018-02-28,51.296844
2018-03-01,49.810097
2018-03-02,50.372879
2018-03-05,50.599674
2018-03-06,50.910461
2018-03-07,50.482067
2018-03-08,50.792854
2018-03-09,50.918858
2018-03-12,50.969257
2018-03-13,50.885262
2018-03-14,51.103657
2018-03-15,51.204437
2018-03-16,50.977654
2018-03-19,50.112484
2018-03-20,50.398067
2018-03-21,50.465271
2018-03-22,50.003292
2018-03-23,48.953339
2018-03-26,49.650505
2018-03-27,49.768101
2018-03-28,50.330875
2018-03-29,50.969257
2018-04-02,49.944496
2018-04-03,50.574463
2018-04-04,50.624863
2018-04-05,50.876854
2018-04-06,50.078888
2018-04-09,50.524071
2018-04-10,50.801270
2018-04-11,50.675266
2018-04-12,50.591267
2018-04-13,50.591267
2018-04-16,50.734062
2018-04-17,50.927258
2018-04-18,51.271656
2018-04-19,51.078453
2018-04-20,50.977654
2018-04-23,50.910461
2018-04-24,50.725666
2018-04-25,50.885262
2018-04-26,51.196053
2018-04-27,51.053249
2018-04-30,50.935658
2018-05-01,50.893661
2018-05-02,50.591267
2018-05-03,50.641663
2018-05-04,51.011253
2018-05-07,51.070057
2018-05-08,51.229649
2018-05-09,50.792854
2018-05-10,51.086853
2018-05-11,51.473240
2018-05-14,51.758823
2018-05-15,51.229649
2018-05-16,51.380848
2018-05-17,51.372437
2018-05-18,51.246445
2018-05-21,51.305244
2018-05-22,51.187645
2018-05-23,50.986061
2018-05-24,50.675266
2018-05-25,50.507271
2018-05-29,50.171291
2018-05-30,50.524071
2018-05-31,50.179684
2018-06-01,50.524071
2018-06-04,50.826454
2018-06-05,50.734062
2018-06-06,50.952465
2018-06-07,50.952465
2018-06-08,51.103657
2018-06-11,51.263241
2018-06-12,50.944061
2018-06-13,50.986061
2018-06-14,50.935658
2018-06-15,50.666866
2018-06-18,50.297276
2018-06-19,49.764000
2018-06-20,49.780933
2018-06-21,49.594704
2018-06-22,49.840195
2018-06-25,49.163010
2018-06-26,49.450809
2018-06-27,49.120689
2018-06-28,49.179932
2018-06-29,49.019108
2018-07-02,48.240360
2018-07-03,48.181099
2018-07-05,48.104927
2018-07-06,48.418114
2018-07-09,49.086826
2018-07-10,48.900604
2018-07-11,48.223431
2018-07-12,48.274216
2018-07-13,48.722839
2018-07-16,48.739773
2018-07-17,49.171478
2018-07-18,49.095295
2018-07-19,49.103752
2018-07-20,49.256126
2018-07-23,49.501598
2018-07-24,49.704750
2018-07-25,50.026409
2018-07-26,50.153381
2018-07-27,50.305740
2018-07-30,49.924831
2018-07-31,49.543919
2018-08-01,49.865578
2018-08-02,49.586246
2018-08-03,49.577782
2018-08-06,49.205334
2018-08-07,49.620098
2018-08-08,49.569317
2018-08-09,49.383095
2018-08-10,48.672058
2018-08-13,48.384258
2018-08-14,48.578938
2018-08-15,47.986412
2018-08-16,48.248821
2018-08-17,48.409649
2018-08-20,48.604336
2018-08-21,48.595879
2018-08-22,48.799026
2018-08-23,48.595879
2018-08-24,48.765167
2018-08-27,49.501598
2018-08-28,49.349228
2018-08-29,49.526997
2018-08-30,49.179932
2018-08-31,49.281517
2018-09-04,48.672058
2018-09-05,48.155708
2018-09-06,48.265747
2018-09-07,47.969482
2018-09-10,48.079533
2018-09-11,48.181099
2018-09-12,48.274216
2018-09-13,48.646664
2018-09-14,49.196861
2018-09-17,49.222263
2018-09-18,50.398853
2018-09-19,50.576614
2018-09-20,50.712055
2018-09-21,50.822083
2018-09-24,50.593548
2018-09-25,50.974457
2018-09-26,51.219929
2018-09-27,51.084496
2018-09-28,50.982922
2018-10-01,51.329975
2018-10-02,51.211472
2018-10-03,50.762844
2018-10-04,50.077202
2018-10-05,50.085663
2018-10-08,50.305740
2018-10-09,50.017941
2018-10-10,48.790565
2018-10-11,47.910233
2018-10-12,48.020279
2018-10-15,47.876377
2018-10-16,48.765167
2018-10-17,48.731304
2018-10-18,47.850971
2018-10-19,47.952564
2018-10-22,47.656292
2018-10-23,47.106091
2018-10-24,45.599365
2018-10-25,46.276539
2018-10-26,45.684013
2018-10-29,45.260773
2018-10-30,45.971817
2018-10-31,46.420444
2018-11-01,46.310402
2018-11-02,46.572815
2018-11-05,46.403519
2018-11-06,46.928329
2018-11-07,47.419281
2018-11-08,47.114555
2018-11-09,46.640526
2018-11-12,46.005676
2018-11-13,45.836380
2018-11-14,45.997204
2018-11-15,46.268078
2018-11-16,46.301937
2018-11-19,46.098785
2018-11-20,45.252319
2018-11-21,45.946419
2018-11-23,45.777122
2018-11-26,46.395046
2018-11-27,46.352722
2018-11-28,46.962181
2018-11-29,46.801353
2018-11-30,46.843685
2018-12-03,47.478535
2018-12-04,45.726341
2018-12-06,45.658611
2018-12-07,45.320038
2018-12-10,44.972980
2018-12-11,44.939117
2018-12-12,45.480854
2018-12-13,45.345428
2018-12-14,44.829082
2018-12-17,44.473560
2018-12-18,44.597252
2018-12-19,43.940407
2018-12-20,43.710094
2018-12-21,42.362278
2018-12-24,41.901630
2018-12-26,42.694969
2018-12-27,43.266506
2018-12-28,43.317688
2018-12-31,43.240910
2019-01-02,43.539478
2019-01-03,43.292103
2019-01-04,44.759331
2019-01-07,44.870224
2019-01-08,45.083488
2019-01-09,45.330872
2019-01-10,45.603848
2019-01-11,45.074963
2019-01-14,44.912891
2019-01-15,45.458832
2019-01-16,45.680630
2019-01-17,45.586784
2019-01-18,46.192451
2019-01-22,45.364998
2019-01-23,45.237041
2019-01-24,45.501492
2019-01-25,45.996246
2019-01-28,45.663559
2019-01-29,45.706219
2019-01-30,46.218048
2019-01-31,46.303349
2019-02-01,46.115673
2019-02-04,46.218048
2019-02-05,46.405724
2019-02-06,46.021839
2019-02-07,45.382053
2019-02-08,44.981125
2019-02-11,45.023777
2019-02-12,45.817108
2019-02-13,45.928009
2019-02-14,45.893887
2019-02-15,46.482487
2019-02-19,46.559258
2019-02-20,46.610447
2019-02-21,46.542198
2019-02-22,46.644562
2019-02-25,46.909016
2019-02-26,47.071083
2019-02-27,46.823700
2019-02-28,46.371593
2019-03-01,46.508072
2019-03-04,46.363068
2019-03-05,46.405724
2019-03-06,46.132740
2019-03-07,45.586784
2019-03-08,45.510014
2019-03-11,46.004784
2019-03-12,46.115673
2019-03-13,46.294819
2019-03-14,45.800045
2019-03-15,46.328938
2019-03-18,46.456898
2019-03-19,46.473961
2019-03-20,46.499546
2019-03-21,46.806644
2019-03-22,46.303349
2019-03-25,46.328938
2019-03-26,46.840767
2019-03-27,46.678688
2019-03-28,46.704277
2019-03-29,46.678688
2019-04-01,47.267288
2019-04-02,46.943130
2019-04-03,47.224636
2019-04-04,47.199043
2019-04-05,47.233170
2019-04-08,47.122272
2019-04-09,46.866356
2019-04-10,46.874886
2019-04-11,46.729874
2019-04-12,46.968739
2019-04-15,46.960190
2019-04-16,47.147869
2019-04-17,47.147869
2019-04-18,47.216106
2019-04-22,47.045502
2019-04-23,47.309944
2019-04-24,46.729874
2019-04-25,46.832241
2019-04-26,47.258759
2019-04-29,47.446426
2019-04-30,47.275826
2019-05-01,47.113739
2019-05-02,47.130802
2019-05-03,47.736458
2019-05-06,47.250233
2019-05-07,46.388645
2019-05-08,46.107155
2019-05-09,45.808578
2019-05-10,46.124207
2019-05-13,45.083488
2019-05-14,45.714745
2019-05-15,45.782993
2019-05-16,45.970661
2019-05-17,45.800045
2019-05-20,45.552673
2019-05-21,45.868290
2019-05-22,45.492958
2019-05-23,45.151733
2019-05-24,45.851231
2019-05-28,45.467361
2019-05-29,45.254101
2019-05-30,45.458832
2019-05-31,44.972595
2019-06-03,45.237041
2019-06-04,45.757393
2019-06-05,45.782993
2019-06-06,45.834167
2019-06-07,46.388645
2019-06-10,46.601913
2019-06-11,46.755463
2019-06-12,46.235107
2019-06-13,46.183918
2019-06-14,46.064495
2019-06-17,46.199650
2019-06-18,46.475109
2019-06-19,46.888287
2019-06-20,47.344521
2019-06-21,46.879681
2019-06-24,46.879681
2019-06-25,46.673092
2019-06-26,46.604221
2019-06-27,46.793594
2019-06-28,46.982979
2019-07-01,47.654411
2019-07-02,47.800747
2019-07-03,47.938477
2019-07-05,47.731876
2019-07-08,47.456425
2019-07-09,47.034626
2019-07-10,47.318703
2019-07-11,47.404778
2019-07-12,47.421986
2019-07-15,47.456425
2019-07-16,47.103481
2019-07-17,47.060452
2019-07-18,46.939926
2019-07-19,47.060452
2019-07-22,47.129322
2019-07-23,47.508080
2019-07-24,47.568333
2019-07-25,47.060452
2019-07-26,47.180962
2019-07-29,47.120708
2019-07-30,46.819424
2019-07-31,46.784992
2019-08-01,46.776379
2019-08-02,46.535362
2019-08-05,45.381878
2019-08-06,45.958618
2019-08-07,46.277115
2019-08-08,46.604221
2019-08-09,46.113567
2019-08-12,45.674553
2019-08-13,46.191044
2019-08-14,45.071983
2019-08-15,45.502392
2019-08-16,45.975834
2019-08-19,45.967216
2019-08-20,45.872536
2019-08-21,46.027489
2019-08-22,45.958618
2019-08-23,45.442135
2019-08-26,46.104961
2019-08-27,45.958618
2019-08-28,45.941402
2019-08-29,46.268513
2019-08-30,46.414848
2019-09-03,46.440674
2019-09-04,46.698906
2019-09-05,47.034626
2019-09-06,47.198181
2019-09-09,47.508080
2019-09-10,47.645802
2019-09-11,48.067600
2019-09-12,48.386097
2019-09-13,48.954239
2019-09-16,48.695984
2019-09-17,48.876759
2019-09-18,48.773460
2019-09-19,49.134998
2019-09-20,49.023098
2019-09-23,48.971447
2019-09-24,49.040314
2019-09-25,49.238300
2019-09-26,49.324383
2019-09-27,48.618515
2019-09-30,48.842331
2019-10-01,48.627125
2019-10-02,48.024563
2019-10-03,48.265591
2019-10-04,48.825111
2019-10-07,48.515217
2019-10-08,48.231155
2019-10-09,48.652946
2019-10-10,48.592701
2019-10-11,49.195259
2019-10-14,48.980053
2019-10-15,49.711750
2019-10-16,49.608444
2019-10-17,49.479328
2019-10-18,49.384640
2019-10-21,49.737564
2019-10-22,49.797832
2019-10-23,50.004425
2019-10-24,50.030239
2019-10-25,50.004425
2019-10-28,50.150753
2019-10-29,50.365959
2019-10-30,50.503693
2019-10-31,50.512295
2019-11-01,51.011562
2019-11-04,51.355892
2019-11-05,51.424763
2019-11-06,51.312855
2019-11-07,51.614132
2019-11-08,51.588310
2019-11-11,51.459190
2019-11-12,51.571095
2019-11-13,51.390324
2019-11-14,51.166512
2019-11-15,51.467796
2019-11-18,51.510834
2019-11-19,51.347286
2019-11-20,51.192337
2019-11-21,51.243977
2019-11-22,51.278416
2019-11-25,51.631348
2019-11-26,51.545269
2019-11-27,51.648575
2019-11-29,51.157906
2019-12-02,51.054611
2019-12-03,51.252598
2019-12-04,51.829338
2019-12-05,51.622746
2019-12-06,52.216702
2019-12-09,51.924026
2019-12-10,51.898193
2019-12-11,52.010109
2019-12-12,52.139233
2019-12-13,52.276962
2019-12-16,52.517372
2019-12-17,52.404133
2019-12-18,52.195068
2019-12-19,52.142815
2019-12-20,52.107967
2019-12-23,52.064411
2019-12-24,51.855347
2019-12-26,51.994724
2019-12-27,51.898907
2019-12-30,51.437244
2019-12-31,51.602745
2020-01-02,52.142815
2020-01-03,51.567898
2020-01-06,51.750828
2020-01-07,51.837936
2020-01-08,51.846645
2020-01-09,52.212498
2020-01-10,51.846645
2020-01-13,52.142815
2020-01-14,52.160233
2020-01-15,51.968597
2020-01-16,52.003437
2020-01-17,52.038292
2020-01-21,51.759537
2020-01-22,51.994724
2020-01-23,52.055698
2020-01-24,51.855347
2020-01-27,50.923306
2020-01-28,51.376263
2020-01-29,51.210758
2020-01-30,51.141071
2020-01-31,50.304840
2020-02-03,50.688110
2020-02-04,51.454659
2020-02-05,51.916332
2020-02-06,52.308315
2020-02-07,51.803093
2020-02-10,51.742119
2020-02-11,52.003437
2020-02-12,51.750828
2020-02-13,51.297863
2020-02-14,50.914589
2020-02-18,50.156757
2020-02-19,50.069645
2020-02-20,49.747345
2020-02-21,49.329224
2020-02-24,47.665455
2020-02-25,47.587063
2020-02-26,47.822262
2020-02-27,46.184628
2020-02-28,46.132359
2020-03-02,46.715992
2020-03-03,46.114952
2020-03-04,47.116688
2020-03-05,46.263027
2020-03-06,45.818771
2020-03-09,43.484280
2020-03-10,44.782192
2020-03-11,43.266510
2020-03-12,39.024361
2020-03-13,40.304844
2020-03-16,37.648056
2020-03-17,39.494747
2020-03-18,38.658504
2020-03-19,39.198574
2020-03-20,39.294395
2020-03-23,38.884983
2020-03-24,41.585331
2020-03-25,42.369297
2020-03-26,43.763027
2020-03-27,43.710762
2020-03-30,44.242126
2020-03-31,43.022606
2020-04-01,40.975574
2020-04-02,41.498222
2020-04-03,40.566170
2020-04-06,42.961632
2020-04-07,43.423309
2020-04-08,43.318783
2020-04-09,43.884983
2020-04-13,43.702053
2020-04-14,44.503445
2020-04-15,44.059200
2020-04-16,43.684635
2020-04-17,44.268253
2020-04-20,43.588821
2020-04-21,43.179409
2020-04-22,43.928539
2020-04-23,43.989506
2020-04-24,44.329231
2020-04-27,44.938980
2020-04-28,45.592297
2020-04-29,46.393688
2020-04-30,45.087074
2020-05-01,44.294388
2020-05-04,44.076611
2020-05-05,44.503445
2020-05-06,44.163723
2020-05-07,44.825745
2020-05-08,45.592297
2020-05-11,46.027836
2020-05-12,45.426792
2020-05-13,45.644562
2020-05-14,44.965122
2020-05-15,45.043514
2020-05-18,46.167206
2020-05-19,45.627144
2020-05-20,46.315289
2020-05-21,45.818771
2020-05-22,45.879749
2020-05-26,47.438980
2020-05-27,48.048737
2020-05-28,48.675919
2020-05-29,48.266502
2020-06-01,48.998219
2020-06-02,49.215988
2020-06-03,49.555706
2020-06-04,48.998219
2020-06-05,49.703789
2020-06-08,50.435505
2020-06-09,50.174175
2020-06-10,50.148045
2020-06-11,48.040028
2020-06-12,48.902401
2020-06-15,48.368576
2020-06-16,49.299252
2020-06-17,49.518749
2020-06-18,49.430950
2020-06-19,49.193890
2020-06-22,49.527531
2020-06-23,49.659233
2020-06-24,48.623196
2020-06-25,49.176331
2020-06-26,48.702217
2020-06-29,48.710995
2020-06-30,48.219318
2020-07-01,48.122746
2020-07-02,48.438816
2020-07-06,49.062195
2020-07-07,48.623196
2020-07-08,48.588074
2020-07-09,48.351025
2020-07-10,48.983173
2020-07-13,48.728554
2020-07-14,49.114872
2020-07-15,49.738251
2020-07-16,49.229012
2020-07-17,49.308033
2020-07-20,49.343151
2020-07-21,49.369488
2020-07-22,49.237785
2020-07-23,49.070969
2020-07-24,49.018295
2020-07-27,49.992863
2020-07-28,49.685566
2020-07-29,49.711906
2020-07-30,48.965611
2020-07-31,47.701309
2020-08-03,48.675873
2020-08-04,49.220234
2020-08-05,49.185112
2020-08-06,49.149994
2020-08-07,49.167545
2020-08-10,49.404610
2020-08-11,49.808487
2020-08-12,50.862072
2020-08-13,50.800621
2020-08-14,50.791840
2020-08-17,51.002556
2020-08-18,51.178146
2020-08-19,50.905972
2020-08-20,50.721600
2020-08-21,50.581120
2020-08-24,51.143032
2020-08-25,51.072788
2020-08-26,51.213264
2020-08-27,50.739162
2020-08-28,51.011333
2020-08-31,50.941097
2020-09-01,51.081577
2020-09-02,51.590809
2020-09-03,50.686481
2020-09-04,50.967438
2020-09-08,50.546001
2020-09-09,50.721600
2020-09-10,50.747940
2020-09-11,51.406425
2020-09-14,51.775185
2020-09-15,52.012249
2020-09-16,52.196629
2020-09-17,52.258083
2020-09-18,52.029800
2020-09-21,51.257175
2020-09-22,51.415218
2020-09-23,51.713726
2020-09-24,51.511795
2020-09-25,51.590809
2020-09-28,52.310760
2020-09-29,52.266857
2020-09-30,51.862984
2020-10-01,51.871773
2020-10-02,51.617153
2020-10-05,52.038593
2020-10-06,51.924442
2020-10-07,52.196629
2020-10-08,52.214184
2020-10-09,52.205402
2020-10-12,52.345882
2020-10-13,52.179058
2020-10-14,52.258083
2020-10-15,51.819084
2020-10-16,51.713726
2020-10-19,51.775185
2020-10-20,51.783970
2020-10-21,52.187843
2020-10-22,52.038593
2020-10-23,52.064915
2020-10-26,51.564465
2020-10-27,51.748848
2020-10-28,51.046452
2020-10-29,51.432766
2020-10-30,51.134258
2020-11-02,51.669819
2020-11-03,52.758533
2020-11-04,52.670738
2020-11-05,53.970169
2020-11-06,54.014061
2020-11-09,55.603233
2020-11-10,55.392517
2020-11-11,55.726154
2020-11-12,54.865723
2020-11-13,55.647133
2020-11-16,56.437328
2020-11-17,56.217831
2020-11-18,55.840279
2020-11-19,56.209042
2020-11-20,56.841198
2020-11-23,56.876324
2020-11-24,57.736752
2020-11-25,57.324097
2020-11-27,58.149403
2020-11-30,56.533909
2020-12-01,57.692848
2020-12-02,57.596279
2020-12-03,57.736752
2020-12-04,58.000149
2020-12-07,57.148499
2020-12-08,57.280193
2020-12-09,57.684071
2020-12-10,57.780647
2020-12-11,57.903568
2020-12-14,58.095726
2020-12-15,58.510002
2020-12-16,58.501186
2020-12-17,58.844952
2020-12-18,58.677475
2020-12-21,58.042835
2020-12-22,58.016392
2020-12-23,58.227943
2020-12-24,58.016392
2020-12-28,58.606964
2020-12-29,59.338554
2020-12-30,59.364994
2020-12-31,59.550102
2021-01-04,58.844952
2021-01-05,59.391445
2021-01-06,60.096588
2021-01-07,59.973194
2021-01-08,61.074993
2021-01-11,60.502056
2021-01-12,60.819382
2021-01-13,60.995667
2021-01-14,61.630302
2021-01-15,60.572578
2021-01-19,60.925144
2021-01-20,61.233662
2021-01-21,60.995667
2021-01-22,61.030907
2021-01-25,61.268906
2021-01-26,61.277718
2021-01-27,59.937943
2021-01-28,60.325775
2021-01-29,59.047688
2021-02-01,59.664692
2021-02-02,60.140671
2021-02-03,60.493240
2021-02-04,60.563747
2021-02-05,61.039738
2021-02-08,62.132721
2021-02-09,62.467682
2021-02-10,62.353077
2021-02-11,62.679207
2021-02-12,63.067047
2021-02-16,63.340290
2021-02-17,63.252144
2021-02-18,62.494118
2021-02-19,62.881947
2021-02-22,62.732098
2021-02-23,62.591072
2021-02-24,62.071011
2021-02-25,61.004471
2021-02-26,60.131855
2021-03-01,61.127876
2021-03-02,60.528492
2021-03-03,60.167118
2021-03-04,59.594177
2021-03-05,60.078968
2021-03-08,59.409065
2021-03-09,60.061337
2021-03-10,60.272884
2021-03-11,59.973194
2021-03-12,60.766502
2021-03-15,61.092617
2021-03-16,61.295353
2021-03-17,61.691990
2021-03-18,61.859463
2021-03-19,62.309013
2021-03-22,61.894733
2021-03-23,60.969215
2021-03-24,60.299335
2021-03-25,60.986851
2021-03-26,61.797783
2021-03-29,61.427574
2021-03-30,60.978031
2021-03-31,60.396278
2021-04-01,60.942772
2021-04-05,61.683186
2021-04-06,60.748848
2021-04-07,60.925144
2021-04-08,60.986851
2021-04-09,61.409943
2021-04-12,61.030907
2021-04-13,61.418747
2021-04-14,61.304169
2021-04-15,61.595043
2021-04-16,61.665558
2021-04-19,61.074993
2021-04-20,59.752838
2021-04-21,60.264065
2021-04-22,60.369843
2021-04-23,60.907520
2021-04-26,60.678333
2021-04-27,59.937943
2021-04-28,59.920315
2021-04-29,59.973194
2021-04-30,59.426697
2021-05-03,60.131855
2021-05-04,59.373817
2021-05-05,60.087776
2021-05-06,60.572578
2021-05-07,60.872265
2021-05-10,60.748848
2021-05-11,59.717575
2021-05-12,57.672634
2021-05-13,58.148609
2021-05-14,59.065308
2021-05-17,58.571701
2021-05-18,59.312111
2021-05-19,59.012421
2021-05-20,59.550102
2021-05-21,59.876232
2021-05-24,60.140671
2021-05-25,59.999626
2021-05-26,60.131855
2021-05-27,60.175907
2021-05-28,60.449162
2021-06-01,60.070160
2021-06-02,60.625458
2021-06-03,60.643085
2021-06-04,61.304169
2021-06-07,61.542160
2021-06-08,61.242474
2021-06-09,60.810562
2021-06-10,61.072502
2021-06-11,61.161301
2021-06-14,61.143532
2021-06-15,61.436562
2021-06-16,61.338890
2021-06-17,61.108021
2021-06-18,59.713955
2021-06-21,60.344395
2021-06-22,60.415432
2021-06-23,59.953697
2021-06-24,60.477585
2021-06-25,60.752842
2021-06-28,60.504227
2021-06-29,60.548622
2021-06-30,59.971455
2021-07-01,59.927055
2021-07-02,60.299999
2021-07-06,60.078011
2021-07-07,60.104649
2021-07-08,59.172314
2021-07-09,60.761723
2021-07-12,60.939308
2021-07-13,60.743977
2021-07-14,61.045864
2021-07-15,60.299999
2021-07-16,59.687317
2021-07-19,58.834900
2021-07-20,59.536366
2021-07-21,59.962570
2021-07-22,59.927055
2021-07-23,60.264481
2021-07-26,60.051365
2021-07-27,59.722832
2021-07-28,60.042492
2021-07-29,60.246716
2021-07-30,59.589645
2021-08-02,60.166809
2021-08-03,60.610786
2021-08-04,59.989216
2021-08-05,60.344395
2021-08-06,60.220078
2021-08-09,60.184563
2021-08-10,60.220078
2021-08-11,60.965954
2021-08-12,60.761723
2021-08-13,60.948193
2021-08-16,60.530865
2021-08-17,60.024734
2021-08-18,59.713955
2021-08-19,59.145672
2021-08-20,59.190075
2021-08-23,59.971455
2021-08-24,60.504227
2021-08-25,60.388790
2021-08-26,60.078011
2021-08-27,60.495346
2021-08-30,60.415432
2021-08-31,60.735088
2021-09-01,61.720695
2021-09-02,62.004845
2021-09-03,63.762966
2021-09-07,64.428925
2021-09-08,64.153648
2021-09-09,64.721931
2021-09-10,64.650902
2021-09-13,65.538849
2021-09-14,65.174805
2021-09-15,65.814102
2021-09-16,65.663139
2021-09-17,65.201431
2021-09-20,64.260216
2021-09-21,64.837372
2021-09-22,64.366768
2021-09-23,64.739693
2021-09-24,64.517715
2021-09-27,64.464432
2021-09-28,63.070366
2021-09-29,63.034851
2021-09-30,62.377777
2021-10-01,62.093636
2021-10-04,60.371025
2021-10-05,60.708443
2021-10-06,60.184563
2021-10-07,60.530865
2021-10-08,60.255604
2021-10-11,60.521984
2021-10-12,60.131279
2021-10-13,60.095764
2021-10-14,60.664062
2021-10-15,61.303371
2021-10-18,61.001469
2021-10-19,61.383282
2021-10-20,61.321133
2021-10-21,60.255604
2021-10-22,60.752842
2021-10-25,60.779480
2021-10-26,60.788353
2021-10-27,60.344395
2021-10-28,60.823887
2021-10-29,60.735088
2021-11-01,61.649658
2021-11-02,61.578632
2021-11-03,61.951561
2021-11-04,62.395523
2021-11-05,62.475445
2021-11-08,62.342255
2021-11-09,61.951561
2021-11-10,60.983711
2021-11-11,61.338890
2021-11-12,62.226822
2021-11-15,62.173546
2021-11-16,62.049240
2021-11-17,61.791725
2021-11-18,61.951561
2021-11-19,62.075886
2021-11-22,61.756222
2021-11-23,61.827255
2021-11-24,61.072502
2021-11-26,59.456451
2021-11-29,59.625153
2021-11-30,58.897057
2021-12-01,58.586277
2021-12-02,59.465336
2021-12-03,59.811634
2021-12-06,59.847145
2021-12-07,61.241230
2021-12-08,61.170177
2021-12-09,60.672924
2021-12-10,60.761723
2021-12-13,60.175182
2021-12-14,60.103207
2021-12-15,61.137768
2021-12-16,61.209728
2021-12-17,60.463051
2021-12-20,59.950279
2021-12-21,60.301121
2021-12-22,60.400082
2021-12-23,60.633980
2021-12-27,60.579998
2021-12-28,60.651966
2021-12-29,60.364101
2021-12-30,60.193176
2021-12-31,60.238148
2022-01-03,60.301121
2022-01-04,61.092785
2022-01-05,60.813904
2022-01-06,60.364101
2022-01-07,59.977261
2022-01-10,59.833328
2022-01-11,60.301121
2022-01-12,61.164745
2022-01-13,60.553013
2022-01-14,60.481052
2022-01-18,59.527458
2022-01-19,58.789772
2022-01-20,58.528881
2022-01-21,58.303974
2022-01-24,58.052086
2022-01-25,57.845177
2022-01-26,57.044521
2022-01-27,56.234867
2022-01-28,56.450771
2022-01-31,57.647266
2022-02-01,57.665253
2022-02-02,58.546875
2022-02-03,57.323399
2022-02-04,57.773209
2022-02-07,57.809189
2022-02-08,58.142040
2022-02-09,58.942699
2022-02-10,58.007114
2022-02-11,57.539310
2022-02-14,57.539310
2022-02-15,58.178028
2022-02-16,58.187027
2022-02-17,57.332401
2022-02-18,57.242432
2022-02-22,56.783630
2022-02-23,56.198879
2022-02-24,55.875019
2022-02-25,57.170464
2022-02-28,56.621696
2022-03-01,55.848034
2022-03-02,56.036957
2022-03-03,55.758076
2022-03-04,55.038383
2022-03-07,53.104214
2022-03-08,52.339546
2022-03-09,53.751930
2022-03-10,53.527027
2022-03-11,52.663395
2022-03-14,52.735371
2022-03-15,53.598999
2022-03-16,54.795483
2022-03-17,55.308266
2022-03-18,56.018959
2022-03-21,56.000965
2022-03-22,56.171894
2022-03-23,55.839039
2022-03-24,56.450771
2022-03-25,56.441776
2022-03-28,55.596142
2022-03-29,56.693668
2022-03-30,56.099926
2022-03-31,55.425213
2022-04-01,55.713089
2022-04-04,56.162895
2022-04-05,54.696529
2022-04-06,53.877876
2022-04-07,53.688965
2022-04-08,53.464058
2022-04-11,52.627411
2022-04-12,51.934711
2022-04-13,52.681396
2022-04-14,52.537457
2022-04-18,51.907726
2022-04-19,51.916718
2022-04-20,52.402512
2022-04-21,51.970695
2022-04-22,51.197029
2022-04-25,51.511898
2022-04-26,50.423359
2022-04-27,50.621281
2022-04-28,51.547874
2022-04-29,50.936138
2022-05-02,50.918144
2022-05-03,51.322975
2022-05-04,52.231586
2022-05-05,50.801205
2022-05-06,50.999115
2022-05-09,49.559727
2022-05-10,49.631695
2022-05-11,49.091930
2022-05-12,49.640697
2022-05-13,50.666256
2022-05-16,50.396374
2022-05-17,50.765213
2022-05-18,50.279423
2022-05-19,50.711231
2022-05-20,51.358955
2022-05-23,51.853748
2022-05-24,51.655842
2022-05-25,51.763790
2022-05-26,52.168613
2022-05-27,52.483479
2022-05-31,51.817757
2022-06-01,51.844753
2022-06-02,52.375519
2022-06-03,51.286991
2022-06-06,51.565872
2022-06-07,51.727798
2022-06-08,51.053085
2022-06-09,50.686115
2022-06-10,49.768681
2022-06-13,48.378899
2022-06-14,48.051891
2022-06-15,48.587822
2022-06-16,47.815723
2022-06-17,47.288876
2022-06-21,47.779377
2022-06-22,47.543217
2022-06-23,47.833893
2022-06-24,48.778576
2022-06-27,48.351646
2022-06-28,48.278988
2022-06-29,48.060970
2022-06-30,47.988308
2022-07-01,48.188145
2022-07-05,47.879303
2022-07-06,47.870224
2022-07-07,48.551487
2022-07-08,48.796738
2022-07-11,48.133648
2022-07-12,48.151810
2022-07-13,47.897476
2022-07-14,47.425121
2022-07-15,47.924721
2022-07-18,48.015560
2022-07-19,48.705906
2022-07-20,48.914829
2022-07-21,49.532505
2022-07-22,49.686928
2022-07-25,49.677841
2022-07-26,49.132832
2022-07-27,50.122940
2022-07-28,50.531700
2022-07-29,51.004044
2022-08-01,51.658051
2022-08-02,50.677032
2022-08-03,50.568027
2022-08-04,50.549862
2022-08-05,50.241024
2022-08-08,50.222858
2022-08-09,49.723263
2022-08-10,51.149380
2022-08-11,51.131210
2022-08-12,51.803391
2022-08-15,52.012318
2022-08-16,51.767056
2022-08-17,51.603558
2022-08-18,51.421883
2022-08-19,50.531700
2022-08-22,50.013935
2022-08-23,50.132023
2022-08-24,50.113846
2022-08-25,50.686115
2022-08-26,49.450760
2022-08-29,48.951160
2022-08-30,48.896660
2022-08-31,48.678654
2022-09-01,48.097309
2022-09-02,47.570465
2022-09-06,46.825615
2022-09-07,46.752941
2022-09-08,47.316124
2022-09-09,48.206310
2022-09-12,48.224480
2022-09-13,46.634865
2022-09-14,47.307045
2022-09-15,46.934620
2022-09-16,46.898285
2022-09-19,47.052700
2022-09-20,46.562191
2022-09-21,46.026264
2022-09-22,46.389606
2022-09-23,45.454006
2022-09-26,44.718231
2022-09-27,44.345810
2022-09-28,45.181496
2022-09-29,44.745483
2022-09-30,44.373062
2022-10-03,45.172417
2022-10-04,46.616688
2022-10-05,46.126186
2022-10-06,45.708340
2022-10-07,45.245083
2022-10-10,45.063408
2022-10-11,44.600147
2022-10-12,44.273148
2022-10-13,44.663731
2022-10-14,44.018806
2022-10-17,44.463890
2022-10-18,44.309475
2022-10-19,44.036968
2022-10-20,44.000633
2022-10-21,44.772739
2022-10-24,44.482067
2022-10-25,45.499416
2022-10-26,45.762840
2022-10-27,45.190578
2022-10-28,45.672001
2022-10-31,45.408588
2022-11-01,45.753757
2022-11-02,45.454006
2022-11-03,45.326832
2022-11-04,46.207928
2022-11-07,46.471359
2022-11-08,47.143539
2022-11-09,46.344189
2022-11-10,48.932987
2022-11-11,49.904930
2022-11-14,49.223663
2022-11-15,49.550678
2022-11-16,49.378086
2022-11-17,49.287251
2022-11-18,49.269089
2022-11-21,48.869408
2022-11-22,49.914013
2022-11-23,50.486275
2022-11-25,50.831451
2022-11-28,50.440853
2022-11-29,50.132023
2022-11-30,50.686115
2022-12-01,51.031288
2022-12-02,50.804203
2022-12-05,49.741425
2022-12-06,49.587013
2022-12-07,49.732346
2022-12-08,50.041183
2022-12-09,50.195606
2022-12-12,50.186531
2022-12-13,50.909378
2022-12-14,50.863857
2022-12-15,49.625713
2022-12-16,49.662136
2022-12-19,49.343494
2022-12-20,50.044510
2022-12-21,49.971664
2022-12-22,49.826004
2022-12-23,49.862419
2022-12-27,49.634823
2022-12-28,49.043060
2022-12-29,49.953461
2022-12-30,49.561993
2023-01-03,49.798695
2023-01-04,49.307079
2023-01-05,48.642494
2023-01-06,49.862419
2023-01-09,49.971664
2023-01-10,49.853317
2023-01-11,50.253891
2023-01-12,51.464722
2023-01-13,51.683212
2023-01-17,52.174828
2023-01-18,52.102001
2023-01-19,52.074688
2023-01-20,52.666443
2023-01-23,52.520775
2023-01-24,52.875835
2023-01-25,53.513107
2023-01-26,53.403866
2023-01-27,53.549526
2023-01-30,53.230888
2023-01-31,53.412971
2023-02-01,53.595047
2023-02-02,53.467587
2023-02-03,52.857628
2023-02-06,52.375118
2023-02-07,53.139851
2023-02-08,52.557194
2023-02-09,52.611824
2023-02-10,52.912247
2023-02-13,52.884941
2023-02-14,52.620926
2023-02-15,52.102001
2023-02-16,51.929020
2023-02-17,51.910816
2023-02-21,51.273537
2023-02-22,50.891167
2023-02-23,51.400993
2023-02-24,50.636261
2023-02-27,51.118771
2023-02-28,50.927586
2023-03-01,51.009525
2023-03-02,51.064140
2023-03-03,52.238556
2023-03-06,52.238556
2023-03-07,51.774250
2023-03-08,52.411533
2023-03-09,52.320492
2023-03-10,51.692318
2023-03-13,51.200703
2023-03-14,51.055038
2023-03-15,50.017189
2023-03-16,51.036835
2023-03-17,50.718193
2023-03-20,51.455612
2023-03-21,51.774250
2023-03-22,51.628586
2023-03-23,51.856190
2023-03-24,52.010956
2023-03-27,52.238556
2023-03-28,52.338699
2023-03-29,52.538986
2023-03-30,52.784794
2023-03-31,53.431168
2023-04-03,53.676983
2023-04-04,53.658772
2023-04-05,52.857628
2023-04-06,52.630032
2023-04-10,52.520775
2023-04-11,52.693756
2023-04-12,52.866734
2023-04-13,53.604156
2023-04-14,53.203579
2023-04-17,53.358345
2023-04-18,53.676983
2023-04-19,53.249096
2023-04-20,53.422073
2023-04-21,53.722500
2023-04-24,53.695190
2023-04-25,53.321930
2023-04-26,53.130745
2023-04-27,53.995625
2023-04-28,53.567738
2023-05-01,53.504005
2023-05-02,53.057915
2023-05-03,53.376549
2023-05-04,53.476696
2023-05-05,54.195908
2023-05-08,54.077560
2023-05-09,54.660213
2023-05-10,54.387096
2023-05-11,54.541859
2023-05-12,54.805874
2023-05-15,55.133617
2023-05-16,55.024372
2023-05-17,55.397633
2023-05-18,55.406738
2023-05-19,55.497780
2023-05-22,55.743584
2023-05-23,54.942436
2023-05-24,54.359779
2023-05-25,54.669319
2023-05-26,54.851391
2023-05-30,54.496338
2023-05-31,54.022930
2023-06-01,55.379429
2023-06-02,56.444592
2023-06-05,56.244297
2023-06-06,57.391407
2023-06-07,55.916489
2023-06-08,56.393150
2023-06-09,57.034821
2023-06-12,57.392323
2023-06-13,58.217316
2023-06-14,58.483150
2023-06-15,58.400650
2023-06-16,57.841480
2023-06-20,57.043987
2023-06-21,57.722317
2023-06-22,57.245659
2023-06-23,55.833988
2023-06-26,55.833988
2023-06-27,56.044823
2023-06-28,56.668156
2023-06-29,56.383984
2023-06-30,56.741482
2023-07-03,56.915657
2023-07-05,56.448158
2023-07-06,55.705654
2023-07-07,56.503155
2023-07-10,56.420654
2023-07-11,56.668156
2023-07-12,57.062321
2023-07-13,57.914822
2023-07-14,57.218151
2023-07-17,57.245659
2023-07-18,58.033985
2023-07-19,58.043152
2023-07-20,57.273159
2023-07-21,57.208988
2023-07-24,57.291485
2023-07-25,57.364822
2023-07-26,57.593990
2023-07-27,58.061481
2023-07-28,58.391487
2023-07-31,58.134819
2023-08-01,57.447323
2023-08-02,56.365662
2023-08-03,56.090656
2023-08-04,56.631485
2023-08-07,57.108150
2023-08-08,56.603989
2023-08-09,56.108986
2023-08-10,56.347324
2023-08-11,56.255650
2023-08-14,55.751492
2023-08-15,55.155655
2023-08-16,54.468159
2023-08-17,54.238991
2023-08-18,54.376495
2023-08-21,54.422329
2023-08-22,54.688164
2023-08-23,55.412327
2023-08-24,54.688164
2023-08-25,54.972328
2023-08-28,55.623158
2023-08-29,56.008152
2023-08-30,55.907322
2023-08-31,56.503155
2023-09-01,56.869820
2023-09-05,56.897320
2023-09-06,57.043987
2023-09-07,57.043987
2023-09-08,56.475658
2023-09-11,57.126484
2023-09-12,57.117321
2023-09-13,57.089817
2023-09-14,58.061481
2023-09-15,57.740650
2023-09-18,57.878151
2023-09-19,58.162319
2023-09-20,57.383148
2023-09-21,56.493992
2023-09-22,56.649818
2023-09-25,56.576492
2023-09-26,55.705654
2023-09-27,55.943993
2023-09-28,56.053989
2023-09-29,55.265656
2023-10-02,54.788994
2023-10-03,53.835659
2023-10-04,53.249001
2023-10-05,54.293995
2023-10-06,54.431496
2023-10-09,54.587330
2023-10-10,55.302326
2023-10-11,55.164829
2023-10-12,55.302326
2023-10-13,54.614826
2023-10-16,54.788994
2023-10-17,54.898991
2023-10-18,54.037327
2023-10-19,53.643162
2023-10-20,53.285664
2023-10-23,53.157333
2023-10-24,53.496498
2023-10-25,53.285664
2023-10-26,52.561501
2023-10-27,53.001495
2023-10-30,53.395664
2023-10-31,54.046497
2023-11-01,54.972328
2023-11-02,55.870655
2023-11-03,56.833157
2023-11-06,56.099823
2023-11-07,55.586491
2023-11-08,54.669827
2023-11-09,54.898991
2023-11-10,55.430664
2023-11-13,55.403160
2023-11-14,56.503155
2023-11-15,56.081490
2023-11-16,56.273991
2023-11-17,57.153988
2023-11-20,57.163155
2023-11-21,56.924820
2023-11-22,57.282322
2023-11-24,57.392323
2023-11-27,57.346485
2023-11-28,57.337315
2023-11-29,57.282322
2023-11-30,57.392323
2023-12-01,57.942314
2023-12-04,57.062321
2023-12-05,56.851490
2023-12-06,57.447323
2023-12-07,57.887321
2023-12-08,57.548149
2023-12-11,57.878151
2023-12-12,57.795654
2023-12-13,58.675652
2023-12-14,58.409813
2023-12-15,57.905647
2023-12-18,57.795654
2023-12-19,57.969818
2023-12-20,57.677021
2023-12-21,58.680904
2023-12-22,58.866810
2023-12-26,58.848217
2023-12-27,59.173557
2023-12-28,59.526779
2023-12-29,59.619724
2024-01-02,59.080605
2024-01-03,58.755264
2024-01-04,58.615841
2024-01-05,59.052711
2024-01-08,59.917175
2024-01-09,59.554661
2024-01-10,60.623611
2024-01-11,61.162735
2024-01-12,61.748337
2024-01-16,61.292873
2024-01-17,60.530670
2024-01-18,61.097679
2024-01-19,61.255692
2024-01-22,61.980721
2024-01-23,61.432297
2024-01-24,61.506664
2024-01-25,61.274281
2024-01-26,60.781631
2024-01-29,61.506664
2024-01-30,61.283573
2024-01-31,61.543839
2024-02-01,62.203800
2024-02-02,61.822704
2024-02-05,61.525257
2024-02-06,61.515957
2024-02-07,61.869171
2024-02-08,61.711155
2024-02-09,61.934238
2024-02-12,62.250282
2024-02-13,62.036491
2024-02-14,62.278168
2024-02-15,62.873062
2024-02-16,62.863762
2024-02-20,63.142628
2024-02-21,63.012493
2024-02-22,64.044266
2024-02-23,64.146523
2024-02-26,64.137222
2024-02-27,64.304535
2024-02-28,63.830460
2024-02-29,64.248772
2024-03-01,65.373482
2024-03-04,64.992386
2024-03-05,65.345604
2024-03-06,66.340195
2024-03-07,66.312302
2024-03-08,66.163589
2024-03-11,64.694931
2024-03-12,65.048157
2024-03-13,64.481140
2024-03-14,64.192993
2024-03-15,64.667046
2024-03-18,65.670921
2024-03-19,65.921906
2024-03-20,66.433136
2024-03-21,66.767769
2024-03-22,66.758476
2024-03-25,65.986977
2024-03-26,66.275116
2024-03-27,66.563278
2024-03-28,66.321594
2024-04-01,65.327003
2024-04-02,64.992386
2024-04-03,65.438560
2024-04-04,64.759995
2024-04-05,64.945908
2024-04-08,65.271240
2024-04-09,65.512917
2024-04-10,64.490433
2024-04-11,65.057442
2024-04-12,64.192993
2024-04-15,63.923431
2024-04-16,63.031082
2024-04-17,62.361820
2024-04-18,62.175919
2024-04-19,61.804111
2024-04-22,62.436188
2024-04-23,62.575615
2024-04-24,62.845173
2024-04-25,61.869171
2024-04-26,62.399002
2024-04-29,62.966015
2024-04-30,62.529140
2024-05-01,62.380413
2024-05-02,63.644569
2024-05-03,64.378891
2024-05-06,64.759995
2024-05-07,64.053566
2024-05-08,63.244869
2024-05-09,63.523731
2024-05-10,63.161209
2024-05-13,62.910244
2024-05-14,63.402897
2024-05-15,64.109337
2024-05-16,63.458656
2024-05-17,63.886246
2024-05-20,64.341705
2024-05-21,63.969902
2024-05-22,63.226280
2024-05-23,62.947422
2024-05-24,63.635269
2024-05-28,63.997787
2024-05-29,62.715042
2024-05-30,63.263462
2024-05-31,64.109337
2024-06-03,64.509026
2024-06-04,64.583389
2024-06-05,64.397476
2024-06-06,64.360291
2024-06-07,63.886246
2024-06-10,64.453255
2024-06-11,63.731293
2024-06-12,64.040298
2024-06-13,62.879169
2024-06-14,62.860439
2024-06-17,62.373512
2024-06-18,62.420341
2024-06-20,62.251781
2024-06-21,61.811676
2024-06-24,62.279881
2024-06-25,63.263096
2024-06-26,63.028996
2024-06-27,63.347374
2024-06-28,63.899845
2024-07-01,63.478466
2024-07-02,64.480408
2024-07-03,65.070335
2024-07-05,65.510452
2024-07-08,65.192070
2024-07-09,65.547913
2024-07-10,66.746498
2024-07-11,66.493675
2024-07-12,66.858864
2024-07-15,66.540489
2024-07-16,67.327072
2024-07-17,66.933777
2024-07-18,65.922478
2024-07-19,65.510452
2024-07-22,65.828835
2024-07-23,65.772636
2024-07-24,64.480408
2024-07-25,63.469097
2024-07-26,64.321228
2024-07-29,64.471046
2024-07-30,64.555328
2024-07-31,66.456223
2024-08-01,63.253735
2024-08-02,60.538174
2024-08-05,59.395771
2024-08-06,59.105480
2024-08-07,60.088699
2024-08-08,61.362202
2024-08-09,61.212387
2024-08-12,61.549492
2024-08-13,63.309910
2024-08-14,63.403557
2024-08-15,64.620880
2024-08-16,64.957977
2024-08-19,65.885010
2024-08-20,65.566635
2024-08-21,66.325119
2024-08-22,65.838188
2024-08-23,67.355156
2024-08-26,66.512390
2024-08-27,67.167885
2024-08-28,66.877594
2024-08-29,66.989967
2024-08-30,67.392609
2024-09-03,66.381302
2024-09-04,65.697731
2024-09-05,66.091026
2024-09-06,63.759380
2024-09-09,64.920517
2024-09-10,64.742599
2024-09-11,65.135895
2024-09-12,65.781998
2024-09-13,65.426178
2024-09-16,66.053558
2024-09-17,65.276344
2024-09-18,64.976707
2024-09-19,66.699684
2024-09-20,66.737137
2024-09-23,67.139778
2024-09-24,66.559219
2024-09-25,66.437485
2024-09-26,68.347740
2024-09-27,66.559219
2024-09-30,66.989967
2024-10-01,67.083595
2024-10-02,66.699684
2024-10-03,66.437485
2024-10-04,67.308327
2024-10-07,66.521767
2024-10-08,66.727768
2024-10-09,66.381302
2024-10-10,66.390663
2024-10-11,66.531128
2024-10-14,66.643486
2024-10-15,65.276344
2024-10-16,65.669640
2024-10-17,65.323174
2024-10-18,65.669640
2024-10-21,64.583420
2024-10-22,63.731293
2024-10-23,62.429695
2024-10-24,62.944717
2024-10-25,62.963440
2024-10-28,63.394180
2024-10-29,64.012215
2024-10-30,64.068398
2024-10-31,63.740658
2024-11-01,63.656387
2024-11-04,63.712563
2024-11-05,64.677055
2024-11-06,64.967339
2024-11-07,65.529182
2024-11-08,65.014153
2024-11-11,65.173347
2024-11-12,64.143311
2024-11-13,63.431644
2024-11-14,63.506554
2024-11-15,63.197544
2024-11-18,63.562744
2024-11-19,63.469097
2024-11-20,63.000900
2024-11-21,63.178818
2024-11-22,63.628284
2024-11-25,64.068398
2024-11-26,63.740658
2024-11-27,63.562744
2024-11-29,65.257629
2024-12-02,66.053558
2024-12-03,66.999329
2024-12-04,66.624771
2024-12-05,66.503029
2024-12-06,66.559219
2024-12-09,65.978645
2024-12-10,65.622818
2024-12-11,66.549850
2024-12-12,65.894371
2024-12-13,65.117165
2024-12-16,64.780067
2024-12-17,64.555618
2024-12-18,62.938873
2024-12-19,63.138588
2024-12-20,62.967400
2024-12-23,63.233692
2024-12-24,63.195648
2024-12-26,63.927937
2024-12-27,64.412964
2024-12-30,63.870880
2024-12-31,63.813820
2025-01-02,63.728222
2025-01-03,63.985001
2025-01-06,64.127647
2025-01-07,63.975491
2025-01-08,63.813820
2025-01-10,62.044903
2025-01-13,62.216091
2025-01-14,62.092461
2025-01-15,63.024460
2025-01-16,62.625031
2025-01-17,62.938873
2025-01-21,64.032555
2025-01-22,63.956467
2025-01-23,64.498550
2025-01-24,65.126228
2025-01-27,64.422470
2025-01-28,64.964554
2025-01-29,64.764839
2025-01-30,65.734894
2025-01-31,64.964554
2025-02-03,64.346397
2025-02-04,64.926506
2025-02-05,65.734894
2025-02-06,66.001175
2025-02-07,65.126228
2025-02-10,65.383003
2025-02-11,65.373497
2025-02-12,64.688759
2025-02-13,65.868034
2025-02-14,65.972649
2025-02-18,66.666893
2025-02-19,66.210396
2025-02-20,66.295990
2025-02-21,65.706352
2025-02-24,65.411545
2025-02-25,66.067749
2025-02-26,66.105789
2025-02-27,65.620766
2025-02-28,65.116722
2025-03-03,65.820480
2025-03-04,65.278397
2025-03-05,66.714447
2025-03-06,66.200890
2025-03-07,66.733467
2025-03-10,65.316444
2025-03-11,64.917007
2025-03-12,66.115295
2025-03-13,65.868034
2025-03-14,66.904648
2025-03-17,67.608398
2025-03-18,67.418205
2025-03-19,68.188530
2025-03-20,67.827148
2025-03-21,67.836662
2025-03-24,67.684486
2025-03-25,68.169510
2025-03-26,67.285057
2025-03-27,67.189949
2025-03-28,65.829987
2025-03-31,65.202309
2025-04-01,64.859940
2025-04-02,64.878967
2025-04-03,62.206585
2025-04-04,58.497581
2025-04-07,58.316887
2025-04-08,58.630730
2025-04-09,63.091034
2025-04-10,61.074867
2025-04-11,62.596500
2025-04-14,63.623608
2025-04-15,64.137169
2025-04-16,63.509491
2025-04-17,64.736313
2025-04-21,64.593651
2025-04-22,65.877541
2025-04-23,66.077263
2025-04-24,66.838074
2025-04-25,67.304077
2025-04-28,68.226570
2025-04-29,68.492867
2025-04-30,67.931755
2025-05-01,67.684486
2025-05-02,68.369232
2025-05-05,68.844742
2025-05-06,68.882782
2025-05-07,68.454826
2025-05-08,68.312164
2025-05-09,68.483353
2025-05-12,69.234665
2025-05-13,68.711594
2025-05-14,67.950775
2025-05-15,68.759155
2025-05-16,68.939842
2025-05-19,69.015930
2025-05-20,69.415359
2025-05-21,68.768654
2025-05-22,68.825729
2025-05-23,69.453400
2025-05-27,71.279366
2025-05-28,70.004997
2025-05-29,70.404419
2025-05-30,70.490013
2025-06-02,71.364960
2025-06-03,70.499527
2025-06-04,70.451973
2025-06-05,69.795769
2025-06-06,70.204704
2025-06-09,70.309319
2025-06-10,70.261772
2025-06-11,70.062050
2025-06-12,70.575607
2025-06-13,69.995483
2025-06-16,70.130661
2025-06-17,69.296570
2025-06-18,70.034798
2025-06-20,68.798035
2025-06-23,69.047302
2025-06-24,69.737579
2025-06-25,69.449974
2025-06-26,70.916817
2025-06-27,72.172745
2025-06-30,71.875542
2025-07-01,71.348236
2025-07-02,71.386589
2025-07-03,71.520805
2025-07-07,69.814285
2025-07-08,70.169014
2025-07-09,70.274475
2025-07-10,69.929337
2025-07-11,69.373276
2025-07-14,69.421204
2025-07-15,68.730927
2025-07-16,69.047302
2025-07-17,69.402031
2025-07-18,68.845970
2025-07-21,69.612953
2025-07-22,69.967682
2025-07-23,73.332802
2025-07-24,73.390327
2025-07-25,72.556236
2025-07-28,71.204430
2025-07-29,70.830528
2025-07-30,70.926407
2025-07-31,70.581261
2025-08-01,71.012688
2025-08-04,72.182335
2025-08-05,71.933067
2025-08-06,72.891785
2025-08-07,73.457436
2025-08-08,74.713364
2025-08-11,74.579140
2025-08-12,75.959709
2025-08-13,75.998055
2025-08-14,75.547455
2025-08-15,76.841736
2025-08-18,76.985542
2025-08-19,76.717094
2025-08-20,76.352776
2025-08-21,75.451576
2025-08-22,76.717094
2025-08-25,75.787140
2025-08-26,75.662498
2025-08-27,75.384468
2025-08-28,76.017227
2025-08-29,75.048920
2025-09-02,74.924278
2025-09-03,74.713364
2025-09-04,75.480339
2025-09-05,75.911766
2025-09-08,77.618294
2025-09-09,76.755440
2025-09-10,77.043068
2025-09-11,77.963440
2025-09-12,77.426552
2025-09-15,77.992203
2025-09-16,77.992203
2025-09-17,77.819633
2025-09-18,78.126419
2025-09-19,77.455315
2025-09-22,77.896324
2025-09-23,77.742928
2025-09-24,77.512833
2025-09-25,77.138931
2025-09-26,77.119766
2025-09-29,77.186874
2025-09-30,76.899254
2025-10-01,76.899254
2025-10-02,76.841736
2025-10-03,78.404449
2025-10-06,79.832947
2025-10-07,78.577019
2025-10-08,78.375694
2025-10-09,78.183945
2025-10-10,75.125618
2025-10-13,76.017227
2025-10-14,76.736275
2025-10-15,77.934677
2025-10-16,78.183945
2025-10-17,78.615372
2025-10-20,80.091805
2025-10-21,79.161842
2025-10-22,78.787941
2025-10-23,78.826294
2025-10-24,79.094727
2025-10-27,80.082214
2025-10-28,80.465706
2025-10-29,79.794601
2025-10-30,79.775429
2025-10-31,80.005516
2025-11-03,80.187675
2025-11-04,79.411110
2025-11-05,79.382355
2025-11-06,79.535744
2025-11-07,79.852127
2025-11-10,80.226028
2025-11-11,80.293137
2025-11-12,80.858780
2025-11-13,79.583679
2025-11-14,80.513649
2025-11-17,79.065971
2025-11-18,77.445724
2025-11-19,77.349854
2025-11-20,76.208977
2025-11-21,77.838806
2025-11-24,78.366096
2025-11-25,78.538666
2025-11-26,79.823364
2025-11-28,79.583679
2025-12-01,79.123489
2025-12-02,79.065971
2025-12-03,79.200188
2025-12-04,80.168510
2025-12-05,80.245193
2025-12-08,79.756248
2025-12-09,79.871292
2025-12-10,80.446541
2025-12-11,80.743736
2025-12-12,80.532814
2025-12-15,81.366905
2025-12-16,80.413094
2025-12-17,79.309090
2025-12-18,79.537849
2025-12-19,80.144554
2025-12-22,80.025200
2025-12-23,80.701523
2025-12-24,80.562279
2025-12-26,80.532448
2025-12-29,80.651794
2025-12-30,80.542389
2025-12-31,80.303680
2026-01-02,80.890503
2026-01-05,82.680771
2026-01-06,82.621094
2026-01-07,82.471901
2026-01-08,82.412231
2026-01-09,84.152771
2026-01-12,84.829102
2026-01-13,83.993637
2026-01-14,84.580452
2026-01-15,84.958397
2026-01-16,85.018074
2026-01-20,83.267586
2026-01-21,84.321854
2026-01-22,84.401421
2026-01-23,84.103043
2026-01-26,84.172661
2026-01-27,85.376122
2026-01-28,84.749527
2026-01-29,85.624771
2026-01-30,85.256775
2026-02-02,85.425858
2026-02-03,86.211586
2026-02-04,87.017204
2026-02-05,85.634720
2026-02-06,88.916893
2026-02-09,90.796677
2026-02-10,92.596893
2026-02-11,93.462196
2026-02-12,92.865440
2026-02-13,93.342842
2026-02-17,91.373543
2026-02-18,90.886185
2026-02-19,90.707161
2026-02-20,90.975700
2026-02-23,90.896133
2026-02-24,90.737000
2026-02-25,91.940460
2026-02-26,91.980247
2026-02-27,91.870842
2026-03-02,89.712563
2026-03-03,86.360779
2026-03-04,88.111259
2026-03-05,85.425858
2026-03-06,84.311905
2026-03-09,85.177208
2026-03-10,85.992775
2026-03-11,85.266724
2026-03-12,83.735046
2026-03-13,82.909531
2026-03-16,84.610291
2026-03-17,84.620232
2026-03-18,83.695259
2026-03-19,83.625641
2026-03-20,80.761200
2026-03-23,83.098503
2026-03-24,82.829956
2026-03-25,84.292015
2026-03-26,82.263039
2026-03-27,80.989960
2026-03-30,81.079468
2026-03-31,83.983696
2026-04-01,86.012672
2026-04-02,84.829102
2026-04-06,85.107582
2026-04-07,85.047913
2026-04-08,88.926834
2026-04-09,87.743263
2026-04-10,87.653748
2026-04-13,87.872559
2026-04-14,88.926834
2026-04-15,88.588669
2026-04-16,88.926834
2026-04-17,89.702621
2026-04-20,88.847267
2026-04-21,86.669098
2026-04-22,87.285751
2026-04-23,86.599480
2026-04-24,86.848129
2026-04-27,87.206184
2026-04-28,87.086830
2026-04-29,86.340881
2026-04-30,88.618507
2026-05-01,87.822838
2026-05-04,87.643806
2026-05-05,88.777649
2026-05-06,91.184570
2026-05-07,90.498291
2026-05-08,91.721649
2026-05-11,91.761436
2026-05-12,91.562508
2026-05-13,92.586945
2026-05-14,91.562508
2026-05-15,90.577866
2026-05-18,90.428673
2026-05-19,89.802078
2026-05-20,90.717110
2026-05-21,90.876244
2026-05-22,91.114944
2026-05-26,92.397972
2026-05-27,91.791275
2026-05-28,92.199051
2026-05-29,92.457649
2026-06-01,92.427811
2026-06-02,93.074303
2026-06-03,93.432358
2026-06-04,93.621323
2026-06-05,90.229759
2026-06-08,91.453102
2026-06-09,90.458511
2026-06-10,88.807480
2026-06-11,91.681862
2026-06-12,92.209000
2026-06-15,94.059998
2026-06-16,94.120003
2026-06-17,94.449997
2026-06-18,96.260002
2026-06-22,96.970001
2026-06-23,92.750000
2026-06-24,92.610001
2026-06-25,93.389999
2026-06-26,92.800003
2026-06-29,93.209999
2026-06-30,93.269997
2026-07-01,93.050003
2026-07-02,93.139999
2026-07-06,95.269997
2026-07-07,93.070000
2026-07-08,92.540001
2026-07-09,93.519997
2026-07-10,94.550003
2026-07-13,92.720001
2026-07-14,93.889999
2026-07-15,93.500000
2026-07-16,91.910004
2026-07-17,90.489998
2026-07-20,90.430000
2026-07-21,92.739998
2026-07-22,92.190002
2026-07-23,91.099998
2026-07-24,91.209999
2026-07-27,91.510002
2026-07-28,89.830002
2026-07-29,89.349998
2026-07-30,93.290001
2026-07-31,92.389999
2026-08-03,92.910004
2026-08-04,94.610001
2026-08-05,95.160004
2026-08-06,95.150002
2026-08-07,96.900002
2026-08-10,96.050003
2026-08-11,96.279999
2026-08-12,97.790001
2026-08-13,98.470001
2026-08-14,98.209999
2026-08-17,98.169998
2026-08-18,95.370003
2026-08-19,94.779999
2026-08-20,94.269997
2026-08-21,95.180000
2026-08-24,94.839996
2026-08-25,95.629997
2026-08-26,95.430000
2026-08-27,95.839996
2026-08-28,95.870003
2026-08-31,95.879997
2026-09-01,95.220001
2026-09-02,96.040001
2026-09-03,97.900002
2026-09-04,98.279999
2026-09-08,97.959999
2026-09-09,97.000000
2026-09-10,96.440002
2026-09-11,98.559998
2026-09-14,97.580002
2026-09-15,96.919998
2026-09-16,97.010002
2026-09-17,97.910004
2026-09-18,97.000000
2026-09-21,97.959999
2026-09-22,98.779999
2026-09-23,97.050003
2026-09-24,95.809998
2026-09-25,97.930000
2026-09-28,96.830002
2026-09-29,96.510002
2026-09-30,97.459999
2026-10-01,97.379997
2026-10-02,98.919998
