date,adj_close
2007-04-11,31.084761
2007-04-12,31.105635
2007-04-13,31.049019
2007-04-16,31.037106
2007-04-17,31.022207
2007-04-18,31.031157
2007-04-19,31.138384
2007-04-20,31.120520
2007-04-23,31.138384
2007-04-24,31.352877
2007-04-25,31.400526
2007-04-26,31.457146
2007-04-27,31.457146
2007-04-30,31.460106
2007-05-01,31.463997
2007-05-02,31.452042
2007-05-03,31.455030
2007-05-04,31.493868
2007-05-07,31.490887
2007-05-08,31.514778
2007-05-09,31.431135
2007-05-10,31.544651
2007-05-11,31.562582
2007-05-14,31.559584
2007-05-15,31.535702
2007-05-16,31.619341
2007-05-17,31.610367
2007-05-18,31.619341
2007-05-21,31.649214
2007-05-22,31.652159
2007-05-23,31.628290
2007-05-24,31.637268
2007-05-25,31.682064
2007-05-29,31.556610
2007-05-30,31.628290
2007-05-31,31.577486
2007-06-01,31.573322
2007-06-04,31.600342
2007-06-05,31.555294
2007-06-06,31.516253
2007-06-07,31.369059
2007-06-08,31.284945
2007-06-11,31.218840
2007-06-12,31.059635
2007-06-13,31.113718
2007-06-14,31.137766
2007-06-15,31.131739
2007-06-18,31.149754
2007-06-19,31.188814
2007-06-20,30.912464
2007-06-21,30.969509
2007-06-22,31.029613
2007-06-25,30.849365
2007-06-26,30.939489
2007-06-27,30.831350
2007-06-28,30.669127
2007-06-29,30.582041
2007-07-02,30.821663
2007-07-03,30.764233
2007-07-05,30.652433
2007-07-06,30.685684
2007-07-09,30.779348
2007-07-10,30.697781
2007-07-11,30.468134
2007-07-12,30.558758
2007-07-13,30.685684
2007-07-16,30.697781
2007-07-17,30.734020
2007-07-18,30.504362
2007-07-19,30.537598
2007-07-20,30.459044
2007-07-23,30.392555
2007-07-24,30.217346
2007-07-25,29.930252
2007-07-26,29.507204
2007-07-27,29.014675
2007-07-30,29.295675
2007-07-31,29.395401
2007-08-01,29.334560
2007-08-02,29.501858
2007-08-03,29.501858
2007-08-06,29.437979
2007-08-07,29.647837
2007-08-08,29.997618
2007-08-09,29.967186
2007-08-10,29.906363
2007-08-13,30.125336
2007-08-14,29.891157
2007-08-15,30.058437
2007-08-16,30.018911
2007-08-17,30.323038
2007-08-20,30.034113
2007-08-21,29.879000
2007-08-22,30.110132
2007-08-23,30.292620
2007-08-24,30.368660
2007-08-27,30.566359
2007-08-28,30.459908
2007-08-29,30.581558
2007-08-30,30.645462
2007-08-31,30.922201
2007-09-04,31.137335
2007-09-05,31.149565
2007-09-06,31.131205
2007-09-07,30.776230
2007-09-10,30.907841
2007-09-11,31.161819
2007-09-12,31.302578
2007-09-13,31.192436
2007-09-14,31.486200
2007-09-17,31.630020
2007-09-18,31.856487
2007-09-19,32.465450
2007-09-20,31.669813
2007-09-21,31.749380
2007-09-24,31.963589
2007-09-25,32.040081
2007-09-26,31.923817
2007-09-27,31.825893
2007-09-28,31.825893
2007-10-01,31.947491
2007-10-02,32.009098
2007-10-03,31.839750
2007-10-04,31.975201
2007-10-05,31.993677
2007-10-08,32.101463
2007-10-09,32.126099
2007-10-10,32.098392
2007-10-11,32.144577
2007-10-12,32.178444
2007-10-15,32.332413
2007-10-16,32.209259
2007-10-17,31.812006
2007-10-18,31.796614
2007-10-19,31.654980
2007-10-22,31.362423
2007-10-23,31.624191
2007-10-24,31.624191
2007-10-25,31.670370
2007-10-26,31.744293
2007-10-29,31.839750
2007-10-30,31.778128
2007-10-31,31.978300
2007-11-01,31.770620
2007-11-02,31.693136
2007-11-05,31.677635
2007-11-06,31.841925
2007-11-07,31.801626
2007-11-08,31.398680
2007-11-09,31.538153
2007-11-12,31.662140
2007-11-13,31.538153
2007-11-14,31.615648
2007-11-15,31.606365
2007-11-16,31.615648
2007-11-19,31.615648
2007-11-20,31.305700
2007-11-21,30.716764
2007-11-23,30.657906
2007-11-26,30.995741
2007-11-27,31.042231
2007-11-28,31.336674
2007-11-29,31.491653
2007-11-30,31.618753
2007-12-03,31.937519
2007-12-04,31.815880
2007-12-05,31.441568
2007-12-06,31.722307
2007-12-07,31.706701
2007-12-10,31.659899
2007-12-11,31.628733
2007-12-12,31.800280
2007-12-13,31.784702
2007-12-14,31.831476
2007-12-17,31.659899
2007-12-18,31.691097
2007-12-19,31.847088
2007-12-20,31.778473
2007-12-21,31.878265
2007-12-24,31.765966
2007-12-26,31.625614
2007-12-27,31.834202
2007-12-28,31.523676
2007-12-31,31.592674
2008-01-02,31.209995
2008-01-03,31.150408
2008-01-04,31.115906
2008-01-07,30.930841
2008-01-08,30.752039
2008-01-09,30.416410
2008-01-10,30.642256
2008-01-11,30.708151
2008-01-14,30.601490
2008-01-15,30.679892
2008-01-16,30.645393
2008-01-17,30.428959
2008-01-18,30.667347
2008-01-22,30.454050
2008-01-23,30.513660
2008-01-24,30.896338
2008-01-25,30.943415
2008-01-28,30.802221
2008-01-29,30.833611
2008-01-30,30.952778
2008-01-31,31.015516
2008-02-01,31.032593
2008-02-04,31.038914
2008-02-05,30.789408
2008-02-06,30.726297
2008-02-07,30.596788
2008-02-08,30.366257
2008-02-11,30.126266
2008-02-12,30.239944
2008-02-13,30.161016
2008-02-14,30.309433
2008-02-15,30.233633
2008-02-19,30.078888
2008-02-20,30.157843
2008-02-21,30.262049
2008-02-22,30.315737
2008-02-25,30.407318
2008-02-26,30.603113
2008-02-27,30.596788
2008-02-28,30.552582
2008-02-29,30.435760
2008-03-03,30.444002
2008-03-04,30.409029
2008-03-05,30.494858
2008-03-06,30.415403
2008-03-07,30.351822
2008-03-10,30.281908
2008-03-11,30.358177
2008-03-12,30.351822
2008-03-13,30.138899
2008-03-14,29.957720
2008-03-17,29.817896
2008-03-18,30.256495
2008-03-19,30.288280
2008-03-20,30.431269
2008-03-24,30.663311
2008-03-25,30.742758
2008-03-26,30.669645
2008-03-27,30.571140
2008-03-28,30.587025
2008-03-31,30.723671
2008-04-01,30.858686
2008-04-02,30.874693
2008-04-03,30.820314
2008-04-04,30.938717
2008-04-07,31.185036
2008-04-08,31.290598
2008-04-09,31.018642
2008-04-10,31.130672
2008-04-11,30.881081
2008-04-14,30.989880
2008-04-15,30.986670
2008-04-16,31.121048
2008-04-17,31.153046
2008-04-18,31.364243
2008-04-21,31.313028
2008-04-22,31.354618
2008-04-23,31.482586
2008-04-24,31.492182
2008-04-25,31.642569
2008-04-28,31.828125
2008-04-29,31.735367
2008-04-30,31.767336
2008-05-01,32.442455
2008-05-02,32.114239
2008-05-05,32.062748
2008-05-06,31.834274
2008-05-07,31.856810
2008-05-08,31.789227
2008-05-09,31.856810
2008-05-12,31.814966
2008-05-13,31.805294
2008-05-14,31.760273
2008-05-15,31.843916
2008-05-16,31.888985
2008-05-19,32.014484
2008-05-20,31.953320
2008-05-21,31.895414
2008-05-22,31.847141
2008-05-23,31.657301
2008-05-27,31.480309
2008-05-28,31.634769
2008-05-29,31.602564
2008-05-30,31.605810
2008-06-02,31.344753
2008-06-03,31.367424
2008-06-04,31.335033
2008-06-05,31.471062
2008-06-06,31.383638
2008-06-09,31.484049
2008-06-10,31.496967
2008-06-11,31.490517
2008-06-12,31.438658
2008-06-13,31.577927
2008-06-16,31.140736
2008-06-17,31.195774
2008-06-18,31.263763
2008-06-19,31.066210
2008-06-20,30.943157
2008-06-23,30.829781
2008-06-24,30.700260
2008-06-25,30.803894
2008-06-26,30.560984
2008-06-27,30.476761
2008-06-30,30.444368
2008-07-01,30.412098
2008-07-02,30.389263
2008-07-03,30.376245
2008-07-07,30.402288
2008-07-08,30.320776
2008-07-09,30.216433
2008-07-10,30.255560
2008-07-11,30.216433
2008-07-14,30.144657
2008-07-15,29.678303
2008-07-16,29.776119
2008-07-17,29.864195
2008-07-18,30.343622
2008-07-21,30.493626
2008-07-22,30.598005
2008-07-23,30.516447
2008-07-24,30.588209
2008-07-25,30.653442
2008-07-28,30.549078
2008-07-29,30.555601
2008-07-30,30.562126
2008-07-31,30.624088
2008-08-01,30.487137
2008-08-04,30.276911
2008-08-05,30.490408
2008-08-06,30.286764
2008-08-07,30.250620
2008-08-08,30.303179
2008-08-11,30.217785
2008-08-12,30.336039
2008-08-13,30.382017
2008-08-14,30.382017
2008-08-15,30.450981
2008-08-18,30.382017
2008-08-19,30.441128
2008-08-20,30.434580
2008-08-21,30.391850
2008-08-22,30.217785
2008-08-25,30.382017
2008-08-26,30.217785
2008-08-27,30.250620
2008-08-28,30.293337
2008-08-29,30.349152
2008-09-02,30.355783
2008-09-03,30.454977
2008-09-04,30.587255
2008-09-05,30.560806
2008-09-08,30.524405
2008-09-09,30.590561
2008-09-10,30.421898
2008-09-11,30.421898
2008-09-12,30.421898
2008-09-15,29.304255
2008-09-16,28.629665
2008-09-17,26.910179
2008-09-18,29.033094
2008-09-19,29.403446
2008-09-22,29.376995
2008-09-23,29.089300
2008-09-24,29.350546
2008-09-25,28.603235
2008-09-26,28.504004
2008-09-29,26.195917
2008-09-30,27.115170
2008-10-01,28.295698
2008-10-02,27.558722
2008-10-03,27.458656
2008-10-06,26.461563
2008-10-07,26.014711
2008-10-08,24.927551
2008-10-09,24.347309
2008-10-10,22.723263
2008-10-13,25.511156
2008-10-14,25.677885
2008-10-15,24.557396
2008-10-16,23.626989
2008-10-17,23.343540
2008-10-20,23.810413
2008-10-21,23.673674
2008-10-22,23.476915
2008-10-23,23.873777
2008-10-24,23.276848
2008-10-27,22.092979
2008-10-28,22.343094
2008-10-29,23.360216
2008-10-30,24.000504
2008-10-31,24.010502
2008-11-03,24.205784
2008-11-04,24.478510
2008-11-05,24.276493
2008-11-06,24.276493
2008-11-07,24.529018
2008-11-10,24.532389
2008-11-11,24.488630
2008-11-12,24.141804
2008-11-13,24.013859
2008-11-14,23.720928
2008-11-17,23.353910
2008-11-18,22.862331
2008-11-19,22.081167
2008-11-20,21.347151
2008-11-21,21.559282
2008-11-24,21.656906
2008-11-25,21.882517
2008-11-26,22.390940
2008-11-28,22.306751
2008-12-01,21.846693
2008-12-02,22.081491
2008-12-03,22.084879
2008-12-04,21.955587
2008-12-05,21.965801
2008-12-08,22.221016
2008-12-09,22.054274
2008-12-10,22.037252
2008-12-11,21.867119
2008-12-12,22.169958
2008-12-15,22.054274
2008-12-16,22.462629
2008-12-17,23.037699
2008-12-18,24.375053
2008-12-19,24.211706
2008-12-22,25.181557
2008-12-23,25.549036
2008-12-24,25.147520
2008-12-26,25.627316
2008-12-29,25.800030
2008-12-30,25.878828
2008-12-31,26.046776
2009-01-02,25.964497
2009-01-05,27.218718
2009-01-06,27.448299
2009-01-07,26.951408
2009-01-08,26.560780
2009-01-09,26.951408
2009-01-12,26.365437
2009-01-13,26.269491
2009-01-14,25.933681
2009-01-15,25.830879
2009-01-16,26.039896
2009-01-20,25.594435
2009-01-21,25.597853
2009-01-22,25.529318
2009-01-23,25.121536
2009-01-26,25.186647
2009-01-27,25.419640
2009-01-28,26.320900
2009-01-29,25.666388
2009-01-30,25.782906
2009-02-02,25.233583
2009-02-03,25.278563
2009-02-04,25.257812
2009-02-05,25.050123
2009-02-06,25.555494
2009-02-09,25.752798
2009-02-10,25.583191
2009-02-11,25.524338
2009-02-12,25.444733
2009-02-13,25.545092
2009-02-17,24.894358
2009-02-18,24.745518
2009-02-19,24.870111
2009-02-20,24.506689
2009-02-23,23.890553
2009-02-24,24.229776
2009-02-25,24.112095
2009-02-26,23.634399
2009-02-27,23.277884
2009-03-02,22.794699
2009-03-03,22.885666
2009-03-04,22.882174
2009-03-05,21.797543
2009-03-06,21.692585
2009-03-09,21.566622
2009-03-10,22.633759
2009-03-11,22.994143
2009-03-12,23.375517
2009-03-13,23.427990
2009-03-16,23.560938
2009-03-17,23.427990
2009-03-18,23.966806
2009-03-19,23.756868
2009-03-20,23.711397
2009-03-23,24.201221
2009-03-24,24.246698
2009-03-25,24.376144
2009-03-26,24.754040
2009-03-27,24.502110
2009-03-30,23.354507
2009-03-31,23.721872
2009-04-01,23.759405
2009-04-02,24.623396
2009-04-03,24.970402
2009-04-06,24.888962
2009-04-07,24.602160
2009-04-08,24.892498
2009-04-09,25.600689
2009-04-13,25.582973
2009-04-14,25.451965
2009-04-15,25.667961
2009-04-16,26.075174
2009-04-17,26.645256
2009-04-20,25.671503
2009-04-21,25.961863
2009-04-22,26.085781
2009-04-23,26.057463
2009-04-24,26.461115
2009-04-27,26.252211
2009-04-28,26.308853
2009-04-29,26.797518
2009-04-30,27.006416
2009-05-01,26.963978
2009-05-04,26.899721
2009-05-05,27.131680
2009-05-06,27.356508
2009-05-07,26.906855
2009-05-08,27.388620
2009-05-11,27.245872
2009-05-12,27.352911
2009-05-13,26.996063
2009-05-14,26.710590
2009-05-15,26.335892
2009-05-18,26.896172
2009-05-19,27.074577
2009-05-20,27.474249
2009-05-21,27.120981
2009-05-22,27.495668
2009-05-26,27.424295
2009-05-27,27.474249
2009-05-28,27.570604
2009-05-29,27.777588
2009-06-01,28.434908
2009-06-02,28.352049
2009-06-03,28.189955
2009-06-04,28.276384
2009-06-05,28.366442
2009-06-08,28.416891
2009-06-09,28.470913
2009-06-10,28.506926
2009-06-11,28.571726
2009-06-12,28.719410
2009-06-15,28.294426
2009-06-16,28.024302
2009-06-17,27.862228
2009-06-18,28.128729
2009-06-19,28.157534
2009-06-22,27.775782
2009-06-23,27.822607
2009-06-24,27.963078
2009-06-25,28.229580
2009-06-26,28.222406
2009-06-29,28.575350
2009-06-30,28.708614
2009-07-01,28.779488
2009-07-02,28.277885
2009-07-06,27.856279
2009-07-07,27.467348
2009-07-08,27.634558
2009-07-09,28.030727
2009-07-10,27.816303
2009-07-13,27.878086
2009-07-14,27.987116
2009-07-15,28.605017
2009-07-16,28.692244
2009-07-17,28.717691
2009-07-20,29.117510
2009-07-21,29.259258
2009-07-22,29.295601
2009-07-23,29.593647
2009-07-24,29.768122
2009-07-27,29.822639
2009-07-28,29.855347
2009-07-29,29.957106
2009-07-30,30.204287
2009-07-31,30.694941
2009-08-03,30.753248
2009-08-04,30.687275
2009-08-05,30.588316
2009-08-06,30.346392
2009-08-07,30.558983
2009-08-10,30.698261
2009-08-11,30.624956
2009-08-12,30.547974
2009-08-13,30.159424
2009-08-14,30.009129
2009-08-17,29.276066
2009-08-18,29.781893
2009-08-19,29.902857
2009-08-20,29.811213
2009-08-21,30.218103
2009-08-24,30.060490
2009-08-25,30.056803
2009-08-26,30.174099
2009-08-27,30.020149
2009-08-28,30.170452
2009-08-31,30.174099
2009-09-01,29.890518
2009-09-02,29.731575
2009-09-03,29.923819
2009-09-04,30.153027
2009-09-08,30.581886
2009-09-09,30.293526
2009-09-10,30.763037
2009-09-11,31.055099
2009-09-14,31.092094
2009-09-15,31.313892
2009-09-16,31.716871
2009-09-17,31.772320
2009-09-18,31.683598
2009-09-21,31.702087
2009-09-22,31.665115
2009-09-23,31.761265
2009-09-24,31.820395
2009-09-25,31.716871
2009-09-28,31.968271
2009-09-29,31.931288
2009-09-30,31.923889
2009-10-01,31.083376
2009-10-02,31.094564
2009-10-05,31.512030
2009-10-06,31.403950
2009-10-07,31.635029
2009-10-08,31.836319
2009-10-09,31.959320
2009-10-12,31.951874
2009-10-13,31.944426
2009-10-14,32.071129
2009-10-15,32.063690
2009-10-16,32.059948
2009-10-19,32.067406
2009-10-20,32.127052
2009-10-21,32.182987
2009-10-22,32.428997
2009-10-23,32.373055
2009-10-26,32.391712
2009-10-27,32.138222
2009-10-28,31.608942
2009-10-29,32.052521
2009-10-30,31.750566
2009-11-02,31.999786
2009-11-03,32.071163
2009-11-04,32.120041
2009-11-05,32.146370
2009-11-06,32.176418
2009-11-09,32.304214
2009-11-10,32.292927
2009-11-11,32.311710
2009-11-12,32.349304
2009-11-13,32.285404
2009-11-16,32.435741
2009-11-17,32.428226
2009-11-18,32.345554
2009-11-19,32.413204
2009-11-20,32.405674
2009-11-23,32.371849
2009-11-24,32.390663
2009-11-25,32.405674
2009-11-27,32.180183
2009-11-30,32.285404
2009-12-01,32.445190
2009-12-02,32.479256
2009-12-03,32.520882
2009-12-04,32.653412
2009-12-07,32.695034
2009-12-08,32.732929
2009-12-09,32.732929
2009-12-10,32.895706
2009-12-11,32.914616
2009-12-14,33.179634
2009-12-15,33.145561
2009-12-16,33.221298
2009-12-17,33.202354
2009-12-18,33.183407
2009-12-21,33.281902
2009-12-22,33.353786
2009-12-23,33.433300
2009-12-24,33.558235
2009-12-28,33.459766
2009-12-29,33.280689
2009-12-30,33.421692
2009-12-31,33.475021
2010-01-04,33.737968
2010-01-05,33.898064
2010-01-06,33.985722
2010-01-07,34.122917
2010-01-08,34.176262
2010-01-11,34.145775
2010-01-12,33.970482
2010-01-13,34.046677
2010-01-14,34.084789
2010-01-15,33.947598
2010-01-19,33.962841
2010-01-20,33.913307
2010-01-21,33.383579
2010-01-22,33.067265
2010-01-25,33.116814
2010-01-26,33.158745
2010-01-27,33.170177
2010-01-28,33.029160
2010-01-29,32.861492
2010-02-01,33.020100
2010-02-02,33.119965
2010-02-03,33.288921
2010-02-04,32.816578
2010-02-05,32.624550
2010-02-08,32.482445
2010-02-09,32.547718
2010-02-10,32.109921
2010-02-11,32.240509
2010-02-12,32.221272
2010-02-16,32.540062
2010-02-17,32.789677
2010-02-18,33.100735
2010-02-19,33.323490
2010-02-22,33.365749
2010-02-23,33.123795
2010-02-24,33.250515
2010-02-25,33.254368
2010-02-26,33.477108
2010-03-01,33.502647
2010-03-02,33.719315
2010-03-03,33.754143
2010-03-04,33.781231
2010-03-05,33.982430
2010-03-08,33.990181
2010-03-09,34.137199
2010-03-10,34.148804
2010-03-11,34.117817
2010-03-12,34.125576
2010-03-15,34.086880
2010-03-16,34.202942
2010-03-17,34.202942
2010-03-18,34.253262
2010-03-19,34.083035
2010-03-22,34.245525
2010-03-23,34.241650
2010-03-24,34.222301
2010-03-25,34.303558
2010-03-26,34.291939
2010-03-29,34.334511
2010-03-30,34.299702
2010-03-31,34.191368
2010-04-01,34.108715
2010-04-05,34.093121
2010-04-06,34.315300
2010-04-07,34.365990
2010-04-08,34.424477
2010-04-09,34.475109
2010-04-12,34.482922
2010-04-13,34.576500
2010-04-14,34.670036
2010-04-15,34.763580
2010-04-16,34.482922
2010-04-19,34.416634
2010-04-20,34.786976
2010-04-21,34.790878
2010-04-22,34.689526
2010-04-23,34.915607
2010-04-26,34.915607
2010-04-27,34.475109
2010-04-28,34.498531
2010-04-29,34.736305
2010-04-30,34.849380
2010-05-03,34.845444
2010-05-04,34.488129
2010-05-05,34.016998
2010-05-06,33.172848
2010-05-07,33.168926
2010-05-10,33.789276
2010-05-11,33.749989
2010-05-12,34.162270
2010-05-13,33.950268
2010-05-14,33.753910
2010-05-17,33.710743
2010-05-18,33.640091
2010-05-19,33.443760
2010-05-20,32.446495
2010-05-21,33.098263
2010-05-24,33.149273
2010-05-25,33.110035
2010-05-26,32.713478
2010-05-27,33.165005
2010-05-28,33.219955
2010-06-01,33.062912
2010-06-02,33.233044
2010-06-03,33.244892
2010-06-04,33.058949
2010-06-07,32.829479
2010-06-08,32.880901
2010-06-09,32.952095
2010-06-10,33.288418
2010-06-11,33.335888
2010-06-14,33.379387
2010-06-15,33.703831
2010-06-16,33.731525
2010-06-17,33.984722
2010-06-18,34.131092
2010-06-21,34.253746
2010-06-22,34.008438
2010-06-23,33.984722
2010-06-24,33.751297
2010-06-25,33.905590
2010-06-28,33.980770
2010-06-29,33.640507
2010-06-30,33.589096
2010-07-01,33.749691
2010-07-02,33.757675
2010-07-06,34.024731
2010-07-07,34.435246
2010-07-08,34.594666
2010-07-09,34.514954
2010-07-12,34.487030
2010-07-13,34.754070
2010-07-14,34.722206
2010-07-15,34.774014
2010-07-16,34.562786
2010-07-19,34.678345
2010-07-20,34.957333
2010-07-21,34.941380
2010-07-22,35.252262
2010-07-23,35.411690
2010-07-26,35.427628
2010-07-27,35.379787
2010-07-28,35.304070
2010-07-29,35.411690
2010-07-30,35.320030
2010-08-02,35.504215
2010-08-03,35.504215
2010-08-04,35.484142
2010-08-05,35.468086
2010-08-06,35.460068
2010-08-09,35.395863
2010-08-10,35.383808
2010-08-11,34.922363
2010-08-12,34.801979
2010-08-13,34.954475
2010-08-16,34.998619
2010-08-17,35.131027
2010-08-18,35.191216
2010-08-19,35.118992
2010-08-20,35.203278
2010-08-23,35.203278
2010-08-24,35.018665
2010-08-25,34.970509
2010-08-26,34.922363
2010-08-27,34.918373
2010-08-30,34.982533
2010-08-31,34.970509
2010-09-01,35.348408
2010-09-02,35.404972
2010-09-03,35.510063
2010-09-07,35.457565
2010-09-08,35.465630
2010-09-09,35.607067
2010-09-10,35.700031
2010-09-13,35.885956
2010-09-14,35.877865
2010-09-15,35.845547
2010-09-16,35.906166
2010-09-17,35.970810
2010-09-20,36.027416
2010-09-21,35.966774
2010-09-22,35.821293
2010-09-23,35.728321
2010-09-24,35.869793
2010-09-27,35.930401
2010-09-28,35.982944
2010-09-29,36.067814
2010-09-30,36.249702
2010-10-01,36.297321
2010-10-04,36.171177
2010-10-05,36.301365
2010-10-06,36.268841
2010-10-07,36.342056
2010-10-08,36.464088
2010-10-11,36.541389
2010-10-12,36.508835
2010-10-13,36.630886
2010-10-14,36.455956
2010-10-15,36.549526
2010-10-18,36.500706
2010-10-19,36.496643
2010-10-20,36.610569
2010-10-21,36.553604
2010-10-22,36.720375
2010-10-25,36.862762
2010-10-26,36.919720
2010-10-27,36.879066
2010-10-28,36.899387
2010-10-29,36.915665
2010-11-01,36.846481
2010-11-02,37.026680
2010-11-03,37.149540
2010-11-04,37.632786
2010-11-05,37.591824
2010-11-08,37.481255
2010-11-09,37.374790
2010-11-10,37.067635
2010-11-11,36.920216
2010-11-12,36.785042
2010-11-15,36.715420
2010-11-16,36.309963
2010-11-17,36.494270
2010-11-18,36.957066
2010-11-19,36.944763
2010-11-22,36.686745
2010-11-23,36.183025
2010-11-24,36.400093
2010-11-26,36.269005
2010-11-29,36.363209
2010-11-30,36.445118
2010-12-01,36.782345
2010-12-02,36.802944
2010-12-03,36.864807
2010-12-06,36.844189
2010-12-07,37.033840
2010-12-08,36.914265
2010-12-09,36.835941
2010-12-10,36.852432
2010-12-13,36.666927
2010-12-14,36.848305
2010-12-15,36.703995
2010-12-16,36.840092
2010-12-17,36.893650
2010-12-20,36.959660
2010-12-21,37.037952
2010-12-22,37.141022
2010-12-23,37.178112
2010-12-27,37.206966
2010-12-28,37.230644
2010-12-29,37.355103
2010-12-30,37.396584
2010-12-31,37.462994
2011-01-03,37.492050
2011-01-04,37.662163
2011-01-05,37.757568
2011-01-06,37.803207
2011-01-07,37.657997
2011-01-10,37.628960
2011-01-11,37.774181
2011-01-12,37.853027
2011-01-13,37.844730
2011-01-14,37.906956
2011-01-18,37.902794
2011-01-19,37.786598
2011-01-20,37.711941
2011-01-21,37.865479
2011-01-24,37.919388
2011-01-25,37.977470
2011-01-26,38.056320
2011-01-27,38.106113
2011-01-28,37.877911
2011-01-31,38.081211
2011-02-01,38.155941
2011-02-02,38.197731
2011-02-03,38.197731
2011-02-04,38.364765
2011-02-07,38.435753
2011-02-08,38.477520
2011-02-09,38.260349
2011-02-10,38.302124
2011-02-11,38.398186
2011-02-14,38.427429
2011-02-15,38.352234
2011-02-16,38.364765
2011-02-17,38.452457
2011-02-18,38.569386
2011-02-22,38.252007
2011-02-23,38.289597
2011-02-24,38.318806
2011-02-25,38.435753
2011-02-28,38.627853
2011-03-01,38.568611
2011-03-02,38.602230
2011-03-03,38.740875
2011-03-04,38.661049
2011-03-07,38.669483
2011-03-08,38.635853
2011-03-09,38.526573
2011-03-10,38.324871
2011-03-11,38.316467
2011-03-14,38.160957
2011-03-15,37.963463
2011-03-16,37.728142
2011-03-17,38.135757
2011-03-18,38.316467
2011-03-21,38.551804
2011-03-22,38.572807
2011-03-23,38.526573
2011-03-24,38.560196
2011-03-25,38.572807
2011-03-28,38.585434
2011-03-29,38.606403
2011-03-30,38.665257
2011-03-31,38.644234
2011-04-01,38.597736
2011-04-04,38.834507
2011-04-05,38.792267
2011-04-06,38.876816
2011-04-07,38.914864
2011-04-08,38.914864
2011-04-11,38.876816
2011-04-12,38.754185
2011-04-13,38.940235
2011-04-14,38.783779
2011-04-15,38.834507
2011-04-18,38.699223
2011-04-19,38.834507
2011-04-20,38.982513
2011-04-21,39.075558
2011-04-25,39.033257
2011-04-26,39.122066
2011-04-27,39.147453
2011-04-28,39.168560
2011-04-29,39.261616
2011-05-02,39.241596
2011-05-03,39.250099
2011-05-04,39.237328
2011-05-05,39.075665
2011-05-06,39.275661
2011-05-09,39.326710
2011-05-10,39.411797
2011-05-11,39.352207
2011-05-12,39.390541
2011-05-13,39.228821
2011-05-16,39.305412
2011-05-17,39.373520
2011-05-18,39.420296
2011-05-19,39.403286
2011-05-20,39.373520
2011-05-23,39.186302
2011-05-24,39.122471
2011-05-25,39.122471
2011-05-26,39.088440
2011-05-27,39.207546
2011-05-31,39.313923
2011-06-01,39.085346
2011-06-02,39.059654
2011-06-03,38.905529
2011-06-06,38.811325
2011-06-07,38.781384
2011-06-08,38.597305
2011-06-09,38.623009
2011-06-10,38.370415
2011-06-13,38.224861
2011-06-14,38.464581
2011-06-15,38.301914
2011-06-16,37.621231
2011-06-17,38.036484
2011-06-20,38.301914
2011-06-21,38.558804
2011-06-22,38.280514
2011-06-23,38.485992
2011-06-24,38.301914
2011-06-27,38.293358
2011-06-28,38.447449
2011-06-29,38.828484
2011-06-30,39.089615
2011-07-01,39.297272
2011-07-05,39.348969
2011-07-06,39.366219
2011-07-07,39.521332
2011-07-08,39.413597
2011-07-11,39.025867
2011-07-12,38.918129
2011-07-13,39.219715
2011-07-14,39.198174
2011-07-15,39.185265
2011-07-18,39.116344
2011-07-19,39.292973
2011-07-20,39.327442
2011-07-21,39.517006
2011-07-22,39.568714
2011-07-25,39.357582
2011-07-26,39.439449
2011-07-27,39.129272
2011-07-28,39.189583
2011-07-29,39.228367
2011-08-01,39.315495
2011-08-02,38.829987
2011-08-03,38.808327
2011-08-04,37.689972
2011-08-05,37.650951
2011-08-08,36.047104
2011-08-09,37.148117
2011-08-10,36.519615
2011-08-11,37.182816
2011-08-12,37.009422
2011-08-15,37.611946
2011-08-16,37.373520
2011-08-17,37.785332
2011-08-18,37.325867
2011-08-19,37.000771
2011-08-22,37.044113
2011-08-23,37.321507
2011-08-24,37.152439
2011-08-25,36.853367
2011-08-26,37.226158
2011-08-29,37.603287
2011-08-30,37.672638
2011-08-31,38.158131
2011-09-01,38.133255
2011-09-02,37.954388
2011-09-06,37.505016
2011-09-07,37.688263
2011-09-08,37.806053
2011-09-09,37.465755
2011-09-12,37.142952
2011-09-13,37.426533
2011-09-14,37.675182
2011-09-15,37.928207
2011-09-16,37.906368
2011-09-19,37.849693
2011-09-20,37.910740
2011-09-21,37.583565
2011-09-22,37.073116
2011-09-23,37.173462
2011-09-26,37.313084
2011-09-27,37.356697
2011-09-28,36.937916
2011-09-29,36.868092
2011-09-30,36.135174
2011-10-03,35.699600
2011-10-04,35.589798
2011-10-05,36.024517
2011-10-06,36.582199
2011-10-07,36.612946
2011-10-10,37.398952
2011-10-11,36.986183
2011-10-12,37.846863
2011-10-13,37.688766
2011-10-14,37.952217
2011-10-17,37.732662
2011-10-18,37.934654
2011-10-19,37.811710
2011-10-20,38.145435
2011-10-21,38.606499
2011-10-24,39.651577
2011-10-25,38.948997
2011-10-26,39.115868
2011-10-27,39.691093
2011-10-28,39.572548
2011-10-31,39.203693
2011-11-01,38.504017
2011-11-02,38.870632
2011-11-03,39.254921
2011-11-04,39.215176
2011-11-07,39.082653
2011-11-08,39.171017
2011-11-09,38.340584
2011-11-10,38.380344
2011-11-11,38.888332
2011-11-14,38.627666
2011-11-15,38.526096
2011-11-16,38.150654
2011-11-17,37.965122
2011-11-18,37.938625
2011-11-21,37.510162
2011-11-22,37.223038
2011-11-23,36.551647
2011-11-25,36.551647
2011-11-28,37.368824
2011-11-29,37.611767
2011-11-30,38.252209
2011-12-01,38.420708
2011-12-02,38.638546
2011-12-05,38.856354
2011-12-06,39.029694
2011-12-07,38.905247
2011-12-08,38.651867
2011-12-09,38.985287
2011-12-12,38.776337
2011-12-13,38.629650
2011-12-14,38.562969
2011-12-15,38.700798
2011-12-16,38.883007
2011-12-19,38.834133
2011-12-20,39.318687
2011-12-21,39.429810
2011-12-22,39.580917
2011-12-23,39.763210
2011-12-27,39.921963
2011-12-28,39.734123
2011-12-29,39.971130
2011-12-30,39.993504
2012-01-03,40.123203
2012-01-04,40.056126
2012-01-05,39.881668
2012-01-06,39.756474
2012-01-09,39.810143
2012-01-10,39.948765
2012-01-11,39.908543
2012-01-12,39.854851
2012-01-13,39.810143
2012-01-17,39.890648
2012-01-18,40.002457
2012-01-19,40.060589
2012-01-20,40.060589
2012-01-23,40.199238
2012-01-24,40.302063
2012-01-25,40.655369
2012-01-26,40.753727
2012-01-27,40.606163
2012-01-30,40.476463
2012-01-31,40.579327
2012-02-01,40.654446
2012-02-02,40.681446
2012-02-03,40.798359
2012-02-06,40.807335
2012-02-07,40.888294
2012-02-08,40.924263
2012-02-09,40.942268
2012-02-10,40.586971
2012-02-13,40.703907
2012-02-14,40.703907
2012-02-15,40.573483
2012-02-16,40.744400
2012-02-17,40.730900
2012-02-21,40.883801
2012-02-22,41.014225
2012-02-23,41.162617
2012-02-24,41.288548
2012-02-27,41.297550
2012-02-28,41.378475
2012-02-29,41.432430
2012-03-01,41.503464
2012-03-02,41.331577
2012-03-05,41.100880
2012-03-06,40.553562
2012-03-07,40.666637
2012-03-08,40.983284
2012-03-09,41.028503
2012-03-12,41.028503
2012-03-13,41.327065
2012-03-14,41.222988
2012-03-15,41.082790
2012-03-16,40.933498
2012-03-19,41.087315
2012-03-20,41.055622
2012-03-21,40.924480
2012-03-22,41.023968
2012-03-23,40.938019
2012-03-26,41.186855
2012-03-27,41.259216
2012-03-28,41.123501
2012-03-29,41.118977
2012-03-30,41.037556
2012-04-02,41.108120
2012-04-03,41.071674
2012-04-04,40.921513
2012-04-05,40.821377
2012-04-09,40.612057
2012-04-10,40.411800
2012-04-11,40.657562
2012-04-12,41.021637
2012-04-13,40.889641
2012-04-16,40.953358
2012-04-17,41.130810
2012-04-18,41.117214
2012-04-19,41.039829
2012-04-20,41.103527
2012-04-23,41.017078
2012-04-24,41.112640
2012-04-25,41.412991
2012-04-26,41.440273
2012-04-27,41.422100
2012-04-30,41.504028
2012-05-01,41.535591
2012-05-02,41.695763
2012-05-03,41.668331
2012-05-04,41.585934
2012-05-07,41.654591
2012-05-08,41.645420
2012-05-09,41.498966
2012-05-10,41.453209
2012-05-11,41.558483
2012-05-14,41.251862
2012-05-15,41.050499
2012-05-16,40.647781
2012-05-17,40.084881
2012-05-18,40.084881
2012-05-21,40.501328
2012-05-22,40.496731
2012-05-23,40.455544
2012-05-24,40.464718
2012-05-25,40.336578
2012-05-29,40.780476
2012-05-30,40.597446
2012-05-31,40.167259
2012-06-01,39.818203
2012-06-04,39.850441
2012-06-05,40.103691
2012-06-06,40.531952
2012-06-07,40.683926
2012-06-08,40.840477
2012-06-11,40.573391
2012-06-12,40.858883
2012-06-13,40.739182
2012-06-14,41.043072
2012-06-15,41.116745
2012-06-18,41.130596
2012-06-19,41.420692
2012-06-20,41.581852
2012-06-21,41.241104
2012-06-22,41.521980
2012-06-25,41.457527
2012-06-26,41.397671
2012-06-27,41.646320
2012-06-28,41.641712
2012-06-29,42.037762
2012-07-02,42.083103
2012-07-03,42.235939
2012-07-05,42.240601
2012-07-06,42.185005
2012-07-09,42.198910
2012-07-10,42.013657
2012-07-11,42.147942
2012-07-12,42.055336
2012-07-13,42.185005
2012-07-16,42.022892
2012-07-17,42.222038
2012-07-18,42.398037
2012-07-19,42.504562
2012-07-20,42.305408
2012-07-23,42.235939
2012-07-24,41.976616
2012-07-25,41.888588
2012-07-26,42.319294
2012-07-27,42.569401
2012-07-30,42.569401
2012-07-31,42.467468
2012-08-01,42.698013
2012-08-02,42.525719
2012-08-03,42.702663
2012-08-06,42.674725
2012-08-07,42.590935
2012-08-08,42.618851
2012-08-09,42.623501
2012-08-10,42.586281
2012-08-13,42.609528
2012-08-14,42.674725
2012-08-15,42.469830
2012-08-16,42.628170
2012-08-17,42.628170
2012-08-20,42.679382
2012-08-21,42.772533
2012-08-22,42.730637
2012-08-23,42.721294
2012-08-24,42.912220
2012-08-27,42.879616
2012-08-28,42.842381
2012-08-29,42.902882
2012-08-30,42.884300
2012-08-31,42.996059
2012-09-04,42.995106
2012-09-05,42.999794
2012-09-06,43.252659
2012-09-07,43.327553
2012-09-10,43.257309
2012-09-11,43.552334
2012-09-12,43.683437
2012-09-13,43.964420
2012-09-14,43.959721
2012-09-17,43.922226
2012-09-18,43.940998
2012-09-19,43.884811
2012-09-20,43.678753
2012-09-21,43.617882
2012-09-24,43.561687
2012-09-25,43.173042
2012-09-26,42.957649
2012-09-27,43.425907
2012-09-28,43.219868
2012-10-01,43.146919
2012-10-02,43.255161
2012-10-03,43.363445
2012-10-04,43.547016
2012-10-05,43.523510
2012-10-08,43.462303
2012-10-09,43.339939
2012-10-10,43.236370
2012-10-11,43.471737
2012-10-12,43.547016
2012-10-15,43.744728
2012-10-16,43.904808
2012-10-17,44.003639
2012-10-18,43.980110
2012-10-19,43.758858
2012-10-22,43.768250
2012-10-23,43.603516
2012-10-24,43.565853
2012-10-25,43.636452
2012-10-26,43.532894
2012-10-31,43.584702
2012-11-01,43.561180
2012-11-02,43.499969
2012-11-05,43.429356
2012-11-06,43.495251
2012-11-07,43.236370
2012-11-08,43.095104
2012-11-09,43.019825
2012-11-12,43.033913
2012-11-13,42.935074
2012-11-14,42.699730
2012-11-15,42.680897
2012-11-16,42.803299
2012-11-19,43.344612
2012-11-20,43.349342
2012-11-21,43.335182
2012-11-23,43.481144
2012-11-26,43.490555
2012-11-27,43.532894
2012-11-28,43.542313
2012-11-29,43.735294
2012-11-30,43.801254
2012-12-03,44.023174
2012-12-04,44.023174
2012-12-05,44.094147
2012-12-06,44.174595
2012-12-07,44.108353
2012-12-10,44.146198
2012-12-11,44.188793
2012-12-12,44.321301
2012-12-13,44.165123
2012-12-14,44.132008
2012-12-17,44.302338
2012-12-18,44.326038
2012-12-19,44.278683
2012-12-20,44.434841
2012-12-21,44.307098
2012-12-24,44.146198
2012-12-26,44.253235
2012-12-27,44.343643
2012-12-28,44.224709
2012-12-31,44.415016
2013-01-02,44.833698
2013-01-03,44.695732
2013-01-04,44.724285
2013-01-07,44.762321
2013-01-08,44.729057
2013-01-09,44.814674
2013-01-10,44.890850
2013-01-11,44.971710
2013-01-14,44.909840
2013-01-15,44.919353
2013-01-16,44.843193
2013-01-17,45.004971
2013-01-18,45.066833
2013-01-22,45.095413
2013-01-23,45.043056
2013-01-24,45.142979
2013-01-25,45.128719
2013-01-28,45.104908
2013-01-29,45.028801
2013-01-30,44.705261
2013-01-31,44.567284
2013-02-01,44.715103
2013-02-04,44.528515
2013-02-05,44.628986
2013-02-06,44.562012
2013-02-07,44.475895
2013-02-08,44.485470
2013-02-11,44.480721
2013-02-12,44.633774
2013-02-13,44.700737
2013-02-14,44.681576
2013-02-15,44.686371
2013-02-19,44.729435
2013-02-20,44.686371
2013-02-21,44.734188
2013-02-22,44.844212
2013-02-25,44.705524
2013-02-26,44.925533
2013-02-27,45.002068
2013-02-28,44.982937
2013-03-01,45.072395
2013-03-04,45.077244
2013-03-05,45.168571
2013-03-06,45.139732
2013-03-07,45.207062
2013-03-08,45.259949
2013-03-11,45.231102
2013-03-12,45.211876
2013-03-13,45.221462
2013-03-14,45.394630
2013-03-15,45.389824
2013-03-18,45.399429
2013-03-19,45.322453
2013-03-20,45.471565
2013-03-21,45.389824
2013-03-22,45.356155
2013-03-25,45.288811
2013-03-26,45.370598
2013-03-27,45.293640
2013-03-28,45.375370
2013-04-01,45.456570
2013-04-02,45.422749
2013-04-03,45.422749
2013-04-04,45.408257
2013-04-05,45.451748
2013-04-08,45.500084
2013-04-09,45.645119
2013-04-10,45.790169
2013-04-11,45.790169
2013-04-12,45.804676
2013-04-15,45.514603
2013-04-16,45.828838
2013-04-17,45.756317
2013-04-18,45.683846
2013-04-19,45.659657
2013-04-22,45.766006
2013-04-23,45.944878
2013-04-24,46.027046
2013-04-25,46.152733
2013-04-26,46.104408
2013-04-29,46.191418
2013-04-30,46.336407
2013-05-01,46.248013
2013-05-02,46.544357
2013-05-03,46.617226
2013-05-06,46.646366
2013-05-07,46.612377
2013-05-08,46.777538
2013-05-09,46.641533
2013-05-10,46.398609
2013-05-13,46.209141
2013-05-14,46.257725
2013-05-15,46.262585
2013-05-16,46.374348
2013-05-17,46.374348
2013-05-20,46.422894
2013-05-21,46.510345
2013-05-22,46.223740
2013-05-23,46.097393
2013-05-24,46.010017
2013-05-28,45.839935
2013-05-29,45.655361
2013-05-30,45.747650
2013-05-31,45.140381
2013-06-03,45.100864
2013-06-04,45.100864
2013-06-05,44.710175
2013-06-06,45.061802
2013-06-07,45.091080
2013-06-10,44.998295
2013-06-11,44.719975
2013-06-12,44.754162
2013-06-13,45.266872
2013-06-14,45.320595
2013-06-17,45.315723
2013-06-18,45.428028
2013-06-19,44.749271
2013-06-20,44.309784
2013-06-21,44.021690
2013-06-24,43.479660
2013-06-25,44.099800
2013-06-26,44.466034
2013-06-27,44.680893
2013-06-28,44.378151
2013-07-01,44.618679
2013-07-02,44.481216
2013-07-03,44.584324
2013-07-05,44.108124
2013-07-08,44.716881
2013-07-09,44.741425
2013-07-10,44.918121
2013-07-11,45.482708
2013-07-12,45.438484
2013-07-15,45.629932
2013-07-16,45.517044
2013-07-17,45.850887
2013-07-18,46.125793
2013-07-19,46.096317
2013-07-22,46.130707
2013-07-23,46.017799
2013-07-24,45.629932
2013-07-25,45.526863
2013-07-26,45.546505
2013-07-29,45.448318
2013-07-30,45.512135
2013-07-31,45.644695
2013-08-01,45.212055
2013-08-02,45.488308
2013-08-05,45.256447
2013-08-06,45.212055
2013-08-07,45.068974
2013-08-08,45.167652
2013-08-09,45.172573
2013-08-12,45.133144
2013-08-13,45.133144
2013-08-14,45.044338
2013-08-15,44.812462
2013-08-16,44.659531
2013-08-19,44.363556
2013-08-20,44.772995
2013-08-21,44.610214
2013-08-22,44.851940
2013-08-23,45.039387
2013-08-26,45.044338
2013-08-27,44.753300
2013-08-28,44.920994
2013-08-29,45.103539
2013-08-30,45.064072
2013-09-03,44.826019
2013-09-04,44.994633
2013-09-05,44.766491
2013-09-06,44.915249
2013-09-09,45.029327
2013-09-10,45.188061
2013-09-11,45.247540
2013-09-12,45.192982
2013-09-13,45.158268
2013-09-16,45.406235
2013-09-17,45.555008
2013-09-18,45.991444
2013-09-19,45.857529
2013-09-20,45.802963
2013-09-23,45.798016
2013-09-24,45.698837
2013-09-25,45.619488
2013-09-26,45.594696
2013-09-27,45.545090
2013-09-30,45.416168
2013-10-01,45.612988
2013-10-02,45.632938
2013-10-03,45.662830
2013-10-04,45.742584
2013-10-07,45.622955
2013-10-08,45.603058
2013-10-09,45.642902
2013-10-10,45.852207
2013-10-11,45.936924
2013-10-14,46.006695
2013-10-15,45.991714
2013-10-16,46.235909
2013-10-17,46.460182
2013-10-18,46.554840
2013-10-21,46.450222
2013-10-22,46.589733
2013-10-23,46.629616
2013-10-24,46.644569
2013-10-25,46.659504
2013-10-28,46.649544
2013-10-29,46.724293
2013-10-30,46.534924
2013-10-31,46.559841
2013-11-01,46.479698
2013-11-04,46.559841
2013-11-05,46.434647
2013-11-06,46.569862
2013-11-07,46.599888
2013-11-08,46.519802
2013-11-11,46.344532
2013-11-12,46.279411
2013-11-13,46.454689
2013-11-14,46.589905
2013-11-15,46.660019
2013-11-18,46.524807
2013-11-19,46.504772
2013-11-20,46.459682
2013-11-21,46.619930
2013-11-22,46.654999
2013-11-25,46.725101
2013-11-26,46.760151
2013-11-27,46.730125
2013-11-29,46.780170
2013-12-02,46.795273
2013-12-03,46.749992
2013-12-04,46.629230
2013-12-05,46.594009
2013-12-06,46.724827
2013-12-09,46.895885
2013-12-10,46.895885
2013-12-11,46.755001
2013-12-12,46.669464
2013-12-13,46.744965
2013-12-16,46.785213
2013-12-17,46.790222
2013-12-18,46.870739
2013-12-19,46.820438
2013-12-20,46.850601
2013-12-23,46.885864
2013-12-24,46.860680
2013-12-26,46.904655
2013-12-27,46.899647
2013-12-30,46.940075
2013-12-31,46.970421
2014-01-02,47.051365
2014-01-03,47.036182
2014-01-06,47.137295
2014-01-07,47.137295
2014-01-08,47.106945
2014-01-09,47.177750
2014-01-10,47.319359
2014-01-13,47.268784
2014-01-14,47.339592
2014-01-15,47.435680
2014-01-16,47.415451
2014-01-17,47.425575
2014-01-21,47.486233
2014-01-22,47.415451
2014-01-23,47.354786
2014-01-24,47.041248
2014-01-27,47.026054
2014-01-28,47.233402
2014-01-29,47.091785
2014-01-30,47.172707
2014-01-31,47.157555
2014-02-03,47.016254
2014-02-04,47.072182
2014-02-05,47.072182
2014-02-06,47.239876
2014-02-07,47.478733
2014-02-10,47.509216
2014-02-11,47.590553
2014-02-12,47.514305
2014-02-13,47.651520
2014-02-14,47.727749
2014-02-18,47.793800
2014-02-19,47.671856
2014-02-20,47.819256
2014-02-21,47.859890
2014-02-24,47.966640
2014-02-25,48.022526
2014-02-26,48.103851
2014-02-27,48.195343
2014-02-28,48.246166
2014-03-03,48.201744
2014-03-04,48.375351
2014-03-05,48.288555
2014-03-06,48.217041
2014-03-07,48.033184
2014-03-10,48.038303
2014-03-11,47.987221
2014-03-12,48.068954
2014-03-13,47.941261
2014-03-14,47.905506
2014-03-17,47.971912
2014-03-18,48.114922
2014-03-19,47.869774
2014-03-20,48.033184
2014-03-21,48.002533
2014-03-24,48.017891
2014-03-25,48.114922
2014-03-26,48.125107
2014-03-27,48.053623
2014-03-28,48.135349
2014-03-31,48.206837
2014-04-01,48.296654
2014-04-02,48.245342
2014-04-03,48.265873
2014-04-04,48.378742
2014-04-07,48.276112
2014-04-08,48.389000
2014-04-09,48.465988
2014-04-10,48.327412
2014-04-11,48.122192
2014-04-14,48.276112
2014-04-15,48.327412
2014-04-16,48.353069
2014-04-17,48.296654
2014-04-21,48.296654
2014-04-22,48.347939
2014-04-23,48.363342
2014-04-24,48.373573
2014-04-25,48.358246
2014-04-28,48.347939
2014-04-29,48.419777
2014-04-30,48.409519
2014-05-01,48.359543
2014-05-02,48.472919
2014-05-05,48.452320
2014-05-06,48.462620
2014-05-07,48.534782
2014-05-08,48.524464
2014-05-09,48.570869
2014-05-12,48.622421
2014-05-13,48.699718
2014-05-14,48.725491
2014-05-15,48.679115
2014-05-16,48.777031
2014-05-19,48.849171
2014-05-20,48.787354
2014-05-21,48.782181
2014-05-22,48.818245
2014-05-23,48.833721
2014-05-27,48.880116
2014-05-28,48.895576
2014-05-29,48.941971
2014-05-30,48.993534
2014-06-02,48.837711
2014-06-03,48.842857
2014-06-04,48.842857
2014-06-05,48.961945
2014-06-06,49.101738
2014-06-09,49.158695
2014-06-10,49.132809
2014-06-11,49.138016
2014-06-12,49.106922
2014-06-13,49.163864
2014-06-16,49.138016
2014-06-17,49.101738
2014-06-18,49.324406
2014-06-19,49.314072
2014-06-20,49.360649
2014-06-23,49.355434
2014-06-24,49.314072
2014-06-25,49.386532
2014-06-26,49.334743
2014-06-27,49.334743
2014-06-30,49.293316
2014-07-01,49.306339
2014-07-02,49.337543
2014-07-03,49.264755
2014-07-07,49.228306
2014-07-08,49.238712
2014-07-09,49.202320
2014-07-10,49.051525
2014-07-11,49.134701
2014-07-14,49.119102
2014-07-15,49.041126
2014-07-16,48.963104
2014-07-17,48.619827
2014-07-18,48.822681
2014-07-21,48.739471
2014-07-22,48.807072
2014-07-23,48.900681
2014-07-24,48.989086
2014-07-25,48.905872
2014-07-28,48.760273
2014-07-29,48.692680
2014-07-30,48.489857
2014-07-31,48.094597
2014-08-01,48.089886
2014-08-04,48.382488
2014-08-05,48.288441
2014-08-06,48.403393
2014-08-07,48.434723
2014-08-08,48.586235
2014-08-11,48.816162
2014-08-12,48.805737
2014-08-13,48.946739
2014-08-14,49.040840
2014-08-15,49.140072
2014-08-18,49.281200
2014-08-19,49.265511
2014-08-20,49.302055
2014-08-21,49.302055
2014-08-22,49.181892
2014-08-25,49.286404
2014-08-26,49.322975
2014-08-27,49.275951
2014-08-28,49.202812
2014-08-29,49.239403
2014-09-02,49.297108
2014-09-03,49.171112
2014-09-04,49.008427
2014-09-05,48.950703
2014-09-08,48.903427
2014-09-09,48.677784
2014-09-10,48.698742
2014-09-11,48.698742
2014-09-12,48.641010
2014-09-15,48.551765
2014-09-16,48.651501
2014-09-17,48.808941
2014-09-18,48.824741
2014-09-19,48.898190
2014-09-22,48.808941
2014-09-23,48.562267
2014-09-24,48.415337
2014-09-25,48.084610
2014-09-26,48.053112
2014-09-29,47.953438
2014-09-30,48.263100
2014-10-01,48.316330
2014-10-02,48.411224
2014-10-03,48.574619
2014-10-06,48.627354
2014-10-07,48.442856
2014-10-08,48.674786
2014-10-09,48.158222
2014-10-10,47.768120
2014-10-13,47.530899
2014-10-14,47.689079
2014-10-15,47.699562
2014-10-16,47.968414
2014-10-17,48.374332
2014-10-20,48.722225
2014-10-21,49.117611
2014-10-22,48.796028
2014-10-23,48.774948
2014-10-24,48.912014
2014-10-27,48.711700
2014-10-28,48.790737
2014-10-29,48.753872
2014-10-30,48.732754
2014-10-31,48.774948
2014-11-03,48.877628
2014-11-04,48.724121
2014-11-05,48.713524
2014-11-06,48.840591
2014-11-07,48.888229
2014-11-10,48.909389
2014-11-11,49.020596
2014-11-12,48.861732
2014-11-13,48.660568
2014-11-14,48.417034
2014-11-17,48.411751
2014-11-18,48.316460
2014-11-19,48.305859
2014-11-20,48.311146
2014-11-21,48.575855
2014-11-24,48.570541
2014-11-25,48.649994
2014-11-26,48.713524
2014-11-28,48.247608
2014-12-01,47.762012
2014-12-02,48.022640
2014-12-03,48.102425
2014-12-04,48.070499
2014-12-05,48.033257
2014-12-08,47.788616
2014-12-09,47.762012
2014-12-10,47.214188
2014-12-11,47.043972
2014-12-12,46.405731
2014-12-15,46.379150
2014-12-16,46.214245
2014-12-17,47.155685
2014-12-18,47.533310
2014-12-19,47.990723
2014-12-22,47.873714
2014-12-23,48.043903
2014-12-24,48.207355
2014-12-26,48.057781
2014-12-29,48.084518
2014-12-30,47.988377
2014-12-31,47.860180
2015-01-02,47.860180
2015-01-05,47.416809
2015-01-06,47.235210
2015-01-07,47.528980
2015-01-08,47.886860
2015-01-09,48.127254
2015-01-12,48.068481
2015-01-13,48.068481
2015-01-14,47.956303
2015-01-15,47.662521
2015-01-16,47.844128
2015-01-20,47.758648
2015-01-21,48.015079
2015-01-22,48.079170
2015-01-23,48.079170
2015-01-26,48.298172
2015-01-27,48.260784
2015-01-28,48.159279
2015-01-29,48.330215
2015-01-30,48.196671
2015-02-02,48.381721
2015-02-03,48.655243
2015-02-04,48.451466
2015-02-05,48.735680
2015-02-06,48.773209
2015-02-09,48.655243
2015-02-10,48.821499
2015-02-11,48.805428
2015-02-12,48.800060
2015-02-13,48.869755
2015-02-17,48.837570
2015-02-18,49.003838
2015-02-19,48.891224
2015-02-20,49.025295
2015-02-23,49.062828
2015-02-24,49.111107
2015-02-25,49.271980
2015-02-26,49.261280
2015-02-27,49.271980
2015-03-02,49.262856
2015-03-03,49.122807
2015-03-04,49.031258
2015-03-05,49.122807
2015-03-06,48.810413
2015-03-09,48.708057
2015-03-10,48.519539
2015-03-11,48.654182
2015-03-12,48.751156
2015-03-13,48.584175
2015-03-16,48.535721
2015-03-17,48.293320
2015-03-18,48.724205
2015-03-19,48.336395
2015-03-20,48.713455
2015-03-23,48.751156
2015-03-24,48.826591
2015-03-25,48.697308
2015-03-26,48.691914
2015-03-27,48.729603
2015-03-30,48.864277
2015-03-31,48.805031
2015-04-01,48.905617
2015-04-02,48.943508
2015-04-06,49.067966
2015-04-07,49.327652
2015-04-08,49.316845
2015-04-09,49.268154
2015-04-10,49.381756
2015-04-13,49.289783
2015-04-14,49.311443
2015-04-15,49.506222
2015-04-16,49.403416
2015-04-17,49.251945
2015-04-20,49.360115
2015-04-21,49.392574
2015-04-22,49.343903
2015-04-23,49.327652
2015-04-24,49.408817
2015-04-27,49.425064
2015-04-28,49.349297
2015-04-29,49.257328
2015-04-30,49.230286
2015-05-01,49.340042
2015-05-04,49.329174
2015-05-05,49.264008
2015-05-06,49.117241
2015-05-07,49.111805
2015-05-08,49.497643
2015-05-11,49.187904
2015-05-12,49.182449
2015-05-13,49.111805
2015-05-14,49.350922
2015-05-15,49.459629
2015-05-18,49.378113
2015-05-19,49.302032
2015-05-20,49.242260
2015-05-21,49.312901
2015-05-22,49.350922
2015-05-26,49.247684
2015-05-27,49.356373
2015-05-28,49.334633
2015-05-29,49.405277
2015-06-01,49.488228
2015-06-02,49.395454
2015-06-03,49.127995
2015-06-04,48.969650
2015-06-05,48.822292
2015-06-08,48.822292
2015-06-09,48.740402
2015-06-10,48.805897
2015-06-11,48.904182
2015-06-12,48.724030
2015-06-15,48.494774
2015-06-16,48.767704
2015-06-17,48.724030
2015-06-18,48.904182
2015-06-19,48.931477
2015-06-22,49.029728
2015-06-23,48.996948
2015-06-24,48.865955
2015-06-25,48.718578
2015-06-26,48.576637
2015-06-29,48.243664
2015-06-30,48.472927
2015-07-01,48.481171
2015-07-02,48.662083
2015-07-06,48.503086
2015-07-07,48.541504
2015-07-08,48.300201
2015-07-09,48.409870
2015-07-10,48.689503
2015-07-13,48.733356
2015-07-14,48.684040
2015-07-15,48.684040
2015-07-16,48.760777
2015-07-17,48.629185
2015-07-20,48.404392
2015-07-21,48.316666
2015-07-22,48.004139
2015-07-23,47.976723
2015-07-24,47.839642
2015-07-27,47.636742
2015-07-28,47.894447
2015-07-29,48.174072
2015-07-30,48.316666
2015-07-31,48.234413
2015-08-03,48.144100
2015-08-04,48.171616
2015-08-05,48.105534
2015-08-06,47.907223
2015-08-07,47.758533
2015-08-10,47.896233
2015-08-11,47.675922
2015-08-12,47.609818
2015-08-13,47.549229
2015-08-14,47.576752
2015-08-17,47.576752
2015-08-18,47.516174
2015-08-19,47.472137
2015-08-20,47.240765
2015-08-21,47.070049
2015-08-24,46.684483
2015-08-25,46.778145
2015-08-26,47.169220
2015-08-27,47.521683
2015-08-28,47.565769
2015-08-31,47.499672
2015-09-01,47.346416
2015-09-02,47.540073
2015-09-03,47.606441
2015-09-04,47.556679
2015-09-08,47.816681
2015-09-09,47.755821
2015-09-10,47.871994
2015-09-11,47.855392
2015-09-14,47.772415
2015-09-15,47.761349
2015-09-16,47.589836
2015-09-17,47.628563
2015-09-18,47.495785
2015-09-21,47.407288
2015-09-22,47.064255
2015-09-23,46.981270
2015-09-24,46.748940
2015-09-25,46.511040
2015-09-28,45.797329
2015-09-29,45.791821
2015-09-30,46.079479
2015-10-01,45.783749
2015-10-02,45.828239
2015-10-05,46.378582
2015-10-06,46.634277
2015-10-07,47.112373
2015-10-08,47.306915
2015-10-09,47.312466
2015-10-12,47.223545
2015-10-13,47.112373
2015-10-14,47.078983
2015-10-15,47.190186
2015-10-16,47.406960
2015-10-19,47.534821
2015-10-20,47.579338
2015-10-21,47.529285
2015-10-22,47.545940
2015-10-23,47.712700
2015-10-26,47.662704
2015-10-27,47.507053
2015-10-28,47.634911
2015-10-29,47.512623
2015-10-30,47.568218
2015-11-02,47.715607
2015-11-03,47.765869
2015-11-04,47.626247
2015-11-05,47.441982
2015-11-06,47.213017
2015-11-09,47.017551
2015-11-10,46.911434
2015-11-11,46.799728
2015-11-12,46.487000
2015-11-13,46.352966
2015-11-16,46.570763
2015-11-17,46.604286
2015-11-18,46.693634
2015-11-19,46.274773
2015-11-20,46.263603
2015-11-23,46.224525
2015-11-24,46.285927
2015-11-25,46.336197
2015-11-27,46.408817
2015-11-30,46.380890
2015-12-01,46.710827
2015-12-02,46.615452
2015-12-03,46.491985
2015-12-04,46.385380
2015-12-07,46.059910
2015-12-08,45.487522
2015-12-09,45.723217
2015-12-10,45.532402
2015-12-11,44.623325
2015-12-14,44.236130
2015-12-15,44.959999
2015-12-16,45.302322
2015-12-17,44.797291
2015-12-18,44.628963
2015-12-21,44.488670
2015-12-22,45.027370
2015-12-23,45.313568
2015-12-24,45.406075
2015-12-28,45.135300
2015-12-29,45.394794
2015-12-30,45.428661
2015-12-31,45.456867
2016-01-04,45.186077
2016-01-05,45.270687
2016-01-06,45.270687
2016-01-07,44.977352
2016-01-08,44.858868
2016-01-11,44.791187
2016-01-12,44.836311
2016-01-13,44.339870
2016-01-14,44.537308
2016-01-15,43.950626
2016-01-19,43.798317
2016-01-20,43.505001
2016-01-21,43.798317
2016-01-22,44.469627
2016-01-25,44.029617
2016-01-26,44.424511
2016-01-27,44.356796
2016-01-28,44.582462
2016-01-29,44.729126
2016-02-01,44.463234
2016-02-02,44.145779
2016-02-03,44.361198
2016-02-04,44.219467
2016-02-05,43.879314
2016-02-08,43.369122
2016-02-09,43.204697
2016-02-10,43.142334
2016-02-11,42.853222
2016-02-12,43.493816
2016-02-16,43.533508
2016-02-17,43.890675
2016-02-18,43.930313
2016-02-19,44.015392
2016-02-22,44.395206
2016-02-23,44.304523
2016-02-24,44.378220
2016-02-25,44.616310
2016-02-26,44.916779
2016-02-29,45.398651
2016-03-01,46.116158
2016-03-02,45.802731
2016-03-03,45.956573
2016-03-04,46.087673
2016-03-07,46.144646
2016-03-08,45.819824
2016-03-09,45.933819
2016-03-10,46.252941
2016-03-11,46.811432
2016-03-14,46.680370
2016-03-15,46.247211
2016-03-16,46.554985
2016-03-17,46.851330
2016-03-18,46.959614
2016-03-21,46.908325
2016-03-22,46.782951
2016-03-23,46.566364
2016-03-24,46.361248
2016-03-28,46.150352
2016-03-29,46.327026
2016-03-30,46.492290
2016-03-31,46.554985
2016-04-01,46.588772
2016-04-04,46.474251
2016-04-05,46.302483
2016-04-06,46.691814
2016-04-07,46.462803
2016-04-08,46.674625
2016-04-11,46.737648
2016-04-12,47.012455
2016-04-13,47.321655
2016-04-14,47.304462
2016-04-15,47.230030
2016-04-18,47.499138
2016-04-19,47.699497
2016-04-20,47.791111
2016-04-21,47.642265
2016-04-22,47.751057
2016-04-25,47.567825
2016-04-26,47.728149
2016-04-27,48.008724
2016-04-28,47.928551
2016-04-29,48.008724
2016-05-02,48.027081
2016-05-03,47.716541
2016-05-04,47.538185
2016-05-05,47.497963
2016-05-06,47.469170
2016-05-09,47.382889
2016-05-10,47.785542
2016-05-11,47.751030
2016-05-12,47.825798
2016-05-13,47.612965
2016-05-16,47.877544
2016-05-17,47.779762
2016-05-18,47.785542
2016-05-19,47.653259
2016-05-20,47.820042
2016-05-23,47.831543
2016-05-24,48.119129
2016-05-25,48.193893
2016-05-26,48.055878
2016-05-27,48.136410
2016-05-31,48.090374
2016-06-01,48.166637
2016-06-02,48.178249
2016-06-03,48.264912
2016-06-06,48.478752
2016-06-07,48.692581
2016-06-08,48.877563
2016-06-09,48.686813
2016-06-10,48.449856
2016-06-13,48.126202
2016-06-14,47.964394
2016-06-15,47.987511
2016-06-16,48.016415
2016-06-17,48.045296
2016-06-20,48.328476
2016-06-21,48.513451
2016-06-22,48.559635
2016-06-23,48.917992
2016-06-24,48.114639
2016-06-27,47.421112
2016-06-28,48.016415
2016-06-29,48.623249
2016-06-30,48.952690
2016-07-01,49.049667
2016-07-05,48.770954
2016-07-06,48.985786
2016-07-07,49.049667
2016-07-08,49.700020
2016-07-11,49.729027
2016-07-12,49.868401
2016-07-13,49.723236
2016-07-14,49.821953
2016-07-15,49.723236
2016-07-18,49.891632
2016-07-19,49.758087
2016-07-20,49.885849
2016-07-21,49.816143
2016-07-22,50.036804
2016-07-25,49.798744
2016-07-26,49.607101
2016-07-27,49.758087
2016-07-28,49.549049
2016-07-29,49.595478
2016-08-01,49.317253
2016-08-02,49.247280
2016-08-03,49.468906
2016-08-04,49.783897
2016-08-05,49.894703
2016-08-08,50.098869
2016-08-09,50.273834
2016-08-10,50.180496
2016-08-11,50.303017
2016-08-12,50.343845
2016-08-15,50.495514
2016-08-16,50.390511
2016-08-17,50.460506
2016-08-18,50.658840
2016-08-19,50.507175
2016-08-22,50.425522
2016-08-23,50.594673
2016-08-24,50.454700
2016-08-25,50.548027
2016-08-26,50.489677
2016-08-29,50.740513
2016-08-30,50.769646
2016-08-31,50.571335
2016-09-01,50.671528
2016-09-02,50.905796
2016-09-06,50.964420
2016-09-07,50.823818
2016-09-08,50.730087
2016-09-09,50.243866
2016-09-12,50.419621
2016-09-13,50.032982
2016-09-14,50.021236
2016-09-15,50.314167
2016-09-16,50.325897
2016-09-19,50.355179
2016-09-20,50.296600
2016-09-21,50.712521
2016-09-22,50.882385
2016-09-23,50.823818
2016-09-26,50.601196
2016-09-27,50.747677
2016-09-28,51.087425
2016-09-29,50.894096
2016-09-30,51.116718
2016-10-03,51.084927
2016-10-04,50.996670
2016-10-05,51.132030
2016-10-06,51.161434
2016-10-07,51.279099
2016-10-10,51.426224
2016-10-11,51.137901
2016-10-12,51.120228
2016-10-13,50.990810
2016-10-14,51.108479
2016-10-17,51.037853
2016-10-18,51.243816
2016-10-19,51.390888
2016-10-20,51.396782
2016-10-21,51.408546
2016-10-24,51.437950
2016-10-25,51.408546
2016-10-26,51.202637
2016-10-27,51.014328
2016-10-28,50.767185
2016-10-31,50.614197
2016-11-01,50.416813
2016-11-02,50.192196
2016-11-03,50.204037
2016-11-04,50.227661
2016-11-07,50.931011
2016-11-08,50.818737
2016-11-09,50.464096
2016-11-10,49.802135
2016-11-11,49.335178
2016-11-14,49.701637
2016-11-15,50.357735
2016-11-16,50.156734
2016-11-17,50.020809
2016-11-18,50.020809
2016-11-21,50.422703
2016-11-22,50.795082
2016-11-23,50.605965
2016-11-25,50.670952
2016-11-28,50.665062
2016-11-29,50.600029
2016-11-30,50.623661
2016-12-01,50.386806
2016-12-02,50.689571
2016-12-05,50.820175
2016-12-06,51.075470
2016-12-07,51.330746
2016-12-08,51.324833
2016-12-09,51.348576
2016-12-12,51.277348
2016-12-13,51.402020
2016-12-14,51.016106
2016-12-15,51.039856
2016-12-16,51.087372
2016-12-19,51.217949
2016-12-20,51.289204
2016-12-21,51.378273
2016-12-22,51.489056
2016-12-23,51.584366
2016-12-27,51.536724
2016-12-28,51.465218
2016-12-29,51.536724
2016-12-30,51.554569
2017-01-03,51.769009
2017-01-04,52.048954
2017-01-05,51.971554
2017-01-06,51.959618
2017-01-09,51.947685
2017-01-10,51.953674
2017-01-11,51.983463
2017-01-12,51.995342
2017-01-13,52.013226
2017-01-17,51.959618
2017-01-18,52.007282
2017-01-19,51.840508
2017-01-20,51.941734
2017-01-23,51.941734
2017-01-24,51.977505
2017-01-25,52.162140
2017-01-26,52.138306
2017-01-27,52.185978
2017-01-30,52.078762
2017-01-31,52.025124
2017-02-01,52.217804
2017-02-02,52.247711
2017-02-03,52.337448
2017-02-06,52.301537
2017-02-07,52.223774
2017-02-08,52.259666
2017-02-09,52.331455
2017-02-10,52.367329
2017-02-13,52.445148
2017-02-14,52.481030
2017-02-15,52.498978
2017-02-16,52.457108
2017-02-17,52.510941
2017-02-21,52.684479
2017-02-22,52.708412
2017-02-23,52.756256
2017-02-24,52.798134
2017-02-27,52.863922
2017-02-28,52.822029
2017-03-01,53.016735
2017-03-02,52.848476
2017-03-03,52.872543
2017-03-06,52.704288
2017-03-07,52.361759
2017-03-08,52.013245
2017-03-09,51.875046
2017-03-10,51.857018
2017-03-13,51.899094
2017-03-14,51.742844
2017-03-15,52.457916
2017-03-16,52.307705
2017-03-17,52.325699
2017-03-20,52.223583
2017-03-21,51.851032
2017-03-22,51.977192
2017-03-23,51.995228
2017-03-24,52.175503
2017-03-27,52.121410
2017-03-28,52.409863
2017-03-29,52.518005
2017-03-30,52.764370
2017-03-31,52.746326
2017-04-03,52.717995
2017-04-04,52.736053
2017-04-05,52.693844
2017-04-06,52.760216
2017-04-07,52.736053
2017-04-10,52.808521
2017-04-11,52.705883
2017-04-12,52.742126
2017-04-13,52.633503
2017-04-17,52.790382
2017-04-18,52.778320
2017-04-19,52.730068
2017-04-20,52.905052
2017-04-21,52.862823
2017-04-24,53.110237
2017-04-25,53.206783
2017-04-26,53.158497
2017-04-27,53.194717
2017-04-28,53.176605
2017-05-01,53.203907
2017-05-02,53.222057
2017-05-03,53.270527
2017-05-04,52.985695
2017-05-05,53.076622
2017-05-08,53.137192
2017-05-09,53.100861
2017-05-10,53.331127
2017-05-11,53.337212
2017-05-12,53.319023
2017-05-15,53.440243
2017-05-16,53.519032
2017-05-17,53.282669
2017-05-18,53.343269
2017-05-19,53.440243
2017-05-22,53.603882
2017-05-23,53.597797
2017-05-24,53.688709
2017-05-25,53.646286
2017-05-26,53.676590
2017-05-30,53.731133
2017-05-31,53.725071
2017-06-01,53.881474
2017-06-02,53.911922
2017-06-05,53.863232
2017-06-06,53.778023
2017-06-07,53.668465
2017-06-08,53.711040
2017-06-09,53.753708
2017-06-12,53.844952
2017-06-13,53.942341
2017-06-14,53.948421
2017-06-15,53.741508
2017-06-16,53.650215
2017-06-19,53.814522
2017-06-20,53.625877
2017-06-21,53.315475
2017-06-22,53.461548
2017-06-23,53.680641
2017-06-26,53.753708
2017-06-27,53.583267
2017-06-28,53.802357
2017-06-29,53.668465
2017-06-30,53.796314
2017-07-03,53.769985
2017-07-05,53.727192
2017-07-06,53.592728
2017-07-07,53.543850
2017-07-10,53.604954
2017-07-11,53.568291
2017-07-12,53.916679
2017-07-13,53.959488
2017-07-14,54.112286
2017-07-17,54.130596
2017-07-18,54.155087
2017-07-19,54.246750
2017-07-20,54.277302
2017-07-21,54.234524
2017-07-24,54.277302
2017-07-25,54.301788
2017-07-26,54.381226
2017-07-27,54.338490
2017-07-28,54.344559
2017-07-31,54.344559
2017-08-01,54.398544
2017-08-02,54.410828
2017-08-03,54.306519
2017-08-04,54.318775
2017-08-07,54.294220
2017-08-08,54.060974
2017-08-09,53.852291
2017-08-10,53.508579
2017-08-11,53.600674
2017-08-14,53.882992
2017-08-15,53.901417
2017-08-16,53.907543
2017-08-17,53.606796
2017-08-18,53.686577
2017-08-21,53.741848
2017-08-22,53.962769
2017-08-23,53.968937
2017-08-24,54.048698
2017-08-25,54.146946
2017-08-28,54.153030
2017-08-29,54.085541
2017-08-30,54.232838
2017-08-31,54.380157
2017-09-01,54.435616
2017-09-05,54.312359
2017-09-06,54.275375
2017-09-07,54.281548
2017-09-08,54.108959
2017-09-11,54.281548
2017-09-12,54.349350
2017-09-13,54.367790
2017-09-14,54.441776
2017-09-15,54.491104
2017-09-18,54.466446
2017-09-19,54.521900
2017-09-20,54.515770
2017-09-21,54.447926
2017-09-22,54.503407
2017-09-25,54.534256
2017-09-26,54.602047
2017-09-27,54.626678
2017-09-28,54.626678
2017-09-29,54.706806
2017-10-02,54.678944
2017-10-03,54.777996
2017-10-04,54.722298
2017-10-05,54.790371
2017-10-06,54.709923
2017-10-09,54.716103
2017-10-10,54.759434
2017-10-11,54.703712
2017-10-12,54.641834
2017-10-13,54.666580
2017-10-16,54.697533
2017-10-17,54.777996
2017-10-18,54.833683
2017-10-19,54.839890
2017-10-20,54.889381
2017-10-23,54.827503
2017-10-24,54.827503
2017-10-25,54.672756
2017-10-26,54.604683
2017-10-27,54.753208
2017-10-30,54.740883
2017-10-31,54.753208
2017-11-01,54.701031
2017-11-02,54.669937
2017-11-03,54.676182
2017-11-06,54.682388
2017-11-07,54.526993
2017-11-08,54.284637
2017-11-09,54.017460
2017-11-10,54.135479
2017-11-13,54.098206
2017-11-14,53.868290
2017-11-15,53.868290
2017-11-16,54.396511
2017-11-17,54.359234
2017-11-20,54.371658
2017-11-21,54.483524
2017-11-22,54.570507
2017-11-24,54.607815
2017-11-27,54.440025
2017-11-28,54.607815
2017-11-29,54.539463
2017-11-30,54.551849
2017-12-01,54.534428
2017-12-04,54.515694
2017-12-05,54.484486
2017-12-06,54.434559
2017-12-07,54.459522
2017-12-08,54.515694
2017-12-11,54.528168
2017-12-12,54.503181
2017-12-13,54.534428
2017-12-14,54.422085
2017-12-15,54.428314
2017-12-18,54.484486
2017-12-19,54.372128
2017-12-20,54.415848
2017-12-21,54.472824
2017-12-22,54.523006
2017-12-26,54.604496
2017-12-27,54.629482
2017-12-28,54.604496
2017-12-29,54.685928
2018-01-02,54.736061
2018-01-03,54.999279
2018-01-04,55.093292
2018-01-05,55.130882
2018-01-08,55.087029
2018-01-09,54.917820
2018-01-10,54.798744
2018-01-11,54.980492
2018-01-12,54.886459
2018-01-16,54.855148
2018-01-17,54.861412
2018-01-18,54.805016
2018-01-19,54.861412
2018-01-22,54.911572
2018-01-23,55.074490
2018-01-24,54.993019
2018-01-25,54.955399
2018-01-26,54.999279
2018-01-29,54.805016
2018-01-30,54.616982
2018-01-31,54.710991
2018-02-01,54.607780
2018-02-02,54.261646
2018-02-05,53.959583
2018-02-06,54.286831
2018-02-07,54.085464
2018-02-08,53.613411
2018-02-09,53.462379
2018-02-12,53.827412
2018-02-13,53.657467
2018-02-14,53.751896
2018-02-15,54.186131
2018-02-16,54.406380
2018-02-20,54.217602
2018-02-21,53.972160
2018-02-22,54.009911
2018-02-23,54.368622
2018-02-26,54.463028
2018-02-27,54.318279
2018-02-28,54.236481
2018-03-01,53.876945
2018-03-02,54.180233
2018-03-05,54.180233
2018-03-06,54.256100
2018-03-07,54.123363
2018-03-08,54.186569
2018-03-09,54.382439
2018-03-12,54.293991
2018-03-13,54.123363
2018-03-14,54.060207
2018-03-15,54.098087
2018-03-16,54.211830
2018-03-19,53.990688
2018-03-20,54.098087
2018-03-21,54.117065
2018-03-22,53.794827
2018-03-23,53.655804
2018-03-26,54.003300
2018-03-27,53.952770
2018-03-28,53.927521
2018-03-29,54.110756
2018-04-02,53.900757
2018-04-03,54.053024
2018-04-04,54.173534
2018-04-05,54.217934
2018-04-06,54.097412
2018-04-09,54.300404
2018-04-10,54.497093
2018-04-11,54.516151
2018-04-12,54.712811
2018-04-13,54.744530
2018-04-16,54.827007
2018-04-17,54.852383
2018-04-18,54.795261
2018-04-19,54.623985
2018-04-20,54.490753
2018-04-23,54.344845
2018-04-24,54.236992
2018-04-25,54.243340
2018-04-26,54.433681
2018-04-27,54.408298
2018-04-30,54.370235
2018-05-01,54.410366
2018-05-02,54.391228
2018-05-03,54.384865
2018-05-04,54.423100
2018-05-07,54.474091
2018-05-08,54.391228
2018-05-09,54.480465
2018-05-10,54.639732
2018-05-11,54.620609
2018-05-14,54.633350
2018-05-15,54.365753
2018-05-16,54.435856
2018-05-17,54.467712
2018-05-18,54.410366
2018-05-21,54.486813
2018-05-22,54.525051
2018-05-23,54.569641
2018-05-24,54.601486
2018-05-25,54.512287
2018-05-29,54.282928
2018-05-30,54.448578
2018-05-31,54.397629
2018-06-01,54.521770
2018-06-04,54.636971
2018-06-05,54.700977
2018-06-06,54.835377
2018-06-07,54.854572
2018-06-08,54.822586
2018-06-11,54.924965
2018-06-12,54.969784
2018-06-13,54.988968
2018-06-14,55.149025
2018-06-15,55.116989
2018-06-18,55.110569
2018-06-19,55.033779
2018-06-20,55.091373
2018-06-21,54.976212
2018-06-22,54.982574
2018-06-25,54.854572
2018-06-26,54.848183
2018-06-27,54.732986
2018-06-28,54.579372
2018-06-29,54.451393
2018-07-02,54.503452
2018-07-03,54.509872
2018-07-05,54.715603
2018-07-06,54.857052
2018-07-09,54.940594
2018-07-10,54.947041
2018-07-11,54.863457
2018-07-12,55.037048
2018-07-13,55.037048
2018-07-16,54.998466
2018-07-17,55.017750
2018-07-18,55.043476
2018-07-19,55.017750
2018-07-20,55.043476
2018-07-23,55.024193
2018-07-24,55.139919
2018-07-25,55.242767
2018-07-26,55.249199
2018-07-27,55.229919
2018-07-30,55.249199
2018-07-31,55.364906
2018-08-01,55.414631
2018-08-02,55.446884
2018-08-03,55.492081
2018-08-06,55.595402
2018-08-07,55.621227
2018-08-08,55.588940
2018-08-09,55.550217
2018-08-10,55.453350
2018-08-13,55.414631
2018-08-14,55.511501
2018-08-15,55.414631
2018-08-16,55.485641
2018-08-17,55.550217
2018-08-20,55.576023
2018-08-21,55.659966
2018-08-22,55.679329
2018-08-23,55.672852
2018-08-24,55.769669
2018-08-27,55.789074
2018-08-28,55.763271
2018-08-29,55.730965
2018-08-30,55.685783
2018-08-31,55.756813
2018-09-04,55.640743
2018-09-05,55.582386
2018-09-06,55.627804
2018-09-07,55.569408
2018-09-10,55.679642
2018-09-11,55.692612
2018-09-12,55.822285
2018-09-13,55.926052
2018-09-14,55.977924
2018-09-17,55.939018
2018-09-18,55.932518
2018-09-19,55.828766
2018-09-20,55.906582
2018-09-21,55.919575
2018-09-24,55.893600
2018-09-25,55.848232
2018-09-26,55.906582
2018-09-27,56.010315
2018-09-28,56.049248
2018-10-01,56.211422
2018-10-02,56.165833
2018-10-03,56.016045
2018-10-04,55.807610
2018-10-05,55.560070
2018-10-08,55.436325
2018-10-09,55.521027
2018-10-10,55.123684
2018-10-11,55.169266
2018-10-12,55.462364
2018-10-15,55.423290
2018-10-16,55.612194
2018-10-17,55.501453
2018-10-18,55.266964
2018-10-19,55.299530
2018-10-22,55.325592
2018-10-23,55.273476
2018-10-24,54.999928
2018-10-25,55.110657
2018-10-26,54.863129
2018-10-29,54.811039
2018-10-30,54.941284
2018-10-31,54.941284
2018-11-01,55.193302
2018-11-02,55.160595
2018-11-05,55.206398
2018-11-06,55.350422
2018-11-07,55.671124
2018-11-08,55.533676
2018-11-09,55.219490
2018-11-12,54.879116
2018-11-13,54.787460
2018-11-14,54.682728
2018-11-15,54.669651
2018-11-16,54.506023
2018-11-19,54.335819
2018-11-20,54.165615
2018-11-21,54.440556
2018-11-23,54.139446
2018-11-26,54.394733
2018-11-27,54.368546
2018-11-28,54.820187
2018-11-29,54.833305
2018-11-30,54.722042
2018-12-03,55.100761
2018-12-04,54.758831
2018-12-06,54.568184
2018-12-07,54.462948
2018-12-10,54.502403
2018-12-11,54.601032
2018-12-12,54.778580
2018-12-13,54.910084
2018-12-14,54.679920
2018-12-17,54.324837
2018-12-18,54.226440
2018-12-19,53.737537
2018-12-20,53.268482
2018-12-21,53.004234
2018-12-24,52.607849
2018-12-26,53.493099
2018-12-27,53.460091
2018-12-28,53.539326
2018-12-31,53.578991
2019-01-02,53.506310
2019-01-03,53.532738
2019-01-04,54.431221
2019-01-07,54.959755
2019-01-08,55.316513
2019-01-09,55.382584
2019-01-10,55.600582
2019-01-11,55.422234
2019-01-14,55.243835
2019-01-15,55.428814
2019-01-16,55.514690
2019-01-17,55.666637
2019-01-18,55.825191
2019-01-22,55.455238
2019-01-23,55.567547
2019-01-24,55.627003
2019-01-25,55.765774
2019-01-28,55.679859
2019-01-29,55.646870
2019-01-30,56.089489
2019-01-31,56.228214
2019-02-01,56.200993
2019-02-04,56.333740
2019-02-05,56.532860
2019-02-06,56.479744
2019-02-07,56.287285
2019-02-08,56.273983
2019-02-11,56.300579
2019-02-12,56.572632
2019-02-13,56.493027
2019-02-14,56.499634
2019-02-15,56.678852
2019-02-19,56.698772
2019-02-20,56.745228
2019-02-21,56.692135
2019-02-22,56.804951
2019-02-25,56.851418
2019-02-26,56.924435
2019-02-27,56.944324
2019-02-28,56.911144
2019-03-01,57.072472
2019-03-04,56.985840
2019-03-05,56.959133
2019-03-06,56.865826
2019-03-07,56.825809
2019-03-08,56.732468
2019-03-11,56.919144
2019-03-12,57.019100
2019-03-13,57.172478
2019-03-14,57.132469
2019-03-15,57.185806
2019-03-18,57.165802
2019-03-19,57.199154
2019-03-20,57.445770
2019-03-21,57.432465
2019-03-22,57.225815
2019-03-25,57.205826
2019-03-26,57.345810
2019-03-27,57.385815
2019-03-28,57.499138
2019-03-29,57.645794
2019-04-01,57.631741
2019-04-02,57.658531
2019-04-03,57.678631
2019-04-04,57.765663
2019-04-05,57.872799
2019-04-08,57.839340
2019-04-09,57.799141
2019-04-10,58.053574
2019-04-11,58.140629
2019-04-12,58.227642
2019-04-15,58.187492
2019-04-16,58.154030
2019-04-17,58.013424
2019-04-18,58.040176
2019-04-22,57.939766
2019-04-23,58.140629
2019-04-24,58.060287
2019-04-25,58.087051
2019-04-26,58.234356
2019-04-29,58.207581
2019-04-30,58.214279
2019-05-01,58.023319
2019-05-02,58.063656
2019-05-03,58.211586
2019-05-06,58.238487
2019-05-07,57.888817
2019-05-08,57.909042
2019-05-09,57.821583
2019-05-10,57.982956
2019-05-13,57.451759
2019-05-14,57.579498
2019-05-15,57.633343
2019-05-16,57.808136
2019-05-17,57.787998
2019-05-20,57.734150
2019-05-21,57.915695
2019-05-22,57.962807
2019-05-23,57.673649
2019-05-24,57.592976
2019-05-28,57.539204
2019-05-29,57.384525
2019-05-30,57.505543
2019-05-31,57.088634
2019-06-03,57.180542
2019-06-04,57.754688
2019-06-05,57.889771
2019-06-06,58.011345
2019-06-07,58.159981
2019-06-10,58.247784
2019-06-11,58.328850
2019-06-12,58.193745
2019-06-13,58.328850
2019-06-14,58.288342
2019-06-17,58.200497
2019-06-18,58.605797
2019-06-19,58.882748
2019-06-20,59.179943
2019-06-21,58.990845
2019-06-24,58.984089
2019-06-25,58.734173
2019-06-26,58.707153
2019-06-27,58.869282
2019-06-28,58.889523
2019-07-01,58.907162
2019-07-02,59.036064
2019-07-03,59.259937
2019-07-05,59.022499
2019-07-08,58.907162
2019-07-09,58.839310
2019-07-10,59.002144
2019-07-11,58.886806
2019-07-12,58.981808
2019-07-15,59.022499
2019-07-16,58.900387
2019-07-17,58.825737
2019-07-18,58.852871
2019-07-19,58.751102
2019-07-22,58.947868
2019-07-23,59.049648
2019-07-24,59.097130
2019-07-25,59.015678
2019-07-26,59.144619
2019-07-29,59.056442
2019-07-30,59.083549
2019-07-31,58.981808
2019-08-01,58.952518
2019-08-02,58.863922
2019-08-05,58.250641
2019-08-06,58.625423
2019-08-07,58.618603
2019-08-08,58.850300
2019-08-09,58.768517
2019-08-12,58.564083
2019-08-13,58.823017
2019-08-14,58.298374
2019-08-15,58.468712
2019-08-16,58.666325
2019-08-19,58.836643
2019-08-20,58.884338
2019-08-21,59.136467
2019-08-22,59.245491
2019-08-23,58.972942
2019-08-26,59.265896
2019-08-27,59.238689
2019-08-28,59.381748
2019-08-29,59.443089
2019-08-30,59.388561
2019-09-03,59.218178
2019-09-04,59.341347
2019-09-05,59.574017
2019-09-06,59.628731
2019-09-09,59.690361
2019-09-10,59.724545
2019-09-11,59.717697
2019-09-12,59.751945
2019-09-13,59.642429
2019-09-16,59.854557
2019-09-17,59.888821
2019-09-18,59.854557
2019-09-19,59.786121
2019-09-20,59.861393
2019-09-23,59.834023
2019-09-24,59.751945
2019-09-25,59.690361
2019-09-26,59.649269
2019-09-27,59.580853
2019-09-30,59.649269
2019-10-01,59.511887
2019-10-02,59.161491
2019-10-03,59.195843
2019-10-04,59.381348
2019-10-07,59.333252
2019-10-08,59.113388
2019-10-09,59.292007
2019-10-10,59.367592
2019-10-11,59.614941
2019-10-14,59.656158
2019-10-15,59.786686
2019-10-16,59.738613
2019-10-17,59.821053
2019-10-18,59.834785
2019-10-21,59.855400
2019-10-22,59.869110
2019-10-23,59.924103
2019-10-24,59.992817
2019-10-25,60.040867
2019-10-28,60.034023
2019-10-29,59.924103
2019-10-30,59.848557
2019-10-31,59.642399
2019-11-01,59.898357
2019-11-04,60.022545
2019-11-05,59.960476
2019-11-06,59.891495
2019-11-07,59.863869
2019-11-08,59.919094
2019-11-11,59.884590
2019-11-12,59.898357
2019-11-13,59.836246
2019-11-14,59.801796
2019-11-15,59.981152
2019-11-18,59.905266
2019-11-19,59.691391
2019-11-20,59.567219
2019-11-21,59.581039
2019-11-22,59.808681
2019-11-25,59.967342
2019-11-26,60.036385
2019-11-27,60.112259
2019-11-29,59.981152
2019-12-02,59.940289
2019-12-03,59.857162
2019-12-04,60.037247
2019-12-05,60.127312
2019-12-06,60.210411
2019-12-09,60.210411
2019-12-10,60.355858
2019-12-11,60.480553
2019-12-12,60.619061
2019-12-13,60.681416
2019-12-16,60.799137
2019-12-17,60.986149
2019-12-18,61.096981
2019-12-19,61.065048
2019-12-20,60.974682
2019-12-23,61.002472
2019-12-24,61.051121
2019-12-26,61.141479
2019-12-27,61.113670
2019-12-30,61.071941
2019-12-31,61.127567
2020-01-02,61.384750
2020-01-03,61.322201
2020-01-06,61.259655
2020-01-07,61.204041
2020-01-08,61.259655
2020-01-09,61.419525
2020-01-10,61.440388
2020-01-13,61.440388
2020-01-14,61.433384
2020-01-15,61.447323
2020-01-16,61.468197
2020-01-17,61.419525
2020-01-21,61.287472
2020-01-22,61.398689
2020-01-23,61.210983
2020-01-24,60.953781
2020-01-27,60.543690
2020-01-28,61.065048
2020-01-29,61.030266
2020-01-30,61.092846
2020-01-31,60.842571
2020-02-03,60.832809
2020-02-04,61.195789
2020-02-05,61.447075
2020-02-06,61.495926
2020-02-07,61.405205
2020-02-10,61.488956
2020-02-11,61.530834
2020-02-12,61.691364
2020-02-13,61.712345
2020-02-14,61.705349
2020-02-18,61.579697
2020-02-19,61.607632
2020-02-20,61.712345
2020-02-21,61.656502
2020-02-24,60.993347
2020-02-25,60.567574
2020-02-26,60.630375
2020-02-27,59.813671
2020-02-28,60.057991
2020-03-02,60.513729
2020-03-03,60.254318
2020-03-04,61.081676
2020-03-05,60.310402
2020-03-06,59.630341
2020-03-09,57.064213
2020-03-10,57.940628
2020-03-11,56.678608
2020-03-12,54.413967
2020-03-13,56.124702
2020-03-16,53.039783
2020-03-17,53.537556
2020-03-18,51.174805
2020-03-19,50.024963
2020-03-20,48.903175
2020-03-23,48.117897
2020-03-24,50.102081
2020-03-25,51.511333
2020-03-26,53.867092
2020-03-27,54.007301
2020-03-30,54.470081
2020-03-31,54.035355
2020-04-01,52.552124
2020-04-02,52.960777
2020-04-03,51.826336
2020-04-06,53.087627
2020-04-07,53.087627
2020-04-08,54.468723
2020-04-09,58.034210
2020-04-13,57.202728
2020-04-14,57.442310
2020-04-15,56.906799
2020-04-16,56.850410
2020-04-17,57.139313
2020-04-20,56.279648
2020-04-21,55.250877
2020-04-22,55.737080
2020-04-23,55.708897
2020-04-24,55.187458
2020-04-27,55.412949
2020-04-28,55.582043
2020-04-29,56.561512
2020-04-30,56.674263
2020-05-01,55.696651
2020-05-04,55.618786
2020-05-05,56.100174
2020-05-06,55.781620
2020-05-07,55.923199
2020-05-08,56.454098
2020-05-11,56.199268
2020-05-12,56.128471
2020-05-13,55.831169
2020-05-14,55.640011
2020-05-15,55.717899
2020-05-18,56.701866
2020-05-19,56.772648
2020-05-20,57.374325
2020-05-21,57.360191
2020-05-22,57.501785
2020-05-26,57.933575
2020-05-27,58.053936
2020-05-28,58.110546
2020-05-29,58.344151
2020-06-01,58.785488
2020-06-02,59.368237
2020-06-03,59.645386
2020-06-04,59.460613
2020-06-05,60.022007
2020-06-08,60.093098
2020-06-09,59.624073
2020-06-10,59.538792
2020-06-11,58.010872
2020-06-12,58.586494
2020-06-15,59.155029
2020-06-16,59.396633
2020-06-17,59.119492
2020-06-18,59.098164
2020-06-19,58.899166
2020-06-22,58.856560
2020-06-23,58.941830
2020-06-24,58.337749
2020-06-25,58.359097
2020-06-26,57.804768
2020-06-29,57.477871
2020-06-30,58.003746
2020-07-01,58.184292
2020-07-02,58.612522
2020-07-06,59.033543
2020-07-07,58.641052
2020-07-08,58.798061
2020-07-09,58.669601
2020-07-10,58.869419
2020-07-13,58.548267
2020-07-14,59.047825
2020-07-15,59.383259
2020-07-16,59.440350
2020-07-17,59.604465
2020-07-20,59.961315
2020-07-21,60.239647
2020-07-22,60.360973
2020-07-23,60.318134
2020-07-24,60.375229
2020-07-27,60.517967
2020-07-28,60.360973
2020-07-29,60.696354
2020-07-30,60.824833
2020-07-31,60.939037
2020-08-03,60.954056
2020-08-04,60.932564
2020-08-05,61.040051
2020-08-06,61.176186
2020-08-07,61.025719
2020-08-10,61.054371
2020-08-11,60.502666
2020-08-12,60.517010
2020-08-13,60.352192
2020-08-14,60.244709
2020-08-17,60.602989
2020-08-18,60.696106
2020-08-19,60.524170
2020-08-20,60.724766
2020-08-21,60.717628
2020-08-24,60.997078
2020-08-25,61.061535
2020-08-26,61.054371
2020-08-27,60.961235
2020-08-28,61.011379
2020-08-31,60.925419
2020-09-01,61.257057
2020-09-02,61.329025
2020-09-03,60.947704
2020-09-04,60.782265
2020-09-08,60.444134
2020-09-09,60.918926
2020-09-10,60.631191
2020-09-11,60.753490
2020-09-14,60.688736
2020-09-15,60.854179
2020-09-16,60.854179
2020-09-17,60.789436
2020-09-18,60.638367
2020-09-21,60.149174
2020-09-22,60.357792
2020-09-23,59.746269
2020-09-24,59.782288
2020-09-25,59.674374
2020-09-28,60.062851
2020-09-29,60.113201
2020-09-30,60.357792
2020-10-01,60.565155
2020-10-02,60.565155
2020-10-05,61.020271
2020-10-06,60.883041
2020-10-07,61.099808
2020-10-08,61.237030
2020-10-09,61.374290
2020-10-12,61.684971
2020-10-13,61.410461
2020-10-14,61.258736
2020-10-15,61.215374
2020-10-16,61.143150
2020-10-19,60.926403
2020-10-20,61.143150
2020-10-21,61.135918
2020-10-22,61.244286
2020-10-23,61.316536
2020-10-26,60.774670
2020-10-27,60.803570
2020-10-28,60.297848
2020-10-29,60.471222
2020-10-30,60.601288
2020-11-02,60.745682
2020-11-03,61.268070
2020-11-04,61.841282
2020-11-05,62.058949
2020-11-06,61.841282
2020-11-09,62.312920
2020-11-10,62.225876
2020-11-11,62.204090
2020-11-12,61.783257
2020-11-13,61.993675
2020-11-16,62.341927
2020-11-17,62.363667
2020-11-18,62.247601
2020-11-19,62.458061
2020-11-20,62.341927
2020-11-23,62.436256
2020-11-24,62.624916
2020-11-25,62.595890
2020-11-27,62.697483
2020-11-30,62.632179
2020-12-01,62.793156
2020-12-02,62.967972
2020-12-03,63.004410
2020-12-04,63.266659
2020-12-07,63.237549
2020-12-08,63.186527
2020-12-09,63.091843
2020-12-10,63.208382
2020-12-11,63.142838
2020-12-14,63.157402
2020-12-15,63.354099
2020-12-16,63.259380
2020-12-17,63.353752
2020-12-18,63.404953
2020-12-21,63.178211
2020-12-22,63.258652
2020-12-23,63.543919
2020-12-24,63.675575
2020-12-28,63.756054
2020-12-29,63.675575
2020-12-30,63.807259
2020-12-31,63.858471
2021-01-04,63.726780
2021-01-05,63.748737
2021-01-06,63.631699
2021-01-07,63.814575
2021-01-08,63.909653
2021-01-11,63.565880
2021-01-12,63.646351
2021-01-13,63.836514
2021-01-14,63.821877
2021-01-15,63.719486
2021-01-19,63.902382
2021-01-20,64.019379
2021-01-21,63.982815
2021-01-22,63.858471
2021-01-25,63.873089
2021-01-26,63.777985
2021-01-27,63.595131
2021-01-28,63.785309
2021-01-29,63.617107
2021-02-01,63.821156
2021-02-02,63.975376
2021-02-03,64.026718
2021-02-04,64.158890
2021-02-05,64.254341
2021-02-08,64.445229
2021-02-09,64.327759
2021-02-10,64.313072
2021-02-11,64.342422
2021-02-12,64.445229
2021-02-16,64.342422
2021-02-17,64.320404
2021-02-18,64.232315
2021-02-19,64.239662
2021-02-22,64.041420
2021-02-23,64.195610
2021-02-24,64.261665
2021-02-25,63.652336
2021-02-26,63.461426
2021-03-01,64.173912
2021-03-02,64.078133
2021-03-03,63.871826
2021-03-04,63.628677
2021-03-05,63.820267
2021-03-08,63.356075
2021-03-09,63.444492
2021-03-10,63.643406
2021-03-11,63.879196
2021-03-12,63.702343
2021-03-15,63.709721
2021-03-16,63.562382
2021-03-17,63.650784
2021-03-18,63.164513
2021-03-19,63.407639
2021-03-22,63.636051
2021-03-23,63.702343
2021-03-24,63.739212
2021-03-25,63.849728
2021-03-26,64.041306
2021-03-29,64.078133
2021-03-30,63.923397
2021-03-31,64.232841
2021-04-01,64.368866
2021-04-05,64.398460
2021-04-06,64.509369
2021-04-07,64.487167
2021-04-08,64.509369
2021-04-09,64.464981
2021-04-12,64.398460
2021-04-13,64.442810
2021-04-14,64.413231
2021-04-15,64.671951
2021-04-16,64.538918
2021-04-19,64.435402
2021-04-20,64.324493
2021-04-21,64.538918
2021-04-22,64.420647
2021-04-23,64.590675
2021-04-26,64.561089
2021-04-27,64.472359
2021-04-28,64.598061
2021-04-29,64.671951
2021-04-30,64.642410
2021-05-03,64.667641
2021-05-04,64.630516
2021-05-05,64.756622
2021-05-06,64.734375
2021-05-07,64.778915
2021-05-10,64.630516
2021-05-11,64.563774
2021-05-12,64.252220
2021-05-13,64.482208
2021-05-14,64.689880
2021-05-17,64.571159
2021-05-18,64.415405
2021-05-19,64.244804
2021-05-20,64.519249
2021-05-21,64.615715
2021-05-24,64.689880
2021-05-25,64.697258
2021-05-26,64.719528
2021-05-27,64.689880
2021-05-28,64.667641
2021-06-01,64.861908
2021-06-02,64.943748
2021-06-03,64.809776
2021-06-04,64.951202
2021-06-07,64.973534
2021-06-08,65.018181
2021-06-09,65.070221
2021-06-10,65.189308
2021-06-11,65.211670
2021-06-14,65.152138
2021-06-15,65.144684
2021-06-16,65.055389
2021-06-17,65.100044
2021-06-18,65.070221
2021-06-21,65.196777
2021-06-22,65.241470
2021-06-23,65.174461
2021-06-24,65.375427
2021-06-25,65.442390
2021-06-28,65.434959
2021-06-29,65.516838
2021-06-30,65.524284
2021-07-01,65.652710
2021-07-02,65.757240
2021-07-06,65.719894
2021-07-07,65.742325
2021-07-08,65.600433
2021-07-09,65.712433
2021-07-12,65.690010
2021-07-13,65.495918
2021-07-14,65.600433
2021-07-15,65.555611
2021-07-16,65.466026
2021-07-19,65.025452
2021-07-20,65.353981
2021-07-21,65.510818
2021-07-22,65.548149
2021-07-23,65.675087
2021-07-26,65.578018
2021-07-27,65.488449
2021-07-28,65.540680
2021-07-29,65.682564
2021-07-30,65.592979
2021-08-02,65.430397
2021-08-03,65.505310
2021-08-04,65.385460
2021-08-05,65.535278
2021-08-06,65.460350
2021-08-09,65.310555
2021-08-10,65.160706
2021-08-11,65.265594
2021-08-12,65.377937
2021-08-13,65.520279
2021-08-16,65.542786
2021-08-17,65.392937
2021-08-18,65.243103
2021-08-19,65.235634
2021-08-20,65.392937
2021-08-23,65.595207
2021-08-24,65.685104
2021-08-25,65.752518
2021-08-26,65.715096
2021-08-27,65.894852
2021-08-30,65.977310
2021-08-31,65.992256
2021-09-01,66.048615
2021-09-02,66.131271
2021-09-03,66.138779
2021-09-07,65.965942
2021-09-08,66.041092
2021-09-09,66.101196
2021-09-10,66.003532
2021-09-13,66.168823
2021-09-14,66.138779
2021-09-15,66.236488
2021-09-16,66.213959
2021-09-17,66.131271
2021-09-20,65.898323
2021-09-21,66.011047
2021-09-22,66.131271
2021-09-23,66.161354
2021-09-24,66.063629
2021-09-27,66.003532
2021-09-28,65.702904
2021-09-29,65.823135
2021-09-30,65.748032
2021-10-01,65.905617
2021-10-04,65.671875
2021-10-05,65.641701
2021-10-06,65.603996
2021-10-07,65.611549
2021-10-08,65.415512
2021-10-11,65.211929
2021-10-12,65.332573
2021-10-13,65.505981
2021-10-14,65.875458
2021-10-15,65.762352
2021-10-18,65.732216
2021-10-19,65.777420
2021-10-20,65.800034
2021-10-21,65.634171
2021-10-22,65.475838
2021-10-25,65.588913
2021-10-26,65.603996
2021-10-27,65.551216
2021-10-28,65.717125
2021-10-29,65.543701
2021-11-01,65.473351
2021-11-02,65.632202
2021-11-03,65.760757
2021-11-04,65.934761
2021-11-05,66.184357
2021-11-08,66.101173
2021-11-09,66.154114
2021-11-10,65.783447
2021-11-11,65.670013
2021-11-12,65.692711
2021-11-15,65.617073
2021-11-16,65.647339
2021-11-17,65.579239
2021-11-18,65.526291
2021-11-19,65.473351
2021-11-22,65.223747
2021-11-23,65.132980
2021-11-24,65.117844
2021-11-26,64.648911
2021-11-29,65.049736
2021-11-30,64.777443
2021-12-01,64.786568
2021-12-02,65.264656
2021-12-03,65.264656
2021-12-06,65.553078
2021-12-07,65.902130
2021-12-08,65.886955
2021-12-09,65.590996
2021-12-10,65.742760
2021-12-13,65.742760
2021-12-14,65.628975
2021-12-15,65.879372
2021-12-16,65.830643
2021-12-17,65.769714
2021-12-20,65.655495
2021-12-21,66.005798
2021-12-22,66.180916
2021-12-23,66.371284
2021-12-27,66.439804
2021-12-28,66.409370
2021-12-29,66.302765
2021-12-30,66.272308
2021-12-31,66.257065
2022-01-03,66.226624
2022-01-04,66.059074
2022-01-05,65.548912
2022-01-06,65.556526
2022-01-07,65.388985
2022-01-10,65.442307
2022-01-11,65.746872
2022-01-12,65.853485
2022-01-13,65.617439
2022-01-14,65.556526
2022-01-18,65.236687
2022-01-19,65.175758
2022-01-20,65.053909
2022-01-21,65.061546
2022-01-24,64.993004
2022-01-25,64.802650
2022-01-26,64.581802
2022-01-27,64.300049
2022-01-28,64.482796
2022-01-31,64.498016
2022-02-01,64.754082
2022-02-02,64.853439
2022-02-03,64.272568
2022-02-04,64.020386
2022-02-07,63.974510
2022-02-08,63.905739
2022-02-09,64.242020
2022-02-10,63.393719
2022-02-11,63.172085
2022-02-14,63.065086
2022-02-15,63.172085
2022-02-16,63.523613
2022-02-17,63.256142
2022-02-18,63.347836
2022-02-22,63.202644
2022-02-23,63.088009
2022-02-24,63.538910
2022-02-25,63.898102
2022-02-28,63.943958
2022-03-01,63.765236
2022-03-02,63.918648
2022-03-03,63.726887
2022-03-04,63.312702
2022-03-07,62.760391
2022-03-08,62.537949
2022-03-09,63.059570
2022-03-10,62.530277
2022-03-11,62.077721
2022-03-14,61.341351
2022-03-15,61.801598
2022-03-16,62.668339
2022-03-17,63.097908
2022-03-18,63.305023
2022-03-21,62.576313
2022-03-22,62.898506
2022-03-23,62.699036
2022-03-24,62.829430
2022-03-25,62.376850
2022-03-28,62.768082
2022-03-29,63.542801
2022-03-30,63.351044
2022-03-31,63.120926
2022-04-01,63.116310
2022-04-04,63.593819
2022-04-05,62.769695
2022-04-06,62.276791
2022-04-07,62.176674
2022-04-08,61.799297
2022-04-11,61.375687
2022-04-12,61.845490
2022-04-13,62.215195
2022-04-14,61.799297
2022-04-18,61.699165
2022-04-19,61.645264
2022-04-20,61.837807
2022-04-21,61.414181
2022-04-22,61.044510
2022-04-25,61.560535
2022-04-26,61.198544
2022-04-27,60.898167
2022-04-28,61.237041
2022-04-29,60.482292
2022-05-02,60.486168
2022-05-03,60.803146
2022-05-04,61.421688
2022-05-05,60.331516
2022-05-06,59.991314
2022-05-09,59.357288
2022-05-10,59.697491
2022-05-11,59.341843
2022-05-12,59.318619
2022-05-13,59.388229
2022-05-16,59.303150
2022-05-17,59.249050
2022-05-18,58.761940
2022-05-19,59.156250
2022-05-20,59.117615
2022-05-23,59.349567
2022-05-24,59.705208
2022-05-25,60.609844
2022-05-26,61.452633
2022-05-27,62.001579
2022-05-31,61.468094
2022-06-01,61.240646
2022-06-02,61.496788
2022-06-03,61.038853
2022-06-06,60.580933
2022-06-07,60.720634
2022-06-08,60.200569
2022-06-09,59.719353
2022-06-10,58.702564
2022-06-13,56.738838
2022-06-14,57.111370
2022-06-15,58.221333
2022-06-16,57.297668
2022-06-17,57.476181
2022-06-21,57.437397
2022-06-22,57.421844
2022-06-23,57.833248
2022-06-24,58.244617
2022-06-27,57.887569
2022-06-28,57.251106
2022-06-29,57.165695
2022-06-30,57.134666
2022-07-01,57.679649
2022-07-05,57.625095
2022-07-06,57.406769
2022-07-07,58.342377
2022-07-08,58.389133
2022-07-11,58.061672
2022-07-12,58.295574
2022-07-13,58.233223
2022-07-14,58.124081
2022-07-15,58.864735
2022-07-18,58.295574
2022-07-19,59.067451
2022-07-20,59.324749
2022-07-21,60.026447
2022-07-22,59.948486
2022-07-25,59.932880
2022-07-26,59.511883
2022-07-27,60.166798
2022-07-28,60.782707
2022-07-29,60.962017
2022-08-01,60.980858
2022-08-02,60.699055
2022-08-03,61.231300
2022-08-04,61.395660
2022-08-05,61.082588
2022-08-08,61.137371
2022-08-09,60.683388
2022-08-10,61.591347
2022-08-11,61.239120
2022-08-12,61.787003
2022-08-15,61.677433
2022-08-16,61.387821
2022-08-17,60.753857
2022-08-18,60.847775
2022-08-19,60.229420
2022-08-22,59.548470
2022-08-23,59.697182
2022-08-24,59.767624
2022-08-25,60.331188
2022-08-26,59.337162
2022-08-29,59.110149
2022-08-30,58.656193
2022-08-31,58.335278
2022-09-01,58.489429
2022-09-02,58.450127
2022-09-06,58.292805
2022-09-07,59.134434
2022-09-08,59.394009
2022-09-09,59.629990
2022-09-12,59.810871
2022-09-13,58.450127
2022-09-14,58.536644
2022-09-15,58.166946
2022-09-16,58.363586
2022-09-19,58.583828
2022-09-20,57.986046
2022-09-21,57.813000
2022-09-22,57.466900
2022-09-23,56.735390
2022-09-26,56.066799
2022-09-27,55.948811
2022-09-28,56.947765
2022-09-29,56.412888
2022-09-30,56.153320
2022-10-03,56.889225
2022-10-04,58.114456
2022-10-05,57.885212
2022-10-06,57.711311
2022-10-07,57.007812
2022-10-10,56.312202
2022-10-11,56.486107
2022-10-12,56.580971
2022-10-13,56.707455
2022-10-14,56.525616
2022-10-17,57.221241
2022-10-18,57.624371
2022-10-19,57.071045
2022-10-20,56.754852
2022-10-21,57.300282
2022-10-24,57.339802
2022-10-25,57.893127
2022-10-26,58.051197
2022-10-27,58.478054
2022-10-28,58.928635
2022-10-31,58.043304
2022-11-01,58.392437
2022-11-02,57.860798
2022-11-03,57.448181
2022-11-04,57.844948
2022-11-07,57.836990
2022-11-08,57.781479
2022-11-09,57.091118
2022-11-10,58.868526
2022-11-11,59.074833
2022-11-14,58.638409
2022-11-15,59.154194
2022-11-16,59.027218
2022-11-17,58.773331
2022-11-18,58.900280
2022-11-21,58.876457
2022-11-22,59.304932
2022-11-23,59.638218
2022-11-25,59.519203
2022-11-28,58.892326
2022-11-29,59.146267
2022-11-30,60.034943
2022-12-01,60.257282
2022-12-02,60.209469
2022-12-05,59.635731
2022-12-06,59.420586
2022-12-07,59.747288
2022-12-08,59.795105
2022-12-09,59.795105
2022-12-12,60.026199
2022-12-13,60.647724
2022-12-14,60.305092
2022-12-15,60.077587
2022-12-16,59.757164
2022-12-19,59.452789
2022-12-20,59.300591
2022-12-21,59.805233
2022-12-22,59.436768
2022-12-23,59.588963
2022-12-27,58.972168
2022-12-28,58.179134
2022-12-29,58.932114
2022-12-30,58.980164
2023-01-03,59.092297
2023-01-04,59.773190
2023-01-05,59.653019
2023-01-06,60.502136
2023-01-09,60.718426
2023-01-10,60.646328
2023-01-11,61.046844
2023-01-12,61.391293
2023-01-13,61.391293
2023-01-17,61.183006
2023-01-18,61.255108
2023-01-19,60.894646
2023-01-20,61.014809
2023-01-23,61.006794
2023-01-24,61.046844
2023-01-25,61.038845
2023-01-26,61.191044
2023-01-27,61.006794
2023-01-30,60.670349
2023-01-31,61.142979
2023-02-01,61.785297
2023-02-02,62.139458
2023-02-03,61.487476
2023-02-06,61.093056
2023-02-07,61.310375
2023-02-08,61.052818
2023-02-09,60.658405
2023-02-10,60.191559
2023-02-13,60.344479
2023-02-14,60.360592
2023-02-15,60.264004
2023-02-16,59.781044
2023-02-17,60.014481
2023-02-21,59.088844
2023-02-22,59.475185
2023-02-23,60.062790
2023-02-24,59.700577
2023-02-27,60.103004
2023-02-28,59.990341
2023-03-01,59.820255
2023-03-02,59.893150
2023-03-03,60.508598
2023-03-06,60.508598
2023-03-07,60.079418
2023-03-08,59.795982
2023-03-09,59.463970
2023-03-10,59.472054
2023-03-13,59.148136
2023-03-14,59.577339
2023-03-15,59.382980
2023-03-16,59.771675
2023-03-17,59.415375
2023-03-20,59.253391
2023-03-21,59.901257
2023-03-22,59.957939
2023-03-23,59.723091
2023-03-24,59.601639
2023-03-27,59.455856
2023-03-28,59.423473
2023-03-29,60.168472
2023-03-30,60.524765
2023-03-31,61.180733
2023-04-03,61.133541
2023-04-04,60.954575
2023-04-05,60.612919
2023-04-06,60.881374
2023-04-10,60.824432
2023-04-11,60.954575
2023-04-12,60.938332
2023-04-13,61.353203
2023-04-14,61.239307
2023-04-17,61.076603
2023-04-18,61.117298
2023-04-19,60.873222
2023-04-20,60.816299
2023-04-21,61.003399
2023-04-24,61.174221
2023-04-25,61.076603
2023-04-26,60.840694
2023-04-27,61.044086
2023-04-28,61.304382
2023-05-01,61.023346
2023-05-02,60.966148
2023-05-03,60.933472
2023-05-04,60.753716
2023-05-05,61.080521
2023-05-08,60.908943
2023-05-09,60.753716
2023-05-10,61.121372
2023-05-11,61.023346
2023-05-12,60.802731
2023-05-15,60.786388
2023-05-16,60.361530
2023-05-17,60.524967
2023-05-18,60.557625
2023-05-19,60.623013
2023-05-22,60.892601
2023-05-23,60.573963
2023-05-24,60.149109
2023-05-25,60.108276
2023-05-26,60.475945
2023-05-30,60.737366
2023-05-31,60.549480
2023-06-01,60.913151
2023-06-02,61.225098
2023-06-05,61.175823
2023-06-06,61.274330
2023-06-07,60.937778
2023-06-08,61.323601
2023-06-09,61.340004
2023-06-12,61.274330
2023-06-13,61.348248
2023-06-14,61.372856
2023-06-15,61.668373
2023-06-16,61.512402
2023-06-20,61.348248
2023-06-21,61.192280
2023-06-22,61.011642
2023-06-23,60.904911
2023-06-26,60.937778
2023-06-27,61.143005
2023-06-28,61.496010
2023-06-29,61.331818
2023-06-30,61.627350
2023-07-03,61.530769
2023-07-05,61.340935
2023-07-06,60.895237
2023-07-07,60.953049
2023-07-10,61.258404
2023-07-11,61.588570
2023-07-12,62.067242
2023-07-13,62.438713
2023-07-14,61.984756
2023-07-17,62.100281
2023-07-18,62.273605
2023-07-19,62.323132
2023-07-20,62.050755
2023-07-21,62.207584
2023-07-24,62.100281
2023-07-25,62.059021
2023-07-26,62.306629
2023-07-27,61.811424
2023-07-28,62.166321
2023-07-31,62.314877
2023-08-01,62.006371
2023-08-02,61.740997
2023-08-03,61.541973
2023-08-04,61.906841
2023-08-07,62.022972
2023-08-08,62.155659
2023-08-09,62.163937
2023-08-10,62.147343
2023-08-11,62.056145
2023-08-14,62.047825
2023-08-15,61.848812
2023-08-16,61.658085
2023-08-17,61.400986
2023-08-18,61.442448
2023-08-21,61.425865
2023-08-22,61.459045
2023-08-23,61.956608
2023-08-24,61.616615
2023-08-25,61.873699
2023-08-28,62.105923
2023-08-29,62.495663
2023-08-30,62.470783
2023-08-31,62.429295
2023-09-01,62.546783
2023-09-05,62.138561
2023-09-06,61.988548
2023-09-07,62.196873
2023-09-08,62.171864
2023-09-11,62.280190
2023-09-12,62.180202
2023-09-13,62.346844
2023-09-14,62.421829
2023-09-15,62.188553
2023-09-18,62.230217
2023-09-19,62.038540
2023-09-20,61.988548
2023-09-21,61.546974
2023-09-22,61.655285
2023-09-25,61.571964
2023-09-26,61.305374
2023-09-27,61.222046
2023-09-28,61.513653
2023-09-29,61.422005
2023-10-02,61.049274
2023-10-03,60.429512
2023-10-04,60.739399
2023-10-05,60.798019
2023-10-06,60.881783
2023-10-09,61.334076
2023-10-10,61.317318
2023-10-11,61.308929
2023-10-12,60.982285
2023-10-13,60.932030
2023-10-16,60.915291
2023-10-17,60.630508
2023-10-18,60.337372
2023-10-19,60.119595
2023-10-20,60.245243
2023-10-23,60.488132
2023-10-24,60.798019
2023-10-25,60.471367
2023-10-26,60.680771
2023-10-27,60.605370
2023-10-30,60.622135
2023-10-31,60.781261
2023-11-01,61.360611
2023-11-02,62.051083
2023-11-03,62.657368
2023-11-06,62.404770
2023-11-07,62.413174
2023-11-08,62.446873
2023-11-09,62.059502
2023-11-10,62.362648
2023-11-13,62.303692
2023-11-14,62.935246
2023-11-15,62.733150
2023-11-16,62.817348
2023-11-17,62.960522
2023-11-20,63.027889
2023-11-21,63.112087
2023-11-22,63.221584
2023-11-24,63.154194
2023-11-27,63.246815
2023-11-28,63.524696
2023-11-29,63.869907
2023-11-30,63.752052
2023-12-01,64.279869
2023-12-04,64.119171
2023-12-05,64.178383
2023-12-06,64.186829
2023-12-07,64.296806
2023-12-08,64.169922
2023-12-11,64.127617
2023-12-12,64.271423
2023-12-13,65.252678
2023-12-14,65.540833
2023-12-15,65.396339
2023-12-18,65.438820
2023-12-19,65.625839
2023-12-20,65.634346
2023-12-21,65.931877
2023-12-22,65.855370
2023-12-26,65.982918
2023-12-27,66.254929
2023-12-28,66.042397
2023-12-29,65.787376
2024-01-02,65.566345
2024-01-03,65.387833
2024-01-04,65.132805
2024-01-05,65.183830
2024-01-08,65.549362
2024-01-09,65.651360
2024-01-10,65.770370
2024-01-11,65.982918
2024-01-12,66.050880
2024-01-16,65.634346
2024-01-17,65.353821
2024-01-18,65.489838
2024-01-19,65.600334
2024-01-22,65.651360
2024-01-23,65.574852
2024-01-24,65.540833
2024-01-25,66.042397
2024-01-26,65.991386
2024-01-29,66.135895
2024-01-30,66.050880
2024-01-31,65.863861
2024-02-01,66.243202
2024-02-02,65.944191
2024-02-05,65.636642
2024-02-06,65.875839
2024-02-07,65.986900
2024-02-08,65.952698
2024-02-09,66.089401
2024-02-12,65.944191
2024-02-13,65.414497
2024-02-14,65.670807
2024-02-15,65.901466
2024-02-16,65.704971
2024-02-20,65.841660
2024-02-21,65.722054
2024-02-22,66.038155
2024-02-23,66.080879
2024-02-26,65.867287
2024-02-27,65.952698
2024-02-28,65.944191
2024-02-29,66.063797
2024-03-01,66.311226
2024-03-04,66.294060
2024-03-05,66.242477
2024-03-06,66.405731
2024-03-07,66.483055
2024-03-08,66.500267
2024-03-11,66.491676
2024-03-12,66.551796
2024-03-13,66.577583
2024-03-14,66.259682
2024-03-15,66.216713
2024-03-18,66.371368
2024-03-19,66.637711
2024-03-20,66.861107
2024-03-21,66.826729
2024-03-22,66.757988
2024-03-25,66.654915
2024-03-26,66.577583
2024-03-27,66.929817
2024-03-28,66.783783
2024-04-01,66.511749
2024-04-02,66.399498
2024-04-03,66.451309
2024-04-04,66.399498
2024-04-05,66.339050
2024-04-08,66.494461
2024-04-09,66.632683
2024-04-10,66.045456
2024-04-11,65.984962
2024-04-12,65.950455
2024-04-15,65.570465
2024-04-16,65.354576
2024-04-17,65.440956
2024-04-18,65.492760
2024-04-19,65.613640
2024-04-22,65.976349
2024-04-23,66.244026
2024-04-24,66.097267
2024-04-25,65.959061
2024-04-26,66.166351
2024-04-29,66.364944
2024-04-30,65.881363
2024-05-01,66.228600
2024-05-02,66.636612
2024-05-03,66.914421
2024-05-06,66.992531
2024-05-07,67.001213
2024-05-08,66.844955
2024-05-09,66.862297
2024-05-10,66.758141
2024-05-13,66.740791
2024-05-14,66.844955
2024-05-15,67.235603
2024-05-16,67.079353
2024-05-17,67.088028
2024-05-20,67.122772
2024-05-21,67.070663
2024-05-22,66.923080
2024-05-23,66.688721
2024-05-24,66.923080
2024-05-28,66.653976
2024-05-29,66.454308
2024-05-30,66.723412
2024-05-31,66.957817
2024-06-03,67.165413
2024-06-04,67.130508
2024-06-05,67.348549
2024-06-06,67.235168
2024-06-07,67.060730
2024-06-10,67.121788
2024-06-11,67.208984
2024-06-12,67.479378
2024-06-13,67.470650
2024-06-14,67.208984
2024-06-17,67.252586
2024-06-18,67.461922
2024-06-20,67.418304
2024-06-21,67.496811
2024-06-24,67.427040
2024-06-25,67.514252
2024-06-26,67.365959
2024-06-27,67.444504
2024-06-28,67.278763
2024-07-01,67.265625
2024-07-02,67.449738
2024-07-03,67.686485
2024-07-05,67.888115
2024-07-08,67.870590
2024-07-09,67.791695
2024-07-10,67.949501
2024-07-11,68.194992
2024-07-12,68.370346
2024-07-15,68.379105
2024-07-16,68.642143
2024-07-17,68.563248
2024-07-18,68.422951
2024-07-19,68.370346
2024-07-22,68.624619
2024-07-23,68.633377
2024-07-24,68.414185
2024-07-25,68.422951
2024-07-26,68.642143
2024-07-29,68.580765
2024-07-30,68.615829
2024-07-31,68.861351
2024-08-01,68.710640
2024-08-02,68.481476
2024-08-05,68.058434
2024-08-06,68.314011
2024-08-07,68.446220
2024-08-08,68.728264
2024-08-09,68.719429
2024-08-12,68.763527
2024-08-13,69.080811
2024-08-14,69.204185
2024-08-15,69.265892
2024-08-16,69.486221
2024-08-19,69.600800
2024-08-20,69.539108
2024-08-21,69.697723
2024-08-22,69.609612
2024-08-23,69.979767
2024-08-26,69.838776
2024-08-27,69.882828
2024-08-28,69.847565
2024-08-29,69.918083
2024-08-30,69.926903
2024-09-03,69.678932
2024-09-04,69.935753
2024-09-05,70.174866
2024-09-06,70.086296
2024-09-09,70.254578
2024-09-10,70.121742
2024-09-11,70.228012
2024-09-12,70.325439
2024-09-13,70.520248
2024-09-16,70.697388
2024-09-17,70.715088
2024-09-18,70.777084
2024-09-19,70.989601
2024-09-20,71.078194
2024-09-23,70.945335
2024-09-24,70.954208
2024-09-25,70.874496
2024-09-26,70.989601
2024-09-27,71.166740
2024-09-30,71.113609
2024-10-01,71.078018
2024-10-02,71.086906
2024-10-03,70.917816
2024-10-04,70.837708
2024-10-07,70.535141
2024-10-08,70.704247
2024-10-09,70.659752
2024-10-10,70.624153
2024-10-11,70.811035
2024-10-14,70.846642
2024-10-15,70.828819
2024-10-16,70.953407
2024-10-17,70.846642
2024-10-18,71.015701
2024-10-21,70.730949
2024-10-22,70.633057
2024-10-23,70.419456
2024-10-24,70.624153
2024-10-25,70.552956
2024-10-28,70.730949
2024-10-29,70.748734
2024-10-30,70.624153
2024-10-31,70.428375
2024-11-01,70.432838
2024-11-04,70.629608
2024-11-05,70.826385
2024-11-06,70.951584
2024-11-07,71.255669
2024-11-08,71.371933
2024-11-11,71.291458
2024-11-12,71.005234
2024-11-13,71.023148
2024-11-14,70.871094
2024-11-15,70.862137
2024-11-18,70.996292
2024-11-19,71.103638
2024-11-20,71.085747
2024-11-21,71.112556
2024-11-22,71.094681
2024-11-25,71.362991
2024-11-26,71.228828
2024-11-27,71.443481
2024-11-29,71.586594
2024-12-02,71.560539
2024-12-03,71.560539
2024-12-04,71.731262
2024-12-05,71.668358
2024-12-06,71.785156
2024-12-09,71.695297
2024-12-10,71.731262
2024-12-11,71.749214
2024-12-12,71.551552
2024-12-13,71.344925
2024-12-16,71.479675
2024-12-17,71.326942
2024-12-18,70.594536
2024-12-19,70.522285
2024-12-20,70.964813
2024-12-23,70.775154
2024-12-24,71.000923
2024-12-26,71.181541
2024-12-27,70.937706
2024-12-30,71.037064
2024-12-31,71.028046
2025-01-02,71.199615
2025-01-03,71.307983
2025-01-06,71.434402
2025-01-07,71.199615
2025-01-08,71.289925
2025-01-10,70.919655
2025-01-13,70.901588
2025-01-14,70.991905
2025-01-15,71.615036
2025-01-16,71.696304
2025-01-17,71.759537
2025-01-21,71.949165
2025-01-22,71.849831
2025-01-23,71.940163
2025-01-24,72.021423
2025-01-27,72.075600
2025-01-28,72.048508
2025-01-29,72.003365
2025-01-30,72.138817
2025-01-31,71.994339
2025-02-03,71.903610
2025-02-04,72.130386
2025-02-05,72.320923
2025-02-06,72.212051
2025-02-07,71.985252
2025-02-10,72.130386
2025-02-11,72.103203
2025-02-12,71.948952
2025-02-13,72.275566
2025-02-14,72.357208
2025-02-18,72.293701
2025-02-19,72.348145
2025-02-20,72.393509
2025-02-21,72.257423
2025-02-24,72.348145
2025-02-25,72.529579
2025-02-26,72.629349
2025-02-27,72.493279
2025-02-28,72.692863
2025-03-03,72.541565
2025-03-04,72.532448
2025-03-05,72.568901
2025-03-06,72.295479
2025-03-07,72.413979
2025-03-10,72.140533
2025-03-11,71.885338
2025-03-12,71.967369
2025-03-13,71.566338
2025-03-14,71.894440
2025-03-17,72.067604
2025-03-18,71.940018
2025-03-19,72.413979
2025-03-20,72.313705
2025-03-21,72.204338
2025-03-24,72.413979
2025-03-25,72.377495
2025-03-26,72.085838
2025-03-27,71.949127
2025-03-28,71.821533
2025-03-31,71.903549
2025-04-01,72.070251
2025-04-02,72.216789
2025-04-03,71.319214
2025-04-04,70.302605
2025-04-07,69.698120
2025-04-08,69.377563
2025-04-09,71.236786
2025-04-10,70.073647
2025-04-11,70.284279
2025-04-14,70.632332
2025-04-15,70.824646
2025-04-16,70.815483
2025-04-17,71.227631
2025-04-21,70.806328
2025-04-22,71.081093
2025-04-23,71.438293
2025-04-24,72.079391
2025-04-25,72.143501
2025-04-28,72.180153
2025-04-29,72.372475
2025-04-30,71.987801
2025-05-01,72.080788
2025-05-02,72.301743
2025-05-05,72.274124
2025-05-06,72.218887
2025-05-07,72.283325
2025-05-08,72.264900
2025-05-09,72.310944
2025-05-12,73.028992
2025-05-13,73.157860
2025-05-14,72.890900
2025-05-15,73.028992
2025-05-16,73.111839
2025-05-19,73.075005
2025-05-20,73.038200
2025-05-21,72.550285
2025-05-22,72.697594
2025-05-23,72.679153
2025-05-27,73.121033
2025-05-28,73.075005
2025-05-29,73.185493
2025-05-30,73.249924
2025-06-02,73.236984
2025-06-03,73.375725
2025-06-04,73.514473
2025-06-05,73.357208
2025-06-06,73.347977
2025-06-09,73.384956
2025-06-10,73.560692
2025-06-11,73.542221
2025-06-12,73.625443
2025-06-13,73.403465
2025-06-16,73.551445
2025-06-17,73.468224
2025-06-18,73.579201
2025-06-20,73.810440
2025-06-23,73.949196
2025-06-24,74.152657
2025-06-25,74.134163
2025-06-26,74.346909
2025-06-27,74.309898
2025-06-30,74.596634
2025-07-01,74.502762
2025-07-02,74.642174
2025-07-03,74.688637
2025-07-07,74.437721
2025-07-08,74.335510
2025-07-09,74.539970
2025-07-10,74.465599
2025-07-11,74.372665
2025-07-14,74.428421
2025-07-15,74.205406
2025-07-16,74.400543
2025-07-17,74.474899
2025-07-18,74.577141
2025-07-21,74.679337
2025-07-22,74.809441
2025-07-23,74.846634
2025-07-24,74.753693
2025-07-25,74.800148
2025-07-28,74.762978
2025-07-29,74.809441
2025-07-30,74.651466
2025-07-31,74.697914
2025-08-01,74.701668
2025-08-04,74.953865
2025-08-05,74.916504
2025-08-06,74.991196
2025-08-07,74.916504
2025-08-08,74.925827
2025-08-11,74.925827
2025-08-12,75.093948
2025-08-13,75.290100
2025-08-14,75.093948
2025-08-15,75.149986
2025-08-18,75.093948
2025-08-19,75.075249
2025-08-20,75.047249
2025-08-21,74.907158
2025-08-22,75.514236
2025-08-25,75.364792
2025-08-26,75.532944
2025-08-27,75.626343
2025-08-28,75.663696
2025-08-29,75.523582
2025-09-02,75.441948
2025-09-03,75.648415
2025-09-04,75.854866
2025-09-05,75.892410
2025-09-08,75.892410
2025-09-09,75.807945
2025-09-10,75.864235
2025-09-11,76.051933
2025-09-12,75.976860
2025-09-15,76.192711
2025-09-16,76.136391
2025-09-17,76.061325
2025-09-18,76.230255
2025-09-19,76.258408
2025-09-22,76.314690
2025-09-23,76.258408
2025-09-24,76.155174
2025-09-25,75.939331
2025-09-26,76.089462
2025-09-29,76.220863
2025-09-30,76.192711
2025-10-01,76.335075
2025-10-02,76.306786
2025-10-03,76.221931
2025-10-06,76.240784
2025-10-07,76.155914
2025-10-08,76.042786
2025-10-09,75.825928
2025-10-10,75.382782
2025-10-13,75.854202
2025-10-14,75.939079
2025-10-15,76.184204
2025-10-16,75.910789
2025-10-17,76.108788
2025-10-20,76.259644
2025-10-21,76.146507
2025-10-22,76.071091
2025-10-23,76.240784
2025-10-24,76.448219
2025-10-27,76.636803
2025-10-28,76.561356
2025-10-29,76.325653
2025-10-30,76.184204
2025-10-31,76.184204
2025-11-03,75.947304
2025-11-04,75.956787
2025-11-05,76.032600
2025-11-06,76.061028
2025-11-07,76.127357
2025-11-10,76.383224
2025-11-11,76.468513
2025-11-12,76.316895
2025-11-13,76.004158
2025-11-14,76.023109
2025-11-17,75.899902
2025-11-18,75.918854
2025-11-19,75.956787
2025-11-20,75.909393
2025-11-21,76.165268
2025-11-24,76.373756
2025-11-25,76.639107
2025-11-26,76.714920
2025-11-28,76.752815
2025-12-01,76.614769
2025-12-02,76.757599
2025-12-03,76.824234
2025-12-04,76.881355
2025-12-05,76.881355
2025-12-08,76.690941
2025-12-09,76.605247
2025-12-10,76.862312
2025-12-11,76.852798
2025-12-12,76.709984
2025-12-15,76.748055
2025-12-16,76.795677
2025-12-17,76.700462
2025-12-18,76.909920
2025-12-19,76.872612
2025-12-22,76.939575
2025-12-23,76.996964
2025-12-24,77.140465
2025-12-26,77.102211
2025-12-29,77.130898
2025-12-30,77.207428
2025-12-31,77.130898
2026-01-02,77.169151
2026-01-05,77.370033
2026-01-06,77.389183
2026-01-07,77.370033
2026-01-08,77.427437
2026-01-09,77.484840
2026-01-12,77.523094
2026-01-13,77.523094
2026-01-14,77.523094
2026-01-15,77.523094
2026-01-16,77.570938
2026-01-20,77.370033
2026-01-21,77.599640
2026-01-22,77.657028
2026-01-23,77.618759
2026-01-26,77.657028
2026-01-27,77.647453
2026-01-28,77.523094
2026-01-29,77.513535
2026-01-30,77.599640
2026-02-02,77.646744
2026-02-03,77.598679
2026-02-04,77.502541
2026-02-05,77.416023
2026-02-06,77.685196
2026-02-09,77.790939
2026-02-10,77.714027
2026-02-11,77.704430
2026-02-12,77.665970
2026-02-13,77.723640
2026-02-17,77.685196
2026-02-18,77.781334
2026-02-19,77.810158
2026-02-20,77.867844
2026-02-23,77.742874
2026-02-24,77.685196
2026-02-25,77.790939
2026-02-26,77.723640
2026-02-27,77.598679
2026-03-02,77.554222
2026-03-03,77.399673
2026-03-04,77.670158
2026-03-05,77.361023
2026-03-06,76.984268
2026-03-09,77.447960
2026-03-10,77.322388
2026-03-11,77.148491
2026-03-12,76.655815
2026-03-13,76.510895
2026-03-16,76.752403
2026-03-17,77.100182
2026-03-18,76.704109
2026-03-19,76.955292
2026-03-20,76.240402
2026-03-23,76.742767
2026-03-24,76.481918
2026-03-25,76.723434
2026-03-26,76.240402
2026-03-27,76.047195
2026-03-30,76.134148
2026-03-31,76.858681
2026-04-01,77.047012
2026-04-02,77.231438
2026-04-06,77.367340
2026-04-07,77.386765
2026-04-08,77.843010
2026-04-09,77.930374
2026-04-10,77.619728
2026-04-13,77.910950
2026-04-14,78.143929
2026-04-15,78.105095
2026-04-16,77.998322
2026-04-17,78.289536
2026-04-20,78.221588
2026-04-21,78.017731
2026-04-22,78.143929
2026-04-23,78.017731
2026-04-24,78.124519
2026-04-27,78.153641
2026-04-28,78.046860
2026-04-29,77.784752
2026-04-30,78.027435
2026-05-01,78.124039
2026-05-04,77.870331
2026-05-05,77.987427
2026-05-06,78.221634
2026-05-07,77.928886
2026-05-08,78.202118
2026-05-11,78.045975
2026-05-12,77.938652
2026-05-13,77.977684
2026-05-14,77.919121
2026-05-15,77.538559
2026-05-18,77.616623
2026-05-19,77.431206
2026-05-20,77.928886
2026-05-21,77.967926
2026-05-22,77.977684
2026-05-26,78.241150
2026-05-27,78.192352
2026-05-28,78.289940
2026-05-29,78.367996
2026-06-01,78.308159
2026-06-02,78.367027
2026-06-03,78.151245
2026-06-04,78.298370
2026-06-05,77.906029
2026-06-08,78.013939
2026-06-09,78.092400
2026-06-10,77.945267
2026-06-11,78.406258
2026-06-12,78.406258
2026-06-15,78.504341
2026-06-16,78.494530
2026-06-17,78.200287
2026-06-18,78.474907
2026-06-22,78.406258
2026-06-23,78.337601
2026-06-24,78.317978
2026-06-25,78.347397
2026-06-26,78.298370
2026-06-29,78.474907
2026-06-30,78.435677
2026-07-01,78.424835
2026-07-02,78.543076
2026-07-06,78.700745
2026-07-07,78.592354
2026-07-08,78.493813
2026-07-09,78.582497
2026-07-10,78.543076
2026-07-13,78.355858
2026-07-14,78.513527
2026-07-15,78.641617
2026-07-16,78.631760
2026-07-17,78.483963
2026-07-20,78.513527
2026-07-21,78.483963
2026-07-22,78.355858
2026-07-23,78.070114
2026-07-24,78.070114
2026-07-27,78.109520
2026-07-28,78.257324
2026-07-29,78.079964
2026-07-30,78.306595
2026-07-31,78.316452
2026-08-03,78.528336
2026-08-04,78.765984
2026-08-05,78.736267
2026-08-06,78.676865
2026-08-07,78.825386
2026-08-10,78.696671
2026-08-11,78.726372
2026-08-12,78.825386
2026-08-13,79.003609
2026-08-14,78.924393
2026-08-17,78.825386
2026-08-18,78.746170
2026-08-19,78.924393
2026-08-20,78.775871
2026-08-21,78.825386
2026-08-24,78.914490
2026-08-25,79.132324
2026-08-26,79.112534
2026-08-27,79.082825
2026-08-28,78.954102
2026-08-31,79.023415
2026-09-01,78.749626
2026-09-02,78.759583
2026-09-03,78.859138
2026-09-04,78.809364
2026-09-08,78.769547
2026-09-09,78.630165
2026-09-10,78.271759
2026-09-11,78.251846
2026-09-14,78.182152
2026-09-15,78.032814
2026-09-16,78.072639
2026-09-17,78.371315
2026-09-18,78.182152
2026-09-21,78.331490
2026-09-22,78.321533
2026-09-23,77.754059
2026-09-24,77.544991
2026-09-25,77.515121
2026-09-28,77.196541
2026-09-29,77.017334
2026-09-30,76.868004
2026-10-01,76.900002
2026-10-02,76.910004
