date,adj_close
2002-07-30,40.000618
2002-07-31,40.367489
2002-08-01,40.533791
2002-08-02,40.846882
2002-08-05,41.052319
2002-08-06,40.719673
2002-08-07,40.846882
2002-08-08,40.705002
2002-08-09,41.008312
2002-08-12,41.091446
2002-08-13,41.419239
2002-08-14,41.296932
2002-08-15,41.057266
2002-08-16,40.788185
2002-08-19,40.827312
2002-08-20,41.204006
2002-08-21,41.101257
2002-08-22,40.881111
2002-08-23,41.067028
2002-08-26,41.086559
2002-08-27,40.964272
2002-08-28,41.115929
2002-08-29,41.306721
2002-08-30,41.384998
2002-09-03,41.836571
2002-09-04,41.821861
2002-09-05,41.988766
2002-09-06,41.664764
2002-09-09,41.605885
2002-09-10,41.753143
2002-09-11,41.601006
2002-09-12,41.816944
2002-09-13,42.013309
2002-09-16,42.028030
2002-09-17,42.165428
2002-09-18,42.214550
2002-09-19,42.425636
2002-09-20,42.410904
2002-09-23,42.651428
2002-09-24,42.803593
2002-09-25,42.479603
2002-09-26,42.450172
2002-09-27,42.729969
2002-09-30,42.980297
2002-10-01,42.605152
2002-10-02,42.747944
2002-10-03,42.723309
2002-10-04,42.767620
2002-10-07,42.935051
2002-10-08,42.856251
2002-10-09,43.072880
2002-10-10,42.826714
2002-10-11,42.521473
2002-10-14,42.487034
2002-10-15,41.773159
2002-10-16,41.773159
2002-10-17,41.551613
2002-10-18,41.674667
2002-10-21,41.354652
2002-10-22,41.334980
2002-10-23,41.423584
2002-10-24,41.620525
2002-10-25,41.802719
2002-10-28,41.851913
2002-10-29,42.231045
2002-10-30,42.226074
2002-10-31,42.442699
2002-11-01,42.188286
2002-11-04,42.054893
2002-11-05,41.941261
2002-11-06,42.079605
2002-11-07,42.489632
2002-11-08,42.593365
2002-11-11,42.702057
2002-11-12,42.568680
2002-11-13,42.618065
2002-11-14,42.084553
2002-11-15,42.114197
2002-11-18,42.153709
2002-11-19,42.188286
2002-11-20,41.956078
2002-11-21,41.714035
2002-11-22,41.664619
2002-11-25,41.600384
2002-11-26,41.975845
2002-11-27,41.496647
2002-11-29,41.555969
2002-12-02,41.541023
2002-12-03,41.536057
2002-12-04,41.680244
2002-12-05,41.794544
2002-12-06,41.963600
2002-12-09,42.122643
2002-12-10,42.087814
2002-12-11,42.226994
2002-12-12,42.261799
2002-12-13,42.107666
2002-12-16,41.933769
2002-12-17,42.033150
2002-12-18,42.291653
2002-12-19,42.510342
2002-12-20,42.510342
2002-12-23,42.485493
2002-12-24,42.644581
2002-12-26,42.709156
2002-12-27,42.962673
2002-12-30,43.042225
2002-12-31,43.030251
2003-01-02,42.350967
2003-01-03,42.420872
2003-01-06,42.315990
2003-01-07,42.450825
2003-01-08,42.550743
2003-01-09,42.036293
2003-01-10,42.081230
2003-01-13,42.156147
2003-01-14,42.256077
2003-01-15,42.350967
2003-01-16,42.335941
2003-01-17,42.510796
2003-01-21,42.655617
2003-01-22,42.830429
2003-01-23,42.740551
2003-01-24,42.825455
2003-01-27,42.695560
2003-01-28,42.700611
2003-01-29,42.515785
2003-01-30,42.680607
2003-01-31,42.700611
2003-02-03,42.634438
2003-02-04,42.774746
2003-02-05,42.609386
2003-02-06,42.774746
2003-02-07,42.794781
2003-02-10,42.714600
2003-02-11,42.754700
2003-02-12,42.940140
2003-02-13,43.095440
2003-02-14,42.945114
2003-02-18,42.945114
2003-02-19,43.105476
2003-02-20,43.255791
2003-02-21,43.095440
2003-02-24,43.265858
2003-02-25,43.325966
2003-02-26,43.456264
2003-02-27,43.496353
2003-02-28,43.641628
2003-03-03,43.732101
2003-03-04,43.817524
2003-03-05,43.897942
2003-03-06,43.807480
2003-03-07,43.953213
2003-03-10,44.098953
2003-03-11,44.088886
2003-03-12,43.988396
2003-03-13,43.500969
2003-03-14,43.641655
2003-03-17,43.299961
2003-03-18,43.063778
2003-03-19,42.857777
2003-03-20,42.887924
2003-03-21,42.495995
2003-03-24,42.908051
2003-03-25,42.913025
2003-03-26,43.013515
2003-03-27,43.093956
2003-03-28,43.164291
2003-03-31,43.475857
2003-04-01,43.419910
2003-04-02,43.112469
2003-04-03,43.188076
2003-04-04,43.112469
2003-04-07,43.011703
2003-04-08,43.172977
2003-04-09,43.319103
2003-04-10,43.203213
2003-04-11,43.092342
2003-04-14,42.971382
2003-04-15,43.122616
2003-04-16,43.218338
2003-04-17,43.162888
2003-04-21,43.082272
2003-04-22,43.092342
2003-04-23,43.072186
2003-04-24,43.324162
2003-04-25,43.394707
2003-04-28,43.349350
2003-04-29,43.273781
2003-04-30,43.535828
2003-05-01,43.572239
2003-05-02,43.334427
2003-05-05,43.471058
2003-05-06,43.739220
2003-05-07,44.042740
2003-05-08,44.088291
2003-05-09,44.159168
2003-05-12,44.346333
2003-05-13,44.386822
2003-05-14,44.629726
2003-05-15,44.584114
2003-05-16,44.821957
2003-05-19,44.811832
2003-05-20,45.110321
2003-05-21,44.968647
2003-05-22,45.181156
2003-05-23,45.130550
2003-05-27,44.963596
2003-05-28,44.973740
2003-05-29,45.211498
2003-05-30,45.186237
2003-06-02,45.010696
2003-06-03,45.310043
2003-06-04,45.441948
2003-06-05,45.279560
2003-06-06,45.228813
2003-06-09,45.477413
2003-06-10,45.731102
2003-06-11,45.634701
2003-06-12,45.812309
2003-06-13,45.979687
2003-06-16,45.741268
2003-06-17,45.492668
2003-06-18,45.218708
2003-06-19,45.284653
2003-06-20,45.213608
2003-06-23,45.386078
2003-06-24,45.599190
2003-06-25,45.254181
2003-06-26,44.807758
2003-06-27,44.767120
2003-06-30,44.873665
2003-07-01,44.992836
2003-07-02,45.038776
2003-07-03,44.752533
2003-07-07,44.512325
2003-07-08,44.527645
2003-07-09,44.609425
2003-07-10,44.711658
2003-07-11,44.870117
2003-07-14,44.609425
2003-07-15,44.001171
2003-07-16,44.016418
2003-07-17,43.924473
2003-07-18,43.812027
2003-07-21,43.239498
2003-07-22,43.392879
2003-07-23,43.525757
2003-07-24,43.357082
2003-07-25,43.300827
2003-07-28,42.983913
2003-07-29,42.564774
2003-07-30,42.907249
2003-07-31,42.620983
2003-08-01,42.794716
2003-08-04,43.109283
2003-08-05,42.820518
2003-08-06,43.258785
2003-08-07,43.413471
2003-08-08,43.408302
2003-08-11,43.227840
2003-08-12,43.150520
2003-08-13,42.671009
2003-08-14,42.758686
2003-08-15,42.743206
2003-08-18,42.872063
2003-08-19,43.212387
2003-08-20,43.006149
2003-08-21,42.846329
2003-08-22,42.877262
2003-08-25,42.691658
2003-08-26,42.846329
2003-08-27,42.743206
2003-08-28,43.042248
2003-08-29,42.923653
2003-09-02,42.748772
2003-09-03,42.858051
2003-09-04,43.133884
2003-09-05,43.680237
2003-09-08,43.477314
2003-09-09,43.685474
2003-09-10,43.982082
2003-09-11,43.826015
2003-09-12,44.002865
2003-09-15,44.080944
2003-09-16,44.044502
2003-09-17,44.289127
2003-09-18,44.283882
2003-09-19,44.283882
2003-09-22,44.091362
2003-09-23,44.195400
2003-09-24,44.419197
2003-09-25,44.481667
2003-09-26,44.819885
2003-09-29,44.627346
2003-09-30,45.059242
2003-10-01,45.259254
2003-10-02,45.096489
2003-10-03,44.472027
2003-10-06,44.603195
2003-10-07,44.346050
2003-10-08,44.424778
2003-10-09,44.283047
2003-10-10,44.414291
2003-10-13,44.346050
2003-10-14,44.167622
2003-10-15,44.010185
2003-10-16,43.768780
2003-10-17,44.004921
2003-10-20,44.036438
2003-10-21,44.115166
2003-10-22,44.435287
2003-10-23,44.293579
2003-10-24,44.603195
2003-10-27,44.482517
2003-10-28,44.692398
2003-10-29,44.403801
2003-10-30,44.241100
2003-10-31,44.398556
2003-11-03,44.229538
2003-11-04,44.387489
2003-11-05,44.229538
2003-11-06,44.003071
2003-11-07,43.929382
2003-11-10,43.913620
2003-11-11,43.982067
2003-11-12,44.124210
2003-11-13,44.508568
2003-11-14,44.750797
2003-11-17,44.803432
2003-11-18,44.987717
2003-11-19,44.682377
2003-11-20,44.961437
2003-11-21,44.940346
2003-11-24,44.703415
2003-11-25,44.813976
2003-11-26,44.703415
2003-11-28,44.408554
2003-12-01,44.137165
2003-12-02,44.263885
2003-12-03,44.147739
2003-12-04,44.242760
2003-12-05,44.781292
2003-12-08,44.612316
2003-12-09,44.390594
2003-12-10,44.501438
2003-12-11,44.770710
2003-12-12,44.770710
2003-12-15,44.749599
2003-12-16,45.288147
2003-12-17,45.405445
2003-12-18,45.560101
2003-12-19,45.565483
2003-12-22,45.442822
2003-12-23,45.133541
2003-12-24,45.416142
2003-12-26,45.560101
2003-12-29,45.282829
2003-12-30,45.234825
2003-12-31,45.314560
2004-01-02,44.950790
2004-01-05,44.913326
2004-01-06,45.250393
2004-01-07,45.352005
2004-01-08,45.352005
2004-01-09,45.887001
2004-01-12,45.887001
2004-01-13,46.133091
2004-01-14,46.224102
2004-01-15,46.250801
2004-01-16,46.058228
2004-01-20,45.977970
2004-01-21,46.111748
2004-01-22,46.309677
2004-01-23,45.961937
2004-01-26,45.769341
2004-01-27,45.951244
2004-01-28,45.619553
2004-01-29,45.566013
2004-01-30,45.774639
2004-02-02,45.729057
2004-02-03,45.906166
2004-02-04,45.830975
2004-02-05,45.659283
2004-02-06,45.938305
2004-02-09,46.045654
2004-02-10,45.916874
2004-02-11,46.158356
2004-02-12,46.131538
2004-02-13,46.249592
2004-02-17,46.249592
2004-02-18,46.238853
2004-02-19,46.271008
2004-02-20,46.115391
2004-02-23,46.265667
2004-02-24,46.346130
2004-02-25,46.399822
2004-02-26,46.330032
2004-02-27,46.512497
2004-03-01,46.561481
2004-03-02,46.292412
2004-03-03,46.249336
2004-03-04,46.394630
2004-03-05,46.970436
2004-03-08,47.234158
2004-03-09,47.411732
2004-03-10,47.406364
2004-03-11,47.411732
2004-03-12,47.266464
2004-03-15,47.293377
2004-03-16,47.524776
2004-03-17,47.492500
2004-03-18,47.341801
2004-03-19,47.277187
2004-03-22,47.454796
2004-03-23,47.524776
2004-03-24,47.492500
2004-03-25,47.427891
2004-03-26,47.126522
2004-03-29,46.927425
2004-03-30,46.943581
2004-03-31,47.115753
2004-04-01,47.000252
2004-04-02,46.131275
2004-04-05,45.904594
2004-04-06,46.066532
2004-04-07,46.071926
2004-04-08,45.985554
2004-04-12,45.839825
2004-04-13,45.483616
2004-04-14,45.451248
2004-04-15,45.386429
2004-04-16,45.553799
2004-04-19,45.435036
2004-04-20,45.105789
2004-04-21,45.197559
2004-04-22,45.375648
2004-04-23,45.186726
2004-04-26,45.181393
2004-04-27,45.359512
2004-04-28,45.062592
2004-04-29,44.960079
2004-04-30,45.068027
2004-05-03,45.050682
2004-05-04,44.920734
2004-05-05,44.817844
2004-05-06,44.774521
2004-05-07,44.222244
2004-05-10,44.211403
2004-05-11,44.298031
2004-05-12,44.233032
2004-05-13,44.097664
2004-05-14,44.319683
2004-05-17,44.606640
2004-05-18,44.520054
2004-05-19,44.314266
2004-05-20,44.536266
2004-05-21,44.438808
2004-05-24,44.471291
2004-05-25,44.487549
2004-05-26,44.709576
2004-05-27,44.953209
2004-05-28,44.828674
2004-06-01,44.605400
2004-06-02,44.529346
2004-06-03,44.599941
2004-06-04,44.415207
2004-06-07,44.480412
2004-06-08,44.469551
2004-06-09,44.339161
2004-06-10,44.388050
2004-06-14,44.170731
2004-06-15,44.757477
2004-06-16,44.659683
2004-06-17,44.784668
2004-06-18,44.692280
2004-06-21,44.762897
2004-06-22,44.703163
2004-06-23,44.768383
2004-06-24,44.942219
2004-06-25,44.963989
2004-06-28,44.632542
2004-06-29,44.844433
2004-06-30,45.121548
2004-07-01,45.210358
2004-07-02,45.597351
2004-07-06,45.510174
2004-07-07,45.531982
2004-07-08,45.537415
2004-07-09,45.613720
2004-07-12,45.668282
2004-07-13,45.570133
2004-07-14,45.548332
2004-07-15,45.526535
2004-07-16,45.968063
2004-07-19,45.957146
2004-07-20,45.657299
2004-07-21,45.559254
2004-07-22,45.613720
2004-07-23,45.722767
2004-07-26,45.564671
2004-07-27,45.243069
2004-07-28,45.313931
2004-07-29,45.357517
2004-07-30,45.668282
2004-08-02,45.713623
2004-08-03,45.823009
2004-08-04,45.795670
2004-08-05,45.932377
2004-08-06,46.561325
2004-08-09,46.408161
2004-08-10,46.216755
2004-08-11,46.375374
2004-08-12,46.435513
2004-08-13,46.517540
2004-08-16,46.468338
2004-08-17,46.687077
2004-08-18,46.533970
2004-08-19,46.648808
2004-08-20,46.555859
2004-08-23,46.397217
2004-08-24,46.440990
2004-08-25,46.446465
2004-08-26,46.648808
2004-08-27,46.594109
2004-08-30,46.758183
2004-08-31,46.960526
2004-09-01,46.952847
2004-09-02,46.700474
2004-09-03,46.574348
2004-09-07,46.601772
2004-09-08,46.870556
2004-09-09,46.788250
2004-09-10,46.881508
2004-09-13,46.996738
2004-09-14,47.007702
2004-09-15,46.958294
2004-09-16,47.216145
2004-09-17,47.051598
2004-09-20,47.320385
2004-09-21,47.353336
2004-09-22,47.545277
2004-09-23,47.380707
2004-09-24,47.375244
2004-09-27,47.506916
2004-09-28,47.457542
2004-09-29,47.161297
2004-09-30,47.111919
2004-10-01,46.923206
2004-10-04,46.939709
2004-10-05,46.939709
2004-10-06,46.785633
2004-10-07,46.703094
2004-10-08,47.099297
2004-10-11,47.176308
2004-10-12,47.176308
2004-10-13,47.346874
2004-10-14,47.511921
2004-10-15,47.352371
2004-10-18,47.423954
2004-10-19,47.407391
2004-10-20,47.621986
2004-10-21,47.555977
2004-10-22,47.688019
2004-10-25,47.743038
2004-10-26,47.660492
2004-10-27,47.368908
2004-10-28,47.440441
2004-10-29,47.577969
2004-11-01,47.343395
2004-11-02,47.459278
2004-11-03,47.442780
2004-11-04,47.415173
2004-11-05,47.061935
2004-11-08,46.995712
2004-11-09,47.006699
2004-11-10,46.912884
2004-11-11,46.901871
2004-11-12,47.078506
2004-11-15,47.100548
2004-11-16,47.050873
2004-11-17,47.299244
2004-11-18,47.337921
2004-11-19,47.078506
2004-11-22,47.111591
2004-11-23,47.067451
2004-11-24,47.133686
2004-11-26,46.962601
2004-11-29,46.681103
2004-11-30,46.636974
2004-12-01,46.621449
2004-12-02,46.516220
2004-12-03,46.981308
2004-12-06,47.069912
2004-12-07,47.064381
2004-12-08,47.413120
2004-12-09,47.302391
2004-12-10,47.374371
2004-12-13,47.407608
2004-12-14,47.490643
2004-12-15,47.662319
2004-12-16,47.296898
2004-12-17,47.236004
2004-12-20,47.291313
2004-12-21,47.357773
2004-12-22,47.307953
2004-12-23,47.247028
2004-12-27,47.047749
2004-12-28,47.042206
2004-12-29,46.948105
2004-12-30,47.125248
2004-12-31,47.181358
2005-01-03,47.275764
2005-01-04,46.981396
2005-01-05,47.059170
2005-01-06,47.103619
2005-01-07,47.064713
2005-01-10,47.059170
2005-01-11,47.153595
2005-01-12,47.225784
2005-01-13,47.414574
2005-01-14,47.386860
2005-01-18,47.370216
2005-01-19,47.397949
2005-01-20,47.481258
2005-01-21,47.575699
2005-01-24,47.570133
2005-01-25,47.392387
2005-01-26,47.403519
2005-01-27,47.331306
2005-01-28,47.575699
2005-01-31,47.592319
2005-02-01,47.559486
2005-02-02,47.565037
2005-02-03,47.487045
2005-02-04,47.732159
2005-02-07,47.826878
2005-02-08,47.871422
2005-02-09,48.105419
2005-02-10,47.804596
2005-02-11,47.743301
2005-02-14,47.804596
2005-02-15,47.732159
2005-02-16,47.559486
2005-02-17,47.453625
2005-02-18,47.214092
2005-02-22,47.219627
2005-02-23,47.258610
2005-02-24,47.180637
2005-02-25,47.247517
2005-02-28,46.941074
2005-03-01,46.941677
2005-03-02,46.936089
2005-03-03,46.908157
2005-03-04,47.120392
2005-03-07,47.131622
2005-03-08,46.908157
2005-03-09,46.550606
2005-03-10,46.634396
2005-03-11,46.438892
2005-03-14,46.550606
2005-03-15,46.461250
2005-03-16,46.567348
2005-03-17,46.746120
2005-03-18,46.628811
2005-03-21,46.572952
2005-03-22,46.232166
2005-03-23,46.338348
2005-03-24,46.377426
2005-03-28,46.226635
2005-03-29,46.416565
2005-03-30,46.522694
2005-03-31,46.751751
2005-04-01,46.846485
2005-04-04,46.824062
2005-04-05,46.829639
2005-04-06,46.969753
2005-04-07,46.790401
2005-04-08,46.840866
2005-04-11,46.980946
2005-04-12,47.227566
2005-04-13,47.250023
2005-04-14,47.373310
2005-04-15,47.681568
2005-04-18,47.580685
2005-04-19,47.855328
2005-04-20,47.827305
2005-04-21,47.485428
2005-04-22,47.687233
2005-04-25,47.687233
2005-04-26,47.664791
2005-04-27,47.810532
2005-04-28,48.101948
2005-04-29,47.928200
2005-05-02,47.977112
2005-05-03,48.039009
2005-05-04,48.027740
2005-05-05,48.179512
2005-05-06,47.836597
2005-05-09,47.830917
2005-05-10,47.999638
2005-05-11,48.061451
2005-05-12,48.106499
2005-05-13,48.230183
2005-05-16,48.235786
2005-05-17,48.297611
2005-05-18,48.455025
2005-05-19,48.308895
2005-05-20,48.303253
2005-05-23,48.522526
2005-05-24,48.651836
2005-05-25,48.477516
2005-05-26,48.505615
2005-05-27,48.556263
2005-05-31,48.809265
2005-06-01,49.110428
2005-06-02,49.093510
2005-06-03,48.811512
2005-06-06,48.941219
2005-06-07,49.082237
2005-06-08,48.992023
2005-06-09,48.963810
2005-06-10,48.653606
2005-06-13,48.523903
2005-06-14,48.467487
2005-06-15,48.450607
2005-06-16,48.602833
2005-06-17,48.546467
2005-06-20,48.473141
2005-06-21,48.625427
2005-06-22,48.992023
2005-06-23,48.941219
2005-06-24,49.059689
2005-06-27,49.099152
2005-06-28,48.890484
2005-06-29,48.873562
2005-06-30,49.042774
2005-07-01,48.620770
2005-07-05,48.422775
2005-07-06,48.524559
2005-07-07,48.637733
2005-07-08,48.462345
2005-07-11,48.439713
2005-07-12,48.315323
2005-07-13,48.270012
2005-07-14,48.207779
2005-07-15,48.219116
2005-07-18,48.139904
2005-07-19,48.207779
2005-07-20,48.298313
2005-07-21,47.941898
2005-07-22,48.168221
2005-07-25,48.083370
2005-07-26,48.117275
2005-07-27,48.049446
2005-07-28,48.258713
2005-07-29,47.970207
2005-08-01,47.874290
2005-08-02,47.828915
2005-08-03,47.948078
2005-08-04,47.914024
2005-08-05,47.658630
2005-08-08,47.533813
2005-08-09,47.669991
2005-08-10,47.647320
2005-08-11,47.851639
2005-08-12,48.044590
2005-08-15,47.982101
2005-08-16,48.209095
2005-08-17,48.021858
2005-08-18,48.277210
2005-08-19,48.248833
2005-08-22,48.288567
2005-08-23,48.379395
2005-08-24,48.402103
2005-08-25,48.430458
2005-08-26,48.351017
2005-08-29,48.385052
2005-08-30,48.612057
2005-08-31,48.929890
2005-09-01,48.977665
2005-09-02,48.989044
2005-09-06,48.835354
2005-09-07,48.675953
2005-09-08,48.675953
2005-09-09,48.715771
2005-09-12,48.562080
2005-09-13,48.710075
2005-09-14,48.607628
2005-09-15,48.459610
2005-09-16,48.271717
2005-09-19,48.368523
2005-09-20,48.328682
2005-09-21,48.550701
2005-09-22,48.584835
2005-09-23,48.317295
2005-09-26,48.192020
2005-09-27,48.220512
2005-09-28,48.317295
2005-09-29,48.209091
2005-09-30,48.072491
2005-10-03,47.887993
2005-10-04,47.910839
2005-10-05,48.025089
2005-10-06,47.962234
2005-10-07,48.025089
2005-10-10,48.036488
2005-10-11,47.945141
2005-10-12,47.762348
2005-10-13,47.688068
2005-10-14,47.688068
2005-10-17,47.630955
2005-10-18,47.699520
2005-10-19,47.756611
2005-10-20,47.785149
2005-10-21,47.996510
2005-10-24,47.790871
2005-10-25,47.568138
2005-10-26,47.385345
2005-10-27,47.493916
2005-10-28,47.442482
2005-10-31,47.476688
2005-11-01,47.446926
2005-11-02,47.349468
2005-11-03,47.183281
2005-11-04,47.160351
2005-11-07,47.246334
2005-11-08,47.481346
2005-11-09,47.229145
2005-11-10,47.498505
2005-11-11,47.555817
2005-11-14,47.343746
2005-11-15,47.504227
2005-11-16,47.744972
2005-11-17,47.836658
2005-11-18,47.722057
2005-11-21,47.813728
2005-11-22,47.979969
2005-11-23,47.853886
2005-11-25,47.997166
2005-11-28,48.060207
2005-11-29,47.796558
2005-11-30,47.773651
2005-12-01,47.666080
2005-12-02,47.706348
2005-12-05,47.562576
2005-12-06,47.786835
2005-12-07,47.758141
2005-12-08,47.965153
2005-12-09,47.752354
2005-12-12,47.643082
2005-12-13,47.758141
2005-12-14,48.057148
2005-12-15,47.993889
2005-12-16,48.080185
2005-12-19,48.108944
2005-12-20,48.028454
2005-12-21,47.965153
2005-12-22,48.154964
2005-12-23,48.269997
2005-12-27,48.500042
2005-12-28,48.351101
2005-12-29,48.408833
2005-12-30,48.426136
2006-01-03,48.420372
2006-01-04,48.506935
2006-01-05,48.518497
2006-01-06,48.455017
2006-01-09,48.478077
2006-01-10,48.281857
2006-01-11,48.160641
2006-01-12,48.333778
2006-01-13,48.547352
2006-01-17,48.605083
2006-01-18,48.622349
2006-01-19,48.501160
2006-01-20,48.581955
2006-01-23,48.570419
2006-01-24,48.489647
2006-01-25,48.189522
2006-01-26,48.085640
2006-01-27,48.120266
2006-01-30,48.016369
2006-01-31,48.085640
2006-02-01,47.937405
2006-02-02,47.937405
2006-02-03,48.082184
2006-02-06,48.012707
2006-02-07,47.954792
2006-02-08,47.925869
2006-02-09,47.972164
2006-02-10,47.833225
2006-02-13,47.833225
2006-02-14,47.763763
2006-02-15,47.850601
2006-02-16,47.827415
2006-02-17,47.989555
2006-02-21,47.931622
2006-02-22,48.111134
2006-02-23,47.995327
2006-02-24,47.937405
2006-02-27,47.844803
2006-02-28,48.035839
2006-03-01,47.941162
2006-03-02,47.749535
2006-03-03,47.633354
2006-03-06,47.482327
2006-03-07,47.505562
2006-03-08,47.528793
2006-03-09,47.575253
2006-03-10,47.482327
2006-03-13,47.441669
2006-03-14,47.714684
2006-03-15,47.627541
2006-03-16,47.929577
2006-03-17,47.830856
2006-03-20,47.923775
2006-03-21,47.726334
2006-03-22,47.784374
2006-03-23,47.662369
2006-03-24,47.871460
2006-03-27,47.766968
2006-03-28,47.534573
2006-03-29,47.488163
2006-03-30,47.348747
2006-03-31,47.383583
2006-04-03,47.331139
2006-04-04,47.336964
2006-04-05,47.447704
2006-04-06,47.313652
2006-04-07,47.098103
2006-04-10,47.156361
2006-04-11,47.243755
2006-04-12,47.133060
2006-04-13,46.882496
2006-04-17,47.063126
2006-04-18,47.214596
2006-04-19,47.080601
2006-04-20,47.039799
2006-04-21,47.138882
2006-04-24,47.197136
2006-04-25,46.899952
2006-04-26,46.876629
2006-04-27,47.004848
2006-04-28,47.086437
2006-05-01,46.831459
2006-05-02,46.907436
2006-05-03,46.843155
2006-05-04,46.813889
2006-05-05,46.925026
2006-05-08,46.948429
2006-05-09,46.930893
2006-05-10,46.954262
2006-05-11,46.872402
2006-05-12,46.696964
2006-05-15,46.796356
2006-05-16,46.971802
2006-05-17,46.837276
2006-05-18,47.170628
2006-05-19,47.141418
2006-05-22,47.205723
2006-05-23,47.188198
2006-05-24,47.258377
2006-05-25,47.182320
2006-05-26,47.223251
2006-05-30,47.182320
2006-05-31,47.036110
2006-06-01,47.114784
2006-06-02,47.478676
2006-06-05,47.384804
2006-06-06,47.425858
2006-06-07,47.361305
2006-06-08,47.425858
2006-06-09,47.543236
2006-06-12,47.519791
2006-06-13,47.584343
2006-06-14,47.267384
2006-06-15,47.161739
2006-06-16,47.132366
2006-06-19,47.079567
2006-06-20,47.044346
2006-06-21,47.038502
2006-06-22,46.885857
2006-06-23,46.844803
2006-06-26,46.815437
2006-06-27,46.938683
2006-06-28,46.786079
2006-06-29,46.979797
2006-06-30,47.144131
2006-07-03,47.121742
2006-07-05,46.950829
2006-07-06,47.098133
2006-07-07,47.245453
2006-07-10,47.280834
2006-07-11,47.333855
2006-07-12,47.375118
2006-07-13,47.481171
2006-07-14,47.516510
2006-07-17,47.475269
2006-07-18,47.292667
2006-07-19,47.593136
2006-07-20,47.693253
2006-07-21,47.663834
2006-07-24,47.663834
2006-07-25,47.616718
2006-07-26,47.734528
2006-07-27,47.728642
2006-07-28,47.858295
2006-07-31,47.934875
2006-08-01,47.946140
2006-08-02,47.987560
2006-08-03,47.999359
2006-08-04,48.236000
2006-08-07,48.170910
2006-08-08,48.176872
2006-08-09,48.153187
2006-08-10,48.165020
2006-08-11,48.011196
2006-08-14,47.928391
2006-08-15,48.159100
2006-08-16,48.360180
2006-08-17,48.348385
2006-08-18,48.478523
2006-08-21,48.537693
2006-08-22,48.555458
2006-08-23,48.508121
2006-08-24,48.555458
2006-08-25,48.620491
2006-08-28,48.614590
2006-08-29,48.655933
2006-08-30,48.715141
2006-08-31,48.780239
2006-09-01,48.852657
2006-09-05,48.692371
2006-09-06,48.656750
2006-09-07,48.692371
2006-09-08,48.739868
2006-09-11,48.650776
2006-09-12,48.787365
2006-09-13,48.834873
2006-09-14,48.739868
2006-09-15,48.710136
2006-09-18,48.638878
2006-09-19,48.929905
2006-09-20,48.941753
2006-09-21,49.292084
2006-09-22,49.440525
2006-09-25,49.606812
2006-09-26,49.482151
2006-09-27,49.470287
2006-09-28,49.422745
2006-09-29,49.369308
2006-10-02,49.456276
2006-10-03,49.450340
2006-10-04,49.676857
2006-10-05,49.504005
2006-10-06,49.235779
2006-10-09,49.295383
2006-10-10,48.997318
2006-10-11,48.937698
2006-10-12,48.967541
2006-10-13,48.884087
2006-10-16,48.967541
2006-10-17,49.021244
2006-10-18,49.009251
2006-10-19,48.967541
2006-10-20,48.955654
2006-10-23,48.818493
2006-10-24,48.884087
2006-10-25,49.062916
2006-10-26,49.229767
2006-10-27,49.390724
2006-10-30,49.414577
2006-10-31,49.635117
2006-11-01,49.807446
2006-11-02,49.669834
2006-11-03,49.292912
2006-11-06,49.340775
2006-11-07,49.508289
2006-11-08,49.616016
2006-11-09,49.610016
2006-11-10,49.717724
2006-11-13,49.693783
2006-11-14,49.795502
2006-11-15,49.657902
2006-11-16,49.532280
2006-11-17,49.711685
2006-11-20,49.741642
2006-11-21,49.813400
2006-11-22,49.891212
2006-11-24,49.945053
2006-11-27,49.992889
2006-11-28,50.082672
2006-11-29,50.022823
2006-11-30,50.286095
2006-12-01,50.402599
2006-12-04,50.396542
2006-12-05,50.330505
2006-12-06,50.252422
2006-12-07,50.234436
2006-12-08,50.006252
2006-12-11,50.162399
2006-12-12,50.252422
2006-12-13,49.994232
2006-12-14,49.916191
2006-12-15,49.928192
2006-12-18,49.952217
2006-12-19,49.940189
2006-12-20,49.928192
2006-12-21,50.108345
2006-12-22,49.880161
2006-12-26,49.916191
2006-12-27,49.783073
2006-12-28,49.668701
2006-12-29,49.644573
2007-01-03,49.789116
2007-01-04,49.969780
2007-01-05,49.807201
2007-01-08,49.843327
2007-01-09,49.831291
2007-01-10,49.746948
2007-01-11,49.614502
2007-01-12,49.512135
2007-01-16,49.608501
2007-01-17,49.512135
2007-01-18,49.578365
2007-01-19,49.500103
2007-01-22,49.590420
2007-01-23,49.445904
2007-01-24,49.451916
2007-01-25,49.259197
2007-01-26,49.253181
2007-01-29,49.217079
2007-01-30,49.265224
2007-01-31,49.445904
2007-02-01,49.410252
2007-02-02,49.452530
2007-02-05,49.506947
2007-02-06,49.645962
2007-02-07,49.754784
2007-02-08,49.766865
2007-02-09,49.615788
2007-02-12,49.549259
2007-02-13,49.512955
2007-02-14,49.797081
2007-02-15,49.875668
2007-02-16,49.930080
2007-02-20,49.990524
2007-02-21,49.984474
2007-02-22,49.857563
2007-02-23,50.057007
2007-02-26,50.214153
2007-02-27,50.637306
2007-02-28,50.462036
2007-03-01,50.507477
2007-03-02,50.671253
2007-03-05,50.701588
2007-03-06,50.634861
2007-03-07,50.725845
2007-03-08,50.719765
2007-03-09,50.434734
2007-03-12,50.574181
2007-03-13,50.798615
2007-03-14,50.731911
2007-03-15,50.677292
2007-03-16,50.671253
2007-03-19,50.604557
2007-03-20,50.677292
2007-03-21,50.750069
2007-03-22,50.580276
2007-03-23,50.501434
2007-03-26,50.543900
2007-03-27,50.531750
2007-03-28,50.525723
2007-03-29,50.452888
2007-03-30,50.392250
2007-04-02,50.448288
2007-04-03,50.405670
2007-04-04,50.484802
2007-04-05,50.356968
2007-04-09,50.125584
2007-04-10,50.229103
2007-04-11,50.168209
2007-04-12,50.216946
2007-04-13,50.131725
2007-04-16,50.186504
2007-04-17,50.399574
2007-04-18,50.515247
2007-04-19,50.509182
2007-04-20,50.454372
2007-04-23,50.557869
2007-04-24,50.655266
2007-04-25,50.624840
2007-04-26,50.478714
2007-04-27,50.478714
2007-04-30,50.697887
2007-05-01,50.700340
2007-05-02,50.639259
2007-05-03,50.584202
2007-05-04,50.712566
2007-05-07,50.755348
2007-05-08,50.755348
2007-05-09,50.590385
2007-05-10,50.718674
2007-05-11,50.614784
2007-05-14,50.541454
2007-05-15,50.535336
2007-05-16,50.504749
2007-05-17,50.370338
2007-05-18,50.223633
2007-05-21,50.290848
2007-05-22,50.150341
2007-05-23,50.052525
2007-05-24,50.119778
2007-05-25,50.064770
2007-05-29,49.960892
2007-05-30,50.009781
2007-05-31,49.991467
2007-06-01,49.776062
2007-06-04,49.855785
2007-06-05,49.696301
2007-06-06,49.720833
2007-06-07,49.223797
2007-06-08,49.315865
2007-06-11,49.187004
2007-06-12,48.837219
2007-06-13,48.996769
2007-06-14,49.009060
2007-06-15,49.223797
2007-06-18,49.199215
2007-06-19,49.438545
2007-06-20,49.279034
2007-06-21,49.217670
2007-06-22,49.364941
2007-06-25,49.524467
2007-06-26,49.536770
2007-06-27,49.530594
2007-06-28,49.499920
2007-06-29,49.757668
2007-07-02,49.833431
2007-07-03,49.685608
2007-07-05,49.408379
2007-07-06,49.291355
2007-07-09,49.469994
2007-07-10,49.808758
2007-07-11,49.636288
2007-07-12,49.494617
2007-07-13,49.605480
2007-07-16,49.802616
2007-07-17,49.697857
2007-07-18,49.876530
2007-07-19,49.870380
2007-07-20,50.116749
2007-07-23,50.098289
2007-07-24,50.233826
2007-07-25,50.301552
2007-07-26,50.701958
2007-07-27,50.800499
2007-07-30,50.671135
2007-07-31,50.880573
2007-08-01,50.739609
2007-08-02,50.776680
2007-08-03,51.104450
2007-08-06,50.900379
2007-08-07,50.894207
2007-08-08,50.541676
2007-08-09,50.826183
2007-08-10,50.751976
2007-08-13,50.832371
2007-08-14,51.017876
2007-08-15,51.110638
2007-08-16,51.308502
2007-08-17,51.345627
2007-08-20,51.456913
2007-08-21,51.679565
2007-08-22,51.512596
2007-08-23,51.531162
2007-08-24,51.549721
2007-08-27,51.691940
2007-08-28,51.957825
2007-08-29,51.759922
2007-08-30,52.019703
2007-08-31,52.032078
2007-09-04,51.935184
2007-09-05,52.258034
2007-09-06,52.146286
2007-09-07,52.705067
2007-09-10,52.823036
2007-09-11,52.711327
2007-09-12,52.580864
2007-09-13,52.270458
2007-09-14,52.338768
2007-09-17,52.369766
2007-09-18,52.313892
2007-09-19,52.127613
2007-09-20,51.537842
2007-09-21,51.798603
2007-09-24,51.866901
2007-09-25,51.873081
2007-09-26,51.891739
2007-09-27,52.059357
2007-09-28,52.077984
2007-10-01,52.140320
2007-10-02,52.252464
2007-10-03,52.215080
2007-10-04,52.308567
2007-10-05,51.847446
2007-10-08,52.034378
2007-10-09,51.872345
2007-10-10,51.922226
2007-10-11,51.928402
2007-10-12,51.753967
2007-10-15,51.803783
2007-10-16,51.947144
2007-10-17,52.264931
2007-10-18,52.464344
2007-10-19,52.913036
2007-10-22,52.813335
2007-10-23,52.800865
2007-10-24,53.068840
2007-10-25,53.025181
2007-10-26,52.894283
2007-10-29,52.937923
2007-10-30,52.994030
2007-10-31,52.638824
2007-11-01,53.068443
2007-11-02,53.212311
2007-11-05,53.149742
2007-11-06,53.055977
2007-11-07,53.249809
2007-11-08,53.368645
2007-11-09,53.687576
2007-11-12,53.781368
2007-11-13,53.506260
2007-11-14,53.543770
2007-11-15,53.843884
2007-11-16,53.843884
2007-11-19,54.231636
2007-11-20,54.087826
2007-11-21,54.513077
2007-11-23,54.350471
2007-11-26,55.094589
2007-11-27,54.581833
2007-11-28,54.387997
2007-11-29,54.694439
2007-11-30,54.769459
2007-12-03,54.985901
2007-12-04,55.036121
2007-12-05,54.829071
2007-12-06,54.540432
2007-12-07,54.189018
2007-12-10,54.063553
2007-12-11,54.803997
2007-12-12,54.345932
2007-12-13,53.944298
2007-12-14,53.787449
2007-12-17,54.107471
2007-12-18,54.214149
2007-12-19,54.647114
2007-12-20,54.559246
2007-12-21,54.163960
2007-12-24,54.007053
2007-12-26,53.749802
2007-12-27,54.110668
2007-12-28,54.545223
2007-12-31,54.797134
2008-01-02,55.187580
2008-01-03,55.300930
2008-01-04,55.445801
2008-01-07,55.546574
2008-01-08,55.666233
2008-01-09,55.578110
2008-01-10,55.426903
2008-01-11,55.779625
2008-01-14,55.804775
2008-01-15,56.170063
2008-01-16,56.062981
2008-01-17,56.516438
2008-01-18,56.434547
2008-01-22,57.064301
2008-01-23,56.799847
2008-01-24,56.283405
2008-01-25,56.806129
2008-01-28,56.598305
2008-01-29,56.371605
2008-01-30,56.346397
2008-01-31,56.636112
2008-02-01,56.819954
2008-02-04,56.504044
2008-02-05,56.902008
2008-02-06,56.800991
2008-02-07,56.162910
2008-02-08,56.636742
2008-02-11,56.763020
2008-02-12,56.643017
2008-02-13,56.402977
2008-02-14,56.093391
2008-02-15,56.213425
2008-02-19,55.809120
2008-02-20,55.758575
2008-02-21,56.333511
2008-02-22,56.175545
2008-02-25,55.802826
2008-02-26,55.941753
2008-02-27,56.074451
2008-02-28,56.731464
2008-02-29,57.337959
2008-03-03,57.192215
2008-03-04,56.976753
2008-03-05,56.729591
2008-03-06,57.185867
2008-03-07,57.382317
2008-03-10,57.794250
2008-03-11,57.166859
2008-03-12,57.825920
2008-03-13,57.521725
2008-03-14,58.117382
2008-03-17,58.408905
2008-03-18,58.009731
2008-03-19,58.510307
2008-03-20,58.637066
2008-03-24,57.604118
2008-03-25,57.806915
2008-03-26,57.851315
2008-03-27,57.775261
2008-03-28,58.003407
2008-03-31,58.104801
2008-04-01,57.596653
2008-04-02,57.405930
2008-04-03,57.405930
2008-04-04,57.844711
2008-04-07,57.463177
2008-04-08,57.469490
2008-04-09,57.812893
2008-04-10,57.583946
2008-04-11,57.831940
2008-04-14,57.685696
2008-04-15,57.425018
2008-04-16,57.037148
2008-04-17,56.903599
2008-04-18,56.846333
2008-04-21,56.852737
2008-04-22,56.897236
2008-04-23,56.840004
2008-04-24,56.394901
2008-04-25,56.318619
2008-04-28,56.420341
2008-04-29,56.522072
2008-04-30,56.700172
2008-05-01,56.693718
2008-05-02,56.234501
2008-05-05,56.317410
2008-05-06,56.138798
2008-05-07,56.362049
2008-05-08,56.725681
2008-05-09,56.789436
2008-05-12,56.693718
2008-05-13,56.221706
2008-05-14,56.202595
2008-05-15,56.515179
2008-05-16,56.419479
2008-05-19,56.547047
2008-05-20,56.719296
2008-05-21,56.585304
2008-05-22,56.215332
2008-05-23,56.464104
2008-05-27,56.189812
2008-05-28,55.768841
2008-05-29,55.507298
2008-05-30,55.692287
2008-06-02,56.023239
2008-06-03,56.317684
2008-06-04,56.112892
2008-06-05,55.818394
2008-06-06,56.304901
2008-06-09,55.901611
2008-06-10,55.568745
2008-06-11,55.626389
2008-06-12,55.139862
2008-06-13,55.011822
2008-06-16,55.018215
2008-06-17,55.203838
2008-06-18,55.504761
2008-06-19,55.184647
2008-06-20,55.440716
2008-06-23,55.415142
2008-06-24,55.709583
2008-06-25,55.703190
2008-06-26,56.016834
2008-06-27,56.292057
2008-06-30,56.330486
2008-07-01,56.177631
2008-07-02,56.312504
2008-07-03,56.331753
2008-07-07,56.595085
2008-07-08,56.736389
2008-07-09,57.006161
2008-07-10,57.025360
2008-07-11,56.492336
2008-07-14,56.794216
2008-07-15,56.999699
2008-07-16,56.479462
2008-07-17,56.209755
2008-07-18,56.017075
2008-07-21,56.145527
2008-07-22,55.952869
2008-07-23,55.862938
2008-07-24,56.344673
2008-07-25,56.017075
2008-07-28,56.338238
2008-07-29,56.177631
2008-07-30,56.286839
2008-07-31,56.736389
2008-08-01,56.764755
2008-08-04,56.726074
2008-08-05,56.436077
2008-08-06,56.455414
2008-08-07,56.983917
2008-08-08,56.958103
2008-08-11,56.680969
2008-08-12,57.074097
2008-08-13,56.951656
2008-08-14,57.125633
2008-08-15,57.338329
2008-08-18,57.480080
2008-08-19,57.396317
2008-08-20,57.563877
2008-08-21,57.441448
2008-08-22,57.273857
2008-08-25,57.654091
2008-08-26,57.673450
2008-08-27,57.757221
2008-08-28,57.673450
2008-08-29,57.602562
2008-09-02,57.916161
2008-09-03,58.058399
2008-09-04,58.349396
2008-09-05,58.220081
2008-09-08,58.226532
2008-09-09,58.491619
2008-09-10,58.342903
2008-09-11,58.239456
2008-09-12,57.948483
2008-09-15,59.060616
2008-09-16,58.892506
2008-09-17,59.422733
2008-09-18,58.724411
2008-09-19,57.676910
2008-09-22,57.554077
2008-09-23,57.554077
2008-09-24,57.702808
2008-09-25,57.528202
2008-09-26,57.489426
2008-09-29,58.291195
2008-09-30,57.521702
2008-10-01,57.927231
2008-10-02,58.251652
2008-10-03,58.472275
2008-10-06,58.945938
2008-10-07,58.900467
2008-10-08,58.147842
2008-10-09,57.563934
2008-10-10,56.889145
2008-10-13,56.499847
2008-10-14,56.233826
2008-10-15,56.694469
2008-10-16,56.707470
2008-10-17,57.064301
2008-10-20,57.122707
2008-10-21,57.726120
2008-10-22,58.167347
2008-10-23,58.245182
2008-10-24,57.998634
2008-10-27,57.966225
2008-10-28,57.499020
2008-10-29,57.583351
2008-10-30,57.142159
2008-10-31,57.025383
2008-11-03,57.116539
2008-11-04,57.800301
2008-11-05,58.106350
2008-11-06,57.930584
2008-11-07,57.722153
2008-11-10,57.780758
2008-11-11,57.995659
2008-11-12,58.353794
2008-11-13,57.930584
2008-11-14,58.503571
2008-11-17,58.751060
2008-11-18,59.206913
2008-11-19,59.845078
2008-11-20,61.049805
2008-11-21,60.489784
2008-11-24,59.923206
2008-11-25,60.952103
2008-11-26,61.323269
2008-11-28,61.447056
2008-12-01,62.278706
2008-12-02,62.605400
2008-12-03,62.703434
2008-12-04,63.095467
2008-12-05,62.429035
2008-12-08,62.193813
2008-12-09,62.723026
2008-12-10,62.664219
2008-12-11,63.043194
2008-12-12,63.219578
2008-12-15,63.356819
2008-12-16,64.362961
2008-12-17,64.800735
2008-12-18,65.238533
2008-12-19,65.022888
2008-12-22,64.853027
2008-12-23,64.820305
2008-12-24,64.754974
2008-12-26,65.101257
2008-12-29,65.244911
2008-12-30,65.336723
2008-12-31,64.615318
2009-01-02,63.690659
2009-01-05,63.579197
2009-01-06,63.539825
2009-01-07,63.552940
2009-01-08,63.723427
2009-01-09,64.018585
2009-01-12,64.418655
2009-01-13,64.464462
2009-01-14,64.825134
2009-01-15,64.772705
2009-01-16,64.176025
2009-01-20,64.077599
2009-01-21,63.507050
2009-01-22,63.087322
2009-01-23,63.100452
2009-01-26,62.943066
2009-01-27,63.356236
2009-01-28,62.949608
2009-01-29,62.129875
2009-01-30,62.103653
2009-02-02,62.607372
2009-02-03,62.068096
2009-02-04,61.752438
2009-02-05,61.897137
2009-02-06,61.522308
2009-02-09,61.397308
2009-02-10,62.219387
2009-02-11,62.699509
2009-02-12,62.679771
2009-02-13,62.186504
2009-02-17,63.232220
2009-02-18,62.771843
2009-02-19,62.423290
2009-02-20,62.600788
2009-02-23,62.660027
2009-02-24,62.423290
2009-02-25,61.857666
2009-02-26,61.699867
2009-02-27,61.647247
2009-03-02,62.265728
2009-03-03,62.186604
2009-03-04,61.870075
2009-03-05,62.595444
2009-03-06,62.298664
2009-03-09,62.325069
2009-03-10,61.870075
2009-03-11,62.311932
2009-03-12,62.489918
2009-03-13,62.443779
2009-03-16,62.087719
2009-03-17,61.969009
2009-03-18,64.092216
2009-03-19,63.874630
2009-03-20,63.874630
2009-03-23,63.657051
2009-03-24,63.564751
2009-03-25,63.182308
2009-03-26,63.347202
2009-03-27,63.307590
2009-03-30,63.577915
2009-03-31,63.690048
2009-04-01,63.846123
2009-04-02,63.429543
2009-04-03,62.702110
2009-04-06,62.556606
2009-04-07,62.715324
2009-04-08,63.026115
2009-04-09,62.655827
2009-04-13,63.026115
2009-04-14,63.350155
2009-04-15,63.409695
2009-04-16,63.158348
2009-04-17,62.649181
2009-04-20,63.085590
2009-04-21,62.840942
2009-04-22,62.688866
2009-04-23,62.675594
2009-04-24,62.430946
2009-04-27,62.688866
2009-04-28,62.384655
2009-04-29,62.047371
2009-04-30,61.941628
2009-05-01,61.742619
2009-05-04,61.802303
2009-05-05,61.789043
2009-05-06,61.815609
2009-05-07,61.298244
2009-05-08,61.371193
2009-05-11,61.948238
2009-05-12,61.908451
2009-05-13,62.193684
2009-05-14,62.200279
2009-05-15,62.047745
2009-05-18,61.683006
2009-05-19,61.596718
2009-05-20,61.789043
2009-05-21,61.112514
2009-05-22,60.754391
2009-05-26,60.349762
2009-05-27,59.666649
2009-05-28,59.978401
2009-05-29,60.654915
2009-06-01,59.665035
2009-06-02,59.864609
2009-06-03,60.230499
2009-06-04,59.531982
2009-06-05,58.939957
2009-06-08,58.640591
2009-06-09,58.893375
2009-06-10,58.540783
2009-06-11,58.939957
2009-06-12,59.252525
2009-06-15,59.518665
2009-06-16,59.851299
2009-06-17,59.691666
2009-06-18,58.966503
2009-06-19,59.239239
2009-06-22,59.558548
2009-06-23,59.751522
2009-06-24,59.525364
2009-06-25,60.270359
2009-06-26,60.350189
2009-06-29,60.476646
2009-06-30,60.316956
2009-07-01,60.278252
2009-07-02,60.478397
2009-07-06,60.518398
2009-07-07,60.758621
2009-07-08,61.459023
2009-07-09,61.098766
2009-07-10,61.479012
2009-07-13,61.258892
2009-07-14,60.851994
2009-07-15,60.064789
2009-07-16,60.425011
2009-07-17,60.018112
2009-07-20,60.238205
2009-07-21,60.912003
2009-07-22,60.551735
2009-07-23,59.964748
2009-07-24,60.091454
2009-07-27,59.811298
2009-07-28,59.931381
2009-07-29,59.971386
2009-07-30,60.211571
2009-07-31,60.818645
2009-08-03,60.172348
2009-08-04,59.998367
2009-08-05,59.657188
2009-08-06,59.657188
2009-08-07,59.262455
2009-08-10,59.643799
2009-08-11,60.058563
2009-08-12,59.891335
2009-08-13,60.359638
2009-08-14,60.546989
2009-08-17,60.961788
2009-08-18,60.747734
2009-08-19,60.975128
2009-08-20,61.135700
2009-08-21,60.513535
2009-08-24,60.888195
2009-08-25,61.048771
2009-08-26,61.129093
2009-08-27,60.961788
2009-08-28,61.102287
2009-08-31,61.282898
2009-09-01,61.441906
2009-09-02,61.777378
2009-09-03,61.555965
2009-09-04,61.186962
2009-09-08,61.046066
2009-09-09,61.099720
2009-09-10,61.555965
2009-09-11,61.737103
2009-09-14,61.374821
2009-09-15,61.247356
2009-09-16,61.200424
2009-09-17,61.502289
2009-09-18,61.173580
2009-09-21,61.133327
2009-09-22,61.294338
2009-09-23,61.428505
2009-09-24,61.596188
2009-09-25,61.844456
2009-09-28,61.951801
2009-09-29,61.924984
2009-09-30,61.971928
2009-10-01,62.438198
2009-10-02,62.411240
2009-10-05,62.404526
2009-10-06,62.202679
2009-10-07,62.599632
2009-10-08,62.370872
2009-10-09,61.772141
2009-10-12,61.953747
2009-10-13,62.095085
2009-10-14,61.671234
2009-10-15,61.469456
2009-10-16,61.751930
2009-10-19,61.846130
2009-10-20,61.987431
2009-10-21,61.846130
2009-10-22,61.664463
2009-10-23,61.361736
2009-10-26,61.011959
2009-10-27,61.536652
2009-10-28,61.725014
2009-10-29,61.429054
2009-10-30,61.886505
2009-11-02,61.723637
2009-11-03,61.581192
2009-11-04,61.411617
2009-11-05,61.425133
2009-11-06,61.608395
2009-11-09,61.635506
2009-11-10,61.682972
2009-11-11,61.859398
2009-11-12,61.879711
2009-11-13,61.927193
2009-11-16,62.259636
2009-11-17,62.395294
2009-11-18,62.239285
2009-11-19,62.313923
2009-11-20,62.307095
2009-11-23,62.218918
2009-11-24,62.537788
2009-11-25,62.748108
2009-11-27,63.033051
2009-11-30,63.134781
2009-12-01,62.786720
2009-12-02,62.657463
2009-12-03,62.365093
2009-12-04,61.902763
2009-12-07,62.072769
2009-12-08,62.290310
2009-12-09,62.167946
2009-12-10,61.957188
2009-12-11,61.651108
2009-12-14,61.651108
2009-12-15,61.453979
2009-12-16,61.453979
2009-12-17,61.997913
2009-12-18,61.691933
2009-12-21,61.059639
2009-12-22,60.787586
2009-12-23,60.760456
2009-12-24,60.542843
2009-12-28,60.379650
2009-12-29,60.539074
2009-12-30,60.648037
2009-12-31,60.355167
2010-01-04,60.504986
2010-01-05,60.770679
2010-01-06,60.525459
2010-01-07,60.525459
2010-01-08,60.600368
2010-01-11,60.641251
2010-01-12,61.077217
2010-01-13,60.784348
2010-01-14,61.070408
2010-01-15,61.342899
2010-01-19,61.233898
2010-01-20,61.445080
2010-01-21,61.669876
2010-01-22,61.724354
2010-01-25,61.588135
2010-01-26,61.710724
2010-01-27,61.567726
2010-01-28,61.547253
2010-01-29,61.785686
2010-02-01,61.573799
2010-02-02,61.676315
2010-02-03,61.382393
2010-02-04,61.888203
2010-02-05,62.086403
2010-02-08,62.031761
2010-02-09,61.696793
2010-02-10,61.525978
2010-02-11,61.450768
2010-02-12,61.594303
2010-02-16,61.730976
2010-02-17,61.402954
2010-02-18,61.184208
2010-02-19,61.218380
2010-02-22,61.170536
2010-02-23,61.635323
2010-02-24,61.669498
2010-02-25,61.895004
2010-02-26,61.990738
2010-03-01,62.055134
2010-03-02,62.089367
2010-03-03,62.027714
2010-03-04,62.137356
2010-03-05,61.842693
2010-03-08,61.678173
2010-03-09,61.835842
2010-03-10,61.733021
2010-03-11,61.678173
2010-03-12,61.774189
2010-03-15,61.774189
2010-03-16,62.014008
2010-03-17,62.089367
2010-03-18,61.924923
2010-03-19,61.842693
2010-03-22,62.048256
2010-03-23,61.918072
2010-03-24,61.301296
2010-03-25,61.075134
2010-03-26,61.219021
2010-03-29,61.129944
2010-03-30,61.191635
2010-03-31,61.335537
2010-04-01,61.208420
2010-04-05,60.658592
2010-04-06,60.837250
2010-04-07,61.215290
2010-04-08,61.146511
2010-04-09,61.215290
2010-04-12,61.380245
2010-04-13,61.497070
2010-04-14,61.332115
2010-04-15,61.435188
2010-04-16,61.806328
2010-04-19,61.655140
2010-04-20,61.682621
2010-04-21,61.881905
2010-04-22,61.737595
2010-04-23,61.565735
2010-04-26,61.607006
2010-04-27,62.184357
2010-04-28,61.868214
2010-04-29,61.971268
2010-04-30,62.349258
2010-05-03,62.185917
2010-05-04,62.606430
2010-05-05,62.847641
2010-05-06,63.537037
2010-05-07,63.364685
2010-05-10,62.882133
2010-05-11,62.957947
2010-05-12,62.799393
2010-05-13,62.971745
2010-05-14,63.378464
2010-05-17,63.240601
2010-05-18,63.702469
2010-05-19,63.757587
2010-05-20,64.378044
2010-05-21,64.412476
2010-05-24,64.412476
2010-05-25,64.633110
2010-05-26,64.502106
2010-05-27,63.888569
2010-05-28,64.178101
2010-06-01,64.261070
2010-06-02,63.894699
2010-06-03,63.804798
2010-06-04,64.689644
2010-06-07,64.952339
2010-06-08,64.751854
2010-06-09,64.758804
2010-06-10,64.157364
2010-06-11,64.565239
2010-06-14,64.509918
2010-06-15,64.309441
2010-06-16,64.489212
2010-06-17,64.793365
2010-06-18,64.661987
2010-06-21,64.613632
2010-06-22,65.000702
2010-06-23,65.242661
2010-06-24,65.187378
2010-06-25,65.291031
2010-06-28,65.754211
2010-06-29,66.037659
2010-06-30,66.134415
2010-07-01,66.105263
2010-07-02,65.987495
2010-07-06,66.146927
2010-07-07,65.938995
2010-07-08,65.779617
2010-07-09,65.606300
2010-07-12,65.717163
2010-07-13,65.391426
2010-07-14,65.717163
2010-07-15,66.056801
2010-07-16,66.437965
2010-07-19,66.264748
2010-07-20,66.334023
2010-07-21,66.756813
2010-07-22,66.389519
2010-07-23,66.174660
2010-07-26,66.153778
2010-07-27,65.925102
2010-07-28,66.209274
2010-07-29,66.347893
2010-07-30,66.735977
2010-08-02,66.529610
2010-08-03,66.842300
2010-08-04,66.564438
2010-08-05,66.884018
2010-08-06,67.321808
2010-08-09,67.307922
2010-08-10,67.648399
2010-08-11,68.030579
2010-08-12,67.856941
2010-08-13,68.148727
2010-08-16,68.642143
2010-08-17,68.294655
2010-08-18,68.225166
2010-08-19,68.530945
2010-08-20,68.308525
2010-08-23,68.398918
2010-08-24,68.940956
2010-08-25,68.628250
2010-08-26,68.940956
2010-08-27,68.148727
2010-08-30,68.669876
2010-08-31,68.975662
2010-09-01,68.478973
2010-09-02,68.193375
2010-09-03,67.803276
2010-09-07,68.339684
2010-09-08,68.151535
2010-09-09,67.615135
2010-09-10,67.420113
2010-09-13,67.740540
2010-09-14,68.081909
2010-09-15,67.845016
2010-09-16,67.608238
2010-09-17,67.761444
2010-09-20,67.970413
2010-09-21,68.604362
2010-09-22,68.708839
2010-09-23,68.806419
2010-09-24,68.465050
2010-09-27,68.994476
2010-09-28,69.224365
2010-09-29,69.057144
2010-09-30,68.973595
2010-10-01,69.010620
2010-10-04,69.254974
2010-10-05,69.268898
2010-10-06,69.715843
2010-10-07,69.785637
2010-10-08,69.813614
2010-10-11,69.883446
2010-10-12,69.680969
2010-10-13,69.680969
2010-10-14,69.282913
2010-10-15,68.982651
2010-10-18,69.310898
2010-10-19,69.548256
2010-10-20,69.506378
2010-10-21,69.122322
2010-10-22,69.143234
2010-10-25,69.122322
2010-10-26,68.661438
2010-10-27,68.263451
2010-10-28,68.661438
2010-10-29,68.968697
2010-11-01,68.853218
2010-11-02,69.084152
2010-11-03,69.308182
2010-11-04,69.868141
2010-11-05,69.574043
2010-11-08,69.595100
2010-11-09,69.007149
2010-11-10,69.266159
2010-11-11,69.189171
2010-11-12,68.615250
2010-11-15,67.733269
2010-11-16,68.237236
2010-11-17,68.041290
2010-11-18,67.880264
2010-11-19,68.020256
2010-11-22,68.384239
2010-11-23,68.524223
2010-11-24,67.789330
2010-11-26,68.083214
2010-11-29,68.230278
2010-11-30,68.349236
2010-12-01,67.450409
2010-12-02,67.281990
2010-12-03,67.288994
2010-12-06,67.710075
2010-12-07,66.587387
2010-12-08,66.019043
2010-12-09,66.159386
2010-12-10,65.598030
2010-12-13,65.808517
2010-12-14,65.113869
2010-12-15,64.847275
2010-12-16,65.233215
2010-12-17,65.794525
2010-12-20,65.787514
2010-12-21,65.927788
2010-12-22,65.745392
2010-12-23,65.513847
2010-12-27,65.766464
2010-12-28,65.075562
2010-12-29,65.807228
2010-12-30,65.673599
2010-12-31,66.004234
2011-01-03,65.800186
2011-01-04,65.954979
2011-01-05,65.244423
2011-01-06,65.582100
2011-01-07,66.018295
2011-01-10,66.243439
2011-01-11,65.983116
2011-01-12,65.793137
2011-01-13,66.236404
2011-01-14,66.053474
2011-01-18,65.891678
2011-01-19,66.060509
2011-01-20,65.546944
2011-01-21,65.765015
2011-01-24,65.772057
2011-01-25,66.102707
2011-01-26,65.701698
2011-01-27,65.947968
2011-01-28,66.250458
2011-01-31,65.990173
2011-02-01,65.683311
2011-02-02,65.528206
2011-02-03,65.154442
2011-02-04,64.752411
2011-02-07,64.724174
2011-02-08,64.279854
2011-02-09,64.646599
2011-02-10,64.435013
2011-02-11,64.731216
2011-02-14,64.752411
2011-02-15,64.900475
2011-02-16,64.808823
2011-02-17,65.048607
2011-02-18,65.034485
2011-02-22,65.662247
2011-02-23,65.499977
2011-02-24,65.669258
2011-02-25,65.880829
2011-02-28,65.852669
2011-03-01,65.927567
2011-03-02,65.581200
2011-03-03,65.135841
2011-03-04,65.602348
2011-03-07,65.439804
2011-03-08,65.284271
2011-03-09,65.666016
2011-03-10,66.224495
2011-03-11,66.068954
2011-03-14,66.217384
2011-03-15,66.457764
2011-03-16,67.023308
2011-03-17,66.818245
2011-03-18,66.775879
2011-03-21,66.429482
2011-03-22,66.464844
2011-03-23,66.379990
2011-03-24,66.040688
2011-03-25,65.863976
2011-03-28,65.885155
2011-03-29,65.694290
2011-03-30,65.920479
2011-03-31,65.750847
2011-04-01,65.891205
2011-04-04,66.040024
2011-04-05,65.706863
2011-04-06,65.423355
2011-04-07,65.430466
2011-04-08,65.239098
2011-04-11,65.324135
2011-04-12,65.692696
2011-04-13,65.947845
2011-04-14,65.728157
2011-04-15,66.210175
2011-04-18,66.373230
2011-04-19,66.458229
2011-04-20,66.195976
2011-04-21,66.245590
2011-04-25,66.479477
2011-04-26,66.763023
2011-04-27,66.571632
2011-04-28,66.826759
2011-04-29,66.961487
2011-05-02,66.940872
2011-05-03,67.118538
2011-05-04,67.289078
2011-05-05,67.623100
2011-05-06,67.658569
2011-05-09,67.758125
2011-05-10,67.431221
2011-05-11,67.672867
2011-05-12,67.523598
2011-05-13,67.786522
2011-05-16,67.949974
2011-05-17,68.148911
2011-05-18,67.758125
2011-05-19,67.829132
2011-05-20,67.992592
2011-05-23,68.084991
2011-05-24,68.156029
2011-05-25,68.163139
2011-05-26,68.539749
2011-05-27,68.532707
2011-05-31,68.639275
2011-06-01,69.204933
2011-06-02,68.791664
2011-06-03,69.062477
2011-06-06,69.019714
2011-06-07,69.147934
2011-06-08,69.297516
2011-06-09,69.019714
2011-06-10,69.240555
2011-06-13,69.090927
2011-06-14,68.542374
2011-06-15,69.283279
2011-06-16,69.475647
2011-06-17,69.425743
2011-06-20,69.318909
2011-06-21,69.226341
2011-06-22,69.197800
2011-06-23,69.561142
2011-06-24,69.853264
2011-06-27,69.582497
2011-06-28,68.941376
2011-06-29,68.528107
2011-06-30,68.293053
2011-07-01,68.122375
2011-07-05,68.550819
2011-07-06,68.672226
2011-07-07,68.408020
2011-07-08,69.136436
2011-07-11,69.664948
2011-07-12,69.764893
2011-07-13,69.879120
2011-07-14,69.479187
2011-07-15,69.764893
2011-07-18,69.722023
2011-07-19,69.986313
2011-07-20,69.643471
2011-07-21,69.257843
2011-07-22,69.522102
2011-07-25,69.300720
2011-07-26,69.593452
2011-07-27,69.479187
2011-07-28,69.614906
2011-07-29,70.457603
2011-08-01,70.713821
2011-08-02,71.365303
2011-08-03,71.422630
2011-08-04,72.367554
2011-08-05,71.529961
2011-08-08,72.668198
2011-08-09,73.090584
2011-08-10,74.057037
2011-08-11,72.968887
2011-08-12,73.477150
2011-08-15,73.205139
2011-08-16,73.541588
2011-08-17,74.057037
2011-08-18,74.443581
2011-08-19,74.522308
2011-08-22,74.386330
2011-08-23,74.085609
2011-08-24,73.291008
2011-08-25,73.742043
2011-08-26,73.978271
2011-08-29,73.491440
2011-08-30,73.999718
2011-08-31,73.734879
2011-09-01,74.322449
2011-09-02,75.004059
2011-09-06,75.104507
2011-09-07,74.702759
2011-09-08,75.068619
2011-09-09,75.434555
2011-09-12,75.204933
2011-09-13,74.982559
2011-09-14,75.025566
2011-09-15,74.466003
2011-09-16,74.609436
2011-09-19,75.219322
2011-09-20,75.319771
2011-09-21,75.642624
2011-09-22,76.345741
2011-09-23,75.714386
2011-09-26,75.398705
2011-09-27,74.896400
2011-09-28,74.910782
2011-09-29,74.910782
2011-09-30,75.384323
2011-10-03,76.082367
2011-10-04,75.694214
2011-10-05,75.377899
2011-10-06,74.853081
2011-10-07,74.464890
2011-10-10,73.681213
2011-10-11,73.925629
2011-10-12,73.674057
2011-10-13,73.968796
2011-10-14,73.602104
2011-10-17,74.083862
2011-10-18,74.004738
2011-10-19,74.119751
2011-10-20,73.968796
2011-10-21,73.832169
2011-10-24,73.796272
2011-10-25,74.428894
2011-10-26,73.882530
2011-10-27,72.991127
2011-10-28,73.429573
2011-10-31,74.414551
2011-11-01,75.307030
2011-11-02,75.126968
2011-11-03,74.773994
2011-11-04,74.997314
2011-11-07,75.083786
2011-11-08,74.745148
2011-11-09,75.407883
2011-11-10,75.040550
2011-11-11,74.694794
2011-11-14,75.163017
2011-11-15,75.062157
2011-11-16,75.335861
2011-11-17,75.487175
2011-11-18,75.206223
2011-11-21,75.415100
2011-11-22,75.645599
2011-11-23,75.904984
2011-11-25,75.422348
2011-11-28,75.429512
2011-11-29,75.285454
2011-11-30,74.845993
2011-12-01,74.824394
2011-12-02,75.156372
2011-12-05,75.113068
2011-12-06,74.918205
2011-12-07,75.257446
2011-12-08,75.639969
2011-12-09,75.120277
2011-12-12,75.380142
2011-12-13,75.726540
2011-12-14,76.044113
2011-12-15,75.979156
2011-12-16,76.347214
2011-12-19,76.607071
2011-12-20,75.914253
2011-12-21,75.668877
2011-12-22,75.762650
2011-12-23,75.452271
2011-12-27,75.494926
2011-12-28,75.972206
2011-12-29,76.066124
2011-12-30,76.333717
2012-01-03,75.849258
2012-01-04,75.610641
2012-01-05,75.625130
2012-01-06,75.921593
2012-01-09,75.936058
2012-01-10,75.784119
2012-01-11,76.225266
2012-01-12,76.066124
2012-01-13,76.406067
2012-01-17,76.478317
2012-01-18,76.239708
2012-01-19,75.784119
2012-01-20,75.523872
2012-01-23,75.357552
2012-01-24,75.444328
2012-01-25,75.805885
2012-01-26,76.210754
2012-01-27,76.442169
2012-01-30,76.702469
2012-01-31,76.991714
2012-02-01,76.724373
2012-02-02,76.833061
2012-02-03,76.224564
2012-02-06,76.434654
2012-02-07,75.942116
2012-02-08,75.978310
2012-02-09,75.804482
2012-02-10,76.231865
2012-02-13,76.181145
2012-02-14,76.340485
2012-02-15,76.398430
2012-02-16,76.050758
2012-02-17,75.971062
2012-02-21,75.695816
2012-02-22,75.992882
2012-02-23,76.101425
2012-02-24,76.159378
2012-02-27,76.412918
2012-02-28,76.449150
2012-02-29,76.144844
2012-03-01,75.898285
2012-03-02,76.202888
2012-03-05,76.050560
2012-03-06,76.369843
2012-03-07,76.224663
2012-03-08,75.999771
2012-03-09,75.941750
2012-03-12,75.919960
2012-03-13,75.375854
2012-03-14,74.512497
2012-03-15,74.490715
2012-03-16,74.468948
2012-03-19,74.011795
2012-03-20,74.048103
2012-03-21,74.425407
2012-03-22,74.519714
2012-03-23,74.795410
2012-03-26,74.708374
2012-03-27,75.121933
2012-03-28,74.991310
2012-03-29,75.303276
2012-03-30,74.933266
2012-04-02,75.112785
2012-04-03,74.560410
2012-04-04,74.938347
2012-04-05,75.272621
2012-04-09,76.043060
2012-04-10,76.399200
2012-04-11,76.101219
2012-04-12,75.948555
2012-04-13,76.406479
2012-04-16,76.384621
2012-04-17,76.304672
2012-04-18,76.457291
2012-04-19,76.544540
2012-04-20,76.551743
2012-04-23,76.704407
2012-04-24,76.508179
2012-04-25,76.413742
2012-04-26,76.668106
2012-04-27,76.748024
2012-04-30,76.813461
2012-05-01,76.673622
2012-05-02,76.819290
2012-05-03,76.811966
2012-05-04,77.117722
2012-05-07,77.095871
2012-05-08,77.270584
2012-05-09,77.336090
2012-05-10,77.226952
2012-05-11,77.481720
2012-05-14,77.823868
2012-05-15,77.845703
2012-05-16,77.903938
2012-05-17,78.195091
2012-05-18,78.144135
2012-05-21,77.940300
2012-05-22,77.772865
2012-05-23,77.976700
2012-05-24,77.809296
2012-05-25,78.034904
2012-05-29,77.969383
2012-05-30,78.711937
2012-05-31,79.017654
2012-06-01,79.696404
2012-06-04,79.237099
2012-06-05,78.974640
2012-06-06,78.456970
2012-06-07,78.646538
2012-06-08,78.704887
2012-06-11,78.916298
2012-06-12,78.493462
2012-06-13,78.909004
2012-06-14,78.697586
2012-06-15,79.062111
2012-06-18,79.040260
2012-06-19,78.770439
2012-06-20,78.610092
2012-06-21,78.777786
2012-06-22,78.435135
2012-06-25,78.865227
2012-06-26,78.690300
2012-06-27,78.799660
2012-06-28,79.054771
2012-06-29,78.690300
2012-07-02,79.055389
2012-07-03,78.858215
2012-07-05,79.069977
2012-07-06,79.347458
2012-07-09,79.566483
2012-07-10,79.602966
2012-07-11,79.529976
2012-07-12,79.712502
2012-07-13,79.646790
2012-07-16,79.822044
2012-07-17,79.617577
2012-07-18,79.697914
2012-07-19,79.581085
2012-07-20,79.895050
2012-07-23,80.026459
2012-07-24,80.179840
2012-07-25,80.223625
2012-07-26,79.975349
2012-07-27,79.398560
2012-07-30,79.654060
2012-07-31,79.792824
2012-08-01,79.501793
2012-08-02,79.691864
2012-08-03,79.275146
2012-08-06,79.326302
2012-08-07,78.909477
2012-08-08,78.799774
2012-08-09,78.741272
2012-08-10,78.967972
2012-08-13,78.916779
2012-08-14,78.529243
2012-08-15,78.134377
2012-08-16,77.944260
2012-08-17,78.039291
2012-08-20,78.083206
2012-08-21,78.148979
2012-08-22,78.755859
2012-08-23,78.894814
2012-08-24,78.858292
2012-08-27,79.063065
2012-08-28,79.092255
2012-08-29,79.041092
2012-08-30,79.187386
2012-08-31,79.699226
2012-09-04,79.516876
2012-09-05,79.487625
2012-09-06,78.945732
2012-09-07,79.048271
2012-09-10,79.084846
2012-09-11,78.938385
2012-09-12,78.550270
2012-09-13,78.777344
2012-09-14,78.037720
2012-09-17,78.198837
2012-09-18,78.396500
2012-09-19,78.579575
2012-09-20,78.623543
2012-09-21,78.791924
2012-09-24,78.967697
2012-09-25,79.260612
2012-09-26,79.590088
2012-09-27,79.421715
2012-09-28,79.421715
2012-10-01,79.569107
2012-10-02,79.517746
2012-10-03,79.598465
2012-10-04,79.283066
2012-10-05,78.923882
2012-10-08,79.180450
2012-10-09,79.019173
2012-10-10,79.209839
2012-10-11,79.283066
2012-10-12,79.290489
2012-10-15,79.312424
2012-10-16,78.938530
2012-10-17,78.439926
2012-10-18,78.300591
2012-10-19,78.630516
2012-10-22,78.366608
2012-10-23,78.740555
2012-10-24,78.571945
2012-10-25,78.285973
2012-10-26,78.784485
2012-10-31,79.107124
2012-11-01,78.949265
2012-11-02,79.015419
2012-11-05,79.206314
2012-11-06,78.846535
2012-11-07,79.507301
2012-11-08,79.859703
2012-11-09,79.867065
2012-11-12,79.918457
2012-11-13,80.013863
2012-11-14,80.035927
2012-11-15,79.999229
2012-11-16,80.050621
2012-11-19,79.889099
2012-11-20,79.558685
2012-11-21,79.441223
2012-11-23,79.397186
2012-11-26,79.529350
2012-11-27,79.712891
2012-11-28,79.815620
2012-11-29,79.896416
2012-11-30,79.881714
2012-12-03,79.850166
2012-12-04,79.989853
2012-12-05,80.056023
2012-12-06,80.100121
2012-12-07,79.872177
2012-12-10,79.945755
2012-12-11,79.791306
2012-12-12,79.453201
2012-12-13,79.298767
2012-12-14,79.475220
2012-12-17,79.056198
2012-12-18,78.747459
2012-12-19,78.857727
2012-12-20,78.909172
2012-12-21,79.122406
2012-12-24,79.041458
2012-12-26,79.204216
2012-12-27,79.366127
2012-12-28,79.550209
2012-12-31,79.130592
2013-01-02,78.769844
2013-01-03,78.364960
2013-01-04,78.401779
2013-01-07,78.445946
2013-01-08,78.637321
2013-01-09,78.681480
2013-01-10,78.453308
2013-01-11,78.703575
2013-01-14,78.674149
2013-01-15,78.865547
2013-01-16,78.968613
2013-01-17,78.607903
2013-01-18,78.828712
2013-01-22,78.894997
2013-01-23,78.931808
2013-01-24,78.799286
2013-01-25,78.276642
2013-01-28,78.114677
2013-01-29,77.996880
2013-01-30,78.041054
2013-01-31,78.107315
2013-02-01,77.841934
2013-02-04,78.291634
2013-02-05,78.011482
2013-02-06,78.247330
2013-02-07,78.284203
2013-02-08,78.343178
2013-02-11,78.262062
2013-02-12,78.181000
2013-02-13,77.908272
2013-02-14,78.239998
2013-02-15,78.166275
2013-02-19,78.040977
2013-02-20,78.210495
2013-02-21,78.365257
2013-02-22,78.461128
2013-02-25,79.065567
2013-02-26,78.918129
2013-02-27,78.881294
2013-02-28,78.991898
2013-03-01,79.188957
2013-03-04,79.004440
2013-03-05,78.923241
2013-03-06,78.672302
2013-03-07,78.369774
2013-03-08,77.971138
2013-03-11,78.008102
2013-03-12,78.222107
2013-03-13,78.155693
2013-03-14,78.177803
2013-03-15,78.450890
2013-03-18,78.709213
2013-03-19,78.952728
2013-03-20,78.650185
2013-03-21,78.856834
2013-03-22,78.886299
2013-03-25,78.945396
2013-03-26,79.026527
2013-03-27,79.366043
2013-03-28,79.218445
2013-04-01,79.429031
2013-04-02,79.273819
2013-04-03,79.606445
2013-04-04,79.924194
2013-04-05,80.175453
2013-04-08,79.916809
2013-04-09,79.946365
2013-04-10,79.613823
2013-04-11,79.702492
2013-04-12,80.145874
2013-04-15,80.323242
2013-04-16,80.094193
2013-04-17,80.241943
2013-04-18,80.286285
2013-04-19,80.241943
2013-04-22,80.286285
2013-04-23,80.234619
2013-04-24,80.271530
2013-04-25,80.182838
2013-04-26,80.471107
2013-04-29,80.441505
2013-04-30,80.426689
2013-05-01,80.689362
2013-05-02,80.689362
2013-05-03,80.001282
2013-05-06,79.897667
2013-05-07,79.786659
2013-05-08,79.882858
2013-05-09,79.868111
2013-05-10,79.416733
2013-05-13,79.276108
2013-05-14,78.957954
2013-05-15,79.165184
2013-05-16,79.542480
2013-05-17,79.113350
2013-05-20,79.054115
2013-05-21,79.261292
2013-05-22,78.632362
2013-05-23,78.713760
2013-05-24,78.743355
2013-05-28,77.818497
2013-05-29,78.136650
2013-05-30,78.144035
2013-05-31,77.929443
2013-06-03,78.042053
2013-06-04,77.842010
2013-06-05,78.219910
2013-06-06,78.316216
2013-06-07,77.708649
2013-06-10,77.516006
2013-06-11,77.708649
2013-06-12,77.360428
2013-06-13,77.945724
2013-06-14,78.049461
2013-06-17,77.864265
2013-06-18,77.819794
2013-06-19,76.752861
2013-06-20,76.404602
2013-06-21,75.597000
2013-06-24,75.411751
2013-06-25,75.322884
2013-06-26,75.626648
2013-06-27,76.034142
2013-06-28,75.945229
2013-07-01,75.974190
2013-07-02,76.003860
2013-07-03,75.855453
2013-07-05,74.579330
2013-07-08,75.017128
2013-07-09,75.143227
2013-07-10,74.876099
2013-07-11,75.625458
2013-07-12,75.566086
2013-07-15,75.803551
2013-07-16,75.840645
2013-07-17,76.174507
2013-07-18,75.818367
2013-07-19,76.233864
2013-07-22,76.226463
2013-07-23,76.137398
2013-07-24,75.625458
2013-07-25,75.736755
2013-07-26,75.803551
2013-07-29,75.647743
2013-07-30,75.625458
2013-07-31,75.677391
2013-08-01,75.009476
2013-08-02,75.648422
2013-08-05,75.410690
2013-08-06,75.432976
2013-08-07,75.707855
2013-08-08,75.819298
2013-08-09,75.871346
2013-08-12,75.722733
2013-08-13,75.039246
2013-08-14,75.106071
2013-08-15,74.690025
2013-08-16,74.400269
2013-08-19,74.080803
2013-08-20,74.481979
2013-08-21,74.013916
2013-08-22,73.984207
2013-08-23,74.400269
2013-08-26,74.548851
2013-08-27,74.972321
2013-08-28,74.667686
2013-08-29,74.741989
2013-08-30,74.600868
2013-09-03,74.177483
2013-09-04,73.931915
2013-09-05,73.366425
2013-09-06,73.812897
2013-09-09,73.961685
2013-09-10,73.619446
2013-09-11,73.991402
2013-09-12,73.998924
2013-09-13,74.095619
2013-09-16,74.259323
2013-09-17,74.408157
2013-09-18,75.330818
2013-09-19,75.070297
2013-09-20,75.144798
2013-09-23,75.427574
2013-09-24,75.702850
2013-09-25,75.911171
2013-09-26,75.747467
2013-09-27,75.851662
2013-09-30,75.978165
2013-10-01,75.808990
2013-10-02,75.935669
2013-10-03,76.040009
2013-10-04,75.831367
2013-10-07,75.898384
2013-10-08,75.861137
2013-10-09,75.727020
2013-10-10,75.563118
2013-10-11,75.674904
2013-10-14,75.421463
2013-10-15,75.436417
2013-10-16,75.801529
2013-10-17,76.233772
2013-10-18,76.241188
2013-10-21,76.189049
2013-10-22,76.718132
2013-10-23,76.852280
2013-10-24,76.695770
2013-10-25,76.829948
2013-10-28,76.755447
2013-10-29,76.859711
2013-10-30,76.658508
2013-10-31,76.569092
2013-11-01,76.144394
2013-11-04,76.293694
2013-11-05,75.950363
2013-11-06,76.181732
2013-11-07,76.383255
2013-11-08,75.524887
2013-11-11,75.487602
2013-11-12,75.420372
2013-11-13,75.733932
2013-11-14,76.099632
2013-11-15,76.039932
2013-11-18,76.308601
2013-11-19,76.025002
2013-11-20,75.607010
2013-11-21,75.674194
2013-11-22,75.890640
2013-11-25,75.950363
2013-11-26,76.114578
2013-11-27,75.942886
2013-11-29,75.898079
2013-12-02,75.572159
2013-12-03,75.706734
2013-12-04,75.362839
2013-12-05,75.175919
2013-12-06,75.243263
2013-12-09,75.332954
2013-12-10,75.646912
2013-12-11,75.355339
2013-12-12,75.138550
2013-12-13,75.250732
2013-12-16,75.213333
2013-12-17,75.452553
2013-12-18,75.168472
2013-12-19,74.854485
2013-12-20,75.086266
2013-12-23,74.846970
2013-12-24,74.555405
2013-12-26,74.491104
2013-12-27,74.446136
2013-12-30,74.648331
2013-12-31,74.311363
2014-01-02,74.603416
2014-01-03,74.558502
2014-01-06,74.768105
2014-01-07,74.887917
2014-01-08,74.520996
2014-01-09,74.715706
2014-01-10,75.344688
2014-01-13,75.561859
2014-01-14,75.277321
2014-01-15,75.209930
2014-01-16,75.419586
2014-01-17,75.599327
2014-01-21,75.516945
2014-01-22,75.307289
2014-01-23,75.816444
2014-01-24,76.123466
2014-01-27,75.891327
2014-01-28,76.003654
2014-01-29,76.363113
2014-01-30,76.288208
2014-01-31,76.587692
2014-02-03,77.004044
2014-02-04,76.771477
2014-02-05,76.493996
2014-02-06,76.351456
2014-02-07,76.553963
2014-02-10,76.591492
2014-02-11,76.253929
2014-02-12,76.073906
2014-02-13,76.433937
2014-02-14,76.381485
2014-02-18,76.568977
2014-02-19,76.418961
2014-02-20,76.336472
2014-02-21,76.433937
2014-02-24,76.358940
2014-02-25,76.621445
2014-02-26,76.846474
2014-02-27,76.936531
2014-02-28,76.861511
2014-03-03,77.241684
2014-03-04,76.648117
2014-03-05,76.730797
2014-03-06,76.400192
2014-03-07,76.069618
2014-03-10,76.152237
2014-03-11,76.227417
2014-03-12,76.527931
2014-03-13,76.978683
2014-03-14,76.986221
2014-03-17,76.678169
2014-03-18,76.865990
2014-03-19,76.152237
2014-03-20,76.167267
2014-03-21,76.310043
2014-03-24,76.340111
2014-03-25,76.295059
2014-03-26,76.618118
2014-03-27,76.693222
2014-03-28,76.422722
2014-03-31,76.430275
2014-04-01,76.272194
2014-04-02,75.940979
2014-04-03,75.993683
2014-04-04,76.460411
2014-04-07,76.641022
2014-04-08,76.746399
2014-04-09,76.723816
2014-04-10,77.047470
2014-04-11,77.205559
2014-04-14,77.085121
2014-04-15,77.175438
2014-04-16,77.055000
2014-04-17,76.618423
2014-04-21,76.603394
2014-04-22,76.573280
2014-04-23,76.768944
2014-04-24,76.746399
2014-04-25,76.851799
2014-04-28,76.738876
2014-04-29,76.806618
2014-04-30,77.009804
2014-05-01,77.231560
2014-05-02,77.344658
2014-05-05,77.299431
2014-05-06,77.389946
2014-05-07,77.450279
2014-05-08,77.533249
2014-05-09,77.472900
2014-05-12,77.269249
2014-05-13,77.570923
2014-05-14,77.925415
2014-05-15,78.204399
2014-05-16,78.038490
2014-05-19,77.940445
2014-05-20,78.166695
2014-05-21,78.046051
2014-05-22,77.963120
2014-05-23,78.121429
2014-05-27,78.144112
2014-05-28,78.573944
2014-05-29,78.475891
2014-05-30,78.415581
2014-06-02,78.056778
2014-06-03,77.663910
2014-06-04,77.603485
2014-06-05,77.716812
2014-06-06,77.656372
2014-06-09,77.543068
2014-06-10,77.407066
2014-06-11,77.512856
2014-06-12,77.815002
2014-06-13,77.663910
2014-06-16,77.663910
2014-06-17,77.339127
2014-06-18,77.746986
2014-06-19,77.550606
2014-06-20,77.641220
2014-06-23,77.588341
2014-06-24,77.905647
2014-06-25,77.981224
2014-06-26,78.185150
2014-06-27,78.185150
2014-06-30,78.245613
2014-07-01,77.989807
2014-07-02,77.671913
2014-07-03,77.512993
2014-07-07,77.702179
2014-07-08,78.057892
2014-07-09,78.073021
2014-07-10,78.239555
2014-07-11,78.368225
2014-07-14,78.194145
2014-07-15,78.126038
2014-07-16,78.239555
2014-07-17,78.693619
2014-07-18,78.534691
2014-07-21,78.557381
2014-07-22,78.655792
2014-07-23,78.648201
2014-07-24,78.330376
2014-07-25,78.633064
2014-07-28,78.542282
2014-07-29,78.648201
2014-07-30,78.095757
2014-07-31,78.073021
2014-08-01,78.532539
2014-08-04,78.578033
2014-08-05,78.615959
2014-08-06,78.684158
2014-08-07,79.040535
2014-08-08,78.972382
2014-08-11,78.934418
2014-08-12,78.820702
2014-08-13,79.078499
2014-08-14,79.237717
2014-08-15,79.556183
2014-08-18,79.305962
2014-08-19,79.222557
2014-08-20,78.987526
2014-08-21,79.154327
2014-08-22,79.161911
2014-08-25,79.222557
2014-08-26,79.207352
2014-08-27,79.427284
2014-08-28,79.533470
2014-08-29,79.540985
2014-09-02,79.032860
2014-09-03,79.146820
2014-09-04,78.865700
2014-09-05,78.888535
2014-09-08,78.805000
2014-09-09,78.622665
2014-09-10,78.425240
2014-09-11,78.326492
2014-09-12,78.030258
2014-09-15,78.174561
2014-09-16,78.151802
2014-09-17,77.954308
2014-09-18,77.901131
2014-09-19,78.197327
2014-09-22,78.364471
2014-09-23,78.531540
2014-09-24,78.311295
2014-09-25,78.691093
2014-09-26,78.523949
2014-09-29,78.774643
2014-09-30,78.706253
2014-10-01,79.367538
2014-10-02,79.131660
2014-10-03,79.108856
2014-10-06,79.238190
2014-10-07,79.702339
2014-10-08,79.983910
2014-10-09,79.846931
2014-10-10,80.158905
2014-10-13,80.577438
2014-10-14,80.737251
2014-10-15,81.193825
2014-10-16,80.973160
2014-10-17,80.737251
2014-10-20,80.851410
2014-10-21,80.630707
2014-10-22,80.607895
2014-10-23,80.273094
2014-10-24,80.341560
2014-10-27,80.425278
2014-10-28,80.227394
2014-10-29,79.961044
2014-10-30,80.044785
2014-10-31,79.915436
2014-11-03,79.885704
2014-11-04,79.878059
2014-11-05,79.900909
2014-11-06,79.656998
2014-11-07,80.167725
2014-11-10,79.839943
2014-11-11,79.847588
2014-11-12,79.817039
2014-11-13,79.946671
2014-11-14,80.114365
2014-11-17,80.022873
2014-11-18,80.114365
2014-11-19,79.900909
2014-11-20,80.045761
2014-11-21,80.205856
2014-11-24,80.297302
2014-11-25,80.495499
2014-11-26,80.632706
2014-11-28,80.945206
2014-12-01,80.746735
2014-12-02,80.387825
2014-12-03,80.418419
2014-12-04,80.700890
2014-12-05,80.250412
2014-12-08,80.517632
2014-12-09,80.815414
2014-12-10,81.181976
2014-12-11,81.044502
2014-12-12,81.708839
2014-12-15,81.411011
2014-12-16,81.823341
2014-12-17,81.258324
2014-12-18,80.800171
2014-12-19,81.097984
2014-12-22,81.097984
2014-12-23,80.426018
2014-12-24,80.484138
2014-12-26,80.591179
2014-12-29,80.866516
2014-12-30,80.958199
2014-12-31,81.049973
2015-01-02,81.462921
2015-01-05,81.959999
2015-01-06,82.510582
2015-01-07,82.495293
2015-01-08,82.158791
2015-01-09,82.564079
2015-01-12,82.854698
2015-01-13,82.931168
2015-01-14,83.313515
2015-01-15,84.024651
2015-01-16,83.405296
2015-01-20,83.596397
2015-01-21,83.198822
2015-01-22,82.992363
2015-01-23,83.535217
2015-01-26,83.344086
2015-01-27,83.458817
2015-01-28,84.101151
2015-01-29,83.802940
2015-01-30,84.537018
2015-02-02,84.431305
2015-02-03,83.719002
2015-02-04,83.856857
2015-02-05,83.550438
2015-02-06,82.615974
2015-02-09,82.577736
2015-02-10,82.370911
2015-02-11,82.340210
2015-02-12,82.370911
2015-02-13,82.095146
2015-02-17,81.513031
2015-02-18,81.903656
2015-02-19,81.696831
2015-02-20,81.650909
2015-02-23,82.026207
2015-02-24,82.570015
2015-02-25,82.646629
2015-02-26,82.156441
2015-02-27,82.447487
2015-03-02,81.833687
2015-03-03,81.657295
2015-03-04,81.718658
2015-03-05,81.764748
2015-03-06,80.928474
2015-03-09,81.304405
2015-03-10,81.649643
2015-03-11,81.795418
2015-03-12,81.872139
2015-03-13,81.749428
2015-03-16,82.033218
2015-03-17,82.201981
2015-03-18,83.145630
2015-03-19,82.754410
2015-03-20,83.091957
2015-03-23,83.199303
2015-03-24,83.452492
2015-03-25,83.091957
2015-03-26,82.623932
2015-03-27,82.946167
2015-03-30,82.938515
2015-03-31,83.153252
2015-04-01,83.548973
2015-04-02,83.310768
2015-04-06,83.418381
2015-04-07,83.487534
2015-04-08,83.410675
2015-04-09,83.072609
2015-04-10,83.049561
2015-04-13,83.218613
2015-04-14,83.464462
2015-04-15,83.510582
2015-04-16,83.572021
2015-04-17,83.741127
2015-04-20,83.587440
2015-04-21,83.410675
2015-04-22,82.926613
2015-04-23,83.180153
2015-04-24,83.472160
2015-04-27,83.341515
2015-04-28,82.957367
2015-04-29,82.649971
2015-04-30,82.626915
2015-05-01,82.175201
2015-05-04,82.005890
2015-05-05,81.867294
2015-05-06,81.467209
2015-05-07,81.813530
2015-05-08,82.129005
2015-05-11,81.320915
2015-05-12,81.382530
2015-05-13,81.274773
2015-05-14,81.551826
2015-05-15,82.136726
2015-05-18,81.582596
2015-05-19,81.220871
2015-05-20,81.397881
2015-05-21,81.882721
2015-05-22,81.698044
2015-05-26,82.205978
2015-05-27,82.159828
2015-05-28,82.236755
2015-05-29,82.282921
2015-06-01,81.919876
2015-06-02,81.349495
2015-06-03,80.655792
2015-06-04,81.048843
2015-06-05,80.463074
2015-06-08,80.578636
2015-06-09,80.316605
2015-06-10,80.008324
2015-06-11,80.640396
2015-06-12,80.594154
2015-06-15,80.786789
2015-06-16,81.095131
2015-06-17,81.141396
2015-06-18,81.079704
2015-06-19,81.511383
2015-06-22,80.825340
2015-06-23,80.578636
2015-06-24,80.817627
2015-06-25,80.617210
2015-06-26,80.231804
2015-06-29,81.164474
2015-06-30,80.940987
2015-07-01,80.517967
2015-07-02,80.803566
2015-07-06,81.374832
2015-07-07,81.591026
2015-07-08,81.915199
2015-07-09,81.343948
2015-07-10,80.780457
2015-07-13,80.564224
2015-07-14,80.818977
2015-07-15,81.127739
2015-07-16,81.096924
2015-07-17,81.104622
2015-07-20,80.942528
2015-07-21,81.166428
2015-07-22,81.266731
2015-07-23,81.598717
2015-07-24,81.675934
2015-07-27,81.946083
2015-07-28,81.714500
2015-07-29,81.598717
2015-07-30,81.691338
2015-07-31,82.169991
2015-08-03,82.420486
2015-08-04,81.995262
2015-08-05,81.678215
2015-08-06,81.964310
2015-08-07,82.289040
2015-08-10,81.948822
2015-08-11,82.490074
2015-08-12,82.459145
2015-08-13,82.242683
2015-08-14,82.157623
2015-08-17,82.304520
2015-08-18,82.173073
2015-08-19,82.675644
2015-08-20,82.899826
2015-08-21,83.232330
2015-08-24,83.371490
2015-08-25,82.915298
2015-08-26,82.404999
2015-08-27,82.358612
2015-08-28,82.374092
2015-08-31,82.234955
2015-09-01,82.604332
2015-09-02,82.379677
2015-09-03,82.581047
2015-09-04,82.836578
2015-09-08,82.472633
2015-09-09,82.503647
2015-09-10,82.317757
2015-09-11,82.534607
2015-09-14,82.612022
2015-09-15,81.961586
2015-09-16,81.938316
2015-09-17,82.619797
2015-09-18,83.007019
2015-09-21,82.534607
2015-09-22,82.945045
2015-09-23,82.852089
2015-09-24,82.976059
2015-09-25,82.759201
2015-09-28,83.231552
2015-09-29,83.518105
2015-09-30,83.533546
2015-10-01,83.598740
2015-10-02,84.001999
2015-10-05,83.536659
2015-10-06,83.707291
2015-10-07,83.497841
2015-10-08,83.280739
2015-10-09,83.327271
2015-10-12,83.606461
2015-10-13,83.684021
2015-10-14,84.141602
2015-10-15,83.854683
2015-10-16,83.784889
2015-10-19,83.746094
2015-10-20,83.459122
2015-10-21,83.746094
2015-10-22,83.831345
2015-10-23,83.358261
2015-10-26,83.575462
2015-10-27,83.784889
2015-10-28,83.350517
2015-10-29,82.838684
2015-10-30,83.001526
2015-11-02,82.763077
2015-11-03,82.545593
2015-11-04,82.460114
2015-11-05,82.405754
2015-11-06,81.846497
2015-11-09,81.706665
2015-11-10,81.862022
2015-11-11,81.823181
2015-11-12,81.869827
2015-11-13,82.180542
2015-11-16,82.289238
2015-11-17,82.265968
2015-11-18,82.227066
2015-11-19,82.405754
2015-11-20,82.297005
2015-11-23,82.405754
2015-11-24,82.483421
2015-11-25,82.530060
2015-11-27,82.615479
2015-11-30,82.646515
2015-12-01,83.086113
2015-12-02,82.852699
2015-12-03,81.981361
2015-12-04,82.284782
2015-12-07,82.549294
2015-12-08,82.595963
2015-12-09,82.720474
2015-12-10,82.541512
2015-12-11,83.202766
2015-12-14,82.588188
2015-12-15,82.378204
2015-12-16,82.160301
2015-12-17,82.502632
2015-12-18,82.798256
2015-12-21,82.837173
2015-12-22,82.603752
2015-12-23,82.417030
2015-12-24,82.568207
2015-12-28,82.583778
2015-12-29,82.147453
2015-12-30,82.178627
2015-12-31,82.272133
2016-01-04,82.622749
2016-01-05,82.599388
2016-01-06,83.098068
2016-01-07,83.277283
2016-01-08,83.487640
2016-01-11,83.222725
2016-01-12,83.596718
2016-01-13,83.923981
2016-01-14,83.752548
2016-01-15,84.142166
2016-01-19,84.033020
2016-01-20,84.445992
2016-01-21,84.235619
2016-01-22,84.048645
2016-01-25,84.329140
2016-01-26,84.391487
2016-01-27,84.453751
2016-01-28,84.562881
2016-01-29,85.014793
2016-02-01,84.818932
2016-02-02,85.419754
2016-02-03,85.326164
2016-02-04,85.529030
2016-02-05,85.638245
2016-02-08,86.278076
2016-02-09,86.293701
2016-02-10,86.551208
2016-02-11,86.949181
2016-02-12,86.285912
2016-02-16,86.028450
2016-02-17,85.817741
2016-02-18,86.215683
2016-02-19,86.215683
2016-02-22,86.129845
2016-02-23,86.301514
2016-02-24,86.301514
2016-02-25,86.559006
2016-02-26,86.137657
2016-02-29,86.278076
2016-03-01,85.603745
2016-03-02,85.455315
2016-03-03,85.556847
2016-03-04,85.267723
2016-03-07,85.095833
2016-03-08,85.588120
2016-03-09,85.252121
2016-03-10,84.947365
2016-03-11,84.705132
2016-03-14,84.767632
2016-03-15,84.751999
2016-03-16,85.197426
2016-03-17,85.291145
2016-03-18,85.439621
2016-03-21,85.197426
2016-03-22,85.017677
2016-03-23,85.408409
2016-03-24,85.322433
2016-03-28,85.447472
2016-03-29,86.025711
2016-03-30,85.908485
2016-03-31,86.221039
2016-04-01,86.196037
2016-04-04,86.297745
2016-04-05,86.642075
2016-04-06,86.454292
2016-04-07,86.900330
2016-04-08,86.767311
2016-04-11,86.751640
2016-04-12,86.407295
2016-04-13,86.469910
2016-04-14,86.266479
2016-04-15,86.524704
2016-04-18,86.438614
2016-04-19,86.297745
2016-04-20,85.859512
2016-04-21,85.718636
2016-04-22,85.624695
2016-04-25,85.530800
2016-04-26,85.350815
2016-04-27,85.820351
2016-04-28,86.117752
2016-04-29,86.086464
2016-05-02,85.836426
2016-05-03,86.345871
2016-05-04,86.502625
2016-05-05,86.737747
2016-05-06,86.533981
2016-05-09,86.698532
2016-05-10,86.682838
2016-05-11,86.816147
2016-05-12,86.581017
2016-05-13,86.910187
2016-05-16,86.596672
2016-05-17,86.479088
2016-05-18,85.781548
2016-05-19,85.867790
2016-05-20,85.922668
2016-05-23,85.977486
2016-05-24,85.836426
2016-05-25,85.797218
2016-05-26,86.063721
2016-05-27,85.899178
2016-05-31,86.001022
2016-06-01,85.971970
2016-06-02,86.238876
2016-06-03,87.039467
2016-06-06,86.811867
2016-06-07,86.937431
2016-06-08,87.039467
2016-06-09,87.172905
2016-06-10,87.479042
2016-06-13,87.651718
2016-06-14,87.628166
2016-06-15,87.895004
2016-06-16,87.989220
2016-06-17,87.690994
2016-06-20,87.314194
2016-06-21,87.117958
2016-06-22,87.290672
2016-06-23,86.874641
2016-06-24,88.075562
2016-06-27,88.836914
2016-06-28,88.821220
2016-06-29,88.460152
2016-06-30,88.656364
2016-07-01,88.890640
2016-07-05,89.377968
2016-07-06,89.393661
2016-07-07,89.275803
2016-07-08,89.448730
2016-07-11,88.977119
2016-07-12,88.450470
2016-07-13,88.678421
2016-07-14,88.308937
2016-07-15,87.971001
2016-07-18,87.947418
2016-07-19,88.183243
2016-07-20,88.002464
2016-07-21,88.198944
2016-07-22,88.128212
2016-07-25,88.057457
2016-07-26,88.112457
2016-07-27,88.489784
2016-07-28,88.536926
2016-07-29,88.874924
2016-08-01,88.566383
2016-08-02,88.353859
2016-08-03,88.401024
2016-08-04,88.613632
2016-08-05,88.062599
2016-08-08,88.015381
2016-08-09,88.330223
2016-08-10,88.566383
2016-08-11,88.141296
2016-08-12,88.456139
2016-08-15,88.196419
2016-08-16,88.046883
2016-08-17,88.188507
2016-08-18,88.345963
2016-08-19,88.046883
2016-08-22,88.243629
2016-08-23,88.235779
2016-08-24,88.204292
2016-08-25,88.062599
2016-08-26,87.724159
2016-08-29,88.086235
2016-08-30,88.078369
2016-08-31,87.975983
2016-09-01,88.113968
2016-09-02,87.885353
2016-09-06,88.295296
2016-09-07,88.342537
2016-09-08,87.909027
2016-09-09,87.491226
2016-09-12,87.570107
2016-09-13,87.246941
2016-09-14,87.444038
2016-09-15,87.467621
2016-09-16,87.562195
2016-09-19,87.412483
2016-09-20,87.546440
2016-09-21,87.688347
2016-09-22,87.948418
2016-09-23,87.987839
2016-09-26,88.240089
2016-09-27,88.389824
2016-09-28,88.350403
2016-09-29,88.405647
2016-09-30,88.184883
2016-10-03,87.979706
2016-10-04,87.577202
2016-10-05,87.379845
2016-10-06,87.198349
2016-10-07,87.324539
2016-10-10,87.095703
2016-10-11,87.072044
2016-10-12,87.072044
2016-10-13,87.253571
2016-10-14,86.985229
2016-10-17,87.174660
2016-10-18,87.348282
2016-10-19,87.387749
2016-10-20,87.308762
2016-10-21,87.403526
2016-10-24,87.285103
2016-10-25,87.269379
2016-10-26,87.079926
2016-10-27,86.779984
2016-10-28,86.795761
2016-10-31,86.866798
2016-11-01,86.869987
2016-11-02,87.130829
2016-11-03,87.075485
2016-11-04,87.344200
2016-11-07,86.980675
2016-11-08,86.672371
2016-11-09,85.352486
2016-11-10,84.838722
2016-11-11,84.664818
2016-11-14,84.174820
2016-11-15,84.174820
2016-11-16,84.253838
2016-11-17,83.882347
2016-11-18,83.510895
2016-11-21,83.582024
2016-11-22,83.661072
2016-11-23,83.360718
2016-11-25,83.289597
2016-11-28,83.668938
2016-11-29,83.755852
2016-11-30,83.194756
2016-12-01,82.877373
2016-12-02,83.249344
2016-12-05,83.217690
2016-12-06,83.249344
2016-12-07,83.526382
2016-12-08,83.209763
2016-12-09,82.782341
2016-12-12,82.798203
2016-12-13,82.845703
2016-12-14,82.157051
2016-12-15,81.927574
2016-12-16,82.030464
2016-12-19,82.410378
2016-12-20,82.236214
2016-12-21,82.370811
2016-12-22,82.335152
2016-12-23,82.414413
2016-12-27,82.295471
2016-12-28,82.596718
2016-12-29,82.850403
2016-12-30,83.096161
2017-01-03,83.056541
2017-01-04,83.151711
2017-01-05,83.690750
2017-01-06,83.310211
2017-01-09,83.627296
2017-01-10,83.587677
2017-01-11,83.682785
2017-01-12,83.730370
2017-01-13,83.548027
2017-01-17,83.968216
2017-01-18,83.373665
2017-01-19,83.056541
2017-01-20,83.096161
2017-01-23,83.532173
2017-01-24,83.215096
2017-01-25,82.802849
2017-01-26,82.913811
2017-01-27,83.016891
2017-01-30,82.993134
2017-01-31,83.278503
2017-02-01,83.118935
2017-02-02,83.150665
2017-02-03,83.214195
2017-02-06,83.611137
2017-02-07,83.762009
2017-02-08,84.103432
2017-02-09,83.603249
2017-02-10,83.547668
2017-02-13,83.420609
2017-02-14,83.118935
2017-02-15,82.960121
2017-02-16,83.293610
2017-02-17,83.515862
2017-02-21,83.476173
2017-02-22,83.611137
2017-02-23,83.833450
2017-02-24,84.222557
2017-02-27,83.920799
2017-02-28,83.881126
2017-03-01,83.296768
2017-03-02,83.058205
2017-03-03,83.137718
2017-03-06,83.121834
2017-03-07,83.002586
2017-03-08,82.724327
2017-03-09,82.493782
2017-03-10,82.668655
2017-03-13,82.461937
2017-03-14,82.549423
2017-03-15,83.272881
2017-03-16,83.042343
2017-03-17,83.264954
2017-03-20,83.463684
2017-03-21,83.741982
2017-03-22,83.900970
2017-03-23,83.813507
2017-03-24,83.861229
2017-03-27,84.067932
2017-03-28,83.781715
2017-03-29,84.020294
2017-03-30,83.781715
2017-03-31,83.948692
2017-04-03,84.361938
2017-04-04,84.242508
2017-04-05,84.401756
2017-04-06,84.345978
2017-04-07,84.091202
2017-04-10,84.242508
2017-04-11,84.632698
2017-04-12,84.895424
2017-04-13,85.150253
2017-04-17,85.014870
2017-04-18,85.500565
2017-04-19,85.277603
2017-04-20,85.086517
2017-04-21,85.126328
2017-04-24,84.951172
2017-04-25,84.513184
2017-04-26,84.736168
2017-04-27,84.791901
2017-04-28,84.879509
2017-05-01,84.696098
2017-05-02,84.871552
2017-05-03,84.696098
2017-05-04,84.504684
2017-05-05,84.520683
2017-05-08,84.313316
2017-05-09,84.217598
2017-05-10,84.185738
2017-05-11,84.249535
2017-05-12,84.680092
2017-05-15,84.624321
2017-05-16,84.735931
2017-05-17,85.413818
2017-05-18,85.389832
2017-05-19,85.365952
2017-05-22,85.270256
2017-05-23,85.046951
2017-05-24,85.222397
2017-05-25,85.270256
2017-05-26,85.326042
2017-05-30,85.541397
2017-05-31,85.581284
2017-06-01,85.536530
2017-06-02,85.911880
2017-06-05,85.768105
2017-06-06,86.039673
2017-06-07,85.879913
2017-06-08,85.744202
2017-06-09,85.664246
2017-06-12,85.648369
2017-06-13,85.680290
2017-06-14,86.127533
2017-06-15,85.975777
2017-06-16,86.023705
2017-06-19,85.784119
2017-06-20,85.999779
2017-06-21,85.991753
2017-06-22,86.071663
2017-06-23,86.095596
2017-06-26,86.167473
2017-06-27,85.744202
2017-06-28,85.664246
2017-06-29,85.344856
2017-06-30,85.145187
2017-07-03,84.832397
2017-07-05,84.896423
2017-07-06,84.736488
2017-07-07,84.600479
2017-07-10,84.712463
2017-07-11,84.824425
2017-07-12,85.072411
2017-07-13,84.984390
2017-07-14,85.104378
2017-07-17,85.208366
2017-07-18,85.520271
2017-07-19,85.520271
2017-07-20,85.544319
2017-07-21,85.696266
2017-07-24,85.640289
2017-07-25,85.160378
2017-07-26,85.432297
2017-07-27,85.296349
2017-07-28,85.440315
2017-07-31,85.464325
2017-08-01,85.676605
2017-08-02,85.596489
2017-08-03,85.892937
2017-08-04,85.660637
2017-08-07,85.708633
2017-08-08,85.636574
2017-08-09,85.740677
2017-08-10,86.061089
2017-08-11,86.157272
2017-08-14,85.948997
2017-08-15,85.692612
2017-08-16,85.852844
2017-08-17,86.157272
2017-08-18,86.173248
2017-08-21,86.229378
2017-08-22,86.061089
2017-08-23,86.357559
2017-08-24,86.221367
2017-08-25,86.365555
2017-08-28,86.445641
2017-08-29,86.645950
2017-08-30,86.573830
2017-08-31,86.710007
2017-09-01,86.454872
2017-09-05,87.056595
2017-09-06,86.848015
2017-09-07,87.225060
2017-09-08,87.160904
2017-09-11,86.663452
2017-09-12,86.454872
2017-09-13,86.278389
2017-09-14,86.294472
2017-09-15,86.398766
2017-09-18,86.061775
2017-09-19,85.965508
2017-09-20,85.796974
2017-09-21,85.684662
2017-09-22,85.837074
2017-09-25,86.093880
2017-09-26,86.021652
2017-09-27,85.580421
2017-09-28,85.564316
2017-09-29,85.460037
2017-10-02,85.362862
2017-10-03,85.483330
2017-10-04,85.459229
2017-10-05,85.370880
2017-10-06,85.266418
2017-10-09,85.362862
2017-10-10,85.394958
2017-10-11,85.491394
2017-10-12,85.571747
2017-10-13,85.861023
2017-10-16,85.716347
2017-10-17,85.684219
2017-10-18,85.467262
2017-10-19,85.555649
2017-10-20,85.202141
2017-10-23,85.282448
2017-10-24,85.025345
2017-10-25,84.888763
2017-10-26,84.776283
2017-10-27,85.049461
2017-10-30,85.354790
2017-10-31,85.298561
2017-11-01,85.350067
2017-11-02,85.462738
2017-11-03,85.599518
2017-11-06,85.704147
2017-11-07,85.736320
2017-11-08,85.631721
2017-11-09,85.599518
2017-11-10,85.164932
2017-11-13,85.124710
2017-11-14,85.245415
2017-11-15,85.551216
2017-11-16,85.333900
2017-11-17,85.446579
2017-11-20,85.309830
2017-11-21,85.325928
2017-11-22,85.599518
2017-11-24,85.527100
2017-11-27,85.583443
2017-11-28,85.599518
2017-11-29,85.325928
2017-11-30,85.060349
2017-12-01,85.374664
2017-12-04,85.334335
2017-12-05,85.398834
2017-12-06,85.576172
2017-12-07,85.423012
2017-12-08,85.358559
2017-12-11,85.302109
2017-12-12,85.229599
2017-12-13,85.576172
2017-12-14,85.543900
2017-12-15,85.527802
2017-12-18,85.334335
2017-12-19,84.947517
2017-12-20,84.697670
2017-12-21,84.757446
2017-12-22,84.789696
2017-12-26,84.821991
2017-12-27,85.185219
2017-12-28,85.080246
2017-12-29,85.217514
2018-01-02,84.935005
2018-01-03,85.023796
2018-01-04,84.983398
2018-01-05,84.878487
2018-01-08,84.838135
2018-01-09,84.434517
2018-01-10,84.410278
2018-01-11,84.466789
2018-01-12,84.410278
2018-01-16,84.450645
2018-01-17,84.264999
2018-01-18,83.998604
2018-01-19,83.780655
2018-01-22,83.748390
2018-01-23,83.990532
2018-01-24,83.829117
2018-01-25,84.014763
2018-01-26,83.764496
2018-01-29,83.554619
2018-01-30,83.360909
2018-01-31,83.385132
2018-02-01,82.954994
2018-02-02,82.647774
2018-02-05,83.326904
2018-02-06,82.963081
2018-02-07,82.720528
2018-02-08,82.793304
2018-02-09,82.647774
2018-02-12,82.623505
2018-02-13,82.760963
2018-02-14,82.259674
2018-02-15,82.283936
2018-02-16,82.477936
2018-02-20,82.389038
2018-02-21,82.146469
2018-02-22,82.259674
2018-02-23,82.574997
2018-02-26,82.671989
2018-02-27,82.413261
2018-02-28,82.607338
2018-03-01,82.962791
2018-03-02,82.655106
2018-03-05,82.549828
2018-03-06,82.541702
2018-03-07,82.541702
2018-03-08,82.711792
2018-03-09,82.533630
2018-03-12,82.728004
2018-03-13,82.865677
2018-03-14,83.027611
2018-03-15,82.995224
2018-03-16,82.898048
2018-03-19,82.817078
2018-03-20,82.655106
2018-03-21,82.711792
2018-03-22,83.051918
2018-03-23,83.165276
2018-03-26,82.938530
2018-03-27,83.408226
2018-03-28,83.392029
2018-03-29,83.562042
2018-04-02,83.647255
2018-04-03,83.379585
2018-04-04,83.330841
2018-04-05,83.119987
2018-04-06,83.484978
2018-04-09,83.501266
2018-04-10,83.355225
2018-04-11,83.436378
2018-04-12,83.136185
2018-04-13,83.209236
2018-04-16,83.168648
2018-04-17,83.217339
2018-04-18,82.892891
2018-04-19,82.665726
2018-04-20,82.389938
2018-04-23,82.308830
2018-04-24,82.211456
2018-04-25,82.033043
2018-04-26,82.268242
2018-04-27,82.406151
2018-04-30,82.495399
2018-05-01,82.366165
2018-05-02,82.382462
2018-05-03,82.593719
2018-05-04,82.601868
2018-05-07,82.561211
2018-05-08,82.423050
2018-05-09,82.236160
2018-05-10,82.406807
2018-05-11,82.414894
2018-05-14,82.236160
2018-05-15,81.780998
2018-05-16,81.610352
2018-05-17,81.561630
2018-05-18,81.878586
2018-05-21,81.935463
2018-05-22,81.902939
2018-05-23,82.276779
2018-05-24,82.488060
2018-05-25,82.813141
2018-05-29,83.707123
2018-05-30,83.349533
2018-05-31,83.308891
2018-06-01,83.001091
2018-06-04,82.707947
2018-06-05,82.919662
2018-06-06,82.585785
2018-06-07,82.935936
2018-06-08,82.821968
2018-06-11,82.740517
2018-06-12,82.691658
2018-06-13,82.593964
2018-06-14,82.854546
2018-06-15,82.919662
2018-06-18,82.960396
2018-06-19,83.180244
2018-06-20,82.911522
2018-06-21,83.131386
2018-06-22,83.147667
2018-06-25,83.261650
2018-06-26,83.302376
2018-06-27,83.619957
2018-06-28,83.538536
2018-06-29,83.473358
2018-07-02,83.416283
2018-07-03,83.628349
2018-07-05,83.636543
2018-07-06,83.709938
2018-07-09,83.497864
2018-07-10,83.432602
2018-07-11,83.603920
2018-07-12,83.571259
2018-07-13,83.709938
2018-07-16,83.571259
2018-07-17,83.522354
2018-07-18,83.457077
2018-07-19,83.685471
2018-07-20,83.391823
2018-07-23,82.983910
2018-07-24,83.040993
2018-07-25,82.983910
2018-07-26,82.894196
2018-07-27,83.024696
2018-07-30,82.918633
2018-07-31,83.032845
2018-08-01,82.836678
2018-08-02,82.934769
2018-08-03,83.147331
2018-08-06,83.188156
2018-08-07,83.016502
2018-08-08,83.090088
2018-08-09,83.318947
2018-08-10,83.678635
2018-08-13,83.654083
2018-08-14,83.572334
2018-08-15,83.776649
2018-08-16,83.752167
2018-08-17,83.784859
2018-08-20,84.046486
2018-08-21,83.931999
2018-08-22,84.087326
2018-08-23,84.079109
2018-08-24,84.103653
2018-08-27,83.915634
2018-08-28,83.727646
2018-08-29,83.703140
2018-08-30,83.858414
2018-08-31,83.874771
2018-09-04,83.683136
2018-09-05,83.674927
2018-09-06,83.846970
2018-09-07,83.470131
2018-09-10,83.519310
2018-09-11,83.216286
2018-09-12,83.314590
2018-09-13,83.306343
2018-09-14,83.150734
2018-09-17,83.167114
2018-09-18,82.823128
2018-09-19,82.683876
2018-09-20,82.692062
2018-09-21,82.724815
2018-09-24,82.634697
2018-09-25,82.552826
2018-09-26,82.823128
2018-09-27,82.823128
2018-09-28,82.864075
2018-10-01,82.653946
2018-10-02,82.867332
2018-10-03,82.251816
2018-10-04,82.038429
2018-10-05,81.841431
2018-10-08,81.874321
2018-10-09,82.030212
2018-10-10,82.071228
2018-10-11,82.407791
2018-10-12,82.309280
2018-10-15,82.358475
2018-10-16,82.350296
2018-10-17,82.112289
2018-10-18,82.260017
2018-10-19,82.161545
2018-10-22,82.177963
2018-10-23,82.391342
2018-10-24,82.834526
2018-10-25,82.637543
2018-10-26,83.006844
2018-10-29,82.998650
2018-10-30,82.818100
2018-10-31,82.612923
2018-11-01,82.683647
2018-11-02,82.223076
2018-11-05,82.272446
2018-11-06,82.181961
2018-11-07,82.181961
2018-11-08,82.066826
2018-11-09,82.387550
2018-11-12,82.634300
2018-11-13,82.700096
2018-11-14,82.872841
2018-11-15,82.930389
2018-11-16,83.185333
2018-11-19,83.308731
2018-11-20,83.292274
2018-11-21,83.275848
2018-11-23,83.325203
2018-11-26,83.259430
2018-11-27,83.341652
2018-11-28,83.333420
2018-11-29,83.547226
2018-11-30,83.711769
2018-12-03,83.894730
2018-12-04,84.282074
2018-12-06,84.496399
2018-12-07,84.743660
2018-12-10,84.793121
2018-12-11,84.578812
2018-12-12,84.348045
2018-12-13,84.397484
2018-12-14,84.529366
2018-12-17,84.776596
2018-12-18,84.985550
2018-12-19,85.282883
2018-12-20,85.175522
2018-12-21,85.249855
2018-12-24,85.464592
2018-12-26,85.059891
2018-12-27,85.274658
2018-12-28,85.737160
2018-12-31,86.059242
2019-01-02,86.241005
2019-01-03,86.926445
2019-01-04,86.224434
2019-01-07,85.984917
2019-01-08,85.770195
2019-01-09,85.819748
2019-01-10,85.778450
2019-01-11,86.034462
2019-01-14,85.984917
2019-01-15,85.902336
2019-01-16,85.852791
2019-01-17,85.695831
2019-01-18,85.423325
2019-01-22,85.720612
2019-01-23,85.679291
2019-01-24,85.951904
2019-01-25,85.753662
2019-01-28,85.778450
2019-01-29,86.026222
2019-01-30,86.224434
2019-01-31,86.620872
2019-02-01,86.157379
2019-02-04,85.967041
2019-02-05,86.115982
2019-02-06,86.182205
2019-02-07,86.463615
2019-02-08,86.579475
2019-02-11,86.447014
2019-02-12,86.331184
2019-02-13,86.115982
2019-02-14,86.521561
2019-02-15,86.438782
2019-02-19,86.587753
2019-02-20,86.571213
2019-02-21,86.314621
2019-02-22,86.571213
2019-02-25,86.438782
2019-02-26,86.695358
2019-02-27,86.389091
2019-02-28,86.165665
2019-03-01,85.882927
2019-03-04,86.148209
2019-03-05,86.198021
2019-03-06,86.438477
2019-03-07,86.728676
2019-03-08,86.853104
2019-03-11,86.786758
2019-03-12,87.027206
2019-03-13,86.994049
2019-03-14,86.869659
2019-03-15,87.143333
2019-03-18,87.027206
2019-03-19,86.969162
2019-03-20,87.574509
2019-03-21,87.533051
2019-03-22,88.179863
2019-03-25,88.403725
2019-03-26,88.329132
2019-03-27,88.586166
2019-03-28,88.594467
2019-03-29,88.453491
2019-04-01,87.845276
2019-04-02,87.994820
2019-04-03,87.720619
2019-04-04,87.812012
2019-04-05,87.853577
2019-04-08,87.712326
2019-04-09,87.870163
2019-04-10,88.077942
2019-04-11,87.878487
2019-04-12,87.471336
2019-04-15,87.587669
2019-04-16,87.288513
2019-04-17,87.305138
2019-04-18,87.512894
2019-04-22,87.388283
2019-04-23,87.546104
2019-04-24,87.878487
2019-04-25,87.770454
2019-04-26,88.003120
2019-04-29,87.820297
2019-04-30,87.994820
2019-05-01,87.954842
2019-05-02,87.705063
2019-05-03,87.821625
2019-05-06,88.046440
2019-05-07,88.346153
2019-05-08,88.179665
2019-05-09,88.412804
2019-05-10,88.354523
2019-05-13,88.795761
2019-05-14,88.712532
2019-05-15,88.995590
2019-05-16,88.820763
2019-05-17,88.862373
2019-05-20,88.712532
2019-05-21,88.612587
2019-05-22,88.879051
2019-05-23,89.420212
2019-05-24,89.395248
2019-05-28,89.786583
2019-05-29,89.753250
2019-05-30,90.077957
2019-05-31,90.677406
2019-06-03,91.113724
2019-06-04,90.780052
2019-06-05,90.780052
2019-06-06,90.763351
2019-06-07,91.122063
2019-06-10,90.671631
2019-06-11,90.671631
2019-06-12,90.905174
2019-06-13,91.130432
2019-06-14,91.197121
2019-06-17,91.180443
2019-06-18,91.355644
2019-06-19,91.605934
2019-06-20,91.756073
2019-06-21,91.380684
2019-06-24,91.697685
2019-06-25,91.839500
2019-06-26,91.464104
2019-06-27,91.739395
2019-06-28,91.781097
2019-07-01,91.665787
2019-07-02,91.991707
2019-07-03,92.167175
2019-07-05,91.582199
2019-07-08,91.490318
2019-07-09,91.431778
2019-07-10,91.481941
2019-07-11,91.030678
2019-07-12,91.130989
2019-07-15,91.323143
2019-07-16,91.122597
2019-07-17,91.548798
2019-07-18,91.774422
2019-07-19,91.607269
2019-07-22,91.649063
2019-07-23,91.498657
2019-07-24,91.632378
2019-07-25,91.473572
2019-07-26,91.456848
2019-07-29,91.540421
2019-07-30,91.582199
2019-07-31,91.816208
2019-08-01,92.857628
2019-08-02,93.050209
2019-08-05,93.853874
2019-08-06,94.004517
2019-08-07,94.004517
2019-08-08,94.012932
2019-08-09,93.870544
2019-08-12,94.464989
2019-08-13,94.130150
2019-08-14,94.757973
2019-08-15,95.360748
2019-08-16,95.109581
2019-08-19,94.657509
2019-08-20,95.076118
2019-08-21,94.824921
2019-08-22,94.615601
2019-08-23,95.251869
2019-08-26,95.159836
2019-08-27,95.570053
2019-08-28,95.603508
2019-08-29,95.419327
2019-08-30,95.444443
2019-09-03,95.654114
2019-09-04,95.805054
2019-09-05,95.033554
2019-09-06,95.092278
2019-09-09,94.505249
2019-09-10,93.817635
2019-09-11,93.725403
2019-09-12,93.515785
2019-09-13,92.660461
2019-09-16,93.062973
2019-09-17,93.306122
2019-09-18,93.339661
2019-09-19,93.381584
2019-09-20,93.918297
2019-09-23,94.052460
2019-09-24,94.522064
2019-09-25,93.901505
2019-09-26,94.102745
2019-09-27,94.236938
2019-09-30,94.312424
2019-10-01,94.573563
2019-10-02,94.901131
2019-10-03,95.396629
2019-10-04,95.581345
2019-10-07,95.262268
2019-10-08,95.463791
2019-10-09,95.220276
2019-10-10,94.623978
2019-10-11,93.977318
2019-10-14,94.237663
2019-10-15,93.784096
2019-10-16,93.968895
2019-10-17,93.935341
2019-10-18,94.019318
2019-10-21,93.674934
2019-10-22,93.893326
2019-10-23,93.926895
2019-10-24,93.910133
2019-10-25,93.708557
2019-10-28,93.355850
2019-10-29,93.439804
2019-10-30,93.893326
2019-10-31,94.489578
2019-11-01,94.311279
2019-11-04,93.831848
2019-11-05,93.327225
2019-11-06,93.596352
2019-11-07,92.847786
2019-11-08,92.721626
2019-11-11,92.822578
2019-11-12,92.864624
2019-11-13,93.116951
2019-11-14,93.587944
2019-11-15,93.512253
2019-11-18,93.672058
2019-11-19,93.848656
2019-11-20,94.193573
2019-11-21,93.958015
2019-11-22,93.941238
2019-11-25,93.983276
2019-11-26,94.159958
2019-11-27,93.915955
2019-11-29,93.840263
2019-12-02,93.503365
2019-12-03,94.337242
2019-12-04,93.975029
2019-12-05,93.756058
2019-12-06,93.469711
2019-12-09,93.545494
2019-12-10,93.435989
2019-12-11,93.823425
2019-12-12,93.082207
2019-12-13,93.629723
2019-12-16,93.191704
2019-12-17,93.200134
2019-12-18,92.947464
2019-12-19,93.019974
2019-12-20,93.019974
2019-12-23,92.935654
2019-12-24,93.095917
2019-12-26,93.230865
2019-12-27,93.365814
2019-12-30,93.306747
2019-12-31,92.969353
2020-01-02,93.399544
2020-01-03,94.023766
2020-01-06,93.922546
2020-01-07,93.787575
2020-01-08,93.568260
2020-01-09,93.635742
2020-01-10,93.838181
2020-01-13,93.728508
2020-01-14,93.914101
2020-01-15,94.150284
2020-01-16,93.956261
2020-01-17,93.880363
2020-01-21,94.251518
2020-01-22,94.268364
2020-01-23,94.504547
2020-01-24,94.841904
2020-01-27,95.483002
2020-01-28,95.162422
2020-01-29,95.617905
2020-01-30,95.710739
2020-01-31,96.191505
2020-02-03,96.109558
2020-02-04,95.552132
2020-02-05,95.138275
2020-02-06,95.205803
2020-02-07,95.661942
2020-02-10,95.847763
2020-02-11,95.619728
2020-02-12,95.374748
2020-02-13,95.459229
2020-02-14,95.695724
2020-02-18,95.847763
2020-02-19,95.830864
2020-02-20,96.109558
2020-02-21,96.498123
2020-02-24,97.249832
2020-02-25,97.520096
2020-02-26,97.469437
2020-02-27,97.942429
2020-02-28,99.040428
2020-03-02,98.972778
2020-03-03,100.122864
2020-03-04,99.902946
2020-03-05,100.790886
2020-03-06,101.814087
2020-03-09,102.727356
2020-03-10,100.841637
2020-03-11,99.835320
2020-03-12,99.886078
2020-03-13,99.234917
2020-03-16,101.856384
2020-03-17,99.302589
2020-03-18,97.924194
2020-03-19,98.245529
2020-03-20,100.748634
2020-03-23,101.940956
2020-03-24,101.247543
2020-03-25,101.306740
2020-03-26,101.551949
2020-03-27,102.304543
2020-03-30,102.541382
2020-03-31,102.727356
2020-04-01,103.145645
2020-04-02,103.162560
2020-04-03,103.238770
2020-04-06,102.773102
2020-04-07,102.315895
2020-04-08,102.188881
2020-04-09,102.409058
2020-04-13,102.188881
2020-04-14,102.324402
2020-04-15,103.238770
2020-04-16,103.348808
2020-04-17,103.077904
2020-04-20,103.348808
2020-04-21,103.636673
2020-04-22,103.314941
2020-04-23,103.382690
2020-04-24,103.408073
2020-04-27,102.857758
2020-04-28,103.306496
2020-04-29,103.255638
2020-04-30,103.010147
2020-05-01,103.152542
2020-05-04,103.169533
2020-05-05,103.093201
2020-05-06,102.711838
2020-05-07,103.339005
2020-05-08,103.000008
2020-05-11,102.711838
2020-05-12,103.050819
2020-05-13,103.262711
2020-05-14,103.423744
2020-05-15,103.355942
2020-05-18,102.720284
2020-05-19,103.008430
2020-05-20,103.033890
2020-05-21,103.101662
2020-05-22,103.296616
2020-05-26,103.025398
2020-05-27,103.110176
2020-05-28,103.016945
2020-05-29,103.347496
2020-06-01,103.306725
2020-06-02,103.137054
2020-06-03,102.526222
2020-06-04,102.119019
2020-06-05,101.609962
2020-06-08,101.720306
2020-06-09,102.085075
2020-06-10,102.848640
2020-06-11,103.213440
2020-06-12,102.984375
2020-06-15,102.899544
2020-06-16,102.687431
2020-06-17,102.848640
2020-06-18,103.077698
2020-06-19,103.111595
2020-06-22,103.018311
2020-06-23,102.984375
2020-06-24,103.179489
2020-06-25,103.196442
2020-06-26,103.476395
2020-06-29,103.578224
2020-06-30,103.391571
2020-07-01,103.230232
2020-07-02,103.357590
2020-07-06,103.204735
2020-07-07,103.535927
2020-07-08,103.374580
2020-07-09,103.705780
2020-07-10,103.501953
2020-07-13,103.612366
2020-07-14,103.603867
2020-07-15,103.569870
2020-07-16,103.646317
2020-07-17,103.620857
2020-07-20,103.688805
2020-07-21,103.799164
2020-07-22,103.833138
2020-07-23,103.935081
2020-07-24,103.884079
2020-07-27,103.722763
2020-07-28,103.968979
2020-07-29,104.104866
2020-07-30,104.249214
2020-07-31,104.274704
2020-08-03,104.223709
2020-08-04,104.580612
2020-08-05,104.232178
2020-08-06,104.351196
2020-08-07,104.130219
2020-08-10,104.019753
2020-08-11,103.662804
2020-08-12,103.356873
2020-08-13,103.144440
2020-08-14,103.195412
2020-08-17,103.365387
2020-08-18,103.543823
2020-08-19,103.407860
2020-08-20,103.705292
2020-08-21,103.781769
2020-08-24,103.637299
2020-08-25,103.390877
2020-08-26,103.348343
2020-08-27,102.982933
2020-08-28,103.152939
2020-08-31,103.263420
2020-09-01,103.601868
2020-09-02,103.746414
2020-09-03,103.882515
2020-09-04,103.304207
2020-09-08,103.525337
2020-09-09,103.474297
2020-09-10,103.601868
2020-09-11,103.763466
2020-09-14,103.669899
2020-09-15,103.618858
2020-09-16,103.559334
2020-09-17,103.593346
2020-09-18,103.499832
2020-09-21,103.686905
2020-09-22,103.686905
2020-09-23,103.686905
2020-09-24,103.737930
2020-09-25,103.822952
2020-09-28,103.805977
2020-09-29,103.882515
2020-09-30,103.601868
2020-10-01,103.660576
2020-10-02,103.558434
2020-10-05,102.903160
2020-10-06,103.141457
2020-10-07,102.843613
2020-10-08,103.030853
2020-10-09,102.979782
2020-10-12,103.090446
2020-10-13,103.320183
2020-10-14,103.354218
2020-10-15,103.243576
2020-10-16,103.184013
2020-10-19,103.013802
2020-10-20,102.792587
2020-10-21,102.656387
2020-10-22,102.298981
2020-10-23,102.443626
2020-10-26,102.715981
2020-10-27,102.945747
2020-10-28,102.937263
2020-10-29,102.503204
2020-10-30,102.171303
2020-11-02,102.346756
2020-11-03,102.116821
2020-11-04,102.976891
2020-11-05,102.959839
2020-11-06,102.610733
2020-11-09,101.852829
2020-11-10,101.563324
2020-11-11,101.725136
2020-11-12,102.304207
2020-11-13,102.167931
2020-11-16,102.091255
2020-11-17,102.355270
2020-11-18,102.321213
2020-11-19,102.431870
2020-11-20,102.610733
2020-11-23,102.406364
2020-11-24,102.244583
2020-11-25,102.278603
2020-11-27,102.585167
2020-11-30,102.517052
2020-12-01,101.971695
2020-12-02,101.801285
2020-12-03,102.073982
2020-12-04,101.673485
2020-12-07,101.988770
2020-12-08,102.090996
2020-12-09,101.946129
2020-12-10,102.176224
2020-12-11,102.380707
2020-12-14,102.321068
2020-12-15,102.218819
2020-12-16,102.133629
2020-12-17,102.059425
2020-12-18,101.974144
2020-12-21,102.042389
2020-12-22,102.212898
2020-12-23,101.999741
2020-12-24,102.144699
2020-12-28,102.153214
2020-12-29,102.136185
2020-12-30,102.204369
2020-12-31,102.272614
2021-01-04,102.298187
2021-01-05,102.059425
2021-01-06,101.462585
2021-01-07,101.104477
2021-01-08,100.814606
2021-01-11,100.618454
2021-01-12,100.601433
2021-01-13,100.951027
2021-01-14,100.720795
2021-01-15,100.993660
2021-01-19,101.053322
2021-01-20,101.095970
2021-01-21,100.951027
2021-01-22,101.104477
2021-01-25,101.513763
2021-01-26,101.479652
2021-01-27,101.599014
2021-01-28,101.334663
2021-01-29,101.155632
2021-02-01,101.281921
2021-02-02,101.025963
2021-02-03,100.778534
2021-02-04,100.744415
2021-02-05,100.531120
2021-02-08,100.573761
2021-02-09,100.650543
2021-02-10,100.906532
2021-02-11,100.829727
2021-02-12,100.496964
2021-02-16,99.771774
2021-02-17,99.840004
2021-02-18,99.831490
2021-02-19,99.430504
2021-02-22,99.268379
2021-02-23,99.345184
2021-02-24,99.208656
2021-02-25,97.886238
2021-02-26,98.765007
2021-03-01,98.654007
2021-03-02,98.833282
2021-03-03,98.303986
2021-03-04,97.817421
2021-03-05,97.680763
2021-03-08,97.296631
2021-03-09,97.757645
2021-03-10,97.962555
2021-03-11,97.928375
2021-03-12,97.219772
2021-03-15,97.339302
2021-03-16,97.322235
2021-03-17,97.160027
2021-03-18,96.553925
2021-03-19,96.494164
2021-03-22,96.810020
2021-03-23,97.288116
2021-03-24,97.416161
2021-03-25,97.288116
2021-03-26,96.963715
2021-03-29,96.630745
2021-03-30,96.545387
2021-03-31,96.408798
2021-04-01,96.835915
2021-04-05,96.562546
2021-04-06,97.032402
2021-04-07,96.972565
2021-04-08,97.305748
2021-04-09,97.049477
2021-04-12,96.989647
2021-04-13,97.391159
2021-04-14,97.271576
2021-04-15,97.895142
2021-04-16,97.630310
2021-04-19,97.527824
2021-04-20,97.818260
2021-04-21,97.869514
2021-04-22,97.946396
2021-04-23,97.818260
2021-04-26,97.715767
2021-04-27,97.331375
2021-04-28,97.459488
2021-04-29,97.288689
2021-04-30,97.374039
2021-05-03,97.539886
2021-05-04,97.668114
2021-05-05,97.787804
2021-05-06,97.830521
2021-05-07,97.864723
2021-05-10,97.668114
2021-05-11,97.505714
2021-05-12,97.035583
2021-05-13,97.360435
2021-05-14,97.574074
2021-05-17,97.480042
2021-05-18,97.480042
2021-05-19,97.189453
2021-05-20,97.591179
2021-05-21,97.625381
2021-05-24,97.719414
2021-05-25,98.078400
2021-05-26,97.967285
2021-05-27,97.796326
2021-05-28,97.787804
2021-06-01,97.769821
2021-06-02,97.880997
2021-06-03,97.632957
2021-06-04,98.171822
2021-06-07,98.094879
2021-06-08,98.377167
2021-06-09,98.685097
2021-06-10,99.035782
2021-06-11,98.890381
2021-06-14,98.582436
2021-06-15,98.599541
2021-06-16,97.923790
2021-06-17,98.274506
2021-06-18,98.830498
2021-06-21,98.513977
2021-06-22,98.693649
2021-06-23,98.496880
2021-06-24,98.479828
2021-06-25,98.274506
2021-06-28,98.582436
2021-06-29,98.633728
2021-06-30,98.787712
2021-07-01,98.716682
2021-07-02,99.076187
2021-07-06,99.598312
2021-07-07,99.889320
2021-07-08,100.146118
2021-07-09,99.641106
2021-07-12,99.589714
2021-07-13,99.281616
2021-07-14,99.709572
2021-07-15,100.128990
2021-07-16,100.111862
2021-07-19,100.967842
2021-07-20,100.839424
2021-07-21,100.257378
2021-07-22,100.488503
2021-07-23,100.334435
2021-07-26,100.265961
2021-07-27,100.693924
2021-07-28,100.779526
2021-07-29,100.471413
2021-07-30,100.753807
2021-08-02,101.195808
2021-08-03,101.221497
2021-08-04,101.195808
2021-08-05,100.827492
2021-08-06,100.236511
2021-08-09,100.022377
2021-08-10,99.833954
2021-08-11,99.945320
2021-08-12,99.842522
2021-08-13,100.416359
2021-08-16,100.639061
2021-08-17,100.587685
2021-08-18,100.536308
2021-08-19,100.758980
2021-08-20,100.664749
2021-08-23,100.690460
2021-08-24,100.416359
2021-08-25,100.022377
2021-08-26,100.022377
2021-08-27,100.347878
2021-08-30,100.544861
2021-08-31,100.356430
2021-09-01,100.399284
2021-09-02,100.519257
2021-09-03,100.279259
2021-09-07,99.885017
2021-09-08,100.159302
2021-09-09,100.442131
2021-09-10,100.124992
2021-09-13,100.244987
2021-09-14,100.622124
2021-09-15,100.450684
2021-09-16,100.133583
2021-09-17,99.842163
2021-09-20,100.347855
2021-09-21,100.287842
2021-09-22,100.382126
2021-09-23,99.473610
2021-09-24,99.173615
2021-09-27,98.907913
2021-09-28,98.530815
2021-09-29,98.633682
2021-09-30,98.753654
2021-10-01,99.156792
2021-10-04,99.036705
2021-10-05,98.727913
2021-10-06,98.753677
2021-10-07,98.359169
2021-10-08,98.144714
2021-10-11,97.904572
2021-10-12,98.350571
2021-10-13,98.539253
2021-10-14,98.770844
2021-10-15,98.281944
2021-10-18,98.144714
2021-10-19,97.793076
2021-10-20,97.750183
2021-10-21,97.492844
2021-10-22,97.741600
2021-10-25,97.861656
2021-10-26,97.981773
2021-10-27,98.530663
2021-10-28,98.273338
2021-10-29,98.316246
2021-11-01,98.308540
2021-11-02,98.548828
2021-11-03,98.239861
2021-11-04,98.772003
2021-11-05,99.312683
2021-11-08,98.883583
2021-11-09,99.338448
2021-11-10,98.488762
2021-11-11,98.171204
2021-11-12,98.377182
2021-11-15,97.990959
2021-11-16,97.905151
2021-11-17,98.257027
2021-11-18,98.317093
2021-11-19,98.583191
2021-11-22,97.862228
2021-11-23,97.458817
2021-11-24,97.759247
2021-11-26,99.020927
2021-11-29,98.797722
2021-11-30,99.389969
2021-12-01,99.577217
2021-12-02,99.362503
2021-12-03,99.946587
2021-12-06,99.448380
2021-12-07,99.070427
2021-12-08,98.752655
2021-12-09,99.001740
2021-12-10,99.070427
2021-12-13,99.542862
2021-12-14,99.371078
2021-12-15,99.225029
2021-12-16,99.513924
2021-12-17,99.737473
2021-12-20,99.651443
2021-12-21,99.256012
2021-12-22,99.350571
2021-12-23,99.144234
2021-12-27,99.178635
2021-12-28,99.161400
2021-12-29,98.654213
2021-12-30,98.980904
2021-12-31,98.869141
2022-01-03,97.949203
2022-01-04,97.897606
2022-01-05,97.484940
2022-01-06,97.244255
2022-01-07,96.926140
2022-01-10,96.900368
2022-01-11,97.132462
2022-01-12,97.149666
2022-01-13,97.459175
2022-01-14,96.788597
2022-01-18,96.057823
2022-01-19,96.289963
2022-01-20,96.496269
2022-01-21,97.055099
2022-01-24,96.969116
2022-01-25,96.840172
2022-01-26,96.152367
2022-01-27,96.556450
2022-01-28,96.779953
2022-01-31,96.779953
2022-02-01,96.649155
2022-02-02,96.847122
2022-02-03,96.434029
2022-02-04,95.693954
2022-02-07,95.719772
2022-02-08,95.409973
2022-02-09,95.539047
2022-02-10,94.661316
2022-02-11,95.642288
2022-02-14,94.979683
2022-02-15,94.695717
2022-02-16,94.893631
2022-02-17,95.401352
2022-02-18,95.711166
2022-02-22,95.702568
2022-02-23,95.203461
2022-02-24,95.427193
2022-02-25,95.401352
2022-02-28,96.485672
2022-03-01,97.425392
2022-03-02,95.961121
2022-03-03,96.374573
2022-03-04,97.330643
2022-03-07,96.917206
2022-03-08,96.288414
2022-03-09,95.694099
2022-03-10,95.254852
2022-03-11,95.228989
2022-03-14,94.023117
2022-03-15,93.980057
2022-03-16,93.850845
2022-03-17,93.669983
2022-03-18,93.945610
2022-03-21,92.722519
2022-03-22,92.214310
2022-03-23,92.834465
2022-03-24,92.317673
2022-03-25,91.370224
2022-03-28,91.576927
2022-03-29,92.033432
2022-03-30,92.395187
2022-03-31,92.567467
2022-04-01,91.964729
2022-04-04,91.904373
2022-04-05,90.809250
2022-04-06,90.490158
2022-04-07,90.265984
2022-04-08,89.808960
2022-04-11,89.377800
2022-04-12,89.808960
2022-04-13,90.007286
2022-04-14,89.196724
2022-04-18,88.938026
2022-04-19,88.351669
2022-04-20,89.041534
2022-04-21,88.550018
2022-04-22,88.593094
2022-04-25,89.162224
2022-04-26,89.757225
2022-04-27,89.257095
2022-04-28,89.127747
2022-04-29,88.653473
2022-05-02,87.993019
2022-05-03,88.096611
2022-05-04,88.666405
2022-05-05,87.777161
2022-05-06,87.276413
2022-05-09,87.923889
2022-05-10,88.217491
2022-05-11,88.761391
2022-05-12,89.054924
2022-05-13,88.588715
2022-05-16,88.959969
2022-05-17,88.286552
2022-05-18,88.916771
2022-05-19,89.236237
2022-05-20,89.650620
2022-05-23,89.106720
2022-05-24,89.875084
2022-05-25,90.056389
2022-05-26,90.013245
2022-05-27,90.142769
2022-05-31,89.201691
2022-06-01,88.699455
2022-06-02,88.829102
2022-06-03,88.656258
2022-06-06,87.990623
2022-06-07,88.345047
2022-06-08,88.016563
2022-06-09,87.938736
2022-06-10,87.074348
2022-06-13,85.526985
2022-06-14,84.844086
2022-06-15,86.028366
2022-06-16,86.590225
2022-06-17,86.616203
2022-06-21,86.166649
2022-06-22,87.255882
2022-06-23,87.748589
2022-06-24,87.437401
2022-06-27,86.944695
2022-06-28,87.057030
2022-06-29,87.757225
2022-06-30,88.431496
2022-07-01,89.379478
2022-07-05,89.708473
2022-07-06,88.946609
2022-07-07,88.401192
2022-07-08,87.864403
2022-07-11,88.557014
2022-07-12,88.764771
2022-07-13,89.145706
2022-07-14,88.652245
2022-07-15,88.955276
2022-07-18,88.695549
2022-07-19,88.288658
2022-07-20,88.202065
2022-07-21,89.206291
2022-07-22,90.227890
2022-07-25,89.907585
2022-07-26,89.942223
2022-07-27,90.124008
2022-07-28,91.015724
2022-07-29,91.050362
2022-08-01,91.582863
2022-08-02,90.316681
2022-08-03,90.689575
2022-08-04,91.149231
2022-08-05,89.831001
2022-08-08,90.360023
2022-08-09,90.091156
2022-08-10,90.143204
2022-08-11,89.544800
2022-08-12,89.900375
2022-08-15,90.186562
2022-08-16,90.082512
2022-08-17,89.475403
2022-08-18,89.648888
2022-08-19,88.877014
2022-08-22,88.486740
2022-08-23,88.269928
2022-08-24,87.975060
2022-08-25,88.538773
2022-08-26,88.434677
2022-08-29,87.931671
2022-08-30,87.905663
2022-08-31,87.541443
2022-09-01,86.845490
2022-09-02,87.331993
2022-09-06,86.358963
2022-09-07,86.923698
2022-09-08,86.602242
2022-09-09,86.610909
2022-09-12,86.402428
2022-09-13,85.915909
2022-09-14,85.959343
2022-09-15,85.663918
2022-09-16,85.733444
2022-09-19,85.490166
2022-09-20,84.960205
2022-09-21,85.299042
2022-09-22,84.013199
2022-09-23,84.117462
2022-09-26,82.718689
2022-09-27,82.153992
2022-09-28,84.004539
2022-09-29,83.613548
2022-09-30,83.396339
2022-10-03,84.386131
2022-10-04,84.560234
2022-10-05,83.759361
2022-10-06,83.298004
2022-10-07,82.888863
2022-10-10,82.401390
2022-10-11,82.610313
2022-10-12,82.880150
2022-10-13,82.531952
2022-10-14,82.070595
2022-10-17,82.157646
2022-10-18,82.366562
2022-10-19,81.504761
2022-10-20,80.895416
2022-10-21,81.078217
2022-10-24,80.973770
2022-10-25,81.983543
2022-10-26,82.401390
2022-10-27,82.984627
2022-10-28,82.558052
2022-10-31,82.183746
2022-11-01,82.168930
2022-11-02,82.029358
2022-11-03,81.671638
2022-11-04,81.497200
2022-11-07,81.209328
2022-11-08,81.750198
2022-11-09,82.029358
2022-11-10,83.870049
2022-11-11,83.695580
2022-11-14,83.494942
2022-11-15,84.114319
2022-11-16,84.733711
2022-11-17,84.157967
2022-11-18,83.861320
2022-11-21,83.808990
2022-11-22,84.288818
2022-11-23,84.742447
2022-11-25,84.716286
2022-11-28,84.751152
2022-11-29,84.393478
2022-11-30,85.152451
2022-12-01,86.082497
2022-12-02,86.257332
2022-12-05,85.383224
2022-12-06,85.907684
2022-12-07,86.659424
2022-12-08,86.169922
2022-12-09,85.531815
2022-12-12,85.409431
2022-12-13,86.178642
2022-12-14,86.414665
2022-12-15,86.582817
2022-12-16,86.363876
2022-12-19,85.663208
2022-12-20,85.041382
2022-12-21,85.146469
2022-12-22,85.120232
2022-12-23,84.734871
2022-12-27,84.025452
2022-12-28,83.824020
2022-12-29,84.235641
2022-12-30,83.885323
2023-01-03,84.542175
2023-01-04,85.190269
2023-01-05,85.067680
2023-01-06,86.162422
2023-01-09,86.381386
2023-01-10,85.838387
2023-01-11,86.390144
2023-01-12,87.160828
2023-01-13,86.696671
2023-01-17,86.425194
2023-01-18,87.598770
2023-01-19,87.432358
2023-01-20,86.854332
2023-01-23,86.574081
2023-01-24,87.073280
2023-01-25,87.169617
2023-01-26,86.854332
2023-01-27,86.722946
2023-01-30,86.451447
2023-01-31,86.889366
2023-02-01,87.514267
2023-02-02,87.479164
2023-02-03,86.540024
2023-02-06,85.793999
2023-02-07,85.583374
2023-02-08,85.899338
2023-02-09,85.513138
2023-02-10,85.100616
2023-02-13,85.302536
2023-02-14,84.916306
2023-02-15,84.661766
2023-02-16,84.380928
2023-02-17,84.617905
2023-02-21,83.696327
2023-02-22,83.845505
2023-02-23,84.170265
2023-02-24,83.661224
2023-02-27,83.915764
2023-02-28,84.047409
2023-03-01,83.375465
2023-03-02,83.032486
2023-03-03,83.700874
2023-03-06,83.551407
2023-03-07,83.560173
2023-03-08,83.533791
2023-03-09,84.052673
2023-03-10,85.600578
2023-03-13,86.638344
2023-03-14,85.820465
2023-03-15,87.060516
2023-03-16,86.277771
2023-03-17,87.297997
2023-03-20,86.946198
2023-03-21,86.189850
2023-03-22,87.324379
2023-03-23,87.825706
2023-03-24,87.852081
2023-03-27,86.770309
2023-03-28,86.717514
2023-03-29,86.568016
2023-03-30,86.699928
2023-03-31,87.174881
2023-04-03,87.585510
2023-04-04,88.149483
2023-04-05,88.519615
2023-04-06,88.546051
2023-04-10,87.673660
2023-04-11,87.638390
2023-04-12,87.893936
2023-04-13,87.603157
2023-04-14,87.171341
2023-04-17,86.616158
2023-04-18,86.757172
2023-04-19,86.572098
2023-04-20,87.074379
2023-04-21,86.862900
2023-04-24,87.285896
2023-04-25,88.149483
2023-04-26,87.805801
2023-04-27,87.233017
2023-04-28,87.885117
2023-05-01,86.850739
2023-05-02,87.981415
2023-05-03,88.555580
2023-05-04,88.537926
2023-05-05,88.060936
2023-05-08,87.522087
2023-05-09,87.416061
2023-05-10,88.069771
2023-05-11,88.396576
2023-05-12,87.866577
2023-05-15,87.672234
2023-05-16,87.389587
2023-05-17,87.106918
2023-05-18,86.568062
2023-05-19,86.241196
2023-05-22,86.082214
2023-05-23,86.223557
2023-05-24,86.002739
2023-05-25,85.463860
2023-05-26,85.622887
2023-05-30,86.294243
2023-05-31,86.621040
2023-06-01,86.861900
2023-06-02,86.171265
2023-06-05,86.144691
2023-06-06,86.197845
2023-06-07,85.569168
2023-06-08,86.144691
2023-06-09,85.834778
2023-06-12,85.976440
2023-06-13,85.365517
2023-06-14,85.480621
2023-06-15,86.144691
2023-06-16,85.772812
2023-06-20,86.029579
2023-06-21,86.109268
2023-06-22,85.622269
2023-06-23,85.976440
2023-06-26,86.188950
2023-06-27,85.887894
2023-06-28,86.233246
2023-06-29,85.347809
2023-06-30,85.533737
2023-07-03,85.162727
2023-07-05,84.754463
2023-07-06,84.062149
2023-07-07,83.955650
2023-07-10,84.390564
2023-07-11,84.568047
2023-07-12,85.393517
2023-07-13,86.103577
2023-07-14,85.677513
2023-07-17,85.819527
2023-07-18,85.917175
2023-07-19,86.210075
2023-07-20,85.526642
2023-07-21,85.597641
2023-07-24,85.393517
2023-07-25,85.233719
2023-07-26,85.526642
2023-07-27,84.594681
2023-07-28,84.869835
2023-07-31,84.976334
2023-08-01,84.479820
2023-08-02,84.310738
2023-08-03,83.687874
2023-08-04,84.577698
2023-08-07,84.373047
2023-08-08,84.800171
2023-08-09,84.853546
2023-08-10,84.203957
2023-08-11,83.759064
2023-08-14,83.625595
2023-08-15,83.465424
2023-08-16,83.145088
2023-08-17,83.038300
2023-08-18,83.287445
2023-08-21,82.771362
2023-08-22,82.806953
2023-08-23,83.705658
2023-08-24,83.394257
2023-08-25,83.367546
2023-08-28,83.598877
2023-08-29,84.195053
2023-08-30,84.186180
2023-08-31,84.355255
2023-09-01,83.839607
2023-09-05,83.331108
2023-09-06,83.116997
2023-09-07,83.402489
2023-09-08,83.420349
2023-09-11,83.277580
2023-09-12,83.393532
2023-09-13,83.491684
2023-09-14,83.304337
2023-09-15,83.045616
2023-09-18,83.125938
2023-09-19,82.822617
2023-09-20,82.760178
2023-09-21,82.144615
2023-09-22,82.465759
2023-09-25,81.859123
2023-09-26,81.832382
2023-09-27,81.466614
2023-09-28,81.689651
2023-09-29,81.707489
2023-10-02,81.044708
2023-10-03,80.373901
2023-10-04,80.883713
2023-10-05,81.035759
2023-10-06,80.561729
2023-10-09,81.590302
2023-10-10,81.429321
2023-10-11,81.876534
2023-10-12,81.089447
2023-10-13,81.608208
2023-10-16,81.125206
2023-10-17,80.329155
2023-10-18,79.953499
2023-10-19,79.559929
2023-10-20,80.025078
2023-10-23,80.400726
2023-10-24,80.543839
2023-10-25,79.837227
2023-10-26,80.445450
2023-10-27,80.570656
2023-10-30,80.302307
2023-10-31,80.132378
2023-11-01,81.055313
2023-11-02,81.557602
2023-11-03,82.185463
2023-11-06,81.710083
2023-11-07,82.176498
2023-11-08,82.508362
2023-11-09,81.692162
2023-11-10,81.781853
2023-11-13,81.736977
2023-11-14,82.965775
2023-11-15,82.320007
2023-11-16,82.938866
2023-11-17,82.992706
2023-11-20,83.109283
2023-11-21,83.216919
2023-11-22,83.190033
2023-11-24,82.759491
2023-11-27,83.387344
2023-11-28,83.755081
2023-11-29,84.194565
2023-11-30,83.781998
2023-12-01,84.572479
2023-12-04,84.221779
2023-12-05,84.815323
2023-12-06,85.166046
2023-12-07,85.040123
2023-12-08,84.491524
2023-12-11,84.500542
2023-12-12,84.680412
2023-12-13,85.939476
2023-12-14,86.653816
2023-12-15,86.581665
2023-12-18,86.392265
2023-12-19,86.554611
2023-12-20,86.978554
2023-12-21,86.843254
2023-12-22,86.762085
2023-12-26,86.816208
2023-12-27,87.492699
2023-12-28,87.158958
2023-12-29,86.942497
2024-01-02,86.617744
2024-01-03,86.825203
2024-01-04,86.302048
2024-01-05,85.986374
2024-01-08,86.275017
2024-01-09,86.238914
2024-01-10,86.103645
2024-01-11,86.563637
2024-01-12,86.798157
2024-01-16,86.094582
2024-01-17,85.814972
2024-01-18,85.625580
2024-01-19,85.634598
2024-01-22,85.896202
2024-01-23,85.679680
2024-01-24,85.436150
2024-01-25,85.805984
2024-01-26,85.652641
2024-01-29,86.166748
2024-01-30,86.284019
2024-01-31,87.005592
2024-02-01,87.544502
2024-02-02,86.405243
2024-02-05,85.564316
2024-02-06,86.025444
2024-02-07,85.871758
2024-02-08,85.591454
2024-02-09,85.437737
2024-02-12,85.519096
2024-02-13,84.578735
2024-02-14,84.895210
2024-02-15,85.130302
2024-02-16,84.759567
2024-02-20,84.904243
2024-02-21,84.632988
2024-02-22,84.642014
2024-02-23,85.030838
2024-02-26,84.904243
2024-02-27,84.714363
2024-02-28,85.021797
2024-02-29,85.193604
2024-03-01,85.582520
2024-03-04,85.392136
2024-03-05,85.917961
2024-03-06,86.126480
2024-03-07,86.271515
2024-03-08,86.335014
2024-03-11,86.226204
2024-03-12,85.872620
2024-03-13,85.682266
2024-03-14,85.047630
2024-03-15,84.902565
2024-03-18,84.802872
2024-03-19,85.047630
2024-03-20,85.247086
2024-03-21,85.256149
2024-03-22,85.673172
2024-03-25,85.446533
2024-03-26,85.573441
2024-03-27,85.899834
2024-03-28,85.818245
2024-04-01,85.041733
2024-04-02,84.859879
2024-04-03,84.959900
2024-04-04,85.250862
2024-04-05,84.687141
2024-04-08,84.496193
2024-04-09,84.832626
2024-04-10,83.705139
2024-04-11,83.586945
2024-04-12,83.932487
2024-04-15,83.396004
2024-04-16,83.068672
2024-04-17,83.596062
2024-04-18,83.305069
2024-04-19,83.414177
2024-04-22,83.423286
2024-04-23,83.532387
2024-04-24,83.277786
2024-04-25,82.959579
2024-04-26,83.186859
2024-04-29,83.523308
2024-04-30,83.132309
2024-05-01,83.461548
2024-05-02,83.853676
2024-05-03,84.318779
2024-05-06,84.391731
2024-05-07,84.610580
2024-05-08,84.373497
2024-05-09,84.628822
2024-05-10,84.355240
2024-05-13,84.455566
2024-05-14,84.701797
2024-05-15,85.340164
2024-05-16,85.175987
2024-05-17,84.911522
2024-05-20,84.783859
2024-05-21,85.002747
2024-05-22,84.893288
2024-05-23,84.592346
2024-05-24,84.701797
2024-05-28,84.227585
2024-05-29,83.817207
2024-05-30,84.236702
2024-05-31,84.628822
2024-06-03,85.183090
2024-06-04,85.649605
2024-06-05,85.960602
2024-06-06,85.923996
2024-06-07,85.018478
2024-06-10,84.835533
2024-06-11,85.283722
2024-06-12,85.759384
2024-06-13,86.326462
2024-06-14,86.527695
2024-06-17,86.125237
2024-06-18,86.500229
2024-06-20,86.280724
2024-06-21,86.299004
2024-06-24,86.372192
2024-06-25,86.445374
2024-06-26,85.923996
2024-06-27,86.116104
2024-06-28,85.658737
2024-07-01,85.021095
2024-07-02,85.342216
2024-07-03,85.911041
2024-07-05,86.388138
2024-07-08,86.415657
2024-07-09,86.296387
2024-07-10,86.378960
2024-07-11,86.929436
2024-07-12,87.112930
2024-07-15,86.837692
2024-07-16,87.223015
2024-07-17,87.296394
2024-07-18,87.048706
2024-07-19,86.773468
2024-07-22,86.690903
2024-07-23,86.755112
2024-07-24,86.562447
2024-07-25,86.755112
2024-07-26,87.167946
2024-07-29,87.314781
2024-07-30,87.498260
2024-07-31,88.140465
2024-08-01,88.516861
2024-08-02,89.887993
2024-08-05,89.980019
2024-08-06,89.179413
2024-08-07,88.857323
2024-08-08,88.590469
2024-08-09,88.949356
2024-08-12,89.197823
2024-08-13,89.593536
2024-08-14,89.713165
2024-08-15,89.151833
2024-08-16,89.326668
2024-08-19,89.446297
2024-08-20,89.805176
2024-08-21,89.989227
2024-08-22,89.575104
2024-08-23,89.989227
2024-08-26,89.878799
2024-08-27,89.842010
2024-08-28,89.795982
2024-08-29,89.639534
2024-08-30,89.326668
2024-09-03,89.915520
2024-09-04,90.441612
2024-09-05,90.653900
2024-09-06,90.783096
2024-09-09,90.912315
2024-09-10,91.299957
2024-09-11,91.235382
2024-09-12,91.087677
2024-09-13,91.263077
2024-09-16,91.503014
2024-09-17,91.336884
2024-09-18,90.940010
2024-09-19,90.866165
2024-09-20,90.838470
2024-09-23,90.783096
2024-09-24,90.884644
2024-09-25,90.515434
2024-09-26,90.450829
2024-09-27,90.810783
2024-09-30,90.561592
2024-10-01,90.891144
2024-10-02,90.631943
2024-10-03,90.169098
2024-10-04,89.298981
2024-10-07,88.975006
2024-10-08,89.049042
2024-10-09,88.715813
2024-10-10,88.706558
2024-10-11,88.734306
2024-10-14,88.576965
2024-10-15,89.030518
2024-10-16,89.169395
2024-10-17,88.706558
2024-10-18,88.808388
2024-10-21,88.123383
2024-10-22,88.040077
2024-10-23,87.836441
2024-10-24,88.030807
2024-10-25,87.836441
2024-10-28,87.632782
2024-10-29,87.669807
2024-10-30,87.540222
2024-10-31,87.493942
2024-11-01,86.975822
2024-11-04,87.440086
2024-11-05,87.486511
2024-11-06,86.585838
2024-11-07,87.282242
2024-11-08,87.467941
2024-11-11,87.226517
2024-11-12,86.678680
2024-11-13,86.622986
2024-11-14,86.613693
2024-11-15,86.650848
2024-11-18,86.845795
2024-11-19,87.031532
2024-11-20,86.901527
2024-11-21,86.855118
2024-11-22,86.910797
2024-11-25,87.848640
2024-11-26,87.662926
2024-11-27,88.015778
2024-11-29,88.387192
2024-12-02,88.379753
2024-12-03,88.128265
2024-12-04,88.463554
2024-12-05,88.454239
2024-12-06,88.733665
2024-12-09,88.426308
2024-12-10,88.267960
2024-12-11,88.007164
2024-12-12,87.671867
2024-12-13,87.262062
2024-12-16,87.290009
2024-12-17,87.290009
2024-12-18,86.615334
2024-12-19,86.222855
2024-12-20,86.540565
2024-12-23,86.157433
2024-12-24,86.204155
2024-12-26,86.269585
2024-12-27,86.045296
2024-12-30,86.549927
2024-12-31,86.391045
2025-01-02,86.437775
2025-01-03,86.297623
2025-01-06,86.213509
2025-01-07,85.821022
2025-01-08,85.970543
2025-01-10,85.344444
2025-01-13,85.194946
2025-01-14,85.222961
2025-01-15,86.120079
2025-01-16,86.325638
2025-01-17,86.391045
2025-01-21,86.680740
2025-01-22,86.456459
2025-01-23,86.232201
2025-01-24,86.409744
2025-01-27,86.970413
2025-01-28,86.979752
2025-01-29,86.876968
2025-01-30,87.063858
2025-01-31,86.923698
2025-02-03,86.985558
2025-02-04,87.201180
2025-02-05,87.707390
2025-02-06,87.604286
2025-02-07,87.313683
2025-02-10,87.294922
2025-02-11,87.069931
2025-02-12,86.469971
2025-02-13,87.116814
2025-02-14,87.482391
2025-02-18,87.013687
2025-02-19,87.154320
2025-02-20,87.332428
2025-02-21,87.848015
2025-02-24,88.035515
2025-02-25,88.729218
2025-02-26,88.972946
2025-02-27,88.869843
2025-02-28,89.357300
2025-03-03,89.681648
2025-03-04,89.399628
2025-03-05,88.901329
2025-03-06,88.854332
2025-03-07,88.741493
2025-03-10,89.361992
2025-03-11,89.042336
2025-03-12,88.779106
2025-03-13,89.136360
2025-03-14,88.826118
2025-03-17,88.901329
2025-03-18,89.004745
2025-03-19,89.277390
2025-03-20,89.409027
2025-03-21,89.333786
2025-03-24,88.816727
2025-03-25,88.967133
2025-03-26,88.760330
2025-03-27,88.685104
2025-03-28,89.399628
2025-03-31,89.662857
2025-04-01,89.977875
2025-04-02,89.892982
2025-04-03,90.817291
2025-04-04,91.071938
2025-04-07,89.987297
2025-04-08,89.534592
2025-04-09,89.251625
2025-04-10,88.695152
2025-04-11,88.195297
2025-04-14,88.902672
2025-04-15,89.166748
2025-04-16,89.553444
2025-04-17,89.298790
2025-04-21,88.817764
2025-04-22,88.883812
2025-04-23,88.978111
2025-04-24,89.459129
2025-04-25,89.798668
2025-04-28,90.157074
2025-04-29,90.468330
2025-04-30,90.609795
2025-05-01,90.215187
2025-05-02,89.609612
2025-05-05,89.448753
2025-05-06,89.675850
2025-05-07,89.912399
2025-05-08,89.212189
2025-05-09,89.278404
2025-05-12,88.710670
2025-05-13,88.644455
2025-05-14,88.313255
2025-05-15,88.890465
2025-05-16,88.918861
2025-05-19,88.871529
2025-05-20,88.757980
2025-05-21,88.142944
2025-05-22,88.474129
2025-05-23,88.729584
2025-05-27,89.098648
2025-05-28,88.852608
2025-05-29,89.221649
2025-05-30,89.486603
2025-06-02,89.182816
2025-06-03,89.097374
2025-06-04,89.752426
2025-06-05,89.486603
2025-06-06,88.774590
2025-06-09,88.935982
2025-06-10,89.087875
2025-06-11,89.458115
2025-06-12,89.847351
2025-06-13,89.515083
2025-06-16,89.258759
2025-06-17,89.695465
2025-06-18,89.752426
2025-06-20,89.809372
2025-06-23,90.122681
2025-06-24,90.435951
2025-06-25,90.473930
2025-06-26,90.796722
2025-06-27,90.559372
2025-06-30,90.920128
2025-07-01,90.751556
2025-07-02,90.561073
2025-07-03,90.246811
2025-07-07,89.961090
2025-07-08,89.827744
2025-07-09,90.294411
2025-07-10,90.246811
2025-07-11,89.827744
2025-07-14,89.789680
2025-07-15,89.437309
2025-07-16,89.684898
2025-07-17,89.656326
2025-07-18,89.903954
2025-07-21,90.218224
2025-07-22,90.475388
2025-07-23,90.151566
2025-07-24,90.018227
2025-07-25,90.227760
2025-07-28,90.027763
2025-07-29,90.618233
2025-07-30,90.303955
2025-07-31,90.380127
2025-08-01,91.420662
2025-08-04,91.544868
2025-08-05,91.477989
2025-08-06,91.411102
2025-08-07,91.344215
2025-08-08,91.134033
2025-08-11,91.162689
2025-08-12,91.143555
2025-08-13,91.468430
2025-08-14,91.172241
2025-08-15,90.990692
2025-08-18,90.904701
2025-08-19,91.134033
2025-08-20,91.267776
2025-08-21,91.000259
2025-08-22,91.506645
2025-08-25,91.325127
2025-08-26,91.563988
2025-08-27,91.735962
2025-08-28,91.946182
2025-08-29,91.869736
2025-09-02,91.595581
2025-09-03,91.911919
2025-09-04,92.324120
2025-09-05,92.774673
2025-09-08,93.062256
2025-09-09,92.841782
2025-09-10,93.091019
2025-09-11,93.234810
2025-09-12,92.966400
2025-09-15,93.119774
2025-09-16,93.177299
2025-09-17,92.975975
2025-09-18,92.669220
2025-09-19,92.630867
2025-09-22,92.477501
2025-09-23,92.736336
2025-09-24,92.487083
2025-09-25,92.285782
2025-09-26,92.237854
2025-09-29,92.506271
2025-09-30,92.467926
2025-10-01,92.779457
2025-10-02,92.875595
2025-10-03,92.692902
2025-10-06,92.423683
2025-10-07,92.654449
2025-10-08,92.673691
2025-10-09,92.606361
2025-10-10,93.183296
2025-10-13,93.231369
2025-10-14,93.471764
2025-10-15,93.365990
2025-10-16,93.798691
2025-10-17,93.644852
2025-10-20,93.769852
2025-10-21,93.942909
2025-10-22,93.962151
2025-10-23,93.654465
2025-10-24,93.740990
2025-10-27,93.740990
2025-10-28,93.827522
2025-10-29,93.221779
2025-10-30,93.087143
2025-10-31,93.125603
2025-11-03,93.081245
2025-11-04,93.196983
2025-11-05,92.753288
2025-11-06,93.225945
2025-11-07,93.264503
2025-11-10,93.139114
2025-11-11,93.428490
2025-11-12,93.447769
2025-11-13,93.177704
2025-11-14,93.023369
2025-11-17,93.129471
2025-11-18,93.283813
2025-11-19,93.216286
2025-11-20,93.438133
2025-11-21,93.746811
2025-11-24,93.891479
2025-11-25,94.132622
2025-11-26,94.209785
2025-11-28,94.045822
2025-12-01,93.540810
2025-12-02,93.618195
2025-12-03,93.811699
2025-12-04,93.521461
2025-12-05,93.327980
2025-12-08,93.134491
2025-12-09,92.999046
2025-12-10,93.298958
2025-12-11,93.308632
2025-12-12,93.057106
2025-12-15,93.134491
2025-12-16,93.395706
2025-12-17,93.376335
2025-12-18,93.618195
2025-12-19,93.407585
2025-12-22,93.310539
2025-12-23,93.271729
2025-12-24,93.514366
2025-12-26,93.601715
2025-12-29,93.737587
2025-12-30,93.640526
2025-12-31,93.329956
2026-01-02,93.252304
2026-01-05,93.533775
2026-01-06,93.465843
2026-01-07,93.640526
2026-01-08,93.359070
2026-01-09,93.465843
2026-01-12,93.349358
2026-01-13,93.465843
2026-01-14,93.659935
2026-01-15,93.465843
2026-01-16,93.106705
2026-01-20,92.737907
2026-01-21,92.980545
2026-01-22,92.970848
2026-01-23,93.126122
2026-01-26,93.262001
2026-01-27,93.155235
2026-01-28,93.077599
2026-01-29,93.174667
2026-01-30,93.116425
2026-02-02,92.933372
2026-02-03,93.021004
2026-02-04,93.001518
2026-02-05,93.546806
2026-02-06,93.546806
2026-02-09,93.566284
2026-02-10,93.975273
2026-02-11,93.712341
2026-02-12,94.286842
2026-02-13,94.656876
2026-02-17,94.647141
2026-02-18,94.452385
2026-02-19,94.540031
2026-02-20,94.540031
2026-02-23,94.880844
2026-02-24,94.861351
2026-02-25,94.783455
2026-02-26,95.036629
2026-02-27,95.416389
2026-03-02,94.843155
2026-03-03,94.735725
2026-03-04,94.540405
2026-03-05,94.247459
2026-03-06,94.188850
2026-03-09,94.481819
2026-03-10,94.179092
2026-03-11,93.749405
2026-03-12,93.446671
2026-03-13,93.349007
2026-03-16,93.768936
2026-03-17,93.934944
2026-03-18,93.505272
2026-03-19,93.495499
2026-03-20,92.655663
2026-03-23,92.948624
2026-03-24,92.636124
2026-03-25,93.124405
2026-03-26,92.372444
2026-03-27,92.382210
2026-03-30,93.036514
2026-03-31,93.202545
2026-04-01,93.121208
2026-04-02,93.336761
2026-04-06,93.091812
2026-04-07,93.326973
2026-04-08,93.532738
2026-04-09,93.503326
2026-04-10,93.346565
2026-04-13,93.552330
2026-04-14,93.856079
2026-04-15,93.650314
2026-04-16,93.483742
2026-04-17,93.993233
2026-04-20,93.905045
2026-04-21,93.493538
2026-04-22,93.591515
2026-04-23,93.444550
2026-04-24,93.630699
2026-04-27,93.415146
2026-04-28,93.326973
2026-04-29,92.886047
2026-04-30,93.062424
2026-05-01,93.133202
2026-05-04,92.789124
2026-05-05,92.926765
2026-05-06,93.388786
2026-05-07,93.103706
2026-05-08,93.349472
2026-05-11,93.034897
2026-05-12,92.720329
2026-05-13,92.720329
2026-05-14,92.661354
2026-05-15,91.924065
2026-05-18,91.884735
2026-05-19,91.530838
2026-05-20,92.150162
2026-05-21,92.209145
2026-05-22,92.287788
2026-05-26,92.681007
2026-05-27,92.720329
2026-05-28,92.936592
2026-05-29,93.044731
2026-06-01,92.883949
2026-06-02,92.952988
2026-06-03,92.716278
2026-06-04,92.834641
2026-06-05,92.341469
2026-06-08,92.242836
2026-06-09,92.499275
2026-06-10,92.410515
2026-06-11,93.051636
2026-06-12,92.893814
2026-06-15,92.992455
2026-06-16,93.229164
2026-06-17,92.735992
2026-06-18,93.071358
2026-06-22,92.716278
2026-06-23,92.834641
2026-06-24,93.436302
2026-06-25,93.495483
2026-06-26,93.732201
2026-06-29,93.761803
2026-06-30,93.278496
2026-07-01,93.051872
2026-07-02,93.140938
2026-07-06,93.200310
2026-07-07,92.725304
2026-07-08,92.537285
2026-07-09,92.735199
2026-07-10,92.656029
2026-07-13,92.319580
2026-07-14,92.576866
2026-07-15,92.804466
2026-07-16,92.745102
2026-07-17,92.863838
2026-07-20,92.566978
2026-07-21,92.339363
2026-07-22,92.131546
2026-07-23,91.884140
2026-07-24,92.062271
2026-07-27,92.309669
2026-07-28,92.586761
2026-07-29,92.200821
2026-07-30,92.240402
2026-07-31,91.983109
2026-08-03,92.169785
2026-08-04,92.596779
2026-08-05,92.656349
2026-08-06,92.298874
2026-08-07,92.517334
2026-08-10,92.110214
2026-08-11,92.219444
2026-08-12,92.308807
2026-08-13,92.646431
2026-08-14,92.388245
2026-08-17,92.189644
2026-08-18,92.279022
2026-08-19,92.725868
2026-08-20,92.348526
2026-08-21,92.169785
2026-08-24,92.358459
2026-08-25,92.854958
2026-08-26,92.666290
2026-08-27,92.576920
2026-08-28,92.199577
2026-08-31,92.090347
2026-09-01,91.783409
2026-09-02,91.863136
2026-09-03,91.962791
2026-09-04,91.932892
2026-09-08,91.843208
2026-09-09,91.584099
2026-09-10,90.866570
2026-09-11,90.697159
2026-09-14,90.617432
2026-09-15,90.507812
2026-09-16,90.418121
2026-09-17,90.936333
2026-09-18,90.487885
2026-09-21,90.836678
2026-09-22,90.846642
2026-09-23,89.879974
2026-09-24,89.381699
2026-09-25,89.690628
2026-09-28,89.222244
2026-09-29,89.142517
2026-09-30,89.002998
2026-10-01,89.300003
2026-10-02,89.050003
