date,adj_close
2000-05-26,32.505737
2000-05-30,33.705547
2000-05-31,33.827740
2000-06-01,34.594299
2000-06-02,36.393990
2000-06-05,36.260689
2000-06-06,36.616173
2000-06-07,36.660614
2000-06-08,36.571716
2000-06-09,37.216064
2000-06-12,36.110699
2000-06-13,36.571716
2000-06-14,36.393990
2000-06-15,36.438427
2000-06-16,36.238445
2000-06-19,37.149426
2000-06-20,37.393814
2000-06-21,37.593018
2000-06-22,36.459225
2000-06-23,36.214684
2000-06-26,36.659298
2000-06-27,36.081310
2000-06-28,36.992775
2000-06-29,36.414753
2000-06-30,36.764889
2000-07-03,37.281773
2000-07-05,36.859386
2000-07-06,37.292896
2000-07-07,37.526314
2000-07-10,37.770863
2000-07-11,37.726410
2000-07-12,38.482265
2000-07-13,38.604542
2000-07-14,38.637878
2000-07-17,38.771271
2000-07-18,38.104332
2000-07-19,37.437397
2000-07-20,38.059879
2000-07-21,37.014996
2000-07-24,36.475895
2000-07-25,36.548153
2000-07-26,36.481453
2000-07-27,35.481049
2000-07-28,34.858574
2000-07-31,35.747841
2000-08-01,35.514393
2000-08-02,35.569977
2000-08-03,35.547745
2000-08-04,35.725574
2000-08-07,36.386963
2000-08-08,36.214684
2000-08-09,35.953465
2000-08-10,35.747841
2000-08-11,36.370293
2000-08-14,36.748219
2000-08-15,36.214684
2000-08-16,36.392540
2000-08-17,36.726009
2000-08-18,36.670410
2000-08-21,36.803818
2000-08-22,36.748219
2000-08-23,36.692650
2000-08-24,37.237316
2000-08-25,37.392937
2000-08-28,37.459641
2000-08-29,37.815311
2000-08-30,37.859798
2000-08-31,38.237720
2000-09-01,38.548962
2000-09-05,38.282177
2000-09-06,38.115429
2000-09-07,38.682346
2000-09-08,38.015404
2000-09-11,38.059879
2000-09-12,37.937595
2000-09-13,38.126556
2000-09-14,38.348866
2000-09-15,37.637482
2000-09-18,36.748219
2000-09-19,37.348473
2000-09-20,37.051682
2000-09-21,36.360191
2000-09-22,36.828636
2000-09-25,36.873245
2000-09-26,36.349030
2000-09-27,36.181717
2000-09-28,37.163242
2000-09-29,36.984776
2000-10-02,36.382500
2000-10-03,35.852711
2000-10-04,36.103645
2000-10-05,35.735592
2000-10-06,34.865623
2000-10-09,34.787567
2000-10-10,33.951050
2000-10-11,33.839520
2000-10-12,32.813389
2000-10-13,34.084900
2000-10-16,34.352577
2000-10-17,33.488178
2000-10-18,33.214916
2000-10-19,34.241058
2000-10-20,34.676018
2000-10-23,35.021778
2000-10-24,34.508728
2000-10-25,33.739136
2000-10-26,34.263351
2000-10-27,34.285656
2000-10-30,34.441803
2000-10-31,35.334045
2000-11-01,35.356377
2000-11-02,36.204041
2000-11-03,36.159431
2000-11-06,35.880592
2000-11-07,36.181717
2000-11-08,35.534813
2000-11-09,35.155617
2000-11-10,34.263351
2000-11-13,33.917587
2000-11-14,34.731789
2000-11-15,35.177921
2000-11-16,34.157372
2000-11-17,34.374844
2000-11-20,33.482590
2000-11-21,33.287415
2000-11-22,32.590340
2000-11-24,33.504906
2000-11-27,33.599705
2000-11-28,32.590340
2000-11-29,32.501091
2000-11-30,31.809595
2000-12-01,32.523411
2000-12-04,32.166496
2000-12-05,33.727993
2000-12-06,32.947250
2000-12-07,32.858002
2000-12-08,33.304138
2000-12-11,34.821014
2000-12-12,34.062588
2000-12-13,33.428276
2000-12-14,32.896049
2000-12-15,32.716801
2000-12-18,33.209789
2000-12-19,32.627159
2000-12-20,31.596334
2000-12-21,31.842861
2000-12-22,33.164978
2000-12-26,33.355446
2000-12-27,34.240589
2000-12-28,35.338619
2000-12-29,34.330242
2001-01-02,33.131363
2001-01-03,34.503899
2001-01-04,34.061317
2001-01-05,33.008110
2001-01-08,33.120152
2001-01-09,33.069736
2001-01-10,34.128540
2001-01-11,34.593517
2001-01-12,34.688782
2001-01-16,35.383450
2001-01-17,35.361042
2001-01-18,35.495506
2001-01-19,34.868031
2001-01-22,35.114548
2001-01-23,35.988483
2001-01-24,35.854012
2001-01-25,35.719570
2001-01-26,35.719570
2001-01-29,36.445621
2001-01-30,36.682247
2001-01-31,36.176720
2001-02-01,36.442036
2001-02-02,35.628155
2001-02-05,35.699867
2001-02-06,36.266376
2001-02-07,36.355984
2001-02-08,35.810993
2001-02-09,35.352081
2001-02-12,36.140858
2001-02-13,35.800224
2001-02-14,36.176720
2001-02-15,36.355984
2001-02-16,35.570778
2001-02-20,35.158463
2001-02-21,34.545341
2001-02-22,34.061317
2001-02-23,34.133038
2001-02-26,34.885979
2001-02-27,34.258522
2001-02-28,33.756557
2001-03-01,33.989594
2001-03-02,34.079247
2001-03-05,33.953754
2001-03-06,34.455715
2001-03-07,34.634987
2001-03-08,34.348179
2001-03-09,33.738853
2001-03-12,32.783180
2001-03-13,33.124489
2001-03-14,32.334103
2001-03-15,32.208344
2001-03-16,31.615578
2001-03-19,32.441891
2001-03-20,31.687424
2001-03-21,31.202406
2001-03-22,30.897020
2001-03-23,31.705376
2001-03-26,32.136513
2001-03-27,32.395164
2001-03-28,31.525751
2001-03-29,31.579655
2001-03-30,32.190407
2001-04-02,31.435930
2001-04-03,30.368896
2001-04-04,30.465910
2001-04-05,31.938911
2001-04-06,31.040731
2001-04-09,31.723347
2001-04-10,32.477814
2001-04-11,32.262245
2001-04-12,32.657452
2001-04-16,32.068253
2001-04-17,32.585594
2001-04-18,33.537643
2001-04-19,33.911293
2001-04-20,33.516098
2001-04-23,32.908939
2001-04-24,33.160412
2001-04-25,33.878952
2001-04-26,34.363949
2001-04-27,34.813061
2001-04-30,34.848961
2001-05-01,35.280087
2001-05-02,35.190273
2001-05-03,34.755558
2001-05-04,35.244190
2001-05-07,35.028618
2001-05-08,35.208263
2001-05-09,34.992687
2001-05-10,35.028618
2001-05-11,34.820236
2001-05-14,34.813061
2001-05-15,35.154366
2001-05-16,35.829781
2001-05-17,36.199837
2001-05-18,36.339966
2001-05-21,36.968643
2001-05-22,37.148273
2001-05-23,36.286060
2001-05-24,36.663273
2001-05-25,36.393810
2001-05-29,35.926781
2001-05-30,35.459732
2001-05-31,35.603447
2001-06-01,36.023785
2001-06-04,36.494427
2001-06-05,37.004604
2001-06-06,36.771061
2001-06-07,36.925533
2001-06-08,36.710835
2001-06-11,36.224476
2001-06-12,36.314545
2001-06-13,36.264099
2001-06-14,35.359840
2001-06-15,35.575993
2001-06-18,35.305809
2001-06-19,35.197716
2001-06-20,35.612034
2001-06-21,35.662468
2001-06-22,35.017582
2001-06-25,34.772610
2001-06-26,35.305809
2001-06-27,35.648052
2001-06-28,36.098377
2001-06-29,36.710835
2001-07-02,35.882217
2001-07-03,35.666065
2001-07-05,35.197716
2001-07-06,34.549248
2001-07-09,34.873478
2001-07-10,34.225025
2001-07-11,34.225025
2001-07-12,35.064434
2001-07-13,35.233742
2001-07-16,34.639313
2001-07-17,35.323818
2001-07-18,34.657322
2001-07-19,34.945530
2001-07-20,34.945530
2001-07-23,34.693348
2001-07-24,34.116932
2001-07-25,34.315079
2001-07-26,34.819454
2001-07-27,34.765404
2001-07-30,34.711369
2001-07-31,34.668129
2001-08-01,35.197716
2001-08-02,35.089619
2001-08-03,34.999573
2001-08-06,34.513229
2001-08-07,34.549248
2001-08-08,33.774700
2001-08-09,34.116932
2001-08-10,34.080910
2001-08-13,34.369110
2001-08-14,34.477192
2001-08-15,34.433964
2001-08-16,34.657322
2001-08-17,34.116932
2001-08-20,34.495201
2001-08-21,33.900768
2001-08-22,34.351112
2001-08-23,33.900768
2001-08-24,34.621304
2001-08-27,34.495201
2001-08-28,34.116932
2001-08-29,33.972828
2001-08-30,33.544109
2001-08-31,33.825115
2001-09-04,33.504494
2001-09-05,33.270313
2001-09-06,32.495747
2001-09-07,31.894123
2001-09-10,31.649122
2001-09-17,30.082001
2001-09-18,29.595619
2001-09-19,28.878712
2001-09-20,27.779898
2001-09-21,27.257523
2001-09-24,28.100540
2001-09-25,28.442789
2001-09-26,28.021275
2001-09-27,28.471611
2001-09-28,28.893122
2001-10-01,28.746317
2001-10-02,29.060900
2001-10-03,29.722591
2001-10-04,30.019087
2001-10-05,29.867229
2001-10-08,29.596058
2001-10-09,29.350161
2001-10-10,30.373449
2001-10-11,30.861601
2001-10-12,30.763979
2001-10-15,30.879696
2001-10-16,31.295525
2001-10-17,30.409605
2001-10-18,30.214352
2001-10-19,30.590424
2001-10-22,30.865221
2001-10-23,30.662727
2001-10-24,30.861601
2001-10-25,31.548618
2001-10-26,31.548618
2001-10-29,30.915842
2001-10-30,30.264988
2001-10-31,30.771200
2001-11-01,31.313595
2001-11-02,31.096636
2001-11-05,31.548618
2001-11-06,32.000618
2001-11-07,31.783665
2001-11-08,31.711338
2001-11-09,31.602873
2001-11-12,31.729427
2001-11-13,32.307964
2001-11-14,32.629761
2001-11-15,32.506844
2001-11-16,32.539371
2001-11-19,32.904583
2001-11-20,32.716560
2001-11-21,32.604458
2001-11-23,33.078163
2001-11-26,33.248096
2001-11-27,33.139614
2001-11-28,32.561077
2001-11-29,33.519287
2001-11-30,33.121540
2001-12-03,32.904583
2001-12-04,33.663925
2001-12-05,34.405178
2001-12-06,34.893311
2001-12-07,34.629368
2001-12-10,34.029125
2001-12-11,34.224373
2001-12-12,34.278625
2001-12-13,33.667538
2001-12-14,34.051941
2001-12-17,34.704689
2001-12-18,35.012943
2001-12-19,34.740959
2001-12-20,34.196991
2001-12-21,34.886002
2001-12-24,35.049198
2001-12-26,35.357449
2001-12-27,35.502506
2001-12-28,35.538780
2001-12-31,34.940399
2002-01-02,35.263157
2002-01-03,35.752724
2002-01-04,36.064598
2002-01-07,35.484360
2002-01-08,35.901413
2002-01-09,35.538780
2002-01-10,35.756359
2002-01-11,35.321159
2002-01-14,34.795349
2002-01-15,35.031063
2002-01-16,34.320274
2002-01-17,34.487087
2002-01-18,34.051941
2002-01-22,33.834366
2002-01-23,34.305790
2002-01-24,34.577759
2002-01-25,34.552387
2002-01-28,34.777218
2002-01-29,34.164364
2002-01-30,34.592278
2002-01-31,34.886002
2002-02-01,34.686554
2002-02-04,33.870605
2002-02-05,33.740070
2002-02-06,33.362911
2002-02-07,32.927750
2002-02-08,33.798084
2002-02-11,33.946774
2002-02-12,34.019302
2002-02-13,34.342045
2002-02-14,33.906883
2002-02-15,33.856098
2002-02-19,33.199718
2002-02-20,33.761829
2002-02-21,33.040165
2002-02-22,33.634892
2002-02-25,33.845215
2002-02-26,34.004776
2002-02-27,34.160732
2002-02-28,33.798084
2002-03-01,34.632156
2002-03-04,35.176105
2002-03-05,35.255894
2002-03-06,35.683815
2002-03-07,35.720085
2002-03-08,36.081318
2002-03-11,36.088593
2002-03-12,36.030487
2002-03-13,35.725521
2002-03-14,35.888920
2002-03-15,36.034115
2002-03-18,36.237450
2002-03-19,36.469807
2002-03-20,35.896172
2002-03-21,36.498878
2002-03-22,36.233818
2002-03-25,35.794502
2002-03-26,36.197502
2002-03-27,36.535156
2002-03-28,36.342731
2002-04-01,36.379055
2002-04-02,36.146687
2002-04-03,35.888920
2002-04-04,36.030487
2002-04-05,35.979683
2002-04-08,36.429867
2002-04-09,36.295540
2002-04-10,36.996246
2002-04-11,36.404446
2002-04-12,37.214085
2002-04-15,36.941799
2002-04-16,37.867603
2002-04-17,37.548103
2002-04-18,37.388351
2002-04-19,37.359306
2002-04-22,36.865559
2002-04-23,36.996246
2002-04-24,36.684017
2002-04-25,36.782043
2002-04-26,36.077705
2002-04-29,36.186626
2002-04-30,36.778393
2002-05-01,37.032570
2002-05-02,37.159618
2002-05-03,36.996246
2002-05-06,36.288280
2002-05-07,36.026882
2002-05-08,36.887348
2002-05-09,36.215652
2002-05-10,35.627506
2002-05-13,36.088593
2002-05-14,37.177780
2002-05-15,37.141476
2002-05-16,36.702168
2002-05-17,36.814713
2002-05-20,36.350010
2002-05-21,35.798149
2002-05-22,35.580318
2002-05-23,36.288280
2002-05-24,35.714638
2002-05-28,35.623871
2002-05-29,35.170044
2002-05-30,35.297119
2002-05-31,35.035686
2002-06-03,34.218800
2002-06-04,34.226063
2002-06-05,34.345882
2002-06-06,33.677845
2002-06-07,33.982815
2002-06-10,33.946518
2002-06-11,33.401905
2002-06-12,33.510857
2002-06-13,33.038853
2002-06-14,33.308601
2002-06-17,34.083973
2002-06-18,34.178635
2002-06-19,33.490604
2002-06-20,33.417805
2002-06-21,33.344990
2002-06-24,33.239429
2002-06-25,32.769829
2002-06-26,32.751633
2002-06-27,33.381397
2002-06-28,32.999180
2002-07-01,32.325714
2002-07-02,31.353775
2002-07-03,30.978811
2002-07-05,32.005367
2002-07-08,31.342825
2002-07-09,31.222721
2002-07-10,30.363602
2002-07-11,30.126999
2002-07-12,29.868532
2002-07-15,29.682869
2002-07-16,29.486303
2002-07-17,29.759306
2002-07-18,28.721838
2002-07-19,28.121189
2002-07-22,27.560596
2002-07-23,26.119041
2002-07-24,27.666161
2002-07-25,27.447752
2002-07-26,27.884586
2002-07-29,28.958450
2002-07-30,29.045830
2002-07-31,28.594427
2002-08-01,28.175814
2002-08-02,27.291210
2002-08-05,26.563152
2002-08-06,27.720762
2002-08-07,27.826319
2002-08-08,28.274084
2002-08-09,28.033829
2002-08-12,28.103001
2002-08-13,27.302124
2002-08-14,28.277714
2002-08-15,28.306837
2002-08-16,28.740042
2002-08-19,29.140474
2002-08-20,28.994873
2002-08-21,29.588217
2002-08-22,29.777517
2002-08-23,28.994873
2002-08-26,29.522678
2002-08-27,28.958450
2002-08-28,28.394224
2002-08-29,28.605352
2002-08-30,28.412418
2002-09-03,27.575134
2002-09-04,28.157591
2002-09-05,27.593361
2002-09-06,28.503420
2002-09-09,28.416067
2002-09-10,28.594427
2002-09-11,28.503420
2002-09-12,28.030195
2002-09-13,28.379347
2002-09-16,28.050638
2002-09-17,27.667122
2002-09-18,27.594082
2002-09-19,26.586031
2002-09-20,26.699251
2002-09-23,26.041815
2002-09-24,25.840933
2002-09-25,26.626198
2002-09-26,26.976833
2002-09-27,26.315744
2002-09-30,26.133110
2002-10-01,26.973177
2002-10-02,26.315744
2002-10-03,26.030849
2002-10-04,25.311314
2002-10-07,24.631968
2002-10-08,24.818249
2002-10-09,23.777298
2002-10-10,24.471260
2002-10-11,25.092180
2002-10-14,25.260187
2002-10-15,26.279213
2002-10-16,25.621780
2002-10-17,26.388786
2002-10-18,26.443569
2002-10-21,26.790554
2002-10-22,26.447203
2002-10-23,26.867260
2002-10-24,26.607933
2002-10-25,27.188662
2002-10-28,26.881855
2002-10-29,26.805151
2002-10-30,27.265371
2002-10-31,27.210579
2002-11-01,27.849758
2002-11-04,28.090815
2002-11-05,28.138296
2002-11-06,28.616770
2002-11-07,27.937407
2002-11-08,27.557566
2002-11-11,26.889154
2002-11-12,27.320152
2002-11-13,27.466246
2002-11-14,28.061598
2002-11-15,28.050638
2002-11-18,27.835146
2002-11-19,27.736521
2002-11-20,28.470659
2002-11-21,29.025850
2002-11-22,29.226727
2002-11-25,29.420303
2002-11-26,29.091595
2002-11-27,29.884155
2002-11-29,29.515263
2002-12-02,29.741713
2002-12-03,29.219418
2002-12-04,28.930868
2002-12-05,28.795713
2002-12-06,28.912621
2002-12-09,28.145597
2002-12-10,28.693462
2002-12-11,28.726336
2002-12-12,28.843212
2002-12-13,28.278028
2002-12-16,28.784491
2002-12-17,28.479891
2002-12-18,28.024784
2002-12-19,27.955065
2002-12-20,28.270683
2002-12-23,28.461531
2002-12-24,28.406490
2002-12-26,28.406490
2002-12-27,27.944050
2002-12-30,27.855968
2002-12-31,27.822924
2003-01-02,28.589979
2003-01-03,28.542273
2003-01-06,28.876257
2003-01-07,28.725782
2003-01-08,28.439501
2003-01-09,28.857882
2003-01-10,28.920294
2003-01-13,28.986345
2003-01-14,29.004704
2003-01-15,28.938633
2003-01-16,28.898262
2003-01-17,28.355097
2003-01-21,27.944050
2003-01-22,27.701817
2003-01-23,27.874302
2003-01-24,27.298107
2003-01-27,26.883389
2003-01-28,27.103596
2003-01-29,27.309130
2003-01-30,26.865044
2003-01-31,27.246735
2003-02-03,27.011833
2003-02-04,27.011833
2003-02-05,26.809978
2003-02-06,26.663193
2003-02-07,26.175064
2003-02-10,26.446640
2003-02-11,26.373234
2003-02-12,26.002563
2003-02-13,25.932852
2003-02-14,26.167728
2003-02-18,26.692541
2003-02-19,26.369564
2003-02-20,26.314526
2003-02-21,26.542076
2003-02-24,26.134689
2003-02-25,26.373234
2003-02-26,26.241121
2003-02-27,26.384262
2003-02-28,26.428308
2003-03-03,26.347559
2003-03-04,26.006227
2003-03-05,26.057619
2003-03-06,25.844753
2003-03-07,25.914650
2003-03-10,25.469559
2003-03-11,25.289314
2003-03-12,25.344492
2003-03-13,26.028688
2003-03-14,26.061779
2003-03-17,26.665052
2003-03-18,27.014500
2003-03-19,26.948286
2003-03-20,27.124855
2003-03-21,27.503746
2003-03-24,26.915188
2003-03-25,27.202101
2003-03-26,26.867355
2003-03-27,27.047604
2003-03-28,27.036562
2003-03-31,26.484800
2003-04-01,26.944611
2003-04-02,27.481655
2003-04-03,27.496368
2003-04-04,27.415443
2003-04-07,27.433842
2003-04-08,27.455908
2003-04-09,27.305096
2003-04-10,27.312460
2003-04-11,27.161646
2003-04-14,27.654560
2003-04-15,27.952499
2003-04-16,27.661907
2003-04-17,28.084930
2003-04-21,28.276226
2003-04-22,28.666115
2003-04-23,28.967760
2003-04-24,28.820620
2003-04-25,28.415989
2003-04-28,28.919933
2003-04-29,29.114897
2003-04-30,29.206848
2003-05-01,29.170080
2003-05-02,29.905764
2003-05-05,30.041861
2003-05-06,30.328777
2003-05-07,30.144867
2003-05-08,29.894724
2003-05-09,30.325108
2003-05-12,30.656153
2003-05-13,30.836409
2003-05-14,30.818020
2003-05-15,30.939386
2003-05-16,30.556845
2003-05-19,30.027145
2003-05-20,30.019793
2003-05-21,30.133831
2003-05-22,30.439127
2003-05-23,30.678234
2003-05-27,31.399202
2003-05-28,31.612556
2003-05-29,31.814873
2003-05-30,32.381332
2003-06-02,32.550556
2003-06-03,32.653557
2003-06-04,33.098656
2003-06-05,33.639385
2003-06-06,33.253147
2003-06-09,32.635159
2003-06-10,33.124386
2003-06-11,33.437073
2003-06-12,33.624664
2003-06-13,33.027775
2003-06-16,33.584118
2003-06-17,33.654144
2003-06-18,33.632027
2003-06-19,33.175163
2003-06-20,32.891445
2003-06-23,32.305626
2003-06-24,32.294559
2003-06-25,32.511963
2003-06-26,33.068310
2003-06-27,32.858299
2003-06-30,32.755123
2003-07-01,32.979881
2003-07-02,33.805206
2003-07-03,33.514130
2003-07-07,34.210495
2003-07-08,34.818455
2003-07-09,35.076378
2003-07-10,34.391033
2003-07-11,34.866352
2003-07-14,35.153728
2003-07-15,35.057938
2003-07-16,34.866352
2003-07-17,33.760998
2003-07-18,33.989433
2003-07-21,33.694679
2003-07-22,34.088921
2003-07-23,34.321037
2003-07-24,34.254719
2003-07-25,34.505268
2003-07-28,34.928978
2003-07-29,34.947384
2003-07-30,34.814758
2003-07-31,34.884762
2003-08-01,34.394722
2003-08-04,34.048378
2003-08-05,33.458870
2003-08-06,33.307808
2003-08-07,33.418335
2003-08-08,33.344635
2003-08-11,33.805206
2003-08-12,34.372627
2003-08-13,34.486832
2003-08-14,34.711582
2003-08-15,34.722641
2003-08-18,35.411644
2003-08-19,36.074848
2003-08-20,36.056450
2003-08-21,36.351170
2003-08-22,35.710079
2003-08-25,35.676945
2003-08-26,35.813255
2003-08-27,36.163280
2003-08-28,36.402775
2003-08-29,36.553814
2003-09-02,37.397579
2003-09-03,37.556030
2003-09-04,37.710766
2003-09-05,37.471264
2003-09-08,37.990784
2003-09-09,37.710766
2003-09-10,36.966499
2003-09-11,37.287060
2003-09-12,37.452133
2003-09-15,37.359810
2003-09-16,37.917469
2003-09-17,37.906380
2003-09-18,38.301563
2003-09-19,38.260914
2003-09-22,37.736500
2003-09-23,38.249847
2003-09-24,37.304405
2003-09-25,36.296165
2003-09-26,35.675720
2003-09-29,36.314644
2003-09-30,35.841911
2003-10-01,36.809532
2003-10-02,37.164070
2003-10-03,37.751270
2003-10-06,38.076279
2003-10-07,38.290482
2003-10-08,37.991337
2003-10-09,38.390194
2003-10-10,38.342175
2003-10-13,38.944176
2003-10-14,39.199005
2003-10-15,38.707809
2003-10-16,39.054962
2003-10-17,38.297874
2003-10-20,38.489914
2003-10-21,38.663471
2003-10-22,37.817753
2003-10-23,37.485374
2003-10-24,37.393047
2003-10-27,37.939644
2003-10-28,38.851833
2003-10-29,39.110352
2003-10-30,39.221134
2003-10-31,38.962608
2003-11-03,39.623695
2003-11-04,39.679100
2003-11-05,39.874832
2003-11-06,40.188763
2003-11-07,39.882233
2003-11-10,39.239613
2003-11-11,38.970001
2003-11-12,39.871124
2003-11-13,39.978226
2003-11-14,39.221134
2003-11-17,38.744724
2003-11-18,38.320034
2003-11-19,38.722553
2003-11-20,38.460354
2003-11-21,38.885067
2003-11-24,39.775127
2003-11-25,40.015179
2003-11-26,40.229370
2003-11-28,40.421429
2003-12-01,40.942146
2003-12-02,40.879375
2003-12-03,40.144436
2003-12-04,40.236778
2003-12-05,39.738190
2003-12-08,40.033630
2003-12-09,39.357807
2003-12-10,39.003258
2003-12-11,40.092735
2003-12-12,40.379951
2003-12-15,39.434921
2003-12-16,39.784042
2003-12-17,39.776604
2003-12-18,40.389420
2003-12-19,40.259438
2003-12-22,40.708836
2003-12-23,40.931660
2003-12-24,40.883358
2003-12-26,41.028225
2003-12-29,41.652149
2003-12-30,41.759880
2003-12-31,41.150780
2004-01-02,41.592739
2004-01-05,42.079273
2004-01-06,42.023560
2004-01-07,42.469227
2004-01-08,42.792358
2004-01-09,42.450661
2004-01-12,43.245464
2004-01-13,43.063473
2004-01-14,43.286312
2004-01-15,43.397747
2004-01-16,43.639145
2004-01-20,44.162830
2004-01-21,44.103394
2004-01-22,43.854553
2004-01-23,44.092247
2004-01-26,44.530495
2004-01-27,43.973396
2004-01-28,43.286312
2004-01-29,42.877773
2004-01-30,42.933498
2004-02-02,43.044903
2004-02-03,42.803501
2004-02-04,41.745014
2004-02-05,42.134979
2004-02-06,43.200901
2004-02-09,43.286312
2004-02-10,43.806255
2004-02-11,44.073681
2004-02-12,43.772839
2004-02-13,43.323444
2004-02-17,44.084808
2004-02-18,43.761715
2004-02-19,42.989193
2004-02-20,42.914932
2004-02-23,42.268681
2004-02-24,42.264969
2004-02-25,42.859196
2004-02-26,43.119186
2004-02-27,43.342018
2004-03-01,44.029106
2004-03-02,43.679977
2004-03-03,43.724560
2004-03-04,44.277946
2004-03-05,44.378227
2004-03-08,43.750568
2004-03-09,43.379166
2004-03-10,42.469227
2004-03-11,42.042149
2004-03-12,43.174885
2004-03-15,42.060696
2004-03-16,42.079273
2004-03-17,42.859196
2004-03-18,42.599216
2004-03-19,42.227833
2004-03-22,41.414459
2004-03-23,41.485035
2004-03-24,41.429325
2004-03-25,42.383808
2004-03-26,42.491356
2004-03-29,43.306202
2004-03-30,43.659679
2004-03-31,43.756416
2004-04-01,44.236389
2004-04-02,44.798237
2004-04-05,44.928474
2004-04-06,44.381508
2004-04-07,44.716385
2004-04-08,44.318256
2004-04-12,44.433594
2004-04-13,43.399216
2004-04-14,43.265270
2004-04-15,42.930393
2004-04-16,43.257828
2004-04-19,43.577827
2004-04-20,42.614117
2004-04-21,43.309921
2004-04-22,43.905231
2004-04-23,43.812229
2004-04-26,43.905231
2004-04-27,43.793625
2004-04-28,42.878304
2004-04-29,42.026226
2004-04-30,41.341614
2004-05-03,41.884869
2004-05-04,42.119274
2004-05-05,42.305321
2004-05-06,41.687649
2004-05-07,40.500729
2004-05-10,39.782612
2004-05-11,40.649559
2004-05-12,40.958370
2004-05-13,40.396549
2004-05-14,40.240273
2004-05-17,39.857037
2004-05-18,40.307247
2004-05-19,40.020741
2004-05-20,40.102615
2004-05-21,40.478401
2004-05-24,41.003029
2004-05-25,41.858822
2004-05-26,42.145325
2004-05-27,42.156487
2004-05-28,42.230888
2004-06-01,42.632751
2004-06-02,42.491356
2004-06-03,41.672768
2004-06-04,42.193691
2004-06-07,42.956444
2004-06-08,42.915508
2004-06-09,42.137875
2004-06-10,42.305321
2004-06-14,41.475590
2004-06-15,42.230888
2004-06-16,42.312748
2004-06-17,42.204849
2004-06-18,42.349964
2004-06-21,42.182522
2004-06-22,42.509975
2004-06-23,43.149921
2004-06-24,42.993668
2004-06-25,43.499165
2004-06-28,43.409618
2004-06-29,43.771484
2004-06-30,44.017715
2004-07-01,43.215630
2004-07-02,43.349934
2004-07-06,42.573963
2004-07-07,42.521729
2004-07-08,41.749481
2004-07-09,42.025558
2004-07-12,41.783062
2004-07-13,41.839020
2004-07-14,41.596527
2004-07-15,41.689816
2004-07-16,41.223457
2004-07-19,41.171238
2004-07-20,41.988251
2004-07-21,40.671326
2004-07-22,40.738480
2004-07-23,40.156509
2004-07-26,39.630497
2004-07-27,40.369152
2004-07-28,40.335579
2004-07-29,40.813099
2004-07-30,41.036938
2004-08-02,40.887714
2004-08-03,40.302006
2004-08-04,40.268433
2004-08-05,39.526039
2004-08-06,38.697857
2004-08-09,38.574707
2004-08-10,39.179092
2004-08-11,39.126846
2004-08-12,38.563522
2004-08-13,38.556049
2004-08-16,39.216393
2004-08-17,39.462608
2004-08-18,40.305721
2004-08-19,39.962521
2004-08-20,40.671326
2004-08-23,40.522118
2004-08-24,40.634037
2004-08-25,40.865337
2004-08-26,40.626575
2004-08-27,40.947403
2004-08-30,40.481075
2004-08-31,40.417652
2004-09-01,41.130203
2004-09-02,41.853916
2004-09-03,41.391338
2004-09-07,41.913628
2004-09-08,41.689816
2004-09-09,42.036751
2004-09-10,42.424751
2004-09-13,42.652298
2004-09-14,42.566483
2004-09-15,42.309086
2004-09-16,42.764214
2004-09-17,42.689617
2004-09-20,42.499340
2004-09-21,42.820171
2004-09-22,42.096428
2004-09-23,42.055416
2004-09-24,42.132050
2004-09-27,41.683338
2004-09-28,42.180679
2004-09-29,42.573307
2004-09-30,42.573307
2004-10-01,43.646523
2004-10-04,43.893326
2004-10-05,43.852192
2004-10-06,44.136391
2004-10-07,43.399708
2004-10-08,42.853767
2004-10-11,43.055698
2004-10-12,42.954735
2004-10-13,42.330246
2004-10-14,42.053513
2004-10-15,42.487324
2004-10-18,42.666790
2004-10-19,42.225563
2004-10-20,42.446159
2004-10-21,42.984650
2004-10-22,42.251724
2004-10-25,42.704193
2004-10-26,43.265114
2004-10-27,43.687664
2004-10-28,43.526867
2004-10-29,43.448330
2004-11-01,43.792366
2004-11-02,43.620346
2004-11-03,44.323349
2004-11-04,44.865566
2004-11-05,45.067501
2004-11-08,44.910450
2004-11-09,45.071236
2004-11-10,45.396572
2004-11-11,45.845303
2004-11-12,46.312744
2004-11-15,46.574490
2004-11-16,46.163151
2004-11-17,46.409946
2004-11-18,46.338909
2004-11-19,45.845303
2004-11-22,46.331429
2004-11-23,46.619354
2004-11-24,46.899803
2004-11-26,46.929729
2004-11-29,47.098007
2004-11-30,47.445774
2004-12-01,47.887032
2004-12-02,47.819733
2004-12-03,47.729954
2004-12-06,47.505611
2004-12-07,46.671726
2004-12-08,47.191498
2004-12-09,46.832508
2004-12-10,47.191498
2004-12-13,47.707539
2004-12-14,47.965546
2004-12-15,48.365673
2004-12-16,47.987988
2004-12-17,47.793537
2004-12-20,47.737461
2004-12-21,48.242283
2004-12-22,48.335758
2004-12-23,48.459923
2004-12-27,48.148563
2004-12-28,48.786301
2004-12-29,48.782543
2004-12-30,48.609985
2004-12-31,48.579964
2005-01-03,47.949753
2005-01-04,46.921856
2005-01-05,45.984039
2005-01-06,46.227879
2005-01-07,45.713936
2005-01-10,46.179104
2005-01-11,45.616405
2005-01-12,45.803970
2005-01-13,45.665165
2005-01-14,46.100323
2005-01-18,46.648026
2005-01-19,45.980270
2005-01-20,45.706425
2005-01-21,45.601395
2005-01-24,45.252514
2005-01-25,45.368813
2005-01-26,45.972790
2005-01-27,46.104095
2005-01-28,46.066566
2005-01-31,46.606750
2005-02-01,46.869339
2005-02-02,47.225735
2005-02-03,46.966900
2005-02-04,47.559593
2005-02-07,47.548355
2005-02-08,47.664642
2005-02-09,46.648026
2005-02-10,46.730545
2005-02-11,47.492073
2005-02-14,47.450813
2005-02-15,47.492073
2005-02-16,47.634640
2005-02-17,47.214474
2005-02-18,47.098186
2005-02-22,46.179104
2005-02-23,46.452961
2005-02-24,46.888107
2005-02-25,47.668396
2005-02-28,47.372040
2005-03-01,47.735909
2005-03-02,47.649639
2005-03-03,47.690899
2005-03-04,48.276115
2005-03-07,48.156055
2005-03-08,47.698391
2005-03-09,47.158207
2005-03-10,46.955627
2005-03-11,46.921856
2005-03-14,47.274494
2005-03-15,46.955627
2005-03-16,46.693043
2005-03-17,46.693043
2005-03-18,46.441711
2005-03-21,46.497978
2005-03-22,46.179104
2005-03-23,45.841473
2005-03-24,46.010296
2005-03-28,46.029144
2005-03-29,45.369701
2005-03-30,46.036671
2005-03-31,46.029144
2005-04-01,45.836960
2005-04-04,46.006531
2005-04-05,46.089443
2005-04-06,46.232624
2005-04-07,46.413517
2005-04-08,45.708847
2005-04-11,45.482738
2005-04-12,45.908569
2005-04-13,45.087082
2005-04-14,44.182713
2005-04-15,43.576008
2005-04-18,43.854862
2005-04-19,44.578381
2005-04-20,43.881229
2005-04-21,44.955185
2005-04-22,44.227928
2005-04-25,44.634884
2005-04-26,44.005592
2005-04-27,43.986755
2005-04-28,42.863834
2005-04-29,43.425297
2005-05-02,43.869930
2005-05-03,44.088505
2005-05-04,44.578381
2005-05-05,44.570831
2005-05-06,44.729092
2005-05-09,45.158680
2005-05-10,44.619827
2005-05-11,44.642429
2005-05-12,43.937775
2005-05-13,43.779495
2005-05-16,44.454021
2005-05-17,44.717800
2005-05-18,45.614628
2005-05-19,45.727692
2005-05-20,45.671169
2005-05-23,45.972626
2005-05-24,45.784199
2005-05-25,45.441277
2005-05-26,46.074368
2005-05-27,46.330624
2005-05-31,46.232624
2005-06-01,46.756428
2005-06-02,46.884544
2005-06-03,46.541615
2005-06-06,46.714977
2005-06-07,46.809170
2005-06-08,46.511490
2005-06-09,46.967434
2005-06-10,47.065414
2005-06-13,47.276436
2005-06-14,47.683399
2005-06-15,47.811527
2005-06-16,48.278778
2005-06-17,48.248657
2005-06-20,48.102097
2005-06-21,48.238083
2005-06-22,48.351372
2005-06-23,47.497807
2005-06-24,46.991714
2005-06-27,47.112564
2005-06-28,47.845276
2005-06-29,48.222958
2005-06-30,48.117199
2005-07-01,48.328712
2005-07-05,49.091640
2005-07-06,48.645969
2005-07-07,48.781921
2005-07-08,49.831909
2005-07-11,50.443733
2005-07-12,50.285118
2005-07-13,50.171825
2005-07-14,49.809242
2005-07-15,49.854557
2005-07-18,49.567543
2005-07-19,50.262466
2005-07-20,50.874325
2005-07-21,50.081184
2005-07-22,50.851673
2005-07-25,50.519283
2005-07-26,50.670368
2005-07-27,50.813877
2005-07-28,51.335094
2005-07-29,51.282196
2005-08-01,51.259548
2005-08-02,51.644791
2005-08-03,51.387959
2005-08-04,50.526836
2005-08-05,49.831909
2005-08-08,49.658169
2005-08-09,49.733707
2005-08-10,49.665726
2005-08-11,50.096279
2005-08-12,49.491985
2005-08-15,50.020737
2005-08-16,49.144516
2005-08-17,49.084084
2005-08-18,48.925449
2005-08-19,49.182293
2005-08-22,49.461773
2005-08-23,49.454231
2005-08-24,49.257835
2005-08-25,49.529755
2005-08-26,48.721519
2005-08-29,49.378670
2005-08-30,49.159630
2005-08-31,50.254898
2005-09-01,50.254898
2005-09-02,49.982979
2005-09-06,50.730804
2005-09-07,50.881859
2005-09-08,50.594826
2005-09-09,50.904530
2005-09-12,51.131138
2005-09-13,50.738338
2005-09-14,50.156712
2005-09-15,49.982979
2005-09-16,50.564606
2005-09-19,50.322906
2005-09-20,49.597736
2005-09-21,48.797024
2005-09-22,49.046326
2005-09-23,49.385757
2005-09-26,49.719143
2005-09-27,49.552433
2005-09-28,49.484245
2005-09-29,50.029804
2005-09-30,50.302551
2005-10-03,50.605637
2005-10-04,49.840370
2005-10-05,48.567467
2005-10-06,48.135574
2005-10-07,48.567467
2005-10-10,48.021923
2005-10-11,47.355179
2005-10-12,46.688408
2005-10-13,46.877819
2005-10-14,47.665821
2005-10-17,47.749168
2005-10-18,47.105125
2005-10-19,48.120430
2005-10-20,47.226364
2005-10-21,47.749168
2005-10-24,48.794758
2005-10-25,48.378044
2005-10-26,48.127995
2005-10-27,47.120274
2005-10-28,47.779469
2005-10-31,48.325001
2005-11-01,48.567467
2005-11-02,49.544857
2005-11-03,49.719143
2005-11-04,49.613075
2005-11-07,49.794910
2005-11-08,49.613075
2005-11-09,49.779747
2005-11-10,50.044941
2005-11-11,50.332870
2005-11-14,50.151012
2005-11-15,49.423645
2005-11-16,49.438801
2005-11-17,50.294987
2005-11-18,50.681389
2005-11-21,51.196621
2005-11-22,51.469391
2005-11-23,51.530006
2005-11-25,51.492123
2005-11-28,50.810181
2005-11-29,50.885971
2005-11-30,51.105709
2005-12-01,51.939144
2005-12-02,52.143738
2005-12-05,51.772453
2005-12-06,51.931564
2005-12-07,51.613342
2005-12-08,51.749714
2005-12-09,52.007351
2005-12-12,52.166451
2005-12-13,52.174030
2005-12-14,52.113411
2005-12-15,51.583050
2005-12-16,51.401199
2005-12-19,50.764736
2005-12-20,50.749588
2005-12-21,51.363308
2005-12-22,51.698723
2005-12-23,51.820427
2005-12-27,51.044621
2005-12-28,51.348854
2005-12-29,51.075050
2005-12-30,50.747959
2006-01-03,51.759590
2006-01-04,52.040993
2006-01-05,52.322430
2006-01-06,52.946152
2006-01-09,53.296024
2006-01-10,53.775192
2006-01-11,53.683945
2006-01-12,53.493778
2006-01-13,53.516586
2006-01-17,53.265606
2006-01-18,53.151505
2006-01-19,54.003376
2006-01-20,53.387283
2006-01-23,53.554623
2006-01-24,54.155487
2006-01-25,54.292439
2006-01-26,55.075855
2006-01-27,55.349659
2006-01-30,55.189934
2006-01-31,55.030243
2006-02-01,55.600677
2006-02-02,54.763996
2006-02-03,54.596661
2006-02-06,55.083454
2006-02-07,54.193512
2006-02-08,54.535820
2006-02-09,54.254383
2006-02-10,54.140308
2006-02-13,53.782810
2006-02-14,54.406532
2006-02-15,54.885696
2006-02-16,55.372494
2006-02-17,55.258377
2006-02-21,55.014988
2006-02-22,55.387699
2006-02-23,55.349659
2006-02-24,55.790806
2006-02-27,55.942940
2006-02-28,55.205162
2006-03-01,56.209152
2006-03-02,55.973373
2006-03-03,55.691952
2006-03-06,55.258377
2006-03-07,54.459755
2006-03-08,54.649879
2006-03-09,54.170700
2006-03-10,55.007404
2006-03-13,55.121479
2006-03-14,55.729973
2006-03-15,56.239594
2006-03-16,56.110283
2006-03-17,56.338463
2006-03-20,56.308033
2006-03-21,55.524624
2006-03-22,56.384083
2006-03-23,56.627491
2006-03-24,57.099361
2006-03-27,57.107010
2006-03-28,56.809677
2006-03-29,57.861721
2006-03-30,57.709248
2006-03-31,57.915108
2006-04-03,57.434795
2006-04-04,57.694023
2006-04-05,57.991314
2006-04-06,58.113308
2006-04-07,57.183247
2006-04-10,57.122265
2006-04-11,56.108356
2006-04-12,56.695343
2006-04-13,56.840187
2006-04-17,56.878311
2006-04-18,58.471596
2006-04-19,58.898495
2006-04-20,58.585960
2006-04-21,58.456356
2006-04-24,57.991314
2006-04-25,58.029472
2006-04-26,57.983704
2006-04-27,57.503426
2006-04-28,58.090401
2006-05-01,57.373863
2006-05-02,58.159039
2006-05-03,58.059940
2006-05-04,58.768921
2006-05-05,59.096722
2006-05-08,59.180561
2006-05-09,59.096722
2006-05-10,58.738426
2006-05-11,57.411911
2006-05-12,56.032112
2006-05-15,55.780529
2006-05-16,55.872017
2006-05-17,54.850502
2006-05-18,54.332081
2006-05-19,54.812366
2006-05-22,54.202484
2006-05-23,53.501137
2006-05-24,53.912811
2006-05-25,55.048702
2006-05-26,55.376495
2006-05-30,53.851818
2006-05-31,54.789474
2006-06-01,55.856770
2006-06-02,55.818657
2006-06-05,54.194866
2006-06-06,53.966156
2006-06-07,53.440147
2006-06-08,53.485874
2006-06-09,53.013233
2006-06-12,51.793510
2006-06-13,50.810078
2006-06-14,51.419949
2006-06-15,53.180965
2006-06-16,52.487209
2006-06-19,51.458054
2006-06-20,51.397064
2006-06-21,52.296635
2006-06-22,52.101940
2006-06-23,52.414982
2006-06-26,53.063953
2006-06-27,52.147751
2006-06-28,52.376808
2006-06-29,54.400085
2006-06-30,54.766613
2006-07-03,55.453735
2006-07-05,54.644444
2006-07-06,54.629139
2006-07-07,53.819832
2006-07-10,53.827469
2006-07-11,54.300858
2006-07-12,53.178501
2006-07-13,51.972126
2006-07-14,51.559834
2006-07-17,51.491138
2006-07-18,51.842346
2006-07-19,53.063953
2006-07-20,51.704910
2006-07-21,50.964294
2006-07-24,52.590580
2006-07-25,52.720383
2006-07-26,52.605846
2006-07-27,52.101940
2006-07-28,53.193783
2006-07-31,53.201382
2006-08-01,52.369164
2006-08-02,53.063953
2006-08-03,53.705326
2006-08-04,53.155594
2006-08-07,52.949459
2006-08-08,52.216454
2006-08-09,51.689640
2006-08-10,52.147751
2006-08-11,51.613293
2006-08-14,51.918701
2006-08-15,53.002895
2006-08-16,53.766384
2006-08-17,53.850368
2006-08-18,54.163433
2006-08-21,53.583141
2006-08-22,53.758739
2006-08-23,53.140312
2006-08-24,53.048687
2006-08-25,53.140312
2006-08-28,53.705326
2006-08-29,54.400085
2006-08-30,54.820038
2006-08-31,54.797119
2006-09-01,54.835308
2006-09-05,55.331593
2006-09-06,54.155758
2006-09-07,53.674755
2006-09-08,53.880901
2006-09-11,53.812214
2006-09-12,55.079639
2006-09-13,55.545353
2006-09-14,55.346851
2006-09-15,55.476635
2006-09-18,55.461353
2006-09-19,55.217064
2006-09-20,55.957699
2006-09-21,55.354507
2006-09-22,54.621529
2006-09-25,55.270496
2006-09-26,55.447433
2006-09-27,55.853390
2006-09-28,55.631260
2006-09-29,55.148724
2006-10-02,54.627876
2006-10-03,54.551266
2006-10-04,55.876369
2006-10-05,56.588715
2006-10-06,56.297649
2006-10-09,56.726593
2006-10-10,56.757229
2006-10-11,56.535095
2006-10-12,57.676365
2006-10-13,58.135948
2006-10-16,58.480633
2006-10-17,58.189568
2006-10-18,58.197212
2006-10-19,58.480633
2006-10-20,57.906147
2006-10-23,58.021069
2006-10-24,58.135948
2006-10-25,58.518917
2006-10-26,59.009117
2006-10-27,58.319767
2006-10-30,58.572514
2006-10-31,58.388699
2006-11-01,57.124866
2006-11-02,57.040630
2006-11-03,57.316380
2006-11-06,57.982746
2006-11-07,58.365711
2006-11-08,58.664463
2006-11-09,58.128311
2006-11-10,58.610847
2006-11-13,58.695099
2006-11-14,59.828701
2006-11-15,60.280632
2006-11-16,60.234650
2006-11-17,60.196373
2006-11-20,60.280632
2006-11-21,60.380188
2006-11-22,60.449120
2006-11-24,60.173378
2006-11-27,58.825279
2006-11-28,59.024437
2006-11-29,59.790432
2006-11-30,59.798054
2006-12-01,59.575912
2006-12-04,60.755516
2006-12-05,60.801464
2006-12-06,60.594654
2006-12-07,60.334209
2006-12-08,60.341888
2006-12-11,60.495075
2006-12-12,60.165703
2006-12-13,60.242325
2006-12-14,60.487423
2006-12-15,60.433804
2006-12-18,59.675499
2006-12-19,59.637196
2006-12-20,59.982590
2006-12-21,59.705669
2006-12-22,59.313393
2006-12-26,60.159496
2006-12-27,60.874840
2006-12-28,60.597942
2006-12-29,60.021053
2007-01-03,60.121029
2007-01-04,60.282570
2007-01-05,59.021080
2007-01-08,58.790302
2007-01-09,59.344139
2007-01-10,59.805645
2007-01-11,60.174892
2007-01-12,60.751801
2007-01-16,60.344101
2007-01-17,60.082588
2007-01-18,59.582626
2007-01-19,59.813347
2007-01-22,59.374905
2007-01-23,59.936428
2007-01-24,60.590237
2007-01-25,59.828720
2007-01-26,60.051811
2007-01-29,60.574860
2007-01-30,60.905640
2007-01-31,61.036373
2007-02-01,61.690235
2007-02-02,61.728672
2007-02-05,61.720978
2007-02-06,61.874809
2007-02-07,62.444023
2007-02-08,62.344032
2007-02-09,61.774837
2007-02-12,61.605652
2007-02-13,62.059448
2007-02-14,62.151752
2007-02-15,62.197891
2007-02-16,62.436337
2007-02-20,63.036312
2007-02-21,63.151680
2007-02-22,63.374786
2007-02-23,63.036312
2007-02-26,62.990162
2007-02-27,60.036442
2007-02-28,60.636406
2007-03-01,60.321030
2007-03-02,59.121067
2007-03-05,57.821121
2007-03-06,59.397987
2007-03-07,59.205669
2007-03-08,59.651848
2007-03-09,60.136433
2007-03-12,60.305660
2007-03-13,58.759560
2007-03-14,59.382572
2007-03-15,59.844139
2007-03-16,59.436443
2007-03-19,60.174892
2007-03-20,60.651779
2007-03-21,61.744072
2007-03-22,61.744072
2007-03-23,61.839634
2007-03-26,61.708622
2007-03-27,61.423447
2007-03-28,60.999554
2007-03-29,61.076664
2007-03-30,61.230785
2007-04-02,61.384918
2007-04-03,62.040009
2007-04-04,62.032284
2007-04-05,61.993774
2007-04-09,62.078552
2007-04-10,62.271217
2007-04-11,61.885883
2007-04-12,62.302029
2007-04-13,62.702801
2007-04-16,63.565964
2007-04-17,63.373276
2007-04-18,63.003384
2007-04-19,62.702801
2007-04-20,63.434937
2007-04-23,63.365574
2007-04-24,63.334778
2007-04-25,63.512043
2007-04-26,63.866528
2007-04-27,63.596771
2007-04-30,62.224976
2007-05-01,62.479305
2007-05-02,63.311626
2007-05-03,63.427238
2007-05-04,63.827972
2007-05-07,63.643024
2007-05-08,63.419510
2007-05-09,63.673901
2007-05-10,62.887775
2007-05-11,63.458061
2007-05-14,62.903194
2007-05-15,62.402222
2007-05-16,62.741329
2007-05-17,62.255844
2007-05-18,62.987953
2007-05-21,63.781757
2007-05-22,64.174789
2007-05-23,64.005272
2007-05-24,63.165222
2007-05-25,63.573692
2007-05-29,64.159370
2007-05-30,64.590958
2007-05-31,64.945480
2007-06-01,65.276886
2007-06-04,65.346245
2007-06-05,65.084198
2007-06-06,64.359764
2007-06-07,63.026470
2007-06-08,63.851124
2007-06-11,63.866528
2007-06-12,62.810692
2007-06-13,63.650730
2007-06-14,64.228745
2007-06-15,64.991684
2007-06-18,64.868416
2007-06-19,65.037941
2007-06-20,63.912781
2007-06-21,64.413712
2007-06-22,63.905037
2007-06-25,63.573692
2007-06-26,63.103561
2007-06-27,64.421410
2007-06-28,64.412926
2007-06-29,64.011421
2007-07-02,64.837616
2007-07-03,65.146454
2007-07-05,65.254585
2007-07-06,65.478531
2007-07-09,65.416725
2007-07-10,64.343414
2007-07-11,64.729530
2007-07-12,65.493942
2007-07-13,65.555717
2007-07-16,65.231415
2007-07-17,65.277733
2007-07-18,65.069267
2007-07-19,65.254585
2007-07-20,64.281662
2007-07-23,64.042274
2007-07-24,62.544327
2007-07-25,62.312675
2007-07-26,60.644833
2007-07-27,59.170013
2007-07-30,60.196980
2007-07-31,59.532928
2007-08-01,59.857235
2007-08-02,60.328247
2007-08-03,58.181660
2007-08-06,58.706730
2007-08-07,59.610123
2007-08-08,61.401539
2007-08-09,59.988506
2007-08-10,60.274193
2007-08-13,59.949886
2007-08-14,58.922928
2007-08-15,58.065842
2007-08-16,59.355320
2007-08-17,60.544449
2007-08-20,60.590786
2007-08-21,60.760635
2007-08-22,61.486473
2007-08-23,60.698879
2007-08-24,61.486473
2007-08-27,60.637100
2007-08-28,59.108257
2007-08-29,60.660290
2007-08-30,60.251026
2007-08-31,60.799240
2007-09-04,61.579147
2007-09-05,61.007706
2007-09-06,61.023182
2007-09-07,60.019402
2007-09-10,59.185452
2007-09-11,60.220112
2007-09-12,59.841789
2007-09-13,59.988506
2007-09-14,60.297348
2007-09-17,59.633301
2007-09-18,62.173687
2007-09-19,63.007614
2007-09-20,62.382187
2007-09-21,62.513435
2007-09-24,62.034687
2007-09-25,61.783127
2007-09-26,62.324963
2007-09-27,62.696499
2007-09-28,61.953426
2007-10-01,63.493717
2007-10-02,63.903996
2007-10-03,63.725941
2007-10-04,63.826542
2007-10-05,65.119202
2007-10-08,64.631599
2007-10-09,65.157921
2007-10-10,65.103752
2007-10-11,64.368416
2007-10-12,64.879288
2007-10-15,64.128426
2007-10-16,63.393124
2007-10-17,63.640804
2007-10-18,63.485996
2007-10-19,61.218102
2007-10-22,62.510742
2007-10-23,62.990635
2007-10-24,62.588135
2007-10-25,62.433327
2007-10-26,63.478256
2007-10-29,63.408607
2007-10-30,62.905460
2007-10-31,63.718212
2007-11-01,61.256798
2007-11-02,61.558659
2007-11-05,60.745945
2007-11-06,61.891491
2007-11-07,59.971893
2007-11-08,60.149906
2007-11-09,59.484280
2007-11-12,58.911495
2007-11-13,60.761414
2007-11-14,60.413090
2007-11-15,59.553936
2007-11-16,59.050819
2007-11-19,57.773643
2007-11-20,58.106487
2007-11-21,56.891270
2007-11-23,58.098751
2007-11-26,56.581654
2007-11-27,57.239548
2007-11-28,59.499729
2007-11-29,58.988895
2007-11-30,59.329453
2007-12-03,58.632839
2007-12-04,58.013611
2007-12-05,59.166935
2007-12-06,60.567924
2007-12-07,60.753670
2007-12-10,61.233570
2007-12-11,59.097267
2007-12-12,59.530724
2007-12-13,59.205582
2007-12-14,58.052307
2007-12-17,57.162174
2007-12-18,58.183907
2007-12-19,58.594124
2007-12-20,59.476509
2007-12-21,60.838799
2007-12-24,61.280029
2007-12-26,61.566429
2007-12-27,60.104004
2007-12-28,59.459404
2007-12-31,58.946812
2008-01-02,58.372093
2008-01-03,57.727501
2008-01-04,55.987816
2008-01-07,56.112068
2008-01-08,54.380169
2008-01-09,54.931591
2008-01-10,55.684910
2008-01-11,54.535507
2008-01-14,54.985954
2008-01-15,53.976326
2008-01-16,54.030685
2008-01-17,52.718151
2008-01-18,52.205593
2008-01-22,51.832809
2008-01-23,53.603542
2008-01-24,53.564716
2008-01-25,53.176422
2008-01-28,54.302509
2008-01-29,54.442295
2008-01-30,53.758865
2008-01-31,55.094711
2008-02-01,56.391670
2008-02-04,55.754829
2008-02-05,54.325790
2008-02-06,53.603542
2008-02-07,54.450092
2008-02-08,54.108353
2008-02-11,54.131664
2008-02-12,54.558815
2008-02-13,55.793636
2008-02-14,54.504433
2008-02-15,54.263710
2008-02-19,54.931591
2008-02-20,54.962646
2008-02-21,53.914188
2008-02-22,53.914188
2008-02-25,54.962646
2008-02-26,55.475246
2008-02-27,55.451965
2008-02-28,54.613190
2008-02-29,53.479282
2008-03-03,52.966694
2008-03-04,52.656036
2008-03-05,53.160858
2008-03-06,51.390118
2008-03-07,51.227036
2008-03-10,50.093140
2008-03-11,52.267727
2008-03-12,51.661938
2008-03-13,52.694878
2008-03-14,51.366829
2008-03-17,50.528053
2008-03-18,52.850189
2008-03-19,51.529926
2008-03-20,52.407547
2008-03-24,54.445629
2008-03-25,54.624557
2008-03-26,54.173359
2008-03-27,53.675522
2008-03-28,53.045403
2008-03-31,53.123211
2008-04-01,55.067936
2008-04-02,55.200207
2008-04-03,55.371353
2008-04-04,55.355778
2008-04-07,55.262451
2008-04-08,55.207977
2008-04-09,54.305626
2008-04-10,54.881256
2008-04-11,53.473259
2008-04-14,53.309917
2008-04-15,53.652172
2008-04-16,55.386902
2008-04-17,55.169090
2008-04-18,55.752495
2008-04-21,55.760288
2008-04-22,54.741226
2008-04-23,54.881256
2008-04-24,55.410225
2008-04-25,55.931446
2008-04-28,56.304817
2008-04-29,55.806965
2008-04-30,55.542492
2008-05-01,56.499283
2008-05-02,56.437077
2008-05-05,56.219246
2008-05-06,56.678234
2008-05-07,55.666950
2008-05-08,55.783649
2008-05-09,55.620258
2008-05-12,56.841583
2008-05-13,57.168297
2008-05-14,57.098278
2008-05-15,57.214989
2008-05-16,57.526123
2008-05-19,57.541672
2008-05-20,57.331654
2008-05-21,56.514870
2008-05-22,56.919361
2008-05-23,56.172588
2008-05-27,57.036037
2008-05-28,57.300545
2008-05-29,57.884003
2008-05-30,58.086235
2008-06-02,57.557285
2008-06-03,57.440548
2008-06-04,57.798424
2008-06-05,59.276440
2008-06-06,57.502808
2008-06-09,57.316105
2008-06-10,56.896038
2008-06-11,55.908089
2008-06-12,56.024780
2008-06-13,57.036037
2008-06-16,57.393917
2008-06-17,57.347214
2008-06-18,56.888256
2008-06-19,57.362789
2008-06-20,56.452652
2008-06-23,55.923672
2008-06-24,54.997932
2008-06-25,55.620258
2008-06-26,54.188946
2008-06-27,54.243385
2008-06-30,53.714405
2008-07-01,53.753284
2008-07-02,52.228382
2008-07-03,51.947262
2008-07-07,51.291386
2008-07-08,53.149723
2008-07-09,51.728649
2008-07-10,52.236176
2008-07-11,52.525089
2008-07-14,51.658394
2008-07-15,51.439762
2008-07-16,53.329334
2008-07-17,53.407410
2008-07-18,53.782200
2008-07-21,54.438072
2008-07-22,55.804489
2008-07-23,56.163681
2008-07-24,54.742596
2008-07-25,55.187668
2008-07-28,54.250675
2008-07-29,55.578064
2008-07-30,55.913815
2008-07-31,55.687378
2008-08-01,55.757637
2008-08-04,55.242287
2008-08-05,56.187092
2008-08-06,56.468197
2008-08-07,55.624893
2008-08-08,57.092834
2008-08-11,58.459232
2008-08-12,58.021992
2008-08-13,58.232819
2008-08-14,58.794979
2008-08-15,58.638817
2008-08-18,57.881447
2008-08-19,56.921036
2008-08-20,56.999138
2008-08-21,56.343258
2008-08-22,57.530079
2008-08-25,56.265152
2008-08-26,56.351067
2008-08-27,57.022541
2008-08-28,58.178150
2008-08-29,57.678436
2008-09-02,57.662804
2008-09-03,57.897064
2008-09-04,56.077774
2008-09-05,55.937233
2008-09-08,56.593105
2008-09-09,55.289158
2008-09-10,55.804489
2008-09-11,56.155861
2008-09-12,56.413509
2008-09-15,53.883701
2008-09-16,55.437508
2008-09-17,52.938911
2008-09-18,56.062164
2008-09-19,58.560741
2008-09-22,56.179295
2008-09-23,55.429672
2008-09-24,54.725468
2008-09-25,55.007175
2008-09-26,55.265385
2008-09-29,50.899246
2008-09-30,53.207520
2008-10-01,52.440681
2008-10-02,49.749020
2008-10-03,49.060440
2008-10-06,46.728703
2008-10-07,43.661457
2008-10-08,42.612949
2008-10-09,39.115341
2008-10-10,41.040203
2008-10-13,44.584759
2008-10-14,43.332832
2008-10-15,39.443962
2008-10-16,42.026104
2008-10-17,40.844574
2008-10-20,42.792915
2008-10-21,41.611389
2008-10-22,39.506577
2008-10-23,38.332859
2008-10-24,36.908794
2008-10-27,35.101311
2008-10-28,37.910336
2008-10-29,38.105953
2008-10-30,40.242092
2008-10-31,42.057407
2008-11-03,42.112179
2008-11-04,42.597298
2008-11-05,40.367283
2008-11-06,38.802353
2008-11-07,39.608292
2008-11-10,38.692806
2008-11-11,37.855556
2008-11-12,35.649021
2008-11-13,38.583267
2008-11-14,35.711624
2008-11-17,35.406471
2008-11-18,35.234303
2008-11-19,32.362675
2008-11-20,30.148321
2008-11-21,31.799303
2008-11-24,34.037167
2008-11-25,34.600536
2008-11-26,36.674068
2008-11-28,37.041794
2008-12-01,32.879116
2008-12-02,34.608360
2008-12-03,35.656841
2008-12-04,34.475330
2008-12-05,36.071541
2008-12-08,37.667778
2008-12-09,36.501911
2008-12-10,37.362621
2008-12-11,35.469059
2008-12-12,36.689697
2008-12-15,35.508198
2008-12-16,37.816463
2008-12-17,38.160736
2008-12-18,37.918175
2008-12-19,38.105953
2008-12-22,37.370445
2008-12-23,36.827240
2008-12-24,36.961254
2008-12-26,37.489502
2008-12-29,36.913963
2008-12-30,37.938915
2008-12-31,38.821930
2009-01-02,39.594582
2009-01-05,39.736500
2009-01-06,40.406666
2009-01-07,39.216156
2009-01-08,39.405369
2009-01-09,37.946774
2009-01-12,36.819347
2009-01-13,37.308163
2009-01-14,35.668243
2009-01-15,36.243805
2009-01-16,36.645885
2009-01-20,34.162361
2009-01-21,35.865345
2009-01-22,34.824631
2009-01-23,34.998093
2009-01-26,35.392292
2009-01-27,35.778625
2009-01-28,37.252983
2009-01-29,35.794388
2009-01-30,35.069038
2009-02-02,35.352890
2009-02-03,35.605190
2009-02-04,35.345001
2009-02-05,35.754967
2009-02-06,37.024319
2009-02-09,36.858768
2009-02-10,35.155766
2009-02-11,35.289803
2009-02-12,35.589401
2009-02-13,35.218834
2009-02-17,33.823330
2009-02-18,33.342384
2009-02-19,32.877235
2009-02-20,32.435699
2009-02-23,31.190002
2009-02-24,32.341087
2009-02-25,31.670948
2009-02-26,31.079632
2009-02-27,30.866762
2009-03-02,29.124325
2009-03-03,28.572437
2009-03-04,29.163761
2009-03-05,27.610552
2009-03-06,27.752480
2009-03-09,27.113873
2009-03-10,28.879923
2009-03-11,28.919359
2009-03-12,30.716955
2009-03-13,31.040192
2009-03-16,30.480423
2009-03-17,31.891703
2009-03-18,32.995483
2009-03-19,32.648594
2009-03-20,31.521128
2009-03-23,34.201778
2009-03-24,32.873699
2009-03-25,33.799160
2009-03-26,35.104305
2009-03-27,33.925720
2009-03-30,32.952785
2009-03-31,33.261292
2009-04-01,33.838718
2009-04-02,35.531425
2009-04-03,36.093052
2009-04-06,35.476063
2009-04-07,34.218384
2009-04-08,34.851185
2009-04-09,36.891953
2009-04-13,36.907764
2009-04-14,35.839931
2009-04-15,36.385715
2009-04-16,37.437729
2009-04-17,37.769962
2009-04-20,35.832005
2009-04-21,37.073883
2009-04-22,37.065968
2009-04-23,36.978954
2009-04-24,37.667103
2009-04-27,37.263718
2009-04-28,37.319065
2009-04-29,38.734974
2009-04-30,38.379021
2009-05-01,38.616318
2009-05-04,40.024273
2009-05-05,39.826530
2009-05-06,39.937271
2009-05-07,38.995991
2009-05-08,40.348572
2009-05-11,39.755329
2009-05-12,39.193733
2009-05-13,37.398178
2009-05-14,37.920246
2009-05-15,37.777855
2009-05-18,39.043438
2009-05-19,39.059269
2009-05-20,38.695408
2009-05-21,38.197083
2009-05-22,37.801594
2009-05-26,39.605045
2009-05-27,38.837776
2009-05-28,38.885239
2009-05-29,39.684143
2009-06-01,41.234493
2009-06-02,41.748650
2009-06-03,41.471794
2009-06-04,42.065052
2009-06-05,42.080864
2009-06-08,41.582539
2009-06-09,41.772396
2009-06-10,41.606281
2009-06-11,41.622101
2009-06-12,41.748650
2009-06-15,40.625443
2009-06-16,39.945194
2009-06-17,40.158752
2009-06-18,40.340679
2009-06-19,40.585880
2009-06-22,39.146282
2009-06-23,38.829891
2009-06-24,39.249111
2009-06-25,40.380230
2009-06-26,40.522610
2009-06-29,40.522610
2009-06-30,40.403950
2009-07-01,41.028835
2009-07-02,39.616741
2009-07-06,39.267483
2009-07-07,38.418144
2009-07-08,38.156212
2009-07-09,37.997459
2009-07-10,38.180031
2009-07-13,39.100800
2009-07-14,39.330986
2009-07-15,40.847080
2009-07-16,41.355072
2009-07-17,41.196327
2009-07-20,41.704330
2009-07-21,41.632889
2009-07-22,41.958347
2009-07-23,43.283928
2009-07-24,43.506165
2009-07-27,43.728443
2009-07-28,43.752266
2009-07-29,43.529987
2009-07-30,44.292007
2009-07-31,44.109444
2009-08-03,44.879395
2009-08-04,45.331829
2009-08-05,44.879395
2009-08-06,44.252312
2009-08-07,45.315956
2009-08-10,45.395336
2009-08-11,44.665070
2009-08-12,45.339764
2009-08-13,45.712849
2009-08-14,44.776203
2009-08-17,43.514118
2009-08-18,44.093563
2009-08-19,44.633324
2009-08-20,45.117504
2009-08-21,46.157349
2009-08-24,46.141476
2009-08-25,46.339916
2009-08-26,46.443111
2009-08-27,46.371658
2009-08-28,46.077995
2009-08-31,45.403271
2009-09-01,44.387260
2009-09-02,44.165005
2009-09-03,44.657146
2009-09-04,45.284214
2009-09-08,45.784290
2009-09-09,46.570110
2009-09-10,47.149559
2009-09-11,47.165424
2009-09-14,47.665508
2009-09-15,48.054443
2009-09-16,49.046658
2009-09-17,48.943466
2009-09-18,49.141914
2009-09-21,49.006969
2009-09-22,49.345085
2009-09-23,48.875690
2009-09-24,47.897053
2009-09-25,47.602665
2009-09-28,48.740433
2009-09-29,48.525608
2009-09-30,47.928879
2009-10-01,46.496735
2009-10-02,46.146660
2009-10-05,46.974121
2009-10-06,47.849319
2009-10-07,47.865227
2009-10-08,48.302807
2009-10-09,48.867729
2009-10-12,48.875690
2009-10-13,48.668808
2009-10-14,49.599701
2009-10-15,49.567883
2009-10-16,49.074577
2009-10-19,49.480358
2009-10-20,48.796120
2009-10-21,48.135735
2009-10-22,48.804070
2009-10-23,47.785679
2009-10-26,47.356026
2009-10-27,46.775215
2009-10-28,45.215778
2009-10-29,46.075054
2009-10-30,44.817951
2009-11-02,44.730423
2009-11-03,45.406746
2009-11-04,44.754314
2009-11-05,46.178486
2009-11-06,46.210308
2009-11-09,47.117332
2009-11-10,46.822960
2009-11-11,47.149155
2009-11-12,46.281918
2009-11-13,46.727482
2009-11-16,47.960701
2009-11-17,47.960701
2009-11-18,47.865227
2009-11-19,46.671780
2009-11-20,46.616081
2009-11-23,47.427628
2009-11-24,47.212795
2009-11-25,47.204834
2009-11-27,45.812500
2009-11-30,46.218273
2009-12-01,46.934338
2009-12-02,47.491268
2009-12-03,46.910465
2009-12-04,48.072094
2009-12-07,48.143700
2009-12-08,47.769745
2009-12-09,47.618572
2009-12-10,47.427628
2009-12-11,47.873192
2009-12-14,48.597210
2009-12-15,48.461956
2009-12-16,48.772247
2009-12-17,48.231220
2009-12-18,48.676781
2009-12-21,49.321236
2009-12-22,49.782696
2009-12-23,50.424187
2009-12-24,50.615925
2009-12-28,50.536018
2009-12-29,50.512066
2009-12-30,50.480106
2009-12-31,49.880966
2010-01-04,51.111202
2010-01-05,50.935459
2010-01-06,50.887524
2010-01-07,51.263000
2010-01-08,51.542595
2010-01-11,51.334881
2010-01-12,50.775696
2010-01-13,51.430744
2010-01-14,51.622494
2010-01-15,50.871563
2010-01-19,51.806236
2010-01-20,51.055302
2010-01-21,50.216499
2010-01-22,49.313766
2010-01-25,49.369694
2010-01-26,48.882397
2010-01-27,49.401642
2010-01-28,48.554844
2010-01-29,48.019615
2010-02-01,48.586811
2010-02-02,49.122040
2010-02-03,48.794502
2010-02-04,47.164841
2010-02-05,47.348568
2010-02-08,46.877235
2010-02-09,47.524323
2010-02-10,47.636150
2010-02-11,48.395100
2010-02-12,48.746571
2010-02-16,49.569397
2010-02-17,49.904930
2010-02-18,50.312336
2010-02-19,50.376259
2010-02-22,50.528034
2010-02-23,49.936893
2010-02-24,50.360268
2010-02-25,50.376259
2010-02-26,50.168552
2010-03-01,51.334881
2010-03-02,51.726341
2010-03-03,52.021912
2010-03-04,52.157715
2010-03-05,53.220211
2010-03-08,53.316071
2010-03-09,53.507797
2010-03-10,53.963158
2010-03-11,54.122929
2010-03-12,54.098957
2010-03-15,53.915215
2010-03-16,54.378555
2010-03-17,54.698109
2010-03-18,54.530323
2010-03-19,53.851311
2010-03-22,54.610245
2010-03-23,55.305229
2010-03-24,54.674160
2010-03-25,54.329796
2010-03-26,54.305763
2010-03-29,54.602100
2010-03-30,54.770294
2010-03-31,54.297771
2010-04-01,54.802288
2010-04-05,55.827393
2010-04-06,56.155746
2010-04-07,55.979561
2010-04-08,55.923492
2010-04-09,56.259850
2010-04-12,56.492100
2010-04-13,56.620243
2010-04-14,57.829533
2010-04-15,58.005726
2010-04-16,57.228867
2010-04-19,56.948586
2010-04-20,57.725410
2010-04-21,58.125824
2010-04-22,58.742500
2010-04-23,59.367134
2010-04-26,59.142921
2010-04-27,57.789490
2010-04-28,57.885563
2010-04-29,59.110867
2010-04-30,57.381031
2010-05-03,58.670414
2010-05-04,56.828445
2010-05-05,55.995537
2010-05-06,53.897335
2010-05-07,52.343693
2010-05-10,55.282818
2010-05-11,55.651196
2010-05-12,57.357002
2010-05-13,56.804440
2010-05-14,55.707268
2010-05-17,55.811371
2010-05-18,54.738239
2010-05-19,54.089531
2010-05-20,51.350643
2010-05-21,52.111431
2010-05-24,51.414684
2010-05-25,51.406696
2010-05-26,51.534821
2010-05-27,53.745193
2010-05-28,53.056438
2010-06-01,51.446732
2010-06-02,52.912300
2010-06-03,53.593021
2010-06-04,50.902157
2010-06-07,49.588745
2010-06-08,49.564739
2010-06-09,49.596764
2010-06-10,51.310589
2010-06-11,52.007328
2010-06-14,52.335678
2010-06-15,53.649086
2010-06-16,53.400818
2010-06-17,53.464890
2010-06-18,53.496918
2010-06-21,52.944328
2010-06-22,51.855164
2010-06-23,51.711014
2010-06-24,50.886139
2010-06-25,51.759064
2010-06-28,51.462753
2010-06-29,49.516678
2010-06-30,48.948074
2010-07-01,48.595711
2010-07-02,48.064602
2010-07-06,47.437870
2010-07-07,49.093044
2010-07-08,49.800137
2010-07-09,50.571484
2010-07-12,50.001003
2010-07-13,51.583866
2010-07-14,51.399052
2010-07-15,50.925014
2010-07-16,49.068943
2010-07-19,49.277866
2010-07-20,50.105453
2010-07-21,49.205555
2010-07-22,50.957142
2010-07-23,52.210567
2010-07-26,53.399738
2010-07-27,53.206913
2010-07-28,52.347172
2010-07-29,52.210567
2010-07-30,52.242710
2010-08-02,53.150665
2010-08-03,52.724812
2010-08-04,53.279221
2010-08-05,52.652504
2010-08-06,52.339142
2010-08-09,52.917667
2010-08-10,51.921326
2010-08-11,49.880463
2010-08-12,49.631378
2010-08-13,49.068943
2010-08-16,49.462658
2010-08-17,50.314358
2010-08-18,50.467022
2010-08-19,49.085030
2010-08-20,49.133240
2010-08-23,48.466339
2010-08-24,47.911926
2010-08-25,48.635082
2010-08-26,48.273495
2010-08-27,49.534958
2010-08-30,48.450268
2010-08-31,48.353870
2010-09-01,50.225975
2010-09-02,50.780380
2010-09-03,51.688328
2010-09-07,50.708057
2010-09-08,51.005348
2010-09-09,51.037498
2010-09-10,51.198196
2010-09-13,52.443596
2010-09-14,52.218620
2010-09-15,52.515907
2010-09-16,52.178452
2010-09-17,52.395390
2010-09-20,53.849701
2010-09-21,53.536335
2010-09-22,52.901592
2010-09-23,52.261189
2010-09-24,53.960827
2010-09-27,53.823883
2010-09-28,54.355526
2010-09-29,54.508572
2010-09-30,54.371647
2010-10-01,54.661625
2010-10-04,53.920563
2010-10-05,55.451019
2010-10-06,55.265766
2010-10-07,55.104649
2010-10-08,55.805431
2010-10-11,55.853752
2010-10-12,55.998741
2010-10-13,56.852592
2010-10-14,56.812317
2010-10-15,56.618992
2010-10-18,57.094238
2010-10-19,55.982651
2010-10-20,56.554577
2010-10-21,56.280697
2010-10-22,56.643169
2010-10-25,56.981476
2010-10-26,56.941204
2010-10-27,56.796211
2010-10-28,56.449837
2010-10-29,56.627060
2010-11-01,56.240414
2010-11-02,57.408398
2010-11-03,57.633934
2010-11-04,59.091930
2010-11-05,59.422142
2010-11-08,59.373833
2010-11-09,58.584435
2010-11-10,59.236874
2010-11-11,59.003296
2010-11-12,58.020592
2010-11-15,58.028618
2010-11-16,56.900925
2010-11-17,57.053974
2010-11-18,58.165565
2010-11-19,58.358887
2010-11-22,58.640827
2010-11-23,58.085014
2010-11-24,59.389938
2010-11-26,58.979141
2010-11-29,59.067722
2010-11-30,58.600552
2010-12-01,59.913513
2010-12-02,60.517647
2010-12-03,60.952606
2010-12-06,61.331188
2010-12-07,61.685638
2010-12-08,61.645340
2010-12-09,61.854813
2010-12-10,62.628063
2010-12-13,62.305866
2010-12-14,62.273640
2010-12-15,62.080338
2010-12-16,62.652218
2010-12-17,62.845554
2010-12-20,63.095261
2010-12-21,63.796055
2010-12-22,63.777447
2010-12-23,63.696552
2010-12-27,63.890762
2010-12-28,63.712704
2010-12-29,63.850273
2010-12-30,63.728878
2010-12-31,63.308151
2011-01-03,64.408577
2011-01-04,63.453827
2011-01-05,64.198189
2011-01-06,63.898808
2011-01-07,63.534695
2011-01-10,63.898808
2011-01-11,64.157753
2011-01-12,64.707977
2011-01-13,64.683701
2011-01-14,65.169212
2011-01-18,65.217712
2011-01-19,63.542789
2011-01-20,62.879269
2011-01-21,62.458534
2011-01-24,62.919724
2011-01-25,63.016876
2011-01-26,64.020195
2011-01-27,64.206284
2011-01-28,62.636547
2011-01-31,63.073483
2011-02-01,64.529984
2011-02-02,64.287224
2011-02-03,64.513779
2011-02-04,64.627075
2011-02-07,65.266296
2011-02-08,65.727509
2011-02-09,65.436180
2011-02-10,65.695137
2011-02-11,66.407188
2011-02-14,66.747040
2011-02-15,66.366699
2011-02-16,66.900787
2011-02-17,67.370079
2011-02-18,67.442894
2011-02-22,65.711311
2011-02-23,64.578522
2011-02-24,64.991173
2011-02-25,66.496193
2011-02-28,66.569031
2011-03-01,65.233902
2011-03-02,65.509041
2011-03-03,66.997894
2011-03-04,66.706589
2011-03-07,65.614235
2011-03-08,66.682297
2011-03-09,66.415260
2011-03-10,64.707977
2011-03-11,64.877899
2011-03-14,64.529984
2011-03-15,63.955452
2011-03-16,63.316219
2011-03-17,63.453827
2011-03-18,64.295296
2011-03-21,65.784126
2011-03-22,65.436180
2011-03-23,65.638527
2011-03-24,66.091743
2011-03-25,66.667473
2011-03-28,66.521492
2011-03-29,67.145851
2011-03-30,68.013443
2011-03-31,68.248596
2011-04-01,68.548607
2011-04-04,68.702660
2011-04-05,69.075661
2011-04-06,69.229721
2011-04-07,68.816185
2011-04-08,68.094543
2011-04-11,67.486404
2011-04-12,66.602592
2011-04-13,66.691772
2011-04-14,66.999893
2011-04-15,67.713448
2011-04-18,66.594467
2011-04-19,66.610703
2011-04-20,67.972908
2011-04-21,68.475655
2011-04-25,68.386436
2011-04-26,69.067535
2011-04-27,69.481071
2011-04-28,69.797340
2011-04-29,70.048683
2011-05-02,69.229721
2011-05-03,68.353989
2011-05-04,67.470222
2011-05-05,67.162064
2011-05-06,67.518852
2011-05-09,68.305367
2011-05-10,69.351372
2011-05-11,68.070206
2011-05-12,68.670227
2011-05-13,67.713448
2011-05-16,66.724213
2011-05-17,66.513390
2011-05-18,67.535049
2011-05-19,67.681030
2011-05-20,67.186409
2011-05-23,65.978241
2011-05-24,65.662018
2011-05-25,66.489075
2011-05-26,67.364777
2011-05-27,67.826958
2011-05-31,68.791847
2011-06-01,66.578285
2011-06-02,66.553932
2011-06-03,65.580940
2011-06-06,64.502472
2011-06-07,64.656586
2011-06-08,63.934921
2011-06-09,64.275475
2011-06-10,63.245697
2011-06-13,63.067322
2011-06-14,64.421432
2011-06-15,63.270023
2011-06-16,63.415974
2011-06-17,63.432182
2011-06-20,64.015999
2011-06-21,65.402557
2011-06-22,64.899818
2011-06-23,65.151184
2011-06-24,64.818733
2011-06-27,65.321465
2011-06-28,66.335037
2011-06-29,66.651237
2011-06-30,67.137726
2011-07-01,68.183731
2011-07-05,68.348007
2011-07-06,68.624519
2011-07-07,69.657387
2011-07-08,69.234482
2011-07-11,67.762466
2011-07-12,67.380219
2011-07-13,67.982033
2011-07-14,66.900375
2011-07-15,67.347687
2011-07-18,66.266014
2011-07-19,67.762466
2011-07-20,67.648621
2011-07-21,68.266731
2011-07-22,68.356163
2011-07-25,67.550987
2011-07-26,67.038651
2011-07-27,65.037971
2011-07-28,64.932220
2011-07-29,64.850914
2011-08-01,64.427994
2011-08-02,62.419235
2011-08-03,62.833996
2011-08-04,59.044075
2011-08-05,58.011211
2011-08-08,52.960754
2011-08-09,56.490398
2011-08-10,53.725266
2011-08-11,56.409073
2011-08-12,56.758804
2011-08-15,58.360931
2011-08-16,57.287422
2011-08-17,57.303684
2011-08-18,54.042435
2011-08-19,53.090885
2011-08-22,52.903847
2011-08-23,55.457542
2011-08-24,56.278934
2011-08-25,54.896381
2011-08-26,56.205761
2011-08-29,58.865147
2011-08-30,59.206738
2011-08-31,59.084774
2011-09-01,57.816032
2011-09-02,55.677120
2011-09-06,55.522583
2011-09-07,57.620872
2011-09-08,56.563587
2011-09-09,54.896381
2011-09-12,55.368069
2011-09-13,56.262688
2011-09-14,57.271152
2011-09-15,58.076275
2011-09-16,58.165745
2011-09-19,57.124760
2011-09-20,56.238277
2011-09-21,54.156269
2011-09-22,52.643589
2011-09-23,53.182442
2011-09-26,54.186646
2011-09-27,55.354149
2011-09-28,53.231407
2011-09-29,54.153984
2011-09-30,52.496635
2011-10-03,49.794258
2011-10-04,52.896679
2011-10-05,53.623310
2011-10-06,54.815285
2011-10-07,53.476357
2011-10-10,55.819515
2011-10-11,56.203228
2011-10-12,57.003342
2011-10-13,56.954350
2011-10-14,58.081032
2011-10-17,56.317535
2011-10-18,57.811604
2011-10-19,56.684933
2011-10-20,56.840050
2011-10-21,58.072853
2011-10-24,59.942490
2011-10-25,58.260651
2011-10-26,59.264854
2011-10-27,62.391792
2011-10-28,62.073402
2011-10-31,60.424206
2011-11-01,58.285130
2011-11-02,59.722050
2011-11-03,61.207954
2011-11-04,60.905872
2011-11-07,60.783463
2011-11-08,61.673359
2011-11-09,58.734196
2011-11-10,59.166878
2011-11-11,60.726265
2011-11-14,59.852692
2011-11-15,60.611961
2011-11-16,59.632256
2011-11-17,58.783165
2011-11-18,58.766830
2011-11-21,57.362564
2011-11-22,56.880863
2011-11-23,55.092888
2011-11-25,54.390759
2011-11-28,56.978848
2011-11-29,56.872723
2011-11-30,60.195587
2011-12-01,59.762905
2011-12-02,60.007805
2011-12-05,61.036507
2011-12-06,61.093689
2011-12-07,60.971195
2011-12-08,59.077068
2011-12-09,60.856899
2011-12-12,59.983311
2011-12-13,58.734196
2011-12-14,57.999409
2011-12-15,58.538235
2011-12-16,58.995419
2011-12-19,57.974899
2011-12-20,60.301716
2011-12-21,60.546661
2011-12-22,60.932255
2011-12-23,61.161983
2011-12-27,61.342438
2011-12-28,60.226707
2011-12-29,60.833782
2011-12-30,60.505627
2012-01-03,61.506535
2012-01-04,61.170212
2012-01-05,61.514736
2012-01-06,61.358879
2012-01-09,61.670639
2012-01-10,62.573071
2012-01-11,62.819202
2012-01-12,63.007915
2012-01-13,62.671513
2012-01-17,62.646908
2012-01-18,63.762688
2012-01-19,64.156494
2012-01-20,64.197502
2012-01-23,64.115433
2012-01-24,64.484642
2012-01-25,65.034309
2012-01-26,64.960503
2012-01-27,65.403542
2012-01-30,64.894844
2012-01-31,64.829239
2012-02-01,66.223923
2012-02-02,66.601334
2012-02-03,68.053429
2012-02-06,67.831932
2012-02-07,67.790932
2012-02-08,67.938591
2012-02-09,67.602234
2012-02-10,66.675156
2012-02-13,67.536583
2012-02-14,67.233032
2012-02-15,66.675156
2012-02-16,67.930412
2012-02-17,67.922203
2012-02-21,67.462776
2012-02-22,66.929527
2012-02-23,67.930412
2012-02-24,67.799141
2012-02-27,67.684258
2012-02-28,67.503769
2012-02-29,66.494675
2012-03-01,66.839203
2012-03-02,65.838310
2012-03-05,65.912186
2012-03-06,64.599518
2012-03-07,65.206619
2012-03-08,66.051674
2012-03-09,66.945885
2012-03-12,66.814644
2012-03-13,68.143692
2012-03-14,67.585823
2012-03-15,68.151924
2012-03-16,68.094475
2012-03-19,68.668770
2012-03-20,68.053429
2012-03-21,68.037041
2012-03-22,67.380722
2012-03-23,68.039871
2012-03-26,69.455307
2012-03-27,68.969772
2012-03-28,68.566574
2012-03-29,68.369080
2012-03-30,68.146858
2012-04-02,68.986237
2012-04-03,68.525375
2012-04-04,67.430946
2012-04-05,67.134697
2012-04-09,66.031929
2012-04-10,64.476585
2012-04-11,65.390053
2012-04-12,66.328163
2012-04-13,65.455872
2012-04-16,65.562897
2012-04-17,66.509216
2012-04-18,66.007278
2012-04-19,65.628677
2012-04-20,66.007278
2012-04-23,65.093781
2012-04-24,65.587563
2012-04-25,66.607971
2012-04-26,67.266327
2012-04-27,67.793007
2012-04-30,67.044098
2012-05-01,67.109962
2012-05-02,67.291000
2012-05-03,66.344643
2012-05-04,65.085556
2012-05-07,65.258392
2012-05-08,65.217247
2012-05-09,64.846924
2012-05-10,65.093781
2012-05-11,64.929184
2012-05-14,64.065125
2012-05-15,63.949905
2012-05-16,63.489059
2012-05-17,62.048958
2012-05-18,61.464672
2012-05-21,62.913021
2012-05-22,62.534451
2012-05-23,62.937706
2012-05-24,63.069389
2012-05-25,63.028225
2012-05-29,63.941666
2012-05-30,62.715538
2012-05-31,62.633251
2012-06-01,60.748714
2012-06-04,60.608818
2012-06-05,61.390594
2012-06-06,62.904774
2012-06-07,62.493309
2012-06-08,63.340931
2012-06-11,61.941963
2012-06-12,62.723740
2012-06-13,61.999569
2012-06-14,62.707287
2012-06-15,63.546696
2012-06-18,63.620750
2012-06-19,64.723465
2012-06-20,64.624733
2012-06-21,63.052910
2012-06-22,63.768875
2012-06-25,62.773140
2012-06-26,63.018738
2012-06-27,64.044258
2012-06-28,63.936741
2012-06-29,65.797508
2012-07-02,66.558388
2012-07-03,67.426765
2012-07-05,67.352333
2012-07-06,66.599731
2012-07-09,66.343338
2012-07-10,65.607330
2012-07-11,65.384018
2012-07-12,65.160728
2012-07-13,65.971176
2012-07-16,65.706543
2012-07-17,65.938133
2012-07-18,66.343338
2012-07-19,66.120056
2012-07-20,65.276512
2012-07-23,64.234482
2012-07-24,63.390903
2012-07-25,63.531483
2012-07-26,64.077332
2012-07-27,65.599060
2012-07-30,65.375771
2012-07-31,64.796829
2012-08-01,63.729988
2012-08-02,63.498409
2012-08-03,65.011856
2012-08-06,65.516335
2012-08-07,66.111794
2012-08-08,66.012527
2012-08-09,66.326836
2012-08-10,66.095230
2012-08-13,65.987732
2012-08-14,65.830605
2012-08-15,66.409554
2012-08-16,67.104210
2012-08-17,67.575607
2012-08-20,67.426765
2012-08-21,67.385429
2012-08-22,67.062874
2012-08-23,66.591454
2012-08-24,66.773407
2012-08-27,66.971909
2012-08-28,67.277908
2012-08-29,67.484619
2012-08-30,66.814758
2012-08-31,67.087685
2012-09-04,67.906441
2012-09-05,67.922951
2012-09-06,69.171761
2012-09-07,69.684509
2012-09-10,69.370239
2012-09-11,69.519119
2012-09-12,69.874763
2012-09-13,70.792717
2012-09-14,71.454323
2012-09-17,71.123528
2012-09-18,70.891975
2012-09-19,70.767914
2012-09-20,70.453629
2012-09-21,70.710037
2012-09-24,70.479202
2012-09-25,69.466301
2012-09-26,69.026314
2012-09-27,69.773514
2012-09-28,69.275368
2012-10-01,69.507812
2012-10-02,69.640648
2012-10-03,69.441429
2012-10-04,69.914635
2012-10-05,69.831612
2012-10-08,69.391571
2012-10-09,68.577927
2012-10-10,68.470032
2012-10-11,68.719078
2012-10-12,68.162849
2012-10-15,68.611191
2012-10-16,69.117615
2012-10-17,69.740311
2012-10-18,69.358398
2012-10-19,67.955276
2012-10-22,67.938690
2012-10-23,67.598289
2012-10-24,67.415604
2012-10-25,67.689606
2012-10-26,67.365799
2012-10-31,67.772614
2012-11-01,68.486641
2012-11-02,67.407318
2012-11-05,67.855644
2012-11-06,68.362099
2012-11-07,66.701607
2012-11-08,65.763428
2012-11-09,65.904572
2012-11-12,65.713631
2012-11-13,65.340027
2012-11-14,64.127876
2012-11-15,63.795750
2012-11-16,64.327126
2012-11-19,65.688736
2012-11-20,65.804939
2012-11-21,66.153648
2012-11-23,66.809532
2012-11-26,67.025421
2012-11-27,66.942352
2012-11-28,67.506927
2012-11-29,68.279076
2012-11-30,68.146225
2012-12-03,68.071503
2012-12-04,68.154556
2012-12-05,68.071503
2012-12-06,68.179436
2012-12-07,68.229271
2012-12-10,68.528145
2012-12-11,69.250443
2012-12-12,68.860222
2012-12-13,68.420197
2012-12-14,68.378708
2012-12-17,69.341774
2012-12-18,70.288254
2012-12-19,70.444878
2012-12-20,70.796570
2012-12-21,70.503464
2012-12-24,70.160126
2012-12-26,69.657684
2012-12-27,69.607430
2012-12-28,69.113327
2012-12-31,70.612335
2013-01-02,72.689194
2013-01-03,72.521698
2013-01-04,73.057648
2013-01-07,72.781288
2013-01-08,72.731056
2013-01-09,73.082748
2013-01-10,73.250267
2013-01-11,73.141380
2013-01-14,73.183289
2013-01-15,73.501472
2013-01-16,73.283760
2013-01-17,73.962067
2013-01-18,74.171455
2013-01-22,74.707413
2013-01-23,74.531509
2013-01-24,74.774399
2013-01-25,75.318710
2013-01-28,75.368942
2013-01-29,75.410828
2013-01-30,74.506393
2013-01-31,75.017235
2013-02-01,75.678810
2013-02-04,74.766006
2013-02-05,75.435936
2013-02-06,75.754196
2013-02-07,75.502968
2013-02-08,76.038933
2013-02-11,75.955162
2013-02-12,76.290146
2013-02-13,76.608353
2013-02-14,76.800964
2013-02-15,76.826080
2013-02-19,77.504425
2013-02-20,76.064034
2013-02-21,75.327072
2013-02-22,76.231522
2013-02-25,74.548302
2013-02-26,74.841377
2013-02-27,75.628555
2013-02-28,75.770912
2013-03-01,76.114288
2013-03-04,76.315254
2013-03-05,77.202942
2013-03-06,77.403931
2013-03-07,77.772408
2013-03-08,78.492592
2013-03-11,78.467445
2013-03-12,78.308350
2013-03-13,78.601448
2013-03-14,79.388626
2013-03-15,79.346779
2013-03-18,78.911308
2013-03-19,78.576317
2013-03-20,79.304901
2013-03-21,78.609840
2013-03-22,78.852699
2013-03-25,78.898018
2013-03-26,79.149963
2013-03-27,79.200363
2013-03-28,79.301117
2013-04-01,78.234581
2013-04-02,77.747505
2013-04-03,76.529823
2013-04-04,77.184883
2013-04-05,77.033691
2013-04-08,77.671936
2013-04-09,77.445213
2013-04-10,78.847664
2013-04-11,78.956818
2013-04-12,78.637680
2013-04-15,75.673271
2013-04-16,76.983322
2013-04-17,75.648033
2013-04-18,75.228157
2013-04-19,76.093124
2013-04-22,76.311493
2013-04-23,77.520752
2013-04-24,77.923851
2013-04-25,78.436150
2013-04-26,78.016235
2013-04-29,78.578896
2013-04-30,79.023972
2013-05-01,77.109283
2013-05-02,78.335381
2013-05-03,79.578262
2013-05-06,80.090538
2013-05-07,80.745560
2013-05-08,80.980705
2013-05-09,80.703568
2013-05-10,81.316628
2013-05-13,81.257828
2013-05-14,82.299194
2013-05-15,82.467133
2013-05-16,82.257172
2013-05-17,83.180969
2013-05-20,83.315285
2013-05-21,83.332108
2013-05-22,82.114403
2013-05-23,82.215195
2013-05-24,82.198380
2013-05-28,83.264946
2013-05-29,82.492317
2013-05-30,83.046577
2013-05-31,82.131218
2013-06-03,82.912216
2013-06-04,82.030464
2013-06-05,80.980705
2013-06-06,81.837311
2013-06-07,82.467133
2013-06-10,82.971008
2013-06-11,82.072426
2013-06-12,81.257828
2013-06-13,82.693863
2013-06-14,82.055634
2013-06-17,82.593102
2013-06-18,83.567230
2013-06-19,82.542709
2013-06-20,80.359268
2013-06-21,80.594368
2013-06-24,79.536263
2013-06-25,80.300491
2013-06-26,80.678360
2013-06-27,81.929665
2013-06-28,81.459373
2013-07-01,82.786240
2013-07-02,82.727203
2013-07-03,82.895866
2013-07-05,84.068321
2013-07-08,84.405716
2013-07-09,85.190117
2013-07-10,85.426292
2013-07-11,86.430023
2013-07-12,86.607132
2013-07-15,87.366287
2013-07-16,86.927643
2013-07-17,87.265060
2013-07-18,87.847046
2013-07-19,87.982002
2013-07-22,88.167549
2013-07-23,88.108521
2013-07-24,87.374695
2013-07-25,88.176003
2013-07-26,87.821732
2013-07-29,87.206024
2013-07-30,87.281952
2013-07-31,87.433746
2013-08-01,88.623032
2013-08-02,88.698944
2013-08-05,89.002579
2013-08-06,88.108521
2013-08-07,87.484337
2013-08-08,87.847046
2013-08-09,87.754265
2013-08-12,88.218155
2013-08-13,88.100060
2013-08-14,87.754265
2013-08-15,86.126358
2013-08-16,85.763695
2013-08-19,84.894913
2013-08-20,86.117920
2013-08-21,85.594971
2013-08-22,86.801140
2013-08-23,87.020432
2013-08-26,87.028885
2013-08-27,84.987686
2013-08-28,85.156380
2013-08-29,86.008278
2013-08-30,84.667191
2013-09-03,85.240746
2013-09-04,85.991425
2013-09-05,86.126358
2013-09-06,86.362541
2013-09-09,87.669930
2013-09-10,88.530243
2013-09-11,88.572395
2013-09-12,87.922951
2013-09-13,88.403740
2013-09-16,88.597771
2013-09-17,89.474930
2013-09-18,90.326805
2013-09-19,90.234032
2013-09-20,89.905106
2013-09-23,89.913521
2013-09-24,90.212074
2013-09-25,90.042931
2013-09-26,90.541893
2013-09-27,90.135963
2013-09-30,90.161331
2013-10-01,91.209999
2013-10-02,90.837914
2013-10-03,89.907608
2013-10-04,90.508080
2013-10-07,89.450935
2013-10-08,88.004768
2013-10-09,87.649567
2013-10-10,89.763832
2013-10-11,91.066231
2013-10-14,91.522926
2013-10-15,90.626503
2013-10-16,91.751266
2013-10-17,92.554688
2013-10-18,93.611824
2013-10-21,93.425766
2013-10-22,93.671028
2013-10-23,93.358101
2013-10-24,93.857094
2013-10-25,93.941658
2013-10-28,93.899384
2013-10-29,94.170013
2013-10-30,92.884529
2013-10-31,92.343277
2013-11-01,91.945824
2013-11-04,93.002907
2013-11-05,92.681549
2013-11-06,92.284073
2013-11-07,90.727966
2013-11-08,92.377106
2013-11-11,92.503960
2013-11-12,92.580055
2013-11-13,93.468056
2013-11-14,93.375038
2013-11-15,93.730247
2013-11-18,93.070587
2013-11-19,92.495499
2013-11-20,92.461678
2013-11-21,94.127731
2013-11-22,94.592827
2013-11-25,94.711235
2013-11-26,95.413177
2013-11-27,95.945984
2013-11-29,95.996750
2013-12-02,95.032616
2013-12-03,94.575943
2013-12-04,94.322220
2013-12-05,94.389877
2013-12-06,95.125687
2013-12-09,95.100258
2013-12-10,94.237648
2013-12-11,92.689995
2013-12-12,92.893005
2013-12-13,93.197449
2013-12-16,94.305298
2013-12-17,94.170013
2013-12-18,95.463921
2013-12-19,94.753540
2013-12-20,96.351944
2013-12-23,97.444580
2013-12-24,97.818100
2013-12-26,97.826599
2013-12-27,97.767189
2013-12-30,97.707756
2013-12-31,97.936935
2014-01-02,96.875771
2014-01-03,97.368172
2014-01-06,96.578629
2014-01-07,97.385132
2014-01-08,97.512505
2014-01-09,97.537926
2014-01-10,98.072792
2014-01-13,96.731438
2014-01-14,97.919991
2014-01-15,98.650101
2014-01-16,98.768929
2014-01-17,98.420898
2014-01-21,99.006653
2014-01-22,99.507584
2014-01-23,98.836853
2014-01-24,96.315414
2014-01-27,94.906136
2014-01-28,95.907944
2014-01-29,94.524109
2014-01-30,95.933395
2014-01-31,95.220299
2014-02-03,92.240387
2014-02-04,92.936554
2014-02-05,92.240387
2014-02-06,92.970535
2014-02-07,94.023209
2014-02-10,94.269402
2014-02-11,95.109901
2014-02-12,95.483459
2014-02-13,96.697456
2014-02-14,96.833328
2014-02-18,97.843605
2014-02-19,96.841805
2014-02-20,97.886047
2014-02-21,98.191666
2014-02-24,98.913254
2014-02-25,99.015144
2014-02-26,99.626389
2014-02-27,100.169739
2014-02-28,99.770737
2014-03-03,99.235863
2014-03-04,101.731857
2014-03-05,101.672424
2014-03-06,101.655441
2014-03-07,101.621483
2014-03-10,101.281898
2014-03-11,100.229156
2014-03-12,100.534798
2014-03-13,99.371712
2014-03-14,99.787704
2014-03-17,100.229156
2014-03-18,101.689407
2014-03-19,101.027229
2014-03-20,101.163048
2014-03-21,100.696106
2014-03-24,99.549995
2014-03-25,99.526154
2014-03-26,97.619576
2014-03-27,97.372726
2014-03-28,97.279106
2014-03-31,99.023987
2014-04-01,100.326271
2014-04-02,100.777390
2014-04-03,99.755981
2014-04-04,97.449341
2014-04-07,96.027878
2014-04-08,96.700310
2014-04-09,98.096207
2014-04-10,95.295929
2014-04-11,93.976601
2014-04-14,94.240463
2014-04-15,94.606483
2014-04-16,95.636353
2014-04-17,96.112999
2014-04-21,96.564125
2014-04-22,97.559990
2014-04-23,96.947144
2014-04-24,96.700310
2014-04-25,94.998016
2014-04-28,94.444740
2014-04-29,94.683083
2014-04-30,95.312950
2014-05-01,95.278877
2014-05-02,95.355461
2014-05-05,95.236320
2014-05-06,93.687202
2014-05-07,93.746780
2014-05-08,92.802002
2014-05-09,93.653160
2014-05-12,95.781075
2014-05-13,94.844765
2014-05-14,93.304199
2014-05-15,92.674332
2014-05-16,93.261642
2014-05-19,94.265984
2014-05-20,92.827538
2014-05-21,93.304199
2014-05-22,94.274498
2014-05-23,95.304436
2014-05-27,96.674789
2014-05-28,96.172592
2014-05-29,96.496010
2014-05-30,96.061928
2014-06-02,95.542740
2014-06-03,95.312950
2014-06-04,95.687431
2014-06-05,97.696175
2014-06-06,98.632439
2014-06-09,99.500626
2014-06-10,99.304871
2014-06-11,98.819687
2014-06-12,98.215385
2014-06-13,98.385612
2014-06-16,98.862282
2014-06-17,99.560219
2014-06-18,100.232643
2014-06-19,100.317764
2014-06-20,100.649689
2014-06-23,100.453941
2014-06-24,99.381485
2014-06-25,100.224129
2014-06-26,100.053871
2014-06-27,100.726295
2014-06-30,101.126358
2014-07-01,102.156258
2014-07-02,101.762367
2014-07-03,102.377548
2014-07-07,100.625969
2014-07-08,99.404152
2014-07-09,99.532295
2014-07-10,98.472816
2014-07-11,98.344635
2014-07-14,98.848740
2014-07-15,97.874702
2014-07-16,97.609856
2014-07-17,96.106041
2014-07-18,97.601318
2014-07-21,97.208267
2014-07-22,98.028534
2014-07-23,98.148117
2014-07-24,97.951622
2014-07-25,97.062996
2014-07-28,96.576004
2014-07-29,96.840851
2014-07-30,97.225357
2014-07-31,95.003838
2014-08-01,94.568069
2014-08-04,95.405418
2014-08-05,95.166161
2014-08-06,95.465210
2014-08-07,95.003838
2014-08-08,95.926598
2014-08-11,96.840851
2014-08-12,96.174416
2014-08-13,96.926285
2014-08-14,97.071548
2014-08-15,96.883583
2014-08-18,98.293404
2014-08-19,98.635170
2014-08-20,98.216484
2014-08-21,98.430092
2014-08-22,98.438644
2014-08-25,98.900040
2014-08-26,99.797173
2014-08-27,99.549393
2014-08-28,99.036728
2014-08-29,99.592117
2014-09-02,100.138931
2014-09-03,99.506683
2014-09-04,99.122185
2014-09-05,99.438324
2014-09-08,99.592117
2014-09-09,98.413025
2014-09-10,98.994003
2014-09-11,99.634827
2014-09-12,98.575363
2014-09-15,97.498779
2014-09-16,97.772186
2014-09-17,98.028534
2014-09-18,98.626617
2014-09-19,97.379158
2014-09-22,96.012054
2014-09-23,95.114914
2014-09-24,95.975967
2014-09-25,94.356667
2014-09-26,95.204872
2014-09-29,95.127769
2014-09-30,93.688408
2014-10-01,92.360367
2014-10-02,93.242874
2014-10-03,93.945435
2014-10-06,93.140053
2014-10-07,91.606415
2014-10-08,93.362816
2014-10-09,90.843887
2014-10-10,89.738632
2014-10-13,89.378792
2014-10-14,90.424088
2014-10-15,91.332222
2014-10-16,92.360367
2014-10-17,92.086212
2014-10-20,93.165749
2014-10-21,94.699379
2014-10-22,93.345688
2014-10-23,94.999245
2014-10-24,95.162041
2014-10-27,95.110634
2014-10-28,97.818047
2014-10-29,97.586716
2014-10-30,98.417770
2014-10-31,99.865730
2014-11-03,99.694397
2014-11-04,99.231743
2014-11-05,99.411621
2014-11-06,99.840019
2014-11-07,99.994270
2014-11-10,100.491188
2014-11-11,100.559692
2014-11-12,101.013832
2014-11-13,100.157021
2014-11-14,99.977119
2014-11-17,99.146034
2014-11-18,99.720093
2014-11-19,98.657677
2014-11-20,99.762932
2014-11-21,99.882881
2014-11-24,101.073761
2014-11-25,101.150902
2014-11-26,101.485046
2014-11-28,99.977119
2014-12-01,98.417770
2014-12-02,99.600151
2014-12-03,100.559692
2014-12-04,100.079926
2014-12-05,100.833900
2014-12-08,99.574417
2014-12-09,101.245125
2014-12-10,99.094620
2014-12-11,99.488747
2014-12-12,98.280724
2014-12-15,97.286835
2014-12-16,97.149750
2014-12-17,100.148468
2014-12-18,101.639259
2014-12-19,101.870598
2014-12-22,102.564590
2014-12-23,102.693085
2014-12-24,102.989769
2014-12-26,103.660561
2014-12-29,104.099129
2014-12-30,103.488571
2014-12-31,102.869408
2015-01-02,102.276009
2015-01-05,100.908646
2015-01-06,99.162903
2015-01-07,100.384109
2015-01-08,102.086807
2015-01-09,101.106445
2015-01-12,100.771049
2015-01-13,100.848488
2015-01-14,100.444283
2015-01-15,98.750130
2015-01-16,100.358269
2015-01-20,99.936913
2015-01-21,99.618721
2015-01-22,101.648224
2015-01-23,101.579422
2015-01-26,102.559792
2015-01-27,102.069649
2015-01-28,100.349686
2015-01-29,101.734230
2015-01-30,99.498314
2015-02-02,100.409859
2015-02-03,102.207184
2015-02-04,101.828819
2015-02-05,103.144592
2015-02-06,103.032784
2015-02-09,102.215790
2015-02-10,102.869408
2015-02-11,102.723190
2015-02-12,103.892754
2015-02-13,104.511932
2015-02-17,104.838707
2015-02-18,104.950500
2015-02-19,104.959099
2015-02-20,105.242920
2015-02-23,105.346062
2015-02-24,105.483734
2015-02-25,105.604088
2015-02-26,105.991089
2015-02-27,105.414886
2015-03-02,106.180275
2015-03-03,105.552475
2015-03-04,105.225693
2015-03-05,105.535301
2015-03-06,104.202316
2015-03-09,104.658127
2015-03-10,103.454170
2015-03-11,104.090523
2015-03-12,105.819092
2015-03-13,105.440681
2015-03-16,106.059860
2015-03-17,106.343643
2015-03-18,107.195053
2015-03-19,107.401421
2015-03-20,108.347382
2015-03-23,108.252792
2015-03-24,108.226974
2015-03-25,105.641808
2015-03-26,105.512405
2015-03-27,106.185211
2015-03-30,107.625748
2015-03-31,107.280731
2015-04-01,107.323830
2015-04-02,107.522270
2015-04-06,107.996689
2015-04-07,107.306580
2015-04-08,108.229561
2015-04-09,107.841385
2015-04-10,108.358955
2015-04-13,108.427963
2015-04-14,108.402100
2015-04-15,109.161171
2015-04-16,109.100784
2015-04-17,107.332481
2015-04-20,108.384804
2015-04-21,108.272697
2015-04-22,108.436600
2015-04-23,108.928284
2015-04-24,108.565956
2015-04-27,107.366966
2015-04-28,107.962173
2015-04-29,106.789047
2015-04-30,104.529015
2015-05-01,105.210487
2015-05-04,105.590042
2015-05-05,104.244400
2015-05-06,104.606682
2015-05-07,105.003471
2015-05-08,105.788414
2015-05-11,105.848808
2015-05-12,105.659042
2015-05-13,105.659042
2015-05-14,106.780411
2015-05-15,106.659660
2015-05-18,107.867310
2015-05-19,107.720619
2015-05-20,107.919052
2015-05-21,107.798248
2015-05-22,107.332481
2015-05-26,106.305969
2015-05-27,107.608513
2015-05-28,107.513634
2015-05-29,106.866669
2015-06-01,107.203102
2015-06-02,107.410110
2015-06-03,108.479721
2015-06-04,107.392845
2015-06-05,108.169197
2015-06-08,107.668877
2015-06-09,107.341125
2015-06-10,108.678123
2015-06-11,108.954163
2015-06-12,108.626366
2015-06-15,108.281334
2015-06-16,109.049026
2015-06-17,108.885147
2015-06-18,110.342949
2015-06-19,110.291183
2015-06-22,111.050255
2015-06-23,111.283127
2015-06-24,110.342949
2015-06-25,110.282539
2015-06-26,109.980644
2015-06-29,107.203102
2015-06-30,107.703400
2015-07-01,108.022545
2015-07-02,107.224747
2015-07-06,107.190063
2015-07-07,107.311363
2015-07-08,105.674141
2015-07-09,106.055313
2015-07-10,107.527908
2015-07-13,108.740677
2015-07-14,109.347038
2015-07-15,108.766663
2015-07-16,109.416367
2015-07-17,108.939919
2015-07-20,108.350861
2015-07-21,107.839752
2015-07-22,108.238243
2015-07-23,107.042839
2015-07-24,105.318977
2015-07-27,104.444069
2015-07-28,105.336288
2015-07-29,105.630836
2015-07-30,105.934036
2015-07-31,106.514420
2015-08-03,105.985970
2015-08-04,105.734802
2015-08-05,105.977348
2015-08-06,104.548050
2015-08-07,103.846329
2015-08-10,105.041771
2015-08-11,104.140892
2015-08-12,103.941650
2015-08-13,103.595146
2015-08-14,104.262138
2015-08-17,105.362305
2015-08-18,104.522034
2015-08-19,103.439240
2015-08-20,100.823128
2015-08-21,99.645020
2015-08-24,95.755547
2015-08-25,95.019234
2015-08-26,97.436089
2015-08-27,99.177261
2015-08-28,100.156136
2015-08-31,99.792267
2015-09-01,96.933670
2015-09-02,98.674835
2015-09-03,98.518929
2015-09-04,97.773918
2015-09-08,100.008835
2015-09-09,98.856750
2015-09-10,99.307198
2015-09-11,99.774948
2015-09-14,99.315849
2015-09-15,100.433311
2015-09-16,101.299576
2015-09-17,101.646072
2015-09-18,100.242767
2015-09-21,100.060829
2015-09-22,98.544899
2015-09-23,98.250366
2015-09-24,98.085770
2015-09-25,96.794823
2015-09-28,94.084358
2015-09-29,93.415443
2015-09-30,94.866226
2015-10-01,94.701157
2015-10-02,96.108513
2015-10-05,98.401978
2015-10-06,97.724365
2015-10-07,99.453178
2015-10-08,100.347961
2015-10-09,100.547752
2015-10-12,100.400078
2015-10-13,99.027489
2015-10-14,98.054489
2015-10-15,100.400078
2015-10-16,100.269775
2015-10-19,100.460892
2015-10-20,100.321899
2015-10-21,98.792923
2015-10-22,99.661659
2015-10-23,100.643318
2015-10-26,99.957024
2015-10-27,98.862411
2015-10-28,101.746628
2015-10-29,100.660713
2015-10-30,100.200264
2015-11-02,102.285263
2015-11-03,102.815178
2015-11-04,102.763054
2015-11-05,102.841232
2015-11-06,103.570984
2015-11-09,102.354736
2015-11-10,102.658806
2015-11-11,101.764030
2015-11-12,99.818008
2015-11-13,99.096970
2015-11-16,99.948349
2015-11-17,99.566093
2015-11-18,101.251465
2015-11-19,100.825775
2015-11-20,101.477333
2015-11-23,101.981186
2015-11-24,102.728310
2015-11-25,103.527573
2015-11-27,103.918488
2015-11-30,103.466721
2015-12-01,104.153015
2015-12-02,103.032364
2015-12-03,101.294876
2015-12-04,102.319984
2015-12-07,100.782326
2015-12-08,100.226334
2015-12-09,99.105659
2015-12-10,99.435806
2015-12-11,97.220528
2015-12-14,96.525528
2015-12-15,97.915466
2015-12-16,99.409721
2015-12-17,98.349876
2015-12-18,96.846954
2015-12-21,97.576675
2015-12-22,98.471466
2015-12-23,99.713768
2015-12-24,99.902267
2015-12-28,99.439804
2015-12-29,100.512985
2015-12-30,99.500885
2015-12-31,98.261909
2016-01-04,95.984673
2016-01-05,96.194099
2016-01-06,94.728264
2016-01-07,92.198013
2016-01-08,90.610039
2016-01-11,90.217407
2016-01-12,90.487877
2016-01-13,87.582428
2016-01-14,88.795204
2016-01-15,87.355576
2016-01-19,86.177666
2016-01-20,86.535408
2016-01-21,86.334740
2016-01-22,88.446205
2016-01-25,86.483047
2016-01-26,88.210617
2016-01-27,86.997833
2016-01-28,86.980400
2016-01-29,89.833511
2016-02-01,89.423416
2016-02-02,87.495155
2016-02-03,87.608597
2016-02-04,87.948875
2016-02-05,85.540749
2016-02-08,84.136017
2016-02-09,83.568878
2016-02-10,83.612534
2016-02-11,82.705116
2016-02-12,84.275612
2016-02-16,86.273674
2016-02-17,87.626045
2016-02-18,87.207253
2016-02-19,87.643494
2016-02-22,88.620735
2016-02-23,87.809250
2016-02-24,88.655617
2016-02-25,89.467010
2016-02-26,90.034203
2016-02-29,89.632820
2016-03-01,91.561066
2016-03-02,92.503387
2016-03-03,93.471848
2016-03-04,93.986641
2016-03-07,95.007469
2016-03-08,92.712807
2016-03-09,93.183952
2016-03-10,92.424858
2016-03-11,94.405426
2016-03-14,94.161140
2016-03-15,92.695335
2016-03-16,93.349701
2016-03-17,94.780609
2016-03-18,95.635689
2016-03-21,95.408836
2016-03-22,95.295418
2016-03-23,93.533760
2016-03-24,93.813797
2016-03-28,93.927559
2016-03-29,96.535454
2016-03-30,96.544197
2016-03-31,96.815521
2016-04-01,97.244316
2016-04-04,96.430458
2016-04-05,95.336533
2016-04-06,96.412926
2016-04-07,95.109001
2016-04-08,95.485306
2016-04-11,95.187775
2016-04-12,96.211632
2016-04-13,98.285721
2016-04-14,98.163193
2016-04-15,98.408249
2016-04-18,99.152100
2016-04-19,99.230820
2016-04-20,99.379623
2016-04-21,98.880798
2016-04-22,99.860954
2016-04-25,99.152100
2016-04-26,100.123497
2016-04-27,100.473526
2016-04-28,99.327133
2016-04-29,98.434494
2016-05-02,99.309616
2016-05-03,97.681892
2016-05-04,96.876755
2016-05-05,96.491722
2016-05-06,97.060516
2016-05-09,97.340576
2016-05-10,98.320702
2016-05-11,97.104294
2016-05-12,96.587967
2016-05-13,95.949104
2016-05-16,97.165550
2016-05-17,95.625298
2016-05-18,96.124168
2016-05-19,95.354027
2016-05-20,96.955536
2016-05-23,96.841751
2016-05-24,98.837044
2016-05-25,99.414619
2016-05-26,99.300858
2016-05-27,100.289772
2016-05-31,100.639778
2016-06-01,101.322388
2016-06-02,102.101273
2016-06-03,101.488686
2016-06-06,102.582603
2016-06-07,102.880127
2016-06-08,103.641541
2016-06-09,102.976410
2016-06-10,101.576202
2016-06-13,100.473526
2016-06-14,100.184723
2016-06-15,100.254768
2016-06-16,100.246010
2016-06-17,99.817192
2016-06-20,100.902351
2016-06-21,100.709808
2016-06-22,100.315979
2016-06-23,102.232552
2016-06-24,98.346970
2016-06-27,95.117767
2016-06-28,96.587967
2016-06-29,98.784561
2016-06-30,100.622314
2016-07-01,100.981087
2016-07-05,99.493393
2016-07-06,100.215820
2016-07-07,100.427010
2016-07-08,102.767639
2016-07-11,103.955559
2016-07-12,105.345840
2016-07-13,104.932297
2016-07-14,105.037895
2016-07-15,105.328247
2016-07-18,105.504234
2016-07-19,104.976273
2016-07-20,105.662621
2016-07-21,105.161079
2016-07-22,105.944191
2016-07-25,105.785812
2016-07-26,106.296173
2016-07-27,106.595345
2016-07-28,106.322601
2016-07-29,106.533783
2016-08-01,106.621765
2016-08-02,105.134682
2016-08-03,105.988197
2016-08-04,106.084991
2016-08-05,107.616074
2016-08-08,107.563271
2016-08-09,107.677666
2016-08-10,106.903328
2016-08-11,107.413681
2016-08-12,107.519264
2016-08-15,108.584015
2016-08-16,107.704079
2016-08-17,107.387306
2016-08-18,108.179260
2016-08-19,108.179260
2016-08-22,108.425636
2016-08-23,109.182365
2016-08-24,108.293640
2016-08-25,108.504814
2016-08-26,108.284843
2016-08-29,108.847977
2016-08-30,109.050385
2016-08-31,108.434448
2016-09-01,108.513611
2016-09-02,109.560730
2016-09-06,109.666336
2016-09-07,110.352684
2016-09-08,110.132683
2016-09-09,106.692154
2016-09-12,108.179260
2016-09-13,106.102585
2016-09-14,106.120178
2016-09-15,107.387306
2016-09-16,107.228920
2016-09-19,107.941658
2016-09-20,107.484093
2016-09-21,109.041580
2016-09-22,110.607872
2016-09-23,109.824722
2016-09-26,108.734123
2016-09-27,109.175308
2016-09-28,110.013535
2016-09-29,108.407623
2016-09-30,109.598793
2016-10-03,109.254700
2016-10-04,108.716446
2016-10-05,109.369400
2016-10-06,109.254700
2016-10-07,108.381172
2016-10-10,109.678253
2016-10-11,107.675247
2016-10-12,107.587051
2016-10-13,106.695854
2016-10-14,106.263489
2016-10-17,106.139954
2016-10-18,106.748795
2016-10-19,107.198792
2016-10-20,106.881172
2016-10-21,106.828224
2016-10-24,107.507622
2016-10-25,106.704681
2016-10-26,105.645821
2016-10-27,104.436958
2016-10-28,104.145805
2016-10-31,104.560516
2016-11-01,103.281075
2016-11-02,101.966339
2016-11-03,101.472191
2016-11-04,102.125145
2016-11-07,104.622284
2016-11-08,104.895813
2016-11-09,108.125267
2016-11-10,109.854691
2016-11-11,112.378281
2016-11-14,113.957710
2016-11-15,114.310669
2016-11-16,114.301811
2016-11-17,114.972458
2016-11-18,115.581306
2016-11-21,116.119499
2016-11-22,117.178337
2016-11-23,117.910728
2016-11-25,118.298950
2016-11-28,116.763664
2016-11-29,116.701881
2016-11-30,116.128342
2016-12-01,115.563660
2016-12-02,115.501869
2016-12-05,117.487190
2016-12-06,118.757782
2016-12-07,119.913673
2016-12-08,121.801956
2016-12-09,122.040245
2016-12-12,120.751991
2016-12-13,120.760765
2016-12-14,119.251930
2016-12-15,120.143120
2016-12-16,119.922546
2016-12-19,120.707809
2016-12-20,121.731369
2016-12-21,120.937225
2016-12-22,119.894432
2016-12-23,120.532333
2016-12-27,121.072792
2016-12-28,119.832375
2016-12-29,119.938721
2016-12-30,119.477974
2017-01-03,120.071640
2017-01-04,122.074013
2017-01-05,120.665260
2017-01-06,120.222237
2017-01-09,119.433693
2017-01-10,120.576584
2017-01-11,120.789284
2017-01-12,119.859016
2017-01-13,120.727272
2017-01-17,119.088173
2017-01-18,119.477974
2017-01-19,118.503418
2017-01-20,119.114731
2017-01-23,118.618576
2017-01-24,120.434906
2017-01-25,121.569016
2017-01-26,121.081665
2017-01-27,120.665260
2017-01-30,118.981842
2017-01-31,119.814690
2017-02-01,119.743828
2017-02-02,119.442543
2017-02-03,121.267708
2017-02-06,120.355133
2017-02-07,119.823517
2017-02-08,119.610924
2017-02-09,121.294312
2017-02-10,122.215767
2017-02-13,122.534714
2017-02-14,122.942307
2017-02-15,123.677658
2017-02-16,123.332123
2017-02-17,123.252403
2017-02-21,124.218178
2017-02-22,123.668793
2017-02-23,122.933441
2017-02-24,122.844833
2017-02-27,124.040939
2017-02-28,122.127144
2017-03-01,124.359909
2017-03-02,122.933441
2017-03-03,122.844833
2017-03-06,122.003120
2017-03-07,121.205727
2017-03-08,120.408279
2017-03-09,119.929878
2017-03-10,120.461472
2017-03-13,120.744995
2017-03-14,120.169121
2017-03-15,122.029694
2017-03-16,122.189194
2017-03-17,122.676498
2017-03-20,122.144852
2017-03-21,118.698318
2017-03-22,118.724876
2017-03-23,119.415977
2017-03-24,119.502174
2017-03-27,119.724304
2017-03-28,120.657257
2017-03-29,121.048264
2017-03-30,121.963509
2017-03-31,122.158928
2017-04-03,120.870575
2017-04-04,120.728363
2017-04-05,119.360008
2017-04-06,120.470711
2017-04-07,120.417366
2017-04-10,120.683929
2017-04-11,121.643623
2017-04-12,119.990868
2017-04-13,118.817986
2017-04-17,120.213028
2017-04-18,120.239670
2017-04-19,120.657257
2017-04-20,122.194489
2017-04-21,121.919067
2017-04-24,123.438477
2017-04-25,124.638023
2017-04-26,125.277786
2017-04-27,125.242279
2017-04-28,123.562874
2017-05-01,124.273735
2017-05-02,123.642830
2017-05-03,122.878647
2017-05-04,122.709862
2017-05-05,123.500694
2017-05-08,122.985313
2017-05-09,122.931976
2017-05-10,123.696152
2017-05-11,122.834244
2017-05-12,122.185593
2017-05-15,123.136337
2017-05-16,123.180771
2017-05-17,119.857590
2017-05-18,120.292992
2017-05-19,120.870575
2017-05-22,121.688026
2017-05-23,122.087837
2017-05-24,122.167870
2017-05-25,122.247780
2017-05-26,122.212273
2017-05-30,121.252617
2017-05-31,121.128220
2017-06-01,123.465134
2017-06-02,124.264839
2017-06-05,123.491829
2017-06-06,123.376297
2017-06-07,123.491829
2017-06-08,125.180099
2017-06-09,125.828697
2017-06-12,125.624329
2017-06-13,126.264069
2017-06-14,125.517715
2017-06-15,124.877907
2017-06-16,124.566933
2017-06-19,125.491013
2017-06-20,124.220413
2017-06-21,123.909378
2017-06-22,124.380333
2017-06-23,125.206696
2017-06-26,125.357742
2017-06-27,124.255898
2017-06-28,126.157463
2017-06-29,125.411087
2017-06-30,125.215607
2017-07-03,126.264069
2017-07-05,125.810966
2017-07-06,124.167999
2017-07-07,125.372765
2017-07-10,124.828384
2017-07-11,125.194267
2017-07-12,126.158066
2017-07-13,126.265175
2017-07-14,126.479340
2017-07-17,126.773773
2017-07-18,126.443634
2017-07-19,127.701920
2017-07-20,127.791107
2017-07-21,127.211128
2017-07-24,127.389580
2017-07-25,128.549728
2017-07-26,127.835793
2017-07-27,127.023720
2017-07-28,126.684578
2017-07-31,126.283005
2017-08-01,126.523979
2017-08-02,125.140755
2017-08-03,124.516060
2017-08-04,125.122879
2017-08-07,125.328140
2017-08-08,124.935471
2017-08-09,123.855652
2017-08-10,121.606857
2017-08-11,121.785316
2017-08-14,123.632576
2017-08-15,122.615242
2017-08-16,122.650932
2017-08-17,120.411034
2017-08-18,120.402145
2017-08-21,120.321785
2017-08-22,121.624702
2017-08-23,121.428398
2017-08-24,121.803177
2017-08-25,122.151222
2017-08-28,122.668770
2017-08-29,122.695595
2017-08-30,123.480904
2017-08-31,124.694519
2017-09-01,125.399590
2017-09-05,124.194794
2017-09-06,124.453613
2017-09-07,124.141296
2017-09-08,124.239380
2017-09-11,125.542305
2017-09-12,126.309761
2017-09-13,126.684578
2017-09-14,126.568573
2017-09-15,127.086166
2017-09-18,127.951782
2017-09-19,127.951782
2017-09-20,128.362198
2017-09-21,128.228439
2017-09-22,128.772858
2017-09-25,128.951248
2017-09-26,129.361847
2017-09-27,131.893478
2017-09-28,132.242401
2017-09-29,132.555420
2017-10-02,134.183533
2017-10-03,134.478729
2017-10-04,134.049332
2017-10-05,134.416168
2017-10-06,134.228317
2017-10-09,133.673584
2017-10-10,134.058273
2017-10-11,133.959900
2017-10-12,133.861465
2017-10-13,133.619995
2017-10-16,133.503632
2017-10-17,133.119034
2017-10-18,133.754150
2017-10-19,133.548416
2017-10-20,134.165634
2017-10-23,133.163788
2017-10-24,133.441055
2017-10-25,132.796967
2017-10-26,133.074280
2017-10-27,133.995651
2017-10-30,132.582321
2017-10-31,133.521545
2017-11-01,132.635925
2017-11-02,133.029572
2017-11-03,132.940079
2017-11-06,133.092178
2017-11-07,131.499863
2017-11-08,131.678772
2017-11-09,131.213608
2017-11-10,131.115219
2017-11-13,131.150970
2017-11-14,130.793182
2017-11-15,130.274338
2017-11-16,132.188690
2017-11-17,132.796967
2017-11-20,133.763107
2017-11-21,135.158600
2017-11-22,134.979675
2017-11-24,135.033356
2017-11-27,134.621872
2017-11-28,136.741959
2017-11-29,137.198196
2017-11-30,137.448654
2017-12-01,136.885101
2017-12-04,136.375183
2017-12-05,135.015442
2017-12-06,134.380341
2017-12-07,135.319595
2017-12-08,135.444855
2017-12-11,135.391159
2017-12-12,134.970795
2017-12-13,135.775818
2017-12-14,134.272980
2017-12-15,136.187317
2017-12-18,138.030136
2017-12-19,136.938782
2017-12-20,137.207138
2017-12-21,137.807877
2017-12-22,137.556427
2017-12-26,137.637253
2017-12-27,137.502563
2017-12-28,138.041321
2017-12-29,136.900909
2018-01-02,138.193985
2018-01-03,138.337646
2018-01-04,138.705826
2018-01-05,138.993073
2018-01-08,139.208664
2018-01-09,139.020081
2018-01-10,139.038071
2018-01-11,141.426575
2018-01-12,142.019241
2018-01-16,140.205368
2018-01-17,141.534332
2018-01-18,140.564529
2018-01-19,142.414352
2018-01-22,143.177567
2018-01-23,143.635574
2018-01-24,142.746582
2018-01-25,142.800430
2018-01-26,143.312302
2018-01-29,142.504166
2018-01-30,141.139252
2018-01-31,140.402939
2018-02-01,140.842911
2018-02-02,138.131073
2018-02-05,132.824234
2018-02-06,134.413574
2018-02-07,134.548294
2018-02-08,130.597397
2018-02-09,131.791626
2018-02-12,133.039749
2018-02-13,133.327103
2018-02-14,135.724579
2018-02-15,137.206314
2018-02-16,137.691086
2018-02-20,136.559677
2018-02-21,136.703384
2018-02-22,136.487854
2018-02-23,138.265762
2018-02-26,139.172760
2018-02-27,137.170319
2018-02-28,135.006271
2018-03-01,134.647095
2018-03-02,136.802170
2018-03-05,138.023361
2018-03-06,139.513947
2018-03-07,140.744186
2018-03-08,140.456757
2018-03-09,142.701675
2018-03-12,142.953079
2018-03-13,142.288635
2018-03-14,141.615189
2018-03-15,140.905807
2018-03-16,141.695953
2018-03-19,140.331070
2018-03-20,140.295135
2018-03-21,141.112320
2018-03-22,138.018036
2018-03-23,135.047989
2018-03-26,138.000046
2018-03-27,135.326981
2018-03-28,135.282013
2018-03-29,136.650009
2018-04-02,133.319977
2018-04-03,135.227966
2018-04-04,136.946991
2018-04-05,138.081070
2018-04-06,135.326981
2018-04-09,135.488968
2018-04-10,138.045059
2018-04-11,138.342041
2018-04-12,139.287048
2018-04-13,138.558060
2018-04-16,139.836060
2018-04-17,141.357071
2018-04-18,141.735107
2018-04-19,140.754089
2018-04-20,139.998062
2018-04-23,139.791122
2018-04-24,138.990036
2018-04-25,138.783051
2018-04-26,139.422073
2018-04-27,139.224075
2018-04-30,137.991028
2018-05-01,138.666046
2018-05-02,139.188065
2018-05-03,138.432037
2018-05-04,140.160080
2018-05-07,141.348114
2018-05-08,142.050171
2018-05-09,142.815079
2018-05-10,143.580139
2018-05-11,143.859192
2018-05-14,143.310165
2018-05-15,143.337128
2018-05-16,144.831192
2018-05-17,145.497192
2018-05-18,145.686172
2018-05-21,146.649216
2018-05-22,145.587234
2018-05-23,145.776199
2018-05-24,145.830215
2018-05-25,145.569199
2018-05-29,145.371185
2018-05-30,147.675247
2018-05-31,146.496246
2018-06-01,147.459198
2018-06-04,148.242294
2018-06-05,149.160278
2018-06-06,150.240280
2018-06-07,149.421295
2018-06-08,149.871307
2018-06-11,150.096313
2018-06-12,150.780289
2018-06-13,150.186325
2018-06-14,150.987289
2018-06-15,151.032318
2018-06-18,151.743362
2018-06-19,151.752319
2018-06-20,152.976364
2018-06-21,151.545319
2018-06-22,151.041321
2018-06-25,148.575226
2018-06-26,149.439255
2018-06-27,147.045242
2018-06-28,147.495331
2018-06-29,147.396194
2018-07-02,148.413239
2018-07-03,149.004913
2018-07-05,150.703064
2018-07-06,151.976715
2018-07-09,152.934158
2018-07-10,152.238647
2018-07-11,150.946960
2018-07-12,151.678635
2018-07-13,151.227005
2018-07-16,150.639862
2018-07-17,151.308289
2018-07-18,151.732788
2018-07-19,152.807693
2018-07-20,152.184464
2018-07-23,152.374146
2018-07-24,150.748260
2018-07-25,151.299240
2018-07-26,152.112259
2018-07-27,149.275879
2018-07-30,148.318420
2018-07-31,149.826920
2018-08-01,149.727539
2018-08-02,150.820480
2018-08-03,150.296616
2018-08-06,151.136673
2018-08-07,151.497986
2018-08-08,151.362503
2018-08-09,151.750885
2018-08-10,151.326309
2018-08-13,150.441147
2018-08-14,151.931549
2018-08-15,150.025589
2018-08-16,151.416733
2018-08-17,152.067001
2018-08-20,152.491531
2018-08-21,154.243896
2018-08-22,154.623322
2018-08-23,154.153610
2018-08-24,154.993607
2018-08-27,155.219498
2018-08-28,155.363968
2018-08-29,155.815643
2018-08-30,155.689178
2018-08-31,156.285355
2018-09-04,155.589813
2018-09-05,155.174316
2018-09-06,154.126526
2018-09-07,154.045135
2018-09-10,154.234894
2018-09-11,154.487793
2018-09-12,154.117477
2018-09-13,154.153610
2018-09-14,154.803970
2018-09-17,153.159988
2018-09-18,153.801331
2018-09-19,153.241257
2018-09-20,154.659409
2018-09-21,153.918762
2018-09-24,153.349686
2018-09-25,153.584534
2018-09-26,152.180725
2018-09-27,152.189758
2018-09-28,152.651688
2018-10-01,150.641113
2018-10-02,149.010910
2018-10-03,150.315063
2018-10-04,148.204788
2018-10-05,146.864426
2018-10-08,146.556503
2018-10-09,145.985870
2018-10-10,141.792633
2018-10-11,139.084641
2018-10-12,139.111847
2018-10-15,139.628082
2018-10-16,143.676437
2018-10-17,143.060562
2018-10-18,140.379791
2018-10-19,138.894440
2018-10-22,138.595612
2018-10-23,137.354782
2018-10-24,132.183426
2018-10-25,135.045349
2018-10-26,133.569122
2018-10-29,132.835464
2018-10-30,135.606842
2018-10-31,135.878540
2018-11-01,139.012207
2018-11-02,139.474106
2018-11-05,139.365417
2018-11-06,140.053757
2018-11-07,142.562439
2018-11-08,142.182083
2018-11-09,139.546555
2018-11-12,136.784256
2018-11-13,136.349487
2018-11-14,135.353271
2018-11-15,137.282349
2018-11-16,137.608383
2018-11-19,134.818954
2018-11-20,132.219620
2018-11-21,134.067184
2018-11-23,133.940399
2018-11-26,135.679276
2018-11-27,134.556290
2018-11-28,137.880112
2018-11-29,137.508759
2018-11-30,138.224304
2018-12-03,139.546555
2018-12-04,133.605316
2018-12-06,133.315491
2018-12-07,130.435455
2018-12-10,130.055038
2018-12-11,129.919189
2018-12-12,131.160004
2018-12-13,129.303406
2018-12-14,127.347061
2018-12-17,124.511002
2018-12-18,124.356529
2018-12-19,121.766769
2018-12-20,119.758469
2018-12-21,116.650703
2018-12-24,114.388031
2018-12-26,119.885712
2018-12-27,120.385506
2018-12-28,120.730789
2018-12-31,121.675835
2019-01-02,122.366501
2019-01-03,120.176476
2019-01-04,124.665497
2019-01-07,126.846397
2019-01-08,128.791031
2019-01-09,129.854202
2019-01-10,130.526672
2019-01-11,130.563004
2019-01-14,129.263565
2019-01-15,130.354019
2019-01-16,131.326309
2019-01-17,132.516739
2019-01-18,133.879761
2019-01-22,131.762512
2019-01-23,131.399017
2019-01-24,132.189590
2019-01-25,133.888870
2019-01-28,133.170990
2019-01-29,132.852921
2019-01-30,134.306915
2019-01-31,135.451859
2019-02-01,135.560928
2019-02-04,137.178406
2019-02-05,137.323792
2019-02-06,137.151093
2019-02-07,136.024307
2019-02-08,136.169708
2019-02-11,137.305618
2019-02-12,139.023041
2019-02-13,139.413788
2019-02-14,139.731873
2019-02-15,141.958191
2019-02-19,142.348907
2019-02-20,143.021423
2019-02-21,142.476166
2019-02-22,143.712006
2019-02-25,143.748383
2019-02-26,142.757904
2019-02-27,142.957825
2019-02-28,142.467056
2019-03-01,143.793777
2019-03-04,142.494354
2019-03-05,141.830978
2019-03-06,139.050323
2019-03-07,137.832657
2019-03-08,137.796295
2019-03-11,140.204376
2019-03-12,140.277084
2019-03-13,140.831451
2019-03-14,140.258942
2019-03-15,140.631454
2019-03-18,141.531097
2019-03-19,140.813217
2019-03-20,139.639664
2019-03-21,141.471100
2019-03-22,136.323151
2019-03-25,136.924500
2019-03-26,138.364090
2019-03-27,137.826523
2019-03-28,139.056580
2019-03-29,139.484772
2019-04-01,141.006363
2019-04-02,140.641907
2019-04-03,141.370804
2019-04-04,142.063293
2019-04-05,143.393539
2019-04-08,143.156662
2019-04-09,141.407272
2019-04-10,143.329758
2019-04-11,143.147522
2019-04-12,143.666885
2019-04-15,143.202179
2019-04-16,143.539291
2019-04-17,142.227325
2019-04-18,141.808182
2019-04-22,141.434631
2019-04-23,143.566666
2019-04-24,144.013107
2019-04-25,142.819550
2019-04-26,144.204483
2019-04-29,144.896881
2019-04-30,144.222626
2019-05-01,142.855972
2019-05-02,143.521133
2019-05-03,146.263580
2019-05-06,146.427582
2019-05-07,143.530197
2019-05-08,142.828674
2019-05-09,142.309280
2019-05-10,142.701096
2019-05-13,138.154526
2019-05-14,139.894760
2019-05-15,140.350357
2019-05-16,141.225037
2019-05-17,139.257034
2019-05-20,138.291229
2019-05-21,140.149933
2019-05-22,138.974533
2019-05-23,136.113602
2019-05-24,137.389221
2019-05-28,136.295837
2019-05-29,135.156952
2019-05-30,134.783356
2019-05-31,132.897308
2019-06-03,133.362000
2019-06-04,136.815170
2019-06-05,136.842484
2019-06-06,136.487183
2019-06-07,137.452972
2019-06-10,138.263901
2019-06-11,137.853867
2019-06-12,138.008820
2019-06-13,139.466583
2019-06-14,138.245651
2019-06-17,139.199295
2019-06-18,140.817673
2019-06-19,141.320587
2019-06-20,141.988083
2019-06-21,140.762848
2019-06-24,139.053009
2019-06-25,138.202652
2019-06-26,137.882690
2019-06-27,140.470261
2019-06-28,142.180084
2019-07-01,142.728668
2019-07-02,141.860016
2019-07-03,142.875000
2019-07-05,143.258987
2019-07-08,141.896622
2019-07-09,142.088638
2019-07-10,142.335510
2019-07-11,141.640640
2019-07-12,142.737854
2019-07-15,141.988083
2019-07-16,141.942307
2019-07-17,140.927414
2019-07-18,141.457748
2019-07-19,140.643967
2019-07-22,140.515976
2019-07-23,141.448578
2019-07-24,143.789307
2019-07-25,142.052078
2019-07-26,143.734421
2019-07-29,142.774384
2019-07-30,144.319611
2019-07-31,143.149292
2019-08-01,141.073715
2019-08-02,139.510208
2019-08-05,135.322479
2019-08-06,136.566025
2019-08-07,136.529404
2019-08-08,139.473587
2019-08-09,137.718109
2019-08-12,135.935135
2019-08-13,137.398087
2019-08-14,133.557846
2019-08-15,133.027542
2019-08-16,135.898544
2019-08-19,137.270081
2019-08-20,136.373978
2019-08-21,137.498657
2019-08-22,137.178589
2019-08-23,132.972687
2019-08-26,134.435577
2019-08-27,132.442337
2019-08-28,133.987579
2019-08-29,136.337418
2019-08-30,136.090546
2019-09-03,134.097260
2019-09-04,135.176239
2019-09-05,137.690628
2019-09-06,137.059738
2019-09-09,138.897614
2019-09-10,140.671417
2019-09-11,143.551544
2019-09-12,143.588165
2019-09-13,143.835037
2019-09-16,144.374496
2019-09-17,143.999603
2019-09-18,143.112686
2019-09-19,142.417770
2019-09-20,142.116074
2019-09-23,142.006363
2019-09-24,139.862946
2019-09-25,141.395279
2019-09-26,139.817123
2019-09-27,138.697662
2019-09-30,138.862793
2019-10-01,136.137634
2019-10-02,135.110001
2019-10-03,135.559616
2019-10-04,136.844223
2019-10-07,136.605637
2019-10-08,134.385132
2019-10-09,134.999893
2019-10-10,135.541214
2019-10-11,137.835159
2019-10-14,137.330490
2019-10-15,138.908691
2019-10-16,139.055496
2019-10-17,140.697906
2019-10-18,140.028091
2019-10-21,141.340210
2019-10-22,141.496216
2019-10-23,141.670502
2019-10-24,141.468658
2019-10-25,142.221069
2019-10-28,143.450562
2019-10-29,143.918533
2019-10-30,143.441406
2019-10-31,142.633942
2019-11-01,145.065491
2019-11-04,145.845352
2019-11-05,146.028915
2019-11-06,145.184769
2019-11-07,145.570145
2019-11-08,145.964645
2019-11-11,145.689407
2019-11-12,145.735291
2019-11-13,145.111313
2019-11-14,145.065491
2019-11-15,145.817886
2019-11-18,145.450836
2019-11-19,145.992203
2019-11-20,145.441605
2019-11-21,144.725967
2019-11-22,145.175583
2019-11-25,148.258575
2019-11-26,148.359528
2019-11-27,149.405502
2019-11-29,148.432907
2019-12-02,146.983170
2019-12-03,146.515182
2019-12-04,147.524521
2019-12-05,147.671310
2019-12-06,149.396347
2019-12-09,149.111908
2019-12-10,149.203659
2019-12-11,149.157791
2019-12-12,150.442352
2019-12-13,149.864288
2019-12-16,150.920654
2019-12-17,151.675766
2019-12-18,151.970459
2019-12-19,152.624298
2019-12-20,152.845337
2019-12-23,153.149231
2019-12-24,153.499130
2019-12-26,153.499130
2019-12-27,152.744034
2019-12-30,152.357239
2019-12-31,152.569016
2020-01-02,152.670319
2020-01-03,152.071716
2020-01-06,152.274353
2020-01-07,151.767822
2020-01-08,152.237488
2020-01-09,152.421722
2020-01-10,151.850708
2020-01-13,152.836151
2020-01-14,153.397873
2020-01-15,154.134628
2020-01-16,156.123795
2020-01-17,155.700195
2020-01-21,154.410828
2020-01-22,154.309586
2020-01-23,154.208267
2020-01-24,152.311203
2020-01-27,150.579865
2020-01-28,151.832275
2020-01-29,150.966629
2020-01-30,150.966629
2020-01-31,147.835510
2020-02-03,149.483963
2020-02-04,151.740204
2020-02-05,154.079346
2020-02-06,153.729401
2020-02-07,151.841461
2020-02-10,152.697983
2020-02-11,153.757034
2020-02-12,154.816116
2020-02-13,155.221283
2020-02-14,154.622696
2020-02-18,154.291122
2020-02-19,155.083191
2020-02-20,155.460709
2020-02-21,153.885956
2020-02-24,149.253754
2020-02-25,143.949203
2020-02-26,142.282333
2020-02-27,137.272522
2020-02-28,134.758423
2020-03-02,139.086746
2020-03-03,136.250290
2020-03-04,140.127350
2020-03-05,135.670151
2020-03-06,132.981018
2020-03-09,120.051315
2020-03-10,123.799438
2020-03-11,115.925583
2020-03-12,103.115547
2020-03-13,110.022476
2020-03-16,95.425880
2020-03-17,99.800247
2020-03-18,92.064529
2020-03-19,95.656090
2020-03-20,93.381416
2020-03-23,92.000046
2020-03-24,100.417274
2020-03-25,101.665321
2020-03-26,107.988770
2020-03-27,104.059731
2020-03-30,106.352455
2020-03-31,105.816246
2020-04-01,98.605270
2020-04-02,99.539001
2020-04-03,96.719360
2020-04-06,104.124443
2020-04-07,104.392525
2020-04-08,109.153618
2020-04-09,114.376945
2020-04-13,111.279922
2020-04-14,113.535645
2020-04-15,108.904030
2020-04-16,108.081215
2020-04-17,112.842293
2020-04-20,111.511063
2020-04-21,108.848549
2020-04-22,110.170547
2020-04-23,111.252174
2020-04-24,113.165871
2020-04-27,117.649628
2020-04-28,119.359909
2020-04-29,125.230370
2020-04-30,120.469254
2020-05-01,115.689720
2020-05-04,116.188911
2020-05-05,117.085663
2020-05-06,116.225906
2020-05-07,117.816010
2020-05-08,122.364487
2020-05-11,121.754295
2020-05-12,117.381531
2020-05-13,113.452454
2020-05-14,113.822266
2020-05-15,115.634232
2020-05-18,122.660316
2020-05-19,120.238144
2020-05-20,123.880646
2020-05-21,124.102486
2020-05-22,124.703400
2020-05-26,128.299606
2020-05-27,132.284134
2020-05-28,129.150177
2020-05-29,128.410599
2020-06-01,129.640152
2020-06-02,130.712570
2020-06-03,133.865021
2020-06-04,133.670883
2020-06-05,138.838699
2020-06-08,141.528976
2020-06-09,138.912704
2020-06-10,135.140823
2020-06-11,124.832840
2020-06-12,127.828171
2020-06-15,130.783524
2020-06-16,133.928101
2020-06-17,131.507080
2020-06-18,131.460678
2020-06-19,130.783524
2020-06-22,132.091492
2020-06-23,132.648026
2020-06-24,128.343918
2020-06-25,130.282593
2020-06-26,126.776237
2020-06-29,130.922653
2020-06-30,132.815002
2020-07-01,131.553421
2020-07-02,132.091492
2020-07-06,133.046860
2020-07-07,130.690750
2020-07-08,131.664780
2020-07-09,129.002533
2020-07-10,131.080322
2020-07-13,129.419937
2020-07-14,131.562714
2020-07-15,136.386261
2020-07-16,135.579254
2020-07-17,135.978104
2020-07-20,135.393753
2020-07-21,137.313858
2020-07-22,137.388107
2020-07-23,137.527237
2020-07-24,135.505020
2020-07-27,136.915024
2020-07-28,135.551468
2020-07-29,138.538330
2020-07-30,137.991028
2020-07-31,136.692429
2020-08-03,138.918610
2020-08-04,139.874084
2020-08-05,142.656876
2020-08-06,142.601212
2020-08-07,144.864624
2020-08-10,146.367340
2020-08-11,145.523193
2020-08-12,146.116882
2020-08-13,145.810791
2020-08-14,145.718033
2020-08-17,146.469391
2020-08-18,145.068680
2020-08-19,145.077972
2020-08-20,144.484253
2020-08-21,143.417587
2020-08-24,144.920288
2020-08-25,145.077972
2020-08-26,144.168900
2020-08-27,144.521408
2020-08-28,145.745834
2020-08-31,144.178131
2020-09-01,145.829330
2020-09-02,146.988831
2020-09-03,142.647568
2020-09-04,141.738617
2020-09-08,139.011398
2020-09-09,141.117065
2020-09-10,139.280396
2020-09-11,138.352798
2020-09-14,141.998276
2020-09-15,142.267319
2020-09-16,143.612335
2020-09-17,142.564178
2020-09-18,142.193100
2020-09-21,137.211807
2020-09-22,138.269257
2020-09-23,134.149979
2020-09-24,134.149979
2020-09-25,136.328796
2020-09-28,139.690262
2020-09-29,139.057037
2020-09-30,139.476074
2020-10-01,141.701553
2020-10-02,142.325378
2020-10-05,146.254837
2020-10-06,145.835770
2020-10-07,149.020294
2020-10-08,150.714996
2020-10-09,151.497147
2020-10-12,152.512085
2020-10-13,151.497147
2020-10-14,149.997955
2020-10-15,151.543732
2020-10-16,151.171249
2020-10-19,149.364792
2020-10-20,149.690704
2020-10-21,148.405762
2020-10-22,150.966431
2020-10-23,151.841675
2020-10-26,148.564041
2020-10-27,147.288376
2020-10-28,142.753708
2020-10-29,144.457657
2020-10-30,142.548843
2020-11-02,145.090897
2020-11-03,149.206512
2020-11-04,149.374146
2020-11-05,153.554977
2020-11-06,152.353821
2020-11-09,157.875488
2020-11-10,160.808609
2020-11-11,160.743439
2020-11-12,158.275848
2020-11-13,161.553482
2020-11-16,165.399139
2020-11-17,166.171997
2020-11-18,163.844147
2020-11-19,165.101181
2020-11-20,165.278046
2020-11-23,168.369492
2020-11-24,171.535385
2020-11-25,170.948746
2020-11-27,171.675049
2020-11-30,168.555756
2020-12-01,170.120010
2020-12-02,170.296982
2020-12-03,171.255997
2020-12-04,175.241272
2020-12-07,175.408966
2020-12-08,177.662323
2020-12-09,176.367996
2020-12-10,178.072006
2020-12-11,177.196701
2020-12-14,177.404083
2020-12-15,181.840851
2020-12-16,181.187012
2020-12-17,183.344635
2020-12-18,182.457306
2020-12-21,182.363861
2020-12-22,184.437515
2020-12-23,186.006653
2020-12-24,185.885254
2020-12-28,185.194046
2020-12-29,181.607285
2020-12-30,183.456726
2020-12-31,183.129807
2021-01-04,180.738617
2021-01-05,183.531448
2021-01-06,191.041260
2021-01-07,194.441162
2021-01-08,194.020813
2021-01-11,193.852692
2021-01-12,197.327377
2021-01-13,195.916977
2021-01-14,199.830643
2021-01-15,196.850983
2021-01-19,199.372955
2021-01-20,200.250961
2021-01-21,198.513641
2021-01-22,200.820709
2021-01-25,200.624573
2021-01-26,199.232834
2021-01-27,195.580734
2021-01-28,194.954849
2021-01-29,192.003281
2021-02-01,196.720261
2021-02-02,199.522354
2021-02-03,200.120193
2021-02-04,204.201965
2021-02-05,207.032166
2021-02-08,212.318863
2021-02-09,213.318329
2021-02-10,211.917252
2021-02-11,211.674377
2021-02-12,212.272171
2021-02-16,210.936478
2021-02-17,209.283203
2021-02-18,206.042038
2021-02-19,210.338715
2021-02-22,208.974976
2021-02-23,207.134888
2021-02-24,212.029312
2021-02-25,204.192642
2021-02-26,203.912415
2021-03-01,211.160660
2021-03-02,207.097519
2021-03-03,204.855804
2021-03-04,199.130081
2021-03-05,203.351990
2021-03-08,204.314056
2021-03-09,208.610703
2021-03-10,212.234787
2021-03-11,216.905090
2021-03-12,218.184677
2021-03-15,218.959961
2021-03-16,215.298492
2021-03-17,216.989120
2021-03-18,210.385437
2021-03-19,211.973267
2021-03-22,210.376038
2021-03-23,202.744873
2021-03-24,198.055923
2021-03-25,202.751816
2021-03-26,206.448242
2021-03-29,200.636887
2021-03-30,204.015106
2021-03-31,206.757065
2021-04-01,209.377319
2021-04-05,210.528351
2021-04-06,209.910721
2021-04-07,206.523117
2021-04-08,208.273041
2021-04-09,208.301117
2021-04-12,207.486969
2021-04-13,206.944244
2021-04-14,208.984268
2021-04-15,209.892029
2021-04-16,210.228867
2021-04-19,207.496323
2021-04-20,203.247803
2021-04-21,208.216888
2021-04-22,207.356003
2021-04-23,211.267639
2021-04-26,213.466766
2021-04-27,213.784958
2021-04-28,214.149902
2021-04-29,213.354492
2021-04-30,210.453491
2021-05-03,211.482880
2021-05-04,208.956192
2021-05-05,208.123322
2021-05-06,208.301117
2021-05-07,210.921402
2021-05-10,205.559174
2021-05-11,204.904190
2021-05-12,198.250595
2021-05-13,201.900208
2021-05-14,206.831909
2021-05-17,207.112656
2021-05-18,205.540527
2021-05-19,203.958984
2021-05-20,205.315887
2021-05-21,205.849319
2021-05-24,207.187485
2021-05-25,205.184875
2021-05-26,209.012375
2021-05-27,211.164719
2021-05-28,211.024307
2021-06-01,213.419998
2021-06-02,213.672684
2021-06-03,211.885284
2021-06-04,212.802338
2021-06-07,215.656570
2021-06-08,217.939926
2021-06-09,216.489456
2021-06-10,214.884003
2021-06-11,217.152054
2021-06-14,216.514740
2021-06-15,215.896194
2021-06-16,215.436935
2021-06-17,213.018936
2021-06-18,208.182938
2021-06-21,212.634705
2021-06-22,213.599991
2021-06-23,214.302917
2021-06-24,217.330154
2021-06-25,217.695648
2021-06-28,215.971176
2021-06-29,214.940231
2021-06-30,214.968338
2021-07-01,216.861511
2021-07-02,214.799637
2021-07-06,211.678741
2021-07-07,209.710587
2021-07-08,207.779922
2021-07-09,212.166092
2021-07-12,212.344177
2021-07-13,208.342239
2021-07-14,205.127609
2021-07-15,203.965500
2021-07-16,201.453751
2021-07-19,198.435928
2021-07-20,204.593399
2021-07-21,208.117371
2021-07-22,204.808945
2021-07-23,205.764908
2021-07-26,206.364700
2021-07-27,203.956131
2021-07-28,206.955170
2021-07-29,208.548447
2021-07-30,207.170731
2021-08-02,206.139801
2021-08-03,206.992661
2021-08-04,204.415314
2021-08-05,208.089203
2021-08-06,209.363815
2021-08-09,208.211044
2021-08-10,208.623413
2021-08-11,209.645020
2021-08-12,209.148239
2021-08-13,207.245728
2021-08-16,205.315079
2021-08-17,202.812714
2021-08-18,201.041382
2021-08-19,198.632736
2021-08-20,201.987961
2021-08-23,205.830536
2021-08-24,207.854919
2021-08-25,208.585938
2021-08-26,206.374084
2021-08-27,212.194199
2021-08-30,211.322586
2021-08-31,211.734970
2021-09-01,213.159546
2021-09-02,214.640320
2021-09-03,213.646866
2021-09-07,212.175446
2021-09-08,209.860550
2021-09-09,209.757462
2021-09-10,207.704971
2021-09-13,208.885834
2021-09-14,206.224182
2021-09-15,208.089203
2021-09-16,208.239182
2021-09-17,208.510941
2021-09-20,203.553116
2021-09-21,203.862381
2021-09-22,207.030167
2021-09-23,210.694641
2021-09-24,209.678482
2021-09-27,212.865280
2021-09-28,208.023956
2021-09-29,207.582169
2021-09-30,205.636261
2021-10-01,208.954636
2021-10-04,207.055725
2021-10-05,207.770172
2021-10-06,206.689072
2021-10-07,209.875900
2021-10-08,208.296616
2021-10-11,207.102737
2021-10-12,208.240204
2021-10-13,209.227234
2021-10-14,212.329437
2021-10-15,211.661987
2021-10-18,211.539795
2021-10-19,212.329437
2021-10-20,213.739456
2021-10-21,214.284714
2021-10-22,213.777115
2021-10-25,215.807587
2021-10-26,214.181305
2021-10-27,210.242508
2021-10-28,214.435104
2021-10-29,214.378708
2021-11-01,219.934433
2021-11-02,220.395065
2021-11-03,224.333878
2021-11-04,224.249252
2021-11-05,227.313843
2021-11-08,228.018906
2021-11-09,226.693375
2021-11-10,223.121216
2021-11-11,224.916702
2021-11-12,225.142303
2021-11-15,224.249252
2021-11-16,224.662857
2021-11-17,221.720505
2021-11-18,220.780472
2021-11-19,218.768784
2021-11-22,217.838089
2021-11-23,217.462128
2021-11-24,217.697113
2021-11-26,209.490448
2021-11-29,209.358841
2021-11-30,205.090988
2021-12-01,200.475357
2021-12-02,206.068680
2021-12-03,201.838440
2021-12-06,205.890060
2021-12-07,210.665543
2021-12-08,212.103821
2021-12-09,207.300140
2021-12-10,206.726700
2021-12-13,203.705643
2021-12-14,201.951813
2021-12-15,205.157715
2021-12-16,201.008926
2021-12-17,202.857025
2021-12-20,200.009415
2021-12-21,205.723434
2021-12-22,207.703552
2021-12-23,209.363068
2021-12-27,211.324341
2021-12-28,210.032516
2021-12-29,210.258850
2021-12-30,210.202240
2021-12-31,209.749649
2022-01-03,212.455841
2022-01-04,212.135239
2022-01-05,204.950317
2022-01-06,206.119461
2022-01-07,203.733932
2022-01-10,203.026733
2022-01-11,205.185989
2022-01-12,203.658508
2022-01-13,201.791504
2022-01-14,202.074432
2022-01-18,195.964401
2022-01-19,192.777344
2022-01-20,189.288574
2022-01-21,185.743271
2022-01-24,190.024048
2022-01-25,187.487610
2022-01-26,184.781464
2022-01-27,180.585556
2022-01-28,184.102585
2022-01-31,189.750595
2022-02-01,191.749619
2022-02-02,189.844894
2022-02-03,186.252457
2022-02-04,187.053909
2022-02-07,187.977921
2022-02-08,191.183807
2022-02-09,194.814041
2022-02-10,191.824966
2022-02-11,189.882629
2022-02-14,189.222549
2022-02-15,194.295425
2022-02-16,194.700867
2022-02-17,189.712860
2022-02-18,188.081650
2022-02-22,185.432068
2022-02-23,181.962173
2022-02-24,186.733307
2022-02-25,190.938660
2022-02-28,191.711823
2022-03-01,188.100494
2022-03-02,192.579346
2022-03-03,190.297562
2022-03-04,187.317917
2022-03-07,182.659927
2022-03-08,183.668869
2022-03-09,188.845398
2022-03-10,188.505966
2022-03-11,185.498138
2022-03-14,181.707642
2022-03-15,184.602310
2022-03-16,190.410629
2022-03-17,193.399673
2022-03-18,195.436356
2022-03-21,193.710831
2022-03-22,195.653183
2022-03-23,192.258728
2022-03-24,194.469513
2022-03-25,194.734024
2022-03-28,194.800140
2022-03-29,200.015259
2022-03-30,196.000000
2022-03-31,193.930969
2022-04-01,196.103973
2022-04-04,196.425156
2022-04-05,191.776932
2022-04-06,189.055984
2022-04-07,188.441910
2022-04-08,186.939743
2022-04-11,185.683182
2022-04-12,186.268982
2022-04-13,189.811859
2022-04-14,187.969559
2022-04-18,186.703522
2022-04-19,190.425903
2022-04-20,191.153397
2022-04-21,186.873611
2022-04-22,182.036453
2022-04-25,183.141785
2022-04-26,177.369324
2022-04-27,176.632431
2022-04-28,179.929626
2022-04-29,174.733459
2022-05-02,176.566284
2022-05-03,178.077911
2022-05-04,182.830032
2022-05-05,175.413681
2022-05-06,172.494354
2022-05-09,165.238602
2022-05-10,165.285858
2022-05-11,161.176132
2022-05-12,163.065659
2022-05-13,168.233505
2022-05-16,167.430435
2022-05-17,172.551071
2022-05-18,166.504639
2022-05-19,166.778564
2022-05-20,166.353455
2022-05-23,168.365784
2022-05-24,165.871597
2022-05-25,168.857025
2022-05-26,172.626617
2022-05-27,177.274841
2022-05-31,175.073547
2022-06-01,174.081573
2022-06-02,178.332993
2022-06-03,176.726898
2022-06-06,177.492111
2022-06-07,180.354752
2022-06-08,177.567703
2022-06-09,173.886734
2022-06-10,169.169388
2022-06-13,161.222000
2022-06-14,160.445236
2022-06-15,162.794403
2022-06-16,155.254272
2022-06-17,156.466812
2022-06-21,159.270660
2022-06-22,158.967529
2022-06-23,160.871521
2022-06-24,165.854050
2022-06-27,166.469742
2022-06-28,163.343796
2022-06-29,161.686157
2022-06-30,160.426315
2022-07-01,162.368149
2022-07-05,163.713257
2022-07-06,162.500778
2022-07-07,166.346603
2022-07-08,166.327682
2022-07-11,162.983871
2022-07-12,162.425003
2022-07-13,162.282898
2022-07-14,160.615738
2022-07-15,163.959534
2022-07-18,163.495407
2022-07-19,169.264145
2022-07-20,171.916458
2022-07-21,172.797379
2022-07-22,170.040863
2022-07-25,170.921814
2022-07-26,169.870361
2022-07-27,173.735123
2022-07-28,176.122192
2022-07-29,177.372559
2022-08-01,177.306290
2022-08-02,177.135788
2022-08-03,179.740692
2022-08-04,179.361847
2022-08-05,180.735321
2022-08-08,182.648788
2022-08-09,180.157501
2022-08-10,185.301071
2022-08-11,185.992569
2022-08-12,189.791016
2022-08-15,190.463608
2022-08-16,190.387787
2022-08-17,187.186096
2022-08-18,188.427017
2022-08-19,184.382248
2022-08-22,180.583755
2022-08-23,180.877411
2022-08-24,182.260406
2022-08-25,185.092697
2022-08-26,179.011337
2022-08-29,177.363129
2022-08-30,174.881332
2022-08-31,173.820389
2022-09-01,171.925919
2022-09-02,170.590256
2022-09-06,168.904144
2022-09-07,172.579498
2022-09-08,174.019318
2022-09-09,177.514664
2022-09-12,179.664963
2022-09-13,172.636383
2022-09-14,173.308884
2022-09-15,172.049042
2022-09-16,169.548325
2022-09-19,170.997604
2022-09-20,168.667358
2022-09-21,166.090836
2022-09-22,162.349197
2022-09-23,158.484406
2022-09-26,156.314484
2022-09-27,156.847672
2022-09-28,161.808380
2022-09-29,158.180679
2022-09-30,157.028595
2022-10-03,161.189468
2022-10-04,167.578415
2022-10-05,166.340622
2022-10-06,165.407486
2022-10-07,160.542023
2022-10-10,159.647003
2022-10-11,159.694611
2022-10-12,159.256622
2022-10-13,163.198532
2022-10-14,158.828140
2022-10-17,163.893600
2022-10-18,165.835968
2022-10-19,163.017593
2022-10-20,160.941910
2022-10-21,164.436325
2022-10-24,165.140915
2022-10-25,169.644577
2022-10-26,170.482468
2022-10-27,170.520554
2022-10-28,174.395828
2022-10-31,174.557678
2022-11-01,174.795700
2022-11-02,168.997131
2022-11-03,167.864059
2022-11-04,170.130157
2022-11-07,170.901428
2022-11-08,170.968094
2022-11-09,166.273972
2022-11-10,176.509628
2022-11-11,177.956848
2022-11-14,175.966843
2022-11-15,178.575775
2022-11-16,175.433655
2022-11-17,173.805466
2022-11-18,174.929031
2022-11-21,174.014938
2022-11-22,175.871613
2022-11-23,176.328674
2022-11-25,176.700012
2022-11-28,173.138977
2022-11-29,173.643585
2022-11-30,178.404358
2022-12-01,178.013992
2022-12-02,179.051804
2022-12-05,174.119675
2022-12-06,171.453690
2022-12-07,170.949005
2022-12-08,172.186829
2022-12-09,170.073059
2022-12-12,172.072571
2022-12-13,173.497787
2022-12-14,172.359543
2022-12-15,168.045517
2022-12-16,166.792465
2022-12-19,164.535019
2022-12-20,165.405426
2022-12-21,168.255936
2022-12-22,166.055939
2022-12-23,166.811569
2022-12-27,165.692429
2022-12-28,163.119308
2022-12-29,167.251587
2022-12-30,166.782867
2023-01-03,165.864578
2023-01-04,167.930740
2023-01-05,166.132431
2023-01-06,169.862961
2023-01-09,170.149887
2023-01-10,172.665634
2023-01-11,174.817810
2023-01-12,177.754425
2023-01-13,178.921417
2023-01-17,178.701416
2023-01-18,175.812668
2023-01-19,174.129120
2023-01-20,176.998718
2023-01-23,179.189240
2023-01-24,178.806610
2023-01-25,179.304001
2023-01-26,180.365768
2023-01-27,181.341446
2023-01-30,178.816193
2023-01-31,183.158890
2023-02-01,186.038086
2023-02-02,189.701660
2023-02-03,188.429459
2023-02-06,185.703323
2023-02-07,187.080750
2023-02-08,184.345016
2023-02-09,181.676254
2023-02-10,182.039749
2023-02-13,184.230240
2023-02-14,184.144150
2023-02-15,186.009399
2023-02-16,184.230240
2023-02-17,184.737167
2023-02-21,179.284897
2023-02-22,179.772720
2023-02-23,181.054489
2023-02-24,179.361389
2023-02-27,179.992722
2023-02-28,180.002289
2023-03-01,180.231842
2023-03-02,180.662338
2023-03-03,183.178024
2023-03-06,180.499725
2023-03-07,178.404846
2023-03-08,178.490997
2023-03-09,173.526520
2023-03-10,168.523773
2023-03-13,165.778488
2023-03-14,168.848999
2023-03-15,166.065475
2023-03-16,168.332443
2023-03-17,163.788895
2023-03-20,165.912415
2023-03-21,168.973328
2023-03-22,164.181076
2023-03-23,163.452393
2023-03-24,164.930878
2023-03-27,166.764603
2023-03-28,166.524597
2023-03-29,168.415939
2023-03-30,168.185532
2023-03-31,171.276978
2023-04-03,171.353775
2023-04-04,168.348770
2023-04-05,166.697464
2023-04-06,166.947052
2023-04-10,168.732788
2023-04-11,170.067276
2023-04-12,168.819168
2023-04-13,171.056152
2023-04-14,169.462448
2023-04-17,171.641815
2023-04-18,170.912170
2023-04-19,171.132996
2023-04-20,170.249680
2023-04-21,170.470505
2023-04-24,170.355316
2023-04-25,166.150162
2023-04-26,164.546875
2023-04-27,166.745422
2023-04-28,168.204727
2023-05-01,168.300766
2023-05-02,164.844467
2023-05-03,165.449341
2023-05-04,163.596405
2023-05-05,167.484680
2023-05-08,167.100647
2023-05-09,166.601410
2023-05-10,167.446274
2023-05-11,166.159790
2023-05-12,165.823776
2023-05-15,167.849533
2023-05-16,165.401321
2023-05-17,169.087982
2023-05-18,170.115280
2023-05-19,169.078415
2023-05-22,171.142548
2023-05-23,170.336075
2023-05-24,168.531158
2023-05-25,167.215851
2023-05-26,169.116791
2023-05-30,168.492767
2023-05-31,166.831833
2023-06-01,168.636749
2023-06-02,174.752441
2023-06-05,172.409866
2023-06-06,176.951004
2023-06-07,180.261856
2023-06-08,179.587906
2023-06-09,178.134201
2023-06-12,178.875504
2023-06-13,180.926117
2023-06-14,178.981400
2023-06-15,180.454361
2023-06-16,179.010315
2023-06-20,178.230499
2023-06-21,177.816483
2023-06-22,176.497574
2023-06-23,173.840408
2023-06-26,174.013733
2023-06-27,176.526459
2023-06-28,177.392883
2023-06-29,179.433884
2023-06-30,180.290710
2023-07-03,180.656555
2023-07-05,178.856247
2023-07-06,175.968048
2023-07-07,177.826126
2023-07-10,180.868332
2023-07-11,182.726440
2023-07-12,184.719269
2023-07-13,186.211517
2023-07-14,184.391968
2023-07-17,186.365570
2023-07-18,188.666504
2023-07-19,189.465561
2023-07-20,187.809662
2023-07-21,187.212769
2023-07-24,187.674866
2023-07-25,187.655640
2023-07-26,189.138229
2023-07-27,186.692902
2023-07-28,189.109299
2023-07-31,191.304382
2023-08-01,190.428284
2023-08-02,187.838516
2023-08-03,187.309021
2023-08-04,186.933578
2023-08-07,187.058701
2023-08-08,185.884186
2023-08-09,184.430466
2023-08-10,183.612167
2023-08-11,183.872070
2023-08-14,183.554398
2023-08-15,181.128296
2023-08-16,178.914032
2023-08-17,176.805603
2023-08-18,177.768341
2023-08-21,177.508438
2023-08-22,176.978958
2023-08-23,178.865875
2023-08-24,176.391663
2023-08-25,177.142593
2023-08-28,178.721451
2023-08-29,181.214951
2023-08-30,181.898483
2023-08-31,181.580795
2023-09-01,183.737289
2023-09-05,179.867111
2023-09-06,179.193207
2023-09-07,177.460297
2023-09-08,177.065552
2023-09-11,177.489166
2023-09-12,177.315872
2023-09-13,176.150986
2023-09-14,178.634827
2023-09-15,176.767151
2023-09-18,175.592606
2023-09-19,174.909058
2023-09-20,173.156891
2023-09-21,170.470886
2023-09-22,170.085770
2023-09-25,170.846329
2023-09-26,168.649689
2023-09-27,170.226303
2023-09-28,171.764236
2023-09-29,170.951752
2023-10-02,168.369202
2023-10-03,165.535126
2023-10-04,165.612549
2023-10-05,165.738251
2023-10-06,167.334244
2023-10-09,168.301468
2023-10-10,170.206985
2023-10-11,169.916779
2023-10-12,166.076828
2023-10-13,164.693649
2023-10-16,167.353577
2023-10-17,169.220337
2023-10-18,165.738251
2023-10-19,163.097687
2023-10-20,160.989075
2023-10-23,159.625229
2023-10-24,161.018082
2023-10-25,158.358139
2023-10-26,158.764389
2023-10-27,156.897629
2023-10-30,157.768158
2023-10-31,159.131973
2023-11-01,160.041183
2023-11-02,164.306763
2023-11-03,168.775436
2023-11-06,166.666824
2023-11-07,166.076828
2023-11-08,164.306763
2023-11-09,161.762863
2023-11-10,163.571625
2023-11-13,163.629700
2023-11-14,172.615417
2023-11-15,172.915268
2023-11-16,170.119919
2023-11-17,172.451004
2023-11-20,173.456924
2023-11-21,171.222580
2023-11-22,172.296204
2023-11-24,173.456924
2023-11-27,172.876587
2023-11-28,172.209183
2023-11-29,173.118378
2023-11-30,173.776123
2023-12-01,178.854187
2023-12-04,180.769333
2023-12-05,178.351196
2023-12-06,178.032028
2023-12-07,179.318481
2023-12-08,180.682281
2023-12-11,181.059509
2023-12-12,180.875748
2023-12-13,186.998428
2023-12-14,192.202240
2023-12-15,190.586945
2023-12-18,190.654633
2023-12-19,194.349503
2023-12-20,190.547867
2023-12-21,193.790314
2023-12-22,195.596039
2023-12-26,198.139496
2023-12-27,198.838470
2023-12-28,198.081253
2023-12-29,194.848511
2024-01-02,193.693268
2024-01-03,188.528641
2024-01-04,188.159744
2024-01-05,187.606369
2024-01-08,190.984741
2024-01-09,189.276154
2024-01-10,189.382935
2024-01-11,187.897598
2024-01-12,187.586945
2024-01-16,185.266754
2024-01-17,183.946487
2024-01-18,185.033752
2024-01-19,186.810318
2024-01-22,190.800262
2024-01-23,190.246918
2024-01-24,188.683929
2024-01-25,190.246918
2024-01-26,190.256638
2024-01-29,193.586487
2024-01-30,191.936111
2024-01-31,187.247192
2024-02-01,189.732407
2024-02-02,188.732498
2024-02-05,186.334656
2024-02-06,188.014084
2024-02-07,187.577271
2024-02-08,190.421677
2024-02-09,193.518494
2024-02-12,197.032822
2024-02-13,188.926620
2024-02-14,193.314651
2024-02-15,198.469574
2024-02-16,195.770767
2024-02-20,193.071930
2024-02-21,192.159409
2024-02-22,193.615616
2024-02-23,194.052460
2024-02-26,195.275635
2024-02-27,198.042419
2024-02-28,196.411484
2024-02-29,197.780304
2024-03-01,199.877228
2024-03-04,199.692780
2024-03-05,197.780304
2024-03-06,199.255936
2024-03-07,200.916000
2024-03-08,200.789780
2024-03-11,199.197693
2024-03-12,198.925858
2024-03-13,199.702484
2024-03-14,196.129974
2024-03-15,196.498886
2024-03-18,195.372742
2024-03-19,196.197922
2024-03-20,200.081116
2024-03-21,202.379959
2024-03-22,199.586716
2024-03-25,200.044113
2024-03-26,199.684021
2024-03-27,204.034500
2024-03-28,204.676865
2024-04-01,202.749817
2024-04-02,199.022186
2024-04-03,200.326385
2024-04-04,198.321472
2024-04-05,198.983292
2024-04-08,200.073349
2024-04-09,200.861664
2024-04-10,195.557358
2024-04-11,196.881027
2024-04-12,193.377304
2024-04-15,190.545090
2024-04-16,189.844330
2024-04-17,187.839432
2024-04-18,187.683716
2024-04-19,187.975693
2024-04-22,190.077942
2024-04-23,193.260483
2024-04-24,192.394257
2024-04-25,191.226364
2024-04-26,193.056076
2024-04-29,194.613312
2024-04-30,190.661850
2024-05-01,191.060944
2024-05-02,194.574402
2024-05-03,196.501465
2024-05-06,199.041672
2024-05-07,199.489365
2024-05-08,198.331192
2024-05-09,200.355560
2024-05-10,198.847000
2024-05-13,199.265533
2024-05-14,201.328827
2024-05-15,203.839828
2024-05-16,202.370193
2024-05-17,202.516220
2024-05-20,202.963898
2024-05-21,202.769257
2024-05-22,201.056305
2024-05-23,197.756958
2024-05-24,199.946808
2024-05-28,199.674271
2024-05-29,196.725311
2024-05-30,198.593948
2024-05-31,200.267975
2024-06-03,199.138992
2024-06-04,196.569595
2024-06-05,199.576965
2024-06-06,198.146255
2024-06-07,195.820145
2024-06-10,196.491714
2024-06-11,195.820236
2024-06-12,198.826279
2024-06-13,197.089005
2024-06-14,193.956131
2024-06-17,195.586014
2024-06-18,195.927628
2024-06-20,195.098007
2024-06-21,195.537216
2024-06-24,196.386337
2024-06-25,195.742172
2024-06-26,195.224899
2024-06-27,197.206146
2024-06-28,198.016205
2024-07-01,196.357040
2024-07-02,197.030457
2024-07-03,196.981674
2024-07-05,196.044724
2024-07-08,197.420837
2024-07-09,196.561981
2024-07-10,198.484650
2024-07-11,205.619064
2024-07-12,208.019974
2024-07-15,211.972702
2024-07-16,219.204681
2024-07-17,216.911133
2024-07-18,212.714447
2024-07-19,211.631088
2024-07-22,214.998215
2024-07-23,217.282013
2024-07-24,212.616867
2024-07-25,215.271530
2024-07-26,218.833832
2024-07-29,216.403625
2024-07-30,217.223480
2024-07-31,218.482483
2024-08-01,211.377350
2024-08-02,203.901352
2024-08-05,197.342773
2024-08-06,199.489929
2024-08-07,197.128052
2024-08-08,201.920105
2024-08-09,201.500427
2024-08-12,199.685150
2024-08-13,202.974182
2024-08-14,201.715164
2024-08-15,206.946396
2024-08-16,207.492935
2024-08-19,210.030457
2024-08-20,207.580795
2024-08-21,210.284241
2024-08-22,208.429871
2024-08-23,215.086060
2024-08-26,215.154388
2024-08-27,213.485474
2024-08-28,212.041000
2024-08-29,213.553772
2024-08-30,214.793243
2024-09-03,208.224960
2024-09-04,207.873596
2024-09-05,206.839050
2024-09-06,202.905853
2024-09-09,203.471924
2024-09-10,203.306000
2024-09-11,203.901352
2024-09-12,206.526718
2024-09-13,211.621323
2024-09-16,212.382599
2024-09-17,214.139389
2024-09-18,214.178391
2024-09-19,218.589828
2024-09-20,216.247482
2024-09-23,215.456924
2024-09-24,215.818054
2024-09-25,213.185669
2024-09-26,214.321671
2024-09-27,215.771042
2024-09-30,216.319458
2024-10-01,213.381531
2024-10-02,213.087738
2024-10-03,211.657974
2024-10-04,214.615448
2024-10-07,212.931046
2024-10-08,213.077942
2024-10-09,213.548004
2024-10-10,212.363052
2024-10-11,216.681793
2024-10-14,218.278061
2024-10-15,218.454361
2024-10-16,222.048401
2024-10-17,221.441223
2024-10-18,220.980957
2024-10-21,217.504410
2024-10-22,216.681793
2024-10-23,214.703598
2024-10-24,215.173676
2024-10-25,214.360825
2024-10-28,217.856979
2024-10-29,217.151871
2024-10-30,216.858078
2024-10-31,213.254196
2024-11-01,214.448990
2024-11-04,215.535995
2024-11-05,219.590347
2024-11-06,232.311569
2024-11-07,231.488953
2024-11-08,233.192917
2024-11-11,236.698853
2024-11-12,232.546585
2024-11-13,230.245224
2024-11-14,227.140808
2024-11-15,223.752396
2024-11-18,224.193100
2024-11-19,225.857925
2024-11-20,226.151703
2024-11-21,229.589096
2024-11-22,233.829498
2024-11-25,237.384384
2024-11-26,235.641220
2024-11-27,235.964386
2024-11-29,236.865326
2024-12-02,236.747833
2024-12-03,235.063400
2024-12-04,235.905640
2024-12-05,233.153778
2024-12-06,233.986191
2024-12-09,232.811005
2024-12-10,231.802338
2024-12-11,232.850204
2024-12-12,229.824112
2024-12-13,228.247437
2024-12-16,229.589096
2024-12-17,226.960693
2024-12-18,216.912582
2024-12-19,215.950043
2024-12-20,217.973389
2024-12-23,217.472473
2024-12-24,219.417236
2024-12-26,221.666534
2024-12-27,218.435043
2024-12-30,216.755463
2024-12-31,217.030472
2025-01-02,217.207275
2025-01-03,220.438751
2025-01-06,220.527161
2025-01-07,218.759201
2025-01-08,217.767151
2025-01-10,212.973938
2025-01-13,213.386444
2025-01-14,215.812531
2025-01-15,220.055695
2025-01-16,220.497681
2025-01-17,221.450455
2025-01-21,225.703430
2025-01-22,224.230118
2025-01-23,225.251617
2025-01-24,224.623001
2025-01-27,222.471954
2025-01-28,222.717514
2025-01-29,222.206741
2025-01-30,224.465851
2025-01-31,222.452301
2025-02-03,219.849442
2025-02-04,222.894302
2025-02-05,225.320374
2025-02-06,224.583710
2025-02-07,221.980850
2025-02-10,222.982712
2025-02-11,221.686172
2025-02-12,219.643143
2025-02-13,222.118362
2025-02-14,221.951385
2025-02-18,223.169312
2025-02-19,222.403168
2025-02-20,220.271774
2025-02-21,213.926666
2025-02-24,212.384583
2025-02-25,211.579178
2025-02-26,211.844360
2025-02-27,208.612900
2025-02-28,210.832672
2025-03-03,205.067078
2025-03-04,202.749039
2025-03-05,204.762589
2025-03-06,201.629333
2025-03-07,202.287415
2025-03-10,197.199539
2025-03-11,197.179901
2025-03-12,197.523666
2025-03-13,194.577042
2025-03-14,199.281830
2025-03-17,201.796280
2025-03-18,200.044037
2025-03-19,203.154800
2025-03-20,201.865204
2025-03-21,200.614990
2025-03-24,205.606033
2025-03-25,204.464081
2025-03-26,202.386948
2025-03-27,201.422211
2025-03-28,197.327011
2025-03-31,196.381989
2025-04-01,196.401672
2025-04-02,199.502579
2025-04-03,186.695297
2025-04-04,178.367096
2025-04-07,176.752640
2025-04-08,172.096344
2025-04-09,186.724792
2025-04-10,178.878998
2025-04-11,181.487701
2025-04-14,183.623901
2025-04-15,183.850327
2025-04-16,182.088211
2025-04-17,183.574677
2025-04-21,179.892960
2025-04-22,184.549255
2025-04-23,187.285950
2025-04-24,191.036560
2025-04-25,191.095627
2025-04-28,191.902878
2025-04-29,193.034958
2025-04-30,191.824127
2025-05-01,193.015289
2025-05-02,197.356552
2025-05-05,195.840561
2025-05-06,193.704376
2025-05-07,194.344238
2025-05-08,198.045654
2025-05-09,197.681427
2025-05-12,204.631424
2025-05-13,205.379608
2025-05-14,203.558395
2025-05-15,204.887375
2025-05-16,206.580582
2025-05-19,205.714294
2025-05-20,205.822586
2025-05-21,200.044037
2025-05-22,200.034195
2025-05-23,199.404160
2025-05-27,204.464081
2025-05-28,202.308182
2025-05-29,202.908691
2025-05-30,201.875061
2025-06-02,202.505081
2025-06-03,205.773376
2025-06-04,205.192551
2025-06-05,205.281143
2025-06-06,208.598663
2025-06-09,210.035889
2025-06-10,211.167969
2025-06-11,210.301682
2025-06-12,209.464935
2025-06-13,205.635544
2025-06-16,208.059967
2025-06-17,205.868500
2025-06-18,206.954361
2025-06-20,206.520020
2025-06-23,209.047119
2025-06-24,211.712387
2025-06-25,209.244537
2025-06-26,212.640305
2025-06-27,212.709396
2025-06-30,213.015411
2025-07-01,215.206879
2025-07-02,218.188034
2025-07-03,220.211685
2025-07-07,216.904755
2025-07-08,218.405212
2025-07-09,220.774353
2025-07-10,221.909576
2025-07-11,218.849426
2025-07-14,220.320267
2025-07-15,216.006454
2025-07-16,218.178177
2025-07-17,221.040894
2025-07-18,219.471329
2025-07-21,218.582901
2025-07-22,220.399246
2025-07-23,223.765381
2025-07-24,220.675659
2025-07-25,221.494965
2025-07-28,221.238312
2025-07-29,219.826706
2025-07-30,218.711227
2025-07-31,216.569122
2025-08-01,212.156601
2025-08-04,216.904755
2025-08-05,218.010361
2025-08-06,217.724091
2025-08-07,217.013336
2025-08-08,217.487183
2025-08-11,217.437820
2025-08-12,223.893707
2025-08-13,228.246994
2025-08-14,225.305328
2025-08-15,224.209625
2025-08-18,225.028946
2025-08-19,223.301453
2025-08-20,222.511719
2025-08-21,223.064529
2025-08-22,231.810608
2025-08-25,229.372360
2025-08-26,231.267670
2025-08-27,232.906326
2025-08-28,233.182724
2025-08-29,232.146240
2025-09-02,230.892563
2025-09-03,230.665527
2025-09-04,233.547989
2025-09-05,234.712814
2025-09-08,235.186615
2025-09-09,233.804626
2025-09-10,233.390015
2025-09-11,237.703857
2025-09-12,235.275467
2025-09-15,236.272491
2025-09-16,235.883438
2025-09-17,236.487289
2025-09-18,242.377441
2025-09-19,240.536163
2025-09-22,241.931976
2025-09-23,241.387497
2025-09-24,239.170059
2025-09-25,236.883270
2025-09-26,238.912659
2025-09-29,239.189835
2025-09-30,239.526428
2025-10-01,240.051086
2025-10-02,241.565689
2025-10-03,243.357498
2025-10-06,244.327637
2025-10-07,241.704300
2025-10-08,244.238556
2025-10-09,242.664551
2025-10-10,235.398376
2025-10-13,241.951782
2025-10-14,245.406677
2025-10-15,247.812241
2025-10-16,242.595245
2025-10-17,240.961838
2025-10-20,245.664047
2025-10-21,244.505829
2025-10-22,240.892532
2025-10-23,243.941544
2025-10-24,246.921295
2025-10-27,247.782547
2025-10-28,246.456009
2025-10-29,244.357346
2025-10-30,242.387375
2025-10-31,243.753464
2025-11-03,242.971420
2025-11-04,238.774078
2025-11-05,242.219070
2025-11-06,237.932632
2025-11-07,239.179947
2025-11-10,241.575607
2025-11-11,241.783493
2025-11-12,241.189514
2025-11-13,234.408417
2025-11-14,235.091492
2025-11-17,230.418961
2025-11-18,231.121811
2025-11-19,231.082214
2025-11-20,226.805679
2025-11-21,233.230392
2025-11-24,237.487137
2025-11-25,242.664551
2025-11-26,244.812714
2025-11-28,246.248138
2025-12-01,243.149597
2025-12-02,242.704132
2025-12-03,247.119293
2025-12-04,249.287262
2025-12-05,248.247833
2025-12-08,248.346802
2025-12-09,248.861588
2025-12-10,252.247177
2025-12-11,255.207077
2025-12-12,251.296844
2025-12-15,249.396133
2025-12-16,248.216141
2025-12-17,245.574066
2025-12-18,247.034180
2025-12-19,249.100143
2025-12-22,251.871353
2025-12-23,250.381470
2025-12-24,251.007233
2025-12-26,249.725906
2025-12-29,248.196304
2025-12-30,246.358765
2025-12-31,244.501358
2026-01-02,247.103699
2026-01-05,251.027084
2026-01-06,254.354492
2026-01-07,253.758545
2026-01-08,256.529724
2026-01-09,258.476562
2026-01-12,259.738007
2026-01-13,259.589020
2026-01-14,261.416595
2026-01-15,263.720978
2026-01-16,263.969299
2026-01-20,260.810699
2026-01-21,265.985626
2026-01-22,267.972137
2026-01-23,263.025665
2026-01-26,262.201324
2026-01-27,262.946228
2026-01-28,261.525848
2026-01-29,261.595398
2026-01-30,257.900421
2026-02-02,260.413391
2026-02-03,261.009369
2026-02-04,258.764587
2026-02-05,254.106201
2026-02-06,263.234253
2026-02-09,265.081757
2026-02-10,264.366608
2026-02-11,263.164734
2026-02-12,257.791229
2026-02-13,261.188171
2026-02-17,261.267609
2026-02-18,262.211212
2026-02-19,262.817139
2026-02-20,262.827026
2026-02-23,258.734802
2026-02-24,261.555634
2026-02-25,262.797241
2026-02-26,264.197723
2026-02-27,259.648590
2026-03-02,262.032410
2026-03-03,257.493195
2026-03-04,259.996246
2026-03-05,255.029938
2026-03-06,249.199478
2026-03-09,251.911087
2026-03-10,251.652847
2026-03-11,251.146286
2026-03-12,245.742935
2026-03-13,244.928452
2026-03-16,247.242767
2026-03-17,248.806946
2026-03-18,244.796982
2026-03-19,246.398987
2026-03-20,241.015884
2026-03-23,246.219879
2026-03-24,247.543259
2026-03-25,250.568161
2026-03-26,246.209915
2026-03-27,241.891495
2026-03-30,238.418839
2026-03-31,246.767136
2026-04-01,248.319366
2026-04-02,250.040771
2026-04-06,251.105453
2026-04-07,251.652740
2026-04-08,259.175140
2026-04-09,260.657715
2026-04-10,260.001007
2026-04-13,263.752289
2026-04-14,267.384125
2026-04-15,268.050812
2026-04-16,268.608032
2026-04-17,274.409058
2026-04-20,275.971252
2026-04-21,273.145355
2026-04-22,275.105560
2026-04-23,274.150330
2026-04-24,275.274689
2026-04-27,275.762299
2026-04-28,272.548340
2026-04-29,270.727417
2026-04-30,276.588165
2026-05-01,277.891632
2026-05-04,276.498596
2026-05-05,281.155334
2026-05-06,285.374237
2026-05-07,280.856812
2026-05-08,282.757324
2026-05-11,283.911530
2026-05-12,281.165283
2026-05-13,281.264771
2026-05-14,283.035950
2026-05-15,276.220001
2026-05-18,274.598083
2026-05-19,271.642853
2026-05-20,278.478699
2026-05-21,281.085663
2026-05-22,283.702576
2026-05-26,289.065826
2026-05-27,288.926483
2026-05-28,290.578278
2026-05-29,288.986206
2026-06-01,287.543427
2026-06-02,290.210083
2026-06-03,286.239960
2026-06-04,290.558350
2026-06-05,280.249847
2026-06-08,282.697632
2026-06-09,283.603088
2026-06-10,280.647827
2026-06-11,288.966309
2026-06-12,291.493683
2026-06-15,293.872498
2026-06-16,291.319122
2026-06-17,289.124878
2026-06-18,294.820007
2026-06-22,297.403259
2026-06-23,294.550720
2026-06-24,295.917145
2026-06-25,298.131348
2026-06-26,299.048950
2026-06-29,298.191193
2026-06-30,299.667358
2026-07-01,298.540283
2026-07-02,296.804810
2026-07-06,298.121368
2026-07-07,295.418427
2026-07-08,292.715515
2026-07-09,296.465698
2026-07-10,295.218933
2026-07-13,292.715515
2026-07-14,293.742828
2026-07-15,294.999512
2026-07-16,294.820007
2026-07-17,293.274048
2026-07-20,291.548553
2026-07-21,295.767548
2026-07-22,293.024689
2026-07-23,291.329102
2026-07-24,290.411530
2026-07-27,292.146973
2026-07-28,292.605774
2026-07-29,287.818298
2026-07-30,291.827820
2026-07-31,290.441437
2026-08-03,295.448364
2026-08-04,300.924042
2026-08-05,298.989105
2026-08-06,297.473083
2026-08-07,300.774445
2026-08-10,299.198578
2026-08-11,300.205933
2026-08-12,301.921448
2026-08-13,302.709381
2026-08-14,304.295258
2026-08-17,303.267944
2026-08-18,299.447937
2026-08-19,300.934021
2026-08-20,296.894592
2026-08-21,299.178619
2026-08-24,297.193787
2026-08-25,298.450531
2026-08-26,298.151306
2026-08-27,299.028992
2026-08-28,294.979584
2026-08-31,293.164307
2026-09-01,289.813080
2026-09-02,293.244110
2026-09-03,294.421051
2026-09-04,295.238922
2026-09-08,293.902405
2026-09-09,289.882904
2026-09-10,286.950562
2026-09-11,288.137482
2026-09-14,287.160004
2026-09-15,285.140015
2026-09-16,283.920013
2026-09-17,285.429993
2026-09-18,284.100006
2026-09-21,285.579987
2026-09-22,287.209991
2026-09-23,281.920013
2026-09-24,281.660004
2026-09-25,281.970001
2026-09-28,280.019989
2026-09-29,279.010010
2026-09-30,277.890015
2026-10-01,279.019989
2026-10-02,281.519989
