date,adj_close
2000-07-28,20.776596
2000-07-31,20.903362
2000-08-01,21.112520
2000-08-02,21.229774
2000-08-03,21.270967
2000-08-04,21.372381
2000-08-07,21.546682
2000-08-08,21.578369
2000-08-09,21.540344
2000-08-10,21.499147
2000-08-11,21.461124
2000-08-14,21.942816
2000-08-15,21.752682
2000-08-16,21.816065
2000-08-17,21.917467
2000-08-18,21.917467
2000-08-21,21.771692
2000-08-22,21.790703
2000-08-23,21.781195
2000-08-24,21.816065
2000-08-25,21.841408
2000-08-28,21.809725
2000-08-29,21.917467
2000-08-30,21.914307
2000-08-31,22.031561
2000-09-01,22.069597
2000-09-05,22.069597
2000-09-06,22.209028
2000-09-07,22.399172
2000-09-08,22.272411
2000-09-11,22.380156
2000-09-12,22.335787
2000-09-13,22.399172
2000-09-14,22.462566
2000-09-15,22.183678
2000-09-18,21.806553
2000-09-19,21.790703
2000-09-20,21.770350
2000-09-21,21.706728
2000-09-22,21.592211
2000-09-25,21.541323
2000-09-26,21.515879
2000-09-27,21.522232
2000-09-28,21.522232
2000-09-29,21.986658
2000-10-02,21.846674
2000-10-03,21.668552
2000-10-04,21.620844
2000-10-05,21.620844
2000-10-06,21.433163
2000-10-09,21.267765
2000-10-10,21.095991
2000-10-11,20.943306
2000-10-12,20.599764
2000-10-13,21.045090
2000-10-16,21.057816
2000-10-17,20.561588
2000-10-18,20.485249
2000-10-19,20.866955
2000-10-20,20.991026
2000-10-23,21.025997
2000-10-24,21.013285
2000-10-25,20.816057
2000-10-26,20.866955
2000-10-27,21.134165
2000-10-30,21.477695
2000-10-31,21.808527
2000-11-01,21.744894
2000-11-02,22.050272
2000-11-03,22.062994
2000-11-06,21.948473
2000-11-07,22.050272
2000-11-08,22.088432
2000-11-09,21.872137
2000-11-10,21.579496
2000-11-13,21.579496
2000-11-14,21.792614
2000-11-15,21.910315
2000-11-16,21.783066
2000-11-17,21.923023
2000-11-20,21.630394
2000-11-21,21.655827
2000-11-22,21.503147
2000-11-24,21.744894
2000-11-27,21.872137
2000-11-28,21.694000
2000-11-29,21.617659
2000-11-30,21.592211
2000-12-01,21.706728
2000-12-04,21.706728
2000-12-05,22.292021
2000-12-06,21.923023
2000-12-07,21.961199
2000-12-08,22.393803
2000-12-11,22.648285
2000-12-12,22.393803
2000-12-13,22.172878
2000-12-14,22.006742
2000-12-15,21.853384
2000-12-18,22.172878
2000-12-19,22.300674
2000-12-20,21.955616
2000-12-21,22.198433
2000-12-22,22.722401
2000-12-26,22.990784
2000-12-27,23.450851
2000-12-28,24.089838
2000-12-29,23.642546
2001-01-02,22.993971
2001-01-03,23.834253
2001-01-04,23.489187
2001-01-05,23.169706
2001-01-08,23.335835
2001-01-09,23.310266
2001-01-10,23.616997
2001-01-11,23.655327
2001-01-12,23.655327
2001-01-16,23.949261
2001-01-17,23.885370
2001-01-18,23.917311
2001-01-19,23.565863
2001-01-22,23.642546
2001-01-23,24.013147
2001-01-24,24.045109
2001-01-25,24.077057
2001-01-26,24.009974
2001-01-29,24.209980
2001-01-30,24.404217
2001-01-31,24.326515
2001-02-01,24.516687
2001-02-02,24.404217
2001-02-05,24.506454
2001-02-06,24.588251
2001-02-07,24.864294
2001-02-08,24.680260
2001-02-09,24.516687
2001-02-12,24.946075
2001-02-13,24.946075
2001-02-14,24.823387
2001-02-15,25.089218
2001-02-16,24.823387
2001-02-20,24.655724
2001-02-21,24.336737
2001-02-22,24.128174
2001-02-23,24.017759
2001-02-26,24.506454
2001-02-27,24.434898
2001-02-28,24.301987
2001-03-01,24.261080
2001-03-02,24.526907
2001-03-05,24.475788
2001-03-06,24.598471
2001-03-07,24.935860
2001-03-08,24.925629
2001-03-09,24.684938
2001-03-12,24.192463
2001-03-13,24.284815
2001-03-14,23.741041
2001-03-15,23.802601
2001-03-16,23.484549
2001-03-19,23.843639
2001-03-20,23.505070
2001-03-21,23.207546
2001-03-22,22.940788
2001-03-23,23.269098
2001-03-26,23.556366
2001-03-27,23.689747
2001-03-28,23.443499
2001-03-29,23.392204
2001-03-30,23.843639
2001-04-02,23.576891
2001-04-03,23.115202
2001-04-04,23.166489
2001-04-05,23.802601
2001-04-06,23.412729
2001-04-09,23.648701
2001-04-10,24.007797
2001-04-11,23.745148
2001-04-12,23.843639
2001-04-16,23.812864
2001-04-17,23.997540
2001-04-18,24.212986
2001-04-19,24.387411
2001-04-20,24.110388
2001-04-23,24.007797
2001-04-24,23.966759
2001-04-25,24.448967
2001-04-26,24.849096
2001-04-27,25.105591
2001-04-30,25.089178
2001-05-01,25.214333
2001-05-02,25.156897
2001-05-03,25.064545
2001-05-04,25.269762
2001-05-07,25.279997
2001-05-08,25.362087
2001-05-09,25.316935
2001-05-10,25.392872
2001-05-11,25.259489
2001-05-14,25.331306
2001-05-15,25.413383
2001-05-16,25.801193
2001-05-17,25.926367
2001-05-18,25.987928
2001-05-21,26.162344
2001-05-22,26.264938
2001-05-23,25.885326
2001-05-24,26.022800
2001-05-25,25.889441
2001-05-29,25.762211
2001-05-30,25.645260
2001-05-31,25.741699
2001-06-01,25.905853
2001-06-04,26.182861
2001-06-05,26.422943
2001-06-06,26.355230
2001-06-07,26.316240
2001-06-08,26.230722
2001-06-11,26.129761
2001-06-12,26.210129
2001-06-13,26.251328
2001-06-14,25.808294
2001-06-15,25.876312
2001-06-18,25.767103
2001-06-19,25.666143
2001-06-20,26.045258
2001-06-21,26.107096
2001-06-22,25.653780
2001-06-25,25.488939
2001-06-26,25.818615
2001-06-27,26.055574
2001-06-28,26.292542
2001-06-29,26.632538
2001-07-02,26.107096
2001-07-03,26.158604
2001-07-05,25.962849
2001-07-06,25.581656
2001-07-09,25.715584
2001-07-10,25.468328
2001-07-11,25.406506
2001-07-12,25.901035
2001-07-13,26.004065
2001-07-16,25.859821
2001-07-17,26.096790
2001-07-18,25.931946
2001-07-19,26.127701
2001-07-20,26.119459
2001-07-23,25.880434
2001-07-24,25.437422
2001-07-25,25.664082
2001-07-26,26.065886
2001-07-27,26.055574
2001-07-30,25.983459
2001-07-31,25.987589
2001-08-01,26.230722
2001-08-02,26.189512
2001-08-03,26.220428
2001-08-06,26.065886
2001-08-07,26.065886
2001-08-08,25.777393
2001-08-09,25.917521
2001-08-10,25.983459
2001-08-13,26.117409
2001-08-14,26.241026
2001-08-15,26.323450
2001-08-16,26.622223
2001-08-17,26.333750
2001-08-20,26.560411
2001-08-21,26.241026
2001-08-22,26.529499
2001-08-23,26.210129
2001-08-24,26.498594
2001-08-27,26.457392
2001-08-28,26.168905
2001-08-29,26.127701
2001-08-30,25.962849
2001-08-31,26.063812
2001-09-04,25.973167
2001-09-05,25.901035
2001-09-06,25.406506
2001-09-07,24.932583
2001-09-10,24.644119
2001-09-17,23.469597
2001-09-18,23.263533
2001-09-19,22.975075
2001-09-20,21.955093
2001-09-21,21.460560
2001-09-24,22.222969
2001-09-25,22.470234
2001-09-26,22.171463
2001-09-27,22.429028
2001-09-28,23.047182
2001-10-01,22.796404
2001-10-02,22.920870
2001-10-03,23.395870
2001-10-04,23.439434
2001-10-05,23.418680
2001-10-08,23.128292
2001-10-09,22.941608
2001-10-10,23.541086
2001-10-11,23.868803
2001-10-12,23.808661
2001-10-15,23.854288
2001-10-16,24.003635
2001-10-17,23.549370
2001-10-18,23.387573
2001-10-19,23.553513
2001-10-22,23.763023
2001-10-23,23.640633
2001-10-24,23.584633
2001-10-25,23.937267
2001-10-26,24.144701
2001-10-29,23.584633
2001-10-30,23.439434
2001-10-31,23.636496
2001-11-01,23.958015
2001-11-02,23.823183
2001-11-05,24.030602
2001-11-06,24.393612
2001-11-07,24.165424
2001-11-08,24.238033
2001-11-09,24.086615
2001-11-12,24.233887
2001-11-13,24.621769
2001-11-14,24.870687
2001-11-15,24.789799
2001-11-16,24.932920
2001-11-19,25.098864
2001-11-20,24.922541
2001-11-21,24.953661
2001-11-23,25.244053
2001-11-26,25.297995
2001-11-27,25.215025
2001-11-28,25.022108
2001-11-29,25.492973
2001-11-30,25.306284
2001-12-03,25.233685
2001-12-04,25.677588
2001-12-05,26.104891
2001-12-06,26.426390
2001-12-07,26.274984
2001-12-10,25.918209
2001-12-11,25.978357
2001-12-12,26.053030
2001-12-13,25.650623
2001-12-14,25.993456
2001-12-17,26.327108
2001-12-18,26.754587
2001-12-19,26.546053
2001-12-20,26.201967
2001-12-21,26.692032
2001-12-24,26.829651
2001-12-26,27.067385
2001-12-27,27.146637
2001-12-28,27.056965
2001-12-31,26.692032
2002-01-02,26.890133
2002-01-03,27.202929
2002-01-04,27.432310
2002-01-07,27.129955
2002-01-08,27.348919
2002-01-09,27.244644
2002-01-10,27.255060
2002-01-11,26.981878
2002-01-14,26.587769
2002-01-15,26.900564
2002-01-16,26.504356
2002-01-17,26.963116
2002-01-18,26.508524
2002-01-22,26.379248
2002-01-23,26.650320
2002-01-24,26.829651
2002-01-25,26.858860
2002-01-28,27.081989
2002-01-29,26.619057
2002-01-30,27.067385
2002-01-31,27.161232
2002-02-01,27.171652
2002-02-04,26.692032
2002-02-05,26.702469
2002-02-06,26.431362
2002-02-07,26.243683
2002-02-08,26.712879
2002-02-11,26.919329
2002-02-12,26.948526
2002-02-13,27.109102
2002-02-14,27.025684
2002-02-15,27.004829
2002-02-19,26.629459
2002-02-20,27.107018
2002-02-21,26.577353
2002-02-22,27.061138
2002-02-25,27.213362
2002-02-26,27.359327
2002-02-27,27.476110
2002-02-28,27.255060
2002-03-01,27.813927
2002-03-04,28.183033
2002-03-05,28.172604
2002-03-06,28.650145
2002-03-07,28.735632
2002-03-08,28.840483
2002-03-11,28.861368
2002-03-12,28.857174
2002-03-13,28.698467
2002-03-14,28.861368
2002-03-15,28.924007
2002-03-18,29.072287
2002-03-19,29.279030
2002-03-20,28.997116
2002-03-21,29.299910
2002-03-22,29.082722
2002-03-25,28.777803
2002-03-26,29.091082
2002-03-27,29.487873
2002-03-28,29.216381
2002-04-01,29.299910
2002-04-02,29.205946
2002-04-03,29.080647
2002-04-04,29.153717
2002-04-05,29.237284
2002-04-08,29.590199
2002-04-09,29.707151
2002-04-10,30.229235
2002-04-11,29.822004
2002-04-12,30.490292
2002-04-15,30.296070
2002-04-16,30.803555
2002-04-17,30.615602
2002-04-18,30.498632
2002-04-19,30.469395
2002-04-22,30.166594
2002-04-23,30.229235
2002-04-24,30.001623
2002-04-25,30.250132
2002-04-26,29.780254
2002-04-29,29.794849
2002-04-30,30.385880
2002-05-01,30.552950
2002-05-02,30.907978
2002-05-03,30.782660
2002-05-06,30.333666
2002-05-07,30.156157
2002-05-08,30.636480
2002-05-09,30.114388
2002-05-10,29.592281
2002-05-13,29.964025
2002-05-14,30.678255
2002-05-15,30.730457
2002-05-16,30.337833
2002-05-17,30.444344
2002-05-20,30.051729
2002-05-21,29.715502
2002-05-22,29.590199
2002-05-23,30.051729
2002-05-24,29.707151
2002-05-28,29.640316
2002-05-29,29.362568
2002-05-30,29.404325
2002-05-31,29.425211
2002-06-03,28.694284
2002-06-04,28.673405
2002-06-05,28.756933
2002-06-06,28.213964
2002-06-07,28.642073
2002-06-10,28.464575
2002-06-11,28.266176
2002-06-12,28.349701
2002-06-13,27.913239
2002-06-14,28.096909
2002-06-17,28.831600
2002-06-18,28.863096
2002-06-19,28.359304
2002-06-20,28.443264
2002-06-21,28.579706
2002-06-24,28.453768
2002-06-25,28.107399
2002-06-26,28.233347
2002-06-27,28.453768
2002-06-28,28.527233
2002-07-01,28.023445
2002-07-02,27.145990
2002-07-03,26.826918
2002-07-05,27.494448
2002-07-08,27.236256
2002-07-09,26.984358
2002-07-10,26.388212
2002-07-11,26.123730
2002-07-12,25.819349
2002-07-15,25.626225
2002-07-16,25.305061
2002-07-17,25.472980
2002-07-18,24.696323
2002-07-19,24.100163
2002-07-22,23.596359
2002-07-23,22.460726
2002-07-24,23.510292
2002-07-25,23.384359
2002-07-26,23.898634
2002-07-29,24.969198
2002-07-30,24.916716
2002-07-31,24.454916
2002-08-01,24.286976
2002-08-02,23.541782
2002-08-05,23.079973
2002-08-06,23.841970
2002-08-07,24.098055
2002-08-08,24.454916
2002-08-09,24.423422
2002-08-12,24.339451
2002-08-13,23.678236
2002-08-14,24.343641
2002-08-15,24.402433
2002-08-16,24.664822
2002-08-19,24.935623
2002-08-20,24.664822
2002-08-21,25.231585
2002-08-22,25.361740
2002-08-23,24.759289
2002-08-26,25.418402
2002-08-27,24.824350
2002-08-28,24.475904
2002-08-29,24.549372
2002-08-30,24.475904
2002-09-03,23.762197
2002-09-04,24.402433
2002-09-05,23.919636
2002-09-06,24.454916
2002-09-09,24.507380
2002-09-10,24.536770
2002-09-11,24.433920
2002-09-12,24.129553
2002-09-13,24.393293
2002-09-16,24.129749
2002-09-17,23.655378
2002-09-18,23.613209
2002-09-19,22.879524
2002-09-20,23.003912
2002-09-23,22.464180
2002-09-24,22.244913
2002-09-25,22.748796
2002-09-26,23.252693
2002-09-27,22.594893
2002-09-30,22.537975
2002-10-01,23.128298
2002-10-02,22.611771
2002-10-03,22.390383
2002-10-04,21.770540
2002-10-07,21.275078
2002-10-08,21.494362
2002-10-09,20.379049
2002-10-10,20.920885
2002-10-11,21.420557
2002-10-14,21.492243
2002-10-15,22.274431
2002-10-16,21.810591
2002-10-17,22.299732
2002-10-18,22.348228
2002-10-21,22.653921
2002-10-22,22.308155
2002-10-23,22.643391
2002-10-24,22.537975
2002-10-25,22.980724
2002-10-28,22.731932
2002-10-29,22.820492
2002-10-30,22.980724
2002-10-31,22.993380
2002-11-01,23.596344
2002-11-04,23.674355
2002-11-05,23.727051
2002-11-06,24.098129
2002-11-07,23.579491
2002-11-08,23.280106
2002-11-11,22.763565
2002-11-12,23.086132
2002-11-13,23.199982
2002-11-14,23.592138
2002-11-15,23.718618
2002-11-18,23.402378
2002-11-19,23.296976
2002-11-20,23.927359
2002-11-21,24.317394
2002-11-22,24.433357
2002-11-25,24.564066
2002-11-26,24.382746
2002-11-27,25.095367
2002-11-29,24.760143
2002-12-02,24.941456
2002-12-03,24.635757
2002-12-04,24.412273
2002-12-05,24.235174
2002-12-06,24.330051
2002-12-09,23.853559
2002-12-10,24.313175
2002-12-11,24.266798
2002-12-12,24.397511
2002-12-13,24.027084
2002-12-16,24.398361
2002-12-17,24.239227
2002-12-18,23.740667
2002-12-19,23.846748
2002-12-20,24.003748
2002-12-23,24.154387
2002-12-24,24.048296
2002-12-26,24.090719
2002-12-27,23.778854
2002-12-30,23.740667
2002-12-31,23.655798
2003-01-02,24.353811
2003-01-03,24.239227
2003-01-06,24.502312
2003-01-07,24.313499
2003-01-08,24.090719
2003-01-09,24.355925
2003-01-10,24.400473
2003-01-13,24.385637
2003-01-14,24.548992
2003-01-15,24.419580
2003-01-16,24.385637
2003-01-17,23.971914
2003-01-21,23.696112
2003-01-22,23.475471
2003-01-23,23.634596
2003-01-24,23.225121
2003-01-27,22.838982
2003-01-28,23.051140
2003-01-29,23.189047
2003-01-30,22.788073
2003-01-31,23.063875
2003-02-03,22.925974
2003-02-04,22.936590
2003-02-05,22.815655
2003-02-06,22.690472
2003-02-07,22.215233
2003-02-10,22.448618
2003-02-11,22.321316
2003-02-12,22.087948
2003-02-13,22.064604
2003-02-14,22.255539
2003-02-18,22.648041
2003-02-19,22.312828
2003-02-20,22.281008
2003-02-21,22.539839
2003-02-24,22.149466
2003-02-25,22.435884
2003-02-26,22.151585
2003-02-27,22.323439
2003-02-28,22.361618
2003-03-03,22.276768
2003-03-04,22.085821
2003-03-05,22.056110
2003-03-06,21.916094
2003-03-07,22.050627
2003-03-10,21.648304
2003-03-11,21.478014
2003-03-12,21.539749
2003-03-13,22.031467
2003-03-14,22.029337
2003-03-17,22.563622
2003-03-18,22.670065
2003-03-19,22.776491
2003-03-20,22.833973
2003-03-21,23.263939
2003-03-24,22.723274
2003-03-25,22.957430
2003-03-26,22.640253
2003-03-27,22.787140
2003-03-28,22.776491
2003-03-31,22.563622
2003-04-01,22.840345
2003-04-02,23.180939
2003-04-03,23.149006
2003-04-04,23.110689
2003-04-07,23.257563
2003-04-08,23.202215
2003-04-09,23.127718
2003-04-10,23.127718
2003-04-11,23.010637
2003-04-14,23.404434
2003-04-15,23.521523
2003-04-16,23.417210
2003-04-17,23.734379
2003-04-21,23.889767
2003-04-22,24.232485
2003-04-23,24.449604
2003-04-24,24.319748
2003-04-25,24.096243
2003-04-28,24.498564
2003-04-29,24.545393
2003-04-30,24.658213
2003-05-01,24.630543
2003-05-02,25.124382
2003-05-05,25.296810
2003-05-06,25.464968
2003-05-07,25.384081
2003-05-08,25.203135
2003-05-09,25.528830
2003-05-12,25.828970
2003-05-13,25.922626
2003-05-14,25.933273
2003-05-15,26.056728
2003-05-16,25.756599
2003-05-19,25.341499
2003-05-20,25.330868
2003-05-21,25.458586
2003-05-22,25.628872
2003-05-23,25.888580
2003-05-27,26.352625
2003-05-28,26.586769
2003-05-29,26.629335
2003-05-30,27.163622
2003-06-02,27.353081
2003-06-03,27.406290
2003-06-04,27.885237
2003-06-05,28.098108
2003-06-06,28.034225
2003-06-09,27.397778
2003-06-10,27.893753
2003-06-11,28.193892
2003-06-12,28.266266
2003-06-13,27.814146
2003-06-16,28.302984
2003-06-17,28.320068
2003-06-18,28.209038
2003-06-19,27.750105
2003-06-20,27.626287
2003-06-23,27.195107
2003-06-24,27.242077
2003-06-25,27.280497
2003-06-26,27.760778
2003-06-27,27.658323
2003-06-30,27.451262
2003-07-01,27.771456
2003-07-02,28.273090
2003-07-03,28.209038
2003-07-07,28.556986
2003-07-08,28.986061
2003-07-09,29.075710
2003-07-10,28.601830
2003-07-11,28.988182
2003-07-14,29.094912
2003-07-15,29.030888
2003-07-16,28.924152
2003-07-17,28.187708
2003-07-18,28.433184
2003-07-21,28.080976
2003-07-22,28.326475
2003-07-23,28.433184
2003-07-24,28.371275
2003-07-25,28.544207
2003-07-28,28.838764
2003-07-29,28.840895
2003-07-30,28.785397
2003-07-31,28.881464
2003-08-01,28.433184
2003-08-04,28.273090
2003-08-05,27.792812
2003-08-06,27.771456
2003-08-07,27.863253
2003-08-08,27.878197
2003-08-11,28.177044
2003-08-12,28.646646
2003-08-13,28.552738
2003-08-14,28.738443
2003-08-15,28.913483
2003-08-18,29.340410
2003-08-19,29.831375
2003-08-20,29.784386
2003-08-21,30.025618
2003-08-22,29.491957
2003-08-25,29.517570
2003-08-26,29.575216
2003-08-27,29.810024
2003-08-28,29.950907
2003-08-29,30.023495
2003-09-02,30.700153
2003-09-03,30.883734
2003-09-04,30.917896
2003-09-05,30.653191
2003-09-08,31.101461
2003-09-09,30.791935
2003-09-10,30.226278
2003-09-11,30.589174
2003-09-12,30.762440
2003-09-15,30.627512
2003-09-16,31.034439
2003-09-17,30.950909
2003-09-18,31.216486
2003-09-19,31.233629
2003-09-22,30.916632
2003-09-23,31.225063
2003-09-24,30.700325
2003-09-25,29.946417
2003-09-26,29.578020
2003-09-29,30.027809
2003-09-30,29.676552
2003-10-01,30.563242
2003-10-02,30.756016
2003-10-03,31.162939
2003-10-06,31.505632
2003-10-07,31.687683
2003-10-08,31.366413
2003-10-09,31.559168
2003-10-10,31.612726
2003-10-13,32.068928
2003-10-14,32.362347
2003-10-15,32.094620
2003-10-16,32.274513
2003-10-17,31.698399
2003-10-20,31.876163
2003-10-21,31.940409
2003-10-22,31.344997
2003-10-23,31.162939
2003-10-24,31.087984
2003-10-27,31.527050
2003-10-28,32.028217
2003-10-29,32.319504
2003-10-30,32.373058
2003-10-31,32.148155
2003-11-03,32.728565
2003-11-04,32.854961
2003-11-05,32.897793
2003-11-06,33.195484
2003-11-07,33.090549
2003-11-10,32.567951
2003-11-11,32.403038
2003-11-12,33.045582
2003-11-13,33.004875
2003-11-14,32.480122
2003-11-17,32.216705
2003-11-18,31.955410
2003-11-19,32.276676
2003-11-20,31.933979
2003-11-21,32.298096
2003-11-24,33.075558
2003-11-25,33.261887
2003-11-26,33.454651
2003-11-28,33.497475
2003-12-01,33.945107
2003-12-02,33.765205
2003-12-03,33.411816
2003-12-04,33.506058
2003-12-05,33.144093
2003-12-08,33.647419
2003-12-09,33.144093
2003-12-10,32.919201
2003-12-11,33.651695
2003-12-12,33.831863
2003-12-15,33.259243
2003-12-16,33.712360
2003-12-17,33.712360
2003-12-18,34.047100
2003-12-19,34.101101
2003-12-22,34.414249
2003-12-23,34.578388
2003-12-24,34.489830
2003-12-26,34.723103
2003-12-29,35.191730
2003-12-30,35.245720
2003-12-31,34.640999
2004-01-02,34.984394
2004-01-05,35.310486
2004-01-06,35.202526
2004-01-07,35.489777
2004-01-08,35.720837
2004-01-09,35.515663
2004-01-12,35.895771
2004-01-13,35.839607
2004-01-14,36.237000
2004-01-15,36.154922
2004-01-16,36.336357
2004-01-20,36.703491
2004-01-21,36.692688
2004-01-22,36.496155
2004-01-23,36.714294
2004-01-26,37.059826
2004-01-27,36.714294
2004-01-28,36.152786
2004-01-29,35.932484
2004-01-30,35.828838
2004-02-02,35.904411
2004-02-03,35.807228
2004-02-04,35.072952
2004-02-05,35.310486
2004-02-06,36.206764
2004-02-09,36.249969
2004-02-10,36.757477
2004-02-11,36.919464
2004-02-12,36.714294
2004-02-13,36.303951
2004-02-17,36.925941
2004-02-18,36.681900
2004-02-19,36.120384
2004-02-20,36.046947
2004-02-23,35.731632
2004-02-24,35.861229
2004-02-25,36.206764
2004-02-26,36.422737
2004-02-27,36.627895
2004-03-01,37.113842
2004-03-02,36.930260
2004-03-03,36.960472
2004-03-04,37.368660
2004-03-05,37.362198
2004-03-08,37.008007
2004-03-09,36.811474
2004-03-10,35.947620
2004-03-11,35.569664
2004-03-12,36.573902
2004-03-15,35.623657
2004-03-16,35.710026
2004-03-17,36.206764
2004-03-18,35.990799
2004-03-19,35.785652
2004-03-22,35.265156
2004-03-23,35.472481
2004-03-24,35.224121
2004-03-25,35.893604
2004-03-26,35.958603
2004-03-29,36.565144
2004-03-30,36.987553
2004-03-31,37.074173
2004-04-01,37.390450
2004-04-02,37.799870
2004-04-05,37.810692
2004-04-06,37.464096
2004-04-07,37.565895
2004-04-08,37.269154
2004-04-12,37.240967
2004-04-13,36.413506
2004-04-14,36.294353
2004-04-15,36.201206
2004-04-16,36.543476
2004-04-19,36.712429
2004-04-20,36.064754
2004-04-21,36.500145
2004-04-22,37.076355
2004-04-23,36.872734
2004-04-26,36.770931
2004-04-27,36.885727
2004-04-28,36.023567
2004-04-29,35.471207
2004-04-30,35.048805
2004-05-03,35.436550
2004-05-04,35.590351
2004-05-05,35.590351
2004-05-06,35.159290
2004-05-07,34.165024
2004-05-10,33.512978
2004-05-11,34.203991
2004-05-12,34.355618
2004-05-13,34.009041
2004-05-14,33.933228
2004-05-17,33.573635
2004-05-18,33.970039
2004-05-19,33.759930
2004-05-20,33.861736
2004-05-21,34.190994
2004-05-24,34.637230
2004-05-25,35.352066
2004-05-26,35.514538
2004-05-27,35.527542
2004-05-28,35.646671
2004-06-01,35.915272
2004-06-02,35.926105
2004-06-03,35.232933
2004-06-04,35.599022
2004-06-07,36.287857
2004-06-08,36.303028
2004-06-09,35.763645
2004-06-10,35.906612
2004-06-14,35.185291
2004-06-15,35.785294
2004-06-16,35.915272
2004-06-17,35.915272
2004-06-18,36.027946
2004-06-21,35.999752
2004-06-22,36.175217
2004-06-23,36.716743
2004-06-24,36.608448
2004-06-25,36.963760
2004-06-28,36.959396
2004-06-29,37.174530
2004-06-30,37.441830
2004-07-01,36.996346
2004-07-02,37.070225
2004-07-06,36.659523
2004-07-07,36.631268
2004-07-08,36.007599
2004-07-09,36.185795
2004-07-12,36.159725
2004-07-13,36.174938
2004-07-14,36.018475
2004-07-15,36.127129
2004-07-16,35.881557
2004-07-19,36.027157
2004-07-20,36.531315
2004-07-21,35.583855
2004-07-22,35.464336
2004-07-23,35.073181
2004-07-26,34.788517
2004-07-27,35.377430
2004-07-28,35.342636
2004-07-29,35.705563
2004-07-30,35.659920
2004-08-02,35.809856
2004-08-03,35.366550
2004-08-04,35.390446
2004-08-05,34.768963
2004-08-06,34.258293
2004-08-09,34.158318
2004-08-10,34.692890
2004-08-11,34.649452
2004-08-12,34.184410
2004-08-13,34.225700
2004-08-16,34.768963
2004-08-17,34.888466
2004-08-18,35.507793
2004-08-19,35.170986
2004-08-20,35.757698
2004-08-23,35.627319
2004-08-24,35.699024
2004-08-25,35.940247
2004-08-26,35.829414
2004-08-27,36.131466
2004-08-30,35.781601
2004-08-31,36.094540
2004-09-01,36.244461
2004-09-02,36.909428
2004-09-03,36.509575
2004-09-07,36.974621
2004-09-08,36.811638
2004-09-09,37.148472
2004-09-10,37.320122
2004-09-13,37.311420
2004-09-14,37.204975
2004-09-15,36.974621
2004-09-16,37.476597
2004-09-17,37.376625
2004-09-20,37.244072
2004-09-21,37.496147
2004-09-22,36.909428
2004-09-23,36.933319
2004-09-24,36.908020
2004-09-27,36.600468
2004-09-28,37.014912
2004-09-29,37.265759
2004-09-30,37.448959
2004-10-01,38.240734
2004-10-04,38.410870
2004-10-05,38.290916
2004-10-06,38.657368
2004-10-07,38.022617
2004-10-08,37.669266
2004-10-11,37.734680
2004-10-12,37.723793
2004-10-13,37.152317
2004-10-14,36.879673
2004-10-15,37.294075
2004-10-18,37.374805
2004-10-19,36.986542
2004-10-20,37.080334
2004-10-21,37.592911
2004-10-22,36.982193
2004-10-25,37.374805
2004-10-26,37.941910
2004-10-27,38.273457
2004-10-28,38.085880
2004-10-29,37.996449
2004-11-01,38.232006
2004-11-02,38.103321
2004-11-03,38.727131
2004-11-04,39.163383
2004-11-05,39.326965
2004-11-08,39.174286
2004-11-09,39.296444
2004-11-10,39.566902
2004-11-11,39.970413
2004-11-12,40.319424
2004-11-15,40.417564
2004-11-16,40.114376
2004-11-17,40.365223
2004-11-18,40.354313
2004-11-19,39.959518
2004-11-22,40.513542
2004-11-23,40.777477
2004-11-24,41.061012
2004-11-26,41.156994
2004-11-29,41.198444
2004-11-30,41.519066
2004-12-01,41.857162
2004-12-02,41.713211
2004-12-03,41.700123
2004-12-06,41.416557
2004-12-07,40.668427
2004-12-08,41.052299
2004-12-09,40.908321
2004-12-10,41.128632
2004-12-13,41.536526
2004-12-14,41.758991
2004-12-15,42.097088
2004-12-16,41.750275
2004-12-17,41.660835
2004-12-20,41.632488
2004-12-21,42.060020
2004-12-22,42.223595
2004-12-23,42.248798
2004-12-27,41.950668
2004-12-28,42.468044
2004-12-29,42.446121
2004-12-30,42.378147
2004-12-31,42.303619
2005-01-03,41.808151
2005-01-04,41.051800
2005-01-05,40.231831
2005-01-06,40.334896
2005-01-07,39.900810
2005-01-10,40.299805
2005-01-11,39.933678
2005-01-12,40.010422
2005-01-13,39.813110
2005-01-14,40.242798
2005-01-18,40.709774
2005-01-19,40.240631
2005-01-20,39.949032
2005-01-21,39.889847
2005-01-24,39.644302
2005-01-25,39.703495
2005-01-26,40.135391
2005-01-27,40.306389
2005-01-28,40.203346
2005-01-31,40.657166
2005-02-01,40.898319
2005-02-02,41.205246
2005-02-03,41.056160
2005-02-04,41.525341
2005-02-07,41.463947
2005-02-08,41.490253
2005-02-09,40.852287
2005-02-10,40.953140
2005-02-11,41.490253
2005-02-14,41.505615
2005-02-15,41.503418
2005-02-16,41.670044
2005-02-17,41.303905
2005-02-18,41.161411
2005-02-22,40.383129
2005-02-23,40.569473
2005-02-24,40.955326
2005-02-25,41.731407
2005-02-28,41.501221
2005-03-01,41.906815
2005-03-02,41.727036
2005-03-03,41.873909
2005-03-04,42.459274
2005-03-07,42.393494
2005-03-08,41.961617
2005-03-09,41.534107
2005-03-10,41.347752
2005-03-11,41.288570
2005-03-14,41.687576
2005-03-15,41.435440
2005-03-16,41.183331
2005-03-17,41.264435
2005-03-18,41.056160
2005-03-21,41.051800
2005-03-22,40.821575
2005-03-23,40.413811
2005-03-24,40.577122
2005-03-28,40.627831
2005-03-29,40.037121
2005-03-30,40.610191
2005-03-31,40.610191
2005-04-01,40.400814
2005-04-04,40.623421
2005-04-05,40.709389
2005-04-06,40.810764
2005-04-07,40.984898
2005-04-08,40.328079
2005-04-11,40.147335
2005-04-12,40.544079
2005-04-13,39.948971
2005-04-14,39.241447
2005-04-15,38.600075
2005-04-18,38.816067
2005-04-19,39.408981
2005-04-20,38.791832
2005-04-21,39.673466
2005-04-22,39.078354
2005-04-25,39.516968
2005-04-26,38.981377
2005-04-27,39.029869
2005-04-28,38.110760
2005-04-29,38.494274
2005-05-02,38.913055
2005-05-03,39.073963
2005-05-04,39.512558
2005-05-05,39.539021
2005-05-06,39.578701
2005-05-09,39.993046
2005-05-10,39.563278
2005-05-11,39.587498
2005-05-12,38.941704
2005-05-13,38.688232
2005-05-16,39.305382
2005-05-17,39.563278
2005-05-18,40.257553
2005-05-19,40.433872
2005-05-20,40.345703
2005-05-23,40.709389
2005-05-24,40.515411
2005-05-25,40.147335
2005-05-26,40.711586
2005-05-27,40.995907
2005-05-31,40.808548
2005-06-01,41.355171
2005-06-02,41.434532
2005-06-03,41.194263
2005-06-06,41.399277
2005-06-07,41.491825
2005-06-08,41.240566
2005-06-09,41.657131
2005-06-10,41.749714
2005-06-13,41.954697
2005-06-14,42.351437
2005-06-15,42.516731
2005-06-16,42.827484
2005-06-17,42.807648
2005-06-20,42.817612
2005-06-21,42.724739
2005-06-22,42.877319
2005-06-23,42.253700
2005-06-24,41.862282
2005-06-27,41.994968
2005-06-28,42.844154
2005-06-29,42.844154
2005-06-30,42.658401
2005-07-01,42.956936
2005-07-05,43.520855
2005-07-06,43.189156
2005-07-07,43.222305
2005-07-08,44.098049
2005-07-11,44.695129
2005-07-12,44.575710
2005-07-13,44.449642
2005-07-14,44.064861
2005-07-15,44.071495
2005-07-18,43.885746
2005-07-19,44.482826
2005-07-20,45.053360
2005-07-21,44.297066
2005-07-22,45.040112
2005-07-25,44.681839
2005-07-26,44.947201
2005-07-27,44.993656
2005-07-28,45.404999
2005-07-29,45.232479
2005-08-01,45.265686
2005-08-02,45.650482
2005-08-03,45.298847
2005-08-04,44.582321
2005-08-05,43.892376
2005-08-08,43.719879
2005-08-09,43.799465
2005-08-10,43.713257
2005-08-11,44.078133
2005-08-12,43.633625
2005-08-15,43.985241
2005-08-16,43.288666
2005-08-17,43.242207
2005-08-18,43.096268
2005-08-19,43.222305
2005-08-22,43.567272
2005-08-23,43.527481
2005-08-24,43.335087
2005-08-25,43.640259
2005-08-26,42.923767
2005-08-29,43.421337
2005-08-30,43.235573
2005-08-31,44.170994
2005-09-01,44.170994
2005-09-02,43.918919
2005-09-06,44.549164
2005-09-07,44.688477
2005-09-08,44.350140
2005-09-09,44.615501
2005-09-12,44.841061
2005-09-13,44.456291
2005-09-14,44.018421
2005-09-15,43.965343
2005-09-16,44.370041
2005-09-19,44.131222
2005-09-20,43.520855
2005-09-21,42.830898
2005-09-22,43.056461
2005-09-23,43.386932
2005-09-26,43.606785
2005-09-27,43.440224
2005-09-28,43.247005
2005-09-29,43.826653
2005-09-30,43.926575
2005-10-03,44.179783
2005-10-04,43.506832
2005-10-05,42.467484
2005-10-06,42.254272
2005-10-07,42.520771
2005-10-10,42.174332
2005-10-11,41.568020
2005-10-12,41.021694
2005-10-13,41.248241
2005-10-14,41.874516
2005-10-17,41.867847
2005-10-18,41.348160
2005-10-19,42.187634
2005-10-20,41.508045
2005-10-21,41.907810
2005-10-24,42.807270
2005-10-25,42.500774
2005-10-26,42.121040
2005-10-27,41.434761
2005-10-28,42.074379
2005-10-31,42.474144
2005-11-01,42.760632
2005-11-02,43.520168
2005-11-03,43.553497
2005-11-04,43.486847
2005-11-07,43.626785
2005-11-08,43.466869
2005-11-09,43.566811
2005-11-10,43.866623
2005-11-11,44.106491
2005-11-14,43.959900
2005-11-15,43.326962
2005-11-16,43.260345
2005-11-17,43.959900
2005-11-18,44.239735
2005-11-21,44.692787
2005-11-22,44.839371
2005-11-23,44.985943
2005-11-25,44.939308
2005-11-28,44.339676
2005-11-29,44.439590
2005-11-30,44.606163
2005-12-01,45.405693
2005-12-02,45.439007
2005-12-05,45.119205
2005-12-06,45.172516
2005-12-07,44.965965
2005-12-08,45.052578
2005-12-09,45.259109
2005-12-12,45.359047
2005-12-13,45.472332
2005-12-14,45.432339
2005-12-15,44.952625
2005-12-16,44.792736
2005-12-19,44.273033
2005-12-20,44.239735
2005-12-21,44.566204
2005-12-22,44.929161
2005-12-23,44.982727
2005-12-27,44.527336
2005-12-28,44.654594
2005-12-29,44.467091
2005-12-30,44.152332
2006-01-03,45.022942
2006-01-04,45.250626
2006-01-05,45.404652
2006-01-06,45.799751
2006-01-09,46.121204
2006-01-10,46.543091
2006-01-11,46.536415
2006-01-12,46.295326
2006-01-13,46.362297
2006-01-17,46.094406
2006-01-18,46.121204
2006-01-19,46.643566
2006-01-20,46.275249
2006-01-23,46.402489
2006-01-24,46.938217
2006-01-25,47.159218
2006-01-26,47.654800
2006-01-27,47.828896
2006-01-30,47.681580
2006-01-31,47.581123
2006-02-01,48.009720
2006-02-02,47.400295
2006-02-03,47.226189
2006-02-06,47.581123
2006-02-07,46.951626
2006-02-08,47.279770
2006-02-09,46.891327
2006-02-10,46.871273
2006-02-13,46.610077
2006-02-14,47.259663
2006-02-15,47.567703
2006-02-16,47.969528
2006-02-17,47.895874
2006-02-21,47.768642
2006-02-22,48.076694
2006-02-23,47.936050
2006-02-24,48.384747
2006-02-27,48.451714
2006-02-28,47.775333
2006-03-01,48.578960
2006-03-02,48.511974
2006-03-03,48.237408
2006-03-06,47.956161
2006-03-07,47.239586
2006-03-08,47.467281
2006-03-09,47.125751
2006-03-10,47.842304
2006-03-13,47.889179
2006-03-14,48.485195
2006-03-15,48.866901
2006-03-16,48.913799
2006-03-17,49.027634
2006-03-20,48.987450
2006-03-21,48.217300
2006-03-22,48.766483
2006-03-23,49.054436
2006-03-24,49.454948
2006-03-27,49.542339
2006-03-28,49.280239
2006-03-29,50.247971
2006-03-30,50.113544
2006-03-31,50.227798
2006-04-03,49.932091
2006-04-04,50.073242
2006-04-05,50.180744
2006-04-06,50.335335
2006-04-07,49.535580
2006-04-10,49.394470
2006-04-11,48.614933
2006-04-12,49.065186
2006-04-13,49.260059
2006-04-17,49.058464
2006-04-18,50.536938
2006-04-19,51.007378
2006-04-20,50.671345
2006-04-21,50.597420
2006-04-24,50.200920
2006-04-25,50.268131
2006-04-26,50.409256
2006-04-27,50.032909
2006-04-28,50.395805
2006-05-01,49.992599
2006-05-02,50.738590
2006-05-03,50.691502
2006-05-04,51.235847
2006-05-05,51.585304
2006-05-08,51.639057
2006-05-09,51.652515
2006-05-10,51.370251
2006-05-11,50.294998
2006-05-12,49.105515
2006-05-15,48.997974
2006-05-16,49.065186
2006-05-17,48.299061
2006-05-18,47.795040
2006-05-19,48.413311
2006-05-22,47.902561
2006-05-23,47.304466
2006-05-24,47.761448
2006-05-25,48.715729
2006-05-26,48.883717
2006-05-30,47.559834
2006-05-31,48.379688
2006-06-01,49.360874
2006-06-02,49.394470
2006-06-05,48.016788
2006-06-06,47.815197
2006-06-07,47.472450
2006-06-08,47.660633
2006-06-09,47.170044
2006-06-12,46.175446
2006-06-13,45.442905
2006-06-14,45.920074
2006-06-15,47.432171
2006-06-16,46.780258
2006-06-19,45.920074
2006-06-20,45.812561
2006-06-21,46.686165
2006-06-22,46.444859
2006-06-23,46.606651
2006-06-26,47.220051
2006-06-27,46.438114
2006-06-28,46.680779
2006-06-29,48.399734
2006-06-30,48.783966
2006-07-03,49.208633
2006-07-05,48.588459
2006-07-06,48.757000
2006-07-07,48.130089
2006-07-10,48.244698
2006-07-11,48.689575
2006-07-12,47.772804
2006-07-13,46.714500
2006-07-14,46.444859
2006-07-17,46.539219
2006-07-18,46.936935
2006-07-19,47.921116
2006-07-20,46.781898
2006-07-21,46.222420
2006-07-24,47.604286
2006-07-25,47.725632
2006-07-26,47.698677
2006-07-27,47.253761
2006-07-28,48.264896
2006-07-31,48.197483
2006-08-01,47.550362
2006-08-02,48.062679
2006-08-03,48.467133
2006-08-04,48.224453
2006-08-07,48.096394
2006-08-08,47.321167
2006-08-09,47.017845
2006-08-10,47.341400
2006-08-11,47.024574
2006-08-14,47.253761
2006-08-15,48.251396
2006-08-16,48.790684
2006-08-17,48.905315
2006-08-18,49.006390
2006-08-21,48.642418
2006-08-22,48.716545
2006-08-23,48.217728
2006-08-24,48.157051
2006-08-25,48.130089
2006-08-28,48.642418
2006-08-29,49.296272
2006-08-30,49.545670
2006-08-31,49.599602
2006-09-01,49.673756
2006-09-05,50.024284
2006-09-06,49.080547
2006-09-07,48.709808
2006-09-08,48.945717
2006-09-11,49.100780
2006-09-12,50.064732
2006-09-13,50.442204
2006-09-14,50.246735
2006-09-15,50.354588
2006-09-18,50.347839
2006-09-19,50.024284
2006-09-20,50.630951
2006-09-21,50.186043
2006-09-22,49.613102
2006-09-25,50.307407
2006-09-26,50.409035
2006-09-27,50.632580
2006-09-28,50.510632
2006-09-29,49.961899
2006-10-02,49.670605
2006-10-03,49.555439
2006-10-04,50.605476
2006-10-05,51.215149
2006-10-06,50.957752
2006-10-09,51.357452
2006-10-10,51.364223
2006-10-11,51.032280
2006-10-12,51.960384
2006-10-13,52.434589
2006-10-16,52.705578
2006-10-17,52.495548
2006-10-18,52.434589
2006-10-19,52.651398
2006-10-20,52.244911
2006-10-23,52.441372
2006-10-24,52.339748
2006-10-25,52.664921
2006-10-26,53.098499
2006-10-27,52.434589
2006-10-30,52.902046
2006-10-31,52.576878
2006-11-01,51.567451
2006-11-02,51.370991
2006-11-03,51.601341
2006-11-06,52.231354
2006-11-07,52.454906
2006-11-08,52.807186
2006-11-09,52.292347
2006-11-10,52.874916
2006-11-13,53.003651
2006-11-14,54.019825
2006-11-15,54.331467
2006-11-16,54.311138
2006-11-17,54.311138
2006-11-20,54.378876
2006-11-21,54.453381
2006-11-22,54.534698
2006-11-24,54.195946
2006-11-27,53.017189
2006-11-28,53.322044
2006-11-29,53.965637
2006-11-30,53.938560
2006-12-01,53.775913
2006-12-04,54.751484
2006-12-05,54.798897
2006-12-06,54.575321
2006-12-07,54.243378
2006-12-08,54.331467
2006-12-11,54.534698
2006-12-12,54.311138
2006-12-13,54.473709
2006-12-14,54.710808
2006-12-15,54.717564
2006-12-18,54.033360
2006-12-19,54.040146
2006-12-20,54.330330
2006-12-21,54.037434
2006-12-22,53.860321
2006-12-26,54.595978
2006-12-27,55.256729
2006-12-28,55.093227
2006-12-29,54.521080
2007-01-03,54.657284
2007-01-04,54.739017
2007-01-05,53.621883
2007-01-08,53.628719
2007-01-09,53.819431
2007-01-10,53.921616
2007-01-11,54.398453
2007-01-12,55.004673
2007-01-16,54.541496
2007-01-17,54.418892
2007-01-18,53.799011
2007-01-19,54.187267
2007-01-22,53.819431
2007-01-23,54.234982
2007-01-24,54.820770
2007-01-25,54.125969
2007-01-26,54.309895
2007-01-29,54.848007
2007-01-30,55.161358
2007-01-31,55.324829
2007-02-01,55.856129
2007-02-02,55.869755
2007-02-05,55.842533
2007-02-06,56.108185
2007-02-07,56.694004
2007-02-08,56.489647
2007-02-09,55.862991
2007-02-12,55.788059
2007-02-13,56.251236
2007-02-14,56.251236
2007-02-15,56.210384
2007-02-16,56.380650
2007-02-20,56.918793
2007-02-21,56.884708
2007-02-22,57.041386
2007-02-23,56.741676
2007-02-26,56.578171
2007-02-27,54.153225
2007-02-28,54.616436
2007-03-01,54.357574
2007-03-02,53.369862
2007-03-05,52.239128
2007-03-06,53.669594
2007-03-07,53.410725
2007-03-08,54.071465
2007-03-09,54.343945
2007-03-12,54.446121
2007-03-13,53.070164
2007-03-14,53.703640
2007-03-15,54.234982
2007-03-16,53.778572
2007-03-19,54.480175
2007-03-20,54.882065
2007-03-21,55.924252
2007-03-22,55.747139
2007-03-23,55.878349
2007-03-26,55.618706
2007-03-27,55.372707
2007-03-28,54.908123
2007-03-29,55.126728
2007-03-30,55.345390
2007-04-02,55.502522
2007-04-03,56.151669
2007-04-04,55.926197
2007-04-05,55.926197
2007-04-09,55.967186
2007-04-10,56.124336
2007-04-11,55.646000
2007-04-12,56.001354
2007-04-13,56.356651
2007-04-16,57.060417
2007-04-17,56.998913
2007-04-18,56.595810
2007-04-19,56.308815
2007-04-20,56.985241
2007-04-23,56.944267
2007-04-24,56.889587
2007-04-25,57.121922
2007-04-26,57.244907
2007-04-27,56.937447
2007-04-30,55.721214
2007-05-01,56.083328
2007-05-02,56.732418
2007-05-03,56.807610
2007-05-04,57.108223
2007-05-07,57.156090
2007-05-08,56.985241
2007-05-09,57.026241
2007-05-10,56.370296
2007-05-11,56.882755
2007-05-14,56.506977
2007-05-15,55.974007
2007-05-16,56.438610
2007-05-17,56.001354
2007-05-18,56.397663
2007-05-21,56.964767
2007-05-22,57.265408
2007-05-23,57.176559
2007-05-24,56.390800
2007-05-25,56.841763
2007-05-29,57.326904
2007-05-30,57.730022
2007-05-31,57.941853
2007-06-01,58.351833
2007-06-04,58.385986
2007-06-05,57.969177
2007-06-06,57.361080
2007-06-07,56.315659
2007-06-08,57.053577
2007-06-11,56.923759
2007-06-12,56.131138
2007-06-13,56.841763
2007-06-14,57.156090
2007-06-15,58.153664
2007-06-18,57.736855
2007-06-19,57.866673
2007-06-20,56.916924
2007-06-21,57.149261
2007-06-22,56.513786
2007-06-25,56.315659
2007-06-26,55.926197
2007-06-27,56.957912
2007-06-28,56.993649
2007-06-29,56.561001
2007-07-02,57.220268
2007-07-03,57.371353
2007-07-05,57.426315
2007-07-06,57.536171
2007-07-09,57.508736
2007-07-10,56.451096
2007-07-11,56.718960
2007-07-12,57.584244
2007-07-13,57.563625
2007-07-16,57.076069
2007-07-17,57.089783
2007-07-18,56.794483
2007-07-19,56.931828
2007-07-20,55.970379
2007-07-23,55.764366
2007-07-24,54.335896
2007-07-25,54.267223
2007-07-26,52.639629
2007-07-27,51.437832
2007-07-30,52.206989
2007-07-31,51.712509
2007-08-01,51.932274
2007-08-02,52.186371
2007-08-03,49.858284
2007-08-06,50.634319
2007-08-07,50.984531
2007-08-08,52.673954
2007-08-09,51.108166
2007-08-10,52.323704
2007-08-13,51.664433
2007-08-14,50.476349
2007-08-15,49.926926
2007-08-16,51.437832
2007-08-17,52.550343
2007-08-20,52.481667
2007-08-21,52.660225
2007-08-22,53.360703
2007-08-23,52.680824
2007-08-24,53.230236
2007-08-27,52.639629
2007-08-28,51.190563
2007-08-29,52.502270
2007-08-30,52.124561
2007-08-31,52.680824
2007-09-04,53.161568
2007-09-05,52.522865
2007-09-06,52.433605
2007-09-07,51.575153
2007-09-10,50.840324
2007-09-11,51.849850
2007-09-12,51.266136
2007-09-13,51.527092
2007-09-14,51.726223
2007-09-17,51.307323
2007-09-18,53.539249
2007-09-19,54.301579
2007-09-20,53.649166
2007-09-21,53.635422
2007-09-24,53.202755
2007-09-25,52.887642
2007-09-26,53.328960
2007-09-27,53.439278
2007-09-28,52.935932
2007-10-01,54.252953
2007-10-02,54.535645
2007-10-03,54.349468
2007-10-04,54.418434
2007-10-05,55.432056
2007-10-08,55.045906
2007-10-09,55.390682
2007-10-10,55.170029
2007-10-11,54.577000
2007-10-12,54.942490
2007-10-15,54.101231
2007-10-16,53.556503
2007-10-17,53.577183
2007-10-18,53.322060
2007-10-19,51.508564
2007-10-22,52.666977
2007-10-23,52.784218
2007-10-24,52.356701
2007-10-25,52.391174
2007-10-26,53.273781
2007-10-29,53.128975
2007-10-30,52.604950
2007-10-31,53.501366
2007-11-01,51.253441
2007-11-02,51.060371
2007-11-05,50.563900
2007-11-06,51.294811
2007-11-07,49.777832
2007-11-08,50.163952
2007-11-09,49.839874
2007-11-12,49.502014
2007-11-13,51.287891
2007-11-14,50.867287
2007-11-15,50.184669
2007-11-16,49.646816
2007-11-19,48.502155
2007-11-20,48.757313
2007-11-21,47.888489
2007-11-23,48.991734
2007-11-26,47.398911
2007-11-27,47.929863
2007-11-28,49.915730
2007-11-29,49.508907
2007-11-30,49.557182
2007-12-03,48.984844
2007-12-04,48.198757
2007-12-05,49.233097
2007-12-06,50.591484
2007-12-07,50.405304
2007-12-10,51.177574
2007-12-11,49.364098
2007-12-12,49.619232
2007-12-13,49.384762
2007-12-14,48.184975
2007-12-17,47.640263
2007-12-18,48.522861
2007-12-19,48.702152
2007-12-20,49.508907
2007-12-21,50.681110
2007-12-24,51.032780
2007-12-26,51.308620
2007-12-27,49.981552
2007-12-28,49.371094
2007-12-31,48.892429
2008-01-02,48.358273
2008-01-03,47.470325
2008-01-04,46.228580
2008-01-07,46.464443
2008-01-08,45.215790
2008-01-09,45.638947
2008-01-10,46.270218
2008-01-11,45.229645
2008-01-14,45.659740
2008-01-15,44.716305
2008-01-16,45.146397
2008-01-17,44.008736
2008-01-18,43.391342
2008-01-22,43.530067
2008-01-23,45.396145
2008-01-24,45.139473
2008-01-25,44.952171
2008-01-28,46.131477
2008-01-29,46.242462
2008-01-30,45.548752
2008-01-31,47.012470
2008-02-01,48.039169
2008-02-04,47.581306
2008-02-05,46.214722
2008-02-06,45.791561
2008-02-07,46.582378
2008-02-08,46.228580
2008-02-11,46.069027
2008-02-12,46.499126
2008-02-13,47.553566
2008-02-14,46.415894
2008-02-15,46.304901
2008-02-19,46.256329
2008-02-20,46.922291
2008-02-21,45.944164
2008-02-22,45.999660
2008-02-25,47.116535
2008-02-26,47.345444
2008-02-27,47.394005
2008-02-28,46.554638
2008-02-29,45.521019
2008-03-03,45.083981
2008-03-04,44.868931
2008-03-05,44.966049
2008-03-06,43.606392
2008-03-07,43.682674
2008-03-10,42.933487
2008-03-11,45.070091
2008-03-12,44.459637
2008-03-13,45.271278
2008-03-14,44.251526
2008-03-17,43.530067
2008-03-18,45.756863
2008-03-19,44.639999
2008-03-20,45.742996
2008-03-24,46.979866
2008-03-25,47.132729
2008-03-26,46.861729
2008-03-27,46.097370
2008-03-28,45.465057
2008-03-31,45.562332
2008-04-01,47.431519
2008-04-02,47.480164
2008-04-03,47.535744
2008-04-04,47.528797
2008-04-07,47.403728
2008-04-08,47.334232
2008-04-09,46.347530
2008-04-10,46.903423
2008-04-11,45.930607
2008-04-14,45.569283
2008-04-15,46.187702
2008-04-16,47.507957
2008-04-17,47.320339
2008-04-18,47.980457
2008-04-21,47.820641
2008-04-22,46.903423
2008-04-23,46.785278
2008-04-24,47.431519
2008-04-25,47.737251
2008-04-28,48.105522
2008-04-29,47.626060
2008-04-30,47.362030
2008-05-01,48.230621
2008-05-02,48.063820
2008-05-05,47.890125
2008-05-06,48.049980
2008-05-07,47.403728
2008-05-08,47.368988
2008-05-09,47.452374
2008-05-12,48.181965
2008-05-13,48.432140
2008-05-14,48.362652
2008-05-15,48.821255
2008-05-16,48.522469
2008-05-19,48.612770
2008-05-20,48.390423
2008-05-21,47.834545
2008-05-22,47.980457
2008-05-23,47.653866
2008-05-27,48.216721
2008-05-28,48.459904
2008-05-29,48.904621
2008-05-30,48.835136
2008-06-02,48.633621
2008-06-03,48.341789
2008-06-04,48.696182
2008-06-05,49.863525
2008-06-06,48.404343
2008-06-09,48.216721
2008-06-10,47.938770
2008-06-11,46.965958
2008-06-12,47.132729
2008-06-13,47.792835
2008-06-16,48.237556
2008-06-17,47.785889
2008-06-18,47.556606
2008-06-19,47.876225
2008-06-20,47.139656
2008-06-23,46.528198
2008-06-24,45.791645
2008-06-25,46.354462
2008-06-26,45.249653
2008-06-27,44.853580
2008-06-30,44.276810
2008-07-01,44.457489
2008-07-02,43.188000
2008-07-03,42.761566
2008-07-07,42.265240
2008-07-08,44.152710
2008-07-09,42.600796
2008-07-10,43.055180
2008-07-11,43.313820
2008-07-14,42.551853
2008-07-15,42.062500
2008-07-16,44.026867
2008-07-17,45.054474
2008-07-18,44.907696
2008-07-21,45.187302
2008-07-22,46.718269
2008-07-23,47.172653
2008-07-24,45.872398
2008-07-25,46.368729
2008-07-28,45.257221
2008-07-29,46.739227
2008-07-30,46.795147
2008-07-31,46.326767
2008-08-01,46.711285
2008-08-04,46.005219
2008-08-05,47.291489
2008-08-06,47.627041
2008-08-07,46.543488
2008-08-08,48.123375
2008-08-11,49.423615
2008-08-12,49.095070
2008-08-13,49.018169
2008-08-14,49.493515
2008-08-15,49.647324
2008-08-18,48.787479
2008-08-19,47.969559
2008-08-20,48.060452
2008-08-21,47.508202
2008-08-22,48.486893
2008-08-25,47.410343
2008-08-26,47.480228
2008-08-27,48.109386
2008-08-28,49.199921
2008-08-29,48.745537
2008-09-02,49.032131
2008-09-03,49.472572
2008-09-04,48.046474
2008-09-05,48.060452
2008-09-08,49.521473
2008-09-09,47.997540
2008-09-10,48.465916
2008-09-11,48.794487
2008-09-12,48.787479
2008-09-15,46.746220
2008-09-16,48.228237
2008-09-17,45.739578
2008-09-18,49.171955
2008-09-19,52.017170
2008-09-22,49.213921
2008-09-23,48.263184
2008-09-24,47.969860
2008-09-25,47.871635
2008-09-26,48.152302
2008-09-29,44.475273
2008-09-30,47.183926
2008-10-01,46.089249
2008-10-02,43.878811
2008-10-03,42.861305
2008-10-06,41.857830
2008-10-07,38.707115
2008-10-08,37.843983
2008-10-09,34.384487
2008-10-10,36.398422
2008-10-13,39.198311
2008-10-14,38.419392
2008-10-15,34.735352
2008-10-16,36.889641
2008-10-17,36.012482
2008-10-20,37.465057
2008-10-21,36.370365
2008-10-22,34.644112
2008-10-23,33.612583
2008-10-24,32.321419
2008-10-27,31.198658
2008-10-28,33.507324
2008-10-29,33.851181
2008-10-30,35.675644
2008-10-31,37.289627
2008-11-03,37.303658
2008-11-04,37.752769
2008-11-05,35.366905
2008-11-06,34.272209
2008-11-07,34.959919
2008-11-10,33.956429
2008-11-11,33.324883
2008-11-12,31.367073
2008-11-13,34.342392
2008-11-14,31.500391
2008-11-17,31.303917
2008-11-18,31.226723
2008-11-19,28.651403
2008-11-20,26.686563
2008-11-21,28.265442
2008-11-24,30.223261
2008-11-25,30.861835
2008-11-26,32.377544
2008-11-28,33.086288
2008-12-01,28.904024
2008-12-02,30.539040
2008-12-03,31.731949
2008-12-04,30.854815
2008-12-05,32.237202
2008-12-08,33.472233
2008-12-09,32.160004
2008-12-10,33.030155
2008-12-11,31.219713
2008-12-12,32.356499
2008-12-15,31.388115
2008-12-16,33.563465
2008-12-17,33.844151
2008-12-18,33.388035
2008-12-19,33.773991
2008-12-22,33.184540
2008-12-23,32.619167
2008-12-24,32.838810
2008-12-26,33.327667
2008-12-29,32.555378
2008-12-30,33.766903
2008-12-31,34.836750
2009-01-02,34.928864
2009-01-05,35.013889
2009-01-06,35.601936
2009-01-07,34.553349
2009-01-08,34.829666
2009-01-09,33.313488
2009-01-12,32.399544
2009-01-13,32.895470
2009-01-14,31.322607
2009-01-15,31.712269
2009-01-16,32.059448
2009-01-20,29.657635
2009-01-21,31.159660
2009-01-22,30.096910
2009-01-23,30.422819
2009-01-26,30.741638
2009-01-27,31.060465
2009-01-28,32.328686
2009-01-29,30.812483
2009-01-30,30.033142
2009-02-02,30.493666
2009-02-03,30.451166
2009-02-04,30.096910
2009-02-05,30.458231
2009-02-06,31.648518
2009-02-09,31.542238
2009-02-10,29.955208
2009-02-11,30.040230
2009-02-12,30.125240
2009-02-13,29.565529
2009-02-17,28.481529
2009-02-18,28.035181
2009-02-19,27.496731
2009-02-20,27.128309
2009-02-23,26.044313
2009-02-24,27.114122
2009-02-25,26.575680
2009-02-26,26.079746
2009-02-27,25.860100
2009-03-02,24.563557
2009-03-03,24.053438
2009-03-04,24.379341
2009-03-05,22.891500
2009-03-06,22.983606
2009-03-09,22.452232
2009-03-10,24.095949
2009-03-11,24.053438
2009-03-12,25.633385
2009-03-13,26.044313
2009-03-16,25.498768
2009-03-17,26.866169
2009-03-18,27.865156
2009-03-19,27.574659
2009-03-20,26.589844
2009-03-23,28.942066
2009-03-24,27.774523
2009-03-25,28.422750
2009-03-26,29.683622
2009-03-27,28.515366
2009-03-30,27.617788
2009-03-31,28.109312
2009-04-01,28.493996
2009-04-02,30.153770
2009-04-03,30.581158
2009-04-06,30.082523
2009-04-07,29.006886
2009-04-08,29.526907
2009-04-09,31.492985
2009-04-13,31.507225
2009-04-14,30.217869
2009-04-15,31.022848
2009-04-16,31.827789
2009-04-17,32.126984
2009-04-20,30.111027
2009-04-21,31.549984
2009-04-22,31.393250
2009-04-23,31.322025
2009-04-24,31.891914
2009-04-27,31.386137
2009-04-28,31.528595
2009-04-29,32.725346
2009-04-30,32.426147
2009-05-01,32.461784
2009-05-04,33.943478
2009-05-05,33.551655
2009-05-06,33.950577
2009-05-07,33.195480
2009-05-08,34.570328
2009-05-11,34.121548
2009-05-12,33.245361
2009-05-13,31.649694
2009-05-14,32.169727
2009-05-15,32.034389
2009-05-18,33.273849
2009-05-19,33.131390
2009-05-20,32.682587
2009-05-21,32.183960
2009-05-22,32.005871
2009-05-26,33.544548
2009-05-27,32.454655
2009-05-28,32.575779
2009-05-29,33.195480
2009-06-01,34.548958
2009-06-02,34.855263
2009-06-03,34.634445
2009-06-04,35.140217
2009-06-05,35.047611
2009-06-08,34.705696
2009-06-09,34.776917
2009-06-10,34.534721
2009-06-11,34.484844
2009-06-12,34.541840
2009-06-15,33.708378
2009-06-16,33.117130
2009-06-17,33.323730
2009-06-18,33.487564
2009-06-19,33.558804
2009-06-22,32.497391
2009-06-23,32.134090
2009-06-24,32.340675
2009-06-25,33.295238
2009-06-26,33.252483
2009-06-29,33.366467
2009-06-30,33.145634
2009-07-01,33.808125
2009-07-02,32.691422
2009-07-06,32.419228
2009-07-07,31.702940
2009-07-08,31.531046
2009-07-09,31.430775
2009-07-10,31.473740
2009-07-13,32.361927
2009-07-14,32.555340
2009-07-15,33.909122
2009-07-16,34.403351
2009-07-17,34.138317
2009-07-20,34.632557
2009-07-21,34.510784
2009-07-22,34.697029
2009-07-23,35.907570
2009-07-24,36.186901
2009-07-27,36.430454
2009-07-28,36.466263
2009-07-29,36.301517
2009-07-30,37.024975
2009-07-31,36.874546
2009-08-03,37.719769
2009-08-04,38.156719
2009-08-05,37.991951
2009-08-06,37.576508
2009-08-07,38.665279
2009-08-10,38.830009
2009-08-11,38.049259
2009-08-12,38.693924
2009-08-13,38.930309
2009-08-14,38.106560
2009-08-17,36.960503
2009-08-18,37.504883
2009-08-19,37.884514
2009-08-20,38.335773
2009-08-21,39.388737
2009-08-24,39.331406
2009-08-25,39.560638
2009-08-26,39.625095
2009-08-27,39.567810
2009-08-28,39.410206
2009-08-31,38.744068
2009-09-01,37.676785
2009-09-02,37.332973
2009-09-03,37.791409
2009-09-04,38.235500
2009-09-08,38.801369
2009-09-09,39.331406
2009-09-10,39.882973
2009-09-11,40.019066
2009-09-14,40.448833
2009-09-15,40.900112
2009-09-16,41.809795
2009-09-17,41.695187
2009-09-18,41.824097
2009-09-21,41.551914
2009-09-22,41.987453
2009-09-23,41.419674
2009-09-24,40.585953
2009-09-25,40.320034
2009-09-28,41.376564
2009-09-29,41.240005
2009-09-30,40.557217
2009-10-01,39.241966
2009-10-02,38.983234
2009-10-05,39.773819
2009-10-06,40.435036
2009-10-07,40.528458
2009-10-08,40.981266
2009-10-09,41.477177
2009-10-12,41.469982
2009-10-13,41.240005
2009-10-14,42.023399
2009-10-15,42.016209
2009-10-16,41.462803
2009-10-19,41.822147
2009-10-20,41.319057
2009-10-21,40.758453
2009-10-22,41.369370
2009-10-23,40.463787
2009-10-26,40.032555
2009-10-27,39.630074
2009-10-28,38.336376
2009-10-29,39.162926
2009-10-30,37.998577
2009-11-02,37.797337
2009-11-03,38.250134
2009-11-04,37.718277
2009-11-05,38.846664
2009-11-06,38.861042
2009-11-09,39.687580
2009-11-10,39.378510
2009-11-11,39.730713
2009-11-12,38.904152
2009-11-13,39.313835
2009-11-16,40.355980
2009-11-17,40.413471
2009-11-18,40.470978
2009-11-19,39.414459
2009-11-20,39.400082
2009-11-23,40.140358
2009-11-24,39.939117
2009-11-25,39.917561
2009-11-27,38.846664
2009-11-30,38.997604
2009-12-01,39.737877
2009-12-02,40.097256
2009-12-03,39.515079
2009-12-04,40.564400
2009-12-07,40.657825
2009-12-08,40.320034
2009-12-09,40.255352
2009-12-10,40.082855
2009-12-11,40.499729
2009-12-14,41.081882
2009-12-15,40.916576
2009-12-16,41.175320
2009-12-17,40.787201
2009-12-18,41.110619
2009-12-21,41.656845
2009-12-22,42.059349
2009-12-23,42.549068
2009-12-24,42.766071
2009-12-28,42.700974
2009-12-29,42.650330
2009-12-30,42.657570
2009-12-31,41.984821
2010-01-04,43.091610
2010-01-05,42.932449
2010-01-06,42.845631
2010-01-07,43.352009
2010-01-08,43.590721
2010-01-11,43.344776
2010-01-12,42.823948
2010-01-13,43.467758
2010-01-14,43.648602
2010-01-15,43.084366
2010-01-19,43.909008
2010-01-20,43.279678
2010-01-21,42.585217
2010-01-22,41.767818
2010-01-25,41.869099
2010-01-26,41.471230
2010-01-27,41.869099
2010-01-28,41.189102
2010-01-29,40.820202
2010-02-01,41.275925
2010-02-02,41.717178
2010-02-03,41.362717
2010-02-04,39.981071
2010-02-05,40.154694
2010-02-08,39.706173
2010-02-09,40.248714
2010-02-10,40.313828
2010-02-11,40.892517
2010-02-12,41.203583
2010-02-16,41.977589
2010-02-17,42.266945
2010-02-18,42.700974
2010-02-19,42.867348
2010-02-22,43.062656
2010-02-23,42.505657
2010-02-24,42.903515
2010-02-25,42.932449
2010-02-26,42.672024
2010-03-01,43.612427
2010-03-02,44.003036
2010-03-03,44.147720
2010-03-04,44.350262
2010-03-05,45.261719
2010-03-08,45.355766
2010-03-09,45.558311
2010-03-10,45.941715
2010-03-11,46.014046
2010-03-12,45.977886
2010-03-15,45.797028
2010-03-16,46.274445
2010-03-17,46.643383
2010-03-18,46.498699
2010-03-19,45.891075
2010-03-22,46.491478
2010-03-23,47.048462
2010-03-24,46.611149
2010-03-25,46.248528
2010-03-26,46.306553
2010-03-29,46.538620
2010-03-30,46.647423
2010-03-31,46.299294
2010-04-01,46.756195
2010-04-05,47.728008
2010-04-06,48.090641
2010-04-07,48.054390
2010-04-08,48.039879
2010-04-09,48.300945
2010-04-12,48.467766
2010-04-13,48.649071
2010-04-14,49.657154
2010-04-15,49.823963
2010-04-16,49.055214
2010-04-19,48.931923
2010-04-20,49.584641
2010-04-21,49.976261
2010-04-22,50.643494
2010-04-23,51.332443
2010-04-26,51.100391
2010-04-27,49.773186
2010-04-28,49.918243
2010-04-29,51.064133
2010-04-30,49.454090
2010-05-03,50.628994
2010-05-04,48.968170
2010-05-05,48.228428
2010-05-06,46.335556
2010-05-07,45.044632
2010-05-10,47.691772
2010-05-11,48.003609
2010-05-12,49.483097
2010-05-13,48.917404
2010-05-14,47.938335
2010-05-17,47.938335
2010-05-18,46.988277
2010-05-19,46.379070
2010-05-20,43.869751
2010-05-21,44.609486
2010-05-24,43.760960
2010-05-25,43.818977
2010-05-26,43.891491
2010-05-27,45.922176
2010-05-28,45.378246
2010-06-01,43.775463
2010-06-02,45.073666
2010-06-03,45.501541
2010-06-04,43.079227
2010-06-07,42.063892
2010-06-08,42.071148
2010-06-09,42.049385
2010-06-10,43.594166
2010-06-11,44.167076
2010-06-14,44.435436
2010-06-15,45.610321
2010-06-16,45.421761
2010-06-17,45.429001
2010-06-18,45.479771
2010-06-21,45.030128
2010-06-22,44.058308
2010-06-23,43.876991
2010-06-24,43.137230
2010-06-25,43.993042
2010-06-28,43.550640
2010-06-29,41.911591
2010-06-30,41.367680
2010-07-01,41.070332
2010-07-02,40.593525
2010-07-06,40.039429
2010-07-07,41.402756
2010-07-08,42.088062
2010-07-09,42.758812
2010-07-12,42.321365
2010-07-13,43.684704
2010-07-14,43.465969
2010-07-15,43.028549
2010-07-16,41.482967
2010-07-19,41.606907
2010-07-20,42.386982
2010-07-21,41.555862
2010-07-22,43.108742
2010-07-23,44.107533
2010-07-26,45.011562
2010-07-27,45.011562
2010-07-28,44.348125
2010-07-29,44.297081
2010-07-30,44.297081
2010-08-02,45.040733
2010-08-03,44.668915
2010-08-04,45.150089
2010-08-05,44.661621
2010-08-06,44.406467
2010-08-09,44.894917
2010-08-10,44.092976
2010-08-11,42.343243
2010-08-12,42.066200
2010-08-13,41.621490
2010-08-16,41.927681
2010-08-17,42.678616
2010-08-18,42.766087
2010-08-19,41.555862
2010-08-20,41.519405
2010-08-23,40.899715
2010-08-24,40.535191
2010-08-25,41.096558
2010-08-26,40.783073
2010-08-27,41.818310
2010-08-30,40.914310
2010-08-31,40.972622
2010-09-01,42.474464
2010-09-02,42.860882
2010-09-03,43.640965
2010-09-07,42.729641
2010-09-08,42.970215
2010-09-09,43.086868
2010-09-10,43.203518
2010-09-13,44.180447
2010-09-14,43.939854
2010-09-15,44.129417
2010-09-16,43.728447
2010-09-17,43.874252
2010-09-20,45.091763
2010-09-21,44.836582
2010-09-22,44.224186
2010-09-23,43.607407
2010-09-24,44.982937
2010-09-27,44.865871
2010-09-28,45.297535
2010-09-29,45.429234
2010-09-30,45.356083
2010-10-01,45.553635
2010-10-04,45.004871
2010-10-05,46.190193
2010-10-06,46.256042
2010-10-07,46.051159
2010-10-08,46.629177
2010-10-11,46.643806
2010-10-12,46.753567
2010-10-13,47.507160
2010-10-14,47.499863
2010-10-15,47.221832
2010-10-18,47.924232
2010-10-19,46.951107
2010-10-20,47.463284
2010-10-21,47.214512
2010-10-22,47.309631
2010-10-25,47.507160
2010-10-26,47.455963
2010-10-27,47.221832
2010-10-28,46.973061
2010-10-29,47.104755
2010-11-01,46.797447
2010-11-02,47.785217
2010-11-03,47.931549
2010-11-04,49.241226
2010-11-05,49.563179
2010-11-08,49.468067
2010-11-09,48.751019
2010-11-10,49.321728
2010-11-11,49.182686
2010-11-12,48.312008
2010-11-15,48.319336
2010-11-16,47.324253
2010-11-17,47.477901
2010-11-18,48.282749
2010-11-19,48.421780
2010-11-22,48.451031
2010-11-23,47.968124
2010-11-24,49.014427
2010-11-26,48.721745
2010-11-29,48.765648
2010-11-30,48.333965
2010-12-01,49.358303
2010-12-02,49.892422
2010-12-03,50.192417
2010-12-06,50.521648
2010-12-07,50.733837
2010-12-08,50.785072
2010-12-09,50.946026
2010-12-10,51.597183
2010-12-13,51.406967
2010-12-14,51.385021
2010-12-15,51.092361
2010-12-16,51.502087
2010-12-17,51.487465
2010-12-20,51.802086
2010-12-21,52.431313
2010-12-22,52.598511
2010-12-23,52.539600
2010-12-27,52.708984
2010-12-28,52.686901
2010-12-29,52.775288
2010-12-30,52.723728
2010-12-31,52.362804
2011-01-03,53.320339
2011-01-04,52.488018
2011-01-05,52.996246
2011-01-06,52.760559
2011-01-07,52.458561
2011-01-10,52.605888
2011-01-11,52.893120
2011-01-12,53.357189
2011-01-13,53.209854
2011-01-14,53.725468
2011-01-18,53.806473
2011-01-19,52.458561
2011-01-20,52.104992
2011-01-21,51.817741
2011-01-24,52.215485
2011-01-25,52.502750
2011-01-26,53.231949
2011-01-27,53.393997
2011-01-28,52.075542
2011-01-31,52.296509
2011-02-01,53.467670
2011-02-02,53.246704
2011-02-03,53.364525
2011-02-04,53.246704
2011-02-07,53.777016
2011-02-08,54.079014
2011-02-09,53.880127
2011-02-10,53.997982
2011-02-11,54.557781
2011-02-14,54.778736
2011-02-15,54.550400
2011-02-16,54.962906
2011-02-17,55.368008
2011-02-18,55.485867
2011-02-22,54.137939
2011-02-23,53.364525
2011-02-24,53.570789
2011-02-25,54.800858
2011-02-28,54.962906
2011-03-01,53.916973
2011-03-02,54.071651
2011-03-03,55.161785
2011-03-04,54.786129
2011-03-07,53.975887
2011-03-08,54.852413
2011-03-09,54.741932
2011-03-10,53.335079
2011-03-11,53.438190
2011-03-14,53.069920
2011-03-15,52.620594
2011-03-16,51.994522
2011-03-17,52.252323
2011-03-18,53.003620
2011-03-21,54.211586
2011-03-22,53.990631
2011-03-23,53.953770
2011-03-24,54.202126
2011-03-25,54.630775
2011-03-28,54.438622
2011-03-29,54.837704
2011-03-30,55.510254
2011-03-31,55.709766
2011-04-01,55.968437
2011-04-04,56.131031
2011-04-05,56.256691
2011-04-06,56.537537
2011-04-07,56.160595
2011-04-08,55.525009
2011-04-11,54.955963
2011-04-12,54.290806
2011-04-13,54.098644
2011-04-14,54.386856
2011-04-15,54.926384
2011-04-18,54.128208
2011-04-19,54.054317
2011-04-20,54.963341
2011-04-21,55.288509
2011-04-25,55.281155
2011-04-26,55.901932
2011-04-27,56.182766
2011-04-28,56.441456
2011-04-29,56.604031
2011-05-02,56.042347
2011-05-03,55.561977
2011-05-04,54.889420
2011-05-05,54.615978
2011-05-06,54.704670
2011-05-09,55.214634
2011-05-10,56.101479
2011-05-11,55.148109
2011-05-12,55.532421
2011-05-13,54.756405
2011-05-16,54.135601
2011-05-17,53.965622
2011-05-18,54.667725
2011-05-19,54.771179
2011-05-20,54.342541
2011-05-23,53.536957
2011-05-24,53.293079
2011-05-25,53.825199
2011-05-26,54.431244
2011-05-27,54.830322
2011-05-31,55.643265
2011-06-01,53.958229
2011-06-02,53.891727
2011-06-03,53.167446
2011-06-06,52.450562
2011-06-07,52.546631
2011-06-08,52.066238
2011-06-09,52.169716
2011-06-10,51.393730
2011-06-13,51.327217
2011-06-14,52.354488
2011-06-15,51.497181
2011-06-16,51.741077
2011-06-17,51.851921
2011-06-20,52.354488
2011-06-21,53.300480
2011-06-22,52.908791
2011-06-23,52.820095
2011-06-24,52.561417
2011-06-27,52.901382
2011-06-28,53.551773
2011-06-29,53.758690
2011-06-30,54.253876
2011-07-01,55.044640
2011-07-05,55.021618
2011-07-06,55.222164
2011-07-07,56.061432
2011-07-08,55.712364
2011-07-11,54.605671
2011-07-12,54.434868
2011-07-13,54.828484
2011-07-14,53.974361
2011-07-15,54.256603
2011-07-18,53.417309
2011-07-19,54.405136
2011-07-20,54.427414
2011-07-21,55.170177
2011-07-22,55.014202
2011-07-25,54.420017
2011-07-26,54.108036
2011-07-27,52.689445
2011-07-28,52.570583
2011-07-29,52.533455
2011-08-01,52.273502
2011-08-02,50.758312
2011-08-03,50.944016
2011-08-04,48.121651
2011-08-05,47.334332
2011-08-08,43.189896
2011-08-09,46.093979
2011-08-10,43.613251
2011-08-11,45.655762
2011-08-12,45.715187
2011-08-15,47.096661
2011-08-16,46.339058
2011-08-17,46.487606
2011-08-18,44.073734
2011-08-19,43.241894
2011-08-22,43.197319
2011-08-23,45.009583
2011-08-24,45.722607
2011-08-25,44.623356
2011-08-26,45.499779
2011-08-29,47.675991
2011-08-30,47.757706
2011-08-31,47.750259
2011-09-01,46.613880
2011-09-02,44.868469
2011-09-06,44.690224
2011-09-07,46.450478
2011-09-08,45.581474
2011-09-09,44.311417
2011-09-12,44.697628
2011-09-13,45.403217
2011-09-14,46.138538
2011-09-15,46.740135
2011-09-16,46.829266
2011-09-19,45.908283
2011-09-20,45.254681
2011-09-21,43.464706
2011-09-22,42.380295
2011-09-23,42.803558
2011-09-26,43.706821
2011-09-27,44.535416
2011-09-28,42.908073
2011-09-29,43.923294
2011-09-30,42.572166
2011-10-03,40.422279
2011-10-04,43.034973
2011-10-05,43.438072
2011-10-06,44.371193
2011-10-07,43.109631
2011-10-10,44.990772
2011-10-11,45.356541
2011-10-12,46.080639
2011-10-13,45.894028
2011-10-14,46.752487
2011-10-17,45.274437
2011-10-18,46.670368
2011-10-19,45.916428
2011-10-20,46.050789
2011-10-21,47.095860
2011-10-24,48.469379
2011-10-25,47.133194
2011-10-26,47.849812
2011-10-27,50.425198
2011-10-28,50.089279
2011-10-31,48.730671
2011-11-01,46.961498
2011-11-02,48.178272
2011-11-03,49.320389
2011-11-04,48.947147
2011-11-07,48.954628
2011-11-08,49.686176
2011-11-09,47.304897
2011-11-10,47.745304
2011-11-11,48.917301
2011-11-14,48.126015
2011-11-15,48.693344
2011-11-16,48.036442
2011-11-17,47.446716
2011-11-18,47.610954
2011-11-21,46.498684
2011-11-22,45.983601
2011-11-23,44.699638
2011-11-25,44.050201
2011-11-28,45.923889
2011-11-29,45.819378
2011-11-30,48.633636
2011-12-01,48.193207
2011-12-02,48.357437
2011-12-05,49.126305
2011-12-06,49.253223
2011-12-07,49.275608
2011-12-08,47.648254
2011-12-09,49.036736
2011-12-12,48.394753
2011-12-13,47.506443
2011-12-14,47.088398
2011-12-15,47.595997
2011-12-16,47.999115
2011-12-19,47.095860
2011-12-20,48.969543
2011-12-21,49.350243
2011-12-22,49.755241
2011-12-23,49.860424
2011-12-27,50.018223
2011-12-28,49.334484
2011-12-29,49.665066
2011-12-30,49.319443
2012-01-03,50.251148
2012-01-04,50.018223
2012-01-05,50.236111
2012-01-06,50.123409
2012-01-09,50.213573
2012-01-10,50.927372
2012-01-11,51.122726
2012-01-12,51.303047
2012-01-13,50.979961
2012-01-17,50.852242
2012-01-18,51.791428
2012-01-19,51.964264
2012-01-20,52.182144
2012-01-23,52.144562
2012-01-24,52.430092
2012-01-25,52.820808
2012-01-26,52.730648
2012-01-27,52.986122
2012-01-30,52.640476
2012-01-31,52.632961
2012-02-01,53.677361
2012-02-02,53.962883
2012-02-03,55.104942
2012-02-06,54.879524
2012-02-07,54.789368
2012-02-08,54.939644
2012-02-09,54.654121
2012-02-10,53.895260
2012-02-13,54.518879
2012-02-14,54.248383
2012-02-15,53.759991
2012-02-16,54.826935
2012-02-17,54.924614
2012-02-21,54.563972
2012-02-22,53.970379
2012-02-23,54.691681
2012-02-24,54.488823
2012-02-27,54.421207
2012-02-28,54.255905
2012-02-29,53.399345
2012-03-01,53.609715
2012-03-02,52.850838
2012-03-05,53.023666
2012-03-06,52.054424
2012-03-07,52.535294
2012-03-08,53.106335
2012-03-09,53.842648
2012-03-12,53.782536
2012-03-13,54.954670
2012-03-14,54.503853
2012-03-15,54.999737
2012-03-16,54.977234
2012-03-19,55.480618
2012-03-20,55.007248
2012-03-21,54.932129
2012-03-22,54.406178
2012-03-23,54.919216
2012-03-26,55.952862
2012-03-27,55.522800
2012-03-28,55.424732
2012-03-29,55.273827
2012-03-30,55.055035
2012-04-02,55.794441
2012-04-03,55.371922
2012-04-04,54.549534
2012-04-05,54.247719
2012-04-09,53.432892
2012-04-10,52.210609
2012-04-11,52.912270
2012-04-12,53.689419
2012-04-13,52.859463
2012-04-16,53.146152
2012-04-17,53.923321
2012-04-18,53.349892
2012-04-19,53.116001
2012-04-20,53.485691
2012-04-23,52.753853
2012-04-24,53.274445
2012-04-25,53.968571
2012-04-26,54.391068
2012-04-27,54.851315
2012-04-30,54.217545
2012-05-01,54.232635
2012-05-02,54.262829
2012-05-03,53.629055
2012-05-04,52.625572
2012-05-07,52.814201
2012-05-08,52.927368
2012-05-09,52.640678
2012-05-10,52.919819
2012-05-11,52.723663
2012-05-14,52.097450
2012-05-15,52.006901
2012-05-16,51.599483
2012-05-17,50.550747
2012-05-18,50.090500
2012-05-21,51.010990
2012-05-22,50.761990
2012-05-23,50.995892
2012-05-24,51.207130
2012-05-25,51.146797
2012-05-29,51.803196
2012-05-30,50.860073
2012-05-31,50.920422
2012-06-01,49.562359
2012-06-04,49.351109
2012-06-05,49.909435
2012-06-06,51.071346
2012-06-07,50.814812
2012-06-08,51.433472
2012-06-11,50.316849
2012-06-12,50.912888
2012-06-13,50.399845
2012-06-14,51.063793
2012-06-15,51.637211
2012-06-18,51.554214
2012-06-19,52.512405
2012-06-20,52.414318
2012-06-21,51.259960
2012-06-22,51.810738
2012-06-25,50.958134
2012-06-26,51.107784
2012-06-27,51.912884
2012-06-28,52.041985
2012-06-29,53.462261
2012-07-02,53.963562
2012-07-03,54.654713
2012-07-05,54.578766
2012-07-06,54.100269
2012-07-09,53.819267
2012-07-10,53.355953
2012-07-11,53.234425
2012-07-12,53.014172
2012-07-13,53.652161
2012-07-16,53.477482
2012-07-17,53.644577
2012-07-18,53.887615
2012-07-19,53.636967
2012-07-20,53.097713
2012-07-23,52.239460
2012-07-24,51.555882
2012-07-25,51.578682
2012-07-26,52.041985
2012-07-27,53.280003
2012-07-30,53.181267
2012-07-31,52.793919
2012-08-01,51.920471
2012-08-02,51.631832
2012-08-03,52.938221
2012-08-06,53.317986
2012-08-07,53.636967
2012-08-08,53.766087
2012-08-09,53.948391
2012-08-10,53.849640
2012-08-13,53.773663
2012-08-14,53.576218
2012-08-15,54.001545
2012-08-16,54.578766
2012-08-17,55.019276
2012-08-20,55.026897
2012-08-21,55.049686
2012-08-22,54.700264
2012-08-23,54.221790
2012-08-24,54.312950
2012-08-27,54.457230
2012-08-28,54.677517
2012-08-29,54.859810
2012-08-30,54.312950
2012-08-31,54.616760
2012-09-04,55.080055
2012-09-05,55.110420
2012-09-06,56.097790
2012-09-07,56.606697
2012-09-10,56.356045
2012-09-11,56.599083
2012-09-12,56.910500
2012-09-13,57.761158
2012-09-14,58.383934
2012-09-17,57.981396
2012-09-18,57.799110
2012-09-19,57.647198
2012-09-20,57.419334
2012-09-21,57.669994
2012-09-24,57.622673
2012-09-25,56.790779
2012-09-26,56.454964
2012-09-27,56.958683
2012-09-28,56.432056
2012-10-01,56.676289
2012-10-02,56.790779
2012-10-03,56.615231
2012-10-04,57.088428
2012-10-05,57.050289
2012-10-08,56.744984
2012-10-09,56.164936
2012-10-10,56.042835
2012-10-11,56.302299
2012-10-12,55.714645
2012-10-15,56.004662
2012-10-16,56.355747
2012-10-17,57.004494
2012-10-18,56.722076
2012-10-19,55.745174
2012-10-22,55.813854
2012-10-23,55.462799
2012-10-24,55.394089
2012-10-25,55.600159
2012-10-26,55.386452
2012-10-31,55.577271
2012-11-01,56.317600
2012-11-02,55.546753
2012-11-05,55.790958
2012-11-06,56.302299
2012-11-07,54.714836
2012-11-08,53.966881
2012-11-09,54.043194
2012-11-12,53.882927
2012-11-13,53.516582
2012-11-14,52.509140
2012-11-15,52.211502
2012-11-16,52.677032
2012-11-19,53.806614
2012-11-20,53.844765
2012-11-21,54.119522
2012-11-23,54.722466
2012-11-26,54.875118
2012-11-27,54.798767
2012-11-28,55.218544
2012-11-29,55.859653
2012-11-30,55.867271
2012-12-03,55.905453
2012-12-04,56.027584
2012-12-05,56.004662
2012-12-06,56.126789
2012-12-07,56.172550
2012-12-10,56.447353
2012-12-11,56.943436
2012-12-12,56.676289
2012-12-13,56.332855
2012-12-14,56.378635
2012-12-17,57.164780
2012-12-18,57.912689
2012-12-19,58.047623
2012-12-20,58.386940
2012-12-21,58.163292
2012-12-24,57.847153
2012-12-26,57.538712
2012-12-27,57.484753
2012-12-28,57.045235
2012-12-31,58.224998
2013-01-02,60.044773
2013-01-03,59.898262
2013-01-04,60.260681
2013-01-07,59.959938
2013-01-08,59.913639
2013-01-09,60.083324
2013-01-10,60.252960
2013-01-11,60.152740
2013-01-14,60.160427
2013-01-15,60.322380
2013-01-16,60.206699
2013-01-17,60.761890
2013-01-18,60.939232
2013-01-22,61.440449
2013-01-23,61.286232
2013-01-24,61.386478
2013-01-25,61.617783
2013-01-28,61.841393
2013-01-29,61.972507
2013-01-30,61.270802
2013-01-31,61.694885
2013-02-01,62.280930
2013-02-04,61.479008
2013-02-05,61.987896
2013-02-06,62.273224
2013-02-07,62.072723
2013-02-08,62.465965
2013-02-11,62.458275
2013-02-12,62.851540
2013-02-13,63.098293
2013-02-14,63.244781
2013-02-15,63.283337
2013-02-19,63.838520
2013-02-20,62.581654
2013-02-21,61.987896
2013-02-22,62.666462
2013-02-25,61.332497
2013-02-26,61.656345
2013-02-27,62.257809
2013-02-28,62.311760
2013-03-01,62.581654
2013-03-04,62.643341
2013-03-05,63.275642
2013-03-06,63.429848
2013-03-07,63.730572
2013-03-08,64.208649
2013-03-11,64.162392
2013-03-12,64.023582
2013-03-13,64.301170
2013-03-14,65.026016
2013-03-15,65.126228
2013-03-18,64.756149
2013-03-19,64.509369
2013-03-20,65.010574
2013-03-21,64.524796
2013-03-22,64.609634
2013-03-25,64.723351
2013-03-26,64.924629
2013-03-27,65.009743
2013-03-28,64.862709
2013-04-01,64.173912
2013-04-02,63.794678
2013-04-03,62.850449
2013-04-04,63.368996
2013-04-05,63.330334
2013-04-08,63.941723
2013-04-09,63.740494
2013-04-10,64.831726
2013-04-11,64.924629
2013-04-12,64.615059
2013-04-15,62.122993
2013-04-16,63.129078
2013-04-17,61.914032
2013-04-18,61.774731
2013-04-19,62.479019
2013-04-22,62.595089
2013-04-23,63.639893
2013-04-24,64.096489
2013-04-25,64.351875
2013-04-26,63.926266
2013-04-29,64.444771
2013-04-30,64.885933
2013-05-01,63.283890
2013-05-02,64.274483
2013-05-03,65.334785
2013-05-06,65.775925
2013-05-07,66.379578
2013-05-08,66.549850
2013-05-09,66.271233
2013-05-10,66.665894
2013-05-13,66.426018
2013-05-14,67.176735
2013-05-15,67.401154
2013-05-16,67.184479
2013-05-17,67.857803
2013-05-20,68.198296
2013-05-21,68.175095
2013-05-22,67.021957
2013-05-23,67.021957
2013-05-24,67.068375
2013-05-28,67.865532
2013-05-29,67.168999
2013-05-30,67.594650
2013-05-31,66.805244
2013-06-03,67.463066
2013-06-04,66.836212
2013-06-05,65.946167
2013-06-06,66.650475
2013-06-07,67.052879
2013-06-10,67.478561
2013-06-11,66.557587
2013-06-12,65.876534
2013-06-13,67.207672
2013-06-14,66.665894
2013-06-17,67.029655
2013-06-18,67.842293
2013-06-19,66.905830
2013-06-20,65.195488
2013-06-21,65.427681
2013-06-24,64.522163
2013-06-25,65.296074
2013-06-26,65.559212
2013-06-27,66.611755
2013-06-28,66.480194
2013-07-01,67.223183
2013-07-02,67.323601
2013-07-03,67.401436
2013-07-05,68.242188
2013-07-08,68.522453
2013-07-09,69.223091
2013-07-10,69.363251
2013-07-11,70.110535
2013-07-12,70.196213
2013-07-15,70.717789
2013-07-16,70.585442
2013-07-17,70.834572
2013-07-18,71.527405
2013-07-19,71.605286
2013-07-22,71.955605
2013-07-23,71.940033
2013-07-24,71.348396
2013-07-25,71.901093
2013-07-26,71.496277
2013-07-29,70.904633
2013-07-30,70.904633
2013-07-31,70.826797
2013-08-01,71.589699
2013-08-02,71.504074
2013-08-05,71.628609
2013-08-06,70.951332
2013-08-07,70.569878
2013-08-08,70.850143
2013-08-09,70.709999
2013-08-12,71.013618
2013-08-13,70.826797
2013-08-14,70.554298
2013-08-15,69.402130
2013-08-16,69.020683
2013-08-19,68.179924
2013-08-20,69.191956
2013-08-21,68.662598
2013-08-22,69.620125
2013-08-23,69.768028
2013-08-26,69.666847
2013-08-27,68.195503
2013-08-28,68.234413
2013-08-29,68.756004
2013-08-30,67.673920
2013-09-03,67.915222
2013-09-04,68.444649
2013-09-05,68.631462
2013-09-06,68.802719
2013-09-09,69.806969
2013-09-10,70.406403
2013-09-11,70.429741
2013-09-12,69.978218
2013-09-13,70.250694
2013-09-16,70.515388
2013-09-17,71.138161
2013-09-18,71.940033
2013-09-19,71.722015
2013-09-20,71.589699
2013-09-23,71.613037
2013-09-24,71.752090
2013-09-25,71.673988
2013-09-26,71.884880
2013-09-27,71.556793
2013-09-30,71.580231
2013-10-01,72.298843
2013-10-02,71.908295
2013-10-03,71.166245
2013-10-04,71.556793
2013-10-07,70.916313
2013-10-08,70.135231
2013-10-09,70.096153
2013-10-10,71.627113
2013-10-11,72.806564
2013-10-14,73.025284
2013-10-15,72.400383
2013-10-16,73.111206
2013-10-17,73.884506
2013-10-18,74.657791
2013-10-21,74.556259
2013-10-22,74.821815
2013-10-23,74.579689
2013-10-24,74.923347
2013-10-25,75.102997
2013-10-28,75.118637
2013-10-29,75.149887
2013-10-30,74.353172
2013-10-31,73.876701
2013-11-01,73.681412
2013-11-04,74.462517
2013-11-05,74.118828
2013-11-06,74.009476
2013-11-07,72.861275
2013-11-08,74.087593
2013-11-11,73.939163
2013-11-12,73.884506
2013-11-13,74.462517
2013-11-14,74.626518
2013-11-15,74.829636
2013-11-18,74.431274
2013-11-19,74.087593
2013-11-20,74.032906
2013-11-21,75.204552
2013-11-22,75.618546
2013-11-25,75.720100
2013-11-26,76.149712
2013-11-27,76.704277
2013-11-29,76.665222
2013-12-02,75.946617
2013-12-03,75.563858
2013-12-04,75.399834
2013-12-05,75.438911
2013-12-06,76.071579
2013-12-09,76.016899
2013-12-10,75.337372
2013-12-11,74.314102
2013-12-12,74.509392
2013-12-13,74.696869
2013-12-16,75.509186
2013-12-17,75.384209
2013-12-18,76.485573
2013-12-19,75.806023
2013-12-20,76.985512
2013-12-23,77.761414
2013-12-24,78.154556
2013-12-26,78.154556
2013-12-27,78.146683
2013-12-30,78.020889
2013-12-31,78.225311
2014-01-02,77.360497
2014-01-03,77.564896
2014-01-06,77.030304
2014-01-07,77.557007
2014-01-08,77.376190
2014-01-09,77.211128
2014-01-10,77.494125
2014-01-13,76.558586
2014-01-14,77.360497
2014-01-15,77.863655
2014-01-16,77.816467
2014-01-17,77.580612
2014-01-21,78.217430
2014-01-22,78.641960
2014-01-23,78.013008
2014-01-24,76.236267
2014-01-27,75.379303
2014-01-28,75.858871
2014-01-29,74.852547
2014-01-30,75.835289
2014-01-31,75.190620
2014-02-03,73.005013
2014-02-04,73.523918
2014-02-05,73.012894
2014-02-06,73.618256
2014-02-07,74.097839
2014-02-10,74.207878
2014-02-11,75.049110
2014-02-12,75.308533
2014-02-13,76.149788
2014-02-14,76.464233
2014-02-18,77.140358
2014-02-19,76.251968
2014-02-20,76.880936
2014-02-21,77.061722
2014-02-24,77.769310
2014-02-25,77.643517
2014-02-26,78.060219
2014-02-27,78.508316
2014-02-28,78.618362
2014-03-03,78.240990
2014-03-04,80.104263
2014-03-05,79.907707
2014-03-06,80.096397
2014-03-07,80.002060
2014-03-10,79.844849
2014-03-11,79.137268
2014-03-12,79.396721
2014-03-13,78.759895
2014-03-14,79.066513
2014-03-17,79.459618
2014-03-18,80.332283
2014-03-19,79.836975
2014-03-20,80.119995
2014-03-21,80.167152
2014-03-24,79.695457
2014-03-25,79.769630
2014-03-26,78.278366
2014-03-27,78.104790
2014-03-28,78.341515
2014-03-31,79.564461
2014-04-01,80.440269
2014-04-02,80.858452
2014-04-03,80.353485
2014-04-04,78.838593
2014-04-07,77.923309
2014-04-08,78.388824
2014-04-09,79.027924
2014-04-10,77.260536
2014-04-11,76.392616
2014-04-14,76.676659
2014-04-15,77.110626
2014-04-16,77.670837
2014-04-17,78.175797
2014-04-21,78.357285
2014-04-22,78.972702
2014-04-23,78.688675
2014-04-24,78.522987
2014-04-25,77.513031
2014-04-28,77.142181
2014-04-29,77.071159
2014-04-30,77.552467
2014-05-01,77.339447
2014-05-02,77.513031
2014-05-05,77.331558
2014-05-06,76.274261
2014-05-07,76.716156
2014-05-08,76.140137
2014-05-09,76.731911
2014-05-12,78.215240
2014-05-13,77.560371
2014-05-14,76.242699
2014-05-15,75.674614
2014-05-16,76.061249
2014-05-19,76.700348
2014-05-20,75.737747
2014-05-21,75.974434
2014-05-22,76.589882
2014-05-23,77.363129
2014-05-27,78.420380
2014-05-28,77.978577
2014-05-29,78.238914
2014-05-30,78.010147
2014-06-02,77.781281
2014-06-03,77.615639
2014-06-04,77.797081
2014-06-05,79.406677
2014-06-06,80.211479
2014-06-09,80.763779
2014-06-10,80.534950
2014-06-11,80.069420
2014-06-12,79.611816
2014-06-13,79.572388
2014-06-16,79.651260
2014-06-17,80.258827
2014-06-18,80.803261
2014-06-19,80.850586
2014-06-20,81.103058
2014-06-23,80.850586
2014-06-24,80.101006
2014-06-25,80.771660
2014-06-26,80.700645
2014-06-27,81.174065
2014-06-30,81.473907
2014-07-01,82.270813
2014-07-02,81.814575
2014-07-03,82.266815
2014-07-07,81.148170
2014-07-08,80.537270
2014-07-09,80.608635
2014-07-10,79.799400
2014-07-11,79.529633
2014-07-14,79.862854
2014-07-15,79.339218
2014-07-16,79.244026
2014-07-17,78.125320
2014-07-18,79.164711
2014-07-21,78.767990
2014-07-22,79.236099
2014-07-23,79.140877
2014-07-24,78.950462
2014-07-25,78.236389
2014-07-28,77.966652
2014-07-29,77.839684
2014-07-30,77.974586
2014-07-31,76.459175
2014-08-01,76.189453
2014-08-04,76.713089
2014-08-05,76.427475
2014-08-06,76.816238
2014-08-07,76.387817
2014-08-08,77.101875
2014-08-11,77.704834
2014-08-12,77.252586
2014-08-13,77.688965
2014-08-14,77.903175
2014-08-15,77.784164
2014-08-18,78.799713
2014-08-19,79.069481
2014-08-20,78.879059
2014-08-21,79.244026
2014-08-22,79.188477
2014-08-25,79.378883
2014-08-26,79.894577
2014-08-27,79.767670
2014-08-28,79.410614
2014-08-29,79.775597
2014-09-02,80.188126
2014-09-03,79.759720
2014-09-04,79.458237
2014-09-05,79.743820
2014-09-08,79.696259
2014-09-09,78.886978
2014-09-10,79.117050
2014-09-11,79.648628
2014-09-12,78.783844
2014-09-15,78.085648
2014-09-16,78.260208
2014-09-17,78.387138
2014-09-18,78.736244
2014-09-19,77.855576
2014-09-22,76.832100
2014-09-23,76.038681
2014-09-24,76.331635
2014-09-25,75.249054
2014-09-26,75.766464
2014-09-29,75.511742
2014-09-30,74.476875
2014-10-01,73.664925
2014-10-02,74.150528
2014-10-03,74.580376
2014-10-06,74.238091
2014-10-07,73.163422
2014-10-08,74.556488
2014-10-09,72.741508
2014-10-10,72.088791
2014-10-13,72.080826
2014-10-14,72.956459
2014-10-15,73.386330
2014-10-16,74.206253
2014-10-17,73.935593
2014-10-20,74.659973
2014-10-21,75.782372
2014-10-22,74.906715
2014-10-23,75.981384
2014-10-24,76.108749
2014-10-27,76.076897
2014-10-28,78.138641
2014-10-29,78.019234
2014-10-30,78.616272
2014-10-31,79.667030
2014-11-03,79.579475
2014-11-04,79.197342
2014-11-05,79.571503
2014-11-06,79.738625
2014-11-07,79.977486
2014-11-10,80.272011
2014-11-11,80.279968
2014-11-12,80.646133
2014-11-13,79.961571
2014-11-14,79.802338
2014-11-17,79.221245
2014-11-18,79.539658
2014-11-19,78.703842
2014-11-20,79.515785
2014-11-21,79.547653
2014-11-24,80.343666
2014-11-25,80.391426
2014-11-26,80.574501
2014-11-28,79.364525
2014-12-01,78.242126
2014-12-02,79.006302
2014-12-03,79.738625
2014-12-04,79.396385
2014-12-05,79.889938
2014-12-08,78.974472
2014-12-09,80.208313
2014-12-10,78.552551
2014-12-11,78.711784
2014-12-12,77.668976
2014-12-15,76.960526
2014-12-16,77.000320
2014-12-17,79.205322
2014-12-18,80.240189
2014-12-19,80.463066
2014-12-22,80.980476
2014-12-23,81.362579
2014-12-24,81.528419
2014-12-26,81.985085
2014-12-29,82.497849
2014-12-30,82.105270
2014-12-31,81.464317
2015-01-02,81.063728
2015-01-05,79.958122
2015-01-06,78.620140
2015-01-07,79.285103
2015-01-08,80.494911
2015-01-09,79.573524
2015-01-12,79.261047
2015-01-13,79.381248
2015-01-14,79.060753
2015-01-15,78.011238
2015-01-16,79.261047
2015-01-20,78.620140
2015-01-21,78.547997
2015-01-22,80.262550
2015-01-23,79.902016
2015-01-26,80.518921
2015-01-27,80.142380
2015-01-28,78.668198
2015-01-29,79.749802
2015-01-30,77.995201
2015-02-02,78.956627
2015-02-03,80.567001
2015-02-04,80.166420
2015-02-05,81.231972
2015-02-06,80.991608
2015-02-09,80.350670
2015-02-10,80.574989
2015-02-11,80.342667
2015-02-12,81.231972
2015-02-13,81.640610
2015-02-17,81.728706
2015-02-18,81.680649
2015-02-19,81.528419
2015-02-20,81.640610
2015-02-23,81.792801
2015-02-24,81.856918
2015-02-25,81.776787
2015-02-26,81.904991
2015-02-27,81.616539
2015-03-02,82.161331
2015-03-03,81.792801
2015-03-04,81.312103
2015-03-05,81.288078
2015-03-06,80.182449
2015-03-09,80.639130
2015-03-10,79.677689
2015-03-11,80.222481
2015-03-12,81.688644
2015-03-13,81.408241
2015-03-16,81.744736
2015-03-17,81.920998
2015-03-18,82.658081
2015-03-19,82.505859
2015-03-20,83.515343
2015-03-23,83.611488
2015-03-24,83.555420
2015-03-25,82.100197
2015-03-26,81.931267
2015-03-27,82.204788
2015-03-30,83.226379
2015-03-31,83.025299
2015-04-01,83.170105
2015-04-02,83.475761
2015-04-06,83.877991
2015-04-07,83.218361
2015-04-08,83.628632
2015-04-09,83.154037
2015-04-10,83.491852
2015-04-13,83.556236
2015-04-14,83.540131
2015-04-15,84.095192
2015-04-16,83.934311
2015-04-17,82.623093
2015-04-20,83.427513
2015-04-21,83.162048
2015-04-22,83.355118
2015-04-23,83.620575
2015-04-24,83.483803
2015-04-27,82.864403
2015-04-28,83.636642
2015-04-29,82.783958
2015-04-30,81.239456
2015-05-01,81.496864
2015-05-04,81.706039
2015-05-05,80.901573
2015-05-06,80.933784
2015-05-07,81.175102
2015-05-08,81.706039
2015-05-11,81.706039
2015-05-12,81.601456
2015-05-13,81.488815
2015-05-14,82.341530
2015-05-15,82.188683
2015-05-18,82.960922
2015-05-19,82.896591
2015-05-20,82.848289
2015-05-21,82.767853
2015-05-22,82.317390
2015-05-26,81.488815
2015-05-27,82.365662
2015-05-28,82.381767
2015-05-29,81.850838
2015-06-01,82.116295
2015-06-02,82.365662
2015-06-03,83.049408
2015-06-04,82.228897
2015-06-05,82.558716
2015-06-08,82.212807
2015-06-09,82.051956
2015-06-10,83.186195
2015-06-11,83.379227
2015-06-12,83.145981
2015-06-15,82.792015
2015-06-16,83.387260
2015-06-17,83.049408
2015-06-18,83.950386
2015-06-19,83.934311
2015-06-22,84.457199
2015-06-23,84.698494
2015-06-24,84.167587
2015-06-25,84.014748
2015-06-26,84.006706
2015-06-29,82.059967
2015-06-30,82.019737
2015-07-01,82.285240
2015-07-02,81.786140
2015-07-06,81.664818
2015-07-07,81.656731
2015-07-08,80.653702
2015-07-09,80.775032
2015-07-10,81.656731
2015-07-13,82.336189
2015-07-14,82.748711
2015-07-15,82.271461
2015-07-16,82.562645
2015-07-17,81.972183
2015-07-20,81.381706
2015-07-21,81.098579
2015-07-22,81.203720
2015-07-23,80.127907
2015-07-24,78.963150
2015-07-27,78.485886
2015-07-28,79.003593
2015-07-29,79.464645
2015-07-30,79.577888
2015-07-31,79.691124
2015-08-03,79.327156
2015-08-04,79.035965
2015-08-05,79.027840
2015-08-06,78.591042
2015-08-07,78.065315
2015-08-10,79.052139
2015-08-11,78.647667
2015-08-12,78.396919
2015-08-13,78.121895
2015-08-14,78.849907
2015-08-17,79.319061
2015-08-18,78.890350
2015-08-19,78.065315
2015-08-20,76.576942
2015-08-21,75.840874
2015-08-24,72.928894
2015-08-25,71.950134
2015-08-26,73.664955
2015-08-27,74.991531
2015-08-28,75.630554
2015-08-31,75.792305
2015-09-01,73.697319
2015-09-02,74.651787
2015-09-03,74.765038
2015-09-04,73.996613
2015-09-08,75.412155
2015-09-09,74.732674
2015-09-10,74.943016
2015-09-11,75.145226
2015-09-14,74.821640
2015-09-15,75.662933
2015-09-16,76.504135
2015-09-17,76.382812
2015-09-18,75.209923
2015-09-21,75.614357
2015-09-22,74.578987
2015-09-23,74.368690
2015-09-24,74.473831
2015-09-25,74.107674
2015-09-28,72.678787
2015-09-29,72.418968
2015-09-30,73.149658
2015-10-01,72.987305
2015-10-02,73.734238
2015-10-05,75.739555
2015-10-06,75.763901
2015-10-07,77.006058
2015-10-08,78.126434
2015-10-09,77.988419
2015-10-12,77.923485
2015-10-13,77.144112
2015-10-14,76.397156
2015-10-15,77.858528
2015-10-16,77.647453
2015-10-19,77.688034
2015-10-20,78.126434
2015-10-21,76.973610
2015-10-22,77.704285
2015-10-23,78.118362
2015-10-26,77.606850
2015-10-27,76.429634
2015-10-28,78.459343
2015-10-29,77.809807
2015-10-30,77.184685
2015-11-02,78.581108
2015-11-03,79.003242
2015-11-04,78.881485
2015-11-05,79.133209
2015-11-06,79.547234
2015-11-09,78.524254
2015-11-10,78.849014
2015-11-11,78.272575
2015-11-12,76.770615
2015-11-13,76.202324
2015-11-16,77.046661
2015-11-17,76.575790
2015-11-18,77.736748
2015-11-19,77.574379
2015-11-20,78.004677
2015-11-23,78.361885
2015-11-24,78.962685
2015-11-25,79.336143
2015-11-27,79.579689
2015-11-30,79.474152
2015-12-01,79.936920
2015-12-02,78.792191
2015-12-03,77.712387
2015-12-04,78.321304
2015-12-07,77.054787
2015-12-08,76.315956
2015-12-09,75.674599
2015-12-10,75.796379
2015-12-11,74.261932
2015-12-14,73.799179
2015-12-15,74.919571
2015-12-16,75.966858
2015-12-17,75.179352
2015-12-18,74.058945
2015-12-21,74.473030
2015-12-22,75.390442
2015-12-23,76.462112
2015-12-24,76.570015
2015-12-28,76.218491
2015-12-29,76.962456
2015-12-30,76.185768
2015-12-31,75.163887
2016-01-04,73.684128
2016-01-05,74.019325
2016-01-06,73.152756
2016-01-07,71.207008
2016-01-08,70.054314
2016-01-11,70.029778
2016-01-12,69.841743
2016-01-13,67.871513
2016-01-14,68.623634
2016-01-15,67.462730
2016-01-19,66.767807
2016-01-20,66.686058
2016-01-21,66.669731
2016-01-22,68.165787
2016-01-25,66.498039
2016-01-26,68.214874
2016-01-27,67.675262
2016-01-28,68.133087
2016-01-29,70.242340
2016-02-01,69.800835
2016-02-02,68.411064
2016-02-03,68.713562
2016-02-04,68.950623
2016-02-05,67.675262
2016-02-08,67.143890
2016-02-09,66.620659
2016-02-10,66.571632
2016-02-11,65.606903
2016-02-12,66.906815
2016-02-16,68.255707
2016-02-17,68.999680
2016-02-18,68.909744
2016-02-19,69.105965
2016-02-22,69.841743
2016-02-23,69.228577
2016-02-24,69.710945
2016-02-25,70.536652
2016-02-26,70.790085
2016-02-29,70.667442
2016-03-01,72.065445
2016-03-02,72.923836
2016-03-03,73.823120
2016-03-04,74.215546
2016-03-07,75.131195
2016-03-08,73.381653
2016-03-09,73.790421
2016-03-10,73.430725
2016-03-11,74.902252
2016-03-14,74.534378
2016-03-15,73.659592
2016-03-16,74.231926
2016-03-17,75.580803
2016-03-18,76.128548
2016-03-21,75.826065
2016-03-22,75.605347
2016-03-23,74.256348
2016-03-24,74.494453
2016-03-28,74.634033
2016-03-29,76.440346
2016-03-30,76.497826
2016-03-31,76.506042
2016-04-01,76.612755
2016-04-04,75.799919
2016-04-05,74.904999
2016-04-06,75.381195
2016-04-07,74.371284
2016-04-08,74.904999
2016-04-11,75.019928
2016-04-12,75.955933
2016-04-13,77.343506
2016-04-14,77.335327
2016-04-15,77.474876
2016-04-18,77.918274
2016-04-19,78.378036
2016-04-20,78.378036
2016-04-21,77.655525
2016-04-22,78.460152
2016-04-25,78.000374
2016-04-26,78.993820
2016-04-27,79.387947
2016-04-28,78.640793
2016-04-29,78.139938
2016-05-02,78.829613
2016-05-03,77.622704
2016-05-04,77.327080
2016-05-05,77.031517
2016-05-06,77.671944
2016-05-09,77.548767
2016-05-10,78.386284
2016-05-11,77.663742
2016-05-12,77.425621
2016-05-13,76.768776
2016-05-16,77.630875
2016-05-17,76.350037
2016-05-18,76.653847
2016-05-19,75.996964
2016-05-20,77.154678
2016-05-23,76.965813
2016-05-24,78.402679
2016-05-25,78.878876
2016-05-26,78.755745
2016-05-27,79.453621
2016-05-31,79.535721
2016-06-01,80.044838
2016-06-02,80.381432
2016-06-03,80.036598
2016-06-06,80.833008
2016-06-07,81.103943
2016-06-08,81.826477
2016-06-09,81.391319
2016-06-10,80.447098
2016-06-13,79.642487
2016-06-14,79.264778
2016-06-15,79.256561
2016-06-16,79.264778
2016-06-17,79.363327
2016-06-20,80.077637
2016-06-21,80.102272
2016-06-22,79.699936
2016-06-23,81.251740
2016-06-24,78.279541
2016-06-27,75.594696
2016-06-28,76.662033
2016-06-29,78.345207
2016-06-30,79.880577
2016-07-01,80.167946
2016-07-05,78.804993
2016-07-06,79.307259
2016-07-07,79.282471
2016-07-08,81.174294
2016-07-11,82.182152
2016-07-12,83.561783
2016-07-13,83.338737
2016-07-14,83.479164
2016-07-15,83.743538
2016-07-18,83.908745
2016-07-19,83.479164
2016-07-20,83.760025
2016-07-21,83.429588
2016-07-22,83.941788
2016-07-25,83.784859
2016-07-26,84.263992
2016-07-27,84.297012
2016-07-28,83.950066
2016-07-29,84.164879
2016-08-01,83.917030
2016-08-02,82.851318
2016-08-03,83.677422
2016-08-04,83.685699
2016-08-05,85.139679
2016-08-08,85.189232
2016-08-09,85.230537
2016-08-10,84.668762
2016-08-11,85.032272
2016-08-12,84.966187
2016-08-15,85.874924
2016-08-16,85.296631
2016-08-17,85.172699
2016-08-18,85.833611
2016-08-19,85.800568
2016-08-22,85.924477
2016-08-23,86.494492
2016-08-24,85.916206
2016-08-25,86.221863
2016-08-26,85.924477
2016-08-29,86.420166
2016-08-30,86.585365
2016-08-31,86.205368
2016-09-01,85.982307
2016-09-02,86.924065
2016-09-06,86.849709
2016-09-07,87.494095
2016-09-08,87.361885
2016-09-09,84.693573
2016-09-12,85.668373
2016-09-13,83.983116
2016-09-14,83.669189
2016-09-15,84.602699
2016-09-16,84.470520
2016-09-19,85.057045
2016-09-20,84.643982
2016-09-21,85.858391
2016-09-22,87.287575
2016-09-23,86.709282
2016-09-26,85.799980
2016-09-27,85.957458
2016-09-28,86.877571
2016-09-29,85.858002
2016-09-30,86.827843
2016-10-03,86.429947
2016-10-04,85.982346
2016-10-05,86.662033
2016-10-06,86.529419
2016-10-07,85.791672
2016-10-10,86.869286
2016-10-11,85.518150
2016-10-12,85.675659
2016-10-13,84.855026
2016-10-14,84.705833
2016-10-17,84.664368
2016-10-18,85.194885
2016-10-19,85.783394
2016-10-20,85.526451
2016-10-21,85.368973
2016-10-24,85.982346
2016-10-25,85.426979
2016-10-26,84.888184
2016-10-27,84.067581
2016-10-28,83.702843
2016-10-31,84.117325
2016-11-01,83.089447
2016-11-02,82.119652
2016-11-03,81.953865
2016-11-04,82.376579
2016-11-07,84.324524
2016-11-08,84.473747
2016-11-09,87.142792
2016-11-10,88.792320
2016-11-11,90.947479
2016-11-14,92.422958
2016-11-15,92.762779
2016-11-16,92.862251
2016-11-17,93.284996
2016-11-18,93.798920
2016-11-21,94.312836
2016-11-22,95.465019
2016-11-23,96.003822
2016-11-25,96.302223
2016-11-28,95.232903
2016-11-29,95.199753
2016-11-30,95.191483
2016-12-01,95.266060
2016-12-02,95.174904
2016-12-05,96.948738
2016-12-06,97.993172
2016-12-07,99.120499
2016-12-08,100.753441
2016-12-09,101.101555
2016-12-12,100.015717
2016-12-13,100.015717
2016-12-14,98.548546
2016-12-15,99.377441
2016-12-16,99.145355
2016-12-19,99.907928
2016-12-20,100.935776
2016-12-21,100.347275
2016-12-22,99.675919
2016-12-23,99.976158
2016-12-27,100.418167
2016-12-28,99.492462
2016-12-29,99.584198
2016-12-30,99.192207
2017-01-03,99.809357
2017-01-04,101.385574
2017-01-05,99.859390
2017-01-06,99.525795
2017-01-09,98.274849
2017-01-10,99.400719
2017-01-11,99.742653
2017-01-12,98.608444
2017-01-13,99.242279
2017-01-17,97.941246
2017-01-18,98.283226
2017-01-19,97.499252
2017-01-20,97.999649
2017-01-23,97.657730
2017-01-24,99.208916
2017-01-25,100.268074
2017-01-26,99.934448
2017-01-27,99.434074
2017-01-30,97.916260
2017-01-31,98.349937
2017-02-01,98.349937
2017-02-02,98.049683
2017-02-03,99.592522
2017-02-06,98.850304
2017-02-07,98.299896
2017-02-08,97.941246
2017-02-09,99.217262
2017-02-10,100.067902
2017-02-13,100.468208
2017-02-14,100.951912
2017-02-15,101.293816
2017-02-16,101.043633
2017-02-17,100.818459
2017-02-21,101.660782
2017-02-22,101.310509
2017-02-23,100.835152
2017-02-24,100.534904
2017-02-27,101.268822
2017-02-28,99.734299
2017-03-01,101.760872
2017-03-02,100.251381
2017-03-03,100.042885
2017-03-06,99.409081
2017-03-07,98.708488
2017-03-08,97.766136
2017-03-09,97.182350
2017-03-10,97.415871
2017-03-13,97.749466
2017-03-14,97.265755
2017-03-15,98.633461
2017-03-16,98.992073
2017-03-17,99.434074
2017-03-20,98.741867
2017-03-21,95.898048
2017-03-22,95.647858
2017-03-23,96.431801
2017-03-24,96.362312
2017-03-27,96.412537
2017-03-28,97.349983
2017-03-29,97.709846
2017-03-30,98.722603
2017-03-31,98.898399
2017-04-03,97.835426
2017-04-04,97.835426
2017-04-05,96.680367
2017-04-06,97.668015
2017-04-07,97.559189
2017-04-10,97.734970
2017-04-11,98.655685
2017-04-12,97.232765
2017-04-13,95.943840
2017-04-17,97.082123
2017-04-18,97.157455
2017-04-19,97.316483
2017-04-20,98.546860
2017-04-21,98.421303
2017-04-24,99.701912
2017-04-25,100.622574
2017-04-26,101.367508
2017-04-27,100.865311
2017-04-28,99.266655
2017-05-01,99.743736
2017-05-02,99.132721
2017-05-03,98.714287
2017-05-04,98.387833
2017-05-05,98.948601
2017-05-08,98.730988
2017-05-09,98.446419
2017-05-10,98.940254
2017-05-11,98.170204
2017-05-12,97.475533
2017-05-15,98.195305
2017-05-16,98.195305
2017-05-17,95.592300
2017-05-18,95.860115
2017-05-19,96.337219
2017-05-22,97.006783
2017-05-23,97.584297
2017-05-24,97.391815
2017-05-25,97.333206
2017-05-26,97.274658
2017-05-30,96.462746
2017-05-31,96.228386
2017-06-01,98.036278
2017-06-02,98.362709
2017-06-05,97.835426
2017-06-06,97.609421
2017-06-07,97.785187
2017-06-08,99.358681
2017-06-09,100.731400
2017-06-12,100.672806
2017-06-13,101.057793
2017-06-14,100.354736
2017-06-15,99.902756
2017-06-16,99.559586
2017-06-19,99.860916
2017-06-20,98.689148
2017-06-21,97.843803
2017-06-22,98.086494
2017-06-23,98.571960
2017-06-26,98.982086
2017-06-27,98.630554
2017-06-28,99.986465
2017-06-29,99.860916
2017-06-30,99.492661
2017-07-03,100.856911
2017-07-05,100.128754
2017-07-06,98.845436
2017-07-07,99.518654
2017-07-10,99.005318
2017-07-11,99.064217
2017-07-12,99.729027
2017-07-13,99.973083
2017-07-14,100.006721
2017-07-17,100.385414
2017-07-18,100.031998
2017-07-19,101.092300
2017-07-20,101.067047
2017-07-21,100.536911
2017-07-24,100.477974
2017-07-25,101.740280
2017-07-26,100.814598
2017-07-27,100.679977
2017-07-28,100.360176
2017-07-31,100.225525
2017-08-01,100.469582
2017-08-02,99.552322
2017-08-03,98.879074
2017-08-04,99.518654
2017-08-07,99.350342
2017-08-08,99.106331
2017-08-09,98.113304
2017-08-10,96.623817
2017-08-11,96.194626
2017-08-14,97.642052
2017-08-15,96.783684
2017-08-16,96.808952
2017-08-17,94.965996
2017-08-18,94.949196
2017-08-21,94.932327
2017-08-22,95.773865
2017-08-23,95.790695
2017-08-24,96.127342
2017-08-25,96.649040
2017-08-28,96.699554
2017-08-29,96.548073
2017-08-30,96.977249
2017-08-31,97.768280
2017-09-01,98.399422
2017-09-05,97.153954
2017-09-06,97.423279
2017-09-07,96.994057
2017-09-08,97.179207
2017-09-11,98.357376
2017-09-12,99.207275
2017-09-13,99.686935
2017-09-14,99.594383
2017-09-15,99.964668
2017-09-18,100.595779
2017-09-19,100.722031
2017-09-20,101.218521
2017-09-21,101.109146
2017-09-22,101.580391
2017-09-25,102.161072
2017-09-26,102.667427
2017-09-27,104.439888
2017-09-28,104.735313
2017-09-29,104.760658
2017-10-02,106.018250
2017-10-03,106.203918
2017-10-04,105.629997
2017-10-05,106.068893
2017-10-06,105.731255
2017-10-09,105.427429
2017-10-10,105.976051
2017-10-11,105.824104
2017-10-12,105.629997
2017-10-13,105.562477
2017-10-16,105.486511
2017-10-17,105.081367
2017-10-18,105.613083
2017-10-19,105.511841
2017-10-20,105.866348
2017-10-23,105.005409
2017-10-24,105.216423
2017-10-25,104.777512
2017-10-26,105.005409
2017-10-27,105.579353
2017-10-30,104.271095
2017-10-31,104.811279
2017-11-01,104.347046
2017-11-02,104.870384
2017-11-03,104.313316
2017-11-06,104.549637
2017-11-07,103.140091
2017-11-08,102.988182
2017-11-09,102.718109
2017-11-10,102.675888
2017-11-13,102.692749
2017-11-14,102.473335
2017-11-15,102.169495
2017-11-16,103.368004
2017-11-17,103.899712
2017-11-20,104.701553
2017-11-21,105.587784
2017-11-22,105.537140
2017-11-24,105.317711
2017-11-27,105.148918
2017-11-28,107.073288
2017-11-29,108.069221
2017-11-30,107.849777
2017-12-01,107.529053
2017-12-04,107.773811
2017-12-05,106.474014
2017-12-06,105.815681
2017-12-07,106.229248
2017-12-08,106.229248
2017-12-11,106.077339
2017-12-12,106.068893
2017-12-13,106.271454
2017-12-14,105.072922
2017-12-15,106.558426
2017-12-18,108.069221
2017-12-19,106.997314
2017-12-20,107.166115
2017-12-21,107.730171
2017-12-22,107.407387
2017-12-26,107.509315
2017-12-27,107.271446
2017-12-28,107.662193
2017-12-29,106.821205
2018-01-02,107.738647
2018-01-03,107.619736
2018-01-04,107.857590
2018-01-05,108.027451
2018-01-08,108.426727
2018-01-09,108.103912
2018-01-10,108.146393
2018-01-11,110.210640
2018-01-12,110.541931
2018-01-16,109.259193
2018-01-17,110.304062
2018-01-18,109.344154
2018-01-19,110.652367
2018-01-22,111.034622
2018-01-23,111.162033
2018-01-24,110.575905
2018-01-25,110.329567
2018-01-26,110.389030
2018-01-29,109.480095
2018-01-30,108.571136
2018-01-31,108.129417
2018-02-01,108.358780
2018-02-02,106.337013
2018-02-05,102.259575
2018-02-06,103.363876
2018-02-07,103.397865
2018-02-08,100.645561
2018-02-09,101.792343
2018-02-12,102.531387
2018-02-13,102.701286
2018-02-14,104.281326
2018-02-15,105.190239
2018-02-16,105.725403
2018-02-20,104.561630
2018-02-21,104.714546
2018-02-22,104.417221
2018-02-23,105.699951
2018-02-26,106.320038
2018-02-27,104.570107
2018-02-28,102.735252
2018-03-01,102.709793
2018-03-02,103.933014
2018-03-05,105.028831
2018-03-06,106.107681
2018-03-07,106.744774
2018-03-08,106.158638
2018-03-09,107.849068
2018-03-12,108.146393
2018-03-13,107.721664
2018-03-14,106.931664
2018-03-15,106.557884
2018-03-16,107.347900
2018-03-19,106.540894
2018-03-20,106.167145
2018-03-21,106.753281
2018-03-22,104.481949
2018-03-23,102.121086
2018-03-26,104.268845
2018-03-27,102.632484
2018-03-28,103.126785
2018-03-29,103.876785
2018-04-02,101.729027
2018-04-03,103.177925
2018-04-04,104.405235
2018-04-05,105.342743
2018-04-06,103.476234
2018-04-09,103.135284
2018-04-10,105.044449
2018-04-11,105.197830
2018-04-12,105.768867
2018-04-13,105.427956
2018-04-16,106.425156
2018-04-17,107.106979
2018-04-18,107.388199
2018-04-19,107.055832
2018-04-20,106.655266
2018-04-23,106.723434
2018-04-24,106.731979
2018-04-25,106.621147
2018-04-26,106.876839
2018-04-27,106.783104
2018-04-30,105.794441
2018-05-01,106.135345
2018-05-02,106.484802
2018-05-03,105.913757
2018-05-04,107.268906
2018-05-07,108.053001
2018-05-08,108.598450
2018-05-09,109.169487
2018-05-10,109.570091
2018-05-11,109.697906
2018-05-14,109.322906
2018-05-15,109.476318
2018-05-16,110.473495
2018-05-17,111.189438
2018-05-18,111.172379
2018-05-21,112.280365
2018-05-22,111.820114
2018-05-23,111.965004
2018-05-24,111.879776
2018-05-25,111.581451
2018-05-29,111.257584
2018-05-30,113.030350
2018-05-31,111.965004
2018-06-01,112.629799
2018-06-04,113.379784
2018-06-05,113.780388
2018-06-06,114.496315
2018-06-07,114.453690
2018-06-08,114.538887
2018-06-11,114.496315
2018-06-12,114.368446
2018-06-13,113.712212
2018-06-14,113.967865
2018-06-15,113.891151
2018-06-18,114.487770
2018-06-19,114.794609
2018-06-20,115.604240
2018-06-21,114.734932
2018-06-22,114.922432
2018-06-25,113.652550
2018-06-26,114.172417
2018-06-27,112.689445
2018-06-28,112.706512
2018-06-29,112.433777
2018-07-02,113.107040
2018-07-03,113.535271
2018-07-05,114.819794
2018-07-06,115.624725
2018-07-09,116.506813
2018-07-10,116.044365
2018-07-11,115.050980
2018-07-12,115.008171
2018-07-13,114.725609
2018-07-16,114.314529
2018-07-17,114.271713
2018-07-18,114.665642
2018-07-19,115.496307
2018-07-20,115.085274
2018-07-23,115.247963
2018-07-24,114.597137
2018-07-25,114.400185
2018-07-26,115.265099
2018-07-27,113.663712
2018-07-30,113.689415
2018-07-31,114.468704
2018-08-01,114.314529
2018-08-02,114.794067
2018-08-03,114.588577
2018-08-06,114.948235
2018-08-07,115.042442
2018-08-08,115.273651
2018-08-09,115.376434
2018-08-10,114.854042
2018-08-13,114.331673
2018-08-14,115.410667
2018-08-15,114.126144
2018-08-16,115.136650
2018-08-17,115.727516
2018-08-20,116.061501
2018-08-21,117.354568
2018-08-22,117.405968
2018-08-23,116.823639
2018-08-24,117.183319
2018-08-27,117.140495
2018-08-28,117.063423
2018-08-29,117.226143
2018-08-30,117.012047
2018-08-31,117.208984
2018-09-04,116.532486
2018-09-05,116.583855
2018-09-06,115.950165
2018-09-07,115.581924
2018-09-10,115.581924
2018-09-11,115.599075
2018-09-12,115.410667
2018-09-13,115.324982
2018-09-14,115.873077
2018-09-17,115.256516
2018-09-18,115.324982
2018-09-19,115.213715
2018-09-20,116.361221
2018-09-21,115.975838
2018-09-24,115.119522
2018-09-25,115.076706
2018-09-26,113.899208
2018-09-27,113.847633
2018-09-28,114.311745
2018-10-01,112.902184
2018-10-02,112.369286
2018-10-03,113.383530
2018-10-04,112.326332
2018-10-05,111.578598
2018-10-08,112.051292
2018-10-09,111.939568
2018-10-10,109.395485
2018-10-11,106.894371
2018-10-12,106.223969
2018-10-15,106.928764
2018-10-16,109.197800
2018-10-17,108.879776
2018-10-18,106.928764
2018-10-19,106.266930
2018-10-22,105.699684
2018-10-23,104.805809
2018-10-24,101.350693
2018-10-25,103.318909
2018-10-26,102.287529
2018-10-29,102.493805
2018-10-30,104.324478
2018-10-31,104.126831
2018-11-01,105.673897
2018-11-02,106.112221
2018-11-05,106.653740
2018-11-06,107.152206
2018-11-07,108.441444
2018-11-08,108.209389
2018-11-09,106.817001
2018-11-12,105.373062
2018-11-13,105.141029
2018-11-14,104.341713
2018-11-15,105.493401
2018-11-16,105.725487
2018-11-19,104.616730
2018-11-20,102.596924
2018-11-21,103.645515
2018-11-23,103.413452
2018-11-26,104.350296
2018-11-27,103.722885
2018-11-28,105.682495
2018-11-29,105.338692
2018-11-30,105.768433
2018-12-03,106.447433
2018-12-04,102.235939
2018-12-06,101.866371
2018-12-07,100.413857
2018-12-10,99.554367
2018-12-11,99.442612
2018-12-12,100.173187
2018-12-13,98.926926
2018-12-14,97.560349
2018-12-17,95.663643
2018-12-18,95.369888
2018-12-19,93.399734
2018-12-20,92.224579
2018-12-21,90.254456
2018-12-24,88.171974
2018-12-26,91.835739
2018-12-27,91.973999
2018-12-28,92.431961
2018-12-31,92.924492
2019-01-02,93.667610
2019-01-03,92.613434
2019-01-04,95.750053
2019-01-07,96.795609
2019-01-08,98.299126
2019-01-09,99.050896
2019-01-10,99.405182
2019-01-11,99.482948
2019-01-14,98.765770
2019-01-15,99.301498
2019-01-16,100.191498
2019-01-17,100.943275
2019-01-18,101.893776
2019-01-22,100.459366
2019-01-23,100.329773
2019-01-24,100.900055
2019-01-25,102.014740
2019-01-28,101.738228
2019-01-29,101.695015
2019-01-30,102.533203
2019-01-31,103.060287
2019-02-01,103.181274
2019-02-04,104.200890
2019-02-05,104.339127
2019-02-06,104.131775
2019-02-07,103.734276
2019-02-08,103.518280
2019-02-11,104.278671
2019-02-12,105.160027
2019-02-13,105.609375
2019-02-14,105.609375
2019-02-15,107.190651
2019-02-19,107.700493
2019-02-20,108.443596
2019-02-21,108.037468
2019-02-22,108.702812
2019-02-25,108.417656
2019-02-26,107.544945
2019-02-27,107.536270
2019-02-28,107.078339
2019-03-01,107.657249
2019-03-04,107.173363
2019-03-05,106.594406
2019-03-06,104.624306
2019-03-07,103.475067
2019-03-08,103.397278
2019-03-11,105.013138
2019-03-12,105.013138
2019-03-13,105.393333
2019-03-14,104.987228
2019-03-15,105.194611
2019-03-18,105.929070
2019-03-19,104.952652
2019-03-20,104.012840
2019-03-21,104.967422
2019-03-22,101.513596
2019-03-25,101.938843
2019-03-26,103.240517
2019-03-27,103.318588
2019-03-28,104.056213
2019-03-29,104.047546
2019-04-01,105.427307
2019-04-02,104.984779
2019-04-03,105.236420
2019-04-04,106.225685
2019-04-05,107.284393
2019-04-08,107.154236
2019-04-09,105.809174
2019-04-10,107.188911
2019-04-11,107.180267
2019-04-12,107.752998
2019-04-15,107.197609
2019-04-16,107.718277
2019-04-17,107.319084
2019-04-18,106.876534
2019-04-22,106.026108
2019-04-23,107.605484
2019-04-24,107.883163
2019-04-25,106.729012
2019-04-26,107.657547
2019-04-29,108.195572
2019-04-30,107.891838
2019-05-01,107.076118
2019-05-02,107.345139
2019-05-03,109.358398
2019-05-06,109.393097
2019-05-07,107.527382
2019-05-08,106.841820
2019-05-09,106.538101
2019-05-10,107.058762
2019-05-13,104.038864
2019-05-14,105.245117
2019-05-15,105.340546
2019-05-16,105.835190
2019-05-17,104.455406
2019-05-20,103.769852
2019-05-21,104.828545
2019-05-22,103.717804
2019-05-23,101.782631
2019-05-24,102.554962
2019-05-28,101.539642
2019-05-29,100.923523
2019-05-30,100.307388
2019-05-31,99.049110
2019-06-03,99.838799
2019-06-04,102.129745
2019-06-05,101.799988
2019-06-06,101.834694
2019-06-07,102.121056
2019-06-10,102.641754
2019-06-11,102.633034
2019-06-12,102.459518
2019-06-13,103.440086
2019-06-14,102.797958
2019-06-17,102.871201
2019-06-18,104.048515
2019-06-19,104.345016
2019-06-20,104.798500
2019-06-21,104.170609
2019-06-24,102.766525
2019-06-25,102.496201
2019-06-26,102.243301
2019-06-27,103.882828
2019-06-28,105.086281
2019-07-01,105.496185
2019-07-02,104.737457
2019-07-03,105.426437
2019-07-05,106.036850
2019-07-08,105.016518
2019-07-09,104.911880
2019-07-10,104.972939
2019-07-11,104.379921
2019-07-12,105.286888
2019-07-15,104.345016
2019-07-16,104.624092
2019-07-17,103.568855
2019-07-18,103.734558
2019-07-19,103.464195
2019-07-22,103.106651
2019-07-23,104.144432
2019-07-24,105.879898
2019-07-25,104.632805
2019-07-26,105.792671
2019-07-29,105.121201
2019-07-30,106.368263
2019-07-31,105.487442
2019-08-01,103.298515
2019-08-02,102.304337
2019-08-05,99.347984
2019-08-06,100.010750
2019-08-07,99.897385
2019-08-08,102.060158
2019-08-09,100.717148
2019-08-12,99.522385
2019-08-13,100.350868
2019-08-14,97.464287
2019-08-15,97.071838
2019-08-16,99.260780
2019-08-19,100.490410
2019-08-20,99.670647
2019-08-21,100.438072
2019-08-22,100.368317
2019-08-23,97.193901
2019-08-26,98.266579
2019-08-27,96.661964
2019-08-28,97.900330
2019-08-29,99.784042
2019-08-30,99.592163
2019-09-03,98.362526
2019-09-04,99.295654
2019-09-05,101.388649
2019-09-06,101.135735
2019-09-09,103.420616
2019-09-10,105.129883
2019-09-11,107.170578
2019-09-12,107.292686
2019-09-13,107.624084
2019-09-16,108.103722
2019-09-17,107.310112
2019-09-18,106.594994
2019-09-19,106.028152
2019-09-20,105.801407
2019-09-23,106.167709
2019-09-24,104.872673
2019-09-25,106.274590
2019-09-26,105.223114
2019-09-27,104.820076
2019-09-30,104.627342
2019-10-01,102.796051
2019-10-02,101.779663
2019-10-03,101.858505
2019-10-04,102.874916
2019-10-07,102.804817
2019-10-08,101.183853
2019-10-09,101.525543
2019-10-10,102.060043
2019-10-11,103.716087
2019-10-14,103.313026
2019-10-15,104.276840
2019-10-16,104.548439
2019-10-17,105.564857
2019-10-18,105.459709
2019-10-21,106.467331
2019-10-22,106.958015
2019-10-23,107.369812
2019-10-24,106.773994
2019-10-25,107.378586
2019-10-28,108.105827
2019-10-29,108.482605
2019-10-30,107.878021
2019-10-31,107.238403
2019-11-01,108.990784
2019-11-04,110.059776
2019-11-05,110.156136
2019-11-06,109.516533
2019-11-07,109.823196
2019-11-08,109.902031
2019-11-11,109.525299
2019-11-12,109.446449
2019-11-13,108.754227
2019-11-14,108.815575
2019-11-15,109.052139
2019-11-18,108.622795
2019-11-19,108.736694
2019-11-20,108.272316
2019-11-21,107.702797
2019-11-22,107.930595
2019-11-25,109.945885
2019-11-26,109.700508
2019-11-27,110.418991
2019-11-29,109.630432
2019-12-02,108.745468
2019-12-03,108.184692
2019-12-04,108.990784
2019-12-05,109.174797
2019-12-06,110.594254
2019-12-09,110.489098
2019-12-10,110.655579
2019-12-11,110.646820
2019-12-12,111.882278
2019-12-13,111.190071
2019-12-16,111.999504
2019-12-17,112.810707
2019-12-18,113.295685
2019-12-19,113.560196
2019-12-20,113.454391
2019-12-23,113.489655
2019-12-24,113.630753
2019-12-26,113.745377
2019-12-27,113.225143
2019-12-30,113.233971
2019-12-31,113.375053
2020-01-02,113.251595
2020-01-03,112.934174
2020-01-06,112.951813
2020-01-07,112.378670
2020-01-08,112.440384
2020-01-09,112.175865
2020-01-10,111.567467
2020-01-13,112.396294
2020-01-14,112.572670
2020-01-15,112.784271
2020-01-16,114.186241
2020-01-17,113.807114
2020-01-21,112.757820
2020-01-22,112.537361
2020-01-23,112.616737
2020-01-24,111.100143
2020-01-27,109.689354
2020-01-28,110.209579
2020-01-29,109.460083
2020-01-30,109.680519
2020-01-31,107.432060
2020-02-03,108.428429
2020-02-04,109.636436
2020-02-05,111.734993
2020-02-06,111.100143
2020-02-07,109.724609
2020-02-10,109.918594
2020-02-11,110.826797
2020-02-12,111.567467
2020-02-13,111.787903
2020-02-14,111.232391
2020-02-18,110.729797
2020-02-19,111.179489
2020-02-20,111.893707
2020-02-21,110.844437
2020-02-24,107.564308
2020-02-25,103.940338
2020-02-26,102.379662
2020-02-27,98.579308
2020-02-28,97.089188
2020-03-02,99.813789
2020-03-03,97.715195
2020-03-04,100.166458
2020-03-05,96.463135
2020-03-06,94.488029
2020-03-09,84.674164
2020-03-10,87.310585
2020-03-11,81.605698
2020-03-12,72.364983
2020-03-13,78.563660
2020-03-16,68.256058
2020-03-17,72.347359
2020-03-18,64.702599
2020-03-19,67.982689
2020-03-20,64.781960
2020-03-23,63.300613
2020-03-24,68.820366
2020-03-25,70.097458
2020-03-26,74.691383
2020-03-27,72.048523
2020-03-30,73.174850
2020-03-31,72.749138
2020-04-01,67.889160
2020-04-02,68.394684
2020-04-03,66.017899
2020-04-06,71.339066
2020-04-07,71.880020
2020-04-08,75.232368
2020-04-09,79.489296
2020-04-13,76.819839
2020-04-14,77.697830
2020-04-15,73.777916
2020-04-16,72.775764
2020-04-17,76.154694
2020-04-20,74.629295
2020-04-21,73.236923
2020-04-22,73.706963
2020-04-23,74.522865
2020-04-24,75.498421
2020-04-27,79.045868
2020-04-28,81.085640
2020-04-29,85.129723
2020-04-30,81.866058
2020-05-01,78.540359
2020-05-04,78.354111
2020-05-05,77.990501
2020-05-06,76.385277
2020-05-07,77.662354
2020-05-08,81.147713
2020-05-11,79.382858
2020-05-12,76.101486
2020-05-13,73.032944
2020-05-14,73.361092
2020-05-15,74.079460
2020-05-18,79.870636
2020-05-19,77.848587
2020-05-20,80.624496
2020-05-21,80.730888
2020-05-22,80.810707
2020-05-26,84.198517
2020-05-27,87.887848
2020-05-28,85.448990
2020-05-29,84.420242
2020-06-01,85.041031
2020-06-02,85.936783
2020-06-03,88.996414
2020-06-04,89.705917
2020-06-05,94.104752
2020-06-08,96.774193
2020-06-09,94.326462
2020-06-10,90.495232
2020-06-11,82.912575
2020-06-12,85.351433
2020-06-15,86.770622
2020-06-16,89.095779
2020-06-17,86.734962
2020-06-18,86.628036
2020-06-19,85.719368
2020-06-22,86.093529
2020-06-23,86.191521
2020-06-24,82.966606
2020-06-25,84.400879
2020-06-26,82.253914
2020-06-29,85.790649
2020-06-30,86.824051
2020-07-01,85.184830
2020-07-02,85.336281
2020-07-06,86.164810
2020-07-07,83.768372
2020-07-08,84.071243
2020-07-09,81.585739
2020-07-10,84.017815
2020-07-13,83.599106
2020-07-14,84.855232
2020-07-15,88.400871
2020-07-16,87.991066
2020-07-17,87.795097
2020-07-20,86.387527
2020-07-21,88.926483
2020-07-22,88.971024
2020-07-23,89.657013
2020-07-24,88.285065
2020-07-27,88.632507
2020-07-28,88.374168
2020-07-29,90.734955
2020-07-30,89.639183
2020-07-31,88.641418
2020-08-03,89.630272
2020-08-04,90.467705
2020-08-05,92.472145
2020-08-06,92.374161
2020-08-07,94.574608
2020-08-10,96.463242
2020-08-11,96.463242
2020-08-12,96.436508
2020-08-13,95.536743
2020-08-14,96.089104
2020-08-17,95.901978
2020-08-18,94.280609
2020-08-19,94.075729
2020-08-20,93.389740
2020-08-21,92.641418
2020-08-24,94.797333
2020-08-25,94.530052
2020-08-26,93.452103
2020-08-27,94.227150
2020-08-28,94.948761
2020-08-31,93.398659
2020-09-01,94.351891
2020-09-02,95.162567
2020-09-03,93.461029
2020-09-04,93.594658
2020-09-08,91.474373
2020-09-09,92.231628
2020-09-10,90.859688
2020-09-11,90.476601
2020-09-14,92.409782
2020-09-15,92.356331
2020-09-16,93.407562
2020-09-17,92.819580
2020-09-18,92.213799
2020-09-21,88.267250
2020-09-22,88.400871
2020-09-23,85.566574
2020-09-24,85.817505
2020-09-25,86.874863
2020-09-28,89.598938
2020-09-29,88.792458
2020-09-30,89.007538
2020-10-01,90.414391
2020-10-02,91.866028
2020-10-05,94.115181
2020-10-06,93.747787
2020-10-07,95.674347
2020-10-08,97.206642
2020-10-09,97.197708
2020-10-12,97.968323
2020-10-13,96.471886
2020-10-14,95.808784
2020-10-15,97.197708
2020-10-16,96.910950
2020-10-19,95.781891
2020-10-20,96.543549
2020-10-21,96.077614
2020-10-22,98.102730
2020-10-23,98.864388
2020-10-26,96.427071
2020-10-27,94.706604
2020-10-28,91.525505
2020-10-29,93.012993
2020-10-30,92.287170
2020-11-02,94.527397
2020-11-03,97.117035
2020-11-04,95.082939
2020-11-05,98.093773
2020-11-06,96.767578
2020-11-09,103.532974
2020-11-10,106.310829
2020-11-11,104.984627
2020-11-12,102.798180
2020-11-13,105.701485
2020-11-16,109.294746
2020-11-17,109.572571
2020-11-18,108.165703
2020-11-19,108.730217
2020-11-20,108.416611
2020-11-23,111.077934
2020-11-24,114.617477
2020-11-25,113.631775
2020-11-27,113.076202
2020-11-30,109.877205
2020-12-01,111.499100
2020-12-02,112.323502
2020-12-03,112.950752
2020-12-04,116.104996
2020-12-07,115.486664
2020-12-08,116.624687
2020-12-09,116.436508
2020-12-10,116.974121
2020-12-11,115.997444
2020-12-14,115.413826
2020-12-15,118.629036
2020-12-16,117.881531
2020-12-17,118.935242
2020-12-18,117.449219
2020-12-21,116.611656
2020-12-22,116.989914
2020-12-23,118.890198
2020-12-24,118.890198
2020-12-28,119.151398
2020-12-29,117.152046
2020-12-30,118.602020
2020-12-31,118.656067
2021-01-04,117.079979
2021-01-05,119.547653
2021-01-06,125.860977
2021-01-07,127.040779
2021-01-08,125.698898
2021-01-11,126.050095
2021-01-12,128.607834
2021-01-13,127.238914
2021-01-14,129.841675
2021-01-15,127.869354
2021-01-19,128.751938
2021-01-20,129.418442
2021-01-21,127.914322
2021-01-22,129.499451
2021-01-25,129.274307
2021-01-26,128.625870
2021-01-27,127.094788
2021-01-28,126.320267
2021-01-29,124.645096
2021-02-01,127.482086
2021-02-02,128.175568
2021-02-03,128.977112
2021-02-04,131.633942
2021-02-05,133.119934
2021-02-08,136.659348
2021-02-09,136.956543
2021-02-10,136.353104
2021-02-11,136.272049
2021-02-12,136.857483
2021-02-16,137.172729
2021-02-17,136.380142
2021-02-18,134.272705
2021-02-19,137.064606
2021-02-22,138.685745
2021-02-23,138.235428
2021-02-24,142.008987
2021-02-25,137.442810
2021-02-26,136.533264
2021-03-01,141.279480
2021-03-02,139.397202
2021-03-03,140.144714
2021-03-04,137.767090
2021-03-05,141.360535
2021-03-08,144.539703
2021-03-09,145.224182
2021-03-10,148.790634
2021-03-11,150.573822
2021-03-12,152.681274
2021-03-15,152.564224
2021-03-16,149.745270
2021-03-17,150.988083
2021-03-18,147.673859
2021-03-19,148.133179
2021-03-22,145.431335
2021-03-23,139.739426
2021-03-24,137.794098
2021-03-25,141.524094
2021-03-26,144.630142
2021-03-29,140.928146
2021-03-30,143.357086
2021-03-31,143.989090
2021-04-01,145.659470
2021-04-05,146.354736
2021-04-06,145.867157
2021-04-07,144.169632
2021-04-08,144.828812
2021-04-09,145.054520
2021-04-12,145.045486
2021-04-13,143.880722
2021-04-14,145.668457
2021-04-15,146.038727
2021-04-16,146.499207
2021-04-19,145.325424
2021-04-20,141.677597
2021-04-21,144.783646
2021-04-22,143.709152
2021-04-23,146.472107
2021-04-26,147.528534
2021-04-27,148.025131
2021-04-28,148.359207
2021-04-29,148.467575
2021-04-30,146.616562
2021-05-03,148.512695
2021-05-04,147.916779
2021-05-05,148.016068
2021-05-06,149.126694
2021-05-07,150.760986
2021-05-10,148.268951
2021-05-11,147.176392
2021-05-12,142.535355
2021-05-13,145.903290
2021-05-14,149.117676
2021-05-17,150.038696
2021-05-18,148.250870
2021-05-19,146.706879
2021-05-20,146.761017
2021-05-21,147.555634
2021-05-24,148.476608
2021-05-25,146.426987
2021-05-26,149.289276
2021-05-27,151.420135
2021-05-28,151.266602
2021-06-01,153.939316
2021-06-02,155.076981
2021-06-03,153.785797
2021-06-04,153.848999
2021-06-07,155.537445
2021-06-08,157.081467
2021-06-09,156.043091
2021-06-10,153.717331
2021-06-11,155.264832
2021-06-14,154.124603
2021-06-15,154.504639
2021-06-16,154.396057
2021-06-17,151.056717
2021-06-18,146.649536
2021-06-21,150.287506
2021-06-22,150.939117
2021-06-23,151.228683
2021-06-24,153.355362
2021-06-25,152.948135
2021-06-28,150.939117
2021-06-29,149.835052
2021-06-30,150.016022
2021-07-01,151.518250
2021-07-02,149.789795
2021-07-06,147.210602
2021-07-07,145.862213
2021-07-08,144.341904
2021-07-09,147.681213
2021-07-12,148.332794
2021-07-13,145.364487
2021-07-14,143.744583
2021-07-15,143.699371
2021-07-16,141.590805
2021-07-19,138.450562
2021-07-20,142.541031
2021-07-21,144.921082
2021-07-22,142.151886
2021-07-23,142.631516
2021-07-26,143.988953
2021-07-27,142.866806
2021-07-28,144.396210
2021-07-29,145.798904
2021-07-30,144.758209
2021-08-02,143.681290
2021-08-03,144.875839
2021-08-04,142.097595
2021-08-05,144.595245
2021-08-06,146.278519
2021-08-09,145.237793
2021-08-10,146.350922
2021-08-11,147.527359
2021-08-12,147.147263
2021-08-13,146.088501
2021-08-16,145.029678
2021-08-17,143.500290
2021-08-18,142.016098
2021-08-19,140.387207
2021-08-20,142.712906
2021-08-23,144.749130
2021-08-24,146.016098
2021-08-25,146.794342
2021-08-26,145.120163
2021-08-27,149.029617
2021-08-30,148.097488
2021-08-31,148.414215
2021-09-01,149.047699
2021-09-02,149.699295
2021-09-03,149.020554
2021-09-07,148.233246
2021-09-08,146.749084
2021-09-09,146.540955
2021-09-10,145.029678
2021-09-13,146.359970
2021-09-14,144.233307
2021-09-15,145.952744
2021-09-16,145.192566
2021-09-17,145.065857
2021-09-20,142.224258
2021-09-21,141.880371
2021-09-22,143.862274
2021-09-23,146.513824
2021-09-24,146.271942
2021-09-27,149.163513
2021-09-28,146.953903
2021-09-29,147.253967
2021-09-30,145.699066
2021-10-01,148.354279
2021-10-04,148.163300
2021-10-05,148.545197
2021-10-06,147.626801
2021-10-07,149.600006
2021-10-08,149.227188
2021-10-11,148.436081
2021-10-12,148.945312
2021-10-13,149.190842
2021-10-14,151.054932
2021-10-15,150.718445
2021-10-18,150.600235
2021-10-19,150.809418
2021-10-20,152.227951
2021-10-21,152.237000
2021-10-22,152.018799
2021-10-25,153.464600
2021-10-26,152.146103
2021-10-27,149.099899
2021-10-28,151.545914
2021-10-29,151.291367
2021-11-01,155.046768
2021-11-02,155.792389
2021-11-03,158.293030
2021-11-04,157.474670
2021-11-05,160.457214
2021-11-08,160.839081
2021-11-09,159.584274
2021-11-10,158.129379
2021-11-11,159.275101
2021-11-12,159.065964
2021-11-15,158.947708
2021-11-16,158.820435
2021-11-17,157.029114
2021-11-18,156.465347
2021-11-19,154.937698
2021-11-22,155.783340
2021-11-23,156.201614
2021-11-24,155.865173
2021-11-26,149.845505
2021-11-29,149.327225
2021-11-30,145.917282
2021-12-01,143.043884
2021-12-02,147.381287
2021-12-03,145.553558
2021-12-06,148.717972
2021-12-07,150.763916
2021-12-08,151.555038
2021-12-09,149.081696
2021-12-10,149.099899
2021-12-13,146.925613
2021-12-14,146.157562
2021-12-15,147.611359
2021-12-16,146.002106
2021-12-17,146.276398
2021-12-20,144.145950
2021-12-21,148.260544
2021-12-22,149.732635
2021-12-23,150.683517
2021-12-27,152.228745
2021-12-28,151.753326
2021-12-29,152.064163
2021-12-30,151.698441
2021-12-31,151.826447
2022-01-03,153.673462
2022-01-04,154.715790
2022-01-05,151.296158
2022-01-06,152.567062
2022-01-07,151.881302
2022-01-10,151.250427
2022-01-11,152.347595
2022-01-12,151.716766
2022-01-13,151.415009
2022-01-14,152.338470
2022-01-18,148.626266
2022-01-19,146.230698
2022-01-20,143.313934
2022-01-21,141.238403
2022-01-24,143.771118
2022-01-25,142.948166
2022-01-26,141.146957
2022-01-27,138.294220
2022-01-28,140.214325
2022-01-31,142.948166
2022-02-01,144.255722
2022-02-02,143.368790
2022-02-03,141.320709
2022-02-04,141.695602
2022-02-07,142.061310
2022-02-08,144.036285
2022-02-09,145.791809
2022-02-10,144.027145
2022-02-11,143.441925
2022-02-14,142.792770
2022-02-15,146.038681
2022-02-16,146.587280
2022-02-17,143.999664
2022-02-18,143.185944
2022-02-22,141.274948
2022-02-23,139.263412
2022-02-24,141.320709
2022-02-25,144.813461
2022-02-28,145.142609
2022-03-01,142.472748
2022-03-02,146.267258
2022-03-03,145.755249
2022-03-04,144.273987
2022-03-07,141.320709
2022-03-08,141.951569
2022-03-09,144.731140
2022-03-10,145.032898
2022-03-11,143.615692
2022-03-14,142.180176
2022-03-15,143.295654
2022-03-16,146.541565
2022-03-17,147.849075
2022-03-18,148.370224
2022-03-21,148.031952
2022-03-22,148.992020
2022-03-23,146.879898
2022-03-24,148.181503
2022-03-25,149.566635
2022-03-28,149.227249
2022-03-29,152.309418
2022-03-30,149.667557
2022-03-31,148.053116
2022-04-01,149.254791
2022-04-04,149.052979
2022-04-05,145.723160
2022-04-06,144.374710
2022-04-07,143.659210
2022-04-08,143.218903
2022-04-11,142.283249
2022-04-12,142.897858
2022-04-13,145.475479
2022-04-14,144.879227
2022-04-18,144.503143
2022-04-19,147.089935
2022-04-20,148.080643
2022-04-21,145.347015
2022-04-22,141.778763
2022-04-25,141.797073
2022-04-26,138.137024
2022-04-27,137.825134
2022-04-28,140.393600
2022-04-29,136.513412
2022-05-02,136.953705
2022-05-03,138.962616
2022-05-04,142.641022
2022-05-05,137.843460
2022-05-06,136.394150
2022-05-09,131.642487
2022-05-10,131.046265
2022-05-11,128.945618
2022-05-12,129.862915
2022-05-13,132.495621
2022-05-16,132.743271
2022-05-17,136.660156
2022-05-18,132.403885
2022-05-19,132.027771
2022-05-20,131.614975
2022-05-23,133.568848
2022-05-24,132.394699
2022-05-25,134.917282
2022-05-26,137.449051
2022-05-27,140.604584
2022-05-31,139.146072
2022-06-01,138.880035
2022-06-02,141.274200
2022-06-03,140.356934
2022-06-06,141.182510
2022-06-07,143.255600
2022-06-08,140.806412
2022-06-09,138.125076
2022-06-10,134.874771
2022-06-13,128.705597
2022-06-14,128.171555
2022-06-15,129.644791
2022-06-16,123.816299
2022-06-17,124.156952
2022-06-21,126.173454
2022-06-22,125.409210
2022-06-23,125.446053
2022-06-24,128.889771
2022-06-27,129.460602
2022-06-28,127.471741
2022-06-29,126.026154
2022-06-30,125.363152
2022-07-01,127.177109
2022-07-05,127.517799
2022-07-06,126.385231
2022-07-07,128.595108
2022-07-08,128.457001
2022-07-11,126.274803
2022-07-12,126.514160
2022-07-13,126.136665
2022-07-14,124.654205
2022-07-15,127.324425
2022-07-18,127.296799
2022-07-19,131.606049
2022-07-20,133.272629
2022-07-21,133.447586
2022-07-22,131.762558
2022-07-25,132.775391
2022-07-26,132.176910
2022-07-27,135.003693
2022-07-28,136.578201
2022-07-29,137.425339
2022-08-01,137.489761
2022-08-02,136.725510
2022-08-03,138.355316
2022-08-04,137.931732
2022-08-05,138.732788
2022-08-08,140.132416
2022-08-09,138.870926
2022-08-10,142.176468
2022-08-11,143.005188
2022-08-12,145.914810
2022-08-15,146.467300
2022-08-16,146.752762
2022-08-17,144.349518
2022-08-18,144.911224
2022-08-19,142.047592
2022-08-22,138.834091
2022-08-23,138.880112
2022-08-24,139.524658
2022-08-25,141.660858
2022-08-26,137.397675
2022-08-29,136.108612
2022-08-30,134.165771
2022-08-31,133.217377
2022-09-01,132.084839
2022-09-02,131.154861
2022-09-06,129.598740
2022-09-07,132.066391
2022-09-08,132.858261
2022-09-09,135.519302
2022-09-12,137.241165
2022-09-13,132.094055
2022-09-14,132.222931
2022-09-15,131.541595
2022-09-16,130.197220
2022-09-19,131.642868
2022-09-20,129.893402
2022-09-21,127.959755
2022-09-22,125.418442
2022-09-23,122.444359
2022-09-26,120.421417
2022-09-27,120.180336
2022-09-28,123.397415
2022-09-29,120.319405
2022-09-30,119.531380
2022-10-03,122.535179
2022-10-04,127.337593
2022-10-05,126.132362
2022-10-06,125.260872
2022-10-07,122.155083
2022-10-10,121.747169
2022-10-11,122.219978
2022-10-12,121.978935
2022-10-13,125.362854
2022-10-14,122.572281
2022-10-17,126.160156
2022-10-18,127.606453
2022-10-19,125.631706
2022-10-20,123.823868
2022-10-21,126.595940
2022-10-24,127.319069
2022-10-25,130.369217
2022-10-26,130.953293
2022-10-27,131.555908
2022-10-28,134.531906
2022-10-31,134.726593
2022-11-01,134.967651
2022-11-02,130.925476
2022-11-03,130.118912
2022-11-04,132.492279
2022-11-07,133.067078
2022-11-08,132.955841
2022-11-09,130.007660
2022-11-10,137.378128
2022-11-11,138.277405
2022-11-14,136.766220
2022-11-15,138.258835
2022-11-16,135.876205
2022-11-17,134.884216
2022-11-18,135.709320
2022-11-21,135.468262
2022-11-22,136.960922
2022-11-23,136.933060
2022-11-25,137.313232
2022-11-28,134.587540
2022-11-29,135.366318
2022-11-30,138.546265
2022-12-01,137.980728
2022-12-02,138.731689
2022-12-05,134.995422
2022-12-06,133.604813
2022-12-07,132.955841
2022-12-08,133.780945
2022-12-09,132.334671
2022-12-12,133.521362
2022-12-13,133.979568
2022-12-14,133.149002
2022-12-15,130.134796
2022-12-16,129.061600
2022-12-19,127.773758
2022-12-20,128.203064
2022-12-21,130.097443
2022-12-22,128.716278
2022-12-23,129.518875
2022-12-27,129.014923
2022-12-28,126.961906
2022-12-29,129.929459
2022-12-30,129.406876
2023-01-03,129.014923
2023-01-04,130.816010
2023-01-05,129.565536
2023-01-06,132.439804
2023-01-09,132.225174
2023-01-10,133.876923
2023-01-11,135.528687
2023-01-12,137.805695
2023-01-13,138.458908
2023-01-17,138.113647
2023-01-18,135.724625
2023-01-19,134.726135
2023-01-20,136.900467
2023-01-23,138.132309
2023-01-24,138.001678
2023-01-25,138.468277
2023-01-26,139.149506
2023-01-27,139.998703
2023-01-30,138.468277
2023-01-31,141.911789
2023-02-01,143.600861
2023-02-02,146.475113
2023-02-03,145.915192
2023-02-06,143.880814
2023-02-07,144.636719
2023-02-08,142.602325
2023-02-09,140.455963
2023-02-10,140.829224
2023-02-13,142.443680
2023-02-14,142.061066
2023-02-15,143.376846
2023-02-16,142.275742
2023-02-17,142.639664
2023-02-21,138.682907
2023-02-22,139.037552
2023-02-23,139.737411
2023-02-24,138.337585
2023-02-27,138.738876
2023-02-28,138.673553
2023-03-01,138.384262
2023-03-02,138.645554
2023-03-03,140.381302
2023-03-06,138.169632
2023-03-07,136.396545
2023-03-08,136.527206
2023-03-09,132.318451
2023-03-10,128.818970
2023-03-13,125.888710
2023-03-14,127.979134
2023-03-15,125.982025
2023-03-16,127.615143
2023-03-17,123.779671
2023-03-20,125.020798
2023-03-21,127.596497
2023-03-22,123.695702
2023-03-23,122.688148
2023-03-24,124.085953
2023-03-27,125.418091
2023-03-28,125.418091
2023-03-29,126.656418
2023-03-30,126.281174
2023-03-31,128.542053
2023-04-03,128.382599
2023-04-04,125.905937
2023-04-05,125.127289
2023-04-06,125.408714
2023-04-10,126.506317
2023-04-11,127.388145
2023-04-12,126.478165
2023-04-13,127.932281
2023-04-14,126.590736
2023-04-17,128.138657
2023-04-18,127.284966
2023-04-19,127.875992
2023-04-20,126.965996
2023-04-21,126.806534
2023-04-24,126.609535
2023-04-25,123.551224
2023-04-26,122.359818
2023-04-27,124.226677
2023-04-28,125.296120
2023-05-01,125.052231
2023-05-02,122.162796
2023-05-03,122.350426
2023-05-04,120.952606
2023-05-05,123.935867
2023-05-08,123.494942
2023-05-09,123.054024
2023-05-10,123.363602
2023-05-11,122.575592
2023-05-12,122.359818
2023-05-15,123.785774
2023-05-16,121.825081
2023-05-17,125.258621
2023-05-18,125.830872
2023-05-19,124.808334
2023-05-22,126.403137
2023-05-23,126.440659
2023-05-24,124.752037
2023-05-25,123.691940
2023-05-26,124.892754
2023-05-30,124.611298
2023-05-31,123.016502
2023-06-01,124.198524
2023-06-02,129.273804
2023-06-05,127.191147
2023-06-06,131.028091
2023-06-07,134.126587
2023-06-08,133.250183
2023-06-09,132.091095
2023-06-12,132.392654
2023-06-13,133.872162
2023-06-14,132.345490
2023-06-15,133.457489
2023-06-16,132.458603
2023-06-20,131.601044
2023-06-21,131.120438
2023-06-22,129.716339
2023-06-23,127.963516
2023-06-26,128.481827
2023-06-27,130.423111
2023-06-28,130.818893
2023-06-29,132.637680
2023-06-30,132.684784
2023-07-03,133.796783
2023-07-05,132.223007
2023-07-06,129.876526
2023-07-07,131.751831
2023-07-10,133.570572
2023-07-11,135.012436
2023-07-12,136.727493
2023-07-13,137.688705
2023-07-14,135.983047
2023-07-17,137.151596
2023-07-18,139.319000
2023-07-19,140.694870
2023-07-20,139.714813
2023-07-21,139.121124
2023-07-24,139.978653
2023-07-25,139.535751
2023-07-26,141.297989
2023-07-27,139.413254
2023-07-28,141.194290
2023-07-31,142.523056
2023-08-01,142.061264
2023-08-02,140.496964
2023-08-03,140.280212
2023-08-04,140.346176
2023-08-07,140.892776
2023-08-08,140.261368
2023-08-09,139.507462
2023-08-10,138.546265
2023-08-11,138.857269
2023-08-14,138.112762
2023-08-15,135.954758
2023-08-16,134.409302
2023-08-17,133.485764
2023-08-18,133.938156
2023-08-21,133.316147
2023-08-22,132.402054
2023-08-23,133.768478
2023-08-24,132.468048
2023-08-25,132.656479
2023-08-28,134.013489
2023-08-29,135.700333
2023-08-30,135.907639
2023-08-31,135.719177
2023-09-01,137.566208
2023-09-05,134.362167
2023-09-06,133.551773
2023-09-07,132.439728
2023-09-08,132.392654
2023-09-11,132.637680
2023-09-12,132.826126
2023-09-13,131.912064
2023-09-14,134.173691
2023-09-15,132.873245
2023-09-18,131.836639
2023-09-19,131.478577
2023-09-20,130.300583
2023-09-21,128.510101
2023-09-22,127.972946
2023-09-25,128.868225
2023-09-26,126.961891
2023-09-27,128.091064
2023-09-28,129.182251
2023-09-29,128.622452
2023-10-02,126.297638
2023-10-03,124.333450
2023-10-04,124.295479
2023-10-05,124.608627
2023-10-06,125.348755
2023-10-09,126.316643
2023-10-10,127.664032
2023-10-11,127.910774
2023-10-12,125.472122
2023-10-13,124.456795
2023-10-16,126.297638
2023-10-17,127.844368
2023-10-18,125.187424
2023-10-19,123.403534
2023-10-20,121.856834
2023-10-23,120.765610
2023-10-24,121.306473
2023-10-25,119.883118
2023-10-26,120.708679
2023-10-27,119.095551
2023-10-30,119.978020
2023-10-31,120.888969
2023-11-01,121.742966
2023-11-02,125.690384
2023-11-03,129.087387
2023-11-06,127.369904
2023-11-07,126.345108
2023-11-08,125.007149
2023-11-09,123.128334
2023-11-10,124.124672
2023-11-13,124.124672
2023-11-14,131.136993
2023-11-15,131.573517
2023-11-16,129.324615
2023-11-17,131.288818
2023-11-20,131.649414
2023-11-21,129.931900
2023-11-22,130.747971
2023-11-24,131.440628
2023-11-27,131.004120
2023-11-28,130.681519
2023-11-29,131.402679
2023-11-30,131.867661
2023-12-01,136.175598
2023-12-04,137.693878
2023-12-05,135.644241
2023-12-06,135.388031
2023-12-07,136.811417
2023-12-08,137.665390
2023-12-11,137.684387
2023-12-12,137.086563
2023-12-13,142.457291
2023-12-14,146.509064
2023-12-15,145.209061
2023-12-18,145.047745
2023-12-19,148.065247
2023-12-20,145.476959
2023-12-21,147.843842
2023-12-22,148.912750
2023-12-26,150.897873
2023-12-27,150.983765
2023-12-28,150.525681
2023-12-29,148.244675
2024-01-02,147.748383
2024-01-03,144.016769
2024-01-04,143.673141
2024-01-05,143.348694
2024-01-08,145.381516
2024-01-09,143.539566
2024-01-10,143.759079
2024-01-11,142.632874
2024-01-12,142.480179
2024-01-16,140.170563
2024-01-17,138.968048
2024-01-18,140.084656
2024-01-19,141.592606
2024-01-22,144.493942
2024-01-23,143.701797
2024-01-24,142.651993
2024-01-25,144.083572
2024-01-26,144.350815
2024-01-29,146.221359
2024-01-30,145.314728
2024-01-31,141.382645
2024-02-01,142.690155
2024-02-02,141.497177
2024-02-05,139.368881
2024-02-06,140.409195
2024-02-07,139.941544
2024-02-08,141.783478
2024-02-09,143.472733
2024-02-12,146.383621
2024-02-13,140.304199
2024-02-14,143.081451
2024-02-15,146.994446
2024-02-16,145.381516
2024-02-20,143.654114
2024-02-21,143.568192
2024-02-22,143.615875
2024-02-23,143.930893
2024-02-26,144.264908
2024-02-27,145.725082
2024-02-28,144.713440
2024-02-29,146.020981
2024-03-01,147.070786
2024-03-04,146.116425
2024-03-05,145.772858
2024-03-06,146.412262
2024-03-07,147.481186
2024-03-08,147.700714
2024-03-11,147.013519
2024-03-12,146.345428
2024-03-13,146.679459
2024-03-14,143.940430
2024-03-15,144.713440
2024-03-18,143.959503
2024-03-19,145.171555
2024-03-20,148.359192
2024-03-21,150.176285
2024-03-22,147.915710
2024-03-25,148.097717
2024-03-26,147.542160
2024-03-27,151.201218
2024-03-28,152.120773
2024-04-01,150.454071
2024-04-02,147.906143
2024-04-03,148.863998
2024-04-04,147.676224
2024-04-05,148.279694
2024-04-08,149.103470
2024-04-09,149.869766
2024-04-10,145.195312
2024-04-11,146.162781
2024-04-12,144.045868
2024-04-15,142.340881
2024-04-16,141.095596
2024-04-17,139.879105
2024-04-18,140.166458
2024-04-19,141.555374
2024-04-22,143.212524
2024-04-23,145.348602
2024-04-24,144.907959
2024-04-25,143.854279
2024-04-26,144.773865
2024-04-29,145.645538
2024-04-30,142.762314
2024-05-01,143.509460
2024-05-02,146.440567
2024-05-03,147.714569
2024-05-06,149.093887
2024-05-07,149.074753
2024-05-08,148.825699
2024-05-09,150.530701
2024-05-10,149.611130
2024-05-13,149.716507
2024-05-14,151.162918
2024-05-15,152.235718
2024-05-16,151.699310
2024-05-17,152.024994
2024-05-20,151.526886
2024-05-21,151.459854
2024-05-22,150.176285
2024-05-23,147.398453
2024-05-24,148.634109
2024-05-28,148.107254
2024-05-29,145.760483
2024-05-30,147.590027
2024-05-31,149.314209
2024-06-03,148.461700
2024-06-04,146.249008
2024-06-05,147.839081
2024-06-06,147.024872
2024-06-07,145.425232
2024-06-10,145.415634
2024-06-11,144.771988
2024-06-12,146.927155
2024-06-13,145.378128
2024-06-14,143.145981
2024-06-17,144.271667
2024-06-18,144.262054
2024-06-20,143.944519
2024-06-21,144.165817
2024-06-24,145.387741
2024-06-25,144.406342
2024-06-26,144.233170
2024-06-27,145.147202
2024-06-28,146.532684
2024-07-01,145.214554
2024-07-02,145.782211
2024-07-03,145.724487
2024-07-05,144.367874
2024-07-08,145.426208
2024-07-09,144.887436
2024-07-10,146.677002
2024-07-11,152.497910
2024-07-12,153.902603
2024-07-15,156.692795
2024-07-16,162.523315
2024-07-17,162.455978
2024-07-18,159.454117
2024-07-19,158.520828
2024-07-22,160.878067
2024-07-23,162.783081
2024-07-24,159.848541
2024-07-25,162.176941
2024-07-26,164.851639
2024-07-29,163.042862
2024-07-30,163.966476
2024-07-31,164.726578
2024-08-01,159.636917
2024-08-02,154.171982
2024-08-05,148.610886
2024-08-06,150.054077
2024-08-07,148.832169
2024-08-08,151.728210
2024-08-09,150.987320
2024-08-12,149.332458
2024-08-13,151.757065
2024-08-14,150.881516
2024-08-15,154.672302
2024-08-16,155.432388
2024-08-19,157.202713
2024-08-20,155.211121
2024-08-21,156.827484
2024-08-22,155.855743
2024-08-23,161.224426
2024-08-26,161.436096
2024-08-27,159.992889
2024-08-28,159.531067
2024-08-29,160.512451
2024-08-30,161.378372
2024-09-03,157.000641
2024-09-04,156.519608
2024-09-05,155.749924
2024-09-06,153.257965
2024-09-09,153.027069
2024-09-10,153.036667
2024-09-11,152.834625
2024-09-12,154.643417
2024-09-13,158.597824
2024-09-16,159.588821
2024-09-17,160.772202
2024-09-18,160.983887
2024-09-19,163.937653
2024-09-20,161.570786
2024-09-23,161.166702
2024-09-24,161.185944
2024-09-25,158.876495
2024-09-26,159.833939
2024-09-27,160.897736
2024-09-30,161.332962
2024-10-01,158.973206
2024-10-02,158.470291
2024-10-03,157.638596
2024-10-04,159.621170
2024-10-07,158.431610
2024-10-08,158.035095
2024-10-09,158.615372
2024-10-10,157.783661
2024-10-11,160.849380
2024-10-14,161.864838
2024-10-15,162.154968
2024-10-16,165.046646
2024-10-17,164.804871
2024-10-18,164.698471
2024-10-21,161.245911
2024-10-22,160.772018
2024-10-23,159.872604
2024-10-24,160.336807
2024-10-25,159.253662
2024-10-28,161.980896
2024-10-29,161.265228
2024-10-30,161.400650
2024-10-31,158.953857
2024-11-01,158.973206
2024-11-04,159.659851
2024-11-05,162.648209
2024-11-06,172.793167
2024-11-07,170.984695
2024-11-08,171.951797
2024-11-11,174.814423
2024-11-12,171.738998
2024-11-13,170.210983
2024-11-14,168.586243
2024-11-15,166.845474
2024-11-18,167.067902
2024-11-19,167.251633
2024-11-20,167.193619
2024-11-21,169.495316
2024-11-22,172.677124
2024-11-25,175.385040
2024-11-26,173.837646
2024-11-27,174.214828
2024-11-29,174.398575
2024-12-02,174.495270
2024-12-03,172.889893
2024-12-04,173.112320
2024-12-05,171.361862
2024-12-06,171.448883
2024-12-09,171.352158
2024-12-10,170.945999
2024-12-11,171.661652
2024-12-12,169.601730
2024-12-13,168.479874
2024-12-16,168.818344
2024-12-17,166.542221
2024-12-18,159.204468
2024-12-19,158.115967
2024-12-20,159.496033
2024-12-23,159.253052
2024-12-24,160.681763
2024-12-26,162.022949
2024-12-27,159.777893
2024-12-30,159.097549
2024-12-31,159.554352
2025-01-02,159.311386
2025-01-03,161.051041
2025-01-06,160.652603
2025-01-07,159.593231
2025-01-08,158.990646
2025-01-10,155.452988
2025-01-13,156.230484
2025-01-14,158.621338
2025-01-15,161.702209
2025-01-16,161.614746
2025-01-17,162.256195
2025-01-21,164.637299
2025-01-22,163.043427
2025-01-23,163.471054
2025-01-24,163.548813
2025-01-27,163.888962
2025-01-28,163.237808
2025-01-29,162.576904
2025-01-30,164.277710
2025-01-31,162.761566
2025-02-03,160.545670
2025-02-04,162.742142
2025-02-05,164.374924
2025-02-06,164.306854
2025-02-07,162.392258
2025-02-10,162.907349
2025-02-11,163.198929
2025-02-12,161.177414
2025-02-13,162.790741
2025-02-14,162.771301
2025-02-18,163.441895
2025-02-19,162.615814
2025-02-20,161.255157
2025-02-21,157.668900
2025-02-24,156.842804
2025-02-25,157.008026
2025-02-26,156.745621
2025-02-27,155.278046
2025-02-28,156.570663
2025-03-03,153.285706
2025-03-04,151.030930
2025-03-05,152.255508
2025-03-06,150.603302
2025-03-07,151.137833
2025-03-10,147.279434
2025-03-11,147.007309
2025-03-12,147.065643
2025-03-13,145.073273
2025-03-14,148.455429
2025-03-17,150.020172
2025-03-18,149.277191
2025-03-19,151.158997
2025-03-20,150.408218
2025-03-21,149.286942
2025-03-24,152.455795
2025-03-25,151.383255
2025-03-26,150.720230
2025-03-27,150.495987
2025-03-28,147.444138
2025-03-31,147.210129
2025-04-01,147.190643
2025-04-02,149.121185
2025-04-03,139.361115
2025-04-04,133.676727
2025-04-07,131.775375
2025-04-08,128.548035
2025-04-09,138.259338
2025-04-10,132.584656
2025-04-11,133.920456
2025-04-14,135.421997
2025-04-15,135.850998
2025-04-16,135.285507
2025-04-17,136.572571
2025-04-21,134.339737
2025-04-22,137.732819
2025-04-23,139.127136
2025-04-24,141.311188
2025-04-25,141.038162
2025-04-28,141.671967
2025-04-29,142.247223
2025-04-30,141.184433
2025-05-01,141.954712
2025-05-02,144.938293
2025-05-05,143.748764
2025-05-06,142.646988
2025-05-07,142.988220
2025-05-08,145.386810
2025-05-09,145.513580
2025-05-12,150.125473
2025-05-13,150.476486
2025-05-14,149.043167
2025-05-15,150.193710
2025-05-16,151.090744
2025-05-19,150.417984
2025-05-20,150.291229
2025-05-21,145.893829
2025-05-22,145.640305
2025-05-23,145.191833
2025-05-27,148.896942
2025-05-28,147.141861
2025-05-29,147.960922
2025-05-30,147.063873
2025-06-02,146.946869
2025-06-03,149.189423
2025-06-04,148.526413
2025-06-05,148.419159
2025-06-06,150.720230
2025-06-09,151.997528
2025-06-10,153.391830
2025-06-11,152.719055
2025-06-12,152.299774
2025-06-13,149.637955
2025-06-16,151.029724
2025-06-17,149.541000
2025-06-18,150.353912
2025-06-20,150.040512
2025-06-23,152.244232
2025-06-24,153.556671
2025-06-25,151.940628
2025-06-26,154.399017
2025-06-27,154.447983
2025-06-30,154.516556
2025-07-01,157.738907
2025-07-02,160.393204
2025-07-03,161.558716
2025-07-07,159.070953
2025-07-08,160.530289
2025-07-09,161.764420
2025-07-10,163.253174
2025-07-11,161.568542
2025-07-14,162.028824
2025-07-15,158.160065
2025-07-16,159.178696
2025-07-17,160.951462
2025-07-18,159.981842
2025-07-21,159.952454
2025-07-22,162.332489
2025-07-23,164.330551
2025-07-24,161.970078
2025-07-25,162.214920
2025-07-28,161.989685
2025-07-29,160.912292
2025-07-30,158.855484
2025-07-31,157.092468
2025-08-01,153.870117
2025-08-04,156.553757
2025-08-05,157.680130
2025-08-06,157.787888
2025-08-07,157.454880
2025-08-08,157.758499
2025-08-11,157.533218
2025-08-12,162.518570
2025-08-13,166.132721
2025-08-14,164.310944
2025-08-15,163.184586
2025-08-18,163.703690
2025-08-19,163.635147
2025-08-20,162.920166
2025-08-21,162.910355
2025-08-22,169.932938
2025-08-25,168.561737
2025-08-26,169.511780
2025-08-27,170.941772
2025-08-28,170.501022
2025-08-29,170.491211
2025-09-02,169.590118
2025-09-03,169.453003
2025-09-04,171.607803
2025-09-05,172.381561
2025-09-08,172.332565
2025-09-09,171.118073
2025-09-10,171.059296
2025-09-11,173.831116
2025-09-12,171.940796
2025-09-15,172.606812
2025-09-16,172.190613
2025-09-17,172.269318
2025-09-18,176.077393
2025-09-19,174.070038
2025-09-22,174.621078
2025-09-23,174.512833
2025-09-24,174.030670
2025-09-25,172.298843
2025-09-26,173.833878
2025-09-29,173.735474
2025-09-30,173.981461
2025-10-01,174.709625
2025-10-02,175.191788
2025-10-03,176.569397
2025-10-06,176.923630
2025-10-07,174.926132
2025-10-08,176.264343
2025-10-09,174.847397
2025-10-10,169.582977
2025-10-13,173.272980
2025-10-14,176.628433
2025-10-15,177.946991
2025-10-16,174.001144
2025-10-17,173.705948
2025-10-20,177.228668
2025-10-21,176.470993
2025-10-22,174.867081
2025-10-23,176.441483
2025-10-24,178.606277
2025-10-27,178.360275
2025-10-28,177.405807
2025-10-29,175.152435
2025-10-30,173.912582
2025-10-31,174.296341
2025-11-03,174.355392
2025-11-04,172.052841
2025-11-05,174.119247
2025-11-06,171.767471
2025-11-07,172.977768
2025-11-10,174.316040
2025-11-11,174.985153
2025-11-12,174.847397
2025-11-13,171.619858
2025-11-14,171.875702
2025-11-17,168.166000
2025-11-18,168.953217
2025-11-19,168.461212
2025-11-20,166.148819
2025-11-21,171.068832
2025-11-24,173.125397
2025-11-25,177.268036
2025-11-26,178.625961
2025-11-28,179.314758
2025-12-01,178.133942
2025-12-02,177.405807
2025-12-03,180.692368
2025-12-04,181.026947
2025-12-05,180.830139
2025-12-08,180.584122
2025-12-09,181.164703
2025-12-10,184.677551
2025-12-11,186.419250
2025-12-12,184.431564
2025-12-15,183.683731
2025-12-16,182.502090
2025-12-17,181.749939
2025-12-18,182.511978
2025-12-19,182.541672
2025-12-22,183.808426
2025-12-23,182.700012
2025-12-24,183.224533
2025-12-26,182.610947
2025-12-29,181.779633
2025-12-30,180.760284
2025-12-31,179.335205
2026-01-02,180.978027
2026-01-05,183.274017
2026-01-06,186.005463
2026-01-07,185.381989
2026-01-08,188.004562
2026-01-09,189.142654
2026-01-12,189.627594
2026-01-13,189.875000
2026-01-14,191.705887
2026-01-15,193.447647
2026-01-16,193.348679
2026-01-20,190.815186
2026-01-21,195.565521
2026-01-22,196.941132
2026-01-23,193.596115
2026-01-26,192.893463
2026-01-27,193.635681
2026-01-28,192.547058
2026-01-29,193.833633
2026-01-30,191.874115
2026-02-02,193.863312
2026-02-03,195.506149
2026-02-04,195.773361
2026-02-05,192.804398
2026-02-06,198.237579
2026-02-09,198.870956
2026-02-10,198.742310
2026-02-11,198.475113
2026-02-12,195.130066
2026-02-13,197.901108
2026-02-17,197.594315
2026-02-18,197.683365
2026-02-19,198.188095
2026-02-20,198.841278
2026-02-23,195.238922
2026-02-24,196.802582
2026-02-25,197.693268
2026-02-26,198.742310
2026-02-27,195.506149
2026-03-02,196.891647
2026-03-03,194.031555
2026-03-04,196.060349
2026-03-05,192.319458
2026-03-06,188.440002
2026-03-09,189.360382
2026-03-10,189.083282
2026-03-11,188.519180
2026-03-12,185.273117
2026-03-13,184.728806
2026-03-16,186.193497
2026-03-17,187.094574
2026-03-18,184.256348
2026-03-19,185.288437
2026-03-20,182.063187
2026-03-23,185.913635
2026-03-24,187.541138
2026-03-25,189.744247
2026-03-26,187.868637
2026-03-27,185.070114
2026-03-30,183.412827
2026-03-31,188.146500
2026-04-01,189.307602
2026-04-02,190.726715
2026-04-06,191.421387
2026-04-07,191.987045
2026-04-08,196.919189
2026-04-09,198.189468
2026-04-10,197.822266
2026-04-13,199.320786
2026-04-14,200.551331
2026-04-15,200.392548
2026-04-16,200.720032
2026-04-17,204.878143
2026-04-20,206.009460
2026-04-21,203.806351
2026-04-22,204.659805
2026-04-23,204.977386
2026-04-24,205.384262
2026-04-27,206.217865
2026-04-28,205.285019
2026-04-29,202.585724
2026-04-30,206.168243
2026-05-01,206.644577
2026-05-04,204.987305
2026-05-05,208.014084
2026-05-06,211.140091
2026-05-07,208.500366
2026-05-08,210.018707
2026-05-11,209.591965
2026-05-12,208.043854
2026-05-13,207.646896
2026-05-14,208.381256
2026-05-15,204.401794
2026-05-18,204.510956
2026-05-19,202.675049
2026-05-20,207.051468
2026-05-21,208.192703
2026-05-22,209.701126
2026-05-26,213.055405
2026-05-27,213.184418
2026-05-28,213.720306
2026-05-29,212.241638
2026-06-01,211.120239
2026-06-02,213.363037
2026-06-03,210.574432
2026-06-04,213.402740
2026-06-05,207.845383
2026-06-08,209.641602
2026-06-09,210.554596
2026-06-10,209.314102
2026-06-11,214.166870
2026-06-12,216.667679
2026-06-15,216.423676
2026-06-16,215.328110
2026-06-17,212.828232
2026-06-18,215.995407
2026-06-22,217.110901
2026-06-23,216.672668
2026-06-24,217.708466
2026-06-25,219.222336
2026-06-26,220.537018
2026-06-29,220.387619
2026-06-30,220.307938
2026-07-01,220.815903
2026-07-02,220.437424
2026-07-06,220.845779
2026-07-07,219.292053
2026-07-08,216.802139
2026-07-09,218.614807
2026-07-10,219.082901
2026-07-13,218.893677
2026-07-14,218.714401
2026-07-15,220.397583
2026-07-16,223.275925
2026-07-17,221.443344
2026-07-20,219.959366
2026-07-21,222.011047
2026-07-22,221.154526
2026-07-23,219.690445
2026-07-24,220.527054
2026-07-27,221.264084
2026-07-28,223.206207
2026-07-29,220.706345
2026-07-30,220.895554
2026-07-31,220.347794
2026-08-03,223.544830
2026-08-04,226.054672
2026-08-05,224.172302
2026-08-06,222.927338
2026-08-07,224.610535
2026-08-10,223.385483
2026-08-11,224.062744
2026-08-12,225.018860
2026-08-13,225.855484
2026-08-14,226.512817
2026-08-17,225.546738
2026-08-18,223.544830
2026-08-19,224.700165
2026-08-20,222.907425
2026-08-21,223.903381
2026-08-24,223.156418
2026-08-25,223.734070
2026-08-26,223.435287
2026-08-27,223.833679
2026-08-28,222.240128
2026-08-31,220.905533
2026-09-01,219.053024
2026-09-02,222.140518
2026-09-03,222.817780
2026-09-04,223.714157
2026-09-08,221.861649
2026-09-09,219.590851
2026-09-10,218.086945
2026-09-11,218.804031
2026-09-14,218.565002
2026-09-15,217.679993
2026-09-16,215.860001
2026-09-17,216.729996
2026-09-18,215.580002
2026-09-21,215.949997
2026-09-22,216.690002
2026-09-23,213.320007
2026-09-24,213.119995
2026-09-25,213.490005
2026-09-28,211.800003
2026-09-29,211.000000
2026-09-30,209.449997
2026-10-01,210.550003
2026-10-02,212.339996
