date,adj_close
2002-07-30,36.223118
2002-07-31,36.444679
2002-08-01,36.801979
2002-08-02,36.877018
2002-08-05,36.787701
2002-08-06,36.662651
2002-08-07,36.766273
2002-08-08,36.659069
2002-08-09,36.805588
2002-08-12,36.855644
2002-08-13,37.159340
2002-08-14,37.173634
2002-08-15,37.062862
2002-08-16,36.884171
2002-08-19,37.091442
2002-08-20,37.488098
2002-08-21,37.538136
2002-08-22,37.484520
2002-08-23,37.591717
2002-08-26,37.631004
2002-08-27,37.538136
2002-08-28,37.609608
2002-08-29,37.748955
2002-08-30,37.770382
2002-09-03,37.949635
2002-09-04,38.089718
2002-09-05,38.197479
2002-09-06,37.938847
2002-09-09,37.964016
2002-09-10,38.125599
2002-09-11,38.075348
2002-09-12,38.272907
2002-09-13,38.337570
2002-09-16,38.488434
2002-09-17,38.517170
2002-09-18,38.470501
2002-09-19,38.470501
2002-09-20,38.488434
2002-09-23,38.369911
2002-09-24,38.362698
2002-09-25,38.283649
2002-09-26,38.326759
2002-09-27,38.632122
2002-09-30,38.560272
2002-10-01,38.533913
2002-10-02,38.523106
2002-10-03,38.505093
2002-10-04,38.414898
2002-10-07,38.234543
2002-10-08,37.877464
2002-10-09,37.736767
2002-10-10,37.729576
2002-10-11,37.837811
2002-10-14,37.906300
2002-10-15,37.459034
2002-10-16,37.368851
2002-10-17,37.087502
2002-10-18,37.184910
2002-10-21,36.964897
2002-10-22,37.116379
2002-10-23,37.188541
2002-10-24,37.329189
2002-10-25,37.585266
2002-10-28,37.689896
2002-10-29,37.909920
2002-10-30,37.917141
2002-10-31,38.324738
2002-11-01,38.051819
2002-11-04,38.131546
2002-11-05,38.091660
2002-11-06,38.207649
2002-11-07,38.747715
2002-11-08,38.798477
2002-11-11,38.903595
2002-11-12,38.581020
2002-11-13,38.729610
2002-11-14,38.472225
2002-11-15,38.693352
2002-11-18,38.961582
2002-11-19,38.889088
2002-11-20,38.762230
2002-11-21,38.762230
2002-11-22,38.602757
2002-11-25,38.599098
2002-11-26,38.816593
2002-11-27,38.599098
2002-11-29,38.599098
2002-12-02,38.662838
2002-12-03,38.731995
2002-12-04,38.731995
2002-12-05,38.819351
2002-12-06,38.841194
2002-12-09,38.841194
2002-12-10,38.914021
2002-12-11,39.077801
2002-12-12,39.077801
2002-12-13,38.877594
2002-12-16,38.859390
2002-12-17,39.004993
2002-12-18,39.201572
2002-12-19,39.452747
2002-12-20,39.463654
2002-12-23,39.470974
2002-12-24,39.554714
2002-12-26,39.685749
2002-12-27,39.915043
2002-12-30,40.035175
2002-12-31,40.115303
2003-01-02,39.252171
2003-01-03,39.475266
2003-01-06,39.456959
2003-01-07,39.606934
2003-01-08,39.647163
2003-01-09,39.328960
2003-01-10,39.431362
2003-01-13,39.387482
2003-01-14,39.497208
2003-01-15,39.497208
2003-01-16,39.405785
2003-01-17,39.588631
2003-01-21,39.614243
2003-01-22,39.694702
2003-01-23,39.712990
2003-01-24,39.892189
2003-01-27,39.658138
2003-01-28,39.778778
2003-01-29,39.544754
2003-01-30,39.680080
2003-01-31,39.789783
2003-02-03,39.828354
2003-02-04,39.905487
2003-02-05,39.846695
2003-02-06,39.916481
2003-02-07,40.004650
2003-02-10,39.758556
2003-02-11,39.905487
2003-02-12,39.850410
2003-02-13,39.850410
2003-02-14,39.832035
2003-02-18,39.956882
2003-02-19,40.085423
2003-02-20,40.188248
2003-02-21,40.078053
2003-02-24,40.210285
2003-02-25,40.283745
2003-02-26,40.393913
2003-02-27,40.562889
2003-02-28,40.577541
2003-03-03,40.810905
2003-03-04,40.833023
2003-03-05,40.810905
2003-03-06,40.740849
2003-03-07,40.751926
2003-03-10,40.866192
2003-03-11,40.774075
2003-03-12,40.700302
2003-03-13,40.442242
2003-03-14,40.394325
2003-03-17,40.184181
2003-03-18,40.025661
2003-03-19,39.815514
2003-03-20,39.885597
2003-03-21,39.682804
2003-03-24,39.999840
2003-03-25,40.044106
2003-03-26,40.221066
2003-03-27,40.276340
2003-03-28,40.438560
2003-03-31,40.626541
2003-04-01,40.845924
2003-04-02,40.727165
2003-04-03,40.730850
2003-04-04,40.630661
2003-04-07,40.556423
2003-04-08,40.704891
2003-04-09,40.838470
2003-04-10,40.690044
2003-04-11,40.545296
2003-04-14,40.567574
2003-04-15,40.641796
2003-04-16,40.916420
2003-04-17,40.831036
2003-04-21,40.916420
2003-04-22,40.934956
2003-04-23,41.172508
2003-04-24,41.413742
2003-04-25,41.417477
2003-04-28,41.439732
2003-04-29,41.291267
2003-04-30,41.584442
2003-05-01,41.817402
2003-05-02,41.675320
2003-05-05,41.862274
2003-05-06,42.082874
2003-05-07,42.363335
2003-05-08,42.367096
2003-05-09,42.292316
2003-05-12,42.438118
2003-05-13,42.441906
2003-05-14,42.628868
2003-05-15,42.613907
2003-05-16,42.898079
2003-05-19,42.722340
2003-05-20,42.853180
2003-05-21,42.853180
2003-05-22,43.141132
2003-05-23,43.200966
2003-05-27,43.051376
2003-05-28,42.879391
2003-05-29,43.189770
2003-05-30,43.208462
2003-06-02,43.025215
2003-06-03,43.420288
2003-06-04,43.476749
2003-06-05,43.405228
2003-06-06,43.476749
2003-06-09,43.570778
2003-06-10,43.909409
2003-06-11,43.860519
2003-06-12,44.018547
2003-06-13,44.202904
2003-06-16,44.041103
2003-06-17,43.901905
2003-06-18,43.495522
2003-06-19,43.570778
2003-06-20,43.363869
2003-06-23,43.582069
2003-06-24,43.646049
2003-06-25,43.424061
2003-06-26,43.044037
2003-06-27,42.931149
2003-06-30,43.130566
2003-07-01,42.897049
2003-07-02,43.048428
2003-07-03,42.783546
2003-07-07,42.575394
2003-07-08,42.613213
2003-07-09,42.764618
2003-07-10,42.851669
2003-07-11,42.904655
2003-07-14,42.791096
2003-07-15,42.302902
2003-07-16,42.287762
2003-07-17,42.090992
2003-07-18,42.268829
2003-07-21,41.757912
2003-07-22,41.723869
2003-07-23,42.000141
2003-07-24,41.818478
2003-07-25,41.723869
2003-07-28,41.307590
2003-07-29,40.929108
2003-07-30,41.137306
2003-07-31,40.626392
2003-08-01,40.747166
2003-08-04,40.987183
2003-08-05,40.800476
2003-08-06,40.956715
2003-08-07,41.181477
2003-08-08,41.204346
2003-08-11,41.044350
2003-08-12,40.998589
2003-08-13,40.537609
2003-08-14,40.590954
2003-08-15,40.670982
2003-08-18,40.804279
2003-08-19,41.166233
2003-08-20,41.040493
2003-08-21,40.842419
2003-08-22,41.040493
2003-08-25,40.857643
2003-08-26,40.937672
2003-08-27,40.930050
2003-08-28,41.231018
2003-08-29,41.215786
2003-09-02,41.117538
2003-09-03,41.236485
2003-09-04,41.378464
2003-09-05,41.693069
2003-09-08,41.539612
2003-09-09,41.670040
2003-09-10,42.003872
2003-09-11,41.785175
2003-09-12,42.092163
2003-09-15,42.107498
2003-09-16,42.199577
2003-09-17,42.456646
2003-09-18,42.399097
2003-09-19,42.441330
2003-09-22,42.283989
2003-09-23,42.345406
2003-09-24,42.506577
2003-09-25,42.652370
2003-09-26,42.917118
2003-09-29,42.802021
2003-09-30,43.085945
2003-10-01,43.209900
2003-10-02,43.043816
2003-10-03,42.445194
2003-10-06,42.487679
2003-10-07,42.344757
2003-10-08,42.499290
2003-10-09,42.352501
2003-10-10,42.561066
2003-10-13,42.534023
2003-10-14,42.360226
2003-10-15,42.364094
2003-10-16,42.228920
2003-10-17,42.460636
2003-10-20,42.499290
2003-10-21,42.514736
2003-10-22,42.638309
2003-10-23,42.406578
2003-10-24,42.715557
2003-10-27,42.619022
2003-10-28,42.900925
2003-10-29,42.599709
2003-10-30,42.541744
2003-10-31,42.541744
2003-11-03,42.563843
2003-11-04,42.629780
2003-11-05,42.331207
2003-11-06,42.098595
2003-11-07,42.180008
2003-11-10,42.055920
2003-11-11,42.238186
2003-11-12,42.261444
2003-11-13,42.660812
2003-11-14,42.893429
2003-11-17,42.974819
2003-11-18,43.164841
2003-11-19,42.784863
2003-11-20,42.990345
2003-11-21,43.133801
2003-11-24,42.843025
2003-11-25,42.978752
2003-11-26,42.885662
2003-11-28,42.672432
2003-12-01,42.583652
2003-12-02,42.700436
2003-12-03,42.626499
2003-12-04,42.661533
2003-12-05,43.105324
2003-12-08,42.782207
2003-12-09,42.645950
2003-12-10,42.743282
2003-12-11,42.937931
2003-12-12,43.054676
2003-12-15,42.957371
2003-12-16,43.601906
2003-12-17,43.700520
2003-12-18,43.952782
2003-12-19,43.980408
2003-12-22,43.897598
2003-12-23,43.645290
2003-12-24,43.905483
2003-12-26,43.917324
2003-12-29,43.830597
2003-12-30,43.661076
2003-12-31,43.769947
2004-01-02,43.457214
2004-01-05,43.504723
2004-01-06,43.896606
2004-01-07,43.932224
2004-01-08,44.003498
2004-01-09,44.359737
2004-01-12,44.434948
2004-01-13,44.553730
2004-01-14,44.648746
2004-01-15,44.850628
2004-01-16,44.652710
2004-01-20,44.561642
2004-01-21,44.664551
2004-01-22,44.890190
2004-01-23,44.533928
2004-01-26,44.288506
2004-01-27,44.557682
2004-01-28,44.205353
2004-01-29,44.197456
2004-01-30,44.304340
2004-02-02,44.292404
2004-02-03,44.383820
2004-02-04,44.348049
2004-02-05,44.272526
2004-02-06,44.403690
2004-02-09,44.590496
2004-02-10,44.459335
2004-02-11,44.729607
2004-02-12,44.650082
2004-02-13,44.904461
2004-02-17,44.773281
2004-02-18,44.669983
2004-02-19,44.828926
2004-02-20,44.610325
2004-02-23,44.733547
2004-02-24,44.777267
2004-02-25,44.809059
2004-02-26,44.840878
2004-02-27,44.972004
2004-03-01,44.958031
2004-03-02,44.870243
2004-03-03,44.850307
2004-03-04,44.922104
2004-03-05,45.400909
2004-03-08,45.528545
2004-03-09,45.620308
2004-03-10,45.767933
2004-03-11,45.572433
2004-03-12,45.520576
2004-03-15,45.572433
2004-03-16,45.779903
2004-03-17,45.803822
2004-03-18,45.612335
2004-03-19,45.540504
2004-03-22,45.716064
2004-03-23,45.799835
2004-03-24,45.755966
2004-03-25,45.632271
2004-03-26,45.293179
2004-03-29,45.364979
2004-03-30,45.253242
2004-03-31,45.416817
2004-04-01,45.397236
2004-04-02,44.688404
2004-04-05,44.464119
2004-04-06,44.672356
2004-04-07,44.684429
2004-04-08,44.728405
2004-04-12,44.456120
2004-04-13,44.175781
2004-04-14,44.115730
2004-04-15,43.931511
2004-04-16,44.183792
2004-04-19,44.103729
2004-04-20,43.815372
2004-04-21,43.851395
2004-04-22,44.091713
2004-04-23,43.903496
2004-04-26,43.907436
2004-04-27,44.115730
2004-04-28,43.847374
2004-04-29,43.651157
2004-04-30,43.651157
2004-05-03,43.708275
2004-05-04,43.563503
2004-05-05,43.499203
2004-05-06,43.302166
2004-05-07,42.739304
2004-05-10,42.421654
2004-05-11,42.506130
2004-05-12,42.522137
2004-05-13,42.297016
2004-05-14,42.554348
2004-05-17,42.759388
2004-05-18,42.819706
2004-05-19,42.678974
2004-05-20,42.916199
2004-05-21,42.879978
2004-05-24,43.052891
2004-05-25,43.097157
2004-05-26,43.290127
2004-05-27,43.487110
2004-05-28,43.422798
2004-06-01,43.191082
2004-06-02,43.078064
2004-06-03,43.191082
2004-06-04,43.037655
2004-06-07,43.094166
2004-06-08,43.098251
2004-06-09,42.908520
2004-06-10,42.932697
2004-06-14,42.714737
2004-06-15,43.199165
2004-06-16,43.203152
2004-06-17,43.287960
2004-06-18,43.235485
2004-06-21,43.312191
2004-06-22,43.251648
2004-06-23,43.223373
2004-06-24,43.364685
2004-06-25,43.396965
2004-06-28,43.094166
2004-06-29,43.396965
2004-06-30,43.477680
2004-07-01,43.694939
2004-07-02,43.998974
2004-07-06,43.897648
2004-07-07,43.934101
2004-07-08,43.958408
2004-07-09,43.974655
2004-07-12,44.063839
2004-07-13,43.978706
2004-07-14,43.998974
2004-07-15,43.909794
2004-07-16,44.335377
2004-07-19,44.363785
2004-07-20,44.059765
2004-07-21,44.051659
2004-07-22,43.950344
2004-07-23,44.140835
2004-07-26,44.116497
2004-07-27,43.808453
2004-07-28,43.678753
2004-07-29,43.844917
2004-07-30,44.157055
2004-08-02,44.247803
2004-08-03,44.198982
2004-08-04,44.316967
2004-08-05,44.398357
2004-08-06,44.797192
2004-08-09,44.805313
2004-08-10,44.658825
2004-08-11,44.626274
2004-08-12,44.687252
2004-08-13,44.866322
2004-08-16,44.821606
2004-08-17,45.065765
2004-08-18,44.935535
2004-08-19,45.094223
2004-08-20,44.931477
2004-08-23,44.846031
2004-08-24,44.805313
2004-08-25,45.016930
2004-08-26,45.045414
2004-08-27,45.151215
2004-08-30,45.326237
2004-08-31,45.517502
2004-09-01,45.430477
2004-09-02,45.238441
2004-09-03,44.882992
2004-09-07,45.136314
2004-09-08,45.328335
2004-09-09,45.422291
2004-09-10,45.397762
2004-09-13,45.553036
2004-09-14,45.565269
2004-09-15,45.565269
2004-09-16,45.826714
2004-09-17,45.655178
2004-09-20,45.904377
2004-09-21,45.920742
2004-09-22,46.084148
2004-09-23,45.900326
2004-09-24,45.883961
2004-09-27,46.043297
2004-09-28,46.010574
2004-09-29,45.794041
2004-09-30,45.659229
2004-10-01,45.457020
2004-10-04,45.428322
2004-10-05,45.616989
2004-10-06,45.485790
2004-10-07,45.387314
2004-10-08,45.830269
2004-10-11,45.871284
2004-10-12,45.895897
2004-10-13,46.072212
2004-10-14,46.260876
2004-10-15,46.055809
2004-10-18,46.133755
2004-10-19,46.125538
2004-10-20,46.277283
2004-10-21,46.236267
2004-10-22,46.199364
2004-10-25,46.301899
2004-10-26,46.252647
2004-10-27,45.973789
2004-10-28,46.051720
2004-10-29,46.199364
2004-11-01,46.006294
2004-11-02,46.076263
2004-11-03,45.985725
2004-11-04,46.183300
2004-11-05,45.985725
2004-11-08,45.792194
2004-11-09,45.800392
2004-11-10,45.759270
2004-11-11,45.763401
2004-11-12,45.993896
2004-11-15,46.010391
2004-11-16,45.985725
2004-11-17,46.240944
2004-11-18,46.315044
2004-11-19,46.072163
2004-11-22,46.051586
2004-11-23,46.109219
2004-11-24,46.105095
2004-11-26,45.940411
2004-11-29,45.578129
2004-11-30,45.635773
2004-12-01,45.608513
2004-12-02,45.463825
2004-12-03,45.720058
2004-12-06,45.848206
2004-12-07,45.955650
2004-12-08,46.112713
2004-12-09,46.220097
2004-12-10,46.240776
2004-12-13,46.331699
2004-12-14,46.352390
2004-12-15,46.600330
2004-12-16,46.199478
2004-12-17,46.249081
2004-12-20,46.215984
2004-12-21,46.236633
2004-12-22,46.286243
2004-12-23,46.368904
2004-12-27,46.120953
2004-12-28,46.170506
2004-12-29,46.100288
2004-12-30,46.265572
2004-12-31,46.270569
2005-01-03,46.569260
2005-01-04,46.307892
2005-01-05,46.345242
2005-01-06,46.378429
2005-01-07,46.357658
2005-01-10,46.278862
2005-01-11,46.386719
2005-01-12,46.432362
2005-01-13,46.556820
2005-01-14,46.610744
2005-01-18,46.635677
2005-01-19,46.706169
2005-01-20,46.623180
2005-01-21,46.726929
2005-01-24,46.809929
2005-01-25,46.652252
2005-01-26,46.668854
2005-01-27,46.569260
2005-01-28,46.838943
2005-01-31,46.838943
2005-02-01,46.829372
2005-02-02,46.787678
2005-02-03,46.845997
2005-02-04,46.995937
2005-02-07,47.012589
2005-02-08,47.183350
2005-02-09,47.349941
2005-02-10,47.183350
2005-02-11,47.045898
2005-02-14,47.124996
2005-02-15,47.054218
2005-02-16,46.829372
2005-02-17,46.725224
2005-02-18,46.646152
2005-02-22,46.604443
2005-02-23,46.671112
2005-02-24,46.579479
2005-02-25,46.662796
2005-02-28,46.400406
2005-03-01,46.391644
2005-03-02,46.408360
2005-03-03,46.404202
2005-03-04,46.554657
2005-03-07,46.688461
2005-03-08,46.479424
2005-03-09,46.036285
2005-03-10,46.099007
2005-03-11,46.019547
2005-03-14,46.015377
2005-03-15,45.827271
2005-03-16,45.986111
2005-03-17,45.881618
2005-03-18,45.743645
2005-03-21,45.689335
2005-03-22,45.296333
2005-03-23,45.430138
2005-03-24,45.526276
2005-03-28,45.459370
2005-03-29,45.538811
2005-03-30,45.655857
2005-03-31,45.814720
2005-04-01,45.856720
2005-04-04,45.575481
2005-04-05,45.714005
2005-04-06,45.688808
2005-04-07,45.457951
2005-04-08,45.604824
2005-04-11,45.730782
2005-04-12,45.915432
2005-04-13,46.024609
2005-04-14,45.856720
2005-04-15,46.066547
2005-04-18,46.074955
2005-04-19,46.268036
2005-04-20,46.293217
2005-04-21,46.049778
2005-04-22,46.268036
2005-04-25,46.381386
2005-04-26,46.305836
2005-04-27,46.532433
2005-04-28,46.725571
2005-04-29,46.557671
2005-05-02,46.573673
2005-05-03,46.598946
2005-05-04,46.493591
2005-05-05,46.561043
2005-05-06,46.308201
2005-05-09,46.148087
2005-05-10,46.139679
2005-05-11,46.181793
2005-05-12,46.034344
2005-05-13,46.291355
2005-05-16,46.219749
2005-05-17,46.244987
2005-05-18,46.409336
2005-05-19,46.341927
2005-05-20,46.329269
2005-05-23,46.523129
2005-05-24,46.624237
2005-05-25,46.620037
2005-05-26,46.649529
2005-05-27,46.645306
2005-05-31,46.847561
2005-06-01,47.169472
2005-06-02,47.351360
2005-06-03,47.101807
2005-06-06,47.232918
2005-06-07,47.330193
2005-06-08,47.232918
2005-06-09,47.144077
2005-06-10,46.932568
2005-06-13,46.822620
2005-06-14,46.771839
2005-06-15,46.683041
2005-06-16,46.729565
2005-06-17,46.721100
2005-06-20,46.666080
2005-06-21,46.822620
2005-06-22,47.156799
2005-06-23,47.186359
2005-06-24,47.304848
2005-06-27,47.372520
2005-06-28,47.224476
2005-06-29,47.249878
2005-06-30,47.419044
2005-07-01,47.201206
2005-07-05,47.048382
2005-07-06,47.150242
2005-07-07,47.273418
2005-07-08,47.179977
2005-07-11,46.921005
2005-07-12,46.814812
2005-07-13,46.921005
2005-07-14,46.963417
2005-07-15,46.984665
2005-07-18,46.946415
2005-07-19,46.984665
2005-07-20,47.035618
2005-07-21,46.793594
2005-07-22,47.010124
2005-07-25,47.005890
2005-07-26,47.014374
2005-07-27,46.954929
2005-07-28,47.133297
2005-07-29,47.027122
2005-08-01,46.915413
2005-08-02,46.830128
2005-08-03,46.940990
2005-08-04,46.940990
2005-08-05,46.859982
2005-08-08,46.646793
2005-08-09,46.723549
2005-08-10,46.761955
2005-08-11,46.906876
2005-08-12,47.132870
2005-08-15,47.064629
2005-08-16,47.188267
2005-08-17,47.064629
2005-08-18,47.196815
2005-08-19,47.154152
2005-08-22,47.132870
2005-08-23,47.171185
2005-08-24,47.154152
2005-08-25,47.243687
2005-08-26,47.320442
2005-08-29,47.324738
2005-08-30,47.401440
2005-08-31,47.733978
2005-09-01,47.599186
2005-09-02,47.612003
2005-09-06,47.513569
2005-09-07,47.342304
2005-09-08,47.355152
2005-09-09,47.376553
2005-09-12,47.256691
2005-09-13,47.338039
2005-09-14,47.222462
2005-09-15,47.055504
2005-09-16,46.927055
2005-09-19,47.055504
2005-09-20,46.982700
2005-09-21,47.192463
2005-09-22,47.166744
2005-09-23,47.029774
2005-09-26,46.879978
2005-09-27,46.922771
2005-09-28,47.021233
2005-09-29,47.004116
2005-09-30,46.845718
2005-10-03,46.702190
2005-10-04,46.762352
2005-10-05,46.826828
2005-10-06,46.723679
2005-10-07,46.801010
2005-10-10,46.770943
2005-10-11,46.693573
2005-10-12,46.495907
2005-10-13,46.418495
2005-10-14,46.323936
2005-10-17,46.388409
2005-10-18,46.448578
2005-10-19,46.495907
2005-10-20,46.379803
2005-10-21,46.624828
2005-10-24,46.448578
2005-10-25,46.220795
2005-10-26,46.083271
2005-10-27,46.117661
2005-10-28,46.117661
2005-10-31,46.104744
2005-11-01,46.088371
2005-11-02,45.997734
2005-11-03,45.838093
2005-11-04,45.872620
2005-11-07,45.920067
2005-11-08,46.196220
2005-11-09,45.950268
2005-11-10,46.191883
2005-11-11,46.230705
2005-11-14,45.997734
2005-11-15,46.118561
2005-11-16,46.312698
2005-11-17,46.390388
2005-11-18,46.299778
2005-11-21,46.450775
2005-11-22,46.537083
2005-11-23,46.493931
2005-11-25,46.554314
2005-11-28,46.709675
2005-11-29,46.493931
2005-11-30,46.407635
2005-12-01,46.313622
2005-12-02,46.326656
2005-12-05,46.205376
2005-12-06,46.300655
2005-12-07,46.244385
2005-12-08,46.339600
2005-12-09,46.257370
2005-12-12,46.157768
2005-12-13,46.196758
2005-12-14,46.434921
2005-12-15,46.395958
2005-12-16,46.590782
2005-12-19,46.512859
2005-12-20,46.551842
2005-12-21,46.569138
2005-12-22,46.573498
2005-12-23,46.755367
2005-12-27,46.967522
2005-12-28,46.989708
2005-12-29,46.863625
2005-12-30,46.807148
2006-01-03,47.063591
2006-01-04,47.063591
2006-01-05,47.102745
2006-01-06,47.028862
2006-01-09,47.037533
2006-01-10,46.911465
2006-01-11,46.833225
2006-01-12,46.981007
2006-01-13,47.120136
2006-01-17,47.120136
2006-01-18,47.107109
2006-01-19,47.098366
2006-01-20,47.137486
2006-01-23,47.246136
2006-01-24,47.141823
2006-01-25,46.881062
2006-01-26,46.811501
2006-01-27,46.881062
2006-01-30,46.707191
2006-01-31,46.602882
2006-02-01,46.615509
2006-02-02,46.576298
2006-02-03,46.650425
2006-02-06,46.728992
2006-02-07,46.611198
2006-02-08,46.611198
2006-02-09,46.685356
2006-02-10,46.598129
2006-02-13,46.667877
2006-02-14,46.619884
2006-02-15,46.650425
2006-02-16,46.715855
2006-02-17,46.868595
2006-02-21,46.846760
2006-02-22,47.021301
2006-02-23,46.916599
2006-02-24,46.894772
2006-02-27,46.872952
2006-02-28,46.920933
2006-03-01,46.740017
2006-03-02,46.525337
2006-03-03,46.437756
2006-03-06,46.196789
2006-03-07,46.174892
2006-03-08,46.196789
2006-03-09,46.188004
2006-03-10,46.306282
2006-03-13,46.244965
2006-03-14,46.542866
2006-03-15,46.472763
2006-03-16,46.726871
2006-03-17,46.683044
2006-03-20,46.735653
2006-03-21,46.560390
2006-03-22,46.551655
2006-03-23,46.525337
2006-03-24,46.639252
2006-03-27,46.639252
2006-03-28,46.420204
2006-03-29,46.376377
2006-03-30,46.236214
2006-03-31,46.131054
2006-04-03,46.169819
2006-04-04,46.213783
2006-04-05,46.367771
2006-04-06,46.200584
2006-04-07,46.020203
2006-04-10,45.919033
2006-04-11,46.051010
2006-04-12,45.905853
2006-04-13,45.817810
2006-04-17,45.809029
2006-04-18,45.993793
2006-04-19,45.962994
2006-04-20,45.941021
2006-04-21,46.029022
2006-04-24,46.121368
2006-04-25,45.901440
2006-04-26,45.848640
2006-04-27,45.932217
2006-04-28,46.037788
2006-05-01,45.804516
2006-05-02,45.875179
2006-05-03,45.875179
2006-05-04,45.857513
2006-05-05,45.910576
2006-05-08,45.967999
2006-05-09,45.985638
2006-05-10,46.016598
2006-05-11,45.937084
2006-05-12,45.822182
2006-05-15,45.861969
2006-05-16,46.029854
2006-05-17,45.884041
2006-05-18,46.175686
2006-05-19,46.153553
2006-05-22,46.180096
2006-05-23,46.149174
2006-05-24,46.197758
2006-05-25,46.135895
2006-05-26,46.140312
2006-05-30,46.038658
2006-05-31,45.950298
2006-06-01,46.030613
2006-06-02,46.319054
2006-06-05,46.177032
2006-06-06,46.279118
2006-06-07,46.154865
2006-06-08,46.305775
2006-06-09,46.354546
2006-06-12,46.230286
2006-06-13,46.279118
2006-06-14,46.079430
2006-06-15,45.986240
2006-06-16,45.924141
2006-06-19,45.866474
2006-06-20,45.830982
2006-06-21,45.773315
2006-06-22,45.666782
2006-06-23,45.591339
2006-06-26,45.591339
2006-06-27,45.520378
2006-06-28,45.418312
2006-06-29,45.657913
2006-06-30,45.910828
2006-07-03,45.854191
2006-07-05,45.564529
2006-07-06,45.791851
2006-07-07,45.965649
2006-07-10,46.023560
2006-07-11,46.094898
2006-07-12,46.170677
2006-07-13,46.166164
2006-07-14,46.206253
2006-07-17,46.255322
2006-07-18,46.014675
2006-07-19,46.224133
2006-07-20,46.424686
2006-07-21,46.389038
2006-07-24,46.402382
2006-07-25,46.366734
2006-07-26,46.464764
2006-07-27,46.393475
2006-07-28,46.571766
2006-07-31,46.580669
2006-08-01,46.645996
2006-08-02,46.726601
2006-08-03,46.731075
2006-08-04,46.914547
2006-08-07,46.874283
2006-08-08,46.901165
2006-08-09,46.878780
2006-08-10,46.874283
2006-08-11,46.780308
2006-08-14,46.722115
2006-08-15,46.963844
2006-08-16,47.160801
2006-08-17,47.138409
2006-08-18,47.232410
2006-08-21,47.299526
2006-08-22,47.330853
2006-08-23,47.312927
2006-08-24,47.312927
2006-08-25,47.380116
2006-08-28,47.393551
2006-08-29,47.424854
2006-08-30,47.456219
2006-08-31,47.617325
2006-09-01,47.560696
2006-09-05,47.416786
2006-09-06,47.416786
2006-09-07,47.466293
2006-09-08,47.515724
2006-09-11,47.497776
2006-09-12,47.569706
2006-09-13,47.695576
2006-09-14,47.574173
2006-09-15,47.542686
2006-09-18,47.551689
2006-09-19,47.736050
2006-09-20,47.812443
2006-09-21,48.100204
2006-09-22,48.127174
2006-09-25,48.199120
2006-09-26,48.064274
2006-09-27,48.041782
2006-09-28,48.055214
2006-09-29,48.032814
2006-10-02,48.111847
2006-10-03,48.143440
2006-10-04,48.373741
2006-10-05,48.215683
2006-10-06,47.944740
2006-10-09,47.980846
2006-10-10,47.768597
2006-10-11,47.660198
2006-10-12,47.773102
2006-10-13,47.596943
2006-10-16,47.714386
2006-10-17,47.804737
2006-10-18,47.904079
2006-10-19,47.750530
2006-10-20,47.768597
2006-10-23,47.660198
2006-10-24,47.741455
2006-10-25,47.944740
2006-10-26,48.098274
2006-10-27,48.251778
2006-10-30,48.296978
2006-10-31,48.513771
2006-11-01,48.673874
2006-11-02,48.614967
2006-11-03,48.274723
2006-11-06,48.329159
2006-11-07,48.501507
2006-11-08,48.560478
2006-11-09,48.610348
2006-11-10,48.741920
2006-11-13,48.710129
2006-11-14,48.787277
2006-11-15,48.660267
2006-11-16,48.592228
2006-11-17,48.750984
2006-11-20,48.787277
2006-11-21,48.855312
2006-11-22,48.909779
2006-11-24,48.986851
2006-11-27,48.991352
2006-11-28,49.082138
2006-11-29,49.036770
2006-11-30,49.222755
2006-12-01,49.280540
2006-12-04,49.394417
2006-12-05,49.371643
2006-12-06,49.248699
2006-12-07,49.271420
2006-12-08,49.089287
2006-12-11,49.198563
2006-12-12,49.303303
2006-12-13,49.057369
2006-12-14,49.011814
2006-12-15,49.002731
2006-12-18,49.007294
2006-12-19,48.998165
2006-12-20,49.034588
2006-12-21,49.162144
2006-12-22,49.007294
2006-12-26,49.061916
2006-12-27,48.905121
2006-12-28,48.804497
2006-12-29,48.781643
2007-01-03,48.676445
2007-01-04,49.042274
2007-01-05,49.010296
2007-01-08,48.996563
2007-01-09,49.005684
2007-01-10,48.941673
2007-01-11,48.790798
2007-01-12,48.740471
2007-01-16,48.795326
2007-01-17,48.726768
2007-01-18,48.868534
2007-01-19,48.841080
2007-01-22,48.873074
2007-01-23,48.740471
2007-01-24,48.763332
2007-01-25,48.607883
2007-01-26,48.575859
2007-01-29,48.553024
2007-01-30,48.621616
2007-01-31,48.827347
2007-02-01,48.807621
2007-02-02,48.853531
2007-02-05,48.917854
2007-02-06,49.046402
2007-02-07,49.115322
2007-02-08,49.170410
2007-02-09,48.963734
2007-02-12,48.972939
2007-02-13,48.940800
2007-02-14,49.220966
2007-02-15,49.312775
2007-02-16,49.363300
2007-02-20,49.441368
2007-02-21,49.409225
2007-02-22,49.340321
2007-02-23,49.501068
2007-02-26,49.703129
2007-02-27,49.896011
2007-02-28,49.804146
2007-03-01,49.813854
2007-03-02,49.952187
2007-03-05,49.878418
2007-03-06,49.689320
2007-03-07,49.735447
2007-03-08,49.800011
2007-03-09,49.670879
2007-03-12,49.776974
2007-03-13,49.804630
2007-03-14,49.758511
2007-03-15,49.767719
2007-03-16,49.574036
2007-03-19,49.481831
2007-03-20,49.615555
2007-03-21,49.763092
2007-03-22,49.624760
2007-03-23,49.495617
2007-03-26,49.587894
2007-03-27,49.578659
2007-03-28,49.546368
2007-03-29,49.486446
2007-03-30,49.467968
2007-04-02,49.496704
2007-04-03,49.468891
2007-04-04,49.510605
2007-04-05,49.408691
2007-04-09,49.246532
2007-04-10,49.348473
2007-04-11,49.255775
2007-04-12,49.329918
2007-04-13,49.246532
2007-04-16,49.288250
2007-04-17,49.556934
2007-04-18,49.570812
2007-04-19,49.603256
2007-04-20,49.589382
2007-04-23,49.732964
2007-04-24,49.858078
2007-04-25,49.788563
2007-04-26,49.682014
2007-04-27,49.668121
2007-04-30,49.909031
2007-05-01,49.881092
2007-05-02,49.867126
2007-05-03,49.797337
2007-05-04,49.918324
2007-05-07,49.978825
2007-05-08,49.950912
2007-05-09,49.871761
2007-05-10,49.895042
2007-05-11,49.843868
2007-05-14,49.792656
2007-05-15,49.681004
2007-05-16,49.797337
2007-05-17,49.648434
2007-05-18,49.508842
2007-05-21,49.573952
2007-05-22,49.415733
2007-05-23,49.369183
2007-05-24,49.429714
2007-05-25,49.397114
2007-05-29,49.299427
2007-05-30,49.336636
2007-05-31,49.294735
2007-06-01,49.105885
2007-06-04,49.185368
2007-06-05,49.026375
2007-06-06,49.068447
2007-06-07,48.544811
2007-06-08,48.568180
2007-06-11,48.418602
2007-06-12,48.156738
2007-06-13,48.367149
2007-06-14,48.353119
2007-06-15,48.544811
2007-06-18,48.540142
2007-06-19,48.853405
2007-06-20,48.619652
2007-06-21,48.493378
2007-06-22,48.624290
2007-06-25,48.680378
2007-06-26,48.671028
2007-06-27,48.671028
2007-06-28,48.619652
2007-06-29,48.895466
2007-07-02,48.774311
2007-07-03,48.783707
2007-07-05,48.469040
2007-07-06,48.375069
2007-07-09,48.473701
2007-07-10,48.807178
2007-07-11,48.586449
2007-07-12,48.393864
2007-07-13,48.605225
2007-07-16,48.732037
2007-07-17,48.628704
2007-07-18,48.769642
2007-07-19,48.666256
2007-07-20,48.802509
2007-07-23,48.746136
2007-07-24,48.685066
2007-07-25,48.722622
2007-07-26,48.619293
2007-07-27,48.440823
2007-07-30,48.516029
2007-07-31,48.492550
2007-08-01,48.649189
2007-08-02,48.583103
2007-08-03,48.823811
2007-08-06,48.653893
2007-08-07,48.786034
2007-08-08,48.837940
2007-08-09,48.795483
2007-08-10,48.578403
2007-08-13,48.748314
2007-08-14,49.055027
2007-08-15,48.922905
2007-08-16,48.446255
2007-08-17,48.531185
2007-08-20,48.880409
2007-08-21,48.979538
2007-08-22,49.078613
2007-08-23,49.102207
2007-08-24,49.210716
2007-08-27,49.078613
2007-08-28,49.498611
2007-08-29,49.272114
2007-08-30,49.418419
2007-08-31,49.649612
2007-09-04,49.539658
2007-09-05,49.734020
2007-09-06,49.620262
2007-09-07,49.890450
2007-09-10,50.037441
2007-09-11,49.748245
2007-09-12,49.544395
2007-09-13,49.473282
2007-09-14,49.610756
2007-09-17,49.591808
2007-09-18,49.710281
2007-09-19,49.435314
2007-09-20,49.345245
2007-09-21,49.577583
2007-09-24,49.824112
2007-09-25,49.795666
2007-09-26,49.918919
2007-09-27,50.046921
2007-09-28,50.013760
2007-10-01,49.691299
2007-10-02,49.643669
2007-10-03,49.867542
2007-10-04,50.262863
2007-10-05,50.058018
2007-10-08,50.234264
2007-10-09,50.015156
2007-10-10,50.191399
2007-10-11,50.296169
2007-10-12,50.019882
2007-10-15,50.177124
2007-10-16,50.262863
2007-10-17,50.501019
2007-10-18,50.505733
2007-10-19,50.834393
2007-10-22,50.834393
2007-10-23,50.534340
2007-10-24,50.843914
2007-10-25,50.724857
2007-10-26,50.643864
2007-10-29,50.762966
2007-10-30,50.758179
2007-10-31,50.496239
2007-11-01,50.881821
2007-11-02,50.566086
2007-11-05,50.690464
2007-11-06,50.379494
2007-11-07,50.346027
2007-11-08,50.427353
2007-11-09,50.652206
2007-11-12,50.633049
2007-11-13,50.379494
2007-11-14,50.164162
2007-11-15,50.355587
2007-11-16,50.360371
2007-11-19,50.747894
2007-11-20,50.427353
2007-11-21,50.781364
2007-11-23,50.527798
2007-11-26,51.365070
2007-11-27,50.924927
2007-11-28,50.570858
2007-11-29,50.762230
2007-11-30,51.011002
2007-12-03,51.028805
2007-12-04,51.052849
2007-12-05,50.860603
2007-12-06,50.485844
2007-12-07,50.053402
2007-12-10,50.087044
2007-12-11,50.572361
2007-12-12,50.413757
2007-12-13,50.125484
2007-12-14,49.558495
2007-12-17,50.038982
2007-12-18,50.192688
2007-12-19,50.586739
2007-12-20,50.341682
2007-12-21,50.288841
2007-12-24,50.034214
2007-12-26,50.048592
2007-12-27,50.345406
2007-12-28,50.504711
2007-12-31,50.601215
2008-01-02,51.199711
2008-01-03,51.030773
2008-01-04,51.450657
2008-01-07,51.387939
2008-01-08,51.291401
2008-01-09,51.185211
2008-01-10,51.035618
2008-01-11,51.407242
2008-01-14,51.194893
2008-01-15,51.470005
2008-01-16,51.392769
2008-01-17,51.634083
2008-01-18,51.547215
2008-01-22,51.658218
2008-01-23,51.725815
2008-01-24,51.286579
2008-01-25,51.841648
2008-01-28,51.827129
2008-01-29,51.740284
2008-01-30,51.730652
2008-01-31,51.899605
2008-02-01,52.119663
2008-02-04,51.979080
2008-02-05,52.158459
2008-02-06,51.877247
2008-02-07,51.280861
2008-02-08,51.474785
2008-02-11,51.629959
2008-02-12,51.557228
2008-02-13,51.038422
2008-02-14,50.926876
2008-02-15,51.091732
2008-02-19,50.587471
2008-02-20,50.698997
2008-02-21,51.048096
2008-02-22,50.849300
2008-02-25,50.524437
2008-02-26,50.888100
2008-02-27,50.839603
2008-02-28,51.208111
2008-02-29,51.532967
2008-03-03,51.532032
2008-03-04,51.230110
2008-03-05,50.869747
2008-03-06,50.801586
2008-03-07,50.694508
2008-03-10,50.684746
2008-03-11,50.105293
2008-03-12,50.709087
2008-03-13,50.158871
2008-03-14,50.129642
2008-03-17,50.538692
2008-03-18,50.446163
2008-03-19,50.665249
2008-03-20,50.933071
2008-03-24,50.835724
2008-03-25,51.064529
2008-03-26,51.127861
2008-03-27,50.816227
2008-03-28,51.088882
2008-03-31,51.225243
2008-04-01,51.143566
2008-04-02,51.231606
2008-04-03,51.256058
2008-04-04,51.877495
2008-04-07,51.936234
2008-04-08,51.750298
2008-04-09,51.598560
2008-04-10,51.647526
2008-04-11,51.696445
2008-04-14,51.378403
2008-04-15,51.270763
2008-04-16,50.977177
2008-04-17,51.109272
2008-04-18,51.334354
2008-04-21,51.168037
2008-04-22,51.055473
2008-04-23,51.212032
2008-04-24,51.143566
2008-04-25,51.168037
2008-04-28,51.412666
2008-04-29,51.574158
2008-04-30,51.862839
2008-05-01,52.169025
2008-05-02,51.864311
2008-05-05,51.938046
2008-05-06,51.603828
2008-05-07,51.741432
2008-05-08,51.972408
2008-05-09,51.972408
2008-05-12,51.923256
2008-05-13,51.628391
2008-05-14,51.657894
2008-05-15,52.001888
2008-05-16,51.933109
2008-05-19,51.942913
2008-05-20,51.962578
2008-05-21,51.736519
2008-05-22,51.166428
2008-05-23,51.402340
2008-05-27,51.092724
2008-05-28,50.763439
2008-05-29,50.517704
2008-05-30,50.719162
2008-06-02,50.893494
2008-06-03,51.090973
2008-06-04,50.932964
2008-06-05,50.661438
2008-06-06,50.913235
2008-06-09,50.868824
2008-06-10,50.577518
2008-06-11,50.557751
2008-06-12,50.128223
2008-06-13,49.866516
2008-06-16,50.044266
2008-06-17,50.207199
2008-06-18,50.458969
2008-06-19,50.197353
2008-06-20,50.226948
2008-06-23,50.207199
2008-06-24,50.177536
2008-06-25,50.217083
2008-06-26,50.256561
2008-06-27,50.207199
2008-06-30,50.064022
2008-07-01,50.041172
2008-07-02,50.006500
2008-07-03,49.942043
2008-07-07,50.175076
2008-07-08,50.447792
2008-07-09,50.482513
2008-07-10,50.194923
2008-07-11,49.808151
2008-07-14,49.832935
2008-07-15,49.823029
2008-07-16,49.431316
2008-07-17,49.262711
2008-07-18,49.173473
2008-07-21,49.228035
2008-07-22,49.545345
2008-07-23,49.371788
2008-07-24,49.808151
2008-07-25,49.545345
2008-07-28,49.832935
2008-07-29,49.708992
2008-07-30,49.946995
2008-07-31,50.259369
2008-08-01,50.078060
2008-08-04,50.083019
2008-08-05,49.863834
2008-08-06,49.938576
2008-08-07,50.352070
2008-08-08,50.401840
2008-08-11,50.172718
2008-08-12,50.476582
2008-08-13,50.212559
2008-08-14,50.357018
2008-08-15,50.471607
2008-08-18,50.491528
2008-08-19,50.411835
2008-08-20,50.416786
2008-08-21,50.117905
2008-08-22,50.137829
2008-08-25,50.461617
2008-08-26,50.521408
2008-08-27,50.441681
2008-08-28,50.431789
2008-08-29,50.332092
2008-09-02,50.530781
2008-09-03,50.630867
2008-09-04,50.645893
2008-09-05,50.595810
2008-09-08,50.680912
2008-09-09,50.856018
2008-09-10,50.836018
2008-09-11,50.440723
2008-09-12,50.055408
2008-09-15,49.685062
2008-09-16,46.532547
2008-09-17,44.400810
2008-09-18,45.006336
2008-09-19,46.412434
2008-09-22,46.687672
2008-09-23,46.207302
2008-09-24,46.087200
2008-09-25,46.287365
2008-09-26,45.036339
2008-09-29,40.933022
2008-09-30,44.931225
2008-10-01,45.345947
2008-10-02,44.687450
2008-10-03,44.667347
2008-10-06,44.149605
2008-10-07,44.973984
2008-10-08,44.652233
2008-10-09,43.460926
2008-10-10,41.068218
2008-10-13,43.330246
2008-10-14,42.651649
2008-10-15,42.651649
2008-10-16,43.099033
2008-10-17,42.732044
2008-10-20,44.034000
2008-10-21,44.471313
2008-10-22,43.958572
2008-10-23,44.235054
2008-10-24,44.410988
2008-10-27,44.124485
2008-10-28,43.832932
2008-10-29,44.571842
2008-10-30,44.240097
2008-10-31,44.059128
2008-11-03,44.420315
2008-11-04,44.723423
2008-11-05,45.592350
2008-11-06,45.905533
2008-11-07,45.582245
2008-11-10,45.602432
2008-11-11,45.748943
2008-11-12,45.738834
2008-11-13,45.425602
2008-11-14,45.415516
2008-11-17,45.743889
2008-11-18,45.799461
2008-11-19,45.870213
2008-11-20,45.370049
2008-11-21,45.895462
2008-11-24,45.693363
2008-11-25,45.910572
2008-11-26,45.668091
2008-11-28,45.536777
2008-12-01,46.248600
2008-12-02,46.598942
2008-12-03,46.923866
2008-12-04,46.969582
2008-12-05,46.649704
2008-12-08,47.132023
2008-12-09,47.451908
2008-12-10,47.563602
2008-12-11,47.726074
2008-12-12,47.985008
2008-12-15,47.969784
2008-12-16,48.954765
2008-12-17,49.680756
2008-12-18,50.884121
2008-12-19,50.127628
2008-12-22,50.731770
2008-12-23,50.899338
2008-12-24,51.026279
2008-12-26,51.122768
2008-12-29,51.281803
2008-12-30,51.730473
2008-12-31,51.827385
2009-01-02,51.297100
2009-01-05,51.648926
2009-01-06,51.735577
2009-01-07,51.302219
2009-01-08,51.669300
2009-01-09,52.311737
2009-01-12,52.041496
2009-01-13,51.929329
2009-01-14,51.699902
2009-01-15,51.801857
2009-01-16,51.801857
2009-01-20,51.037071
2009-01-21,50.782154
2009-01-22,50.593506
2009-01-23,50.257019
2009-01-26,49.808357
2009-01-27,50.746441
2009-01-28,51.149273
2009-01-29,50.537411
2009-01-30,50.894283
2009-02-02,50.648884
2009-02-03,50.479801
2009-02-04,50.500298
2009-02-05,50.059673
2009-02-06,50.356876
2009-02-09,50.449055
2009-02-10,50.695015
2009-02-11,50.869228
2009-02-12,50.910198
2009-02-13,50.520782
2009-02-17,50.797485
2009-02-18,50.546413
2009-02-19,50.131390
2009-02-20,49.921284
2009-02-23,49.752247
2009-02-24,49.572910
2009-02-25,48.896561
2009-02-26,48.583981
2009-02-27,48.245831
2009-03-02,48.251976
2009-03-03,47.989361
2009-03-04,47.973915
2009-03-05,47.845181
2009-03-06,47.948139
2009-03-09,46.629696
2009-03-10,47.304398
2009-03-11,47.319809
2009-03-12,47.278645
2009-03-13,47.716373
2009-03-16,47.783329
2009-03-17,47.654587
2009-03-18,48.669136
2009-03-19,48.772182
2009-03-20,48.277763
2009-03-23,48.427132
2009-03-24,47.948139
2009-03-25,47.716373
2009-03-26,47.963608
2009-03-27,48.112968
2009-03-30,48.076912
2009-03-31,48.473454
2009-04-01,48.400475
2009-04-02,48.416000
2009-04-03,48.115627
2009-04-06,48.089710
2009-04-07,48.069042
2009-04-08,48.550629
2009-04-09,48.876904
2009-04-13,49.348171
2009-04-14,49.477600
2009-04-15,49.860855
2009-04-16,50.073181
2009-04-17,50.011024
2009-04-20,49.736580
2009-04-21,49.891922
2009-04-22,49.767647
2009-04-23,49.726223
2009-04-24,49.834961
2009-04-27,49.772789
2009-04-28,49.612282
2009-04-29,49.850510
2009-04-30,49.819401
2009-05-01,49.943283
2009-05-04,50.062954
2009-05-05,50.224293
2009-05-06,50.448063
2009-05-07,49.964069
2009-05-08,50.281521
2009-05-11,50.432434
2009-05-12,50.572952
2009-05-13,50.479298
2009-05-14,50.593788
2009-05-15,50.583363
2009-05-18,50.510513
2009-05-19,50.713467
2009-05-20,51.004902
2009-05-21,50.484489
2009-05-22,50.416821
2009-05-26,50.396008
2009-05-27,50.047367
2009-05-28,50.234699
2009-05-29,50.973690
2009-06-01,50.956951
2009-06-02,51.333496
2009-06-03,51.595024
2009-06-04,51.370129
2009-06-05,51.098179
2009-06-08,50.993561
2009-06-09,51.380615
2009-06-10,51.228905
2009-06-11,51.406750
2009-06-12,51.788528
2009-06-15,51.804214
2009-06-16,51.772831
2009-06-17,51.835594
2009-06-18,51.176613
2009-06-19,51.563622
2009-06-22,51.751911
2009-06-23,52.170330
2009-06-24,52.086628
2009-06-25,52.494587
2009-06-26,52.520721
2009-06-29,52.463226
2009-06-30,52.447536
2009-07-01,52.376625
2009-07-02,52.381859
2009-07-06,52.507954
2009-07-07,52.297821
2009-07-08,52.775864
2009-07-09,52.796875
2009-07-10,53.007038
2009-07-13,52.975487
2009-07-14,52.859894
2009-07-15,52.371326
2009-07-16,52.733810
2009-07-17,52.570984
2009-07-20,52.786366
2009-07-21,53.532372
2009-07-22,53.390514
2009-07-23,53.301220
2009-07-24,53.448269
2009-07-27,53.327469
2009-07-28,53.532372
2009-07-29,53.868565
2009-07-30,54.162762
2009-07-31,54.877235
2009-08-03,54.366276
2009-08-04,54.091846
2009-08-05,54.102371
2009-08-06,53.954590
2009-08-07,53.944057
2009-08-10,54.112965
2009-08-11,54.392685
2009-08-12,53.917671
2009-08-13,54.440201
2009-08-14,54.429668
2009-08-17,54.519356
2009-08-18,54.382095
2009-08-19,54.556297
2009-08-20,54.814964
2009-08-21,54.566887
2009-08-24,54.846661
2009-08-25,54.941662
2009-08-26,55.305820
2009-08-27,55.052460
2009-08-28,55.326958
2009-08-31,55.596134
2009-09-01,55.317215
2009-09-02,55.481583
2009-09-03,55.577057
2009-09-04,55.614182
2009-09-08,55.471024
2009-09-09,55.455074
2009-09-10,55.821026
2009-09-11,56.324787
2009-09-14,56.038399
2009-09-15,56.006588
2009-09-16,56.181587
2009-09-17,56.457390
2009-09-18,56.102032
2009-09-21,56.234623
2009-09-22,56.367237
2009-09-23,56.393753
2009-09-24,56.483910
2009-09-25,56.701317
2009-09-28,56.844521
2009-09-29,56.621765
2009-09-30,56.574028
2009-10-01,55.994507
2009-10-02,55.632290
2009-10-05,55.930580
2009-10-06,55.813396
2009-10-07,56.170277
2009-10-08,55.855991
2009-10-09,55.365971
2009-10-12,55.557678
2009-10-13,55.664261
2009-10-14,55.397888
2009-10-15,55.387272
2009-10-16,55.429882
2009-10-19,55.712193
2009-10-20,56.069050
2009-10-21,55.834682
2009-10-22,56.164959
2009-10-23,55.855991
2009-10-26,55.621693
2009-10-27,56.101006
2009-10-28,55.722858
2009-10-29,55.792091
2009-10-30,56.292805
2009-11-02,56.209332
2009-11-03,55.952480
2009-11-04,56.171867
2009-11-05,56.209332
2009-11-06,56.359196
2009-11-09,56.391247
2009-11-10,56.353775
2009-11-11,56.562485
2009-11-12,56.562485
2009-11-13,56.728413
2009-11-16,56.995968
2009-11-17,57.081573
2009-11-18,56.894253
2009-11-19,56.963821
2009-11-20,56.696270
2009-11-23,56.696270
2009-11-24,56.915684
2009-11-25,57.124374
2009-11-27,57.108288
2009-11-30,57.391911
2009-12-01,57.104961
2009-12-02,57.115662
2009-12-03,57.099621
2009-12-04,56.863121
2009-12-07,56.836277
2009-12-08,57.078102
2009-12-09,56.750259
2009-12-10,56.798595
2009-12-11,56.529945
2009-12-14,56.841648
2009-12-15,56.433178
2009-12-16,56.648144
2009-12-17,56.890022
2009-12-18,56.798595
2009-12-21,56.524563
2009-12-22,56.288086
2009-12-23,56.465439
2009-12-24,56.202126
2009-12-28,56.051601
2009-12-29,56.221603
2009-12-30,56.286373
2009-12-31,56.205437
2010-01-04,56.502266
2010-01-05,56.772125
2010-01-06,56.604755
2010-01-07,56.674942
2010-01-08,56.799091
2010-01-11,56.858433
2010-01-12,56.966362
2010-01-13,56.728928
2010-01-14,56.933983
2010-01-15,56.912365
2010-01-19,56.960957
2010-01-20,56.923172
2010-01-21,57.074322
2010-01-22,56.987946
2010-01-25,56.982506
2010-01-26,56.831421
2010-01-27,56.626312
2010-01-28,56.545425
2010-01-29,56.907009
2010-02-01,56.653324
2010-02-02,56.832233
2010-02-03,56.772598
2010-02-04,56.767170
2010-02-05,56.593739
2010-02-08,56.647968
2010-02-09,56.517834
2010-02-10,56.078831
2010-02-11,56.208908
2010-02-12,56.273926
2010-02-16,56.496159
2010-02-17,56.306477
2010-02-18,56.268566
2010-02-19,56.469070
2010-02-22,56.501575
2010-02-23,56.637089
2010-02-24,56.880989
2010-02-25,56.821392
2010-02-26,57.195324
2010-03-01,57.268822
2010-03-02,57.388527
2010-03-03,57.508274
2010-03-04,57.535480
2010-03-05,57.464756
2010-03-08,57.557232
2010-03-09,57.502865
2010-03-10,57.557232
2010-03-11,57.535480
2010-03-12,57.655216
2010-03-15,57.644344
2010-03-16,57.911068
2010-03-17,58.123287
2010-03-18,58.009014
2010-03-19,57.965477
2010-03-22,58.057995
2010-03-23,58.019901
2010-03-24,57.589958
2010-03-25,57.383106
2010-03-26,57.557232
2010-03-29,57.508274
2010-03-30,57.540928
2010-03-31,57.568165
2010-04-01,57.693363
2010-04-05,57.163059
2010-04-06,57.299747
2010-04-07,57.589500
2010-04-08,57.480164
2010-04-09,57.518394
2010-04-12,57.682434
2010-04-13,57.890133
2010-04-14,57.840984
2010-04-15,57.939377
2010-04-16,58.076046
2010-04-19,57.928440
2010-04-20,58.054203
2010-04-21,58.256432
2010-04-22,58.125237
2010-04-23,58.114288
2010-04-26,58.141666
2010-04-27,58.179916
2010-04-28,58.278328
2010-04-29,58.425938
2010-04-30,58.666477
2010-05-03,58.684021
2010-05-04,58.755428
2010-05-05,58.502861
2010-05-06,57.536629
2010-05-07,57.723297
2010-05-10,58.085625
2010-05-11,58.145954
2010-05-12,58.124039
2010-05-13,58.294262
2010-05-14,58.277771
2010-05-17,58.376579
2010-05-18,58.563236
2010-05-19,58.596226
2010-05-20,58.464428
2010-05-21,58.365635
2010-05-24,58.519348
2010-05-25,58.239285
2010-05-26,58.277771
2010-05-27,57.975815
2010-05-28,57.898964
2010-06-01,57.850994
2010-06-02,58.054947
2010-06-03,57.867538
2010-06-04,58.220371
2010-06-07,58.462959
2010-06-08,58.462959
2010-06-09,58.485027
2010-06-10,58.242435
2010-06-11,58.457451
2010-06-14,58.347202
2010-06-15,58.275497
2010-06-16,58.336163
2010-06-17,58.722084
2010-06-18,58.716579
2010-06-21,58.865433
2010-06-22,59.152122
2010-06-23,59.400265
2010-06-24,59.163151
2010-06-25,59.262367
2010-06-28,59.587673
2010-06-29,59.560139
2010-06-30,59.797176
2010-07-01,59.863621
2010-07-02,59.692017
2010-07-06,59.941109
2010-07-07,59.979885
2010-07-08,59.830444
2010-07-09,59.758446
2010-07-12,59.830444
2010-07-13,59.863621
2010-07-14,60.129295
2010-07-15,60.234524
2010-07-16,60.339653
2010-07-19,60.328621
2010-07-20,60.395065
2010-07-21,60.688423
2010-07-22,60.610909
2010-07-23,60.688423
2010-07-26,60.743778
2010-07-27,60.538971
2010-07-28,60.754875
2010-07-29,60.777042
2010-07-30,61.059353
2010-08-02,60.929844
2010-08-03,61.079918
2010-08-04,60.890915
2010-08-05,61.002102
2010-08-06,61.352192
2010-08-09,61.552303
2010-08-10,61.474525
2010-08-11,61.468941
2010-08-12,61.252171
2010-08-13,61.491161
2010-08-16,62.169235
2010-08-17,62.069168
2010-08-18,62.124760
2010-08-19,62.191456
2010-08-20,62.302624
2010-08-23,62.435989
2010-08-24,62.580494
2010-08-25,62.697205
2010-08-26,62.752800
2010-08-27,62.185890
2010-08-30,62.591625
2010-08-31,62.802822
2010-09-01,62.330887
2010-09-02,62.252766
2010-09-03,61.784092
2010-09-07,62.241615
2010-09-08,62.118858
2010-09-09,61.795338
2010-09-10,61.839924
2010-09-13,61.923557
2010-09-14,62.213696
2010-09-15,62.113270
2010-09-16,61.918045
2010-09-17,62.118858
2010-09-20,62.196999
2010-09-21,62.671188
2010-09-22,62.632088
2010-09-23,62.676769
2010-09-24,62.537270
2010-09-27,62.860832
2010-09-28,62.972374
2010-09-29,62.911011
2010-09-30,63.089554
2010-10-01,62.783806
2010-10-04,62.884613
2010-10-05,63.013432
2010-10-06,63.422199
2010-10-07,63.405384
2010-10-08,63.343826
2010-10-11,63.399799
2010-10-12,63.304619
2010-10-13,63.271011
2010-10-14,62.761356
2010-10-15,62.363789
2010-10-18,62.794987
2010-10-19,62.800571
2010-10-20,62.912571
2010-10-21,62.744576
2010-10-22,62.822971
2010-10-25,63.046989
2010-10-26,62.710979
2010-10-27,62.548527
2010-10-28,62.800571
2010-10-29,62.923782
2010-11-01,62.902416
2010-11-02,63.194771
2010-11-03,62.986797
2010-11-04,63.582687
2010-11-05,63.380268
2010-11-08,63.414009
2010-11-09,62.941803
2010-11-10,62.806877
2010-11-11,62.531391
2010-11-12,62.092869
2010-11-15,61.412663
2010-11-16,61.738731
2010-11-17,61.738731
2010-11-18,61.783707
2010-11-19,61.997307
2010-11-22,62.340260
2010-11-23,62.373981
2010-11-24,61.862427
2010-11-26,61.941086
2010-11-29,62.002979
2010-11-30,61.907383
2010-12-01,61.769630
2010-12-02,61.634235
2010-12-03,61.459274
2010-12-06,61.888180
2010-12-07,61.312489
2010-12-08,60.917461
2010-12-09,61.064224
2010-12-10,60.781982
2010-12-13,61.007774
2010-12-14,60.635323
2010-12-15,60.257156
2010-12-16,60.550644
2010-12-17,61.103718
2010-12-20,61.064224
2010-12-21,61.194012
2010-12-22,61.143223
2010-12-23,61.171467
2010-12-27,61.289948
2010-12-28,60.801571
2010-12-29,61.260509
2010-12-30,61.288799
2010-12-31,61.441811
2011-01-03,61.679760
2011-01-04,61.759106
2011-01-05,61.305798
2011-01-06,61.396465
2011-01-07,61.708107
2011-01-10,61.815754
2011-01-11,61.787449
2011-01-12,61.747742
2011-01-13,62.014000
2011-01-14,61.719410
2011-01-18,61.685452
2011-01-19,61.640099
2011-01-20,61.373798
2011-01-21,61.464474
2011-01-24,61.492790
2011-01-25,61.798767
2011-01-26,61.453136
2011-01-27,61.555107
2011-01-28,61.634457
2011-01-31,61.464474
2011-02-01,61.383156
2011-02-02,61.263683
2011-02-03,61.115757
2011-02-04,60.928055
2011-02-07,60.996319
2011-02-08,60.774483
2011-02-09,61.167004
2011-02-10,60.865471
2011-02-11,61.201080
2011-02-14,61.240883
2011-02-15,61.377430
2011-02-16,61.303520
2011-02-17,61.417244
2011-02-18,61.508293
2011-02-22,61.678886
2011-02-23,61.604988
2011-02-24,61.673244
2011-02-25,61.963329
2011-02-28,62.128288
2011-03-01,62.129475
2011-03-02,61.798210
2011-03-03,61.535473
2011-03-04,61.769669
2011-03-07,61.615444
2011-03-08,61.535473
2011-03-09,61.855316
2011-03-10,62.106571
2011-03-11,62.049530
2011-03-14,62.118023
2011-03-15,62.112293
2011-03-16,62.483551
2011-03-17,62.443546
2011-03-18,62.483551
2011-03-21,62.283619
2011-03-22,62.397881
2011-03-23,62.357906
2011-03-24,62.152279
2011-03-25,62.060963
2011-03-28,62.083733
2011-03-29,61.781055
2011-03-30,61.992363
2011-03-31,61.792488
2011-04-01,62.084343
2011-04-04,62.227657
2011-04-05,62.262093
2011-04-06,62.061394
2011-04-07,61.969669
2011-04-08,61.935223
2011-04-11,61.941055
2011-04-12,62.158875
2011-04-13,62.267815
2011-04-14,62.112995
2011-04-15,62.439831
2011-04-18,62.525852
2011-04-19,62.657703
2011-04-20,62.686394
2011-04-21,62.743713
2011-04-25,62.806789
2011-04-26,63.099205
2011-04-27,63.018902
2011-04-28,63.219601
2011-04-29,63.340015
2011-05-02,63.487965
2011-05-03,63.459118
2011-05-04,63.551235
2011-05-05,63.769993
2011-05-06,63.769993
2011-05-09,63.833298
2011-05-10,63.574253
2011-05-11,63.677895
2011-05-12,63.528202
2011-05-13,63.718212
2011-05-16,63.902340
2011-05-17,63.988701
2011-05-18,63.827591
2011-05-19,63.936886
2011-05-20,63.890842
2011-05-23,63.850548
2011-05-24,63.931160
2011-05-25,63.804531
2011-05-26,64.080788
2011-05-27,64.149826
2011-05-31,64.144127
2011-06-01,64.464767
2011-06-02,63.881207
2011-06-03,64.019920
2011-06-06,63.910126
2011-06-07,64.129723
2011-06-08,64.170120
2011-06-09,63.996792
2011-06-10,63.921642
2011-06-13,63.991024
2011-06-14,63.800369
2011-06-15,64.152802
2011-06-16,64.031448
2011-06-17,64.054535
2011-06-20,64.066170
2011-06-21,64.048813
2011-06-22,64.135452
2011-06-23,64.302986
2011-06-24,64.337730
2011-06-27,64.129723
2011-06-28,63.684761
2011-06-29,63.540325
2011-06-30,63.632736
2011-07-01,63.636230
2011-07-05,63.862518
2011-07-06,63.995872
2011-07-07,64.013268
2011-07-08,64.425064
2011-07-11,64.639740
2011-07-12,64.691917
2011-07-13,64.854324
2011-07-14,64.454056
2011-07-15,64.599121
2011-07-18,64.349701
2011-07-19,64.662949
2011-07-20,64.512138
2011-07-21,64.413513
2011-07-22,64.674538
2011-07-25,64.367088
2011-07-26,64.651253
2011-07-27,64.459930
2011-07-28,64.599121
2011-07-29,65.179161
2011-08-01,65.371895
2011-08-02,65.919174
2011-08-03,65.895866
2011-08-04,66.373306
2011-08-05,65.552383
2011-08-08,64.929390
2011-08-09,65.511589
2011-08-10,66.099663
2011-08-11,64.743073
2011-08-12,65.482498
2011-08-15,65.604759
2011-08-16,65.843452
2011-08-17,66.024010
2011-08-18,66.111328
2011-08-19,66.029808
2011-08-22,65.785248
2011-08-23,65.034164
2011-08-24,64.265678
2011-08-25,64.620811
2011-08-26,64.649879
2011-08-29,64.859505
2011-08-30,65.203041
2011-08-31,65.401009
2011-09-01,65.449516
2011-09-02,65.852707
2011-09-06,66.238365
2011-09-07,66.366959
2011-09-08,66.308495
2011-09-09,66.378654
2011-09-12,65.975403
2011-09-13,65.963730
2011-09-14,65.934517
2011-09-15,65.706604
2011-09-16,65.706604
2011-09-19,66.068924
2011-09-20,66.098160
2011-09-21,66.250053
2011-09-22,66.378654
2011-09-23,65.969589
2011-09-26,65.846848
2011-09-27,65.636513
2011-09-28,65.373573
2011-09-29,65.303360
2011-09-30,65.630623
2011-10-03,65.752647
2011-10-04,65.177834
2011-10-05,65.447624
2011-10-06,65.183708
2011-10-07,65.125023
2011-10-10,65.248199
2011-10-11,65.424187
2011-10-12,65.523888
2011-10-13,65.582550
2011-10-14,65.541481
2011-10-17,65.494576
2011-10-18,65.723320
2011-10-19,65.893433
2011-10-20,66.040070
2011-10-21,66.257065
2011-10-24,66.597275
2011-10-25,66.925735
2011-10-26,66.878815
2011-10-27,66.867088
2011-10-28,67.125191
2011-10-31,67.277679
2011-11-01,67.614365
2011-11-02,67.861572
2011-11-03,67.896927
2011-11-04,68.032333
2011-11-07,67.761528
2011-11-08,67.343613
2011-11-09,67.167053
2011-11-10,66.831505
2011-11-11,66.713799
2011-11-14,66.707909
2011-11-15,66.643181
2011-11-16,66.431221
2011-11-17,65.907417
2011-11-18,66.013351
2011-11-21,65.742561
2011-11-22,65.571823
2011-11-23,65.236389
2011-11-25,64.977402
2011-11-28,65.006752
2011-11-29,64.859650
2011-11-30,65.153931
2011-12-01,65.305161
2011-12-02,65.860420
2011-12-05,66.350662
2011-12-06,65.996284
2011-12-07,66.409721
2011-12-08,66.185295
2011-12-09,65.931313
2011-12-12,65.937195
2011-12-13,66.161667
2011-12-14,66.273872
2011-12-15,66.380180
2011-12-16,66.752296
2011-12-19,66.988533
2011-12-20,66.941353
2011-12-21,66.657837
2011-12-22,67.006348
2011-12-23,66.799553
2011-12-27,67.053261
2011-12-28,67.177765
2011-12-29,67.142151
2011-12-30,67.426666
2012-01-03,67.373329
2012-01-04,67.426666
2012-01-05,67.136246
2012-01-06,67.397026
2012-01-09,67.296257
2012-01-10,67.485954
2012-01-11,67.474068
2012-01-12,67.628151
2012-01-13,67.871216
2012-01-17,68.078644
2012-01-18,67.942284
2012-01-19,67.924545
2012-01-20,67.752647
2012-01-23,67.651901
2012-01-24,67.894913
2012-01-25,68.126091
2012-01-26,68.659538
2012-01-27,68.760284
2012-01-30,68.671356
2012-01-31,68.872879
2012-02-01,69.147026
2012-02-02,69.289780
2012-02-03,69.188637
2012-02-06,69.367043
2012-02-07,69.236237
2012-02-08,69.307602
2012-02-09,69.087578
2012-02-10,69.022163
2012-02-13,69.260056
2012-02-14,69.313576
2012-02-15,69.218414
2012-02-16,69.099442
2012-02-17,68.992424
2012-02-21,68.879410
2012-02-22,69.307602
2012-02-23,69.402786
2012-02-24,69.456306
2012-02-27,69.711998
2012-02-28,69.932083
2012-02-29,69.997475
2012-03-01,69.832222
2012-03-02,69.856010
2012-03-05,69.730721
2012-03-06,69.623306
2012-03-07,69.593468
2012-03-08,69.605377
2012-03-09,69.569588
2012-03-12,69.432327
2012-03-13,69.241394
2012-03-14,68.417854
2012-03-15,68.268669
2012-03-16,68.370148
2012-03-19,68.274628
2012-03-20,68.232880
2012-03-21,68.543182
2012-03-22,68.429787
2012-03-23,68.483498
2012-03-26,68.632759
2012-03-27,69.163834
2012-03-28,69.032555
2012-03-29,69.169800
2012-03-30,69.002693
2012-04-02,69.180550
2012-04-03,68.521828
2012-04-04,68.653595
2012-04-05,68.767357
2012-04-09,69.216461
2012-04-10,69.174545
2012-04-11,69.102715
2012-04-12,69.132629
2012-04-13,69.461960
2012-04-16,69.461960
2012-04-17,69.551804
2012-04-18,69.539856
2012-04-19,69.587700
2012-04-20,69.569771
2012-04-23,69.581749
2012-04-24,69.456009
2012-04-25,69.575768
2012-04-26,69.689514
2012-04-27,69.791298
2012-04-30,69.749359
2012-05-01,69.616577
2012-05-02,69.844948
2012-05-03,69.886971
2012-05-04,69.965118
2012-05-07,70.085281
2012-05-08,70.259521
2012-05-09,70.139328
2012-05-10,69.995117
2012-05-11,70.205444
2012-05-14,70.223480
2012-05-15,70.133308
2012-05-16,70.169395
2012-05-17,69.646706
2012-05-18,69.376335
2012-05-21,69.454430
2012-05-22,69.268166
2012-05-23,69.436348
2012-05-24,69.448402
2012-05-25,69.622612
2012-05-29,69.724808
2012-05-30,69.784843
2012-05-31,70.277550
2012-06-01,70.709190
2012-06-04,70.172615
2012-06-05,70.021904
2012-06-06,69.816933
2012-06-07,69.961632
2012-06-08,70.220863
2012-06-11,70.208817
2012-06-12,70.003853
2012-06-13,70.257004
2012-06-14,70.172615
2012-06-15,70.461998
2012-06-18,70.431900
2012-06-19,70.365517
2012-06-20,70.395706
2012-06-21,70.504204
2012-06-22,70.449928
2012-06-25,70.630760
2012-06-26,70.703186
2012-06-27,70.799606
2012-06-28,70.908134
2012-06-29,70.890030
2012-07-02,71.266273
2012-07-03,71.326797
2012-07-05,71.508186
2012-07-06,71.689651
2012-07-09,71.738083
2012-07-10,71.719925
2012-07-11,71.840889
2012-07-12,72.203789
2012-07-13,72.227997
2012-07-16,72.427643
2012-07-17,72.427643
2012-07-18,72.826828
2012-07-19,72.953873
2012-07-20,73.008308
2012-07-23,72.772385
2012-07-24,72.887321
2012-07-25,73.026443
2012-07-26,73.141312
2012-07-27,72.796600
2012-07-30,72.984108
2012-07-31,73.359154
2012-08-01,73.277237
2012-08-02,73.325768
2012-08-03,73.149750
2012-08-06,73.246819
2012-08-07,72.864578
2012-08-08,72.658279
2012-08-09,72.609756
2012-08-10,72.816017
2012-08-13,72.664322
2012-08-14,72.336655
2012-08-15,71.996849
2012-08-16,71.784508
2012-08-17,71.881561
2012-08-20,72.081841
2012-08-21,72.203186
2012-08-22,72.615791
2012-08-23,72.670425
2012-08-24,72.749268
2012-08-27,72.840317
2012-08-28,72.943474
2012-08-29,72.791771
2012-08-30,72.816017
2012-08-31,73.319664
2012-09-04,73.146194
2012-09-05,73.176643
2012-09-06,72.854019
2012-09-07,73.006210
2012-09-10,73.000084
2012-09-11,73.060982
2012-09-12,72.914871
2012-09-13,73.304443
2012-09-14,72.866150
2012-09-17,73.115723
2012-09-18,73.341003
2012-09-19,73.462730
2012-09-20,73.401840
2012-09-21,73.535797
2012-09-24,73.645370
2012-09-25,73.791473
2012-09-26,73.998413
2012-09-27,73.961891
2012-09-28,74.126297
2012-10-01,74.324120
2012-10-02,74.348564
2012-10-03,74.397415
2012-10-04,74.336334
2012-10-05,74.220276
2012-10-08,74.415733
2012-10-09,74.495117
2012-10-10,74.629448
2012-10-11,74.873726
2012-10-12,74.959183
2012-10-15,75.191284
2012-10-16,75.142403
2012-10-17,74.995865
2012-10-18,74.855392
2012-10-19,74.989769
2012-10-22,74.812675
2012-10-23,74.940933
2012-10-24,74.739388
2012-10-25,74.525650
2012-10-26,74.892044
2012-10-31,75.124123
2012-11-01,74.794350
2012-11-02,74.647743
2012-11-05,74.684410
2012-11-06,74.324120
2012-11-07,74.476761
2012-11-08,74.403458
2012-11-09,74.220276
2012-11-12,74.232506
2012-11-13,74.263031
2012-11-14,74.415733
2012-11-15,74.269180
2012-11-16,74.293625
2012-11-19,74.525650
2012-11-20,74.293625
2012-11-21,74.348564
2012-11-23,74.379074
2012-11-26,74.501190
2012-11-27,74.543922
2012-11-28,74.531746
2012-11-29,74.586723
2012-11-30,74.580574
2012-12-03,74.663292
2012-12-04,74.730652
2012-12-05,74.883835
2012-12-06,74.871567
2012-12-07,74.693954
2012-12-10,74.761299
2012-12-11,74.485672
2012-12-12,74.259018
2012-12-13,74.142616
2012-12-14,74.197731
2012-12-17,73.958900
2012-12-18,73.775085
2012-12-19,74.062981
2012-12-20,74.136482
2012-12-21,74.265152
2012-12-24,74.216148
2012-12-26,74.321785
2012-12-27,74.561401
2012-12-28,74.727303
2012-12-31,74.334084
2013-01-02,74.506119
2013-01-03,74.100616
2013-01-04,74.063744
2013-01-07,74.186646
2013-01-08,74.254234
2013-01-09,74.229645
2013-01-10,74.266487
2013-01-11,74.401688
2013-01-14,74.254234
2013-01-15,74.192841
2013-01-16,74.192841
2013-01-17,74.063744
2013-01-18,74.137497
2013-01-22,74.137497
2013-01-23,74.229645
2013-01-24,74.125175
2013-01-25,73.787300
2013-01-28,73.725845
2013-01-29,73.559921
2013-01-30,73.314224
2013-01-31,73.369492
2013-02-01,73.179054
2013-02-04,73.425583
2013-02-05,73.277641
2013-02-06,73.468719
2013-02-07,73.493416
2013-02-08,73.653664
2013-02-11,73.616623
2013-02-12,73.542709
2013-02-13,73.370125
2013-02-14,73.573502
2013-02-15,73.542709
2013-02-19,73.524223
2013-02-20,73.647400
2013-02-21,73.764549
2013-02-22,73.813850
2013-02-25,74.251442
2013-02-26,74.158951
2013-02-27,74.134354
2013-02-28,74.158951
2013-03-01,74.328369
2013-03-04,74.272781
2013-03-05,74.149086
2013-03-06,73.932709
2013-03-07,73.691620
2013-03-08,73.431961
2013-03-11,73.481407
2013-03-12,73.629784
2013-03-13,73.561798
2013-03-14,73.592705
2013-03-15,73.691620
2013-03-18,73.870911
2013-03-19,73.994537
2013-03-20,73.778175
2013-03-21,73.852386
2013-03-22,73.858536
2013-03-25,73.858536
2013-03-26,73.908020
2013-03-27,74.167671
2013-03-28,74.124382
2013-04-01,74.017700
2013-04-02,74.011528
2013-04-03,74.309181
2013-04-04,74.706039
2013-04-05,74.935524
2013-04-08,75.003677
2013-04-09,75.078125
2013-04-10,74.879631
2013-04-11,74.929298
2013-04-12,75.301384
2013-04-15,75.326187
2013-04-16,75.189720
2013-04-17,75.295174
2013-04-18,75.363365
2013-04-19,75.475006
2013-04-22,75.499802
2013-04-23,75.599007
2013-04-24,75.630013
2013-04-25,75.586632
2013-04-26,75.859474
2013-04-29,75.865677
2013-04-30,75.735428
2013-05-01,76.072556
2013-05-02,76.072556
2013-05-03,75.357307
2013-05-06,75.344841
2013-05-07,75.288834
2013-05-08,75.357307
2013-05-09,75.195557
2013-05-10,74.803734
2013-05-13,74.610924
2013-05-14,74.411865
2013-05-15,74.673157
2013-05-16,75.015251
2013-05-17,74.691788
2013-05-20,74.604698
2013-05-21,74.884644
2013-05-22,74.293762
2013-05-23,74.368362
2013-05-24,74.318649
2013-05-28,73.603340
2013-05-29,73.572243
2013-05-30,73.665543
2013-05-31,73.298561
2013-06-03,73.105850
2013-06-04,72.818832
2013-06-05,72.712784
2013-06-06,73.024734
2013-06-07,72.737717
2013-06-10,72.513138
2013-06-11,72.375885
2013-06-12,72.126305
2013-06-13,72.899925
2013-06-14,72.850014
2013-06-17,72.743958
2013-06-18,72.600479
2013-06-19,71.571091
2013-06-20,70.585358
2013-06-21,70.005196
2013-06-24,69.549706
2013-06-25,69.780540
2013-06-26,70.310852
2013-06-27,70.947166
2013-06-28,70.903549
2013-07-01,71.086937
2013-07-02,71.312225
2013-07-03,71.105690
2013-07-05,70.204384
2013-07-08,70.780205
2013-07-09,70.842789
2013-07-10,70.636276
2013-07-11,71.468689
2013-07-12,71.268364
2013-07-15,71.725311
2013-07-16,71.618896
2013-07-17,71.888054
2013-07-18,71.700249
2013-07-19,72.094551
2013-07-22,72.257309
2013-07-23,72.144646
2013-07-24,71.794167
2013-07-25,71.706543
2013-07-26,71.781609
2013-07-29,71.662720
2013-07-30,71.681526
2013-07-31,71.687729
2013-08-01,71.116463
2013-08-02,71.468025
2013-08-05,71.198082
2013-08-06,71.241997
2013-08-07,71.398979
2013-08-08,71.549637
2013-08-09,71.549637
2013-08-12,71.511955
2013-08-13,71.003464
2013-08-14,70.884171
2013-08-15,70.381966
2013-08-16,70.030396
2013-08-19,69.647423
2013-08-20,70.074356
2013-08-21,69.653717
2013-08-22,69.973854
2013-08-23,70.444756
2013-08-26,70.589111
2013-08-27,70.890450
2013-08-28,70.903030
2013-08-29,70.972099
2013-08-30,70.972099
2013-09-03,70.692429
2013-09-04,70.434189
2013-09-05,69.854805
2013-09-06,69.955574
2013-09-09,70.138184
2013-09-10,69.829514
2013-09-11,70.157036
2013-09-12,70.106720
2013-09-13,70.150734
2013-09-16,70.232620
2013-09-17,70.421600
2013-09-18,71.454483
2013-09-19,71.001015
2013-09-20,71.064011
2013-09-23,71.486023
2013-09-24,71.668686
2013-09-25,71.889091
2013-09-26,71.712723
2013-09-27,71.656067
2013-09-30,71.498589
2013-10-01,71.426567
2013-10-02,71.641418
2013-10-03,71.679291
2013-10-04,71.609787
2013-10-07,71.736168
2013-10-08,71.723587
2013-10-09,71.571915
2013-10-10,71.672989
2013-10-11,71.767784
2013-10-14,71.546616
2013-10-15,71.559258
2013-10-16,72.090019
2013-10-17,72.620789
2013-10-18,72.715591
2013-10-21,72.526031
2013-10-22,72.968323
2013-10-23,72.949333
2013-10-24,72.873589
2013-10-25,72.867256
2013-10-28,72.936745
2013-10-29,73.037834
2013-10-30,72.892494
2013-10-31,72.791412
2013-11-01,72.594894
2013-11-04,72.613876
2013-11-05,72.303276
2013-11-06,72.385696
2013-11-07,72.531479
2013-11-08,71.821442
2013-11-11,71.701004
2013-11-12,71.751747
2013-11-13,71.916573
2013-11-14,72.309593
2013-11-15,72.309593
2013-11-18,72.632889
2013-11-19,72.379311
2013-11-20,72.068672
2013-11-21,72.208199
2013-11-22,72.461731
2013-11-25,72.588554
2013-11-26,72.734329
2013-11-27,72.747017
2013-11-29,72.689987
2013-12-02,72.345245
2013-12-03,72.529678
2013-12-04,72.294357
2013-12-05,72.135384
2013-12-06,72.287994
2013-12-09,72.396149
2013-12-10,72.688690
2013-12-11,72.485191
2013-12-12,72.364326
2013-12-13,72.561523
2013-12-16,72.618736
2013-12-17,72.834961
2013-12-18,72.834961
2013-12-19,72.726852
2013-12-20,73.063934
2013-12-23,72.949417
2013-12-24,72.930359
2013-12-26,72.878044
2013-12-27,72.814247
2013-12-30,73.031197
2013-12-31,72.846169
2014-01-02,72.986496
2014-01-03,73.094986
2014-01-06,73.254471
2014-01-07,73.197021
2014-01-08,72.884445
2014-01-09,73.050316
2014-01-10,73.445839
2014-01-13,73.586159
2014-01-14,73.369247
2014-01-15,73.388435
2014-01-16,73.560707
2014-01-17,73.643608
2014-01-21,73.541534
2014-01-22,73.362930
2014-01-23,73.643608
2014-01-24,73.592567
2014-01-27,73.452248
2014-01-28,73.809456
2014-01-29,73.956200
2014-01-30,73.994446
2014-01-31,74.217705
2014-02-03,74.696350
2014-02-04,74.338013
2014-02-05,74.101280
2014-02-06,74.030922
2014-02-07,74.261284
2014-02-10,74.293228
2014-02-11,74.139671
2014-02-12,73.915741
2014-02-13,74.222832
2014-02-14,74.363647
2014-02-18,74.517220
2014-02-19,74.433998
2014-02-20,74.338013
2014-02-21,74.414864
2014-02-24,74.453163
2014-02-25,74.741142
2014-02-26,74.984253
2014-02-27,75.112267
2014-02-28,75.067451
2014-03-03,75.263855
2014-03-04,74.859535
2014-03-05,74.821022
2014-03-06,74.596443
2014-03-07,74.326904
2014-03-10,74.211357
2014-03-11,74.237007
2014-03-12,74.500198
2014-03-13,74.763290
2014-03-14,74.679817
2014-03-17,74.583595
2014-03-18,74.814651
2014-03-19,74.275543
2014-03-20,74.378220
2014-03-21,74.634972
2014-03-24,74.776108
2014-03-25,74.801788
2014-03-26,75.090576
2014-03-27,75.109848
2014-03-28,75.052078
2014-03-31,75.045662
2014-04-01,74.858963
2014-04-02,74.756027
2014-04-03,74.897575
2014-04-04,75.193665
2014-04-07,75.373856
2014-04-08,75.573425
2014-04-09,75.637794
2014-04-10,75.740753
2014-04-11,75.792221
2014-04-14,75.843697
2014-04-15,76.004616
2014-04-16,76.036797
2014-04-17,75.599136
2014-04-21,75.702126
2014-04-22,75.740753
2014-04-23,75.908043
2014-04-24,75.920944
2014-04-25,75.908043
2014-04-28,75.818001
2014-04-29,75.830826
2014-04-30,76.043282
2014-05-01,76.362129
2014-05-02,76.523491
2014-05-05,76.329826
2014-05-06,76.458961
2014-05-07,76.471863
2014-05-08,76.491295
2014-05-09,76.407333
2014-05-12,76.213623
2014-05-13,76.497711
2014-05-14,76.878502
2014-05-15,77.014099
2014-05-16,76.923683
2014-05-19,76.852692
2014-05-20,76.852692
2014-05-21,76.710693
2014-05-22,76.684845
2014-05-23,76.768799
2014-05-27,77.039894
2014-05-28,77.407845
2014-05-29,77.181885
2014-05-30,77.194801
2014-06-02,76.766266
2014-06-03,76.416740
2014-06-04,76.377892
2014-06-05,76.539719
2014-06-06,76.701553
2014-06-09,76.546211
2014-06-10,76.403770
2014-06-11,76.462044
2014-06-12,76.708046
2014-06-13,76.695091
2014-06-16,76.688667
2014-06-17,76.429680
2014-06-18,76.869873
2014-06-19,76.598022
2014-06-20,76.746895
2014-06-23,76.740387
2014-06-24,77.064056
2014-06-25,77.141708
2014-06-26,77.284126
2014-06-27,77.271225
2014-06-30,77.199959
2014-07-01,76.901451
2014-07-02,76.628746
2014-07-03,76.550865
2014-07-07,76.687187
2014-07-08,76.972855
2014-07-09,77.096153
2014-07-10,77.037704
2014-07-11,77.277878
2014-07-14,77.115646
2014-07-15,77.031197
2014-07-16,77.212990
2014-07-17,77.505081
2014-07-18,77.401268
2014-07-21,77.401268
2014-07-22,77.459648
2014-07-23,77.550522
2014-07-24,77.245399
2014-07-25,77.544052
2014-07-28,77.453117
2014-07-29,77.524559
2014-07-30,77.167534
2014-07-31,76.953323
2014-08-01,77.349785
2014-08-04,77.369293
2014-08-05,77.447403
2014-08-06,77.310715
2014-08-07,77.512505
2014-08-08,77.492996
2014-08-11,77.525497
2014-08-12,77.486465
2014-08-13,77.642738
2014-08-14,77.727356
2014-08-15,78.000771
2014-08-18,77.824997
2014-08-19,77.772919
2014-08-20,77.597137
2014-08-21,77.864044
2014-08-22,77.961693
2014-08-25,78.085358
2014-08-26,78.137436
2014-08-27,78.267639
2014-08-28,78.436897
2014-08-29,78.495506
2014-09-02,78.122108
2014-09-03,78.226547
2014-09-04,77.671631
2014-09-05,77.684669
2014-09-08,77.554184
2014-09-09,77.345268
2014-09-10,77.221237
2014-09-11,77.162476
2014-09-12,76.790329
2014-09-15,76.809914
2014-09-16,76.796875
2014-09-17,76.588020
2014-09-18,76.725060
2014-09-19,77.025391
2014-09-22,77.097191
2014-09-23,77.221237
2014-09-24,77.038437
2014-09-25,77.266930
2014-09-26,77.097191
2014-09-29,77.064529
2014-09-30,77.175499
2014-10-01,77.643600
2014-10-02,77.637085
2014-10-03,77.859612
2014-10-06,77.898949
2014-10-07,78.180435
2014-10-08,78.579765
2014-10-09,78.252457
2014-10-10,78.317917
2014-10-13,78.520859
2014-10-14,78.697609
2014-10-15,78.756493
2014-10-16,78.579765
2014-10-17,78.547020
2014-10-20,78.691048
2014-10-21,78.645256
2014-10-22,78.514328
2014-10-23,78.363739
2014-10-24,78.396461
2014-10-27,78.494705
2014-10-28,78.232796
2014-10-29,78.088768
2014-10-30,78.141174
2014-10-31,78.128067
2014-11-03,77.973778
2014-11-04,78.085373
2014-11-05,77.940994
2014-11-06,77.704643
2014-11-07,78.196968
2014-11-10,77.803085
2014-11-11,77.796539
2014-11-12,77.790001
2014-11-13,77.704643
2014-11-14,77.803085
2014-11-17,77.619301
2014-11-18,77.684883
2014-11-19,77.271362
2014-11-20,77.566711
2014-11-21,77.901573
2014-11-24,78.026306
2014-11-25,78.361160
2014-11-26,78.630264
2014-11-28,78.840385
2014-12-01,78.567169
2014-12-02,78.040443
2014-12-03,78.119499
2014-12-04,78.244598
2014-12-05,77.921982
2014-12-08,78.290649
2014-12-09,78.356483
2014-12-10,78.330139
2014-12-11,78.251144
2014-12-12,78.376244
2014-12-15,78.560585
2014-12-16,78.534218
2014-12-17,78.554001
2014-12-18,78.633003
2014-12-19,78.593506
2014-12-22,78.843674
2014-12-23,78.244598
2014-12-24,78.496773
2014-12-26,78.556183
2014-12-29,78.708023
2014-12-30,78.774002
2014-12-31,78.826843
2015-01-02,79.104073
2015-01-05,79.427528
2015-01-06,79.750992
2015-01-07,79.856606
2015-01-08,79.599167
2015-01-09,79.810425
2015-01-12,79.962234
2015-01-13,80.034851
2015-01-14,80.173470
2015-01-15,80.589310
2015-01-16,80.140465
2015-01-20,80.325333
2015-01-21,80.292313
2015-01-22,80.252686
2015-01-23,80.721367
2015-01-26,80.701591
2015-01-27,80.761024
2015-01-28,81.308914
2015-01-29,81.117477
2015-01-30,81.784210
2015-02-02,81.860336
2015-02-03,81.198425
2015-02-04,81.310944
2015-02-05,81.052803
2015-02-06,80.205536
2015-02-09,80.258453
2015-02-10,80.040016
2015-02-11,80.093033
2015-02-12,80.298187
2015-02-13,79.980515
2015-02-17,79.609787
2015-02-18,79.894417
2015-02-19,79.881172
2015-02-20,80.000290
2015-02-23,80.271729
2015-02-24,80.794647
2015-02-25,80.867447
2015-02-26,80.430573
2015-02-27,80.622551
2015-03-02,79.923653
2015-03-03,79.877213
2015-03-04,79.824112
2015-03-05,79.930321
2015-03-06,79.080734
2015-03-09,79.399338
2015-03-10,79.525429
2015-03-11,79.930321
2015-03-12,79.850677
2015-03-13,79.624962
2015-03-16,79.704643
2015-03-17,79.837334
2015-03-18,80.819679
2015-03-19,80.408157
2015-03-20,80.633804
2015-03-23,80.819679
2015-03-24,80.939117
2015-03-25,80.673653
2015-03-26,80.175880
2015-03-27,80.494415
2015-03-30,80.633804
2015-03-31,80.779800
2015-04-01,81.012115
2015-04-02,80.879013
2015-04-06,80.985466
2015-04-07,81.278267
2015-04-08,81.251671
2015-04-09,80.839058
2015-04-10,80.952194
2015-04-13,80.925575
2015-04-14,81.111931
2015-04-15,81.165169
2015-04-16,81.118591
2015-04-17,81.338188
2015-04-20,81.145203
2015-04-21,81.125198
2015-04-22,80.599510
2015-04-23,80.805809
2015-04-24,80.958862
2015-04-27,80.898941
2015-04-28,80.419785
2015-04-29,79.754265
2015-04-30,79.820869
2015-05-01,79.380379
2015-05-04,79.126854
2015-05-05,78.993317
2015-05-06,78.653000
2015-05-07,78.966644
2015-05-08,79.420410
2015-05-11,78.619644
2015-05-12,78.506157
2015-05-13,78.432755
2015-05-14,78.699692
2015-05-15,79.246918
2015-05-18,78.639595
2015-05-19,78.219193
2015-05-20,78.312622
2015-05-21,78.686386
2015-05-22,78.633003
2015-05-26,78.979935
2015-05-27,79.060081
2015-05-28,78.893242
2015-05-29,78.926598
2015-06-01,78.484276
2015-06-02,78.082710
2015-06-03,77.580826
2015-06-04,77.982330
2015-06-05,77.587494
2015-06-08,77.533974
2015-06-09,77.185982
2015-06-10,76.978554
2015-06-11,77.661179
2015-06-12,77.527313
2015-06-15,77.513901
2015-06-16,77.707977
2015-06-17,77.701248
2015-06-18,77.560760
2015-06-19,77.975655
2015-06-22,77.359985
2015-06-23,77.185982
2015-06-24,77.400208
2015-06-25,77.273003
2015-06-26,76.918289
2015-06-29,77.587494
2015-06-30,77.440277
2015-07-01,77.191978
2015-07-02,77.487259
2015-07-06,77.795975
2015-07-07,78.118088
2015-07-08,78.225487
2015-07-09,77.708740
2015-07-10,77.212166
2015-07-13,77.044334
2015-07-14,77.111420
2015-07-15,77.312782
2015-07-16,77.433586
2015-07-17,77.487259
2015-07-20,77.306068
2015-07-21,77.467110
2015-07-22,77.567787
2015-07-23,77.795975
2015-07-24,77.762413
2015-07-27,77.769104
2015-07-28,77.708740
2015-07-29,77.641624
2015-07-30,77.681900
2015-07-31,78.084541
2015-08-03,78.266273
2015-08-04,77.869217
2015-08-05,77.566315
2015-08-06,77.714409
2015-08-07,77.983582
2015-08-10,77.674034
2015-08-11,77.997070
2015-08-12,77.875931
2015-08-13,77.606720
2015-08-14,77.680733
2015-08-17,77.929749
2015-08-18,77.633614
2015-08-19,78.010536
2015-08-20,78.057648
2015-08-21,78.077827
2015-08-24,77.862488
2015-08-25,77.465408
2015-08-26,77.418282
2015-08-27,77.492325
2015-08-28,77.633614
2015-08-31,77.438416
2015-09-01,77.907585
2015-09-02,77.792847
2015-09-03,78.164047
2015-09-04,78.339577
2015-09-08,77.975060
2015-09-09,78.143829
2015-09-10,77.988571
2015-09-11,78.042595
2015-09-14,78.035851
2015-09-15,77.448608
2015-09-16,77.590324
2015-09-17,78.231567
2015-09-18,78.467842
2015-09-21,78.069595
2015-09-22,78.407074
2015-09-23,78.359848
2015-09-24,78.373367
2015-09-25,78.137085
2015-09-28,78.272102
2015-09-29,78.373367
2015-09-30,78.359848
2015-10-01,78.342194
2015-10-02,78.687477
2015-10-05,78.477615
2015-10-06,78.633324
2015-10-07,78.910881
2015-10-08,78.599480
2015-10-09,78.633324
2015-10-12,78.951477
2015-10-13,78.890526
2015-10-14,79.201950
2015-10-15,79.168083
2015-10-16,79.195206
2015-10-19,79.188370
2015-10-20,79.039452
2015-10-21,79.432098
2015-10-22,79.601318
2015-10-23,79.310257
2015-10-26,79.452408
2015-10-27,79.472710
2015-10-28,79.161285
2015-10-29,78.606201
2015-10-30,78.809326
2015-11-02,78.470551
2015-11-03,78.477318
2015-11-04,78.389091
2015-11-05,78.409439
2015-11-06,77.900291
2015-11-09,77.771309
2015-11-10,77.968216
2015-11-11,77.961418
2015-11-12,77.934288
2015-11-13,78.165100
2015-11-16,78.178658
2015-11-17,78.260117
2015-11-18,78.280479
2015-11-19,78.511292
2015-11-20,78.497711
2015-11-23,78.524872
2015-11-24,78.552017
2015-11-25,78.626663
2015-11-27,78.653854
2015-11-30,78.687813
2015-12-01,79.279434
2015-12-02,79.088776
2015-12-03,78.040344
2015-12-04,78.462486
2015-12-07,78.598633
2015-12-08,78.496445
2015-12-09,78.476044
2015-12-10,78.292259
2015-12-11,78.428406
2015-12-14,77.849762
2015-12-15,77.856575
2015-12-16,77.842911
2015-12-17,77.931435
2015-12-18,77.931435
2015-12-21,77.985870
2015-12-22,77.883766
2015-12-23,77.951843
2015-12-24,78.205826
2015-12-28,78.110229
2015-12-29,77.707436
2015-12-30,77.707436
2015-12-31,77.837135
2016-01-04,77.796196
2016-01-05,77.837135
2016-01-06,78.144386
2016-01-07,78.205826
2016-01-08,78.267296
2016-01-11,78.014648
2016-01-12,78.192184
2016-01-13,78.431114
2016-01-14,78.042007
2016-01-15,77.925911
2016-01-19,77.577705
2016-01-20,77.693764
2016-01-21,77.468506
2016-01-22,77.516289
2016-01-25,77.434334
2016-01-26,77.652832
2016-01-27,77.441124
2016-01-28,77.529869
2016-01-29,77.932732
2016-02-01,77.684158
2016-02-02,77.827950
2016-02-03,77.636223
2016-02-04,77.670448
2016-02-05,77.656784
2016-02-08,78.060753
2016-02-09,77.793732
2016-02-10,77.889595
2016-02-11,78.149818
2016-02-12,77.711548
2016-02-16,77.341789
2016-02-17,77.321243
2016-02-18,77.951202
2016-02-19,77.896439
2016-02-22,78.053932
2016-02-23,78.211441
2016-02-24,78.286751
2016-02-25,78.724983
2016-02-26,78.697556
2016-02-29,78.752373
2016-03-01,78.323151
2016-03-02,78.481110
2016-03-03,78.851944
2016-03-04,78.838219
2016-03-07,78.927467
2016-03-08,79.346382
2016-03-09,79.257118
2016-03-10,79.586746
2016-03-11,79.813408
2016-03-14,80.046883
2016-03-15,80.019417
2016-03-16,80.403961
2016-03-17,80.651215
2016-03-18,80.836647
2016-03-21,80.740509
2016-03-22,80.589409
2016-03-23,80.994576
2016-03-24,80.960251
2016-03-28,81.008339
2016-03-29,81.372322
2016-03-30,81.276169
2016-03-31,81.598969
2016-04-01,81.862000
2016-04-04,81.868874
2016-04-05,82.130562
2016-04-06,82.061729
2016-04-07,82.282097
2016-04-08,82.096130
2016-04-11,82.089256
2016-04-12,81.765625
2016-04-13,82.047943
2016-04-14,81.992821
2016-04-15,82.337166
2016-04-18,82.426712
2016-04-19,82.578217
2016-04-20,82.350975
2016-04-21,82.316513
2016-04-22,82.406044
2016-04-25,82.213226
2016-04-26,82.178795
2016-04-27,82.702179
2016-04-28,82.777962
2016-04-29,82.867485
2016-05-02,82.760414
2016-05-03,82.905426
2016-05-04,82.767357
2016-05-05,82.933075
2016-05-06,82.753494
2016-05-09,82.670616
2016-05-10,82.808769
2016-05-11,82.898521
2016-05-12,82.725899
2016-05-13,82.877823
2016-05-16,82.601631
2016-05-17,82.573982
2016-05-18,81.869621
2016-05-19,82.063004
2016-05-20,82.118256
2016-05-23,82.118256
2016-05-24,81.980103
2016-05-25,82.125130
2016-05-26,82.359909
2016-05-27,82.297775
2016-05-31,82.442772
2016-06-01,82.500946
2016-06-02,82.667145
2016-06-03,83.331902
2016-06-06,83.131104
2016-06-07,83.255768
2016-06-08,83.532730
2016-06-09,83.650429
2016-06-10,83.747398
2016-06-13,83.622711
2016-06-14,83.435768
2016-06-15,83.747398
2016-06-16,83.871986
2016-06-17,83.622711
2016-06-20,83.518875
2016-06-21,83.442711
2016-06-22,83.595062
2016-06-23,83.511963
2016-06-24,83.906631
2016-06-27,84.259850
2016-06-28,84.723785
2016-06-29,84.696091
2016-06-30,84.993828
2016-07-01,85.438919
2016-07-05,85.730522
2016-07-06,85.883263
2016-07-07,85.897194
2016-07-08,86.376259
2016-07-11,86.154099
2016-07-12,85.668060
2016-07-13,86.001328
2016-07-14,85.793030
2016-07-15,85.466698
2016-07-18,85.466698
2016-07-19,85.619438
2016-07-20,85.591660
2016-07-21,85.688881
2016-07-22,85.640259
2016-07-25,85.591660
2016-07-26,85.508385
2016-07-27,85.862457
2016-07-28,85.779129
2016-07-29,86.091621
2016-08-01,85.606369
2016-08-02,85.126038
2016-08-03,85.237373
2016-08-04,85.599396
2016-08-05,85.251297
2016-08-08,85.307037
2016-08-09,85.808258
2016-08-10,86.051903
2016-08-11,85.766510
2016-08-12,86.156342
2016-08-15,85.891785
2016-08-16,85.738632
2016-08-17,85.975349
2016-08-18,86.184204
2016-08-19,85.926636
2016-08-22,86.219040
2016-08-23,86.316467
2016-08-24,86.260780
2016-08-25,86.177193
2016-08-26,85.905724
2016-08-29,86.393036
2016-08-30,86.281685
2016-08-31,86.246834
2016-09-01,86.246819
2016-09-02,86.093224
2016-09-06,86.393410
2016-09-07,86.274704
2016-09-08,85.667534
2016-09-09,85.025375
2016-09-12,85.032394
2016-09-13,84.753227
2016-09-14,84.809044
2016-09-15,84.864899
2016-09-16,84.962601
2016-09-19,84.934662
2016-09-20,85.046356
2016-09-21,85.479073
2016-09-22,85.828064
2016-09-23,85.765205
2016-09-26,85.897865
2016-09-27,86.107262
2016-09-28,86.163078
2016-09-29,86.128189
2016-09-30,85.974640
2016-10-03,85.731110
2016-10-04,85.332253
2016-10-05,85.241219
2016-10-06,85.248222
2016-10-07,85.451202
2016-10-10,85.451202
2016-10-11,85.185265
2016-10-12,85.297234
2016-10-13,85.507141
2016-10-14,85.108315
2016-10-17,85.388222
2016-10-18,85.598160
2016-10-19,85.710114
2016-10-20,85.682098
2016-10-21,85.731110
2016-10-24,85.486183
2016-10-25,85.423172
2016-10-26,85.066284
2016-10-27,84.681404
2016-10-28,84.583466
2016-10-31,84.660446
2016-11-01,84.553772
2016-11-02,84.680077
2016-11-03,84.511696
2016-11-04,84.764244
2016-11-07,84.708130
2016-11-08,84.518661
2016-11-09,83.276802
2016-11-10,83.206619
2016-11-11,82.848816
2016-11-14,82.420822
2016-11-15,82.673393
2016-11-16,82.792717
2016-11-17,82.266502
2016-11-18,81.803383
2016-11-21,81.887581
2016-11-22,82.098053
2016-11-23,81.796326
2016-11-25,81.803383
2016-11-28,82.175232
2016-11-29,82.287567
2016-11-30,81.978775
2016-12-01,81.519348
2016-12-02,81.892235
2016-12-05,82.068130
2016-12-06,82.061050
2016-12-07,82.405792
2016-12-08,82.068130
2016-12-09,81.751556
2016-12-12,81.674187
2016-12-13,81.857040
2016-12-14,81.336449
2016-12-15,81.392708
2016-12-16,81.329414
2016-12-19,81.723396
2016-12-20,81.674187
2016-12-21,81.934464
2016-12-22,81.940147
2016-12-23,82.067101
2016-12-27,81.918915
2016-12-28,82.222305
2016-12-29,82.539764
2016-12-30,82.666756
2017-01-03,82.737312
2017-01-04,83.019501
2017-01-05,83.463898
2017-01-06,83.026535
2017-01-09,83.188759
2017-01-10,83.139412
2017-01-11,83.266380
2017-01-12,83.259361
2017-01-13,83.089981
2017-01-17,83.449814
2017-01-18,82.899506
2017-01-19,82.617355
2017-01-20,82.765503
2017-01-23,83.146461
2017-01-24,82.899506
2017-01-25,82.582085
2017-01-26,82.680840
2017-01-27,82.779633
2017-01-30,82.638542
2017-01-31,82.786644
2017-02-01,82.684784
2017-02-02,82.706032
2017-02-03,82.797997
2017-02-06,83.059738
2017-02-07,83.201187
2017-02-08,83.491203
2017-02-09,83.158760
2017-02-10,83.137535
2017-02-13,83.102196
2017-02-14,82.904053
2017-02-15,82.840439
2017-02-16,83.073868
2017-02-17,83.286064
2017-02-21,83.321480
2017-02-22,83.385086
2017-02-23,83.597321
2017-02-24,84.021751
2017-02-27,83.823685
2017-02-28,83.880264
2017-03-01,83.384476
2017-03-02,83.256790
2017-03-03,83.341934
2017-03-06,83.192955
2017-03-07,82.781593
2017-03-08,82.526260
2017-03-09,82.079330
2017-03-10,82.285072
2017-03-13,82.008476
2017-03-14,82.079330
2017-03-15,82.788635
2017-03-16,82.668083
2017-03-17,82.859596
2017-03-20,83.051094
2017-03-21,83.256790
2017-03-22,83.469589
2017-03-23,83.412857
2017-03-24,83.497932
2017-03-27,83.675331
2017-03-28,83.497932
2017-03-29,83.767487
2017-03-30,83.547638
2017-03-31,83.632721
2017-04-03,84.008217
2017-04-04,83.787766
2017-04-05,83.894463
2017-04-06,83.972702
2017-04-07,83.766434
2017-04-10,83.922905
2017-04-11,84.314072
2017-04-12,84.591438
2017-04-13,84.733696
2017-04-17,84.570114
2017-04-18,85.067917
2017-04-19,84.811890
2017-04-20,84.691017
2017-04-21,84.691017
2017-04-24,84.577209
2017-04-25,84.242920
2017-04-26,84.449234
2017-04-27,84.527435
2017-04-28,84.626976
2017-05-01,84.364563
2017-05-02,84.614166
2017-05-03,84.571373
2017-05-04,84.407341
2017-05-05,84.435883
2017-05-08,84.286125
2017-05-09,84.300339
2017-05-10,84.414467
2017-05-11,84.457230
2017-05-12,84.885139
2017-05-15,84.878029
2017-05-16,84.999237
2017-05-17,85.519836
2017-05-18,85.505608
2017-05-19,85.555496
2017-05-22,85.484177
2017-05-23,85.220352
2017-05-24,85.355812
2017-05-25,85.391472
2017-05-26,85.455627
2017-05-30,85.655350
2017-05-31,85.755173
2017-06-01,85.773773
2017-06-02,86.174156
2017-06-05,85.931084
2017-06-06,86.181351
2017-06-07,86.074104
2017-06-08,85.923935
2017-06-09,85.838142
2017-06-12,85.859566
2017-06-13,85.952538
2017-06-14,86.538826
2017-06-15,86.331490
2017-06-16,86.402969
2017-06-19,86.295738
2017-06-20,86.488785
2017-06-21,86.531731
2017-06-22,86.603172
2017-06-23,86.646103
2017-06-26,86.803429
2017-06-27,86.410110
2017-06-28,86.503105
2017-06-29,86.238564
2017-06-30,86.167015
2017-07-03,85.980606
2017-07-05,86.124016
2017-07-06,85.901749
2017-07-07,85.830116
2017-07-10,85.973434
2017-07-11,86.009338
2017-07-12,86.389290
2017-07-13,86.238724
2017-07-14,86.439461
2017-07-17,86.518341
2017-07-18,86.891144
2017-07-19,86.862473
2017-07-20,86.941284
2017-07-21,87.142067
2017-07-24,87.041672
2017-07-25,86.525520
2017-07-26,86.812233
2017-07-27,86.597176
2017-07-28,86.826622
2017-07-31,86.826622
2017-08-01,87.141426
2017-08-02,87.004890
2017-08-03,87.127060
2017-08-04,86.789238
2017-08-07,86.810753
2017-08-08,86.393883
2017-08-09,86.480118
2017-08-10,86.451401
2017-08-11,86.609550
2017-08-14,86.552017
2017-08-15,86.451401
2017-08-16,86.695786
2017-08-17,86.782005
2017-08-18,86.724579
2017-08-21,86.846786
2017-08-22,86.760445
2017-08-23,87.091141
2017-08-24,86.925812
2017-08-25,87.127060
2017-08-28,87.127060
2017-08-29,87.191788
2017-08-30,87.263649
2017-08-31,87.414589
2017-09-01,87.068672
2017-09-05,87.609161
2017-09-06,87.299271
2017-09-07,87.638000
2017-09-08,87.378517
2017-09-11,87.111877
2017-09-12,87.018181
2017-09-13,86.931725
2017-09-14,87.147942
2017-09-15,87.219971
2017-09-18,87.133507
2017-09-19,87.183952
2017-09-20,87.075874
2017-09-21,87.075874
2017-09-22,87.191177
2017-09-25,87.515442
2017-09-26,87.501060
2017-09-27,87.162338
2017-09-28,87.292061
2017-09-29,87.371330
2017-10-02,87.452980
2017-10-03,87.648109
2017-10-04,87.597481
2017-10-05,87.474678
2017-10-06,87.402412
2017-10-09,87.474678
2017-10-10,87.532486
2017-10-11,87.489120
2017-10-12,87.510780
2017-10-13,87.857674
2017-10-16,87.734802
2017-10-17,87.720413
2017-10-18,87.590294
2017-10-19,87.720413
2017-10-20,87.481895
2017-10-23,87.568657
2017-10-24,87.351845
2017-10-25,87.120583
2017-10-26,87.113380
2017-10-27,87.373505
2017-10-30,87.662575
2017-10-31,87.539734
2017-11-01,87.678093
2017-11-02,87.663589
2017-11-03,87.765060
2017-11-06,87.786774
2017-11-07,87.714333
2017-11-08,87.598450
2017-11-09,87.366539
2017-11-10,86.866608
2017-11-13,86.881081
2017-11-14,86.902855
2017-11-15,87.272369
2017-11-16,87.170891
2017-11-17,87.279587
2017-11-20,87.279587
2017-11-21,87.569420
2017-11-22,87.910011
2017-11-24,87.808533
2017-11-27,87.757820
2017-11-28,87.880989
2017-11-29,87.533218
2017-11-30,87.431793
2017-12-01,87.702042
2017-12-04,87.840034
2017-12-05,88.007126
2017-12-06,88.174240
2017-12-07,87.999886
2017-12-08,87.890877
2017-12-11,87.956276
2017-12-12,87.890877
2017-12-13,88.196030
2017-12-14,88.355873
2017-12-15,88.479378
2017-12-18,88.217857
2017-12-19,87.767372
2017-12-20,87.534920
2017-12-21,87.770805
2017-12-22,87.836342
2017-12-26,87.952782
2017-12-27,88.440582
2017-12-28,88.382339
2017-12-29,88.498871
2018-01-02,87.909119
2018-01-03,88.069275
2018-01-04,88.040146
2018-01-05,88.011093
2018-01-08,88.003769
2018-01-09,87.683472
2018-01-10,87.741684
2018-01-11,87.952782
2018-01-12,87.967361
2018-01-16,88.047447
2018-01-17,87.807236
2018-01-18,87.465042
2018-01-19,87.195618
2018-01-22,87.115593
2018-01-23,87.494118
2018-01-24,87.435898
2018-01-25,87.879967
2018-01-26,87.763542
2018-01-29,87.530563
2018-01-30,87.232063
2018-01-31,87.414085
2018-02-01,87.027908
2018-02-02,86.582634
2018-02-05,86.633720
2018-02-06,86.458527
2018-02-07,86.217636
2018-02-08,85.845360
2018-02-09,85.567955
2018-02-12,85.567955
2018-02-13,85.538757
2018-02-14,85.224869
2018-02-15,85.626328
2018-02-16,85.881828
2018-02-20,85.516838
2018-02-21,85.049683
2018-02-22,85.166451
2018-02-23,85.560638
2018-02-26,85.670181
2018-02-27,85.297867
2018-02-28,85.458473
2018-03-01,85.370567
2018-03-02,85.099754
2018-03-05,85.070480
2018-03-06,85.143669
2018-03-07,85.114441
2018-03-08,85.282768
2018-03-09,84.982613
2018-03-12,85.092415
2018-03-13,85.099754
2018-03-14,85.290077
2018-03-15,85.377937
2018-03-16,85.473145
2018-03-19,85.187622
2018-03-20,84.887459
2018-03-21,84.836235
2018-03-22,84.982613
2018-03-23,84.711792
2018-03-26,85.011894
2018-03-27,85.319412
2018-03-28,85.546288
2018-03-29,85.934288
2018-04-02,85.888039
2018-04-03,85.660439
2018-04-04,85.660439
2018-04-05,85.689819
2018-04-06,85.946770
2018-04-09,85.990807
2018-04-10,86.012848
2018-04-11,86.071579
2018-04-12,85.836670
2018-04-13,85.865982
2018-04-16,85.873352
2018-04-17,85.880699
2018-04-18,85.440186
2018-04-19,85.117203
2018-04-20,84.772118
2018-04-23,84.735428
2018-04-24,84.485847
2018-04-25,84.221497
2018-04-26,84.471123
2018-04-27,84.662010
2018-04-30,84.588570
2018-05-01,84.359619
2018-05-02,84.293358
2018-05-03,84.308113
2018-05-04,84.425865
2018-05-07,84.330177
2018-05-08,84.300720
2018-05-09,84.285988
2018-05-10,84.713005
2018-05-11,84.860291
2018-05-14,84.705688
2018-05-15,84.065132
2018-05-16,83.954674
2018-05-17,83.792694
2018-05-18,84.138733
2018-05-21,84.190308
2018-05-22,84.101944
2018-05-23,84.462669
2018-05-24,84.698257
2018-05-25,84.948616
2018-05-29,85.397766
2018-05-30,85.066414
2018-05-31,85.029610
2018-06-01,84.866402
2018-06-04,84.674393
2018-06-05,84.733482
2018-06-06,84.423248
2018-06-07,84.703918
2018-06-08,84.563591
2018-06-11,84.482376
2018-06-12,84.489716
2018-06-13,84.408485
2018-06-14,84.792534
2018-06-15,84.674393
2018-06-18,84.585770
2018-06-19,84.630074
2018-06-20,84.157425
2018-06-21,84.090927
2018-06-22,84.194305
2018-06-25,84.113068
2018-06-26,84.393715
2018-06-27,84.681770
2018-06-28,84.570946
2018-06-29,84.615311
2018-07-02,84.626381
2018-07-03,84.937531
2018-07-05,85.204216
2018-07-06,85.322754
2018-07-09,85.381996
2018-07-10,85.285690
2018-07-11,85.456055
2018-07-12,85.641296
2018-07-13,85.707932
2018-07-16,85.567184
2018-07-17,85.507904
2018-07-18,85.493103
2018-07-19,85.626450
2018-07-20,85.374588
2018-07-23,85.033836
2018-07-24,85.300529
2018-07-25,85.411644
2018-07-26,85.493103
2018-07-27,85.604233
2018-07-30,85.485672
2018-07-31,85.752388
2018-08-01,85.449997
2018-08-02,85.554016
2018-08-03,85.821472
2018-08-06,85.903221
2018-08-07,85.635727
2018-08-08,85.502029
2018-08-09,85.568848
2018-08-10,85.710030
2018-08-13,85.687737
2018-08-14,85.799210
2018-08-15,85.977509
2018-08-16,86.088943
2018-08-17,86.163254
2018-08-20,86.386124
2018-08-21,86.170685
2018-08-22,86.163254
2018-08-23,86.192986
2018-08-24,86.363846
2018-08-27,86.230103
2018-08-28,85.903221
2018-08-29,85.814034
2018-08-30,85.895790
2018-08-31,85.769463
2018-09-04,85.611450
2018-09-05,85.559326
2018-09-06,85.797775
2018-09-07,85.440094
2018-09-10,85.723259
2018-09-11,85.529488
2018-09-12,85.700943
2018-09-13,85.879753
2018-09-14,85.775406
2018-09-17,85.723259
2018-09-18,85.372971
2018-09-19,85.246338
2018-09-20,85.469887
2018-09-21,85.484810
2018-09-24,85.291023
2018-09-25,85.291023
2018-09-26,85.596542
2018-09-27,85.708374
2018-09-28,85.648758
2018-10-01,85.530655
2018-10-02,85.605347
2018-10-03,85.104553
2018-10-04,84.753220
2018-10-05,84.424316
2018-10-08,84.334610
2018-10-09,84.573792
2018-10-10,84.342087
2018-10-11,84.693466
2018-10-12,84.708344
2018-10-15,84.551407
2018-10-16,84.768150
2018-10-17,84.349533
2018-10-18,84.349533
2018-10-19,84.244942
2018-10-22,84.140236
2018-10-23,84.259880
2018-10-24,84.379463
2018-10-25,84.274803
2018-10-26,84.416809
2018-10-29,84.319687
2018-10-30,84.132782
2018-10-31,83.893608
2018-11-01,84.147842
2018-11-02,83.810303
2018-11-05,83.960312
2018-11-06,84.102821
2018-11-07,84.320305
2018-11-08,84.072800
2018-11-09,84.132805
2018-11-12,84.125336
2018-11-13,84.012802
2018-11-14,83.787819
2018-11-15,83.630333
2018-11-16,83.795319
2018-11-19,83.712814
2018-11-20,83.510330
2018-11-21,83.690308
2018-11-23,83.727814
2018-11-26,83.765320
2018-11-27,83.660309
2018-11-28,83.885292
2018-11-29,83.645332
2018-11-30,83.592827
2018-12-03,83.903557
2018-12-04,83.918625
2018-12-06,84.174408
2018-12-07,84.181915
2018-12-10,84.437737
2018-12-11,84.588211
2018-12-12,84.678520
2018-12-13,84.904213
2018-12-14,84.813942
2018-12-17,84.904213
2018-12-18,85.207573
2018-12-19,85.139709
2018-12-20,84.860451
2018-12-21,84.777397
2018-12-24,84.581169
2018-12-26,84.513260
2018-12-27,84.513260
2018-12-28,84.913277
2018-12-31,85.147224
2019-01-02,85.411354
2019-01-03,85.449135
2019-01-04,85.396278
2019-01-07,85.403870
2019-01-08,85.592484
2019-01-09,85.917000
2019-01-10,85.690598
2019-01-11,85.849106
2019-01-14,85.622688
2019-01-15,85.675537
2019-01-16,85.841568
2019-01-17,86.015121
2019-01-18,86.166092
2019-01-22,86.309471
2019-01-23,86.528343
2019-01-24,86.754799
2019-01-25,86.830292
2019-01-28,86.815170
2019-01-29,87.003845
2019-01-30,87.403839
2019-01-31,88.015152
2019-02-01,87.805443
2019-02-04,87.684357
2019-02-05,88.040123
2019-02-06,87.873558
2019-02-07,87.858475
2019-02-08,88.077980
2019-02-11,87.881149
2019-02-12,88.002243
2019-02-13,87.775177
2019-02-14,87.873558
2019-02-15,87.979561
2019-02-19,88.032532
2019-02-20,87.956871
2019-02-21,87.707054
2019-02-22,88.100670
2019-02-25,88.070381
2019-02-26,88.206673
2019-02-27,87.956871
2019-02-28,87.835762
2019-03-01,87.682335
2019-03-04,87.879799
2019-03-05,87.910133
2019-03-06,87.993698
2019-03-07,88.282234
2019-03-08,88.396156
2019-03-11,88.494858
2019-03-12,88.737854
2019-03-13,88.593590
2019-03-14,88.418968
2019-03-15,88.737854
2019-03-18,88.692291
2019-03-19,88.707481
2019-03-20,89.307381
2019-03-21,89.474419
2019-03-22,90.021187
2019-03-25,90.203400
2019-03-26,90.241364
2019-03-27,90.362885
2019-03-28,90.476761
2019-03-29,90.408440
2019-04-01,90.071793
2019-04-02,90.193611
2019-04-03,90.003220
2019-04-04,90.147919
2019-04-05,90.292656
2019-04-08,90.163147
2019-04-09,90.353554
2019-04-10,90.795326
2019-04-11,90.703911
2019-04-12,90.650620
2019-04-15,90.505936
2019-04-16,90.254578
2019-04-17,90.239357
2019-04-18,90.315498
2019-04-22,90.170799
2019-04-23,90.543991
2019-04-24,90.848618
2019-04-25,90.802925
2019-04-26,91.122841
2019-04-29,90.764862
2019-04-30,90.802925
2019-05-01,90.773933
2019-05-02,90.445435
2019-05-03,90.850304
2019-05-06,90.972527
2019-05-07,90.964912
2019-05-08,90.659340
2019-05-09,90.743355
2019-05-10,90.796814
2019-05-13,90.850304
2019-05-14,90.980148
2019-05-15,91.232292
2019-05-16,91.087120
2019-05-17,91.094742
2019-05-20,90.880898
2019-05-21,90.957260
2019-05-22,91.071838
2019-05-23,91.270477
2019-05-24,91.461426
2019-05-28,91.522545
2019-05-29,91.560715
2019-05-30,92.087868
2019-05-31,92.301735
2019-06-03,92.586006
2019-06-04,92.616661
2019-06-05,92.555344
2019-06-06,92.731560
2019-06-07,93.145340
2019-06-10,92.808197
2019-06-11,92.892494
2019-06-12,93.030403
2019-06-13,93.267937
2019-06-14,93.306305
2019-06-17,93.352249
2019-06-18,93.972916
2019-06-19,94.570564
2019-06-20,95.083969
2019-06-21,94.739151
2019-06-24,94.976692
2019-06-25,94.693176
2019-06-26,94.501602
2019-06-27,95.053314
2019-06-28,95.298546
2019-07-01,95.479073
2019-07-02,95.740356
2019-07-03,96.001633
2019-07-05,95.156387
2019-07-08,95.025711
2019-07-09,94.825951
2019-07-10,95.041092
2019-07-11,94.480103
2019-07-12,94.572388
2019-07-15,94.733719
2019-07-16,94.533936
2019-07-17,95.033432
2019-07-18,95.256241
2019-07-19,95.110252
2019-07-22,95.402260
2019-07-23,95.456078
2019-07-24,95.725021
2019-07-25,95.417603
2019-07-26,95.548264
2019-07-29,95.486771
2019-07-30,95.456078
2019-07-31,95.540558
2019-08-01,96.317322
2019-08-02,96.417526
2019-08-05,96.486855
2019-08-06,97.087959
2019-08-07,97.072517
2019-08-08,97.334518
2019-08-09,97.049423
2019-08-12,97.658203
2019-08-13,97.581123
2019-08-14,97.866257
2019-08-15,98.344009
2019-08-16,98.521233
2019-08-19,98.197617
2019-08-20,98.767883
2019-08-21,98.945099
2019-08-22,98.582909
2019-08-23,98.945099
2019-08-26,98.952797
2019-08-27,99.484528
2019-08-28,99.484528
2019-08-29,99.268738
2019-08-30,99.253342
2019-09-03,99.159866
2019-09-04,99.345284
2019-09-05,98.618935
2019-09-06,98.974380
2019-09-09,98.248055
2019-09-10,97.421288
2019-09-11,97.343979
2019-09-12,97.212662
2019-09-13,96.339508
2019-09-16,96.826309
2019-09-17,97.073563
2019-09-18,97.313103
2019-09-19,97.591293
2019-09-20,98.263504
2019-09-23,98.193954
2019-09-24,98.503059
2019-09-25,97.946671
2019-09-26,98.155304
2019-09-27,98.178520
2019-09-30,98.503059
2019-10-01,98.616173
2019-10-02,98.577438
2019-10-03,98.964775
2019-10-04,99.375381
2019-10-07,98.871826
2019-10-08,98.786621
2019-10-09,98.825363
2019-10-10,98.244278
2019-10-11,98.066086
2019-10-14,98.391502
2019-10-15,98.128105
2019-10-16,98.236542
2019-10-17,98.375969
2019-10-18,98.499954
2019-10-21,98.275230
2019-10-22,98.445702
2019-10-23,98.499954
2019-10-24,98.716850
2019-10-25,98.546425
2019-10-28,98.252029
2019-10-29,97.996361
2019-10-30,98.345016
2019-10-31,98.941536
2019-11-01,99.038651
2019-11-04,98.572556
2019-11-05,98.005440
2019-11-06,98.557007
2019-11-07,97.787949
2019-11-08,97.655884
2019-11-11,97.686951
2019-11-12,97.780182
2019-11-13,98.013222
2019-11-14,98.525948
2019-11-15,98.541458
2019-11-18,98.650246
2019-11-19,98.844467
2019-11-20,98.984261
2019-11-21,98.751244
2019-11-22,99.023155
2019-11-25,99.364922
2019-11-26,99.621292
2019-11-27,99.613533
2019-11-29,99.411552
2019-12-02,98.980019
2019-12-03,99.743355
2019-12-04,99.610947
2019-12-05,99.501862
2019-12-06,99.447365
2019-12-09,99.431808
2019-12-10,99.431808
2019-12-11,99.821259
2019-12-12,99.361671
2019-12-13,100.008240
2019-12-16,99.782318
2019-12-17,99.704453
2019-12-18,99.634354
2019-12-19,99.732704
2019-12-20,99.701477
2019-12-23,99.748375
2019-12-24,99.849854
2019-12-26,100.029503
2019-12-27,100.170067
2019-12-30,100.349670
2019-12-31,99.935791
2020-01-02,100.146629
2020-01-03,100.490295
2020-01-06,100.154472
2020-01-07,99.896744
2020-01-08,99.756165
2020-01-09,100.232567
2020-01-10,100.513725
2020-01-13,100.271614
2020-01-14,100.396538
2020-01-15,100.615288
2020-01-16,100.755806
2020-01-17,100.740196
2020-01-21,101.224442
2020-01-22,101.279091
2020-01-23,101.411850
2020-01-24,101.583687
2020-01-27,101.778908
2020-01-28,101.724236
2020-01-29,102.052238
2020-01-30,102.114754
2020-01-31,102.380287
2020-02-03,102.299614
2020-02-04,102.049103
2020-02-05,101.986412
2020-02-06,101.939430
2020-02-07,102.330963
2020-02-10,102.573700
2020-02-11,102.424904
2020-02-12,102.377953
2020-02-13,102.307465
2020-02-14,102.558022
2020-02-18,102.753777
2020-02-19,102.612869
2020-02-20,102.957375
2020-02-21,103.160965
2020-02-24,103.176628
2020-02-25,103.278374
2020-02-26,102.894722
2020-02-27,102.346619
2020-02-28,103.497620
2020-03-02,103.394783
2020-03-03,104.572426
2020-03-04,104.721565
2020-03-05,104.682327
2020-03-06,105.412483
2020-03-09,102.853065
2020-03-10,100.537132
2020-03-11,97.231918
2020-03-12,92.592110
2020-03-13,96.603874
2020-03-16,95.229965
2020-03-17,91.328133
2020-03-18,86.759010
2020-03-19,82.472466
2020-03-20,83.799217
2020-03-23,89.993492
2020-03-24,91.838448
2020-03-25,96.234894
2020-03-26,96.313377
2020-03-27,96.117119
2020-03-30,97.286858
2020-03-31,96.964996
2020-04-01,95.556168
2020-04-02,95.808022
2020-04-03,95.312172
2020-04-06,97.193230
2020-04-07,97.342796
2020-04-08,99.097923
2020-04-09,103.757286
2020-04-13,102.749863
2020-04-14,102.246109
2020-04-15,102.930862
2020-04-16,102.419289
2020-04-17,102.757706
2020-04-20,102.175293
2020-04-21,101.813248
2020-04-22,101.876205
2020-04-23,102.309082
2020-04-24,102.238274
2020-04-27,101.411835
2020-04-28,101.687340
2020-04-29,102.356300
2020-04-30,101.663696
2020-05-01,101.261322
2020-05-04,101.419113
2020-05-05,101.284973
2020-05-06,100.148804
2020-05-07,100.417068
2020-05-08,99.935791
2020-05-11,99.059967
2020-05-12,100.014687
2020-05-13,100.243500
2020-05-14,101.071960
2020-05-15,101.426987
2020-05-18,102.002960
2020-05-19,102.081856
2020-05-20,103.202263
2020-05-21,103.123367
2020-05-22,103.123367
2020-05-26,102.981323
2020-05-27,103.407387
2020-05-28,103.494202
2020-05-29,104.164871
2020-06-01,104.118980
2020-06-02,104.451187
2020-06-03,104.387917
2020-06-04,104.071518
2020-06-05,104.609360
2020-06-08,104.957375
2020-06-09,104.735901
2020-06-10,105.423988
2020-06-11,104.166451
2020-06-12,104.672630
2020-06-15,106.159615
2020-06-16,105.866936
2020-06-17,105.661316
2020-06-18,105.898575
2020-06-19,105.977707
2020-06-22,105.874870
2020-06-23,105.677124
2020-06-24,105.384521
2020-06-25,105.495224
2020-06-26,105.590118
2020-06-29,106.080498
2020-06-30,106.381088
2020-07-01,106.801216
2020-07-02,107.062881
2020-07-06,107.340294
2020-07-07,107.482994
2020-07-08,107.308601
2020-07-09,107.911118
2020-07-10,107.712906
2020-07-13,107.427483
2020-07-14,108.053780
2020-07-15,108.267853
2020-07-16,108.569092
2020-07-17,108.862389
2020-07-20,109.163681
2020-07-21,109.306389
2020-07-22,109.663094
2020-07-23,109.742378
2020-07-24,109.496613
2020-07-27,109.163681
2020-07-28,109.052689
2020-07-29,109.647270
2020-07-30,109.528381
2020-07-31,109.678970
2020-08-03,109.825989
2020-08-04,110.231155
2020-08-05,110.080170
2020-08-06,110.548943
2020-08-07,110.239059
2020-08-10,110.000755
2020-08-11,109.309555
2020-08-12,109.039398
2020-08-13,108.054314
2020-08-14,107.577629
2020-08-17,107.800087
2020-08-18,108.109924
2020-08-19,107.823944
2020-08-20,108.205292
2020-08-21,108.403809
2020-08-24,108.213196
2020-08-25,107.744469
2020-08-26,107.784180
2020-08-27,106.926155
2020-08-28,107.251877
2020-08-31,107.728569
2020-09-01,108.409332
2020-09-02,108.839279
2020-09-03,108.600388
2020-09-04,107.445892
2020-09-08,107.549431
2020-09-09,107.621086
2020-09-10,107.700722
2020-09-11,107.780327
2020-09-14,108.051018
2020-09-15,108.170479
2020-09-16,108.242111
2020-09-17,108.266022
2020-09-18,108.066933
2020-09-21,107.963448
2020-09-22,108.027122
2020-09-23,107.246849
2020-09-24,106.976173
2020-09-25,106.864716
2020-09-28,107.406090
2020-09-29,107.270737
2020-09-30,107.254852
2020-10-01,107.553238
2020-10-02,107.569244
2020-10-05,107.210129
2020-10-06,107.122398
2020-10-07,107.154305
2020-10-08,107.417610
2020-10-09,107.664955
2020-10-12,108.287361
2020-10-13,108.183609
2020-10-14,108.287361
2020-10-15,108.175659
2020-10-16,107.992111
2020-10-19,107.784676
2020-10-20,107.561241
2020-10-21,107.385681
2020-10-22,107.146347
2020-10-23,107.417610
2020-10-26,107.641037
2020-10-27,108.079910
2020-10-28,107.545296
2020-10-29,107.266006
2020-10-30,106.707436
2020-11-02,107.125671
2020-11-03,107.229675
2020-11-04,108.836876
2020-11-05,109.244675
2020-11-06,108.900826
2020-11-09,108.077232
2020-11-10,107.797371
2020-11-11,107.997261
2020-11-12,108.429031
2020-11-13,108.557037
2020-11-16,108.908859
2020-11-17,109.260643
2020-11-18,109.492538
2020-11-19,110.100281
2020-11-20,110.004303
2020-11-23,110.140236
2020-11-24,109.892372
2020-11-25,109.956261
2020-11-27,110.348167
2020-11-30,110.731949
2020-12-01,110.312080
2020-12-02,109.943535
2020-12-03,110.376228
2020-12-04,109.767296
2020-12-07,109.863441
2020-12-08,109.735229
2020-12-09,109.334648
2020-12-10,109.879433
2020-12-11,109.991638
2020-12-14,109.911522
2020-12-15,110.127884
2020-12-16,110.039726
2020-12-17,110.200256
2020-12-18,110.119987
2020-12-21,109.903214
2020-12-22,110.208305
2020-12-23,110.232399
2020-12-24,110.609756
2020-12-28,110.682030
2020-12-29,110.730125
2020-12-30,110.874702
2020-12-31,110.898766
2021-01-04,110.336769
2021-01-05,109.983528
2021-01-06,109.092346
2021-01-07,109.076286
2021-01-08,108.996017
2021-01-11,108.530327
2021-01-12,108.763199
2021-01-13,109.606201
2021-01-14,109.132477
2021-01-15,109.301056
2021-01-19,109.493820
2021-01-20,109.461624
2021-01-21,109.028130
2021-01-22,108.947815
2021-01-25,109.413528
2021-01-26,109.405487
2021-01-27,109.212746
2021-01-28,109.036118
2021-01-29,108.867569
2021-02-01,109.082314
2021-02-02,108.792770
2021-02-03,108.535316
2021-02-04,108.720337
2021-02-05,108.430763
2021-02-08,108.897285
2021-02-09,108.728386
2021-02-10,108.985786
2021-02-11,108.696198
2021-02-12,108.342232
2021-02-16,107.578003
2021-02-17,108.116974
2021-02-18,107.907852
2021-02-19,107.127510
2021-02-22,106.459862
2021-02-23,106.540260
2021-02-24,106.701202
2021-02-25,105.011848
2021-02-26,106.403549
2021-03-01,106.507530
2021-03-02,106.386604
2021-03-03,105.596649
2021-03-04,104.734138
2021-03-05,104.597107
2021-03-08,103.621750
2021-03-09,104.403671
2021-03-10,104.895409
2021-03-11,104.959831
2021-03-12,103.750717
2021-03-15,104.105408
2021-03-16,104.032845
2021-03-17,104.129578
2021-03-18,103.533035
2021-03-19,103.686249
2021-03-22,104.057045
2021-03-23,104.363365
2021-03-24,104.677711
2021-03-25,104.556801
2021-03-26,104.484245
2021-03-29,104.234383
2021-03-30,104.556801
2021-03-31,104.830849
2021-04-01,105.488281
2021-04-05,104.971405
2021-04-06,105.674057
2021-04-07,105.464081
2021-04-08,105.851738
2021-04-09,105.633659
2021-04-12,105.609436
2021-04-13,106.077896
2021-04-14,105.932533
2021-04-15,106.586746
2021-04-16,105.859825
2021-04-19,105.585258
2021-04-20,105.787140
2021-04-21,106.150536
2021-04-22,106.255516
2021-04-23,106.344429
2021-04-26,106.295982
2021-04-27,105.819481
2021-04-28,105.835587
2021-04-29,105.706367
2021-04-30,105.924438
2021-05-03,106.179375
2021-05-04,106.244072
2021-05-05,106.373550
2021-05-06,106.575836
2021-05-07,106.616318
2021-05-10,106.041740
2021-05-11,105.653358
2021-05-12,105.078804
2021-05-13,105.475311
2021-05-14,106.049881
2021-05-17,105.928459
2021-05-18,105.580528
2021-05-19,105.394424
2021-05-20,106.114624
2021-05-21,106.187462
2021-05-24,106.478767
2021-05-25,106.875313
2021-05-26,106.818634
2021-05-27,106.494965
2021-05-28,106.583977
2021-06-01,106.597755
2021-06-02,106.768036
2021-06-03,106.346390
2021-06-04,107.100426
2021-06-07,107.011261
2021-06-08,107.416664
2021-06-09,107.805885
2021-06-10,108.292343
2021-06-11,108.381546
2021-06-14,107.984200
2021-06-15,108.065353
2021-06-16,107.757233
2021-06-17,108.357224
2021-06-18,108.924782
2021-06-21,108.292343
2021-06-22,108.470749
2021-06-23,108.300461
2021-06-24,108.511261
2021-06-25,108.227478
2021-06-28,108.689659
2021-06-29,108.819389
2021-06-30,108.941002
2021-07-01,108.845932
2021-07-02,109.154633
2021-07-06,109.552704
2021-07-07,109.926384
2021-07-08,109.983253
2021-07-09,109.520210
2021-07-12,109.463341
2021-07-13,109.057152
2021-07-14,109.560814
2021-07-15,109.796379
2021-07-16,109.642082
2021-07-19,110.430046
2021-07-20,110.275711
2021-07-21,109.885750
2021-07-22,110.340660
2021-07-23,110.291939
2021-07-26,110.048241
2021-07-27,110.519402
2021-07-28,110.714333
2021-07-29,110.397552
2021-07-30,110.486900
2021-08-02,110.806679
2021-08-03,110.920662
2021-08-04,110.945045
2021-08-05,110.489365
2021-08-06,109.585991
2021-08-09,109.114029
2021-08-10,108.869926
2021-08-11,109.040741
2021-08-12,109.195366
2021-08-13,109.927811
2021-08-16,109.992928
2021-08-17,109.797615
2021-08-18,109.724411
2021-08-19,109.976654
2021-08-20,110.049873
2021-08-23,110.131287
2021-08-24,109.878975
2021-08-25,109.594139
2021-08-26,109.561577
2021-08-27,110.171936
2021-08-30,110.359116
2021-08-31,110.106895
2021-09-01,110.248718
2021-09-02,110.444336
2021-09-03,110.044876
2021-09-07,109.523209
2021-09-08,109.873726
2021-09-09,110.591072
2021-09-10,110.273117
2021-09-13,110.542168
2021-09-14,110.876434
2021-09-15,110.745987
2021-09-16,110.591072
2021-09-17,110.346542
2021-09-20,110.688927
2021-09-21,110.680771
2021-09-22,110.990501
2021-09-23,110.224258
2021-09-24,109.987823
2021-09-27,109.930771
2021-09-28,108.756897
2021-09-29,108.732437
2021-09-30,108.447083
2021-10-01,109.235306
2021-10-04,109.055565
2021-10-05,108.606407
2021-10-06,108.639076
2021-10-07,108.157143
2021-10-08,107.658897
2021-10-11,107.454727
2021-10-12,108.140816
2021-10-13,108.688057
2021-10-14,109.202583
2021-10-15,108.810547
2021-10-18,108.720688
2021-10-19,108.124466
2021-10-20,107.863106
2021-10-21,107.634415
2021-10-22,108.067276
2021-10-25,108.116318
2021-10-26,108.581863
2021-10-27,109.243469
2021-10-28,109.080055
2021-10-29,109.022896
2021-11-01,108.828148
2021-11-02,109.245537
2021-11-03,108.967262
2021-11-04,109.540115
2021-11-05,110.342155
2021-11-08,110.088463
2021-11-09,110.383072
2021-11-10,109.253693
2021-11-11,108.942711
2021-11-12,108.828148
2021-11-15,108.001610
2021-11-16,107.821533
2021-11-17,108.255272
2021-11-18,108.500809
2021-11-19,108.910019
2021-11-22,107.960648
2021-11-23,107.191406
2021-11-24,107.706955
2021-11-26,108.582626
2021-11-29,108.656296
2021-11-30,108.893585
2021-12-01,108.909195
2021-12-02,109.163345
2021-12-03,110.073380
2021-12-06,109.515884
2021-12-07,109.565109
2021-12-08,108.835434
2021-12-09,108.745216
2021-12-10,108.868187
2021-12-13,109.360138
2021-12-14,108.868187
2021-12-15,109.007568
2021-12-16,109.004303
2021-12-17,109.258957
2021-12-20,108.782516
2021-12-21,108.996101
2021-12-22,109.168579
2021-12-23,109.004303
2021-12-27,109.324608
2021-12-28,109.185005
2021-12-29,108.585350
2021-12-30,109.020706
2021-12-31,108.856438
2022-01-03,107.698196
2022-01-04,107.788536
2022-01-05,107.156052
2022-01-06,107.016434
2022-01-07,106.556435
2022-01-10,106.457870
2022-01-11,106.778183
2022-01-12,106.704269
2022-01-13,107.041046
2022-01-14,106.096428
2022-01-18,105.086052
2022-01-19,105.250343
2022-01-20,105.192833
2022-01-21,105.882858
2022-01-24,105.554283
2022-01-25,105.258560
2022-01-26,104.543884
2022-01-27,104.782127
2022-01-28,104.897110
2022-01-31,104.946404
2022-02-01,105.120903
2022-02-02,105.129128
2022-02-03,104.281425
2022-02-04,103.244492
2022-02-07,103.433739
2022-02-08,103.046944
2022-02-09,103.392624
2022-02-10,101.985275
2022-02-11,102.742439
2022-02-14,101.828911
2022-02-15,101.318657
2022-02-16,101.466789
2022-02-17,101.540855
2022-02-18,101.787773
2022-02-22,101.656090
2022-02-23,100.734329
2022-02-24,101.211670
2022-02-25,101.623184
2022-02-28,102.709488
2022-03-01,103.060806
2022-03-02,101.493942
2022-03-03,101.865044
2022-03-04,101.963989
2022-03-07,100.726974
2022-03-08,100.124977
2022-03-09,100.298134
2022-03-10,99.151810
2022-03-11,99.110611
2022-03-14,97.675644
2022-03-15,98.442612
2022-03-16,99.283783
2022-03-17,100.256912
2022-03-18,100.454834
2022-03-21,99.061104
2022-03-22,98.821953
2022-03-23,99.102356
2022-03-24,99.143578
2022-03-25,98.360130
2022-03-28,98.904442
2022-03-29,99.737343
2022-03-30,99.968269
2022-03-31,99.737343
2022-04-01,100.072060
2022-04-04,100.419144
2022-04-05,98.658875
2022-04-06,98.080376
2022-04-07,97.625832
2022-04-08,96.857246
2022-04-11,95.915131
2022-04-12,95.981255
2022-04-13,96.477104
2022-04-14,95.353111
2022-04-18,94.625916
2022-04-19,93.873848
2022-04-20,94.849037
2022-04-21,93.840790
2022-04-22,93.733353
2022-04-25,94.774620
2022-04-26,94.725090
2022-04-27,93.816010
2022-04-28,94.096970
2022-04-29,93.055664
2022-05-02,92.504028
2022-05-03,93.100418
2022-05-04,94.011536
2022-05-05,92.570297
2022-05-06,91.783409
2022-05-09,92.106491
2022-05-10,92.495766
2022-05-11,92.926491
2022-05-12,92.967873
2022-05-13,92.479218
2022-05-16,92.603439
2022-05-17,92.073341
2022-05-18,92.412926
2022-05-19,92.661430
2022-05-20,93.117012
2022-05-23,92.785645
2022-05-24,94.003250
2022-05-25,94.972374
2022-05-26,94.997223
2022-05-27,95.494194
2022-05-31,94.790146
2022-06-01,94.237160
2022-06-02,94.278687
2022-06-03,93.979774
2022-06-06,93.315552
2022-06-07,93.813713
2022-06-08,93.274025
2022-06-09,92.659607
2022-06-10,91.762939
2022-06-13,89.645721
2022-06-14,89.180740
2022-06-15,90.575638
2022-06-16,90.675270
2022-06-17,90.857918
2022-06-21,89.944626
2022-06-22,90.600517
2022-06-23,91.297935
2022-06-24,91.405869
2022-06-27,90.567307
2022-06-28,90.542435
2022-06-29,91.082077
2022-06-30,91.356064
2022-07-01,92.510803
2022-07-05,92.485847
2022-07-06,92.027946
2022-07-07,92.019592
2022-07-08,91.869766
2022-07-11,92.127838
2022-07-12,92.261032
2022-07-13,92.952072
2022-07-14,92.360931
2022-07-15,93.101906
2022-07-18,92.452515
2022-07-19,92.710617
2022-07-20,92.610710
2022-07-21,93.876152
2022-07-22,94.600441
2022-07-25,93.801254
2022-07-26,93.784584
2022-07-27,94.408981
2022-07-28,95.191536
2022-07-29,95.416336
2022-08-01,95.604927
2022-08-02,94.436607
2022-08-03,95.463074
2022-08-04,95.613297
2022-08-05,94.319748
2022-08-08,94.695290
2022-08-09,94.269661
2022-08-10,95.162643
2022-08-11,94.244667
2022-08-12,95.337883
2022-08-15,95.271118
2022-08-16,94.903923
2022-08-17,94.010971
2022-08-18,94.252968
2022-08-19,93.134674
2022-08-22,92.508766
2022-08-23,92.608955
2022-08-24,92.333534
2022-08-25,93.284935
2022-08-26,92.725761
2022-08-29,92.041458
2022-08-30,92.158302
2022-08-31,91.190216
2022-09-01,90.641228
2022-09-02,90.708191
2022-09-06,89.477997
2022-09-07,90.699814
2022-09-08,90.490578
2022-09-09,90.699814
2022-09-12,90.498985
2022-09-13,89.846214
2022-09-14,90.273003
2022-09-15,89.837830
2022-09-16,89.628616
2022-09-19,89.779266
2022-09-20,88.883812
2022-09-21,89.218567
2022-09-22,87.963234
2022-09-23,87.712204
2022-09-26,86.189102
2022-09-27,84.891960
2022-09-28,86.599182
2022-09-29,85.954758
2022-09-30,85.737198
2022-10-03,87.323265
2022-10-04,87.726303
2022-10-05,87.063026
2022-10-06,86.861473
2022-10-07,85.996635
2022-10-10,85.224182
2022-10-11,85.047813
2022-10-12,84.947075
2022-10-13,85.098228
2022-10-14,84.283737
2022-10-17,84.686775
2022-10-18,85.190567
2022-10-19,84.023453
2022-10-20,83.292976
2022-10-21,83.528069
2022-10-24,83.486092
2022-10-25,84.602837
2022-10-26,84.989075
2022-10-27,85.383713
2022-10-28,85.560020
2022-10-31,85.098228
2022-11-01,85.710487
2022-11-02,85.297836
2022-11-03,84.994652
2022-11-04,85.163086
2022-11-07,84.851463
2022-11-08,85.205147
2022-11-09,84.986206
2022-11-10,87.832863
2022-11-11,88.068642
2022-11-14,87.622307
2022-11-15,88.843475
2022-11-16,89.601471
2022-11-17,89.121422
2022-11-18,89.112976
2022-11-21,88.978195
2022-11-22,89.769875
2022-11-23,90.671043
2022-11-25,90.763664
2022-11-28,90.106766
2022-11-29,89.660378
2022-11-30,90.755249
2022-12-01,91.890808
2022-12-02,92.448425
2022-12-05,91.662697
2022-12-06,91.941498
2022-12-07,92.963821
2022-12-08,92.668106
2022-12-09,91.975273
2022-12-12,91.857010
2022-12-13,92.659660
2022-12-14,92.744156
2022-12-15,92.822105
2022-12-16,92.423805
2022-12-19,91.491615
2022-12-20,90.415329
2022-12-21,91.033981
2022-12-22,91.008537
2022-12-23,90.728882
2022-12-27,89.559418
2022-12-28,89.279716
2022-12-29,89.915329
2022-12-30,89.347542
2023-01-03,89.966171
2023-01-04,90.618759
2023-01-05,90.550911
2023-01-06,92.033943
2023-01-09,92.398399
2023-01-10,92.084808
2023-01-11,92.872978
2023-01-12,93.923813
2023-01-13,93.618736
2023-01-17,93.279724
2023-01-18,94.372948
2023-01-19,94.178047
2023-01-20,93.686523
2023-01-23,93.415352
2023-01-24,93.906860
2023-01-25,93.949249
2023-01-26,93.915321
2023-01-27,93.644127
2023-01-30,93.288231
2023-01-31,93.957718
2023-02-01,94.911530
2023-02-02,95.047531
2023-02-03,93.967918
2023-02-06,93.245338
2023-02-07,92.939331
2023-02-08,93.032845
2023-02-09,92.250763
2023-02-10,91.604706
2023-02-13,91.944740
2023-02-14,91.715195
2023-02-15,91.366684
2023-02-16,90.635605
2023-02-17,90.992630
2023-02-21,89.700516
2023-02-22,89.955536
2023-02-23,90.661102
2023-02-24,89.981018
2023-02-27,90.006538
2023-02-28,90.040527
2023-03-01,89.479218
2023-03-02,89.555977
2023-03-03,90.571144
2023-03-06,90.323769
2023-03-07,90.067833
2023-03-08,89.922821
2023-03-09,89.837509
2023-03-10,91.125648
2023-03-13,91.202446
2023-03-14,90.929443
2023-03-15,91.799576
2023-03-16,91.663109
2023-03-17,92.123749
2023-03-20,91.850761
2023-03-21,92.294380
2023-03-22,92.831825
2023-03-23,93.096245
2023-03-24,93.386322
2023-03-27,92.268791
2023-03-28,92.115219
2023-03-29,92.541756
2023-03-30,92.669739
2023-03-31,93.505730
2023-04-03,94.070534
2023-04-04,94.190323
2023-04-05,94.498398
2023-04-06,94.412819
2023-04-10,93.976372
2023-04-11,93.950699
2023-04-12,93.753891
2023-04-13,93.916496
2023-04-14,93.608421
2023-04-17,93.017975
2023-04-18,93.326027
2023-04-19,92.863945
2023-04-20,93.214798
2023-04-21,93.274689
2023-04-24,93.685440
2023-04-25,94.096184
2023-04-26,93.685440
2023-04-27,93.343155
2023-04-28,94.070534
2023-05-01,92.552467
2023-05-02,93.668655
2023-05-03,93.823204
2023-05-04,93.565666
2023-05-05,93.196434
2023-05-08,92.526711
2023-05-09,92.492332
2023-05-10,93.222191
2023-05-11,93.582825
2023-05-12,93.007545
2023-05-15,92.509506
2023-05-16,92.045845
2023-05-17,92.037262
2023-05-18,91.650871
2023-05-19,91.539284
2023-05-22,91.504883
2023-05-23,91.693817
2023-05-24,91.333176
2023-05-25,91.032646
2023-05-26,91.419044
2023-05-30,92.105957
2023-05-31,92.406494
2023-06-01,92.689911
2023-06-02,92.440071
2023-06-05,92.241959
2023-06-06,92.422844
2023-06-07,91.595863
2023-06-08,92.207489
2023-06-09,91.966293
2023-06-12,92.259155
2023-06-13,91.845703
2023-06-14,92.129951
2023-06-15,92.931099
2023-06-16,92.767418
2023-06-20,93.103386
2023-06-21,93.000008
2023-06-22,92.517616
2023-06-23,92.776039
2023-06-26,92.879417
2023-06-27,92.776039
2023-06-28,93.180908
2023-06-29,92.474541
2023-06-30,93.155075
2023-07-03,92.894058
2023-07-05,92.228630
2023-07-06,91.295311
2023-07-07,91.208885
2023-07-10,91.684196
2023-07-11,92.116302
2023-07-12,92.928635
2023-07-13,93.585442
2023-07-14,92.859512
2023-07-17,93.015068
2023-07-18,93.248383
2023-07-19,93.775558
2023-07-20,93.144714
2023-07-21,93.308914
2023-07-24,93.196571
2023-07-25,93.049622
2023-07-26,93.481743
2023-07-27,92.340973
2023-07-28,92.945923
2023-07-31,93.205162
2023-08-01,92.276459
2023-08-02,91.712799
2023-08-03,90.888969
2023-08-04,91.834183
2023-08-07,91.608742
2023-08-08,91.972908
2023-08-09,92.059647
2023-08-10,91.409279
2023-08-11,91.097084
2023-08-14,91.062386
2023-08-15,90.585434
2023-08-16,90.177841
2023-08-17,89.935066
2023-08-18,90.273285
2023-08-21,89.735634
2023-08-22,90.013123
2023-08-23,91.279190
2023-08-24,90.967018
2023-08-25,91.019051
2023-08-28,91.305214
2023-08-29,92.033669
2023-08-30,91.903580
2023-08-31,92.059647
2023-09-01,91.404350
2023-09-05,90.751625
2023-09-06,90.664581
2023-09-07,91.064949
2023-09-08,91.134560
2023-09-11,90.960472
2023-09-12,90.934387
2023-09-13,91.134560
2023-09-14,90.969200
2023-09-15,90.829956
2023-09-18,91.004005
2023-09-19,90.699402
2023-09-20,90.734230
2023-09-21,89.820427
2023-09-22,90.368698
2023-09-25,89.489746
2023-09-26,89.237366
2023-09-27,88.819633
2023-09-28,88.976273
2023-09-29,88.784821
2023-10-02,87.971443
2023-10-03,86.957947
2023-10-04,87.718071
2023-10-05,87.613243
2023-10-06,87.351112
2023-10-09,88.434494
2023-10-10,88.469406
2023-10-11,89.011131
2023-10-12,88.085022
2023-10-13,88.574265
2023-10-16,87.962723
2023-10-17,87.263733
2023-10-18,86.564781
2023-10-19,85.865837
2023-10-20,86.206589
2023-10-23,86.879318
2023-10-24,87.368599
2023-10-25,86.573547
2023-10-26,87.202568
2023-10-27,87.027870
2023-10-30,86.765747
2023-10-31,86.643433
2023-11-01,87.883385
2023-11-02,88.926888
2023-11-03,89.365334
2023-11-06,88.891815
2023-11-07,89.602119
2023-11-08,90.058083
2023-11-09,89.146103
2023-11-10,89.593315
2023-11-13,89.602119
2023-11-14,91.005119
2023-11-15,90.531609
2023-11-16,91.276978
2023-11-17,91.540062
2023-11-20,91.908356
2023-11-21,91.934647
2023-11-22,92.302963
2023-11-24,91.829430
2023-11-27,92.574799
2023-11-28,92.943100
2023-11-29,93.697250
2023-11-30,93.206200
2023-12-01,94.328400
2023-12-04,93.897125
2023-12-05,94.645256
2023-12-06,94.997330
2023-12-07,95.006134
2023-12-08,94.495628
2023-12-11,94.469215
2023-12-12,95.006134
2023-12-13,96.599274
2023-12-14,97.626595
2023-12-15,97.485260
2023-12-18,97.078896
2023-12-19,97.202576
2023-12-20,97.458740
2023-12-21,97.423416
2023-12-22,97.255547
2023-12-26,97.458740
2023-12-27,98.368584
2023-12-28,98.112427
2023-12-29,97.750237
2024-01-02,97.087738
2024-01-03,96.866913
2024-01-04,96.328072
2024-01-05,95.983551
2024-01-08,96.716728
2024-01-09,96.884583
2024-01-10,96.760910
2024-01-11,97.343903
2024-01-12,97.555916
2024-01-16,96.566566
2024-01-17,96.363380
2024-01-18,96.177895
2024-01-19,96.275047
2024-01-22,96.540070
2024-01-23,96.186729
2024-01-24,96.001236
2024-01-25,96.637245
2024-01-26,96.363380
2024-01-29,96.760910
2024-01-30,97.070076
2024-01-31,97.317413
2024-02-01,98.069992
2024-02-02,97.174698
2024-02-05,96.243889
2024-02-06,96.784637
2024-02-07,96.500977
2024-02-08,96.004539
2024-02-09,95.880447
2024-02-12,95.889328
2024-02-13,94.834412
2024-02-14,95.277657
2024-02-15,95.623367
2024-02-16,95.277657
2024-02-20,95.596779
2024-02-21,95.357430
2024-02-22,95.508110
2024-02-23,95.791801
2024-02-26,95.490410
2024-02-27,95.357430
2024-02-28,95.348549
2024-02-29,95.437225
2024-03-01,96.018166
2024-03-04,95.840248
2024-03-05,96.365181
2024-03-06,96.623207
2024-03-07,96.863434
2024-03-08,96.996902
2024-03-11,97.014656
2024-03-12,96.703285
2024-03-13,96.605400
2024-03-14,95.893654
2024-03-15,95.920326
2024-03-18,95.760178
2024-03-19,96.035988
2024-03-20,96.213928
2024-03-21,96.356293
2024-03-22,96.685478
2024-03-25,96.356293
2024-03-26,96.329590
2024-03-27,96.996902
2024-03-28,96.907906
2024-04-01,95.980003
2024-04-02,95.837082
2024-04-03,95.899612
2024-04-04,96.006775
2024-04-05,95.587021
2024-04-08,95.578110
2024-04-09,96.069290
2024-04-10,94.702866
2024-04-11,94.506386
2024-04-12,94.720726
2024-04-15,93.675827
2024-04-16,93.363251
2024-04-17,93.872307
2024-04-18,93.684753
2024-04-19,93.783012
2024-04-22,94.015198
2024-04-23,94.175964
2024-04-24,93.809769
2024-04-25,93.532944
2024-04-26,93.890160
2024-04-29,94.283127
2024-04-30,93.765144
2024-05-01,94.155182
2024-05-02,94.737991
2024-05-03,95.401497
2024-05-06,95.670464
2024-05-07,95.715324
2024-05-08,95.473221
2024-05-09,95.625671
2024-05-10,95.320793
2024-05-13,95.356674
2024-05-14,95.634613
2024-05-15,96.486412
2024-05-16,96.333977
2024-05-17,96.109848
2024-05-20,96.064995
2024-05-21,96.226387
2024-05-22,96.082924
2024-05-23,95.661522
2024-05-24,95.921524
2024-05-28,95.347664
2024-05-29,94.836594
2024-05-30,95.419434
2024-05-31,95.840828
2024-06-03,96.502365
2024-06-04,96.880379
2024-06-05,97.204384
2024-06-06,97.141396
2024-06-07,96.268349
2024-06-10,96.070335
2024-06-11,96.484344
2024-06-12,97.078392
2024-06-13,97.537399
2024-06-14,97.618408
2024-06-17,97.159386
2024-06-18,97.609413
2024-06-20,97.285400
2024-06-21,97.312416
2024-06-24,97.411415
2024-06-25,97.375412
2024-06-26,96.844398
2024-06-27,97.033386
2024-06-28,96.412354
2024-07-01,95.839706
2024-07-02,96.453911
2024-07-03,97.167427
2024-07-05,97.673241
2024-07-08,97.664223
2024-07-09,97.483566
2024-07-10,97.718414
2024-07-11,98.242271
2024-07-12,98.603531
2024-07-15,98.061600
2024-07-16,98.630653
2024-07-17,98.675797
2024-07-18,98.251297
2024-07-19,97.890007
2024-07-22,97.835838
2024-07-23,97.763557
2024-07-24,97.167427
2024-07-25,97.555824
2024-07-26,98.097771
2024-07-29,98.305489
2024-07-30,98.386765
2024-07-31,98.955795
2024-08-01,99.283936
2024-08-02,100.253845
2024-08-05,100.000038
2024-08-06,99.347397
2024-08-07,98.894165
2024-08-08,98.939484
2024-08-09,99.447105
2024-08-12,99.655617
2024-08-13,100.353569
2024-08-14,100.797722
2024-08-15,100.489532
2024-08-16,100.788643
2024-08-19,101.024315
2024-08-20,101.287193
2024-08-21,101.513802
2024-08-22,101.096863
2024-08-23,101.676971
2024-08-26,101.550056
2024-08-27,101.468483
2024-08-28,101.259995
2024-08-29,101.087776
2024-08-30,100.806786
2024-09-03,101.111549
2024-09-04,101.739273
2024-09-05,102.239655
2024-09-06,102.194168
2024-09-09,102.421631
2024-09-10,102.703644
2024-09-11,102.749146
2024-09-12,102.676331
2024-09-13,102.994774
2024-09-16,103.449661
2024-09-17,103.458740
2024-09-18,103.031166
2024-09-19,103.122147
2024-09-20,103.213112
2024-09-23,103.067558
2024-09-24,103.240425
2024-09-25,102.630852
2024-09-26,102.630852
2024-09-27,103.040253
2024-09-30,102.785522
2024-10-01,103.279510
2024-10-02,103.051224
2024-10-03,102.384689
2024-10-04,101.827698
2024-10-07,101.307220
2024-10-08,101.508118
2024-10-09,101.307220
2024-10-10,101.197662
2024-10-11,101.179398
2024-10-14,101.188515
2024-10-15,101.681595
2024-10-16,102.001183
2024-10-17,101.243309
2024-10-18,101.124611
2024-10-21,100.092827
2024-10-22,100.083679
2024-10-23,99.745850
2024-10-24,100.047173
2024-10-25,99.809761
2024-10-28,99.727600
2024-10-29,99.846291
2024-10-30,99.718468
2024-10-31,99.517586
2024-11-01,98.972366
2024-11-04,99.705414
2024-11-05,100.181908
2024-11-06,99.137306
2024-11-07,100.310204
2024-11-08,100.658401
2024-11-11,100.465965
2024-11-12,99.558807
2024-11-13,99.183105
2024-11-14,99.155640
2024-11-15,99.201454
2024-11-18,99.384712
2024-11-19,99.595467
2024-11-20,99.357231
2024-11-21,99.238121
2024-11-22,99.329735
2024-11-25,100.566772
2024-11-26,100.310204
2024-11-27,100.676712
2024-11-29,101.299858
2024-12-02,101.458916
2024-12-03,101.100304
2024-12-04,101.587654
2024-12-05,101.560051
2024-12-06,101.789932
2024-12-09,101.532471
2024-12-10,101.376152
2024-12-11,101.100304
2024-12-12,100.530205
2024-12-13,99.969284
2024-12-16,100.098038
2024-12-17,100.107231
2024-12-18,98.866081
2024-12-19,98.330879
2024-12-20,98.718460
2024-12-23,98.432388
2024-12-24,98.736900
2024-12-26,98.829178
2024-12-27,98.413933
2024-12-30,98.838402
2024-12-31,98.589256
2025-01-02,98.598495
2025-01-03,98.367798
2025-01-06,98.118668
2025-01-07,97.666489
2025-01-08,97.823364
2025-01-10,97.260483
2025-01-13,96.983643
2025-01-14,97.094368
2025-01-15,98.257072
2025-01-16,98.450859
2025-01-17,98.533897
2025-01-21,99.106026
2025-01-22,98.792274
2025-01-23,98.653854
2025-01-24,98.847649
2025-01-27,99.530495
2025-01-28,99.392067
2025-01-29,99.262894
2025-01-30,99.484344
2025-01-31,99.161400
2025-02-03,99.317894
2025-02-04,99.512398
2025-02-05,100.206993
2025-02-06,100.021759
2025-02-07,99.586487
2025-02-10,99.614265
2025-02-11,99.391975
2025-02-12,98.854836
2025-02-13,99.623528
2025-02-14,100.012489
2025-02-18,99.605003
2025-02-19,99.660568
2025-02-20,99.901360
2025-02-21,100.253281
2025-02-24,100.512604
2025-02-25,101.281288
2025-02-26,101.494278
2025-02-27,101.068268
2025-02-28,101.512825
2025-03-03,101.833557
2025-03-04,101.498886
2025-03-05,101.173515
2025-03-06,100.857414
2025-03-07,100.699394
2025-03-10,101.043365
2025-03-11,100.383308
2025-03-12,100.085823
2025-03-13,100.401901
2025-03-14,100.355423
2025-03-17,100.559937
2025-03-18,100.801659
2025-03-19,101.396622
2025-03-20,101.247894
2025-03-21,101.108452
2025-03-24,100.671501
2025-03-25,100.773758
2025-03-26,100.364700
2025-03-27,100.243851
2025-03-28,100.848129
2025-03-31,101.043365
2025-04-01,101.404510
2025-04-02,101.637833
2025-04-03,101.628487
2025-04-04,101.516495
2025-04-07,99.538040
2025-04-08,98.278191
2025-04-09,99.920670
2025-04-10,98.222198
2025-04-11,98.203529
2025-04-14,98.810135
2025-04-15,99.342079
2025-04-16,99.762039
2025-04-17,99.622040
2025-04-21,98.548828
2025-04-22,98.791473
2025-04-23,99.230087
2025-04-24,100.247299
2025-04-25,100.779228
2025-04-28,101.012543
2025-04-29,101.245850
2025-04-30,100.769920
2025-05-01,100.415726
2025-05-02,100.172119
2025-05-05,100.031586
2025-05-06,100.228340
2025-05-07,100.434486
2025-05-08,99.928505
2025-05-09,99.891029
2025-05-12,99.872292
2025-05-13,99.956604
2025-05-14,99.450661
2025-05-15,100.162773
2025-05-16,100.350143
2025-05-19,100.359505
2025-05-20,100.115891
2025-05-21,99.000908
2025-05-22,99.506866
2025-05-23,99.581841
2025-05-27,100.481323
2025-05-28,100.237701
2025-05-29,100.687462
2025-05-30,100.977913
2025-06-02,100.692024
2025-06-03,100.739044
2025-06-04,101.472595
2025-06-05,101.162254
2025-06-06,100.550957
2025-06-09,100.851906
2025-06-10,101.096405
2025-06-11,101.416161
2025-06-12,101.980408
2025-06-13,101.369141
2025-06-16,101.190453
2025-06-17,101.538414
2025-06-18,101.613655
2025-06-20,101.698288
2025-06-23,101.952202
2025-06-24,102.431831
2025-06-25,102.309570
2025-06-26,102.685745
2025-06-27,102.516479
2025-06-30,103.080719
2025-07-01,103.205315
2025-07-02,103.186440
2025-07-03,102.941010
2025-07-07,102.327499
2025-07-08,102.034889
2025-07-09,102.620102
2025-07-10,102.638969
2025-07-11,102.016014
2025-07-14,101.987701
2025-07-15,101.619583
2025-07-16,101.780045
2025-07-17,102.025436
2025-07-18,102.214211
2025-07-21,102.610664
2025-07-22,102.856071
2025-07-23,102.695625
2025-07-24,102.544594
2025-07-25,102.874962
2025-07-28,102.667305
2025-07-29,103.346886
2025-07-30,102.959915
2025-07-31,102.988228
2025-08-01,103.901855
2025-08-04,104.081917
2025-08-05,104.157753
2025-08-06,104.129303
2025-08-07,104.025055
2025-08-08,103.693344
2025-08-11,103.854469
2025-08-12,103.949226
2025-08-13,104.498924
2025-08-14,104.138794
2025-08-15,104.006104
2025-08-18,103.816551
2025-08-19,103.977669
2025-08-20,104.025055
2025-08-21,103.626999
2025-08-22,104.442062
2025-08-25,104.167221
2025-08-26,104.243034
2025-08-27,104.280952
2025-08-28,104.442062
2025-08-29,104.062973
2025-09-02,103.714882
2025-09-03,104.333069
2025-09-04,105.046379
2025-09-05,105.731148
2025-09-08,106.102074
2025-09-09,105.911865
2025-09-10,106.225716
2025-09-11,106.720268
2025-09-12,106.530067
2025-09-15,106.862946
2025-09-16,106.767845
2025-09-17,106.577606
2025-09-18,106.358864
2025-09-19,106.273270
2025-09-22,106.035484
2025-09-23,106.244728
2025-09-24,105.816765
2025-09-25,105.626534
2025-09-26,105.769188
2025-09-29,106.121101
2025-09-30,106.016487
2025-10-01,106.442215
2025-10-02,106.614029
2025-10-03,106.480400
2025-10-06,106.136749
2025-10-07,106.337227
2025-10-08,106.203583
2025-10-09,105.993576
2025-10-10,106.289474
2025-10-13,106.652222
2025-10-14,107.005394
2025-10-15,107.005394
2025-10-16,107.310844
2025-10-17,107.100853
2025-10-20,107.425392
2025-10-21,107.444481
2025-10-22,107.549484
2025-10-23,107.415848
2025-10-24,107.597214
2025-10-27,107.778603
2025-10-28,107.788124
2025-10-29,107.177216
2025-10-30,106.604462
2025-10-31,106.174965
2025-11-03,105.889442
2025-11-04,106.033157
2025-11-05,105.717003
2025-11-06,106.272644
2025-11-07,106.061890
2025-11-10,106.119354
2025-11-11,106.540894
2025-11-12,106.435509
2025-11-13,105.908600
2025-11-14,105.621201
2025-11-17,105.688263
2025-11-18,105.736168
2025-11-19,105.745743
2025-11-20,105.889442
2025-11-21,106.263069
2025-11-24,106.684608
2025-11-25,106.981590
2025-11-26,107.345634
2025-11-28,107.163605
2025-12-01,106.589546
2025-12-02,106.656860
2025-12-03,106.897263
2025-12-04,106.704933
2025-12-05,106.599174
2025-12-08,106.378014
2025-12-09,106.243385
2025-12-10,106.733780
2025-12-11,106.579941
2025-12-12,105.935684
2025-12-15,106.060707
2025-12-16,106.301071
2025-12-17,106.185692
2025-12-18,106.589546
2025-12-19,106.315384
2025-12-22,106.296082
2025-12-23,106.402267
2025-12-24,106.817375
2025-12-26,106.807724
2025-12-29,106.952530
2025-12-30,106.827034
2025-12-31,106.373314
2026-01-02,106.344353
2026-01-05,106.643608
2026-01-06,106.643608
2026-01-07,106.720833
2026-01-08,106.421577
2026-01-09,106.807724
2026-01-12,106.682228
2026-01-13,106.913910
2026-01-14,107.184212
2026-01-15,107.049057
2026-01-16,106.740150
2026-01-20,106.093353
2026-01-21,106.730499
2026-01-22,106.933212
2026-01-23,107.000801
2026-01-26,107.087677
2026-01-27,106.971832
2026-01-28,106.817375
2026-01-29,106.846352
2026-01-30,106.740150
2026-02-02,106.641312
2026-02-03,106.689766
2026-02-04,106.554123
2026-02-05,107.067650
2026-02-06,107.125786
2026-02-09,107.125786
2026-02-10,107.377716
2026-02-11,107.261429
2026-02-12,107.765282
2026-02-13,108.123787
2026-02-17,108.230377
2026-02-18,108.123787
2026-02-19,108.210991
2026-02-20,108.123787
2026-02-23,108.240067
2026-02-24,108.210991
2026-02-25,108.181938
2026-02-26,108.249763
2026-02-27,108.210991
2026-03-02,107.844444
2026-03-03,107.795837
2026-03-04,107.893059
2026-03-05,107.465248
2026-03-06,107.105515
2026-03-09,107.747223
2026-03-10,107.008286
2026-03-11,106.133255
2026-03-12,105.559601
2026-03-13,105.170692
2026-03-16,105.676277
2026-03-17,106.269363
2026-03-18,105.695709
2026-03-19,106.162415
2026-03-20,104.859566
2026-03-23,105.549881
2026-03-24,105.335983
2026-03-25,105.715164
2026-03-26,104.888741
2026-03-27,104.635948
2026-03-30,105.306816
2026-03-31,105.967949
2026-04-01,106.081215
2026-04-02,106.530289
2026-04-06,106.364319
2026-04-07,106.481476
2026-04-08,106.891502
2026-04-09,106.891502
2026-04-10,106.608383
2026-04-13,107.018425
2026-04-14,107.369881
2026-04-15,107.330826
2026-04-16,106.832932
2026-04-17,107.428452
2026-04-20,107.418686
2026-04-21,107.008652
2026-04-22,107.213676
2026-04-23,106.920792
2026-04-24,106.998901
2026-04-27,106.696251
2026-04-28,106.745056
2026-04-29,106.149551
2026-04-30,106.266693
2026-05-01,106.438210
2026-05-04,106.095177
2026-05-05,106.487213
2026-05-06,107.016472
2026-05-07,106.575424
2026-05-08,107.026260
2026-05-11,106.761642
2026-05-12,106.398994
2026-05-13,106.457825
2026-05-14,106.389214
2026-05-15,105.712944
2026-05-18,105.516922
2026-05-19,104.987671
2026-05-20,105.801155
2026-05-21,106.016769
2026-05-22,106.212784
2026-05-26,106.614616
2026-05-27,106.761642
2026-05-28,107.085075
2026-05-29,107.183083
2026-06-01,107.166351
2026-06-02,107.156517
2026-06-03,106.861382
2026-06-04,107.087654
2026-06-05,106.418655
2026-06-08,106.310440
2026-06-09,106.654778
2026-06-10,106.408836
2026-06-11,107.313927
2026-06-12,107.245064
2026-06-15,107.225380
2026-06-16,107.353287
2026-06-17,107.008942
2026-06-18,107.304085
2026-06-22,107.018776
2026-06-23,107.146675
2026-06-24,107.638596
2026-06-25,107.727127
2026-06-26,107.727127
2026-06-29,107.923882
2026-06-30,107.304085
2026-07-01,107.078987
2026-07-02,107.256699
2026-07-06,107.286308
2026-07-07,106.506363
2026-07-08,106.299042
2026-07-09,106.338539
2026-07-10,106.091721
2026-07-13,105.598083
2026-07-14,105.844910
2026-07-15,106.210190
2026-07-16,106.131210
2026-07-17,106.190445
2026-07-20,105.785667
2026-07-21,105.489479
2026-07-22,105.311775
2026-07-23,104.907005
2026-07-24,104.877388
2026-07-27,105.153824
2026-07-28,105.469749
2026-07-29,104.867508
2026-07-30,105.055092
2026-07-31,104.897133
2026-08-03,105.212440
2026-08-04,105.856941
2026-08-05,105.837105
2026-08-06,105.460327
2026-08-07,105.648720
2026-08-10,105.063705
2026-08-11,105.093452
2026-08-12,105.222359
2026-08-13,105.648720
2026-08-14,105.222359
2026-08-17,104.805908
2026-08-18,104.944717
2026-08-19,105.668549
2026-08-20,105.162857
2026-08-21,105.024048
2026-08-24,105.281853
2026-08-25,105.956100
2026-08-26,105.876770
2026-08-27,105.827202
2026-08-28,105.450409
2026-08-31,105.311592
2026-09-01,104.767937
2026-09-02,104.897377
2026-09-03,105.046730
2026-09-04,105.026825
2026-09-08,105.026825
2026-09-09,104.857544
2026-09-10,103.911629
2026-09-11,103.871803
2026-09-14,103.851891
2026-09-15,103.831978
2026-09-16,104.001244
2026-09-17,104.708199
2026-09-18,104.250168
2026-09-21,104.638489
2026-09-22,104.638489
2026-09-23,103.443649
2026-09-24,102.706833
2026-09-25,102.766571
2026-09-28,102.029755
2026-09-29,101.970016
2026-09-30,101.740997
2026-10-01,102.029999
2026-10-02,101.830002
