date,adj_close
1999-03-10,42.982285
1999-03-11,43.192692
1999-03-12,42.140514
1999-03-15,43.350533
1999-03-16,43.718803
1999-03-17,43.403149
1999-03-18,44.244911
1999-03-19,43.113785
1999-03-22,42.587700
1999-03-23,41.088310
1999-03-24,42.482471
1999-03-25,44.034458
1999-03-26,43.560966
1999-03-29,45.139290
1999-03-30,44.823620
1999-03-31,44.165981
1999-04-01,45.086674
1999-04-05,46.717560
1999-04-06,46.809631
1999-04-07,46.323002
1999-04-08,46.691273
1999-04-09,46.980621
1999-04-12,46.664951
1999-04-13,46.033642
1999-04-14,44.455357
1999-04-15,45.060356
1999-04-16,43.745110
1999-04-19,41.693336
1999-04-20,42.640305
1999-04-21,44.744694
1999-04-22,45.954731
1999-04-23,46.559742
1999-04-26,47.631664
1999-04-27,46.901714
1999-04-28,45.297081
1999-04-29,44.928833
1999-04-30,45.218182
1999-05-03,44.981461
1999-05-04,44.271206
1999-05-05,45.612759
1999-05-06,43.955559
1999-05-07,44.586868
1999-05-10,45.034042
1999-05-11,45.744301
1999-05-12,46.691273
1999-05-13,45.823181
1999-05-14,44.955139
1999-05-17,45.764042
1999-05-18,45.560154
1999-05-19,46.191452
1999-05-20,44.922245
1999-05-21,44.507961
1999-05-24,43.376839
1999-05-25,41.956371
1999-05-26,43.126953
1999-05-27,43.087482
1999-05-28,43.797718
1999-06-01,42.824432
1999-06-02,43.547829
1999-06-03,42.929646
1999-06-04,44.244911
1999-06-07,45.165592
1999-06-08,44.034458
1999-06-09,44.770996
1999-06-10,44.258049
1999-06-11,43.587288
1999-06-14,42.765240
1999-06-15,43.403149
1999-06-16,45.632481
1999-06-17,46.138863
1999-06-18,46.349308
1999-06-21,47.736877
1999-06-22,46.296707
1999-06-23,47.026661
1999-06-24,46.092819
1999-06-25,46.033642
1999-06-28,47.125313
1999-06-29,47.769756
1999-06-30,48.506294
1999-07-01,48.835125
1999-07-02,49.453278
1999-07-06,49.137611
1999-07-07,49.216557
1999-07-08,49.874146
1999-07-09,50.373955
1999-07-12,50.110912
1999-07-13,49.874146
1999-07-14,50.722507
1999-07-15,51.189415
1999-07-16,51.662899
1999-07-19,51.136799
1999-07-20,49.163910
1999-07-21,49.400665
1999-07-22,48.144623
1999-07-23,48.216961
1999-07-26,47.033234
1999-07-27,47.980206
1999-07-28,48.920605
1999-07-29,47.874985
1999-07-30,47.638245
1999-08-02,47.506725
1999-08-03,47.197628
1999-08-04,46.342731
1999-08-05,47.079277
1999-08-06,46.572887
1999-08-09,45.974449
1999-08-10,45.560154
1999-08-11,47.059540
1999-08-12,46.507126
1999-08-13,48.532619
1999-08-16,48.920605
1999-08-17,49.163910
1999-08-18,48.611519
1999-08-19,48.032818
1999-08-20,48.795670
1999-08-23,50.347645
1999-08-24,50.689610
1999-08-25,51.768131
1999-08-26,50.906631
1999-08-27,50.400253
1999-08-30,49.690014
1999-08-31,50.242424
1999-09-01,50.604103
1999-09-02,50.426567
1999-09-03,52.741402
1999-09-07,52.504654
1999-09-08,51.794407
1999-09-09,52.530945
1999-09-10,53.135971
1999-09-13,52.498070
1999-09-14,52.787426
1999-09-15,51.768131
1999-09-16,51.741806
1999-09-17,53.293797
1999-09-20,53.418739
1999-09-21,52.136375
1999-09-22,52.688805
1999-09-23,50.505489
1999-09-24,50.571243
1999-09-27,50.926365
1999-09-28,51.163086
1999-09-29,50.137211
1999-09-30,50.663319
1999-10-01,50.683025
1999-10-04,51.820721
1999-10-05,52.189011
1999-10-06,53.234623
1999-10-07,53.109684
1999-10-08,53.668659
1999-10-11,54.424927
1999-10-12,53.188580
1999-10-13,51.610291
1999-10-14,51.932529
1999-10-15,50.400253
1999-10-18,49.762360
1999-10-19,50.031998
1999-10-20,51.557667
1999-10-21,52.399418
1999-10-22,52.162685
1999-10-25,52.189011
1999-10-26,51.768131
1999-10-27,51.689201
1999-10-28,53.477951
1999-10-29,55.345585
1999-11-01,55.056232
1999-11-02,55.089123
1999-11-03,56.187332
1999-11-04,56.818661
1999-11-05,57.397392
1999-11-08,58.554798
1999-11-09,58.160244
1999-11-10,58.923077
1999-11-11,59.975262
1999-11-12,60.764404
1999-11-15,60.646008
1999-11-16,62.184826
1999-11-17,61.343124
1999-11-18,63.223896
1999-11-19,63.789486
1999-11-22,62.816200
1999-11-23,63.105530
1999-11-24,65.183632
1999-11-26,65.394089
1999-11-29,64.315567
1999-11-30,61.869183
1999-12-01,63.210770
1999-12-02,65.216499
1999-12-03,66.604095
1999-12-06,67.209099
1999-12-07,67.209099
1999-12-08,66.393646
1999-12-09,66.709335
1999-12-10,67.261726
1999-12-13,68.175819
1999-12-14,66.946060
1999-12-15,68.235001
1999-12-16,69.918480
1999-12-17,70.523552
1999-12-20,71.444221
1999-12-21,75.284752
1999-12-22,75.047981
1999-12-23,75.942352
1999-12-27,75.495163
1999-12-28,75.021675
1999-12-29,77.862617
1999-12-30,77.020874
1999-12-31,76.915596
2000-01-03,79.756561
2000-01-04,74.285126
2000-01-05,72.391220
2000-01-06,67.419518
2000-01-07,75.758217
2000-01-10,77.862617
2000-01-11,74.074715
2000-01-12,72.443817
2000-01-13,76.810425
2000-01-14,78.599144
2000-01-18,79.020035
2000-01-19,80.808746
2000-01-20,80.019638
2000-01-21,81.019165
2000-01-24,77.126060
2000-01-25,78.283478
2000-01-26,75.126945
2000-01-27,76.231689
2000-01-28,72.391220
2000-01-31,75.495163
2000-02-01,77.520630
2000-02-02,78.178261
2000-02-03,81.229645
2000-02-04,81.782043
2000-02-07,82.913162
2000-02-08,86.385384
2000-02-09,83.334023
2000-02-10,86.069756
2000-02-11,84.070534
2000-02-14,83.965340
2000-02-15,84.570366
2000-02-16,84.175819
2000-02-17,85.964569
2000-02-18,82.860542
2000-02-22,83.123611
2000-02-23,87.753258
2000-02-24,89.647240
2000-02-25,87.595436
2000-02-28,87.542847
2000-02-29,89.857666
2000-03-01,90.594162
2000-03-02,88.496376
2000-03-03,93.487717
2000-03-06,94.224297
2000-03-07,92.803818
2000-03-08,93.645584
2000-03-09,96.802116
2000-03-10,96.381287
2000-03-13,93.856003
2000-03-14,90.383766
2000-03-15,86.595840
2000-03-16,91.541206
2000-03-17,93.277298
2000-03-20,90.646812
2000-03-21,94.066467
2000-03-22,95.960411
2000-03-23,97.643959
2000-03-24,98.959190
2000-03-27,99.117020
2000-03-28,96.591736
2000-03-29,92.593414
2000-03-30,90.278580
2000-03-31,92.172478
2000-04-03,86.648468
2000-04-04,85.806725
2000-04-05,84.281029
2000-04-06,86.280182
2000-04-07,89.752464
2000-04-10,84.281029
2000-04-11,82.281845
2000-04-12,77.441750
2000-04-13,74.074715
2000-04-14,67.656319
2000-04-17,75.442566
2000-04-18,77.441750
2000-04-19,75.074310
2000-04-20,73.443420
2000-04-24,71.338982
2000-04-25,76.152763
2000-04-26,73.548630
2000-04-27,76.810425
2000-04-28,79.756561
2000-05-01,80.493111
2000-05-02,75.863464
2000-05-03,75.021675
2000-05-04,75.179527
2000-05-05,76.968269
2000-05-08,73.969475
2000-05-09,72.391220
2000-05-10,67.130203
2000-05-11,71.233780
2000-05-12,71.233780
2000-05-15,74.337776
2000-05-16,76.442146
2000-05-17,74.863846
2000-05-18,72.180740
2000-05-19,68.761070
2000-05-22,68.708481
2000-05-23,62.974037
2000-05-24,66.919731
2000-05-25,65.446693
2000-05-26,65.446693
2000-05-30,72.022903
2000-05-31,69.971146
2000-06-01,73.548630
2000-06-02,78.809616
2000-06-05,79.006866
2000-06-06,76.810425
2000-06-07,78.862167
2000-06-08,78.493942
2000-06-09,78.914818
2000-06-12,76.389557
2000-06-13,79.335693
2000-06-14,77.546936
2000-06-15,78.914818
2000-06-16,79.335693
2000-06-19,82.492264
2000-06-20,82.176620
2000-06-21,83.228821
2000-06-22,80.177467
2000-06-23,77.020874
2000-06-26,79.125267
2000-06-27,78.178261
2000-06-28,79.125267
2000-06-29,77.139214
2000-06-30,78.651733
2000-07-03,80.177467
2000-07-05,77.073463
2000-07-06,79.125267
2000-07-07,80.756157
2000-07-10,79.532959
2000-07-11,79.966980
2000-07-12,81.860947
2000-07-13,82.913162
2000-07-14,84.701889
2000-07-17,85.648865
2000-07-18,83.754913
2000-07-19,81.860947
2000-07-20,84.491486
2000-07-21,81.650528
2000-07-24,79.966980
2000-07-25,80.598343
2000-07-26,80.493111
2000-07-27,77.336479
2000-07-28,73.127754
2000-07-31,75.284752
2000-08-01,74.285126
2000-08-02,72.969902
2000-08-03,76.126541
2000-08-04,75.863464
2000-08-07,77.652206
2000-08-08,79.230453
2000-08-09,77.126060
2000-08-10,75.600372
2000-08-11,76.652557
2000-08-14,78.283478
2000-08-15,78.283478
2000-08-16,79.072670
2000-08-17,80.598343
2000-08-18,80.177467
2000-08-21,80.387848
2000-08-22,80.387848
2000-08-23,81.703102
2000-08-24,82.965767
2000-08-25,82.518600
2000-08-28,82.913162
2000-08-29,83.334023
2000-08-30,83.228821
2000-08-31,85.543663
2000-09-01,86.385384
2000-09-05,83.754913
2000-09-06,80.808746
2000-09-07,82.597511
2000-09-08,80.072235
2000-09-11,78.125648
2000-09-12,76.915596
2000-09-13,78.704376
2000-09-14,78.283478
2000-09-15,76.863022
2000-09-18,75.652992
2000-09-19,78.441322
2000-09-20,79.651352
2000-09-21,73.864281
2000-09-22,78.230896
2000-09-25,76.152763
2000-09-26,75.284752
2000-09-27,75.389946
2000-09-28,77.073463
2000-09-29,74.706039
2000-10-02,73.022537
2000-10-03,70.707642
2000-10-04,72.075531
2000-10-05,72.285973
2000-10-06,69.865906
2000-10-09,69.550217
2000-10-10,65.920212
2000-10-11,64.867973
2000-10-12,63.237091
2000-10-13,68.392799
2000-10-16,69.024178
2000-10-17,65.867531
2000-10-18,65.657143
2000-10-19,71.602020
2000-10-20,72.654236
2000-10-23,72.549004
2000-10-24,69.445000
2000-10-25,65.551926
2000-10-26,67.235390
2000-10-27,67.103889
2000-10-30,64.618073
2000-10-31,68.774277
2000-11-01,68.182426
2000-11-02,69.024178
2000-11-03,69.918480
2000-11-06,69.392418
2000-11-07,69.129364
2000-11-08,63.723751
2000-11-09,63.710583
2000-11-10,60.396141
2000-11-13,60.488197
2000-11-14,63.842110
2000-11-15,65.131042
2000-11-16,61.343124
2000-11-17,61.303677
2000-11-20,58.804672
2000-11-21,58.712627
2000-11-22,56.082130
2000-11-24,59.291317
2000-11-27,58.554798
2000-11-28,55.095688
2000-11-29,52.978153
2000-11-30,53.017586
2000-12-01,53.872513
2000-12-04,54.714249
2000-12-05,59.501778
2000-12-06,57.239559
2000-12-07,55.976891
2000-12-08,57.239559
2000-12-11,62.605740
2000-12-12,60.317215
2000-12-13,57.857712
2000-12-14,55.029922
2000-12-15,53.767300
2000-12-18,53.872513
2000-12-19,49.768925
2000-12-20,46.914864
2000-12-21,47.191040
2000-12-22,50.926365
2000-12-26,51.242023
2000-12-27,51.820721
2000-12-28,51.715492
2000-12-29,49.137611
2001-01-02,44.981461
2001-01-03,52.557274
2001-01-04,51.610291
2001-01-05,47.664547
2001-01-08,48.190643
2001-01-09,48.190643
2001-01-10,50.663319
2001-01-11,52.136375
2001-01-12,52.807167
2001-01-16,52.175846
2001-01-17,53.767300
2001-01-18,56.029522
2001-01-19,55.819065
2001-01-22,55.871693
2001-01-23,57.042282
2001-01-24,56.503010
2001-01-25,54.293377
2001-01-26,55.174587
2001-01-29,56.397785
2001-01-30,56.187332
2001-01-31,54.125042
2001-02-01,54.840538
2001-02-02,51.810196
2001-02-05,51.768131
2001-02-06,51.852299
2001-02-07,51.010540
2001-02-08,49.486938
2001-02-09,47.475166
2001-02-12,48.047546
2001-02-13,46.507126
2001-02-14,48.359001
2001-02-15,49.158669
2001-02-16,46.406132
2001-02-20,44.604752
2001-02-21,43.350533
2001-02-22,42.929646
2001-02-23,43.081177
2001-02-26,43.897655
2001-02-27,41.246132
2001-02-28,39.941410
2001-03-01,41.077778
2001-03-02,39.310108
2001-03-05,40.025589
2001-03-06,41.582836
2001-03-07,41.599686
2001-03-08,40.825264
2001-03-09,37.963291
2001-03-12,35.606361
2001-03-13,37.416161
2001-03-14,36.826920
2001-03-15,35.480099
2001-03-16,34.680431
2001-03-19,36.414436
2001-03-20,33.964935
2001-03-21,33.964935
2001-03-22,36.027233
2001-03-23,36.027233
2001-03-26,35.193905
2001-03-27,36.406044
2001-03-28,33.417793
2001-03-29,32.786476
2001-03-30,32.954853
2001-04-02,31.481745
2001-04-03,29.175337
2001-04-04,28.661860
2001-04-05,31.405991
2001-04-06,30.261190
2001-04-09,31.187141
2001-04-10,33.501976
2001-04-11,34.512089
2001-04-12,36.027233
2001-04-16,33.880760
2001-04-17,34.722500
2001-04-18,38.342068
2001-04-19,40.656921
2001-04-20,40.741074
2001-04-23,38.005379
2001-04-24,37.289871
2001-04-25,37.963291
2001-04-26,36.995262
2001-04-27,38.005379
2001-04-30,38.847141
2001-05-01,40.446476
2001-05-02,41.229309
2001-05-03,39.394260
2001-05-04,40.572735
2001-05-07,39.730976
2001-05-08,40.572735
2001-05-09,39.183826
2001-05-10,38.527260
2001-05-11,38.342068
2001-05-14,37.727577
2001-05-15,38.005379
2001-05-16,39.688877
2001-05-17,40.320221
2001-05-18,40.438053
2001-05-21,42.971752
2001-05-22,42.845478
2001-05-23,40.951523
2001-05-24,42.003731
2001-05-25,41.237736
2001-05-29,38.821877
2001-05-30,37.399300
2001-05-31,37.651844
2001-06-01,38.762959
2001-06-04,38.577778
2001-06-05,40.278111
2001-06-06,39.966675
2001-06-07,40.993591
2001-06-08,39.857239
2001-06-11,38.762959
2001-06-12,38.552528
2001-06-13,37.500313
2001-06-14,35.564270
2001-06-15,35.858887
2001-06-18,35.379082
2001-06-19,35.202335
2001-06-20,36.001965
2001-06-21,36.490211
2001-06-22,36.406044
2001-06-25,36.498631
2001-06-26,36.624882
2001-06-27,36.860580
2001-06-28,37.331963
2001-06-29,38.468338
2001-07-02,38.257889
2001-07-03,38.417824
2001-07-05,36.574390
2001-07-06,35.059227
2001-07-09,35.362236
2001-07-10,34.091213
2001-07-11,34.512089
2001-07-12,36.700653
2001-07-13,36.321850
2001-07-16,35.648457
2001-07-17,36.448124
2001-07-18,35.059227
2001-07-19,35.892570
2001-07-20,35.059227
2001-07-23,34.183792
2001-07-24,33.796589
2001-07-25,34.091213
2001-07-26,34.596249
2001-07-27,35.311745
2001-07-30,35.101322
2001-07-31,35.151817
2001-08-01,36.279774
2001-08-02,36.961590
2001-08-03,36.347111
2001-08-06,35.774704
2001-08-07,35.589531
2001-08-08,34.091213
2001-08-09,34.234295
2001-08-10,33.906017
2001-08-13,34.596249
2001-08-14,34.175369
2001-08-15,32.912735
2001-08-16,33.299938
2001-08-17,31.784767
2001-08-20,32.222492
2001-08-21,30.884111
2001-08-22,31.725840
2001-08-23,31.414404
2001-08-24,33.081078
2001-08-27,33.123161
2001-08-28,32.087807
2001-08-29,31.616415
2001-08-30,30.446386
2001-08-31,30.833599
2001-09-04,29.857140
2001-09-05,29.739313
2001-09-06,28.535616
2001-09-07,28.367247
2001-09-10,28.703945
2001-09-17,26.262846
2001-09-18,25.673618
2001-09-19,25.227486
2001-09-20,24.385725
2001-09-21,23.729156
2001-09-24,24.924448
2001-09-25,25.000212
2001-09-26,24.133192
2001-09-27,23.973270
2001-09-28,24.394152
2001-10-01,24.183706
2001-10-02,24.259462
2001-10-03,26.094505
2001-10-04,26.347027
2001-10-05,26.734232
2001-10-08,26.818411
2001-10-09,26.170259
2001-10-10,27.357124
2001-10-11,29.209015
2001-10-12,29.082743
2001-10-15,28.956467
2001-10-16,29.427855
2001-10-17,27.315052
2001-10-18,28.055784
2001-10-19,28.240973
2001-10-22,28.998552
2001-10-23,29.150066
2001-10-24,29.781404
2001-10-25,30.976677
2001-10-26,30.311697
2001-10-29,28.653448
2001-10-30,28.097891
2001-10-31,28.535616
2001-11-01,29.747715
2001-11-02,29.966593
2001-11-05,30.943016
2001-11-06,32.146748
2001-11-07,32.104664
2001-11-08,31.776381
2001-11-09,31.759520
2001-11-12,31.986803
2001-11-13,33.131603
2001-11-14,33.367279
2001-11-15,33.232609
2001-11-16,33.140015
2001-11-19,34.082771
2001-11-20,32.508682
2001-11-21,32.340328
2001-11-23,33.064251
2001-11-26,33.880760
2001-11-27,33.838661
2001-11-28,32.618111
2001-11-29,33.628227
2001-11-30,33.375710
2001-12-03,32.803307
2001-12-04,34.368988
2001-12-05,36.069332
2001-12-06,36.119827
2001-12-07,35.126568
2001-12-10,34.512089
2001-12-11,34.705685
2001-12-12,34.983471
2001-12-13,33.468277
2001-12-14,33.762924
2001-12-17,34.343742
2001-12-18,34.730938
2001-12-19,34.099613
2001-12-20,32.651772
2001-12-21,33.232609
2001-12-24,33.097912
2001-12-26,33.409382
2001-12-27,33.678734
2001-12-28,33.948116
2001-12-31,32.752804
2002-01-02,33.762924
2002-01-03,34.932953
2002-01-04,35.076061
2002-01-07,34.688858
2002-01-08,34.924541
2002-01-09,34.604675
2002-01-10,34.831947
2002-01-11,34.385807
2002-01-14,33.636662
2002-01-15,33.956512
2002-01-16,32.643356
2002-01-17,33.375710
2002-01-18,32.483452
2002-01-22,31.481745
2002-01-23,32.348751
2002-01-24,32.778049
2002-01-25,32.685452
2002-01-28,32.870651
2002-01-29,31.969969
2002-01-30,32.214066
2002-01-31,32.416096
2002-02-01,32.104664
2002-02-04,31.077705
2002-02-05,30.564241
2002-02-06,30.353796
2002-02-07,29.621454
2002-02-08,30.446386
2002-02-11,30.833599
2002-02-12,30.581081
2002-02-13,31.102949
2002-02-14,31.044027
2002-02-15,30.118114
2002-02-19,29.192158
2002-02-20,29.587797
2002-02-21,28.182056
2002-02-22,28.325155
2002-02-25,29.469942
2002-02-26,29.360510
2002-02-27,28.956467
2002-02-28,28.434589
2002-03-01,30.084436
2002-03-04,31.271303
2002-03-05,31.498587
2002-03-06,31.650091
2002-03-07,31.717428
2002-03-08,32.550762
2002-03-11,32.432922
2002-03-12,31.986803
2002-03-13,31.212393
2002-03-14,31.027191
2002-03-15,31.338661
2002-03-18,31.515417
2002-03-19,31.464914
2002-03-20,30.353796
2002-03-21,31.161875
2002-03-22,30.875675
2002-03-25,29.932913
2002-03-26,30.210695
2002-03-27,29.975006
2002-03-28,30.353796
2002-04-01,30.934591
2002-04-02,29.537291
2002-04-03,29.486776
2002-04-04,29.259527
2002-04-05,28.931225
2002-04-08,29.293173
2002-04-09,28.274639
2002-04-10,28.485094
2002-04-11,27.778021
2002-04-12,28.215712
2002-04-15,28.442999
2002-04-16,29.629885
2002-04-17,29.478367
2002-04-18,28.914385
2002-04-19,29.006975
2002-04-22,28.274639
2002-04-23,27.786411
2002-04-24,27.357124
2002-04-25,27.289789
2002-04-26,26.128168
2002-04-29,26.195511
2002-04-30,26.708986
2002-05-01,26.565886
2002-05-02,25.682026
2002-05-03,25.033886
2002-05-06,24.385725
2002-05-07,24.158455
2002-05-08,26.742649
2002-05-09,26.052414
2002-05-10,24.882362
2002-05-13,25.892467
2002-05-14,27.416052
2002-05-15,27.618073
2002-05-16,27.660168
2002-05-17,27.719095
2002-05-20,27.113029
2002-05-21,26.372280
2002-05-22,26.431198
2002-05-23,26.961506
2002-05-24,26.296522
2002-05-28,26.178675
2002-05-29,25.488426
2002-05-30,25.707289
2002-05-31,25.286411
2002-06-03,24.394152
2002-06-04,24.714012
2002-06-05,24.966547
2002-06-06,24.309977
2002-06-07,23.821756
2002-06-10,23.779661
2002-06-11,23.114676
2002-06-12,23.451384
2002-06-13,23.299858
2002-06-14,23.249355
2002-06-17,24.040604
2002-06-18,24.427811
2002-06-19,23.013660
2002-06-20,22.272911
2002-06-21,21.734194
2002-06-24,22.163498
2002-06-25,21.431160
2002-06-26,21.591097
2002-06-27,22.062477
2002-06-28,21.969883
2002-07-01,20.917690
2002-07-02,20.160110
2002-07-03,20.833506
2002-07-05,22.171907
2002-07-08,21.363808
2002-07-09,20.757751
2002-07-10,20.118015
2002-07-11,20.875593
2002-07-12,20.875593
2002-07-15,21.523756
2002-07-16,21.203888
2002-07-17,21.591097
2002-07-18,20.816673
2002-07-19,20.193768
2002-07-22,19.697130
2002-07-23,18.855379
2002-07-24,19.882322
2002-07-25,18.729118
2002-07-26,19.082645
2002-07-29,20.059092
2002-07-30,20.463131
2002-07-31,20.075939
2002-08-01,19.133162
2002-08-02,18.729118
2002-08-05,18.047297
2002-08-06,18.939554
2002-08-07,19.192095
2002-08-08,19.840229
2002-08-09,19.638214
2002-08-12,19.697130
2002-08-13,19.023724
2002-08-14,20.235859
2002-08-15,20.648329
2002-08-16,20.791418
2002-08-19,21.296467
2002-08-20,21.203888
2002-08-21,21.675266
2002-08-22,22.020386
2002-08-23,21.170214
2002-08-26,21.254396
2002-08-27,20.513647
2002-08-28,19.764475
2002-08-29,20.025425
2002-08-30,19.772900
2002-09-03,19.057394
2002-09-04,19.133162
2002-09-05,18.661779
2002-09-06,19.234169
2002-09-09,19.427763
2002-09-10,19.907572
2002-09-11,19.739220
2002-09-12,19.200502
2002-09-13,19.352013
2002-09-16,19.074232
2002-09-17,18.670197
2002-09-18,18.459749
2002-09-19,18.165127
2002-09-20,18.240892
2002-09-23,17.693752
2002-09-24,17.702175
2002-09-25,18.409246
2002-09-26,18.181982
2002-09-27,17.937872
2002-09-30,17.441219
2002-10-01,18.501841
2002-10-02,17.887352
2002-10-03,17.458057
2002-10-04,17.129772
2002-10-07,16.969839
2002-10-08,17.003510
2002-10-09,16.885670
2002-10-10,17.744270
2002-10-11,18.703867
2002-10-14,18.922714
2002-10-15,19.831816
2002-10-16,19.175243
2002-10-17,19.823393
2002-10-18,20.042257
2002-10-21,20.446302
2002-10-22,20.320034
2002-10-23,20.707245
2002-10-24,20.185350
2002-10-25,20.791418
2002-10-28,20.614655
2002-10-29,20.134850
2002-10-30,20.673586
2002-10-31,20.665154
2002-11-01,21.254396
2002-11-04,21.801525
2002-11-05,21.969883
2002-11-06,22.281332
2002-11-07,21.498505
2002-11-08,21.102875
2002-11-11,20.463131
2002-11-12,20.985025
2002-11-13,21.237549
2002-11-14,21.969883
2002-11-15,22.256079
2002-11-18,21.927790
2002-11-19,21.591097
2002-11-20,22.508612
2002-11-21,23.341948
2002-11-22,23.333536
2002-11-25,23.560801
2002-11-26,22.769548
2002-11-27,23.493462
2002-11-29,23.333536
2002-12-02,23.569221
2002-12-03,22.870562
2002-12-04,22.365509
2002-12-05,22.054054
2002-12-06,22.281332
2002-12-09,21.229132
2002-12-10,21.549004
2002-12-11,21.650019
2002-12-12,21.767860
2002-12-13,21.077616
2002-12-16,21.759443
2002-12-17,21.826790
2002-12-18,21.363808
2002-12-19,21.094450
2002-12-20,21.313313
2002-12-23,21.607920
2002-12-24,21.338562
2002-12-26,21.279648
2002-12-27,20.892437
2002-12-30,20.732492
2002-12-31,20.513647
2003-01-02,21.380651
2003-01-03,21.616343
2003-01-06,22.155067
2003-01-07,22.432850
2003-01-08,21.801525
2003-01-09,22.474936
2003-01-10,22.811634
2003-01-13,22.676962
2003-01-14,22.794806
2003-01-15,22.508612
2003-01-16,22.256079
2003-01-17,21.304886
2003-01-21,21.069197
2003-01-22,20.985025
2003-01-23,21.473251
2003-01-24,20.892437
2003-01-27,20.648329
2003-01-28,20.858765
2003-01-29,21.170214
2003-01-30,20.623066
2003-01-31,20.572575
2003-02-03,20.614655
2003-02-04,20.362118
2003-02-05,20.269531
2003-02-06,20.378967
2003-02-07,20.042257
2003-02-10,20.219027
2003-02-11,20.328461
2003-02-12,20.050680
2003-02-13,20.151684
2003-02-14,20.614655
2003-02-18,21.254396
2003-02-19,21.111290
2003-02-20,21.027111
2003-02-21,21.187050
2003-02-24,20.825096
2003-02-25,20.850346
2003-02-26,20.387369
2003-02-27,20.850346
2003-02-28,21.178631
2003-03-03,20.749338
2003-03-04,20.623066
2003-03-05,20.665154
2003-03-06,20.614655
2003-03-07,20.656742
2003-03-10,20.210608
2003-03-11,20.033844
2003-03-12,20.395790
2003-03-13,21.565838
2003-03-14,21.650019
2003-03-17,22.390759
2003-03-18,22.668539
2003-03-19,22.474936
2003-03-20,22.559114
2003-03-21,22.870562
2003-03-24,21.919386
2003-03-25,22.230837
2003-03-26,22.357098
2003-03-27,22.197163
2003-03-28,21.953032
2003-03-31,21.254396
2003-04-01,21.422739
2003-04-02,22.011967
2003-04-03,22.289743
2003-04-04,21.927790
2003-04-07,21.961470
2003-04-08,21.936214
2003-04-09,21.431160
2003-04-10,21.692101
2003-04-11,21.473251
2003-04-14,21.910959
2003-04-15,22.121401
2003-04-16,22.070904
2003-04-17,22.575949
2003-04-21,22.660120
2003-04-22,23.089432
2003-04-23,23.257769
2003-04-24,23.131514
2003-04-25,22.685377
2003-04-28,23.131514
2003-04-29,23.341948
2003-04-30,23.106266
2003-05-01,23.308273
2003-05-02,23.804914
2003-05-05,23.779661
2003-05-06,24.082697
2003-05-07,23.813332
2003-05-08,23.375614
2003-05-09,23.914351
2003-05-12,24.276297
2003-05-13,24.124781
2003-05-14,24.074280
2003-05-15,24.343636
2003-05-16,24.158455
2003-05-19,23.308273
2003-05-20,23.375614
2003-05-21,23.308273
2003-05-22,23.644981
2003-05-23,23.653397
2003-05-27,24.495161
2003-05-28,24.570925
2003-05-29,24.671925
2003-05-30,25.075972
2003-06-02,24.899206
2003-06-03,25.134892
2003-06-04,25.606289
2003-06-05,25.791462
2003-06-06,25.362169
2003-06-09,25.025457
2003-06-10,25.404259
2003-06-11,25.690454
2003-06-12,25.799881
2003-06-13,25.219072
2003-06-16,25.993494
2003-06-17,25.892467
2003-06-18,26.027155
2003-06-19,25.606289
2003-06-20,25.572607
2003-06-23,25.176983
2003-06-24,24.983376
2003-06-25,24.848701
2003-06-26,25.437929
2003-06-27,25.109634
2003-06-30,25.210649
2003-07-01,25.547352
2003-07-02,26.069239
2003-07-03,25.740957
2003-07-07,26.843662
2003-07-08,27.171947
2003-07-09,27.104612
2003-07-10,26.599550
2003-07-11,26.801580
2003-07-14,27.121443
2003-07-15,27.155117
2003-07-16,27.070938
2003-07-17,26.246014
2003-07-18,26.330187
2003-07-21,25.993494
2003-07-22,26.380690
2003-07-23,26.599550
2003-07-24,26.246014
2003-07-25,26.767900
2003-07-28,26.843662
2003-07-29,26.641632
2003-07-30,26.448038
2003-07-31,26.767900
2003-08-01,26.481703
2003-08-04,26.473286
2003-08-05,25.429506
2003-08-06,25.412670
2003-08-07,25.513683
2003-08-08,25.311663
2003-08-11,25.589439
2003-08-12,25.976650
2003-08-13,25.985065
2003-08-14,26.010324
2003-08-15,26.237595
2003-08-18,26.910997
2003-08-19,27.247705
2003-08-20,27.180374
2003-08-21,27.474985
2003-08-22,27.306623
2003-08-25,27.365547
2003-08-26,27.390802
2003-08-27,27.609648
2003-08-28,27.853771
2003-08-29,28.106300
2003-09-02,28.510342
2003-09-03,28.493515
2003-09-04,28.754456
2003-09-05,28.569269
2003-09-08,29.040648
2003-09-09,28.695543
2003-09-10,28.005291
2003-09-11,28.316730
2003-09-12,28.468250
2003-09-15,28.190474
2003-09-16,28.956467
2003-09-17,28.838623
2003-09-18,29.276337
2003-09-19,29.107992
2003-09-22,28.552443
2003-09-23,29.057491
2003-09-24,27.963209
2003-09-25,27.601257
2003-09-26,27.424479
2003-09-29,27.895853
2003-09-30,27.289789
2003-10-01,27.904282
2003-10-02,27.996872
2003-10-03,28.779711
2003-10-06,28.990137
2003-10-07,29.166912
2003-10-08,28.981731
2003-10-09,29.200569
2003-10-10,29.469942
2003-10-13,29.663542
2003-10-14,29.739313
2003-10-15,29.613056
2003-10-16,29.848732
2003-10-17,29.133242
2003-10-20,29.495193
2003-10-21,29.671978
2003-10-22,29.099577
2003-10-23,28.762865
2003-10-24,28.788118
2003-10-27,28.796534
2003-10-28,29.764566
2003-10-29,29.730888
2003-10-30,29.789816
2003-10-31,29.613056
2003-11-03,30.101263
2003-11-04,29.899240
2003-11-05,30.168594
2003-11-06,30.252766
2003-11-07,29.991838
2003-11-10,29.621454
2003-11-11,29.512032
2003-11-12,30.143345
2003-11-13,30.109697
2003-11-14,29.495193
2003-11-17,29.192158
2003-11-18,28.518763
2003-11-19,28.796534
2003-11-20,28.518763
2003-11-21,28.813374
2003-11-24,29.613056
2003-11-25,29.613056
2003-11-26,29.747715
2003-11-28,29.781404
2003-12-01,30.219099
2003-12-02,30.050764
2003-12-03,29.671978
2003-12-04,29.991838
2003-12-05,29.495193
2003-12-08,29.663542
2003-12-09,28.981731
2003-12-10,29.091146
2003-12-11,29.714071
2003-12-12,29.663542
2003-12-15,29.276337
2003-12-16,29.335262
2003-12-17,29.385767
2003-12-18,29.932913
2003-12-19,29.848732
2003-12-22,29.941328
2003-12-23,30.168594
2003-12-24,30.230909
2003-12-26,30.188812
2003-12-29,30.685644
2003-12-30,30.786695
2003-12-31,30.702488
2004-01-02,30.618288
2004-01-05,31.233015
2004-01-06,31.443537
2004-01-07,31.729826
2004-01-08,31.982458
2004-01-09,31.771935
2004-01-12,32.277191
2004-01-13,31.957230
2004-01-14,32.066669
2004-01-15,32.150875
2004-01-16,32.479298
2004-01-20,32.454044
2004-01-21,32.319313
2004-01-22,32.125595
2004-01-23,32.007729
2004-01-26,32.496147
2004-01-27,31.780369
2004-01-28,31.241428
2004-01-29,31.359327
2004-01-30,31.216166
2004-02-02,31.131950
2004-02-03,31.098282
2004-02-04,30.593035
2004-02-05,30.710903
2004-02-06,31.266699
2004-02-09,31.258270
2004-02-10,31.308798
2004-02-11,31.645639
2004-02-12,31.367746
2004-02-13,31.106691
2004-02-17,31.527739
2004-02-18,31.620375
2004-02-19,31.140375
2004-02-20,31.039314
2004-02-23,30.694073
2004-02-24,30.618288
2004-02-25,30.803549
2004-02-26,30.879313
2004-02-27,30.795132
2004-03-01,31.199335
2004-03-02,30.837219
2004-03-03,30.668806
2004-03-04,30.955111
2004-03-05,30.845646
2004-03-08,30.121468
2004-03-09,30.028820
2004-03-10,29.633032
2004-03-11,29.363575
2004-03-12,29.902525
2004-03-15,29.380419
2004-03-16,29.430954
2004-03-17,29.894085
2004-03-18,29.759338
2004-03-19,29.262518
2004-03-22,28.892000
2004-03-23,28.656216
2004-03-24,28.984634
2004-03-25,29.759338
2004-03-26,29.658304
2004-03-29,30.138292
2004-03-30,30.239346
2004-03-31,30.180384
2004-04-01,30.449863
2004-04-02,31.241428
2004-04-05,31.536163
2004-04-06,31.140375
2004-04-07,31.106691
2004-04-08,31.106691
2004-04-12,31.300365
2004-04-13,30.845646
2004-04-14,30.997231
2004-04-15,30.441450
2004-04-16,30.390928
2004-04-19,30.761438
2004-04-20,30.045660
2004-04-21,30.306719
2004-04-22,31.089849
2004-04-23,31.334053
2004-04-26,31.106691
2004-04-27,31.047743
2004-04-28,30.483543
2004-04-29,30.011978
2004-04-30,29.279364
2004-05-03,29.557249
2004-05-04,29.683571
2004-05-05,29.919363
2004-05-06,29.691977
2004-05-07,29.447781
2004-05-10,29.195150
2004-05-11,29.633032
2004-05-12,29.691977
2004-05-13,29.481462
2004-05-14,29.262518
2004-05-17,28.984634
2004-05-18,29.245674
2004-05-19,29.211981
2004-05-20,29.346729
2004-05-21,29.489891
2004-05-24,29.691977
2004-05-25,30.281448
2004-05-26,30.475113
2004-05-27,30.668806
2004-05-28,30.778269
2004-06-01,30.736166
2004-06-02,30.668806
2004-06-03,30.298298
2004-06-04,30.475113
2004-06-07,31.199335
2004-06-08,31.241428
2004-06-09,30.803549
2004-06-10,31.022491
2004-06-14,30.584600
2004-06-15,30.980379
2004-06-16,30.929865
2004-06-17,30.643528
2004-06-18,30.685644
2004-06-21,30.441450
2004-06-22,30.887743
2004-06-23,31.258270
2004-06-24,31.199335
2004-06-25,31.435095
2004-06-28,31.174051
2004-06-29,31.468794
2004-06-30,31.780369
2004-07-01,31.190916
2004-07-02,31.005630
2004-07-06,30.340382
2004-07-07,30.399342
2004-07-08,30.062511
2004-07-09,30.104628
2004-07-12,29.978304
2004-07-13,29.936190
2004-07-14,29.633032
2004-07-15,29.531971
2004-07-16,29.195150
2004-07-19,29.136208
2004-07-20,29.835131
2004-07-21,28.967783
2004-07-22,29.363575
2004-07-23,28.807785
2004-07-26,28.681473
2004-07-27,29.077255
2004-07-28,28.950951
2004-07-29,29.287779
2004-07-30,29.380419
2004-08-02,29.439358
2004-08-03,28.824636
2004-08-04,28.833065
2004-08-05,28.294121
2004-08-06,27.553083
2004-08-09,27.620441
2004-08-10,27.965704
2004-08-11,27.721502
2004-08-12,27.342567
2004-08-13,27.384668
2004-08-16,27.696241
2004-08-17,28.007812
2004-08-18,28.504650
2004-08-19,28.353064
2004-08-20,28.639380
2004-08-23,28.706758
2004-08-24,28.698328
2004-08-25,29.094109
2004-08-26,28.967783
2004-08-27,29.102518
2004-08-30,28.614105
2004-08-31,28.647810
2004-09-01,28.858318
2004-09-02,29.287779
2004-09-03,28.748856
2004-09-07,28.993059
2004-09-08,28.883577
2004-09-09,29.127773
2004-09-10,29.574083
2004-09-13,29.961452
2004-09-14,30.003555
2004-09-15,29.683571
2004-09-16,29.742504
2004-09-17,29.835131
2004-09-20,29.835131
2004-09-21,29.953030
2004-09-22,29.430954
2004-09-23,29.405663
2004-09-24,29.304621
2004-09-27,29.051994
2004-09-28,29.110949
2004-09-29,29.540413
2004-09-30,29.590935
2004-10-01,30.399342
2004-10-04,30.576183
2004-10-05,30.618288
2004-10-06,30.862499
2004-10-07,30.517239
2004-10-08,29.961452
2004-10-11,30.104628
2004-10-12,30.054077
2004-10-13,29.986721
2004-10-14,29.851984
2004-10-15,30.003555
2004-10-18,30.433018
2004-10-19,30.214088
2004-10-20,30.357229
2004-10-21,30.820372
2004-10-22,30.146736
2004-10-25,30.003555
2004-10-26,30.163551
2004-10-27,30.929865
2004-10-28,31.123522
2004-10-29,31.073000
2004-11-01,31.190916
2004-11-02,31.291954
2004-11-03,31.502459
2004-11-04,31.679308
2004-11-05,31.965622
2004-11-08,31.999308
2004-11-09,31.931906
2004-11-10,31.822477
2004-11-11,32.243504
2004-11-12,32.555080
2004-11-15,32.698231
2004-11-16,32.496147
2004-11-17,32.934029
2004-11-18,33.085587
2004-11-19,32.571922
2004-11-22,32.883495
2004-11-23,32.832973
2004-11-24,33.119278
2004-11-26,33.018246
2004-11-29,33.009819
2004-11-30,32.942436
2004-12-01,33.616100
2004-12-02,33.742420
2004-12-03,33.792950
2004-12-06,33.910851
2004-12-07,33.329807
2004-12-08,33.523483
2004-12-09,33.725590
2004-12-10,33.624550
2004-12-13,33.919262
2004-12-14,34.087669
2004-12-15,33.961380
2004-12-16,33.641373
2004-12-17,33.555515
2004-12-20,33.325985
2004-12-21,33.734035
2004-12-22,33.776543
2004-12-23,33.802040
2004-12-27,33.657524
2004-12-28,33.980576
2004-12-29,34.023094
2004-12-30,33.997597
2004-12-31,33.938080
2005-01-03,33.581020
2005-01-04,32.968906
2005-01-05,32.764889
2005-01-06,32.603344
2005-01-07,32.773369
2005-01-10,32.756363
2005-01-11,32.526798
2005-01-12,32.798878
2005-01-13,32.365284
2005-01-14,32.671337
2005-01-18,32.917889
2005-01-19,32.373791
2005-01-20,31.753180
2005-01-21,31.498144
2005-01-24,31.056057
2005-01-25,31.209089
2005-01-26,31.583138
2005-01-27,31.540653
2005-01-28,31.387623
2005-01-31,31.795694
2005-02-01,31.897705
2005-02-02,31.948734
2005-02-03,31.583138
2005-02-04,32.093254
2005-02-07,32.025246
2005-02-08,32.084751
2005-02-09,31.549160
2005-02-10,31.583138
2005-02-11,32.050751
2005-02-14,32.195263
2005-02-15,32.407795
2005-02-16,32.288784
2005-02-17,31.855219
2005-02-18,31.753180
2005-02-22,31.362118
2005-02-23,31.404631
2005-02-24,31.804188
2005-02-25,31.982708
2005-02-28,31.642672
2005-03-01,31.991226
2005-03-02,31.974236
2005-03-03,31.710682
2005-03-04,31.897705
2005-03-07,32.356796
2005-03-08,32.033737
2005-03-09,31.940210
2005-03-10,31.897705
2005-03-11,31.600149
2005-03-14,31.744694
2005-03-15,31.489653
2005-03-16,31.132566
2005-03-17,31.209089
2005-03-18,31.039061
2005-03-21,31.098585
2005-03-22,30.715984
2005-03-23,30.826527
2005-03-24,30.835026
2005-03-28,30.894527
2005-03-29,30.647987
2005-03-30,31.226093
2005-03-31,31.090065
2005-04-01,30.775522
2005-04-04,30.996553
2005-04-05,31.081568
2005-04-06,31.030544
2005-04-07,31.404631
2005-04-08,31.149576
2005-04-11,31.013544
2005-04-12,31.166586
2005-04-13,30.656490
2005-04-14,30.222908
2005-04-15,29.534290
2005-04-18,29.542788
2005-04-19,29.746822
2005-04-20,29.500292
2005-04-21,30.282431
2005-04-22,29.831846
2005-04-25,30.078386
2005-04-26,29.797836
2005-04-27,29.840340
2005-04-28,29.542788
2005-04-29,29.738312
2005-05-02,29.857334
2005-05-03,30.010389
2005-05-04,30.375927
2005-05-05,30.401443
2005-05-06,30.486452
2005-05-09,30.630974
2005-05-10,30.409952
2005-05-11,30.562963
2005-05-12,30.477949
2005-05-13,30.809523
2005-05-16,31.013544
2005-05-17,31.200569
2005-05-18,31.625648
2005-05-19,31.889204
2005-05-20,32.016739
2005-05-23,32.178257
2005-05-24,32.280293
2005-05-25,32.144241
2005-05-26,32.467316
2005-05-27,32.484325
2005-05-31,32.373791
2005-06-01,32.637341
2005-06-02,32.866879
2005-06-03,32.390797
2005-06-06,32.399307
2005-06-07,32.127262
2005-06-08,32.059235
2005-06-09,32.263298
2005-06-10,31.923210
2005-06-13,32.076241
2005-06-14,31.948734
2005-06-15,32.050751
2005-06-16,32.220776
2005-06-17,32.225029
2005-06-20,32.225029
2005-06-21,32.208000
2005-06-22,32.173954
2005-06-23,31.816580
2005-06-24,31.459162
2005-06-27,31.314518
2005-06-28,31.612360
2005-06-29,31.544268
2005-06-30,31.297506
2005-07-01,31.254953
2005-07-05,31.578308
2005-07-06,31.425142
2005-07-07,31.535732
2005-07-08,32.139931
2005-07-11,32.437752
2005-07-12,32.590931
2005-07-13,32.667507
2005-07-14,32.990860
2005-07-15,33.092964
2005-07-18,32.956825
2005-07-19,33.339767
2005-07-20,33.578014
2005-07-21,33.586540
2005-07-22,33.543991
2005-07-25,33.416348
2005-07-26,33.543991
2005-07-27,33.799259
2005-07-28,33.960941
2005-07-29,33.680126
2005-08-01,33.739689
2005-08-02,34.105595
2005-08-03,34.088593
2005-08-04,33.756706
2005-08-05,33.595039
2005-08-08,33.348263
2005-08-09,33.569527
2005-08-10,33.280186
2005-08-11,33.552490
2005-08-12,33.365295
2005-08-15,33.569527
2005-08-16,33.024914
2005-08-17,33.220631
2005-08-18,33.050430
2005-08-19,33.033417
2005-08-22,33.050430
2005-08-23,32.956825
2005-08-24,32.761101
2005-08-25,32.837681
2005-08-26,32.727100
2005-08-29,32.982365
2005-08-30,32.863213
2005-08-31,33.169563
2005-09-01,33.118507
2005-09-02,32.990860
2005-09-06,33.475914
2005-09-07,33.535454
2005-09-08,33.526962
2005-09-09,33.714157
2005-09-12,33.807774
2005-09-13,33.722683
2005-09-14,33.339767
2005-09-15,33.322746
2005-09-16,33.526962
2005-09-19,33.263172
2005-09-20,33.127010
2005-09-21,32.761101
2005-09-22,32.880245
2005-09-23,32.973850
2005-09-26,32.982365
2005-09-27,32.905773
2005-09-28,32.914284
2005-09-29,33.356781
2005-09-30,33.578014
2005-10-03,33.663086
2005-10-04,33.441868
2005-10-05,32.982365
2005-10-06,32.548374
2005-10-07,32.624962
2005-10-10,32.446259
2005-10-11,32.284599
2005-10-12,31.901670
2005-10-13,32.148434
2005-10-14,32.386711
2005-10-17,32.488796
2005-10-18,32.259056
2005-10-19,32.905773
2005-10-20,32.599422
2005-10-21,32.803661
2005-10-24,33.322746
2005-10-25,33.195103
2005-10-26,33.024914
2005-10-27,32.361183
2005-10-28,32.607937
2005-10-31,33.075966
2005-11-01,33.050430
2005-11-02,33.484394
2005-11-03,33.986473
2005-11-04,34.105595
2005-11-07,34.148136
2005-11-08,34.156628
2005-11-09,34.173664
2005-11-10,34.548080
2005-11-11,34.641685
2005-11-14,34.641685
2005-11-15,34.480019
2005-11-16,34.692726
2005-11-17,35.152252
2005-11-18,35.271389
2005-11-21,35.356483
2005-11-22,35.484119
2005-11-23,35.569206
2005-11-25,35.645794
2005-11-28,35.347950
2005-11-29,35.177769
2005-11-30,35.092705
2005-12-01,35.747906
2005-12-02,35.833004
2005-12-05,35.569206
2005-12-06,35.688351
2005-12-07,35.620255
2005-12-08,35.364990
2005-12-09,35.501133
2005-12-12,35.628773
2005-12-13,35.773434
2005-12-14,35.654305
2005-12-15,35.713860
2005-12-16,35.467339
2005-12-19,34.904392
2005-12-20,34.929958
2005-12-21,35.083508
2005-12-22,35.313820
2005-12-23,35.313820
2005-12-27,35.006744
2005-12-28,34.964088
2005-12-29,34.733795
2005-12-30,34.469372
2006-01-03,35.237053
2006-01-04,35.603817
2006-01-05,35.757359
2006-01-06,36.405632
2006-01-09,36.550652
2006-01-10,36.576233
2006-01-11,36.857723
2006-01-12,36.678593
2006-01-13,36.661530
2006-01-17,36.422695
2006-01-18,36.004738
2006-01-19,36.269161
2006-01-20,35.185848
2006-01-23,35.194393
2006-01-24,35.347923
2006-01-25,35.194393
2006-01-26,35.441753
2006-01-27,35.919426
2006-01-30,35.987694
2006-01-31,35.825600
2006-02-01,35.953556
2006-02-02,35.339401
2006-02-03,34.904392
2006-02-06,34.810532
2006-02-07,34.657009
2006-02-08,35.057915
2006-02-09,34.725250
2006-02-10,34.938496
2006-02-13,34.537594
2006-02-14,34.887325
2006-02-15,35.109074
2006-02-16,35.433228
2006-02-17,35.151756
2006-02-21,34.759380
2006-02-22,35.194393
2006-02-23,35.100574
2006-02-24,35.194393
2006-02-27,35.586769
2006-02-28,35.057915
2006-03-01,35.535595
2006-03-02,35.561176
2006-03-03,35.356476
2006-03-06,35.049370
2006-03-07,34.844666
2006-03-08,34.861729
2006-03-09,34.563187
2006-03-10,34.597294
2006-03-13,34.699665
2006-03-14,35.288227
2006-03-15,35.586769
2006-03-16,35.288227
2006-03-17,35.381275
2006-03-20,35.466621
2006-03-21,35.091038
2006-03-22,35.176418
2006-03-23,35.073952
2006-03-24,35.253223
2006-03-27,35.261772
2006-03-28,35.116646
2006-03-29,35.782444
2006-03-30,35.893417
2006-03-31,35.791004
2006-04-03,35.833660
2006-04-04,36.029991
2006-04-05,36.371429
2006-04-06,36.473858
2006-04-07,36.123886
2006-04-10,36.072670
2006-04-11,35.782444
2006-04-12,35.791004
2006-04-13,35.936085
2006-04-17,35.560520
2006-04-18,36.243397
2006-04-19,36.405582
2006-04-20,36.277534
2006-04-21,35.850727
2006-04-24,35.816597
2006-04-25,35.739765
2006-04-26,35.731251
2006-04-27,36.072670
2006-04-28,35.722702
2006-05-01,35.372715
2006-05-02,35.466621
2006-05-03,35.415421
2006-05-04,35.705639
2006-05-05,35.987301
2006-05-08,36.021465
2006-05-09,35.884884
2006-05-10,35.569050
2006-05-11,34.775234
2006-05-12,34.305733
2006-05-15,34.280136
2006-05-16,34.024063
2006-05-17,33.563126
2006-05-18,33.332657
2006-05-19,33.588726
2006-05-22,33.264362
2006-05-23,32.939995
2006-05-24,33.161934
2006-05-25,33.597263
2006-05-26,33.708237
2006-05-30,32.982697
2006-05-31,33.136314
2006-06-01,33.921635
2006-06-02,33.836281
2006-06-05,33.102188
2006-06-06,33.076565
2006-06-07,32.829025
2006-06-08,32.777832
2006-06-09,32.564426
2006-06-12,31.924234
2006-06-13,31.796198
2006-06-14,32.120544
2006-06-15,32.991222
2006-06-16,32.748634
2006-06-19,32.483860
2006-06-20,32.526550
2006-06-21,33.039055
2006-06-22,32.620510
2006-06-23,32.586346
2006-06-26,32.671745
2006-06-27,32.056774
2006-06-28,32.295918
2006-06-29,33.278217
2006-06-30,33.115925
2006-07-03,33.312382
2006-07-05,32.586346
2006-07-06,32.552189
2006-07-07,32.193432
2006-07-10,31.911554
2006-07-11,32.150719
2006-07-12,31.544266
2006-07-13,31.014677
2006-07-14,30.698641
2006-07-17,30.775515
2006-07-18,30.878016
2006-07-19,31.279476
2006-07-20,30.818209
2006-07-21,30.493639
2006-07-24,31.100103
2006-07-25,31.279476
2006-07-26,31.253855
2006-07-27,31.048849
2006-07-28,31.698025
2006-07-31,31.689487
2006-08-01,31.159883
2006-08-02,31.510088
2006-08-03,31.706545
2006-08-04,31.561352
2006-08-07,31.356342
2006-08-08,31.159883
2006-08-09,31.202608
2006-08-10,31.424690
2006-08-11,31.202608
2006-08-14,31.407602
2006-08-15,32.201988
2006-08-16,32.962166
2006-08-17,33.081757
2006-08-18,33.133007
2006-08-21,32.816975
2006-08-22,32.825531
2006-08-23,32.577793
2006-08-24,32.671745
2006-08-25,32.731544
2006-08-28,32.979271
2006-08-29,33.081757
2006-08-30,33.235516
2006-08-31,33.201332
2006-09-01,33.380718
2006-09-05,33.705311
2006-09-06,33.030495
2006-09-07,32.876770
2006-09-08,33.073215
2006-09-11,33.278217
2006-09-12,33.893215
2006-09-13,34.123848
2006-09-14,34.157997
2006-09-15,34.280220
2006-09-18,34.288788
2006-09-19,34.058010
2006-09-20,34.553707
2006-09-21,34.340057
2006-09-22,34.075100
2006-09-25,34.673363
2006-09-26,34.844280
2006-09-27,34.801579
2006-09-28,34.895565
2006-09-29,34.741726
2006-10-02,34.305862
2006-10-03,34.451164
2006-10-04,35.297256
2006-10-05,35.468193
2006-10-06,35.391277
2006-10-09,35.510914
2006-10-10,35.570763
2006-10-11,35.502377
2006-10-12,36.066456
2006-10-13,36.263027
2006-10-16,36.297188
2006-10-17,35.895512
2006-10-18,35.724579
2006-10-19,35.810070
2006-10-20,35.895512
2006-10-23,36.263027
2006-10-24,36.015190
2006-10-25,36.263027
2006-10-26,36.596329
2006-10-27,36.075001
2006-10-30,36.305748
2006-10-31,36.391235
2006-11-01,35.895512
2006-11-02,35.929703
2006-11-03,35.835697
2006-11-06,36.357044
2006-11-07,36.604874
2006-11-08,36.775810
2006-11-09,36.604874
2006-11-10,36.775810
2006-11-13,37.151867
2006-11-14,37.545002
2006-11-15,37.698860
2006-11-16,37.861233
2006-11-17,37.861233
2006-11-20,37.938137
2006-11-21,37.989429
2006-11-22,38.228729
2006-11-24,38.160362
2006-11-27,37.297150
2006-11-28,37.408268
2006-11-29,37.664642
2006-11-30,37.639023
2006-12-01,37.314251
2006-12-04,37.827038
2006-12-05,37.963806
2006-12-06,37.827038
2006-12-07,37.348442
2006-12-08,37.519363
2006-12-11,37.656101
2006-12-12,37.433891
2006-12-13,37.502277
2006-12-14,37.921036
2006-12-15,38.018612
2006-12-18,37.642113
2006-12-19,37.522305
2006-12-20,37.385387
2006-12-21,37.120125
2006-12-22,36.735054
2006-12-26,36.889076
2006-12-27,37.077351
2006-12-28,36.897659
2006-12-29,36.931862
2007-01-03,37.000305
2007-01-04,37.701992
2007-01-05,37.522305
2007-01-08,37.547985
2007-01-09,37.736221
2007-01-10,38.181194
2007-01-11,38.574810
2007-01-12,38.771626
2007-01-16,38.745945
2007-01-17,38.429337
2007-01-18,37.719112
2007-01-19,37.796112
2007-01-22,37.385387
2007-01-23,37.291267
2007-01-24,37.907368
2007-01-25,37.419617
2007-01-26,37.282700
2007-01-29,37.316933
2007-01-30,37.334045
2007-01-31,37.710552
2007-02-01,37.650661
2007-02-02,37.787556
2007-02-05,37.753338
2007-02-06,37.701992
2007-02-07,38.044270
2007-02-08,38.035721
2007-02-09,37.547985
2007-02-12,37.402489
2007-02-13,37.530849
2007-02-14,38.164089
2007-02-15,38.386555
2007-02-16,38.258198
2007-02-20,38.549122
2007-02-21,38.668941
2007-02-22,38.865738
2007-02-23,38.728832
2007-02-26,38.540569
2007-02-27,36.957535
2007-02-28,37.077351
2007-03-01,36.906185
2007-03-02,36.349995
2007-03-05,36.067612
2007-03-06,36.666595
2007-03-07,36.521122
2007-03-08,36.769283
2007-03-09,36.735054
2007-03-12,36.974655
2007-03-13,36.255840
2007-03-14,36.786400
2007-03-15,36.700829
2007-03-16,36.672569
2007-03-19,37.049313
2007-03-20,37.314766
2007-03-21,38.034012
2007-03-22,37.896980
2007-03-23,37.777122
2007-03-26,37.931259
2007-03-27,37.665813
2007-03-28,37.263390
2007-03-29,37.306198
2007-03-30,37.271942
2007-04-02,37.323322
2007-04-03,37.811371
2007-04-04,37.965500
2007-04-05,38.153866
2007-04-09,38.059681
2007-04-10,38.256599
2007-04-11,37.854172
2007-04-12,38.153866
2007-04-13,38.230927
2007-04-16,38.581963
2007-04-17,38.667614
2007-04-18,38.539165
2007-04-19,38.659054
2007-04-20,38.873100
2007-04-23,38.933048
2007-04-24,39.129971
2007-04-25,39.652287
2007-04-26,39.857765
2007-04-27,39.874893
2007-04-30,39.352589
2007-05-01,39.318340
2007-05-02,39.746460
2007-05-03,39.892006
2007-05-04,39.926270
2007-05-07,39.926270
2007-05-08,40.011902
2007-05-09,40.097507
2007-05-10,39.549503
2007-05-11,40.054718
2007-05-14,39.780689
2007-05-15,39.472462
2007-05-16,39.857765
2007-05-17,39.669403
2007-05-18,39.994766
2007-05-21,40.251640
2007-05-22,40.285889
2007-05-23,40.097507
2007-05-24,39.523834
2007-05-25,39.772152
2007-05-29,40.080395
2007-05-30,40.405746
2007-05-31,40.594151
2007-06-01,40.619820
2007-06-04,40.739712
2007-06-05,40.739712
2007-06-06,40.303013
2007-06-07,39.677975
2007-06-08,40.166008
2007-06-11,40.088955
2007-06-12,39.849224
2007-06-13,40.285889
2007-06-14,40.551319
2007-06-15,40.925777
2007-06-18,40.934345
2007-06-19,40.925777
2007-06-20,40.540176
2007-06-21,40.908657
2007-06-22,40.523045
2007-06-25,40.351673
2007-06-26,40.120289
2007-06-27,40.737282
2007-06-28,40.720146
2007-06-29,40.788689
2007-07-02,41.157150
2007-07-03,41.397091
2007-07-05,41.697006
2007-07-06,41.868374
2007-07-09,41.894100
2007-07-10,41.542751
2007-07-11,41.825542
2007-07-12,42.468189
2007-07-13,42.759586
2007-07-16,42.716709
2007-07-17,43.042351
2007-07-18,42.990925
2007-07-19,43.119461
2007-07-20,42.888100
2007-07-23,42.905235
2007-07-24,42.271145
2007-07-25,42.331116
2007-07-26,41.971230
2007-07-27,41.122890
2007-07-30,41.602753
2007-07-31,40.728706
2007-08-01,41.045753
2007-08-02,41.422791
2007-08-03,40.634441
2007-08-06,41.105747
2007-08-07,41.397091
2007-08-08,41.851257
2007-08-09,40.882946
2007-08-10,40.514481
2007-08-13,40.788689
2007-08-14,40.094585
2007-08-15,39.331936
2007-08-16,38.946346
2007-08-17,39.683273
2007-08-20,39.871792
2007-08-21,40.291672
2007-08-22,40.840096
2007-08-23,40.728706
2007-08-24,41.302834
2007-08-27,41.028625
2007-08-28,40.051739
2007-08-29,41.199993
2007-08-30,41.414215
2007-08-31,41.876957
2007-09-04,42.571072
2007-09-05,42.142593
2007-09-06,42.108311
2007-09-07,41.328541
2007-09-10,41.302834
2007-09-11,41.928383
2007-09-12,41.936924
2007-09-13,42.142593
2007-09-14,42.176868
2007-09-17,41.825542
2007-09-18,42.879520
2007-09-19,42.990925
2007-09-20,42.870956
2007-09-21,43.176186
2007-09-24,43.373386
2007-09-25,43.784904
2007-09-26,43.999245
2007-09-27,44.222149
2007-09-28,44.076405
2007-10-01,44.582249
2007-10-02,44.590824
2007-10-03,44.282162
2007-10-04,44.385036
2007-10-05,45.285275
2007-10-08,45.568195
2007-10-09,45.765381
2007-10-10,45.876839
2007-10-11,45.148098
2007-10-12,45.893959
2007-10-15,45.542461
2007-10-16,45.328121
2007-10-17,45.911148
2007-10-18,46.108311
2007-10-19,44.959476
2007-10-22,45.499607
2007-10-23,46.451260
2007-10-24,46.099751
2007-10-25,45.482445
2007-10-26,46.236912
2007-10-29,46.425541
2007-10-30,46.519855
2007-10-31,47.180004
2007-11-01,46.296936
2007-11-02,46.657021
2007-11-05,46.356956
2007-11-06,46.879932
2007-11-07,45.739662
2007-11-08,44.350742
2007-11-09,42.867519
2007-11-12,41.778698
2007-11-13,43.501980
2007-11-14,42.944695
2007-11-15,42.713215
2007-11-16,43.107601
2007-11-19,42.610329
2007-11-20,42.781815
2007-11-21,42.275944
2007-11-23,42.730358
2007-11-26,41.993050
2007-11-27,42.833248
2007-11-28,44.136421
2007-11-29,44.325047
2007-11-30,43.990654
2007-12-03,43.622009
2007-12-04,43.441956
2007-12-05,44.222149
2007-12-06,44.856598
2007-12-07,44.865166
2007-12-10,45.045208
2007-12-11,43.999245
2007-12-12,44.393623
2007-12-13,44.153561
2007-12-14,43.699150
2007-12-17,42.636040
2007-12-18,42.773224
2007-12-19,42.764648
2007-12-20,43.639145
2007-12-21,44.499962
2007-12-24,44.834694
2007-12-26,45.057827
2007-12-27,44.517136
2007-12-28,44.474224
2007-12-31,43.959278
2008-01-02,43.264111
2008-01-03,43.444324
2008-01-04,41.539021
2008-01-07,41.341621
2008-01-08,40.268829
2008-01-09,41.127079
2008-01-10,41.187153
2008-01-11,40.380394
2008-01-14,41.084167
2008-01-15,39.951286
2008-01-16,39.522148
2008-01-17,38.972874
2008-01-18,38.921375
2008-01-22,37.917236
2008-01-23,37.771328
2008-01-24,38.543751
2008-01-25,37.754162
2008-01-28,38.045967
2008-01-29,38.114635
2008-01-30,38.080307
2008-01-31,38.732559
2008-02-01,39.127354
2008-02-04,38.578106
2008-02-05,37.479515
2008-02-06,36.741432
2008-02-07,36.998913
2008-02-08,37.419464
2008-02-11,37.822838
2008-02-12,37.608257
2008-02-13,38.432182
2008-02-14,37.737003
2008-02-15,37.608257
2008-02-19,37.539616
2008-02-20,37.711254
2008-02-21,37.350803
2008-02-22,37.488125
2008-02-25,37.676941
2008-02-26,37.822838
2008-02-27,38.011650
2008-02-28,37.865749
2008-02-29,36.861591
2008-03-03,36.621288
2008-03-04,36.827248
2008-03-05,37.007484
2008-03-06,36.192169
2008-03-07,36.106323
2008-03-10,35.411160
2008-03-11,36.758606
2008-03-12,36.655624
2008-03-13,36.938828
2008-03-14,36.260822
2008-03-17,35.599979
2008-03-18,37.187717
2008-03-19,36.269394
2008-03-20,37.010651
2008-03-24,38.290436
2008-03-25,38.505165
2008-03-26,38.393494
2008-03-27,37.543167
2008-03-28,37.354214
2008-03-31,37.551765
2008-04-01,39.157936
2008-04-02,39.072037
2008-04-03,39.157936
2008-04-04,39.389839
2008-04-07,39.303947
2008-04-08,39.003326
2008-04-09,38.565277
2008-04-10,39.115002
2008-04-11,38.032761
2008-04-14,37.860977
2008-04-15,37.912518
2008-04-16,38.968990
2008-04-17,38.883083
2008-04-18,40.119926
2008-04-21,40.403374
2008-04-22,39.802132
2008-04-23,40.240170
2008-04-24,40.600906
2008-04-25,40.497837
2008-04-28,40.575157
2008-04-29,40.884354
2008-04-30,40.549366
2008-05-01,41.829166
2008-05-02,41.889294
2008-05-05,41.769039
2008-05-06,42.026718
2008-05-07,41.262287
2008-05-08,41.571503
2008-05-09,41.408291
2008-05-12,42.164143
2008-05-13,42.275791
2008-05-14,42.181324
2008-05-15,42.919979
2008-05-16,42.954334
2008-05-19,42.645126
2008-05-20,42.318741
2008-05-21,41.382530
2008-05-22,41.528553
2008-05-23,41.399715
2008-05-27,42.129784
2008-05-28,42.301552
2008-05-29,42.679478
2008-05-30,42.954334
2008-06-02,42.430401
2008-06-03,42.198494
2008-06-04,42.739609
2008-06-05,43.418148
2008-06-06,42.112602
2008-06-09,41.889294
2008-06-10,41.691738
2008-06-11,40.686794
2008-06-12,40.729748
2008-06-13,41.545719
2008-06-16,41.915043
2008-06-17,41.691738
2008-06-18,41.245117
2008-06-19,41.889294
2008-06-20,40.758167
2008-06-23,40.440136
2008-06-24,40.233849
2008-06-25,40.887096
2008-06-26,39.236847
2008-06-27,39.236847
2008-06-30,38.824253
2008-07-01,39.374359
2008-07-02,38.428879
2008-07-03,38.360115
2008-07-07,38.592182
2008-07-08,39.511868
2008-07-09,38.463257
2008-07-10,38.918808
2008-07-11,38.299957
2008-07-14,38.016315
2008-07-15,38.024910
2008-07-16,38.970379
2008-07-17,39.228241
2008-07-18,38.325741
2008-07-21,38.489048
2008-07-22,38.489048
2008-07-23,38.996178
2008-07-24,38.411678
2008-07-25,38.910213
2008-07-28,38.179619
2008-07-29,38.970379
2008-07-30,39.168053
2008-07-31,39.073513
2008-08-01,38.574989
2008-08-04,38.188221
2008-08-05,39.477489
2008-08-06,40.079140
2008-08-07,39.769733
2008-08-08,40.672207
2008-08-11,41.041809
2008-08-12,41.084782
2008-08-13,40.998821
2008-08-14,41.471565
2008-08-15,41.394203
2008-08-18,40.912880
2008-08-19,40.405750
2008-08-20,40.474525
2008-08-21,40.285431
2008-08-22,40.818325
2008-08-25,39.958820
2008-08-26,39.907249
2008-08-27,40.165096
2008-08-28,40.491711
2008-08-29,39.640793
2008-09-02,39.150871
2008-09-03,38.781288
2008-09-04,37.526379
2008-09-05,37.345901
2008-09-08,37.277134
2008-09-09,36.486378
2008-09-10,36.787209
2008-09-11,37.474819
2008-09-12,37.328709
2008-09-15,36.168354
2008-09-16,36.452011
2008-09-17,34.561073
2008-09-18,35.730003
2008-09-19,36.898018
2008-09-22,35.160633
2008-09-23,34.894005
2008-09-24,35.134827
2008-09-25,35.693878
2008-09-26,35.332661
2008-09-29,32.528751
2008-09-30,33.466240
2008-10-01,33.113602
2008-10-02,31.608459
2008-10-03,31.118168
2008-10-06,29.982870
2008-10-07,28.082064
2008-10-08,27.858429
2008-10-09,27.110149
2008-10-10,26.938129
2008-10-13,30.215078
2008-10-14,28.907761
2008-10-15,26.318865
2008-10-16,27.746626
2008-10-17,27.781023
2008-10-20,28.555098
2008-10-21,27.075741
2008-10-22,26.327471
2008-10-23,26.224247
2008-10-24,25.381351
2008-10-27,24.676085
2008-10-28,27.402590
2008-10-29,27.333775
2008-10-30,28.245474
2008-10-31,28.288475
2008-11-03,28.228273
2008-11-04,29.028164
2008-11-05,27.514395
2008-11-06,26.284458
2008-11-07,26.826319
2008-11-10,26.465086
2008-11-11,25.888809
2008-11-12,24.693289
2008-11-13,26.198446
2008-11-14,24.925518
2008-11-17,24.400864
2008-11-18,24.375053
2008-11-19,23.102108
2008-11-20,21.983997
2008-11-21,22.938700
2008-11-24,24.340651
2008-11-25,24.228838
2008-11-26,25.243746
2008-11-28,25.045921
2008-12-01,23.162323
2008-12-02,23.936398
2008-12-03,24.615871
2008-12-04,23.919197
2008-12-05,24.891115
2008-12-08,25.871611
2008-12-09,25.811411
2008-12-10,25.725401
2008-12-11,25.020121
2008-12-12,25.527580
2008-12-15,25.080330
2008-12-16,26.284458
2008-12-17,25.966221
2008-12-18,25.510376
2008-12-19,25.719673
2008-12-22,25.159805
2008-12-23,25.030611
2008-12-24,25.099518
2008-12-26,25.090893
2008-12-29,24.884180
2008-12-30,25.400984
2008-12-31,25.616323
2009-01-02,26.727449
2009-01-05,26.718834
2009-01-06,26.985847
2009-01-07,26.219261
2009-01-08,26.494900
2009-01-09,25.900570
2009-01-12,25.426832
2009-01-13,25.435446
2009-01-14,24.660233
2009-01-15,25.065063
2009-01-16,25.340694
2009-01-20,24.083134
2009-01-21,25.108130
2009-01-22,24.772207
2009-01-23,24.892792
2009-01-26,25.073671
2009-01-27,25.254547
2009-01-28,26.141739
2009-01-29,25.478508
2009-01-30,25.030611
2009-02-02,25.332077
2009-02-03,25.728300
2009-02-04,25.762747
2009-02-05,26.331232
2009-02-06,27.020309
2009-02-09,27.132284
2009-02-10,26.133120
2009-02-11,26.012535
2009-02-12,26.331232
2009-02-13,26.210644
2009-02-17,25.168423
2009-02-18,25.185656
2009-02-19,24.798038
2009-02-20,24.866953
2009-02-23,23.996996
2009-02-24,24.789436
2009-02-25,24.625778
2009-02-26,23.936703
2009-02-27,23.712755
2009-03-02,22.946159
2009-03-03,22.928934
2009-03-04,23.540495
2009-03-05,22.834187
2009-03-06,22.653301
2009-03-09,22.170952
2009-03-10,23.540495
2009-03-11,23.902246
2009-03-12,24.694683
2009-03-13,24.754972
2009-03-16,24.341536
2009-03-17,25.263168
2009-03-18,25.581861
2009-03-19,25.564642
2009-03-20,25.175539
2009-03-23,26.659492
2009-03-24,26.167711
2009-03-25,26.288504
2009-03-26,27.099495
2009-03-27,26.590471
2009-03-30,25.934763
2009-03-31,26.159084
2009-04-01,26.547333
2009-04-02,27.401470
2009-04-03,27.910498
2009-04-06,27.841492
2009-04-07,27.108139
2009-04-08,27.565392
2009-04-09,28.419533
2009-04-13,28.376398
2009-04-14,28.031292
2009-04-15,27.953648
2009-04-16,28.678373
2009-04-17,28.738762
2009-04-20,27.815607
2009-04-21,28.203844
2009-04-22,28.290131
2009-04-23,28.566202
2009-04-24,29.066607
2009-04-27,29.101118
2009-04-28,28.885431
2009-04-29,29.282307
2009-04-30,29.575644
2009-05-01,29.653307
2009-05-04,30.239958
2009-05-05,30.214087
2009-05-06,30.222708
2009-05-07,29.515244
2009-05-08,29.532507
2009-05-11,29.636038
2009-05-12,29.273680
2009-05-13,28.488552
2009-05-14,28.807781
2009-05-15,28.790520
2009-05-18,29.541132
2009-05-19,29.679176
2009-05-20,29.575644
2009-05-21,29.032091
2009-05-22,28.937197
2009-05-26,30.015650
2009-05-27,29.808582
2009-05-28,30.153692
2009-05-29,30.524683
2009-06-01,31.396069
2009-06-02,31.439224
2009-06-03,31.344328
2009-06-04,31.698048
2009-06-05,31.732542
2009-06-08,31.637657
2009-06-09,31.879244
2009-06-10,31.767057
2009-06-11,31.767057
2009-06-12,31.620409
2009-06-15,30.973320
2009-06-16,30.671360
2009-06-17,30.964693
2009-06-18,30.904305
2009-06-19,31.236017
2009-06-22,30.303083
2009-06-23,30.233984
2009-06-24,30.743641
2009-06-25,31.348312
2009-06-26,31.417418
2009-06-29,31.486534
2009-06-30,31.426048
2009-07-01,31.443346
2009-07-02,30.752272
2009-07-06,30.588148
2009-07-07,29.827980
2009-07-08,29.983461
2009-07-09,30.035299
2009-07-10,30.164869
2009-07-13,30.743641
2009-07-14,30.855934
2009-07-15,31.892530
2009-07-16,32.272610
2009-07-17,32.445377
2009-07-20,32.756340
2009-07-21,32.980946
2009-07-22,33.257378
2009-07-23,33.991608
2009-07-24,33.732468
2009-07-27,33.991608
2009-07-28,33.758392
2009-07-29,33.982986
2009-07-30,34.181675
2009-07-31,34.078011
2009-08-03,34.587662
2009-08-04,34.587662
2009-08-05,34.319885
2009-08-06,34.017540
2009-08-07,34.449463
2009-08-10,34.207592
2009-08-11,33.913864
2009-08-12,34.440804
2009-08-13,34.630852
2009-08-14,34.233490
2009-08-17,33.240082
2009-08-18,33.715202
2009-08-19,33.948421
2009-08-20,34.345787
2009-08-21,34.803612
2009-08-24,34.769070
2009-08-25,34.872738
2009-08-26,34.812271
2009-08-27,34.898640
2009-08-28,34.933178
2009-08-31,34.579025
2009-09-01,33.931152
2009-09-02,33.905235
2009-09-03,34.129845
2009-09-04,34.864090
2009-09-08,35.192345
2009-09-09,35.494686
2009-09-10,35.831596
2009-09-11,35.866131
2009-09-14,36.004333
2009-09-15,36.116657
2009-09-16,36.643581
2009-09-17,36.634941
2009-09-18,36.696327
2009-09-21,36.808735
2009-09-22,36.877918
2009-09-23,36.704975
2009-09-24,36.376404
2009-09-25,36.056465
2009-09-28,36.670403
2009-09-29,36.506096
2009-09-30,36.532036
2009-10-01,35.451210
2009-10-02,35.347450
2009-10-05,35.632782
2009-10-06,36.263985
2009-10-07,36.367775
2009-10-08,36.523392
2009-10-09,36.730919
2009-10-12,36.808735
2009-10-13,36.817375
2009-10-14,37.318890
2009-10-15,37.232414
2009-10-16,36.990330
2009-10-19,37.362118
2009-10-20,37.370750
2009-10-21,37.301594
2009-10-22,37.448586
2009-10-23,37.292934
2009-10-26,37.171894
2009-10-27,36.609859
2009-10-28,35.788422
2009-10-29,36.393711
2009-10-30,35.416622
2009-11-02,35.563614
2009-11-03,35.676022
2009-11-04,35.736546
2009-11-05,36.618496
2009-11-06,36.834671
2009-11-09,37.621517
2009-11-10,37.716625
2009-11-11,37.958729
2009-11-12,37.742569
2009-11-13,38.053852
2009-11-16,38.442963
2009-11-17,38.564007
2009-11-18,38.347836
2009-11-19,37.751217
2009-11-20,37.560982
2009-11-23,38.166256
2009-11-24,38.036556
2009-11-25,38.200844
2009-11-27,37.621517
2009-11-30,37.664761
2009-12-01,38.053852
2009-12-02,38.105736
2009-12-03,37.950096
2009-12-04,38.148960
2009-12-07,37.967381
2009-12-08,37.733940
2009-12-09,38.114388
2009-12-10,38.304607
2009-12-11,38.157616
2009-12-14,38.520756
2009-12-15,38.304607
2009-12-16,38.356480
2009-12-17,37.889561
2009-12-18,38.507095
2009-12-21,38.940159
2009-12-22,39.174004
2009-12-23,39.459805
2009-12-24,39.823570
2009-12-28,40.031452
2009-12-29,39.866882
2009-12-30,39.988152
2009-12-31,39.624367
2010-01-04,40.204662
2010-01-05,40.204662
2010-01-06,39.962162
2010-01-07,39.988152
2010-01-08,40.317265
2010-01-11,40.152706
2010-01-12,39.650349
2010-01-13,40.144043
2010-01-14,40.178684
2010-01-15,39.710983
2010-01-19,40.351906
2010-01-20,39.771618
2010-01-21,39.399189
2010-01-22,38.247272
2010-01-25,38.377186
2010-01-26,38.411819
2010-01-27,38.714977
2010-01-28,37.718925
2010-01-29,37.060719
2010-02-01,37.467747
2010-02-02,37.805550
2010-02-03,38.013420
2010-02-04,36.913460
2010-02-05,37.225254
2010-02-08,36.956776
2010-02-09,37.337849
2010-02-10,37.259903
2010-02-11,37.822868
2010-02-12,37.900814
2010-02-16,38.385838
2010-02-17,38.602360
2010-02-18,38.844887
2010-02-19,38.827549
2010-02-22,38.749619
2010-02-23,38.247272
2010-02-24,38.637016
2010-02-25,38.628345
2010-02-26,38.766930
2010-03-01,39.329895
2010-03-02,39.451160
2010-03-03,39.494461
2010-03-04,39.624367
2010-03-05,40.221992
2010-03-08,40.299919
2010-03-09,40.525120
2010-03-10,40.854248
2010-03-11,41.010159
2010-03-12,41.018826
2010-03-15,40.914883
2010-03-16,41.174706
2010-03-17,41.287292
2010-03-18,41.425896
2010-03-19,41.175312
2010-03-22,41.548115
2010-03-23,41.834251
2010-03-24,41.634827
2010-03-25,41.574146
2010-03-26,41.617504
2010-03-29,41.816902
2010-03-30,41.955627
2010-03-31,41.756218
2010-04-01,41.756218
2010-04-05,42.146385
2010-04-06,42.267769
2010-04-07,42.163719
2010-04-08,42.259094
2010-04-09,42.510517
2010-04-12,42.545223
2010-04-13,42.761959
2010-04-14,43.273510
2010-04-15,43.464272
2010-04-16,42.944042
2010-04-19,42.918056
2010-04-20,43.134796
2010-04-21,43.377560
2010-04-22,43.620319
2010-04-23,43.802425
2010-04-26,43.707047
2010-04-27,42.779308
2010-04-28,42.805317
2010-04-29,43.550968
2010-04-30,42.692612
2010-05-03,43.290874
2010-05-04,41.990314
2010-05-05,41.773552
2010-05-06,40.377628
2010-05-07,39.371880
2010-05-10,41.418072
2010-05-11,41.374714
2010-05-12,42.155041
2010-05-13,41.487434
2010-05-14,40.689774
2010-05-17,40.819820
2010-05-18,40.256260
2010-05-19,39.935440
2010-05-20,38.452827
2010-05-21,38.877678
2010-05-24,38.721596
2010-05-25,38.756290
2010-05-26,38.322765
2010-05-27,39.770721
2010-05-28,39.536606
2010-06-01,39.172459
2010-06-02,40.100189
2010-06-03,40.481670
2010-06-04,39.094421
2010-06-07,38.383465
2010-06-08,38.314095
2010-06-09,37.993298
2010-06-10,39.077076
2010-06-11,39.449913
2010-06-14,39.441242
2010-06-15,40.499027
2010-06-16,40.663757
2010-06-17,40.793808
2010-06-18,40.827686
2010-06-21,40.480217
2010-06-22,40.167492
2010-06-23,40.002434
2010-06-24,39.394371
2010-06-25,39.402210
2010-06-28,39.262955
2010-06-29,37.748497
2010-06-30,37.174038
2010-07-01,37.069603
2010-07-02,36.965153
2010-07-06,37.078289
2010-07-07,38.262016
2010-07-08,38.470894
2010-07-09,38.836460
2010-07-12,38.949600
2010-07-13,39.454430
2010-07-14,39.654629
2010-07-15,39.689426
2010-07-16,38.592758
2010-07-19,38.923492
2010-07-20,39.393517
2010-07-21,38.853859
2010-07-22,39.837399
2010-07-23,40.089813
2010-07-26,40.420563
2010-07-27,40.403145
2010-07-28,40.081093
2010-07-29,39.785175
2010-07-30,39.872200
2010-08-02,40.620724
2010-08-03,40.446674
2010-08-04,40.855751
2010-08-05,40.759995
2010-08-06,40.699066
2010-08-09,40.977596
2010-08-10,40.620724
2010-08-11,39.515354
2010-08-12,39.202019
2010-08-13,38.923492
2010-08-16,38.993118
2010-08-17,39.489243
2010-08-18,39.645916
2010-08-19,39.045349
2010-08-20,39.097569
2010-08-23,38.714611
2010-08-24,37.992195
2010-08-25,38.357761
2010-08-26,37.896439
2010-08-27,38.357761
2010-08-30,37.957378
2010-08-31,37.826820
2010-09-01,38.958321
2010-09-02,39.393517
2010-09-03,40.046288
2010-09-07,39.776474
2010-09-08,40.255192
2010-09-09,40.411858
2010-09-10,40.559826
2010-09-13,41.125565
2010-09-14,41.299656
2010-09-15,41.560768
2010-09-16,41.726128
2010-09-17,41.867474
2010-09-20,42.600307
2010-09-21,42.591579
2010-09-22,42.478172
2010-09-23,42.460712
2010-09-24,43.324402
2010-09-27,43.088856
2010-09-28,43.071388
2010-09-29,43.001610
2010-09-30,42.809666
2010-10-01,42.757343
2010-10-04,42.294949
2010-10-05,43.324402
2010-10-06,42.949276
2010-10-07,43.106300
2010-10-08,43.402927
2010-10-11,43.420364
2010-10-12,43.716995
2010-10-13,44.074692
2010-10-14,43.987450
2010-10-15,44.920937
2010-10-18,44.755177
2010-10-19,44.336403
2010-10-20,44.659206
2010-10-21,44.746464
2010-10-22,45.051777
2010-10-25,45.269913
2010-10-26,45.392040
2010-10-27,45.531631
2010-10-28,45.627586
2010-10-29,45.522911
2010-11-01,45.557793
2010-11-02,46.046368
2010-11-03,46.255756
2010-11-04,46.822803
2010-11-05,46.822803
2010-11-08,46.883877
2010-11-09,46.630894
2010-11-10,46.866436
2010-11-11,46.569809
2010-11-12,45.810814
2010-11-15,45.636333
2010-11-16,44.886036
2010-11-17,45.016891
2010-11-18,45.741016
2010-11-19,45.775906
2010-11-22,46.159775
2010-11-23,45.426956
2010-11-24,46.342979
2010-11-26,46.037624
2010-11-29,46.002739
2010-11-30,45.444397
2010-12-01,46.404068
2010-12-02,46.875175
2010-12-03,46.997307
2010-12-06,46.979858
2010-12-07,47.006035
2010-12-08,47.180519
2010-12-09,47.224144
2010-12-10,47.538212
2010-12-13,47.372440
2010-12-14,47.459682
2010-12-15,47.250305
2010-12-16,47.616741
2010-12-17,47.658665
2010-12-20,47.693642
2010-12-21,47.982101
2010-12-22,47.973358
2010-12-23,47.850990
2010-12-27,47.877213
2010-12-28,47.789791
2010-12-29,47.894707
2010-12-30,47.781040
2010-12-31,47.606236
2011-01-03,48.349247
2011-01-04,48.314301
2011-01-05,48.725140
2011-01-06,48.882488
2011-01-07,48.838783
2011-01-10,49.022346
2011-01-11,49.092270
2011-01-12,49.441944
2011-01-13,49.459419
2011-01-14,49.826565
2011-01-18,49.966442
2011-01-19,49.398235
2011-01-20,49.048576
2011-01-21,48.672691
2011-01-24,49.345787
2011-01-25,49.415726
2011-01-26,49.677952
2011-01-27,49.983917
2011-01-28,48.716400
2011-01-31,48.952419
2011-02-01,49.870270
2011-02-02,49.791599
2011-02-03,49.879025
2011-02-04,50.158749
2011-02-07,50.394772
2011-02-08,50.726933
2011-02-09,50.639530
2011-02-10,50.718204
2011-02-11,51.085350
2011-02-14,51.207729
2011-02-15,51.137798
2011-02-16,51.469971
2011-02-17,51.452499
2011-02-18,51.338840
2011-02-22,49.852795
2011-02-23,49.441944
2011-02-24,49.704185
2011-02-25,50.394772
2011-02-28,50.499676
2011-03-01,49.686714
2011-03-02,49.948956
2011-03-03,50.936749
2011-03-04,50.674503
2011-03-07,49.992645
2011-03-08,50.193710
2011-03-09,49.852795
2011-03-10,49.074806
2011-03-11,49.380753
2011-03-14,49.205929
2011-03-15,48.506596
2011-03-16,47.335243
2011-03-17,47.772320
2011-03-18,47.664639
2011-03-21,48.583790
2011-03-22,48.496269
2011-03-23,48.767628
2011-03-24,49.634266
2011-03-25,49.756805
2011-03-28,49.485451
2011-03-29,49.966896
2011-03-30,50.203262
2011-03-31,50.273281
2011-04-01,50.299545
2011-04-04,50.133224
2011-04-05,50.001911
2011-04-06,50.124462
2011-04-07,50.089451
2011-04-08,49.853115
2011-04-11,49.686787
2011-04-12,49.345383
2011-04-13,49.765556
2011-04-14,49.678017
2011-04-15,49.590496
2011-04-18,49.240349
2011-04-19,49.546722
2011-04-20,50.667210
2011-04-21,51.069893
2011-04-25,51.201191
2011-04-26,51.490067
2011-04-27,51.840221
2011-04-28,51.761444
2011-04-29,51.717670
2011-05-02,51.621399
2011-05-03,51.376270
2011-05-04,51.297485
2011-05-05,51.017361
2011-05-06,51.183678
2011-05-09,51.376270
2011-05-10,51.813957
2011-05-11,51.437546
2011-05-12,51.743938
2011-05-13,51.131176
2011-05-16,50.247013
2011-05-17,50.387085
2011-05-18,50.807262
2011-05-19,50.956081
2011-05-20,50.570942
2011-05-23,49.826839
2011-05-24,49.520466
2011-05-25,49.713036
2011-05-26,50.019413
2011-05-27,50.273281
2011-05-31,51.087399
2011-06-01,49.975658
2011-06-02,50.080723
2011-06-03,49.327873
2011-06-06,48.925201
2011-06-07,48.837650
2011-06-08,48.487499
2011-06-09,48.575039
2011-06-10,47.830975
2011-06-13,47.830975
2011-06-14,48.443733
2011-06-15,47.524586
2011-06-16,47.340767
2011-06-17,47.192478
2011-06-20,47.438133
2011-06-21,48.455860
2011-06-22,48.104931
2011-06-23,48.552376
2011-06-24,47.710121
2011-06-27,48.473419
2011-06-28,49.192829
2011-06-29,49.394627
2011-06-30,50.052631
2011-07-01,50.807159
2011-07-05,51.061596
2011-07-06,51.228275
2011-07-07,51.930145
2011-07-08,51.789768
2011-07-11,50.851009
2011-07-12,50.465008
2011-07-13,50.675541
2011-07-14,50.087734
2011-07-15,50.754517
2011-07-18,50.482525
2011-07-19,51.631863
2011-07-20,51.412518
2011-07-21,51.754677
2011-07-22,52.289867
2011-07-25,52.184582
2011-07-26,52.316193
2011-07-27,50.965076
2011-07-28,51.052811
2011-07-29,50.886105
2011-08-01,50.649227
2011-08-02,49.368309
2011-08-03,49.842068
2011-08-04,47.525867
2011-08-05,47.227581
2011-08-08,44.384968
2011-08-09,46.525692
2011-08-10,44.621864
2011-08-11,46.587128
2011-08-12,46.999477
2011-08-15,47.692566
2011-08-16,47.288986
2011-08-17,47.008228
2011-08-18,44.700825
2011-08-19,43.893669
2011-08-22,44.051579
2011-08-23,45.867691
2011-08-24,46.227417
2011-08-25,45.472893
2011-08-26,46.613419
2011-08-29,47.911903
2011-08-30,48.227753
2011-08-31,48.306721
2011-09-01,47.868038
2011-09-02,46.745037
2011-09-06,46.753815
2011-09-07,47.938213
2011-09-08,47.718887
2011-09-09,46.657295
2011-09-12,47.253895
2011-09-13,47.885586
2011-09-14,48.569916
2011-09-15,49.289341
2011-09-16,49.741138
2011-09-19,49.758724
2011-09-20,49.538979
2011-09-21,48.677593
2011-09-22,47.095409
2011-09-23,47.596439
2011-09-26,48.150204
2011-09-27,48.651199
2011-09-28,47.930447
2011-09-29,47.359112
2011-09-30,46.137341
2011-10-03,44.950726
2011-10-04,45.873631
2011-10-05,47.051468
2011-10-06,47.842548
2011-10-07,47.526112
2011-10-10,49.169796
2011-10-11,49.503815
2011-10-12,49.749912
2011-10-13,50.206993
2011-10-14,51.138691
2011-10-17,50.347633
2011-10-18,50.971699
2011-10-19,49.987236
2011-10-20,49.741138
2011-10-21,50.365196
2011-10-24,51.411179
2011-10-25,50.400364
2011-10-26,50.338837
2011-10-27,51.727631
2011-10-28,51.806713
2011-10-31,50.936546
2011-11-01,49.609283
2011-11-02,50.031185
2011-11-03,51.068382
2011-11-04,50.804688
2011-11-07,51.165066
2011-11-08,51.753983
2011-11-09,49.934505
2011-11-10,49.908131
2011-11-11,50.848652
2011-11-14,50.532223
2011-11-15,51.094753
2011-11-16,50.250935
2011-11-17,49.073105
2011-11-18,48.695160
2011-11-21,47.763451
2011-11-22,47.921658
2011-11-23,46.840515
2011-11-25,46.480148
2011-11-28,48.097454
2011-11-29,47.798592
2011-11-30,49.565338
2011-12-01,49.908131
2011-12-02,49.767494
2011-12-05,50.312454
2011-12-06,50.171829
2011-12-07,50.171829
2011-12-08,49.328022
2011-12-09,50.119083
2011-12-12,49.556538
2011-12-13,49.011581
2011-12-14,48.246864
2011-12-15,48.115036
2011-12-16,48.362747
2011-12-19,47.886692
2011-12-20,49.306026
2011-12-21,48.600769
2011-12-22,49.015091
2011-12-23,49.438274
2011-12-27,49.622662
2011-12-28,49.049156
2011-12-29,49.402103
2011-12-30,49.260902
2012-01-03,50.205021
2012-01-04,50.416771
2012-01-05,50.831482
2012-01-06,51.007950
2012-01-09,50.840302
2012-01-10,51.210880
2012-01-11,51.316769
2012-01-12,51.519695
2012-01-13,51.334404
2012-01-17,51.802040
2012-01-18,52.490265
2012-01-19,52.816738
2012-01-20,52.737324
2012-01-23,52.754993
2012-01-24,52.657917
2012-01-25,53.319660
2012-01-26,53.134369
2012-01-27,53.293201
2012-01-30,53.337311
2012-01-31,53.407883
2012-02-01,53.840237
2012-02-02,54.007900
2012-02-03,54.749050
2012-02-06,54.704941
2012-02-07,54.819645
2012-02-08,55.110821
2012-02-09,55.507874
2012-02-10,55.119648
2012-02-13,55.631386
2012-02-14,55.772556
2012-02-15,55.384331
2012-02-16,56.143150
2012-02-17,55.966686
2012-02-21,56.125507
2012-02-22,55.869629
2012-02-23,56.240211
2012-02-24,56.434322
2012-02-27,56.513737
2012-02-28,57.087231
2012-02-29,56.831375
2012-03-01,57.281364
2012-03-02,57.237267
2012-03-05,56.646084
2012-03-06,56.090218
2012-03-07,56.522556
2012-03-08,57.131367
2012-03-09,57.369598
2012-03-12,57.396061
2012-03-13,58.463707
2012-03-14,58.666622
2012-03-15,58.834278
2012-03-16,58.792744
2012-03-19,59.208145
2012-03-20,59.314205
2012-03-21,59.323048
2012-03-22,59.199299
2012-03-23,59.163937
2012-03-26,60.198025
2012-03-27,60.286411
2012-03-28,60.047817
2012-03-29,59.817997
2012-03-30,59.703094
2012-04-02,60.321789
2012-04-03,60.304089
2012-04-04,59.482147
2012-04-05,59.853352
2012-04-09,59.402592
2012-04-10,58.448029
2012-04-11,58.730869
2012-04-12,59.402592
2012-04-13,58.501060
2012-04-16,57.847023
2012-04-17,59.022533
2012-04-18,58.872288
2012-04-19,58.209412
2012-04-20,58.050331
2012-04-23,57.520027
2012-04-24,57.210678
2012-04-25,58.730869
2012-04-26,59.075569
2012-04-27,59.429123
2012-04-30,59.004868
2012-05-01,59.102089
2012-05-02,59.270020
2012-05-03,58.642487
2012-05-04,57.184143
2012-05-07,57.237206
2012-05-08,57.025078
2012-05-09,56.848305
2012-05-10,56.733398
2012-05-11,56.724567
2012-05-14,56.194256
2012-05-15,56.008648
2012-05-16,55.628609
2012-05-17,54.453114
2012-05-18,53.746033
2012-05-21,55.248558
2012-05-22,55.186680
2012-05-23,55.292759
2012-05-24,54.930386
2012-05-25,54.859669
2012-05-29,55.557896
2012-05-30,55.089470
2012-05-31,54.850826
2012-06-01,53.392502
2012-06-04,53.799068
2012-06-05,54.020023
2012-06-06,55.257385
2012-06-07,55.036434
2012-06-08,55.566750
2012-06-11,54.629883
2012-06-12,55.292759
2012-06-13,54.912708
2012-06-14,55.115990
2012-06-15,55.800743
2012-06-18,56.323414
2012-06-19,56.908092
2012-06-20,56.952377
2012-06-21,55.534988
2012-06-22,56.119671
2012-06-25,55.038918
2012-06-26,55.384388
2012-06-27,55.721035
2012-06-28,55.100910
2012-06-29,56.837227
2012-07-02,57.005527
2012-07-03,57.483887
2012-07-05,57.519341
2012-07-06,56.801785
2012-07-09,56.695480
2012-07-10,56.137383
2012-07-11,55.827328
2012-07-12,55.304695
2012-07-13,56.146244
2012-07-16,55.986790
2012-07-17,56.279121
2012-07-18,57.040966
2012-07-19,57.669930
2012-07-20,56.908092
2012-07-23,56.217113
2012-07-24,55.774178
2012-07-25,55.402126
2012-07-26,56.137383
2012-07-27,57.466183
2012-07-30,57.421906
2012-07-31,57.404175
2012-08-01,57.235851
2012-08-02,57.032131
2012-08-03,58.112869
2012-08-06,58.555790
2012-08-07,59.043022
2012-08-08,59.016457
2012-08-09,59.193634
2012-08-10,59.229069
2012-08-13,59.370800
2012-08-14,59.397369
2012-08-15,59.547997
2012-08-16,60.256664
2012-08-17,60.522442
2012-08-20,60.611000
2012-08-21,60.371838
2012-08-22,60.619858
2012-08-23,60.123795
2012-08-24,60.495850
2012-08-27,60.593296
2012-08-28,60.593296
2012-08-29,60.593296
2012-08-30,59.982037
2012-08-31,60.380692
2012-09-04,60.318676
2012-09-05,60.256664
2012-09-06,61.594326
2012-09-07,61.505718
2012-09-10,60.717331
2012-09-11,60.619858
2012-09-12,60.797050
2012-09-13,61.620895
2012-09-14,62.170155
2012-09-17,62.196743
2012-09-18,62.249878
2012-09-19,62.365032
2012-09-20,62.303024
2012-09-21,62.320797
2012-09-24,61.956558
2012-09-25,61.085892
2012-09-26,60.588413
2012-09-27,61.423500
2012-09-28,60.917130
2012-10-01,60.828285
2012-10-02,61.005974
2012-10-03,61.396847
2012-10-04,61.610077
2012-10-05,61.281380
2012-10-08,60.721684
2012-10-09,59.753326
2012-10-10,59.451263
2012-10-11,59.264709
2012-10-12,59.238071
2012-10-15,59.673378
2012-10-16,60.517345
2012-10-17,60.481819
2012-10-18,59.779980
2012-10-19,58.349674
2012-10-22,58.651726
2012-10-23,58.092018
2012-10-24,57.887707
2012-10-25,57.887707
2012-10-26,58.056499
2012-10-31,57.701134
2012-11-01,58.518459
2012-11-02,57.896591
2012-11-05,58.278595
2012-11-06,58.385193
2012-11-07,57.008194
2012-11-08,56.110924
2012-11-09,56.350784
2012-11-12,56.341904
2012-11-13,55.951008
2012-11-14,55.293602
2012-11-15,55.107044
2012-11-16,55.346882
2012-11-19,56.661732
2012-11-20,56.679478
2012-11-21,56.794987
2012-11-23,57.656723
2012-11-26,57.905476
2012-11-27,57.710011
2012-11-28,58.207531
2012-11-29,58.554008
2012-11-30,58.456291
2012-12-03,58.340775
2012-12-04,58.305256
2012-12-05,57.656723
2012-12-06,58.029861
2012-12-07,57.683380
2012-12-10,57.852169
2012-12-11,58.607304
2012-12-12,58.482933
2012-12-13,58.020958
2012-12-14,57.470173
2012-12-17,58.234184
2012-12-18,59.122589
2012-12-19,58.864937
2012-12-20,58.864937
2012-12-21,58.245838
2012-12-24,58.129715
2012-12-26,57.620518
2012-12-27,57.531174
2012-12-28,56.977318
2012-12-31,58.183311
2013-01-02,60.032528
2013-01-03,59.719864
2013-01-04,59.523331
2013-01-07,59.541191
2013-01-08,59.425068
2013-01-09,59.648380
2013-01-10,60.005737
2013-01-11,60.086128
2013-01-14,59.818127
2013-01-15,59.523331
2013-01-16,59.764538
2013-01-17,60.050411
2013-01-18,59.916389
2013-01-22,60.014645
2013-01-23,60.380932
2013-01-24,59.550117
2013-01-25,59.853867
2013-01-28,59.987873
2013-01-29,59.996811
2013-01-30,59.871731
2013-01-31,59.737747
2013-02-01,60.443485
2013-02-04,59.389324
2013-02-05,60.264812
2013-02-06,60.068302
2013-02-07,60.121876
2013-02-08,60.738281
2013-02-11,60.756161
2013-02-12,60.505997
2013-02-13,60.720409
2013-02-14,60.702526
2013-02-15,60.523876
2013-02-19,60.961597
2013-02-20,60.023632
2013-02-21,59.380394
2013-02-22,59.978947
2013-02-25,59.237480
2013-02-26,59.460789
2013-02-27,60.068302
2013-02-28,59.943184
2013-03-01,60.193314
2013-03-04,60.461349
2013-03-05,61.354687
2013-03-06,61.202808
2013-03-07,61.363586
2013-03-08,61.435081
2013-03-11,61.613731
2013-03-12,61.390415
2013-03-13,61.310017
2013-03-14,61.515469
2013-03-15,61.344452
2013-03-18,61.210129
2013-03-19,61.093739
2013-03-20,61.523529
2013-03-21,60.825127
2013-03-22,61.416077
2013-03-25,61.192238
2013-03-26,61.523529
2013-03-27,61.604134
2013-03-28,61.756348
2013-04-01,61.335514
2013-04-02,61.819016
2013-04-03,61.254906
2013-04-04,61.272800
2013-04-05,60.762444
2013-04-08,61.084805
2013-04-09,61.496666
2013-04-10,62.696491
2013-04-11,62.669655
2013-04-12,62.624901
2013-04-15,61.389240
2013-04-16,62.204060
2013-04-17,60.986279
2013-04-18,60.144623
2013-04-19,60.968388
2013-04-22,61.595184
2013-04-23,62.186146
2013-04-24,62.159267
2013-04-25,62.490578
2013-04-26,62.293591
2013-04-29,62.866665
2013-04-30,63.323303
2013-05-01,63.027821
2013-05-02,63.824734
2013-05-03,64.576912
2013-05-06,64.827591
2013-05-07,64.791779
2013-05-08,65.105156
2013-05-09,65.015633
2013-05-10,65.409637
2013-05-13,65.490196
2013-05-14,65.830444
2013-05-15,65.964760
2013-05-16,65.893112
2013-05-17,66.528877
2013-05-20,66.430382
2013-05-21,66.502014
2013-05-22,65.919991
2013-05-23,65.767754
2013-05-24,65.731949
2013-05-28,66.161789
2013-05-29,65.848358
2013-05-30,66.197586
2013-05-31,65.588684
2013-06-03,65.705093
2013-06-04,65.364845
2013-06-05,64.514214
2013-06-06,64.827591
2013-06-07,65.714050
2013-06-10,65.740913
2013-06-11,65.087257
2013-06-12,64.335098
2013-06-13,65.149925
2013-06-14,64.720161
2013-06-17,65.346939
2013-06-18,65.884209
2013-06-19,65.149925
2013-06-20,63.600899
2013-06-21,63.263138
2013-06-24,62.634380
2013-06-25,63.092495
2013-06-26,63.658367
2013-06-27,63.927887
2013-06-28,64.017662
2013-07-01,64.412888
2013-07-02,64.439873
2013-07-03,64.700317
2013-07-05,65.194374
2013-07-08,65.257240
2013-07-09,65.652458
2013-07-10,66.029762
2013-07-11,67.341148
2013-07-12,67.637589
2013-07-15,67.790321
2013-07-16,67.700462
2013-07-17,67.871101
2013-07-18,67.700462
2013-07-19,66.999832
2013-07-22,67.197433
2013-07-23,66.703430
2013-07-24,66.919006
2013-07-25,67.341148
2013-07-26,67.700462
2013-07-29,67.574707
2013-07-30,67.933990
2013-07-31,68.059761
2013-08-01,68.751404
2013-08-02,69.137665
2013-08-05,69.182564
2013-08-06,68.769402
2013-08-07,68.643600
2013-08-08,68.984962
2013-08-09,68.706482
2013-08-12,68.868141
2013-08-13,69.254402
2013-08-14,68.993927
2013-08-15,67.826218
2013-08-16,67.799271
2013-08-19,67.682495
2013-08-20,67.978897
2013-08-21,67.745384
2013-08-22,68.410057
2013-08-23,68.868141
2013-08-26,68.904121
2013-08-27,67.493835
2013-08-28,67.754341
2013-08-29,68.230408
2013-08-30,67.790321
2013-09-03,68.176575
2013-09-04,68.904121
2013-09-05,69.020866
2013-09-06,69.101707
2013-09-09,69.910141
2013-09-10,70.251442
2013-09-11,70.116722
2013-09-12,70.071815
2013-09-13,70.116722
2013-09-16,69.928078
2013-09-17,70.395210
2013-09-18,71.239517
2013-09-19,71.410210
2013-09-20,71.165138
2013-09-23,71.020988
2013-09-24,71.020988
2013-09-25,70.777756
2013-09-26,71.327301
2013-09-27,71.237228
2013-09-30,71.066040
2013-10-01,71.786812
2013-10-02,71.759758
2013-10-03,70.921890
2013-10-04,71.534546
2013-10-07,70.939903
2013-10-08,69.570511
2013-10-09,69.354256
2013-10-10,70.822792
2013-10-11,71.381378
2013-10-14,71.885872
2013-10-15,71.606644
2013-10-16,72.417427
2013-10-17,72.831909
2013-10-18,74.012108
2013-10-21,74.174278
2013-10-22,74.282372
2013-10-23,73.831924
2013-10-24,74.156273
2013-10-25,74.687813
2013-10-28,74.705818
2013-10-29,74.831985
2013-10-30,74.759911
2013-10-31,74.588707
2013-11-01,74.606720
2013-11-04,74.714859
2013-11-05,74.795921
2013-11-06,74.777893
2013-11-07,73.372459
2013-11-08,74.363464
2013-11-11,74.246361
2013-11-12,74.363464
2013-11-13,75.264427
2013-11-14,75.498672
2013-11-15,75.642822
2013-11-18,74.904037
2013-11-19,74.687813
2013-11-20,74.507622
2013-11-21,75.264427
2013-11-22,75.669823
2013-11-25,75.850044
2013-11-26,76.246437
2013-11-27,76.777992
2013-11-29,77.237480
2013-12-02,77.012268
2013-12-03,76.949142
2013-12-04,77.021233
2013-12-05,76.922134
2013-12-06,77.480705
2013-12-09,77.796059
2013-12-10,77.741974
2013-12-11,76.741920
2013-12-12,76.543739
2013-12-13,76.444626
2013-12-16,76.868088
2013-12-17,76.714935
2013-12-18,77.606834
2013-12-19,77.390633
2013-12-20,78.178757
2013-12-23,79.001236
2013-12-24,79.037361
2013-12-26,79.299446
2013-12-27,79.100632
2013-12-30,78.983078
2013-12-31,79.498276
2014-01-02,78.874680
2014-01-03,78.305244
2014-01-06,78.016075
2014-01-07,78.739113
2014-01-08,78.910820
2014-01-09,78.648712
2014-01-10,78.901787
2014-01-13,77.735870
2014-01-14,79.218102
2014-01-15,79.868881
2014-01-16,79.877892
2014-01-17,79.425980
2014-01-21,80.031563
2014-01-22,80.239403
2014-01-23,79.968285
2014-01-24,78.395638
2014-01-27,77.636467
2014-01-28,77.591278
2014-01-29,76.759758
2014-01-30,78.178757
2014-01-31,77.970863
2014-02-03,76.181335
2014-02-04,76.741707
2014-02-05,76.542892
2014-02-06,77.518951
2014-02-07,78.901787
2014-02-10,79.353691
2014-02-11,80.257515
2014-02-12,80.411133
2014-02-13,81.007614
2014-02-14,81.170334
2014-02-18,81.567986
2014-02-19,81.007614
2014-02-20,81.387207
2014-02-21,81.278763
2014-02-24,81.712608
2014-02-25,81.622200
2014-02-26,81.549904
2014-02-27,82.079010
2014-02-28,81.988258
2014-03-03,81.380188
2014-03-04,82.414841
2014-03-05,82.641701
2014-03-06,82.569092
2014-03-07,82.160736
2014-03-10,82.233292
2014-03-11,81.879364
2014-03-12,82.187935
2014-03-13,81.026283
2014-03-14,80.472641
2014-03-17,81.180550
2014-03-18,82.160736
2014-03-19,81.716019
2014-03-20,81.942886
2014-03-21,80.956871
2014-03-24,80.247368
2014-03-25,80.511147
2014-03-26,79.474182
2014-03-27,79.028419
2014-03-28,79.183075
2014-03-31,79.747078
2014-04-01,81.147888
2014-04-02,81.357094
2014-04-03,80.711235
2014-04-04,78.564545
2014-04-07,77.818657
2014-04-08,78.537254
2014-04-09,79.883492
2014-04-10,77.409332
2014-04-11,76.508774
2014-04-14,77.109123
2014-04-15,77.363853
2014-04-16,78.391701
2014-04-17,78.409935
2014-04-21,78.992027
2014-04-22,79.619728
2014-04-23,78.919296
2014-04-24,79.674294
2014-04-25,78.400818
2014-04-28,78.655525
2014-04-29,79.283150
2014-04-30,79.492355
2014-05-01,79.728851
2014-05-02,79.583321
2014-05-05,80.001740
2014-05-06,78.964752
2014-05-07,78.737366
2014-05-08,78.664581
2014-05-09,78.955681
2014-05-12,80.256432
2014-05-13,80.311020
2014-05-14,79.892593
2014-05-15,79.264954
2014-05-16,79.783424
2014-05-19,80.338303
2014-05-20,80.047249
2014-05-21,80.811317
2014-05-22,81.166054
2014-05-23,81.757301
2014-05-27,82.776115
2014-05-28,82.521408
2014-05-29,83.049026
2014-05-30,83.058060
2014-06-02,82.976234
2014-06-03,82.939835
2014-06-04,83.249130
2014-06-05,83.949516
2014-06-06,84.431610
2014-06-09,84.367966
2014-06-10,84.513519
2014-06-11,84.495308
2014-06-12,83.731216
2014-06-13,83.976822
2014-06-16,84.049591
2014-06-17,84.095085
2014-06-18,84.568054
2014-06-19,84.513519
2014-06-20,84.612915
2014-06-23,84.631142
2014-06-24,84.549095
2014-06-25,85.087219
2014-06-26,85.132820
2014-06-27,85.506767
2014-06-30,85.652702
2014-07-01,86.592117
2014-07-02,86.738068
2014-07-03,87.285286
2014-07-07,87.020790
2014-07-08,85.971893
2014-07-09,86.610367
2014-07-10,86.336739
2014-07-11,86.893089
2014-07-14,87.412933
2014-07-15,87.112030
2014-07-16,87.458580
2014-07-17,86.300308
2014-07-18,87.668358
2014-07-21,87.558922
2014-07-22,88.115295
2014-07-23,88.680748
2014-07-24,88.580444
2014-07-25,88.233841
2014-07-28,88.261169
2014-07-29,88.106155
2014-07-30,88.452751
2014-07-31,86.665092
2014-08-01,86.345879
2014-08-04,86.938713
2014-08-05,86.272896
2014-08-06,86.209038
2014-08-07,85.935425
2014-08-08,86.555618
2014-08-11,87.066368
2014-08-12,87.029900
2014-08-13,87.951088
2014-08-14,88.407143
2014-08-15,88.835793
2014-08-18,89.519867
2014-08-19,90.021515
2014-08-20,90.021515
2014-08-21,90.203926
2014-08-22,90.340721
2014-08-25,90.659958
2014-08-26,90.751175
2014-08-27,90.769379
2014-08-28,90.669083
2014-08-29,91.006546
2014-09-02,91.271034
2014-09-03,90.732933
2014-09-04,90.650841
2014-09-05,91.106880
2014-09-08,91.280159
2014-09-09,90.523155
2014-09-10,91.271034
2014-09-11,91.198044
2014-09-12,90.732933
2014-09-15,89.857323
2014-09-16,90.641716
2014-09-17,90.778534
2014-09-18,91.462540
2014-09-19,91.405914
2014-09-22,90.555641
2014-09-23,90.308784
2014-09-24,91.277908
2014-09-25,89.358002
2014-09-26,90.308784
2014-09-29,90.189957
2014-09-30,90.317947
2014-10-01,88.873444
2014-10-02,88.873444
2014-10-03,89.751122
2014-10-06,89.559135
2014-10-07,88.288300
2014-10-08,90.007080
2014-10-09,88.553474
2014-10-10,86.341003
2014-10-13,84.987907
2014-10-14,84.997040
2014-10-15,84.448547
2014-10-16,83.918259
2014-10-17,85.024467
2014-10-20,86.295288
2014-10-21,88.562614
2014-10-22,88.105469
2014-10-23,89.431137
2014-10-24,90.162506
2014-10-27,90.226509
2014-10-28,91.588753
2014-10-29,91.250473
2014-10-30,91.442429
2014-10-31,92.704117
2014-11-03,92.978386
2014-11-04,92.667542
2014-11-05,92.676689
2014-11-06,92.969238
2014-11-07,92.886978
2014-11-10,93.216118
2014-11-11,93.508652
2014-11-12,93.673218
2014-11-13,94.075470
2014-11-14,94.368050
2014-11-17,94.084602
2014-11-18,94.788605
2014-11-19,94.358894
2014-11-20,94.779427
2014-11-21,94.962280
2014-11-24,95.702835
2014-11-25,95.849098
2014-11-26,96.470787
2014-11-28,96.918785
2014-12-01,95.821678
2014-12-02,96.205666
2014-12-03,96.379379
2014-12-04,96.333656
2014-12-05,96.342789
2014-12-08,95.657097
2014-12-09,95.958817
2014-12-10,94.450310
2014-12-11,94.898308
2014-12-12,93.865204
2014-12-15,92.896103
2014-12-16,91.405914
2014-12-17,93.069794
2014-12-18,95.309700
2014-12-19,95.729057
2014-12-22,95.967674
2014-12-23,95.628105
2014-12-24,95.710724
2014-12-26,96.389786
2014-12-29,96.371445
2014-12-30,95.729057
2014-12-31,94.747192
2015-01-02,94.462723
2015-01-05,93.077087
2015-01-06,91.829063
2015-01-07,93.012825
2015-01-08,94.793091
2015-01-09,94.169083
2015-01-12,93.187202
2015-01-13,93.159637
2015-01-14,92.645767
2015-01-15,91.443657
2015-01-16,92.517311
2015-01-20,93.251404
2015-01-21,93.728577
2015-01-22,95.462952
2015-01-23,95.674034
2015-01-26,95.563873
2015-01-27,93.086227
2015-01-28,92.609070
2015-01-29,93.499191
2015-01-30,92.774208
2015-02-02,93.581779
2015-02-03,94.481079
2015-02-04,94.398491
2015-02-05,95.215195
2015-02-06,94.637085
2015-02-09,94.334251
2015-02-10,95.802498
2015-02-11,96.151207
2015-02-12,97.270699
2015-02-13,98.105766
2015-02-17,98.197548
2015-02-18,98.335197
2015-02-19,98.821533
2015-02-20,99.482239
2015-02-23,99.583191
2015-02-24,99.656601
2015-02-25,99.408875
2015-02-26,99.913544
2015-02-27,99.473068
2015-03-02,100.372360
2015-03-03,99.904388
2015-03-04,99.518959
2015-03-05,99.693314
2015-03-06,98.564568
2015-03-09,98.849052
2015-03-10,97.013779
2015-03-11,96.454018
2015-03-12,97.087196
2015-03-13,96.665062
2015-03-16,97.913063
2015-03-17,98.069069
2015-03-18,99.032608
2015-03-19,99.179405
2015-03-20,99.821411
2015-03-23,99.628258
2015-03-24,99.269547
2015-03-25,96.997765
2015-03-26,96.666626
2015-03-27,97.052933
2015-03-30,98.165871
2015-03-31,97.126526
2015-04-01,96.620636
2015-04-02,96.685051
2015-04-06,97.476044
2015-04-07,97.310493
2015-04-08,98.083084
2015-04-09,98.699303
2015-04-10,99.104012
2015-04-13,98.855637
2015-04-14,98.570564
2015-04-15,99.186798
2015-04-16,99.048828
2015-04-17,97.503624
2015-04-20,98.966042
2015-04-21,99.389130
2015-04-22,99.931816
2015-04-23,100.308907
2015-04-24,101.670113
2015-04-27,101.412582
2015-04-28,101.210266
2015-04-29,100.575615
2015-04-30,98.993622
2015-05-01,100.299690
2015-05-04,100.465263
2015-05-05,98.828056
2015-05-06,98.147438
2015-05-07,98.736099
2015-05-08,99.968597
2015-05-11,99.582275
2015-05-12,99.131607
2015-05-13,99.333954
2015-05-14,100.787163
2015-05-15,100.787163
2015-05-18,101.228645
2015-05-19,101.118294
2015-05-20,101.182648
2015-05-21,101.706924
2015-05-22,101.605782
2015-05-26,100.437668
2015-05-27,102.056435
2015-05-28,101.826469
2015-05-29,101.219429
2015-06-01,101.559738
2015-06-02,101.237831
2015-06-03,101.541351
2015-06-04,100.768761
2015-06-05,100.529610
2015-06-08,99.508713
2015-06-09,99.343155
2015-06-10,100.704376
2015-06-11,100.851578
2015-06-12,100.023781
2015-06-15,99.527100
2015-06-16,100.069733
2015-06-17,100.345688
2015-06-18,101.808098
2015-06-19,101.304749
2015-06-22,102.051460
2015-06-23,102.134460
2015-06-24,101.609009
2015-06-25,101.406151
2015-06-26,100.733177
2015-06-29,98.354774
2015-06-30,98.705086
2015-07-01,99.488647
2015-07-02,99.516319
2015-07-06,99.285858
2015-07-07,99.534775
2015-07-08,97.801666
2015-07-09,97.746300
2015-07-10,99.239746
2015-07-13,100.982101
2015-07-14,101.645874
2015-07-15,101.756470
2015-07-16,103.194595
2015-07-17,104.715668
2015-07-20,105.075226
2015-07-21,105.010719
2015-07-22,103.821480
2015-07-23,103.434288
2015-07-24,102.420242
2015-07-27,101.572113
2015-07-28,102.447884
2015-07-29,102.835075
2015-07-30,103.323647
2015-07-31,103.203804
2015-08-03,102.881149
2015-08-04,102.687576
2015-08-05,103.480400
2015-08-06,101.820992
2015-08-07,101.691963
2015-08-10,102.853516
2015-08-11,101.535233
2015-08-12,101.885544
2015-08-13,101.719597
2015-08-14,101.876320
2015-08-17,102.724457
2015-08-18,102.198982
2015-08-19,101.526024
2015-08-20,98.714302
2015-08-21,94.399910
2015-08-24,90.767738
2015-08-25,90.426643
2015-08-26,94.980682
2015-08-27,97.386795
2015-08-28,97.368355
2015-08-31,96.160675
2015-09-01,93.155365
2015-09-02,95.782753
2015-09-03,95.312569
2015-09-04,94.178696
2015-09-08,96.833649
2015-09-09,95.745865
2015-09-10,96.787544
2015-09-11,97.322258
2015-09-14,97.027267
2015-09-15,98.170372
2015-09-16,98.723473
2015-09-17,98.760384
2015-09-18,97.355728
2015-09-21,97.660683
2015-09-22,96.200569
2015-09-23,96.274513
2015-09-24,95.923363
2015-09-25,95.110115
2015-09-28,92.402466
2015-09-29,91.921928
2015-09-30,94.038139
2015-10-01,94.463272
2015-10-02,96.117393
2015-10-05,97.494331
2015-10-06,97.032288
2015-10-07,97.614479
2015-10-08,98.002609
2015-10-09,98.446175
2015-10-12,98.686462
2015-10-13,98.048805
2015-10-14,97.891678
2015-10-15,99.499649
2015-10-16,99.915535
2015-10-19,100.488472
2015-10-20,99.970993
2015-10-21,99.361053
2015-10-22,101.384895
2015-10-23,104.221931
2015-10-26,104.286621
2015-10-27,104.499176
2015-10-28,105.367805
2015-10-29,105.201485
2015-10-30,104.730171
2015-11-02,105.913086
2015-11-03,106.282730
2015-11-04,106.291931
2015-11-05,106.005455
2015-11-06,106.079384
2015-11-09,104.951950
2015-11-10,104.683975
2015-11-11,104.554611
2015-11-12,103.538086
2015-11-13,101.505020
2015-11-16,102.965126
2015-11-17,103.029800
2015-11-18,105.007408
2015-11-19,105.081360
2015-11-20,105.792915
2015-11-23,105.487961
2015-11-24,105.395538
2015-11-25,105.487961
2015-11-27,105.635818
2015-11-30,105.367805
2015-12-01,106.421326
2015-12-02,105.765198
2015-12-03,103.972389
2015-12-04,106.402824
2015-12-07,105.922295
2015-12-08,105.931541
2015-12-09,104.323555
2015-12-10,104.794868
2015-12-11,102.382919
2015-12-14,103.159172
2015-12-15,103.787560
2015-12-16,105.330872
2015-12-17,103.796806
2015-12-18,101.805748
2015-12-21,102.936615
2015-12-22,103.613281
2015-12-23,104.382668
2015-12-24,104.364090
2015-12-28,104.308487
2015-12-29,105.949165
2015-12-30,104.994446
2015-12-31,103.687447
2016-01-04,101.499886
2016-01-05,101.323753
2016-01-06,100.350464
2016-01-07,97.208130
2016-01-08,96.410973
2016-01-11,96.707596
2016-01-12,97.829208
2016-01-13,94.455116
2016-01-14,96.466591
2016-01-15,93.472572
2016-01-19,93.676483
2016-01-20,93.389137
2016-01-21,93.481827
2016-01-22,96.188492
2016-01-25,94.761009
2016-01-26,95.613831
2016-01-27,93.231560
2016-01-28,94.547829
2016-01-29,96.522194
2016-02-01,96.781731
2016-02-02,94.686852
2016-02-03,94.232658
2016-02-04,94.223412
2016-02-05,90.951302
2016-02-08,89.560860
2016-02-09,89.282791
2016-02-10,89.625793
2016-02-11,89.496017
2016-02-12,90.858574
2016-02-16,92.907120
2016-02-17,95.011292
2016-02-18,93.926781
2016-02-19,94.204857
2016-02-22,95.734322
2016-02-23,94.158516
2016-02-24,95.057640
2016-02-25,95.993828
2016-02-26,95.873329
2016-02-29,95.011292
2016-03-01,98.060921
2016-03-02,98.098007
2016-03-03,97.912621
2016-03-04,97.949677
2016-03-07,97.347183
2016-03-08,96.540764
2016-03-09,97.161781
2016-03-10,97.013466
2016-03-11,98.709770
2016-03-14,98.876633
2016-03-15,98.839546
2016-03-16,99.720146
2016-03-17,99.664536
2016-03-18,99.820709
2016-03-21,100.211220
2016-03-22,100.517960
2016-03-23,99.690567
2016-03-24,99.718437
2016-03-28,99.578979
2016-03-29,101.178055
2016-03-30,101.670792
2016-03-31,101.522018
2016-04-01,102.600479
2016-04-04,102.210007
2016-04-05,101.224533
2016-04-06,102.888702
2016-04-07,101.410507
2016-04-08,101.336128
2016-04-11,100.964226
2016-04-12,101.810272
2016-04-13,103.111809
2016-04-14,103.121086
2016-04-15,102.860786
2016-04-18,103.409309
2016-04-19,102.777161
2016-04-20,102.860786
2016-04-21,102.870117
2016-04-22,101.317535
2016-04-25,101.317535
2016-04-26,100.824760
2016-04-27,100.015953
2016-04-28,98.807343
2016-04-29,98.286713
2016-05-02,99.216431
2016-05-03,98.296005
2016-05-04,97.663834
2016-05-05,97.635948
2016-05-06,98.156586
2016-05-09,98.435448
2016-05-10,99.783531
2016-05-11,98.881721
2016-05-12,98.444794
2016-05-13,98.082191
2016-05-16,99.309387
2016-05-17,98.063614
2016-05-18,98.416885
2016-05-19,97.905540
2016-05-20,98.983978
2016-05-23,98.853836
2016-05-24,100.834076
2016-05-25,101.559196
2016-05-26,101.856728
2016-05-27,102.386658
2016-05-31,102.581886
2016-06-01,102.591202
2016-06-02,102.805023
2016-06-03,102.321609
2016-06-06,102.693451
2016-06-07,102.433105
2016-06-08,102.609772
2016-06-09,102.442429
2016-06-10,101.280304
2016-06-13,100.434288
2016-06-14,100.434288
2016-06-15,100.146111
2016-06-16,100.443604
2016-06-17,99.266273
2016-06-20,99.890823
2016-06-21,100.207779
2016-06-22,99.965393
2016-06-23,101.391602
2016-06-24,97.215485
2016-06-27,95.285927
2016-06-28,97.373962
2016-06-29,99.098473
2016-06-30,100.245056
2016-07-01,100.748421
2016-07-05,100.133194
2016-07-06,100.953499
2016-07-07,101.251778
2016-07-08,102.817856
2016-07-11,103.405106
2016-07-12,103.927101
2016-07-13,103.675423
2016-07-14,104.383888
2016-07-15,104.216064
2016-07-18,104.905876
2016-07-19,104.523697
2016-07-20,105.744850
2016-07-21,105.502457
2016-07-22,105.940598
2016-07-25,105.949898
2016-07-26,106.071098
2016-07-27,106.807518
2016-07-28,107.180397
2016-07-29,107.413399
2016-08-01,107.982018
2016-08-02,107.161728
2016-08-03,107.515923
2016-08-04,107.823570
2016-08-05,108.858253
2016-08-08,108.737076
2016-08-09,108.988777
2016-08-10,108.709129
2016-08-11,109.175194
2016-08-12,109.249741
2016-08-15,109.715858
2016-08-16,109.109962
2016-08-17,109.305695
2016-08-18,109.333672
2016-08-19,109.305695
2016-08-22,109.389572
2016-08-23,109.585358
2016-08-24,108.876907
2016-08-25,108.699799
2016-08-26,108.858253
2016-08-29,109.007393
2016-08-30,108.653183
2016-08-31,108.541306
2016-09-01,108.820953
2016-09-02,109.175194
2016-09-06,109.855659
2016-09-07,109.920906
2016-09-08,109.277725
2016-09-09,106.527863
2016-09-12,108.438805
2016-09-13,107.469330
2016-09-14,107.982018
2016-09-15,109.659912
2016-09-16,109.607567
2016-09-19,109.130989
2016-09-20,109.336571
2016-09-21,110.411255
2016-09-22,111.289688
2016-09-23,110.579483
2016-09-26,109.654297
2016-09-27,110.738327
2016-09-28,110.925217
2016-09-29,110.121559
2016-09-30,110.943924
2016-10-03,110.785065
2016-10-04,110.616867
2016-10-05,111.009354
2016-10-06,110.953262
2016-10-07,110.710327
2016-10-10,111.411171
2016-10-11,109.822525
2016-10-12,109.729080
2016-10-13,109.336571
2016-10-14,109.467422
2016-10-17,109.168358
2016-10-18,110.140266
2016-10-19,110.130920
2016-10-20,110.000061
2016-10-21,110.411255
2016-10-24,111.738243
2016-10-25,111.383156
2016-10-26,110.626183
2016-10-27,110.121559
2016-10-28,109.430031
2016-10-31,109.327240
2016-11-01,108.504906
2016-11-02,107.635803
2016-11-03,106.579834
2016-11-04,106.205986
2016-11-07,108.729156
2016-11-08,109.439377
2016-11-09,109.944031
2016-11-10,108.168465
2016-11-11,108.215179
2016-11-14,107.121826
2016-11-15,108.607689
2016-11-16,109.252487
2016-11-17,110.046806
2016-11-18,109.635628
2016-11-21,110.775749
2016-11-22,111.112137
2016-11-23,110.663597
2016-11-25,111.018669
2016-11-28,110.766388
2016-11-29,111.149521
2016-11-30,109.803841
2016-12-01,107.906830
2016-12-02,108.121735
2016-12-05,108.962776
2016-12-06,109.224449
2016-12-07,110.607521
2016-12-08,110.803757
2016-12-09,111.672829
2016-12-12,111.168221
2016-12-13,112.569954
2016-12-14,112.336319
2016-12-15,112.513885
2016-12-16,112.096817
2016-12-19,112.556076
2016-12-20,112.987236
2016-12-21,112.902863
2016-12-22,112.584206
2016-12-23,112.659172
2016-12-27,113.240265
2016-12-28,112.359245
2016-12-29,112.199883
2016-12-30,111.047089
2017-01-03,112.040550
2017-01-04,112.649788
2017-01-05,113.287148
2017-01-06,114.280624
2017-01-09,114.655548
2017-01-10,114.908600
2017-01-11,115.217888
2017-01-12,115.039818
2017-01-13,115.433464
2017-01-17,115.086708
2017-01-18,115.320999
2017-01-19,115.264748
2017-01-20,115.517830
2017-01-23,115.611572
2017-01-24,116.389481
2017-01-25,117.561050
2017-01-26,117.682892
2017-01-27,117.907852
2017-01-30,116.989334
2017-01-31,116.754997
2017-02-01,117.561050
2017-02-02,117.457970
2017-02-03,117.795372
2017-02-06,117.935982
2017-02-07,118.367126
2017-02-08,118.563942
2017-02-09,118.995079
2017-02-10,119.388733
2017-02-13,120.063553
2017-02-14,120.466599
2017-02-15,121.178894
2017-02-16,121.141418
2017-02-17,121.666275
2017-02-21,122.266106
2017-02-22,122.312973
2017-02-23,121.853714
2017-02-24,122.088043
2017-02-27,122.237984
2017-02-28,121.863113
2017-03-01,123.194016
2017-03-02,122.575417
2017-03-03,122.800362
2017-03-06,122.528534
2017-03-07,122.322395
2017-03-08,122.537933
2017-03-09,122.631676
2017-03-10,123.147148
2017-03-13,123.353325
2017-03-14,123.053429
2017-03-15,123.812630
2017-03-16,123.728264
2017-03-17,123.685051
2017-03-20,123.797775
2017-03-21,121.919342
2017-03-22,122.745819
2017-03-23,122.435913
2017-03-24,122.689514
2017-03-27,122.886726
2017-03-28,123.638084
2017-03-29,124.211044
2017-03-30,124.417648
2017-03-31,124.333099
2017-04-03,124.257996
2017-04-04,124.455185
2017-04-05,123.948074
2017-04-06,124.013763
2017-04-07,123.948074
2017-04-10,123.994987
2017-04-11,123.459625
2017-04-12,122.961868
2017-04-13,122.473473
2017-04-17,123.487793
2017-04-18,123.299973
2017-04-19,123.497208
2017-04-20,124.530350
2017-04-21,124.502136
2017-04-24,126.004944
2017-04-25,126.915985
2017-04-26,126.737495
2017-04-27,127.498322
2017-04-28,127.723709
2017-05-01,128.860107
2017-05-02,129.076111
2017-05-03,128.662857
2017-05-04,128.709839
2017-05-05,129.179382
2017-05-08,129.461227
2017-05-09,129.912064
2017-05-10,129.987137
2017-05-11,129.883820
2017-05-12,130.175064
2017-05-15,130.588242
2017-05-16,131.133011
2017-05-17,127.798828
2017-05-18,128.916458
2017-05-19,129.461227
2017-05-22,130.550705
2017-05-23,130.682220
2017-05-24,131.283264
2017-05-25,132.400909
2017-05-26,132.635742
2017-05-30,132.748489
2017-05-31,132.701492
2017-06-01,133.218079
2017-06-02,134.739578
2017-06-05,134.711395
2017-06-06,134.176056
2017-06-07,134.702072
2017-06-08,134.842941
2017-06-09,131.471100
2017-06-12,130.766693
2017-06-13,131.828079
2017-06-14,131.255142
2017-06-15,130.672852
2017-06-16,130.105881
2017-06-19,132.281326
2017-06-20,131.245377
2017-06-21,132.545059
2017-06-22,132.507401
2017-06-23,133.015945
2017-06-26,132.394394
2017-06-27,129.992859
2017-06-28,131.866959
2017-06-29,129.578461
2017-06-30,129.625565
2017-07-03,128.259979
2017-07-05,129.521957
2017-07-06,128.354111
2017-07-07,129.738541
2017-07-10,130.586182
2017-07-11,130.953430
2017-07-12,132.507401
2017-07-13,132.799301
2017-07-14,133.844711
2017-07-17,133.910629
2017-07-18,134.805267
2017-07-19,135.596436
2017-07-20,135.775360
2017-07-21,135.718796
2017-07-24,136.340408
2017-07-25,135.991943
2017-07-26,136.434586
2017-07-27,135.577530
2017-07-28,135.464539
2017-07-31,134.890045
2017-08-01,135.200836
2017-08-02,135.568146
2017-08-03,135.040741
2017-08-04,135.285614
2017-08-07,136.142624
2017-08-08,135.907166
2017-08-09,135.728195
2017-08-10,132.818161
2017-08-11,133.825867
2017-08-14,135.549286
2017-08-15,135.643494
2017-08-16,135.878906
2017-08-17,133.100708
2017-08-18,133.006500
2017-08-21,132.837021
2017-08-22,134.861816
2017-08-23,134.381546
2017-08-24,133.986008
2017-08-25,133.703461
2017-08-28,134.117859
2017-08-29,134.645218
2017-08-30,136.227386
2017-08-31,137.687134
2017-09-01,137.498749
2017-09-05,136.265060
2017-09-06,136.679443
2017-09-07,136.999634
2017-09-08,135.812988
2017-09-11,137.376312
2017-09-12,137.705994
2017-09-13,137.894318
2017-09-14,137.084366
2017-09-15,137.555313
2017-09-18,137.374969
2017-09-19,137.610886
2017-09-20,137.186264
2017-09-21,136.346207
2017-09-22,136.214081
2017-09-25,134.779510
2017-09-26,135.128677
2017-09-27,136.346207
2017-09-28,136.299057
2017-09-29,137.280640
2017-10-02,137.403336
2017-10-03,137.695923
2017-10-04,137.828049
2017-10-05,139.177750
2017-10-06,139.366486
2017-10-09,139.206055
2017-10-10,139.309906
2017-10-11,139.725159
2017-10-12,139.470306
2017-10-13,140.008331
2017-10-16,140.489655
2017-10-17,140.668945
2017-10-18,140.499069
2017-10-19,139.979996
2017-10-20,140.357559
2017-10-23,139.442017
2017-10-24,139.677963
2017-10-25,139.149399
2017-10-26,138.705795
2017-10-27,142.745438
2017-10-30,143.066299
2017-10-31,143.604294
2017-11-01,143.557129
2017-11-02,143.283401
2017-11-03,144.661377
2017-11-06,145.152176
2017-11-07,145.237152
2017-11-08,145.822296
2017-11-09,145.057816
2017-11-10,145.048370
2017-11-13,145.227661
2017-11-14,144.699112
2017-11-15,144.019608
2017-11-16,145.860062
2017-11-17,145.303192
2017-11-20,145.189926
2017-11-21,146.766174
2017-11-22,146.945465
2017-11-24,147.483459
2017-11-27,147.417374
2017-11-28,147.794907
2017-11-29,145.218277
2017-11-30,146.435791
2017-12-01,145.812927
2017-12-04,144.132828
2017-12-05,144.227249
2017-12-06,144.878448
2017-12-07,145.369293
2017-12-08,146.011078
2017-12-11,147.143692
2017-12-12,146.945465
2017-12-13,147.228668
2017-12-14,147.124786
2017-12-15,148.795410
2017-12-18,150.042877
2017-12-19,149.153809
2017-12-20,148.993011
2017-12-21,149.011963
2017-12-22,148.841766
2017-12-26,148.037811
2017-12-27,148.056717
2017-12-28,148.236450
2017-12-29,147.318985
2018-01-02,149.901077
2018-01-03,151.357605
2018-01-04,151.622406
2018-01-05,153.145187
2018-01-08,153.740997
2018-01-09,153.750488
2018-01-10,153.391083
2018-01-11,154.440887
2018-01-12,155.575867
2018-01-16,155.131378
2018-01-17,156.805420
2018-01-18,156.833832
2018-01-19,157.325623
2018-01-22,159.009171
2018-01-23,160.323868
2018-01-24,159.283463
2018-01-25,159.226715
2018-01-26,161.666901
2018-01-29,160.881882
2018-01-30,159.557739
2018-01-31,160.219818
2018-02-01,158.857819
2018-02-02,155.689392
2018-02-05,149.551102
2018-02-06,153.514023
2018-02-07,151.527817
2018-02-08,145.134140
2018-02-09,147.640579
2018-02-12,150.260376
2018-02-13,151.035995
2018-02-14,153.863983
2018-02-15,156.720276
2018-02-16,156.020432
2018-02-20,156.332565
2018-02-21,155.888031
2018-02-22,155.869095
2018-02-23,159.056458
2018-02-26,161.165588
2018-02-27,159.169968
2018-02-28,158.148499
2018-03-01,155.566437
2018-03-02,156.994598
2018-03-05,158.734863
2018-03-06,159.406387
2018-03-07,159.775284
2018-03-08,160.654877
2018-03-09,163.776047
2018-03-12,164.646225
2018-03-13,162.404617
2018-03-14,162.376251
2018-03-15,162.234344
2018-03-16,161.751968
2018-03-19,158.300858
2018-03-20,158.821899
2018-03-21,158.130310
2018-03-22,154.227264
2018-03-23,150.163208
2018-03-26,155.743042
2018-03-27,150.703171
2018-03-28,148.969498
2018-03-29,151.697845
2018-04-02,147.321121
2018-04-03,148.979019
2018-04-04,151.328415
2018-04-05,152.190491
2018-04-06,148.382172
2018-04-09,149.424225
2018-04-10,152.721054
2018-04-11,151.839966
2018-04-12,153.668365
2018-04-13,152.872574
2018-04-16,154.037796
2018-04-17,157.353516
2018-04-18,157.675613
2018-04-19,156.226181
2018-04-20,153.753616
2018-04-23,153.365219
2018-04-24,150.115860
2018-04-25,150.295776
2018-04-26,153.459915
2018-04-27,153.554672
2018-04-30,152.465195
2018-05-01,154.208359
2018-05-02,153.298859
2018-05-03,153.279907
2018-05-04,156.188293
2018-05-07,157.486130
2018-05-08,157.325089
2018-05-09,159.039749
2018-05-10,160.688065
2018-05-11,160.536575
2018-05-14,160.811295
2018-05-15,159.030304
2018-05-16,160.081833
2018-05-17,159.466080
2018-05-18,158.641876
2018-05-21,159.532349
2018-05-22,159.323929
2018-05-23,160.669205
2018-05-24,160.621841
2018-05-25,160.782867
2018-05-29,160.072418
2018-05-30,161.218674
2018-05-31,161.114487
2018-06-01,163.643860
2018-06-04,165.121704
2018-06-05,165.633255
2018-06-06,166.599579
2018-06-07,165.244827
2018-06-08,165.254288
2018-06-11,165.699570
2018-06-12,166.571167
2018-06-13,166.561676
2018-06-14,168.247910
2018-06-15,167.660583
2018-06-18,167.563721
2018-06-19,167.089035
2018-06-20,168.275772
2018-06-21,166.813736
2018-06-22,166.443481
2018-06-25,162.693481
2018-06-26,163.358078
2018-06-27,161.136505
2018-06-28,162.522598
2018-06-29,162.959335
2018-07-02,164.051102
2018-07-03,162.152328
2018-07-05,164.165009
2018-07-06,166.718796
2018-07-09,168.218750
2018-07-10,168.342270
2018-07-11,167.487778
2018-07-12,170.373886
2018-07-13,170.516281
2018-07-16,170.108063
2018-07-17,171.142914
2018-07-18,170.820084
2018-07-19,169.965622
2018-07-20,169.927673
2018-07-23,170.468857
2018-07-24,171.171341
2018-07-25,173.563736
2018-07-26,170.934052
2018-07-27,168.627029
2018-07-30,166.244141
2018-07-31,167.516281
2018-08-01,168.152390
2018-08-02,170.440308
2018-08-03,170.962463
2018-08-06,171.968796
2018-08-07,172.595367
2018-08-08,172.804276
2018-08-09,172.699799
2018-08-10,171.380203
2018-08-13,171.190353
2018-08-14,172.263138
2018-08-15,170.155533
2018-08-16,170.715652
2018-08-17,170.753632
2018-08-20,170.601730
2018-08-21,171.228287
2018-08-22,171.892868
2018-08-23,171.646042
2018-08-24,173.240982
2018-08-27,175.006775
2018-08-28,175.263184
2018-08-29,177.285248
2018-08-30,176.971985
2018-08-31,177.199829
2018-09-04,176.440323
2018-09-05,174.161850
2018-09-06,172.604889
2018-09-07,171.940308
2018-09-10,172.519455
2018-09-11,173.848572
2018-09-12,173.335876
2018-09-13,175.187225
2018-09-14,174.674530
2018-09-17,172.158676
2018-09-18,173.582733
2018-09-19,173.449829
2018-09-20,175.367599
2018-09-21,174.408737
2018-09-24,174.893768
2018-09-25,175.131485
2018-09-26,175.255127
2018-09-27,176.738846
2018-09-28,176.700790
2018-10-01,177.062180
2018-10-02,176.662750
2018-10-03,176.852997
2018-10-04,173.457611
2018-10-05,171.336746
2018-10-08,170.290497
2018-10-09,170.842148
2018-10-10,163.328674
2018-10-11,161.302856
2018-10-12,165.791962
2018-10-15,163.785156
2018-10-16,168.550018
2018-10-17,168.616623
2018-10-18,164.707672
2018-10-19,164.555542
2018-10-22,165.402008
2018-10-23,164.793320
2018-10-24,157.251251
2018-10-25,162.691376
2018-10-26,158.506668
2018-10-29,155.244476
2018-10-30,157.802887
2018-10-31,161.512070
2018-11-01,163.642517
2018-11-02,161.093613
2018-11-05,160.694168
2018-11-06,161.911545
2018-11-07,166.990295
2018-11-08,165.925079
2018-11-09,163.128952
2018-11-12,158.192825
2018-11-13,158.325958
2018-11-14,157.118118
2018-11-15,159.866699
2018-11-16,159.305588
2018-11-19,154.131699
2018-11-20,151.373581
2018-11-21,152.524368
2018-11-23,151.421143
2018-11-26,154.921082
2018-11-27,155.444199
2018-11-28,160.446854
2018-11-29,159.923737
2018-11-30,161.084076
2018-12-03,163.899246
2018-12-04,157.612671
2018-12-06,158.725449
2018-12-07,153.484955
2018-12-10,155.092270
2018-12-11,155.605881
2018-12-12,156.975433
2018-12-13,157.022995
2018-12-14,153.199692
2018-12-17,149.728195
2018-12-18,150.669785
2018-12-19,146.970093
2018-12-20,144.839676
2018-12-21,140.350647
2018-12-24,136.870178
2018-12-26,145.416214
2018-12-27,145.978973
2018-12-28,145.902649
2018-12-31,147.133057
2019-01-02,147.724426
2019-01-03,142.898178
2019-01-04,149.012054
2019-01-07,150.786087
2019-01-08,152.150070
2019-01-09,153.389999
2019-01-10,153.828766
2019-01-11,153.265945
2019-01-14,151.911575
2019-01-15,154.877930
2019-01-16,154.849304
2019-01-17,156.070160
2019-01-18,157.615311
2019-01-22,154.458252
2019-01-23,154.658493
2019-01-24,155.660019
2019-01-25,157.519943
2019-01-28,155.574158
2019-01-29,154.105331
2019-01-30,158.025391
2019-01-31,160.390854
2019-02-01,159.713623
2019-02-04,161.697540
2019-02-05,163.128250
2019-02-06,162.641830
2019-02-07,160.457611
2019-02-08,160.772415
2019-02-11,160.619751
2019-02-12,162.994736
2019-02-13,163.109131
2019-02-14,163.309540
2019-02-15,163.996201
2019-02-19,164.320526
2019-02-20,164.291870
2019-02-21,163.691040
2019-02-22,164.902344
2019-02-25,165.503235
2019-02-26,165.674881
2019-02-27,165.570007
2019-02-28,165.188461
2019-03-01,166.332993
2019-03-04,166.361664
2019-03-05,166.485657
2019-03-06,165.541351
2019-03-07,163.509781
2019-03-08,163.261765
2019-03-11,166.657333
2019-03-12,167.572968
2019-03-13,168.832016
2019-03-14,168.545822
2019-03-15,170.110077
2019-03-18,170.515198
2019-03-19,171.088516
2019-03-20,171.766968
2019-03-21,174.451996
2019-03-22,170.620285
2019-03-25,170.295471
2019-03-26,171.088516
2019-03-27,169.989670
2019-03-28,170.381454
2019-03-29,171.671448
2019-04-01,173.945572
2019-04-02,174.604919
2019-04-03,175.608170
2019-04-04,175.541306
2019-04-05,176.449127
2019-04-08,176.898224
2019-04-09,176.277100
2019-04-10,177.223083
2019-04-11,176.802658
2019-04-12,177.567078
2019-04-15,177.595779
2019-04-16,178.207260
2019-04-17,178.828400
2019-04-18,179.057678
2019-04-22,179.564148
2019-04-23,181.847885
2019-04-24,181.274582
2019-04-25,182.010330
2019-04-26,182.172714
2019-04-29,182.526306
2019-04-30,181.112122
2019-05-01,180.529190
2019-05-02,179.745651
2019-05-03,182.612259
2019-05-06,181.494308
2019-05-07,177.958801
2019-05-08,177.509689
2019-05-09,176.554245
2019-05-10,176.773941
2019-05-13,170.639481
2019-05-14,172.512253
2019-05-15,174.948837
2019-05-16,176.707108
2019-05-17,174.901138
2019-05-20,171.948517
2019-05-21,173.744919
2019-05-22,172.970963
2019-05-23,170.324142
2019-05-24,170.238113
2019-05-28,169.597916
2019-05-29,168.202820
2019-05-30,168.909912
2019-05-31,166.215332
2019-06-03,162.555618
2019-06-04,167.132645
2019-06-05,168.374817
2019-06-06,169.712585
2019-06-07,172.990036
2019-06-10,175.006226
2019-06-11,175.245102
2019-06-12,174.232269
2019-06-13,175.264236
2019-06-14,174.518921
2019-06-17,175.569977
2019-06-18,178.121277
2019-06-19,178.790146
2019-06-20,180.452820
2019-06-21,180.185257
2019-06-24,180.191010
2019-06-25,177.097794
2019-06-26,177.921310
2019-06-27,178.601273
2019-06-28,178.831116
2019-07-01,181.244354
2019-07-02,181.962646
2019-07-03,183.332077
2019-07-05,182.958588
2019-07-08,181.675369
2019-07-09,182.585068
2019-07-10,184.404617
2019-07-11,184.270554
2019-07-12,185.333527
2019-07-15,185.927307
2019-07-16,184.969620
2019-07-17,184.059845
2019-07-18,184.270554
2019-07-19,182.920258
2019-07-22,184.375885
2019-07-23,185.582535
2019-07-24,186.884918
2019-07-25,185.113281
2019-07-26,187.018982
2019-07-29,186.377365
2019-07-30,185.572952
2019-07-31,183.006485
2019-08-01,182.096680
2019-08-02,179.415298
2019-08-05,173.075684
2019-08-06,175.498474
2019-08-07,176.446579
2019-08-08,180.286789
2019-08-09,178.591721
2019-08-12,176.542343
2019-08-13,180.411240
2019-08-14,175.019669
2019-08-15,174.818588
2019-08-16,177.624451
2019-08-19,180.449509
2019-08-20,179.051392
2019-08-21,180.641068
2019-08-22,180.056931
2019-08-23,174.358902
2019-08-26,176.992447
2019-08-27,176.618958
2019-08-28,177.251022
2019-08-29,179.961151
2019-08-30,179.530212
2019-09-03,177.787308
2019-09-04,180.353806
2019-09-05,183.657654
2019-09-06,183.475662
2019-09-09,183.092651
2019-09-10,182.565948
2019-09-11,184.280121
2019-09-12,185.046219
2019-09-13,184.385513
2019-09-16,183.561890
2019-09-17,184.442947
2019-09-18,184.366333
2019-09-19,184.672745
2019-09-20,182.719177
2019-09-23,182.799759
2019-09-24,180.372025
2019-09-25,182.396759
2019-09-26,181.725037
2019-09-27,179.470016
2019-09-30,181.178055
2019-10-01,179.700333
2019-10-02,176.610489
2019-10-03,178.548859
2019-10-04,181.178055
2019-10-07,180.631104
2019-10-08,177.925125
2019-10-09,179.661957
2019-10-10,181.053375
2019-10-11,183.385117
2019-10-14,183.365936
2019-10-15,185.697723
2019-10-16,185.237091
2019-10-17,185.726517
2019-10-18,183.941650
2019-10-21,185.572937
2019-10-22,184.095200
2019-10-23,184.450287
2019-10-24,186.244659
2019-10-25,187.731995
2019-10-28,189.583984
2019-10-29,188.115845
2019-10-30,189.027496
2019-10-31,189.113770
2019-11-01,190.831421
2019-11-04,192.011749
2019-11-05,192.117279
2019-11-06,191.685501
2019-11-07,192.328323
2019-11-08,193.096054
2019-11-11,192.836945
2019-11-12,193.393524
2019-11-13,193.441513
2019-11-14,193.287949
2019-11-15,194.708176
2019-11-18,194.861679
2019-11-19,195.149521
2019-11-20,193.978882
2019-11-21,193.547089
2019-11-22,193.671799
2019-11-25,195.965195
2019-11-26,196.339371
2019-11-27,197.711609
2019-11-29,196.809616
2019-12-02,194.794525
2019-12-03,193.268784
2019-12-04,194.247543
2019-12-05,194.631378
2019-12-06,196.713654
2019-12-09,195.821259
2019-12-10,195.658142
2019-12-11,196.694504
2019-12-12,198.162643
2019-12-13,198.815109
2019-12-16,200.811096
2019-12-17,200.926224
2019-12-18,201.079758
2019-12-19,202.336761
2019-12-20,203.152420
2019-12-23,203.689072
2019-12-24,203.794830
2019-12-26,205.593155
2019-12-27,205.420013
2019-12-30,204.073715
2019-12-31,204.458344
2020-01-02,207.872269
2020-01-03,205.968170
2020-01-06,207.295288
2020-01-07,207.266403
2020-01-08,208.824280
2020-01-09,210.593750
2020-01-10,210.055222
2020-01-13,212.478592
2020-01-14,211.641983
2020-01-15,211.728531
2020-01-16,213.757614
2020-01-17,214.815475
2020-01-21,214.719254
2020-01-22,215.286652
2020-01-23,215.979065
2020-01-24,214.161484
2020-01-27,209.737885
2020-01-28,212.959457
2020-01-29,213.305664
2020-01-30,214.065353
2020-01-31,210.670746
2020-02-03,213.853836
2020-02-04,218.748672
2020-02-05,219.469864
2020-02-06,221.364334
2020-02-07,220.412292
2020-02-10,223.076111
2020-02-11,223.114548
2020-02-12,225.287888
2020-02-13,224.999420
2020-02-14,225.643738
2020-02-18,225.730270
2020-02-19,227.893982
2020-02-20,225.778336
2020-02-21,221.441299
2020-02-24,212.901718
2020-02-25,207.112534
2020-02-26,208.179962
2020-02-27,197.755630
2020-02-28,197.909485
2020-03-02,208.122345
2020-03-03,201.448410
2020-03-04,209.853271
2020-03-05,203.477478
2020-03-06,200.044373
2020-03-09,186.148361
2020-03-10,196.284256
2020-03-11,187.735107
2020-03-12,170.521439
2020-03-13,184.965576
2020-03-16,162.808914
2020-03-17,175.156631
2020-03-18,169.829041
2020-03-19,170.848373
2020-03-20,164.155212
2020-03-23,164.273773
2020-03-24,176.994690
2020-03-25,175.684082
2020-03-26,184.935669
2020-03-27,178.575195
2020-03-30,185.070618
2020-03-31,183.490097
2020-04-01,175.693695
2020-04-02,179.259415
2020-04-03,176.715225
2020-04-06,189.349457
2020-04-07,189.272385
2020-04-08,193.291046
2020-04-09,193.570496
2020-04-13,195.661743
2020-04-14,204.171265
2020-04-15,201.829468
2020-04-16,205.510864
2020-04-17,207.476837
2020-04-20,205.019333
2020-04-21,197.454254
2020-04-22,203.313568
2020-04-23,202.879929
2020-04-24,206.079437
2020-04-27,207.737030
2020-04-28,203.824356
2020-04-29,211.052155
2020-04-30,210.965439
2020-05-01,205.019333
2020-05-04,207.409363
2020-05-05,209.760788
2020-05-06,211.052155
2020-05-07,213.769852
2020-05-08,216.699539
2020-05-11,218.636520
2020-05-12,214.058945
2020-05-13,211.379852
2020-05-14,213.779495
2020-05-15,215.167206
2020-05-18,219.176254
2020-05-19,218.626923
2020-05-20,222.992569
2020-05-21,220.563965
2020-05-22,221.325317
2020-05-26,220.727783
2020-05-27,221.932419
2020-05-28,221.643372
2020-05-29,224.891068
2020-06-01,225.565643
2020-06-02,227.078659
2020-06-03,228.100174
2020-06-04,226.500427
2020-06-05,230.991302
2020-06-08,232.783798
2020-06-09,234.470306
2020-06-10,237.284302
2020-06-11,225.527100
2020-06-12,227.319611
2020-06-15,230.085480
2020-06-16,234.036621
2020-06-17,234.778702
2020-06-18,235.414749
2020-06-19,235.376175
2020-06-22,238.198959
2020-06-23,240.226257
2020-06-24,235.273865
2020-06-25,237.513535
2020-06-26,231.904648
2020-06-29,234.433975
2020-06-30,239.029221
2020-07-01,241.819183
2020-07-02,243.460251
2020-07-06,249.445709
2020-07-07,247.727310
2020-07-08,250.990280
2020-07-09,253.104538
2020-07-10,254.832596
2020-07-13,249.590546
2020-07-14,251.357178
2020-07-15,251.868759
2020-07-16,250.150452
2020-07-17,250.440002
2020-07-20,257.545288
2020-07-21,254.861526
2020-07-22,255.759247
2020-07-23,249.078842
2020-07-24,246.713654
2020-07-27,251.115829
2020-07-28,247.920410
2020-07-29,250.777924
2020-07-30,252.090805
2020-07-31,256.589569
2020-08-03,260.055267
2020-08-04,261.020660
2020-08-05,261.667450
2020-08-06,265.133301
2020-08-07,262.072845
2020-08-10,260.953033
2020-08-11,256.010345
2020-08-12,262.449463
2020-08-13,263.048004
2020-08-14,262.739014
2020-08-17,265.789673
2020-08-18,268.347839
2020-08-19,266.542664
2020-08-20,270.240143
2020-08-21,272.112885
2020-08-24,273.812012
2020-08-25,275.964783
2020-08-26,281.853699
2020-08-27,280.975128
2020-08-28,282.404022
2020-08-31,284.672607
2020-09-01,289.538177
2020-09-02,292.279846
2020-09-03,277.461121
2020-09-04,273.763641
2020-09-08,260.605530
2020-09-09,268.261078
2020-09-10,262.912781
2020-09-11,261.088226
2020-09-14,265.635101
2020-09-15,269.400177
2020-09-16,265.104218
2020-09-17,260.962799
2020-09-18,257.632111
2020-09-21,258.250000
2020-09-22,263.048004
2020-09-23,255.015945
2020-09-24,256.203461
2020-09-25,262.159821
2020-09-28,267.604645
2020-09-29,266.397888
2020-09-30,268.222412
2020-10-01,272.479767
2020-10-02,264.814667
2020-10-05,270.462219
2020-10-06,265.635101
2020-10-07,270.230408
2020-10-08,271.668793
2020-10-09,275.819977
2020-10-12,284.334656
2020-10-13,284.325012
2020-10-14,281.950226
2020-10-15,280.058136
2020-10-16,278.523071
2020-10-19,273.976074
2020-10-20,274.565002
2020-10-21,274.352722
2020-10-22,274.342926
2020-10-23,274.883606
2020-10-26,270.761383
2020-10-27,272.875580
2020-10-28,262.237122
2020-10-29,266.822723
2020-10-30,260.055267
2020-11-02,260.634552
2020-11-03,265.142822
2020-11-04,276.978485
2020-11-05,284.199554
2020-11-06,284.411957
2020-11-09,278.600281
2020-11-10,273.609314
2020-11-11,279.729919
2020-11-12,278.416840
2020-11-13,280.859222
2020-11-16,283.050690
2020-11-17,282.152832
2020-11-18,280.067596
2020-11-19,282.259064
2020-11-20,280.328278
2020-11-23,280.338074
2020-11-24,284.276703
2020-11-25,286.024139
2020-11-27,288.659607
2020-11-30,289.248505
2020-12-01,292.955597
2020-12-02,293.332062
2020-12-03,293.747162
2020-12-04,294.944275
2020-12-07,296.614441
2020-12-08,297.618408
2020-12-09,290.880005
2020-12-10,292.048096
2020-12-11,291.401337
2020-12-14,293.515533
2020-12-15,296.652985
2020-12-16,298.284546
2020-12-17,300.234589
2020-12-18,299.327087
2020-12-21,298.767090
2020-12-22,299.579529
2020-12-23,298.070740
2020-12-24,299.386108
2020-12-28,302.403534
2020-12-29,302.674347
2020-12-30,302.684052
2020-12-31,303.428711
2021-01-04,299.144348
2021-01-05,301.610474
2021-01-06,297.432526
2021-01-07,304.627930
2021-01-08,308.544861
2021-01-11,304.086304
2021-01-12,303.602936
2021-01-13,305.653107
2021-01-14,304.018646
2021-01-15,301.610474
2021-01-19,306.010956
2021-01-20,313.129059
2021-01-21,315.633972
2021-01-22,314.724884
2021-01-25,317.326447
2021-01-26,317.790680
2021-01-27,308.931732
2021-01-28,310.759552
2021-01-29,304.221710
2021-02-01,311.823456
2021-02-02,316.910522
2021-02-03,315.653320
2021-02-04,319.386414
2021-02-05,320.469635
2021-02-08,322.616608
2021-02-09,322.548981
2021-02-10,321.813934
2021-02-11,323.583771
2021-02-12,325.392365
2021-02-16,324.512268
2021-02-17,322.955261
2021-02-18,321.543121
2021-02-19,320.140808
2021-02-22,311.842773
2021-02-23,310.914307
2021-02-24,313.477234
2021-02-25,302.548615
2021-02-26,303.815582
2021-03-01,312.954987
2021-03-02,307.935547
2021-03-03,298.999207
2021-03-04,294.105469
2021-03-05,298.535034
2021-03-08,290.082275
2021-03-09,301.523438
2021-03-10,300.662720
2021-03-11,307.587341
2021-03-12,305.092194
2021-03-15,308.351349
2021-03-16,310.043915
2021-03-17,311.320465
2021-03-18,301.784576
2021-03-19,302.848511
2021-03-22,308.527771
2021-03-23,307.181732
2021-03-24,302.001129
2021-03-25,301.478210
2021-03-26,306.000397
2021-03-29,305.913239
2021-03-30,304.373535
2021-03-31,309.031372
2021-04-01,314.299255
2021-04-05,320.574219
2021-04-06,320.351501
2021-04-07,321.126129
2021-04-08,324.476685
2021-04-09,326.442444
2021-04-12,326.016327
2021-04-13,329.821991
2021-04-14,325.861420
2021-04-15,330.800018
2021-04-16,331.187408
2021-04-19,328.156372
2021-04-20,325.764557
2021-04-21,328.553497
2021-04-22,324.592926
2021-04-23,328.679352
2021-04-26,330.819397
2021-04-27,329.386169
2021-04-28,328.272552
2021-04-29,329.454010
2021-04-30,327.294678
2021-05-03,325.551575
2021-05-04,319.693054
2021-05-05,318.618073
2021-05-06,321.019653
2021-05-07,323.624451
2021-05-10,315.451660
2021-05-11,315.015808
2021-05-12,306.862213
2021-05-13,309.234741
2021-05-14,316.061676
2021-05-17,314.144318
2021-05-18,312.023621
2021-05-19,312.381866
2021-05-20,318.424469
2021-05-21,316.662079
2021-05-24,321.988037
2021-05-25,322.433472
2021-05-26,323.556763
2021-05-27,322.346252
2021-05-28,323.363159
2021-06-01,322.288147
2021-06-02,322.917572
2021-06-03,319.557404
2021-06-04,324.980194
2021-06-07,325.948608
2021-06-08,326.103516
2021-06-09,326.180878
2021-06-10,329.579895
2021-06-11,330.441681
2021-06-14,333.608307
2021-06-15,331.429443
2021-06-16,330.219055
2021-06-17,334.411987
2021-06-18,331.787811
2021-06-21,333.849823
2021-06-22,336.961853
2021-06-23,337.126648
2021-06-24,339.211090
2021-06-25,338.794159
2021-06-28,342.914459
2021-06-29,344.155365
2021-06-30,343.612457
2021-07-01,343.748230
2021-07-02,347.693909
2021-07-06,349.196716
2021-07-07,349.933502
2021-07-08,347.820068
2021-07-09,349.991699
2021-07-12,351.358673
2021-07-13,351.358673
2021-07-14,351.988770
2021-07-15,349.516632
2021-07-16,346.685669
2021-07-19,343.845123
2021-07-20,347.839355
2021-07-21,350.524872
2021-07-22,352.841858
2021-07-23,356.962311
2021-07-26,357.243378
2021-07-27,353.307281
2021-07-28,354.664490
2021-07-29,355.294678
2021-07-30,353.442963
2021-08-02,353.472137
2021-08-03,355.614655
2021-08-04,356.128387
2021-08-05,358.387268
2021-08-06,356.816772
2021-08-09,357.475983
2021-08-10,355.643768
2021-08-11,355.032837
2021-08-12,356.312622
2021-08-13,357.563354
2021-08-16,357.718414
2021-08-17,354.567596
2021-08-18,351.154999
2021-08-19,352.851685
2021-08-20,356.506561
2021-08-23,361.838593
2021-08-24,362.943909
2021-08-25,363.360748
2021-08-26,361.053467
2021-08-27,364.562927
2021-08-30,368.654114
2021-08-31,368.353638
2021-09-01,368.964355
2021-09-02,368.789856
2021-09-03,369.924164
2021-09-07,370.447632
2021-09-08,369.158264
2021-09-09,367.888153
2021-09-10,365.096191
2021-09-13,364.844116
2021-09-14,363.806732
2021-09-15,366.511566
2021-09-16,366.763702
2021-09-17,362.420380
2021-09-20,354.931580
2021-09-21,355.368347
2021-09-22,358.687622
2021-09-23,361.997223
2021-09-24,362.336914
2021-09-27,359.444641
2021-09-28,349.273254
2021-09-29,348.700684
2021-09-30,347.419495
2021-10-01,349.574127
2021-10-04,342.236786
2021-10-05,346.856628
2021-10-06,349.079254
2021-10-07,352.281952
2021-10-08,350.525238
2021-10-11,347.836823
2021-10-12,346.623688
2021-10-13,349.399384
2021-10-14,355.834198
2021-10-15,358.076172
2021-10-18,361.676941
2021-10-19,364.413849
2021-10-20,363.938324
2021-10-21,366.160950
2021-10-22,363.084259
2021-10-25,366.801422
2021-10-26,367.956390
2021-10-27,368.810486
2021-10-28,372.906250
2021-10-29,374.740601
2021-11-01,376.021729
2021-11-02,377.593994
2021-11-03,381.602386
2021-11-04,386.493958
2021-11-05,386.862854
2021-11-08,386.338776
2021-11-09,383.679382
2021-11-10,378.040527
2021-11-11,379.088623
2021-11-12,383.077576
2021-11-15,382.990234
2021-11-16,385.717560
2021-11-17,385.921387
2021-11-18,389.920013
2021-11-19,392.094086
2021-11-22,387.542267
2021-11-23,385.775726
2021-11-24,387.018127
2021-11-26,379.680786
2021-11-29,387.920654
2021-11-30,382.223541
2021-12-01,375.720764
2021-12-02,378.428741
2021-12-03,371.848297
2021-12-06,374.827942
2021-12-07,386.115387
2021-12-08,387.843079
2021-12-09,382.136261
2021-12-10,386.290161
2021-12-13,380.709534
2021-12-14,376.769073
2021-12-15,385.358429
2021-12-16,375.449066
2021-12-17,373.575867
2021-12-20,369.952118
2021-12-21,378.231750
2021-12-22,382.838074
2021-12-23,385.724304
2021-12-27,392.099274
2021-12-28,390.282043
2021-12-29,390.223724
2021-12-30,389.057587
2021-12-31,386.628082
2022-01-03,390.349976
2022-01-04,385.287048
2022-01-05,373.450562
2022-01-06,373.188141
2022-01-07,369.145508
2022-01-10,369.388458
2022-01-11,374.937378
2022-01-12,376.424255
2022-01-13,367.007599
2022-01-14,369.291321
2022-01-18,360.098114
2022-01-19,356.142975
2022-01-20,351.517151
2022-01-21,341.770111
2022-01-24,343.334686
2022-01-25,335.375702
2022-01-26,334.850952
2022-01-27,331.478699
2022-01-28,341.876923
2022-01-31,352.809570
2022-02-01,355.210022
2022-02-02,358.096252
2022-02-03,343.577637
2022-02-04,347.911774
2022-02-07,345.113037
2022-02-08,348.990509
2022-02-09,356.385864
2022-02-10,348.319946
2022-02-11,337.270691
2022-02-14,337.688507
2022-02-15,346.084900
2022-02-16,345.997345
2022-02-17,335.706085
2022-02-18,331.877197
2022-02-22,328.544006
2022-02-23,320.128296
2022-02-24,330.886017
2022-02-25,336.017059
2022-02-28,337.017975
2022-03-01,331.857727
2022-03-02,337.426208
2022-03-03,332.606049
2022-03-04,327.785919
2022-03-07,315.696899
2022-03-08,314.229431
2022-03-09,325.541107
2022-03-10,321.926025
2022-03-11,315.249817
2022-03-14,309.195618
2022-03-15,318.894043
2022-03-16,330.720795
2022-03-17,334.724518
2022-03-18,341.575714
2022-03-21,340.626160
2022-03-22,347.320312
2022-03-23,342.328796
2022-03-24,349.937653
2022-03-25,349.645721
2022-03-28,355.055634
2022-03-29,361.166016
2022-03-30,357.176666
2022-03-31,352.749664
2022-04-01,352.078308
2022-04-04,359.327118
2022-04-05,351.348450
2022-04-06,343.720245
2022-04-07,344.537567
2022-04-08,339.721161
2022-04-11,331.684296
2022-04-12,330.283203
2022-04-13,336.996765
2022-04-14,329.290649
2022-04-18,329.543640
2022-04-19,336.909210
2022-04-20,331.995605
2022-04-21,325.126312
2022-04-22,316.612579
2022-04-25,320.679626
2022-04-26,308.575684
2022-04-27,308.205902
2022-04-28,319.152100
2022-04-29,304.790741
2022-05-02,309.879486
2022-05-03,310.210297
2022-05-04,320.699158
2022-05-05,304.547424
2022-05-06,300.898651
2022-05-09,289.125458
2022-05-10,292.638031
2022-05-11,283.958832
2022-05-12,283.287537
2022-05-13,293.786072
2022-05-16,290.380646
2022-05-17,297.901886
2022-05-18,283.277740
2022-05-19,281.759888
2022-05-20,280.884155
2022-05-23,285.554565
2022-05-24,279.483032
2022-05-25,283.394592
2022-05-26,291.246521
2022-05-27,300.752777
2022-05-31,299.954956
2022-06-01,297.736450
2022-06-02,305.890198
2022-06-03,297.931061
2022-06-06,298.923492
2022-06-07,301.501953
2022-06-08,299.332184
2022-06-09,291.314697
2022-06-10,281.039856
2022-06-13,267.972565
2022-06-14,268.459045
2022-06-15,275.162964
2022-06-16,264.061127
2022-06-17,267.272003
2022-06-21,274.015106
2022-06-22,273.615509
2022-06-23,277.690308
2022-06-24,287.205017
2022-06-27,285.099304
2022-06-28,276.413330
2022-06-29,276.666779
2022-06-30,273.235260
2022-07-01,275.038788
2022-07-05,279.747314
2022-07-06,281.541046
2022-07-07,287.565735
2022-07-08,287.926483
2022-07-11,281.775116
2022-07-12,279.045502
2022-07-13,278.470306
2022-07-14,279.464630
2022-07-15,284.533936
2022-07-18,282.126038
2022-07-19,290.802307
2022-07-20,295.413452
2022-07-21,299.653992
2022-07-22,294.399567
2022-07-25,292.722809
2022-07-26,286.971069
2022-07-27,299.098419
2022-07-28,302.022980
2022-07-29,307.531006
2022-08-01,307.345795
2022-08-02,306.429382
2022-08-03,314.774261
2022-08-04,316.246246
2022-08-05,313.662933
2022-08-08,312.649048
2022-08-09,309.110291
2022-08-10,317.737885
2022-08-11,315.934326
2022-08-12,322.085754
2022-08-15,324.688629
2022-08-16,323.928223
2022-08-17,320.233582
2022-08-18,321.003601
2022-08-19,314.745056
2022-08-22,306.458710
2022-08-23,306.205170
2022-08-24,307.092346
2022-08-25,312.522308
2022-08-26,299.712555
2022-08-29,296.758759
2022-08-30,293.453949
2022-08-31,291.747894
2022-09-01,291.874634
2022-09-02,287.751007
2022-09-06,285.684235
2022-09-07,291.455505
2022-09-08,292.966553
2022-09-09,299.371368
2022-09-12,302.929626
2022-09-13,286.317932
2022-09-14,288.589355
2022-09-15,283.783295
2022-09-16,282.047974
2022-09-19,284.244446
2022-09-20,281.978699
2022-09-21,276.929626
2022-09-22,273.521271
2022-09-23,269.067871
2022-09-26,267.954437
2022-09-27,268.061859
2022-09-28,273.394135
2022-09-29,265.512909
2022-09-30,261.010742
2022-10-03,267.134125
2022-10-04,275.533081
2022-10-05,275.386597
2022-10-06,273.218475
2022-10-07,262.807617
2022-10-10,260.180573
2022-10-11,256.606201
2022-10-12,256.518250
2022-10-13,262.534241
2022-10-14,254.643127
2022-10-17,263.051819
2022-10-18,265.132080
2022-10-19,264.165222
2022-10-20,262.817505
2022-10-21,268.979950
2022-10-24,271.939148
2022-10-25,277.564392
2022-10-26,271.431213
2022-10-27,266.489532
2022-10-28,274.644287
2022-10-31,271.450806
2022-11-01,268.677155
2022-11-02,259.467682
2022-11-03,254.399033
2022-11-04,258.491028
2022-11-07,261.333008
2022-11-08,263.237457
2022-11-09,257.162811
2022-11-10,276.138550
2022-11-11,281.226685
2022-11-14,278.765625
2022-11-15,282.623291
2022-11-16,278.765625
2022-11-17,278.150421
2022-11-18,278.160126
2022-11-21,275.298584
2022-11-22,279.263702
2022-11-23,282.066589
2022-11-25,280.211029
2022-11-28,276.099487
2022-11-29,274.009521
2022-11-30,286.500366
2022-12-01,286.852020
2022-12-02,285.709381
2022-12-05,280.914185
2022-12-06,275.093536
2022-12-07,273.970428
2022-12-08,277.212799
2022-12-09,275.445129
2022-12-12,278.902344
2022-12-13,281.900604
2022-12-14,279.810608
2022-12-15,270.415558
2022-12-16,267.837311
2022-12-19,264.073212
2022-12-20,263.867645
2022-12-21,267.695404
2022-12-22,261.146179
2022-12-23,261.733459
2022-12-27,258.032990
2022-12-28,254.626282
2022-12-29,260.832886
2022-12-30,260.676239
2023-01-03,258.914062
2023-01-04,260.147552
2023-01-05,256.075134
2023-01-06,263.143158
2023-01-09,264.846619
2023-01-10,267.088409
2023-01-11,271.709106
2023-01-12,273.177521
2023-01-13,275.057068
2023-01-17,275.615143
2023-01-18,272.032135
2023-01-19,269.359558
2023-01-20,276.731049
2023-01-23,282.878876
2023-01-24,282.301331
2023-01-25,281.674744
2023-01-26,287.166840
2023-01-27,290.025330
2023-01-30,284.161316
2023-01-31,288.419769
2023-02-01,294.587189
2023-02-02,305.159912
2023-02-03,299.736542
2023-02-06,297.201050
2023-02-07,303.358734
2023-02-08,297.964661
2023-02-09,295.331207
2023-02-10,293.392944
2023-02-13,298.091858
2023-02-14,300.294525
2023-02-15,302.595123
2023-02-16,296.917175
2023-02-17,294.822144
2023-02-21,287.842346
2023-02-22,288.057587
2023-02-23,290.573547
2023-02-24,285.708130
2023-02-27,287.754120
2023-02-28,287.382080
2023-03-01,285.071777
2023-03-02,287.431091
2023-03-03,293.373352
2023-03-06,293.706146
2023-03-07,290.103638
2023-03-08,291.552460
2023-03-09,286.501099
2023-03-10,282.477600
2023-03-13,284.572540
2023-03-14,291.111969
2023-03-15,292.639130
2023-03-16,300.353241
2023-03-17,298.933838
2023-03-20,299.994690
2023-03-21,304.279327
2023-03-22,300.141785
2023-03-23,303.700836
2023-03-24,304.818634
2023-03-27,302.730164
2023-03-28,301.122253
2023-03-29,306.612823
2023-03-30,309.515015
2023-03-31,314.662476
2023-04-03,313.897766
2023-04-04,312.838806
2023-04-05,309.750366
2023-04-06,311.838684
2023-04-10,311.662354
2023-04-11,309.662109
2023-04-12,306.926666
2023-04-13,312.936890
2023-04-14,312.348633
2023-04-17,312.613342
2023-04-18,312.632935
2023-04-19,312.485809
2023-04-20,310.103363
2023-04-21,310.426880
2023-04-24,309.779785
2023-04-25,303.936157
2023-04-26,305.779449
2023-04-27,314.093872
2023-04-28,316.260712
2023-05-01,315.897919
2023-05-02,313.142792
2023-05-03,311.093628
2023-05-04,309.995453
2023-05-05,316.584259
2023-05-08,317.368561
2023-05-09,315.358612
2023-05-10,318.790344
2023-05-11,319.829559
2023-05-12,318.682495
2023-05-15,320.408142
2023-05-16,320.770874
2023-05-17,324.653503
2023-05-18,330.683411
2023-05-19,329.938232
2023-05-22,331.046204
2023-05-23,326.849823
2023-05-24,325.173187
2023-05-25,333.085571
2023-05-26,341.596069
2023-05-30,343.145172
2023-05-31,341.194061
2023-06-01,345.135559
2023-06-02,347.723999
2023-06-05,347.969147
2023-06-06,347.910309
2023-06-07,342.007843
2023-06-08,346.253326
2023-06-09,347.576935
2023-06-12,353.449921
2023-06-13,356.165924
2023-06-14,358.754272
2023-06-15,363.029144
2023-06-16,360.744629
2023-06-20,360.228180
2023-06-21,355.319092
2023-06-22,359.511505
2023-06-23,355.947510
2023-06-26,351.175842
2023-06-27,357.214020
2023-06-28,357.911102
2023-06-29,357.194427
2023-06-30,362.702423
2023-07-03,363.556580
2023-07-05,363.546722
2023-07-06,360.778015
2023-07-07,359.580231
2023-07-10,359.697998
2023-07-11,361.475098
2023-07-12,366.040649
2023-07-13,372.255493
2023-07-14,372.176880
2023-07-17,375.652496
2023-07-18,378.725586
2023-07-19,378.637238
2023-07-20,369.908905
2023-07-21,368.799500
2023-07-24,369.388580
2023-07-25,371.892181
2023-07-26,370.655121
2023-07-27,369.771454
2023-07-28,376.506683
2023-07-31,376.703156
2023-08-01,375.829285
2023-08-02,367.582031
2023-08-03,366.992950
2023-08-04,365.274750
2023-08-07,368.367554
2023-08-08,365.235474
2023-08-09,361.219849
2023-08-10,361.887482
2023-08-11,359.580231
2023-08-14,363.615479
2023-08-15,359.756958
2023-08-16,355.947510
2023-08-17,352.059509
2023-08-18,351.617706
2023-08-21,357.282745
2023-08-22,356.772217
2023-08-23,362.398010
2023-08-24,354.651489
2023-08-25,357.400543
2023-08-28,360.090729
2023-08-29,367.955139
2023-08-30,370.007050
2023-08-31,371.116516
2023-09-01,370.723816
2023-09-05,371.195129
2023-09-06,367.925598
2023-09-07,365.294373
2023-09-08,365.804932
2023-09-11,370.115082
2023-09-12,366.011169
2023-09-13,367.405304
2023-09-14,370.409637
2023-09-15,364.067047
2023-09-18,364.446655
2023-09-19,363.669891
2023-09-20,358.429199
2023-09-21,351.861176
2023-09-22,351.910400
2023-09-25,353.581848
2023-09-26,348.272430
2023-09-27,349.088440
2023-09-28,352.008698
2023-09-29,352.264313
2023-10-02,355.204224
2023-10-03,348.970490
2023-10-04,353.719574
2023-10-05,352.677277
2023-10-06,358.586578
2023-10-09,360.415405
2023-10-10,362.411316
2023-10-11,364.997223
2023-10-12,363.728912
2023-10-13,359.156830
2023-10-16,363.217590
2023-10-17,362.027893
2023-10-18,357.278839
2023-10-19,353.935852
2023-10-20,348.655853
2023-10-23,349.707886
2023-10-24,353.109924
2023-10-25,344.467255
2023-10-26,337.899261
2023-10-27,339.521606
2023-10-30,343.346405
2023-10-31,344.988373
2023-11-01,350.976227
2023-11-02,357.347656
2023-11-03,361.546082
2023-11-06,363.020905
2023-11-07,366.452484
2023-11-08,366.688446
2023-11-09,363.866577
2023-11-10,372.047028
2023-11-13,370.886810
2023-11-14,378.870697
2023-11-15,379.155853
2023-11-16,379.480408
2023-11-17,379.568878
2023-11-20,384.190033
2023-11-21,381.958130
2023-11-22,383.521362
2023-11-24,382.980682
2023-11-27,382.646423
2023-11-28,383.649231
2023-11-29,383.275635
2023-11-30,382.312012
2023-12-01,383.403473
2023-12-04,379.844147
2023-12-05,380.797913
2023-12-06,378.595398
2023-12-07,383.885254
2023-12-08,385.596100
2023-12-11,388.889893
2023-12-12,391.987122
2023-12-13,396.972046
2023-12-14,396.628021
2023-12-15,398.545288
2023-12-18,401.055603
2023-12-19,403.104797
2023-12-20,397.114807
2023-12-21,401.735413
2023-12-22,402.336395
2023-12-26,404.799347
2023-12-27,405.623413
2023-12-28,405.426270
2023-12-29,403.671753
2024-01-02,396.840668
2024-01-03,392.641479
2024-01-04,390.620728
2024-01-05,391.084076
2024-01-08,399.166992
2024-01-09,399.955597
2024-01-10,402.666290
2024-01-11,403.504120
2024-01-12,403.711121
2024-01-16,403.671753
2024-01-17,401.394684
2024-01-18,407.092194
2024-01-19,415.165192
2024-01-22,415.707397
2024-01-23,417.432373
2024-01-24,419.748779
2024-01-25,420.261322
2024-01-26,417.757660
2024-01-29,422.035614
2024-01-30,419.226379
2024-01-31,411.015350
2024-02-01,415.855194
2024-02-02,422.883453
2024-02-05,422.331421
2024-02-06,421.483582
2024-02-07,425.820801
2024-02-08,426.609375
2024-02-09,430.808533
2024-02-12,429.123016
2024-02-13,422.429901
2024-02-14,427.033234
2024-02-15,428.304840
2024-02-16,424.421112
2024-02-20,421.217468
2024-02-21,419.531952
2024-02-22,431.814026
2024-02-23,430.542419
2024-02-26,430.315704
2024-02-27,431.350677
2024-02-28,429.053955
2024-02-29,432.730713
2024-03-01,439.246338
2024-03-04,437.678986
2024-03-05,429.822876
2024-03-06,432.523773
2024-03-07,439.088593
2024-03-08,432.750458
2024-03-11,431.143738
2024-03-12,437.324188
2024-03-13,433.962860
2024-03-14,432.868744
2024-03-15,427.723236
2024-03-18,431.802673
2024-03-19,432.878479
2024-03-20,438.010986
2024-03-21,440.083740
2024-03-22,440.587158
2024-03-25,438.988220
2024-03-26,437.566803
2024-03-27,439.057220
2024-03-28,438.247925
2024-04-01,439.175720
2024-04-02,435.385468
2024-04-03,436.362671
2024-04-04,429.690399
2024-04-05,434.753815
2024-04-08,434.882141
2024-04-09,436.490967
2024-04-10,432.681061
2024-04-11,439.590302
2024-04-12,432.582397
2024-04-15,425.465942
2024-04-16,425.505432
2024-04-17,420.313660
2024-04-18,417.915253
2024-04-19,409.268860
2024-04-22,413.384796
2024-04-23,419.553650
2024-04-24,420.974976
2024-04-25,418.941711
2024-04-26,425.406769
2024-04-29,427.133972
2024-04-30,419.079865
2024-05-01,416.049805
2024-05-02,421.359894
2024-05-03,429.828644
2024-05-06,434.536713
2024-05-07,434.605804
2024-05-08,434.349182
2024-05-09,435.296722
2024-05-10,436.323181
2024-05-13,437.329895
2024-05-14,440.142944
2024-05-15,447.022491
2024-05-16,446.114471
2024-05-17,445.897308
2024-05-20,449.006439
2024-05-21,449.884857
2024-05-22,449.796051
2024-05-23,447.772644
2024-05-24,452.006958
2024-05-28,453.714508
2024-05-29,450.516541
2024-05-30,445.690033
2024-05-31,444.860931
2024-06-03,447.249573
2024-06-04,448.473419
2024-06-05,457.514526
2024-06-06,457.356628
2024-06-07,456.951935
2024-06-10,458.797699
2024-06-11,461.946320
2024-06-12,467.996735
2024-06-13,470.533417
2024-06-14,472.971313
2024-06-17,478.765137
2024-06-18,478.913269
2024-06-20,475.221771
2024-06-21,473.948456
2024-06-24,468.552734
2024-06-25,473.910950
2024-06-26,474.889648
2024-06-27,476.115479
2024-06-28,473.644012
2024-07-01,476.421997
2024-07-02,481.424255
2024-07-03,485.437927
2024-07-05,490.499481
2024-07-08,491.666016
2024-07-09,492.091125
2024-07-10,497.221893
2024-07-11,486.317719
2024-07-12,489.174774
2024-07-15,490.489624
2024-07-16,490.677460
2024-07-17,476.273621
2024-07-18,474.019684
2024-07-19,469.818146
2024-07-22,476.817413
2024-07-23,475.136810
2024-07-24,458.093445
2024-07-25,453.041779
2024-07-26,457.688110
2024-07-29,458.607513
2024-07-30,452.310211
2024-07-31,465.695770
2024-08-01,454.415894
2024-08-02,443.630371
2024-08-05,430.402985
2024-08-06,434.515564
2024-08-07,429.809845
2024-08-08,442.958130
2024-08-09,445.271454
2024-08-12,446.230408
2024-08-13,457.302521
2024-08-14,457.450897
2024-08-15,469.007538
2024-08-16,469.610535
2024-08-19,475.779358
2024-08-20,474.780914
2024-08-21,476.995300
2024-08-22,469.432648
2024-08-23,474.523834
2024-08-26,469.917023
2024-08-27,471.320831
2024-08-28,465.972504
2024-08-29,465.290436
2024-08-30,470.836395
2024-09-03,456.541382
2024-09-04,455.355072
2024-09-05,455.780151
2024-09-06,443.571045
2024-09-09,449.275208
2024-09-10,453.427338
2024-09-11,463.273651
2024-09-12,467.821167
2024-09-13,469.917023
2024-09-16,467.840942
2024-09-17,468.088135
2024-09-18,466.061493
2024-09-19,477.845490
2024-09-20,476.936005
2024-09-23,478.200226
2024-09-24,480.506866
2024-09-25,480.952362
2024-09-26,484.565826
2024-09-27,481.873016
2024-09-30,483.179810
2024-10-01,476.447937
2024-10-02,477.121185
2024-10-03,476.764740
2024-10-04,482.437286
2024-10-07,477.269714
2024-10-08,484.397491
2024-10-09,488.208893
2024-10-10,487.654541
2024-10-11,488.416779
2024-10-14,492.515350
2024-10-15,485.932007
2024-10-16,485.991394
2024-10-17,486.327911
2024-10-18,489.515717
2024-10-21,490.456207
2024-10-22,490.990753
2024-10-23,483.466888
2024-10-24,487.387268
2024-10-25,490.357147
2024-10-28,490.436310
2024-10-29,495.148743
2024-10-30,491.406586
2024-10-31,479.002167
2024-11-01,482.546204
2024-11-04,481.140442
2024-11-05,487.278351
2024-11-06,500.514404
2024-11-07,508.394592
2024-11-08,508.988708
2024-11-11,508.691681
2024-11-12,507.770905
2024-11-13,507.117615
2024-11-14,503.593262
2024-11-15,491.594696
2024-11-18,495.010101
2024-11-19,498.415588
2024-11-20,498.128540
2024-11-21,499.920471
2024-11-22,500.722290
2024-11-25,501.514282
2024-11-26,504.207001
2024-11-27,500.237122
2024-11-29,504.632660
2024-12-02,510.127045
2024-12-03,511.691345
2024-12-04,518.017334
2024-12-05,516.581787
2024-12-06,521.204956
2024-12-09,517.146118
2024-12-10,515.383911
2024-12-11,524.610474
2024-12-12,521.224792
2024-12-13,525.214417
2024-12-16,532.777832
2024-12-17,530.431580
2024-12-18,511.295258
2024-12-19,509.018311
2024-12-20,513.463318
2024-12-23,518.465881
2024-12-24,525.496094
2024-12-26,525.139099
2024-12-27,518.158386
2024-12-30,511.267090
2024-12-31,506.923889
2025-01-02,505.932281
2025-01-03,514.211914
2025-01-06,520.121765
2025-01-07,510.840637
2025-01-08,510.929901
2025-01-10,502.917908
2025-01-13,501.301636
2025-01-14,500.825684
2025-01-15,512.347900
2025-01-16,508.758331
2025-01-17,517.345398
2025-01-21,520.379517
2025-01-22,527.033020
2025-01-23,528.153564
2025-01-24,525.168884
2025-01-27,509.878754
2025-01-28,517.414734
2025-01-29,516.443115
2025-01-30,518.644287
2025-01-31,517.890625
2025-02-03,513.745911
2025-02-04,520.052246
2025-02-05,522.412354
2025-02-06,525.139099
2025-02-07,518.515503
2025-02-10,524.792053
2025-02-11,523.542725
2025-02-12,523.850159
2025-02-13,531.386047
2025-02-14,533.617188
2025-02-18,534.826843
2025-02-19,534.975586
2025-02-20,532.704773
2025-02-21,521.648743
2025-02-24,515.491150
2025-02-25,508.996307
2025-02-26,510.225830
2025-02-27,496.056183
2025-02-28,503.889648
2025-03-03,492.863312
2025-03-04,491.375977
2025-03-05,497.781525
2025-03-06,484.087860
2025-03-07,487.647644
2025-03-10,468.748199
2025-03-11,467.627655
2025-03-12,472.902893
2025-03-13,464.395142
2025-03-14,475.619812
2025-03-17,478.703583
2025-03-18,470.542969
2025-03-19,476.839447
2025-03-20,475.223236
2025-03-21,476.789856
2025-03-24,487.252716
2025-03-25,490.033264
2025-03-26,481.016296
2025-03-27,478.275482
2025-03-28,465.683502
2025-03-31,465.663666
2025-04-01,469.417419
2025-04-02,472.843445
2025-04-03,447.530457
2025-04-04,419.734833
2025-04-07,420.747742
2025-04-08,413.170685
2025-04-09,462.763916
2025-04-10,443.081543
2025-04-11,451.244507
2025-04-14,454.303101
2025-04-15,454.809601
2025-04-16,441.095428
2025-04-17,441.016052
2025-04-21,430.102295
2025-04-22,441.393372
2025-04-23,451.403381
2025-04-24,464.104584
2025-04-25,469.278412
2025-04-28,469.129425
2025-04-29,472.227753
2025-04-30,472.168182
2025-05-01,478.335022
2025-05-02,485.435364
2025-05-05,482.555511
2025-05-06,478.066895
2025-05-07,479.943787
2025-05-08,484.899170
2025-05-09,484.581390
2025-05-12,504.323303
2025-05-13,512.009644
2025-05-14,515.078064
2025-05-15,515.644165
2025-05-16,517.888428
2025-05-19,518.384949
2025-05-20,516.657043
2025-05-21,509.477264
2025-05-22,510.430573
2025-05-23,505.703674
2025-05-27,517.600464
2025-05-28,515.306396
2025-05-29,516.319458
2025-05-30,515.505066
2025-06-02,519.576721
2025-06-03,523.638184
2025-06-04,525.098022
2025-06-05,521.145630
2025-06-06,526.239990
2025-06-09,527.014648
2025-06-10,530.500244
2025-06-11,528.712769
2025-06-12,529.954041
2025-06-13,523.300659
2025-06-16,530.579712
2025-06-17,525.405945
2025-06-18,525.316528
2025-06-20,523.171509
2025-06-23,528.550964
2025-06-24,536.633667
2025-06-25,538.005554
2025-06-26,543.036011
2025-06-27,544.895142
2025-06-30,548.424500
2025-07-01,543.801514
2025-07-02,547.589294
2025-07-03,552.977783
2025-07-07,548.812195
2025-07-08,549.120361
2025-07-09,553.007568
2025-07-10,552.212280
2025-07-11,550.969543
2025-07-14,552.967834
2025-07-15,553.474854
2025-07-16,554.041504
2025-07-17,558.525269
2025-07-18,557.988403
2025-07-21,560.881409
2025-07-22,557.978455
2025-07-23,560.523499
2025-07-24,561.716492
2025-07-25,563.068604
2025-07-28,564.828369
2025-07-29,563.953430
2025-07-30,564.708984
2025-07-31,561.716492
2025-08-01,550.651428
2025-08-04,560.811829
2025-08-05,557.004150
2025-08-06,564.013123
2025-08-07,565.921814
2025-08-08,571.200867
2025-08-11,569.510742
2025-08-12,576.668884
2025-08-13,576.957214
2025-08-14,576.509827
2025-08-15,573.974731
2025-08-18,573.746033
2025-08-19,565.961670
2025-08-20,562.601379
2025-08-21,559.996643
2025-08-22,568.635925
2025-08-25,566.995605
2025-08-26,569.272156
2025-08-27,570.147095
2025-08-28,573.716125
2025-08-29,567.075134
2025-09-02,562.322998
2025-09-03,566.747009
2025-09-04,571.876953
2025-09-05,572.702148
2025-09-08,575.495728
2025-09-09,577.126160
2025-09-10,577.315063
2025-09-11,580.675354
2025-09-12,583.240417
2025-09-15,588.231079
2025-09-16,587.733887
2025-09-17,586.560852
2025-09-18,591.849854
2025-09-19,595.856323
2025-09-22,599.383789
2025-09-23,595.402527
2025-09-24,593.312317
2025-09-25,590.754333
2025-09-26,593.182922
2025-09-29,595.929993
2025-09-30,597.562378
2025-10-01,600.428833
2025-10-02,602.897217
2025-10-03,600.359192
2025-10-06,604.867981
2025-10-07,601.682983
2025-10-08,608.580566
2025-10-09,607.844055
2025-10-10,586.743225
2025-10-13,599.194641
2025-10-14,595.203430
2025-10-15,599.403687
2025-10-16,597.184143
2025-10-17,601.105713
2025-10-20,608.680054
2025-10-21,608.520874
2025-10-22,602.658386
2025-10-23,607.724609
2025-10-24,614.214050
2025-10-27,625.152710
2025-10-28,629.960144
2025-10-29,632.796875
2025-10-30,623.122253
2025-10-31,626.128174
2025-11-03,629.124023
2025-11-04,616.354004
2025-11-05,620.365295
2025-11-06,608.809509
2025-11-07,606.888550
2025-11-10,620.315491
2025-11-11,618.663208
2025-11-12,618.175476
2025-11-13,605.554871
2025-11-14,606.012634
2025-11-17,600.836975
2025-11-18,593.521240
2025-11-19,597.064697
2025-11-20,582.931030
2025-11-21,587.310486
2025-11-24,602.329956
2025-11-25,606.042542
2025-11-26,611.397339
2025-11-28,616.354004
2025-12-01,614.283752
2025-12-02,619.091187
2025-12-03,620.604065
2025-12-04,620.026855
2025-12-05,622.554871
2025-12-08,621.360535
2025-12-09,622.126892
2025-12-10,624.674927
2025-12-11,622.654480
2025-12-12,610.750366
2025-12-15,607.684753
2025-12-16,608.889099
2025-12-17,597.602112
2025-12-18,606.261475
2025-12-19,614.164368
2025-12-22,617.108276
2025-12-23,619.998413
2025-12-24,621.812317
2025-12-26,621.772400
2025-12-29,618.762634
2025-12-30,617.327515
2025-12-31,612.224915
2026-01-02,611.039001
2026-01-05,615.892395
2026-01-06,621.304016
2026-01-07,621.902039
2026-01-08,618.364014
2026-01-09,624.523071
2026-01-12,625.041260
2026-01-13,624.114441
2026-01-14,617.447144
2026-01-15,619.669617
2026-01-16,619.151367
2026-01-20,605.996155
2026-01-21,614.188232
2026-01-22,618.653015
2026-01-23,620.606384
2026-01-26,623.337097
2026-01-27,628.987854
2026-01-28,631.070740
2026-01-29,627.293640
2026-01-30,619.759277
2026-02-02,624.014832
2026-02-03,614.427429
2026-02-04,603.693970
2026-02-05,595.003662
2026-02-06,607.580750
2026-02-09,612.234924
2026-02-10,609.394531
2026-02-11,611.028992
2026-02-12,598.601318
2026-02-13,599.877014
2026-02-17,599.259033
2026-02-18,603.733826
2026-02-19,601.421692
2026-02-20,606.743591
2026-02-23,599.368652
2026-02-24,605.806763
2026-02-25,614.586853
2026-02-26,607.172119
2026-02-27,605.228699
2026-03-02,606.026062
2026-03-03,599.538147
2026-03-04,608.677002
2026-03-05,606.843201
2026-03-06,597.714355
2026-03-09,605.697144
2026-03-10,605.707153
2026-03-11,605.627380
2026-03-12,595.232849
2026-03-13,591.704773
2026-03-16,598.342224
2026-03-17,601.262268
2026-03-18,592.880859
2026-03-19,591.007202
2026-03-20,580.084412
2026-03-23,586.743164
2026-03-24,582.731689
2026-03-25,586.563538
2026-03-26,572.563477
2026-03-27,561.377502
2026-03-30,557.086670
2026-03-31,575.946228
2026-04-01,583.061035
2026-04-02,583.729553
2026-04-06,587.242065
2026-04-07,587.331909
2026-04-08,604.794495
2026-04-09,608.885742
2026-04-10,609.763855
2026-04-13,616.070312
2026-04-14,627.256287
2026-04-15,636.037537
2026-04-16,639.100952
2026-04-17,647.463013
2026-04-20,645.407410
2026-04-21,642.952698
2026-04-22,653.709717
2026-04-23,650.027527
2026-04-24,662.460938
2026-04-27,662.810181
2026-04-28,656.144470
2026-04-29,660.155884
2026-04-30,666.312622
2026-05-01,672.708984
2026-05-04,671.441711
2026-05-05,680.153015
2026-05-06,694.282776
2026-05-07,693.454529
2026-05-08,709.709717
2026-05-11,711.765259
2026-05-12,705.728210
2026-05-13,713.182312
2026-05-14,718.251404
2026-05-15,707.414673
2026-05-18,704.371155
2026-05-19,700.030518
2026-05-20,711.625671
2026-05-21,712.982727
2026-05-22,716.006226
2026-05-26,728.719055
2026-05-27,727.890808
2026-05-28,734.027588
2026-05-29,736.731812
2026-06-01,741.152405
2026-06-02,744.565002
2026-06-03,742.619263
2026-06-04,739.026917
2026-06-05,703.552917
2026-06-08,714.539368
2026-06-09,706.316956
2026-06-10,692.207214
2026-06-11,715.587097
2026-06-12,719.798096
2026-06-15,742.409668
2026-06-16,728.299866
2026-06-17,720.965576
2026-06-18,739.036926
2026-06-22,737.181824
2026-06-23,712.907166
2026-06-24,709.880310
2026-06-25,715.634277
2026-06-26,705.784607
2026-06-29,723.326294
2026-06-30,735.633484
2026-07-01,724.415100
2026-07-02,711.858215
2026-07-06,722.067627
2026-07-07,708.691528
2026-07-08,710.699463
2026-07-09,722.527161
2026-07-10,724.754822
2026-07-13,710.999084
2026-07-14,718.940857
2026-07-15,716.992859
2026-07-16,705.205139
2026-07-17,694.606201
2026-07-20,695.335449
2026-07-21,708.231995
2026-07-22,704.615723
2026-07-23,691.239746
2026-07-24,683.517761
2026-07-27,681.409973
2026-07-28,674.786865
2026-07-29,661.041138
2026-07-30,682.838440
2026-07-31,687.273865
2026-08-03,699.341309
2026-08-04,723.096497
2026-08-05,716.553345
2026-08-06,713.906128
2026-08-07,722.277405
2026-08-10,720.119629
2026-08-11,717.702148
2026-08-12,722.946716
2026-08-13,731.307983
2026-08-14,730.309021
2026-08-17,729.110229
2026-08-18,716.763123
2026-08-19,715.334595
2026-08-20,710.189941
2026-08-21,712.697388
2026-08-24,705.584778
2026-08-25,709.980164
2026-08-26,710.629517
2026-08-27,720.359375
2026-08-28,715.684265
2026-08-31,716.013916
2026-09-01,706.903381
2026-09-02,708.501709
2026-09-03,716.922913
2026-09-04,718.211609
2026-09-08,717.612244
2026-09-09,715.564392
2026-09-10,707.952332
2026-09-11,714.135864
2026-09-14,708.441772
2026-09-15,703.806580
2026-09-16,703.986389
2026-09-17,716.173706
2026-09-18,720.699036
2026-09-21,741.469971
2026-09-22,747.460022
2026-09-23,741.210022
2026-09-24,741.099976
2026-09-25,744.500000
2026-09-28,736.530029
2026-09-29,737.929993
2026-09-30,739.770020
2026-10-01,742.030029
2026-10-02,749.580017
