date,adj_close
2007-05-04,26.572269
2007-05-07,26.566965
2007-05-08,26.471672
2007-05-09,26.630508
2007-05-10,26.323439
2007-05-11,26.514042
2007-05-14,26.281090
2007-05-15,25.825769
2007-05-16,25.820471
2007-05-17,25.613989
2007-05-18,25.608700
2007-05-21,25.947523
2007-05-22,26.381674
2007-05-23,26.466385
2007-05-24,26.016371
2007-05-25,26.154022
2007-05-29,26.429316
2007-05-30,26.429316
2007-05-31,26.736401
2007-06-01,26.799915
2007-06-04,26.974634
2007-06-05,26.974634
2007-06-06,26.318134
2007-06-07,25.910473
2007-06-08,25.910473
2007-06-11,25.910473
2007-06-12,25.396921
2007-06-13,25.550459
2007-06-14,25.677519
2007-06-15,26.154022
2007-06-18,26.074602
2007-06-19,26.074602
2007-06-20,26.111654
2007-06-21,25.629883
2007-06-22,25.402222
2007-06-25,25.021021
2007-06-26,24.708652
2007-06-27,24.544531
2007-06-28,24.936317
2007-06-29,24.459732
2007-07-02,24.475908
2007-07-03,24.756254
2007-07-05,24.756254
2007-07-06,24.707729
2007-07-09,24.707729
2007-07-10,24.017656
2007-07-11,23.462370
2007-07-12,23.467770
2007-07-13,23.554020
2007-07-16,23.327595
2007-07-17,23.381498
2007-07-18,22.637526
2007-07-19,22.912464
2007-07-20,22.669868
2007-07-23,22.222408
2007-07-24,21.510769
2007-07-25,21.586241
2007-07-26,21.208855
2007-07-27,21.214249
2007-07-30,20.712870
2007-07-31,18.788233
2007-08-01,17.645298
2007-08-02,18.448576
2007-08-03,17.311049
2007-08-06,17.451218
2007-08-07,16.890535
2007-08-08,17.828600
2007-08-09,17.602169
2007-08-10,16.793488
2007-08-13,16.098032
2007-08-14,14.146429
2007-08-15,14.227294
2007-08-16,15.257008
2007-08-17,16.798887
2007-08-20,16.642544
2007-08-21,16.798887
2007-08-22,17.025309
2007-08-23,16.917490
2007-08-24,16.992970
2007-08-27,16.308290
2007-08-28,15.693698
2007-08-29,15.920124
2007-08-30,16.173512
2007-08-31,16.577841
2007-09-04,16.777317
2007-09-05,16.259764
2007-09-06,16.119591
2007-09-07,16.248985
2007-09-10,16.248985
2007-09-11,16.550886
2007-09-12,16.496977
2007-09-13,16.917490
2007-09-14,17.235567
2007-09-17,17.073837
2007-09-18,17.974159
2007-09-19,18.319193
2007-09-20,17.855547
2007-09-21,18.017290
2007-09-24,17.704601
2007-09-25,17.435041
2007-09-26,17.447315
2007-09-27,17.380363
2007-09-28,17.240871
2007-10-01,17.670496
2007-10-02,17.943905
2007-10-03,17.837885
2007-10-04,17.821148
2007-10-05,18.072226
2007-10-08,17.804411
2007-10-09,17.609121
2007-10-10,17.531015
2007-10-11,17.385941
2007-10-12,17.346886
2007-10-15,16.978630
2007-10-16,16.883778
2007-10-17,16.588062
2007-10-18,16.682911
2007-10-19,16.342569
2007-10-22,16.733139
2007-10-23,16.710815
2007-10-24,16.599222
2007-10-25,16.392776
2007-10-26,16.671757
2007-10-29,16.677334
2007-10-30,16.643858
2007-10-31,16.627121
2007-11-01,16.119373
2007-11-02,15.673015
2007-11-05,15.695327
2007-11-06,16.024527
2007-11-07,15.438673
2007-11-08,15.974311
2007-11-09,16.119373
2007-11-12,16.013369
2007-11-13,16.392776
2007-11-14,16.336981
2007-11-15,16.242138
2007-11-16,16.063587
2007-11-19,15.868298
2007-11-20,15.304762
2007-11-21,15.260126
2007-11-23,15.617219
2007-11-26,14.847238
2007-11-27,14.997893
2007-11-28,15.879457
2007-11-29,15.924089
2007-11-30,16.186337
2007-12-03,16.286770
2007-12-04,15.979892
2007-12-05,16.030104
2007-12-06,16.850304
2007-12-07,17.073488
2007-12-10,17.452890
2007-12-11,16.855886
2007-12-12,16.721975
2007-12-13,16.783350
2007-12-14,16.649431
2007-12-17,16.303497
2007-12-18,16.855886
2007-12-19,16.783350
2007-12-20,16.922844
2007-12-21,17.380363
2007-12-24,17.692818
2007-12-26,17.542179
2007-12-27,17.143145
2007-12-28,16.857710
2007-12-31,16.897663
2008-01-02,16.772066
2008-01-03,16.635059
2008-01-04,16.418133
2008-01-07,16.595100
2008-01-08,16.349634
2008-01-09,16.235460
2008-01-10,16.372461
2008-01-11,16.332504
2008-01-14,16.520885
2008-01-15,16.475224
2008-01-16,16.749229
2008-01-17,16.172665
2008-01-18,15.864388
2008-01-22,16.577984
2008-01-23,17.462822
2008-01-24,17.485657
2008-01-25,17.205929
2008-01-28,17.913807
2008-01-29,17.936640
2008-01-30,17.799639
2008-01-31,18.182110
2008-02-01,18.878569
2008-02-04,18.690186
2008-02-05,18.581709
2008-02-06,18.439003
2008-02-07,18.821482
2008-02-08,18.610262
2008-02-11,18.307703
2008-02-12,18.381912
2008-02-13,18.296289
2008-02-14,17.925215
2008-02-15,17.862423
2008-02-19,17.925215
2008-02-20,17.885254
2008-02-21,17.668327
2008-02-22,17.531332
2008-02-25,17.930929
2008-02-26,17.925215
2008-02-27,17.885254
2008-02-28,17.445688
2008-02-29,17.028963
2008-03-03,15.630331
2008-03-04,15.242146
2008-03-05,14.853961
2008-03-06,12.462026
2008-03-07,12.519111
2008-03-10,12.005335
2008-03-11,13.289782
2008-03-12,13.204151
2008-03-13,12.804544
2008-03-14,12.279345
2008-03-17,11.862615
2008-03-18,13.044312
2008-03-19,12.827376
2008-03-20,13.775020
2008-03-24,14.043327
2008-03-25,14.358529
2008-03-26,13.997790
2008-03-27,13.678446
2008-03-28,13.506948
2008-03-31,13.311801
2008-04-01,14.192948
2008-04-02,14.222512
2008-04-03,14.021444
2008-04-04,14.015531
2008-04-07,14.222512
2008-04-08,14.216597
2008-04-09,13.885432
2008-04-10,13.920919
2008-04-11,13.483293
2008-04-14,13.506948
2008-04-15,13.613400
2008-04-16,13.891343
2008-04-17,14.210688
2008-04-18,14.464977
2008-04-21,14.423585
2008-04-22,14.175207
2008-04-23,14.127895
2008-04-24,14.394011
2008-04-25,14.512291
2008-04-28,14.725182
2008-04-29,14.553682
2008-04-30,14.530030
2008-05-01,15.050433
2008-05-02,15.009041
2008-05-05,14.843450
2008-05-06,15.115482
2008-05-07,14.985386
2008-05-08,14.683784
2008-05-09,14.654213
2008-05-12,14.713351
2008-05-13,14.530030
2008-05-14,14.488626
2008-05-15,14.867107
2008-05-16,14.902592
2008-05-19,14.926248
2008-05-20,14.807978
2008-05-21,14.583251
2008-05-22,14.636475
2008-05-23,14.666039
2008-05-27,14.719264
2008-05-28,14.713351
2008-05-29,14.949897
2008-05-30,14.884850
2008-06-02,14.861193
2008-06-03,14.707430
2008-06-04,14.600991
2008-06-05,14.873025
2008-06-06,14.429494
2008-06-09,14.299395
2008-06-10,13.885432
2008-06-11,13.465556
2008-06-12,13.483293
2008-06-13,13.731673
2008-06-16,13.920919
2008-06-17,13.731673
2008-06-18,13.648888
2008-06-19,13.767154
2008-06-20,13.625228
2008-06-23,13.252658
2008-06-24,13.084444
2008-06-25,13.182313
2008-06-26,12.894812
2008-06-27,12.748007
2008-06-30,12.313689
2008-07-01,12.215816
2008-07-02,12.062885
2008-07-03,11.861023
2008-07-07,11.445063
2008-07-08,12.276987
2008-07-09,11.622458
2008-07-10,11.175915
2008-07-11,11.634692
2008-07-14,11.585753
2008-07-15,11.212613
2008-07-16,11.738680
2008-07-17,11.916080
2008-07-18,11.879377
2008-07-21,12.020071
2008-07-22,12.564487
2008-07-23,12.815283
2008-07-24,12.081238
2008-07-25,12.185234
2008-07-28,11.653046
2008-07-29,11.946668
2008-07-30,11.842674
2008-07-31,11.867144
2008-08-01,12.111828
2008-08-04,11.708097
2008-08-05,11.989484
2008-08-06,12.050654
2008-08-07,11.500119
2008-08-08,11.965014
2008-08-11,11.965014
2008-08-12,11.622458
2008-08-13,11.469533
2008-08-14,11.561293
2008-08-15,11.408360
2008-08-18,11.194266
2008-08-19,11.010754
2008-08-20,11.145328
2008-08-21,11.041333
2008-08-22,11.304371
2008-08-25,11.114743
2008-08-26,11.041333
2008-08-27,11.169796
2008-08-28,11.481767
2008-08-29,11.536820
2008-09-02,11.469533
2008-09-03,11.689748
2008-09-04,11.475650
2008-09-05,11.695868
2008-09-08,12.411557
2008-09-09,12.007834
2008-09-10,11.946668
2008-09-11,11.867144
2008-09-12,11.861023
2008-09-15,11.163679
2008-09-16,11.322721
2008-09-17,10.356224
2008-09-18,11.805972
2008-09-19,12.209700
2008-09-22,11.891614
2008-09-23,11.848788
2008-09-24,11.591873
2008-09-25,12.033527
2008-09-26,11.911910
2008-09-29,10.881387
2008-09-30,11.303835
2008-10-01,11.252629
2008-10-02,10.682957
2008-10-03,10.401326
2008-10-06,10.138885
2008-10-07,9.780443
2008-10-08,9.210774
2008-10-09,8.154638
2008-10-10,8.890730
2008-10-13,9.614020
2008-10-14,9.646028
2008-10-15,8.634697
2008-10-16,9.133960
2008-10-17,9.121160
2008-10-20,9.217171
2008-10-21,9.063552
2008-10-22,8.730711
2008-10-23,8.557888
2008-10-24,8.282652
2008-10-27,7.776988
2008-10-28,8.289052
2008-10-29,8.807517
2008-10-30,9.313184
2008-10-31,9.761241
2008-11-03,9.678028
2008-11-04,9.895660
2008-11-05,9.447600
2008-11-06,9.185168
2008-11-07,9.498809
2008-11-10,9.140363
2008-11-11,9.095555
2008-11-12,8.327457
2008-11-13,9.018749
2008-11-14,8.570688
2008-11-17,8.186640
2008-11-18,7.975412
2008-11-19,7.623368
2008-11-20,6.816866
2008-11-21,7.463348
2008-11-24,8.167438
2008-11-25,8.711507
2008-11-26,9.025146
2008-11-28,9.076352
2008-12-01,8.001018
2008-12-02,8.564291
2008-12-03,8.705106
2008-12-04,8.404271
2008-12-05,9.012342
2008-12-08,9.300382
2008-12-09,8.916333
2008-12-10,9.012342
2008-12-11,8.417074
2008-12-12,8.922733
2008-12-15,8.698707
2008-12-16,9.428398
2008-12-17,9.530808
2008-12-18,9.300382
2008-12-19,9.447600
2008-12-22,9.594818
2008-12-23,9.556417
2008-12-24,9.553047
2008-12-26,9.620366
2008-12-29,9.182775
2008-12-30,9.371275
2008-12-31,9.674230
2009-01-02,9.519382
2009-01-05,9.734818
2009-01-06,9.997378
2009-01-07,9.983909
2009-01-08,10.145489
2009-01-09,9.862735
2009-01-12,9.586710
2009-01-13,9.802139
2009-01-14,9.445333
2009-01-15,9.418402
2009-01-16,9.499188
2009-01-20,8.785573
2009-01-21,9.250100
2009-01-22,8.900018
2009-01-23,9.088524
2009-01-26,9.182775
2009-01-27,9.404941
2009-01-28,9.640569
2009-01-29,9.149113
2009-01-30,9.061592
2009-02-02,9.263564
2009-02-03,9.290490
2009-02-04,9.027934
2009-02-05,8.933681
2009-02-06,9.135651
2009-02-09,9.189510
2009-02-10,8.792306
2009-02-11,8.866363
2009-02-12,9.041399
2009-02-13,8.947146
2009-02-17,8.630732
2009-02-18,8.475889
2009-02-19,8.112347
2009-02-20,8.300852
2009-02-23,7.984435
2009-02-24,8.408565
2009-02-25,8.226799
2009-02-26,8.024830
2009-02-27,7.964242
2009-03-02,7.607433
2009-03-03,7.513179
2009-03-04,7.445858
2009-03-05,7.082318
2009-03-06,7.169834
2009-03-09,7.149636
2009-03-10,7.607433
2009-03-11,7.526646
2009-03-12,7.964242
2009-03-13,8.112347
2009-03-16,7.964242
2009-03-17,8.233529
2009-03-18,8.536482
2009-03-19,8.186403
2009-03-20,7.903649
2009-03-23,8.442230
2009-03-24,8.233529
2009-03-25,8.423291
2009-03-26,8.641728
2009-03-27,8.382336
2009-03-30,8.184381
2009-03-31,8.450598
2009-04-01,8.532510
2009-04-02,8.655377
2009-04-03,8.873812
2009-04-06,8.716809
2009-04-07,8.498378
2009-04-08,8.573463
2009-04-09,9.099065
2009-04-13,9.126371
2009-04-14,8.573463
2009-04-15,8.798720
2009-04-16,8.901110
2009-04-17,8.805550
2009-04-20,8.245817
2009-04-21,8.634899
2009-04-22,8.402813
2009-04-23,8.532510
2009-04-24,8.559814
2009-04-27,8.450598
2009-04-28,8.518854
2009-04-29,8.791896
2009-04-30,8.682678
2009-05-01,8.607595
2009-05-04,9.044461
2009-05-05,8.914767
2009-05-06,9.064934
2009-05-07,8.723637
2009-05-08,9.180981
2009-05-11,9.003502
2009-05-12,8.948897
2009-05-13,8.709981
2009-05-14,8.921592
2009-05-15,8.696332
2009-05-18,9.187805
2009-05-19,8.942070
2009-05-20,8.826025
2009-05-21,8.744115
2009-05-22,8.634899
2009-05-26,8.730461
2009-05-27,8.464250
2009-05-28,8.546164
2009-05-29,8.730461
2009-06-01,8.860157
2009-06-02,8.955721
2009-06-03,8.907940
2009-06-04,9.044461
2009-06-05,8.907940
2009-06-08,8.846500
2009-06-09,8.921592
2009-06-10,8.737290
2009-06-11,8.744115
2009-06-12,8.826025
2009-06-15,8.696332
2009-06-16,8.682678
2009-06-17,8.682678
2009-06-18,8.730461
2009-06-19,8.860157
2009-06-22,8.662205
2009-06-23,8.749702
2009-06-24,8.819141
2009-06-25,8.909416
2009-06-26,9.062188
2009-06-29,9.069131
2009-06-30,9.089965
2009-07-01,9.235797
2009-07-02,8.999693
2009-07-06,9.055244
2009-07-07,8.937194
2009-07-08,8.895532
2009-07-09,8.895532
2009-07-10,8.888583
2009-07-13,9.173297
2009-07-14,9.221904
2009-07-15,9.451066
2009-07-16,9.548285
2009-07-17,9.520505
2009-07-20,9.596894
2009-07-21,9.520505
2009-07-22,9.527451
2009-07-23,9.659389
2009-07-24,9.631613
2009-07-27,9.964935
2009-07-28,9.895498
2009-07-29,9.687164
2009-07-30,9.874659
2009-07-31,9.895498
2009-08-03,10.069101
2009-08-04,10.180203
2009-08-05,10.381585
2009-08-06,10.291313
2009-08-07,10.457979
2009-08-10,10.367701
2009-08-11,10.145489
2009-08-12,10.117705
2009-08-13,10.145489
2009-08-14,10.076043
2009-08-17,9.930212
2009-08-18,10.069101
2009-08-19,10.096876
2009-08-20,10.256594
2009-08-21,10.367701
2009-08-24,10.298258
2009-08-25,10.374643
2009-08-26,10.402423
2009-08-27,10.312149
2009-08-28,10.326035
2009-08-31,10.312149
2009-09-01,10.069101
2009-09-02,9.971878
2009-09-03,10.006601
2009-09-04,10.138539
2009-09-08,10.256594
2009-09-09,10.374643
2009-09-10,10.388532
2009-09-11,10.395480
2009-09-14,10.492693
2009-09-15,10.714907
2009-09-16,10.909350
2009-09-17,10.916292
2009-09-18,10.895458
2009-09-21,10.832960
2009-09-22,11.201006
2009-09-23,11.018893
2009-09-24,10.742532
2009-09-25,10.742532
2009-09-28,10.926775
2009-09-29,10.763791
2009-09-30,10.707104
2009-10-01,10.444916
2009-10-02,10.551206
2009-10-05,10.692931
2009-10-06,10.636243
2009-10-07,10.607900
2009-10-08,10.643327
2009-10-09,10.707104
2009-10-12,10.629156
2009-10-13,10.466178
2009-10-14,10.671674
2009-10-15,10.622072
2009-10-16,10.480345
2009-10-19,10.572469
2009-10-20,10.466178
2009-10-21,10.374055
2009-10-22,10.544124
2009-10-23,10.416573
2009-10-26,10.289026
2009-10-27,10.196900
2009-10-28,9.963065
2009-10-29,10.281939
2009-10-30,10.012665
2009-11-02,10.019750
2009-11-03,10.083529
2009-11-04,9.913462
2009-11-05,10.083529
2009-11-06,10.005579
2009-11-09,10.253593
2009-11-10,10.225252
2009-11-11,10.338625
2009-11-12,10.225252
2009-11-13,10.274849
2009-11-16,10.423657
2009-11-17,10.452009
2009-11-18,10.529949
2009-11-19,10.473264
2009-11-20,10.466178
2009-11-23,10.459085
2009-11-24,10.501609
2009-11-25,10.452009
2009-11-27,10.338625
2009-11-30,10.551206
2009-12-01,10.501609
2009-12-02,10.565383
2009-12-03,10.515781
2009-12-04,10.515781
2009-12-07,10.622072
2009-12-08,10.593724
2009-12-09,10.600811
2009-12-10,10.593724
2009-12-11,10.685843
2009-12-14,10.820476
2009-12-15,10.586637
2009-12-16,10.607900
2009-12-17,10.614984
2009-12-18,10.643327
2009-12-21,10.700014
2009-12-22,10.813396
2009-12-23,10.848825
2009-12-24,10.899331
2009-12-28,10.899331
2009-12-29,10.870053
2009-12-30,10.789535
2009-12-31,10.767573
2010-01-04,10.811492
2010-01-05,10.818814
2010-01-06,10.826130
2010-01-07,10.935930
2010-01-08,10.994490
2010-01-11,11.001810
2010-01-12,10.855414
2010-01-13,10.965212
2010-01-14,10.950571
2010-01-15,10.826130
2010-01-19,10.899331
2010-01-20,10.884693
2010-01-21,10.789535
2010-01-22,10.687053
2010-01-25,10.657771
2010-01-26,10.628498
2010-01-27,10.694376
2010-01-28,10.701694
2010-01-29,10.701694
2010-02-01,10.709013
2010-02-02,10.818814
2010-02-03,10.804170
2010-02-04,10.577254
2010-02-05,10.760255
2010-02-08,10.657771
2010-02-09,10.584580
2010-02-10,10.445498
2010-02-11,10.504061
2010-02-12,10.518698
2010-02-16,10.679732
2010-02-17,10.687053
2010-02-18,10.716334
2010-02-19,10.701694
2010-02-22,10.730978
2010-02-23,10.752932
2010-02-24,10.862736
2010-02-25,10.906651
2010-02-26,10.979852
2010-03-01,11.001810
2010-03-02,11.009137
2010-03-03,10.972530
2010-03-04,10.965212
2010-03-05,11.075012
2010-03-08,11.096967
2010-03-09,11.118929
2010-03-10,11.148208
2010-03-11,11.162844
2010-03-12,11.133569
2010-03-15,11.177485
2010-03-16,11.272646
2010-03-17,11.360488
2010-03-18,11.331203
2010-03-19,11.323890
2010-03-22,11.375129
2010-03-23,11.301924
2010-03-24,11.294604
2010-03-25,11.210269
2010-03-26,11.195339
2010-03-29,11.247589
2010-03-30,11.240120
2010-03-31,11.277444
2010-04-01,11.329688
2010-04-05,11.359542
2010-04-06,11.419250
2010-04-07,11.419250
2010-04-08,11.471494
2010-04-09,11.501350
2010-04-12,11.516276
2010-04-13,11.531199
2010-04-14,11.643153
2010-04-15,11.605842
2010-04-16,11.449108
2010-04-19,11.441641
2010-04-20,11.605842
2010-04-21,11.598377
2010-04-22,11.628232
2010-04-23,11.673009
2010-04-26,11.620770
2010-04-27,11.396859
2010-04-28,11.478958
2010-04-29,11.613298
2010-04-30,11.471494
2010-05-03,11.605842
2010-05-04,11.217732
2010-05-05,11.083388
2010-05-06,10.680356
2010-05-07,10.680356
2010-05-10,11.046072
2010-05-11,11.075925
2010-05-12,11.217732
2010-05-13,11.158026
2010-05-14,10.971437
2010-05-17,11.068463
2010-05-18,10.874409
2010-05-19,10.769919
2010-05-20,10.389278
2010-05-21,10.568400
2010-05-24,10.560937
2010-05-25,10.650501
2010-05-26,10.635576
2010-05-27,11.038604
2010-05-28,11.090852
2010-06-01,10.941585
2010-06-02,11.053533
2010-06-03,11.135635
2010-06-04,10.852018
2010-06-07,10.859483
2010-06-08,10.896799
2010-06-09,10.859483
2010-06-10,11.090852
2010-06-11,11.150560
2010-06-14,11.210269
2010-06-15,11.269978
2010-06-16,11.217732
2010-06-17,11.165486
2010-06-18,11.277444
2010-06-21,11.225199
2010-06-22,11.113242
2010-06-23,11.047315
2010-06-24,10.985976
2010-06-25,11.116309
2010-06-28,11.131639
2010-06-29,10.901650
2010-06-30,10.817319
2010-07-01,10.801985
2010-07-02,10.755984
2010-07-06,10.694656
2010-07-07,11.039650
2010-07-08,11.077980
2010-07-09,11.200643
2010-07-12,11.215969
2010-07-13,11.384638
2010-07-14,11.215969
2010-07-15,11.231301
2010-07-16,11.001314
2010-07-19,11.016644
2010-07-20,11.177643
2010-07-21,11.039650
2010-07-22,11.238973
2010-07-23,11.399967
2010-07-26,11.553297
2010-07-27,11.507299
2010-07-28,11.407633
2010-07-29,11.284975
2010-07-30,11.300307
2010-08-02,11.361633
2010-08-03,11.315639
2010-08-04,11.338635
2010-08-05,11.185306
2010-08-06,11.231301
2010-08-09,11.277309
2010-08-10,11.223641
2010-08-11,11.054974
2010-08-12,11.062643
2010-08-13,10.947648
2010-08-16,10.985976
2010-08-17,11.054974
2010-08-18,11.085645
2010-08-19,10.985976
2010-08-20,11.008979
2010-08-23,11.008979
2010-08-24,10.886314
2010-08-25,10.840322
2010-08-26,10.794316
2010-08-27,10.955311
2010-08-30,10.847985
2010-08-31,10.886314
2010-09-01,11.085645
2010-09-02,11.108642
2010-09-03,11.223641
2010-09-07,11.123974
2010-09-08,11.185306
2010-09-09,11.231301
2010-09-10,11.208306
2010-09-13,11.384638
2010-09-14,11.338635
2010-09-15,11.361633
2010-09-16,11.307966
2010-09-17,11.323306
2010-09-20,11.476634
2010-09-21,11.338635
2010-09-22,11.277309
2010-09-23,11.315639
2010-09-24,11.484757
2010-09-27,11.437564
2010-09-28,11.461158
2010-09-29,11.492628
2010-09-30,11.461158
2010-10-01,11.461158
2010-10-04,11.500494
2010-10-05,11.563429
2010-10-06,11.602750
2010-10-07,11.539821
2010-10-08,11.587022
2010-10-11,11.579159
2010-10-12,11.657818
2010-10-13,11.649952
2010-10-14,11.665689
2010-10-15,11.634218
2010-10-18,11.720751
2010-10-19,11.744349
2010-10-20,11.775817
2010-10-21,11.736484
2010-10-22,11.665689
2010-10-25,11.673556
2010-10-26,11.571295
2010-10-27,11.531959
2010-10-28,11.492628
2010-10-29,11.563429
2010-11-01,11.516225
2010-11-02,11.594893
2010-11-03,11.571295
2010-11-04,11.846607
2010-11-05,11.901676
2010-11-08,11.815146
2010-11-09,11.728616
2010-11-10,11.823010
2010-11-11,11.807283
2010-11-12,11.720751
2010-11-15,11.705015
2010-11-16,11.594893
2010-11-17,11.649952
2010-11-18,11.657818
2010-11-19,11.673556
2010-11-22,11.697148
2010-11-23,11.673556
2010-11-24,11.783679
2010-11-26,11.752216
2010-11-29,11.783679
2010-11-30,11.728616
2010-12-01,11.807283
2010-12-02,11.956738
2010-12-03,12.019669
2010-12-06,12.019669
2010-12-07,12.027533
2010-12-08,12.043269
2010-12-09,12.051132
2010-12-10,12.176992
2010-12-13,12.232056
2010-12-14,12.224194
2010-12-15,12.090465
2010-12-16,12.169127
2010-12-17,12.216321
2010-12-20,12.302853
2010-12-21,12.405118
2010-12-22,12.475915
2010-12-23,12.541885
2010-12-27,12.566011
2010-12-28,12.493610
2010-12-29,12.582101
2010-12-30,12.606238
2010-12-31,12.541885
2011-01-03,12.630375
2011-01-04,12.413159
2011-01-05,12.557971
2011-01-06,12.598191
2011-01-07,12.630375
2011-01-10,12.574061
2011-01-11,12.622330
2011-01-12,12.686687
2011-01-13,12.638419
2011-01-14,12.743003
2011-01-18,12.751045
2011-01-19,12.453388
2011-01-20,12.397076
2011-01-21,12.405121
2011-01-24,12.461430
2011-01-25,12.485562
2011-01-26,12.501657
2011-01-27,12.598191
2011-01-28,12.453388
2011-01-31,12.445341
2011-02-01,12.598191
2011-02-02,12.630375
2011-02-03,12.606238
2011-02-04,12.557971
2011-02-07,12.654509
2011-02-08,12.743003
2011-02-09,12.718863
2011-02-10,12.702778
2011-02-11,12.823450
2011-02-14,12.831495
2011-02-15,12.694736
2011-02-16,12.734957
2011-02-17,12.807361
2011-02-18,12.807361
2011-02-22,12.638419
2011-02-23,12.622330
2011-02-24,12.686687
2011-02-25,12.847583
2011-02-28,12.895855
2011-03-01,12.743003
2011-03-02,12.718863
2011-03-03,12.799312
2011-03-04,12.726912
2011-03-07,12.686687
2011-03-08,12.710820
2011-03-09,12.759089
2011-03-10,12.630375
2011-03-11,12.598191
2011-03-14,12.590149
2011-03-15,12.485562
2011-03-16,12.405121
2011-03-17,12.445341
2011-03-18,12.509701
2011-03-21,12.606238
2011-03-22,12.469475
2011-03-23,12.485562
2011-03-24,12.533839
2011-03-25,12.564275
2011-03-28,12.506680
2011-03-29,12.498457
2011-03-30,12.514905
2011-03-31,12.490231
2011-04-01,12.490231
2011-04-04,12.481997
2011-04-05,12.523141
2011-04-06,12.580734
2011-04-07,12.498457
2011-04-08,12.383262
2011-04-11,12.366804
2011-04-12,12.251610
2011-04-13,12.300980
2011-04-14,12.358581
2011-04-15,12.375031
2011-04-18,12.300980
2011-04-19,12.251610
2011-04-20,12.300980
2011-04-21,12.383262
2011-04-25,12.424401
2011-04-26,12.514905
2011-04-27,12.564275
2011-04-28,12.621872
2011-04-29,12.679473
2011-05-02,12.630105
2011-05-03,12.679473
2011-05-04,12.638331
2011-05-05,12.580734
2011-05-06,12.564275
2011-05-09,12.588964
2011-05-10,12.638331
2011-05-11,12.588964
2011-05-12,12.580734
2011-05-13,12.440854
2011-05-16,12.432632
2011-05-17,12.449087
2011-05-18,12.498457
2011-05-19,12.556047
2011-05-20,12.547824
2011-05-23,12.465544
2011-05-24,12.465544
2011-05-25,12.440854
2011-05-26,12.473771
2011-05-27,12.547824
2011-05-31,12.638331
2011-06-01,12.432632
2011-06-02,12.440854
2011-06-03,12.399717
2011-06-06,12.333889
2011-06-07,12.333889
2011-06-08,12.226928
2011-06-09,12.243382
2011-06-10,12.111737
2011-06-13,12.161108
2011-06-14,12.243382
2011-06-15,12.169329
2011-06-16,12.194016
2011-06-17,12.210471
2011-06-20,12.268068
2011-06-21,12.309212
2011-06-22,12.358581
2011-06-23,12.267518
2011-06-24,12.225366
2011-06-27,12.233792
2011-06-28,12.250657
2011-06-29,12.368697
2011-06-30,12.419278
2011-07-01,12.613205
2011-07-05,12.596338
2011-07-06,12.697512
2011-07-07,12.764969
2011-07-08,12.756534
2011-07-11,12.579477
2011-07-12,12.495162
2011-07-13,12.545747
2011-07-14,12.368697
2011-07-15,12.351830
2011-07-18,12.191641
2011-07-19,12.334972
2011-07-20,12.402423
2011-07-21,12.377126
2011-07-22,12.377126
2011-07-25,12.149480
2011-07-26,12.141046
2011-07-27,11.896540
2011-07-28,11.854389
2011-07-29,11.685760
2011-08-01,11.896540
2011-08-02,11.761640
2011-08-03,11.947131
2011-08-04,11.500273
2011-08-05,11.441253
2011-08-08,10.572833
2011-08-09,11.567721
2011-08-10,11.087140
2011-08-11,11.491839
2011-08-12,11.449681
2011-08-15,11.778505
2011-08-16,11.711050
2011-08-17,11.736350
2011-08-18,11.331645
2011-08-19,11.137722
2011-08-22,11.163018
2011-08-23,11.382231
2011-08-24,11.356939
2011-08-25,11.044980
2011-08-26,11.196748
2011-08-29,11.491839
2011-08-30,11.584585
2011-08-31,11.576154
2011-09-01,11.205178
2011-09-02,11.019690
2011-09-06,11.053409
2011-09-07,11.272626
2011-09-08,11.129294
2011-09-09,11.120861
2011-09-12,11.213609
2011-09-13,11.314786
2011-09-14,11.458119
2011-09-15,11.542432
2011-09-16,11.542432
2011-09-19,11.483410
2011-09-20,11.356939
2011-09-21,10.985963
2011-09-22,10.884787
2011-09-23,10.943806
2011-09-26,11.059442
2011-09-27,11.050752
2011-09-28,10.868167
2011-09-29,11.015971
2011-09-30,10.815998
2011-10-03,10.320412
2011-10-04,10.511686
2011-10-05,10.537775
2011-10-06,10.850777
2011-10-07,10.537775
2011-10-10,10.868167
2011-10-11,10.911638
2011-10-12,10.955114
2011-10-13,10.885553
2011-10-14,11.024667
2011-10-17,10.833387
2011-10-18,11.050752
2011-10-19,10.981190
2011-10-20,11.007277
2011-10-21,11.007277
2011-10-24,11.233337
2011-10-25,11.189861
2011-10-26,11.311592
2011-10-27,11.555033
2011-10-28,11.615895
2011-10-31,11.476782
2011-11-01,11.146387
2011-11-02,11.215947
2011-11-03,11.320281
2011-11-04,11.276809
2011-11-07,11.311592
2011-11-08,11.494172
2011-11-09,11.146387
2011-11-10,11.102922
2011-11-11,11.224640
2011-11-14,11.094218
2011-11-15,11.215947
2011-11-16,11.172473
2011-11-17,11.059442
2011-11-18,11.076833
2011-11-21,10.902941
2011-11-22,10.885553
2011-11-23,10.633407
2011-11-25,10.694279
2011-11-28,10.850777
2011-11-29,10.833387
2011-11-30,11.181167
2011-12-01,11.163779
2011-12-02,11.207252
2011-12-05,11.311592
2011-12-06,11.363752
2011-12-07,11.398534
2011-12-08,11.172473
2011-12-09,11.285501
2011-12-12,11.259420
2011-12-13,11.224640
2011-12-14,11.215947
2011-12-15,11.259420
2011-12-16,11.346370
2011-12-19,11.215947
2011-12-20,11.433307
2011-12-21,11.546341
2011-12-22,11.554369
2011-12-23,11.554369
2011-12-27,11.598980
2011-12-28,11.423581
2011-12-29,11.432570
2011-12-30,11.387604
2012-01-03,11.522528
2012-01-04,11.513527
2012-01-05,11.432570
2012-01-06,11.531514
2012-01-09,11.585488
2012-01-10,11.639454
2012-01-11,11.675434
2012-01-12,11.711417
2012-01-13,11.747397
2012-01-17,11.756391
2012-01-18,11.783379
2012-01-19,11.873328
2012-01-20,11.990262
2012-01-23,12.035237
2012-01-24,12.044231
2012-01-25,12.143173
2012-01-26,12.224129
2012-01-27,12.206141
2012-01-30,12.152166
2012-01-31,12.233124
2012-02-01,12.278096
2012-02-02,12.350057
2012-02-03,12.413024
2012-02-06,12.368045
2012-02-07,12.386038
2012-02-08,12.296090
2012-02-09,12.260108
2012-02-10,12.224129
2012-02-13,12.359055
2012-02-14,12.296090
2012-02-15,12.296090
2012-02-16,12.341064
2012-02-17,12.449003
2012-02-21,12.431013
2012-02-22,12.314080
2012-02-23,12.466991
2012-02-24,12.484978
2012-02-27,12.511968
2012-02-28,12.511968
2012-02-29,12.431013
2012-03-01,12.413024
2012-03-02,12.457998
2012-03-05,12.592923
2012-03-06,12.431013
2012-03-07,12.547943
2012-03-08,12.413024
2012-03-09,12.440002
2012-03-12,12.475989
2012-03-13,12.592923
2012-03-14,12.431013
2012-03-15,12.529958
2012-03-16,12.475989
2012-03-19,12.520964
2012-03-20,12.520964
2012-03-21,12.556945
2012-03-22,12.475989
2012-03-23,12.520964
2012-03-26,12.599771
2012-03-27,12.516328
2012-03-28,12.488512
2012-03-29,12.516328
2012-03-30,12.534870
2012-04-02,12.646124
2012-04-03,12.609041
2012-04-04,12.553411
2012-04-05,12.497785
2012-04-09,12.488512
2012-04-10,12.367987
2012-04-11,12.479237
2012-04-12,12.581231
2012-04-13,12.553411
2012-04-16,12.571957
2012-04-17,12.636854
2012-04-18,12.655396
2012-04-19,12.655396
2012-04-20,12.720295
2012-04-23,12.729564
2012-04-24,12.803740
2012-04-25,12.859370
2012-04-26,12.933537
2012-04-27,12.979896
2012-04-30,12.979896
2012-05-01,12.998437
2012-05-02,12.970623
2012-05-03,13.054068
2012-05-04,12.979896
2012-05-07,12.942816
2012-05-08,12.998437
2012-05-09,13.026252
2012-05-10,13.118964
2012-05-11,13.137507
2012-05-14,13.063337
2012-05-15,13.026252
2012-05-16,13.007706
2012-05-17,12.720295
2012-05-18,12.618307
2012-05-21,12.868635
2012-05-22,12.905724
2012-05-23,12.961347
2012-05-24,12.989167
2012-05-25,13.035523
2012-05-29,13.118964
2012-05-30,12.989167
2012-05-31,12.998437
2012-06-01,12.822273
2012-06-04,12.785197
2012-06-05,12.970623
2012-06-06,13.137507
2012-06-07,13.026252
2012-06-08,13.137507
2012-06-11,13.091153
2012-06-12,13.174593
2012-06-13,13.174593
2012-06-14,13.267306
2012-06-15,13.322928
2012-06-18,13.322928
2012-06-19,13.390842
2012-06-20,13.333456
2012-06-21,13.276067
2012-06-22,13.352587
2012-06-25,13.304758
2012-06-26,13.304758
2012-06-27,13.429104
2012-06-28,13.467365
2012-06-29,13.572577
2012-07-02,13.716047
2012-07-03,13.773439
2012-07-05,13.802137
2012-07-06,13.849956
2012-07-09,13.869092
2012-07-10,13.821266
2012-07-11,13.744743
2012-07-12,13.735182
2012-07-13,13.811698
2012-07-16,13.945605
2012-07-17,14.031695
2012-07-18,13.849956
2012-07-19,13.821266
2012-07-20,13.916916
2012-07-23,13.955173
2012-07-24,14.002995
2012-07-25,14.031695
2012-07-26,13.955173
2012-07-27,14.089082
2012-07-30,14.117776
2012-07-31,14.098641
2012-08-01,14.041256
2012-08-02,14.022131
2012-08-03,14.012560
2012-08-06,13.840404
2012-08-07,13.716047
2012-08-08,13.763874
2012-08-09,13.897782
2012-08-10,13.907351
2012-08-13,14.031695
2012-08-14,14.079519
2012-08-15,14.050820
2012-08-16,13.974307
2012-08-17,14.012560
2012-08-20,14.079519
2012-08-21,14.041256
2012-08-22,14.041256
2012-08-23,14.041256
2012-08-24,14.136907
2012-08-27,14.194296
2012-08-28,14.242120
2012-08-29,14.299507
2012-08-30,14.280379
2012-08-31,14.356902
2012-09-04,14.442982
2012-09-05,14.462111
2012-09-06,14.519500
2012-09-07,14.538632
2012-09-10,14.605584
2012-09-11,14.672538
2012-09-12,14.739496
2012-09-13,14.768188
2012-09-14,14.854269
2012-09-17,14.787319
2012-09-18,14.729928
2012-09-19,14.749057
2012-09-20,14.844708
2012-09-21,14.940354
2012-09-24,14.930792
2012-09-25,14.829636
2012-09-26,14.731423
2012-09-27,14.741253
2012-09-28,14.760892
2012-10-01,14.780531
2012-10-02,14.918023
2012-10-03,14.878746
2012-10-04,14.839460
2012-10-05,14.809994
2012-10-08,14.780531
2012-10-09,14.584113
2012-10-10,14.377870
2012-10-11,14.407334
2012-10-12,14.220737
2012-10-15,13.945747
2012-10-16,14.112706
2012-10-17,14.358232
2012-10-18,14.446622
2012-10-19,14.358232
2012-10-22,14.289486
2012-10-23,14.171635
2012-10-24,14.309122
2012-10-25,14.309122
2012-10-26,14.210921
2012-10-31,14.505546
2012-11-01,14.485909
2012-11-02,14.368049
2012-11-05,14.328767
2012-11-06,14.073428
2012-11-07,13.710049
2012-11-08,13.749326
2012-11-09,13.739512
2012-11-12,13.749326
2012-11-13,13.327032
2012-11-14,12.875264
2012-11-15,13.169895
2012-11-16,13.670769
2012-11-19,13.729690
2012-11-20,13.680585
2012-11-21,13.729690
2012-11-23,13.867185
2012-11-26,13.906460
2012-11-27,13.867185
2012-11-28,13.896647
2012-11-29,14.004677
2012-11-30,14.063602
2012-12-03,14.024317
2012-12-04,13.994854
2012-12-05,13.906460
2012-12-06,13.935934
2012-12-07,13.985034
2012-12-10,14.093065
2012-12-11,14.034137
2012-12-12,13.906460
2012-12-13,13.837721
2012-12-14,13.739512
2012-12-17,13.808252
2012-12-18,13.906460
2012-12-19,14.069900
2012-12-20,14.120664
2012-12-21,14.049603
2012-12-24,14.008994
2012-12-26,14.008994
2012-12-27,13.907478
2012-12-28,13.836423
2012-12-31,13.877028
2013-01-02,14.313540
2013-01-03,14.425209
2013-01-04,14.638384
2013-01-07,14.628234
2013-01-08,14.668840
2013-01-09,14.699291
2013-01-10,14.760201
2013-01-11,14.831267
2013-01-14,14.790657
2013-01-15,14.841410
2013-01-16,14.902324
2013-01-17,14.983537
2013-01-18,15.054600
2013-01-22,15.166259
2013-01-23,15.145960
2013-01-24,15.054600
2013-01-25,15.085050
2013-01-28,15.125656
2013-01-29,15.196718
2013-01-30,15.206870
2013-01-31,15.237328
2013-02-01,15.277931
2013-02-04,15.196718
2013-02-05,15.237328
2013-02-06,15.288077
2013-02-07,15.085050
2013-02-08,15.166259
2013-02-11,15.227169
2013-02-12,15.328687
2013-02-13,15.440348
2013-02-14,15.430198
2013-02-15,15.389596
2013-02-19,15.450500
2013-02-20,15.267775
2013-02-21,15.105349
2013-02-22,15.206870
2013-02-25,15.105349
2013-02-26,15.227169
2013-02-27,15.379442
2013-02-28,15.460652
2013-03-01,15.430198
2013-03-04,15.501257
2013-03-05,15.612921
2013-03-06,15.511408
2013-03-07,15.562173
2013-03-08,15.592626
2013-03-11,15.704290
2013-03-12,15.805798
2013-03-13,15.846407
2013-03-14,15.927618
2013-03-15,16.029129
2013-03-18,16.039284
2013-03-19,15.836253
2013-03-20,15.856560
2013-03-21,15.927618
2013-03-22,16.079895
2013-03-25,16.020401
2013-03-26,16.145641
2013-03-27,16.229134
2013-03-28,16.323069
2013-04-01,16.250008
2013-04-02,16.208269
2013-04-03,16.009968
2013-04-04,16.187395
2013-04-05,16.260441
2013-04-08,16.333502
2013-04-09,16.291763
2013-04-10,16.302200
2013-04-11,16.302200
2013-04-12,16.270884
2013-04-15,15.842978
2013-04-16,16.103891
2013-04-17,15.832537
2013-04-18,15.842978
2013-04-19,15.916027
2013-04-22,16.020401
2013-04-23,16.145641
2013-04-24,16.156076
2013-04-25,16.145641
2013-04-26,16.187395
2013-04-29,16.375252
2013-04-30,16.427435
2013-05-01,16.250008
2013-05-02,16.291763
2013-05-03,15.863853
2013-05-06,15.905602
2013-05-07,16.041277
2013-05-08,16.197828
2013-05-09,16.093462
2013-05-10,15.905602
2013-05-13,15.634242
2013-05-14,15.571619
2013-05-15,15.582061
2013-05-16,15.749047
2013-05-17,15.832537
2013-05-20,15.613371
2013-05-21,15.425504
2013-05-22,15.195900
2013-05-23,15.185466
2013-05-24,15.112405
2013-05-28,14.621881
2013-05-29,14.663630
2013-05-30,14.653193
2013-05-31,14.329647
2013-06-03,14.204412
2013-06-04,14.392276
2013-06-05,14.214846
2013-06-06,14.517509
2013-06-07,14.329647
2013-06-10,14.183540
2013-06-11,13.985237
2013-06-12,13.776504
2013-06-13,14.434017
2013-06-14,14.402709
2013-06-17,14.193973
2013-06-18,14.319213
2013-06-19,13.922617
2013-06-20,13.442524
2013-06-21,13.494710
2013-06-24,13.129424
2013-06-25,13.379905
2013-06-26,13.561672
2013-06-27,13.790236
2013-06-28,13.779358
2013-07-01,13.746703
2013-07-02,13.637867
2013-07-03,13.496368
2013-07-05,13.006582
2013-07-08,13.158957
2013-07-09,13.202495
2013-07-10,13.071879
2013-07-11,13.648743
2013-07-12,13.518134
2013-07-15,13.648743
2013-07-16,13.550791
2013-07-17,13.692277
2013-07-18,13.616095
2013-07-19,13.648743
2013-07-22,13.648743
2013-07-23,13.714054
2013-07-24,13.333105
2013-07-25,13.322224
2013-07-26,13.398412
2013-07-29,13.420180
2013-07-30,13.648743
2013-07-31,13.507251
2013-08-01,13.278678
2013-08-02,13.409291
2013-08-05,13.322224
2013-08-06,13.278678
2013-08-07,13.289566
2013-08-08,13.496368
2013-08-09,13.463713
2013-08-12,13.539903
2013-08-13,13.300454
2013-08-14,13.300454
2013-08-15,13.039230
2013-08-16,12.788896
2013-08-19,12.244687
2013-08-20,12.625636
2013-08-21,12.538560
2013-08-22,12.658284
2013-08-23,13.028348
2013-08-26,13.006582
2013-08-27,13.039230
2013-08-28,12.908621
2013-08-29,13.093656
2013-08-30,13.017463
2013-09-03,12.963042
2013-09-04,13.060999
2013-09-05,12.941274
2013-09-06,13.126307
2013-09-09,13.224261
2013-09-10,13.060999
2013-09-11,13.191614
2013-09-12,13.213378
2013-09-13,13.343989
2013-09-16,13.365755
2013-09-17,13.376642
2013-09-18,13.899082
2013-09-19,13.714054
2013-09-20,13.485480
2013-09-23,13.594323
2013-09-24,13.595450
2013-09-25,13.651774
2013-09-26,13.617977
2013-09-27,13.595450
2013-09-30,13.505340
2013-10-01,13.651774
2013-10-02,13.606715
2013-10-03,13.516604
2013-10-04,13.471548
2013-10-07,13.471548
2013-10-08,13.313858
2013-10-09,13.336382
2013-10-10,13.460287
2013-10-11,13.482812
2013-10-14,13.415228
2013-10-15,13.370177
2013-10-16,13.471548
2013-10-17,13.786938
2013-10-18,13.854519
2013-10-21,13.764410
2013-10-22,13.978421
2013-10-23,14.102324
2013-10-24,14.113592
2013-10-25,14.147376
2013-10-28,14.102324
2013-10-29,13.617977
2013-10-30,13.516604
2013-10-31,13.561660
2013-11-01,13.651774
2013-11-04,13.561660
2013-11-05,13.482812
2013-11-06,13.516604
2013-11-07,13.358909
2013-11-08,13.099840
2013-11-11,12.930886
2013-11-12,13.032260
2013-11-13,13.212482
2013-11-14,13.381434
2013-11-15,13.336382
2013-11-18,13.223745
2013-11-19,13.111107
2013-11-20,13.043524
2013-11-21,13.077315
2013-11-22,13.054786
2013-11-25,13.099840
2013-11-26,12.964674
2013-11-27,13.122365
2013-11-29,13.122365
2013-12-02,12.930886
2013-12-03,12.897092
2013-12-04,12.919618
2013-12-05,12.806980
2013-12-06,12.795719
2013-12-09,12.998468
2013-12-10,13.144899
2013-12-11,13.099840
2013-12-12,13.043524
2013-12-13,13.054786
2013-12-16,12.987205
2013-12-17,13.189951
2013-12-18,13.336382
2013-12-19,13.201214
2013-12-20,13.426494
2013-12-23,13.505109
2013-12-24,13.493373
2013-12-26,13.493373
2013-12-27,13.446445
2013-12-30,13.399505
2013-12-31,13.516841
2014-01-02,13.610707
2014-01-03,13.692842
2014-01-06,13.774976
2014-01-07,13.845376
2014-01-08,13.833639
2014-01-09,13.763247
2014-01-10,13.915775
2014-01-13,13.962708
2014-01-14,13.927506
2014-01-15,13.950974
2014-01-16,13.962708
2014-01-17,13.974445
2014-01-21,14.126981
2014-01-22,14.232574
2014-01-23,14.326441
2014-01-24,14.232574
2014-01-27,14.080038
2014-01-28,14.150440
2014-01-29,14.138703
2014-01-30,14.197372
2014-01-31,14.302974
2014-02-03,14.197372
2014-02-04,14.267776
2014-02-05,14.373379
2014-02-06,14.302974
2014-02-07,14.443773
2014-02-10,14.549375
2014-02-11,14.561113
2014-02-12,14.572843
2014-02-13,14.701915
2014-02-14,14.643242
2014-02-18,14.819244
2014-02-19,14.701915
2014-02-20,14.654977
2014-02-21,14.596305
2014-02-24,14.678441
2014-02-25,14.713644
2014-02-26,14.795777
2014-02-27,14.842710
2014-02-28,14.913108
2014-03-03,14.971773
2014-03-04,15.053911
2014-03-05,15.100841
2014-03-06,14.995246
2014-03-07,14.784052
2014-03-10,14.807511
2014-03-11,14.784052
2014-03-12,14.960047
2014-03-13,15.053911
2014-03-14,15.030444
2014-03-17,15.042179
2014-03-18,15.136046
2014-03-19,14.901377
2014-03-20,14.889639
2014-03-21,15.077377
2014-03-24,14.960047
2014-03-25,14.883062
2014-03-26,14.773088
2014-03-27,14.773088
2014-03-28,14.846401
2014-03-31,14.980817
2014-04-01,15.066351
2014-04-02,15.029696
2014-04-03,14.956376
2014-04-04,14.968600
2014-04-07,14.956376
2014-04-08,14.956376
2014-04-09,15.017476
2014-04-10,14.956376
2014-04-11,14.931941
2014-04-14,14.919720
2014-04-15,14.944156
2014-04-16,14.980817
2014-04-17,14.968600
2014-04-21,15.041912
2014-04-22,15.115229
2014-04-23,15.115229
2014-04-24,15.139662
2014-04-25,15.151883
2014-04-28,15.212983
2014-04-29,15.041912
2014-04-30,15.237416
2014-05-01,15.286298
2014-05-02,15.200767
2014-05-05,15.249638
2014-05-06,15.151883
2014-05-07,15.286298
2014-05-08,15.127448
2014-05-09,15.115229
2014-05-12,15.139662
2014-05-13,15.127448
2014-05-14,15.200767
2014-05-15,15.176324
2014-05-16,15.212983
2014-05-19,15.310741
2014-05-20,15.237416
2014-05-21,15.274079
2014-05-22,15.322959
2014-05-23,15.408487
2014-05-27,15.530684
2014-05-28,15.494023
2014-05-29,15.494023
2014-05-30,15.591782
2014-06-02,15.542899
2014-06-03,15.432933
2014-06-04,15.457369
2014-06-05,15.628440
2014-06-06,15.726188
2014-06-09,15.726188
2014-06-10,15.652874
2014-06-11,15.579563
2014-06-12,15.579563
2014-06-13,15.665094
2014-06-16,15.640661
2014-06-17,15.542899
2014-06-18,15.616220
2014-06-19,15.689537
2014-06-20,15.689537
2014-06-23,15.665094
2014-06-24,15.605076
2014-06-25,15.630089
2014-06-26,15.780129
2014-06-27,15.792641
2014-06-30,15.805136
2014-07-01,15.705111
2014-07-02,15.680103
2014-07-03,15.555058
2014-07-07,15.505044
2014-07-08,15.617578
2014-07-09,15.630089
2014-07-10,15.667596
2014-07-11,15.680103
2014-07-14,15.730117
2014-07-15,15.717606
2014-07-16,15.680103
2014-07-17,15.642587
2014-07-18,15.717606
2014-07-21,15.755130
2014-07-22,15.817647
2014-07-23,15.830149
2014-07-24,15.792641
2014-07-25,15.792641
2014-07-28,15.817647
2014-07-29,15.780129
2014-07-30,15.592568
2014-07-31,15.455026
2014-08-01,15.492542
2014-08-04,15.480035
2014-08-05,15.517546
2014-08-06,15.605076
2014-08-07,15.680103
2014-08-08,15.755130
2014-08-11,15.805136
2014-08-12,15.755130
2014-08-13,15.767624
2014-08-14,15.805136
2014-08-15,15.955190
2014-08-18,15.942688
2014-08-19,15.942688
2014-08-20,15.967692
2014-08-21,16.055223
2014-08-22,15.980200
2014-08-25,16.005205
2014-08-26,16.067720
2014-08-27,16.080235
2014-08-28,16.067720
2014-08-29,16.117750
2014-09-02,16.092735
2014-09-03,16.067720
2014-09-04,15.980200
2014-09-05,16.130249
2014-09-08,16.105236
2014-09-09,16.005205
2014-09-10,15.880164
2014-09-11,15.967692
2014-09-12,15.617578
2014-09-15,15.567565
2014-09-16,15.630089
2014-09-17,15.605076
2014-09-18,15.480035
2014-09-19,15.530060
2014-09-22,15.417513
2014-09-23,15.367499
2014-09-24,15.353383
2014-09-25,15.353383
2014-09-26,15.366215
2014-09-29,15.314912
2014-09-30,15.122509
2014-10-01,15.225126
2014-10-02,15.148170
2014-10-03,15.199478
2014-10-06,15.289255
2014-10-07,15.340562
2014-10-08,15.558611
2014-10-09,15.481655
2014-10-10,15.430346
2014-10-13,15.468829
2014-10-14,15.520135
2014-10-15,15.455999
2014-10-16,15.532958
2014-10-17,15.532958
2014-10-20,15.674057
2014-10-21,15.751010
2014-10-22,15.674057
2014-10-23,15.674057
2014-10-24,15.699701
2014-10-27,15.751010
2014-10-28,15.853624
2014-10-29,15.648400
2014-10-30,15.802320
2014-10-31,15.866448
2014-11-03,15.853624
2014-11-04,15.751010
2014-11-05,15.815142
2014-11-06,15.789491
2014-11-07,15.904931
2014-11-10,15.917757
2014-11-11,15.943411
2014-11-12,15.956240
2014-11-13,15.981895
2014-11-14,16.007544
2014-11-17,16.046019
2014-11-18,16.071678
2014-11-19,15.994715
2014-11-20,16.046019
2014-11-21,16.007544
2014-11-24,16.110161
2014-11-25,16.135807
2014-11-26,16.238420
2014-11-28,16.238420
2014-12-01,16.135807
2014-12-02,16.238420
2014-12-03,16.251245
2014-12-04,16.225595
2014-12-05,16.058849
2014-12-08,15.866448
2014-12-09,16.071678
2014-12-10,15.904931
2014-12-11,16.020367
2014-12-12,15.866448
2014-12-15,15.622747
2014-12-16,15.507310
2014-12-17,15.763843
2014-12-18,15.827970
2014-12-19,15.981895
2014-12-22,16.007544
2014-12-23,15.904931
2014-12-24,15.830832
2014-12-26,15.952085
2014-12-29,16.005981
2014-12-30,15.979031
2014-12-31,15.776937
2015-01-02,16.059872
2015-01-05,15.952085
2015-01-06,15.938615
2015-01-07,15.952085
2015-01-08,15.952085
2015-01-09,15.871250
2015-01-12,15.857775
2015-01-13,15.669154
2015-01-14,15.655686
2015-01-15,15.642204
2015-01-16,15.763462
2015-01-20,15.561369
2015-01-21,15.615264
2015-01-22,15.884716
2015-01-23,15.790412
2015-01-26,15.925140
2015-01-27,15.857775
2015-01-28,15.776937
2015-01-29,15.776937
2015-01-30,15.723042
2015-02-02,15.615264
2015-02-03,15.776937
2015-02-04,15.601787
2015-02-05,15.736520
2015-02-06,15.601787
2015-02-09,15.655686
2015-02-10,15.588318
2015-02-11,15.601787
2015-02-12,15.763462
2015-02-13,15.817354
2015-02-17,15.803881
2015-02-18,15.790412
2015-02-19,15.830832
2015-02-20,15.884716
2015-02-23,15.938615
2015-02-24,15.884716
2015-02-25,15.925140
2015-02-26,15.884716
2015-02-27,16.005981
2015-03-02,16.005981
2015-03-03,15.965567
2015-03-04,15.992507
2015-03-05,15.925140
2015-03-06,15.642204
2015-03-09,15.682630
2015-03-10,15.628737
2015-03-11,15.588318
2015-03-12,15.709574
2015-03-13,15.723042
2015-03-16,15.803881
2015-03-17,15.898196
2015-03-18,16.127232
2015-03-19,16.100290
2015-03-20,16.235020
2015-03-23,16.302385
2015-03-24,16.221556
2015-03-25,16.181469
2015-03-26,16.181469
2015-03-27,16.140020
2015-03-30,16.153828
2015-03-31,16.153828
2015-04-01,16.209112
2015-04-02,16.236746
2015-04-06,16.333479
2015-04-07,16.292017
2015-04-08,16.333479
2015-04-09,16.250568
2015-04-10,16.374939
2015-04-13,16.374939
2015-04-14,16.402569
2015-04-15,16.361116
2015-04-16,16.402569
2015-04-17,16.361116
2015-04-20,16.388752
2015-04-21,16.361116
2015-04-22,16.374939
2015-04-23,16.374939
2015-04-24,16.388752
2015-04-27,16.374939
2015-04-28,16.319662
2015-04-29,16.167658
2015-04-30,16.057108
2015-05-01,16.126198
2015-05-04,16.153828
2015-05-05,15.960378
2015-05-06,15.836013
2015-05-07,15.918919
2015-05-08,16.015656
2015-05-11,15.891288
2015-05-12,15.946560
2015-05-13,15.877464
2015-05-14,16.001829
2015-05-15,16.098560
2015-05-18,16.126198
2015-05-19,16.153828
2015-05-20,16.153828
2015-05-21,16.140020
2015-05-22,16.084743
2015-05-26,16.015656
2015-05-27,16.098560
2015-05-28,16.112379
2015-05-29,16.098560
2015-06-01,16.126198
2015-06-02,16.029470
2015-06-03,15.918919
2015-06-04,15.849829
2015-06-05,15.642550
2015-06-08,15.559640
2015-06-09,15.490544
2015-06-10,15.490544
2015-06-11,15.684009
2015-06-12,15.670193
2015-06-15,15.587273
2015-06-16,15.601096
2015-06-17,15.684009
2015-06-18,15.780734
2015-06-19,15.808377
2015-06-22,15.739275
2015-06-23,15.697826
2015-06-24,15.606938
2015-06-25,15.464930
2015-06-26,15.266109
2015-06-29,15.053097
2015-06-30,15.024698
2015-07-01,15.166713
2015-07-02,15.195109
2015-07-06,15.294515
2015-07-07,15.592742
2015-07-08,15.493333
2015-07-09,15.322917
2015-07-10,15.450727
2015-07-13,15.436524
2015-07-14,15.464930
2015-07-15,15.507535
2015-07-16,15.493333
2015-07-17,15.507535
2015-07-20,15.464930
2015-07-21,15.436524
2015-07-22,15.408135
2015-07-23,15.251915
2015-07-24,15.081502
2015-07-27,15.081502
2015-07-28,15.180909
2015-07-29,15.308715
2015-07-30,15.393925
2015-07-31,15.408135
2015-08-03,15.422322
2015-08-04,15.379723
2015-08-05,15.251915
2015-08-06,15.195109
2015-08-07,15.038901
2015-08-10,15.010495
2015-08-11,15.152508
2015-08-12,15.237715
2015-08-13,15.237715
2015-08-14,15.393925
2015-08-17,15.493333
2015-08-18,15.450727
2015-08-19,15.450727
2015-08-20,15.393925
2015-08-21,15.109900
2015-08-24,14.641270
2015-08-25,14.584466
2015-08-26,14.754876
2015-08-27,15.024698
2015-08-28,14.939494
2015-08-31,14.882683
2015-09-01,14.740674
2015-09-02,14.797485
2015-09-03,14.825882
2015-09-04,14.683875
2015-09-08,14.797485
2015-09-09,14.655471
2015-09-10,14.627071
2015-09-11,14.825882
2015-09-14,14.840085
2015-09-15,14.854288
2015-09-16,14.925292
2015-09-17,15.195109
2015-09-18,15.152508
2015-09-21,15.337120
2015-09-22,15.195109
2015-09-23,15.294515
2015-09-24,15.266109
2015-09-25,15.063616
2015-09-28,14.626565
2015-09-29,14.335200
2015-09-30,14.480882
2015-10-01,14.510016
2015-10-02,14.611998
2015-10-05,14.947073
2015-10-06,14.947073
2015-10-07,15.121891
2015-10-08,15.151027
2015-10-09,15.121891
2015-10-12,15.165599
2015-10-13,15.034480
2015-10-14,14.932501
2015-10-15,14.990772
2015-10-16,14.976203
2015-10-19,14.961637
2015-10-20,15.005345
2015-10-21,14.932501
2015-10-22,14.976203
2015-10-23,14.961637
2015-10-26,14.903366
2015-10-27,14.539160
2015-10-28,14.655705
2015-10-29,14.495450
2015-10-30,14.466311
2015-11-02,14.713979
2015-11-03,14.699410
2015-11-04,14.582863
2015-11-05,14.480882
2015-11-06,14.437179
2015-11-09,14.306067
2015-11-10,14.437179
2015-11-11,14.451744
2015-11-12,14.233224
2015-11-13,14.276930
2015-11-16,14.349767
2015-11-17,14.233224
2015-11-18,14.393476
2015-11-19,14.393476
2015-11-20,14.378907
2015-11-23,14.393476
2015-11-24,14.422608
2015-11-25,14.437179
2015-11-27,14.597427
2015-11-30,14.582863
2015-12-01,14.582863
2015-12-02,14.364334
2015-12-03,14.306067
2015-12-04,14.276930
2015-12-07,14.145813
2015-12-08,14.043836
2015-12-09,14.000132
2015-12-10,14.058404
2015-12-11,13.781609
2015-12-14,13.446536
2015-12-15,13.708762
2015-12-16,14.145813
2015-12-17,14.247791
2015-12-18,14.276930
2015-12-21,14.393476
2015-12-22,14.582863
2015-12-23,14.641131
2015-12-24,14.639636
2015-12-28,14.549825
2015-12-29,14.460009
2015-12-30,14.340260
2015-12-31,14.310323
2016-01-04,14.415101
2016-01-05,14.579765
2016-01-06,14.639636
2016-01-07,14.340260
2016-01-08,14.175600
2016-01-11,14.160630
2016-01-12,13.936096
2016-01-13,13.561875
2016-01-14,13.457089
2016-01-15,13.142743
2016-01-19,12.813425
2016-01-20,12.573923
2016-01-21,12.529015
2016-01-22,13.008022
2016-01-25,12.618830
2016-01-26,13.052928
2016-01-27,12.978086
2016-01-28,13.142743
2016-01-29,13.561875
2016-02-01,13.472059
2016-02-02,13.442122
2016-02-03,13.591807
2016-02-04,13.561875
2016-02-05,13.457089
2016-02-08,13.247524
2016-02-09,13.037959
2016-02-10,13.022988
2016-02-11,12.708644
2016-02-12,12.933176
2016-02-16,13.247524
2016-02-17,13.472059
2016-02-18,13.531936
2016-02-19,13.487026
2016-02-22,13.666657
2016-02-23,13.681627
2016-02-24,13.696590
2016-02-25,13.936096
2016-02-26,13.921126
2016-02-29,13.906162
2016-03-01,13.891189
2016-03-02,13.995975
2016-03-03,14.265418
2016-03-04,14.310323
2016-03-07,14.400137
2016-03-08,14.175600
2016-03-09,14.220509
2016-03-10,14.115722
2016-03-11,14.474975
2016-03-14,14.325286
2016-03-15,14.205540
2016-03-16,14.400137
2016-03-17,14.609700
2016-03-18,14.639636
2016-03-21,14.699516
2016-03-22,14.729449
2016-03-23,14.458451
2016-03-24,14.489244
2016-03-28,14.520043
2016-03-29,14.674019
2016-03-30,14.704818
2016-03-31,14.889587
2016-04-01,14.843395
2016-04-04,14.735609
2016-04-05,14.720216
2016-04-06,14.781807
2016-04-07,14.766407
2016-04-08,14.781807
2016-04-11,14.966579
2016-04-12,14.951178
2016-04-13,15.043568
2016-04-14,15.012769
2016-04-15,15.043568
2016-04-18,15.043568
2016-04-19,15.151347
2016-04-20,15.105158
2016-04-21,14.935782
2016-04-22,14.935782
2016-04-25,15.058962
2016-04-26,15.058962
2016-04-27,15.166749
2016-04-28,15.105158
2016-04-29,15.135947
2016-05-02,15.120554
2016-05-03,14.935782
2016-05-04,15.089760
2016-05-05,15.274532
2016-05-06,15.490107
2016-05-09,15.736462
2016-05-10,15.751853
2016-05-11,15.798052
2016-05-12,15.844244
2016-05-13,15.782656
2016-05-16,15.875049
2016-05-17,15.721064
2016-05-18,15.505499
2016-05-19,15.459304
2016-05-20,15.597883
2016-05-23,15.597883
2016-05-24,15.659472
2016-05-25,15.674873
2016-05-26,15.782656
2016-05-27,15.721064
2016-05-31,15.767255
2016-06-01,15.890444
2016-06-02,15.952026
2016-06-03,15.967425
2016-06-06,15.952026
2016-06-07,15.967425
2016-06-08,16.044415
2016-06-09,16.106010
2016-06-10,15.998220
2016-06-13,15.798052
2016-06-14,15.721064
2016-06-15,15.782656
2016-06-16,15.859645
2016-06-17,15.813445
2016-06-20,15.921233
2016-06-21,15.832656
2016-06-22,15.785213
2016-06-23,15.848475
2016-06-24,15.801025
2016-06-27,15.547956
2016-06-28,15.943379
2016-06-29,16.069910
2016-06-30,16.228075
2016-07-01,16.196453
2016-07-05,16.069910
2016-07-06,16.196453
2016-07-07,15.990825
2016-07-08,16.085732
2016-07-11,16.243896
2016-07-12,16.307163
2016-07-13,16.307163
2016-07-14,16.228075
2016-07-15,16.259714
2016-07-18,16.386250
2016-07-19,16.496965
2016-07-20,16.576056
2016-07-21,16.544418
2016-07-22,16.639318
2016-07-25,16.591873
2016-07-26,16.655138
2016-07-27,16.655138
2016-07-28,16.734224
2016-07-29,16.797485
2016-08-01,16.876572
2016-08-02,16.686771
2016-08-03,16.860756
2016-08-04,16.908203
2016-08-05,17.098009
2016-08-08,17.066370
2016-08-09,17.256172
2016-08-10,17.208729
2016-08-11,17.113827
2016-08-12,17.098009
2016-08-15,17.003111
2016-08-16,16.892387
2016-08-17,16.892387
2016-08-18,16.908203
2016-08-19,16.924023
2016-08-22,16.939838
2016-08-23,17.098009
2016-08-24,17.018927
2016-08-25,17.034742
2016-08-26,16.860756
2016-08-29,16.924023
2016-08-30,16.971472
2016-08-31,16.987291
2016-09-01,16.924023
2016-09-02,17.208729
2016-09-06,17.271994
2016-09-07,17.366890
2016-09-08,17.271994
2016-09-09,16.623507
2016-09-12,16.813305
2016-09-13,16.607687
2016-09-14,16.670952
2016-09-15,16.781672
2016-09-16,16.655138
2016-09-19,16.860756
2016-09-20,16.908203
2016-09-21,17.082188
2016-09-22,17.256172
2016-09-23,17.129644
2016-09-26,17.150774
2016-09-27,17.150774
2016-09-28,17.150774
2016-09-29,17.053236
2016-09-30,17.085756
2016-10-03,16.874413
2016-10-04,16.500509
2016-10-05,16.419226
2016-10-06,16.289177
2016-10-07,16.354202
2016-10-10,16.467997
2016-10-11,16.435478
2016-10-12,16.581791
2016-10-13,16.744360
2016-10-14,16.630564
2016-10-17,16.598049
2016-10-18,16.695589
2016-10-19,16.760612
2016-10-20,16.809387
2016-10-21,16.858156
2016-10-24,17.020725
2016-10-25,17.215797
2016-10-26,17.183290
2016-10-27,16.939438
2016-10-28,16.955696
2016-10-31,17.085756
2016-11-01,16.776876
2016-11-02,16.744360
2016-11-03,16.825638
2016-11-04,16.955696
2016-11-07,17.077625
2016-11-08,17.158905
2016-11-09,17.049171
2016-11-10,16.821583
2016-11-11,16.951632
2016-11-14,16.837833
2016-11-15,16.963821
2016-11-16,16.967886
2016-11-17,17.008530
2016-11-18,17.077625
2016-11-21,17.240189
2016-11-22,17.390560
2016-11-23,17.191422
2016-11-25,17.313343
2016-11-28,17.402748
2016-11-29,17.565317
2016-11-30,17.325535
2016-12-01,17.065426
2016-12-02,17.032913
2016-12-05,17.370243
2016-12-06,17.447458
2016-12-07,17.610022
2016-12-08,17.691307
2016-12-09,17.776655
2016-12-12,17.601898
2016-12-13,17.341793
2016-12-14,17.187349
2016-12-15,16.854090
2016-12-16,17.191422
2016-12-19,17.479975
2016-12-20,17.451525
2016-12-21,17.461887
2016-12-22,17.478474
2016-12-23,17.470186
2016-12-27,17.383104
2016-12-28,17.337488
2016-12-29,17.553122
2016-12-30,17.441154
2017-01-03,17.739719
2017-01-04,17.893152
2017-01-05,17.930477
2017-01-06,17.905590
2017-01-09,17.810219
2017-01-10,17.872417
2017-01-11,17.942911
2017-01-12,17.864120
2017-01-13,17.884861
2017-01-17,17.893152
2017-01-18,17.926325
2017-01-19,17.810219
2017-01-20,17.851685
2017-01-23,17.959496
2017-01-24,17.992672
2017-01-25,17.947062
2017-01-26,17.971941
2017-01-27,17.918034
2017-01-30,17.806072
2017-01-31,17.677521
2017-02-01,17.718988
2017-02-02,17.859980
2017-02-03,17.947062
2017-02-06,18.067314
2017-02-07,18.038286
2017-02-08,18.067314
2017-02-09,18.092192
2017-02-10,18.191713
2017-02-13,18.287090
2017-02-14,18.229031
2017-02-15,18.212448
2017-02-16,18.448809
2017-02-17,18.382469
2017-02-21,18.477837
2017-02-22,18.523453
2017-02-23,18.598095
2017-02-24,18.598095
2017-02-27,18.593950
2017-02-28,18.681025
2017-03-01,18.622972
2017-03-02,18.593950
2017-03-03,18.647860
2017-03-06,18.614683
2017-03-07,18.581505
2017-03-08,18.270504
2017-03-09,18.137808
2017-03-10,18.353436
2017-03-13,18.266352
2017-03-14,18.212448
2017-03-15,18.531742
2017-03-16,18.585657
2017-03-17,18.743231
2017-03-20,18.768116
2017-03-21,18.743231
2017-03-22,18.797138
2017-03-23,18.826172
2017-03-24,18.770119
2017-03-27,18.889004
2017-03-28,19.024862
2017-03-29,19.237148
2017-03-30,19.266870
2017-03-31,19.228657
2017-04-03,19.271111
2017-04-04,19.351782
2017-04-05,19.258381
2017-04-06,19.368763
2017-04-07,19.343290
2017-04-10,19.445192
2017-04-11,19.585293
2017-04-12,19.576801
2017-04-13,19.648979
2017-04-17,19.878246
2017-04-18,19.882494
2017-04-19,19.810312
2017-04-20,19.653229
2017-04-21,19.725403
2017-04-24,19.742386
2017-04-25,19.823055
2017-04-26,19.988636
2017-04-27,20.200911
2017-04-28,19.920704
2017-05-01,20.090527
2017-05-02,19.721161
2017-05-03,19.491890
2017-05-04,19.419712
2017-05-05,19.530100
2017-05-08,19.402731
2017-05-09,19.071568
2017-05-10,19.160727
2017-05-11,19.169214
2017-05-12,19.105532
2017-05-15,19.198938
2017-05-16,19.181953
2017-05-17,19.160727
2017-05-18,19.139494
2017-05-19,19.228657
2017-05-22,19.440939
2017-05-23,19.564070
2017-05-24,19.670206
2017-05-25,19.695675
2017-05-26,19.678698
2017-05-30,19.615013
2017-05-31,19.627745
2017-06-01,19.814558
2017-06-02,19.852768
2017-06-05,19.708424
2017-06-06,19.678698
2017-06-07,19.678698
2017-06-08,19.899477
2017-06-09,19.963158
2017-06-12,20.022598
2017-06-13,20.115995
2017-06-14,20.222139
2017-06-15,20.302811
2017-06-16,20.417446
2017-06-19,20.536322
2017-06-20,20.370745
2017-06-21,20.277340
2017-06-22,20.425941
2017-06-23,20.510851
2017-06-26,20.557558
2017-06-27,20.265203
2017-06-28,20.304182
2017-06-29,20.148258
2017-06-30,20.087629
2017-07-03,20.347502
2017-07-05,20.373480
2017-07-06,20.204565
2017-07-07,19.992338
2017-07-10,20.035650
2017-07-11,20.113617
2017-07-12,20.247879
2017-07-13,20.018324
2017-07-14,20.187244
2017-07-17,20.152592
2017-07-18,19.814770
2017-07-19,19.914383
2017-07-20,19.983677
2017-07-21,20.096289
2017-07-24,20.018324
2017-07-25,19.927376
2017-07-26,19.962029
2017-07-27,20.001001
2017-07-28,19.992338
2017-07-31,20.139605
2017-08-01,20.230543
2017-08-02,20.247879
2017-08-03,20.208897
2017-08-04,20.200237
2017-08-07,20.230543
2017-08-08,20.299856
2017-08-09,20.438444
2017-08-10,20.291193
2017-08-11,20.252209
2017-08-14,20.399471
2017-08-15,20.386473
2017-08-16,20.412460
2017-08-17,20.273869
2017-08-18,20.364820
2017-08-21,20.364820
2017-08-22,20.473097
2017-08-23,20.386473
2017-08-24,20.447105
2017-08-25,20.399471
2017-08-28,20.429787
2017-08-29,20.230543
2017-08-30,20.252209
2017-08-31,20.395140
2017-09-01,20.468767
2017-09-05,20.174250
2017-09-06,20.200237
2017-09-07,20.169918
2017-09-08,20.152592
2017-09-11,20.304182
2017-09-12,20.334501
2017-09-13,20.143930
2017-09-14,20.165581
2017-09-15,20.269531
2017-09-18,20.351822
2017-09-19,20.425453
2017-09-20,20.390810
2017-09-21,20.377806
2017-09-22,20.542398
2017-09-25,20.581371
2017-09-26,20.695658
2017-09-27,20.704521
2017-09-28,20.770966
2017-09-29,20.748814
2017-10-02,20.877283
2017-10-03,20.877283
2017-10-04,20.908283
2017-10-05,21.001307
2017-10-06,20.744387
2017-10-09,20.801971
2017-10-10,20.775394
2017-10-11,20.815256
2017-10-12,20.850698
2017-10-13,20.934862
2017-10-16,20.943726
2017-10-17,20.974730
2017-10-18,21.023458
2017-10-19,21.058901
2017-10-20,21.027884
2017-10-23,20.819693
2017-10-24,20.784254
2017-10-25,20.571632
2017-10-26,20.128654
2017-10-27,20.385580
2017-10-30,20.186239
2017-10-31,20.133093
2017-11-01,20.221678
2017-11-02,19.920458
2017-11-03,19.867296
2017-11-06,19.566080
2017-11-07,19.676819
2017-11-08,19.831867
2017-11-09,19.787567
2017-11-10,19.685682
2017-11-13,19.827433
2017-11-14,19.951469
2017-11-15,19.792000
2017-11-16,19.916025
2017-11-17,19.969187
2017-11-20,20.221678
2017-11-21,20.372288
2017-11-22,20.496325
2017-11-24,20.376719
2017-11-27,20.301411
2017-11-28,20.323561
2017-11-29,20.332428
2017-11-30,20.212820
2017-12-01,20.274839
2017-12-04,20.465309
2017-12-05,20.425442
2017-12-06,20.390005
2017-12-07,20.491892
2017-12-08,20.483034
2017-12-11,20.474176
2017-12-12,20.469740
2017-12-13,20.567196
2017-12-14,20.598207
2017-12-15,20.793112
2017-12-18,20.722237
2017-12-19,20.308664
2017-12-20,20.441185
2017-12-21,20.582857
2017-12-22,20.564581
2017-12-26,20.614845
2017-12-27,20.655975
2017-12-28,20.857052
2017-12-29,20.655975
2018-01-02,20.450336
2018-01-03,20.171566
2018-01-04,20.212687
2018-01-05,20.290384
2018-01-08,20.372641
2018-01-09,20.198984
2018-01-10,20.135014
2018-01-11,20.290384
2018-01-12,20.148716
2018-01-16,20.034464
2018-01-17,20.061890
2018-01-18,19.879091
2018-01-19,20.016180
2018-01-22,20.016180
2018-01-23,20.157858
2018-01-24,20.107590
2018-01-25,20.025326
2018-01-26,19.911083
2018-01-29,19.454086
2018-01-30,19.476934
2018-01-31,19.239302
2018-02-01,19.253017
2018-02-02,18.992531
2018-02-05,18.576664
2018-02-06,18.832579
2018-02-07,18.745756
2018-02-08,18.544683
2018-02-09,18.658926
2018-02-12,18.864571
2018-02-13,19.042795
2018-02-14,19.088497
2018-02-15,19.403820
2018-02-16,19.550053
2018-02-20,19.152477
2018-02-21,18.987957
2018-02-22,18.946833
2018-02-23,19.202745
2018-02-26,19.285006
2018-02-27,18.864571
2018-02-28,18.617796
2018-03-01,18.677206
2018-03-02,18.828012
2018-03-05,19.024521
2018-03-06,19.161613
2018-03-07,19.166185
2018-03-08,19.243872
2018-03-09,19.339844
2018-03-12,19.586615
2018-03-13,19.582048
2018-03-14,19.641457
2018-03-15,19.508926
2018-03-16,19.687151
2018-03-19,19.559198
2018-03-20,19.540913
2018-03-21,19.536345
2018-03-22,19.458397
2018-03-23,19.327717
2018-03-26,19.500404
2018-03-27,19.575087
2018-03-28,19.659096
2018-03-29,19.827127
2018-04-02,19.654432
2018-04-03,19.794451
2018-04-04,19.864470
2018-04-05,19.864470
2018-04-06,19.869135
2018-04-09,19.789785
2018-04-10,19.817793
2018-04-11,19.785116
2018-04-12,19.677773
2018-04-13,19.547085
2018-04-16,19.687107
2018-04-17,19.743116
2018-04-18,19.724443
2018-04-19,19.659096
2018-04-20,19.612423
2018-04-23,19.645094
2018-04-24,19.677773
2018-04-25,19.719774
2018-04-26,19.878469
2018-04-27,19.957813
2018-04-30,19.883133
2018-05-01,19.901804
2018-05-02,19.845798
2018-05-03,19.943811
2018-05-04,20.195850
2018-05-07,20.303204
2018-05-08,20.046497
2018-05-09,20.065166
2018-05-10,20.279867
2018-05-11,20.307869
2018-05-14,20.293861
2018-05-15,20.256531
2018-05-16,20.237860
2018-05-17,20.214521
2018-05-18,20.335876
2018-05-21,20.503904
2018-05-22,20.489897
2018-05-23,20.555239
2018-05-24,20.415224
2018-05-25,20.447887
2018-05-29,20.578577
2018-05-30,20.695265
2018-05-31,20.457228
2018-06-01,20.466562
2018-06-04,20.536573
2018-06-05,20.527235
2018-06-06,20.531902
2018-06-07,20.564581
2018-06-08,20.671926
2018-06-11,20.695265
2018-06-12,20.625254
2018-06-13,20.522570
2018-06-14,20.667253
2018-06-15,20.625254
2018-06-18,20.793278
2018-06-19,20.872627
2018-06-20,20.909962
2018-06-21,20.923965
2018-06-22,20.881962
2018-06-25,20.881962
2018-06-26,20.822206
2018-06-27,20.587984
2018-06-28,20.874786
2018-06-29,20.769623
2018-07-02,20.893911
2018-07-03,21.132915
2018-07-05,21.233299
2018-07-06,21.300220
2018-07-09,21.257202
2018-07-10,21.218956
2018-07-11,21.309782
2018-07-12,21.238083
2018-07-13,21.175936
2018-07-16,21.142469
2018-07-17,21.175936
2018-07-18,21.123356
2018-07-19,21.257202
2018-07-20,21.309782
2018-07-23,21.257202
2018-07-24,21.209396
2018-07-25,21.257202
2018-07-26,21.242853
2018-07-27,21.266758
2018-07-30,21.462744
2018-07-31,21.496202
2018-08-01,21.338461
2018-08-02,21.453182
2018-08-03,21.328901
2018-08-06,21.281097
2018-08-07,21.061213
2018-08-08,21.042097
2018-08-09,21.123356
2018-08-10,21.061213
2018-08-13,21.132915
2018-08-14,21.147259
2018-08-15,21.233299
2018-08-16,21.333681
2018-08-17,21.462744
2018-08-20,21.515329
2018-08-21,21.577463
2018-08-22,21.505774
2018-08-23,21.510548
2018-08-24,21.481861
2018-08-27,21.520103
2018-08-28,21.553560
2018-08-29,21.606144
2018-08-30,21.639612
2018-08-31,21.577463
2018-09-04,21.567909
2018-09-05,21.754324
2018-09-06,21.821253
2018-09-07,21.696976
2018-09-10,21.739994
2018-09-11,21.716091
2018-09-12,21.448404
2018-09-13,21.500986
2018-09-14,21.457966
2018-09-17,21.429285
2018-09-18,21.343246
2018-09-19,21.228518
2018-09-20,21.281097
2018-09-21,21.386267
2018-09-24,21.257202
2018-09-25,21.242853
2018-09-26,21.096085
2018-09-27,21.189039
2018-09-28,21.311354
2018-10-01,21.237963
2018-10-02,21.242853
2018-10-03,21.179262
2018-10-04,20.973776
2018-10-05,20.851467
2018-10-08,21.042273
2018-10-09,21.115654
2018-10-10,20.866146
2018-10-11,20.533461
2018-10-12,20.425823
2018-10-15,20.645985
2018-10-16,20.915070
2018-10-17,20.919952
2018-10-18,20.782970
2018-10-19,20.753618
2018-10-22,20.709581
2018-10-23,20.553028
2018-10-24,20.709581
2018-10-25,20.880823
2018-10-26,20.616631
2018-10-29,20.670443
2018-10-30,20.827003
2018-10-31,20.885706
2018-11-01,20.827003
2018-11-02,20.871033
2018-11-05,20.944420
2018-11-06,21.086300
2018-11-07,21.154797
2018-11-08,21.140114
2018-11-09,21.296679
2018-11-12,21.169476
2018-11-13,21.267319
2018-11-14,21.164577
2018-11-15,20.968884
2018-11-16,21.105869
2018-11-19,21.052057
2018-11-20,20.871033
2018-11-21,20.939529
2018-11-23,20.934637
2018-11-26,21.081411
2018-11-27,21.086300
2018-11-28,21.262424
2018-11-29,21.365170
2018-11-30,21.316248
2018-12-03,21.418982
2018-12-04,21.164577
2018-12-06,21.335817
2018-12-07,21.277105
2018-12-10,21.169476
2018-12-11,21.120554
2018-12-12,21.022697
2018-12-13,20.973776
2018-12-14,21.037378
2018-12-17,20.353254
2018-12-18,20.483566
2018-12-19,20.313158
2018-12-20,19.651590
2018-12-21,19.621519
2018-12-24,19.265675
2018-12-26,20.052542
2018-12-27,20.147774
2018-12-28,20.248005
2018-12-31,20.017456
2019-01-02,20.167824
2019-01-03,20.293114
2019-01-04,20.573778
2019-01-07,20.759212
2019-01-08,20.724133
2019-01-09,20.849434
2019-01-10,20.859457
2019-01-11,21.024851
2019-01-14,21.079977
2019-01-15,21.090002
2019-01-16,21.205275
2019-01-17,21.270432
2019-01-18,21.280453
2019-01-22,21.245369
2019-01-23,21.375677
2019-01-24,21.455870
2019-01-25,21.556105
2019-01-28,21.576153
2019-01-29,21.656342
2019-01-30,21.731525
2019-01-31,21.866844
2019-02-01,21.806696
2019-02-04,21.942015
2019-02-05,21.942015
2019-02-06,21.911955
2019-02-07,21.871859
2019-02-08,21.866844
2019-02-11,21.901924
2019-02-12,21.916965
2019-02-13,21.821735
2019-02-14,21.631283
2019-02-15,21.636299
2019-02-19,21.666368
2019-02-20,21.541071
2019-02-21,21.571146
2019-02-22,21.706467
2019-02-25,21.661356
2019-02-26,21.656342
2019-02-27,21.616247
2019-02-28,21.666368
2019-03-01,21.611238
2019-03-04,21.666368
2019-03-05,21.651333
2019-03-06,21.571146
2019-03-07,21.511005
2019-03-08,21.556105
2019-03-11,21.826746
2019-03-12,21.811716
2019-03-13,21.901924
2019-03-14,21.916965
2019-03-15,21.921982
2019-03-18,22.022211
2019-03-19,21.871859
2019-03-20,21.819891
2019-03-21,21.957445
2019-03-22,21.768942
2019-03-25,21.824991
2019-03-26,21.947256
2019-03-27,21.967632
2019-03-28,22.130661
2019-03-29,22.079714
2019-04-01,22.212172
2019-04-02,22.151037
2019-04-03,22.115377
2019-04-04,22.232550
2019-04-05,22.273308
2019-04-08,22.334435
2019-04-09,22.222359
2019-04-10,22.288593
2019-04-11,22.298780
2019-04-12,22.314060
2019-04-15,22.278397
2019-04-16,22.278397
2019-04-17,22.258020
2019-04-18,22.247835
2019-04-22,22.314060
2019-04-23,22.451614
2019-04-24,22.604450
2019-04-25,22.359907
2019-04-26,22.538221
2019-04-29,22.436331
2019-04-30,22.487274
2019-05-01,22.390480
2019-05-02,22.268209
2019-05-03,22.339529
2019-05-06,22.298780
2019-05-07,22.217262
2019-05-08,22.079714
2019-05-09,21.921785
2019-05-10,22.084808
2019-05-13,21.860653
2019-05-14,21.972727
2019-05-15,21.972727
2019-05-16,22.033867
2019-05-17,21.830080
2019-05-20,21.677252
2019-05-21,21.743475
2019-05-22,21.733290
2019-05-23,21.687433
2019-05-24,21.799513
2019-05-28,21.605923
2019-05-29,21.417423
2019-05-30,21.208546
2019-05-31,21.004759
2019-06-03,21.381760
2019-06-04,21.554979
2019-06-05,21.427614
2019-06-06,21.544790
2019-06-07,21.422520
2019-06-10,21.458176
2019-06-11,21.437803
2019-06-12,21.534603
2019-06-13,21.651779
2019-06-14,21.712910
2019-06-17,21.656483
2019-06-18,21.708729
2019-06-19,21.902037
2019-06-20,21.860243
2019-06-21,21.766195
2019-06-24,21.839344
2019-06-25,21.781876
2019-06-26,21.713955
2019-06-27,21.860243
2019-06-28,22.037882
2019-07-01,22.006529
2019-07-02,21.969965
2019-07-03,22.116261
2019-07-05,22.241648
2019-07-08,22.236425
2019-07-09,22.267769
2019-07-10,22.330471
2019-07-11,22.340919
2019-07-12,22.429737
2019-07-15,22.450640
2019-07-16,22.461084
2019-07-17,22.440184
2019-07-18,22.419291
2019-07-19,22.361820
2019-07-22,22.476763
2019-07-23,22.581261
2019-07-24,22.544687
2019-07-25,22.440184
2019-07-26,22.549908
2019-07-29,22.591705
2019-07-30,22.670076
2019-07-31,22.544687
2019-08-01,22.419291
2019-08-02,22.445408
2019-08-05,21.928165
2019-08-06,22.189405
2019-08-07,22.351364
2019-08-08,22.680523
2019-08-09,22.502886
2019-08-12,22.257324
2019-08-13,22.194626
2019-08-14,21.604235
2019-08-15,21.630356
2019-08-16,21.828894
2019-08-19,22.011766
2019-08-20,21.928165
2019-08-21,21.855021
2019-08-22,21.860243
2019-08-23,21.557205
2019-08-26,21.646027
2019-08-27,21.181034
2019-08-28,21.086985
2019-08-29,21.134007
2019-08-30,21.107885
2019-09-03,21.081758
2019-09-04,21.191479
2019-09-05,21.379570
2019-09-06,21.395248
2019-09-09,21.593788
2019-09-10,21.834120
2019-09-11,22.011766
2019-09-12,21.928165
2019-09-13,22.022211
2019-09-16,22.022211
2019-09-17,22.079685
2019-09-18,22.126703
2019-09-19,22.252102
2019-09-20,22.382713
2019-09-23,22.461084
2019-09-24,22.294477
2019-09-25,22.476044
2019-09-26,22.529438
2019-09-27,22.449341
2019-09-30,22.497400
2019-10-01,22.251764
2019-10-02,22.118259
2019-10-03,22.193024
2019-10-04,22.326519
2019-10-07,22.347881
2019-10-08,22.225054
2019-10-09,22.331863
2019-10-10,22.460014
2019-10-11,22.582838
2019-10-14,22.497400
2019-10-15,22.550800
2019-10-16,22.582838
2019-10-17,22.694979
2019-10-18,22.791101
2019-10-21,23.031401
2019-10-22,23.020721
2019-10-23,23.106161
2019-10-24,22.903236
2019-10-25,22.764406
2019-10-28,22.860519
2019-10-29,22.983337
2019-10-30,22.903236
2019-10-31,23.111500
2019-11-01,23.170237
2019-11-04,23.100817
2019-11-05,22.988680
2019-11-06,23.106161
2019-11-07,23.180914
2019-11-08,23.282381
2019-11-11,23.239658
2019-11-12,23.202276
2019-11-13,23.164898
2019-11-14,23.068779
2019-11-15,23.090141
2019-11-18,23.180914
2019-11-19,23.159555
2019-11-20,23.207615
2019-11-21,23.084795
2019-11-22,23.122179
2019-11-25,23.266359
2019-11-26,23.303738
2019-11-27,23.383835
2019-11-29,23.447916
2019-12-02,23.485300
2019-12-03,23.469276
2019-12-04,23.511997
2019-12-05,23.490637
2019-12-06,23.624140
2019-12-09,23.677542
2019-12-10,23.613464
2019-12-11,23.560061
2019-12-12,23.581421
2019-12-13,23.720259
2019-12-16,23.673353
2019-12-17,23.973352
2019-12-18,23.995173
2019-12-19,24.082451
2019-12-20,24.164272
2019-12-23,24.153360
2019-12-24,24.278820
2019-12-26,24.442463
2019-12-27,24.464279
2019-12-30,24.284275
2019-12-31,24.289730
2020-01-02,24.311544
2020-01-03,24.311544
2020-01-06,24.349733
2020-01-07,24.409739
2020-01-08,24.338820
2020-01-09,24.426092
2020-01-10,24.535191
2020-01-13,24.698832
2020-01-14,24.742468
2020-01-15,24.807915
2020-01-16,24.922474
2020-01-17,24.960653
2020-01-21,25.064293
2020-01-22,25.075205
2020-01-23,25.113380
2020-01-24,24.998833
2020-01-27,24.873377
2020-01-28,25.086115
2020-01-29,25.271574
2020-01-30,25.260662
2020-01-31,25.151569
2020-02-03,25.282476
2020-02-04,25.364302
2020-02-05,25.587944
2020-02-06,25.707945
2020-02-07,25.653397
2020-02-10,25.582489
2020-02-11,25.566126
2020-02-12,25.746132
2020-02-13,25.969769
2020-02-14,26.073408
2020-02-18,26.182505
2020-02-19,26.187963
2020-02-20,26.373415
2020-02-21,26.117054
2020-02-24,25.729757
2020-02-25,24.998833
2020-02-26,24.895201
2020-02-27,23.727894
2020-02-28,23.040604
2020-03-02,24.431557
2020-03-03,24.082451
2020-03-04,24.557003
2020-03-05,24.000626
2020-03-06,23.455164
2020-03-09,21.409651
2020-03-10,21.796934
2020-03-11,20.564177
2020-03-12,16.964085
2020-03-13,17.640463
2020-03-16,15.213125
2020-03-17,13.991272
2020-03-18,10.729374
2020-03-19,10.838466
2020-03-20,10.914830
2020-03-23,9.742075
2020-03-24,8.891142
2020-03-25,10.791420
2020-03-26,13.038198
2020-03-27,12.716407
2020-03-30,11.515448
2020-03-31,10.745451
2020-04-01,9.429564
2020-04-02,9.176732
2020-04-03,8.303304
2020-04-06,9.222698
2020-04-07,9.768590
2020-04-08,11.613132
2020-04-09,12.681931
2020-04-13,12.469321
2020-04-14,12.279695
2020-04-15,11.572910
2020-04-16,11.274101
2020-04-17,12.164772
2020-04-20,11.584399
2020-04-21,11.980890
2020-04-22,11.779771
2020-04-23,11.705070
2020-04-24,11.584399
2020-04-27,11.848728
2020-04-28,12.532527
2020-04-29,13.193346
2020-04-30,12.681931
2020-05-01,12.354397
2020-05-04,12.360142
2020-05-05,12.658945
2020-05-06,12.268203
2020-05-07,12.521040
2020-05-08,12.825585
2020-05-11,12.314174
2020-05-12,11.917685
2020-05-13,11.302832
2020-05-14,11.877460
2020-05-15,11.716563
2020-05-18,12.492304
2020-05-19,12.492304
2020-05-20,12.980733
2020-05-21,12.871553
2020-05-22,12.986482
2020-05-26,13.440434
2020-05-27,13.750732
2020-05-28,13.428941
2020-05-29,13.032451
2020-06-01,13.463419
2020-06-02,13.451924
2020-06-03,14.216173
2020-06-04,14.859755
2020-06-05,15.336692
2020-06-08,16.733021
2020-06-09,15.871086
2020-06-10,15.124080
2020-06-11,13.992072
2020-06-12,14.934456
2020-06-15,15.047309
2020-06-16,15.241278
2020-06-17,15.017920
2020-06-18,14.917995
2020-06-19,14.588834
2020-06-22,14.535934
2020-06-23,14.853337
2020-06-24,14.236162
2020-06-25,14.700515
2020-06-26,14.183264
2020-06-29,14.594711
2020-06-30,14.612343
2020-07-01,14.394864
2020-07-02,14.130363
2020-07-06,14.347840
2020-07-07,13.912881
2020-07-08,14.095095
2020-07-09,13.666012
2020-07-10,14.012805
2020-07-13,13.948149
2020-07-14,14.236162
2020-07-15,14.941504
2020-07-16,14.882726
2020-07-17,14.841578
2020-07-20,14.759293
2020-07-21,15.017920
2020-07-22,15.276544
2020-07-23,15.088450
2020-07-24,14.847462
2020-07-27,14.988527
2020-07-28,15.158986
2020-07-29,15.388227
2020-07-30,15.370588
2020-07-31,15.294175
2020-08-03,15.335323
2020-08-04,15.247157
2020-08-05,15.535167
2020-08-06,15.452882
2020-08-07,15.617458
2020-08-10,16.064175
2020-08-11,16.005396
2020-08-12,15.893719
2020-08-13,15.676237
2020-08-14,15.899594
2020-08-17,15.758530
2020-08-18,15.605701
2020-08-19,15.582188
2020-08-20,15.582188
2020-08-21,15.494023
2020-08-24,15.952497
2020-08-25,15.846696
2020-08-26,15.599827
2020-08-27,15.793793
2020-08-28,15.946617
2020-08-31,15.629214
2020-09-01,15.723261
2020-09-02,15.735021
2020-09-03,15.517536
2020-09-04,15.523414
2020-09-08,15.499902
2020-09-09,15.682115
2020-09-10,15.476393
2020-09-11,15.364713
2020-09-14,15.893719
2020-09-15,15.817306
2020-09-16,16.064175
2020-09-17,16.046539
2020-09-18,15.940742
2020-09-21,15.411736
2020-09-22,15.464635
2020-09-23,14.905813
2020-09-24,14.887828
2020-09-25,15.265571
2020-09-28,15.733250
2020-09-29,15.463435
2020-09-30,15.445448
2020-10-01,15.613335
2020-10-02,15.847171
2020-10-05,15.943108
2020-10-06,15.793206
2020-10-07,15.877153
2020-10-08,16.308855
2020-10-09,16.051035
2020-10-12,16.140972
2020-10-13,16.027052
2020-10-14,16.003067
2020-10-15,16.051035
2020-10-16,15.895139
2020-10-19,15.619329
2020-10-20,15.721261
2020-10-21,15.571362
2020-10-22,15.763232
2020-10-23,16.021059
2020-10-26,15.619329
2020-10-27,15.589350
2020-10-28,15.181628
2020-10-29,15.535388
2020-10-30,15.391480
2020-11-02,15.763232
2020-11-03,15.925121
2020-11-04,15.805201
2020-11-05,16.063026
2020-11-06,15.823187
2020-11-09,16.638636
2020-11-10,17.406107
2020-11-11,17.034365
2020-11-12,16.758549
2020-11-13,17.220234
2020-11-16,17.795839
2020-11-17,17.969725
2020-11-18,17.873789
2020-11-19,17.843809
2020-11-20,17.939743
2020-11-23,18.401430
2020-11-24,18.953049
2020-11-25,18.737202
2020-11-27,18.713213
2020-11-30,18.197567
2020-12-01,18.389437
2020-12-02,18.605291
2020-12-03,18.683237
2020-12-04,19.060978
2020-12-07,18.797159
2020-12-08,19.007017
2020-12-09,18.893091
2020-12-10,18.827135
2020-12-11,18.755184
2020-12-14,18.806429
2020-12-15,19.129728
2020-12-16,19.117529
2020-12-17,19.288330
2020-12-18,19.062630
2020-12-21,18.971128
2020-12-22,18.971128
2020-12-23,19.392029
2020-12-24,19.306629
2020-12-28,19.440830
2020-12-29,19.196831
2020-12-30,19.318832
2020-12-31,19.434731
2021-01-04,18.843021
2021-01-05,18.806429
2021-01-06,19.288330
2021-01-07,19.251730
2021-01-08,19.337130
2021-01-11,19.141924
2021-01-12,19.294430
2021-01-13,19.221228
2021-01-14,19.410332
2021-01-15,19.245630
2021-01-19,19.294430
2021-01-20,19.544535
2021-01-21,19.739731
2021-01-22,19.812937
2021-01-25,19.855631
2021-01-26,19.782429
2021-01-27,19.227327
2021-01-28,19.477430
2021-01-29,18.971128
2021-02-01,19.306629
2021-02-02,19.715330
2021-02-03,19.629932
2021-02-04,19.941032
2021-02-05,20.172840
2021-02-08,20.331436
2021-02-09,20.191130
2021-02-10,20.313135
2021-02-11,20.264339
2021-02-12,20.368040
2021-02-16,20.727943
2021-02-17,20.319235
2021-02-18,19.922735
2021-02-19,20.514439
2021-02-22,20.666945
2021-02-23,20.514439
2021-02-24,21.209846
2021-02-25,20.477837
2021-02-26,20.618135
2021-03-01,20.929239
2021-03-02,21.032942
2021-03-03,20.984138
2021-03-04,20.575438
2021-03-05,20.660839
2021-03-08,21.106140
2021-03-09,21.136642
2021-03-10,21.478245
2021-03-11,21.636843
2021-03-12,21.880846
2021-03-15,22.069950
2021-03-16,21.838150
2021-03-17,22.130943
2021-03-18,21.624647
2021-03-19,21.832047
2021-03-22,21.850349
2021-03-23,21.392841
2021-03-24,21.337944
2021-03-25,21.695290
2021-03-26,21.906225
2021-03-29,21.558804
2021-03-30,22.011698
2021-03-31,21.875210
2021-04-01,22.110956
2021-04-05,22.036509
2021-04-06,22.024105
2021-04-07,21.986879
2021-04-08,22.141981
2021-04-09,22.073734
2021-04-12,22.204016
2021-04-13,22.315689
2021-04-14,22.266060
2021-04-15,22.290874
2021-04-16,22.402544
2021-04-19,22.098553
2021-04-20,21.918636
2021-04-21,22.197815
2021-04-22,22.148190
2021-04-23,22.545233
2021-04-26,22.433563
2021-04-27,22.694134
2021-04-28,22.855434
2021-04-29,22.861635
2021-04-30,22.874048
2021-05-03,22.911268
2021-05-04,22.601074
2021-05-05,22.749964
2021-05-06,22.582462
2021-05-07,22.762375
2021-05-10,22.508009
2021-05-11,22.210226
2021-05-12,21.459539
2021-05-13,22.048920
2021-05-14,22.495605
2021-05-17,22.582462
2021-05-18,22.563847
2021-05-19,22.650705
2021-05-20,22.737555
2021-05-21,22.687925
2021-05-24,22.787188
2021-05-25,22.588661
2021-05-26,22.812006
2021-05-27,22.849234
2021-05-28,22.948496
2021-06-01,23.233877
2021-06-02,23.227671
2021-06-03,23.171837
2021-06-04,23.295918
2021-06-07,23.637129
2021-06-08,23.959736
2021-06-09,24.127247
2021-06-10,24.019533
2021-06-11,23.843147
2021-06-14,23.761259
2021-06-15,23.496683
2021-06-16,23.685665
2021-06-17,23.301403
2021-06-18,22.942335
2021-06-21,23.458887
2021-06-22,23.439989
2021-06-23,23.458887
2021-06-24,23.729761
2021-06-25,23.754955
2021-06-28,23.559677
2021-06-29,23.320299
2021-06-30,23.383297
2021-07-01,23.496683
2021-07-02,23.345503
2021-07-06,23.206911
2021-07-07,22.967533
2021-07-08,22.671463
2021-07-09,23.383297
2021-07-12,23.521887
2021-07-13,22.784855
2021-07-14,22.463585
2021-07-15,22.583269
2021-07-16,22.545477
2021-07-19,22.016327
2021-07-20,22.621073
2021-07-21,22.961233
2021-07-22,22.558075
2021-07-23,22.532877
2021-07-26,22.759657
2021-07-27,22.671463
2021-07-28,22.747059
2021-07-29,23.087219
2021-07-30,22.791153
2021-08-02,22.652565
2021-08-03,22.709263
2021-08-04,22.469879
2021-08-05,22.772255
2021-08-06,22.854141
2021-08-09,22.702961
2021-08-10,22.866745
2021-08-11,22.980131
2021-08-12,22.973831
2021-08-13,23.049429
2021-08-16,22.929741
2021-08-17,22.822651
2021-08-18,22.652565
2021-08-19,22.337599
2021-08-20,22.684061
2021-08-23,22.904539
2021-08-24,23.188009
2021-08-25,23.276201
2021-08-26,23.030527
2021-08-27,23.421095
2021-08-30,23.313999
2021-08-31,23.395899
2021-09-01,23.528177
2021-09-02,23.465185
2021-09-03,23.358091
2021-09-07,23.093525
2021-09-08,22.923441
2021-09-09,22.992731
2021-09-10,22.709263
2021-09-13,22.967533
2021-09-14,22.866745
2021-09-15,22.980131
2021-09-16,22.973831
2021-09-17,22.967533
2021-09-20,22.772255
2021-09-21,22.885641
2021-09-22,23.213205
2021-09-23,23.295109
2021-09-24,23.263432
2021-09-27,23.466108
2021-09-28,23.130432
2021-09-29,23.124094
2021-09-30,22.915083
2021-10-01,23.244438
2021-10-04,23.225431
2021-10-05,23.352106
2021-10-06,23.276104
2021-10-07,23.352106
2021-10-08,23.402771
2021-10-11,23.415443
2021-10-12,23.649794
2021-10-13,23.732121
2021-10-14,23.820795
2021-10-15,23.732121
2021-10-18,23.789127
2021-10-19,23.890465
2021-10-20,24.055136
2021-10-21,24.093142
2021-10-22,24.036135
2021-10-25,24.181805
2021-10-26,23.998137
2021-10-27,23.789127
2021-10-28,23.820795
2021-10-29,23.770126
2021-11-01,24.175480
2021-11-02,23.820795
2021-11-03,24.017139
2021-11-04,23.941135
2021-11-05,24.308485
2021-11-08,24.124811
2021-11-09,24.124811
2021-11-10,23.960136
2021-11-11,24.080475
2021-11-12,23.960136
2021-11-15,23.852461
2021-11-16,23.700457
2021-11-17,23.497782
2021-11-18,23.409107
2021-11-19,23.358438
2021-11-22,23.333103
2021-11-23,23.415443
2021-11-24,23.497782
2021-11-26,22.978418
2021-11-29,22.959425
2021-11-30,22.376730
2021-12-01,22.022043
2021-12-02,22.756742
2021-12-03,22.503397
2021-12-06,23.041759
2021-12-07,23.269766
2021-12-08,23.301439
2021-12-09,23.143095
2021-12-10,22.820082
2021-12-13,22.500237
2021-12-14,22.088165
2021-12-15,22.251684
2021-12-16,22.035841
2021-12-17,21.865786
2021-12-20,21.368685
2021-12-21,22.271307
2021-12-22,22.513315
2021-12-23,22.683378
2021-12-27,22.781490
2021-12-28,22.774954
2021-12-29,22.774954
2021-12-30,22.722626
2021-12-31,22.572182
2022-01-03,23.016953
2022-01-04,23.095448
2022-01-05,22.683378
2022-01-06,22.755323
2022-01-07,22.873060
2022-01-10,22.846895
2022-01-11,23.082365
2022-01-12,23.095448
2022-01-13,22.984251
2022-01-14,22.905764
2022-01-18,22.559105
2022-01-19,22.277853
2022-01-20,21.885408
2022-01-21,21.532202
2022-01-24,21.499502
2022-01-25,21.780752
2022-01-26,21.636856
2022-01-27,21.434088
2022-01-28,21.636856
2022-01-31,22.160118
2022-02-01,22.088165
2022-02-02,21.937733
2022-02-03,21.532202
2022-02-04,21.492962
2022-02-07,21.551830
2022-02-08,21.761129
2022-02-09,21.898487
2022-02-10,21.479877
2022-02-11,21.250952
2022-02-14,21.048189
2022-02-15,21.421015
2022-02-16,21.532202
2022-02-17,21.022026
2022-02-18,21.192087
2022-02-22,20.642656
2022-02-23,20.224051
2022-02-24,20.590332
2022-02-25,20.819260
2022-02-28,20.786552
2022-03-01,20.596874
2022-03-02,20.982780
2022-03-03,20.878128
2022-03-04,20.760395
2022-03-07,20.407192
2022-03-08,20.786552
2022-03-09,20.897751
2022-03-10,20.943537
2022-03-11,20.838881
2022-03-14,20.616497
2022-03-15,20.799639
2022-03-16,21.015484
2022-03-17,21.041649
2022-03-18,21.192087
2022-03-21,20.976238
2022-03-22,21.257494
2022-03-23,21.074352
2022-03-24,21.153202
2022-03-25,21.389774
2022-03-28,21.416061
2022-03-29,21.843201
2022-03-30,21.547489
2022-03-31,21.468632
2022-04-01,21.626345
2022-04-04,21.573771
2022-04-05,21.166349
2022-04-06,20.844353
2022-04-07,20.469786
2022-04-08,20.574926
2022-04-11,20.535501
2022-04-12,20.588072
2022-04-13,20.837780
2022-04-14,20.804924
2022-04-18,20.653780
2022-04-19,20.154358
2022-04-20,20.515783
2022-04-21,20.331791
2022-04-22,19.904646
2022-04-25,19.930933
2022-04-26,19.359224
2022-04-27,19.444653
2022-04-28,20.009790
2022-04-29,19.444653
2022-05-02,19.516939
2022-05-03,20.312075
2022-05-04,20.647217
2022-05-05,20.233215
2022-05-06,20.220074
2022-05-09,19.576078
2022-05-10,19.615505
2022-05-11,19.418367
2022-05-12,19.221226
2022-05-13,19.792936
2022-05-16,19.806076
2022-05-17,19.944075
2022-05-18,19.418367
2022-05-19,19.227798
2022-05-20,19.188370
2022-05-23,19.530079
2022-05-24,19.562937
2022-05-25,19.602364
2022-05-26,19.944075
2022-05-27,20.239788
2022-05-31,20.134647
2022-06-01,20.180647
2022-06-02,20.298927
2022-06-03,20.101791
2022-06-06,20.003214
2022-06-07,20.200357
2022-06-08,19.832361
2022-06-09,19.739004
2022-06-10,19.309166
2022-06-13,17.509216
2022-06-14,17.133106
2022-06-15,17.112959
2022-06-16,16.118958
2022-06-17,16.716700
2022-06-21,17.280865
2022-06-22,17.442059
2022-06-23,17.811451
2022-06-24,18.402475
2022-06-27,18.335316
2022-06-28,18.207706
2022-06-29,17.925627
2022-06-30,17.959204
2022-07-01,18.422626
2022-07-05,18.570385
2022-07-06,18.234570
2022-07-07,18.489786
2022-07-08,18.503218
2022-07-11,18.301735
2022-07-12,18.214422
2022-07-13,18.395761
2022-07-14,18.039803
2022-07-15,18.429342
2022-07-18,18.389042
2022-07-19,19.027084
2022-07-20,19.181559
2022-07-21,19.362894
2022-07-22,19.262156
2022-07-25,19.383047
2022-07-26,19.349466
2022-07-27,19.873333
2022-07-28,20.531525
2022-07-29,20.558390
2022-08-01,20.612120
2022-08-02,19.940495
2022-08-03,20.041239
2022-08-04,19.886761
2022-08-05,19.873333
2022-08-08,20.182276
2022-08-09,20.088247
2022-08-10,20.269588
2022-08-11,20.262873
2022-08-12,20.491226
2022-08-15,20.471073
2022-08-16,20.491226
2022-08-17,20.236008
2022-08-18,20.182276
2022-08-19,19.953924
2022-08-22,19.430061
2022-08-23,19.618113
2022-08-24,19.678560
2022-08-25,19.940495
2022-08-26,19.651695
2022-08-29,19.550951
2022-08-30,19.094252
2022-08-31,19.087532
2022-09-01,18.704710
2022-09-02,18.624113
2022-09-06,18.637543
2022-09-07,18.886045
2022-09-08,18.926346
2022-09-09,19.188278
2022-09-12,19.383047
2022-09-13,18.792015
2022-09-14,18.886045
2022-09-15,18.429342
2022-09-16,18.415907
2022-09-19,18.570385
2022-09-20,18.288300
2022-09-21,18.120398
2022-09-22,17.482353
2022-09-23,16.837593
2022-09-26,15.665286
2022-09-27,15.271756
2022-09-28,15.561726
2022-09-29,14.588254
2022-09-30,14.457077
2022-10-03,14.657295
2022-10-04,15.796460
2022-10-05,15.057732
2022-10-06,14.602061
2022-10-07,14.270670
2022-10-10,13.780479
2022-10-11,14.691817
2022-10-12,14.574449
2022-10-13,14.816087
2022-10-14,14.436367
2022-10-17,14.774662
2022-10-18,15.016310
2022-10-19,14.781566
2022-10-20,14.588254
2022-10-21,14.740143
2022-10-24,14.726337
2022-10-25,15.554824
2022-10-26,15.768847
2022-10-27,15.844792
2022-10-28,16.397114
2022-10-31,16.279745
2022-11-01,16.272844
2022-11-02,15.830984
2022-11-03,15.451264
2022-11-04,16.038103
2022-11-07,16.231419
2022-11-08,16.265940
2022-11-09,16.217611
2022-11-10,17.342972
2022-11-11,17.612228
2022-11-14,17.225605
2022-11-15,17.377491
2022-11-16,16.949436
2022-11-17,16.645660
2022-11-18,16.742317
2022-11-21,16.977058
2022-11-22,17.177269
2022-11-23,17.280834
2022-11-25,17.474146
2022-11-28,17.170368
2022-11-29,17.239408
2022-11-30,17.612228
2022-12-01,17.612228
2022-12-02,17.481052
2022-12-05,17.059906
2022-12-06,16.790648
2022-12-07,16.949436
2022-12-08,17.087521
2022-12-09,17.066807
2022-12-12,17.156559
2022-12-13,17.309330
2022-12-14,17.237270
2022-12-15,16.920198
2022-12-16,16.502232
2022-12-19,16.531063
2022-12-20,16.480616
2022-12-21,16.855337
2022-12-22,16.776072
2022-12-23,16.804899
2022-12-27,16.761658
2022-12-28,16.206783
2022-12-29,16.523853
2022-12-30,16.350906
2023-01-03,16.646364
2023-01-04,16.985052
2023-01-05,16.898577
2023-01-06,17.186827
2023-01-09,17.201242
2023-01-10,17.446251
2023-01-11,17.799353
2023-01-12,18.051573
2023-01-13,18.181286
2023-01-17,18.138050
2023-01-18,18.130838
2023-01-19,17.993921
2023-01-20,18.296585
2023-01-23,18.368645
2023-01-24,18.246141
2023-01-25,18.217318
2023-01-26,18.426294
2023-01-27,18.757786
2023-01-30,18.476740
2023-01-31,18.937939
2023-02-01,19.327074
2023-02-02,19.492815
2023-02-03,19.319866
2023-02-06,18.685719
2023-02-07,18.880287
2023-02-08,18.613659
2023-02-09,18.008337
2023-02-10,18.109221
2023-02-13,18.368645
2023-02-14,18.224522
2023-02-15,18.296585
2023-02-16,18.217318
2023-02-17,18.181286
2023-02-21,17.554342
2023-02-22,17.676851
2023-02-23,17.799353
2023-02-24,17.532726
2023-02-27,17.424633
2023-02-28,17.374187
2023-03-01,17.013880
2023-03-02,16.934608
2023-03-03,17.201242
2023-03-06,17.287716
2023-03-07,16.985052
2023-03-08,16.905785
2023-03-09,16.271637
2023-03-10,15.558222
2023-03-13,15.442922
2023-03-14,15.673526
2023-03-15,15.176293
2023-03-16,15.205118
2023-03-17,14.693475
2023-03-20,14.837602
2023-03-21,15.183495
2023-03-22,14.808775
2023-03-23,14.524244
2023-03-24,14.923460
2023-03-27,15.170249
2023-03-28,15.148474
2023-03-29,15.366230
2023-03-30,15.489622
2023-03-31,15.852547
2023-04-03,15.721890
2023-04-04,15.721890
2023-04-05,15.816255
2023-04-06,15.787221
2023-04-10,15.562208
2023-04-11,15.700117
2023-04-12,15.671085
2023-04-13,15.721890
2023-04-14,15.569466
2023-04-17,15.896097
2023-04-18,15.700117
2023-04-19,15.910616
2023-04-20,15.823515
2023-04-21,15.859805
2023-04-24,15.816255
2023-04-25,15.424297
2023-04-26,15.453331
2023-04-27,15.932389
2023-04-28,16.084818
2023-05-01,15.700117
2023-05-02,15.177505
2023-05-03,15.206540
2023-05-04,14.858132
2023-05-05,15.279124
2023-05-08,15.308162
2023-05-09,15.112180
2023-05-10,15.162991
2023-05-11,15.206540
2023-05-12,15.119436
2023-05-15,15.264609
2023-05-16,15.017820
2023-05-17,15.460588
2023-05-18,15.649308
2023-05-19,15.533174
2023-05-22,15.671085
2023-05-23,15.656565
2023-05-24,15.271867
2023-05-25,14.930718
2023-05-26,15.446073
2023-05-30,15.671085
2023-05-31,15.562208
2023-06-01,15.881578
2023-06-02,16.309828
2023-06-05,16.193697
2023-06-06,16.534843
2023-06-07,16.696981
2023-06-08,16.763920
2023-06-09,16.674669
2023-06-12,16.979605
2023-06-13,17.165541
2023-06-14,17.143225
2023-06-15,17.388659
2023-06-16,17.232475
2023-06-20,17.091164
2023-06-21,17.232475
2023-06-22,16.920103
2023-06-23,16.600296
2023-06-26,16.927536
2023-06-27,17.247351
2023-06-28,17.373783
2023-06-29,17.492785
2023-06-30,17.552282
2023-07-03,17.477909
2023-07-05,17.225039
2023-07-06,16.853165
2023-07-07,17.210163
2023-07-10,17.559719
2023-07-11,17.715906
2023-07-12,17.797714
2023-07-13,18.065462
2023-07-14,17.946465
2023-07-17,18.080338
2023-07-18,18.348083
2023-07-19,18.586082
2023-07-20,18.348083
2023-07-21,18.199337
2023-07-24,18.377832
2023-07-25,18.355520
2023-07-26,18.593519
2023-07-27,18.162148
2023-07-28,18.504269
2023-07-31,18.266273
2023-08-01,18.005962
2023-08-02,17.857220
2023-08-03,17.574593
2023-08-04,17.931591
2023-08-07,17.909279
2023-08-08,17.916716
2023-08-09,17.805159
2023-08-10,17.797714
2023-08-11,17.738222
2023-08-14,17.492785
2023-08-15,17.277100
2023-08-16,17.113478
2023-08-17,16.845728
2023-08-18,16.890354
2023-08-21,16.815979
2023-08-22,16.793669
2023-08-23,17.210163
2023-08-24,17.195286
2023-08-25,17.262224
2023-08-28,17.723339
2023-08-29,17.968777
2023-08-30,17.894402
2023-08-31,17.931591
2023-09-01,18.072899
2023-09-05,17.872091
2023-09-06,17.715906
2023-09-07,17.708466
2023-09-08,17.790281
2023-09-11,17.953899
2023-09-12,17.857220
2023-09-13,17.864653
2023-09-14,18.124964
2023-09-15,18.191898
2023-09-18,18.139837
2023-09-19,18.102654
2023-09-20,17.916716
2023-09-21,17.277100
2023-09-22,17.410971
2023-09-25,17.284536
2023-09-26,16.896606
2023-09-27,16.805147
2023-09-28,16.957579
2023-09-29,17.026171
2023-10-02,16.530785
2023-10-03,16.012526
2023-10-04,15.806747
2023-10-05,16.096361
2023-10-06,16.050632
2023-10-09,16.401217
2023-10-10,16.492672
2023-10-11,16.751799
2023-10-12,16.431704
2023-10-13,16.164955
2023-10-16,16.431704
2023-10-17,16.446945
2023-10-18,15.959177
2023-10-19,15.486650
2023-10-20,15.326600
2023-10-23,15.128448
2023-10-24,15.036991
2023-10-25,14.518734
2023-10-26,14.724513
2023-10-27,14.564465
2023-10-30,14.724513
2023-10-31,15.113202
2023-11-01,15.494273
2023-11-02,16.119226
2023-11-03,16.515539
2023-11-06,16.271654
2023-11-07,16.363110
2023-11-08,16.469812
2023-11-09,16.103983
2023-11-10,16.225925
2023-11-13,16.233545
2023-11-14,17.041414
2023-11-15,17.216705
2023-11-16,16.843256
2023-11-17,16.980442
2023-11-20,17.087143
2023-11-21,16.980442
2023-11-22,17.041414
2023-11-24,16.942335
2023-11-27,16.881363
2023-11-28,17.026171
2023-11-29,17.292921
2023-11-30,17.315784
2023-12-01,17.834040
2023-12-04,17.910254
2023-12-05,17.734959
2023-12-06,17.292921
2023-12-07,17.521561
2023-12-08,17.620638
2023-12-11,17.628260
2023-12-12,17.757824
2023-12-13,18.458988
2023-12-14,19.076324
2023-12-15,18.748606
2023-12-18,18.657145
2023-12-19,18.992493
2023-12-20,18.718061
2023-12-21,19.051180
2023-12-22,18.995663
2023-12-26,19.257399
2023-12-27,19.225670
2023-12-28,19.154289
2023-12-29,18.710131
2024-01-02,18.630817
2024-01-03,18.202526
2024-01-04,18.131140
2024-01-05,18.273905
2024-01-08,18.718061
2024-01-09,18.567366
2024-01-10,18.757719
2024-01-11,18.654613
2024-01-12,18.662542
2024-01-16,18.400805
2024-01-17,18.131140
2024-01-18,18.273905
2024-01-19,18.448397
2024-01-22,18.440464
2024-01-23,18.488052
2024-01-24,18.400805
2024-01-25,18.575296
2024-01-26,18.638750
2024-01-29,18.876688
2024-01-30,18.503916
2024-01-31,17.948717
2024-02-01,18.154936
2024-02-02,17.790089
2024-02-05,17.568010
2024-02-06,17.599737
2024-02-07,17.092133
2024-02-08,17.123854
2024-02-09,17.266615
2024-02-12,17.520426
2024-02-13,16.838324
2024-02-14,17.036610
2024-02-15,17.639393
2024-02-16,17.528355
2024-02-20,17.377661
2024-02-21,17.401455
2024-02-22,17.449041
2024-02-23,17.512491
2024-02-26,17.401455
2024-02-27,17.449041
2024-02-28,17.306274
2024-02-29,17.718708
2024-03-01,17.877335
2024-03-04,17.512491
2024-03-05,17.607670
2024-03-06,17.694914
2024-03-07,17.845610
2024-03-08,17.885267
2024-03-11,17.996307
2024-03-12,18.043896
2024-03-13,18.123211
2024-03-14,17.671122
2024-03-15,17.845610
2024-03-18,17.805952
2024-03-19,17.805952
2024-03-20,18.123211
2024-03-21,18.312954
2024-03-22,18.113642
2024-03-25,18.233229
2024-03-26,17.962162
2024-03-27,18.360788
2024-03-28,18.528214
2024-04-01,18.265121
2024-04-02,18.017969
2024-04-03,18.065805
2024-04-04,17.978107
2024-04-05,17.978107
2024-04-08,18.073778
2024-04-09,18.241203
2024-04-10,17.372196
2024-04-11,17.563536
2024-04-12,17.348276
2024-04-15,17.101128
2024-04-16,16.917759
2024-04-17,17.005457
2024-04-18,17.148962
2024-04-19,17.372196
2024-04-22,17.515699
2024-04-23,17.826630
2024-04-24,17.667177
2024-04-25,17.523672
2024-04-26,17.738934
2024-04-29,17.770821
2024-04-30,17.404085
2024-05-01,17.722984
2024-05-02,17.858517
2024-05-03,17.938244
2024-05-06,18.129589
2024-05-07,18.025944
2024-05-08,18.002026
2024-05-09,18.137560
2024-05-10,18.153505
2024-05-13,18.161476
2024-05-14,18.496323
2024-05-15,18.576048
2024-05-16,18.560106
2024-05-17,18.584019
2024-05-20,18.424574
2024-05-21,18.336870
2024-05-22,18.121613
2024-05-23,17.611370
2024-05-24,17.691095
2024-05-28,17.579479
2024-05-29,17.372196
2024-05-30,17.651232
2024-05-31,17.922300
2024-06-03,18.121613
2024-06-04,17.938244
2024-06-05,18.153505
2024-06-06,17.954191
2024-06-07,17.810682
2024-06-10,17.738934
2024-06-11,17.561762
2024-06-12,17.912834
2024-06-13,18.051632
2024-06-14,18.027138
2024-06-17,18.214920
2024-06-18,18.100618
2024-06-20,18.141438
2024-06-21,18.157766
2024-06-24,18.272070
2024-06-25,18.108780
2024-06-26,18.084288
2024-06-27,17.929163
2024-06-28,18.092451
2024-07-01,17.880177
2024-07-02,18.157766
2024-07-03,18.125113
2024-07-05,18.125113
2024-07-08,18.223085
2024-07-09,18.329224
2024-07-10,18.647635
2024-07-11,19.178324
2024-07-12,19.243641
2024-07-15,19.366108
2024-07-16,19.774332
2024-07-17,19.798824
2024-07-18,19.537563
2024-07-19,19.504904
2024-07-22,19.586552
2024-07-23,19.725344
2024-07-24,18.990543
2024-07-25,18.990543
2024-07-26,19.276302
2024-07-29,19.259972
2024-07-30,19.406929
2024-07-31,19.251808
2024-08-01,18.990543
2024-08-02,18.835419
2024-08-05,18.231247
2024-08-06,18.541498
2024-08-07,18.623142
2024-08-08,18.843586
2024-08-09,18.819088
2024-08-12,18.517004
2024-08-13,18.704790
2024-08-14,18.786432
2024-08-15,18.941555
2024-08-16,19.039530
2024-08-19,19.194656
2024-08-20,19.047697
2024-08-21,19.121176
2024-08-22,18.998709
2024-08-23,19.300795
2024-08-26,19.464083
2024-08-27,19.406929
2024-08-28,19.431421
2024-08-29,19.545727
2024-08-30,19.611044
2024-09-03,19.423262
2024-09-04,19.170162
2024-09-05,19.325285
2024-09-06,19.251808
2024-09-09,19.276302
2024-09-10,19.341618
2024-09-11,19.210985
2024-09-12,19.390602
2024-09-13,19.676359
2024-09-16,19.904964
2024-09-17,19.929457
2024-09-18,20.027431
2024-09-19,20.190720
2024-09-20,20.011103
2024-09-23,19.774332
2024-09-24,19.929457
2024-09-25,19.528696
2024-09-26,19.628889
2024-09-27,19.745777
2024-09-30,19.812567
2024-10-01,19.420156
2024-10-02,19.294924
2024-10-03,19.294924
2024-10-04,19.253174
2024-10-07,18.977650
2024-10-08,19.111237
2024-10-09,19.086191
2024-10-10,19.111237
2024-10-11,19.036095
2024-10-14,19.261524
2024-10-15,19.378412
2024-10-16,19.637236
2024-10-17,19.545395
2024-10-18,19.628889
2024-10-21,19.219780
2024-10-22,19.052795
2024-10-23,19.061142
2024-10-24,19.186382
2024-10-25,19.002699
2024-10-28,18.902508
2024-10-29,18.860764
2024-10-30,19.077845
2024-10-31,18.718832
2024-11-01,18.618637
2024-11-04,18.677082
2024-11-05,18.777273
2024-11-06,18.793972
2024-11-07,19.027746
2024-11-08,19.278221
2024-11-11,19.336668
2024-11-12,18.935905
2024-11-13,18.935905
2024-11-14,18.919209
2024-11-15,18.894159
2024-11-18,18.952604
2024-11-19,19.052795
2024-11-20,18.885815
2024-11-21,19.102892
2024-11-22,19.169682
2024-11-25,19.353365
2024-11-26,19.261524
2024-11-27,19.403461
2024-11-29,19.395109
2024-12-02,19.386761
2024-12-03,19.144636
2024-12-04,19.111237
2024-12-05,19.086191
2024-12-06,19.244823
2024-12-09,19.361715
2024-12-10,19.345015
2024-12-11,19.303270
2024-12-12,19.303270
2024-12-13,19.286573
2024-12-16,19.319967
2024-12-17,18.982481
2024-12-18,18.331802
2024-12-19,18.253721
2024-12-20,18.600752
2024-12-23,18.461941
2024-12-24,18.661482
2024-12-26,18.583401
2024-12-27,18.392532
2024-12-30,18.219019
2024-12-31,18.522671
2025-01-02,18.618101
2025-01-03,18.982481
2025-01-06,18.782940
2025-01-07,18.618101
2025-01-08,18.496643
2025-01-10,18.071529
2025-01-13,18.088882
2025-01-14,18.401209
2025-01-15,18.687506
2025-01-16,18.887051
2025-01-17,19.051886
2025-01-21,19.086592
2025-01-22,18.878374
2025-01-23,18.843672
2025-01-24,18.930426
2025-01-27,19.234077
2025-01-28,19.129971
2025-01-29,18.930426
2025-01-30,19.355539
2025-01-31,19.416267
2025-02-03,19.268780
2025-02-04,19.589785
2025-02-05,19.633160
2025-02-06,19.893435
2025-02-07,19.737270
2025-02-10,19.763300
2025-02-11,19.928137
2025-02-12,19.763300
2025-02-13,19.980190
2025-02-14,20.188410
2025-02-18,20.188410
2025-02-19,20.223110
2025-02-20,20.318542
2025-02-21,20.119003
2025-02-24,20.101650
2025-02-25,20.275166
2025-02-26,20.344570
2025-02-27,20.301191
2025-02-28,20.552788
2025-03-03,20.092974
2025-03-04,19.858730
2025-03-05,20.058271
2025-03-06,19.893435
2025-03-07,20.335896
2025-03-10,20.101650
2025-03-11,19.676542
2025-03-12,19.771973
2025-03-13,19.667862
2025-03-14,20.084297
2025-03-17,20.205759
2025-03-18,20.251089
2025-03-19,20.268524
2025-03-20,20.224936
2025-03-21,20.024431
2025-03-24,20.033150
2025-03-25,19.841360
2025-03-26,19.649570
2025-03-27,19.640854
2025-03-28,19.292150
2025-03-31,19.562397
2025-04-01,19.492657
2025-04-02,19.466503
2025-04-03,18.995750
2025-04-04,18.062960
2025-04-07,17.252222
2025-04-08,16.912233
2025-04-09,17.871172
2025-04-10,16.668139
2025-04-11,16.781467
2025-04-14,17.191196
2025-04-15,17.278374
2025-04-16,17.069151
2025-04-17,17.382984
2025-04-21,17.112740
2025-04-22,17.740410
2025-04-23,17.836302
2025-04-24,17.958349
2025-04-25,18.176291
2025-04-28,18.490128
2025-04-29,18.673199
2025-04-30,18.559868
2025-05-01,18.463974
2025-05-02,18.524998
2025-05-05,18.402948
2025-05-06,18.176291
2025-05-07,18.272184
2025-05-08,18.463974
2025-05-09,18.437820
2025-05-12,18.821396
2025-05-13,18.978313
2025-05-14,18.838835
2025-05-15,19.074207
2025-05-16,19.170101
2025-05-19,19.004469
2025-05-20,18.926008
2025-05-21,18.089115
2025-05-22,18.106550
2025-05-23,18.141420
2025-05-27,18.411669
2025-05-28,18.411669
2025-05-29,18.559868
2025-05-30,18.350643
2025-06-02,18.115269
2025-06-03,18.420383
2025-06-04,18.437820
2025-06-05,18.498844
2025-06-06,18.690632
2025-06-09,18.847548
2025-06-10,19.013186
2025-06-11,18.995750
2025-06-12,19.117796
2025-06-13,18.812681
2025-06-16,18.812679
2025-06-17,18.553379
2025-06-18,18.759031
2025-06-20,18.714325
2025-06-23,18.794798
2025-06-24,18.946800
2025-06-25,18.821621
2025-06-26,19.063040
2025-06-27,18.982565
2025-06-30,19.116686
2025-07-01,19.349163
2025-07-02,19.626347
2025-07-03,19.653170
2025-07-07,19.438576
2025-07-08,19.581638
2025-07-09,19.724701
2025-07-10,19.796230
2025-07-11,19.662111
2025-07-14,19.608463
2025-07-15,19.375988
2025-07-16,19.608463
2025-07-17,19.438576
2025-07-18,19.349163
2025-07-21,19.384930
2025-07-22,19.724701
2025-07-23,19.921413
2025-07-24,19.885645
2025-07-25,19.984001
2025-07-28,19.831997
2025-07-29,19.894588
2025-07-30,19.590582
2025-07-31,19.358103
2025-08-01,19.429634
2025-08-04,19.760466
2025-08-05,19.769409
2025-08-06,19.527990
2025-08-07,19.662111
2025-08-08,19.715759
2025-08-11,19.474342
2025-08-12,19.787291
2025-08-13,20.082355
2025-08-14,19.948236
2025-08-15,19.903528
2025-08-18,19.787291
2025-08-19,19.903528
2025-08-20,20.037651
2025-08-21,19.733643
2025-08-22,20.323772
2025-08-25,20.180710
2025-08-26,20.225420
2025-08-27,20.216478
2025-08-28,20.216478
2025-08-29,20.413187
2025-09-02,20.243301
2025-09-03,20.538366
2025-09-04,20.878141
2025-09-05,21.083792
2025-09-08,21.030144
2025-09-09,20.967554
2025-09-10,20.878141
2025-09-11,20.851316
2025-09-12,20.699310
2025-09-15,20.708254
2025-09-16,20.446402
2025-09-17,20.565008
2025-09-18,20.501141
2025-09-19,20.327793
2025-09-22,19.935467
2025-09-23,20.063200
2025-09-24,19.971962
2025-09-25,19.944593
2025-09-26,20.054077
2025-09-29,19.935467
2025-09-30,20.044954
2025-10-01,20.291294
2025-10-02,20.327793
2025-10-03,20.400782
2025-10-06,20.008457
2025-10-07,20.072325
2025-10-08,20.282171
2025-10-09,19.990211
2025-10-10,19.789490
2025-10-13,20.026707
2025-10-14,20.190933
2025-10-15,20.200056
2025-10-16,19.871603
2025-10-17,20.035828
2025-10-20,20.263924
2025-10-21,20.172688
2025-10-22,20.391657
2025-10-23,20.236553
2025-10-24,20.373409
2025-10-27,20.446402
2025-10-28,20.282171
2025-10-29,20.072325
2025-10-30,19.908096
2025-10-31,19.944593
2025-11-03,19.981085
2025-11-04,20.154440
2025-11-05,20.282171
2025-11-06,20.063200
2025-11-07,20.245678
2025-11-10,20.072325
2025-11-11,20.355162
2025-11-12,20.200056
2025-11-13,20.127068
2025-11-14,20.090572
2025-11-17,19.844231
2025-11-18,19.908096
2025-11-19,19.844231
2025-11-20,19.771238
2025-11-21,20.181810
2025-11-24,20.181810
2025-11-25,20.692743
2025-11-26,20.884340
2025-11-28,20.902590
2025-12-01,20.866093
2025-12-02,20.820477
2025-12-03,20.984703
2025-12-04,20.884340
2025-12-05,20.975580
2025-12-08,20.811352
2025-12-09,20.638000
2025-12-10,20.811352
2025-12-11,20.756609
2025-12-12,20.710989
2025-12-15,20.783979
2025-12-16,20.559742
2025-12-17,20.843588
2025-12-18,20.994970
2025-12-19,21.023354
2025-12-22,21.203123
2025-12-23,20.947662
2025-12-24,21.127432
2025-12-26,21.089584
2025-12-29,20.947662
2025-12-30,20.966585
2025-12-31,20.985508
2026-01-02,21.354504
2026-01-05,21.363966
2026-01-06,21.458582
2026-01-07,21.231508
2026-01-08,21.524811
2026-01-09,21.780272
2026-01-12,21.742424
2026-01-13,21.647810
2026-01-14,21.941114
2026-01-15,22.300650
2026-01-16,22.735878
2026-01-20,22.206036
2026-01-21,22.310112
2026-01-22,22.300650
2026-01-23,22.253344
2026-01-26,22.234421
2026-01-27,22.575033
2026-01-28,22.470955
2026-01-29,22.461496
2026-01-30,21.534273
2026-02-02,21.354504
2026-02-03,21.591042
2026-02-04,21.761349
2026-02-05,21.524811
2026-02-06,21.524811
2026-02-09,21.288275
2026-02-10,21.363966
2026-02-11,21.496426
2026-02-12,21.468042
2026-02-13,21.562656
2026-02-17,21.449120
2026-02-18,21.439657
2026-02-19,21.392351
2026-02-20,21.420734
2026-02-23,21.146353
2026-02-24,21.222044
2026-02-25,21.222044
2026-02-26,21.496426
2026-02-27,21.401814
2026-03-02,21.534273
2026-03-03,21.335581
2026-03-04,21.382891
2026-03-05,21.307199
2026-03-06,20.947662
2026-03-09,20.805738
2026-03-10,20.994970
2026-03-11,20.909815
2026-03-12,20.521898
2026-03-13,20.294823
2026-03-16,20.398899
2026-03-17,20.621029
2026-03-18,20.335022
2026-03-19,20.420824
2026-03-20,19.496075
2026-03-23,19.953682
2026-03-24,19.848814
2026-03-25,20.182487
2026-03-26,19.944149
2026-03-27,19.572342
2026-03-30,19.934616
2026-03-31,20.468493
2026-04-01,20.392223
2026-04-02,20.601963
2026-04-06,20.678232
2026-04-07,20.506626
2026-04-08,20.992838
2026-04-09,21.240711
2026-04-10,21.240711
2026-04-13,21.383711
2026-04-14,21.593451
2026-04-15,21.793655
2026-04-16,21.383711
2026-04-17,21.879456
2026-04-20,21.822254
2026-04-21,21.765055
2026-04-22,21.850857
2026-04-23,21.688784
2026-04-24,21.908054
2026-04-27,21.993856
2026-04-28,22.003391
2026-04-29,21.631584
2026-04-30,21.946192
2026-05-01,22.031994
2026-05-04,21.593451
2026-05-05,21.717386
2026-05-06,21.812721
2026-05-07,21.745985
2026-05-08,21.717386
2026-05-11,21.412312
2026-05-12,21.231176
2026-05-13,21.088173
2026-05-14,21.050039
2026-05-15,20.735432
2026-05-18,20.744967
2026-05-19,20.468493
2026-05-20,20.716366
2026-05-21,20.802168
2026-05-22,20.706831
2026-05-26,20.926104
2026-05-27,21.002371
2026-05-28,21.011906
2026-05-29,21.078640
2026-06-01,20.764034
2026-06-02,20.802168
2026-06-03,20.544762
2026-06-04,20.811701
2026-06-05,20.668697
2026-06-08,20.439894
2026-06-09,20.878435
2026-06-10,20.678232
2026-06-11,20.868900
2026-06-12,20.935637
2026-06-15,20.993193
2026-06-16,21.217562
2026-06-17,20.807842
2026-06-18,20.924906
2026-06-22,20.759068
2026-06-23,20.954170
2026-06-24,21.002949
2026-06-25,21.100498
2026-06-26,21.412666
2026-06-29,21.480953
2026-06-30,21.510218
2026-07-01,21.402910
2026-07-02,21.500463
2026-07-06,21.646791
2026-07-07,21.500463
2026-07-08,21.295603
2026-07-09,21.500463
2026-07-10,21.617525
2026-07-13,21.363890
2026-07-14,21.695566
2026-07-15,21.822386
2026-07-16,22.105286
2026-07-17,21.744343
2026-07-20,21.373644
2026-07-21,21.354134
2026-07-22,21.207806
2026-07-23,20.934660
2026-07-24,21.041967
2026-07-27,21.139521
2026-07-28,21.539484
2026-07-29,21.363890
2026-07-30,21.227318
2026-07-31,20.973682
2026-08-03,21.100498
2026-08-04,21.168787
2026-08-05,21.041967
2026-08-06,20.973682
2026-08-07,21.451687
2026-08-10,21.266336
2026-08-11,21.519972
2026-08-12,21.441931
2026-08-13,21.588259
2026-08-14,21.578505
2026-08-17,21.510218
2026-08-18,21.461441
2026-08-19,21.802874
2026-08-20,21.529728
2026-08-21,21.480953
2026-08-24,21.510218
2026-08-25,21.393156
2026-08-26,21.178539
2026-08-27,21.315113
2026-08-28,21.246828
2026-08-31,21.168787
2026-09-01,20.924906
2026-09-02,21.090744
2026-09-03,21.159031
2026-09-04,21.256584
2026-09-08,21.071234
2026-09-09,20.905396
2026-09-10,20.368858
2026-09-11,20.281063
2026-09-14,20.164000
2026-09-15,19.889999
2026-09-16,19.740000
2026-09-17,19.799999
2026-09-18,19.580000
2026-09-21,19.760000
2026-09-22,19.910000
2026-09-23,19.320000
2026-09-24,18.920000
2026-09-25,18.900000
2026-09-28,18.690001
2026-09-29,18.690001
2026-09-30,18.209999
2026-10-01,18.000000
2026-10-02,17.760000
