date,adj_close
2006-12-19,23.485685
2006-12-20,23.532160
2006-12-21,23.559265
2006-12-22,23.780033
2006-12-26,23.857483
2006-12-27,24.031767
2006-12-28,24.376467
2006-12-29,24.500399
2007-01-03,24.477169
2007-01-04,24.295126
2007-01-05,23.993038
2007-01-08,23.911716
2007-01-09,23.950445
2007-01-10,23.814890
2007-01-11,23.892338
2007-01-12,24.051138
2007-01-16,24.113110
2007-01-17,24.283514
2007-01-18,24.256403
2007-01-19,24.492664
2007-01-22,24.744396
2007-01-23,24.930300
2007-01-24,24.953537
2007-01-25,24.806355
2007-01-26,24.651443
2007-01-29,24.802488
2007-01-30,24.903193
2007-01-31,24.903193
2007-02-01,25.185917
2007-02-02,25.464764
2007-02-05,25.542223
2007-02-06,25.805593
2007-02-07,25.910162
2007-02-08,25.894674
2007-02-09,25.910162
2007-02-12,25.697136
2007-02-13,25.906279
2007-02-14,26.336195
2007-02-15,26.413647
2007-02-16,26.394278
2007-02-20,26.444628
2007-02-21,26.529833
2007-02-22,26.696363
2007-02-23,26.878403
2007-02-26,26.661524
2007-02-27,25.677784
2007-02-28,25.534479
2007-03-01,25.224646
2007-03-02,24.748268
2007-03-05,24.182821
2007-03-06,24.864452
2007-03-07,25.158800
2007-03-08,25.251762
2007-03-09,25.534479
2007-03-12,25.716516
2007-03-13,25.224646
2007-03-14,24.728907
2007-03-15,25.019384
2007-03-16,24.932713
2007-03-19,25.418531
2007-03-20,25.803312
2007-03-21,26.390198
2007-03-22,26.234724
2007-03-23,26.223070
2007-03-26,26.133661
2007-03-27,25.962669
2007-03-28,25.768332
2007-03-29,25.982092
2007-03-30,26.312454
2007-04-02,26.452379
2007-04-03,26.603952
2007-04-04,26.580626
2007-04-05,26.697237
2007-04-09,26.701118
2007-04-10,26.864355
2007-04-11,26.565092
2007-04-12,26.712786
2007-04-13,26.623388
2007-04-16,27.043150
2007-04-17,26.895454
2007-04-18,26.848812
2007-04-19,26.747766
2007-04-20,26.914879
2007-04-23,26.856586
2007-04-24,26.662239
2007-04-25,26.907124
2007-04-26,26.759418
2007-04-27,26.739981
2007-04-30,26.681690
2007-05-01,26.592295
2007-05-02,27.128651
2007-05-03,27.206379
2007-05-04,27.377399
2007-05-07,27.521200
2007-05-08,27.186941
2007-05-09,27.218046
2007-05-10,27.012054
2007-05-11,27.392941
2007-05-14,27.284117
2007-05-15,27.361866
2007-05-16,27.163628
2007-05-17,26.922659
2007-05-18,26.817724
2007-05-21,26.782742
2007-05-22,26.798281
2007-05-23,26.852694
2007-05-24,26.522333
2007-05-25,26.530109
2007-05-29,26.514572
2007-05-30,26.681690
2007-05-31,27.163628
2007-06-01,27.245239
2007-06-04,27.435694
2007-06-05,27.194717
2007-06-06,26.662239
2007-06-07,26.032623
2007-06-08,26.059828
2007-06-11,25.962669
2007-06-12,25.504049
2007-06-13,25.807201
2007-06-14,25.842175
2007-06-15,26.051832
2007-06-18,25.965612
2007-06-19,26.157640
2007-06-20,25.863728
2007-06-21,25.961708
2007-06-22,25.706978
2007-06-25,25.158354
2007-06-26,25.217136
2007-06-27,25.295509
2007-06-28,25.522799
2007-06-29,25.464025
2007-07-02,25.746161
2007-07-03,25.757927
2007-07-05,25.589424
2007-07-06,25.906830
2007-07-09,25.683477
2007-07-10,25.369970
2007-07-11,25.483604
2007-07-12,25.695221
2007-07-13,25.883320
2007-07-16,25.777523
2007-07-17,25.550228
2007-07-18,25.511038
2007-07-19,25.550228
2007-07-20,25.569828
2007-07-23,25.373880
2007-07-24,24.864450
2007-07-25,24.942825
2007-07-26,23.904354
2007-07-27,23.457623
2007-07-30,23.649632
2007-07-31,23.939629
2007-08-01,23.708420
2007-08-02,23.825983
2007-08-03,23.469383
2007-08-06,23.492884
2007-08-07,23.865170
2007-08-08,24.531351
2007-08-09,24.065023
2007-08-10,23.884762
2007-08-13,23.775032
2007-08-14,23.265602
2007-08-15,22.575901
2007-08-16,22.082140
2007-08-17,22.560225
2007-08-20,22.571980
2007-08-21,22.822781
2007-08-22,23.547747
2007-08-23,23.767200
2007-08-24,24.217865
2007-08-27,24.041510
2007-08-28,23.508566
2007-08-29,24.021925
2007-08-30,23.806387
2007-08-31,24.139481
2007-09-04,24.523516
2007-09-05,24.010164
2007-09-06,23.884762
2007-09-07,23.492884
2007-09-10,23.151955
2007-09-11,23.590866
2007-09-12,23.829891
2007-09-13,24.061115
2007-09-14,23.888678
2007-09-17,23.296936
2007-09-18,23.943539
2007-09-19,24.405949
2007-09-20,24.198261
2007-09-21,24.516628
2007-09-24,24.481047
2007-09-25,24.536411
2007-09-26,24.951668
2007-09-27,25.232479
2007-09-28,25.410452
2007-10-01,25.537008
2007-10-02,25.469774
2007-10-03,25.509323
2007-10-04,25.390675
2007-10-05,25.627970
2007-10-08,25.390675
2007-10-09,25.825724
2007-10-10,25.790125
2007-10-11,25.687298
2007-10-12,25.707071
2007-10-15,25.489557
2007-10-16,24.935856
2007-10-17,25.054506
2007-10-18,24.916079
2007-10-19,24.235834
2007-10-22,24.223967
2007-10-23,24.659006
2007-10-24,24.655056
2007-10-25,24.979349
2007-10-26,25.446032
2007-10-29,25.529099
2007-10-30,25.446032
2007-10-31,26.003681
2007-11-01,25.307623
2007-11-02,25.109879
2007-11-05,24.619469
2007-11-06,24.836985
2007-11-07,24.350519
2007-11-08,24.263517
2007-11-09,23.769146
2007-11-12,23.156137
2007-11-13,24.085550
2007-11-14,23.828476
2007-11-15,23.393431
2007-11-16,23.294565
2007-11-19,22.642000
2007-11-20,22.993984
2007-11-21,22.479841
2007-11-23,23.294565
2007-11-26,22.618273
2007-11-27,23.314333
2007-11-28,23.674238
2007-11-29,23.705875
2007-11-30,23.848248
2007-12-03,23.935259
2007-12-04,23.614920
2007-12-05,24.129051
2007-12-06,24.457312
2007-12-07,24.520592
2007-12-10,24.619469
2007-12-11,24.065762
2007-12-12,24.065762
2007-12-13,23.670286
2007-12-14,22.859522
2007-12-17,21.712587
2007-12-18,21.771915
2007-12-19,21.989435
2007-12-20,21.851009
2007-12-21,22.135782
2007-12-24,22.554571
2007-12-26,22.893591
2007-12-27,22.335205
2007-12-28,22.686190
2007-12-31,22.714106
2008-01-02,22.614386
2008-01-03,22.530640
2008-01-04,22.036072
2008-01-07,21.677114
2008-01-08,21.198500
2008-01-09,21.318138
2008-01-10,21.358036
2008-01-11,20.819601
2008-01-14,21.138678
2008-01-15,20.484585
2008-01-16,20.540422
2008-01-17,20.317055
2008-01-18,20.460640
2008-01-22,20.085724
2008-01-23,20.340992
2008-01-24,20.919315
2008-01-25,21.517578
2008-01-28,21.477690
2008-01-29,21.517578
2008-01-30,21.178564
2008-01-31,21.537525
2008-02-01,21.976250
2008-02-04,21.892487
2008-02-05,20.939255
2008-02-06,20.939255
2008-02-07,20.759771
2008-02-08,20.799662
2008-02-11,20.799662
2008-02-12,21.078850
2008-02-13,21.258329
2008-02-14,21.238382
2008-02-15,21.198500
2008-02-19,21.557465
2008-02-20,21.278275
2008-02-21,21.134684
2008-02-22,21.238382
2008-02-25,21.537525
2008-02-26,21.836651
2008-02-27,22.056009
2008-02-28,21.936357
2008-02-29,21.202486
2008-03-03,21.238382
2008-03-04,20.899376
2008-03-05,21.234396
2008-03-06,20.895386
2008-03-07,20.660065
2008-03-10,20.301111
2008-03-11,21.218447
2008-03-12,20.787687
2008-03-13,20.739834
2008-03-14,20.620174
2008-03-17,19.902262
2008-03-18,20.540422
2008-03-19,20.141569
2008-03-20,20.223387
2008-03-24,21.017570
2008-03-25,21.218121
2008-03-26,21.137892
2008-03-27,21.137892
2008-03-28,20.813007
2008-03-31,21.198057
2008-04-01,22.160704
2008-04-02,22.100529
2008-04-03,22.060421
2008-04-04,22.080482
2008-04-07,22.301090
2008-04-08,21.964151
2008-04-09,21.547026
2008-04-10,21.358498
2008-04-11,21.141895
2008-04-14,20.933338
2008-04-15,21.218121
2008-04-16,21.859879
2008-04-17,21.767626
2008-04-18,21.916027
2008-04-21,21.984217
2008-04-22,21.887945
2008-04-23,21.952127
2008-04-24,21.759598
2008-04-25,21.859879
2008-04-28,22.000257
2008-04-29,22.040375
2008-04-30,22.232899
2008-05-01,22.397352
2008-05-02,22.642025
2008-05-05,22.690144
2008-05-06,22.738274
2008-05-07,22.224869
2008-05-08,22.385313
2008-05-09,22.236904
2008-05-12,22.297070
2008-05-13,22.108557
2008-05-14,22.240913
2008-05-15,22.521688
2008-05-16,22.565809
2008-05-19,22.293058
2008-05-20,22.116579
2008-05-21,21.835806
2008-05-22,22.100529
2008-05-23,21.883936
2008-05-27,21.719482
2008-05-28,21.883936
2008-05-29,21.775642
2008-05-30,21.819763
2008-06-02,21.635254
2008-06-03,21.326410
2008-06-04,21.522955
2008-06-05,21.719482
2008-06-06,21.214104
2008-06-09,20.921299
2008-06-10,20.335703
2008-06-11,20.255482
2008-06-12,19.994772
2008-06-13,20.175257
2008-06-16,20.315636
2008-06-17,20.435980
2008-06-18,20.215370
2008-06-19,20.155197
2008-06-20,19.939289
2008-06-23,19.525320
2008-06-24,19.480684
2008-06-25,19.825655
2008-06-26,19.375162
2008-06-27,19.241230
2008-06-30,19.046431
2008-07-01,18.855673
2008-07-02,18.705509
2008-07-03,18.652752
2008-07-07,18.648695
2008-07-08,18.608118
2008-07-09,18.474188
2008-07-10,18.547237
2008-07-11,18.165731
2008-07-14,18.096745
2008-07-15,17.694952
2008-07-16,17.970930
2008-07-17,18.364601
2008-07-18,18.506649
2008-07-21,18.811037
2008-07-22,18.912502
2008-07-23,19.505039
2008-07-24,19.362989
2008-07-25,18.871914
2008-07-28,18.664930
2008-07-29,18.705509
2008-07-30,19.074837
2008-07-31,18.973381
2008-08-01,18.908442
2008-08-04,18.486361
2008-08-05,18.871914
2008-08-06,18.977430
2008-08-07,18.506649
2008-08-08,18.543173
2008-08-11,18.664930
2008-08-12,18.575642
2008-08-13,18.222563
2008-08-14,17.958759
2008-08-15,17.897877
2008-08-18,17.776131
2008-08-19,17.370277
2008-08-20,17.654369
2008-08-21,17.451445
2008-08-22,17.609730
2008-08-25,17.650314
2008-08-26,17.573202
2008-08-27,17.715254
2008-08-28,17.926294
2008-08-29,17.974993
2008-09-02,17.877588
2008-09-03,17.747717
2008-09-04,17.000952
2008-09-05,17.086187
2008-09-08,17.532616
2008-09-09,17.183598
2008-09-10,17.601616
2008-09-11,17.459564
2008-09-12,17.751780
2008-09-15,16.903553
2008-09-16,16.603230
2008-09-17,15.970110
2008-09-18,16.290730
2008-09-19,17.354496
2008-09-22,17.042454
2008-09-23,16.771494
2008-09-24,16.668856
2008-09-25,16.980885
2008-09-26,17.079416
2008-09-29,15.416636
2008-09-30,15.667076
2008-10-01,15.814874
2008-10-02,15.022487
2008-10-03,14.702257
2008-10-06,13.491093
2008-10-07,13.466462
2008-10-08,12.895782
2008-10-09,11.865271
2008-10-10,11.495760
2008-10-13,12.727447
2008-10-14,13.285814
2008-10-15,12.078761
2008-10-16,12.649440
2008-10-17,12.234776
2008-10-20,12.994313
2008-10-21,12.444162
2008-10-22,11.803677
2008-10-23,11.467020
2008-10-24,10.608940
2008-10-27,10.428295
2008-10-28,10.806016
2008-10-29,10.953811
2008-10-30,11.467020
2008-10-31,11.701039
2008-11-03,11.988435
2008-11-04,12.411312
2008-11-05,11.951488
2008-11-06,11.475235
2008-11-07,11.815998
2008-11-10,11.183739
2008-11-11,10.818331
2008-11-12,10.506303
2008-11-13,10.970240
2008-11-14,10.366715
2008-11-17,10.145008
2008-11-18,10.013627
2008-11-19,9.139131
2008-11-20,8.831207
2008-11-21,9.200714
2008-11-24,9.607171
2008-11-25,9.808345
2008-11-26,10.198379
2008-11-28,10.567890
2008-12-01,9.738553
2008-12-02,10.136793
2008-12-03,10.071108
2008-12-04,9.726235
2008-12-05,9.750864
2008-12-08,10.223013
2008-12-09,10.214804
2008-12-10,10.703374
2008-12-11,10.654101
2008-12-12,10.691053
2008-12-15,10.847069
2008-12-16,11.134465
2008-12-17,11.031822
2008-12-18,11.081093
2008-12-19,11.063720
2008-12-22,10.695621
2008-12-23,10.939637
2008-12-24,10.918960
2008-12-26,10.877601
2008-12-29,10.999450
2008-12-30,11.123780
2008-12-31,11.223250
2009-01-02,11.612837
2009-01-05,11.529943
2009-01-06,11.844919
2009-01-07,11.691575
2009-01-08,11.691575
2009-01-09,11.442909
2009-01-12,11.082341
2009-01-13,10.667892
2009-01-14,10.166410
2009-01-15,10.182991
2009-01-16,10.232718
2009-01-20,9.403828
2009-01-21,9.967477
2009-01-22,10.079375
2009-01-23,9.934318
2009-01-26,10.004774
2009-01-27,10.033782
2009-01-28,10.211999
2009-01-29,9.905305
2009-01-30,9.785116
2009-02-02,9.739529
2009-02-03,9.880440
2009-02-04,9.731238
2009-02-05,9.735382
2009-02-06,10.124963
2009-02-09,10.249300
2009-02-10,9.760251
2009-02-11,9.772680
2009-02-12,9.743675
2009-02-13,9.635914
2009-02-17,8.968655
2009-02-18,8.798731
2009-02-19,8.574933
2009-02-20,8.574933
2009-02-23,8.264091
2009-02-24,8.492041
2009-02-25,8.255801
2009-02-26,8.351127
2009-02-27,8.471314
2009-03-02,7.936677
2009-03-03,7.982266
2009-03-04,8.102458
2009-03-05,7.758464
2009-03-06,7.613408
2009-03-09,7.273561
2009-03-10,7.795764
2009-03-11,7.920100
2009-03-12,8.226790
2009-03-13,8.467170
2009-03-16,8.666114
2009-03-17,8.947931
2009-03-18,9.225608
2009-03-19,9.167589
2009-03-20,9.044656
2009-03-23,9.416412
2009-03-24,9.500899
2009-03-25,9.479781
2009-03-26,9.631860
2009-03-27,9.598066
2009-03-30,9.091122
2009-03-31,9.319246
2009-04-01,9.429088
2009-04-02,10.033188
2009-04-03,10.083883
2009-04-06,9.936024
2009-04-07,9.783946
2009-04-08,10.028964
2009-04-09,10.451417
2009-04-13,10.506330
2009-04-14,10.582374
2009-04-15,10.637293
2009-04-16,10.616168
2009-04-17,10.624621
2009-04-20,9.999393
2009-04-21,10.189499
2009-04-22,10.151476
2009-04-23,10.383826
2009-04-24,10.350026
2009-04-27,10.151476
2009-04-28,10.105007
2009-04-29,10.400720
2009-04-30,10.531682
2009-05-01,10.527456
2009-05-04,10.937234
2009-05-05,10.962579
2009-05-06,11.351234
2009-05-07,11.266747
2009-05-08,11.596258
2009-05-11,11.270967
2009-05-12,11.270967
2009-05-13,10.785151
2009-05-14,10.886543
2009-05-15,10.844293
2009-05-18,11.135784
2009-05-19,11.325882
2009-05-20,11.444174
2009-05-21,11.325882
2009-05-22,11.385031
2009-05-26,11.761008
2009-05-27,11.625827
2009-05-28,11.799032
2009-05-29,12.187683
2009-06-01,12.411581
2009-06-02,12.584787
2009-06-03,12.352439
2009-06-04,12.386240
2009-06-05,12.107420
2009-06-08,12.103191
2009-06-09,12.284843
2009-06-10,12.339766
2009-06-11,12.411581
2009-06-12,12.491843
2009-06-15,12.183460
2009-06-16,12.001804
2009-06-17,12.056725
2009-06-18,12.001804
2009-06-19,12.121481
2009-06-22,11.783826
2009-06-23,11.860759
2009-06-24,11.920598
2009-06-25,12.326641
2009-06-26,12.446324
2009-06-29,12.518979
2009-06-30,12.279624
2009-07-01,12.471963
2009-07-02,12.202689
2009-07-06,12.313821
2009-07-07,11.873579
2009-07-08,11.749632
2009-07-09,11.843661
2009-07-10,11.886405
2009-07-13,11.993261
2009-07-14,12.283900
2009-07-15,12.540349
2009-07-16,12.852367
2009-07-17,12.736960
2009-07-20,13.014780
2009-07-21,12.959219
2009-07-22,12.903653
2009-07-23,13.181469
2009-07-24,13.190020
2009-07-27,13.036150
2009-07-28,13.108813
2009-07-29,12.989131
2009-07-30,13.202843
2009-07-31,13.484939
2009-08-03,13.873881
2009-08-04,13.937996
2009-08-05,13.976463
2009-08-06,13.997836
2009-08-07,14.010655
2009-08-10,13.972190
2009-08-11,13.732836
2009-08-12,14.130335
2009-08-13,14.211535
2009-08-14,14.258559
2009-08-17,13.767031
2009-08-18,14.083321
2009-08-19,13.878164
2009-08-20,14.104690
2009-08-21,14.314118
2009-08-24,14.386779
2009-08-25,14.523552
2009-08-26,14.549196
2009-08-27,14.664600
2009-08-28,14.656050
2009-08-31,14.557750
2009-09-01,14.143155
2009-09-02,14.228639
2009-09-03,14.450893
2009-09-04,14.741537
2009-09-08,14.993712
2009-09-09,15.275804
2009-09-10,15.468136
2009-09-11,15.399756
2009-09-14,15.472409
2009-09-15,15.536527
2009-09-16,15.844262
2009-09-17,15.651929
2009-09-18,15.746964
2009-09-21,15.513682
2009-09-22,15.759931
2009-09-23,15.483442
2009-09-24,15.202633
2009-09-25,15.189671
2009-09-28,15.409989
2009-09-29,15.314956
2009-09-30,15.267438
2009-10-01,14.960709
2009-10-02,15.060068
2009-10-05,15.077350
2009-10-06,15.314956
2009-10-07,15.539609
2009-10-08,15.682169
2009-10-09,15.643295
2009-10-12,15.703771
2009-10-13,15.595763
2009-10-14,16.127151
2009-10-15,16.049385
2009-10-16,15.798810
2009-10-19,16.131462
2009-10-20,16.148752
2009-10-21,16.045071
2009-10-22,16.243790
2009-10-23,15.837699
2009-10-26,15.591448
2009-10-27,15.379756
2009-10-28,14.749012
2009-10-29,15.237189
2009-10-30,14.900223
2009-11-02,15.090309
2009-11-03,15.042790
2009-11-04,15.198310
2009-11-05,15.301994
2009-11-06,15.293356
2009-11-09,15.850658
2009-11-10,15.608729
2009-11-11,15.768572
2009-11-12,15.505038
2009-11-13,15.798810
2009-11-16,15.945697
2009-11-17,15.846336
2009-11-18,15.729692
2009-11-19,15.427285
2009-11-20,15.336562
2009-11-23,15.483442
2009-11-24,15.358158
2009-11-25,15.474798
2009-11-27,15.003903
2009-11-30,15.198310
2009-12-01,15.600089
2009-12-02,15.621700
2009-12-03,15.474798
2009-12-04,15.457524
2009-12-07,15.384079
2009-12-08,15.021185
2009-12-09,15.193985
2009-12-10,15.098954
2009-12-11,15.029833
2009-12-14,15.168077
2009-12-15,15.034150
2009-12-16,15.090309
2009-12-17,14.848381
2009-12-18,14.816778
2009-12-21,14.847500
2009-12-22,14.781667
2009-12-23,14.992336
2009-12-24,15.014278
2009-12-28,15.097667
2009-12-29,15.216167
2009-12-30,15.290773
2009-12-31,15.312718
2010-01-04,15.641890
2010-01-05,15.804275
2010-01-06,15.720873
2010-01-07,15.615553
2010-01-08,15.698944
2010-01-11,15.764771
2010-01-12,15.597997
2010-01-13,15.725278
2010-01-14,15.720873
2010-01-15,15.536554
2010-01-19,15.777940
2010-01-20,15.374162
2010-01-21,15.080112
2010-01-22,14.794836
2010-01-25,15.093279
2010-01-26,14.886998
2010-01-27,14.834331
2010-01-28,14.750944
2010-01-29,14.650007
2010-02-01,14.886998
2010-02-02,15.233723
2010-02-03,15.005507
2010-02-04,14.606118
2010-02-05,14.623671
2010-02-08,14.276954
2010-02-09,14.606118
2010-02-10,14.588563
2010-02-11,14.693890
2010-02-12,14.601728
2010-02-16,14.799226
2010-02-17,14.829947
2010-02-18,14.913333
2010-02-19,14.768503
2010-02-22,14.808003
2010-02-23,14.680728
2010-02-24,14.821167
2010-02-25,14.755332
2010-02-26,14.878222
2010-03-01,15.005507
2010-03-02,15.233723
2010-03-03,15.185447
2010-03-04,15.167887
2010-03-05,15.479500
2010-03-08,15.404884
2010-03-09,15.387332
2010-03-10,15.246887
2010-03-11,15.352222
2010-03-12,15.360999
2010-03-15,15.387332
2010-03-16,15.646272
2010-03-17,15.628718
2010-03-18,15.593610
2010-03-19,15.341017
2010-03-22,15.442399
2010-03-23,15.402732
2010-03-24,15.169082
2010-03-25,15.155854
2010-03-26,15.332195
2010-03-29,15.658409
2010-03-30,15.614327
2010-03-31,15.464445
2010-04-01,15.764210
2010-04-05,15.847971
2010-04-06,15.839149
2010-04-07,15.587880
2010-04-08,15.702489
2010-04-09,15.870009
2010-04-12,15.861186
2010-04-13,15.870009
2010-04-14,16.072790
2010-04-15,16.081606
2010-04-16,15.733349
2010-04-19,15.653995
2010-04-20,15.781841
2010-04-21,15.803887
2010-04-22,15.768620
2010-04-23,15.878829
2010-04-26,15.861186
2010-04-27,15.336604
2010-04-28,15.433581
2010-04-29,15.680450
2010-04-30,15.587880
2010-05-03,15.825931
2010-05-04,15.182310
2010-05-05,14.948668
2010-05-06,14.124310
2010-05-07,14.199254
2010-05-10,14.922214
2010-05-11,14.710618
2010-05-12,14.869315
2010-05-13,14.715030
2010-05-14,14.463752
2010-05-17,14.459337
2010-05-18,14.146355
2010-05-19,14.115496
2010-05-20,13.590899
2010-05-21,13.868626
2010-05-24,13.630576
2010-05-25,13.515958
2010-05-26,13.392523
2010-05-27,14.080225
2010-05-28,13.855394
2010-06-01,13.709924
2010-06-02,14.216885
2010-06-03,14.177205
2010-06-04,13.599710
2010-06-07,13.485100
2010-06-08,13.643804
2010-06-09,13.696700
2010-06-10,14.216885
2010-06-11,14.243335
2010-06-14,14.269781
2010-06-15,14.697390
2010-06-16,14.635677
2010-06-17,14.640087
2010-06-18,14.541808
2010-06-21,14.572941
2010-06-22,14.461761
2010-06-23,14.532909
2010-06-24,14.328345
2010-06-25,14.497334
2010-06-28,14.381713
2010-06-29,13.977025
2010-06-30,13.861414
2010-07-01,14.048182
2010-07-02,14.025949
2010-07-06,14.190489
2010-07-07,14.706346
2010-07-08,14.710793
2010-07-09,14.715236
2010-07-12,14.728577
2010-07-13,14.924248
2010-07-14,14.973163
2010-07-15,15.004300
2010-07-16,14.670768
2010-07-19,14.879776
2010-07-20,15.088798
2010-07-21,14.888673
2010-07-22,15.306697
2010-07-23,15.515701
2010-07-26,15.658006
2010-07-27,15.689139
2010-07-28,15.542389
2010-07-29,15.613542
2010-07-30,15.631322
2010-08-02,16.102715
2010-08-03,15.964859
2010-08-04,16.018223
2010-08-05,16.013775
2010-08-06,16.004883
2010-08-09,16.102715
2010-08-10,15.929273
2010-08-11,15.391191
2010-08-12,15.373401
2010-08-13,15.386746
2010-08-16,15.431212
2010-08-17,15.729165
2010-08-18,15.800322
2010-08-19,15.617983
2010-08-20,15.502365
2010-08-23,15.524604
2010-08-24,15.386746
2010-08-25,15.506810
2010-08-26,15.462342
2010-08-27,15.760292
2010-08-30,15.626880
2010-08-31,15.755841
2010-09-01,16.187208
2010-09-02,16.280590
2010-09-03,16.454029
2010-09-07,16.236124
2010-09-08,16.320618
2010-09-09,16.458483
2010-09-10,16.485159
2010-09-13,16.729744
2010-09-14,16.738640
2010-09-15,16.756435
2010-09-16,16.694168
2010-09-17,16.596828
2010-09-20,16.883911
2010-09-21,16.924282
2010-09-22,16.924282
2010-09-23,16.740374
2010-09-24,17.179966
2010-09-27,17.072306
2010-09-28,17.251732
2010-09-29,17.260708
2010-09-30,17.265188
2010-10-01,17.543301
2010-10-04,17.377327
2010-10-05,17.754129
2010-10-06,17.888687
2010-10-07,17.902147
2010-10-08,18.018782
2010-10-11,17.987381
2010-10-12,18.045692
2010-10-13,18.202688
2010-10-14,18.328289
2010-10-15,18.220627
2010-10-18,18.364170
2010-10-19,17.785524
2010-10-20,18.166803
2010-10-21,18.009800
2010-10-22,18.099524
2010-10-25,18.148867
2010-10-26,18.148867
2010-10-27,18.050171
2010-10-28,18.130920
2010-10-29,18.117462
2010-11-01,18.189230
2010-11-02,18.431458
2010-11-03,18.471830
2010-11-04,18.808245
2010-11-05,18.749933
2010-11-08,18.570509
2010-11-09,18.265480
2010-11-10,18.296881
2010-11-11,18.054663
2010-11-12,17.812437
2010-11-15,17.812437
2010-11-16,17.458063
2010-11-17,17.489473
2010-11-18,17.767584
2010-11-19,17.673386
2010-11-22,17.606106
2010-11-23,17.188940
2010-11-24,17.395277
2010-11-26,17.170992
2010-11-29,17.215849
2010-11-30,17.005022
2010-12-01,17.462561
2010-12-02,17.839352
2010-12-03,17.942522
2010-12-06,17.870749
2010-12-07,17.875231
2010-12-08,17.920086
2010-12-09,17.893177
2010-12-10,17.955976
2010-12-13,18.126432
2010-12-14,18.207180
2010-12-15,18.023270
2010-12-16,18.023270
2010-12-17,17.848139
2010-12-20,17.939302
2010-12-21,18.102432
2010-12-22,18.231974
2010-12-23,18.255955
2010-12-27,18.371111
2010-12-28,18.361511
2010-12-29,18.539030
2010-12-30,18.553427
2010-12-31,18.678177
2011-01-03,18.846102
2011-01-04,18.750145
2011-01-05,18.706959
2011-01-06,18.438282
2011-01-07,18.380707
2011-01-10,18.323130
2011-01-11,18.399895
2011-01-12,18.678177
2011-01-13,18.706959
2011-01-14,18.826908
2011-01-18,18.826908
2011-01-19,18.726151
2011-01-20,18.534245
2011-01-21,18.529438
2011-01-24,18.658979
2011-01-25,18.759735
2011-01-26,18.822109
2011-01-27,18.774136
2011-01-28,18.452673
2011-01-31,18.606205
2011-02-01,18.942057
2011-02-02,18.884487
2011-02-03,18.913271
2011-02-04,18.798122
2011-02-07,18.850899
2011-02-08,18.865294
2011-02-09,18.687765
2011-02-10,18.548632
2011-02-11,18.553427
2011-02-14,18.591816
2011-02-15,18.486258
2011-02-16,18.716557
2011-02-17,18.874889
2011-02-18,18.927660
2011-02-22,18.471869
2011-02-23,18.572620
2011-02-24,18.577423
2011-02-25,18.908472
2011-02-28,19.162766
2011-03-01,18.855696
2011-03-02,18.951654
2011-03-03,19.114782
2011-03-04,19.124376
2011-03-07,18.975645
2011-03-08,19.018826
2011-03-09,19.081194
2011-03-10,18.649380
2011-03-11,18.668577
2011-03-14,18.318331
2011-03-15,17.814554
2011-03-16,17.368347
2011-03-17,17.814554
2011-03-18,18.237457
2011-03-21,18.671459
2011-03-22,18.536432
2011-03-23,18.700386
2011-03-24,18.898088
2011-03-25,18.690739
2011-03-28,18.608767
2011-03-29,18.628052
2011-03-30,18.835411
2011-03-31,18.820938
2011-04-01,18.994543
2011-04-04,18.989723
2011-04-05,18.999363
2011-04-06,19.139210
2011-04-07,18.878805
2011-04-08,19.081341
2011-04-11,18.941500
2011-04-12,18.792007
2011-04-13,18.849878
2011-04-14,19.004183
2011-04-15,19.062054
2011-04-18,18.782366
2011-04-19,18.927031
2011-04-20,19.245295
2011-04-21,19.452650
2011-04-25,19.452650
2011-04-26,19.606962
2011-04-27,19.819139
2011-04-28,19.896284
2011-04-29,19.992725
2011-05-02,20.021664
2011-05-03,19.833599
2011-05-04,19.611784
2011-05-05,19.380318
2011-05-06,19.549091
2011-05-09,19.631063
2011-05-10,19.679277
2011-05-11,19.361025
2011-05-12,19.467104
2011-05-13,19.235645
2011-05-16,19.197065
2011-05-17,19.336914
2011-05-18,19.491226
2011-05-19,19.602129
2011-05-20,19.447824
2011-05-23,19.105444
2011-05-24,19.211531
2011-05-25,19.269403
2011-05-26,19.409250
2011-05-27,19.626244
2011-05-31,19.867355
2011-06-01,19.515335
2011-06-02,19.655176
2011-06-03,19.684101
2011-06-06,19.486408
2011-06-07,19.544268
2011-06-08,19.394779
2011-06-09,19.467104
2011-06-10,19.129560
2011-06-13,19.177780
2011-06-14,19.457468
2011-06-15,19.076515
2011-06-16,19.086164
2011-06-17,19.147076
2011-06-20,19.098337
2011-06-21,19.346884
2011-06-22,19.176317
2011-06-23,19.117840
2011-06-24,18.927784
2011-06-27,19.010620
2011-06-28,19.249424
2011-06-29,19.424854
2011-06-30,19.678263
2011-07-01,19.843954
2011-07-05,19.697765
2011-07-06,19.619780
2011-07-07,19.736750
2011-07-08,19.600296
2011-07-11,19.137333
2011-07-12,19.112968
2011-07-13,19.312763
2011-07-14,19.161699
2011-07-15,19.259165
2011-07-18,19.010620
2011-07-19,19.229929
2011-07-20,19.346884
2011-07-21,19.575916
2011-07-22,19.556431
2011-07-25,19.429729
2011-07-26,19.522322
2011-07-27,19.220181
2011-07-28,19.220181
2011-07-29,19.225050
2011-08-01,19.132456
2011-08-02,18.766962
2011-08-03,18.976515
2011-08-04,17.826420
2011-08-05,17.767941
2011-08-08,16.325451
2011-08-09,17.631493
2011-08-10,16.700695
2011-08-11,17.485294
2011-08-12,17.621740
2011-08-15,17.992115
2011-08-16,17.841043
2011-08-17,17.958004
2011-08-18,17.363459
2011-08-19,17.158781
2011-08-22,17.222134
2011-08-23,17.689968
2011-08-24,17.670475
2011-08-25,17.368340
2011-08-26,17.602245
2011-08-29,18.079836
2011-08-30,18.079836
2011-08-31,18.352737
2011-09-01,18.182165
2011-09-02,17.919014
2011-09-06,17.577888
2011-09-07,17.933630
2011-09-08,17.597385
2011-09-09,17.090557
2011-09-12,17.051573
2011-09-13,16.993093
2011-09-14,16.929735
2011-09-15,17.178280
2011-09-16,17.179749
2011-09-19,16.776562
2011-09-20,16.747065
2011-09-21,16.314377
2011-09-22,15.768590
2011-09-23,15.911186
2011-09-26,16.098026
2011-09-27,16.397953
2011-09-28,16.078360
2011-09-29,16.319288
2011-09-30,15.758756
2011-10-03,15.458826
2011-10-04,15.621084
2011-10-05,15.719424
2011-10-06,16.147198
2011-10-07,16.107857
2011-10-10,16.648729
2011-10-11,16.515965
2011-10-12,16.869984
2011-10-13,16.948658
2011-10-14,17.228922
2011-10-17,16.830648
2011-10-18,16.992914
2011-10-19,16.747065
2011-10-20,16.678223
2011-10-21,17.096165
2011-10-24,17.322346
2011-10-25,16.943737
2011-10-26,17.076496
2011-10-27,17.858280
2011-10-28,17.843531
2011-10-31,17.238758
2011-11-01,16.894569
2011-11-02,16.963408
2011-11-03,17.189585
2011-11-04,17.101076
2011-11-07,17.164999
2011-11-08,17.366598
2011-11-09,16.584801
2011-11-10,16.638889
2011-11-11,17.071581
2011-11-14,16.717562
2011-11-15,16.717562
2011-11-16,16.270121
2011-11-17,16.004601
2011-11-18,16.102947
2011-11-21,15.680090
2011-11-22,15.788263
2011-11-23,15.350657
2011-11-25,15.340824
2011-11-28,15.842350
2011-11-29,15.950517
2011-11-30,16.835566
2011-12-01,16.540546
2011-12-02,16.481541
2011-12-05,16.707724
2011-12-06,16.589727
2011-12-07,16.678223
2011-12-08,16.107857
2011-12-09,16.348791
2011-12-12,15.832519
2011-12-13,15.670252
2011-12-14,15.468657
2011-12-15,15.621084
2011-12-16,15.569236
2011-12-19,15.334929
2011-12-20,15.898274
2011-12-21,15.708832
2011-12-22,15.883316
2011-12-23,16.007946
2011-12-27,15.903253
2011-12-28,15.644017
2011-12-29,15.823491
2011-12-30,15.868356
2012-01-03,16.262199
2012-01-04,16.202377
2012-01-05,16.037855
2012-01-06,15.943139
2012-01-09,15.983024
2012-01-10,16.232286
2012-01-11,16.222321
2012-01-12,16.431702
2012-01-13,16.317034
2012-01-17,16.451643
2012-01-18,16.680967
2012-01-19,17.010002
2012-01-20,17.149590
2012-01-23,17.264256
2012-01-24,17.129648
2012-01-25,17.353991
2012-01-26,17.314106
2012-01-27,17.403849
2012-01-30,17.269241
2012-01-31,17.329062
2012-02-01,17.608246
2012-02-02,17.583315
2012-02-03,17.837578
2012-02-06,17.727894
2012-02-07,17.787716
2012-02-08,17.882437
2012-02-09,17.907366
2012-02-10,17.633169
2012-02-13,17.757803
2012-02-14,17.658092
2012-02-15,17.807661
2012-02-16,17.967186
2012-02-17,18.096806
2012-02-21,17.972176
2012-02-22,17.847538
2012-02-23,17.992117
2012-02-24,18.206486
2012-02-27,18.116756
2012-02-28,18.291239
2012-02-29,18.186546
2012-03-01,18.366009
2012-03-02,18.276281
2012-03-05,18.196512
2012-03-06,17.717926
2012-03-07,17.937265
2012-03-08,18.326130
2012-03-09,18.231405
2012-03-12,18.241383
2012-03-13,18.565437
2012-03-14,18.390944
2012-03-15,18.560444
2012-03-16,18.678846
2012-03-19,18.653757
2012-03-20,18.468126
2012-03-21,18.402912
2012-03-22,18.202217
2012-03-23,18.257406
2012-03-26,18.493216
2012-03-27,18.458096
2012-03-28,18.332668
2012-03-29,18.297546
2012-03-30,18.473143
2012-04-02,18.663797
2012-04-03,18.422974
2012-04-04,18.142014
2012-04-05,18.076792
2012-04-09,17.986485
2012-04-10,17.790812
2012-04-11,18.001539
2012-04-12,18.252392
2012-04-13,18.111912
2012-04-16,18.172117
2012-04-17,18.397892
2012-04-18,18.443037
2012-04-19,18.362770
2012-04-20,18.533350
2012-04-23,18.267445
2012-04-24,18.488197
2012-04-25,18.688885
2012-04-26,18.759121
2012-04-27,18.834383
2012-04-30,18.764145
2012-05-01,18.814320
2012-05-02,18.769163
2012-05-03,18.598572
2012-05-04,18.357754
2012-05-07,18.508266
2012-05-08,18.317614
2012-05-09,18.121944
2012-05-10,18.116930
2012-05-11,18.026609
2012-05-14,17.800846
2012-05-15,17.635277
2012-05-16,17.489786
2012-05-17,17.284086
2012-05-18,17.158659
2012-05-21,17.565042
2012-05-22,17.454668
2012-05-23,17.359343
2012-05-24,17.344280
2012-05-25,17.344280
2012-05-29,17.585102
2012-05-30,17.233908
2012-05-31,17.299128
2012-06-01,16.988070
2012-06-04,17.053295
2012-06-05,17.158659
2012-06-06,17.780779
2012-06-07,17.705524
2012-06-08,17.615217
2012-06-11,17.349304
2012-06-12,17.555014
2012-06-13,17.449648
2012-06-14,17.645315
2012-06-15,17.857718
2012-06-18,17.873001
2012-06-19,18.178610
2012-06-20,18.214262
2012-06-21,17.832241
2012-06-22,18.000326
2012-06-25,17.791506
2012-06-26,17.964676
2012-06-27,18.163321
2012-06-28,18.193890
2012-06-29,18.733793
2012-07-02,18.927338
2012-07-03,19.008839
2012-07-05,18.835665
2012-07-06,18.754166
2012-07-09,18.738882
2012-07-10,18.545332
2012-07-11,18.743982
2012-07-12,18.626823
2012-07-13,18.906975
2012-07-16,18.906975
2012-07-17,19.085241
2012-07-18,19.161640
2012-07-19,19.222761
2012-07-20,18.998648
2012-07-23,18.749075
2012-07-24,18.586081
2012-07-25,18.794907
2012-07-26,19.136173
2012-07-27,19.441790
2012-07-30,19.380655
2012-07-31,19.339909
2012-08-01,19.385754
2012-08-02,19.339909
2012-08-03,19.854357
2012-08-06,19.793234
2012-08-07,19.869635
2012-08-08,19.752489
2012-08-09,19.640430
2012-08-10,19.681173
2012-08-13,19.665894
2012-08-14,19.681173
2012-08-15,19.696453
2012-08-16,19.798321
2012-08-17,19.767765
2012-08-20,19.727016
2012-08-21,19.762672
2012-08-22,19.798321
2012-08-23,19.686279
2012-08-24,19.711739
2012-08-27,19.650623
2012-08-28,19.660807
2012-08-29,19.711739
2012-08-30,19.497807
2012-08-31,19.650623
2012-09-04,19.533463
2012-09-05,19.589495
2012-09-06,19.935848
2012-09-07,20.149782
2012-09-10,19.900206
2012-09-11,20.109026
2012-09-12,20.215992
2012-09-13,20.603094
2012-09-14,20.669313
2012-09-17,20.475765
2012-09-18,20.419731
2012-09-19,20.429924
2012-09-20,20.368795
2012-09-21,20.304045
2012-09-24,20.319468
2012-09-25,20.165293
2012-09-26,20.232103
2012-09-27,20.432514
2012-09-28,20.170437
2012-10-01,20.185848
2012-10-02,20.232103
2012-10-03,20.252653
2012-10-04,20.432514
2012-10-05,20.417105
2012-10-08,20.334875
2012-10-09,20.201265
2012-10-10,20.196129
2012-10-11,20.319468
2012-10-12,20.345156
2012-10-15,20.550714
2012-10-16,20.751133
2012-10-17,20.956696
2012-10-18,20.817944
2012-10-19,20.612383
2012-10-22,20.771690
2012-10-23,20.535299
2012-10-24,20.617521
2012-10-25,20.787109
2012-10-26,20.776829
2012-10-31,20.936132
2012-11-01,21.162249
2012-11-02,20.925856
2012-11-05,20.905306
2012-11-06,21.105726
2012-11-07,20.838495
2012-11-08,20.663776
2012-11-09,20.627804
2012-11-12,20.632935
2012-11-13,20.545572
2012-11-14,20.298908
2012-11-15,20.453072
2012-11-16,20.417105
2012-11-19,20.720303
2012-11-20,20.668915
2012-11-21,20.694605
2012-11-23,20.992664
2012-11-26,20.951559
2012-11-27,20.905306
2012-11-28,21.018362
2012-11-29,21.193089
2012-11-30,21.234194
2012-12-03,21.244473
2012-12-04,21.290735
2012-12-05,21.280445
2012-12-06,21.275307
2012-12-07,21.475727
2012-12-10,21.480867
2012-12-11,21.547670
2012-12-12,21.532261
2012-12-13,21.414061
2012-12-14,21.532261
2012-12-17,21.706987
2012-12-18,21.845736
2012-12-19,21.768654
2012-12-20,22.082129
2012-12-21,21.934788
2012-12-24,21.924112
2012-12-26,21.902756
2012-12-27,21.972158
2012-12-28,21.806675
2012-12-31,22.073582
2013-01-02,22.367191
2013-01-03,22.025541
2013-01-04,21.988167
2013-01-07,22.057570
2013-01-08,21.870739
2013-01-09,21.977493
2013-01-10,22.148317
2013-01-11,22.062910
2013-01-14,22.158991
2013-01-15,22.116285
2013-01-16,22.105614
2013-01-17,22.057570
2013-01-18,22.078924
2013-01-22,22.004192
2013-01-23,21.918776
2013-01-24,22.025541
2013-01-25,22.153662
2013-01-28,22.025541
2013-01-29,22.089598
2013-01-30,22.164341
2013-01-31,22.191029
2013-02-01,22.276432
2013-02-04,21.977493
2013-02-05,22.110947
2013-02-06,22.121628
2013-02-07,21.982832
2013-02-08,22.217722
2013-02-11,22.142977
2013-02-12,22.180353
2013-02-13,22.303129
2013-02-14,22.185690
2013-02-15,22.089598
2013-02-19,22.340492
2013-02-20,22.175009
2013-02-21,22.020208
2013-02-22,22.132309
2013-02-25,21.779974
2013-02-26,22.078924
2013-02-27,22.319143
2013-02-28,22.303129
2013-03-01,22.457935
2013-03-04,22.570036
2013-03-05,22.660789
2013-03-06,22.714170
2013-03-07,22.751543
2013-03-08,22.671463
2013-03-11,22.639433
2013-03-12,22.505980
2013-03-13,22.495310
2013-03-14,22.863642
2013-03-15,22.870073
2013-03-18,22.703926
2013-03-19,22.564566
2013-03-20,22.644964
2013-03-21,22.510973
2013-03-22,22.800407
2013-03-25,22.757521
2013-03-26,22.961189
2013-03-27,23.052309
2013-03-28,23.052309
2013-04-01,22.639610
2013-04-02,23.063026
2013-04-03,22.896879
2013-04-04,23.363174
2013-04-05,23.695475
2013-04-08,23.749073
2013-04-09,23.722275
2013-04-10,23.866987
2013-04-11,23.958105
2013-04-12,24.252895
2013-04-15,23.700830
2013-04-16,24.113537
2013-04-17,23.845551
2013-04-18,23.856264
2013-04-19,24.204645
2013-04-22,24.151060
2013-04-23,24.199293
2013-04-24,24.306490
2013-04-25,24.381519
2013-04-26,24.285049
2013-04-29,24.611996
2013-04-30,24.713839
2013-05-01,24.638790
2013-05-02,24.756702
2013-05-03,24.997894
2013-05-06,24.955019
2013-05-07,24.821026
2013-05-08,24.955019
2013-05-09,24.644152
2013-05-10,24.574476
2013-05-13,24.344007
2013-05-14,24.236811
2013-05-15,24.161781
2013-05-16,24.124262
2013-05-17,24.451195
2013-05-20,24.585192
2013-05-21,24.365438
2013-05-22,23.834826
2013-05-23,23.406055
2013-05-24,23.084469
2013-05-28,23.170204
2013-05-29,22.778957
2013-05-30,22.516329
2013-05-31,22.039314
2013-06-03,22.135782
2013-06-04,22.301937
2013-06-05,21.840996
2013-06-06,21.948204
2013-06-07,22.264420
2013-06-10,21.991068
2013-06-11,21.514053
2013-06-12,21.353270
2013-06-13,21.899956
2013-06-14,21.953550
2013-06-17,22.033951
2013-06-18,22.253708
2013-06-19,21.728441
2013-06-20,20.785133
2013-06-21,20.886810
2013-06-24,20.489851
2013-06-25,20.854191
2013-06-26,21.071709
2013-06-27,21.490414
2013-06-28,21.697062
2013-07-01,21.599180
2013-07-02,21.789497
2013-07-03,21.713379
2013-07-05,21.881943
2013-07-08,21.789497
2013-07-09,21.963512
2013-07-10,21.832998
2013-07-11,22.550810
2013-07-12,22.371349
2013-07-15,22.507292
2013-07-16,22.447483
2013-07-17,22.376787
2013-07-18,22.436609
2013-07-19,22.458345
2013-07-22,22.572550
2013-07-23,22.583424
2013-07-24,22.387663
2013-07-25,22.469240
2013-07-26,22.447483
2013-07-29,22.262604
2013-07-30,22.126650
2013-07-31,22.028770
2013-08-01,22.289793
2013-08-02,22.322407
2013-08-05,22.333281
2013-08-06,22.300659
2013-08-07,22.153839
2013-08-08,22.403982
2013-08-09,22.365910
2013-08-12,22.208221
2013-08-13,22.246279
2013-08-14,22.224533
2013-08-15,22.023333
2013-08-16,22.007015
2013-08-19,21.756876
2013-08-20,21.827564
2013-08-21,21.446922
2013-08-22,21.457794
2013-08-23,21.615490
2013-08-26,21.474102
2013-08-27,21.136955
2013-08-28,21.153271
2013-08-29,21.126083
2013-08-30,21.136955
2013-09-03,21.408854
2013-09-04,21.506731
2013-09-05,21.468666
2013-09-06,21.539364
2013-09-09,22.007015
2013-09-10,22.257156
2013-09-11,22.360470
2013-09-12,22.229971
2013-09-13,22.376787
2013-09-16,22.556236
2013-09-17,22.713936
2013-09-18,23.344727
2013-09-19,23.344727
2013-09-20,23.081995
2013-09-23,23.087471
2013-09-24,23.043678
2013-09-25,22.988947
2013-09-26,23.103893
2013-09-27,23.109369
2013-09-30,23.060104
2013-10-01,23.218834
2013-10-02,23.191473
2013-10-03,22.988947
2013-10-04,23.060104
2013-10-07,22.797371
2013-10-08,22.709793
2013-10-09,22.928738
2013-10-10,23.344727
2013-10-11,23.410414
2013-10-14,23.487045
2013-10-15,23.289991
2013-10-16,23.487045
2013-10-17,23.815449
2013-10-18,24.023447
2013-10-21,23.957762
2013-10-22,24.083660
2013-10-23,23.924923
2013-10-24,23.974190
2013-10-25,23.968712
2013-10-28,23.870190
2013-10-29,23.897549
2013-10-30,23.695032
2013-10-31,23.618408
2013-11-01,23.541777
2013-11-04,23.607462
2013-11-05,23.426828
2013-11-06,23.426828
2013-11-07,23.109369
2013-11-08,23.213360
2013-11-11,23.207891
2013-11-12,23.169573
2013-11-13,23.196947
2013-11-14,23.383051
2013-11-15,23.673141
2013-11-18,23.591042
2013-11-19,23.421362
2013-11-20,23.185987
2013-11-21,23.147690
2013-11-22,23.175041
2013-11-25,23.021790
2013-11-26,23.005369
2013-11-27,23.120316
2013-11-29,23.131264
2013-12-02,22.819273
2013-12-03,22.726215
2013-12-04,22.682425
2013-12-05,22.567486
2013-12-06,22.715269
2013-12-09,22.693380
2013-12-10,22.638638
2013-12-11,22.277391
2013-12-12,22.167910
2013-12-13,22.211702
2013-12-16,22.217184
2013-12-17,22.036543
2013-12-18,22.293810
2013-12-19,22.282854
2013-12-20,22.355543
2013-12-23,22.540077
2013-12-24,22.500937
2013-12-26,22.584805
2013-12-27,22.584805
2013-12-30,22.797300
2013-12-31,23.037737
2014-01-02,22.601580
2014-01-03,22.724604
2014-01-06,22.646313
2014-01-07,22.685453
2014-01-08,22.590401
2014-01-09,22.629541
2014-01-10,22.791702
2014-01-13,22.640728
2014-01-14,22.735781
2014-01-15,22.741371
2014-01-16,22.713419
2014-01-17,22.763739
2014-01-21,22.842026
2014-01-22,22.937078
2014-01-23,22.691051
2014-01-24,22.243719
2014-01-27,22.165428
2014-01-28,22.383512
2014-01-29,22.154247
2014-01-30,22.310818
2014-01-31,22.075972
2014-02-03,21.706913
2014-02-04,21.964125
2014-02-05,21.930578
2014-02-06,22.232538
2014-02-07,22.512112
2014-02-10,22.383512
2014-02-11,22.774929
2014-02-12,22.741371
2014-02-13,22.730194
2014-02-14,22.814066
2014-02-18,23.032145
2014-02-19,22.976225
2014-02-20,23.160749
2014-02-21,23.116014
2014-02-24,23.171934
2014-02-25,23.116014
2014-02-26,23.032145
2014-02-27,23.076868
2014-02-28,23.194302
2014-03-03,22.948269
2014-03-04,23.317318
2014-03-05,23.244631
2014-03-06,23.429157
2014-03-07,23.401197
2014-03-10,23.183125
2014-03-11,23.032145
2014-03-12,22.909124
2014-03-13,22.618359
2014-03-14,22.635132
2014-03-17,22.842026
2014-03-18,22.965046
2014-03-19,22.707829
2014-03-20,22.428246
2014-03-21,22.466511
2014-03-24,22.539673
2014-03-25,22.764786
2014-03-26,22.652231
2014-03-27,22.877340
2014-03-28,23.102461
2014-03-31,23.170000
2014-04-01,23.220654
2014-04-02,23.406368
2014-04-03,23.316332
2014-04-04,23.299437
2014-04-07,23.406368
2014-04-08,23.468281
2014-04-09,23.738415
2014-04-10,23.468281
2014-04-11,23.428875
2014-04-14,23.518923
2014-04-15,23.518923
2014-04-16,23.727161
2014-04-17,23.834089
2014-04-21,23.766558
2014-04-22,23.884745
2014-04-23,23.817209
2014-04-24,23.890360
2014-04-25,23.772182
2014-04-28,23.862230
2014-04-29,24.002918
2014-04-30,24.036695
2014-05-01,24.036695
2014-05-02,24.031063
2014-05-05,24.002918
2014-05-06,24.104227
2014-05-07,24.301195
2014-05-08,24.329342
2014-05-09,24.396873
2014-05-12,24.531950
2014-05-13,24.582598
2014-05-14,24.644506
2014-05-15,24.605106
2014-05-16,24.695152
2014-05-19,24.689529
2014-05-20,24.458782
2014-05-21,24.565720
2014-05-22,24.588226
2014-05-23,24.734543
2014-05-27,24.790831
2014-05-28,24.650129
2014-05-29,24.779579
2014-05-30,24.847103
2014-06-02,24.942780
2014-06-03,24.925898
2014-06-04,24.852732
2014-06-05,24.954033
2014-06-06,25.179152
2014-06-09,25.066599
2014-06-10,25.015944
2014-06-11,24.886505
2014-06-12,24.818964
2014-06-13,24.723293
2014-06-16,24.610741
2014-06-17,24.638876
2014-06-18,24.830229
2014-06-19,24.909008
2014-06-20,24.970541
2014-06-23,24.833809
2014-06-24,24.788239
2014-06-25,24.953453
2014-06-26,25.107265
2014-06-27,25.226915
2014-06-30,25.204124
2014-07-01,25.346558
2014-07-02,25.346558
2014-07-03,25.312370
2014-07-07,25.192734
2014-07-08,24.964849
2014-07-09,25.187038
2014-07-10,25.204124
2014-07-11,25.192734
2014-07-14,25.295277
2014-07-15,25.283886
2014-07-16,25.471886
2014-07-17,25.255400
2014-07-18,25.488977
2014-07-21,25.432007
2014-07-22,25.534554
2014-07-23,25.637108
2014-07-24,25.591532
2014-07-25,25.380732
2014-07-28,25.420620
2014-07-29,25.392128
2014-07-30,25.386433
2014-07-31,25.055996
2014-08-01,24.993328
2014-08-04,25.084492
2014-08-05,24.862303
2014-08-06,24.668594
2014-08-07,24.554646
2014-08-08,24.691387
2014-08-11,24.959150
2014-08-12,24.942057
2014-08-13,25.141453
2014-08-14,25.318064
2014-08-15,25.409216
2014-08-18,25.528860
2014-08-19,25.654198
2014-08-20,25.494680
2014-08-21,25.580135
2014-08-22,25.534554
2014-08-25,25.637108
2014-08-26,25.602924
2014-08-27,25.682686
2014-08-28,25.551645
2014-08-29,25.483276
2014-09-02,25.414919
2014-09-03,25.671288
2014-09-04,25.477585
2014-09-05,25.523159
2014-09-08,25.238308
2014-09-09,25.027514
2014-09-10,25.038908
2014-09-11,24.850904
2014-09-12,24.771135
2014-09-15,24.560349
2014-09-16,24.526165
2014-09-17,24.372349
2014-09-18,24.486286
2014-09-19,24.362949
2014-09-22,24.282644
2014-09-23,24.116280
2014-09-24,24.213802
2014-09-25,23.835190
2014-09-26,24.047443
2014-09-29,23.800776
2014-09-30,23.754879
2014-10-01,23.577049
2014-10-02,23.422163
2014-10-03,23.404957
2014-10-06,23.445114
2014-10-07,23.250069
2014-10-08,23.594257
2014-10-09,23.278749
2014-10-10,23.146805
2014-10-13,23.072237
2014-10-14,23.135340
2014-10-15,23.083714
2014-10-16,23.186962
2014-10-17,23.393490
2014-10-20,23.599998
2014-10-21,23.858135
2014-10-22,23.674568
2014-10-23,23.909761
2014-10-24,23.967134
2014-10-27,24.013023
2014-10-28,24.259697
2014-10-29,24.104807
2014-10-30,24.340010
2014-10-31,24.959551
2014-11-03,24.936596
2014-11-04,24.712881
2014-11-05,24.517838
2014-11-06,24.179386
2014-11-07,24.070393
2014-11-10,24.253954
2014-11-11,24.403111
2014-11-12,24.311321
2014-11-13,24.380167
2014-11-14,24.552256
2014-11-17,24.448999
2014-11-18,24.540789
2014-11-19,24.489147
2014-11-20,24.253954
2014-11-21,24.483418
2014-11-24,24.523577
2014-11-25,24.580948
2014-11-26,24.632570
2014-11-28,24.644037
2014-12-01,24.638302
2014-12-02,24.798927
2014-12-03,24.793188
2014-12-04,24.506369
2014-12-05,24.431789
2014-12-08,24.064648
2014-12-09,24.030233
2014-12-10,23.892555
2014-12-11,23.995811
2014-12-12,23.800776
2014-12-15,23.536888
2014-12-16,23.559839
2014-12-17,23.795036
2014-12-18,24.001558
2014-12-19,24.078459
2014-12-22,24.275059
2014-12-23,24.246155
2014-12-24,24.286636
2014-12-26,24.390718
2014-12-29,24.298195
2014-12-30,24.223021
2014-12-31,24.037985
2015-01-02,23.991722
2015-01-05,23.847155
2015-01-06,23.766203
2015-01-07,24.165197
2015-01-08,24.425417
2015-01-09,24.419630
2015-01-12,24.442762
2015-01-13,24.645145
2015-01-14,24.737671
2015-01-15,24.783922
2015-01-16,25.223404
2015-01-20,25.021011
2015-01-21,25.211840
2015-01-22,25.304361
2015-01-23,25.298565
2015-01-26,25.454708
2015-01-27,25.333271
2015-01-28,25.107750
2015-01-29,25.350615
2015-01-30,24.899576
2015-02-02,25.367966
2015-02-03,25.587696
2015-02-04,25.344833
2015-02-05,25.807432
2015-02-06,25.547228
2015-02-09,25.188709
2015-02-10,25.281233
2015-02-11,25.217619
2015-02-12,25.466267
2015-02-13,25.639740
2015-02-17,25.570354
2015-02-18,25.633955
2015-02-19,25.535660
2015-02-20,25.674435
2015-02-23,25.628174
2015-02-24,25.761173
2015-02-25,25.824778
2015-02-26,25.738045
2015-02-27,25.662870
2015-03-02,25.882603
2015-03-03,25.749599
2015-03-04,25.553001
2015-03-05,25.541439
2015-03-06,25.067276
2015-03-09,24.743446
2015-03-10,24.321331
2015-03-11,24.390718
2015-03-12,24.656717
2015-03-13,24.593107
2015-03-16,24.824400
2015-03-17,24.662487
2015-03-18,25.136656
2015-03-19,25.073059
2015-03-20,25.567574
2015-03-23,25.602396
2015-03-24,25.782328
2015-03-25,25.637224
2015-03-26,25.393438
2015-03-27,25.538551
2015-03-30,25.422474
2015-03-31,25.143866
2015-04-01,25.329601
2015-04-02,25.532753
2015-04-06,25.718485
2015-04-07,25.759109
2015-04-08,26.008688
2015-04-09,26.084146
2015-04-10,26.072540
2015-04-13,25.730087
2015-04-14,25.962255
2015-04-15,26.031910
2015-04-16,26.113169
2015-04-17,25.811352
2015-04-20,25.793936
2015-04-21,25.735893
2015-04-22,25.805542
2015-04-23,25.857780
2015-04-24,26.014488
2015-04-27,26.060930
2015-04-28,26.136385
2015-04-29,25.968061
2015-04-30,25.730087
2015-05-01,25.793936
2015-05-04,25.950645
2015-05-05,25.596594
2015-05-06,25.422474
2015-05-07,25.259949
2015-05-08,25.863586
2015-05-11,25.631422
2015-05-12,25.584990
2015-05-13,25.869387
2015-05-14,26.118973
2015-05-15,26.345337
2015-05-18,26.124775
2015-05-19,26.101562
2015-05-20,26.089951
2015-05-21,26.095747
2015-05-22,25.950645
2015-05-26,25.590790
2015-05-27,25.654634
2015-05-28,25.497927
2015-05-29,25.236732
2015-06-01,25.283171
2015-06-02,25.254148
2015-06-03,25.138062
2015-06-04,24.905891
2015-06-05,24.540222
2015-06-08,24.441547
2015-06-09,24.569252
2015-06-10,25.016178
2015-06-11,25.080021
2015-06-12,24.958126
2015-06-15,24.940725
2015-06-16,24.946522
2015-06-17,24.871073
2015-06-18,25.010361
2015-06-19,24.920567
2015-06-22,25.172943
2015-06-23,25.266838
2015-06-24,25.073166
2015-06-25,25.090782
2015-06-26,25.096640
2015-06-29,24.492117
2015-06-30,24.568417
2015-07-01,24.650585
2015-07-02,24.597763
2015-07-06,24.357124
2015-07-07,24.404085
2015-07-08,23.758471
2015-07-09,23.987373
2015-07-10,24.468636
2015-07-13,24.750366
2015-07-14,24.938183
2015-07-15,24.867744
2015-07-16,25.114243
2015-07-17,25.125998
2015-07-20,25.079029
2015-07-21,24.979259
2015-07-22,24.914705
2015-07-23,24.638849
2015-07-24,24.574297
2015-07-27,24.503855
2015-07-28,24.809061
2015-07-29,24.809061
2015-07-30,24.744493
2015-07-31,24.820799
2015-08-03,24.715145
2015-08-04,24.814919
2015-08-05,24.938183
2015-08-06,24.908825
2015-08-07,24.885355
2015-08-10,25.079029
2015-08-11,24.721012
2015-08-12,24.656454
2015-08-13,24.697548
2015-08-14,24.850138
2015-08-17,24.844275
2015-08-18,24.715145
2015-08-19,24.597763
2015-08-20,24.169313
2015-08-21,23.670429
2015-08-24,22.596373
2015-08-25,22.754835
2015-08-26,23.212633
2015-08-27,23.676302
2015-08-28,23.435667
2015-08-31,23.153950
2015-09-01,22.543545
2015-09-02,22.948521
2015-09-03,22.878084
2015-09-04,22.379219
2015-09-08,22.942652
2015-09-09,22.625713
2015-09-10,22.848742
2015-09-11,22.895699
2015-09-14,22.831141
2015-09-15,22.919172
2015-09-16,23.083513
2015-09-17,23.106989
2015-09-18,22.924969
2015-09-21,23.025431
2015-09-22,22.682646
2015-09-23,22.605820
2015-09-24,22.824490
2015-09-25,23.137726
2015-09-28,22.783119
2015-09-29,22.859947
2015-09-30,23.250008
2015-10-01,23.285479
2015-10-02,23.551426
2015-10-05,24.083323
2015-10-06,24.006489
2015-10-07,24.006489
2015-10-08,24.236977
2015-10-09,24.136513
2015-10-12,24.089230
2015-10-13,23.852831
2015-10-14,24.077421
2015-10-15,24.390644
2015-10-16,24.467472
2015-10-19,24.491108
2015-10-20,24.461563
2015-10-21,24.337458
2015-10-22,24.774801
2015-10-23,24.833897
2015-10-26,24.739338
2015-10-27,24.715693
2015-10-28,24.715693
2015-10-29,24.556124
2015-10-30,24.502928
2015-11-02,24.638861
2015-11-03,24.538406
2015-11-04,24.183798
2015-11-05,24.225163
2015-11-06,23.923758
2015-11-09,23.326841
2015-11-10,23.326841
2015-11-11,23.515970
2015-11-12,23.326841
2015-11-13,23.214546
2015-11-16,23.521875
2015-11-17,23.634163
2015-11-18,23.805555
2015-11-19,23.941486
2015-11-20,24.047871
2015-11-23,23.793726
2015-11-24,23.776003
2015-11-25,23.781908
2015-11-27,23.669622
2015-11-30,23.681442
2015-12-01,24.124691
2015-12-02,23.781908
2015-12-03,23.622345
2015-12-04,23.823294
2015-12-07,23.616438
2015-12-08,23.374121
2015-12-09,23.309105
2015-12-10,23.232281
2015-12-11,22.842228
2015-12-14,22.954508
2015-12-15,23.031342
2015-12-16,23.510044
2015-12-17,23.167267
2015-12-18,23.101854
2015-12-21,23.185106
2015-12-22,23.298090
2015-12-23,23.530008
2015-12-24,23.565674
2015-12-28,23.411077
2015-12-29,23.654877
2015-12-30,23.488379
2015-12-31,23.262415
2016-01-04,23.054287
2016-01-05,23.089968
2016-01-06,22.858059
2016-01-07,22.334772
2016-01-08,22.031502
2016-01-11,22.114748
2016-01-12,22.209900
2016-01-13,21.966099
2016-01-14,22.162325
2016-01-15,21.496334
2016-01-19,21.615248
2016-01-20,21.139545
2016-01-21,21.234682
2016-01-22,21.722292
2016-01-25,21.537954
2016-01-26,21.900688
2016-01-27,21.746069
2016-01-28,21.900688
2016-01-29,22.525061
2016-02-01,22.685614
2016-02-02,22.203943
2016-02-03,22.608307
2016-02-04,22.661823
2016-02-05,22.275305
2016-02-08,21.942312
2016-02-09,21.853109
2016-02-10,21.859060
2016-02-11,21.674721
2016-02-12,22.001770
2016-02-16,22.447758
2016-02-17,22.733185
2016-02-18,22.643988
2016-02-19,22.822382
2016-02-22,23.060242
2016-02-23,22.673727
2016-02-24,22.798595
2016-02-25,22.988886
2016-02-26,22.840221
2016-02-29,22.816439
2016-03-01,23.369448
2016-03-02,23.506222
2016-03-03,23.613258
2016-03-04,23.684610
2016-03-07,23.547840
2016-03-08,23.476492
2016-03-09,23.482435
2016-03-10,23.524065
2016-03-11,24.100859
2016-03-14,24.053289
2016-03-15,23.981937
2016-03-16,24.285200
2016-03-17,24.707394
2016-03-18,24.666208
2016-03-21,24.636360
2016-03-22,24.618456
2016-03-23,24.355793
2016-03-24,24.194611
2016-03-28,24.272224
2016-03-29,24.636360
2016-03-30,24.839319
2016-03-31,24.749777
2016-04-01,24.528912
2016-04-04,24.457281
2016-04-05,24.308037
2016-04-06,24.546812
2016-04-07,24.337877
2016-04-08,24.654263
2016-04-11,24.755754
2016-04-12,24.952749
2016-04-13,25.173618
2016-04-14,25.036312
2016-04-15,24.976627
2016-04-18,25.149738
2016-04-19,25.298981
2016-04-20,25.364651
2016-04-21,25.078106
2016-04-22,25.060204
2016-04-25,25.287052
2016-04-26,25.484041
2016-04-27,25.442249
2016-04-28,25.281067
2016-04-29,25.287052
2016-05-02,25.507912
2016-05-03,25.227346
2016-05-04,25.084080
2016-05-05,25.078106
2016-05-06,25.119896
2016-05-09,25.137804
2016-05-10,25.442249
2016-05-11,25.149738
2016-05-12,24.994534
2016-05-13,24.743813
2016-05-16,25.048258
2016-05-17,25.006479
2016-05-18,24.904991
2016-05-19,24.642330
2016-05-20,24.749777
2016-05-23,24.743813
2016-05-24,25.054224
2016-05-25,25.131830
2016-05-26,25.131830
2016-05-27,25.101986
2016-05-31,24.904991
2016-06-01,24.940802
2016-06-02,24.916933
2016-06-03,25.322853
2016-06-06,25.490005
2016-06-07,25.615370
2016-06-08,25.734760
2016-06-09,25.645214
2016-06-10,25.161682
2016-06-13,24.916933
2016-06-14,24.594576
2016-06-15,24.678146
2016-06-16,24.660231
2016-06-17,24.754747
2016-06-20,25.368811
2016-06-21,25.567469
2016-06-22,25.489199
2016-06-23,25.934700
2016-06-24,24.032335
2016-06-27,23.478493
2016-06-28,24.321301
2016-06-29,24.748739
2016-06-30,24.953419
2016-07-01,24.965460
2016-07-05,24.423641
2016-07-06,24.387526
2016-07-07,24.321301
2016-07-08,24.730671
2016-07-11,25.055765
2016-07-12,25.290539
2016-07-13,25.236364
2016-07-14,25.392893
2016-07-15,25.109945
2016-07-18,25.188204
2016-07-19,25.115963
2016-07-20,25.380846
2016-07-21,25.332691
2016-07-22,25.314623
2016-07-25,25.404932
2016-07-26,25.543386
2016-07-27,25.537365
2016-07-28,25.663792
2016-07-29,25.838369
2016-08-01,25.687872
2016-08-02,25.663792
2016-08-03,25.453089
2016-08-04,25.633694
2016-08-05,25.693890
2016-08-08,25.754093
2016-08-09,25.693890
2016-08-10,25.802248
2016-08-11,25.808277
2016-08-12,25.760117
2016-08-15,25.862457
2016-08-16,25.796236
2016-08-17,25.790216
2016-08-18,25.886534
2016-08-19,25.705931
2016-08-22,25.651751
2016-08-23,25.820318
2016-08-24,25.723993
2016-08-25,25.736036
2016-08-26,25.447062
2016-08-29,25.465124
2016-08-30,25.332691
2016-08-31,25.290539
2016-09-01,25.525330
2016-09-02,25.555426
2016-09-06,25.934700
2016-09-07,25.784191
2016-09-08,25.717970
2016-09-09,25.061781
2016-09-12,25.182180
2016-09-13,24.658430
2016-09-14,24.616291
2016-09-15,24.766794
2016-09-16,24.492901
2016-09-19,24.687229
2016-09-20,24.796545
2016-09-21,25.009113
2016-09-22,25.294554
2016-09-23,25.191299
2016-09-26,25.191299
2016-09-27,25.385651
2016-09-28,25.470665
2016-09-29,25.051626
2016-09-30,25.330990
2016-10-03,25.215599
2016-10-04,24.863359
2016-10-05,24.529333
2016-10-06,24.237823
2016-10-07,24.025261
2016-10-10,24.025261
2016-10-11,23.612299
2016-10-12,23.575859
2016-10-13,23.830927
2016-10-14,23.764124
2016-10-17,23.636585
2016-10-18,23.934164
2016-10-19,24.067774
2016-10-20,24.128508
2016-10-21,24.073847
2016-10-24,24.128508
2016-10-25,24.158869
2016-10-26,23.909880
2016-10-27,23.642658
2016-10-28,23.496908
2016-10-31,23.673025
2016-11-01,23.581928
2016-11-02,23.600149
2016-11-03,23.660883
2016-11-04,23.478685
2016-11-07,23.697319
2016-11-08,23.758041
2016-11-09,23.654806
2016-11-10,23.017124
2016-11-11,22.841011
2016-11-14,22.555569
2016-11-15,22.713469
2016-11-16,22.415890
2016-11-17,22.749905
2016-11-18,22.555569
2016-11-21,22.604158
2016-11-22,22.725611
2016-11-23,22.677031
2016-11-25,22.707397
2016-11-28,22.877441
2016-11-29,22.968546
2016-11-30,22.974619
2016-12-01,22.677031
2016-12-02,22.841011
2016-12-05,22.944244
2016-12-06,23.083925
2016-12-07,23.411873
2016-12-08,23.393661
2016-12-09,23.411873
2016-12-12,23.284353
2016-12-13,23.472612
2016-12-14,23.083925
2016-12-15,22.749905
2016-12-16,22.766720
2016-12-19,22.766720
2016-12-20,22.915483
2016-12-21,22.921955
2016-12-22,22.831404
2016-12-23,22.941360
2016-12-27,23.064251
2016-12-28,22.902546
2016-12-29,23.141859
2016-12-30,23.335896
2017-01-03,23.355297
2017-01-04,23.601072
2017-01-05,23.956800
2017-01-06,23.950335
2017-01-09,23.905062
2017-01-10,23.892120
2017-01-11,23.833910
2017-01-12,23.736897
2017-01-13,23.711021
2017-01-17,23.717493
2017-01-18,23.730433
2017-01-19,23.497591
2017-01-20,23.588144
2017-01-23,23.775705
2017-01-24,23.801577
2017-01-25,23.814516
2017-01-26,23.704569
2017-01-27,23.672218
2017-01-30,23.646349
2017-01-31,23.872723
2017-02-01,23.917995
2017-02-02,23.859785
2017-02-03,23.989145
2017-02-06,23.943869
2017-02-07,23.995605
2017-02-08,24.124968
2017-02-09,24.228449
2017-02-10,24.254324
2017-02-13,24.183180
2017-02-14,24.189644
2017-02-15,24.234926
2017-02-16,24.254324
2017-02-17,24.228449
2017-02-21,24.170242
2017-02-22,24.228449
2017-02-23,24.338404
2017-02-24,24.286661
2017-02-27,24.189644
2017-02-28,24.189644
2017-03-01,24.209053
2017-03-02,23.905062
2017-03-03,24.002079
2017-03-06,23.963268
2017-03-07,23.846853
2017-03-08,23.639881
2017-03-09,23.652813
2017-03-10,23.659290
2017-03-13,23.704569
2017-03-14,23.510521
2017-03-15,23.885662
2017-03-16,24.170242
2017-03-17,24.233965
2017-03-20,24.253473
2017-03-21,24.071407
2017-03-22,24.136433
2017-03-23,24.233965
2017-03-24,24.305498
2017-03-27,24.292488
2017-03-28,24.272982
2017-03-29,24.338005
2017-03-30,24.207960
2017-03-31,24.318502
2017-04-03,24.292488
2017-04-04,24.344503
2017-04-05,24.305498
2017-04-06,24.526567
2017-04-07,24.526567
2017-04-10,24.429033
2017-04-11,24.650106
2017-04-12,24.793163
2017-04-13,24.741146
2017-04-17,25.020746
2017-04-18,25.033751
2017-04-19,24.825668
2017-04-20,24.923206
2017-04-21,24.799660
2017-04-24,24.923206
2017-04-25,25.027243
2017-04-26,24.936209
2017-04-27,24.968729
2017-04-28,24.825668
2017-05-01,24.825668
2017-05-02,25.105274
2017-05-03,24.988226
2017-05-04,24.936209
2017-05-05,25.079262
2017-05-08,25.079262
2017-05-09,25.053244
2017-05-10,25.079262
2017-05-11,25.092264
2017-05-12,25.137779
2017-05-15,25.267824
2017-05-16,25.274326
2017-05-17,25.183298
2017-05-18,25.098764
2017-05-19,25.248318
2017-05-22,25.274326
2017-05-23,25.222315
2017-05-24,25.319845
2017-05-25,25.326353
2017-05-26,25.365360
2017-05-30,25.365360
2017-05-31,25.443396
2017-06-01,25.677465
2017-06-02,25.866032
2017-06-05,25.794504
2017-06-06,25.755489
2017-06-07,25.859535
2017-06-08,25.755489
2017-06-09,25.566927
2017-06-12,25.573431
2017-06-13,25.827013
2017-06-14,25.892046
2017-06-15,25.762001
2017-06-16,25.851936
2017-06-19,25.819111
2017-06-20,25.398970
2017-06-21,25.333321
2017-06-22,25.228287
2017-06-23,25.339880
2017-06-26,25.287373
2017-06-27,25.156075
2017-06-28,25.182329
2017-06-29,25.064169
2017-06-30,25.011652
2017-07-03,24.788450
2017-07-05,24.749063
2017-07-06,24.624334
2017-07-07,24.598070
2017-07-10,24.644032
2017-07-11,24.493036
2017-07-12,24.663721
2017-07-13,24.775320
2017-07-14,25.110119
2017-07-17,25.051039
2017-07-18,25.287373
2017-07-19,25.464624
2017-07-20,25.576216
2017-07-21,25.569654
2017-07-24,25.576216
2017-07-25,25.536833
2017-07-26,25.648428
2017-07-27,25.694382
2017-07-28,25.792852
2017-07-31,25.832243
2017-08-01,25.917582
2017-08-02,25.851936
2017-08-03,25.884758
2017-08-04,25.832243
2017-08-07,25.740339
2017-08-08,25.641870
2017-08-09,25.641870
2017-08-10,25.392397
2017-08-11,25.392397
2017-08-14,25.563089
2017-08-15,25.438360
2017-08-16,25.654993
2017-08-17,25.490871
2017-08-18,25.589348
2017-08-21,25.582777
2017-08-22,25.628736
2017-08-23,25.609045
2017-08-24,25.517136
2017-08-25,25.484314
2017-08-28,25.563089
2017-08-29,25.510567
2017-08-30,25.471188
2017-08-31,25.746899
2017-09-01,25.648428
2017-09-05,25.622171
2017-09-06,25.779726
2017-09-07,25.989798
2017-09-08,26.002922
2017-09-11,25.996359
2017-09-12,25.884758
2017-09-13,25.694382
2017-09-14,25.746899
2017-09-15,25.830324
2017-09-18,25.757492
2017-09-19,25.678034
2017-09-20,25.611820
2017-09-21,25.433035
2017-09-22,25.545609
2017-09-25,25.406559
2017-09-26,25.353586
2017-09-27,25.241016
2017-09-28,25.234394
2017-09-29,25.413174
2017-10-02,25.353586
2017-10-03,25.472775
2017-10-04,25.340343
2017-10-05,25.307236
2017-10-06,25.260880
2017-10-09,25.267509
2017-10-10,25.446283
2017-10-11,25.591957
2017-10-12,25.605202
2017-10-13,25.678034
2017-10-16,25.644926
2017-10-17,25.618448
2017-10-18,25.731010
2017-10-19,25.697901
2017-10-20,25.585337
2017-10-23,25.360212
2017-10-24,25.399940
2017-10-25,25.201284
2017-10-26,25.161558
2017-10-27,25.274132
2017-10-30,25.300613
2017-10-31,25.472775
2017-11-01,25.360212
2017-11-02,25.459528
2017-11-03,25.492647
2017-11-06,25.499252
2017-11-07,25.433035
2017-11-08,25.671419
2017-11-09,25.611820
2017-11-10,25.565472
2017-11-13,25.439661
2017-11-14,25.459528
2017-11-15,25.426420
2017-11-16,25.664791
2017-11-17,25.658173
2017-11-20,25.724380
2017-11-21,25.876678
2017-11-22,25.936274
2017-11-24,26.055458
2017-11-27,26.028980
2017-11-28,26.141539
2017-11-29,25.969387
2017-11-30,26.095184
2017-12-01,26.095184
2017-12-04,25.995865
2017-12-05,26.095184
2017-12-06,26.141539
2017-12-07,26.161400
2017-12-08,26.260719
2017-12-11,26.214378
2017-12-12,26.293835
2017-12-13,26.545454
2017-12-14,26.552071
2017-12-15,26.532770
2017-12-18,26.792362
2017-12-19,26.705830
2017-12-20,26.659241
2017-12-21,26.679209
2017-12-22,26.665895
2017-12-26,26.705830
2017-12-27,26.878899
2017-12-28,26.972097
2017-12-29,26.952131
2018-01-02,27.111876
2018-01-03,27.264986
2018-01-04,27.225039
2018-01-05,27.344866
2018-01-08,27.351517
2018-01-09,27.391459
2018-01-10,27.205065
2018-01-11,27.171793
2018-01-12,27.364834
2018-01-16,27.451363
2018-01-17,27.644402
2018-01-18,27.611120
2018-01-19,27.644402
2018-01-22,27.824125
2018-01-23,27.937284
2018-01-24,28.110355
2018-01-25,28.017164
2018-01-26,28.256802
2018-01-29,27.830784
2018-01-30,27.697655
2018-01-31,27.997198
2018-02-01,27.671026
2018-02-02,27.105221
2018-02-05,26.153341
2018-02-06,26.499485
2018-02-07,26.239889
2018-02-08,25.640802
2018-02-09,25.867117
2018-02-12,26.080124
2018-02-13,26.159994
2018-02-14,26.319754
2018-02-15,26.412956
2018-02-16,26.566044
2018-02-20,26.432920
2018-02-21,26.219912
2018-02-22,26.293127
2018-02-23,26.692516
2018-02-26,26.978746
2018-02-27,26.392982
2018-02-28,26.120066
2018-03-01,26.040184
2018-03-02,26.299780
2018-03-05,26.353046
2018-03-06,26.359688
2018-03-07,26.492828
2018-03-08,26.605988
2018-03-09,26.645922
2018-03-12,26.566044
2018-03-13,26.466200
2018-03-14,26.639275
2018-03-15,26.619303
2018-03-16,26.553066
2018-03-19,26.666803
2018-03-20,26.653431
2018-03-21,26.700249
2018-03-22,26.372444
2018-03-23,26.198492
2018-03-26,26.499548
2018-03-27,26.345673
2018-03-28,26.546387
2018-03-29,26.773849
2018-04-02,26.546387
2018-04-03,26.700249
2018-04-04,26.947783
2018-04-05,26.921030
2018-04-06,26.807291
2018-04-09,26.994610
2018-04-10,27.175253
2018-04-11,27.135113
2018-04-12,27.128422
2018-04-13,27.108351
2018-04-16,27.094975
2018-04-17,27.282286
2018-04-18,27.362572
2018-04-19,27.215393
2018-04-20,27.175253
2018-04-23,26.994610
2018-04-24,26.954477
2018-04-25,26.874203
2018-04-26,27.115034
2018-04-27,27.262222
2018-04-30,27.302357
2018-05-01,27.248838
2018-05-02,27.034758
2018-05-03,27.161869
2018-05-04,27.128422
2018-05-07,27.108351
2018-05-08,27.128422
2018-05-09,27.054829
2018-05-10,27.228773
2018-05-11,27.268911
2018-05-14,27.355888
2018-05-15,27.014681
2018-05-16,26.887575
2018-05-17,26.753777
2018-05-18,26.673496
2018-05-21,26.847433
2018-05-22,26.780529
2018-05-23,26.827360
2018-05-24,26.874203
2018-05-25,26.847433
2018-05-29,26.586523
2018-05-30,26.860819
2018-05-31,26.747080
2018-06-01,26.740393
2018-06-04,26.967857
2018-06-05,26.941103
2018-06-06,27.115034
2018-06-07,26.907642
2018-06-08,26.961168
2018-06-11,26.907642
2018-06-12,26.787226
2018-06-13,26.740393
2018-06-14,26.640043
2018-06-15,26.619114
2018-06-18,26.477346
2018-06-19,26.335564
2018-06-20,26.409830
2018-06-21,26.288313
2018-06-22,26.538103
2018-06-25,26.362568
2018-06-26,26.470592
2018-06-27,26.153294
2018-06-28,26.234308
2018-06-29,26.423334
2018-07-02,26.234308
2018-07-03,26.389589
2018-07-05,26.571856
2018-07-06,26.754135
2018-07-09,26.875652
2018-07-10,26.801394
2018-07-11,26.450333
2018-07-12,26.592108
2018-07-13,26.605608
2018-07-16,26.592108
2018-07-17,26.598862
2018-07-18,26.578602
2018-07-19,26.430086
2018-07-20,26.720383
2018-07-23,26.592108
2018-07-24,26.679876
2018-07-25,26.841892
2018-07-26,26.619114
2018-07-27,26.659616
2018-07-30,26.706879
2018-07-31,26.828394
2018-08-01,26.666363
2018-08-02,26.592108
2018-08-03,26.700130
2018-08-06,26.578602
2018-08-07,26.666363
2018-08-08,26.646111
2018-08-09,26.551603
2018-08-10,26.173550
2018-08-13,26.052031
2018-08-14,25.984522
2018-08-15,25.842749
2018-08-16,26.025021
2018-08-17,26.193796
2018-08-20,26.369328
2018-08-21,26.416590
2018-08-22,26.463840
2018-08-23,26.301825
2018-08-24,26.430086
2018-08-27,26.639360
2018-08-28,26.673113
2018-08-29,26.821638
2018-08-30,26.517851
2018-08-31,26.477346
2018-09-04,26.173550
2018-09-05,26.058773
2018-09-06,26.031782
2018-09-07,25.856253
2018-09-10,25.883255
2018-09-11,25.977768
2018-09-12,26.119547
2018-09-13,26.214058
2018-09-14,26.133041
2018-09-17,26.200550
2018-09-18,26.376081
2018-09-19,26.281570
2018-09-20,26.490845
2018-09-21,26.281570
2018-09-24,26.186071
2018-09-25,26.199705
2018-09-26,26.295204
2018-09-27,26.247459
2018-09-28,26.090572
2018-10-01,26.022360
2018-10-02,25.763163
2018-10-03,25.626738
2018-10-04,25.142445
2018-10-05,25.094700
2018-10-08,25.210659
2018-10-09,25.428926
2018-10-10,24.971924
2018-10-11,24.869602
2018-10-12,24.821856
2018-10-15,24.794569
2018-10-16,25.285690
2018-10-17,25.326614
2018-10-18,25.217480
2018-10-19,25.319798
2018-10-22,25.197014
2018-10-23,25.101517
2018-10-24,24.753641
2018-10-25,24.978735
2018-10-26,25.026485
2018-10-29,24.944635
2018-10-30,25.060595
2018-10-31,24.855963
2018-11-01,25.224297
2018-11-02,25.108341
2018-11-05,25.074234
2018-11-06,25.272043
2018-11-07,25.667658
2018-11-08,25.442566
2018-11-09,25.319798
2018-11-12,25.169733
2018-11-13,25.367544
2018-11-14,25.456217
2018-11-15,25.319798
2018-11-16,25.415293
2018-11-19,25.360712
2018-11-20,25.019661
2018-11-21,25.299332
2018-11-23,25.360712
2018-11-26,25.606274
2018-11-27,25.585819
2018-11-28,25.920044
2018-11-29,25.619921
2018-11-30,25.347075
2018-12-03,25.394819
2018-12-04,25.128801
2018-12-06,25.415293
2018-12-07,25.374367
2018-12-10,25.162907
2018-12-11,25.197014
2018-12-12,25.381176
2018-12-13,25.299332
2018-12-14,25.210659
2018-12-17,25.026485
2018-12-18,25.053770
2018-12-19,24.930983
2018-12-20,24.965099
2018-12-21,24.487623
2018-12-24,24.309889
2018-12-26,24.764727
2018-12-27,24.673759
2018-12-28,24.729742
2018-12-31,24.729742
2019-01-02,24.729742
2019-01-03,24.729742
2019-01-04,25.247566
2019-01-07,25.317541
2019-01-08,25.520481
2019-01-09,25.709415
2019-01-10,25.877359
2019-01-11,25.933340
2019-01-14,25.926348
2019-01-15,25.926348
2019-01-16,26.003319
2019-01-17,26.101280
2019-01-18,26.178259
2019-01-22,26.038307
2019-01-23,26.199247
2019-01-24,26.220247
2019-01-25,26.542135
2019-01-28,26.696079
2019-01-29,26.975994
2019-01-30,27.192915
2019-01-31,27.136934
2019-02-01,27.101952
2019-02-04,27.157934
2019-02-05,27.199924
2019-02-06,27.031981
2019-02-07,26.948004
2019-02-08,26.920013
2019-02-11,26.843035
2019-02-12,26.829054
2019-02-13,26.626106
2019-02-14,26.549126
2019-02-15,26.738070
2019-02-19,26.836035
2019-02-20,26.766058
2019-02-21,26.752066
2019-02-22,26.836035
2019-02-25,26.864027
2019-02-26,26.982988
2019-02-27,26.864027
2019-02-28,26.738070
2019-03-01,26.794054
2019-03-04,26.696079
2019-03-05,26.843035
2019-03-06,26.682087
2019-03-07,26.647106
2019-03-08,26.836035
2019-03-11,26.982988
2019-03-12,27.045971
2019-03-13,27.199924
2019-03-14,27.199924
2019-03-15,27.339865
2019-03-18,27.420704
2019-03-19,27.469913
2019-03-20,27.638603
2019-03-21,27.617523
2019-03-22,27.322300
2019-03-25,27.498026
2019-03-26,27.610493
2019-03-27,27.645634
2019-03-28,27.645634
2019-03-29,27.610493
2019-04-01,27.694838
2019-04-02,27.568317
2019-04-03,27.673758
2019-04-04,27.540213
2019-04-05,27.329330
2019-04-08,27.406645
2019-04-09,27.230919
2019-04-10,27.469913
2019-04-11,27.378531
2019-04-12,27.364470
2019-04-15,27.252012
2019-04-16,27.273090
2019-04-17,27.125484
2019-04-18,27.167658
2019-04-22,27.125484
2019-04-23,27.125484
2019-04-24,27.181717
2019-04-25,27.160633
2019-04-26,27.230919
2019-04-29,27.188747
2019-04-30,27.118452
2019-05-01,27.041130
2019-05-02,26.710760
2019-05-03,27.252012
2019-05-06,27.139538
2019-05-07,27.083309
2019-05-08,27.005983
2019-05-09,26.998953
2019-05-10,27.188747
2019-05-13,27.013021
2019-05-14,27.139538
2019-05-15,27.153599
2019-05-16,27.308239
2019-05-17,27.125484
2019-05-20,27.259035
2019-05-21,27.357447
2019-05-22,27.167658
2019-05-23,27.146570
2019-05-24,27.371500
2019-05-28,27.048170
2019-05-29,27.027069
2019-05-30,26.977875
2019-05-31,26.984900
2019-06-03,27.216862
2019-06-04,27.329330
2019-06-05,27.216862
2019-06-06,27.308239
2019-06-07,27.462881
2019-06-10,27.469913
2019-06-11,27.610493
2019-06-12,27.371500
2019-06-13,27.455856
2019-06-14,27.343391
2019-06-17,27.357447
2019-06-18,27.540213
2019-06-19,27.617523
2019-06-20,27.828398
2019-06-21,27.744043
2019-06-24,27.736227
2019-06-25,27.764668
2019-06-26,27.622494
2019-06-27,27.551411
2019-06-28,27.544306
2019-07-01,27.636715
2019-07-02,27.771767
2019-07-03,28.141397
2019-07-05,28.191153
2019-07-08,28.091633
2019-07-09,27.999231
2019-07-10,28.056095
2019-07-11,28.048985
2019-07-12,28.070316
2019-07-15,28.013445
2019-07-16,27.928156
2019-07-17,27.928156
2019-07-18,28.048985
2019-07-19,27.935257
2019-07-22,27.778879
2019-07-23,27.793093
2019-07-24,27.835747
2019-07-25,27.679359
2019-07-26,27.693579
2019-07-29,27.594061
2019-07-30,27.416361
2019-07-31,27.110704
2019-08-01,27.096483
2019-08-02,27.366598
2019-08-05,26.819271
2019-08-06,26.947216
2019-08-07,27.082273
2019-08-08,27.224442
2019-08-09,27.124918
2019-08-12,27.004080
2019-08-13,27.068050
2019-08-14,26.613132
2019-08-15,26.876135
2019-08-16,27.238649
2019-08-19,27.316849
2019-08-20,27.395033
2019-08-21,27.487438
2019-08-22,27.387924
2019-08-23,27.331060
2019-08-26,27.473228
2019-08-27,27.459007
2019-08-28,27.522985
2019-08-29,27.537199
2019-08-30,27.658037
2019-09-03,27.501654
2019-09-04,27.857067
2019-09-05,27.857067
2019-09-06,27.835747
2019-09-09,27.771767
2019-09-10,27.686468
2019-09-11,27.679359
2019-09-12,27.636715
2019-09-13,27.864182
2019-09-16,27.743332
2019-09-17,27.913933
2019-09-18,27.928156
2019-09-19,28.098747
2019-09-20,28.077421
2019-09-23,28.106836
2019-09-24,28.006382
2019-09-25,28.106836
2019-09-26,28.286230
2019-09-27,28.192945
2019-09-30,28.357988
2019-10-01,28.171421
2019-10-02,28.013556
2019-10-03,28.228830
2019-10-04,28.566080
2019-10-07,28.472801
2019-10-08,28.386692
2019-10-09,28.530199
2019-10-10,28.558899
2019-10-11,28.845926
2019-10-14,28.810049
2019-10-15,29.010962
2019-10-16,29.211885
2019-10-17,29.254938
2019-10-18,29.247757
2019-10-21,29.419975
2019-10-22,29.398457
2019-10-23,29.405624
2019-10-24,29.290817
2019-10-25,29.183182
2019-10-28,29.219063
2019-10-29,29.183182
2019-10-30,29.312338
2019-10-31,29.412802
2019-11-01,29.527611
2019-11-04,29.491734
2019-11-05,29.384100
2019-11-06,29.297993
2019-11-07,29.219063
2019-11-08,28.932037
2019-11-11,28.795700
2019-11-12,28.645004
2019-11-13,28.487152
2019-11-14,28.609138
2019-11-15,28.831579
2019-11-18,29.046852
2019-11-19,29.154476
2019-11-20,29.132946
2019-11-21,28.989443
2019-11-22,28.881804
2019-11-25,29.039660
2019-11-26,29.161659
2019-11-27,29.219063
2019-11-29,29.132946
2019-12-02,29.054022
2019-12-03,28.996616
2019-12-04,29.061192
2019-12-05,29.089897
2019-12-06,29.283653
2019-12-09,29.254938
2019-12-10,29.204710
2019-12-11,29.147299
2019-12-12,29.010962
2019-12-13,28.924856
2019-12-16,29.104246
2019-12-17,28.910505
2019-12-18,28.881804
2019-12-19,29.125771
2019-12-20,29.154476
2019-12-23,29.149891
2019-12-24,29.226322
2019-12-26,29.425037
2019-12-27,29.616106
2019-12-30,29.554958
2019-12-31,29.646681
2020-01-02,29.707825
2020-01-03,29.646681
2020-01-06,29.715466
2020-01-07,29.608473
2020-01-08,29.394464
2020-01-09,29.371542
2020-01-10,29.386818
2020-01-13,29.547321
2020-01-14,29.524397
2020-01-15,29.623743
2020-01-16,29.814821
2020-01-17,29.937099
2020-01-21,29.738403
2020-01-22,29.860676
2020-01-23,29.921825
2020-01-24,29.990610
2020-01-27,29.608473
2020-01-28,29.646681
2020-01-29,29.814821
2020-01-30,29.807177
2020-01-31,29.684891
2020-02-03,29.654316
2020-02-04,29.799536
2020-02-05,29.814821
2020-02-06,29.799536
2020-02-07,29.661972
2020-02-10,29.830107
2020-02-11,29.937099
2020-02-12,29.952383
2020-02-13,29.960033
2020-02-14,30.219896
2020-02-18,30.112900
2020-02-19,30.021187
2020-02-20,29.906530
2020-02-21,29.845392
2020-02-24,29.256889
2020-02-25,28.943537
2020-02-26,28.637827
2020-02-27,27.949961
2020-02-28,27.353819
2020-03-02,27.506676
2020-03-03,27.873537
2020-03-04,28.530821
2020-03-05,28.423822
2020-03-06,27.888817
2020-03-09,26.299103
2020-03-10,26.459599
2020-03-11,25.710604
2020-03-12,23.050879
2020-03-13,22.737524
2020-03-16,20.490522
2020-03-17,20.093098
2020-03-18,18.228233
2020-03-19,17.112379
2020-03-20,17.517452
2020-03-23,17.576086
2020-03-24,19.211790
2020-03-25,20.461714
2020-03-26,21.040384
2020-03-27,20.299688
2020-03-30,20.469431
2020-03-31,20.654608
2020-04-01,19.906193
2020-04-02,19.697876
2020-04-03,19.034330
2020-04-06,19.759600
2020-04-07,20.538872
2020-04-08,20.955515
2020-04-09,21.503321
2020-04-13,21.349010
2020-04-14,21.464739
2020-04-15,20.847496
2020-04-16,20.693184
2020-04-17,21.302713
2020-04-20,21.024950
2020-04-21,20.469431
2020-04-22,20.670036
2020-04-23,20.747187
2020-04-24,20.739473
2020-04-27,21.094395
2020-04-28,21.233274
2020-04-29,21.750223
2020-04-30,21.611334
2020-05-01,21.179266
2020-05-04,21.063530
2020-05-05,21.140686
2020-05-06,20.901505
2020-05-07,21.287285
2020-05-08,21.765646
2020-05-11,21.819658
2020-05-12,21.217840
2020-05-13,20.893789
2020-05-14,20.801203
2020-05-15,20.600595
2020-05-18,21.287285
2020-05-19,21.256420
2020-05-20,21.410730
2020-05-21,21.194698
2020-05-22,21.125252
2020-05-26,21.896814
2020-05-27,22.081987
2020-05-28,22.020262
2020-05-29,22.213150
2020-06-01,22.645222
2020-06-02,23.216173
2020-06-03,23.941442
2020-06-04,23.725405
2020-06-05,24.196060
2020-06-08,24.658985
2020-06-09,24.327223
2020-06-10,24.149763
2020-06-11,22.753241
2020-06-12,23.362776
2020-06-15,23.169884
2020-06-16,23.439932
2020-06-17,23.578808
2020-06-18,23.439932
2020-06-19,23.077295
2020-06-22,23.250998
2020-06-23,23.149734
2020-06-24,22.659012
2020-06-25,22.760275
2020-06-26,22.526594
2020-06-29,22.581121
2020-06-30,22.448698
2020-07-01,22.799217
2020-07-02,23.126368
2020-07-06,23.289940
2020-07-07,22.892687
2020-07-08,23.009531
2020-07-09,22.697958
2020-07-10,22.838163
2020-07-13,22.627857
2020-07-14,22.861532
2020-07-15,22.931639
2020-07-16,22.651226
2020-07-17,22.744692
2020-07-20,22.768064
2020-07-21,22.892687
2020-07-22,23.017323
2020-07-23,22.807005
2020-07-24,22.783640
2020-07-27,22.931639
2020-07-28,22.923845
2020-07-29,23.360046
2020-07-30,23.118580
2020-07-31,22.954998
2020-08-03,22.954998
2020-08-04,23.219843
2020-08-05,23.476885
2020-08-06,23.367838
2020-08-07,23.321100
2020-08-10,23.398989
2020-08-11,23.375622
2020-08-12,23.617092
2020-08-13,23.515837
2020-08-14,23.430151
2020-08-17,23.593727
2020-08-18,23.585936
2020-08-19,23.250998
2020-08-20,23.554779
2020-08-21,23.687189
2020-08-24,23.772875
2020-08-25,23.718353
2020-08-26,23.858564
2020-08-27,23.593727
2020-08-28,23.967604
2020-08-31,23.804035
2020-09-01,23.765095
2020-09-02,24.037716
2020-09-03,23.741722
2020-09-04,23.624880
2020-09-08,23.500256
2020-09-09,23.804035
2020-09-10,23.461311
2020-09-11,23.461311
2020-09-14,23.656038
2020-09-15,23.952038
2020-09-16,24.170130
2020-09-17,24.294762
2020-09-18,23.850773
2020-09-21,23.244894
2020-09-22,23.197742
2020-09-23,22.820551
2020-09-24,22.946280
2020-09-25,23.048437
2020-09-28,23.425636
2020-09-29,23.205606
2020-09-30,23.347054
2020-10-01,23.598516
2020-10-02,23.629951
2020-10-05,23.936424
2020-10-06,23.755686
2020-10-07,23.771402
2020-10-08,23.834267
2020-10-09,23.889280
2020-10-12,23.983576
2020-10-13,23.779259
2020-10-14,23.692820
2020-10-15,23.661388
2020-10-16,23.362770
2020-10-19,23.354912
2020-10-20,23.472786
2020-10-21,23.464928
2020-10-22,23.464928
2020-10-23,23.567085
2020-10-26,23.182024
2020-10-27,22.993431
2020-10-28,22.286188
2020-10-29,22.474779
2020-10-30,22.435490
2020-11-02,22.639803
2020-11-03,23.127024
2020-11-04,23.457073
2020-11-05,24.093594
2020-11-06,24.030731
2020-11-09,24.785126
2020-11-10,25.217333
2020-11-11,25.563097
2020-11-12,25.123032
2020-11-13,25.272343
2020-11-16,25.602390
2020-11-17,25.680969
2020-11-18,25.555239
2020-11-19,25.665255
2020-11-20,25.633821
2020-11-23,25.484518
2020-11-24,25.845999
2020-11-25,25.877432
2020-11-27,25.924580
2020-11-30,25.476656
2020-12-01,26.018887
2020-12-02,25.853857
2020-12-03,26.121042
2020-12-04,26.293917
2020-12-07,26.105320
2020-12-08,26.199623
2020-12-09,26.128895
2020-12-10,26.215336
2020-12-11,26.231060
2020-12-14,26.270348
2020-12-15,26.553251
2020-12-16,26.733990
2020-12-17,26.906870
2020-12-18,26.529669
2020-12-21,26.069984
2020-12-22,26.188658
2020-12-23,26.560526
2020-12-24,26.623825
2020-12-28,26.789976
2020-12-29,27.019423
2020-12-30,27.146019
2020-12-31,26.971951
2021-01-04,26.679205
2021-01-05,27.051071
2021-01-06,27.146019
2021-01-07,26.813715
2021-01-08,26.916571
2021-01-11,26.489325
2021-01-12,26.513056
2021-01-13,26.481403
2021-01-14,26.782066
2021-01-15,26.544701
2021-01-19,26.742502
2021-01-20,26.908653
2021-01-21,26.647564
2021-01-22,26.560526
2021-01-25,26.489325
2021-01-26,26.726675
2021-01-27,26.560526
2021-01-28,26.782066
2021-01-29,26.615913
2021-02-01,26.623825
2021-02-02,26.734594
2021-02-03,26.734594
2021-02-04,26.702946
2021-02-05,26.861185
2021-02-08,26.869101
2021-02-09,27.003605
2021-02-10,27.011509
2021-02-11,27.035244
2021-02-12,27.185575
2021-02-16,27.383379
2021-02-17,27.233044
2021-02-18,26.948217
2021-02-19,27.019423
2021-02-22,27.114367
2021-02-23,27.517878
2021-02-24,27.739412
2021-02-25,27.327993
2021-02-26,26.979864
2021-03-01,27.343817
2021-03-02,27.288433
2021-03-03,27.011509
2021-03-04,27.003605
2021-03-05,26.861185
2021-03-08,26.813715
2021-03-09,26.964039
2021-03-10,27.066896
2021-03-11,27.248867
2021-03-12,27.335894
2021-03-15,27.422930
2021-03-16,27.715673
2021-03-17,27.794796
2021-03-18,27.399197
2021-03-19,27.502052
2021-03-22,27.427345
2021-03-23,27.339924
2021-03-24,27.300179
2021-03-25,27.212759
2021-03-26,27.618095
2021-03-29,27.427345
2021-03-30,27.538614
2021-03-31,27.379665
2021-04-01,27.618095
2021-04-05,27.912153
2021-04-06,27.848572
2021-04-07,28.047262
2021-04-08,28.158524
2021-04-09,28.071104
2021-04-12,28.023418
2021-04-13,28.261850
2021-04-14,28.476437
2021-04-15,28.635391
2021-04-16,28.881767
2021-04-19,28.786394
2021-04-20,28.643339
2021-04-21,28.691017
2021-04-22,28.627439
2021-04-23,28.794340
2021-04-26,28.913555
2021-04-27,28.770496
2021-04-28,28.873819
2021-04-29,28.865868
2021-04-30,28.675131
2021-05-03,28.945345
2021-05-04,28.706923
2021-05-05,28.722815
2021-05-06,28.921503
2021-05-07,29.279152
2021-05-10,29.255314
2021-05-11,29.000982
2021-05-12,28.381071
2021-05-13,28.468487
2021-05-14,28.683077
2021-05-17,28.714870
2021-05-18,28.929447
2021-05-19,28.818184
2021-05-20,29.167883
2021-05-21,28.937399
2021-05-24,29.310934
2021-05-25,29.334778
2021-05-26,29.398361
2021-05-27,29.557312
2021-05-28,29.573212
2021-06-01,29.676531
2021-06-02,29.978542
2021-06-03,29.740110
2021-06-04,30.018282
2021-06-07,30.336187
2021-06-08,30.550772
2021-06-09,30.518982
2021-06-10,30.749462
2021-06-11,30.526930
2021-06-14,30.693836
2021-06-15,30.415659
2021-06-16,30.153389
2021-06-17,29.787798
2021-06-18,29.525524
2021-06-21,29.956455
2021-06-22,30.036551
2021-06-23,29.820284
2021-06-24,29.948437
2021-06-25,29.916399
2021-06-28,29.684122
2021-06-29,29.644072
2021-06-30,29.411787
2021-07-01,29.395769
2021-07-02,29.692131
2021-07-06,29.988487
2021-07-07,29.988487
2021-07-08,29.852337
2021-07-09,30.429029
2021-07-12,30.541168
2021-07-13,30.156702
2021-07-14,30.164707
2021-07-15,29.940424
2021-07-16,29.836300
2021-07-19,29.363724
2021-07-20,29.692131
2021-07-21,29.932425
2021-07-22,29.940424
2021-07-23,30.052565
2021-07-26,29.980488
2021-07-27,30.092623
2021-07-28,30.364948
2021-07-29,30.332916
2021-07-30,30.356943
2021-08-02,30.380972
2021-08-03,30.405001
2021-08-04,30.461065
2021-08-05,30.797480
2021-08-06,30.509125
2021-08-09,30.388975
2021-08-10,30.276842
2021-08-11,30.485094
2021-08-12,30.364948
2021-08-13,30.573202
2021-08-16,30.533150
2021-08-17,30.156702
2021-08-18,30.268831
2021-08-19,29.972467
2021-08-20,30.188730
2021-08-23,30.108639
2021-08-24,30.108639
2021-08-25,29.948437
2021-08-26,29.964464
2021-08-27,30.533150
2021-08-30,30.613256
2021-08-31,30.469080
2021-09-01,30.669315
2021-09-02,30.709366
2021-09-03,30.765434
2021-09-07,30.573202
2021-09-08,30.092623
2021-09-09,30.228777
2021-09-10,30.020527
2021-09-13,30.172712
2021-09-14,30.092623
2021-09-15,30.100636
2021-09-16,29.980488
2021-09-17,29.684122
2021-09-20,29.220909
2021-09-21,29.592115
2021-09-22,29.640547
2021-09-23,29.898777
2021-09-24,29.422661
2021-09-27,29.535635
2021-09-28,28.978811
2021-09-29,28.768999
2021-09-30,28.647949
2021-10-01,28.785137
2021-10-04,28.664095
2021-10-05,28.656023
2021-10-06,28.502693
2021-10-07,28.744785
2021-10-08,28.486553
2021-10-11,28.526901
2021-10-12,28.768999
2021-10-13,29.156357
2021-10-14,29.253187
2021-10-15,29.503357
2021-10-18,29.366163
2021-10-19,29.575985
2021-10-20,29.575985
2021-10-21,29.479149
2021-10-22,29.656683
2021-10-25,29.624401
2021-10-26,29.519493
2021-10-27,29.600199
2021-10-28,29.906845
2021-10-29,29.575985
2021-11-01,29.479149
2021-11-02,29.487223
2021-11-03,29.688965
2021-11-04,29.842289
2021-11-05,30.060173
2021-11-08,30.124737
2021-11-09,29.995609
2021-11-10,29.592115
2021-11-11,29.519493
2021-11-12,29.616329
2021-11-15,29.527561
2021-11-16,29.535635
2021-11-17,29.414589
2021-11-18,29.551773
2021-11-19,29.414589
2021-11-22,29.220909
2021-11-23,29.269335
2021-11-24,29.293539
2021-11-26,28.890047
2021-11-29,28.857769
2021-11-30,28.486553
2021-12-01,28.309019
2021-12-02,28.575321
2021-12-03,28.486553
2021-12-06,28.728653
2021-12-07,29.027241
2021-12-08,29.059511
2021-12-09,29.059511
2021-12-10,29.124077
2021-12-13,28.680231
2021-12-14,28.591457
2021-12-15,28.881983
2021-12-16,28.712505
2021-12-17,28.849701
2021-12-20,28.529932
2021-12-21,28.695616
2021-12-22,28.778465
2021-12-23,28.894428
2021-12-27,29.217503
2021-12-28,29.258926
2021-12-29,29.358332
2021-12-30,29.424608
2021-12-31,29.490879
2022-01-03,29.524010
2022-01-04,29.466022
2022-01-05,28.977272
2022-01-06,28.877863
2022-01-07,28.819878
2022-01-10,28.670761
2022-01-11,28.737038
2022-01-12,28.869581
2022-01-13,28.737038
2022-01-14,28.753603
2022-01-18,28.206863
2022-01-19,28.297989
2022-01-20,27.867224
2022-01-21,27.933495
2022-01-24,27.809233
2022-01-25,27.726393
2022-01-26,27.684969
2022-01-27,27.626987
2022-01-28,27.751247
2022-01-31,28.223431
2022-02-01,28.074320
2022-02-02,28.281420
2022-02-03,28.057751
2022-02-04,27.825802
2022-02-07,27.709829
2022-02-08,27.527576
2022-02-09,28.157162
2022-02-10,28.032896
2022-02-11,27.610422
2022-02-14,27.502722
2022-02-15,27.900358
2022-02-16,28.380823
2022-02-17,28.124027
2022-02-18,27.925207
2022-02-22,27.742964
2022-02-23,27.453020
2022-02-24,27.353619
2022-02-25,27.925207
2022-02-28,27.726393
2022-03-01,27.303904
2022-03-02,27.693256
2022-03-03,27.378468
2022-03-04,26.848295
2022-03-07,26.268415
2022-03-08,26.492088
2022-03-09,27.212788
2022-03-10,27.096811
2022-03-11,27.013973
2022-03-14,27.080246
2022-03-15,27.146519
2022-03-16,27.834078
2022-03-17,28.008045
2022-03-18,28.355970
2022-03-21,28.129671
2022-03-22,28.454151
2022-03-23,27.805191
2022-03-24,27.913355
2022-03-25,28.204557
2022-03-28,28.204557
2022-03-29,28.811907
2022-03-30,28.587269
2022-03-31,28.379274
2022-04-01,28.737028
2022-04-04,28.662151
2022-04-05,28.504068
2022-04-06,28.204557
2022-04-07,28.187918
2022-04-08,28.029837
2022-04-11,27.888397
2022-04-12,27.697039
2022-04-13,27.888397
2022-04-14,27.821833
2022-04-18,27.722000
2022-04-19,27.605518
2022-04-20,27.580563
2022-04-21,27.538956
2022-04-22,27.164568
2022-04-25,27.122961
2022-04-26,26.706966
2022-04-27,26.815128
2022-04-28,26.873363
2022-04-29,26.465689
2022-05-02,26.182808
2022-05-03,26.174486
2022-05-04,26.407452
2022-05-05,25.850010
2022-05-06,25.500578
2022-05-09,24.851622
2022-05-10,24.843300
2022-05-11,24.893227
2022-05-12,25.034660
2022-05-13,25.642014
2022-05-16,25.658657
2022-05-17,26.024729
2022-05-18,25.658657
2022-05-19,25.916574
2022-05-20,25.983133
2022-05-23,26.266010
2022-05-24,26.207769
2022-05-25,26.241053
2022-05-26,26.357531
2022-05-27,26.665367
2022-05-31,26.449049
2022-06-01,26.082973
2022-06-02,26.357531
2022-06-03,25.966496
2022-06-06,26.024729
2022-06-07,26.049688
2022-06-08,25.666975
2022-06-09,25.242659
2022-06-10,24.776741
2022-06-13,23.953072
2022-06-14,23.620270
2022-06-15,23.903149
2022-06-16,23.562037
2022-06-17,23.603634
2022-06-21,23.856655
2022-06-22,23.764191
2022-06-23,23.823034
2022-06-24,24.226526
2022-06-27,24.142467
2022-06-28,24.176094
2022-06-29,23.915499
2022-06-30,23.722155
2022-07-01,23.738974
2022-07-05,23.259823
2022-07-06,23.411131
2022-07-07,23.688532
2022-07-08,23.680128
2022-07-11,23.385910
2022-07-12,23.469975
2022-07-13,23.469975
2022-07-14,23.024448
2022-07-15,23.343889
2022-07-18,23.478378
2022-07-19,23.932312
2022-07-20,23.789408
2022-07-21,23.949127
2022-07-22,24.318993
2022-07-25,24.461899
2022-07-26,24.209721
2022-07-27,24.436682
2022-07-28,24.840178
2022-07-29,25.210049
2022-08-01,25.226860
2022-08-02,24.789740
2022-08-03,24.924238
2022-08-04,25.025114
2022-08-05,24.714087
2022-08-08,24.856989
2022-08-09,24.672052
2022-08-10,25.453831
2022-08-11,25.336138
2022-08-12,25.462233
2022-08-15,25.336138
2022-08-16,25.226860
2022-08-17,24.831774
2022-08-18,24.789740
2022-08-19,24.403059
2022-08-22,23.856655
2022-08-23,23.873470
2022-08-24,23.755783
2022-08-25,24.033186
2022-08-26,23.604471
2022-08-29,23.587662
2022-08-30,23.478378
2022-08-31,23.369108
2022-09-01,22.990828
2022-09-02,22.982420
2022-09-06,22.873137
2022-09-07,23.116917
2022-09-08,22.881546
2022-09-09,23.377504
2022-09-12,23.646503
2022-09-13,22.814295
2022-09-14,22.797485
2022-09-15,22.545300
2022-09-16,22.814295
2022-09-19,22.857761
2022-09-20,22.158901
2022-09-21,21.971403
2022-09-22,21.800953
2022-09-23,21.085049
2022-09-26,20.573689
2022-09-27,19.977106
2022-09-28,20.428806
2022-09-29,20.156078
2022-09-30,20.548120
2022-10-03,20.914597
2022-10-04,21.366297
2022-10-05,20.837893
2022-10-06,20.582211
2022-10-07,20.309488
2022-10-10,20.198689
2022-10-11,20.011196
2022-10-12,19.908918
2022-10-13,20.096420
2022-10-14,19.738466
2022-10-17,20.318008
2022-10-18,20.241310
2022-10-19,19.789604
2022-10-20,19.951534
2022-10-21,20.062330
2022-10-24,19.908918
2022-10-25,20.590734
2022-10-26,20.897551
2022-10-27,21.050959
2022-10-28,21.187321
2022-10-31,20.846411
2022-11-01,21.246983
2022-11-02,20.923120
2022-11-03,20.650394
2022-11-04,21.289591
2022-11-07,21.281067
2022-11-08,21.528229
2022-11-09,21.238457
2022-11-10,22.559465
2022-11-11,23.045261
2022-11-14,22.602079
2022-11-15,22.789577
2022-11-16,22.576513
2022-11-17,22.585037
2022-11-18,22.636173
2022-11-21,22.508333
2022-11-22,22.550945
2022-11-23,22.602079
2022-11-25,22.891851
2022-11-28,22.567991
2022-11-29,22.806623
2022-11-30,22.908894
2022-12-01,23.036737
2022-12-02,23.079348
2022-12-05,22.942986
2022-12-06,22.815145
2022-12-07,22.857761
2022-12-08,23.036737
2022-12-09,22.994122
2022-12-12,22.917423
2022-12-13,23.420256
2022-12-14,23.607756
2022-12-15,23.164576
2022-12-16,22.832191
2022-12-19,22.722839
2022-12-20,22.343985
2022-12-21,22.808945
2022-12-22,22.688396
2022-12-23,22.826164
2022-12-27,22.826164
2022-12-28,22.602299
2022-12-29,23.118917
2022-12-30,23.050039
2023-01-03,23.265297
2023-01-04,23.540831
2023-01-05,23.058645
2023-01-06,23.411673
2023-01-09,23.644157
2023-01-10,23.540831
2023-01-11,23.997183
2023-01-12,24.281322
2023-01-13,24.246880
2023-01-17,24.384647
2023-01-18,24.238274
2023-01-19,24.091890
2023-01-20,24.255489
2023-01-23,24.341597
2023-01-24,24.505190
2023-01-25,24.599903
2023-01-26,24.642962
2023-01-27,24.754896
2023-01-30,24.642962
2023-01-31,24.539633
2023-02-01,24.806559
2023-02-02,25.150972
2023-02-03,24.677399
2023-02-06,24.367424
2023-02-07,24.315763
2023-02-08,24.289932
2023-02-09,24.100504
2023-02-10,23.979956
2023-02-13,24.048838
2023-02-14,23.988569
2023-02-15,23.695814
2023-02-16,23.747478
2023-02-17,23.756090
2023-02-21,23.342789
2023-02-22,23.265297
2023-02-23,23.446115
2023-02-24,23.161972
2023-02-27,23.385841
2023-02-28,23.325569
2023-03-01,23.118917
2023-03-02,23.101696
2023-03-03,23.411673
2023-03-06,23.351400
2023-03-07,22.929485
2023-03-08,22.877834
2023-03-09,22.533413
2023-03-10,22.326765
2023-03-13,22.542023
2023-03-14,22.946712
2023-03-15,22.628128
2023-03-16,22.593687
2023-03-17,22.343985
2023-03-20,22.529047
2023-03-21,22.572487
2023-03-22,22.277084
2023-03-23,22.268389
2023-03-24,22.216263
2023-03-27,22.268389
2023-03-28,22.277084
2023-03-29,22.372658
2023-03-30,22.789700
2023-03-31,22.833141
2023-04-03,23.171988
2023-04-04,23.232807
2023-04-05,23.024284
2023-04-06,23.102482
2023-04-10,23.015600
2023-04-11,23.024284
2023-04-12,23.102482
2023-04-13,23.319691
2023-04-14,23.293625
2023-04-17,23.389200
2023-04-18,23.354441
2023-04-19,23.180677
2023-04-20,23.206738
2023-04-21,23.354441
2023-04-24,23.354441
2023-04-25,23.250181
2023-04-26,23.311003
2023-04-27,23.589033
2023-04-28,23.788868
2023-05-01,23.693295
2023-05-02,23.328381
2023-05-03,23.389200
2023-05-04,23.484776
2023-05-05,23.788868
2023-05-08,23.745422
2023-05-09,23.363132
2023-05-10,23.406578
2023-05-11,23.293625
2023-05-12,23.050352
2023-05-15,23.337067
2023-05-16,23.076414
2023-05-17,23.015600
2023-05-18,22.659370
2023-05-19,22.746256
2023-05-22,22.737566
2023-05-23,22.702816
2023-05-24,22.294456
2023-05-25,22.042494
2023-05-26,22.216263
2023-05-30,22.155443
2023-05-31,22.103313
2023-06-01,22.172825
2023-06-02,22.659370
2023-06-05,22.572487
2023-06-06,22.798388
2023-06-07,22.641994
2023-06-08,22.615934
2023-06-09,22.720190
2023-06-12,22.589863
2023-06-13,22.537731
2023-06-14,22.563797
2023-06-15,22.720190
2023-06-16,22.807076
2023-06-20,22.423330
2023-06-21,22.405647
2023-06-22,22.043125
2023-06-23,21.601025
2023-06-26,21.777864
2023-06-27,21.919338
2023-06-28,21.945862
2023-06-29,21.804390
2023-06-30,21.901653
2023-07-03,22.175756
2023-07-05,22.273018
2023-07-06,21.910494
2023-07-07,22.034285
2023-07-10,22.113861
2023-07-11,22.449858
2023-07-12,22.927324
2023-07-13,23.201427
2023-07-14,23.068798
2023-07-17,23.042273
2023-07-18,23.015749
2023-07-19,23.351742
2023-07-20,23.298693
2023-07-21,23.227953
2023-07-24,23.289848
2023-07-25,23.219110
2023-07-26,23.475527
2023-07-27,23.360582
2023-07-28,23.342899
2023-07-31,23.272161
2023-08-01,22.865431
2023-08-02,22.538275
2023-08-03,22.573645
2023-08-04,22.573645
2023-08-07,22.715118
2023-08-08,22.600172
2023-08-09,22.600172
2023-08-10,22.600172
2023-08-11,22.432175
2023-08-14,22.184597
2023-08-15,21.937019
2023-08-16,21.866287
2023-08-17,21.777864
2023-08-18,21.689447
2023-08-21,21.486078
2023-08-22,21.574499
2023-08-23,21.954704
2023-08-24,21.830919
2023-08-25,21.892815
2023-08-28,22.034285
2023-08-29,22.326067
2023-08-30,22.352600
2023-08-31,22.370279
2023-09-01,22.299545
2023-09-05,22.140387
2023-09-06,22.105017
2023-09-07,22.087334
2023-09-08,22.051970
2023-09-11,22.122704
2023-09-12,22.051970
2023-09-13,21.892815
2023-09-14,22.228809
2023-09-15,22.078493
2023-09-18,21.889898
2023-09-19,21.880959
2023-09-20,21.925653
2023-09-21,21.639626
2023-09-22,21.639626
2023-09-25,21.532362
2023-09-26,21.237400
2023-09-27,21.067572
2023-09-28,21.040758
2023-09-29,21.255278
2023-10-02,20.906685
2023-10-03,20.647474
2023-10-04,20.656410
2023-10-05,20.915621
2023-10-06,21.085449
2023-10-09,21.085449
2023-10-10,21.371477
2023-10-11,21.416166
2023-10-12,21.219519
2023-10-13,20.996065
2023-10-16,21.049698
2023-10-17,21.112263
2023-10-18,20.665350
2023-10-19,20.441893
2023-10-20,20.379324
2023-10-23,20.343565
2023-10-24,20.504461
2023-10-25,20.227369
2023-10-26,20.200558
2023-10-27,20.209497
2023-10-30,20.298876
2023-10-31,20.504461
2023-11-01,20.701101
2023-11-02,21.416166
2023-11-03,21.970335
2023-11-06,21.585991
2023-11-07,21.389351
2023-11-08,21.282087
2023-11-09,21.201645
2023-11-10,21.282087
2023-11-13,21.273153
2023-11-14,22.175922
2023-11-15,22.193796
2023-11-16,22.068661
2023-11-17,22.256367
2023-11-20,22.408318
2023-11-21,22.283180
2023-11-22,22.274240
2023-11-24,22.390442
2023-11-27,22.390442
2023-11-28,22.453009
2023-11-29,22.497698
2023-11-30,22.479822
2023-12-01,22.774786
2023-12-04,22.703279
2023-12-05,22.730097
2023-12-06,22.846292
2023-12-07,23.087627
2023-12-08,22.980368
2023-12-11,23.016121
2023-12-12,22.989309
2023-12-13,23.516665
2023-12-14,24.222790
2023-12-15,23.838448
2023-12-18,23.754089
2023-12-19,23.870750
2023-12-20,23.763065
2023-12-21,24.148943
2023-12-22,24.166893
2023-12-26,24.175865
2023-12-27,24.427139
2023-12-28,24.400215
2023-12-29,24.489954
2024-01-02,24.139971
2024-01-03,23.861774
2024-01-04,23.700249
2024-01-05,23.879728
2024-01-08,24.050230
2024-01-09,23.843830
2024-01-10,23.852802
2024-01-11,23.888700
2024-01-12,23.978437
2024-01-16,23.466921
2024-01-17,22.946432
2024-01-18,22.937458
2024-01-19,23.090014
2024-01-22,23.179756
2024-01-23,22.973358
2024-01-24,23.090014
2024-01-25,23.054117
2024-01-26,23.143858
2024-01-29,23.305389
2024-01-30,23.197704
2024-01-31,23.143858
2024-02-01,23.251549
2024-02-02,22.991302
2024-02-05,22.811823
2024-02-06,22.982328
2024-02-07,22.910536
2024-02-08,22.811823
2024-02-09,22.749002
2024-02-12,22.865664
2024-02-13,22.264410
2024-02-14,22.416967
2024-02-15,22.749002
2024-02-16,22.641314
2024-02-20,22.587471
2024-02-21,22.614395
2024-02-22,22.641314
2024-02-23,22.632341
2024-02-26,22.533634
2024-02-27,22.479788
2024-02-28,22.282358
2024-02-29,22.336203
2024-03-01,22.461836
2024-03-04,22.407993
2024-03-05,22.300310
2024-03-06,22.596449
2024-03-07,22.695164
2024-03-08,23.000277
2024-03-11,23.000277
2024-03-12,22.874640
2024-03-13,22.847717
2024-03-14,22.713112
2024-03-15,22.838743
2024-03-18,22.848692
2024-03-19,23.011442
2024-03-20,23.309822
2024-03-21,23.445452
2024-03-22,23.409283
2024-03-25,23.364075
2024-03-26,23.336948
2024-03-27,23.572037
2024-03-28,23.590122
2024-04-01,23.345989
2024-04-02,23.138033
2024-04-03,23.110905
2024-04-04,23.011442
2024-04-05,23.047611
2024-04-08,23.373117
2024-04-09,23.418322
2024-04-10,22.794439
2024-04-11,22.884859
2024-04-12,22.496059
2024-04-15,22.315224
2024-04-16,22.116302
2024-04-17,22.152470
2024-04-18,22.188637
2024-04-19,22.206720
2024-04-22,22.496059
2024-04-23,22.767317
2024-04-24,22.477978
2024-04-25,22.324266
2024-04-26,22.532228
2024-04-29,22.767317
2024-04-30,22.396603
2024-05-01,22.459894
2024-05-02,23.083780
2024-05-03,23.210365
2024-05-06,23.282698
2024-05-07,23.228447
2024-05-08,23.074738
2024-05-09,23.201321
2024-05-10,23.020485
2024-05-13,23.020485
2024-05-14,23.083780
2024-05-15,23.490658
2024-05-16,23.427368
2024-05-17,23.391201
2024-05-20,23.264616
2024-05-21,23.192278
2024-05-22,23.029528
2024-05-23,22.622650
2024-05-24,22.758272
2024-05-28,22.767317
2024-05-29,22.387560
2024-05-30,22.704023
2024-05-31,22.866776
2024-06-03,22.966236
2024-06-04,23.092823
2024-06-05,23.183239
2024-06-06,23.092823
2024-06-07,22.595516
2024-06-10,22.640730
2024-06-11,22.242889
2024-06-12,22.441811
2024-06-13,22.288097
2024-06-14,22.161514
2024-06-17,22.053009
2024-06-18,22.188637
2024-06-20,22.125345
2024-06-21,21.980673
2024-06-24,22.180401
2024-06-25,22.162077
2024-06-26,21.933033
2024-06-27,21.942198
2024-06-28,21.988007
2024-07-01,21.878065
2024-07-02,22.015490
2024-07-03,22.299501
2024-07-05,22.436928
2024-07-08,22.326986
2024-07-09,22.345308
2024-07-10,22.620161
2024-07-11,23.014111
2024-07-12,23.417225
2024-07-15,23.307289
2024-07-16,23.398905
2024-07-17,23.444712
2024-07-18,23.197346
2024-07-19,22.995790
2024-07-22,23.105726
2024-07-23,22.931654
2024-07-24,22.720936
2024-07-25,22.720936
2024-07-26,22.940819
2024-07-29,22.922497
2024-07-30,23.041595
2024-07-31,23.389742
2024-08-01,23.142374
2024-08-02,23.316448
2024-08-05,22.931654
2024-08-06,23.114889
2024-08-07,23.096563
2024-08-08,23.398905
2024-08-09,23.563814
2024-08-12,23.362257
2024-08-13,23.811178
2024-08-14,23.866148
2024-08-15,23.893631
2024-08-16,23.939438
2024-08-19,24.287584
2024-08-20,24.205128
2024-08-21,24.388363
2024-08-22,24.351713
2024-08-23,24.809797
2024-08-26,25.057165
2024-08-27,25.102972
2024-08-28,24.965548
2024-08-29,24.800636
2024-08-30,24.883093
2024-09-03,24.626562
2024-09-04,24.754829
2024-09-05,25.102972
2024-09-06,25.048004
2024-09-09,25.130459
2024-09-10,25.313688
2024-09-11,25.313688
2024-09-12,25.460278
2024-09-13,25.634348
2024-09-16,25.826748
2024-09-17,25.579378
2024-09-18,25.405304
2024-09-19,25.762615
2024-09-20,25.405304
2024-09-23,25.544184
2024-09-24,25.636768
2024-09-25,25.396049
2024-09-26,25.812679
2024-09-27,25.794167
2024-09-30,25.525667
2024-10-01,25.525667
2024-10-02,25.377529
2024-10-03,25.136810
2024-10-04,25.136810
2024-10-07,24.747955
2024-10-08,24.655369
2024-10-09,24.627594
2024-10-10,24.525749
2024-10-11,24.683144
2024-10-14,24.609076
2024-10-15,24.479460
2024-10-16,24.636854
2024-10-17,24.488714
2024-10-18,24.544268
2024-10-21,24.062828
2024-10-22,23.923950
2024-10-23,23.803589
2024-10-24,23.738777
2024-10-25,23.590641
2024-10-28,23.766556
2024-10-29,23.535091
2024-10-30,23.525835
2024-10-31,23.266592
2024-11-01,23.229559
2024-11-04,23.331408
2024-11-05,23.488800
2024-11-06,22.905512
2024-11-07,23.146235
2024-11-08,23.099941
2024-11-11,22.849962
2024-11-12,22.553694
2024-11-13,22.359261
2024-11-14,22.340744
2024-11-15,22.479622
2024-11-18,22.498138
2024-11-19,22.516661
2024-11-20,22.303713
2024-11-21,22.275934
2024-11-22,22.442591
2024-11-25,22.618500
2024-11-26,22.553694
2024-11-27,22.840702
2024-11-29,22.914772
2024-12-02,22.729603
2024-12-03,22.738859
2024-12-04,22.683308
2024-12-05,22.599983
2024-12-06,22.562950
2024-12-09,22.359261
2024-12-10,22.174095
2024-12-11,22.183352
2024-12-12,21.988926
2024-12-13,21.887079
2024-12-16,21.748201
2024-12-17,21.748201
2024-12-18,21.266760
2024-12-19,21.044558
2024-12-20,21.424156
2024-12-23,21.439093
2024-12-24,21.579159
2024-12-26,21.653860
2024-12-27,21.663197
2024-12-30,21.495121
2024-12-31,21.513798
2025-01-02,21.429758
2025-01-03,21.551144
2025-01-06,21.653860
2025-01-07,21.457769
2025-01-08,21.205654
2025-01-10,20.925526
2025-01-13,20.906853
2025-01-14,21.000229
2025-01-15,21.448431
2025-01-16,21.495121
2025-01-17,21.569824
2025-01-21,21.803263
2025-01-22,21.569824
2025-01-23,21.719225
2025-01-24,21.905973
2025-01-27,22.148752
2025-01-28,22.260803
2025-01-29,22.223452
2025-01-30,22.456890
2025-01-31,22.242125
2025-02-03,22.148752
2025-02-04,22.260803
2025-02-05,22.484907
2025-02-06,22.578281
2025-02-07,22.372854
2025-02-10,22.466227
2025-02-11,22.428879
2025-02-12,22.363518
2025-02-13,22.634308
2025-02-14,22.643642
2025-02-18,22.680996
2025-02-19,22.484907
2025-02-20,22.690331
2025-02-21,22.512918
2025-02-24,22.540930
2025-02-25,22.793045
2025-02-26,22.680996
2025-02-27,22.568943
2025-02-28,22.522255
2025-03-03,22.512918
2025-03-04,22.671656
2025-03-05,22.783710
2025-03-06,22.372854
2025-03-07,22.680996
2025-03-10,22.475565
2025-03-11,22.456890
2025-03-12,22.596958
2025-03-13,22.512918
2025-03-14,22.821058
2025-03-17,23.063835
2025-03-18,22.998472
2025-03-19,23.007807
2025-03-20,22.979795
2025-03-21,22.942446
2025-03-24,22.984798
2025-03-25,23.097746
2025-03-26,23.041277
2025-03-27,23.078928
2025-03-28,23.107161
2025-03-31,23.041277
2025-04-01,23.125984
2025-04-02,23.069511
2025-04-03,23.314232
2025-04-04,22.420061
2025-04-07,21.874151
2025-04-08,21.704731
2025-04-09,22.514189
2025-04-10,22.551836
2025-04-11,23.285994
2025-04-14,23.540127
2025-04-15,23.596598
2025-04-16,23.803669
2025-04-17,24.255459
2025-04-21,24.246046
2025-04-22,24.509590
2025-04-23,24.198984
2025-04-24,24.387232
2025-04-25,24.236635
2025-04-28,24.528416
2025-04-29,24.594301
2025-04-30,24.575478
2025-05-01,24.584888
2025-05-02,24.923733
2025-05-05,25.017855
2025-05-06,25.111977
2025-05-07,25.008444
2025-05-08,24.547239
2025-05-09,24.707249
2025-05-12,24.509590
2025-05-13,24.302519
2025-05-14,24.189573
2025-05-15,24.453117
2025-05-16,24.613123
2025-05-19,24.726072
2025-05-20,24.857845
2025-05-21,24.763721
2025-05-22,24.613123
2025-05-23,24.829607
2025-05-27,25.036680
2025-05-28,25.046093
2025-05-29,25.159039
2025-05-30,25.281397
2025-06-02,25.507292
2025-06-03,25.281397
2025-06-04,25.290812
2025-06-05,25.253160
2025-06-06,25.271988
2025-06-09,25.309637
2025-06-10,25.488470
2025-06-11,25.507292
2025-06-12,25.686127
2025-06-13,25.469645
2025-06-16,25.375521
2025-06-17,25.347284
2025-06-18,25.516706
2025-06-20,25.375521
2025-06-23,25.658823
2025-06-24,25.782412
2025-06-25,25.658823
2025-06-26,25.915508
2025-06-27,25.934519
2025-06-30,26.048599
2025-07-01,26.143669
2025-07-02,26.134161
2025-07-03,26.077120
2025-07-07,25.772905
2025-07-08,25.620794
2025-07-09,25.734879
2025-07-10,25.582769
2025-07-11,25.364113
2025-07-14,25.506714
2025-07-15,25.288059
2025-07-16,25.402138
2025-07-17,25.440166
2025-07-18,25.364113
2025-07-21,25.687344
2025-07-22,25.915508
2025-07-23,26.010576
2025-07-24,25.725370
2025-07-25,25.668329
2025-07-28,25.506714
2025-07-29,25.573261
2025-07-30,25.440166
2025-07-31,25.269045
2025-08-01,25.478191
2025-08-04,25.905998
2025-08-05,25.934519
2025-08-06,26.295778
2025-08-07,26.324299
2025-08-08,26.400352
2025-08-11,26.295778
2025-08-12,26.438379
2025-08-13,26.523941
2025-08-14,26.314791
2025-08-15,26.352819
2025-08-18,26.286270
2025-08-19,26.476406
2025-08-20,26.638021
2025-08-21,26.419367
2025-08-22,26.790131
2025-08-25,26.552460
2025-08-26,26.495420
2025-08-27,26.619009
2025-08-28,26.571476
2025-08-29,26.495420
2025-09-02,26.143669
2025-09-03,26.162683
2025-09-04,26.124653
2025-09-05,26.466902
2025-09-08,26.619009
2025-09-09,26.609503
2025-09-10,26.533449
2025-09-11,26.828157
2025-09-12,26.799639
2025-09-15,26.989771
2025-09-16,26.894707
2025-09-17,26.799639
2025-09-18,26.685556
2025-09-19,26.599993
2025-09-22,26.551004
2025-09-23,26.704700
2025-09-24,26.368492
2025-09-25,26.157156
2025-09-26,26.474157
2025-09-29,26.522186
2025-09-30,26.714308
2025-10-01,26.723913
2025-10-02,26.579824
2025-10-03,26.675884
2025-10-06,26.714308
2025-10-07,26.474157
2025-10-08,26.282038
2025-10-09,26.089916
2025-10-10,26.003464
2025-10-13,26.282038
2025-10-14,26.531796
2025-10-15,26.474157
2025-10-16,26.723913
2025-10-17,26.771942
2025-10-20,26.887217
2025-10-21,26.829578
2025-10-22,27.012094
2025-10-23,27.233030
2025-10-24,27.127365
2025-10-27,27.146576
2025-10-28,27.165791
2025-10-29,26.762337
2025-10-30,26.647064
2025-10-31,26.493368
2025-11-03,26.378098
2025-11-04,26.358885
2025-11-05,26.570219
2025-11-06,26.762337
2025-11-07,27.012094
2025-11-10,26.944851
2025-11-11,27.242640
2025-11-12,27.213818
2025-11-13,26.916033
2025-11-14,26.877607
2025-11-17,26.752731
2025-11-18,26.579824
2025-11-19,26.387703
2025-11-20,26.214794
2025-11-21,26.435734
2025-11-24,26.502975
2025-11-25,26.733519
2025-11-26,26.983276
2025-11-28,27.050518
2025-12-01,26.723913
2025-12-02,26.771942
2025-12-03,26.858397
2025-12-04,26.743126
2025-12-05,26.579824
2025-12-08,26.349277
2025-12-09,26.320459
2025-12-10,26.541399
2025-12-11,26.589428
2025-12-12,26.675884
2025-12-15,26.695095
2025-12-16,26.704700
2025-12-17,26.733519
2025-12-18,26.877607
2025-12-19,26.896822
2025-12-22,26.935619
2025-12-23,27.061712
2025-12-24,27.275105
2025-12-26,27.284801
2025-12-29,27.236305
2025-12-30,27.265406
2025-12-31,27.158709
2026-01-02,27.352699
2026-01-05,27.488493
2026-01-06,27.391497
2026-01-07,27.672785
2026-01-08,27.827976
2026-01-09,27.798878
2026-01-12,27.866774
2026-01-13,27.575787
2026-01-14,27.653383
2026-01-15,27.827976
2026-01-16,27.983170
2026-01-20,27.546690
2026-01-21,27.536987
2026-01-22,27.740683
2026-01-23,27.827976
2026-01-26,27.963768
2026-01-27,28.254755
2026-01-28,28.303255
2026-01-29,28.642738
2026-01-30,28.235357
2026-02-02,28.021967
2026-02-03,28.196558
2026-02-04,28.448748
2026-02-05,28.118961
2026-02-06,28.468145
2026-02-09,28.807631
2026-02-10,29.040417
2026-02-11,29.273207
2026-02-12,29.127716
2026-02-13,29.098616
2026-02-17,29.302305
2026-02-18,29.050119
2026-02-19,29.011320
2026-02-20,29.263508
2026-02-23,29.195610
2026-02-24,29.234407
2026-02-25,29.389601
2026-02-26,29.544792
2026-02-27,29.525396
2026-03-02,28.856129
2026-03-03,28.264456
2026-03-04,28.342052
2026-03-05,27.963768
2026-03-06,27.798878
2026-03-09,27.701883
2026-03-10,27.769777
2026-03-11,27.372097
2026-03-12,26.906519
2026-03-13,26.625235
2026-03-16,27.168409
2026-03-17,27.362398
2026-03-18,27.013216
2026-03-19,26.877422
2026-03-20,26.149954
2026-03-23,26.324806
2026-03-24,26.178284
2026-03-25,26.383413
2026-03-26,25.826635
2026-03-27,25.572666
2026-03-30,25.533594
2026-03-31,26.002460
2026-04-01,26.442019
2026-04-02,26.344339
2026-04-06,26.412716
2026-04-07,26.402948
2026-04-08,27.369982
2026-04-09,27.282068
2026-04-10,27.457893
2026-04-13,27.448126
2026-04-14,27.916992
2026-04-15,27.936527
2026-04-16,27.916992
2026-04-17,28.200264
2026-04-20,28.073278
2026-04-21,27.604414
2026-04-22,27.721630
2026-04-23,27.536039
2026-04-24,27.584879
2026-04-27,27.496965
2026-04-28,27.321142
2026-04-29,27.008564
2026-04-30,27.584879
2026-05-01,27.545807
2026-05-04,27.203926
2026-05-05,27.389519
2026-05-06,27.907221
2026-05-07,27.487196
2026-05-08,27.594646
2026-05-11,27.526272
2026-05-12,27.174622
2026-05-13,27.096478
2026-05-14,26.910885
2026-05-15,26.529932
2026-05-18,26.598309
2026-05-19,26.676451
2026-05-20,26.949957
2026-05-21,26.930422
2026-05-22,26.764364
2026-05-26,26.959726
2026-05-27,26.940189
2026-05-28,27.028101
2026-05-29,27.008564
2026-06-01,26.608076
2026-06-02,26.520164
2026-06-03,26.256426
2026-06-04,26.275963
2026-06-05,25.807098
2026-06-08,25.953619
2026-06-09,26.217356
2026-06-10,26.363876
2026-06-11,26.754597
2026-06-12,27.018333
2026-06-15,26.862043
2026-06-16,26.705757
2026-06-17,26.305269
2026-06-18,26.266195
2026-06-22,26.115889
2026-06-23,26.007113
2026-06-24,26.392771
2026-06-25,26.659763
2026-06-26,26.837759
2026-06-29,26.887203
2026-06-30,26.709208
2026-07-01,26.600431
2026-07-02,27.005865
2026-07-06,27.035532
2026-07-07,27.045422
2026-07-08,26.728985
2026-07-09,26.738874
2026-07-10,26.867426
2026-07-13,26.867426
2026-07-14,27.065199
2026-07-15,27.302526
2026-07-16,27.223417
2026-07-17,27.391523
2026-07-20,27.223417
2026-07-21,27.262970
2026-07-22,27.292637
2026-07-23,27.065199
2026-07-24,27.292637
2026-07-27,27.381636
2026-07-28,27.579407
2026-07-29,27.589294
2026-07-30,28.133171
2026-07-31,27.737625
2026-08-03,27.698071
2026-08-04,27.876066
2026-08-05,27.737625
2026-08-06,27.579407
2026-08-07,27.806847
2026-08-10,27.549742
2026-08-11,27.569517
2026-08-12,27.559631
2026-08-13,27.589294
2026-08-14,27.470633
2026-08-17,27.164083
2026-08-18,27.134418
2026-08-19,27.193750
2026-08-20,27.292637
2026-08-21,27.510187
2026-08-24,27.549742
2026-08-25,27.579407
2026-08-26,27.510187
2026-08-27,27.401411
2026-08-28,27.164083
2026-08-31,26.995977
2026-09-01,26.926756
2026-09-02,26.976200
2026-09-03,27.223417
2026-09-04,27.223417
2026-09-08,27.084974
2026-09-09,26.738874
2026-09-10,26.501545
2026-09-11,26.570766
2026-09-14,26.422436
2026-09-15,26.343327
2026-09-16,26.264217
2026-09-17,26.333439
2026-09-18,26.105999
2026-09-21,26.110001
2026-09-22,26.260000
2026-09-23,25.850000
2026-09-24,25.750000
2026-09-25,25.799999
2026-09-28,25.670000
2026-09-29,25.459999
2026-09-30,25.370001
2026-10-01,25.150000
2026-10-02,25.010000
