date,adj_close
2007-01-11,80.379189
2007-01-12,80.423553
2007-01-16,80.408722
2007-01-17,80.453110
2007-01-18,80.445679
2007-01-19,80.430901
2007-01-22,80.460472
2007-01-23,80.467865
2007-01-24,80.512291
2007-01-25,80.512291
2007-01-26,80.504898
2007-01-29,80.564034
2007-01-30,80.564034
2007-01-31,80.600952
2007-02-01,80.603966
2007-02-02,80.626167
2007-02-05,80.648438
2007-02-06,80.641014
2007-02-07,80.685555
2007-02-08,80.678101
2007-02-09,80.700325
2007-02-12,80.700325
2007-02-13,80.700325
2007-02-14,80.752342
2007-02-15,80.759651
2007-02-16,80.774475
2007-02-20,80.781929
2007-02-21,80.811607
2007-02-22,80.811607
2007-02-23,80.848671
2007-02-26,80.856087
2007-02-27,80.870949
2007-02-28,80.922874
2007-03-01,80.920586
2007-03-02,80.965195
2007-03-05,80.950340
2007-03-06,80.957748
2007-03-07,80.987534
2007-03-08,80.994949
2007-03-09,80.987534
2007-03-12,81.009796
2007-03-13,81.061806
2007-03-14,81.069252
2007-03-15,81.061806
2007-03-16,81.076683
2007-03-19,81.076683
2007-03-20,81.099075
2007-03-21,81.151054
2007-03-22,81.128761
2007-03-23,81.158501
2007-03-26,81.165901
2007-03-27,81.188255
2007-03-28,81.210526
2007-03-29,81.232803
2007-03-30,81.232803
2007-04-02,81.236534
2007-04-03,81.251457
2007-04-04,81.296173
2007-04-05,81.288765
2007-04-09,81.296173
2007-04-10,81.318481
2007-04-11,81.340874
2007-04-12,81.363251
2007-04-13,81.378105
2007-04-16,81.393059
2007-04-17,81.400558
2007-04-18,81.452660
2007-04-19,81.460167
2007-04-20,81.452660
2007-04-23,81.482491
2007-04-24,81.489914
2007-04-25,81.512268
2007-04-26,81.489914
2007-04-27,81.519722
2007-04-30,81.534637
2007-05-01,81.557838
2007-05-02,81.595177
2007-05-03,81.602707
2007-05-04,81.617668
2007-05-07,81.602707
2007-05-08,81.632614
2007-05-09,81.677414
2007-05-10,81.684906
2007-05-11,81.692337
2007-05-14,81.699852
2007-05-15,81.729790
2007-05-16,81.774597
2007-05-17,81.782089
2007-05-18,81.789558
2007-05-21,81.789558
2007-05-22,81.789558
2007-05-23,81.834358
2007-05-24,81.849380
2007-05-25,81.864334
2007-05-29,81.871819
2007-05-30,81.909164
2007-05-31,81.916649
2007-06-01,81.929443
2007-06-04,81.966942
2007-06-05,81.959473
2007-06-06,81.974419
2007-06-07,82.011948
2007-06-08,82.026962
2007-06-11,82.034523
2007-06-12,82.041985
2007-06-13,82.026962
2007-06-14,82.086952
2007-06-15,82.109505
2007-06-18,82.117012
2007-06-19,82.139481
2007-06-20,82.162064
2007-06-21,82.169556
2007-06-22,82.192062
2007-06-25,82.199532
2007-06-26,82.207077
2007-06-27,82.229538
2007-06-28,82.252060
2007-06-29,82.274574
2007-07-02,82.277657
2007-07-03,82.262520
2007-07-05,82.300240
2007-07-06,82.300240
2007-07-09,82.322838
2007-07-10,82.352951
2007-07-11,82.352951
2007-07-12,82.368042
2007-07-13,82.383133
2007-07-16,82.390717
2007-07-17,82.405746
2007-07-18,82.428291
2007-07-19,82.443367
2007-07-20,82.473557
2007-07-23,82.473557
2007-07-24,82.481140
2007-07-25,82.503693
2007-07-26,82.548943
2007-07-27,82.548943
2007-07-30,82.548943
2007-07-31,82.579079
2007-08-01,82.607849
2007-08-02,82.638123
2007-08-03,82.660782
2007-08-06,82.653206
2007-08-07,82.660782
2007-08-08,82.675934
2007-08-09,82.728844
2007-08-10,82.744026
2007-08-13,82.759140
2007-08-14,82.804573
2007-08-15,82.887810
2007-08-16,82.971008
2007-08-17,83.001297
2007-08-20,83.107147
2007-08-21,83.145042
2007-08-22,83.152596
2007-08-23,83.145042
2007-08-24,83.031540
2007-08-27,82.993706
2007-08-28,83.069359
2007-08-29,83.084488
2007-08-30,83.137398
2007-08-31,83.122337
2007-09-04,83.120811
2007-09-05,83.158768
2007-09-06,83.120811
2007-09-07,83.219551
2007-09-10,83.227150
2007-09-11,83.219551
2007-09-12,83.265114
2007-09-13,83.234749
2007-09-14,83.234749
2007-09-17,83.257568
2007-09-18,83.287895
2007-09-19,83.341118
2007-09-20,83.341118
2007-09-21,83.363861
2007-09-24,83.371452
2007-09-25,83.394218
2007-09-26,83.416977
2007-09-27,83.424599
2007-09-28,83.394218
2007-10-01,83.413261
2007-10-02,83.420883
2007-10-03,83.459000
2007-10-04,83.459000
2007-10-05,83.436111
2007-10-08,83.420883
2007-10-09,83.451355
2007-10-10,83.481880
2007-10-11,83.489510
2007-10-12,83.443771
2007-10-15,83.443771
2007-10-16,83.489510
2007-10-17,83.535210
2007-10-18,83.603806
2007-10-19,83.634285
2007-10-22,83.603806
2007-10-23,83.634285
2007-10-24,83.687622
2007-10-25,83.710510
2007-10-26,83.710510
2007-10-29,83.710510
2007-10-30,83.725708
2007-10-31,83.718079
2007-11-01,83.780830
2007-11-02,83.796135
2007-11-05,83.826675
2007-11-06,83.834389
2007-11-07,83.895554
2007-11-08,83.949059
2007-11-09,84.002594
2007-11-12,83.994911
2007-11-13,83.956741
2007-11-14,84.010269
2007-11-15,84.063789
2007-11-16,84.071442
2007-11-19,84.124939
2007-11-20,84.147919
2007-11-21,84.163216
2007-11-23,84.178459
2007-11-26,84.209068
2007-11-27,84.186127
2007-11-28,84.193817
2007-11-29,84.216721
2007-11-30,84.224350
2007-12-03,84.241257
2007-12-04,84.264297
2007-12-05,84.264297
2007-12-06,84.256592
2007-12-07,84.248940
2007-12-10,84.279655
2007-12-11,84.364006
2007-12-12,84.341064
2007-12-13,84.341064
2007-12-14,84.325623
2007-12-17,84.302666
2007-12-18,84.294983
2007-12-19,84.379349
2007-12-20,84.394699
2007-12-21,84.348679
2007-12-24,84.348679
2007-12-26,84.371689
2007-12-27,84.403252
2007-12-28,84.411003
2007-12-31,84.395599
2008-01-02,84.480309
2008-01-03,84.441788
2008-01-04,84.503372
2008-01-07,84.457169
2008-01-08,84.511108
2008-01-09,84.541878
2008-01-10,84.564995
2008-01-11,84.611153
2008-01-14,84.618843
2008-01-15,84.595764
2008-01-16,84.618843
2008-01-17,84.642006
2008-01-18,84.742073
2008-01-22,84.834465
2008-01-23,84.842171
2008-01-24,84.857597
2008-01-25,84.903816
2008-01-28,84.865372
2008-01-29,84.919205
2008-01-30,84.973091
2008-01-31,84.988495
2008-02-01,85.011635
2008-02-04,84.980812
2008-02-05,85.003967
2008-02-06,85.019394
2008-02-07,85.019394
2008-02-08,85.019394
2008-02-11,85.003967
2008-02-12,85.003967
2008-02-13,85.057999
2008-02-14,85.073471
2008-02-15,85.081192
2008-02-19,85.065727
2008-02-20,85.088875
2008-02-21,85.112030
2008-02-22,85.104340
2008-02-25,85.104340
2008-02-26,85.127480
2008-02-27,85.150681
2008-02-28,85.135216
2008-02-29,85.150681
2008-03-03,85.171547
2008-03-04,85.187019
2008-03-05,85.241203
2008-03-06,85.287613
2008-03-07,85.256638
2008-03-10,85.310837
2008-03-11,85.256638
2008-03-12,85.318535
2008-03-13,85.326302
2008-03-14,85.357277
2008-03-17,85.434570
2008-03-18,85.450096
2008-03-19,85.488762
2008-03-20,85.504234
2008-03-24,85.364960
2008-03-25,85.357277
2008-03-26,85.372673
2008-03-27,85.411377
2008-03-28,85.426849
2008-03-31,85.419144
2008-04-01,85.415199
2008-04-02,85.399734
2008-04-03,85.415199
2008-04-04,85.423019
2008-04-07,85.399734
2008-04-08,85.430756
2008-04-09,85.446297
2008-04-10,85.492805
2008-04-11,85.492805
2008-04-14,85.492805
2008-04-15,85.454010
2008-04-16,85.485008
2008-04-17,85.485008
2008-04-18,85.454010
2008-04-21,85.461716
2008-04-22,85.485008
2008-04-23,85.485008
2008-04-24,85.485008
2008-04-25,85.438530
2008-04-28,85.446297
2008-04-29,85.469551
2008-04-30,85.492805
2008-05-01,85.512894
2008-05-02,85.481880
2008-05-05,85.489655
2008-05-06,85.466385
2008-05-07,85.512894
2008-05-08,85.520721
2008-05-09,85.512894
2008-05-12,85.489655
2008-05-13,85.458618
2008-05-14,85.458618
2008-05-15,85.466385
2008-05-16,85.505203
2008-05-19,85.512894
2008-05-20,85.512894
2008-05-21,85.497406
2008-05-22,85.505203
2008-05-23,85.505203
2008-05-27,85.512894
2008-05-28,85.512894
2008-05-29,85.512894
2008-05-30,85.505203
2008-06-02,85.533195
2008-06-03,85.548752
2008-06-04,85.548752
2008-06-05,85.548752
2008-06-06,85.556541
2008-06-09,85.517647
2008-06-10,85.494362
2008-06-11,85.509872
2008-06-12,85.509872
2008-06-13,85.502106
2008-06-16,85.502106
2008-06-17,85.540985
2008-06-18,85.572113
2008-06-19,85.579842
2008-06-20,85.564323
2008-06-23,85.572113
2008-06-24,85.603233
2008-06-25,85.626549
2008-06-26,85.642097
2008-06-27,85.634323
2008-06-30,85.665398
2008-07-01,85.684860
2008-07-02,85.692711
2008-07-03,85.700523
2008-07-07,85.708298
2008-07-08,85.708298
2008-07-09,85.747231
2008-07-10,85.747231
2008-07-11,85.739449
2008-07-14,85.770630
2008-07-15,85.801796
2008-07-16,85.809570
2008-07-17,85.809570
2008-07-18,85.801796
2008-07-21,85.817375
2008-07-22,85.801796
2008-07-23,85.825203
2008-07-24,85.825203
2008-07-25,85.832993
2008-07-28,85.840775
2008-07-29,85.832993
2008-07-30,85.832993
2008-07-31,85.871933
2008-08-01,85.860252
2008-08-04,85.860252
2008-08-05,85.860252
2008-08-06,85.868011
2008-08-07,85.891441
2008-08-08,85.883614
2008-08-11,85.868011
2008-08-12,85.883614
2008-08-13,85.883614
2008-08-14,85.891441
2008-08-15,85.907074
2008-08-18,85.875786
2008-08-19,85.914909
2008-08-20,85.961716
2008-08-21,85.946144
2008-08-22,85.946144
2008-08-25,85.961716
2008-08-26,85.961716
2008-08-27,85.985161
2008-08-28,85.977295
2008-08-29,85.977295
2008-09-02,85.992981
2008-09-03,86.008621
2008-09-04,86.024261
2008-09-05,86.008621
2008-09-08,85.992981
2008-09-09,86.024261
2008-09-10,86.039909
2008-09-11,86.047699
2008-09-12,86.063339
2008-09-15,86.188431
2008-09-16,86.219727
2008-09-17,86.415199
2008-09-18,86.391724
2008-09-19,86.196281
2008-09-22,86.196281
2008-09-23,86.243164
2008-09-24,86.250977
2008-09-25,86.329216
2008-09-26,86.305763
2008-09-29,86.266617
2008-09-30,86.243164
2008-10-01,86.364555
2008-10-02,86.466331
2008-10-03,86.372375
2008-10-06,86.341049
2008-10-07,86.403671
2008-10-08,86.466331
2008-10-09,86.435036
2008-10-10,86.513245
2008-10-13,86.200127
2008-10-14,86.474152
2008-10-15,86.544579
2008-10-16,86.356674
2008-10-17,86.356674
2008-10-20,86.301865
2008-10-21,86.294067
2008-10-22,86.364555
2008-10-23,86.317574
2008-10-24,86.356674
2008-10-27,86.442810
2008-10-28,86.442810
2008-10-29,86.466331
2008-10-30,86.450638
2008-10-31,86.411522
2008-11-03,86.521301
2008-11-04,86.435066
2008-11-05,86.450684
2008-11-06,86.568336
2008-11-07,86.576172
2008-11-10,86.591873
2008-11-11,86.607590
2008-11-12,86.631065
2008-11-13,86.607590
2008-11-14,86.599754
2008-11-17,86.615356
2008-11-18,86.607590
2008-11-19,86.654633
2008-11-20,86.670258
2008-11-21,86.717346
2008-11-24,86.678146
2008-11-25,86.701653
2008-11-26,86.701653
2008-11-28,86.717346
2008-12-01,86.721283
2008-12-02,86.705582
2008-12-03,86.744827
2008-12-04,86.768349
2008-12-05,86.760536
2008-12-08,86.729126
2008-12-09,86.784081
2008-12-10,86.799782
2008-12-11,86.784081
2008-12-12,86.807678
2008-12-15,86.799782
2008-12-16,86.768349
2008-12-17,86.729126
2008-12-18,86.729126
2008-12-19,86.768349
2008-12-22,86.768349
2008-12-23,86.791924
2008-12-24,86.784081
2008-12-26,86.768349
2008-12-29,86.815567
2008-12-30,86.807709
2008-12-31,86.791939
2009-01-02,86.658318
2009-01-05,86.721199
2009-01-06,86.760490
2009-01-07,86.776245
2009-01-08,86.681885
2009-01-09,86.744781
2009-01-12,86.791939
2009-01-13,86.791939
2009-01-14,86.807709
2009-01-15,86.752625
2009-01-16,86.760490
2009-01-20,86.760490
2009-01-21,86.729057
2009-01-22,86.752625
2009-01-23,86.784119
2009-01-26,86.752625
2009-01-27,86.768364
2009-01-28,86.768364
2009-01-29,86.744781
2009-01-30,86.744781
2009-02-02,86.754982
2009-02-03,86.731430
2009-02-04,86.676384
2009-02-05,86.731430
2009-02-06,86.676384
2009-02-09,86.707794
2009-02-10,86.723549
2009-02-11,86.707794
2009-02-12,86.692062
2009-02-13,86.699959
2009-02-17,86.668503
2009-02-18,86.707794
2009-02-19,86.613419
2009-02-20,86.644928
2009-02-23,86.707794
2009-02-24,86.699959
2009-02-25,86.668503
2009-02-26,86.676384
2009-02-27,86.692062
2009-03-02,86.719673
2009-03-03,86.719673
2009-03-04,86.735413
2009-03-05,86.727509
2009-03-06,86.727509
2009-03-09,86.727509
2009-03-10,86.743263
2009-03-11,86.743263
2009-03-12,86.758972
2009-03-13,86.774742
2009-03-16,86.743263
2009-03-17,86.751114
2009-03-18,86.782600
2009-03-19,86.766846
2009-03-20,86.758972
2009-03-23,86.774742
2009-03-24,86.766846
2009-03-25,86.774742
2009-03-26,86.782600
2009-03-27,86.766846
2009-03-30,86.790489
2009-03-31,86.790489
2009-04-01,86.775543
2009-04-02,86.759758
2009-04-03,86.775543
2009-04-06,86.759758
2009-04-07,86.791245
2009-04-08,86.791245
2009-04-09,86.783394
2009-04-13,86.791245
2009-04-14,86.806999
2009-04-15,86.822739
2009-04-16,86.822739
2009-04-17,86.806999
2009-04-20,86.830643
2009-04-21,86.814880
2009-04-22,86.830643
2009-04-23,86.838493
2009-04-24,86.783394
2009-04-27,86.791245
2009-04-28,86.799110
2009-04-29,86.846352
2009-04-30,86.838493
2009-05-01,86.789673
2009-05-04,86.781776
2009-05-05,86.766006
2009-05-06,86.773918
2009-05-07,86.766006
2009-05-08,86.758133
2009-05-11,86.773918
2009-05-12,86.781776
2009-05-13,86.789673
2009-05-14,86.789673
2009-05-15,86.797531
2009-05-18,86.781776
2009-05-19,86.789673
2009-05-20,86.821159
2009-05-21,86.821159
2009-05-22,86.789673
2009-05-26,86.773918
2009-05-27,86.789673
2009-05-28,86.852669
2009-05-29,86.797531
2009-06-01,86.857399
2009-06-02,86.786514
2009-06-03,86.825859
2009-06-04,86.810135
2009-06-05,86.778618
2009-06-08,86.747078
2009-06-09,86.770744
2009-06-10,86.818031
2009-06-11,86.818031
2009-06-12,86.786514
2009-06-15,86.786514
2009-06-16,86.841652
2009-06-17,86.849564
2009-06-18,86.841652
2009-06-19,86.833763
2009-06-22,86.802269
2009-06-23,86.794418
2009-06-24,86.810135
2009-06-25,86.841652
2009-06-26,86.849564
2009-06-29,86.825859
2009-06-30,86.849564
2009-07-01,86.831444
2009-07-02,86.823532
2009-07-06,86.823532
2009-07-07,86.831444
2009-07-08,86.862930
2009-07-09,86.862930
2009-07-10,86.831444
2009-07-13,86.847176
2009-07-14,86.847176
2009-07-15,86.839294
2009-07-16,86.839294
2009-07-17,86.831444
2009-07-20,86.823532
2009-07-21,86.831444
2009-07-22,86.839294
2009-07-23,86.839294
2009-07-24,86.831444
2009-07-27,86.847176
2009-07-28,86.839294
2009-07-29,86.855034
2009-07-30,86.839294
2009-07-31,86.847176
2009-08-03,86.814049
2009-08-04,86.821915
2009-08-05,86.837761
2009-08-06,86.853500
2009-08-07,86.821915
2009-08-10,86.829811
2009-08-11,86.845596
2009-08-12,86.845596
2009-08-13,86.853500
2009-08-14,86.853500
2009-08-17,86.861359
2009-08-18,86.861359
2009-08-19,86.853500
2009-08-20,86.853500
2009-08-21,86.861359
2009-08-24,86.853500
2009-08-25,86.861359
2009-08-26,86.885002
2009-08-27,86.845596
2009-08-28,86.853500
2009-08-31,86.885002
2009-09-01,86.821106
2009-09-02,86.892075
2009-09-03,86.892075
2009-09-04,86.884178
2009-09-08,86.860588
2009-09-09,86.884178
2009-09-10,86.868431
2009-09-11,86.899994
2009-09-14,86.876343
2009-09-15,86.884178
2009-09-16,86.876343
2009-09-17,86.884178
2009-09-18,86.884178
2009-09-21,86.868431
2009-09-22,86.884178
2009-09-23,86.884178
2009-09-24,86.876343
2009-09-25,86.868431
2009-09-28,86.860588
2009-09-29,86.868431
2009-09-30,86.884178
2009-10-01,86.893692
2009-10-02,86.877945
2009-10-05,86.877945
2009-10-06,86.901535
2009-10-07,86.917328
2009-10-08,86.909424
2009-10-09,86.885788
2009-10-12,86.885788
2009-10-13,86.893692
2009-10-14,86.893692
2009-10-15,86.893692
2009-10-16,86.893692
2009-10-19,86.901535
2009-10-20,86.901535
2009-10-21,86.925224
2009-10-22,86.933075
2009-10-23,86.917328
2009-10-26,86.901535
2009-10-27,86.925224
2009-10-28,86.941010
2009-10-29,86.933075
2009-10-30,86.925224
2009-11-02,86.904732
2009-11-03,86.912575
2009-11-04,86.888977
2009-11-05,86.920456
2009-11-06,86.904732
2009-11-09,86.912575
2009-11-10,86.928368
2009-11-11,86.912575
2009-11-12,86.920456
2009-11-13,86.936272
2009-11-16,86.920456
2009-11-17,86.952057
2009-11-18,86.952057
2009-11-19,86.944122
2009-11-20,86.959923
2009-11-23,86.912575
2009-11-24,86.952057
2009-11-25,86.952057
2009-11-27,86.944122
2009-11-30,86.936272
2009-12-01,86.936264
2009-12-02,86.920464
2009-12-03,86.920464
2009-12-04,86.928368
2009-12-07,86.904724
2009-12-08,86.920464
2009-12-09,86.928368
2009-12-10,86.904724
2009-12-11,86.904724
2009-12-14,86.904724
2009-12-15,86.920464
2009-12-16,86.920464
2009-12-17,86.904724
2009-12-18,86.912575
2009-12-21,86.928368
2009-12-22,86.928368
2009-12-23,86.928368
2009-12-24,86.912575
2009-12-28,86.944107
2009-12-29,86.939400
2009-12-30,86.939400
2009-12-31,86.931519
2010-01-04,86.939400
2010-01-05,86.907883
2010-01-06,86.915756
2010-01-07,86.915756
2010-01-08,86.947273
2010-01-11,86.947273
2010-01-12,86.939400
2010-01-13,86.931519
2010-01-14,86.931519
2010-01-15,86.923599
2010-01-19,86.939400
2010-01-20,86.939400
2010-01-21,86.939400
2010-01-22,86.923599
2010-01-25,86.955170
2010-01-26,86.955170
2010-01-27,86.923599
2010-01-28,86.923599
2010-01-29,86.955170
2010-02-01,86.933090
2010-02-02,86.948875
2010-02-03,86.940994
2010-02-04,86.940994
2010-02-05,86.925209
2010-02-08,86.956757
2010-02-09,86.956757
2010-02-10,86.948875
2010-02-11,86.956757
2010-02-12,86.956757
2010-02-16,86.933090
2010-02-17,86.948875
2010-02-18,86.956757
2010-02-19,86.940994
2010-02-22,86.948875
2010-02-23,86.948875
2010-02-24,86.940994
2010-02-25,86.964676
2010-02-26,86.956757
2010-03-01,86.955193
2010-03-02,86.915779
2010-03-03,86.939400
2010-03-04,86.947304
2010-03-05,86.939400
2010-03-08,86.955193
2010-03-09,86.947304
2010-03-10,86.939400
2010-03-11,86.931526
2010-03-12,86.947304
2010-03-15,86.947304
2010-03-16,86.923615
2010-03-17,86.947304
2010-03-18,86.947304
2010-03-19,86.947304
2010-03-22,86.947304
2010-03-23,86.955193
2010-03-24,86.939400
2010-03-25,86.939400
2010-03-26,86.931526
2010-03-29,86.931526
2010-03-30,86.955193
2010-03-31,86.947304
2010-04-01,86.918106
2010-04-05,86.910225
2010-04-06,86.925934
2010-04-07,86.918106
2010-04-08,86.918106
2010-04-09,86.925934
2010-04-12,86.933891
2010-04-13,86.925934
2010-04-14,86.925934
2010-04-15,86.925934
2010-04-16,86.957550
2010-04-19,86.918106
2010-04-20,86.941780
2010-04-21,86.933891
2010-04-22,86.941780
2010-04-23,86.941780
2010-04-26,86.941780
2010-04-27,86.941780
2010-04-28,86.925934
2010-04-29,86.933891
2010-04-30,86.941780
2010-05-03,86.922829
2010-05-04,86.914963
2010-05-05,86.938637
2010-05-06,86.938637
2010-05-07,86.930710
2010-05-10,86.922829
2010-05-11,86.930710
2010-05-12,86.938637
2010-05-13,86.946503
2010-05-14,86.954414
2010-05-17,86.930710
2010-05-18,86.930710
2010-05-19,86.946503
2010-05-20,86.954414
2010-05-21,86.954414
2010-05-24,86.954414
2010-05-25,86.946503
2010-05-26,86.930710
2010-05-27,86.954414
2010-05-28,86.954414
2010-06-01,86.951256
2010-06-02,86.959183
2010-06-03,86.943336
2010-06-04,86.974922
2010-06-07,86.943336
2010-06-08,86.974922
2010-06-09,86.951256
2010-06-10,86.974922
2010-06-11,86.982826
2010-06-14,86.974922
2010-06-15,86.943336
2010-06-16,86.959183
2010-06-17,86.974922
2010-06-18,86.959183
2010-06-21,86.974922
2010-06-22,86.951256
2010-06-23,86.959183
2010-06-24,86.959183
2010-06-25,86.974922
2010-06-28,86.967033
2010-06-29,86.967033
2010-06-30,86.982826
2010-07-01,86.948860
2010-07-02,86.964676
2010-07-06,86.948860
2010-07-07,86.972527
2010-07-08,86.988335
2010-07-09,86.988335
2010-07-12,86.988335
2010-07-13,86.964676
2010-07-14,86.996231
2010-07-15,86.972527
2010-07-16,86.980431
2010-07-19,86.964676
2010-07-20,86.972527
2010-07-21,86.964676
2010-07-22,86.980431
2010-07-23,86.964676
2010-07-26,86.956779
2010-07-27,86.972527
2010-07-28,86.988335
2010-07-29,86.964676
2010-07-30,86.964676
2010-08-02,86.963089
2010-08-03,86.963089
2010-08-04,86.994629
2010-08-05,86.970993
2010-08-06,86.970993
2010-08-09,86.970993
2010-08-10,86.970993
2010-08-11,86.978813
2010-08-12,86.994629
2010-08-13,86.970993
2010-08-16,86.978813
2010-08-17,86.986740
2010-08-18,87.002533
2010-08-19,86.978813
2010-08-20,87.002533
2010-08-23,86.978813
2010-08-24,86.970993
2010-08-25,86.978813
2010-08-26,86.970993
2010-08-27,86.994629
2010-08-30,86.978813
2010-08-31,86.986740
2010-09-01,86.985977
2010-09-02,86.985977
2010-09-03,86.993874
2010-09-07,86.978088
2010-09-08,86.978088
2010-09-09,86.978088
2010-09-10,86.978088
2010-09-13,87.009666
2010-09-14,86.985977
2010-09-15,87.001747
2010-09-16,87.009666
2010-09-17,86.993874
2010-09-20,86.993874
2010-09-21,86.993874
2010-09-22,86.993874
2010-09-23,87.017578
2010-09-24,86.993874
2010-09-27,87.009666
2010-09-28,87.009666
2010-09-29,87.001747
2010-09-30,87.009666
2010-10-01,87.000984
2010-10-04,86.985199
2010-10-05,87.000984
2010-10-06,87.000984
2010-10-07,86.993095
2010-10-08,87.024673
2010-10-11,86.993095
2010-10-12,87.000984
2010-10-13,87.016762
2010-10-14,86.993095
2010-10-15,87.016762
2010-10-18,87.000984
2010-10-19,87.024673
2010-10-20,87.016762
2010-10-21,87.008850
2010-10-22,87.024673
2010-10-25,87.008850
2010-10-26,87.024673
2010-10-27,87.000984
2010-10-28,87.008850
2010-10-29,87.008850
2010-11-01,86.984398
2010-11-02,87.000183
2010-11-03,87.031784
2010-11-04,87.031784
2010-11-05,87.008049
2010-11-08,87.008049
2010-11-09,87.000183
2010-11-10,87.000183
2010-11-11,86.992302
2010-11-12,87.000183
2010-11-15,87.000183
2010-11-16,87.000183
2010-11-17,87.008049
2010-11-18,87.000183
2010-11-19,87.015953
2010-11-22,87.023849
2010-11-23,86.992302
2010-11-24,87.000183
2010-11-26,87.000183
2010-11-29,86.984398
2010-11-30,87.008049
2010-12-01,86.991508
2010-12-02,87.007332
2010-12-03,87.015213
2010-12-06,87.023079
2010-12-07,87.023079
2010-12-08,87.023079
2010-12-09,87.023079
2010-12-10,87.007332
2010-12-13,87.007332
2010-12-14,87.023079
2010-12-15,87.023079
2010-12-16,87.023079
2010-12-17,87.007332
2010-12-20,87.030952
2010-12-21,87.030952
2010-12-22,87.007332
2010-12-23,86.999413
2010-12-27,86.999413
2010-12-28,87.038849
2010-12-29,87.038849
2010-12-30,87.030960
2010-12-31,87.038849
2011-01-03,87.030960
2011-01-04,87.038849
2011-01-05,87.038849
2011-01-06,87.038849
2011-01-07,87.038849
2011-01-10,87.007301
2011-01-11,87.007301
2011-01-12,87.015221
2011-01-13,87.007301
2011-01-14,87.007301
2011-01-18,87.007301
2011-01-19,87.015221
2011-01-20,87.015221
2011-01-21,87.007301
2011-01-24,87.023102
2011-01-25,87.007301
2011-01-26,87.015221
2011-01-27,87.015221
2011-01-28,87.023102
2011-01-31,87.023102
2011-02-01,87.038864
2011-02-02,87.023094
2011-02-03,87.038864
2011-02-04,87.015205
2011-02-07,87.030975
2011-02-08,87.030975
2011-02-09,87.038864
2011-02-10,87.038864
2011-02-11,87.030975
2011-02-14,87.038864
2011-02-15,87.023094
2011-02-16,87.038864
2011-02-17,87.046745
2011-02-18,87.023094
2011-02-22,87.030975
2011-02-23,87.015205
2011-02-24,87.023094
2011-02-25,87.038864
2011-02-28,87.030975
2011-03-01,87.022308
2011-03-02,87.022308
2011-03-03,87.022308
2011-03-04,87.022308
2011-03-07,87.022308
2011-03-08,87.022308
2011-03-09,87.053902
2011-03-10,87.061745
2011-03-11,87.053902
2011-03-14,87.061745
2011-03-15,87.053902
2011-03-16,87.038094
2011-03-17,87.038094
2011-03-18,87.061745
2011-03-21,87.053902
2011-03-22,87.038094
2011-03-23,87.061745
2011-03-24,87.045975
2011-03-25,87.053902
2011-03-28,87.053902
2011-03-29,87.038094
2011-03-30,87.038094
2011-03-31,87.045975
2011-04-01,87.069656
2011-04-04,87.061760
2011-04-05,87.038101
2011-04-06,87.045990
2011-04-07,87.069656
2011-04-08,87.061760
2011-04-11,87.053909
2011-04-12,87.077583
2011-04-13,87.077583
2011-04-14,87.085464
2011-04-15,87.069656
2011-04-18,87.077583
2011-04-19,87.093399
2011-04-20,87.085464
2011-04-21,87.101280
2011-04-25,87.061760
2011-04-26,87.069656
2011-04-27,87.093399
2011-04-28,87.069656
2011-04-29,87.093399
2011-05-02,87.076767
2011-05-03,87.092567
2011-05-04,87.100510
2011-05-05,87.092567
2011-05-06,87.100510
2011-05-09,87.061005
2011-05-10,87.084686
2011-05-11,87.061005
2011-05-12,87.068863
2011-05-13,87.100510
2011-05-16,87.061005
2011-05-17,87.092567
2011-05-18,87.076767
2011-05-19,87.076767
2011-05-20,87.061005
2011-05-23,87.084686
2011-05-24,87.068863
2011-05-25,87.084686
2011-05-26,87.076767
2011-05-27,87.092567
2011-05-31,87.084686
2011-06-01,87.083870
2011-06-02,87.083870
2011-06-03,87.083870
2011-06-06,87.068085
2011-06-07,87.068085
2011-06-08,87.060234
2011-06-09,87.060234
2011-06-10,87.068085
2011-06-13,87.052284
2011-06-14,87.060234
2011-06-15,87.068085
2011-06-16,87.075989
2011-06-17,87.075989
2011-06-20,87.083870
2011-06-21,87.091797
2011-06-22,87.091797
2011-06-23,87.091797
2011-06-24,87.075989
2011-06-27,87.068085
2011-06-28,87.075989
2011-06-29,87.091797
2011-06-30,87.099670
2011-07-01,87.098091
2011-07-05,87.098091
2011-07-06,87.105995
2011-07-07,87.090172
2011-07-08,87.082283
2011-07-11,87.082283
2011-07-12,87.074425
2011-07-13,87.082283
2011-07-14,87.090172
2011-07-15,87.082283
2011-07-18,87.082283
2011-07-19,87.082283
2011-07-20,87.066521
2011-07-21,87.066521
2011-07-22,87.058578
2011-07-25,87.082283
2011-07-26,87.050705
2011-07-27,87.066521
2011-07-28,87.042793
2011-07-29,87.050705
2011-08-01,87.038849
2011-08-02,87.086266
2011-08-03,87.094139
2011-08-04,87.094139
2011-08-05,87.094139
2011-08-08,87.078354
2011-08-09,87.109978
2011-08-10,87.086266
2011-08-11,87.094139
2011-08-12,87.086266
2011-08-15,87.086266
2011-08-16,87.094139
2011-08-17,87.094139
2011-08-18,87.094139
2011-08-19,87.109978
2011-08-22,87.109978
2011-08-23,87.109978
2011-08-24,87.109978
2011-08-25,87.094139
2011-08-26,87.094139
2011-08-29,87.117867
2011-08-30,87.094139
2011-08-31,87.086266
2011-09-01,87.090187
2011-09-02,87.082291
2011-09-06,87.106010
2011-09-07,87.082291
2011-09-08,87.082291
2011-09-09,87.082291
2011-09-12,87.082291
2011-09-13,87.098076
2011-09-14,87.082291
2011-09-15,87.106010
2011-09-16,87.090187
2011-09-19,87.090187
2011-09-20,87.090187
2011-09-21,87.082291
2011-09-22,87.098076
2011-09-23,87.090187
2011-09-26,87.106010
2011-09-27,87.090187
2011-09-28,87.090187
2011-09-29,87.082291
2011-09-30,87.098076
2011-10-03,87.079185
2011-10-04,87.094940
2011-10-05,87.094940
2011-10-06,87.094940
2011-10-07,87.087036
2011-10-10,87.102844
2011-10-11,87.079185
2011-10-12,87.079185
2011-10-13,87.079185
2011-10-14,87.087036
2011-10-17,87.094940
2011-10-18,87.094940
2011-10-19,87.094940
2011-10-20,87.079185
2011-10-21,87.094940
2011-10-24,87.079185
2011-10-25,87.079185
2011-10-26,87.079185
2011-10-27,87.071228
2011-10-28,87.071228
2011-10-31,87.087036
2011-11-01,87.074417
2011-11-02,87.074417
2011-11-03,87.082306
2011-11-04,87.098091
2011-11-07,87.098091
2011-11-08,87.090195
2011-11-09,87.082306
2011-11-10,87.082306
2011-11-11,87.098091
2011-11-14,87.082306
2011-11-15,87.082306
2011-11-16,87.105995
2011-11-17,87.090195
2011-11-18,87.098091
2011-11-21,87.105995
2011-11-22,87.082306
2011-11-23,87.090195
2011-11-25,87.074417
2011-11-28,87.090195
2011-11-29,87.090195
2011-11-30,87.074417
2011-12-01,87.094963
2011-12-02,87.094963
2011-12-05,87.079155
2011-12-06,87.079155
2011-12-07,87.087051
2011-12-08,87.094963
2011-12-09,87.094963
2011-12-12,87.094963
2011-12-13,87.102867
2011-12-14,87.094963
2011-12-15,87.094963
2011-12-16,87.094963
2011-12-19,87.102867
2011-12-20,87.087051
2011-12-21,87.087051
2011-12-22,87.087051
2011-12-23,87.071213
2011-12-27,87.081512
2011-12-28,87.081512
2011-12-29,87.081512
2011-12-30,87.097328
2012-01-03,87.081512
2012-01-04,87.081512
2012-01-05,87.081512
2012-01-06,87.089424
2012-01-09,87.097328
2012-01-10,87.097328
2012-01-11,87.097328
2012-01-12,87.081512
2012-01-13,87.089424
2012-01-17,87.089424
2012-01-18,87.089424
2012-01-19,87.089424
2012-01-20,87.073616
2012-01-23,87.081512
2012-01-24,87.089424
2012-01-25,87.097328
2012-01-26,87.097328
2012-01-27,87.089424
2012-01-30,87.081512
2012-01-31,87.081512
2012-02-01,87.073616
2012-02-02,87.065735
2012-02-03,87.057800
2012-02-06,87.065735
2012-02-07,87.065735
2012-02-08,87.065735
2012-02-09,87.057800
2012-02-10,87.057800
2012-02-13,87.057800
2012-02-14,87.057800
2012-02-15,87.065735
2012-02-16,87.057800
2012-02-17,87.057800
2012-02-21,87.057800
2012-02-22,87.073616
2012-02-23,87.073616
2012-02-24,87.073616
2012-02-27,87.057800
2012-02-28,87.073616
2012-02-29,87.073616
2012-03-01,87.057800
2012-03-02,87.057800
2012-03-05,87.073616
2012-03-06,87.073616
2012-03-07,87.065735
2012-03-08,87.065735
2012-03-09,87.073616
2012-03-12,87.073616
2012-03-13,87.073616
2012-03-14,87.073616
2012-03-15,87.065735
2012-03-16,87.057800
2012-03-19,87.057800
2012-03-20,87.057800
2012-03-21,87.057800
2012-03-22,87.065735
2012-03-23,87.065735
2012-03-26,87.057800
2012-03-27,87.057800
2012-03-28,87.073616
2012-03-29,87.065735
2012-03-30,87.065735
2012-04-02,87.073616
2012-04-03,87.057800
2012-04-04,87.057800
2012-04-05,87.057800
2012-04-09,87.057800
2012-04-10,87.065735
2012-04-11,87.065735
2012-04-12,87.073616
2012-04-13,87.089424
2012-04-16,87.081512
2012-04-17,87.081512
2012-04-18,87.073616
2012-04-19,87.073616
2012-04-20,87.065735
2012-04-23,87.065735
2012-04-24,87.065735
2012-04-25,87.065735
2012-04-26,87.065735
2012-04-27,87.073616
2012-04-30,87.065735
2012-05-01,87.073616
2012-05-02,87.065735
2012-05-03,87.057800
2012-05-04,87.081512
2012-05-07,87.073616
2012-05-08,87.081512
2012-05-09,87.065735
2012-05-10,87.081512
2012-05-11,87.073616
2012-05-14,87.065735
2012-05-15,87.073616
2012-05-16,87.065735
2012-05-17,87.065735
2012-05-18,87.057800
2012-05-21,87.065735
2012-05-22,87.065735
2012-05-23,87.065735
2012-05-24,87.073616
2012-05-25,87.081512
2012-05-29,87.081512
2012-05-30,87.081512
2012-05-31,87.089424
2012-06-01,87.065735
2012-06-04,87.089424
2012-06-05,87.089424
2012-06-06,87.089424
2012-06-07,87.073616
2012-06-08,87.081512
2012-06-11,87.089424
2012-06-12,87.089424
2012-06-13,87.089424
2012-06-14,87.089424
2012-06-15,87.081512
2012-06-18,87.073616
2012-06-19,87.081512
2012-06-20,87.081512
2012-06-21,87.089424
2012-06-22,87.081512
2012-06-25,87.081512
2012-06-26,87.073616
2012-06-27,87.065735
2012-06-28,87.081512
2012-06-29,87.081512
2012-07-02,87.073616
2012-07-03,87.081512
2012-07-05,87.073616
2012-07-06,87.081512
2012-07-09,87.081512
2012-07-10,87.073616
2012-07-11,87.073616
2012-07-12,87.073616
2012-07-13,87.081512
2012-07-16,87.073616
2012-07-17,87.073616
2012-07-18,87.081512
2012-07-19,87.073616
2012-07-20,87.073616
2012-07-23,87.081512
2012-07-24,87.081512
2012-07-25,87.073616
2012-07-26,87.073616
2012-07-27,87.081512
2012-07-30,87.073616
2012-07-31,87.081512
2012-08-01,87.081512
2012-08-02,87.089424
2012-08-03,87.089424
2012-08-06,87.073616
2012-08-07,87.081512
2012-08-08,87.073616
2012-08-09,87.073616
2012-08-10,87.081512
2012-08-13,87.081512
2012-08-14,87.081512
2012-08-15,87.073616
2012-08-16,87.081512
2012-08-17,87.081512
2012-08-20,87.073616
2012-08-21,87.073616
2012-08-22,87.073616
2012-08-23,87.089424
2012-08-24,87.089424
2012-08-27,87.089424
2012-08-28,87.089424
2012-08-29,87.081512
2012-08-30,87.089424
2012-08-31,87.097328
2012-09-04,87.090195
2012-09-05,87.090195
2012-09-06,87.090195
2012-09-07,87.090195
2012-09-10,87.090195
2012-09-11,87.090195
2012-09-12,87.090195
2012-09-13,87.098091
2012-09-14,87.098091
2012-09-17,87.098091
2012-09-18,87.098091
2012-09-19,87.090195
2012-09-20,87.090195
2012-09-21,87.090195
2012-09-24,87.090195
2012-09-25,87.082291
2012-09-26,87.082291
2012-09-27,87.082291
2012-09-28,87.090195
2012-10-01,87.083870
2012-10-02,87.091789
2012-10-03,87.083870
2012-10-04,87.091789
2012-10-05,87.083870
2012-10-08,87.091789
2012-10-09,87.091789
2012-10-10,87.091789
2012-10-11,87.083870
2012-10-12,87.083870
2012-10-15,87.083870
2012-10-16,87.083870
2012-10-17,87.083870
2012-10-18,87.091789
2012-10-19,87.083870
2012-10-22,87.091789
2012-10-23,87.091789
2012-10-24,87.083870
2012-10-25,87.083870
2012-10-26,87.083870
2012-10-31,87.083870
2012-11-01,87.091789
2012-11-02,87.091789
2012-11-05,87.075951
2012-11-06,87.075951
2012-11-07,87.075951
2012-11-08,87.075951
2012-11-09,87.075951
2012-11-12,87.075951
2012-11-13,87.075951
2012-11-14,87.075951
2012-11-15,87.091789
2012-11-16,87.083870
2012-11-19,87.083870
2012-11-20,87.083870
2012-11-21,87.083870
2012-11-23,87.083870
2012-11-26,87.091789
2012-11-27,87.099709
2012-11-28,87.099709
2012-11-29,87.099709
2012-11-30,87.091789
2012-12-03,87.085464
2012-12-04,87.085464
2012-12-05,87.085464
2012-12-06,87.085464
2012-12-07,87.093376
2012-12-10,87.085464
2012-12-11,87.093376
2012-12-12,87.093376
2012-12-13,87.101257
2012-12-14,87.101257
2012-12-17,87.101257
2012-12-18,87.101257
2012-12-19,87.109161
2012-12-20,87.101257
2012-12-21,87.109161
2012-12-24,87.101257
2012-12-26,87.101257
2012-12-27,87.109161
2012-12-28,87.109161
2012-12-31,87.125000
2013-01-02,87.109161
2013-01-03,87.109161
2013-01-04,87.109161
2013-01-07,87.101257
2013-01-08,87.101257
2013-01-09,87.109161
2013-01-10,87.109161
2013-01-11,87.109161
2013-01-14,87.101257
2013-01-15,87.101257
2013-01-16,87.101257
2013-01-17,87.093376
2013-01-18,87.101257
2013-01-22,87.101257
2013-01-23,87.101257
2013-01-24,87.093376
2013-01-25,87.093376
2013-01-28,87.093376
2013-01-29,87.101257
2013-01-30,87.101257
2013-01-31,87.101257
2013-02-01,87.103668
2013-02-04,87.095741
2013-02-05,87.103668
2013-02-06,87.103668
2013-02-07,87.095741
2013-02-08,87.095741
2013-02-11,87.103668
2013-02-12,87.103668
2013-02-13,87.103668
2013-02-14,87.095741
2013-02-15,87.095741
2013-02-19,87.095741
2013-02-20,87.095741
2013-02-21,87.087799
2013-02-22,87.095741
2013-02-25,87.095741
2013-02-26,87.095741
2013-02-27,87.095741
2013-02-28,87.095741
2013-03-01,87.096542
2013-03-04,87.088585
2013-03-05,87.088585
2013-03-06,87.096542
2013-03-07,87.096542
2013-03-08,87.088585
2013-03-11,87.088585
2013-03-12,87.104439
2013-03-13,87.104439
2013-03-14,87.104439
2013-03-15,87.104439
2013-03-18,87.096542
2013-03-19,87.096542
2013-03-20,87.096542
2013-03-21,87.104439
2013-03-22,87.112335
2013-03-25,87.104439
2013-03-26,87.104439
2013-03-27,87.112335
2013-03-28,87.104439
2013-04-01,87.096542
2013-04-02,87.096542
2013-04-03,87.104439
2013-04-04,87.104439
2013-04-05,87.104439
2013-04-08,87.112335
2013-04-09,87.104439
2013-04-10,87.112335
2013-04-11,87.112335
2013-04-12,87.112335
2013-04-15,87.112335
2013-04-16,87.112335
2013-04-17,87.112335
2013-04-18,87.104439
2013-04-19,87.112335
2013-04-22,87.112335
2013-04-23,87.104439
2013-04-24,87.104439
2013-04-25,87.112335
2013-04-26,87.112335
2013-04-29,87.112335
2013-04-30,87.120224
2013-05-01,87.104439
2013-05-02,87.104439
2013-05-03,87.112335
2013-05-06,87.112335
2013-05-07,87.112335
2013-05-08,87.112335
2013-05-09,87.120224
2013-05-10,87.120224
2013-05-13,87.120224
2013-05-14,87.120224
2013-05-15,87.120224
2013-05-16,87.112335
2013-05-17,87.112335
2013-05-20,87.112335
2013-05-21,87.112335
2013-05-22,87.112335
2013-05-23,87.104439
2013-05-24,87.112335
2013-05-28,87.104439
2013-05-29,87.104439
2013-05-30,87.104439
2013-05-31,87.112335
2013-06-03,87.120224
2013-06-04,87.120224
2013-06-05,87.120224
2013-06-06,87.120224
2013-06-07,87.112335
2013-06-10,87.120224
2013-06-11,87.112335
2013-06-12,87.104439
2013-06-13,87.112335
2013-06-14,87.120224
2013-06-17,87.120224
2013-06-18,87.112335
2013-06-19,87.112335
2013-06-20,87.104439
2013-06-21,87.104439
2013-06-24,87.112335
2013-06-25,87.112335
2013-06-26,87.104439
2013-06-27,87.104439
2013-06-28,87.096542
2013-07-01,87.112335
2013-07-02,87.112335
2013-07-03,87.112335
2013-07-05,87.120224
2013-07-08,87.120224
2013-07-09,87.120224
2013-07-10,87.120224
2013-07-11,87.104439
2013-07-12,87.112335
2013-07-15,87.104439
2013-07-16,87.112335
2013-07-17,87.120224
2013-07-18,87.112335
2013-07-19,87.112335
2013-07-22,87.104439
2013-07-23,87.104439
2013-07-24,87.112335
2013-07-25,87.112335
2013-07-26,87.112335
2013-07-29,87.112335
2013-07-30,87.104439
2013-07-31,87.120224
2013-08-01,87.112335
2013-08-02,87.112335
2013-08-05,87.120224
2013-08-06,87.120224
2013-08-07,87.120224
2013-08-08,87.120224
2013-08-09,87.112335
2013-08-12,87.120224
2013-08-13,87.120224
2013-08-14,87.112335
2013-08-15,87.120224
2013-08-16,87.120224
2013-08-19,87.104439
2013-08-20,87.120224
2013-08-21,87.104439
2013-08-22,87.104439
2013-08-23,87.104439
2013-08-26,87.112335
2013-08-27,87.120224
2013-08-28,87.120224
2013-08-29,87.120224
2013-08-30,87.120224
2013-09-03,87.128159
2013-09-04,87.128159
2013-09-05,87.120224
2013-09-06,87.128159
2013-09-09,87.120224
2013-09-10,87.128159
2013-09-11,87.120224
2013-09-12,87.128159
2013-09-13,87.128159
2013-09-16,87.120224
2013-09-17,87.120224
2013-09-18,87.128159
2013-09-19,87.128159
2013-09-20,87.128159
2013-09-23,87.128159
2013-09-24,87.128159
2013-09-25,87.136040
2013-09-26,87.136040
2013-09-27,87.136040
2013-09-30,87.128159
2013-10-01,87.120224
2013-10-02,87.112335
2013-10-03,87.112335
2013-10-04,87.120224
2013-10-07,87.112335
2013-10-08,87.112335
2013-10-09,87.096542
2013-10-10,87.096542
2013-10-11,87.104439
2013-10-14,87.096542
2013-10-15,87.080734
2013-10-16,87.088585
2013-10-17,87.112335
2013-10-18,87.120224
2013-10-21,87.120224
2013-10-22,87.112335
2013-10-23,87.120224
2013-10-24,87.120224
2013-10-25,87.120224
2013-10-28,87.104439
2013-10-29,87.104439
2013-10-30,87.112335
2013-10-31,87.112335
2013-11-01,87.104439
2013-11-04,87.104439
2013-11-05,87.104439
2013-11-06,87.104439
2013-11-07,87.104439
2013-11-08,87.104439
2013-11-11,87.112335
2013-11-12,87.120224
2013-11-13,87.120224
2013-11-14,87.120224
2013-11-15,87.112335
2013-11-18,87.112335
2013-11-19,87.112335
2013-11-20,87.120224
2013-11-21,87.120224
2013-11-22,87.120224
2013-11-25,87.120224
2013-11-26,87.120224
2013-11-27,87.120224
2013-11-29,87.112335
2013-12-02,87.104439
2013-12-03,87.104439
2013-12-04,87.112335
2013-12-05,87.120224
2013-12-06,87.120224
2013-12-09,87.112335
2013-12-10,87.120224
2013-12-11,87.120224
2013-12-12,87.120224
2013-12-13,87.120224
2013-12-16,87.120224
2013-12-17,87.112335
2013-12-18,87.128159
2013-12-19,87.112335
2013-12-20,87.112335
2013-12-23,87.112335
2013-12-24,87.112335
2013-12-26,87.113892
2013-12-27,87.113892
2013-12-30,87.113892
2013-12-31,87.121819
2014-01-02,87.105995
2014-01-03,87.121819
2014-01-06,87.113892
2014-01-07,87.113892
2014-01-08,87.121819
2014-01-09,87.121819
2014-01-10,87.121819
2014-01-13,87.113892
2014-01-14,87.121819
2014-01-15,87.121819
2014-01-16,87.113892
2014-01-17,87.121819
2014-01-21,87.113892
2014-01-22,87.113892
2014-01-23,87.113892
2014-01-24,87.113892
2014-01-27,87.113892
2014-01-28,87.121819
2014-01-29,87.121819
2014-01-30,87.121819
2014-01-31,87.113892
2014-02-03,87.137611
2014-02-04,87.121819
2014-02-05,87.113892
2014-02-06,87.129730
2014-02-07,87.121819
2014-02-10,87.121819
2014-02-11,87.121819
2014-02-12,87.113892
2014-02-13,87.121819
2014-02-14,87.113892
2014-02-18,87.113892
2014-02-19,87.113892
2014-02-20,87.113892
2014-02-21,87.113892
2014-02-24,87.113892
2014-02-25,87.121819
2014-02-26,87.121819
2014-02-27,87.121819
2014-02-28,87.129730
2014-03-03,87.113892
2014-03-04,87.113892
2014-03-05,87.121819
2014-03-06,87.121819
2014-03-07,87.113892
2014-03-10,87.121819
2014-03-11,87.113892
2014-03-12,87.113892
2014-03-13,87.113892
2014-03-14,87.121819
2014-03-17,87.129730
2014-03-18,87.121819
2014-03-19,87.129730
2014-03-20,87.129730
2014-03-21,87.129730
2014-03-24,87.129730
2014-03-25,87.129730
2014-03-26,87.121819
2014-03-27,87.137611
2014-03-28,87.137611
2014-03-31,87.137611
2014-04-01,87.129730
2014-04-02,87.137611
2014-04-03,87.145523
2014-04-04,87.145523
2014-04-07,87.129730
2014-04-08,87.145523
2014-04-09,87.137611
2014-04-10,87.137611
2014-04-11,87.137611
2014-04-14,87.129730
2014-04-15,87.137611
2014-04-16,87.137611
2014-04-17,87.129730
2014-04-21,87.129730
2014-04-22,87.129730
2014-04-23,87.129730
2014-04-24,87.129730
2014-04-25,87.129730
2014-04-28,87.129730
2014-04-29,87.137611
2014-04-30,87.137611
2014-05-01,87.137611
2014-05-02,87.137611
2014-05-05,87.137611
2014-05-06,87.129730
2014-05-07,87.137611
2014-05-08,87.129730
2014-05-09,87.137611
2014-05-12,87.129730
2014-05-13,87.137611
2014-05-14,87.137611
2014-05-15,87.129730
2014-05-16,87.137611
2014-05-19,87.137611
2014-05-20,87.129730
2014-05-21,87.137611
2014-05-22,87.129730
2014-05-23,87.145523
2014-05-27,87.137611
2014-05-28,87.137611
2014-05-29,87.129730
2014-05-30,87.137611
2014-06-02,87.137611
2014-06-03,87.129730
2014-06-04,87.129730
2014-06-05,87.129730
2014-06-06,87.137611
2014-06-09,87.137611
2014-06-10,87.129730
2014-06-11,87.129730
2014-06-12,87.129730
2014-06-13,87.137611
2014-06-16,87.137611
2014-06-17,87.121819
2014-06-18,87.121819
2014-06-19,87.129730
2014-06-20,87.121819
2014-06-23,87.129730
2014-06-24,87.129730
2014-06-25,87.129730
2014-06-26,87.137611
2014-06-27,87.137611
2014-06-30,87.137611
2014-07-01,87.137611
2014-07-02,87.129730
2014-07-03,87.137611
2014-07-07,87.137611
2014-07-08,87.137611
2014-07-09,87.137611
2014-07-10,87.129730
2014-07-11,87.129730
2014-07-14,87.137611
2014-07-15,87.137611
2014-07-16,87.137611
2014-07-17,87.137611
2014-07-18,87.137611
2014-07-21,87.137611
2014-07-22,87.129730
2014-07-23,87.137611
2014-07-24,87.137611
2014-07-25,87.129730
2014-07-28,87.129730
2014-07-29,87.137611
2014-07-30,87.129730
2014-07-31,87.129730
2014-08-01,87.137611
2014-08-04,87.137611
2014-08-05,87.129730
2014-08-06,87.137611
2014-08-07,87.137611
2014-08-08,87.145523
2014-08-11,87.137611
2014-08-12,87.129730
2014-08-13,87.129730
2014-08-14,87.129730
2014-08-15,87.137611
2014-08-18,87.137611
2014-08-19,87.137611
2014-08-20,87.137611
2014-08-21,87.145523
2014-08-22,87.145523
2014-08-25,87.137611
2014-08-26,87.129730
2014-08-27,87.129730
2014-08-28,87.129730
2014-08-29,87.137611
2014-09-02,87.137611
2014-09-03,87.137611
2014-09-04,87.129730
2014-09-05,87.129730
2014-09-08,87.129730
2014-09-09,87.129730
2014-09-10,87.129730
2014-09-11,87.129730
2014-09-12,87.129730
2014-09-15,87.137611
2014-09-16,87.137611
2014-09-17,87.137611
2014-09-18,87.137611
2014-09-19,87.145523
2014-09-22,87.145523
2014-09-23,87.145523
2014-09-24,87.145523
2014-09-25,87.153419
2014-09-26,87.153419
2014-09-29,87.153419
2014-09-30,87.121819
2014-10-01,87.137611
2014-10-02,87.137611
2014-10-03,87.121819
2014-10-06,87.129730
2014-10-07,87.137611
2014-10-08,87.137611
2014-10-09,87.145523
2014-10-10,87.137611
2014-10-13,87.145523
2014-10-14,87.145523
2014-10-15,87.129730
2014-10-16,87.129730
2014-10-17,87.129730
2014-10-20,87.145523
2014-10-21,87.145523
2014-10-22,87.145523
2014-10-23,87.145523
2014-10-24,87.145523
2014-10-27,87.145523
2014-10-28,87.145523
2014-10-29,87.137611
2014-10-30,87.129730
2014-10-31,87.137611
2014-11-03,87.129730
2014-11-04,87.137611
2014-11-05,87.137611
2014-11-06,87.129730
2014-11-07,87.129730
2014-11-10,87.137611
2014-11-11,87.137611
2014-11-12,87.137611
2014-11-13,87.137611
2014-11-14,87.137611
2014-11-17,87.137611
2014-11-18,87.137611
2014-11-19,87.137611
2014-11-20,87.137611
2014-11-21,87.137611
2014-11-24,87.121819
2014-11-25,87.121819
2014-11-26,87.137611
2014-11-28,87.129730
2014-12-01,87.137611
2014-12-02,87.129730
2014-12-03,87.129730
2014-12-04,87.129730
2014-12-05,87.129730
2014-12-08,87.113892
2014-12-09,87.113892
2014-12-10,87.113892
2014-12-11,87.121819
2014-12-12,87.121819
2014-12-15,87.129730
2014-12-16,87.129730
2014-12-17,87.129730
2014-12-18,87.113892
2014-12-19,87.121819
2014-12-22,87.098083
2014-12-23,87.105995
2014-12-24,87.113892
2014-12-26,87.113892
2014-12-29,87.098083
2014-12-30,87.105995
2014-12-31,87.121819
2015-01-02,87.105995
2015-01-05,87.105995
2015-01-06,87.113892
2015-01-07,87.113892
2015-01-08,87.113892
2015-01-09,87.121819
2015-01-12,87.137611
2015-01-13,87.129730
2015-01-14,87.129730
2015-01-15,87.137611
2015-01-16,87.137611
2015-01-20,87.137611
2015-01-21,87.129730
2015-01-22,87.137611
2015-01-23,87.137611
2015-01-26,87.129730
2015-01-27,87.129730
2015-01-28,87.121819
2015-01-29,87.145523
2015-01-30,87.129730
2015-02-02,87.145523
2015-02-03,87.153419
2015-02-04,87.137611
2015-02-05,87.137611
2015-02-06,87.137611
2015-02-09,87.137611
2015-02-10,87.129730
2015-02-11,87.137611
2015-02-12,87.129730
2015-02-13,87.137611
2015-02-17,87.145523
2015-02-18,87.153419
2015-02-19,87.153419
2015-02-20,87.145523
2015-02-23,87.137611
2015-02-24,87.137611
2015-02-25,87.137611
2015-02-26,87.137611
2015-02-27,87.145523
2015-03-02,87.137611
2015-03-03,87.129730
2015-03-04,87.145523
2015-03-05,87.129730
2015-03-06,87.137611
2015-03-09,87.129730
2015-03-10,87.137611
2015-03-11,87.129730
2015-03-12,87.129730
2015-03-13,87.137611
2015-03-16,87.137611
2015-03-17,87.129730
2015-03-18,87.121819
2015-03-19,87.129730
2015-03-20,87.129730
2015-03-23,87.137611
2015-03-24,87.129730
2015-03-25,87.129730
2015-03-26,87.129730
2015-03-27,87.129730
2015-03-30,87.129730
2015-03-31,87.137611
2015-04-01,87.137611
2015-04-02,87.129730
2015-04-06,87.137611
2015-04-07,87.137611
2015-04-08,87.145523
2015-04-09,87.145523
2015-04-10,87.145523
2015-04-13,87.137611
2015-04-14,87.145523
2015-04-15,87.145523
2015-04-16,87.145523
2015-04-17,87.145523
2015-04-20,87.137611
2015-04-21,87.137611
2015-04-22,87.137611
2015-04-23,87.145523
2015-04-24,87.137611
2015-04-27,87.137611
2015-04-28,87.145523
2015-04-29,87.137611
2015-04-30,87.145523
2015-05-01,87.137611
2015-05-04,87.145523
2015-05-05,87.153419
2015-05-06,87.145523
2015-05-07,87.153419
2015-05-08,87.153419
2015-05-11,87.145523
2015-05-12,87.153419
2015-05-13,87.145523
2015-05-14,87.145523
2015-05-15,87.145523
2015-05-18,87.145523
2015-05-19,87.145523
2015-05-20,87.145523
2015-05-21,87.145523
2015-05-22,87.145523
2015-05-26,87.145523
2015-05-27,87.145523
2015-05-28,87.153419
2015-05-29,87.145523
2015-06-01,87.145523
2015-06-02,87.145523
2015-06-03,87.153419
2015-06-04,87.145523
2015-06-05,87.137611
2015-06-08,87.137611
2015-06-09,87.137611
2015-06-10,87.145523
2015-06-11,87.153419
2015-06-12,87.145523
2015-06-15,87.137611
2015-06-16,87.137611
2015-06-17,87.153419
2015-06-18,87.137611
2015-06-19,87.145523
2015-06-22,87.145523
2015-06-23,87.145523
2015-06-24,87.145523
2015-06-25,87.153419
2015-06-26,87.137611
2015-06-29,87.145523
2015-06-30,87.153419
2015-07-01,87.145523
2015-07-02,87.153419
2015-07-06,87.153419
2015-07-07,87.153419
2015-07-08,87.169228
2015-07-09,87.153419
2015-07-10,87.153419
2015-07-13,87.161354
2015-07-14,87.161354
2015-07-15,87.161354
2015-07-16,87.161354
2015-07-17,87.161354
2015-07-20,87.145523
2015-07-21,87.145523
2015-07-22,87.145523
2015-07-23,87.145523
2015-07-24,87.153419
2015-07-27,87.145523
2015-07-28,87.145523
2015-07-29,87.145523
2015-07-30,87.145523
2015-07-31,87.137611
2015-08-03,87.145523
2015-08-04,87.137611
2015-08-05,87.145523
2015-08-06,87.145523
2015-08-07,87.145523
2015-08-10,87.129730
2015-08-11,87.137611
2015-08-12,87.129730
2015-08-13,87.129730
2015-08-14,87.129730
2015-08-17,87.129730
2015-08-18,87.129730
2015-08-19,87.129730
2015-08-20,87.145523
2015-08-21,87.137611
2015-08-24,87.153419
2015-08-25,87.145523
2015-08-26,87.145523
2015-08-27,87.145523
2015-08-28,87.137611
2015-08-31,87.145523
2015-09-01,87.146309
2015-09-02,87.146309
2015-09-03,87.154198
2015-09-04,87.154198
2015-09-08,87.146309
2015-09-09,87.146309
2015-09-10,87.130524
2015-09-11,87.130524
2015-09-14,87.138397
2015-09-15,87.114693
2015-09-16,87.130524
2015-09-17,87.122612
2015-09-18,87.162132
2015-09-21,87.154198
2015-09-22,87.162132
2015-09-23,87.162132
2015-09-24,87.162132
2015-09-25,87.177925
2015-09-28,87.170021
2015-09-29,87.170021
2015-09-30,87.170021
2015-10-01,87.177147
2015-10-02,87.185036
2015-10-05,87.177147
2015-10-06,87.185036
2015-10-07,87.185036
2015-10-08,87.177147
2015-10-09,87.185036
2015-10-12,87.177147
2015-10-13,87.177147
2015-10-14,87.185036
2015-10-15,87.177147
2015-10-16,87.177147
2015-10-19,87.169243
2015-10-20,87.177147
2015-10-21,87.169243
2015-10-22,87.177147
2015-10-23,87.161324
2015-10-26,87.153427
2015-10-27,87.161324
2015-10-28,87.153427
2015-10-29,87.145523
2015-10-30,87.145523
2015-11-02,87.127319
2015-11-03,87.135201
2015-11-04,87.127319
2015-11-05,87.135201
2015-11-06,87.111526
2015-11-09,87.127319
2015-11-10,87.111526
2015-11-11,87.111526
2015-11-12,87.119423
2015-11-13,87.111526
2015-11-16,87.127319
2015-11-17,87.119423
2015-11-18,87.119423
2015-11-19,87.127319
2015-11-20,87.119423
2015-11-23,87.119423
2015-11-24,87.127319
2015-11-25,87.135201
2015-11-27,87.135201
2015-11-30,87.135201
2015-12-01,87.124161
2015-12-02,87.124161
2015-12-03,87.124161
2015-12-04,87.124161
2015-12-07,87.100487
2015-12-08,87.076744
2015-12-09,87.076744
2015-12-10,87.084648
2015-12-11,87.092575
2015-12-14,87.084648
2015-12-15,87.076744
2015-12-16,87.076744
2015-12-17,87.092575
2015-12-18,87.100487
2015-12-21,87.100487
2015-12-22,87.108360
2015-12-23,87.108360
2015-12-24,87.125015
2015-12-28,87.117043
2015-12-29,87.132858
2015-12-30,87.132858
2015-12-31,87.125015
2016-01-04,87.125015
2016-01-05,87.132858
2016-01-06,87.117043
2016-01-07,87.125015
2016-01-08,87.132858
2016-01-11,87.125015
2016-01-12,87.132858
2016-01-13,87.132858
2016-01-14,87.148659
2016-01-15,87.156593
2016-01-19,87.188194
2016-01-20,87.196136
2016-01-21,87.196136
2016-01-22,87.180328
2016-01-25,87.180328
2016-01-26,87.180328
2016-01-27,87.180328
2016-01-28,87.180328
2016-01-29,87.188194
2016-02-01,87.171593
2016-02-02,87.195328
2016-02-03,87.203201
2016-02-04,87.203201
2016-02-05,87.187431
2016-02-08,87.187431
2016-02-09,87.203201
2016-02-10,87.195328
2016-02-11,87.203201
2016-02-12,87.211159
2016-02-16,87.211159
2016-02-17,87.211159
2016-02-18,87.219101
2016-02-19,87.211159
2016-02-22,87.195328
2016-02-23,87.211159
2016-02-24,87.203201
2016-02-25,87.203201
2016-02-26,87.203201
2016-02-29,87.219101
2016-03-01,87.179497
2016-03-02,87.195320
2016-03-03,87.203209
2016-03-04,87.195320
2016-03-07,87.195320
2016-03-08,87.203209
2016-03-09,87.211136
2016-03-10,87.211136
2016-03-11,87.203209
2016-03-14,87.203209
2016-03-15,87.211136
2016-03-16,87.219093
2016-03-17,87.226959
2016-03-18,87.219093
2016-03-21,87.226959
2016-03-22,87.219093
2016-03-23,87.219093
2016-03-24,87.242737
2016-03-28,87.226959
2016-03-29,87.258560
2016-03-30,87.266510
2016-03-31,87.250633
2016-04-01,87.242775
2016-04-04,87.258537
2016-04-05,87.274384
2016-04-06,87.274384
2016-04-07,87.274384
2016-04-08,87.282303
2016-04-11,87.266495
2016-04-12,87.282303
2016-04-13,87.282303
2016-04-14,87.274384
2016-04-15,87.274384
2016-04-18,87.290184
2016-04-19,87.290184
2016-04-20,87.290184
2016-04-21,87.290184
2016-04-22,87.298103
2016-04-25,87.282303
2016-04-26,87.282303
2016-04-27,87.313896
2016-04-28,87.305969
2016-04-29,87.298103
2016-05-02,87.291786
2016-05-03,87.299683
2016-05-04,87.299683
2016-05-05,87.315498
2016-05-06,87.323372
2016-05-09,87.323372
2016-05-10,87.315498
2016-05-11,87.315498
2016-05-12,87.299683
2016-05-13,87.299683
2016-05-16,87.307579
2016-05-17,87.307579
2016-05-18,87.299683
2016-05-19,87.307579
2016-05-20,87.291786
2016-05-23,87.299683
2016-05-24,87.291786
2016-05-25,87.299683
2016-05-26,87.299683
2016-05-27,87.283882
2016-05-31,87.291786
2016-06-01,87.292542
2016-06-02,87.300461
2016-06-03,87.300461
2016-06-06,87.316292
2016-06-07,87.324203
2016-06-08,87.324203
2016-06-09,87.324203
2016-06-10,87.332115
2016-06-13,87.332115
2016-06-14,87.324203
2016-06-15,87.324203
2016-06-16,87.347900
2016-06-17,87.347900
2016-06-20,87.332115
2016-06-21,87.332115
2016-06-22,87.347900
2016-06-23,87.324203
2016-06-24,87.371651
2016-06-27,87.371651
2016-06-28,87.355881
2016-06-29,87.355881
2016-06-30,87.379585
2016-07-01,87.396965
2016-07-05,87.381210
2016-07-06,87.357422
2016-07-07,87.381210
2016-07-08,87.373291
2016-07-11,87.357422
2016-07-12,87.365356
2016-07-13,87.357422
2016-07-14,87.357422
2016-07-15,87.365356
2016-07-18,87.365356
2016-07-19,87.357422
2016-07-20,87.357422
2016-07-21,87.365356
2016-07-22,87.357422
2016-07-25,87.365356
2016-07-26,87.357422
2016-07-27,87.373291
2016-07-28,87.365356
2016-07-29,87.381210
2016-08-01,87.381195
2016-08-02,87.381195
2016-08-03,87.365334
2016-08-04,87.389091
2016-08-05,87.373291
2016-08-08,87.357414
2016-08-09,87.373291
2016-08-10,87.381195
2016-08-11,87.389091
2016-08-12,87.381195
2016-08-15,87.389091
2016-08-16,87.389091
2016-08-17,87.373291
2016-08-18,87.396980
2016-08-19,87.396980
2016-08-22,87.396980
2016-08-23,87.381195
2016-08-24,87.381195
2016-08-25,87.381195
2016-08-26,87.381195
2016-08-29,87.389091
2016-08-30,87.381195
2016-08-31,87.381195
2016-09-01,87.375595
2016-09-02,87.367706
2016-09-06,87.407295
2016-09-07,87.391464
2016-09-08,87.383545
2016-09-09,87.391464
2016-09-12,87.375595
2016-09-13,87.383545
2016-09-14,87.367706
2016-09-15,87.375595
2016-09-16,87.399399
2016-09-19,87.391464
2016-09-20,87.423134
2016-09-21,87.423134
2016-09-22,87.423134
2016-09-23,87.446884
2016-09-26,87.462769
2016-09-27,87.423134
2016-09-28,87.454811
2016-09-29,87.446884
2016-09-30,87.438972
2016-10-03,87.401718
2016-10-04,87.401718
2016-10-05,87.425522
2016-10-06,87.401718
2016-10-07,87.433434
2016-10-10,87.409660
2016-10-11,87.433434
2016-10-12,87.417580
2016-10-13,87.441345
2016-10-14,87.441345
2016-10-17,87.441345
2016-10-18,87.433434
2016-10-19,87.449257
2016-10-20,87.425522
2016-10-21,87.441345
2016-10-24,87.449257
2016-10-25,87.449257
2016-10-26,87.449257
2016-10-27,87.433434
2016-10-28,87.449257
2016-10-31,87.473015
2016-11-01,87.469894
2016-11-02,87.454018
2016-11-03,87.469894
2016-11-04,87.477783
2016-11-07,87.446098
2016-11-08,87.461937
2016-11-09,87.461937
2016-11-10,87.406487
2016-11-11,87.414406
2016-11-14,87.414406
2016-11-15,87.414406
2016-11-16,87.422333
2016-11-17,87.438141
2016-11-18,87.422333
2016-11-21,87.430214
2016-11-22,87.414406
2016-11-23,87.414406
2016-11-25,87.446098
2016-11-28,87.446098
2016-11-29,87.438141
2016-11-30,87.414406
2016-12-01,87.427872
2016-12-02,87.459564
2016-12-05,87.427872
2016-12-06,87.459564
2016-12-07,87.419945
2016-12-08,87.419945
2016-12-09,87.427872
2016-12-12,87.427872
2016-12-13,87.427872
2016-12-14,87.419945
2016-12-15,87.443764
2016-12-16,87.467476
2016-12-19,87.483330
2016-12-20,87.483330
2016-12-21,87.491264
2016-12-22,87.483353
2016-12-23,87.483353
2016-12-27,87.483353
2016-12-28,87.475426
2016-12-29,87.491287
2016-12-30,87.483353
2017-01-03,87.507179
2017-01-04,87.499229
2017-01-05,87.491287
2017-01-06,87.515060
2017-01-09,87.530914
2017-01-10,87.523003
2017-01-11,87.523003
2017-01-12,87.530914
2017-01-13,87.530914
2017-01-17,87.523003
2017-01-18,87.530914
2017-01-19,87.538879
2017-01-20,87.538879
2017-01-23,87.546776
2017-01-24,87.530914
2017-01-25,87.523003
2017-01-26,87.546776
2017-01-27,87.530914
2017-01-30,87.538879
2017-01-31,87.530914
2017-02-01,87.538902
2017-02-02,87.530937
2017-02-03,87.546783
2017-02-06,87.562668
2017-02-07,87.554703
2017-02-08,87.570610
2017-02-09,87.546783
2017-02-10,87.562668
2017-02-13,87.562668
2017-02-14,87.538902
2017-02-15,87.554703
2017-02-16,87.546783
2017-02-17,87.562668
2017-02-21,87.570610
2017-02-22,87.562668
2017-02-23,87.562668
2017-02-24,87.586502
2017-02-27,87.578529
2017-02-28,87.570610
2017-03-01,87.534088
2017-03-02,87.526131
2017-03-03,87.542053
2017-03-06,87.526131
2017-03-07,87.526131
2017-03-08,87.494385
2017-03-09,87.502327
2017-03-10,87.534088
2017-03-13,87.510284
2017-03-14,87.510284
2017-03-15,87.542053
2017-03-16,87.534088
2017-03-17,87.534088
2017-03-20,87.542053
2017-03-21,87.542053
2017-03-22,87.542053
2017-03-23,87.542053
2017-03-24,87.534088
2017-03-27,87.526131
2017-03-28,87.534088
2017-03-29,87.557938
2017-03-30,87.565842
2017-03-31,87.581696
2017-04-03,87.563408
2017-04-04,87.555519
2017-04-05,87.531677
2017-04-06,87.555519
2017-04-07,87.547577
2017-04-10,87.563408
2017-04-11,87.563408
2017-04-12,87.571411
2017-04-13,87.587265
2017-04-17,87.571411
2017-04-18,87.571411
2017-04-19,87.587265
2017-04-20,87.571411
2017-04-21,87.579330
2017-04-24,87.595245
2017-04-25,87.587265
2017-04-26,87.579330
2017-04-27,87.587265
2017-04-28,87.579330
2017-05-01,87.588051
2017-05-02,87.580124
2017-05-03,87.564247
2017-05-04,87.572144
2017-05-05,87.580124
2017-05-08,87.580124
2017-05-09,87.580124
2017-05-10,87.572144
2017-05-11,87.596062
2017-05-12,87.596062
2017-05-15,87.603966
2017-05-16,87.603966
2017-05-17,87.627777
2017-05-18,87.619865
2017-05-19,87.627777
2017-05-22,87.627777
2017-05-23,87.619865
2017-05-24,87.627777
2017-05-25,87.627777
2017-05-26,87.627777
2017-05-30,87.619865
2017-05-31,87.627777
2017-06-01,87.632530
2017-06-02,87.648460
2017-06-05,87.640579
2017-06-06,87.632530
2017-06-07,87.640579
2017-06-08,87.640579
2017-06-09,87.632530
2017-06-12,87.624611
2017-06-13,87.656387
2017-06-14,87.656387
2017-06-15,87.656387
2017-06-16,87.664360
2017-06-19,87.664360
2017-06-20,87.664360
2017-06-21,87.664360
2017-06-22,87.680260
2017-06-23,87.688156
2017-06-26,87.672310
2017-06-27,87.672310
2017-06-28,87.680260
2017-06-29,87.688156
2017-06-30,87.696159
2017-07-03,87.689018
2017-07-05,87.689018
2017-07-06,87.712860
2017-07-07,87.704903
2017-07-10,87.712860
2017-07-11,87.728745
2017-07-12,87.736740
2017-07-13,87.728745
2017-07-14,87.752617
2017-07-17,87.752617
2017-07-18,87.744667
2017-07-19,87.744667
2017-07-20,87.752617
2017-07-21,87.744667
2017-07-24,87.752617
2017-07-25,87.712860
2017-07-26,87.752617
2017-07-27,87.752617
2017-07-28,87.768524
2017-07-31,87.784447
2017-08-01,87.774055
2017-08-02,87.782036
2017-08-03,87.797989
2017-08-04,87.790024
2017-08-07,87.790024
2017-08-08,87.805939
2017-08-09,87.774055
2017-08-10,87.782036
2017-08-11,87.797989
2017-08-14,87.813881
2017-08-15,87.813881
2017-08-16,87.829803
2017-08-17,87.821815
2017-08-18,87.837761
2017-08-21,87.837761
2017-08-22,87.821815
2017-08-23,87.837761
2017-08-24,87.837761
2017-08-25,87.845703
2017-08-28,87.845703
2017-08-29,87.853706
2017-08-30,87.861626
2017-08-31,87.845703
2017-09-01,87.832939
2017-09-05,87.864815
2017-09-06,87.832939
2017-09-07,87.872826
2017-09-08,87.864815
2017-09-11,87.880753
2017-09-12,87.856918
2017-09-13,87.856918
2017-09-14,87.864815
2017-09-15,87.872826
2017-09-18,87.848900
2017-09-19,87.848900
2017-09-20,87.872826
2017-09-21,87.872826
2017-09-22,87.880753
2017-09-25,87.872826
2017-09-26,87.896675
2017-09-27,87.888687
2017-09-28,87.896675
2017-09-29,87.912590
2017-10-02,87.915810
2017-10-03,87.915810
2017-10-04,87.907829
2017-10-05,87.899864
2017-10-06,87.899864
2017-10-09,87.915810
2017-10-10,87.899864
2017-10-11,87.923737
2017-10-12,87.931725
2017-10-13,87.931725
2017-10-16,87.931725
2017-10-17,87.931725
2017-10-18,87.947632
2017-10-19,87.955635
2017-10-20,87.947632
2017-10-23,87.939720
2017-10-24,87.939720
2017-10-25,87.931725
2017-10-26,87.939720
2017-10-27,87.931725
2017-10-30,87.947632
2017-10-31,87.947632
2017-11-01,87.947639
2017-11-02,87.955635
2017-11-03,87.955635
2017-11-06,87.955635
2017-11-07,87.947639
2017-11-08,87.947639
2017-11-09,87.955635
2017-11-10,87.955635
2017-11-13,87.963623
2017-11-14,87.963623
2017-11-15,87.971573
2017-11-16,87.955635
2017-11-17,87.963623
2017-11-20,87.963623
2017-11-21,87.971573
2017-11-22,87.979561
2017-11-24,87.987564
2017-11-27,87.995522
2017-11-28,87.995522
2017-11-29,87.995522
2017-11-30,87.995522
2017-12-01,88.004318
2017-12-04,87.996300
2017-12-05,88.004318
2017-12-06,88.004318
2017-12-07,88.012291
2017-12-08,88.028244
2017-12-11,88.028244
2017-12-12,88.004318
2017-12-13,88.012291
2017-12-14,88.020248
2017-12-15,88.028244
2017-12-18,88.012291
2017-12-19,88.020248
2017-12-20,88.028244
2017-12-21,88.037796
2017-12-22,88.037796
2017-12-26,88.045815
2017-12-27,88.037796
2017-12-28,88.069786
2017-12-29,88.069786
2018-01-02,88.061813
2018-01-03,88.061813
2018-01-04,88.077751
2018-01-05,88.077751
2018-01-08,88.077751
2018-01-09,88.077751
2018-01-10,88.069786
2018-01-11,88.077751
2018-01-12,88.085770
2018-01-16,88.093758
2018-01-17,88.101746
2018-01-18,88.109711
2018-01-19,88.109711
2018-01-22,88.117722
2018-01-23,88.109711
2018-01-24,88.125687
2018-01-25,88.133728
2018-01-26,88.141670
2018-01-29,88.141670
2018-01-30,88.141670
2018-01-31,88.181664
2018-02-01,88.141632
2018-02-02,88.157623
2018-02-05,88.181664
2018-02-06,88.157623
2018-02-07,88.157623
2018-02-08,88.165634
2018-02-09,88.157623
2018-02-12,88.157623
2018-02-13,88.141632
2018-02-14,88.141632
2018-02-15,88.157623
2018-02-16,88.173653
2018-02-20,88.165634
2018-02-21,88.181664
2018-02-22,88.181664
2018-02-23,88.189606
2018-02-26,88.181664
2018-02-27,88.189606
2018-02-28,88.189606
2018-03-01,88.208832
2018-03-02,88.200813
2018-03-05,88.200813
2018-03-06,88.208832
2018-03-07,88.216866
2018-03-08,88.240829
2018-03-09,88.240829
2018-03-12,88.240829
2018-03-13,88.248833
2018-03-14,88.240829
2018-03-15,88.232864
2018-03-16,88.256889
2018-03-19,88.248833
2018-03-20,88.248833
2018-03-21,88.280891
2018-03-22,88.256889
2018-03-23,88.288841
2018-03-26,88.280891
2018-03-27,88.312920
2018-03-28,88.296883
2018-03-29,88.336876
2018-04-02,88.331276
2018-04-03,88.331276
2018-04-04,88.339302
2018-04-05,88.347305
2018-04-06,88.347305
2018-04-09,88.363335
2018-04-10,88.355339
2018-04-11,88.363335
2018-04-12,88.363335
2018-04-13,88.371338
2018-04-16,88.371338
2018-04-17,88.371338
2018-04-18,88.371338
2018-04-19,88.379349
2018-04-20,88.387367
2018-04-23,88.387367
2018-04-24,88.395370
2018-04-25,88.395370
2018-04-26,88.403404
2018-04-27,88.419411
2018-04-30,88.419411
2018-05-01,88.429863
2018-05-02,88.429863
2018-05-03,88.429863
2018-05-04,88.445900
2018-05-07,88.453941
2018-05-08,88.445900
2018-05-09,88.453941
2018-05-10,88.461922
2018-05-11,88.469948
2018-05-14,88.461922
2018-05-15,88.477982
2018-05-16,88.469948
2018-05-17,88.494003
2018-05-18,88.494003
2018-05-21,88.485985
2018-05-22,88.485985
2018-05-23,88.518089
2018-05-24,88.518089
2018-05-25,88.542145
2018-05-29,88.566216
2018-05-30,88.550179
2018-05-31,88.558159
2018-06-01,88.556595
2018-06-04,88.564644
2018-06-05,88.564644
2018-06-06,88.564644
2018-06-07,88.572624
2018-06-08,88.580658
2018-06-11,88.588715
2018-06-12,88.588715
2018-06-13,88.588715
2018-06-14,88.604759
2018-06-15,88.612778
2018-06-18,88.612778
2018-06-19,88.628868
2018-06-20,88.620857
2018-06-21,88.652954
2018-06-22,88.652954
2018-06-25,88.660980
2018-06-26,88.668991
2018-06-27,88.677063
2018-06-28,88.668991
2018-06-29,88.693108
2018-07-02,88.693878
2018-07-03,88.701965
2018-07-05,88.718033
2018-07-06,88.718033
2018-07-09,88.718033
2018-07-10,88.718033
2018-07-11,88.734116
2018-07-12,88.742165
2018-07-13,88.742165
2018-07-16,88.750175
2018-07-17,88.750175
2018-07-18,88.758232
2018-07-19,88.758232
2018-07-20,88.766289
2018-07-23,88.774330
2018-07-24,88.774330
2018-07-25,88.782379
2018-07-26,88.798431
2018-07-27,88.790367
2018-07-30,88.798431
2018-07-31,88.806473
2018-08-01,88.810532
2018-08-02,88.826607
2018-08-03,88.842758
2018-08-06,88.834717
2018-08-07,88.842758
2018-08-08,88.842758
2018-08-09,88.858826
2018-08-10,88.874947
2018-08-13,88.866875
2018-08-14,88.883003
2018-08-15,88.883003
2018-08-16,88.891060
2018-08-17,88.907173
2018-08-20,88.915222
2018-08-21,88.923271
2018-08-22,88.931343
2018-08-23,88.923271
2018-08-24,88.931343
2018-08-27,88.931343
2018-08-28,88.939369
2018-08-29,88.947426
2018-08-30,88.955513
2018-08-31,88.963539
2018-09-04,88.974030
2018-09-05,88.982101
2018-09-06,88.990196
2018-09-07,88.998238
2018-09-10,89.006287
2018-09-11,89.006287
2018-09-12,89.014381
2018-09-13,89.006287
2018-09-14,89.014381
2018-09-17,89.030495
2018-09-18,89.022423
2018-09-19,89.014381
2018-09-20,89.030495
2018-09-21,89.046608
2018-09-24,89.046608
2018-09-25,89.046608
2018-09-26,89.062752
2018-09-27,89.078873
2018-09-28,89.086967
2018-10-01,89.096657
2018-10-02,89.088585
2018-10-03,89.104744
2018-10-04,89.120903
2018-10-05,89.120903
2018-10-08,89.128998
2018-10-09,89.128998
2018-10-10,89.128998
2018-10-11,89.137054
2018-10-12,89.153229
2018-10-15,89.153229
2018-10-16,89.161301
2018-10-17,89.145134
2018-10-18,89.185532
2018-10-19,89.185532
2018-10-22,89.185532
2018-10-23,89.193626
2018-10-24,89.201698
2018-10-25,89.217842
2018-10-26,89.225914
2018-10-29,89.225914
2018-10-30,89.234009
2018-10-31,89.242126
2018-11-01,89.255066
2018-11-02,89.246948
2018-11-05,89.255066
2018-11-06,89.246948
2018-11-07,89.263123
2018-11-08,89.271248
2018-11-09,89.279327
2018-11-12,89.311699
2018-11-13,89.303604
2018-11-14,89.311699
2018-11-15,89.319771
2018-11-16,89.327873
2018-11-19,89.344048
2018-11-20,89.352173
2018-11-21,89.352173
2018-11-23,89.376434
2018-11-26,89.376434
2018-11-27,89.384537
2018-11-28,89.392624
2018-11-29,89.400742
2018-11-30,89.408821
2018-12-03,89.416931
2018-12-04,89.416931
2018-12-06,89.441261
2018-12-07,89.449364
2018-12-10,89.457481
2018-12-11,89.449364
2018-12-12,89.465584
2018-12-13,89.481804
2018-12-14,89.489876
2018-12-17,89.506111
2018-12-18,89.515060
2018-12-19,89.523163
2018-12-20,89.539444
2018-12-21,89.555649
2018-12-24,89.547546
2018-12-26,89.547546
2018-12-27,89.588135
2018-12-28,89.604378
2018-12-31,89.588135
2019-01-02,89.596237
2019-01-03,89.628761
2019-01-04,89.653137
2019-01-07,89.653137
2019-01-08,89.644981
2019-01-09,89.636871
2019-01-10,89.661255
2019-01-11,89.685623
2019-01-14,89.693741
2019-01-15,89.701866
2019-01-16,89.685623
2019-01-17,89.709946
2019-01-18,89.734322
2019-01-22,89.726212
2019-01-23,89.726212
2019-01-24,89.758720
2019-01-25,89.758720
2019-01-28,89.758720
2019-01-29,89.750587
2019-01-30,89.774940
2019-01-31,89.807434
2019-02-01,89.813927
2019-02-04,89.813927
2019-02-05,89.805801
2019-02-06,89.830231
2019-02-07,89.838356
2019-02-08,89.854675
2019-02-11,89.854675
2019-02-12,89.846489
2019-02-13,89.854675
2019-02-14,89.879036
2019-02-15,89.895309
2019-02-19,89.903473
2019-02-20,89.903473
2019-02-21,89.927887
2019-02-22,89.927887
2019-02-25,89.927887
2019-02-26,89.927887
2019-02-27,89.952316
2019-02-28,89.952316
2019-03-01,89.964531
2019-03-04,89.980804
2019-03-05,89.972710
2019-03-06,89.988998
2019-03-07,90.005280
2019-03-08,90.021584
2019-03-11,90.005280
2019-03-12,90.021584
2019-03-13,90.037933
2019-03-14,90.037933
2019-03-15,90.062347
2019-03-18,90.046028
2019-03-19,90.070488
2019-03-20,90.078682
2019-03-21,90.086845
2019-03-22,90.111305
2019-03-25,90.111305
2019-03-26,90.127625
2019-03-27,90.119453
2019-03-28,90.143875
2019-03-29,90.152061
2019-04-01,90.152069
2019-04-02,90.176582
2019-04-03,90.160202
2019-04-04,90.201065
2019-04-05,90.192894
2019-04-08,90.209251
2019-04-09,90.192894
2019-04-10,90.217422
2019-04-11,90.241882
2019-04-12,90.241882
2019-04-15,90.233734
2019-04-16,90.250076
2019-04-17,90.274612
2019-04-18,90.266418
2019-04-22,90.266418
2019-04-23,90.266418
2019-04-24,90.299110
2019-04-25,90.315445
2019-04-26,90.323616
2019-04-29,90.323616
2019-04-30,90.323616
2019-05-01,90.338333
2019-05-02,90.354729
2019-05-03,90.354729
2019-05-06,90.362915
2019-05-07,90.371117
2019-05-08,90.371117
2019-05-09,90.395660
2019-05-10,90.395660
2019-05-13,90.412003
2019-05-14,90.420197
2019-05-15,90.420197
2019-05-16,90.444786
2019-05-17,90.444786
2019-05-20,90.436607
2019-05-21,90.452965
2019-05-22,90.461136
2019-05-23,90.485733
2019-05-24,90.493904
2019-05-28,90.493904
2019-05-29,90.493904
2019-05-30,90.518471
2019-05-31,90.542969
2019-06-03,90.576660
2019-06-04,90.568428
2019-06-05,90.601234
2019-06-06,90.617653
2019-06-07,90.625824
2019-06-10,90.642235
2019-06-11,90.634041
2019-06-12,90.642235
2019-06-13,90.683205
2019-06-14,90.691444
2019-06-17,90.691444
2019-06-18,90.691444
2019-06-19,90.691444
2019-06-20,90.740662
2019-06-21,90.732460
2019-06-24,90.732460
2019-06-25,90.732460
2019-06-26,90.748863
2019-06-27,90.773453
2019-06-28,90.757042
2019-07-01,90.764450
2019-07-02,90.780884
2019-07-03,90.805557
2019-07-05,90.780884
2019-07-08,90.797348
2019-07-09,90.797348
2019-07-10,90.813766
2019-07-11,90.830185
2019-07-12,90.813766
2019-07-15,90.838432
2019-07-16,90.821976
2019-07-17,90.846634
2019-07-18,90.871330
2019-07-19,90.863075
2019-07-22,90.887726
2019-07-23,90.879478
2019-07-24,90.879478
2019-07-25,90.887726
2019-07-26,90.895935
2019-07-29,90.895935
2019-07-30,90.904144
2019-07-31,90.904144
2019-08-01,90.945328
2019-08-02,90.961807
2019-08-05,90.978264
2019-08-06,90.986519
2019-08-07,90.994690
2019-08-08,91.011223
2019-08-09,91.019417
2019-08-12,91.027657
2019-08-13,91.019417
2019-08-14,91.035889
2019-08-15,91.077049
2019-08-16,91.068787
2019-08-19,91.068787
2019-08-20,91.085320
2019-08-21,91.085320
2019-08-22,91.085320
2019-08-23,91.109985
2019-08-26,91.093521
2019-08-27,91.101715
2019-08-28,91.101715
2019-08-29,91.118210
2019-08-30,91.109985
2019-09-03,91.133102
2019-09-04,91.149612
2019-09-05,91.133102
2019-09-06,91.157837
2019-09-09,91.149612
2019-09-10,91.133102
2019-09-11,91.149612
2019-09-12,91.157837
2019-09-13,91.157837
2019-09-16,91.157837
2019-09-17,91.157837
2019-09-18,91.166077
2019-09-19,91.166077
2019-09-20,91.174324
2019-09-23,91.182594
2019-09-24,91.190834
2019-09-25,91.199074
2019-09-26,91.215569
2019-09-27,91.223824
2019-09-30,91.240318
2019-10-01,91.251884
2019-10-02,91.284958
2019-10-03,91.318008
2019-10-04,91.351028
2019-10-07,91.342773
2019-10-08,91.342773
2019-10-09,91.342773
2019-10-10,91.375816
2019-10-11,91.351028
2019-10-14,91.367584
2019-10-15,91.367584
2019-10-16,91.384094
2019-10-17,91.417145
2019-10-18,91.417145
2019-10-21,91.408897
2019-10-22,91.408897
2019-10-23,91.408897
2019-10-24,91.417145
2019-10-25,91.433685
2019-10-28,91.433685
2019-10-29,91.433685
2019-10-30,91.441902
2019-10-31,91.483253
2019-11-01,91.479881
2019-11-04,91.488197
2019-11-05,91.471664
2019-11-06,91.479881
2019-11-07,91.488197
2019-11-08,91.496506
2019-11-11,91.488197
2019-11-12,91.504738
2019-11-13,91.504738
2019-11-14,91.529579
2019-11-15,91.529579
2019-11-18,91.529579
2019-11-19,91.521370
2019-11-20,91.521370
2019-11-21,91.529579
2019-11-22,91.537865
2019-11-25,91.546127
2019-11-26,91.546127
2019-11-27,91.554390
2019-11-29,91.546127
2019-12-02,91.553604
2019-12-03,91.586723
2019-12-04,91.578484
2019-12-05,91.586723
2019-12-06,91.603333
2019-12-09,91.595055
2019-12-10,91.595055
2019-12-11,91.603333
2019-12-12,91.611641
2019-12-13,91.636513
2019-12-16,91.628189
2019-12-17,91.644768
2019-12-18,91.644768
2019-12-19,91.644760
2019-12-20,91.661385
2019-12-23,91.644760
2019-12-24,91.669708
2019-12-26,91.661385
2019-12-27,91.677994
2019-12-30,91.686287
2019-12-31,91.702896
2020-01-02,91.719505
2020-01-03,91.719505
2020-01-06,91.711197
2020-01-07,91.727768
2020-01-08,91.736107
2020-01-09,91.736107
2020-01-10,91.727768
2020-01-13,91.736107
2020-01-14,91.736107
2020-01-15,91.752716
2020-01-16,91.769302
2020-01-17,91.769302
2020-01-21,91.777634
2020-01-22,91.777634
2020-01-23,91.794189
2020-01-24,91.802567
2020-01-27,91.810822
2020-01-28,91.810822
2020-01-29,91.819115
2020-01-30,91.827408
2020-01-31,91.844040
2020-02-03,91.844872
2020-02-04,91.828262
2020-02-05,91.836533
2020-02-06,91.828262
2020-02-07,91.853149
2020-02-10,91.853149
2020-02-11,91.861481
2020-02-12,91.853149
2020-02-13,91.869804
2020-02-14,91.878098
2020-02-18,91.878098
2020-02-19,91.886398
2020-02-20,91.886398
2020-02-21,91.919678
2020-02-24,91.919678
2020-02-25,91.944649
2020-02-26,91.944649
2020-02-27,91.986160
2020-02-28,92.044403
2020-03-02,92.077682
2020-03-03,92.160927
2020-03-04,92.194237
2020-03-05,92.277473
2020-03-06,92.302498
2020-03-09,92.360725
2020-03-10,92.310837
2020-03-11,92.327415
2020-03-12,92.344109
2020-03-13,92.302498
2020-03-16,92.327415
2020-03-17,92.335800
2020-03-18,92.435692
2020-03-19,92.410683
2020-03-20,92.435692
2020-03-23,92.410683
2020-03-24,92.444016
2020-03-25,92.468987
2020-03-26,92.452339
2020-03-27,92.452339
2020-03-30,92.427330
2020-03-31,92.427330
2020-04-01,92.455688
2020-04-02,92.455688
2020-04-03,92.422325
2020-04-06,92.430695
2020-04-07,92.472351
2020-04-08,92.422325
2020-04-09,92.439026
2020-04-13,92.430695
2020-04-14,92.447372
2020-04-15,92.439026
2020-04-16,92.447372
2020-04-17,92.447372
2020-04-20,92.455688
2020-04-21,92.455688
2020-04-22,92.455688
2020-04-23,92.439026
2020-04-24,92.455688
2020-04-27,92.430695
2020-04-28,92.455688
2020-04-29,92.430695
2020-04-30,92.447372
2020-05-01,92.448181
2020-05-04,92.439827
2020-05-05,92.448181
2020-05-06,92.431488
2020-05-07,92.431488
2020-05-08,92.439827
2020-05-11,92.423172
2020-05-12,92.431488
2020-05-13,92.431488
2020-05-14,92.439827
2020-05-15,92.448181
2020-05-18,92.448181
2020-05-19,92.448181
2020-05-20,92.448181
2020-05-21,92.439827
2020-05-22,92.448181
2020-05-26,92.439827
2020-05-27,92.431488
2020-05-28,92.439827
2020-05-29,92.423172
2020-06-01,92.432365
2020-06-02,92.432365
2020-06-03,92.423996
2020-06-04,92.415672
2020-06-05,92.415672
2020-06-08,92.415672
2020-06-09,92.415672
2020-06-10,92.415672
2020-06-11,92.432365
2020-06-12,92.432365
2020-06-15,92.415672
2020-06-16,92.415672
2020-06-17,92.415672
2020-06-18,92.423996
2020-06-19,92.423996
2020-06-22,92.423996
2020-06-23,92.432365
2020-06-24,92.423996
2020-06-25,92.423996
2020-06-26,92.432365
2020-06-29,92.423996
2020-06-30,92.440689
2020-07-01,92.423996
2020-07-02,92.423996
2020-07-06,92.432365
2020-07-07,92.432365
2020-07-08,92.423996
2020-07-09,92.432365
2020-07-10,92.432365
2020-07-13,92.440689
2020-07-14,92.440689
2020-07-15,92.440689
2020-07-16,92.432365
2020-07-17,92.432365
2020-07-20,92.440689
2020-07-21,92.440689
2020-07-22,92.432365
2020-07-23,92.432365
2020-07-24,92.432365
2020-07-27,92.440689
2020-07-28,92.440689
2020-07-29,92.432365
2020-07-30,92.432365
2020-07-31,92.440689
2020-08-03,92.445732
2020-08-04,92.445732
2020-08-05,92.437355
2020-08-06,92.437355
2020-08-07,92.437355
2020-08-10,92.437355
2020-08-11,92.437355
2020-08-12,92.429024
2020-08-13,92.429024
2020-08-14,92.437355
2020-08-17,92.445732
2020-08-18,92.437355
2020-08-19,92.437355
2020-08-20,92.437355
2020-08-21,92.437355
2020-08-24,92.437355
2020-08-25,92.429024
2020-08-26,92.429024
2020-08-27,92.437355
2020-08-28,92.445732
2020-08-31,92.437355
2020-09-01,92.432350
2020-09-02,92.440704
2020-09-03,92.432350
2020-09-04,92.432350
2020-09-08,92.432350
2020-09-09,92.432350
2020-09-10,92.432350
2020-09-11,92.432350
2020-09-14,92.432350
2020-09-15,92.432350
2020-09-16,92.432350
2020-09-17,92.432350
2020-09-18,92.432350
2020-09-21,92.432350
2020-09-22,92.432350
2020-09-23,92.432350
2020-09-24,92.432350
2020-09-25,92.432350
2020-09-28,92.432350
2020-09-29,92.440704
2020-09-30,92.432350
2020-10-01,92.443222
2020-10-02,92.434845
2020-10-05,92.434845
2020-10-06,92.443222
2020-10-07,92.434845
2020-10-08,92.434845
2020-10-09,92.434845
2020-10-12,92.443222
2020-10-13,92.443222
2020-10-14,92.426498
2020-10-15,92.434845
2020-10-16,92.434845
2020-10-19,92.426498
2020-10-20,92.426498
2020-10-21,92.426498
2020-10-22,92.426498
2020-10-23,92.426498
2020-10-26,92.426498
2020-10-27,92.426498
2020-10-28,92.426498
2020-10-29,92.434845
2020-10-30,92.443222
2020-11-02,92.424026
2020-11-03,92.440689
2020-11-04,92.424026
2020-11-05,92.432350
2020-11-06,92.432350
2020-11-09,92.424026
2020-11-10,92.424026
2020-11-11,92.432350
2020-11-12,92.432350
2020-11-13,92.432350
2020-11-16,92.432350
2020-11-17,92.432350
2020-11-18,92.432350
2020-11-19,92.432350
2020-11-20,92.432350
2020-11-23,92.432350
2020-11-24,92.432350
2020-11-25,92.432350
2020-11-27,92.440689
2020-11-30,92.424026
2020-12-01,92.425682
2020-12-02,92.425682
2020-12-03,92.425682
2020-12-04,92.434029
2020-12-07,92.434029
2020-12-08,92.425682
2020-12-09,92.434029
2020-12-10,92.442383
2020-12-11,92.434029
2020-12-14,92.434029
2020-12-15,92.425682
2020-12-16,92.434029
2020-12-17,92.434029
2020-12-18,92.434029
2020-12-21,92.434029
2020-12-22,92.425682
2020-12-23,92.434029
2020-12-24,92.434029
2020-12-28,92.425682
2020-12-29,92.434029
2020-12-30,92.434029
2020-12-31,92.442383
2021-01-04,92.434029
2021-01-05,92.434029
2021-01-06,92.442383
2021-01-07,92.442383
2021-01-08,92.434029
2021-01-11,92.425682
2021-01-12,92.425682
2021-01-13,92.425682
2021-01-14,92.425682
2021-01-15,92.425682
2021-01-19,92.425682
2021-01-20,92.425682
2021-01-21,92.425682
2021-01-22,92.425682
2021-01-25,92.425682
2021-01-26,92.425682
2021-01-27,92.434029
2021-01-28,92.425682
2021-01-29,92.434029
2021-02-01,92.425682
2021-02-02,92.425682
2021-02-03,92.442383
2021-02-04,92.434029
2021-02-05,92.442383
2021-02-08,92.434029
2021-02-09,92.442383
2021-02-10,92.442383
2021-02-11,92.434029
2021-02-12,92.434029
2021-02-16,92.434029
2021-02-17,92.434029
2021-02-18,92.434029
2021-02-19,92.434029
2021-02-22,92.434029
2021-02-23,92.434029
2021-02-24,92.434029
2021-02-25,92.425682
2021-02-26,92.434029
2021-03-01,92.434029
2021-03-02,92.425682
2021-03-03,92.434029
2021-03-04,92.425682
2021-03-05,92.425682
2021-03-08,92.425682
2021-03-09,92.434029
2021-03-10,92.425682
2021-03-11,92.425682
2021-03-12,92.425682
2021-03-15,92.425682
2021-03-16,92.425682
2021-03-17,92.434029
2021-03-18,92.434029
2021-03-19,92.434029
2021-03-22,92.442383
2021-03-23,92.434029
2021-03-24,92.434029
2021-03-25,92.434029
2021-03-26,92.434029
2021-03-29,92.434029
2021-03-30,92.425682
2021-03-31,92.425682
2021-04-01,92.425682
2021-04-05,92.425682
2021-04-06,92.442383
2021-04-07,92.434029
2021-04-08,92.434029
2021-04-09,92.442383
2021-04-12,92.434029
2021-04-13,92.434029
2021-04-14,92.434029
2021-04-15,92.425682
2021-04-16,92.425682
2021-04-19,92.425682
2021-04-20,92.425682
2021-04-21,92.425682
2021-04-22,92.425682
2021-04-23,92.434029
2021-04-26,92.425682
2021-04-27,92.425682
2021-04-28,92.425682
2021-04-29,92.425682
2021-04-30,92.425682
2021-05-03,92.425682
2021-05-04,92.434029
2021-05-05,92.434029
2021-05-06,92.434029
2021-05-07,92.434029
2021-05-10,92.425682
2021-05-11,92.425682
2021-05-12,92.425682
2021-05-13,92.434029
2021-05-14,92.425682
2021-05-17,92.425682
2021-05-18,92.425682
2021-05-19,92.425682
2021-05-20,92.425682
2021-05-21,92.434029
2021-05-24,92.434029
2021-05-25,92.434029
2021-05-26,92.434029
2021-05-27,92.434029
2021-05-28,92.425682
2021-06-01,92.417328
2021-06-02,92.425682
2021-06-03,92.417328
2021-06-04,92.425682
2021-06-07,92.417328
2021-06-08,92.425682
2021-06-09,92.408913
2021-06-10,92.417328
2021-06-11,92.408913
2021-06-14,92.408913
2021-06-15,92.417328
2021-06-16,92.417328
2021-06-17,92.417328
2021-06-18,92.400620
2021-06-21,92.408913
2021-06-22,92.400620
2021-06-23,92.408913
2021-06-24,92.417328
2021-06-25,92.400620
2021-06-28,92.408913
2021-06-29,92.408913
2021-06-30,92.408913
2021-07-01,92.408913
2021-07-02,92.408913
2021-07-06,92.400620
2021-07-07,92.408913
2021-07-08,92.408913
2021-07-09,92.408913
2021-07-12,92.400620
2021-07-13,92.408913
2021-07-14,92.408913
2021-07-15,92.400620
2021-07-16,92.400620
2021-07-19,92.400620
2021-07-20,92.408913
2021-07-21,92.400620
2021-07-22,92.400620
2021-07-23,92.408913
2021-07-26,92.400620
2021-07-27,92.400620
2021-07-28,92.408913
2021-07-29,92.408913
2021-07-30,92.408913
2021-08-02,92.408913
2021-08-03,92.408913
2021-08-04,92.400620
2021-08-05,92.400620
2021-08-06,92.408913
2021-08-09,92.400620
2021-08-10,92.400620
2021-08-11,92.392212
2021-08-12,92.392212
2021-08-13,92.392212
2021-08-16,92.392212
2021-08-17,92.400620
2021-08-18,92.392212
2021-08-19,92.392212
2021-08-20,92.400620
2021-08-23,92.392212
2021-08-24,92.392212
2021-08-25,92.400620
2021-08-26,92.392212
2021-08-27,92.392212
2021-08-30,92.392212
2021-08-31,92.392212
2021-09-01,92.392212
2021-09-02,92.400620
2021-09-03,92.392212
2021-09-07,92.392212
2021-09-08,92.400620
2021-09-09,92.400620
2021-09-10,92.392212
2021-09-13,92.392212
2021-09-14,92.392212
2021-09-15,92.392212
2021-09-16,92.400620
2021-09-17,92.392212
2021-09-20,92.392212
2021-09-21,92.392212
2021-09-22,92.392212
2021-09-23,92.392212
2021-09-24,92.383858
2021-09-27,92.383858
2021-09-28,92.383858
2021-09-29,92.383858
2021-09-30,92.392212
2021-10-01,92.383858
2021-10-04,92.375488
2021-10-05,92.383858
2021-10-06,92.383858
2021-10-07,92.392212
2021-10-08,92.392212
2021-10-11,92.383858
2021-10-12,92.392212
2021-10-13,92.392212
2021-10-14,92.392212
2021-10-15,92.375488
2021-10-18,92.375488
2021-10-19,92.375488
2021-10-20,92.383858
2021-10-21,92.375488
2021-10-22,92.383858
2021-10-25,92.375488
2021-10-26,92.383858
2021-10-27,92.383858
2021-10-28,92.383858
2021-10-29,92.367134
2021-11-01,92.367134
2021-11-02,92.375488
2021-11-03,92.367134
2021-11-04,92.383858
2021-11-05,92.375488
2021-11-08,92.367134
2021-11-09,92.367134
2021-11-10,92.367134
2021-11-11,92.367134
2021-11-12,92.375488
2021-11-15,92.367134
2021-11-16,92.367134
2021-11-17,92.375488
2021-11-18,92.383858
2021-11-19,92.375488
2021-11-22,92.367134
2021-11-23,92.375488
2021-11-24,92.358765
2021-11-26,92.358765
2021-11-29,92.367134
2021-11-30,92.325294
2021-12-01,92.350426
2021-12-02,92.358765
2021-12-03,92.350426
2021-12-06,92.350426
2021-12-07,92.342033
2021-12-08,92.333664
2021-12-09,92.350426
2021-12-10,92.342033
2021-12-13,92.350426
2021-12-14,92.350426
2021-12-15,92.342033
2021-12-16,92.358765
2021-12-17,92.350426
2021-12-20,92.342033
2021-12-21,92.350426
2021-12-22,92.350426
2021-12-23,92.350426
2021-12-27,92.350426
2021-12-28,92.342033
2021-12-29,92.350426
2021-12-30,92.350426
2021-12-31,92.350426
2022-01-03,92.333664
2022-01-04,92.333664
2022-01-05,92.316956
2022-01-06,92.325294
2022-01-07,92.333664
2022-01-10,92.333664
2022-01-11,92.316956
2022-01-12,92.325294
2022-01-13,92.325294
2022-01-14,92.308594
2022-01-18,92.266754
2022-01-19,92.300209
2022-01-20,92.308594
2022-01-21,92.308594
2022-01-24,92.291862
2022-01-25,92.291862
2022-01-26,92.291862
2022-01-27,92.275124
2022-01-28,92.275124
2022-01-31,92.275124
2022-02-01,92.283478
2022-02-02,92.283478
2022-02-03,92.291862
2022-02-04,92.258415
2022-02-07,92.258415
2022-02-08,92.258415
2022-02-09,92.258415
2022-02-10,92.199844
2022-02-11,92.224937
2022-02-14,92.199844
2022-02-15,92.208176
2022-02-16,92.216576
2022-02-17,92.241676
2022-02-18,92.250053
2022-02-22,92.233307
2022-02-23,92.241676
2022-02-24,92.241676
2022-02-25,92.250053
2022-02-28,92.241676
2022-03-01,92.266754
2022-03-02,92.250053
2022-03-03,92.266754
2022-03-04,92.250053
2022-03-07,92.258415
2022-03-08,92.250053
2022-03-09,92.250053
2022-03-10,92.241676
2022-03-11,92.233307
2022-03-14,92.216576
2022-03-15,92.216576
2022-03-16,92.224937
2022-03-17,92.250053
2022-03-18,92.233307
2022-03-21,92.208176
2022-03-22,92.208176
2022-03-23,92.208176
2022-03-24,92.199844
2022-03-25,92.191521
2022-03-28,92.183128
2022-03-29,92.191521
2022-03-30,92.199844
2022-03-31,92.208176
2022-04-01,92.189796
2022-04-04,92.181435
2022-04-05,92.173065
2022-04-06,92.164711
2022-04-07,92.189796
2022-04-08,92.181435
2022-04-11,92.173065
2022-04-12,92.198166
2022-04-13,92.206535
2022-04-14,92.189796
2022-04-18,92.189796
2022-04-19,92.181435
2022-04-20,92.189796
2022-04-21,92.164711
2022-04-22,92.156342
2022-04-25,92.164711
2022-04-26,92.173065
2022-04-27,92.181435
2022-04-28,92.173065
2022-04-29,92.181435
2022-05-02,92.167259
2022-05-03,92.150497
2022-05-04,92.192322
2022-05-05,92.175591
2022-05-06,92.200699
2022-05-09,92.217415
2022-05-10,92.217415
2022-05-11,92.200699
2022-05-12,92.217415
2022-05-13,92.225800
2022-05-16,92.225800
2022-05-17,92.217415
2022-05-18,92.217415
2022-05-19,92.234184
2022-05-20,92.234184
2022-05-23,92.234184
2022-05-24,92.267639
2022-05-25,92.267639
2022-05-26,92.276001
2022-05-27,92.267639
2022-05-31,92.242531
2022-06-01,92.231628
2022-06-02,92.231628
2022-06-03,92.248405
2022-06-06,92.231628
2022-06-07,92.231628
2022-06-08,92.223312
2022-06-09,92.214897
2022-06-10,92.173042
2022-06-13,92.097702
2022-06-14,92.055840
2022-06-15,92.097702
2022-06-16,92.097702
2022-06-17,92.097702
2022-06-21,92.106064
2022-06-22,92.139572
2022-06-23,92.147942
2022-06-24,92.139572
2022-06-27,92.089310
2022-06-28,92.131195
2022-06-29,92.147942
2022-06-30,92.173042
2022-07-01,92.170517
2022-07-05,92.178909
2022-07-06,92.187302
2022-07-07,92.187302
2022-07-08,92.170517
2022-07-11,92.153763
2022-07-12,92.145409
2022-07-13,92.128647
2022-07-14,92.153763
2022-07-15,92.162140
2022-07-18,92.153763
2022-07-19,92.153763
2022-07-20,92.162140
2022-07-21,92.187302
2022-07-22,92.204063
2022-07-25,92.187302
2022-07-26,92.204063
2022-07-27,92.220818
2022-07-28,92.245926
2022-07-29,92.254311
2022-08-01,92.238380
2022-08-02,92.230019
2022-08-03,92.255142
2022-08-04,92.263519
2022-08-05,92.246773
2022-08-08,92.246773
2022-08-09,92.246773
2022-08-10,92.271912
2022-08-11,92.288681
2022-08-12,92.297104
2022-08-15,92.297104
2022-08-16,92.305473
2022-08-17,92.305473
2022-08-18,92.330643
2022-08-19,92.339012
2022-08-22,92.339012
2022-08-23,92.347420
2022-08-24,92.339012
2022-08-25,92.355782
2022-08-26,92.364182
2022-08-29,92.355782
2022-08-30,92.372551
2022-08-31,92.372551
2022-09-01,92.373413
2022-09-02,92.373413
2022-09-06,92.381821
2022-09-07,92.381821
2022-09-08,92.381821
2022-09-09,92.381821
2022-09-12,92.381821
2022-09-13,92.331406
2022-09-14,92.331406
2022-09-15,92.339821
2022-09-16,92.356628
2022-09-19,92.339821
2022-09-20,92.356628
2022-09-21,92.356628
2022-09-22,92.373413
2022-09-23,92.381821
2022-09-26,92.381821
2022-09-27,92.373413
2022-09-28,92.407005
2022-09-29,92.432213
2022-09-30,92.398621
2022-10-03,92.424713
2022-10-04,92.449959
2022-10-05,92.458366
2022-10-06,92.466766
2022-10-07,92.475204
2022-10-10,92.483597
2022-10-11,92.483597
2022-10-12,92.492027
2022-10-13,92.492027
2022-10-14,92.492027
2022-10-17,92.483597
2022-10-18,92.500443
2022-10-19,92.492027
2022-10-20,92.508858
2022-10-21,92.525696
2022-10-24,92.525696
2022-10-25,92.542519
2022-10-26,92.550941
2022-10-27,92.567741
2022-10-28,92.559334
2022-10-31,92.542519
2022-11-01,92.569504
2022-11-02,92.569504
2022-11-03,92.611671
2022-11-04,92.620110
2022-11-07,92.628532
2022-11-08,92.636993
2022-11-09,92.670708
2022-11-10,92.712883
2022-11-11,92.704430
2022-11-14,92.696022
2022-11-15,92.721283
2022-11-16,92.729729
2022-11-17,92.738190
2022-11-18,92.746605
2022-11-21,92.746605
2022-11-22,92.771904
2022-11-23,92.805672
2022-11-25,92.814102
2022-11-28,92.822510
2022-11-29,92.847794
2022-11-30,92.856232
2022-12-01,92.907005
2022-12-02,92.898537
2022-12-05,92.907005
2022-12-06,92.923897
2022-12-07,92.957741
2022-12-08,92.991562
2022-12-09,92.991562
2022-12-12,92.991562
2022-12-13,93.025368
2022-12-14,93.016914
2022-12-15,93.061859
2022-12-16,93.078819
2022-12-19,93.087311
2022-12-20,93.104240
2022-12-21,93.121208
2022-12-22,93.163635
2022-12-23,93.155144
2022-12-27,93.155144
2022-12-28,93.172119
2022-12-29,93.222984
2022-12-30,93.214500
2023-01-03,93.231461
2023-01-04,93.239929
2023-01-05,93.256897
2023-01-06,93.273857
2023-01-09,93.282333
2023-01-10,93.273857
2023-01-11,93.299316
2023-01-12,93.350174
2023-01-13,93.350174
2023-01-17,93.375633
2023-01-18,93.384117
2023-01-19,93.409554
2023-01-20,93.426491
2023-01-23,93.426491
2023-01-24,93.434998
2023-01-25,93.468925
2023-01-26,93.494354
2023-01-27,93.502861
2023-01-30,93.511299
2023-01-31,93.519798
2023-02-01,93.545319
2023-02-02,93.579369
2023-02-03,93.562347
2023-02-06,93.562347
2023-02-07,93.570839
2023-02-08,93.587860
2023-02-09,93.621925
2023-02-10,93.621925
2023-02-13,93.647423
2023-02-14,93.647423
2023-02-15,93.655945
2023-02-16,93.698486
2023-02-17,93.706993
2023-02-21,93.706993
2023-02-22,93.732521
2023-02-23,93.766563
2023-02-24,93.775032
2023-02-27,93.792068
2023-02-28,93.792068
2023-03-01,93.809143
2023-03-02,93.851814
2023-03-03,93.860352
2023-03-06,93.868874
2023-03-07,93.851814
2023-03-08,93.860352
2023-03-09,93.911537
2023-03-10,93.954170
2023-03-13,94.065086
2023-03-14,94.013924
2023-03-15,94.107750
2023-03-16,94.099213
2023-03-17,94.167465
2023-03-20,94.150391
2023-03-21,94.124802
2023-03-22,94.158920
2023-03-23,94.218643
2023-03-24,94.227142
2023-03-27,94.227142
2023-03-28,94.235687
2023-03-29,94.244240
2023-03-30,94.261292
2023-03-31,94.269829
2023-04-03,94.262108
2023-04-04,94.296387
2023-04-05,94.347733
2023-04-06,94.347733
2023-04-10,94.339165
2023-04-11,94.356277
2023-04-12,94.364868
2023-04-13,94.416222
2023-04-14,94.399117
2023-04-17,94.407646
2023-04-18,94.424789
2023-04-19,94.433372
2023-04-20,94.484749
2023-04-21,94.493294
2023-04-24,94.501846
2023-04-25,94.527527
2023-04-26,94.536102
2023-04-27,94.553215
2023-04-28,94.561768
2023-05-01,94.551476
2023-05-02,94.577263
2023-05-03,94.594391
2023-05-04,94.645973
2023-05-05,94.637398
2023-05-08,94.645973
2023-05-09,94.645973
2023-05-10,94.680351
2023-05-11,94.714722
2023-05-12,94.714722
2023-05-15,94.723335
2023-05-16,94.723335
2023-05-17,94.740509
2023-05-18,94.766258
2023-05-19,94.766258
2023-05-22,94.766258
2023-05-23,94.783463
2023-05-24,94.783463
2023-05-25,94.826447
2023-05-26,94.843620
2023-05-30,94.852219
2023-05-31,94.869400
2023-06-01,94.931519
2023-06-02,94.940170
2023-06-05,94.940170
2023-06-06,94.957436
2023-06-07,94.974678
2023-06-08,95.035088
2023-06-09,95.035088
2023-06-12,95.052361
2023-06-13,95.069611
2023-06-14,95.078239
2023-06-15,95.147263
2023-06-16,95.155914
2023-06-20,95.155914
2023-06-21,95.164528
2023-06-22,95.199043
2023-06-23,95.207710
2023-06-26,95.224968
2023-06-27,95.242203
2023-06-28,95.250824
2023-06-29,95.268120
2023-06-30,95.319870
2023-07-03,95.312958
2023-07-05,95.330276
2023-07-06,95.382263
2023-07-07,95.382263
2023-07-10,95.399605
2023-07-11,95.399605
2023-07-12,95.425606
2023-07-13,95.477539
2023-07-14,95.486221
2023-07-17,95.494904
2023-07-18,95.503555
2023-07-19,95.520874
2023-07-20,95.564201
2023-07-21,95.572861
2023-07-24,95.581528
2023-07-25,95.590233
2023-07-26,95.607544
2023-07-27,95.642166
2023-07-28,95.668167
2023-07-31,95.685509
2023-08-01,95.700287
2023-08-02,95.717712
2023-08-03,95.752510
2023-08-04,95.778610
2023-08-07,95.778610
2023-08-08,95.795982
2023-08-09,95.804718
2023-08-10,95.848206
2023-08-11,95.865616
2023-08-14,95.883011
2023-08-15,95.900414
2023-08-16,95.909134
2023-08-17,95.952599
2023-08-18,95.961311
2023-08-21,95.970024
2023-08-22,95.987411
2023-08-23,96.004822
2023-08-24,96.048317
2023-08-25,96.048317
2023-08-28,96.057014
2023-08-29,96.083138
2023-08-30,96.091850
2023-08-31,96.144051
2023-09-01,96.171120
2023-09-05,96.171120
2023-09-06,96.188599
2023-09-07,96.241013
2023-09-08,96.249748
2023-09-11,96.267250
2023-09-12,96.275970
2023-09-13,96.293442
2023-09-14,96.337151
2023-09-15,96.345863
2023-09-18,96.363342
2023-09-19,96.363342
2023-09-20,96.380814
2023-09-21,96.424500
2023-09-22,96.441956
2023-09-25,96.450706
2023-09-26,96.459450
2023-09-27,96.476936
2023-09-28,96.520622
2023-09-29,96.520622
2023-10-02,96.542557
2023-10-03,96.551315
2023-10-04,96.586426
2023-10-05,96.639053
2023-10-06,96.647820
2023-10-09,96.656616
2023-10-10,96.665375
2023-10-11,96.674171
2023-10-12,96.726807
2023-10-13,96.744354
2023-10-16,96.753120
2023-10-17,96.761894
2023-10-18,96.770676
2023-10-19,96.814529
2023-10-20,96.840874
2023-10-23,96.858406
2023-10-24,96.867203
2023-10-25,96.867203
2023-10-26,96.928619
2023-10-27,96.946175
2023-10-30,96.954948
2023-10-31,96.954948
2023-11-01,96.988434
2023-11-02,97.032455
2023-11-03,97.058899
2023-11-06,97.050102
2023-11-07,97.076523
2023-11-08,97.085350
2023-11-09,97.120598
2023-11-10,97.147003
2023-11-13,97.155846
2023-11-14,97.191086
2023-11-15,97.199883
2023-11-16,97.252747
2023-11-17,97.261543
2023-11-20,97.270378
2023-11-21,97.305641
2023-11-22,97.340874
2023-11-24,97.349693
2023-11-27,97.367317
2023-11-28,97.393753
2023-11-29,97.411369
2023-11-30,97.446617
2023-12-01,97.477585
2023-12-04,97.486435
2023-12-05,97.504128
2023-12-06,97.521820
2023-12-07,97.566101
2023-12-08,97.566101
2023-12-11,97.566101
2023-12-12,97.592636
2023-12-13,97.628036
2023-12-14,97.676071
2023-12-15,97.684952
2023-12-18,97.702736
2023-12-19,97.702736
2023-12-20,97.729393
2023-12-21,97.791641
2023-12-22,97.809425
2023-12-26,97.827202
2023-12-27,97.827202
2023-12-28,97.889465
2023-12-29,97.916107
2024-01-02,97.907227
2024-01-03,97.916107
2024-01-04,97.960587
2024-01-05,97.969467
2024-01-08,97.987244
2024-01-09,97.996140
2024-01-10,98.013947
2024-01-11,98.076157
2024-01-12,98.102814
2024-01-16,98.102814
2024-01-17,98.120598
2024-01-18,98.147255
2024-01-19,98.173943
2024-01-22,98.191750
2024-01-23,98.191750
2024-01-24,98.200615
2024-01-25,98.253967
2024-01-26,98.262863
2024-01-29,98.271751
2024-01-30,98.280632
2024-01-31,98.307312
2024-02-01,98.372498
2024-02-02,98.345703
2024-02-05,98.354637
2024-02-06,98.381439
2024-02-07,98.399284
2024-02-08,98.443924
2024-02-09,98.452866
2024-02-12,98.461792
2024-02-13,98.443924
2024-02-14,98.479645
2024-02-15,98.533241
2024-02-16,98.533241
2024-02-20,98.551086
2024-02-21,98.560020
2024-02-22,98.595734
2024-02-23,98.613594
2024-02-26,98.613594
2024-02-27,98.631447
2024-02-28,98.640373
2024-02-29,98.693954
2024-03-01,98.719055
2024-03-04,98.728012
2024-03-05,98.745949
2024-03-06,98.763878
2024-03-07,98.799744
2024-03-08,98.808701
2024-03-11,98.817696
2024-03-12,98.835609
2024-03-13,98.844566
2024-03-14,98.889404
2024-03-15,98.907326
2024-03-18,98.916283
2024-03-19,98.925247
2024-03-20,98.952156
2024-03-21,98.988022
2024-03-22,99.014915
2024-03-25,99.014915
2024-03-26,99.032852
2024-03-27,99.095619
2024-03-28,99.104546
2024-04-01,99.115387
2024-04-02,99.124382
2024-04-03,99.133369
2024-04-04,99.196419
2024-04-05,99.205421
2024-04-08,99.214432
2024-04-09,99.223419
2024-04-10,99.214432
2024-04-11,99.259453
2024-04-12,99.268471
2024-04-15,99.277451
2024-04-16,99.286476
2024-04-17,99.304474
2024-04-18,99.349487
2024-04-19,99.367523
2024-04-22,99.376503
2024-04-23,99.394531
2024-04-24,99.412537
2024-04-25,99.439560
2024-04-26,99.457565
2024-04-29,99.466568
2024-04-30,99.475578
2024-05-01,99.506302
2024-05-02,99.551529
2024-05-03,99.569626
2024-05-06,99.578636
2024-05-07,99.587700
2024-05-08,99.605766
2024-05-09,99.641937
2024-05-10,99.660042
2024-05-13,99.678123
2024-05-14,99.687180
2024-05-15,99.714287
2024-05-16,99.741417
2024-05-17,99.759499
2024-05-20,99.777588
2024-05-21,99.786629
2024-05-22,99.804733
2024-05-23,99.858986
2024-05-24,99.868027
2024-05-28,99.858986
2024-05-29,99.868027
2024-05-30,99.895149
2024-05-31,99.931313
2024-06-03,99.951302
2024-06-04,99.969460
2024-06-05,99.978546
2024-06-06,100.005768
2024-06-07,100.033020
2024-06-10,100.051178
2024-06-11,100.060272
2024-06-12,100.096596
2024-06-13,100.105682
2024-06-14,100.151077
2024-06-17,100.160164
2024-06-18,100.187408
2024-06-20,100.205566
2024-06-21,100.250969
2024-06-24,100.260086
2024-06-25,100.278221
2024-06-26,100.278221
2024-06-27,100.305481
2024-06-28,100.350883
2024-07-01,100.365471
2024-07-02,100.383736
2024-07-03,100.411087
2024-07-05,100.447556
2024-07-08,100.474922
2024-07-09,100.474922
2024-07-10,100.484055
2024-07-11,100.511398
2024-07-12,100.566116
2024-07-15,100.584343
2024-07-16,100.593475
2024-07-17,100.602615
2024-07-18,100.620834
2024-07-19,100.675552
2024-07-22,100.684708
2024-07-23,100.702904
2024-07-24,100.712044
2024-07-25,100.721184
2024-07-26,100.775879
2024-07-29,100.794113
2024-07-30,100.803246
2024-07-31,100.812347
2024-08-01,100.837997
2024-08-02,100.929611
2024-08-05,100.929611
2024-08-06,100.929611
2024-08-07,100.947929
2024-08-08,100.957092
2024-08-09,100.993729
2024-08-12,101.021210
2024-08-13,101.048706
2024-08-14,101.048706
2024-08-15,101.057846
2024-08-16,101.103676
2024-08-19,101.112816
2024-08-20,101.140305
2024-08-21,101.158630
2024-08-22,101.176949
2024-08-23,101.222740
2024-08-26,101.231918
2024-08-27,101.250229
2024-08-28,101.268539
2024-08-29,101.277710
2024-08-30,101.314346
2024-09-03,101.346542
2024-09-04,101.374130
2024-09-05,101.392548
2024-09-06,101.438545
2024-09-09,101.438545
2024-09-10,101.475342
2024-09-11,101.466141
2024-09-12,101.484566
2024-09-13,101.539757
2024-09-16,101.576553
2024-09-17,101.585747
2024-09-18,101.622551
2024-09-19,101.640968
2024-09-20,101.686951
2024-09-23,101.705345
2024-09-24,101.714554
2024-09-25,101.732933
2024-09-26,101.742157
2024-09-27,101.778931
2024-09-30,101.778931
2024-10-01,101.801109
2024-10-02,101.801109
2024-10-03,101.801109
2024-10-04,101.838081
2024-10-07,101.828835
2024-10-08,101.856529
2024-10-09,101.865776
2024-10-10,101.875008
2024-10-11,101.921204
2024-10-14,101.930428
2024-10-15,101.939682
2024-10-16,101.958176
2024-10-17,101.958176
2024-10-18,102.004341
2024-10-21,102.013588
2024-10-22,102.013588
2024-10-23,102.013588
2024-10-24,102.032074
2024-10-25,102.069016
2024-10-28,102.096733
2024-10-29,102.096733
2024-10-30,102.124428
2024-10-31,102.142921
2024-11-01,102.186523
2024-11-04,102.205070
2024-11-05,102.205070
2024-11-06,102.205070
2024-11-07,102.232895
2024-11-08,102.288574
2024-11-11,102.279282
2024-11-12,102.288574
2024-11-13,102.307114
2024-11-14,102.316383
2024-11-15,102.334953
2024-11-18,102.353508
2024-11-19,102.372063
2024-11-20,102.390625
2024-11-21,102.390625
2024-11-22,102.427734
2024-11-25,102.446281
2024-11-26,102.455551
2024-11-27,102.474121
2024-11-29,102.520508
2024-12-02,102.535408
2024-12-03,102.563339
2024-12-04,102.563339
2024-12-05,102.591255
2024-12-06,102.637856
2024-12-09,102.656448
2024-12-10,102.656448
2024-12-11,102.675087
2024-12-12,102.684357
2024-12-13,102.712318
2024-12-16,102.740273
2024-12-17,102.740273
2024-12-18,102.756142
2024-12-19,102.784180
2024-12-20,102.812241
2024-12-23,102.821556
2024-12-24,102.849625
2024-12-26,102.868324
2024-12-27,102.896378
2024-12-30,102.924423
2024-12-31,102.933777
2025-01-02,102.952461
2025-01-03,102.980522
2025-01-06,102.999214
2025-01-07,103.017906
2025-01-08,103.017906
2025-01-10,103.045944
2025-01-13,103.064636
2025-01-14,103.074013
2025-01-15,103.092682
2025-01-16,103.102036
2025-01-17,103.148766
2025-01-21,103.167488
2025-01-22,103.167488
2025-01-23,103.186165
2025-01-24,103.223564
2025-01-27,103.242256
2025-01-28,103.251610
2025-01-29,103.260963
2025-01-30,103.270309
2025-01-31,103.307709
2025-02-03,103.319893
2025-02-04,103.329269
2025-02-05,103.338654
2025-02-06,103.357430
2025-02-07,103.385567
2025-02-10,103.394951
2025-02-11,103.394951
2025-02-12,103.394951
2025-02-13,103.423096
2025-02-14,103.470016
2025-02-18,103.470016
2025-02-19,103.498154
2025-02-20,103.507545
2025-02-21,103.545082
2025-02-24,103.563828
2025-02-25,103.582611
2025-02-26,103.582611
2025-02-27,103.591988
2025-02-28,103.629501
2025-03-03,103.646469
2025-03-04,103.655884
2025-03-05,103.674698
2025-03-06,103.684113
2025-03-07,103.731178
2025-03-10,103.740601
2025-03-11,103.759422
2025-03-12,103.759422
2025-03-13,103.768822
2025-03-14,103.815887
2025-03-17,103.815887
2025-03-18,103.825302
2025-03-19,103.834724
2025-03-20,103.853554
2025-03-21,103.891205
2025-03-24,103.900612
2025-03-25,103.910034
2025-03-26,103.919449
2025-03-27,103.938255
2025-03-28,103.966499
2025-03-31,103.975937
2025-04-01,103.998589
2025-04-02,104.008049
2025-04-03,104.017509
2025-04-04,104.064713
2025-04-07,104.074158
2025-04-08,104.093033
2025-04-09,104.093033
2025-04-10,104.093033
2025-04-11,104.140266
2025-04-14,104.149727
2025-04-15,104.159164
2025-04-16,104.178055
2025-04-17,104.225281
2025-04-21,104.234726
2025-04-22,104.244186
2025-04-23,104.253632
2025-04-24,104.263084
2025-04-25,104.300850
2025-04-28,104.310303
2025-04-29,104.310303
2025-04-30,104.338646
2025-05-01,104.350021
2025-05-02,104.368996
2025-05-05,104.378448
2025-05-06,104.387909
2025-05-07,104.406883
2025-05-08,104.416344
2025-05-09,104.444786
2025-05-12,104.454269
2025-05-13,104.463745
2025-05-14,104.463745
2025-05-15,104.482704
2025-05-16,104.520615
2025-05-19,104.520615
2025-05-20,104.539566
2025-05-21,104.549057
2025-05-22,104.568008
2025-05-23,104.615387
2025-05-27,104.615387
2025-05-28,104.624855
2025-05-29,104.653290
2025-05-30,104.672256
2025-06-02,104.688416
2025-06-03,104.707443
2025-06-04,104.716957
2025-06-05,104.745522
2025-06-06,104.755013
2025-06-09,104.783546
2025-06-10,104.793045
2025-06-11,104.802574
2025-06-12,104.821587
2025-06-13,104.859642
2025-06-16,104.859642
2025-06-17,104.869156
2025-06-18,104.897690
2025-06-20,104.935738
2025-06-23,104.954742
2025-06-24,104.964264
2025-06-25,104.973785
2025-06-26,104.992805
2025-06-27,105.030846
2025-06-30,105.030846
2025-07-01,105.041336
2025-07-02,105.050896
2025-07-03,105.089081
2025-07-07,105.108170
2025-07-08,105.127251
2025-07-09,105.136795
2025-07-10,105.146339
2025-07-11,105.174965
2025-07-14,105.194054
2025-07-15,105.194054
2025-07-16,105.222679
2025-07-17,105.232239
2025-07-18,105.270409
2025-07-21,105.279968
2025-07-22,105.289497
2025-07-23,105.299049
2025-07-24,105.308571
2025-07-25,105.346756
2025-07-28,105.356293
2025-07-29,105.375404
2025-07-30,105.365845
2025-07-31,105.375404
2025-08-01,105.466385
2025-08-04,105.485519
2025-08-05,105.475960
2025-08-06,105.504692
2025-08-07,105.514267
2025-08-08,105.552582
2025-08-11,105.562149
2025-08-12,105.581306
2025-08-13,105.600464
2025-08-14,105.600464
2025-08-15,105.629189
2025-08-18,105.638771
2025-08-19,105.667511
2025-08-20,105.677063
2025-08-21,105.667511
2025-08-22,105.734543
2025-08-25,105.734543
2025-08-26,105.744133
2025-08-27,105.763275
2025-08-28,105.772865
2025-08-29,105.820732
2025-09-02,105.847641
2025-09-03,105.866867
2025-09-04,105.886086
2025-09-05,105.943779
2025-09-08,105.962982
2025-09-09,105.953384
2025-09-10,105.972595
2025-09-11,105.991814
2025-09-12,106.011032
2025-09-15,106.030273
2025-09-16,106.049477
2025-09-17,106.059082
2025-09-18,106.068695
2025-09-19,106.107147
2025-09-22,106.116760
2025-09-23,106.116760
2025-09-24,106.126373
2025-09-25,106.135979
2025-09-26,106.174431
2025-09-29,106.184059
2025-09-30,106.193649
2025-10-01,106.219688
2025-10-02,106.229332
2025-10-03,106.267899
2025-10-06,106.258263
2025-10-07,106.267899
2025-10-08,106.287193
2025-10-09,106.296852
2025-10-10,106.345047
2025-10-13,106.335411
2025-10-14,106.364326
2025-10-15,106.354683
2025-10-16,106.373970
2025-10-17,106.422188
2025-10-20,106.431847
2025-10-21,106.441483
2025-10-22,106.460770
2025-10-23,106.470413
2025-10-24,106.489693
2025-10-27,106.518631
2025-10-28,106.528267
2025-10-29,106.518631
2025-10-30,106.528267
2025-10-31,106.547562
2025-11-03,106.577553
2025-11-04,106.587234
2025-11-05,106.596909
2025-11-06,106.616264
2025-11-07,106.654968
2025-11-10,106.664627
2025-11-11,106.664627
2025-11-12,106.674316
2025-11-13,106.683990
2025-11-14,106.713013
2025-11-17,106.722694
2025-11-18,106.742035
2025-11-19,106.751717
2025-11-20,106.761398
2025-11-21,106.800095
2025-11-24,106.809769
2025-11-25,106.819443
2025-11-26,106.838799
2025-11-28,106.867821
2025-12-01,106.889175
2025-12-02,106.908585
2025-12-03,106.928009
2025-12-04,106.928009
2025-12-05,106.966827
2025-12-08,106.976532
2025-12-09,106.986229
2025-12-10,107.015366
2025-12-11,107.034752
2025-12-12,107.063904
2025-12-15,107.083305
2025-12-16,107.093010
2025-12-17,107.102722
2025-12-18,107.122139
2025-12-19,107.138687
2025-12-22,107.158157
2025-12-23,107.158157
2025-12-24,107.187378
2025-12-26,107.226334
2025-12-29,107.226334
2025-12-30,107.236069
2025-12-31,107.265289
2026-01-02,107.284760
2026-01-05,107.304237
2026-01-06,107.304237
2026-01-07,107.323708
2026-01-08,107.333435
2026-01-09,107.362671
2026-01-12,107.372398
2026-01-13,107.372398
2026-01-14,107.382126
2026-01-15,107.391869
2026-01-16,107.421082
2026-01-20,107.430832
2026-01-21,107.450310
2026-01-22,107.450310
2026-01-23,107.479530
2026-01-26,107.489258
2026-01-27,107.508736
2026-01-28,107.508736
2026-01-29,107.518486
2026-01-30,107.547699
2026-02-02,107.569176
2026-02-03,107.578941
2026-02-04,107.578941
2026-02-05,107.608261
2026-02-06,107.627785
2026-02-09,107.647331
2026-02-10,107.647331
2026-02-11,107.657097
2026-02-12,107.666855
2026-02-13,107.715691
2026-02-17,107.725464
2026-02-18,107.725464
2026-02-19,107.745018
2026-02-20,107.764557
2026-02-23,107.774323
2026-02-24,107.784081
2026-02-25,107.793846
2026-02-26,107.803619
2026-02-27,107.832924
2026-03-02,107.846642
2026-03-03,107.856438
2026-03-04,107.856438
2026-03-05,107.876022
2026-03-06,107.905426
2026-03-09,107.915207
2026-03-10,107.924995
2026-03-11,107.934799
2026-03-12,107.934799
2026-03-13,107.973976
2026-03-16,107.983772
2026-03-17,107.993568
2026-03-18,107.993568
2026-03-19,107.993568
2026-03-20,108.022949
2026-03-23,108.042557
2026-03-24,108.052338
2026-03-25,108.062134
2026-03-26,108.062134
2026-03-27,108.101318
2026-03-30,108.120903
2026-03-31,108.130699
2026-04-01,108.144463
2026-04-02,108.183762
2026-04-06,108.193573
2026-04-07,108.203400
2026-04-08,108.213234
2026-04-09,108.232872
2026-04-10,108.262344
2026-04-13,108.262344
2026-04-14,108.281998
2026-04-15,108.281998
2026-04-16,108.291824
2026-04-17,108.340935
2026-04-20,108.340935
2026-04-21,108.350769
2026-04-22,108.370415
2026-04-23,108.380241
2026-04-24,108.409706
2026-04-27,108.419533
2026-04-28,108.429359
2026-04-29,108.429359
2026-04-30,108.449005
2026-05-01,108.476585
2026-05-04,108.496307
2026-05-05,108.496307
2026-05-06,108.516006
2026-05-07,108.525864
2026-05-08,108.565269
2026-05-11,108.565269
2026-05-12,108.575127
2026-05-13,108.575127
2026-05-14,108.584984
2026-05-15,108.624397
2026-05-18,108.634254
2026-05-19,108.644104
2026-05-20,108.663811
2026-05-21,108.673668
2026-05-22,108.693375
2026-05-26,108.703232
2026-05-27,108.722939
2026-05-28,108.732788
2026-05-29,108.762344
2026-06-01,108.773209
2026-06-02,108.792984
2026-06-03,108.792984
2026-06-04,108.802856
2026-06-05,108.832520
2026-06-08,108.842392
2026-06-09,108.852280
2026-06-10,108.862167
2026-06-11,108.881927
2026-06-12,108.911575
2026-06-15,108.921463
2026-06-16,108.941231
2026-06-17,108.911575
2026-06-18,108.970879
2026-06-22,108.960999
2026-06-23,108.980751
2026-06-24,108.990639
2026-06-25,109.010414
2026-06-26,109.040062
2026-06-29,109.049942
2026-06-30,109.059822
2026-07-01,109.068741
2026-07-02,109.118301
2026-07-06,109.138130
2026-07-07,109.128220
2026-07-08,109.148048
2026-07-09,109.167870
2026-07-10,109.197601
2026-07-13,109.187698
2026-07-14,109.217430
2026-07-15,109.237251
2026-07-16,109.237251
2026-07-17,109.276901
2026-07-20,109.286812
2026-07-21,109.276901
2026-07-22,109.296715
2026-07-23,109.286812
2026-07-24,109.316544
2026-07-27,109.326462
2026-07-28,109.356186
2026-07-29,109.385918
2026-07-30,109.395836
2026-07-31,109.425568
2026-08-03,109.445457
2026-08-04,109.455391
2026-08-05,109.465340
2026-08-06,109.475281
2026-08-07,109.515053
2026-08-10,109.525002
2026-08-11,109.534935
2026-08-12,109.554825
2026-08-13,109.574707
2026-08-14,109.604530
2026-08-17,109.604530
2026-08-18,109.624420
2026-08-19,109.634354
2026-08-20,109.644302
2026-08-21,109.674126
2026-08-24,109.684074
2026-08-25,109.703957
2026-08-26,109.713898
2026-08-27,109.713898
2026-08-28,109.723839
2026-08-31,109.733788
2026-09-01,109.751740
2026-09-02,109.761703
2026-09-03,109.781654
2026-09-04,109.831512
2026-09-08,109.831512
2026-09-09,109.841492
2026-09-10,109.821548
2026-09-11,109.851463
2026-09-14,109.861443
2026-09-15,109.871407
2026-09-16,109.861443
2026-09-17,109.881378
2026-09-18,109.911301
2026-09-21,109.921272
2026-09-22,109.931252
2026-09-23,109.921272
2026-09-24,109.931252
2026-09-25,109.971130
2026-09-28,109.981110
2026-09-29,110.011024
2026-09-30,110.021004
2026-10-01,110.050003
2026-10-02,110.070000
