date,adj_close
2002-07-30,50.720421
2002-07-31,50.876904
2002-08-01,50.977070
2002-08-02,51.077274
2002-08-05,51.158691
2002-08-06,51.033421
2002-08-07,51.108601
2002-08-08,51.033421
2002-08-09,51.045979
2002-08-12,51.039684
2002-08-13,51.127350
2002-08-14,51.014626
2002-08-15,50.970837
2002-08-16,50.939503
2002-08-19,50.945858
2002-08-20,51.064732
2002-08-21,51.020939
2002-08-22,50.964561
2002-08-23,51.027206
2002-08-26,51.020939
2002-08-27,50.983379
2002-08-28,51.020939
2002-08-29,51.077274
2002-08-30,51.096043
2002-09-03,51.217079
2002-09-04,51.198288
2002-09-05,51.254662
2002-09-06,51.154327
2002-09-09,51.085430
2002-09-10,51.116722
2002-09-11,51.085430
2002-09-12,51.123020
2002-09-13,51.160664
2002-09-16,51.141853
2002-09-17,51.179497
2002-09-18,51.173172
2002-09-19,51.279800
2002-09-20,51.286060
2002-09-23,51.298569
2002-09-24,51.323666
2002-09-25,51.273548
2002-09-26,51.292324
2002-09-27,51.398949
2002-09-30,51.474182
2002-10-01,51.411377
2002-10-02,51.455341
2002-10-03,51.461613
2002-10-04,51.417679
2002-10-07,51.480503
2002-10-08,51.430233
2002-10-09,51.537052
2002-10-10,51.486778
2002-10-11,51.405113
2002-10-14,51.417679
2002-10-15,51.222965
2002-10-16,51.241825
2002-10-17,51.197868
2002-10-18,51.241825
2002-10-21,51.128761
2002-10-22,51.122505
2002-10-23,51.160198
2002-10-24,51.248104
2002-10-25,51.336056
2002-10-28,51.405113
2002-10-29,51.518169
2002-10-30,51.511856
2002-10-31,51.599766
2002-11-01,51.545055
2002-11-04,51.494705
2002-11-05,51.488464
2002-11-06,51.507328
2002-11-07,51.532486
2002-11-08,51.513634
2002-11-11,51.563946
2002-11-12,51.576542
2002-11-13,51.582844
2002-11-14,51.456974
2002-11-15,51.482143
2002-11-18,51.482143
2002-11-19,51.469604
2002-11-20,51.425537
2002-11-21,51.356377
2002-11-22,51.337505
2002-11-25,51.368912
2002-11-26,51.463303
2002-11-27,51.375252
2002-11-29,51.400417
2002-12-02,51.419323
2002-12-03,51.438217
2002-12-04,51.469707
2002-12-05,51.513790
2002-12-06,51.564201
2002-12-09,51.576790
2002-12-10,51.570465
2002-12-11,51.614586
2002-12-12,51.633484
2002-12-13,51.595707
2002-12-16,51.570465
2002-12-17,51.620865
2002-12-18,51.702789
2002-12-19,51.759476
2002-12-20,51.734268
2002-12-23,51.740566
2002-12-24,51.797291
2002-12-26,51.835106
2002-12-27,51.898109
2002-12-30,51.904346
2002-12-31,51.941639
2003-01-02,51.746006
2003-01-03,51.752338
2003-01-06,51.720737
2003-01-07,51.758625
2003-01-08,51.802807
2003-01-09,51.708088
2003-01-10,51.777561
2003-01-13,51.764927
2003-01-14,51.783886
2003-01-15,51.802807
2003-01-16,51.834339
2003-01-17,51.821678
2003-01-21,51.884819
2003-01-22,51.922695
2003-01-23,51.891094
2003-01-24,51.884819
2003-01-27,51.884819
2003-01-28,51.897388
2003-01-29,51.853233
2003-01-30,51.916351
2003-01-31,51.903786
2003-02-03,51.873436
2003-02-04,51.930267
2003-02-05,51.911339
2003-02-06,51.936634
2003-02-07,51.980881
2003-02-10,51.942921
2003-02-11,51.961899
2003-02-12,52.006153
2003-02-13,52.050369
2003-02-14,52.006153
2003-02-18,51.987198
2003-02-19,52.012486
2003-02-20,52.044022
2003-02-21,51.999786
2003-02-24,52.025105
2003-02-25,52.056732
2003-02-26,52.082016
2003-02-27,52.082016
2003-02-28,52.107250
2003-03-03,52.124344
2003-03-04,52.118004
2003-03-05,52.162327
2003-03-06,52.181278
2003-03-07,52.231926
2003-03-10,52.282551
2003-03-11,52.238224
2003-03-12,52.200294
2003-03-13,52.042053
2003-03-14,52.092697
2003-03-17,52.029438
2003-03-18,51.985138
2003-03-19,51.972446
2003-03-20,52.035725
2003-03-21,51.902824
2003-03-24,52.016739
2003-03-25,52.016739
2003-03-26,52.080078
2003-03-27,52.092697
2003-03-28,52.162327
2003-03-31,52.200294
2003-04-01,52.188862
2003-04-02,52.131847
2003-04-03,52.163536
2003-04-04,52.150864
2003-04-07,52.119198
2003-04-08,52.169853
2003-04-09,52.201519
2003-04-10,52.131847
2003-04-11,52.106461
2003-04-14,52.062141
2003-04-15,52.100174
2003-04-16,52.106461
2003-04-17,52.062141
2003-04-21,52.093807
2003-04-22,52.087467
2003-04-23,52.125523
2003-04-24,52.176239
2003-04-25,52.226906
2003-04-28,52.214245
2003-04-29,52.176239
2003-04-30,52.283890
2003-05-01,52.283924
2003-05-02,52.226856
2003-05-05,52.264858
2003-05-06,52.341034
2003-05-07,52.353729
2003-05-08,52.328350
2003-05-09,52.315670
2003-05-12,52.353729
2003-05-13,52.341034
2003-05-14,52.372803
2003-05-15,52.353729
2003-05-16,52.410866
2003-05-19,52.423561
2003-05-20,52.493382
2003-05-21,52.423561
2003-05-22,52.442581
2003-05-23,52.461658
2003-05-27,52.442581
2003-05-28,52.474308
2003-05-29,52.493382
2003-05-30,52.474308
2003-06-02,52.447002
2003-06-03,52.548649
2003-06-04,52.593166
2003-06-05,52.561401
2003-06-06,52.548649
2003-06-09,52.618576
2003-06-10,52.675774
2003-06-11,52.637611
2003-06-12,52.669395
2003-06-13,52.713905
2003-06-16,52.650326
2003-06-17,52.574108
2003-06-18,52.580433
2003-06-19,52.631279
2003-06-20,52.618576
2003-06-23,52.669395
2003-06-24,52.707565
2003-06-25,52.599529
2003-06-26,52.504192
2003-06-27,52.516918
2003-06-30,52.561401
2003-07-01,52.562645
2003-07-02,52.588058
2003-07-03,52.530861
2003-07-07,52.518135
2003-07-08,52.499023
2003-07-09,52.511795
2003-07-10,52.556290
2003-07-11,52.575359
2003-07-14,52.530861
2003-07-15,52.467239
2003-07-16,52.473568
2003-07-17,52.441734
2003-07-18,52.435406
2003-07-21,52.346359
2003-07-22,52.397202
2003-07-23,52.422661
2003-07-24,52.416286
2003-07-25,52.441734
2003-07-28,52.371788
2003-07-29,52.327267
2003-07-30,52.352669
2003-07-31,52.295433
2003-08-01,52.239365
2003-08-04,52.322170
2003-08-05,52.226650
2003-08-06,52.277618
2003-08-07,52.334927
2003-08-08,52.347672
2003-08-11,52.277618
2003-08-12,52.366787
2003-08-13,52.264839
2003-08-14,52.252117
2003-08-15,52.290325
2003-08-18,52.283981
2003-08-19,52.347672
2003-08-20,52.309433
2003-08-21,52.233021
2003-08-22,52.220219
2003-08-25,52.194756
2003-08-26,52.252117
2003-08-27,52.201138
2003-08-28,52.277618
2003-08-29,52.271248
2003-09-02,52.202927
2003-09-03,52.241230
2003-09-04,52.311428
2003-09-05,52.489986
2003-09-08,52.426216
2003-09-09,52.515587
2003-09-10,52.547386
2003-09-11,52.509121
2003-09-12,52.553761
2003-09-15,52.604813
2003-09-16,52.611225
2003-09-17,52.604813
2003-09-18,52.553761
2003-09-19,52.553761
2003-09-22,52.572895
2003-09-23,52.585732
2003-09-24,52.617565
2003-09-25,52.623924
2003-09-26,52.687729
2003-09-29,52.662247
2003-09-30,52.770626
2003-10-01,52.778919
2003-10-02,52.778919
2003-10-03,52.644901
2003-10-06,52.683140
2003-10-07,52.632076
2003-10-08,52.632076
2003-10-09,52.625698
2003-10-10,52.657627
2003-10-13,52.664024
2003-10-14,52.612926
2003-10-15,52.549099
2003-10-16,52.427753
2003-10-17,52.491608
2003-10-20,52.497963
2003-10-21,52.510742
2003-10-22,52.568222
2003-10-23,52.555466
2003-10-24,52.619335
2003-10-27,52.561882
2003-10-28,52.651245
2003-10-29,52.593792
2003-10-30,52.549099
2003-10-31,52.555466
2003-11-03,52.524143
2003-11-04,52.562500
2003-11-05,52.511345
2003-11-06,52.453800
2003-11-07,52.409008
2003-11-10,52.421844
2003-11-11,52.421844
2003-11-12,52.453800
2003-11-13,52.568863
2003-11-14,52.632870
2003-11-17,52.664822
2003-11-18,52.671219
2003-11-19,52.575264
2003-11-20,52.677578
2003-11-21,52.658398
2003-11-24,52.588085
2003-11-25,52.645664
2003-11-26,52.588085
2003-11-28,52.524143
2003-12-01,52.452381
2003-12-02,52.510052
2003-12-03,52.465206
2003-12-04,52.516445
2003-12-05,52.682907
2003-12-08,52.625290
2003-12-09,52.593285
2003-12-10,52.657326
2003-12-11,52.766155
2003-12-12,52.753342
2003-12-15,52.740566
2003-12-16,52.988041
2003-12-17,52.994530
2003-12-18,53.007374
2003-12-19,53.020222
2003-12-22,52.988041
2003-12-23,52.904499
2003-12-24,53.026669
2003-12-26,53.071625
2003-12-29,53.000954
2003-12-30,53.026669
2003-12-31,53.094879
2004-01-02,52.966129
2004-01-05,52.972565
2004-01-06,53.036926
2004-01-07,53.075554
2004-01-08,53.082024
2004-01-09,53.210770
2004-01-12,53.242935
2004-01-13,53.307331
2004-01-14,53.255852
2004-01-15,53.249374
2004-01-16,53.210770
2004-01-20,53.236492
2004-01-21,53.268692
2004-01-22,53.307331
2004-01-23,53.230087
2004-01-26,53.191509
2004-01-27,53.255852
2004-01-28,53.120613
2004-01-29,53.133511
2004-01-30,53.159294
2004-02-02,53.177975
2004-02-03,53.229542
2004-02-04,53.197304
2004-02-05,53.158615
2004-02-06,53.242428
2004-02-09,53.261784
2004-02-10,53.190884
2004-02-11,53.274677
2004-02-12,53.294014
2004-02-13,53.371330
2004-02-17,53.326256
2004-02-18,53.332714
2004-02-19,53.358494
2004-02-20,53.300419
2004-02-23,53.352028
2004-02-24,53.358494
2004-02-25,53.397171
2004-02-26,53.377831
2004-02-27,53.416531
2004-03-01,53.399136
2004-03-02,53.347485
2004-03-03,53.308708
2004-03-04,53.353901
2004-03-05,53.470116
2004-03-08,53.554050
2004-03-09,53.586338
2004-03-10,53.554050
2004-03-11,53.599209
2004-03-12,53.560463
2004-03-15,53.534641
2004-03-16,53.573433
2004-03-17,53.573433
2004-03-18,53.554050
2004-03-19,53.573433
2004-03-22,53.605682
2004-03-23,53.618587
2004-03-24,53.631493
2004-03-25,53.625011
2004-03-26,53.573433
2004-03-29,53.534641
2004-03-30,53.528244
2004-03-31,53.566879
2004-04-01,53.502281
2004-04-02,53.314754
2004-04-05,53.263039
2004-04-06,53.327724
2004-04-07,53.340656
2004-04-08,53.340656
2004-04-12,53.288910
2004-04-13,53.217777
2004-04-14,53.127296
2004-04-15,53.159615
2004-04-16,53.230732
2004-04-19,53.166046
2004-04-20,53.043236
2004-04-21,53.049698
2004-04-22,53.127296
2004-04-23,53.017342
2004-04-26,53.023842
2004-04-27,53.088478
2004-04-28,52.978607
2004-04-29,52.972092
2004-04-30,52.997990
2004-05-03,53.021320
2004-05-04,53.008358
2004-05-05,52.988899
2004-05-06,52.975967
2004-05-07,52.755836
2004-05-10,52.781712
2004-05-11,52.788200
2004-05-12,52.801144
2004-05-13,52.775307
2004-05-14,52.859440
2004-05-17,52.930622
2004-05-18,52.878803
2004-05-19,52.852928
2004-05-20,52.878803
2004-05-21,52.878803
2004-05-24,52.891766
2004-05-25,52.891766
2004-05-26,52.988899
2004-05-27,53.014858
2004-05-28,52.995411
2004-06-01,52.920166
2004-06-02,52.887745
2004-06-03,52.900700
2004-06-04,52.816380
2004-06-07,52.835888
2004-06-08,52.842381
2004-06-09,52.758057
2004-06-10,52.751564
2004-06-14,52.615387
2004-06-15,52.790497
2004-06-16,52.751564
2004-06-17,52.816380
2004-06-18,52.784016
2004-06-21,52.822945
2004-06-22,52.842381
2004-06-23,52.855381
2004-06-24,52.907158
2004-06-25,52.913685
2004-06-28,52.790497
2004-06-29,52.842381
2004-06-30,52.984997
2004-07-01,52.996044
2004-07-02,53.138969
2004-07-06,53.125977
2004-07-07,53.132446
2004-07-08,53.151962
2004-07-09,53.151962
2004-07-12,53.171490
2004-07-13,53.132446
2004-07-14,53.112995
2004-07-15,53.112995
2004-07-16,53.216927
2004-07-19,53.190975
2004-07-20,53.093510
2004-07-21,53.080490
2004-07-22,53.093510
2004-07-23,53.093510
2004-07-26,53.054474
2004-07-27,53.009075
2004-07-28,53.041534
2004-07-29,53.054474
2004-07-30,53.132446
2004-08-02,53.173447
2004-08-03,53.186489
2004-08-04,53.179932
2004-08-05,53.212509
2004-08-06,53.401222
2004-08-09,53.394711
2004-08-10,53.264618
2004-08-11,53.349186
2004-08-12,53.362202
2004-08-13,53.414272
2004-08-16,53.401222
2004-08-17,53.453274
2004-08-18,53.440258
2004-08-19,53.472824
2004-08-20,53.440258
2004-08-23,53.394711
2004-08-24,53.420727
2004-08-25,53.401222
2004-08-26,53.453274
2004-08-27,53.433762
2004-08-30,53.446796
2004-08-31,53.524864
2004-09-01,53.539238
2004-09-02,53.454540
2004-09-03,53.382755
2004-09-07,53.382755
2004-09-08,53.461052
2004-09-09,53.467510
2004-09-10,53.480564
2004-09-13,53.487068
2004-09-14,53.500149
2004-09-15,53.467510
2004-09-16,53.558788
2004-09-17,53.493576
2004-09-20,53.578312
2004-09-21,53.500149
2004-09-22,53.552265
2004-09-23,53.487068
2004-09-24,53.454540
2004-09-27,53.487068
2004-09-28,53.519665
2004-09-29,53.454540
2004-09-30,53.474033
2004-10-01,53.436218
2004-10-04,53.442684
2004-10-05,53.449215
2004-10-06,53.403522
2004-10-07,53.383972
2004-10-08,53.521038
2004-10-11,53.560238
2004-10-12,53.573265
2004-10-13,53.612446
2004-10-14,53.625549
2004-10-15,53.605900
2004-10-18,53.612446
2004-10-19,53.592873
2004-10-20,53.638565
2004-10-21,53.573265
2004-10-22,53.625549
2004-10-25,53.645096
2004-10-26,53.638565
2004-10-27,53.566719
2004-10-28,53.586365
2004-10-29,53.632046
2004-11-01,53.598007
2004-11-02,53.624203
2004-11-03,53.617661
2004-11-04,53.571865
2004-11-05,53.434551
2004-11-08,53.408371
2004-11-09,53.447617
2004-11-10,53.382214
2004-11-11,53.421425
2004-11-12,53.408371
2004-11-15,53.408371
2004-11-16,53.369137
2004-11-17,53.447617
2004-11-18,53.441093
2004-11-19,53.356056
2004-11-22,53.369137
2004-11-23,53.362591
2004-11-24,53.356056
2004-11-26,53.303783
2004-11-29,53.310265
2004-11-30,53.323330
2004-12-01,53.359413
2004-12-02,53.339745
2004-12-03,53.457657
2004-12-06,53.464218
2004-12-07,53.464218
2004-12-08,53.483906
2004-12-09,53.477306
2004-12-10,53.483906
2004-12-13,53.444561
2004-12-14,53.457657
2004-12-15,53.510113
2004-12-16,53.451073
2004-12-17,53.431446
2004-12-20,53.431446
2004-12-21,53.437988
2004-12-22,53.437988
2004-12-23,53.424896
2004-12-27,53.392181
2004-12-28,53.411762
2004-12-29,53.405231
2004-12-30,53.424896
2004-12-31,53.447243
2005-01-03,53.453785
2005-01-04,53.335678
2005-01-05,53.348751
2005-01-06,53.375008
2005-01-07,53.381630
2005-01-10,53.348751
2005-01-11,53.361908
2005-01-12,53.368446
2005-01-13,53.434116
2005-01-14,53.407860
2005-01-18,53.388149
2005-01-19,53.394726
2005-01-20,53.440651
2005-01-21,53.493164
2005-01-24,53.460304
2005-01-25,53.440651
2005-01-26,53.420929
2005-01-27,53.407860
2005-01-28,53.434116
2005-01-31,53.427536
2005-02-01,53.441364
2005-02-02,53.421597
2005-02-03,53.388718
2005-02-04,53.441364
2005-02-07,53.428185
2005-02-08,53.408436
2005-02-09,53.507149
2005-02-10,53.467690
2005-02-11,53.441364
2005-02-14,53.415009
2005-02-15,53.421597
2005-02-16,53.395313
2005-02-17,53.421597
2005-02-18,53.349262
2005-02-22,53.368977
2005-02-23,53.362423
2005-02-24,53.349262
2005-02-25,53.322960
2005-02-28,53.290073
2005-03-01,53.278866
2005-03-02,53.311775
2005-03-03,53.331573
2005-03-04,53.331573
2005-03-07,53.311775
2005-03-08,53.311775
2005-03-09,53.292095
2005-03-10,53.252480
2005-03-11,53.239288
2005-03-14,53.219570
2005-03-15,53.199791
2005-03-16,53.265652
2005-03-17,53.285412
2005-03-18,53.259102
2005-03-21,53.292095
2005-03-22,53.199791
2005-03-23,53.193176
2005-03-24,53.206375
2005-03-28,53.179996
2005-03-29,53.219570
2005-03-30,53.226147
2005-03-31,53.298618
2005-04-01,53.331680
2005-04-04,53.331680
2005-04-05,53.344883
2005-04-06,53.384502
2005-04-07,53.364704
2005-04-08,53.358055
2005-04-11,53.358055
2005-04-12,53.391132
2005-04-13,53.470387
2005-04-14,53.516598
2005-04-15,53.602520
2005-04-18,53.576130
2005-04-19,53.642128
2005-04-20,53.622307
2005-04-21,53.529827
2005-04-22,53.543018
2005-04-25,53.556286
2005-04-26,53.543018
2005-04-27,53.582699
2005-04-28,53.628944
2005-04-29,53.576130
2005-05-02,53.582733
2005-05-03,53.615829
2005-05-04,53.635689
2005-05-05,53.688671
2005-05-06,53.569435
2005-05-09,53.543003
2005-05-10,53.582733
2005-05-11,53.615829
2005-05-12,53.642258
2005-05-13,53.701927
2005-05-16,53.688671
2005-05-17,53.688671
2005-05-18,53.741638
2005-05-19,53.662178
2005-05-20,53.662178
2005-05-23,53.695278
2005-05-24,53.728386
2005-05-25,53.748219
2005-05-26,53.728386
2005-05-27,53.748219
2005-05-31,53.787979
2005-06-01,53.894169
2005-06-02,53.874237
2005-06-03,53.807919
2005-06-06,53.834454
2005-06-07,53.847733
2005-06-08,53.834454
2005-06-09,53.801277
2005-06-10,53.754833
2005-06-13,53.754833
2005-06-14,53.768024
2005-06-15,53.754833
2005-06-16,53.801277
2005-06-17,53.794567
2005-06-20,53.781330
2005-06-21,53.787987
2005-06-22,53.907482
2005-06-23,53.887520
2005-06-24,53.914066
2005-06-27,53.934017
2005-06-28,53.874237
2005-06-29,53.887520
2005-06-30,53.920677
2005-07-01,53.771717
2005-07-05,53.785053
2005-07-06,53.818275
2005-07-07,53.864849
2005-07-08,53.804951
2005-07-11,53.765053
2005-07-12,53.765053
2005-07-13,53.771717
2005-07-14,53.771717
2005-07-15,53.778351
2005-07-18,53.765053
2005-07-19,53.785053
2005-07-20,53.778351
2005-07-21,53.725094
2005-07-22,53.778351
2005-07-25,53.758446
2005-07-26,53.745071
2005-07-27,53.745071
2005-07-28,53.751785
2005-07-29,53.718525
2005-08-01,53.685848
2005-08-02,53.692513
2005-08-03,53.712502
2005-08-04,53.712502
2005-08-05,53.665794
2005-08-08,53.612492
2005-08-09,53.672501
2005-08-10,53.672501
2005-08-11,53.712502
2005-08-12,53.779186
2005-08-15,53.752453
2005-08-16,53.779186
2005-08-17,53.792480
2005-08-18,53.839195
2005-08-19,53.819202
2005-08-22,53.825848
2005-08-23,53.879189
2005-08-24,53.885838
2005-08-25,53.879189
2005-08-26,53.839195
2005-08-29,53.852509
2005-08-30,53.932522
2005-08-31,54.072521
2005-09-01,54.138012
2005-09-02,54.204933
2005-09-06,54.117958
2005-09-07,54.077847
2005-09-08,54.051105
2005-09-09,54.064518
2005-09-12,54.044472
2005-09-13,54.077847
2005-09-14,54.071190
2005-09-15,54.057842
2005-09-16,54.017715
2005-09-19,54.031101
2005-09-20,53.990990
2005-09-21,54.044472
2005-09-22,54.064518
2005-09-23,54.017715
2005-09-26,53.977589
2005-09-27,53.957554
2005-09-28,53.977589
2005-09-29,53.957554
2005-09-30,53.910725
2005-10-03,53.886570
2005-10-04,53.879871
2005-10-05,53.906673
2005-10-06,53.906673
2005-10-07,53.946930
2005-10-10,53.940258
2005-10-11,53.926807
2005-10-12,53.886570
2005-10-13,53.886570
2005-10-14,53.900009
2005-10-17,53.873192
2005-10-18,53.920120
2005-10-19,53.946930
2005-10-20,53.946930
2005-10-21,53.980469
2005-10-24,53.960361
2005-10-25,53.866486
2005-10-26,53.846367
2005-10-27,53.886570
2005-10-28,53.886570
2005-10-31,53.866486
2005-11-01,53.881283
2005-11-02,53.874569
2005-11-03,53.847637
2005-11-04,53.847637
2005-11-07,53.840927
2005-11-08,53.908150
2005-11-09,53.840927
2005-11-10,53.914917
2005-11-11,53.935070
2005-11-14,53.854389
2005-11-15,53.894714
2005-11-16,53.961987
2005-11-17,54.009056
2005-11-18,54.009056
2005-11-21,54.042656
2005-11-22,54.116653
2005-11-23,54.049427
2005-11-25,54.096500
2005-11-28,54.109970
2005-11-29,54.069595
2005-11-30,54.076294
2005-12-01,54.022984
2005-12-02,54.070248
2005-12-05,54.009544
2005-12-06,54.083694
2005-12-07,54.090458
2005-12-08,54.157906
2005-12-09,54.103943
2005-12-12,54.097179
2005-12-13,54.124191
2005-12-14,54.184891
2005-12-15,54.184891
2005-12-16,54.218559
2005-12-19,54.184891
2005-12-20,54.178162
2005-12-21,54.178162
2005-12-22,54.225372
2005-12-23,54.252354
2005-12-27,54.259041
2005-12-28,54.326073
2005-12-29,54.285454
2005-12-30,54.265160
2006-01-03,54.339603
2006-01-04,54.393707
2006-01-05,54.346348
2006-01-06,54.359894
2006-01-09,54.366642
2006-01-10,54.312542
2006-01-11,54.312542
2006-01-12,54.339603
2006-01-13,54.447819
2006-01-17,54.427532
2006-01-18,54.420734
2006-01-19,54.427532
2006-01-20,54.447819
2006-01-23,54.454609
2006-01-24,54.441093
2006-01-25,54.366642
2006-01-26,54.373432
2006-01-27,54.332821
2006-01-30,54.359894
2006-01-31,54.359894
2006-02-01,54.310310
2006-02-02,54.310310
2006-02-03,54.337448
2006-02-06,54.310310
2006-02-07,54.317112
2006-02-08,54.296741
2006-02-09,54.283207
2006-02-10,54.242474
2006-02-13,54.283207
2006-02-14,54.283207
2006-02-15,54.276421
2006-02-16,54.317112
2006-02-17,54.357815
2006-02-21,54.317112
2006-02-22,54.357815
2006-02-23,54.310310
2006-02-24,54.330727
2006-02-27,54.303486
2006-02-28,54.378246
2006-03-01,54.350254
2006-03-02,54.370712
2006-03-03,54.316196
2006-03-06,54.336693
2006-03-07,54.336693
2006-03-08,54.370712
2006-03-09,54.391117
2006-03-10,54.336693
2006-03-13,54.336693
2006-03-14,54.445606
2006-03-15,54.459217
2006-03-16,54.554611
2006-03-17,54.534195
2006-03-20,54.561394
2006-03-21,54.466076
2006-03-22,54.479668
2006-03-23,54.466076
2006-03-24,54.540936
2006-03-27,54.527313
2006-03-28,54.479668
2006-03-29,54.479668
2006-03-30,54.452370
2006-03-31,54.472866
2006-04-03,54.442791
2006-04-04,54.483791
2006-04-05,54.490654
2006-04-06,54.483791
2006-04-07,54.449635
2006-04-10,54.463287
2006-04-11,54.511147
2006-04-12,54.476959
2006-04-13,54.470127
2006-04-17,54.504276
2006-04-18,54.579441
2006-04-19,54.565750
2006-04-20,54.545280
2006-04-21,54.545280
2006-04-24,54.572598
2006-04-25,54.531609
2006-04-26,54.490654
2006-04-27,54.579441
2006-04-28,54.593102
2006-05-01,54.560890
2006-05-02,54.567738
2006-05-03,54.567738
2006-05-04,54.574627
2006-05-05,54.588276
2006-05-08,54.581451
2006-05-09,54.588276
2006-05-10,54.588276
2006-05-11,54.608887
2006-05-12,54.588276
2006-05-15,54.615753
2006-05-16,54.663712
2006-05-17,54.636280
2006-05-18,54.691135
2006-05-19,54.677406
2006-05-22,54.677406
2006-05-23,54.711716
2006-05-24,54.745983
2006-05-25,54.745983
2006-05-26,54.766541
2006-05-30,54.725395
2006-05-31,54.684277
2006-06-01,54.751690
2006-06-02,54.834255
2006-06-05,54.786091
2006-06-06,54.786091
2006-06-07,54.751690
2006-06-08,54.813580
2006-06-09,54.813580
2006-06-12,54.820473
2006-06-13,54.806721
2006-06-14,54.751690
2006-06-15,54.737968
2006-06-16,54.710396
2006-06-19,54.689770
2006-06-20,54.682934
2006-06-21,54.696693
2006-06-22,54.669174
2006-06-23,54.655418
2006-06-26,54.662270
2006-06-27,54.696693
2006-06-28,54.669174
2006-06-29,54.765476
2006-06-30,54.813580
2006-07-03,54.805355
2006-07-05,54.757015
2006-07-06,54.798409
2006-07-07,54.839828
2006-07-10,54.839828
2006-07-11,54.839828
2006-07-12,54.860542
2006-07-13,54.929562
2006-07-14,54.936474
2006-07-17,54.929562
2006-07-18,54.888119
2006-07-19,54.964024
2006-07-20,55.033073
2006-07-21,55.019279
2006-07-24,55.019279
2006-07-25,55.005520
2006-07-26,55.074520
2006-07-27,55.102135
2006-07-28,55.171143
2006-07-31,55.178062
2006-08-01,55.211998
2006-08-02,55.211998
2006-08-03,55.205063
2006-08-04,55.253544
2006-08-07,55.274357
2006-08-08,55.302032
2006-08-09,55.322876
2006-08-10,55.308960
2006-08-11,55.260471
2006-08-14,55.232750
2006-08-15,55.308960
2006-08-16,55.399025
2006-08-17,55.392109
2006-08-18,55.412884
2006-08-21,55.447525
2006-08-22,55.440636
2006-08-23,55.426731
2006-08-24,55.461376
2006-08-25,55.475258
2006-08-28,55.489082
2006-08-29,55.509884
2006-08-30,55.544487
2006-08-31,55.592995
2006-09-01,55.656265
2006-09-05,55.593731
2006-09-06,55.593731
2006-09-07,55.593731
2006-09-08,55.628487
2006-09-11,55.621490
2006-09-12,55.649334
2006-09-13,55.656265
2006-09-14,55.607624
2006-09-15,55.628487
2006-09-18,55.621490
2006-09-19,55.697979
2006-09-20,55.718826
2006-09-21,55.816200
2006-09-22,55.844021
2006-09-25,55.892670
2006-09-26,55.830124
2006-09-27,55.871807
2006-09-28,55.892670
2006-09-29,55.836979
2006-10-02,55.902653
2006-10-03,55.909611
2006-10-04,56.007347
2006-10-05,55.951530
2006-10-06,55.881699
2006-10-09,55.888687
2006-10-10,55.811916
2006-10-11,55.804966
2006-10-12,55.832813
2006-10-13,55.811916
2006-10-16,55.839840
2006-10-17,55.846813
2006-10-18,55.853794
2006-10-19,55.846813
2006-10-20,55.867779
2006-10-23,55.839840
2006-10-24,55.839840
2006-10-25,55.902653
2006-10-26,55.972420
2006-10-27,56.028225
2006-10-30,55.993351
2006-10-31,56.070110
2006-11-01,56.110050
2006-11-02,56.096046
2006-11-03,55.990948
2006-11-06,55.983990
2006-11-07,56.054012
2006-11-08,56.082039
2006-11-09,56.075043
2006-11-10,56.117050
2006-11-13,56.117050
2006-11-14,56.124020
2006-11-15,56.089020
2006-11-16,56.068024
2006-11-17,56.138042
2006-11-20,56.152050
2006-11-21,56.166069
2006-11-22,56.208107
2006-11-24,56.215111
2006-11-27,56.250072
2006-11-28,56.278145
2006-11-29,56.278145
2006-11-30,56.341160
2006-12-01,56.451492
2006-12-04,56.444473
2006-12-05,56.444473
2006-12-06,56.437443
2006-12-07,56.423378
2006-12-08,56.353134
2006-12-11,56.360184
2006-12-12,56.437443
2006-12-13,56.360184
2006-12-14,56.332077
2006-12-15,56.353134
2006-12-18,56.353134
2006-12-19,56.360184
2006-12-20,56.395302
2006-12-21,56.437443
2006-12-22,56.430447
2006-12-26,56.430447
2006-12-27,56.399433
2006-12-28,56.364147
2006-12-29,56.378265
2007-01-03,56.434673
2007-01-04,56.491070
2007-01-05,56.455837
2007-01-08,56.420582
2007-01-09,56.441723
2007-01-10,56.427666
2007-01-11,56.385307
2007-01-12,56.350086
2007-01-16,56.406490
2007-01-17,56.385307
2007-01-18,56.406490
2007-01-19,56.399433
2007-01-22,56.420582
2007-01-23,56.392368
2007-01-24,56.420582
2007-01-25,56.378265
2007-01-26,56.385307
2007-01-29,56.392368
2007-01-30,56.406490
2007-01-31,56.469936
2007-02-01,56.462841
2007-02-02,56.484089
2007-02-05,56.469944
2007-02-06,56.533634
2007-02-07,56.561947
2007-02-08,56.583149
2007-02-09,56.526585
2007-02-12,56.526585
2007-02-13,56.519485
2007-02-14,56.646881
2007-02-15,56.675175
2007-02-16,56.689312
2007-02-20,56.682251
2007-02-21,56.717663
2007-02-22,56.682251
2007-02-23,56.745960
2007-02-26,56.788403
2007-02-27,56.922924
2007-02-28,56.880421
2007-03-01,56.959263
2007-03-02,57.023140
2007-03-05,57.044468
2007-03-06,56.994701
2007-03-07,57.051556
2007-03-08,57.051556
2007-03-09,56.952152
2007-03-12,57.001785
2007-03-13,57.079975
2007-03-14,57.094177
2007-03-15,57.079975
2007-03-16,57.072868
2007-03-19,57.023140
2007-03-20,57.072868
2007-03-21,57.165184
2007-03-22,57.108398
2007-03-23,57.072868
2007-03-26,57.129658
2007-03-27,57.136795
2007-03-28,57.165184
2007-03-29,57.136795
2007-03-30,57.136795
2007-04-02,57.147488
2007-04-03,57.147488
2007-04-04,57.183079
2007-04-05,57.161697
2007-04-09,57.033413
2007-04-10,57.104706
2007-04-11,57.104706
2007-04-12,57.097565
2007-04-13,57.069069
2007-04-16,57.061924
2007-04-17,57.154621
2007-04-18,57.232948
2007-04-19,57.232948
2007-04-20,57.218739
2007-04-23,57.261490
2007-04-24,57.311417
2007-04-25,57.290054
2007-04-26,57.247265
2007-04-27,57.268669
2007-04-30,57.311417
2007-05-01,57.287106
2007-05-02,57.315662
2007-05-03,57.272778
2007-05-04,57.301376
2007-05-07,57.301376
2007-05-08,57.329971
2007-05-09,57.287106
2007-05-10,57.337147
2007-05-11,57.315662
2007-05-14,57.272778
2007-05-15,57.287106
2007-05-16,57.344296
2007-05-17,57.308537
2007-05-18,57.251324
2007-05-21,57.265633
2007-05-22,57.279903
2007-05-23,57.265633
2007-05-24,57.287106
2007-05-25,57.322842
2007-05-29,57.265633
2007-05-30,57.308537
2007-05-31,57.272778
2007-06-01,57.243385
2007-06-04,57.264927
2007-06-05,57.214626
2007-06-06,57.286419
2007-06-07,57.221825
2007-06-08,57.243385
2007-06-11,57.250507
2007-06-12,57.200249
2007-06-13,57.214626
2007-06-14,57.214626
2007-06-15,57.293571
2007-06-18,57.293571
2007-06-19,57.394066
2007-06-20,57.336658
2007-06-21,57.358177
2007-06-22,57.437138
2007-06-25,57.487408
2007-06-26,57.451565
2007-06-27,57.444340
2007-06-28,57.429962
2007-06-29,57.544853
2007-07-02,57.582333
2007-07-03,57.560707
2007-07-05,57.481441
2007-07-06,57.474205
2007-07-09,57.517433
2007-07-10,57.625546
2007-07-11,57.596729
2007-07-12,57.560707
2007-07-13,57.589531
2007-07-16,57.647179
2007-07-17,57.611118
2007-07-18,57.697605
2007-07-19,57.690411
2007-07-20,57.784077
2007-07-23,57.740833
2007-07-24,57.798512
2007-07-25,57.841721
2007-07-26,57.978668
2007-07-27,58.043480
2007-07-30,57.971416
2007-07-31,58.065151
2007-08-01,58.008698
2007-08-02,58.037567
2007-08-03,58.182274
2007-08-06,58.109947
2007-08-07,58.059292
2007-08-08,58.015881
2007-08-09,58.182274
2007-08-10,58.160591
2007-08-13,58.211205
2007-08-14,58.290779
2007-08-15,58.370361
2007-08-16,58.486050
2007-08-17,58.536659
2007-08-20,58.609035
2007-08-21,58.688587
2007-08-22,58.609035
2007-08-23,58.572857
2007-08-24,58.464386
2007-08-27,58.543934
2007-08-28,58.695873
2007-08-29,58.623470
2007-08-30,58.674133
2007-08-31,58.674133
2007-09-04,58.671234
2007-09-05,58.823700
2007-09-06,58.751083
2007-09-07,58.954327
2007-09-10,58.976120
2007-09-11,58.889030
2007-09-12,58.939884
2007-09-13,58.852722
2007-09-14,58.845428
2007-09-17,58.838184
2007-09-18,58.918079
2007-09-19,58.918079
2007-09-20,58.794632
2007-09-21,58.874519
2007-09-24,58.939884
2007-09-25,58.990665
2007-09-26,58.954327
2007-09-27,59.063225
2007-09-28,58.997940
2007-10-01,59.010307
2007-10-02,59.046791
2007-10-03,59.039459
2007-10-04,59.068634
2007-10-05,59.003052
2007-10-08,59.061306
2007-10-09,58.930180
2007-10-10,58.944752
2007-10-11,58.959309
2007-10-12,58.893684
2007-10-15,58.893684
2007-10-16,58.966614
2007-10-17,59.105064
2007-10-18,59.185249
2007-10-19,59.338284
2007-10-22,59.287247
2007-10-23,59.294605
2007-10-24,59.411106
2007-10-25,59.374706
2007-10-26,59.381969
2007-10-29,59.381969
2007-10-30,59.374706
2007-10-31,59.279949
2007-11-01,59.472374
2007-11-02,59.545460
2007-11-05,59.538162
2007-11-06,59.501568
2007-11-07,59.669827
2007-11-08,59.764908
2007-11-09,59.786816
2007-11-12,59.925827
2007-11-13,59.742985
2007-11-14,59.772186
2007-11-15,59.969707
2007-11-16,59.969707
2007-11-19,60.167206
2007-11-20,60.145260
2007-11-21,60.335426
2007-11-23,60.269524
2007-11-26,60.437782
2007-11-27,60.254974
2007-11-28,60.203720
2007-11-29,60.313431
2007-11-30,60.342686
2007-12-03,60.479237
2007-12-04,60.471832
2007-12-05,60.493900
2007-12-06,60.369156
2007-12-07,60.303055
2007-12-10,60.259014
2007-12-11,60.479237
2007-12-12,60.325100
2007-12-13,60.237022
2007-12-14,60.090286
2007-12-17,60.266434
2007-12-18,60.229717
2007-12-19,60.383804
2007-12-20,60.427837
2007-12-21,60.332447
2007-12-24,60.281013
2007-12-26,60.222340
2007-12-27,60.354183
2007-12-28,60.427788
2007-12-31,60.523552
2008-01-02,60.634018
2008-01-03,60.729694
2008-01-04,60.818108
2008-01-07,60.781284
2008-01-08,60.869614
2008-01-09,60.840202
2008-01-10,60.840202
2008-01-11,61.009521
2008-01-14,61.031654
2008-01-15,61.083179
2008-01-16,61.134724
2008-01-17,61.237820
2008-01-18,61.289375
2008-01-22,61.547100
2008-01-23,61.517639
2008-01-24,61.326157
2008-01-25,61.488205
2008-01-28,61.458778
2008-01-29,61.421974
2008-01-30,61.466114
2008-01-31,61.525005
2008-02-01,61.592201
2008-02-04,61.599609
2008-02-05,61.739899
2008-02-06,61.762024
2008-02-07,61.680801
2008-02-08,61.791550
2008-02-11,61.813721
2008-02-12,61.835796
2008-02-13,61.857998
2008-02-14,61.813721
2008-02-15,61.747284
2008-02-19,61.702930
2008-02-20,61.629128
2008-02-21,61.798935
2008-02-22,61.732494
2008-02-25,61.636520
2008-02-26,61.725132
2008-02-27,61.798935
2008-02-28,61.946655
2008-02-29,62.160740
2008-03-03,62.162952
2008-03-04,62.148163
2008-03-05,62.111191
2008-03-06,62.296078
2008-03-07,62.266491
2008-03-10,62.333092
2008-03-11,62.022427
2008-03-12,62.222145
2008-03-13,62.192528
2008-03-14,62.377525
2008-03-17,62.518024
2008-03-18,62.296078
2008-03-19,62.362709
2008-03-20,62.288776
2008-03-24,62.029762
2008-03-25,62.074219
2008-03-26,62.207283
2008-03-27,62.273895
2008-03-28,62.303493
2008-03-31,62.318241
2008-04-01,62.092953
2008-04-02,62.041080
2008-04-03,61.996574
2008-04-04,62.107738
2008-04-07,61.989189
2008-04-08,62.026226
2008-04-09,62.144836
2008-04-10,62.122566
2008-04-11,62.226379
2008-04-14,62.189316
2008-04-15,62.107738
2008-04-16,61.974339
2008-04-17,61.863106
2008-04-18,61.826057
2008-04-21,61.766750
2008-04-22,61.789009
2008-04-23,61.789009
2008-04-24,61.618481
2008-04-25,61.625931
2008-04-28,61.692631
2008-04-29,61.677795
2008-04-30,61.796406
2008-05-01,61.686535
2008-05-02,61.604778
2008-05-05,61.671646
2008-05-06,61.708775
2008-05-07,61.783047
2008-05-08,61.835049
2008-05-09,61.857319
2008-05-12,61.738445
2008-05-13,61.634472
2008-05-14,61.589928
2008-05-15,61.641891
2008-05-16,61.656799
2008-05-19,61.723629
2008-05-20,61.812778
2008-05-21,61.745895
2008-05-22,61.575077
2008-05-23,61.693901
2008-05-27,61.627110
2008-05-28,61.515671
2008-05-29,61.493374
2008-05-30,61.582470
2008-06-02,61.703888
2008-06-03,61.793308
2008-06-04,61.770916
2008-06-05,61.688995
2008-06-06,61.770916
2008-06-09,61.458118
2008-06-10,61.316628
2008-06-11,61.420860
2008-06-12,61.123001
2008-06-13,61.189995
2008-06-16,61.227200
2008-06-17,61.346432
2008-06-18,61.406002
2008-06-19,61.286839
2008-06-20,61.398521
2008-06-23,61.331532
2008-06-24,61.443188
2008-06-25,61.487900
2008-06-26,61.666656
2008-06-27,61.696411
2008-06-30,61.733665
2008-07-01,61.718025
2008-07-02,61.725452
2008-07-03,61.830029
2008-07-07,61.867367
2008-07-08,61.874851
2008-07-09,61.979340
2008-07-10,61.904667
2008-07-11,61.777779
2008-07-14,61.919594
2008-07-15,62.009228
2008-07-16,61.949490
2008-07-17,61.859810
2008-07-18,61.747860
2008-07-21,61.777779
2008-07-22,61.725452
2008-07-23,61.695660
2008-07-24,61.867367
2008-07-25,61.785168
2008-07-28,61.912113
2008-07-29,61.859810
2008-07-30,61.874851
2008-07-31,62.001759
2008-08-01,62.013744
2008-08-04,62.006237
2008-08-05,61.976284
2008-08-06,61.983807
2008-08-07,62.118603
2008-08-08,62.066216
2008-08-11,61.983807
2008-08-12,62.096104
2008-08-13,62.088692
2008-08-14,62.111141
2008-08-15,62.156124
2008-08-18,62.208523
2008-08-19,62.253471
2008-08-20,62.335880
2008-08-21,62.283466
2008-08-22,62.171062
2008-08-25,62.275986
2008-08-26,62.253471
2008-08-27,62.290932
2008-08-28,62.260944
2008-08-29,62.290932
2008-09-02,62.369778
2008-09-03,62.392365
2008-09-04,62.429905
2008-09-05,62.407352
2008-09-08,62.377316
2008-09-09,62.474968
2008-09-10,62.490025
2008-09-11,62.467487
2008-09-12,62.474968
2008-09-15,62.918171
2008-09-16,62.805573
2008-09-17,63.106037
2008-09-18,62.903301
2008-09-19,62.550179
2008-09-22,62.595188
2008-09-23,62.640312
2008-09-24,62.775459
2008-09-25,62.662834
2008-09-26,62.662834
2008-09-29,63.023422
2008-09-30,62.775459
2008-10-01,62.971447
2008-10-02,63.107162
2008-10-03,63.280495
2008-10-06,63.408680
2008-10-07,63.423744
2008-10-08,63.152390
2008-10-09,63.190170
2008-10-10,63.288128
2008-10-13,63.009163
2008-10-14,63.024281
2008-10-15,63.235283
2008-10-16,63.197628
2008-10-17,63.242855
2008-10-20,63.197628
2008-10-21,63.325787
2008-10-22,63.416218
2008-10-23,63.378521
2008-10-24,63.431244
2008-10-27,63.273006
2008-10-28,63.348358
2008-10-29,63.386082
2008-10-30,63.438812
2008-10-31,63.469025
2008-11-03,63.587788
2008-11-04,63.565071
2008-11-05,63.678532
2008-11-06,63.701336
2008-11-07,63.587788
2008-11-10,63.784512
2008-11-11,63.829891
2008-11-12,63.928276
2008-11-13,63.769363
2008-11-14,63.754299
2008-11-17,63.867752
2008-11-18,63.935856
2008-11-19,64.026657
2008-11-20,64.147827
2008-11-21,64.041862
2008-11-24,63.882946
2008-11-25,63.935856
2008-11-26,64.132622
2008-11-28,64.170486
2008-12-01,64.275955
2008-12-02,64.268372
2008-12-03,64.321526
2008-12-04,64.336731
2008-12-05,64.260834
2008-12-08,64.169678
2008-12-09,64.367134
2008-12-10,64.283585
2008-12-11,64.435410
2008-12-12,64.465805
2008-12-15,64.511398
2008-12-16,64.541718
2008-12-17,64.405075
2008-12-18,64.435410
2008-12-19,64.374672
2008-12-22,64.253250
2008-12-23,64.268372
2008-12-24,64.283585
2008-12-26,64.359543
2008-12-29,64.501282
2008-12-30,64.562241
2008-12-31,64.531784
2009-01-02,64.188774
2009-01-05,64.318375
2009-01-06,64.348846
2009-01-07,64.303101
2009-01-08,64.318375
2009-01-09,64.364113
2009-01-12,64.379372
2009-01-13,64.386955
2009-01-14,64.463211
2009-01-15,64.394562
2009-01-16,64.425026
2009-01-20,64.455589
2009-01-21,64.356476
2009-01-22,64.386955
2009-01-23,64.371719
2009-01-26,64.287849
2009-01-27,64.356476
2009-01-28,64.333588
2009-01-29,64.211632
2009-01-30,64.249702
2009-02-02,64.309273
2009-02-03,64.240578
2009-02-04,64.133682
2009-02-05,64.149025
2009-02-06,64.110771
2009-02-09,64.087860
2009-02-10,64.232986
2009-02-11,64.217712
2009-02-12,64.294022
2009-02-13,64.171921
2009-02-17,64.339821
2009-02-18,64.232986
2009-02-19,64.210075
2009-02-20,64.263474
2009-02-23,64.255852
2009-02-24,64.210075
2009-02-25,64.087860
2009-02-26,64.118439
2009-02-27,64.156563
2009-03-02,64.301125
2009-03-03,64.247627
2009-03-04,64.178795
2009-03-05,64.255219
2009-03-06,64.209358
2009-03-09,64.148209
2009-03-10,64.110001
2009-03-11,64.140503
2009-03-12,64.163483
2009-03-13,64.217010
2009-03-16,64.132896
2009-03-17,64.117569
2009-03-18,64.362274
2009-03-19,64.285851
2009-03-20,64.362274
2009-03-23,64.308769
2009-03-24,64.224648
2009-03-25,64.209358
2009-03-26,64.293495
2009-03-27,64.324051
2009-03-30,64.385269
2009-03-31,64.476997
2009-04-01,64.462410
2009-04-02,64.355232
2009-04-03,64.209724
2009-04-06,64.255600
2009-04-07,64.278633
2009-04-08,64.278633
2009-04-09,64.202003
2009-04-13,64.324585
2009-04-14,64.378212
2009-04-15,64.408791
2009-04-16,64.316902
2009-04-17,64.247940
2009-04-20,64.309265
2009-04-21,64.316902
2009-04-22,64.316902
2009-04-23,64.271027
2009-04-24,64.271027
2009-04-27,64.347580
2009-04-28,64.286255
2009-04-29,64.316902
2009-04-30,64.370537
2009-05-01,64.322182
2009-05-04,64.306801
2009-05-05,64.291466
2009-05-06,64.329834
2009-05-07,64.237770
2009-05-08,64.283798
2009-05-11,64.391273
2009-05-12,64.383583
2009-05-13,64.414330
2009-05-14,64.437309
2009-05-15,64.429588
2009-05-18,64.368256
2009-05-19,64.406563
2009-05-20,64.491005
2009-05-21,64.406563
2009-05-22,64.421982
2009-05-26,64.337547
2009-05-27,64.322182
2009-05-28,64.314560
2009-05-29,64.406563
2009-06-01,64.353600
2009-06-02,64.330528
2009-06-03,64.445801
2009-06-04,64.384323
2009-06-05,63.961525
2009-06-08,63.792465
2009-06-09,63.938545
2009-06-10,63.930813
2009-06-11,63.938545
2009-06-12,64.007690
2009-06-15,64.053734
2009-06-16,64.123024
2009-06-17,64.192070
2009-06-18,64.084579
2009-06-19,64.123024
2009-06-22,64.207497
2009-06-23,64.207497
2009-06-24,64.199821
2009-06-25,64.322868
2009-06-26,64.353600
2009-06-29,64.353600
2009-06-30,64.345932
2009-07-01,64.409042
2009-07-02,64.478271
2009-07-06,64.501381
2009-07-07,64.493675
2009-07-08,64.593727
2009-07-09,64.562889
2009-07-10,64.624512
2009-07-13,64.586021
2009-07-14,64.539825
2009-07-15,64.385902
2009-07-16,64.485977
2009-07-17,64.462845
2009-07-20,64.455193
2009-07-21,64.532143
2009-07-22,64.501381
2009-07-23,64.385902
2009-07-24,64.424385
2009-07-27,64.378235
2009-07-28,64.339737
2009-07-29,64.301270
2009-07-30,64.308968
2009-07-31,64.416710
2009-08-03,64.325737
2009-08-04,64.271851
2009-08-05,64.248642
2009-08-06,64.248642
2009-08-07,64.140739
2009-08-10,64.240967
2009-08-11,64.310326
2009-08-12,64.333427
2009-08-13,64.441315
2009-08-14,64.487625
2009-08-17,64.556976
2009-08-18,64.541580
2009-08-19,64.572365
2009-08-20,64.556976
2009-08-21,64.456818
2009-08-24,64.533844
2009-08-25,64.533844
2009-08-26,64.572365
2009-08-27,64.564674
2009-08-28,64.634010
2009-08-31,64.680305
2009-09-01,64.732712
2009-09-02,64.802185
2009-09-03,64.740479
2009-09-04,64.709595
2009-09-08,64.717323
2009-09-09,64.725075
2009-09-10,64.763618
2009-09-11,64.740479
2009-09-14,64.701912
2009-09-15,64.732712
2009-09-16,64.647903
2009-09-17,64.740479
2009-09-18,64.678688
2009-09-21,64.701912
2009-09-22,64.686478
2009-09-23,64.786789
2009-09-24,64.802185
2009-09-25,64.779037
2009-09-28,64.771339
2009-09-29,64.763618
2009-09-30,64.833099
2009-10-01,64.897949
2009-10-02,64.921127
2009-10-05,64.921127
2009-10-06,64.882515
2009-10-07,64.967575
2009-10-08,64.905754
2009-10-09,64.812950
2009-10-12,64.890266
2009-10-13,64.928864
2009-10-14,64.843880
2009-10-15,64.805298
2009-10-16,64.843880
2009-10-19,64.843880
2009-10-20,64.874779
2009-10-21,64.843880
2009-10-22,64.851601
2009-10-23,64.743439
2009-10-26,64.673882
2009-10-27,64.805298
2009-10-28,64.897949
2009-10-29,64.843880
2009-10-30,64.921127
2009-11-02,64.928879
2009-11-03,64.921143
2009-11-04,64.913437
2009-11-05,64.975334
2009-11-06,65.021835
2009-11-09,65.021835
2009-11-10,65.006371
2009-11-11,65.076065
2009-11-12,65.068321
2009-11-13,65.083824
2009-11-16,65.122513
2009-11-17,65.137947
2009-11-18,65.137947
2009-11-19,65.161263
2009-11-20,65.176712
2009-11-23,65.168945
2009-11-24,65.223213
2009-11-25,65.254234
2009-11-27,65.300659
2009-11-30,65.308395
2009-12-01,65.324814
2009-12-02,65.270149
2009-12-03,65.231209
2009-12-04,65.067451
2009-12-07,65.207794
2009-12-08,65.270149
2009-12-09,65.223396
2009-12-10,65.200012
2009-12-11,65.129799
2009-12-14,65.059639
2009-12-15,65.044060
2009-12-16,65.090782
2009-12-17,65.215553
2009-12-18,65.168739
2009-12-21,65.067451
2009-12-22,64.989433
2009-12-23,64.989433
2009-12-24,64.911423
2009-12-28,64.817886
2009-12-29,64.860855
2009-12-30,64.837440
2009-12-31,64.759300
2010-01-04,64.845177
2010-01-05,64.923264
2010-01-06,64.931107
2010-01-07,64.915451
2010-01-08,64.977875
2010-01-11,65.009148
2010-01-12,65.063774
2010-01-13,65.009148
2010-01-14,65.071564
2010-01-15,65.126205
2010-01-19,65.141869
2010-01-20,65.141869
2010-01-21,65.196487
2010-01-22,65.251099
2010-01-25,65.196487
2010-01-26,65.204292
2010-01-27,65.180862
2010-01-28,65.212120
2010-01-29,65.274513
2010-02-01,65.246407
2010-02-02,65.254250
2010-02-03,65.207375
2010-02-04,65.301079
2010-02-05,65.402664
2010-02-08,65.355827
2010-02-09,65.293289
2010-02-10,65.222939
2010-02-11,65.246407
2010-02-12,65.301079
2010-02-16,65.308884
2010-02-17,65.254250
2010-02-18,65.215096
2010-02-19,65.191711
2010-02-22,65.215096
2010-02-23,65.269829
2010-02-24,65.301079
2010-02-25,65.355827
2010-02-26,65.379242
2010-03-01,65.367477
2010-03-02,65.367477
2010-03-03,65.359688
2010-03-04,65.336235
2010-03-05,65.281456
2010-03-08,65.250198
2010-03-09,65.297119
2010-03-10,65.281456
2010-03-11,65.203300
2010-03-12,65.211082
2010-03-15,65.234589
2010-03-16,65.250198
2010-03-17,65.265869
2010-03-18,65.226753
2010-03-19,65.179771
2010-03-22,65.203300
2010-03-23,65.179771
2010-03-24,65.078148
2010-03-25,65.101555
2010-03-26,65.140648
2010-03-29,65.171974
2010-03-30,65.156334
2010-03-31,65.203300
2010-04-01,65.179802
2010-04-05,64.999741
2010-04-06,65.046700
2010-04-07,65.148445
2010-04-08,65.132858
2010-04-09,65.148445
2010-04-12,65.179802
2010-04-13,65.164108
2010-04-14,65.164108
2010-04-15,65.211121
2010-04-16,65.312874
2010-04-19,65.250252
2010-04-20,65.258057
2010-04-21,65.265930
2010-04-22,65.218918
2010-04-23,65.195480
2010-04-26,65.195480
2010-04-27,65.320694
2010-04-28,65.305054
2010-04-29,65.320694
2010-04-30,65.399002
2010-05-03,65.334709
2010-05-04,65.373924
2010-05-05,65.460121
2010-05-06,65.601151
2010-05-07,65.577705
2010-05-10,65.491394
2010-05-11,65.530670
2010-05-12,65.514938
2010-05-13,65.554123
2010-05-14,65.640381
2010-05-17,65.616806
2010-05-18,65.687340
2010-05-19,65.655968
2010-05-20,65.734306
2010-05-21,65.687340
2010-05-24,65.679497
2010-05-25,65.671692
2010-05-26,65.616806
2010-05-27,65.569817
2010-05-28,65.695190
2010-06-01,65.696007
2010-06-02,65.648911
2010-06-03,65.633308
2010-06-04,65.782211
2010-06-07,65.758682
2010-06-08,65.750832
2010-06-09,65.758682
2010-06-10,65.672462
2010-06-11,65.743027
2010-06-14,65.758682
2010-06-15,65.727348
2010-06-16,65.743027
2010-06-17,65.782211
2010-06-18,65.790062
2010-06-21,65.797905
2010-06-22,65.829292
2010-06-23,65.876381
2010-06-24,65.892052
2010-06-25,65.915527
2010-06-28,65.954758
2010-06-29,65.986145
2010-06-30,65.970428
2010-07-01,65.949265
2010-07-02,65.949265
2010-07-06,65.949265
2010-07-07,65.941391
2010-07-08,65.949265
2010-07-09,65.925743
2010-07-12,65.933563
2010-07-13,65.886490
2010-07-14,65.957085
2010-07-15,65.972816
2010-07-16,66.035568
2010-07-19,66.012062
2010-07-20,66.035568
2010-07-21,66.066963
2010-07-22,66.043457
2010-07-23,66.012062
2010-07-26,65.988503
2010-07-27,65.949265
2010-07-28,66.012062
2010-07-29,66.066963
2010-07-30,66.098389
2010-08-02,66.083427
2010-08-03,66.130608
2010-08-04,66.075630
2010-08-05,66.154160
2010-08-06,66.169907
2010-08-09,66.130608
2010-08-10,66.162018
2010-08-11,66.177734
2010-08-12,66.162018
2010-08-13,66.154160
2010-08-16,66.217056
2010-08-17,66.201263
2010-08-18,66.217056
2010-08-19,66.232681
2010-08-20,66.209145
2010-08-23,66.217056
2010-08-24,66.264168
2010-08-25,66.201263
2010-08-26,66.201263
2010-08-27,66.154160
2010-08-30,66.232681
2010-08-31,66.256264
2010-09-01,66.217033
2010-09-02,66.201309
2010-09-03,66.169800
2010-09-07,66.240570
2010-09-08,66.193390
2010-09-09,66.122627
2010-09-10,66.114807
2010-09-13,66.169800
2010-09-14,66.217033
2010-09-15,66.232697
2010-09-16,66.248451
2010-09-17,66.264168
2010-09-20,66.272049
2010-09-21,66.319229
2010-09-22,66.311279
2010-09-23,66.319229
2010-09-24,66.311279
2010-09-27,66.327057
2010-09-28,66.342766
2010-09-29,66.327057
2010-09-30,66.334946
2010-10-01,66.346710
2010-10-04,66.354607
2010-10-05,66.386032
2010-10-06,66.393929
2010-10-07,66.449036
2010-10-08,66.449036
2010-10-11,66.456856
2010-10-12,66.409653
2010-10-13,66.417519
2010-10-14,66.386032
2010-10-15,66.409653
2010-10-18,66.425415
2010-10-19,66.456856
2010-10-20,66.464790
2010-10-21,66.472610
2010-10-22,66.456856
2010-10-25,66.472610
2010-10-26,66.409653
2010-10-27,66.378189
2010-10-28,66.464790
2010-10-29,66.480469
2010-11-01,66.509575
2010-11-02,66.470261
2010-11-03,66.493843
2010-11-04,66.509575
2010-11-05,66.454475
2010-11-08,66.423012
2010-11-09,66.336365
2010-11-10,66.375740
2010-11-11,66.273407
2010-11-12,66.273407
2010-11-15,66.234001
2010-11-16,66.265511
2010-11-17,66.304886
2010-11-18,66.312721
2010-11-19,66.273407
2010-11-22,66.336365
2010-11-23,66.375740
2010-11-24,66.257599
2010-11-26,66.304886
2010-11-29,66.297020
2010-11-30,66.344261
2010-12-01,66.244957
2010-12-02,66.244957
2010-12-03,66.331612
2010-12-06,66.371040
2010-12-07,66.252838
2010-12-08,66.150421
2010-12-09,66.142448
2010-12-10,66.118835
2010-12-13,66.158257
2010-12-14,66.126762
2010-12-15,66.103119
2010-12-16,66.118835
2010-12-17,66.174019
2010-12-20,66.189766
2010-12-21,66.174019
2010-12-22,66.158257
2010-12-23,66.071533
2010-12-27,66.110977
2010-12-28,66.022644
2010-12-29,66.180405
2010-12-30,66.156754
2010-12-31,66.235626
2011-01-03,66.219803
2011-01-04,66.204063
2011-01-05,66.085732
2011-01-06,66.156754
2011-01-07,66.251350
2011-01-10,66.282898
2011-01-11,66.243523
2011-01-12,66.243523
2011-01-13,66.267136
2011-01-14,66.267136
2011-01-18,66.251350
2011-01-19,66.282898
2011-01-20,66.211929
2011-01-21,66.227669
2011-01-24,66.219803
2011-01-25,66.267136
2011-01-26,66.251350
2011-01-27,66.298691
2011-01-28,66.330269
2011-01-31,66.322380
2011-02-01,66.249710
2011-02-02,66.210281
2011-02-03,66.147118
2011-02-04,66.091888
2011-02-07,66.060272
2011-02-08,65.973419
2011-02-09,66.020874
2011-02-10,65.989235
2011-02-11,65.989235
2011-02-14,65.989235
2011-02-15,66.020874
2011-02-16,66.012970
2011-02-17,66.091888
2011-02-18,66.115601
2011-02-22,66.186592
2011-02-23,66.170845
2011-02-24,66.202385
2011-02-25,66.218185
2011-02-28,66.241852
2011-03-01,66.282150
2011-03-02,66.250549
2011-03-03,66.116280
2011-03-04,66.266342
2011-03-07,66.218994
2011-03-08,66.195236
2011-03-09,66.242630
2011-03-10,66.313713
2011-03-11,66.321617
2011-03-14,66.361115
2011-03-15,66.329483
2011-03-16,66.448006
2011-03-17,66.416451
2011-03-18,66.384811
2011-03-21,66.313713
2011-03-22,66.297897
2011-03-23,66.305855
2011-03-24,66.258446
2011-03-25,66.211060
2011-03-28,66.179405
2011-03-29,66.155777
2011-03-30,66.195236
2011-03-31,66.155777
2011-04-01,66.208717
2011-04-04,66.224503
2011-04-05,66.153351
2011-04-06,66.153351
2011-04-07,66.200790
2011-04-08,66.177101
2011-04-11,66.169189
2011-04-12,66.279831
2011-04-13,66.311493
2011-04-14,66.248230
2011-04-15,66.374756
2011-04-18,66.390564
2011-04-19,66.406342
2011-04-20,66.398415
2011-04-21,66.382576
2011-04-25,66.390564
2011-04-26,66.453781
2011-04-27,66.477509
2011-04-28,66.477509
2011-04-29,66.509102
2011-05-02,66.498077
2011-05-03,66.521759
2011-05-04,66.553429
2011-05-05,66.569283
2011-05-06,66.577187
2011-05-09,66.608810
2011-05-10,66.545509
2011-05-11,66.608810
2011-05-12,66.577187
2011-05-13,66.608810
2011-05-16,66.640450
2011-05-17,66.648338
2011-05-18,66.616722
2011-05-19,66.624626
2011-05-20,66.648338
2011-05-23,66.656311
2011-05-24,66.656311
2011-05-25,66.687912
2011-05-26,66.727463
2011-05-27,66.751190
2011-05-31,66.751190
2011-06-01,66.795563
2011-06-02,66.755966
2011-06-03,66.779678
2011-06-06,66.787636
2011-06-07,66.835152
2011-06-08,66.843025
2011-06-09,66.771790
2011-06-10,66.827232
2011-06-13,66.803452
2011-06-14,66.748009
2011-06-15,66.843025
2011-06-16,66.850960
2011-06-17,66.866829
2011-06-20,66.866829
2011-06-21,66.874756
2011-06-22,66.858932
2011-06-23,66.898521
2011-06-24,66.938103
2011-06-27,66.874756
2011-06-28,66.755966
2011-06-29,66.755966
2011-06-30,66.748009
2011-07-01,66.725044
2011-07-05,66.804306
2011-07-06,66.828079
2011-07-07,66.764725
2011-07-08,66.859787
2011-07-11,66.907341
2011-07-12,66.899368
2011-07-13,66.915260
2011-07-14,66.891449
2011-07-15,66.907341
2011-07-18,66.907341
2011-07-19,66.907341
2011-07-20,66.883537
2011-07-21,66.851837
2011-07-22,66.859787
2011-07-25,66.828079
2011-07-26,66.867653
2011-07-27,66.828079
2011-07-28,66.867653
2011-07-29,66.939049
2011-08-01,66.915970
2011-08-02,67.003242
2011-08-03,66.995293
2011-08-04,67.058746
2011-08-05,67.042908
2011-08-08,67.066704
2011-08-09,67.137993
2011-08-10,67.185608
2011-08-11,67.169754
2011-08-12,67.177650
2011-08-15,67.153938
2011-08-16,67.153938
2011-08-17,67.169754
2011-08-18,67.161812
2011-08-19,67.161812
2011-08-22,67.153938
2011-08-23,67.122192
2011-08-24,67.122192
2011-08-25,67.161812
2011-08-26,67.169754
2011-08-29,67.153938
2011-08-30,67.169754
2011-08-31,67.169754
2011-09-01,67.188759
2011-09-02,67.157066
2011-09-06,67.164993
2011-09-07,67.149124
2011-09-08,67.172928
2011-09-09,67.196754
2011-09-12,67.149124
2011-09-13,67.157066
2011-09-14,67.157066
2011-09-15,67.164993
2011-09-16,67.180786
2011-09-19,67.212555
2011-09-20,67.180786
2011-09-21,67.109482
2011-09-22,67.117332
2011-09-23,67.125282
2011-09-26,67.101547
2011-09-27,67.077705
2011-09-28,67.053940
2011-09-29,67.069756
2011-09-30,67.101547
2011-10-03,67.116600
2011-10-04,67.076904
2011-10-05,67.076904
2011-10-06,67.061043
2011-10-07,67.037201
2011-10-10,66.981628
2011-10-11,67.013405
2011-10-12,67.013405
2011-10-13,67.029259
2011-10-14,67.061043
2011-10-17,67.068947
2011-10-18,67.068947
2011-10-19,67.092819
2011-10-20,67.100685
2011-10-21,67.076904
2011-10-24,67.076904
2011-10-25,67.116600
2011-10-26,67.076904
2011-10-27,67.029259
2011-10-28,67.061043
2011-10-31,67.124519
2011-11-01,67.130936
2011-11-02,67.146767
2011-11-03,67.154739
2011-11-04,67.154739
2011-11-07,67.138824
2011-11-08,67.130936
2011-11-09,67.146767
2011-11-10,67.154739
2011-11-11,67.122948
2011-11-14,67.154739
2011-11-15,67.146767
2011-11-16,67.130936
2011-11-17,67.138824
2011-11-18,67.114998
2011-11-21,67.122948
2011-11-22,67.130936
2011-11-23,67.138824
2011-11-25,67.138824
2011-11-28,67.146767
2011-11-29,67.154739
2011-11-30,67.154739
2011-12-01,67.158669
2011-12-02,67.142815
2011-12-05,67.150742
2011-12-06,67.150742
2011-12-07,67.174576
2011-12-08,67.182602
2011-12-09,67.182602
2011-12-12,67.182602
2011-12-13,67.182602
2011-12-14,67.166679
2011-12-15,67.158669
2011-12-16,67.190483
2011-12-19,67.182602
2011-12-20,67.166679
2011-12-21,67.142815
2011-12-22,67.134842
2011-12-23,67.150742
2011-12-27,67.126106
2011-12-28,67.141998
2011-12-29,67.149971
2011-12-30,67.189697
2012-01-03,67.149971
2012-01-04,67.157890
2012-01-05,67.165886
2012-01-06,67.157890
2012-01-09,67.173775
2012-01-10,67.181793
2012-01-11,67.205605
2012-01-12,67.197655
2012-01-13,67.213562
2012-01-17,67.221535
2012-01-18,67.213562
2012-01-19,67.213562
2012-01-20,67.197655
2012-01-23,67.205605
2012-01-24,67.205605
2012-01-25,67.245384
2012-01-26,67.253304
2012-01-27,67.269211
2012-01-30,67.245384
2012-01-31,67.245384
2012-02-01,67.222321
2012-02-02,67.230247
2012-02-03,67.230247
2012-02-06,67.214363
2012-02-07,67.198425
2012-02-08,67.198425
2012-02-09,67.166626
2012-02-10,67.182602
2012-02-13,67.142769
2012-02-14,67.158638
2012-02-15,67.166626
2012-02-16,67.142769
2012-02-17,67.126869
2012-02-21,67.110947
2012-02-22,67.142769
2012-02-23,67.134766
2012-02-24,67.118950
2012-02-27,67.134766
2012-02-28,67.150688
2012-02-29,67.150688
2012-03-01,67.138824
2012-03-02,67.154724
2012-03-05,67.154724
2012-03-06,67.154724
2012-03-07,67.138824
2012-03-08,67.114906
2012-03-09,67.114906
2012-03-12,67.122864
2012-03-13,67.083069
2012-03-14,66.987595
2012-03-15,67.027374
2012-03-16,67.067123
2012-03-19,67.019402
2012-03-20,67.003525
2012-03-21,67.043304
2012-03-22,67.051216
2012-03-23,67.059204
2012-03-26,67.075089
2012-03-27,67.098976
2012-03-28,67.083069
2012-03-29,67.106949
2012-03-30,67.098976
2012-04-02,67.114937
2012-04-03,67.067131
2012-04-04,67.083069
2012-04-05,67.106926
2012-04-09,67.154739
2012-04-10,67.186577
2012-04-11,67.178596
2012-04-12,67.186577
2012-04-13,67.194534
2012-04-16,67.194534
2012-04-17,67.194534
2012-04-18,67.210457
2012-04-19,67.218391
2012-04-20,67.218391
2012-04-23,67.234322
2012-04-24,67.210457
2012-04-25,67.226379
2012-04-26,67.234322
2012-04-27,67.218391
2012-04-30,67.234322
2012-05-01,67.232735
2012-05-02,67.240723
2012-05-03,67.232735
2012-05-04,67.256653
2012-05-07,67.256653
2012-05-08,67.264557
2012-05-09,67.256653
2012-05-10,67.248680
2012-05-11,67.256653
2012-05-14,67.248680
2012-05-15,67.240723
2012-05-16,67.232735
2012-05-17,67.200890
2012-05-18,67.208801
2012-05-21,67.216858
2012-05-22,67.192963
2012-05-23,67.224770
2012-05-24,67.200890
2012-05-25,67.232735
2012-05-29,67.216858
2012-05-30,67.248680
2012-05-31,67.272583
2012-06-01,67.278954
2012-06-04,67.270973
2012-06-05,67.286873
2012-06-06,67.262962
2012-06-07,67.255013
2012-06-08,67.255013
2012-06-11,67.255013
2012-06-12,67.223137
2012-06-13,67.215202
2012-06-14,67.223137
2012-06-15,67.247025
2012-06-18,67.231110
2012-06-19,67.223137
2012-06-20,67.199257
2012-06-21,67.207283
2012-06-22,67.215202
2012-06-25,67.215202
2012-06-26,67.199257
2012-06-27,67.199257
2012-06-28,67.207283
2012-06-29,67.207283
2012-07-02,67.227989
2012-07-03,67.211967
2012-07-05,67.235924
2012-07-06,67.259819
2012-07-09,67.259819
2012-07-10,67.259819
2012-07-11,67.267754
2012-07-12,67.283737
2012-07-13,67.299683
2012-07-16,67.323593
2012-07-17,67.315582
2012-07-18,67.331520
2012-07-19,67.347466
2012-07-20,67.355453
2012-07-23,67.363350
2012-07-24,67.347466
2012-07-25,67.355453
2012-07-26,67.355453
2012-07-27,67.307632
2012-07-30,67.339500
2012-07-31,67.355453
2012-08-01,67.344292
2012-08-02,67.352242
2012-08-03,67.328323
2012-08-06,67.336296
2012-08-07,67.304428
2012-08-08,67.280502
2012-08-09,67.280502
2012-08-10,67.296410
2012-08-13,67.304428
2012-08-14,67.288452
2012-08-15,67.264565
2012-08-16,67.256622
2012-08-17,67.264565
2012-08-20,67.264565
2012-08-21,67.264565
2012-08-22,67.304428
2012-08-23,67.312393
2012-08-24,67.312393
2012-08-27,67.304428
2012-08-28,67.312393
2012-08-29,67.312393
2012-08-30,67.320396
2012-08-31,67.360214
2012-09-04,67.355446
2012-09-05,67.355446
2012-09-06,67.323540
2012-09-07,67.339470
2012-09-10,67.323540
2012-09-11,67.339470
2012-09-12,67.331474
2012-09-13,67.355446
2012-09-14,67.323540
2012-09-17,67.323540
2012-09-18,67.331474
2012-09-19,67.331474
2012-09-20,67.315590
2012-09-21,67.323540
2012-09-24,67.331474
2012-09-25,67.315590
2012-09-26,67.331474
2012-09-27,67.339470
2012-09-28,67.371384
2012-10-01,67.372971
2012-10-02,67.357025
2012-10-03,67.357025
2012-10-04,67.357025
2012-10-05,67.325073
2012-10-08,67.333084
2012-10-09,67.333084
2012-10-10,67.325073
2012-10-11,67.317184
2012-10-12,67.341064
2012-10-15,67.325073
2012-10-16,67.325073
2012-10-17,67.285255
2012-10-18,67.293236
2012-10-19,67.293236
2012-10-22,67.269295
2012-10-23,67.301193
2012-10-24,67.293236
2012-10-25,67.269295
2012-10-26,67.285255
2012-10-31,67.325073
2012-11-01,67.309143
2012-11-02,67.301193
2012-11-05,67.301193
2012-11-06,67.277283
2012-11-07,67.333084
2012-11-08,67.333084
2012-11-09,67.333084
2012-11-12,67.333084
2012-11-13,67.341064
2012-11-14,67.357025
2012-11-15,67.357025
2012-11-16,67.357025
2012-11-19,67.349075
2012-11-20,67.333084
2012-11-21,67.325073
2012-11-23,67.325073
2012-11-26,67.317184
2012-11-27,67.325073
2012-11-28,67.333084
2012-11-29,67.333084
2012-11-30,67.341064
2012-12-03,67.349045
2012-12-04,67.349045
2012-12-05,67.365028
2012-12-06,67.365028
2012-12-07,67.365028
2012-12-10,67.365028
2012-12-11,67.365028
2012-12-12,67.357018
2012-12-13,67.357018
2012-12-14,67.372986
2012-12-17,67.357018
2012-12-18,67.317139
2012-12-19,67.333130
2012-12-20,67.325096
2012-12-21,67.333130
2012-12-24,67.333130
2012-12-26,67.333939
2012-12-27,67.357811
2012-12-28,67.357811
2012-12-31,67.357811
2013-01-02,67.341827
2013-01-03,67.341827
2013-01-04,67.349846
2013-01-07,67.349846
2013-01-08,67.357811
2013-01-09,67.381752
2013-01-10,67.373787
2013-01-11,67.365791
2013-01-14,67.365791
2013-01-15,67.373787
2013-01-16,67.373787
2013-01-17,67.365791
2013-01-18,67.365791
2013-01-22,67.381752
2013-01-23,67.381752
2013-01-24,67.381752
2013-01-25,67.349846
2013-01-28,67.325935
2013-01-29,67.333939
2013-01-30,67.357811
2013-01-31,67.365791
2013-02-01,67.358604
2013-02-04,67.374565
2013-02-05,67.374565
2013-02-06,67.390564
2013-02-07,67.390564
2013-02-08,67.398552
2013-02-11,67.374565
2013-02-12,67.358604
2013-02-13,67.350670
2013-02-14,67.358604
2013-02-15,67.366600
2013-02-19,67.358604
2013-02-20,67.358604
2013-02-21,67.382553
2013-02-22,67.382553
2013-02-25,67.398552
2013-02-26,67.414490
2013-02-27,67.414490
2013-02-28,67.406517
2013-03-01,67.420868
2013-03-04,67.412880
2013-03-05,67.404930
2013-03-06,67.396927
2013-03-07,67.380920
2013-03-08,67.388947
2013-03-11,67.380920
2013-03-12,67.396927
2013-03-13,67.380920
2013-03-14,67.380920
2013-03-15,67.404930
2013-03-18,67.420868
2013-03-19,67.412880
2013-03-20,67.404930
2013-03-21,67.412880
2013-03-22,67.396927
2013-03-25,67.396927
2013-03-26,67.404930
2013-03-27,67.420868
2013-03-28,67.428848
2013-04-01,67.435242
2013-04-02,67.435242
2013-04-03,67.427261
2013-04-04,67.451210
2013-04-05,67.451210
2013-04-08,67.435242
2013-04-09,67.435242
2013-04-10,67.435242
2013-04-11,67.435242
2013-04-12,67.443245
2013-04-15,67.451210
2013-04-16,67.451210
2013-04-17,67.451210
2013-04-18,67.451210
2013-04-19,67.451210
2013-04-22,67.459198
2013-04-23,67.451210
2013-04-24,67.459198
2013-04-25,67.451210
2013-04-26,67.467201
2013-04-29,67.483109
2013-04-30,67.475166
2013-05-01,67.488754
2013-05-02,67.480804
2013-05-03,67.456795
2013-05-06,67.456795
2013-05-07,67.456795
2013-05-08,67.464790
2013-05-09,67.456795
2013-05-10,67.448784
2013-05-13,67.432846
2013-05-14,67.432846
2013-05-15,67.440826
2013-05-16,67.456795
2013-05-17,67.440826
2013-05-20,67.448784
2013-05-21,67.448784
2013-05-22,67.424850
2013-05-23,67.440826
2013-05-24,67.424850
2013-05-28,67.376984
2013-05-29,67.376984
2013-05-30,67.392960
2013-05-31,67.384903
2013-06-03,67.406502
2013-06-04,67.406502
2013-06-05,67.414429
2013-06-06,67.406502
2013-06-07,67.398506
2013-06-10,67.374588
2013-06-11,67.366486
2013-06-12,67.358604
2013-06-13,67.390556
2013-06-14,67.438461
2013-06-17,67.438461
2013-06-18,67.438461
2013-06-19,67.358604
2013-06-20,67.350594
2013-06-21,67.294678
2013-06-24,67.262688
2013-06-25,67.254715
2013-06-26,67.286728
2013-06-27,67.326591
2013-06-28,67.318657
2013-07-01,67.348183
2013-07-02,67.356186
2013-07-03,67.348183
2013-07-05,67.276237
2013-07-08,67.324234
2013-07-09,67.316284
2013-07-10,67.316284
2013-07-11,67.372147
2013-07-12,67.332253
2013-07-15,67.364189
2013-07-16,67.372147
2013-07-17,67.396118
2013-07-18,67.388145
2013-07-19,67.420128
2013-07-22,67.420128
2013-07-23,67.412094
2013-07-24,67.380142
2013-07-25,67.420128
2013-07-26,67.428146
2013-07-29,67.420128
2013-07-30,67.428146
2013-07-31,67.428146
2013-08-01,67.402481
2013-08-02,67.450493
2013-08-05,67.442497
2013-08-06,67.434494
2013-08-07,67.450493
2013-08-08,67.450493
2013-08-09,67.434494
2013-08-12,67.434494
2013-08-13,67.402481
2013-08-14,67.402481
2013-08-15,67.378578
2013-08-16,67.386566
2013-08-19,67.370552
2013-08-20,67.386566
2013-08-21,67.346573
2013-08-22,67.322632
2013-08-23,67.322632
2013-08-26,67.346573
2013-08-27,67.378578
2013-08-28,67.338638
2013-08-29,67.354553
2013-08-30,67.362518
2013-09-03,67.337013
2013-09-04,67.273064
2013-09-05,67.209106
2013-09-06,67.273064
2013-09-09,67.289070
2013-09-10,67.265068
2013-09-11,67.297035
2013-09-12,67.297035
2013-09-13,67.297035
2013-09-16,67.344994
2013-09-17,67.368980
2013-09-18,67.456848
2013-09-19,67.432915
2013-09-20,67.440903
2013-09-23,67.456848
2013-09-24,67.464874
2013-09-25,67.488838
2013-09-26,67.456848
2013-09-27,67.496864
2013-09-30,67.512787
2013-10-01,67.495277
2013-10-02,67.503212
2013-10-03,67.503212
2013-10-04,67.479263
2013-10-07,67.479263
2013-10-08,67.423271
2013-10-09,67.447273
2013-10-10,67.447273
2013-10-11,67.447273
2013-10-14,67.423271
2013-10-15,67.447273
2013-10-16,67.471237
2013-10-17,67.495277
2013-10-18,67.495277
2013-10-21,67.495277
2013-10-22,67.551224
2013-10-23,67.527252
2013-10-24,67.519218
2013-10-25,67.535187
2013-10-28,67.551224
2013-10-29,67.551224
2013-10-30,67.551224
2013-10-31,67.559204
2013-11-01,67.534370
2013-11-04,67.550415
2013-11-05,67.550415
2013-11-06,67.566437
2013-11-07,67.582390
2013-11-08,67.534370
2013-11-11,67.550415
2013-11-12,67.534370
2013-11-13,67.534370
2013-11-14,67.574394
2013-11-15,67.574394
2013-11-18,67.606354
2013-11-19,67.582390
2013-11-20,67.590385
2013-11-21,67.622360
2013-11-22,67.606354
2013-11-25,67.606354
2013-11-26,67.614326
2013-11-27,67.614326
2013-11-29,67.622360
2013-12-02,67.581596
2013-12-03,67.597572
2013-12-04,67.581596
2013-12-05,67.589569
2013-12-06,67.565559
2013-12-09,67.565559
2013-12-10,67.589569
2013-12-11,67.565559
2013-12-12,67.541580
2013-12-13,67.557587
2013-12-16,67.557587
2013-12-17,67.573586
2013-12-18,67.573586
2013-12-19,67.533585
2013-12-20,67.509590
2013-12-23,67.501549
2013-12-24,67.477623
2013-12-26,67.470390
2013-12-27,67.502373
2013-12-30,67.518341
2013-12-31,67.502373
2014-01-02,67.534409
2014-01-03,67.510384
2014-01-06,67.518341
2014-01-07,67.518341
2014-01-08,67.454353
2014-01-09,67.470390
2014-01-10,67.534409
2014-01-13,67.550369
2014-01-14,67.534409
2014-01-15,67.510384
2014-01-16,67.526421
2014-01-17,67.526421
2014-01-21,67.518341
2014-01-22,67.486412
2014-01-23,67.550369
2014-01-24,67.574409
2014-01-27,67.566360
2014-01-28,67.566360
2014-01-29,67.614395
2014-01-30,67.606377
2014-01-31,67.638428
2014-02-03,67.656807
2014-02-04,67.664780
2014-02-05,67.632790
2014-02-06,67.640808
2014-02-07,67.656807
2014-02-10,67.640808
2014-02-11,67.624809
2014-02-12,67.592796
2014-02-13,67.632790
2014-02-14,67.632790
2014-02-18,67.656807
2014-02-19,67.632790
2014-02-20,67.640808
2014-02-21,67.648758
2014-02-24,67.648758
2014-02-25,67.640808
2014-02-26,67.672760
2014-02-27,67.664780
2014-02-28,67.664780
2014-03-03,67.703217
2014-03-04,67.647194
2014-03-05,67.671204
2014-03-06,67.631210
2014-03-07,67.583153
2014-03-10,67.591164
2014-03-11,67.591164
2014-03-12,67.615181
2014-03-13,67.655212
2014-03-14,67.639198
2014-03-17,67.615181
2014-03-18,67.631210
2014-03-19,67.519135
2014-03-20,67.527161
2014-03-21,67.535141
2014-03-24,67.503075
2014-03-25,67.511116
2014-03-26,67.559189
2014-03-27,67.551117
2014-03-28,67.551117
2014-03-31,67.591164
2014-04-01,67.551964
2014-04-02,67.527908
2014-04-03,67.543983
2014-04-04,67.599998
2014-04-07,67.607979
2014-04-08,67.615982
2014-04-09,67.648010
2014-04-10,67.688019
2014-04-11,67.680031
2014-04-14,67.672035
2014-04-15,67.672035
2014-04-16,67.648010
2014-04-17,67.632004
2014-04-21,67.632004
2014-04-22,67.599998
2014-04-23,67.632004
2014-04-24,67.615982
2014-04-25,67.623970
2014-04-28,67.623970
2014-04-29,67.615982
2014-04-30,67.664040
2014-05-01,67.664818
2014-05-02,67.656822
2014-05-05,67.664818
2014-05-06,67.640785
2014-05-07,67.664818
2014-05-08,67.680847
2014-05-09,67.704849
2014-05-12,67.688858
2014-05-13,67.712868
2014-05-14,67.736908
2014-05-15,67.744934
2014-05-16,67.752899
2014-05-19,67.768929
2014-05-20,67.776924
2014-05-21,67.776924
2014-05-22,67.760887
2014-05-23,67.744934
2014-05-27,67.760887
2014-05-28,67.776924
2014-05-29,67.768929
2014-05-30,67.784920
2014-06-02,67.739296
2014-06-03,67.723267
2014-06-04,67.747276
2014-06-05,67.755341
2014-06-06,67.739296
2014-06-09,67.691193
2014-06-10,67.675171
2014-06-11,67.699234
2014-06-12,67.723267
2014-06-13,67.683220
2014-06-16,67.667175
2014-06-17,67.611145
2014-06-18,67.667175
2014-06-19,67.659180
2014-06-20,67.659180
2014-06-23,67.659180
2014-06-24,67.683220
2014-06-25,67.691193
2014-06-26,67.707245
2014-06-27,67.723267
2014-06-30,67.731239
2014-07-01,67.703217
2014-07-02,67.679184
2014-07-03,67.671165
2014-07-07,67.655144
2014-07-08,67.671165
2014-07-09,67.679184
2014-07-10,67.711227
2014-07-11,67.727249
2014-07-14,67.719276
2014-07-15,67.687157
2014-07-16,67.679184
2014-07-17,67.735252
2014-07-18,67.679184
2014-07-21,67.687157
2014-07-22,67.687157
2014-07-23,67.711227
2014-07-24,67.687157
2014-07-25,67.695213
2014-07-28,67.663177
2014-07-29,67.679184
2014-07-30,67.647156
2014-07-31,67.679184
2014-08-01,67.764946
2014-08-04,67.764946
2014-08-05,67.764946
2014-08-06,67.780983
2014-08-07,67.813026
2014-08-08,67.772980
2014-08-11,67.772980
2014-08-12,67.772980
2014-08-13,67.805000
2014-08-14,67.821075
2014-08-15,67.821075
2014-08-18,67.821075
2014-08-19,67.821075
2014-08-20,67.756950
2014-08-21,67.756950
2014-08-22,67.740921
2014-08-25,67.716858
2014-08-26,67.740921
2014-08-27,67.756950
2014-08-28,67.772980
2014-08-29,67.805000
2014-09-02,67.747314
2014-09-03,67.763336
2014-09-04,67.755302
2014-09-05,67.779343
2014-09-08,67.739258
2014-09-09,67.699219
2014-09-10,67.707184
2014-09-11,67.715225
2014-09-12,67.699219
2014-09-15,67.731232
2014-09-16,67.771332
2014-09-17,67.699219
2014-09-18,67.707184
2014-09-19,67.699219
2014-09-22,67.747314
2014-09-23,67.763336
2014-09-24,67.739258
2014-09-25,67.787407
2014-09-26,67.755302
2014-09-29,67.771332
2014-09-30,67.755302
2014-10-01,67.827484
2014-10-02,67.819489
2014-10-03,67.755302
2014-10-06,67.819489
2014-10-07,67.859528
2014-10-08,67.931740
2014-10-09,67.931740
2014-10-10,67.963875
2014-10-13,67.987877
2014-10-14,68.028046
2014-10-15,68.116226
2014-10-16,68.076111
2014-10-17,68.036003
2014-10-20,68.076111
2014-10-21,68.060074
2014-10-22,68.044029
2014-10-23,68.011963
2014-10-24,68.028046
2014-10-27,68.028046
2014-10-28,68.011963
2014-10-29,67.923759
2014-10-30,67.947800
2014-10-31,67.931740
2014-11-03,67.922943
2014-11-04,67.914894
2014-11-05,67.898827
2014-11-06,67.882828
2014-11-07,67.930962
2014-11-10,67.882828
2014-11-11,67.874794
2014-11-12,67.898827
2014-11-13,67.914894
2014-11-14,67.947037
2014-11-17,67.939018
2014-11-18,67.930962
2014-11-19,67.922943
2014-11-20,67.939018
2014-11-21,67.955017
2014-11-24,67.963036
2014-11-25,67.971062
2014-11-26,67.979118
2014-11-28,68.003136
2014-12-01,68.002350
2014-12-02,67.962234
2014-12-03,67.930138
2014-12-04,67.970299
2014-12-05,67.841827
2014-12-08,67.833824
2014-12-09,67.857895
2014-12-10,67.914032
2014-12-11,67.881981
2014-12-12,67.946175
2014-12-15,67.898026
2014-12-16,67.938164
2014-12-17,67.873940
2014-12-18,67.833824
2014-12-19,67.785667
2014-12-22,67.801750
2014-12-23,67.729439
2014-12-24,67.764023
2014-12-26,67.739952
2014-12-29,67.804161
2014-12-30,67.828270
2014-12-31,67.804161
2015-01-02,67.876404
2015-01-05,67.876404
2015-01-06,67.908531
2015-01-07,67.940643
2015-01-08,67.932587
2015-01-09,67.988823
2015-01-12,68.028946
2015-01-13,68.069122
2015-01-14,68.109245
2015-01-15,68.213608
2015-01-16,68.149399
2015-01-20,68.117302
2015-01-21,68.117302
2015-01-22,68.093224
2015-01-23,68.125351
2015-01-26,68.085159
2015-01-27,68.125351
2015-01-28,68.173500
2015-01-29,68.149399
2015-01-30,68.229675
2015-02-02,68.207954
2015-02-03,68.151802
2015-02-04,68.159821
2015-02-05,68.135666
2015-02-06,67.974998
2015-02-09,67.967041
2015-02-10,67.950996
2015-02-11,67.958977
2015-02-12,67.983101
2015-02-13,67.983101
2015-02-17,67.950996
2015-02-18,68.031288
2015-02-19,67.991158
2015-02-20,67.983101
2015-02-23,68.015236
2015-02-24,68.071449
2015-02-25,68.071449
2015-02-26,68.007233
2015-02-27,68.031288
2015-03-02,67.975868
2015-03-03,67.959785
2015-03-04,67.975868
2015-03-05,67.999901
2015-03-06,67.927650
2015-03-09,67.959785
2015-03-10,67.975868
2015-03-11,67.975868
2015-03-12,67.991913
2015-03-13,67.999901
2015-03-16,68.007988
2015-03-17,67.991913
2015-03-18,68.152641
2015-03-19,68.064255
2015-03-20,68.112396
2015-03-23,68.136559
2015-03-24,68.160606
2015-03-25,68.144592
2015-03-26,68.112396
2015-03-27,68.152641
2015-03-30,68.144592
2015-03-31,68.200859
2015-04-01,68.230598
2015-04-02,68.222542
2015-04-06,68.278824
2015-04-07,68.230598
2015-04-08,68.230598
2015-04-09,68.206467
2015-04-10,68.190392
2015-04-13,68.230598
2015-04-14,68.262741
2015-04-15,68.262741
2015-04-16,68.294914
2015-04-17,68.262741
2015-04-20,68.254723
2015-04-21,68.262741
2015-04-22,68.206467
2015-04-23,68.238617
2015-04-24,68.262741
2015-04-27,68.254723
2015-04-28,68.222542
2015-04-29,68.230598
2015-04-30,68.222542
2015-05-01,68.194427
2015-05-04,68.194427
2015-05-05,68.178307
2015-05-06,68.154144
2015-05-07,68.130020
2015-05-08,68.226578
2015-05-11,68.162254
2015-05-12,68.170258
2015-05-13,68.202415
2015-05-14,68.266747
2015-05-15,68.266747
2015-05-18,68.226578
2015-05-19,68.186348
2015-05-20,68.210480
2015-05-21,68.234596
2015-05-22,68.186348
2015-05-26,68.194427
2015-05-27,68.202415
2015-05-28,68.234596
2015-05-29,68.250633
2015-06-01,68.208023
2015-06-02,68.199974
2015-06-03,68.175850
2015-06-04,68.183853
2015-06-05,68.119560
2015-06-08,68.159729
2015-06-09,68.127602
2015-06-10,68.111465
2015-06-11,68.127602
2015-06-12,68.111465
2015-06-15,68.143738
2015-06-16,68.167816
2015-06-17,68.216064
2015-06-18,68.232162
2015-06-19,68.248245
2015-06-22,68.199974
2015-06-23,68.183853
2015-06-24,68.216064
2015-06-25,68.199974
2015-06-26,68.159729
2015-06-29,68.272408
2015-06-30,68.272408
2015-07-01,68.214401
2015-07-02,68.319084
2015-07-06,68.335197
2015-07-07,68.327118
2015-07-08,68.399574
2015-07-09,68.351295
2015-07-10,68.286850
2015-07-13,68.254730
2015-07-14,68.286850
2015-07-15,68.311028
2015-07-16,68.278831
2015-07-17,68.262703
2015-07-20,68.222519
2015-07-21,68.230553
2015-07-22,68.222519
2015-07-23,68.230553
2015-07-24,68.246658
2015-07-27,68.294968
2015-07-28,68.278831
2015-07-29,68.262703
2015-07-30,68.230553
2015-07-31,68.302979
2015-08-03,68.325562
2015-08-04,68.220825
2015-08-05,68.228897
2015-08-06,68.244965
2015-08-07,68.212830
2015-08-10,68.212830
2015-08-11,68.301376
2015-08-12,68.301376
2015-08-13,68.244965
2015-08-14,68.212830
2015-08-17,68.253082
2015-08-18,68.244965
2015-08-19,68.309418
2015-08-20,68.285309
2015-08-21,68.357727
2015-08-24,68.389977
2015-08-25,68.357727
2015-08-26,68.317444
2015-08-27,68.325562
2015-08-28,68.293282
2015-08-31,68.269157
2015-09-01,68.293304
2015-09-02,68.309456
2015-09-03,68.309456
2015-09-04,68.317474
2015-09-08,68.293304
2015-09-09,68.277222
2015-09-10,68.301353
2015-09-11,68.325577
2015-09-14,68.309456
2015-09-15,68.212791
2015-09-16,68.204727
2015-09-17,68.357773
2015-09-18,68.390038
2015-09-21,68.349716
2015-09-22,68.390038
2015-09-23,68.365852
2015-09-24,68.406136
2015-09-25,68.373901
2015-09-28,68.422264
2015-09-29,68.454498
2015-09-30,68.470581
2015-10-01,68.470573
2015-10-02,68.567284
2015-10-05,68.518967
2015-10-06,68.510880
2015-10-07,68.494774
2015-10-08,68.478676
2015-10-09,68.478676
2015-10-12,68.462517
2015-10-13,68.486725
2015-10-14,68.583443
2015-10-15,68.543114
2015-10-16,68.510880
2015-10-19,68.535072
2015-10-20,68.494774
2015-10-21,68.518967
2015-10-22,68.543114
2015-10-23,68.486725
2015-10-26,68.486725
2015-10-27,68.510880
2015-10-28,68.422264
2015-10-29,68.373848
2015-10-30,68.373848
2015-11-02,68.334381
2015-11-03,68.326263
2015-11-04,68.253716
2015-11-05,68.253716
2015-11-06,68.189163
2015-11-09,68.173088
2015-11-10,68.205299
2015-11-11,68.189163
2015-11-12,68.213379
2015-11-13,68.269859
2015-11-16,68.269859
2015-11-17,68.245659
2015-11-18,68.221458
2015-11-19,68.205299
2015-11-20,68.205299
2015-11-23,68.197296
2015-11-24,68.197296
2015-11-25,68.205299
2015-11-27,68.221458
2015-11-30,68.197296
2015-12-01,68.238380
2015-12-02,68.181931
2015-12-03,68.181931
2015-12-04,68.198074
2015-12-07,68.190010
2015-12-08,68.181931
2015-12-09,68.206169
2015-12-10,68.165756
2015-12-11,68.246460
2015-12-14,68.165756
2015-12-15,68.157707
2015-12-16,68.101234
2015-12-17,68.101234
2015-12-18,68.190010
2015-12-21,68.181931
2015-12-22,68.165756
2015-12-23,68.141571
2015-12-24,68.168221
2015-12-28,68.127861
2015-12-29,68.111748
2015-12-30,68.127861
2015-12-31,68.095619
2016-01-04,68.184395
2016-01-05,68.144012
2016-01-06,68.184395
2016-01-07,68.208603
2016-01-08,68.257019
2016-01-11,68.281212
2016-01-12,68.289314
2016-01-13,68.329620
2016-01-14,68.345818
2016-01-15,68.402351
2016-01-19,68.394241
2016-01-20,68.442673
2016-01-21,68.434532
2016-01-22,68.410378
2016-01-25,68.410378
2016-01-26,68.442673
2016-01-27,68.458801
2016-01-28,68.458801
2016-01-29,68.539551
2016-02-01,68.503159
2016-02-02,68.592018
2016-02-03,68.608192
2016-02-04,68.624367
2016-02-05,68.608192
2016-02-08,68.688957
2016-02-09,68.664703
2016-02-10,68.664703
2016-02-11,68.729309
2016-02-12,68.648598
2016-02-16,68.608192
2016-02-17,68.624367
2016-02-18,68.680847
2016-02-19,68.616226
2016-02-22,68.624367
2016-02-23,68.632446
2016-02-24,68.648598
2016-02-25,68.664703
2016-02-26,68.575912
2016-02-29,68.616226
2016-03-01,68.525032
2016-03-02,68.516869
2016-03-03,68.541107
2016-03-04,68.492638
2016-03-07,68.444153
2016-03-08,68.492638
2016-03-09,68.468384
2016-03-10,68.460312
2016-03-11,68.395653
2016-03-14,68.395653
2016-03-15,68.419891
2016-03-16,68.557266
2016-03-17,68.549164
2016-03-18,68.565353
2016-03-21,68.557266
2016-03-22,68.516869
2016-03-23,68.557266
2016-03-24,68.525032
2016-03-28,68.541107
2016-03-29,68.670441
2016-03-30,68.678497
2016-03-31,68.710808
2016-04-01,68.671242
2016-04-04,68.719711
2016-04-05,68.743965
2016-04-06,68.719711
2016-04-07,68.760139
2016-04-08,68.760139
2016-04-11,68.752014
2016-04-12,68.735878
2016-04-13,68.703499
2016-04-14,68.703499
2016-04-15,68.752014
2016-04-18,68.743965
2016-04-19,68.719711
2016-04-20,68.671242
2016-04-21,68.655014
2016-04-22,68.655014
2016-04-25,68.638893
2016-04-26,68.622650
2016-04-27,68.671242
2016-04-28,68.711632
2016-04-29,68.735878
2016-05-02,68.710831
2016-05-03,68.783653
2016-05-04,68.775528
2016-05-05,68.799820
2016-05-06,68.783653
2016-05-09,68.815941
2016-05-10,68.832138
2016-05-11,68.807869
2016-05-12,68.767426
2016-05-13,68.775528
2016-05-16,68.743126
2016-05-17,68.718918
2016-05-18,68.597511
2016-05-19,68.613716
2016-05-20,68.637962
2016-05-23,68.629852
2016-05-24,68.581322
2016-05-25,68.621841
2016-05-26,68.662262
2016-05-27,68.621841
2016-05-31,68.654152
2016-06-01,68.606430
2016-06-02,68.663078
2016-06-03,68.776375
2016-06-06,68.760216
2016-06-07,68.776375
2016-06-08,68.792572
2016-06-09,68.808754
2016-06-10,68.849220
2016-06-13,68.865410
2016-06-14,68.873558
2016-06-15,68.954468
2016-06-16,68.913986
2016-06-17,68.922104
2016-06-20,68.881607
2016-06-21,68.833061
2016-06-22,68.857338
2016-06-23,68.833061
2016-06-24,68.994972
2016-06-27,69.035416
2016-06-28,69.059723
2016-06-29,69.035416
2016-06-30,69.067818
2016-07-01,69.092140
2016-07-05,69.124542
2016-07-06,69.092140
2016-07-07,69.059708
2016-07-08,69.059708
2016-07-11,68.986824
2016-07-12,68.962502
2016-07-13,68.978729
2016-07-14,68.938210
2016-07-15,68.905785
2016-07-18,68.946312
2016-07-19,68.954422
2016-07-20,68.921982
2016-07-21,68.970627
2016-07-22,68.946312
2016-07-25,68.897690
2016-07-26,68.905785
2016-07-27,68.954422
2016-07-28,68.946312
2016-07-29,69.035408
2016-08-01,69.011932
2016-08-02,68.987610
2016-08-03,68.995712
2016-08-04,69.044357
2016-08-05,68.947052
2016-08-08,68.922783
2016-08-09,68.963272
2016-08-10,68.995712
2016-08-11,68.930885
2016-08-12,68.979477
2016-08-15,68.963272
2016-08-16,68.939003
2016-08-17,68.939003
2016-08-18,68.987610
2016-08-19,68.922783
2016-08-22,68.930885
2016-08-23,68.939003
2016-08-24,68.922783
2016-08-25,68.898460
2016-08-26,68.833603
2016-08-29,68.874161
2016-08-30,68.882278
2016-08-31,68.874161
2016-09-01,68.906570
2016-09-02,68.906570
2016-09-06,68.955200
2016-09-07,68.955200
2016-09-08,68.906570
2016-09-09,68.882225
2016-09-12,68.906570
2016-09-13,68.882225
2016-09-14,68.922813
2016-09-15,68.979584
2016-09-16,68.947105
2016-09-19,68.930908
2016-09-20,68.914703
2016-09-21,68.930908
2016-09-22,68.914703
2016-09-23,68.955200
2016-09-26,68.995819
2016-09-27,69.003876
2016-09-28,68.995819
2016-09-29,69.020096
2016-09-30,68.963356
2016-10-03,68.954407
2016-10-04,68.897606
2016-10-05,68.857079
2016-10-06,68.857079
2016-10-07,68.881371
2016-10-10,68.848946
2016-10-11,68.840797
2016-10-12,68.840797
2016-10-13,68.865181
2016-10-14,68.848946
2016-10-17,68.905716
2016-10-18,68.930054
2016-10-19,68.930054
2016-10-20,68.897606
2016-10-21,68.913834
2016-10-24,68.889511
2016-10-25,68.889511
2016-10-26,68.865181
2016-10-27,68.881371
2016-10-28,68.881371
2016-10-31,68.930054
2016-11-01,68.930923
2016-11-02,68.971474
2016-11-03,68.979645
2016-11-04,69.003937
2016-11-07,68.979645
2016-11-08,68.906509
2016-11-09,68.817223
2016-11-10,68.792870
2016-11-11,68.792870
2016-11-14,68.687294
2016-11-15,68.711662
2016-11-16,68.703522
2016-11-17,68.695427
2016-11-18,68.654823
2016-11-21,68.646721
2016-11-22,68.630486
2016-11-23,68.589844
2016-11-25,68.581749
2016-11-28,68.622353
2016-11-29,68.630486
2016-11-30,68.606148
2016-12-01,68.573647
2016-12-02,68.646767
2016-12-05,68.646767
2016-12-06,68.630463
2016-12-07,68.654915
2016-12-08,68.646767
2016-12-09,68.638618
2016-12-12,68.614220
2016-12-13,68.606102
2016-12-14,68.476173
2016-12-15,68.443626
2016-12-16,68.476173
2016-12-19,68.508652
2016-12-20,68.516792
2016-12-21,68.549248
2016-12-22,68.566322
2016-12-23,68.566322
2016-12-27,68.533813
2016-12-28,68.558197
2016-12-29,68.631386
2016-12-30,68.655762
2017-01-03,68.598824
2017-01-04,68.615120
2017-01-05,68.663872
2017-01-06,68.606956
2017-01-09,68.663872
2017-01-10,68.639503
2017-01-11,68.671989
2017-01-12,68.696396
2017-01-13,68.663872
2017-01-17,68.712662
2017-01-18,68.647591
2017-01-19,68.623238
2017-01-20,68.663872
2017-01-23,68.728889
2017-01-24,68.688286
2017-01-25,68.671989
2017-01-26,68.680099
2017-01-27,68.712662
2017-01-30,68.712662
2017-01-31,68.728889
2017-02-01,68.705322
2017-02-02,68.729767
2017-02-03,68.705322
2017-02-06,68.778542
2017-02-07,68.762306
2017-02-08,68.827362
2017-02-09,68.770424
2017-02-10,68.762306
2017-02-13,68.746010
2017-02-14,68.697189
2017-02-15,68.672829
2017-02-16,68.705322
2017-02-17,68.754143
2017-02-21,68.762306
2017-02-22,68.778542
2017-02-23,68.811111
2017-02-24,68.843605
2017-02-27,68.786659
2017-02-28,68.754143
2017-03-01,68.700386
2017-03-02,68.627144
2017-03-03,68.643433
2017-03-06,68.659721
2017-03-07,68.635284
2017-03-08,68.578377
2017-03-09,68.570206
2017-03-10,68.610855
2017-03-13,68.578377
2017-03-14,68.570206
2017-03-15,68.700386
2017-03-16,68.651527
2017-03-17,68.684143
2017-03-20,68.724800
2017-03-21,68.757408
2017-03-22,68.773666
2017-03-23,68.773666
2017-03-24,68.773666
2017-03-27,68.798088
2017-03-28,68.765549
2017-03-29,68.806206
2017-03-30,68.789986
2017-03-31,68.798088
2017-04-03,68.861603
2017-04-04,68.837212
2017-04-05,68.837212
2017-04-06,68.853455
2017-04-07,68.763885
2017-04-10,68.796471
2017-04-11,68.861603
2017-04-12,68.910477
2017-04-13,68.943108
2017-04-17,68.934914
2017-04-18,68.991966
2017-04-19,68.959381
2017-04-20,68.951263
2017-04-21,68.983803
2017-04-24,68.910477
2017-04-25,68.845337
2017-04-26,68.869781
2017-04-27,68.894203
2017-04-28,68.926849
2017-05-01,68.879524
2017-05-02,68.903946
2017-05-03,68.855072
2017-05-04,68.846931
2017-05-05,68.871368
2017-05-08,68.838768
2017-05-09,68.806168
2017-05-10,68.822426
2017-05-11,68.830605
2017-05-12,68.912132
2017-05-15,68.903946
2017-05-16,68.903946
2017-05-17,68.977356
2017-05-18,68.944695
2017-05-19,68.961021
2017-05-22,68.936562
2017-05-23,68.912132
2017-05-24,68.952896
2017-05-25,68.952896
2017-05-26,68.944695
2017-05-30,68.969185
2017-05-31,68.977356
2017-06-01,68.964287
2017-06-02,69.013222
2017-06-05,68.956116
2017-06-06,68.980606
2017-06-07,68.956116
2017-06-08,68.939804
2017-06-09,68.915337
2017-06-12,68.907196
2017-06-13,68.907196
2017-06-14,68.939804
2017-06-15,68.915337
2017-06-16,68.947952
2017-06-19,68.907196
2017-06-20,68.915337
2017-06-21,68.923538
2017-06-22,68.931633
2017-06-23,68.972466
2017-06-26,68.972466
2017-06-27,68.931633
2017-06-28,68.964287
2017-06-29,68.923538
2017-06-30,68.923538
2017-07-03,68.872032
2017-07-05,68.896515
2017-07-06,68.912888
2017-07-07,68.904694
2017-07-10,68.937347
2017-07-11,68.961861
2017-07-12,68.994514
2017-07-13,68.961861
2017-07-14,68.994514
2017-07-17,69.002670
2017-07-18,69.018997
2017-07-19,69.018997
2017-07-20,69.018997
2017-07-21,69.051659
2017-07-24,69.027222
2017-07-25,68.986351
2017-07-26,69.035339
2017-07-27,69.018997
2017-07-28,69.059883
2017-07-31,69.051659
2017-08-01,69.076965
2017-08-02,69.044312
2017-08-03,69.068802
2017-08-04,69.044312
2017-08-07,69.068802
2017-08-08,69.068802
2017-08-09,69.060677
2017-08-10,69.085121
2017-08-11,69.175034
2017-08-14,69.117859
2017-08-15,69.085121
2017-08-16,69.125984
2017-08-17,69.142387
2017-08-18,69.134193
2017-08-21,69.150528
2017-08-22,69.142387
2017-08-23,69.207718
2017-08-24,69.142387
2017-08-25,69.166862
2017-08-28,69.142387
2017-08-29,69.175034
2017-08-30,69.191383
2017-08-31,69.191383
2017-09-01,69.176682
2017-09-05,69.242081
2017-09-06,69.233879
2017-09-07,69.274811
2017-09-08,69.258438
2017-09-11,69.193047
2017-09-12,69.160309
2017-09-13,69.143929
2017-09-14,69.152100
2017-09-15,69.143929
2017-09-18,69.103050
2017-09-19,69.111229
2017-09-20,69.053986
2017-09-21,69.037674
2017-09-22,69.053986
2017-09-25,69.094864
2017-09-26,69.078552
2017-09-27,69.070381
2017-09-28,69.078552
2017-09-29,69.062134
2017-10-02,69.113747
2017-10-03,69.072823
2017-10-04,69.203781
2017-10-05,69.056480
2017-10-06,69.031906
2017-10-09,69.031906
2017-10-10,69.048256
2017-10-11,69.040092
2017-10-12,69.031906
2017-10-13,69.072823
2017-10-16,69.007332
2017-10-17,69.015526
2017-10-18,68.990952
2017-10-19,69.031906
2017-10-20,68.990952
2017-10-23,68.990952
2017-10-24,68.974594
2017-10-25,68.958229
2017-10-26,68.958229
2017-10-27,69.007332
2017-10-30,69.040092
2017-10-31,68.999123
2017-11-01,68.989349
2017-11-02,69.005692
2017-11-03,68.964729
2017-11-06,69.005692
2017-11-07,68.972946
2017-11-08,68.964729
2017-11-09,68.956558
2017-11-10,68.931961
2017-11-13,68.923790
2017-11-14,68.940163
2017-11-15,68.915619
2017-11-16,68.923790
2017-11-17,68.882812
2017-11-20,68.858253
2017-11-21,68.841866
2017-11-22,68.899239
2017-11-24,68.899239
2017-11-27,68.899239
2017-11-28,68.907417
2017-11-29,68.891029
2017-11-30,68.850075
2017-12-01,68.865646
2017-12-04,68.824638
2017-12-05,68.816391
2017-12-06,68.849228
2017-12-07,68.857445
2017-12-08,68.857445
2017-12-11,68.824638
2017-12-12,68.824638
2017-12-13,68.898445
2017-12-14,68.873863
2017-12-15,68.841042
2017-12-18,68.841042
2017-12-19,68.808243
2017-12-20,68.816391
2017-12-21,68.811485
2017-12-22,68.786850
2017-12-26,68.778656
2017-12-27,68.811485
2017-12-28,68.819725
2017-12-29,68.836098
2018-01-02,68.811485
2018-01-03,68.811485
2018-01-04,68.778656
2018-01-05,68.778656
2018-01-08,68.778656
2018-01-09,68.754028
2018-01-10,68.778656
2018-01-11,68.754028
2018-01-12,68.745842
2018-01-16,68.737656
2018-01-17,68.713013
2018-01-18,68.696541
2018-01-19,68.721245
2018-01-22,68.688362
2018-01-23,68.729408
2018-01-24,68.713013
2018-01-25,68.696541
2018-01-26,68.655518
2018-01-29,68.630844
2018-01-30,68.639114
2018-01-31,68.639114
2018-02-01,68.611145
2018-02-02,68.619392
2018-02-05,68.742638
2018-02-06,68.693359
2018-02-07,68.644058
2018-02-08,68.652245
2018-02-09,68.709816
2018-02-12,68.676926
2018-02-13,68.676926
2018-02-14,68.578308
2018-02-15,68.553619
2018-02-16,68.570061
2018-02-20,68.561836
2018-02-21,68.570061
2018-02-22,68.578308
2018-02-23,68.594696
2018-02-26,68.602936
2018-02-27,68.553619
2018-02-28,68.570061
2018-03-01,68.665497
2018-03-02,68.632576
2018-03-05,68.632576
2018-03-06,68.616135
2018-03-07,68.616135
2018-03-08,68.632576
2018-03-09,68.599716
2018-03-12,68.632576
2018-03-13,68.649086
2018-03-14,68.640793
2018-03-15,68.649086
2018-03-16,68.616135
2018-03-19,68.616135
2018-03-20,68.591461
2018-03-21,68.640793
2018-03-22,68.673729
2018-03-23,68.690193
2018-03-26,68.657280
2018-03-27,68.706635
2018-03-28,68.714867
2018-03-29,68.739532
2018-04-02,68.759285
2018-04-03,68.726395
2018-04-04,68.685188
2018-04-05,68.701637
2018-04-06,68.759285
2018-04-09,68.751060
2018-04-10,68.718094
2018-04-11,68.718094
2018-04-12,68.676964
2018-04-13,68.660469
2018-04-16,68.652260
2018-04-17,68.652260
2018-04-18,68.594559
2018-04-19,68.594559
2018-04-20,68.569908
2018-04-23,68.561630
2018-04-24,68.578148
2018-04-25,68.569908
2018-04-26,68.586349
2018-04-27,68.602837
2018-04-30,68.578148
2018-05-01,68.547592
2018-05-02,68.572357
2018-05-03,68.621819
2018-05-04,68.597107
2018-05-07,68.597107
2018-05-08,68.605362
2018-05-09,68.572357
2018-05-10,68.572357
2018-05-11,68.572357
2018-05-14,68.572357
2018-05-15,68.531113
2018-05-16,68.531113
2018-05-17,68.547592
2018-05-18,68.580574
2018-05-21,68.580574
2018-05-22,68.580574
2018-05-23,68.638321
2018-05-24,68.679512
2018-05-25,68.737282
2018-05-29,68.935120
2018-05-30,68.852707
2018-05-31,68.819725
2018-06-01,68.766869
2018-06-04,68.709084
2018-06-05,68.750351
2018-06-06,68.725586
2018-06-07,68.791641
2018-06-08,68.775139
2018-06-11,68.750351
2018-06-12,68.717285
2018-06-13,68.684280
2018-06-14,68.709084
2018-06-15,68.742111
2018-06-18,68.758621
2018-06-19,68.783356
2018-06-20,68.750351
2018-06-21,68.791641
2018-06-22,68.799927
2018-06-25,68.824661
2018-06-26,68.824661
2018-06-27,68.865982
2018-06-28,68.865982
2018-06-29,68.849464
2018-07-02,68.841171
2018-07-03,68.866013
2018-07-05,68.857719
2018-07-06,68.874290
2018-07-09,68.832886
2018-07-10,68.824615
2018-07-11,68.849457
2018-07-12,68.841171
2018-07-13,68.857719
2018-07-16,68.841171
2018-07-17,68.832886
2018-07-18,68.824615
2018-07-19,68.857719
2018-07-20,68.857719
2018-07-23,68.816345
2018-07-24,68.824615
2018-07-25,68.799850
2018-07-26,68.799850
2018-07-27,68.808105
2018-07-30,68.808105
2018-07-31,68.808105
2018-08-01,68.814705
2018-08-02,68.856140
2018-08-03,68.864418
2018-08-06,68.881004
2018-08-07,68.856140
2018-08-08,68.864418
2018-08-09,68.905853
2018-08-10,68.972130
2018-08-13,68.955551
2018-08-14,68.955551
2018-08-15,68.988708
2018-08-16,68.972130
2018-08-17,68.996979
2018-08-20,69.038429
2018-08-21,69.021843
2018-08-22,69.038429
2018-08-23,69.030151
2018-08-24,69.038429
2018-08-27,69.013542
2018-08-28,68.988708
2018-08-29,68.980453
2018-08-30,69.030151
2018-08-31,69.046684
2018-09-04,69.030960
2018-09-05,69.030960
2018-09-06,69.055847
2018-09-07,68.981140
2018-09-10,68.989479
2018-09-11,68.947937
2018-09-12,68.947937
2018-09-13,68.956245
2018-09-14,68.931374
2018-09-17,68.914795
2018-09-18,68.906464
2018-09-19,68.889862
2018-09-20,68.914795
2018-09-21,68.898209
2018-09-24,68.898209
2018-09-25,68.906464
2018-09-26,68.914795
2018-09-27,68.914795
2018-09-28,68.947937
2018-10-01,68.928886
2018-10-02,68.953773
2018-10-03,68.920532
2018-10-04,68.903900
2018-10-05,68.895592
2018-10-08,68.878952
2018-10-09,68.903900
2018-10-10,68.920532
2018-10-11,68.945442
2018-10-12,68.945442
2018-10-15,68.970390
2018-10-16,68.945442
2018-10-17,68.945442
2018-10-18,68.987022
2018-10-19,68.945442
2018-10-22,68.928886
2018-10-23,68.970390
2018-10-24,69.078445
2018-10-25,69.053505
2018-10-26,69.095085
2018-10-29,69.120018
2018-10-30,69.086754
2018-10-31,69.053505
2018-11-01,69.091820
2018-11-02,69.008545
2018-11-05,69.033554
2018-11-06,69.016861
2018-11-07,68.991928
2018-11-08,68.983528
2018-11-09,69.016861
2018-11-12,69.066803
2018-11-13,69.075150
2018-11-14,69.125092
2018-11-15,69.158401
2018-11-16,69.208359
2018-11-19,69.266670
2018-11-20,69.250038
2018-11-21,69.250038
2018-11-23,69.233398
2018-11-26,69.241699
2018-11-27,69.250038
2018-11-28,69.274971
2018-11-29,69.291664
2018-11-30,69.316612
2018-12-03,69.259933
2018-12-04,69.309921
2018-12-06,69.376663
2018-12-07,69.451721
2018-12-10,69.451721
2018-12-11,69.385033
2018-12-12,69.376663
2018-12-13,69.443420
2018-12-14,69.485092
2018-12-17,69.551796
2018-12-18,69.592789
2018-12-19,69.609451
2018-12-20,69.601105
2018-12-21,69.651184
2018-12-24,69.709679
2018-12-26,69.642868
2018-12-27,69.718040
2018-12-28,69.818253
2018-12-31,69.843353
2019-01-02,69.851715
2019-01-03,69.993668
2019-01-04,69.843353
2019-01-07,69.793213
2019-01-08,69.751442
2019-01-09,69.784874
2019-01-10,69.793213
2019-01-11,69.834946
2019-01-14,69.834946
2019-01-15,69.860016
2019-01-16,69.843353
2019-01-17,69.834946
2019-01-18,69.776543
2019-01-22,69.834946
2019-01-23,69.818253
2019-01-24,69.876740
2019-01-25,69.826645
2019-01-28,69.834946
2019-01-29,69.868393
2019-01-30,69.960213
2019-01-31,70.018723
2019-02-01,69.936707
2019-02-04,69.936707
2019-02-05,69.936707
2019-02-06,69.970184
2019-02-07,70.020393
2019-02-08,70.045509
2019-02-11,70.020393
2019-02-12,70.012039
2019-02-13,69.961845
2019-02-14,70.053886
2019-02-15,70.020393
2019-02-19,70.070595
2019-02-20,70.062256
2019-02-21,70.037140
2019-02-22,70.087341
2019-02-25,70.078949
2019-02-26,70.112457
2019-02-27,70.095726
2019-02-28,70.078949
2019-03-01,70.032036
2019-03-04,70.048752
2019-03-05,70.057190
2019-03-06,70.107460
2019-03-07,70.166161
2019-03-08,70.191322
2019-03-11,70.174545
2019-03-12,70.199677
2019-03-13,70.208046
2019-03-14,70.224854
2019-03-15,70.249985
2019-03-18,70.233223
2019-03-19,70.224854
2019-03-20,70.325470
2019-03-21,70.325470
2019-03-22,70.442825
2019-03-25,70.518280
2019-03-26,70.509842
2019-03-27,70.568520
2019-03-28,70.560181
2019-03-29,70.518280
2019-04-01,70.446007
2019-04-02,70.479607
2019-04-03,70.446007
2019-04-04,70.462807
2019-04-05,70.454422
2019-04-08,70.437592
2019-04-09,70.446007
2019-04-10,70.504829
2019-04-11,70.462807
2019-04-12,70.420807
2019-04-15,70.429207
2019-04-16,70.420807
2019-04-17,70.446007
2019-04-18,70.462807
2019-04-22,70.471268
2019-04-23,70.504829
2019-04-24,70.546844
2019-04-25,70.546844
2019-04-26,70.622406
2019-04-29,70.597176
2019-04-30,70.647606
2019-05-01,70.585320
2019-05-02,70.551659
2019-05-03,70.576927
2019-05-06,70.618973
2019-05-07,70.652657
2019-05-08,70.644218
2019-05-09,70.686302
2019-05-10,70.703156
2019-05-13,70.787300
2019-05-14,70.787300
2019-05-15,70.837769
2019-05-16,70.795685
2019-05-17,70.812538
2019-05-20,70.778893
2019-05-21,70.745186
2019-05-22,70.778893
2019-05-23,70.905090
2019-05-24,70.879883
2019-05-28,70.938759
2019-05-29,70.947166
2019-05-30,71.006058
2019-05-31,71.157547
2019-06-03,71.291626
2019-06-04,71.241020
2019-06-05,71.274773
2019-06-06,71.232613
2019-06-07,71.308502
2019-06-10,71.241020
2019-06-11,71.215721
2019-06-12,71.274773
2019-06-13,71.350655
2019-06-14,71.325348
2019-06-17,71.291626
2019-06-18,71.300049
2019-06-19,71.451828
2019-06-20,71.485558
2019-06-21,71.451828
2019-06-24,71.493996
2019-06-25,71.510841
2019-06-26,71.426537
2019-06-27,71.485558
2019-06-28,71.485558
2019-07-01,71.439957
2019-07-02,71.482170
2019-07-03,71.499046
2019-07-05,71.355461
2019-07-08,71.321693
2019-07-09,71.296326
2019-07-10,71.423073
2019-07-11,71.389275
2019-07-12,71.397720
2019-07-15,71.414604
2019-07-16,71.389275
2019-07-17,71.456818
2019-07-18,71.541321
2019-07-19,71.465302
2019-07-22,71.473740
2019-07-23,71.456818
2019-07-24,71.473740
2019-07-25,71.431473
2019-07-26,71.439957
2019-07-29,71.439957
2019-07-30,71.448418
2019-07-31,71.439957
2019-08-01,71.643059
2019-08-02,71.659950
2019-08-05,71.803810
2019-08-06,71.837662
2019-08-07,71.846146
2019-08-08,71.820740
2019-08-09,71.778412
2019-08-12,71.854591
2019-08-13,71.769958
2019-08-14,71.863045
2019-08-15,72.015373
2019-08-16,72.006920
2019-08-19,71.930771
2019-08-20,71.981544
2019-08-21,71.913849
2019-08-22,71.880013
2019-08-23,71.998505
2019-08-26,71.964600
2019-08-27,71.989998
2019-08-28,72.006920
2019-08-29,71.973061
2019-08-30,71.998505
2019-09-03,72.054405
2019-09-04,72.113739
2019-09-05,71.952682
2019-09-06,71.961159
2019-09-09,71.884880
2019-09-10,71.766205
2019-09-11,71.766205
2019-09-12,71.749268
2019-09-13,71.630577
2019-09-16,71.689903
2019-09-17,71.723816
2019-09-18,71.681396
2019-09-19,71.689903
2019-09-20,71.766205
2019-09-23,71.808540
2019-09-24,71.884880
2019-09-25,71.791626
2019-09-26,71.825546
2019-09-27,71.867905
2019-09-30,71.901848
2019-10-01,71.982491
2019-10-02,72.058929
2019-10-03,72.211761
2019-10-04,72.203247
2019-10-07,72.126793
2019-10-08,72.169250
2019-10-09,72.126793
2019-10-10,72.041885
2019-10-11,71.973999
2019-10-14,71.982491
2019-10-15,71.965492
2019-10-16,71.999474
2019-10-17,71.999474
2019-10-18,72.024902
2019-10-21,71.990997
2019-10-22,72.016472
2019-10-23,72.007950
2019-10-24,72.007950
2019-10-25,71.965492
2019-10-28,71.940048
2019-10-29,71.957031
2019-10-30,71.999474
2019-10-31,72.126793
2019-11-01,72.084297
2019-11-04,72.033272
2019-11-05,71.982231
2019-11-06,72.024727
2019-11-07,71.939728
2019-11-08,71.948204
2019-11-11,71.965218
2019-11-12,71.973747
2019-11-13,72.007790
2019-11-14,72.075775
2019-11-15,72.050262
2019-11-18,72.084297
2019-11-19,72.075775
2019-11-20,72.109818
2019-11-21,72.075775
2019-11-22,72.067284
2019-11-25,72.075775
2019-11-26,72.109818
2019-11-27,72.067284
2019-11-29,72.092804
2019-12-02,72.070686
2019-12-03,72.172905
2019-12-04,72.138779
2019-12-05,72.104759
2019-12-06,72.079155
2019-12-09,72.079155
2019-12-10,72.045097
2019-12-11,72.104759
2019-12-12,72.036598
2019-12-13,72.121758
2019-12-16,72.079155
2019-12-17,72.096214
2019-12-18,72.104759
2019-12-19,72.119232
2019-12-20,72.119232
2019-12-23,72.102173
2019-12-24,72.110710
2019-12-26,72.136292
2019-12-27,72.187485
2019-12-30,72.213066
2019-12-31,72.204575
2020-01-02,72.238693
2020-01-03,72.298401
2020-01-06,72.272789
2020-01-07,72.272789
2020-01-08,72.238693
2020-01-09,72.247200
2020-01-10,72.264252
2020-01-13,72.255760
2020-01-14,72.264252
2020-01-15,72.298401
2020-01-16,72.298401
2020-01-17,72.323982
2020-01-21,72.341042
2020-01-22,72.358124
2020-01-23,72.383705
2020-01-24,72.409317
2020-01-27,72.486092
2020-01-28,72.451996
2020-01-29,72.520233
2020-01-30,72.528770
2020-01-31,72.622597
2020-02-03,72.601265
2020-02-04,72.524338
2020-02-05,72.473061
2020-02-06,72.490166
2020-02-07,72.532860
2020-02-10,72.567062
2020-02-11,72.532860
2020-02-12,72.498726
2020-02-13,72.515762
2020-02-14,72.550003
2020-02-18,72.575607
2020-02-19,72.584114
2020-02-20,72.601265
2020-02-21,72.661049
2020-02-24,72.780708
2020-02-25,72.857590
2020-02-26,72.908859
2020-02-27,72.994324
2020-02-28,73.259232
2020-03-02,73.229286
2020-03-03,73.520302
2020-03-04,73.528793
2020-03-05,73.682808
2020-03-06,73.768410
2020-03-09,74.170647
2020-03-10,73.845444
2020-03-11,73.759872
2020-03-12,73.742729
2020-03-13,73.836861
2020-03-16,73.956718
2020-03-17,73.785522
2020-03-18,73.691406
2020-03-19,73.819763
2020-03-20,74.016594
2020-03-23,74.102165
2020-03-24,73.999496
2020-03-25,74.085045
2020-03-26,74.170647
2020-03-27,74.153526
2020-03-30,74.187744
2020-03-31,74.170647
2020-04-01,74.218628
2020-04-02,74.235794
2020-04-03,74.218628
2020-04-06,74.167198
2020-04-07,74.150063
2020-04-08,74.192902
2020-04-09,74.218628
2020-04-13,74.227188
2020-04-14,74.227188
2020-04-15,74.252907
2020-04-16,74.270035
2020-04-17,74.244331
2020-04-20,74.244331
2020-04-21,74.261459
2020-04-22,74.235794
2020-04-23,74.227188
2020-04-24,74.227188
2020-04-27,74.227188
2020-04-28,74.252907
2020-04-29,74.244331
2020-04-30,74.372871
2020-05-01,74.263100
2020-05-04,74.263100
2020-05-05,74.254471
2020-05-06,74.280243
2020-05-07,74.331696
2020-05-08,74.314552
2020-05-11,74.288803
2020-05-12,74.305962
2020-05-13,74.305962
2020-05-14,74.288803
2020-05-15,74.331696
2020-05-18,74.271667
2020-05-19,74.314552
2020-05-20,74.314552
2020-05-21,74.297424
2020-05-22,74.297424
2020-05-26,74.297424
2020-05-27,74.280243
2020-05-28,74.314552
2020-05-29,74.314552
2020-06-01,74.305931
2020-06-02,74.305931
2020-06-03,74.245888
2020-06-04,74.263069
2020-06-05,74.237328
2020-06-08,74.220154
2020-06-09,74.245888
2020-06-10,74.288780
2020-06-11,74.254440
2020-06-12,74.280220
2020-06-15,74.263069
2020-06-16,74.254440
2020-06-17,74.280220
2020-06-18,74.271637
2020-06-19,74.288780
2020-06-22,74.271637
2020-06-23,74.288780
2020-06-24,74.297401
2020-06-25,74.297401
2020-06-26,74.323143
2020-06-29,74.340302
2020-06-30,74.331711
2020-07-01,74.306793
2020-07-02,74.341118
2020-07-06,74.315392
2020-07-07,74.332588
2020-07-08,74.332588
2020-07-09,74.349770
2020-07-10,74.323975
2020-07-13,74.323975
2020-07-14,74.332588
2020-07-15,74.341118
2020-07-16,74.341118
2020-07-17,74.358315
2020-07-20,74.341118
2020-07-21,74.358315
2020-07-22,74.349770
2020-07-23,74.349770
2020-07-24,74.358315
2020-07-27,74.332588
2020-07-28,74.349770
2020-07-29,74.366898
2020-07-30,74.392685
2020-07-31,74.401291
2020-08-03,74.401276
2020-08-04,74.409874
2020-08-05,74.392708
2020-08-06,74.392708
2020-08-07,74.384064
2020-08-10,74.366882
2020-08-11,74.349724
2020-08-12,74.332504
2020-08-13,74.323944
2020-08-14,74.332504
2020-08-17,74.341110
2020-08-18,74.349724
2020-08-19,74.349724
2020-08-20,74.349724
2020-08-21,74.341110
2020-08-24,74.332504
2020-08-25,74.341110
2020-08-26,74.341110
2020-08-27,74.332504
2020-08-28,74.358292
2020-08-31,74.384064
2020-09-01,74.366020
2020-09-02,74.374626
2020-09-03,74.366020
2020-09-04,74.340263
2020-09-08,74.348854
2020-09-09,74.357430
2020-09-10,74.348854
2020-09-11,74.366020
2020-09-14,74.357430
2020-09-15,74.366020
2020-09-16,74.374626
2020-09-17,74.357430
2020-09-18,74.366020
2020-09-21,74.357430
2020-09-22,74.374626
2020-09-23,74.374626
2020-09-24,74.366020
2020-09-25,74.374626
2020-09-28,74.383217
2020-09-29,74.374626
2020-09-30,74.383217
2020-10-01,74.366013
2020-10-02,74.374626
2020-10-05,74.348854
2020-10-06,74.348854
2020-10-07,74.340233
2020-10-08,74.340233
2020-10-09,74.340233
2020-10-12,74.357414
2020-10-13,74.348854
2020-10-14,74.348854
2020-10-15,74.366013
2020-10-16,74.357414
2020-10-19,74.357414
2020-10-20,74.348854
2020-10-21,74.348854
2020-10-22,74.323013
2020-10-23,74.331612
2020-10-26,74.340233
2020-10-27,74.340233
2020-10-28,74.340233
2020-10-29,74.357414
2020-10-30,74.348854
2020-11-02,74.347977
2020-11-03,74.330772
2020-11-04,74.347977
2020-11-05,74.330772
2020-11-06,74.339363
2020-11-09,74.313492
2020-11-10,74.304939
2020-11-11,74.287743
2020-11-12,74.296326
2020-11-13,74.296326
2020-11-16,74.313492
2020-11-17,74.304939
2020-11-18,74.304939
2020-11-19,74.322121
2020-11-20,74.330772
2020-11-23,74.330772
2020-11-24,74.339363
2020-11-25,74.347977
2020-11-27,74.347977
2020-11-30,74.365173
2020-12-01,74.324699
2020-12-02,74.341919
2020-12-03,74.359161
2020-12-04,74.350525
2020-12-07,74.367752
2020-12-08,74.350525
2020-12-09,74.341919
2020-12-10,74.359161
2020-12-11,74.402206
2020-12-14,74.393600
2020-12-15,74.393600
2020-12-16,74.393600
2020-12-17,74.395317
2020-12-18,74.386711
2020-12-21,74.386711
2020-12-22,74.386711
2020-12-23,74.403938
2020-12-24,74.386711
2020-12-28,74.395317
2020-12-29,74.395317
2020-12-30,74.403938
2020-12-31,74.395317
2021-01-04,74.403938
2021-01-05,74.403938
2021-01-06,74.360840
2021-01-07,74.378044
2021-01-08,74.369438
2021-01-11,74.360840
2021-01-12,74.360840
2021-01-13,74.352242
2021-01-14,74.360840
2021-01-15,74.369438
2021-01-19,74.395317
2021-01-20,74.386711
2021-01-21,74.395317
2021-01-22,74.395317
2021-01-25,74.403938
2021-01-26,74.395317
2021-01-27,74.395317
2021-01-28,74.386711
2021-01-29,74.412537
2021-02-01,74.421173
2021-02-02,74.395264
2021-02-03,74.403900
2021-02-04,74.403900
2021-02-05,74.421173
2021-02-08,74.412544
2021-02-09,74.395264
2021-02-10,74.403900
2021-02-11,74.403900
2021-02-12,74.412544
2021-02-16,74.386665
2021-02-17,74.403900
2021-02-18,74.403900
2021-02-19,74.412544
2021-02-22,74.395264
2021-02-23,74.403900
2021-02-24,74.386665
2021-02-25,74.274696
2021-02-26,74.369476
2021-03-01,74.362526
2021-03-02,74.379784
2021-03-03,74.336662
2021-03-04,74.336662
2021-03-05,74.336662
2021-03-08,74.310829
2021-03-09,74.310829
2021-03-10,74.336662
2021-03-11,74.336662
2021-03-12,74.328110
2021-03-15,74.336662
2021-03-16,74.336662
2021-03-17,74.353951
2021-03-18,74.345322
2021-03-19,74.345322
2021-03-22,74.336662
2021-03-23,74.345322
2021-03-24,74.362526
2021-03-25,74.371170
2021-03-26,74.371170
2021-03-29,74.353951
2021-03-30,74.353951
2021-03-31,74.328110
2021-04-01,74.327202
2021-04-05,74.309998
2021-04-06,74.327202
2021-04-07,74.335846
2021-04-08,74.361725
2021-04-09,74.335846
2021-04-12,74.318596
2021-04-13,74.344460
2021-04-14,74.344460
2021-04-15,74.361725
2021-04-16,74.353065
2021-04-19,74.344460
2021-04-20,74.361725
2021-04-21,74.378914
2021-04-22,74.370331
2021-04-23,74.353065
2021-04-26,74.335846
2021-04-27,74.327202
2021-04-28,74.344460
2021-04-29,74.361725
2021-04-30,74.370331
2021-05-03,74.363411
2021-05-04,74.363411
2021-05-05,74.380669
2021-05-06,74.380669
2021-05-07,74.406509
2021-05-10,74.380669
2021-05-11,74.372063
2021-05-12,74.363411
2021-05-13,74.380669
2021-05-14,74.380669
2021-05-17,74.380669
2021-05-18,74.389282
2021-05-19,74.363411
2021-05-20,74.397911
2021-05-21,74.380669
2021-05-24,74.397911
2021-05-25,74.397911
2021-05-26,74.415161
2021-05-27,74.415161
2021-05-28,74.415161
2021-06-01,74.399590
2021-06-02,74.408218
2021-06-03,74.382378
2021-06-04,74.408218
2021-06-07,74.399590
2021-06-08,74.416855
2021-06-09,74.399590
2021-06-10,74.425529
2021-06-11,74.408218
2021-06-14,74.382378
2021-06-15,74.373764
2021-06-16,74.304756
2021-06-17,74.304756
2021-06-18,74.244423
2021-06-21,74.261658
2021-06-22,74.304756
2021-06-23,74.252998
2021-06-24,74.261658
2021-06-25,74.252998
2021-06-28,74.278961
2021-06-29,74.270271
2021-06-30,74.287529
2021-07-01,74.272858
2021-07-02,74.307388
2021-07-06,74.333244
2021-07-07,74.341866
2021-07-08,74.376350
2021-07-09,74.350479
2021-07-12,74.333244
2021-07-13,74.272858
2021-07-14,74.324600
2021-07-15,74.333244
2021-07-16,74.324600
2021-07-19,74.359100
2021-07-20,74.393593
2021-07-21,74.367714
2021-07-22,74.376350
2021-07-23,74.384979
2021-07-26,74.367714
2021-07-27,74.384979
2021-07-28,74.393593
2021-07-29,74.393593
2021-07-30,74.410805
2021-08-02,74.438431
2021-08-03,74.438431
2021-08-04,74.412560
2021-08-05,74.378059
2021-08-06,74.352211
2021-08-09,74.326302
2021-08-10,74.300491
2021-08-11,74.334938
2021-08-12,74.334938
2021-08-13,74.343575
2021-08-16,74.360825
2021-08-17,74.343575
2021-08-18,74.343575
2021-08-19,74.343575
2021-08-20,74.343575
2021-08-23,74.343575
2021-08-24,74.334938
2021-08-25,74.326302
2021-08-26,74.326302
2021-08-27,74.378059
2021-08-30,74.395325
2021-08-31,74.386703
2021-09-01,74.380646
2021-09-02,74.380646
2021-09-03,74.380646
2021-09-07,74.354790
2021-09-08,74.372032
2021-09-09,74.389290
2021-09-10,74.363419
2021-09-13,74.380646
2021-09-14,74.389290
2021-09-15,74.389290
2021-09-16,74.363419
2021-09-17,74.346146
2021-09-20,74.363419
2021-09-21,74.380646
2021-09-22,74.337509
2021-09-23,74.294395
2021-09-24,74.268524
2021-09-27,74.259872
2021-09-28,74.268524
2021-09-29,74.294395
2021-09-30,74.311661
2021-10-01,74.347015
2021-10-04,74.312500
2021-10-05,74.303879
2021-10-06,74.295219
2021-10-07,74.269356
2021-10-08,74.243492
2021-10-11,74.183113
2021-10-12,74.217621
2021-10-13,74.191734
2021-10-14,74.191734
2021-10-15,74.148613
2021-10-18,74.096825
2021-10-19,74.122704
2021-10-20,74.148613
2021-10-21,74.062363
2021-10-22,74.045082
2021-10-25,74.079605
2021-10-26,74.062363
2021-10-27,74.045082
2021-10-28,74.053703
2021-10-29,74.062363
2021-11-01,74.028679
2021-11-02,74.106293
2021-11-03,74.089073
2021-11-04,74.158112
2021-11-05,74.192619
2021-11-08,74.106293
2021-11-09,74.149467
2021-11-10,74.002792
2021-11-11,73.951065
2021-11-12,74.011429
2021-11-15,74.002792
2021-11-16,74.002792
2021-11-17,74.028679
2021-11-18,74.020042
2021-11-19,74.002792
2021-11-22,73.916496
2021-11-23,73.916496
2021-11-24,73.899239
2021-11-26,74.045937
2021-11-29,74.080444
2021-11-30,74.020042
2021-12-01,74.028679
2021-12-02,73.933723
2021-12-03,73.976906
2021-12-06,73.916428
2021-12-07,73.821526
2021-12-08,73.847412
2021-12-09,73.821526
2021-12-10,73.856018
2021-12-13,73.899162
2021-12-14,73.856018
2021-12-15,73.881950
2021-12-16,73.940643
2021-12-17,73.906105
2021-12-20,73.923347
2021-12-21,73.880219
2021-12-22,73.871536
2021-12-23,73.862930
2021-12-27,73.837051
2021-12-28,73.837051
2021-12-29,73.828392
2021-12-30,73.871536
2021-12-31,73.862930
2022-01-03,73.776604
2022-01-04,73.819725
2022-01-05,73.724747
2022-01-06,73.664314
2022-01-07,73.647064
2022-01-10,73.603867
2022-01-11,73.629776
2022-01-12,73.603867
2022-01-13,73.638428
2022-01-14,73.543434
2022-01-18,73.431160
2022-01-19,73.465736
2022-01-20,73.448456
2022-01-21,73.508896
2022-01-24,73.552094
2022-01-25,73.517509
2022-01-26,73.388008
2022-01-27,73.327553
2022-01-28,73.353462
2022-01-31,73.353462
2022-02-01,73.347412
2022-02-02,73.364693
2022-02-03,73.304245
2022-02-04,73.157402
2022-02-07,73.174667
2022-02-08,73.096924
2022-02-09,73.088318
2022-02-10,72.716927
2022-02-11,72.941467
2022-02-14,72.786034
2022-02-15,72.811920
2022-02-16,72.906929
2022-02-17,72.950096
2022-02-18,72.958755
2022-02-22,72.889664
2022-02-23,72.846443
2022-02-24,72.906929
2022-02-25,72.906929
2022-02-28,73.036507
2022-03-01,73.204956
2022-03-02,72.963043
2022-03-03,72.963043
2022-03-04,73.040794
2022-03-07,72.945763
2022-03-08,72.850746
2022-03-09,72.807541
2022-03-10,72.747032
2022-03-11,72.721130
2022-03-14,72.531067
2022-03-15,72.556984
2022-03-16,72.487854
2022-03-17,72.461945
2022-03-18,72.444641
2022-03-21,72.202759
2022-03-22,72.150932
2022-03-23,72.211388
2022-03-24,72.194130
2022-03-25,71.995384
2022-03-28,71.926292
2022-03-29,71.960831
2022-03-30,72.012672
2022-03-31,72.012672
2022-04-01,71.862282
2022-04-04,71.905510
2022-04-05,71.775810
2022-04-06,71.827705
2022-04-07,71.879562
2022-04-08,71.793114
2022-04-11,71.810410
2022-04-12,71.991928
2022-04-13,72.026482
2022-04-14,71.896858
2022-04-18,71.896858
2022-04-19,71.732582
2022-04-20,71.775810
2022-04-21,71.654823
2022-04-22,71.637520
2022-04-25,71.749901
2022-04-26,71.879562
2022-04-27,71.844978
2022-04-28,71.793114
2022-04-29,71.654823
2022-05-02,71.649643
2022-05-03,71.615021
2022-05-04,71.805313
2022-05-05,71.684219
2022-05-06,71.675568
2022-05-09,71.857193
2022-05-10,71.813927
2022-05-11,71.822594
2022-05-12,71.926392
2022-05-13,71.900452
2022-05-16,71.943672
2022-05-17,71.788002
2022-05-18,71.822594
2022-05-19,71.926392
2022-05-20,71.978264
2022-05-23,71.943672
2022-05-24,72.107986
2022-05-25,72.159882
2022-05-26,72.177162
2022-05-27,72.194489
2022-05-31,72.082031
2022-06-01,71.947891
2022-06-02,71.965218
2022-06-03,71.939262
2022-06-06,71.844032
2022-06-07,71.852699
2022-06-08,71.800758
2022-06-09,71.748833
2022-06-10,71.445908
2022-06-13,71.082436
2022-06-14,70.943939
2022-06-15,71.220879
2022-06-16,71.316124
2022-06-17,71.298759
2022-06-21,71.272820
2022-06-22,71.480522
2022-06-23,71.541122
2022-06-24,71.523819
2022-06-27,71.445908
2022-06-28,71.428604
2022-06-29,71.515152
2022-06-30,71.653625
2022-07-01,71.869339
2022-07-05,71.860664
2022-07-06,71.661453
2022-07-07,71.609467
2022-07-08,71.522820
2022-07-11,71.548805
2022-07-12,71.583473
2022-07-13,71.505508
2022-07-14,71.479507
2022-07-15,71.531487
2022-07-18,71.488167
2022-07-19,71.410179
2022-07-20,71.401550
2022-07-21,71.600792
2022-07-22,71.782707
2022-07-25,71.722076
2022-07-26,71.687408
2022-07-27,71.800026
2022-07-28,71.955971
2022-07-29,71.947319
2022-08-01,71.945564
2022-08-02,71.694077
2022-08-03,71.720108
2022-08-04,71.815468
2022-08-05,71.520638
2022-08-08,71.590019
2022-08-09,71.520638
2022-08-10,71.590019
2022-08-11,71.563988
2022-08-12,71.581360
2022-08-15,71.642036
2022-08-16,71.581360
2022-08-17,71.520638
2022-08-18,71.624702
2022-08-19,71.572655
2022-08-22,71.477272
2022-08-23,71.511963
2022-08-24,71.433922
2022-08-25,71.477272
2022-08-26,71.459930
2022-08-29,71.407875
2022-08-30,71.373215
2022-08-31,71.364525
2022-09-01,71.312431
2022-09-02,71.468712
2022-09-06,71.312431
2022-09-07,71.416611
2022-09-08,71.329796
2022-09-09,71.269020
2022-09-12,71.260338
2022-09-13,71.017220
2022-09-14,70.956444
2022-09-15,70.878265
2022-09-16,70.913025
2022-09-19,70.834892
2022-09-20,70.800133
2022-09-21,70.739372
2022-09-22,70.609123
2022-09-23,70.522278
2022-09-26,70.366013
2022-09-27,70.366013
2022-09-28,70.669891
2022-09-29,70.574364
2022-09-30,70.513611
2022-10-03,70.668373
2022-10-04,70.694443
2022-10-05,70.624886
2022-10-06,70.537956
2022-10-07,70.451004
2022-10-10,70.424904
2022-10-11,70.459709
2022-10-12,70.529259
2022-10-13,70.320557
2022-10-14,70.285805
2022-10-17,70.364052
2022-10-18,70.398872
2022-10-19,70.268410
2022-10-20,70.190163
2022-10-21,70.372765
2022-10-24,70.355362
2022-10-25,70.424904
2022-10-26,70.485786
2022-10-27,70.633598
2022-10-28,70.529259
2022-10-31,70.424904
2022-11-01,70.356110
2022-11-02,70.321297
2022-11-03,70.190651
2022-11-04,70.269012
2022-11-07,70.208054
2022-11-08,70.277710
2022-11-09,70.390953
2022-11-10,70.774193
2022-11-11,70.756760
2022-11-14,70.695786
2022-11-15,70.765472
2022-11-16,70.774193
2022-11-17,70.687096
2022-11-18,70.608696
2022-11-21,70.591286
2022-11-22,70.643532
2022-11-23,70.704506
2022-11-25,70.713219
2022-11-28,70.730637
2022-11-29,70.704506
2022-11-30,70.913536
2022-12-01,71.066284
2022-12-02,71.048820
2022-12-05,70.848106
2022-12-06,70.926605
2022-12-07,71.075012
2022-12-08,71.005180
2022-12-09,70.970261
2022-12-12,70.926605
2022-12-13,71.136108
2022-12-14,71.144798
2022-12-15,71.154427
2022-12-16,71.224411
2022-12-19,71.136932
2022-12-20,71.136932
2022-12-21,71.206924
2022-12-22,71.163193
2022-12-23,71.128181
2022-12-27,71.031982
2022-12-28,71.031982
2022-12-29,71.084442
2022-12-30,70.996994
2023-01-03,71.058220
2023-01-04,71.128181
2023-01-05,71.031982
2023-01-06,71.303116
2023-01-09,71.373108
2023-01-10,71.311874
2023-01-11,71.373108
2023-01-12,71.530518
2023-01-13,71.408081
2023-01-17,71.451820
2023-01-18,71.609261
2023-01-19,71.591782
2023-01-20,71.530518
2023-01-23,71.460548
2023-01-24,71.486816
2023-01-25,71.530518
2023-01-26,71.486816
2023-01-27,71.486816
2023-01-30,71.416847
2023-01-31,71.548019
2023-02-01,71.672462
2023-02-02,71.681206
2023-02-03,71.418350
2023-02-06,71.216782
2023-02-07,71.251839
2023-02-08,71.278130
2023-02-09,71.225548
2023-02-10,71.190491
2023-02-13,71.208031
2023-02-14,71.059036
2023-02-15,71.067818
2023-02-16,71.076584
2023-02-17,71.137939
2023-02-21,70.997742
2023-02-22,71.032753
2023-02-23,71.076584
2023-02-24,70.927628
2023-02-27,70.988945
2023-02-28,70.971436
2023-03-01,70.841461
2023-03-02,70.867813
2023-03-03,70.911713
2023-03-06,70.876617
2023-03-07,70.727356
2023-03-08,70.692207
2023-03-09,70.920502
2023-03-10,71.306854
2023-03-13,72.018097
2023-03-14,71.745872
2023-03-15,72.167351
2023-03-16,71.877594
2023-03-17,72.237572
2023-03-20,72.149780
2023-03-21,71.877594
2023-03-22,72.211235
2023-03-23,72.421989
2023-03-24,72.457085
2023-03-27,72.149780
2023-03-28,72.070740
2023-03-29,72.044449
2023-03-30,72.053215
2023-03-31,72.141014
2023-04-03,72.228996
2023-04-04,72.396187
2023-04-05,72.492989
2023-04-06,72.466591
2023-04-10,72.211418
2023-04-11,72.202621
2023-04-12,72.281799
2023-04-13,72.325798
2023-04-14,72.158585
2023-04-17,72.052994
2023-04-18,72.035393
2023-04-19,71.973785
2023-04-20,72.149796
2023-04-21,72.105820
2023-04-24,72.184998
2023-04-25,72.466591
2023-04-26,72.378593
2023-04-27,72.237778
2023-04-28,72.316986
2023-05-01,72.159119
2023-05-02,72.397247
2023-05-03,72.573692
2023-05-04,72.688332
2023-05-05,72.511909
2023-05-08,72.397247
2023-05-09,72.379623
2023-05-10,72.556030
2023-05-11,72.600082
2023-05-12,72.476631
2023-05-15,72.485474
2023-05-16,72.397247
2023-05-17,72.317871
2023-05-18,72.185562
2023-05-19,72.132607
2023-05-22,72.106178
2023-05-23,72.097343
2023-05-24,72.009155
2023-05-25,71.850410
2023-05-26,71.832794
2023-05-30,71.973885
2023-05-31,72.044472
2023-06-01,72.156746
2023-06-02,71.953369
2023-06-05,71.971046
2023-06-06,71.935715
2023-06-07,71.882637
2023-06-08,71.997589
2023-06-09,71.864960
2023-06-12,71.926842
2023-06-13,71.794228
2023-06-14,71.750015
2023-06-15,71.900330
2023-06-16,71.803062
2023-06-20,71.829597
2023-06-21,71.829597
2023-06-22,71.750015
2023-06-23,71.811913
2023-06-26,71.864960
2023-06-27,71.758858
2023-06-28,71.838425
2023-06-29,71.661606
2023-06-30,71.688118
2023-07-03,71.604797
2023-07-05,71.587067
2023-07-06,71.542755
2023-07-07,71.622528
2023-07-10,71.728889
2023-07-11,71.720032
2023-07-12,71.932793
2023-07-13,72.136665
2023-07-14,71.950516
2023-07-17,71.977097
2023-07-18,71.977097
2023-07-19,72.003716
2023-07-20,71.915047
2023-07-21,71.923927
2023-07-24,71.835289
2023-07-25,71.826416
2023-07-26,71.897346
2023-07-27,71.790947
2023-07-28,71.888466
2023-07-31,71.906189
2023-08-01,71.845741
2023-08-02,71.881287
2023-08-03,71.907982
2023-08-04,72.050148
2023-08-07,72.076820
2023-08-08,72.112373
2023-08-09,72.067917
2023-08-10,72.032387
2023-08-11,71.961296
2023-08-14,71.899063
2023-08-15,71.925758
2023-08-16,71.890175
2023-08-17,71.970169
2023-08-18,71.996834
2023-08-21,71.916855
2023-08-22,71.881287
2023-08-23,72.014626
2023-08-24,71.970169
2023-08-25,71.925758
2023-08-28,71.970169
2023-08-29,72.130135
2023-08-30,72.130135
2023-08-31,72.201248
2023-09-01,72.162056
2023-09-05,72.072937
2023-09-06,71.992767
2023-09-07,72.126404
2023-09-08,72.090782
2023-09-11,72.108597
2023-09-12,72.072937
2023-09-13,72.135307
2023-09-14,72.117485
2023-09-15,72.081848
2023-09-18,72.072937
2023-09-19,72.019478
2023-09-20,71.974915
2023-09-21,72.010574
2023-09-22,72.081848
2023-09-25,72.055138
2023-09-26,72.064018
2023-09-27,72.010574
2023-09-28,72.135307
2023-09-29,72.144234
2023-10-02,72.071854
2023-10-03,72.018272
2023-10-04,72.179062
2023-10-05,72.250504
2023-10-06,72.187981
2023-10-09,72.402382
2023-10-10,72.357712
2023-10-11,72.339874
2023-10-12,72.250504
2023-10-13,72.295197
2023-10-16,72.250504
2023-10-17,72.089722
2023-10-18,72.089722
2023-10-19,72.187981
2023-10-20,72.304115
2023-10-23,72.348778
2023-10-24,72.330933
2023-10-25,72.250504
2023-10-26,72.393440
2023-10-27,72.438103
2023-10-30,72.411308
2023-10-31,72.384529
2023-11-01,72.545753
2023-11-02,72.554733
2023-11-03,72.751823
2023-11-06,72.617432
2023-11-07,72.671204
2023-11-08,72.653282
2023-11-09,72.545753
2023-11-10,72.563683
2023-11-13,72.590553
2023-11-14,72.877228
2023-11-15,72.742851
2023-11-16,72.868286
2023-11-17,72.814552
2023-11-20,72.823479
2023-11-21,72.868286
2023-11-22,72.877228
2023-11-24,72.823479
2023-11-27,72.913078
2023-11-28,73.047440
2023-11-29,73.190773
2023-11-30,73.145988
2023-12-01,73.358940
2023-12-04,73.251114
2023-12-05,73.340996
2023-12-06,73.323021
2023-12-07,73.376930
2023-12-08,73.215179
2023-12-11,73.233154
2023-12-12,73.242157
2023-12-13,73.610527
2023-12-14,73.736748
2023-12-15,73.655609
2023-12-18,73.646614
2023-12-19,73.673660
2023-12-20,73.772789
2023-12-21,73.844894
2023-12-22,73.871948
2023-12-26,73.835907
2023-12-27,73.926048
2023-12-28,73.917038
2023-12-29,73.953087
2024-01-02,73.862976
2024-01-03,73.880974
2024-01-04,73.835907
2024-01-05,73.817886
2024-01-08,73.880974
2024-01-09,73.899017
2024-01-10,73.899017
2024-01-11,74.070274
2024-01-12,74.223511
2024-01-16,74.106339
2024-01-17,73.962120
2024-01-18,73.998154
2024-01-19,73.944069
2024-01-22,73.980125
2024-01-23,73.971130
2024-01-24,73.935066
2024-01-25,74.070274
2024-01-26,74.025192
2024-01-29,74.097321
2024-01-30,74.052246
2024-01-31,74.187462
2024-02-01,74.297768
2024-02-02,74.062675
2024-02-05,73.918060
2024-02-06,74.035583
2024-02-07,74.008461
2024-02-08,73.990364
2024-02-09,73.963264
2024-02-12,73.972298
2024-02-13,73.737236
2024-02-14,73.845734
2024-02-15,73.918060
2024-02-16,73.827652
2024-02-20,73.872826
2024-02-21,73.809563
2024-02-22,73.800507
2024-02-23,73.836685
2024-02-26,73.782433
2024-02-27,73.782433
2024-02-28,73.854759
2024-02-29,73.899940
2024-03-01,74.045059
2024-03-04,73.972527
2024-03-05,74.026917
2024-03-06,74.045059
2024-03-07,74.135727
2024-03-08,74.171982
2024-03-11,74.108521
2024-03-12,74.035995
2024-03-13,73.999710
2024-03-14,73.936226
2024-03-15,73.890900
2024-03-18,73.899979
2024-03-19,73.963425
2024-03-20,74.081299
2024-03-21,74.081299
2024-03-22,74.135727
2024-03-25,74.099449
2024-03-26,74.117561
2024-03-27,74.199196
2024-03-28,74.153831
2024-04-01,73.999191
2024-04-02,74.035591
2024-04-03,74.090157
2024-04-04,74.162941
2024-04-05,74.044685
2024-04-08,73.971893
2024-04-09,74.044685
2024-04-10,73.744484
2024-04-11,73.835449
2024-04-12,73.880936
2024-04-15,73.853653
2024-04-16,73.808151
2024-04-17,73.862747
2024-04-18,73.826355
2024-04-19,73.844528
2024-04-22,73.880936
2024-04-23,73.944626
2024-04-24,73.917320
2024-04-25,73.862747
2024-04-26,73.880936
2024-04-29,73.917320
2024-04-30,73.826355
2024-05-01,73.974190
2024-05-02,74.083717
2024-05-03,74.202377
2024-05-06,74.193260
2024-05-07,74.202377
2024-05-08,74.184143
2024-05-09,74.248009
2024-05-10,74.184143
2024-05-13,74.202377
2024-05-14,74.275383
2024-05-15,74.412292
2024-05-16,74.357536
2024-05-17,74.311897
2024-05-20,74.293640
2024-05-21,74.330162
2024-05-22,74.275383
2024-05-23,74.238892
2024-05-24,74.266281
2024-05-28,74.202377
2024-05-29,74.174995
2024-05-30,74.257133
2024-05-31,74.357536
2024-06-03,74.441780
2024-06-04,74.515022
2024-06-05,74.588264
2024-06-06,74.597435
2024-06-07,74.405159
2024-06-10,74.414299
2024-06-11,74.496712
2024-06-12,74.597435
2024-06-13,74.716476
2024-06-14,74.725647
2024-06-17,74.652374
2024-06-18,74.753090
2024-06-20,74.725647
2024-06-21,74.753090
2024-06-24,74.762253
2024-06-25,74.771416
2024-06-26,74.698166
2024-06-27,74.753090
2024-06-28,74.762253
2024-07-01,74.697960
2024-07-02,74.762260
2024-07-03,74.872498
2024-07-05,75.010277
2024-07-08,75.001091
2024-07-09,74.982735
2024-07-10,75.010277
2024-07-11,75.184837
2024-07-12,75.295105
2024-07-15,75.295105
2024-07-16,75.322647
2024-07-17,75.331833
2024-07-18,75.295105
2024-07-19,75.258339
2024-07-22,75.267525
2024-07-23,75.304260
2024-07-24,75.341019
2024-07-25,75.350197
2024-07-26,75.451241
2024-07-29,75.460449
2024-07-30,75.488014
2024-07-31,75.644180
2024-08-01,75.775047
2024-08-02,76.199074
2024-08-05,76.180634
2024-08-06,76.088448
2024-08-07,76.042366
2024-08-08,76.005508
2024-08-09,76.023949
2024-08-12,76.070023
2024-08-13,76.189857
2024-08-14,76.180634
2024-08-15,75.996284
2024-08-16,76.079262
2024-08-19,76.060791
2024-08-20,76.171394
2024-08-21,76.254387
2024-08-22,76.152977
2024-08-23,76.328102
2024-08-26,76.291237
2024-08-27,76.337318
2024-08-28,76.328102
2024-08-29,76.318886
2024-08-30,76.318886
2024-09-03,76.400276
2024-09-04,76.566788
2024-09-05,76.594521
2024-09-06,76.733253
2024-09-09,76.742516
2024-09-10,76.853516
2024-09-11,76.788757
2024-09-12,76.797997
2024-09-13,76.909019
2024-09-16,76.955238
2024-09-17,76.899750
2024-09-18,76.872017
2024-09-19,76.936752
2024-09-20,76.964500
2024-09-23,76.964500
2024-09-24,77.038498
2024-09-25,76.973732
2024-09-26,76.899750
2024-09-27,77.019989
2024-09-30,76.909019
2024-10-01,76.958183
2024-10-02,76.939621
2024-10-03,76.837555
2024-10-04,76.577698
2024-10-07,76.475639
2024-10-08,76.540588
2024-10-09,76.466377
2024-10-10,76.531311
2024-10-11,76.596283
2024-10-14,76.559151
2024-10-15,76.596283
2024-10-16,76.642662
2024-10-17,76.577698
2024-10-18,76.642662
2024-10-21,76.531311
2024-10-22,76.522034
2024-10-23,76.475639
2024-10-24,76.512749
2024-10-25,76.484901
2024-10-28,76.447792
2024-10-29,76.475639
2024-10-30,76.410667
2024-10-31,76.429245
2024-11-01,76.404099
2024-11-04,76.459953
2024-11-05,76.441345
2024-11-06,76.348228
2024-11-07,76.478569
2024-11-08,76.422729
2024-11-11,76.366837
2024-11-12,76.292351
2024-11-13,76.404099
2024-11-14,76.292351
2024-11-15,76.376160
2024-11-18,76.432030
2024-11-19,76.432030
2024-11-20,76.394768
2024-11-21,76.376160
2024-11-22,76.366837
2024-11-25,76.515831
2024-11-26,76.515831
2024-11-27,76.562378
2024-11-29,76.655518
2024-12-02,76.650848
2024-12-03,76.660179
2024-12-04,76.744255
2024-12-05,76.744255
2024-12-06,76.819000
2024-12-09,76.790962
2024-12-10,76.781624
2024-12-11,76.762939
2024-12-12,76.725555
2024-12-13,76.688217
2024-12-16,76.697540
2024-12-17,76.706886
2024-12-18,76.566284
2024-12-19,76.650658
2024-12-20,76.660019
2024-12-23,76.613152
2024-12-24,76.650658
2024-12-26,76.669411
2024-12-27,76.688148
2024-12-30,76.800629
2024-12-31,76.847496
2025-01-02,76.828773
2025-01-03,76.828773
2025-01-06,76.847496
2025-01-07,76.800629
2025-01-08,76.847496
2025-01-10,76.706879
2025-01-13,76.725624
2025-01-14,76.744385
2025-01-15,76.913116
2025-01-16,76.959984
2025-01-17,76.941238
2025-01-21,76.969353
2025-01-22,76.950623
2025-01-23,76.950623
2025-01-24,76.997498
2025-01-27,77.109955
2025-01-28,77.128731
2025-01-29,77.081863
2025-01-30,77.128731
2025-01-31,77.138107
2025-02-03,77.084473
2025-02-04,77.159714
2025-02-05,77.206749
2025-02-06,77.178520
2025-02-07,77.093895
2025-02-10,77.131508
2025-02-11,77.112686
2025-02-12,77.009254
2025-02-13,77.112686
2025-02-14,77.216148
2025-02-18,77.150307
2025-02-19,77.206749
2025-02-20,77.216148
2025-02-21,77.347816
2025-02-24,77.404259
2025-02-25,77.507713
2025-02-26,77.535934
2025-02-27,77.564156
2025-02-28,77.705208
2025-03-03,77.755203
2025-03-04,77.764648
2025-03-05,77.679741
2025-03-06,77.726929
2025-03-07,77.717484
2025-03-10,77.858986
2025-03-11,77.811836
2025-03-12,77.755203
2025-03-13,77.811836
2025-03-14,77.755203
2025-03-17,77.726929
2025-03-18,77.726929
2025-03-19,77.840134
2025-03-20,77.858986
2025-03-21,77.906166
2025-03-24,77.802399
2025-03-25,77.830681
2025-03-26,77.811836
2025-03-27,77.849564
2025-03-28,77.991074
2025-03-31,78.047691
2025-04-01,78.076088
2025-04-02,78.019279
2025-04-03,78.312729
2025-04-04,78.265388
2025-04-07,78.274864
2025-04-08,78.227524
2025-04-09,78.180206
2025-04-10,78.170746
2025-04-11,78.028732
2025-04-14,78.199120
2025-04-15,78.199120
2025-04-16,78.303268
2025-04-17,78.331650
2025-04-21,78.284317
2025-04-22,78.312729
2025-04-23,78.255943
2025-04-24,78.350586
2025-04-25,78.416832
2025-04-28,78.530449
2025-04-29,78.577797
2025-04-30,78.681908
2025-05-01,78.519524
2025-05-02,78.367592
2025-05-05,78.358086
2025-05-06,78.424568
2025-05-07,78.453049
2025-05-08,78.291634
2025-05-09,78.329620
2025-05-12,78.187157
2025-05-13,78.168198
2025-05-14,78.111206
2025-05-15,78.263145
2025-05-16,78.244148
2025-05-19,78.272636
2025-05-20,78.282135
2025-05-21,78.234650
2025-05-22,78.282135
2025-05-23,78.329620
2025-05-27,78.358086
2025-05-28,78.301117
2025-05-29,78.386574
2025-05-30,78.481544
2025-06-02,78.416756
2025-06-03,78.397705
2025-06-04,78.540611
2025-06-05,78.454849
2025-06-06,78.321480
2025-06-09,78.378647
2025-06-10,78.378647
2025-06-11,78.502502
2025-06-12,78.569199
2025-06-13,78.512032
2025-06-16,78.502502
2025-06-17,78.540611
2025-06-18,78.578735
2025-06-20,78.635887
2025-06-23,78.740685
2025-06-24,78.807381
2025-06-25,78.816895
2025-06-26,78.912163
2025-06-27,78.883583
2025-06-30,78.940727
2025-07-01,78.858551
2025-07-02,78.848999
2025-07-03,78.762978
2025-07-07,78.743866
2025-07-08,78.753426
2025-07-09,78.820328
2025-07-10,78.820328
2025-07-11,78.801208
2025-07-14,78.810753
2025-07-15,78.734314
2025-07-16,78.839432
2025-07-17,78.810753
2025-07-18,78.877670
2025-07-21,78.925461
2025-07-22,78.982788
2025-07-23,78.915894
2025-07-24,78.848999
2025-07-25,78.896767
2025-07-28,78.887222
2025-07-29,78.954109
2025-07-30,78.868103
2025-07-31,78.868103
2025-08-01,79.261261
2025-08-04,79.280426
2025-08-05,79.251656
2025-08-06,79.280426
2025-08-07,79.242065
2025-08-08,79.222908
2025-08-11,79.222908
2025-08-12,79.280426
2025-08-13,79.385910
2025-08-14,79.299599
2025-08-15,79.270844
2025-08-18,79.270844
2025-08-19,79.309174
2025-08-20,79.337959
2025-08-21,79.270844
2025-08-22,79.443428
2025-08-25,79.405083
2025-08-26,79.472206
2025-08-27,79.529747
2025-08-28,79.500969
2025-08-29,79.568092
2025-09-02,79.527695
2025-09-03,79.585396
2025-09-04,79.643112
2025-09-05,79.758537
2025-09-08,79.806625
2025-09-09,79.739311
2025-09-10,79.748924
2025-09-11,79.777786
2025-09-12,79.768166
2025-09-15,79.797012
2025-09-16,79.835495
2025-09-17,79.797012
2025-09-18,79.768166
2025-09-19,79.797012
2025-09-22,79.758537
2025-09-23,79.787384
2025-09-24,79.748924
2025-09-25,79.681587
2025-09-26,79.729691
2025-09-29,79.758537
2025-09-30,79.797012
2025-10-01,79.889656
2025-10-02,79.908943
2025-10-03,79.879982
2025-10-06,79.860695
2025-10-07,79.899292
2025-10-08,79.889656
2025-10-09,79.879982
2025-10-10,80.015083
2025-10-13,80.169449
2025-10-14,80.111572
2025-10-15,80.072975
2025-10-16,80.179100
2025-10-17,80.169449
2025-10-20,80.179100
2025-10-21,80.198395
2025-10-22,80.198395
2025-10-23,80.140511
2025-10-24,80.188751
2025-10-27,80.169449
2025-10-28,80.179100
2025-10-29,80.024734
2025-10-30,80.034370
2025-10-31,80.063324
2025-11-03,80.066231
2025-11-04,80.095253
2025-11-05,80.037178
2025-11-06,80.133972
2025-11-07,80.172684
2025-11-10,80.153328
2025-11-11,80.221077
2025-11-12,80.192047
2025-11-13,80.143654
2025-11-14,80.172684
2025-11-17,80.163002
2025-11-18,80.211403
2025-11-19,80.201721
2025-11-20,80.269470
2025-11-21,80.366280
2025-11-24,80.375954
2025-11-25,80.424347
2025-11-26,80.414673
2025-11-28,80.414673
2025-12-01,80.345734
2025-12-02,80.394279
2025-12-03,80.442818
2025-12-04,80.384583
2025-12-05,80.355438
2025-12-08,80.336037
2025-12-09,80.297180
2025-12-10,80.433113
2025-12-11,80.442818
2025-12-12,80.452538
2025-12-15,80.501060
2025-12-16,80.539894
2025-12-17,80.549606
2025-12-18,80.607864
2025-12-19,80.593262
2025-12-22,80.554314
2025-12-23,80.515350
2025-12-24,80.564056
2025-12-26,80.622467
2025-12-29,80.661423
2025-12-30,80.680908
2025-12-31,80.651680
2026-01-02,80.690636
2026-01-05,80.719856
2026-01-06,80.729591
2026-01-07,80.719856
2026-01-08,80.690636
2026-01-09,80.661423
2026-01-12,80.661423
2026-01-13,80.680908
2026-01-14,80.700386
2026-01-15,80.641937
2026-01-16,80.622467
2026-01-20,80.632210
2026-01-21,80.671158
2026-01-22,80.641937
2026-01-23,80.671158
2026-01-26,80.700386
2026-01-27,80.719856
2026-01-28,80.719856
2026-01-29,80.749069
2026-01-30,80.817238
2026-02-02,80.778160
2026-02-03,80.768387
2026-02-04,80.807472
2026-02-05,80.934448
2026-02-06,80.934448
2026-02-09,80.953987
2026-02-10,81.002815
2026-02-11,80.924667
2026-02-12,81.002815
2026-02-13,81.129791
2026-02-17,81.100502
2026-02-18,81.051666
2026-02-19,81.051666
2026-02-20,81.061424
2026-02-23,81.129791
2026-02-24,81.129791
2026-02-25,81.110268
2026-02-26,81.139572
2026-02-27,81.247017
2026-03-02,81.103050
2026-03-03,81.093254
2026-03-04,81.044273
2026-03-05,80.985527
2026-03-06,81.024696
2026-03-09,81.063866
2026-03-10,81.014900
2026-03-11,80.936546
2026-03-12,80.799431
2026-03-13,80.848404
2026-03-16,80.946350
2026-03-17,80.956146
2026-03-18,80.809235
2026-03-19,80.789642
2026-03-20,80.613358
2026-03-23,80.730873
2026-03-24,80.613358
2026-03-25,80.701492
2026-03-26,80.525208
2026-03-27,80.691704
2026-03-30,80.799431
2026-03-31,80.867989
2026-04-01,80.865044
2026-04-02,80.904335
2026-04-06,80.825737
2026-04-07,80.884689
2026-04-08,80.963272
2026-04-09,80.982925
2026-04-10,80.953453
2026-04-13,81.012390
2026-04-14,81.071327
2026-04-15,81.051689
2026-04-16,81.022217
2026-04-17,81.179382
2026-04-20,81.140091
2026-04-21,81.022217
2026-04-22,81.061501
2026-04-23,81.022217
2026-04-24,81.110626
2026-04-27,81.090988
2026-04-28,81.041855
2026-04-29,80.933815
2026-04-30,81.022217
2026-05-01,81.035027
2026-05-04,80.936516
2026-05-05,80.975914
2026-05-06,81.084282
2026-05-07,81.015327
2026-05-08,81.084282
2026-05-11,81.005463
2026-05-12,80.946365
2026-05-13,80.975914
2026-05-14,80.946365
2026-05-15,80.847824
2026-05-18,80.887245
2026-05-19,80.828125
2026-05-20,80.936516
2026-05-21,80.926651
2026-05-22,80.906944
2026-05-26,80.995613
2026-05-27,81.005463
2026-05-28,81.044884
2026-05-29,81.084282
2026-06-01,81.037849
2026-06-02,81.037849
2026-06-03,80.998322
2026-06-04,81.057602
2026-06-05,80.889626
2026-06-08,80.929153
2026-06-09,80.968681
2026-06-10,80.968681
2026-06-11,81.116890
2026-06-12,81.097137
2026-06-15,81.136658
2026-06-16,81.156410
2026-06-17,80.909386
2026-06-18,81.018082
2026-06-22,80.939034
2026-06-23,80.998322
2026-06-24,81.097137
2026-06-25,81.116890
2026-06-26,81.215714
2026-06-29,81.195946
2026-06-30,81.136658
2026-07-01,81.104950
2026-07-02,81.204056
2026-07-06,81.243698
2026-07-07,81.124771
2026-07-08,81.104950
2026-07-09,81.174324
2026-07-10,81.144585
2026-07-13,81.055397
2026-07-14,81.194138
2026-07-15,81.263512
2026-07-16,81.263512
2026-07-17,81.253601
2026-07-20,81.223869
2026-07-21,81.154495
2026-07-22,81.095047
2026-07-23,81.035576
2026-07-24,81.114861
2026-07-27,81.134682
2026-07-28,81.204056
2026-07-29,81.253601
2026-07-30,81.273422
2026-07-31,81.263512
2026-08-03,81.284386
2026-08-04,81.383797
2026-08-05,81.413620
2026-08-06,81.314209
2026-08-07,81.433495
2026-08-10,81.373856
2026-08-11,81.383797
2026-08-12,81.433495
2026-08-13,81.542839
2026-08-14,81.513023
2026-08-17,81.513023
2026-08-18,81.532898
2026-08-19,81.572662
2026-08-20,81.532898
2026-08-21,81.513023
2026-08-24,81.513023
2026-08-25,81.592552
2026-08-26,81.562729
2026-08-27,81.552788
2026-08-28,81.403671
2026-08-31,81.403671
2026-09-01,81.347839
2026-09-02,81.397697
2026-09-03,81.467491
2026-09-04,81.447548
2026-09-08,81.417641
2026-09-09,81.387726
2026-09-10,81.178345
2026-09-11,81.128502
2026-09-14,81.098579
2026-09-15,81.068672
2026-09-16,80.998878
2026-09-17,81.118530
2026-09-18,80.998878
2026-09-21,81.048737
2026-09-22,81.078644
2026-09-23,80.879242
2026-09-24,80.849327
2026-09-25,80.968971
2026-09-28,80.869270
2026-09-29,80.919121
2026-09-30,80.959000
2026-10-01,81.099998
2026-10-02,81.050003
