date,adj_close
1993-01-29,24.053537
1993-02-01,24.224611
1993-02-02,24.275930
1993-02-03,24.532551
1993-02-04,24.635195
1993-02-05,24.618097
1993-02-08,24.618097
1993-02-09,24.447014
1993-02-10,24.481224
1993-02-11,24.600964
1993-02-12,24.412786
1993-02-16,23.796923
1993-02-17,23.779814
1993-02-18,23.762695
1993-02-19,23.848227
1993-02-22,23.933771
1993-02-23,23.916679
1993-02-24,24.224611
1993-02-25,24.275930
1993-02-26,24.310139
1993-03-01,24.241732
1993-03-02,24.600964
1993-03-03,24.703619
1993-03-04,24.566759
1993-03-05,24.498337
1993-03-08,25.045776
1993-03-09,24.960255
1993-03-10,25.011564
1993-03-11,24.943146
1993-03-12,24.686516
1993-03-15,24.806271
1993-03-16,24.806271
1993-03-17,24.652302
1993-03-18,24.806271
1993-03-19,24.768724
1993-03-22,24.631222
1993-03-23,24.682775
1993-03-24,24.682775
1993-03-25,24.837498
1993-03-26,24.699974
1993-03-29,24.803116
1993-03-30,24.871861
1993-03-31,24.854677
1993-04-01,24.768724
1993-04-02,24.253069
1993-04-05,24.373396
1993-04-06,24.304644
1993-04-07,24.390589
1993-04-08,24.356220
1993-04-12,24.699974
1993-04-13,24.751543
1993-04-14,24.717165
1993-04-15,24.717165
1993-04-16,24.717165
1993-04-19,24.614044
1993-04-20,24.493711
1993-04-21,24.476530
1993-04-22,24.167133
1993-04-23,24.064009
1993-04-26,23.874920
1993-04-27,24.132746
1993-04-28,24.081184
1993-04-29,24.184326
1993-04-30,24.218697
1993-05-03,24.373396
1993-05-04,24.459351
1993-05-05,24.528078
1993-05-06,24.442142
1993-05-07,24.390589
1993-05-10,24.442142
1993-05-11,24.545279
1993-05-12,24.510904
1993-05-13,24.218697
1993-05-14,24.201506
1993-05-17,24.287449
1993-05-18,24.270262
1993-05-19,24.768724
1993-05-20,24.837498
1993-05-21,24.614044
1993-05-24,24.717165
1993-05-25,24.768724
1993-05-26,25.078125
1993-05-27,24.992184
1993-05-28,24.871861
1993-06-01,25.112505
1993-06-02,25.078125
1993-06-03,24.992184
1993-06-04,24.906237
1993-06-07,24.820293
1993-06-08,24.596842
1993-06-09,24.682775
1993-06-10,24.699974
1993-06-11,24.803116
1993-06-14,24.768724
1993-06-15,24.717165
1993-06-16,24.768724
1993-06-17,24.854677
1993-06-18,24.649986
1993-06-21,24.701933
1993-06-22,24.719233
1993-06-23,24.494211
1993-06-24,24.823120
1993-06-25,24.805784
1993-06-28,25.082758
1993-06-29,24.961586
1993-06-30,24.961586
1993-07-01,24.892342
1993-07-02,24.753862
1993-07-06,24.494211
1993-07-07,24.563454
1993-07-08,24.840418
1993-07-09,24.909664
1993-07-12,24.892342
1993-07-13,24.875025
1993-07-14,24.961586
1993-07-15,24.857708
1993-07-16,24.788475
1993-07-19,24.771168
1993-07-20,24.840418
1993-07-21,24.823120
1993-07-22,24.649986
1993-07-23,24.771168
1993-07-26,24.909664
1993-07-27,24.892342
1993-07-28,24.840418
1993-07-29,24.978897
1993-07-30,24.840418
1993-08-02,24.909664
1993-08-03,24.926971
1993-08-04,24.926971
1993-08-05,24.875025
1993-08-06,24.909664
1993-08-09,25.048134
1993-08-10,25.030834
1993-08-11,25.030834
1993-08-12,24.961586
1993-08-13,24.996206
1993-08-16,25.134689
1993-08-17,25.221243
1993-08-18,25.359722
1993-08-19,25.359722
1993-08-20,25.377047
1993-08-23,25.325094
1993-08-24,25.602068
1993-08-25,25.619375
1993-08-26,25.636694
1993-08-27,25.619375
1993-08-30,25.723238
1993-08-31,25.792477
1993-09-01,25.757868
1993-09-02,25.671309
1993-09-03,25.688618
1993-09-07,25.515514
1993-09-08,25.428970
1993-09-09,25.480906
1993-09-10,25.705921
1993-09-13,25.723238
1993-09-14,25.619375
1993-09-15,25.688618
1993-09-16,25.584753
1993-09-17,25.535166
1993-09-20,25.326132
1993-09-21,25.239048
1993-09-22,25.448057
1993-09-23,25.587416
1993-09-24,25.517736
1993-09-27,25.796432
1993-09-28,25.744164
1993-09-29,25.657070
1993-09-30,25.604820
1993-10-01,25.726768
1993-10-04,25.761587
1993-10-05,25.726768
1993-10-06,25.709335
1993-10-07,25.639666
1993-10-08,25.674488
1993-10-11,25.726768
1993-10-12,25.761587
1993-10-13,25.761587
1993-10-14,26.092535
1993-10-15,26.231873
1993-10-18,26.162209
1993-10-19,25.970602
1993-10-20,26.005453
1993-10-21,25.970602
1993-10-22,25.848677
1993-10-25,25.918358
1993-10-26,25.900932
1993-10-27,25.918358
1993-10-28,26.109951
1993-10-29,26.109951
1993-11-01,26.179630
1993-11-02,26.162209
1993-11-03,25.831263
1993-11-04,25.552570
1993-11-05,25.674488
1993-11-08,25.709335
1993-11-09,25.726768
1993-11-10,25.918358
1993-11-11,25.848677
1993-11-12,25.970602
1993-11-15,25.953180
1993-11-16,26.075123
1993-11-17,25.935766
1993-11-18,25.866089
1993-11-19,25.813843
1993-11-22,25.657070
1993-11-23,25.796432
1993-11-24,25.900932
1993-11-26,25.918358
1993-11-29,25.813843
1993-11-30,25.831263
1993-12-01,25.866089
1993-12-02,25.935766
1993-12-03,26.040272
1993-12-06,26.127375
1993-12-07,26.109951
1993-12-08,26.109951
1993-12-09,26.022848
1993-12-10,25.970602
1993-12-13,26.127375
1993-12-14,25.935766
1993-12-15,25.900932
1993-12-16,25.988024
1993-12-17,26.130840
1993-12-20,26.165920
1993-12-21,26.078232
1993-12-22,26.253603
1993-12-23,26.236071
1993-12-27,26.376379
1993-12-28,26.428988
1993-12-29,26.393911
1993-12-30,26.288685
1993-12-31,26.148384
1994-01-03,26.078232
1994-01-04,26.183464
1994-01-05,26.236071
1994-01-06,26.236071
1994-01-07,26.393911
1994-01-10,26.709587
1994-01-11,26.656981
1994-01-12,26.569286
1994-01-13,26.499136
1994-01-14,26.604359
1994-01-17,26.604359
1994-01-18,26.639456
1994-01-19,26.569286
1994-01-20,26.639456
1994-01-21,26.586815
1994-01-24,26.481609
1994-01-25,26.481609
1994-01-26,26.551750
1994-01-27,26.797268
1994-01-28,26.867420
1994-01-31,27.060341
1994-02-01,26.920038
1994-02-02,27.095419
1994-02-03,26.972651
1994-02-04,26.358822
1994-02-07,26.481609
1994-02-08,26.499136
1994-02-09,26.604359
1994-02-10,26.376379
1994-02-11,26.464060
1994-02-14,26.499136
1994-02-15,26.639456
1994-02-16,26.621904
1994-02-17,26.464060
1994-02-18,26.306227
1994-02-22,26.569286
1994-02-23,26.499136
1994-02-24,26.148384
1994-02-25,26.271143
1994-02-28,26.271143
1994-03-01,26.165920
1994-03-02,26.200998
1994-03-03,26.130840
1994-03-04,26.200998
1994-03-07,26.341307
1994-03-08,26.236071
1994-03-09,26.358822
1994-03-10,26.148384
1994-03-11,26.288685
1994-03-14,26.323759
1994-03-15,26.306227
1994-03-16,26.516670
1994-03-17,26.516670
1994-03-18,26.510874
1994-03-21,26.440338
1994-03-22,26.510874
1994-03-23,26.493259
1994-03-24,26.175753
1994-03-25,25.928814
1994-03-28,25.964092
1994-03-29,25.452568
1994-03-30,25.099800
1994-03-31,25.170351
1994-04-04,24.782305
1994-04-05,25.293818
1994-04-06,25.293818
1994-04-07,25.417292
1994-04-08,25.223251
1994-04-11,25.329092
1994-04-12,25.293818
1994-04-13,25.161539
1994-04-14,25.170351
1994-04-15,25.170351
1994-04-18,25.002787
1994-04-19,25.038065
1994-04-20,25.011620
1994-04-21,25.346733
1994-04-22,25.320278
1994-04-25,25.584839
1994-04-26,25.558403
1994-04-28,25.373188
1994-04-29,25.452568
1994-05-02,25.611315
1994-05-03,25.584839
1994-05-04,25.540771
1994-05-05,25.505491
1994-05-06,25.258549
1994-05-09,25.038065
1994-05-10,25.232094
1994-05-11,25.002787
1994-05-12,25.126257
1994-05-13,25.126257
1994-05-16,25.135077
1994-05-17,25.505491
1994-05-18,25.690695
1994-05-19,25.814171
1994-05-20,25.717163
1994-05-23,25.673054
1994-05-24,25.778900
1994-05-25,25.849453
1994-05-26,25.867090
1994-05-27,25.893530
1994-05-31,25.858259
1994-06-01,25.972906
1994-06-02,25.946461
1994-06-03,26.096382
1994-06-06,26.087568
1994-06-07,26.052305
1994-06-08,25.840622
1994-06-09,25.981726
1994-06-10,26.025841
1994-06-13,26.061106
1994-06-14,26.263945
1994-06-15,26.158106
1994-06-16,26.211023
1994-06-17,26.064728
1994-06-20,25.842793
1994-06-21,25.620836
1994-06-22,25.718500
1994-06-23,25.567587
1994-06-24,25.034924
1994-06-27,25.469917
1994-06-28,25.345648
1994-06-29,25.425541
1994-06-30,25.265745
1994-07-01,25.319000
1994-07-05,25.452175
1994-07-06,25.416658
1994-07-07,25.523191
1994-07-08,25.514322
1994-07-11,25.425541
1994-07-12,25.461039
1994-07-13,25.505447
1994-07-14,25.780651
1994-07-15,25.789532
1994-07-18,25.833914
1994-07-19,25.780651
1994-07-20,25.665239
1994-07-21,25.718500
1994-07-22,25.762894
1994-07-25,25.798393
1994-07-26,25.771767
1994-07-27,25.771767
1994-07-28,25.825035
1994-07-29,26.082489
1994-08-01,26.206774
1994-08-02,26.242285
1994-08-03,26.251167
1994-08-04,26.100246
1994-08-05,26.011469
1994-08-08,26.073614
1994-08-09,26.117985
1994-08-10,26.215643
1994-08-11,26.117985
1994-08-12,26.322186
1994-08-15,26.313305
1994-08-16,26.499737
1994-08-17,26.481974
1994-08-18,26.393196
1994-08-19,26.375454
1994-08-22,26.348812
1994-08-23,26.499737
1994-08-24,26.783812
1994-08-25,26.712791
1994-08-26,27.094522
1994-08-29,27.076799
1994-08-30,27.147789
1994-08-31,27.076799
1994-09-01,26.988001
1994-09-02,26.872589
1994-09-06,26.881468
1994-09-07,26.854834
1994-09-08,26.988001
1994-09-09,26.703911
1994-09-12,26.624029
1994-09-13,26.703911
1994-09-14,26.730549
1994-09-15,27.067909
1994-09-16,26.875257
1994-09-19,26.902061
1994-09-20,26.392962
1994-09-21,26.392962
1994-09-22,26.330418
1994-09-23,26.241119
1994-09-26,26.375088
1994-09-27,26.357235
1994-09-28,26.562658
1994-09-29,26.428684
1994-09-30,26.392962
1994-10-03,26.330418
1994-10-04,25.937443
1994-10-05,25.946383
1994-10-06,25.865993
1994-10-07,25.982107
1994-10-10,26.258972
1994-10-11,26.651970
1994-10-12,26.687710
1994-10-13,26.777004
1994-10-14,26.893126
1994-10-17,26.839531
1994-10-18,26.777004
1994-10-19,26.902061
1994-10-20,26.723427
1994-10-21,26.616253
1994-10-24,26.392962
1994-10-25,26.419746
1994-10-26,26.517992
1994-10-27,26.678776
1994-10-28,27.241461
1994-10-31,27.143208
1994-11-01,26.839531
1994-11-02,26.687710
1994-11-03,26.830608
1994-11-04,26.482283
1994-11-07,26.562658
1994-11-08,26.768084
1994-11-09,26.812752
1994-11-10,26.625170
1994-11-11,26.526936
1994-11-14,26.777004
1994-11-15,26.687710
1994-11-16,26.777004
1994-11-17,26.598379
1994-11-18,26.562658
1994-11-21,26.294716
1994-11-22,25.723080
1994-11-23,25.865993
1994-11-25,25.991022
1994-11-28,26.107141
1994-11-29,26.098209
1994-11-30,26.062487
1994-12-01,25.803478
1994-12-02,26.044647
1994-12-05,26.071417
1994-12-06,26.089283
1994-12-07,25.901726
1994-12-08,25.651646
1994-12-09,25.749876
1994-12-12,25.919579
1994-12-13,26.017832
1994-12-14,26.151798
1994-12-15,26.232189
1994-12-16,26.360310
1994-12-19,26.396343
1994-12-20,26.315298
1994-12-21,26.594389
1994-12-22,26.513357
1994-12-23,26.540356
1994-12-27,26.684422
1994-12-28,26.549370
1994-12-29,26.567385
1994-12-30,26.252302
1995-01-03,26.378317
1995-01-04,26.504372
1995-01-05,26.504372
1995-01-06,26.531366
1995-01-09,26.558372
1995-01-10,26.585379
1995-01-11,26.603405
1995-01-12,26.612394
1995-01-13,26.927498
1995-01-16,27.089540
1995-01-17,27.098557
1995-01-18,27.071533
1995-01-19,26.918482
1995-01-20,26.819458
1995-01-23,26.900494
1995-01-24,26.936499
1995-01-25,27.008518
1995-01-26,27.035540
1995-01-27,27.143564
1995-01-30,27.026529
1995-01-31,27.134539
1995-02-01,27.125572
1995-02-02,27.287605
1995-02-03,27.674736
1995-02-06,27.791765
1995-02-07,27.827782
1995-02-08,27.827782
1995-02-09,27.827782
1995-02-10,27.863792
1995-02-13,27.872793
1995-02-14,27.908808
1995-02-15,28.061867
1995-02-16,28.025833
1995-02-17,27.917799
1995-02-21,27.908808
1995-02-22,28.115889
1995-02-23,28.160904
1995-02-24,28.232916
1995-02-27,28.007835
1995-02-28,28.241911
1995-03-01,28.061867
1995-03-02,28.097864
1995-03-03,28.106865
1995-03-06,28.124870
1995-03-07,27.908808
1995-03-08,27.980829
1995-03-09,27.971817
1995-03-10,28.385954
1995-03-13,28.358944
1995-03-14,28.566006
1995-03-15,28.511997
1995-03-16,28.683056
1995-03-17,28.711582
1995-03-20,28.711582
1995-03-21,28.639160
1995-03-22,28.666321
1995-03-23,28.684425
1995-03-24,29.091764
1995-03-27,29.209427
1995-03-28,29.209427
1995-03-29,29.200375
1995-03-30,29.146067
1995-03-31,29.028391
1995-04-03,29.100798
1995-04-04,29.290888
1995-04-05,29.290888
1995-04-06,29.399494
1995-04-07,29.372326
1995-04-10,29.426664
1995-04-11,29.327095
1995-04-12,29.426664
1995-04-13,29.589575
1995-04-17,29.417616
1995-04-18,29.318016
1995-04-19,29.290888
1995-04-20,29.336153
1995-04-21,29.480968
1995-04-24,29.824921
1995-04-25,29.743456
1995-04-26,29.770618
1995-04-27,29.843002
1995-04-28,29.888292
1995-05-01,29.806814
1995-05-02,29.870193
1995-05-03,30.286575
1995-05-04,30.268448
1995-05-05,30.232250
1995-05-08,30.449490
1995-05-09,30.422318
1995-05-10,30.458529
1995-05-11,30.539988
1995-05-12,30.558115
1995-05-15,30.702913
1995-05-16,30.721029
1995-05-17,30.603359
1995-05-18,30.159838
1995-05-19,30.177937
1995-05-22,30.512852
1995-05-23,30.793434
1995-05-24,30.775337
1995-05-25,30.802490
1995-05-26,30.449490
1995-05-30,30.440434
1995-05-31,31.074032
1995-06-01,30.992588
1995-06-02,31.019732
1995-06-05,31.209810
1995-06-06,31.155502
1995-06-07,30.992588
1995-06-08,30.920176
1995-06-09,30.739100
1995-06-12,30.911114
1995-06-13,31.246027
1995-06-14,31.218874
1995-06-15,31.354628
1995-06-16,31.447733
1995-06-19,31.802811
1995-06-20,31.720860
1995-06-21,31.702658
1995-06-22,32.121456
1995-06-23,32.057732
1995-06-26,31.675358
1995-06-27,31.611603
1995-06-28,31.775497
1995-06-29,31.720860
1995-06-30,31.702658
1995-07-03,31.821012
1995-07-05,31.939379
1995-07-06,32.349091
1995-07-07,32.494755
1995-07-10,32.512970
1995-07-11,32.358192
1995-07-12,32.758801
1995-07-13,32.685959
1995-07-14,32.658649
1995-07-17,32.840763
1995-07-18,32.558495
1995-07-19,32.203423
1995-07-20,32.321777
1995-07-21,32.285362
1995-07-24,32.522091
1995-07-25,32.767914
1995-07-26,32.740585
1995-07-27,33.013748
1995-07-28,32.804325
1995-07-31,32.722389
1995-08-01,32.667751
1995-08-02,32.594913
1995-08-03,32.585831
1995-08-04,32.622238
1995-08-07,32.695057
1995-08-08,32.695057
1995-08-09,32.685959
1995-08-10,32.613121
1995-08-11,32.431038
1995-08-14,32.722389
1995-08-15,32.658649
1995-08-16,32.749702
1995-08-17,32.695057
1995-08-18,32.731503
1995-08-21,32.640446
1995-08-22,32.704178
1995-08-23,32.585831
1995-08-24,32.622238
1995-08-25,32.804325
1995-08-28,32.685959
1995-08-29,32.767914
1995-08-30,32.840763
1995-08-31,32.868057
1995-09-01,33.013748
1995-09-05,33.323303
1995-09-06,33.387035
1995-09-07,33.405235
1995-09-08,33.532707
1995-09-11,33.623756
1995-09-12,33.778545
1995-09-13,33.933315
1995-09-14,34.242874
1995-09-15,34.233437
1995-09-18,34.105278
1995-09-19,34.270035
1995-09-20,34.434795
1995-09-21,34.151051
1995-09-22,34.160213
1995-09-25,34.105278
1995-09-26,34.096134
1995-09-27,34.068661
1995-09-28,34.324951
1995-09-29,34.260899
1995-10-02,34.086983
1995-10-03,34.123589
1995-10-04,34.086983
1995-10-05,34.187668
1995-10-06,34.215122
1995-10-09,33.931374
1995-10-10,33.913067
1995-10-11,34.022907
1995-10-12,34.233437
1995-10-13,34.343281
1995-10-16,34.178513
1995-10-17,34.407352
1995-10-18,34.508026
1995-10-19,34.672791
1995-10-20,34.462265
1995-10-23,34.389069
1995-10-24,34.425644
1995-10-25,34.141891
1995-10-26,33.830688
1995-10-27,34.086983
1995-10-30,34.306671
1995-10-31,34.160213
1995-11-01,34.434795
1995-11-02,34.654495
1995-11-03,34.700249
1995-11-06,34.581253
1995-11-07,34.453102
1995-11-08,34.764324
1995-11-09,34.892483
1995-11-10,34.874165
1995-11-13,34.837524
1995-11-14,34.608711
1995-11-15,34.956539
1995-11-16,35.148773
1995-11-17,35.258583
1995-11-20,35.075527
1995-11-21,35.359303
1995-11-22,35.249462
1995-11-24,35.340996
1995-11-27,35.350140
1995-11-28,35.725437
1995-11-29,35.762039
1995-11-30,35.679646
1995-12-01,35.725437
1995-12-04,36.164768
1995-12-05,36.402779
1995-12-06,36.485157
1995-12-07,36.292904
1995-12-08,36.411922
1995-12-11,36.567532
1995-12-12,36.457691
1995-12-13,36.686516
1995-12-14,36.421070
1995-12-15,36.434399
1995-12-18,35.734451
1995-12-19,36.112057
1995-12-20,35.762074
1995-12-21,35.946281
1995-12-22,36.075226
1995-12-26,36.250217
1995-12-27,36.231789
1995-12-28,36.194962
1995-12-29,36.240997
1996-01-02,36.627819
1996-01-03,36.729126
1996-01-04,36.379158
1996-01-05,36.305473
1996-01-08,36.443623
1996-01-09,35.817329
1996-01-10,35.347645
1996-01-11,35.559486
1996-01-12,35.504215
1996-01-15,35.430534
1996-01-16,35.863400
1996-01-17,35.752876
1996-01-18,35.872604
1996-01-19,36.112057
1996-01-22,36.121262
1996-01-23,36.204166
1996-01-24,36.498871
1996-01-25,36.369946
1996-01-26,36.683090
1996-01-29,36.830437
1996-01-30,37.143570
1996-01-31,37.530392
1996-02-01,37.668541
1996-02-02,37.511978
1996-02-05,37.815899
1996-02-06,38.175083
1996-02-07,38.396122
1996-02-08,38.810558
1996-02-09,38.801361
1996-02-12,39.096077
1996-02-13,39.013191
1996-02-14,38.672447
1996-02-15,38.432961
1996-02-16,38.276394
1996-02-20,37.898769
1996-02-21,38.368492
1996-02-22,38.976353
1996-02-23,38.865841
1996-02-26,38.313232
1996-02-27,38.193501
1996-02-28,38.018513
1996-02-29,37.650116
1996-03-01,38.248768
1996-03-04,38.469788
1996-03-05,38.828991
1996-03-06,38.488224
1996-03-07,38.681637
1996-03-08,37.429081
1996-03-11,37.861954
1996-03-12,37.567215
1996-03-13,37.825104
1996-03-14,37.990887
1996-03-15,37.965366
1996-03-18,38.696167
1996-03-19,38.612919
1996-03-20,38.566662
1996-03-21,38.474148
1996-03-22,38.575920
1996-03-25,38.501904
1996-03-26,38.686924
1996-03-27,38.335396
1996-03-28,38.483402
1996-03-29,38.298389
1996-04-01,38.742439
1996-04-02,38.816425
1996-04-03,38.816425
1996-04-04,38.788692
1996-04-08,38.122616
1996-04-09,37.974606
1996-04-10,37.299290
1996-04-11,37.253040
1996-04-12,37.724834
1996-04-15,38.039371
1996-04-16,38.150379
1996-04-17,38.057888
1996-04-18,38.113346
1996-04-19,38.205879
1996-04-22,38.501904
1996-04-23,38.622166
1996-04-24,38.483402
1996-04-25,38.659168
1996-04-26,38.742439
1996-04-29,38.742439
1996-04-30,38.714649
1996-05-01,38.797913
1996-05-02,38.131866
1996-05-03,38.076374
1996-05-06,38.039371
1996-05-07,37.882092
1996-05-08,38.353912
1996-05-09,38.326141
1996-05-10,38.705410
1996-05-13,39.288235
1996-05-14,39.528736
1996-05-15,39.482471
1996-05-16,39.565750
1996-05-17,39.778526
1996-05-20,40.046795
1996-05-21,39.991276
1996-05-22,40.370564
1996-05-23,40.204060
1996-05-24,40.361320
1996-05-28,39.954277
1996-05-29,39.686001
1996-05-30,39.889545
1996-05-31,39.593483
1996-06-03,39.704510
1996-06-04,39.982025
1996-06-05,40.333561
1996-06-06,40.037537
1996-06-07,40.037537
1996-06-10,39.908043
1996-06-11,39.871014
1996-06-12,39.797009
1996-06-13,39.797009
1996-06-14,39.630508
1996-06-17,39.602764
1996-06-18,39.278984
1996-06-19,39.454746
1996-06-20,39.426975
1996-06-21,39.766090
1996-06-24,39.840488
1996-06-25,39.793987
1996-06-26,39.524303
1996-06-27,39.803288
1996-06-28,39.942799
1996-07-01,40.286880
1996-07-02,40.138088
1996-07-03,40.054394
1996-07-05,39.031399
1996-07-08,38.873299
1996-07-09,39.031399
1996-07-10,39.189487
1996-07-11,38.399025
1996-07-12,38.426926
1996-07-15,37.292339
1996-07-16,37.385323
1996-07-17,37.831734
1996-07-18,38.352520
1996-07-19,38.073528
1996-07-22,37.794533
1996-07-23,37.310936
1996-07-24,37.385323
1996-07-25,37.720142
1996-07-26,37.924721
1996-07-29,37.506222
1996-07-30,37.868923
1996-07-31,38.147934
1996-08-01,38.780319
1996-08-02,39.617294
1996-08-05,39.384800
1996-08-06,39.505699
1996-08-07,39.607990
1996-08-08,39.542892
1996-08-09,39.412693
1996-08-12,39.700993
1996-08-13,39.384800
1996-08-14,39.524303
1996-08-15,39.449905
1996-08-16,39.784702
1996-08-19,39.803288
1996-08-20,39.775394
1996-08-21,39.635883
1996-08-22,40.007904
1996-08-23,39.793987
1996-08-26,39.598698
1996-08-27,39.747498
1996-08-28,39.682396
1996-08-29,39.291790
1996-08-30,38.882599
1996-09-03,39.133686
1996-09-04,39.170914
1996-09-05,38.696621
1996-09-06,39.245300
1996-09-09,39.710297
1996-09-10,39.691689
1996-09-11,39.914902
1996-09-12,40.193886
1996-09-13,40.807663
1996-09-16,40.956486
1996-09-17,40.863495
1996-09-18,40.761177
1996-09-19,40.919250
1996-09-20,41.064438
1996-09-23,41.055080
1996-09-24,41.045734
1996-09-25,41.073792
1996-09-26,41.055080
1996-09-27,41.092464
1996-09-30,41.055080
1996-10-01,41.279415
1996-10-02,41.559856
1996-10-03,41.522476
1996-10-04,42.083321
1996-10-07,42.130066
1996-10-08,41.961788
1996-10-09,41.634621
1996-10-10,41.550510
1996-10-11,42.064632
1996-10-14,42.120720
1996-10-15,42.064632
1996-10-16,42.270287
1996-10-17,42.382469
1996-10-18,42.606789
1996-10-21,42.550713
1996-10-22,42.251583
1996-10-23,42.391796
1996-10-24,42.027233
1996-10-25,42.064632
1996-10-28,41.784168
1996-10-29,42.120720
1996-10-30,41.980488
1996-10-31,42.382469
1996-11-01,42.232880
1996-11-04,42.513306
1996-11-05,42.756355
1996-11-06,43.578934
1996-11-07,43.681763
1996-11-08,43.924831
1996-11-11,43.878071
1996-11-12,43.747215
1996-11-13,43.943497
1996-11-14,44.233295
1996-11-15,44.289383
1996-11-18,44.298737
1996-11-19,44.616558
1996-11-20,44.691315
1996-11-21,44.625874
1996-11-22,44.971775
1996-11-25,45.541985
1996-11-26,45.392403
1996-11-27,45.308289
1996-11-29,45.476513
1996-12-02,45.495228
1996-12-03,44.719357
1996-12-04,44.840893
1996-12-05,44.719357
1996-12-06,44.457649
1996-12-09,45.111992
1996-12-10,44.896965
1996-12-11,44.485676
1996-12-12,43.747215
1996-12-13,43.859375
1996-12-16,43.298531
1996-12-17,43.644367
1996-12-18,43.990234
1996-12-19,44.896965
1996-12-20,44.995472
1996-12-23,44.882767
1996-12-24,45.211548
1996-12-26,45.559116
1996-12-27,45.615467
1996-12-30,45.220943
1996-12-31,44.394302
1997-01-02,44.507038
1997-01-03,45.145813
1997-01-06,44.751278
1997-01-07,45.296085
1997-01-08,44.901539
1997-01-09,45.277298
1997-01-10,45.765781
1997-01-13,45.700001
1997-01-14,46.273018
1997-01-15,46.160297
1997-01-16,46.348183
1997-01-17,46.629993
1997-01-20,46.686359
1997-01-21,47.062099
1997-01-22,47.400272
1997-01-23,46.742699
1997-01-24,46.141514
1997-01-27,46.010029
1997-01-28,46.141514
1997-01-29,46.592445
1997-01-30,47.193588
1997-01-31,47.137249
1997-02-03,47.278130
1997-02-04,47.569355
1997-02-05,46.676945
1997-02-06,46.986950
1997-02-07,47.625717
1997-02-10,47.174816
1997-02-11,47.719631
1997-02-12,48.395992
1997-02-13,48.922050
1997-02-14,48.809330
1997-02-18,49.222614
1997-02-19,48.893864
1997-02-20,48.302063
1997-02-21,48.320843
1997-02-24,48.893864
1997-02-25,48.931408
1997-02-26,48.452343
1997-02-27,47.729050
1997-02-28,47.588116
1997-03-03,47.907501
1997-03-04,47.644516
1997-03-05,48.452343
1997-03-06,48.170578
1997-03-07,48.602680
1997-03-10,49.109932
1997-03-11,48.846897
1997-03-12,48.414772
1997-03-13,47.663307
1997-03-14,47.907501
1997-03-17,48.039055
1997-03-18,47.522362
1997-03-19,47.362701
1997-03-20,47.118454
1997-03-21,47.336620
1997-03-24,47.996700
1997-03-25,47.525208
1997-03-26,47.732677
1997-03-27,46.469059
1997-03-31,45.488426
1997-04-01,45.780769
1997-04-02,44.960361
1997-04-03,45.205524
1997-04-04,45.771297
1997-04-07,45.950451
1997-04-08,46.280487
1997-04-09,45.903332
1997-04-10,45.733585
1997-04-11,44.281433
1997-04-14,44.875481
1997-04-15,45.639294
1997-04-16,46.167377
1997-04-17,45.978767
1997-04-18,46.205070
1997-04-21,45.903332
1997-04-22,46.912289
1997-04-23,46.959438
1997-04-24,46.723694
1997-04-25,46.186234
1997-04-28,46.638851
1997-04-29,48.109848
1997-04-30,48.336151
1997-05-01,48.279594
1997-05-02,49.147087
1997-05-05,50.316399
1997-05-06,50.278648
1997-05-07,49.184830
1997-05-08,49.524319
1997-05-09,49.863739
1997-05-12,50.693546
1997-05-13,50.486122
1997-05-14,50.580410
1997-05-15,50.919895
1997-05-16,50.222103
1997-05-19,50.372944
1997-05-20,50.976471
1997-05-21,50.863285
1997-05-22,50.693546
1997-05-23,51.165054
1997-05-27,51.372498
1997-05-28,51.363075
1997-05-29,51.061321
1997-05-30,51.391361
1997-06-02,51.165054
1997-06-03,50.995319
1997-06-04,50.938763
1997-06-05,51.127316
1997-06-06,52.126846
1997-06-09,52.390896
1997-06-10,52.551189
1997-06-11,52.673740
1997-06-12,53.692169
1997-06-13,54.144806
1997-06-16,54.163670
1997-06-17,54.088223
1997-06-18,53.899635
1997-06-19,54.455948
1997-06-20,54.270439
1997-06-23,52.954628
1997-06-24,54.298874
1997-06-25,53.920162
1997-06-26,53.655125
1997-06-27,53.863388
1997-06-30,53.503681
1997-07-01,54.128422
1997-07-02,55.018288
1997-07-03,55.775566
1997-07-07,55.207615
1997-07-08,55.785046
1997-07-09,55.169746
1997-07-10,55.415852
1997-07-11,55.605183
1997-07-14,55.775566
1997-07-15,56.059574
1997-07-16,56.797951
1997-07-17,56.513950
1997-07-18,55.311726
1997-07-21,55.321190
1997-07-22,56.788475
1997-07-23,56.741161
1997-07-24,57.006237
1997-07-25,56.968353
1997-07-28,56.930481
1997-07-29,57.119770
1997-07-30,57.801376
1997-07-31,57.744560
1997-08-01,57.517406
1997-08-04,57.668842
1997-08-05,57.706707
1997-08-06,58.180027
1997-08-07,57.744560
1997-08-08,56.570744
1997-08-11,56.987289
1997-08-12,56.078533
1997-08-13,55.908089
1997-08-14,56.116375
1997-08-15,54.393490
1997-08-18,55.605183
1997-08-19,56.248901
1997-08-20,57.100853
1997-08-21,56.097435
1997-08-22,56.078533
1997-08-25,55.870243
1997-08-26,55.046696
1997-08-27,55.377979
1997-08-28,54.535484
1997-08-29,54.753246
1997-09-02,56.532871
1997-09-03,56.229980
1997-09-04,56.589699
1997-09-05,56.428768
1997-09-08,56.674873
1997-09-09,56.703274
1997-09-10,55.529472
1997-09-11,55.245483
1997-09-12,56.135296
1997-09-15,56.040657
1997-09-16,57.441616
1997-09-17,57.441616
1997-09-18,57.687786
1997-09-19,57.785366
1997-09-22,58.108402
1997-09-23,57.842381
1997-09-24,57.367302
1997-09-25,56.968300
1997-09-26,57.443306
1997-09-29,57.994385
1997-09-30,57.386322
1997-10-01,58.146412
1997-10-02,58.469448
1997-10-03,58.763988
1997-10-06,59.153515
1997-10-07,59.704571
1997-10-08,59.286530
1997-10-09,59.077538
1997-10-10,58.906487
1997-10-13,58.963482
1997-10-14,58.982494
1997-10-15,58.849491
1997-10-16,57.918396
1997-10-17,57.329300
1997-10-20,58.146412
1997-10-21,59.277039
1997-10-22,58.887512
1997-10-23,57.728348
1997-10-24,57.158321
1997-10-27,53.015823
1997-10-28,56.075191
1997-10-29,55.923172
1997-10-30,54.687996
1997-10-31,55.980164
1997-11-03,57.158321
1997-11-04,57.158321
1997-11-05,57.348328
1997-11-06,57.129795
1997-11-07,56.512222
1997-11-10,56.170181
1997-11-11,56.189178
1997-11-12,55.030037
1997-11-13,55.828159
1997-11-14,56.588253
1997-11-17,57.633369
1997-11-18,57.272324
1997-11-19,57.557335
1997-11-20,58.431465
1997-11-21,58.830490
1997-11-24,57.766361
1997-11-25,57.918396
1997-11-26,58.089401
1997-11-28,58.146412
1997-12-01,59.647594
1997-12-02,59.286530
1997-12-03,59.457565
1997-12-04,59.400539
1997-12-05,60.160660
1997-12-08,59.989613
1997-12-09,59.628582
1997-12-10,59.115494
1997-12-11,58.108402
1997-12-12,58.222427
1997-12-15,58.811493
1997-12-16,59.172501
1997-12-17,58.868492
1997-12-18,58.298420
1997-12-19,57.862705
1997-12-22,58.234688
1997-12-23,57.195000
1997-12-24,57.023262
1997-12-26,57.252235
1997-12-29,58.377827
1997-12-30,59.293530
1997-12-31,59.255367
1998-01-02,59.560616
1998-01-05,59.694149
1998-01-06,58.740295
1998-01-07,58.892910
1998-01-08,58.377827
1998-01-09,56.355564
1998-01-12,57.385761
1998-01-13,58.187016
1998-01-14,58.454117
1998-01-15,57.967640
1998-01-16,58.797531
1998-01-20,59.751358
1998-01-21,59.179058
1998-01-22,58.654408
1998-01-23,58.568550
1998-01-26,58.530430
1998-01-27,59.121834
1998-01-28,59.655975
1998-01-29,59.980328
1998-01-30,60.018440
1998-02-02,61.010525
1998-02-03,61.468414
1998-02-04,61.392082
1998-02-05,61.353928
1998-02-06,62.040745
1998-02-09,61.830856
1998-02-10,62.422276
1998-02-11,62.365051
1998-02-12,62.632118
1998-02-13,62.269650
1998-02-17,62.574879
1998-02-18,63.147221
1998-02-19,62.813366
1998-02-20,63.280762
1998-02-23,63.528782
1998-02-24,63.032761
1998-02-25,63.814930
1998-02-26,64.177406
1998-02-27,64.177406
1998-03-02,64.043839
1998-03-03,64.406387
1998-03-04,63.986645
1998-03-05,63.395218
1998-03-06,64.673424
1998-03-09,64.444489
1998-03-10,65.054985
1998-03-11,65.360222
1998-03-12,65.627304
1998-03-13,65.379295
1998-03-16,66.085167
1998-03-17,66.275955
1998-03-18,66.523956
1998-03-19,66.695663
1998-03-20,67.269981
1998-03-23,67.116905
1998-03-24,67.690865
1998-03-25,67.442116
1998-03-26,67.403870
1998-03-27,67.116905
1998-03-30,67.078613
1998-03-31,67.308235
1998-04-01,67.853500
1998-04-02,68.590088
1998-04-03,68.934471
1998-04-06,68.379654
1998-04-07,67.920441
1998-04-08,67.537796
1998-04-09,68.073532
1998-04-13,67.882179
1998-04-14,68.456177
1998-04-15,68.647484
1998-04-16,67.843887
1998-04-17,68.743149
1998-04-20,68.724014
1998-04-21,69.049255
1998-04-22,69.240608
1998-04-23,68.570969
1998-04-24,67.843887
1998-04-27,66.562027
1998-04-28,66.466354
1998-04-29,66.925560
1998-04-30,68.169144
1998-05-01,68.934471
1998-05-04,68.762321
1998-05-05,68.283974
1998-05-06,67.480415
1998-05-07,66.944725
1998-05-08,68.035255
1998-05-11,67.805649
1998-05-12,68.532707
1998-05-13,68.704910
1998-05-14,68.360504
1998-05-15,67.977875
1998-05-18,67.710022
1998-05-19,68.169144
1998-05-20,68.819641
1998-05-21,68.379654
1998-05-22,68.111801
1998-05-26,67.021202
1998-05-27,67.116905
1998-05-28,67.423019
1998-05-29,66.753403
1998-06-01,67.059502
1998-06-02,67.116905
1998-06-03,66.045486
1998-06-04,67.269981
1998-06-05,68.570969
1998-06-08,68.494453
1998-06-09,68.704910
1998-06-10,68.264847
1998-06-11,66.982956
1998-06-12,67.614319
1998-06-15,65.835030
1998-06-16,66.849045
1998-06-17,68.245728
1998-06-18,67.939629
1998-06-19,67.599182
1998-06-22,67.925491
1998-06-23,68.731575
1998-06-24,69.652863
1998-06-25,69.537720
1998-06-26,69.825630
1998-06-29,70.075104
1998-06-30,69.595291
1998-07-01,70.401413
1998-07-02,70.535767
1998-07-06,71.245903
1998-07-07,71.111580
1998-07-08,71.629784
1998-07-09,71.149948
1998-07-10,71.533821
1998-07-13,71.553017
1998-07-14,72.359146
1998-07-15,72.224762
1998-07-16,72.723808
1998-07-17,72.819778
1998-07-20,72.819778
1998-07-21,71.553017
1998-07-22,71.553017
1998-07-23,70.132759
1998-07-24,70.075104
1998-07-27,70.574181
1998-07-28,69.384163
1998-07-29,69.115463
1998-07-30,70.151894
1998-07-31,68.654808
1998-08-03,68.366913
1998-08-04,65.718224
1998-08-05,66.620285
1998-08-06,66.908203
1998-08-07,67.023407
1998-08-10,66.639519
1998-08-11,65.641449
1998-08-12,66.754639
1998-08-13,65.948563
1998-08-14,65.180809
1998-08-17,66.562737
1998-08-18,67.791122
1998-08-19,67.618332
1998-08-20,67.215317
1998-08-21,66.677895
1998-08-24,67.100136
1998-08-25,67.253685
1998-08-26,66.869835
1998-08-27,63.722107
1998-08-28,63.491810
1998-08-31,58.962177
1998-09-01,61.457306
1998-09-02,61.015865
1998-09-03,60.536015
1998-09-04,60.036987
1998-09-08,63.261463
1998-09-09,61.725990
1998-09-10,60.497620
1998-09-11,62.455364
1998-09-14,63.530132
1998-09-15,63.914021
1998-09-16,64.489845
1998-09-17,62.647236
1998-09-18,62.926346
1998-09-21,62.887806
1998-09-22,63.407848
1998-09-23,65.950356
1998-09-24,64.332382
1998-09-25,64.255363
1998-09-28,64.833199
1998-09-29,64.679108
1998-09-30,62.714447
1998-10-01,60.903934
1998-10-02,62.078865
1998-10-05,60.826839
1998-10-06,60.769089
1998-10-07,59.863838
1998-10-08,59.536369
1998-10-09,60.730537
1998-10-12,61.616573
1998-10-13,61.404709
1998-10-14,61.982540
1998-10-15,65.314713
1998-10-16,65.333992
1998-10-19,65.565132
1998-10-20,65.950356
1998-10-21,65.719193
1998-10-22,66.701523
1998-10-23,65.854042
1998-10-26,66.335548
1998-10-27,65.950356
1998-10-28,65.834770
1998-10-29,67.433472
1998-10-30,67.799431
1998-11-02,68.955063
1998-11-03,68.454277
1998-11-04,69.186203
1998-11-05,70.130043
1998-11-06,70.341934
1998-11-09,69.841110
1998-11-10,69.648521
1998-11-11,69.186203
1998-11-12,69.109207
1998-11-13,69.783325
1998-11-16,70.303383
1998-11-17,70.303383
1998-11-18,70.727112
1998-11-19,71.343483
1998-11-20,71.882767
1998-11-23,73.577774
1998-11-24,73.115509
1998-11-25,73.115509
1998-11-27,73.654831
1998-11-30,71.574615
1998-12-01,72.499146
1998-12-02,72.287254
1998-12-03,71.093079
1998-12-04,72.961395
1998-12-07,73.308121
1998-12-08,72.980659
1998-12-09,73.115509
1998-12-10,72.046539
1998-12-11,72.190971
1998-12-14,70.110771
1998-12-15,71.921326
1998-12-16,71.824989
1998-12-17,72.971024
1998-12-18,73.281105
1998-12-21,74.305321
1998-12-22,74.633896
1998-12-23,76.199211
1998-12-24,75.870682
1998-12-28,75.677452
1998-12-29,76.875603
1998-12-30,76.257210
1998-12-31,76.257210
1999-01-04,76.083267
1999-01-05,76.952904
1999-01-06,78.808075
1999-01-07,78.421593
1999-01-08,79.001373
1999-01-11,78.247673
1999-01-12,76.836975
1999-01-13,76.295830
1999-01-14,74.962402
1999-01-15,76.914207
1999-01-19,77.416710
1999-01-20,78.035095
1999-01-21,75.967278
1999-01-22,75.793350
1999-01-25,76.566376
1999-01-26,77.957809
1999-01-27,77.049545
1999-01-28,78.344322
1999-01-29,78.943367
1999-02-01,78.479561
1999-02-02,77.996429
1999-02-03,78.788750
1999-02-04,77.609932
1999-02-05,76.721001
1999-02-08,76.875603
1999-02-09,75.155647
1999-02-10,75.638748
1999-02-11,77.378044
1999-02-12,76.450455
1999-02-16,75.986595
1999-02-17,75.909317
1999-02-18,76.508430
1999-02-19,76.836975
1999-02-22,78.885399
1999-02-23,78.846756
1999-02-24,77.455345
1999-02-25,76.721001
1999-02-26,76.411781
1999-03-01,76.624374
1999-03-02,75.947960
1999-03-03,76.353806
1999-03-04,77.320091
1999-03-05,78.875740
1999-03-08,79.387871
1999-03-09,79.194572
1999-03-10,79.890289
1999-03-11,80.779282
1999-03-12,80.006264
1999-03-15,81.146454
1999-03-16,80.837265
1999-03-17,80.489395
1999-03-18,81.784203
1999-03-19,80.394043
1999-03-22,80.549019
1999-03-23,78.224327
1999-03-24,78.669922
1999-03-25,80.277794
1999-03-26,79.696648
1999-03-29,81.304543
1999-03-30,80.878334
1999-03-31,79.580444
1999-04-01,80.180916
1999-04-05,82.079414
1999-04-06,81.885704
1999-04-07,82.544357
1999-04-08,83.590439
1999-04-09,83.609825
1999-04-12,84.500954
1999-04-13,83.958488
1999-04-14,82.544357
1999-04-15,82.234398
1999-04-16,81.537003
1999-04-19,80.277794
1999-04-20,81.285187
1999-04-21,83.609825
1999-04-22,84.404091
1999-04-23,84.190987
1999-04-26,84.675301
1999-04-27,85.082062
1999-04-28,83.919769
1999-04-29,83.280472
1999-04-30,82.602448
1999-05-03,84.113495
1999-05-04,82.912407
1999-05-05,83.571037
1999-05-06,83.057693
1999-05-07,83.687332
1999-05-10,83.270782
1999-05-11,84.113495
1999-05-12,84.772156
1999-05-13,85.140190
1999-05-14,82.931763
1999-05-17,83.183632
1999-05-18,83.028625
1999-05-19,83.629211
1999-05-20,83.125488
1999-05-21,82.660568
1999-05-24,81.285187
1999-05-25,79.967850
1999-05-26,80.858994
1999-05-27,79.696648
1999-05-28,80.713707
1999-06-01,80.432793
1999-06-02,80.510300
1999-06-03,80.955833
1999-06-04,82.583061
1999-06-07,82.796165
1999-06-08,81.982567
1999-06-09,81.905106
1999-06-10,81.149559
1999-06-11,80.471542
1999-06-14,80.549019
1999-06-15,81.091423
1999-06-16,82.641235
1999-06-17,83.416107
1999-06-18,83.512466
1999-06-21,83.706772
1999-06-22,83.123886
1999-06-23,82.715775
1999-06-24,82.094032
1999-06-25,81.889984
1999-06-28,82.890701
1999-06-29,83.667931
1999-06-30,85.183487
1999-07-01,85.824677
1999-07-02,86.679634
1999-07-06,86.660202
1999-07-07,86.776802
1999-07-08,86.844772
1999-07-09,87.359734
1999-07-12,86.971107
1999-07-13,86.660202
1999-07-14,87.145981
1999-07-15,87.699760
1999-07-16,88.175797
1999-07-19,87.592911
1999-07-20,85.795532
1999-07-21,85.698387
1999-07-22,84.571419
1999-07-23,84.406242
1999-07-26,83.784500
1999-07-27,84.484001
1999-07-28,84.756020
1999-07-29,83.570740
1999-07-30,82.540970
1999-08-02,82.735245
1999-08-03,82.346619
1999-08-04,81.219666
1999-08-05,81.958015
1999-08-06,81.064217
1999-08-09,80.889328
1999-08-10,79.995544
1999-08-11,80.967072
1999-08-12,80.918480
1999-08-13,82.793556
1999-08-16,83.162697
1999-08-17,83.706772
1999-08-18,83.104385
1999-08-19,82.424347
1999-08-20,83.259895
1999-08-23,84.853180
1999-08-24,85.164055
1999-08-25,86.038460
1999-08-26,85.008575
1999-08-27,83.978783
1999-08-30,82.424347
1999-08-31,82.113426
1999-09-01,83.123886
1999-09-02,82.142601
1999-09-03,84.542282
1999-09-07,84.231384
1999-09-08,83.823341
1999-09-09,83.784500
1999-09-10,84.484001
1999-09-13,83.910751
1999-09-14,83.356987
1999-09-15,82.035721
1999-09-16,82.356331
1999-09-17,83.396912
1999-09-20,83.280006
1999-09-21,81.526337
1999-09-22,81.438644
1999-09-23,79.733704
1999-09-24,79.655754
1999-09-27,80.181854
1999-09-28,80.025970
1999-09-29,79.071205
1999-09-30,80.279305
1999-10-01,80.103935
1999-10-04,81.526337
1999-10-05,81.448418
1999-10-06,82.695480
1999-10-07,82.227783
1999-10-08,83.474899
1999-10-11,83.338448
1999-10-12,82.052444
1999-10-13,79.928551
1999-10-14,79.909096
1999-10-15,77.863113
1999-10-18,78.428223
1999-10-19,79.188126
1999-10-20,79.967552
1999-10-21,80.435165
1999-10-22,81.117149
1999-10-25,80.707962
1999-10-26,79.694748
1999-10-27,81.136635
1999-10-28,83.903580
1999-10-29,85.423393
1999-11-01,84.527069
1999-11-02,83.923019
1999-11-03,84.488129
1999-11-04,85.131104
1999-11-05,85.968956
1999-11-08,86.046898
1999-11-09,85.238304
1999-11-10,85.871552
1999-11-11,86.358681
1999-11-12,87.138115
1999-11-15,87.342728
1999-11-16,88.073395
1999-11-17,88.307243
1999-11-18,88.930717
1999-11-19,88.852821
1999-11-22,88.833298
1999-11-23,88.053909
1999-11-24,88.521568
1999-11-26,88.190331
1999-11-29,87.878571
1999-11-30,86.845810
1999-12-01,87.547256
1999-12-02,88.073395
1999-12-03,89.690643
1999-12-06,89.028175
1999-12-07,88.307243
1999-12-08,87.742119
1999-12-09,88.170815
1999-12-10,88.463127
1999-12-13,88.618996
1999-12-14,87.761589
1999-12-15,88.229240
1999-12-16,88.618996
1999-12-17,89.188103
1999-12-20,88.543526
1999-12-21,89.891312
1999-12-22,90.125710
1999-12-23,91.561371
1999-12-27,91.434448
1999-12-28,91.375824
1999-12-29,91.766502
1999-12-30,91.659058
1999-12-31,91.805527
2000-01-03,90.907005
2000-01-04,87.351982
2000-01-05,87.508240
2000-01-06,86.101891
2000-01-07,91.102333
2000-01-10,91.414856
2000-01-11,90.321014
2000-01-12,89.422493
2000-01-13,90.633583
2000-01-14,91.864136
2000-01-18,91.141411
2000-01-19,91.883629
2000-01-20,90.477295
2000-01-21,90.281937
2000-01-24,87.723091
2000-01-25,88.719322
2000-01-26,88.016113
2000-01-27,87.664536
2000-01-28,84.929901
2000-01-31,87.234764
2000-02-01,88.094238
2000-02-02,88.172394
2000-02-03,89.500595
2000-02-04,89.129524
2000-02-07,88.992729
2000-02-08,90.203850
2000-02-09,88.309113
2000-02-10,88.484886
2000-02-11,86.687813
2000-02-14,87.195747
2000-02-15,88.182129
2000-02-16,86.883209
2000-02-17,86.433952
2000-02-18,84.578270
2000-02-22,84.363365
2000-02-23,85.359596
2000-02-24,83.640762
2000-02-25,83.337967
2000-02-28,85.086128
2000-02-29,85.906517
2000-03-01,86.531593
2000-03-02,86.590218
2000-03-03,88.211464
2000-03-06,87.351982
2000-03-07,85.662376
2000-03-08,85.554939
2000-03-09,88.055176
2000-03-10,87.586380
2000-03-13,86.629265
2000-03-14,85.398682
2000-03-15,87.391075
2000-03-16,91.473495
2000-03-17,92.078033
2000-03-20,91.608063
2000-03-21,93.487938
2000-03-22,94.055923
2000-03-23,95.661690
2000-03-24,96.229523
2000-03-27,95.211288
2000-03-28,94.662964
2000-03-29,94.760841
2000-03-30,93.174652
2000-03-31,94.232124
2000-04-03,94.780479
2000-04-04,94.075485
2000-04-05,93.487938
2000-04-06,94.300697
2000-04-07,94.897919
2000-04-10,94.525894
2000-04-11,94.251678
2000-04-12,91.666832
2000-04-13,90.393929
2000-04-14,85.224091
2000-04-17,88.200676
2000-04-18,90.530991
2000-04-19,89.688911
2000-04-20,90.119774
2000-04-24,89.140617
2000-04-25,92.841789
2000-04-26,91.794075
2000-04-27,91.490524
2000-04-28,90.922661
2000-05-01,92.156334
2000-05-02,90.315582
2000-05-03,88.200676
2000-05-04,88.866455
2000-05-05,89.943504
2000-05-08,89.267929
2000-05-09,88.553162
2000-05-10,86.555679
2000-05-11,88.533554
2000-05-12,89.493118
2000-05-15,91.040154
2000-05-16,91.921387
2000-05-17,90.961823
2000-05-18,89.845581
2000-05-19,88.435661
2000-05-22,87.769791
2000-05-23,86.477371
2000-05-24,87.887337
2000-05-25,86.379471
2000-05-26,86.477371
2000-05-30,89.297318
2000-05-31,89.493118
2000-06-01,91.059715
2000-06-02,92.645950
2000-06-05,92.195526
2000-06-06,91.784271
2000-06-07,92.420723
2000-06-08,92.058434
2000-06-09,91.862610
2000-06-12,90.785561
2000-06-13,92.489311
2000-06-14,92.645950
2000-06-15,92.841789
2000-06-16,92.078896
2000-06-19,93.256653
2000-06-20,92.922905
2000-06-21,92.883652
2000-06-22,91.470428
2000-06-23,90.685249
2000-06-26,91.853165
2000-06-27,91.175972
2000-06-28,91.431145
2000-06-29,90.567482
2000-06-30,91.254486
2000-07-03,92.510742
2000-07-05,90.842308
2000-07-06,91.548874
2000-07-07,93.021057
2000-07-10,92.864037
2000-07-11,93.060371
2000-07-12,93.668831
2000-07-13,94.081055
2000-07-14,95.003639
2000-07-17,94.846550
2000-07-18,94.071228
2000-07-19,93.315506
2000-07-20,94.610992
2000-07-21,92.765884
2000-07-24,92.235931
2000-07-25,92.530365
2000-07-26,91.627457
2000-07-27,91.313339
2000-07-28,89.252365
2000-07-31,89.821564
2000-08-01,90.371162
2000-08-02,90.822670
2000-08-03,91.450813
2000-08-04,91.941513
2000-08-07,93.040672
2000-08-08,93.394005
2000-08-09,92.608864
2000-08-10,92.157394
2000-08-11,92.589249
2000-08-14,93.766937
2000-08-15,93.688469
2000-08-16,93.354774
2000-08-17,94.336250
2000-08-18,94.022179
2000-08-21,94.532509
2000-08-22,94.375473
2000-08-23,94.748428
2000-08-24,95.042892
2000-08-25,95.003639
2000-08-28,95.327454
2000-08-29,95.347145
2000-08-30,94.434364
2000-08-31,95.690613
2000-09-01,95.788750
2000-09-05,95.023201
2000-09-06,93.943642
2000-09-07,94.748428
2000-09-08,94.100693
2000-09-11,93.963295
2000-09-12,93.276260
2000-09-13,93.521599
2000-09-14,93.992706
2000-09-15,91.936363
2000-09-18,91.090210
2000-09-19,91.916649
2000-09-20,91.237755
2000-09-21,89.850471
2000-09-22,91.483749
2000-09-25,90.834373
2000-09-26,89.673370
2000-09-27,90.145615
2000-09-28,91.306656
2000-09-29,90.440819
2000-10-02,90.578568
2000-10-03,89.732407
2000-10-04,90.480171
2000-10-05,90.794998
2000-10-06,88.827217
2000-10-09,88.158127
2000-10-10,86.701996
2000-10-11,85.973854
2000-10-12,83.828934
2000-10-13,86.623215
2000-10-16,87.016830
2000-10-17,84.852173
2000-10-18,84.537384
2000-10-19,87.725212
2000-10-20,88.099106
2000-10-23,88.492638
2000-10-24,87.902336
2000-10-25,85.836174
2000-10-26,86.072250
2000-10-27,87.705528
2000-10-30,88.492638
2000-10-31,90.017723
2000-11-01,89.712715
2000-11-02,89.860291
2000-11-03,89.909531
2000-11-06,90.539223
2000-11-07,90.519501
2000-11-08,88.512367
2000-11-09,88.177795
2000-11-10,86.032898
2000-11-13,85.363815
2000-11-14,87.607147
2000-11-15,87.882629
2000-11-16,86.505142
2000-11-17,86.042755
2000-11-20,84.812866
2000-11-21,85.245811
2000-11-22,83.209084
2000-11-24,84.911224
2000-11-27,85.658981
2000-11-28,84.183136
2000-11-29,84.025742
2000-11-30,83.297630
2000-12-01,83.258316
2000-12-04,83.966698
2000-12-05,86.721642
2000-12-06,85.334297
2000-12-07,84.163467
2000-12-08,84.360268
2000-12-11,87.292320
2000-12-12,86.918442
2000-12-13,85.727898
2000-12-14,84.635735
2000-12-15,82.724121
2000-12-18,83.829460
2000-12-19,82.122055
2000-12-20,79.743607
2000-12-21,80.296280
2000-12-22,82.704369
2000-12-26,83.592583
2000-12-27,84.204483
2000-12-28,84.461082
2000-12-29,82.862282
2001-01-02,81.362137
2001-01-03,85.270416
2001-01-04,84.352547
2001-01-05,81.599007
2001-01-08,82.230659
2001-01-09,82.013527
2001-01-10,83.454430
2001-01-11,83.533394
2001-01-12,83.375511
2001-01-16,83.908409
2001-01-17,84.293304
2001-01-18,85.132240
2001-01-19,84.648636
2001-01-22,85.211143
2001-01-23,85.882309
2001-01-24,86.138863
2001-01-25,85.921738
2001-01-26,85.823082
2001-01-29,86.280991
2001-01-30,87.038948
2001-01-31,86.546295
2001-02-01,87.121071
2001-02-02,85.144051
2001-02-05,85.769394
2001-02-06,85.516731
2001-02-07,85.074600
2001-02-08,84.082962
2001-02-09,83.274445
2001-02-12,84.228218
2001-02-13,83.539680
2001-02-14,83.413383
2001-02-15,84.221893
2001-02-16,82.364830
2001-02-20,81.095291
2001-02-21,79.345657
2001-02-22,79.465675
2001-02-23,78.928818
2001-02-26,80.608925
2001-02-27,79.863609
2001-02-28,78.290840
2001-03-01,78.701393
2001-03-02,78.076073
2001-03-05,78.789795
2001-03-06,79.636253
2001-03-07,80.204674
2001-03-08,80.293137
2001-03-09,77.918159
2001-03-12,74.583191
2001-03-13,75.808495
2001-03-14,74.311577
2001-03-15,74.330513
2001-03-16,72.839653
2001-03-19,74.321640
2001-03-20,72.326637
2001-03-21,71.097992
2001-03-22,70.376030
2001-03-23,72.503983
2001-03-26,73.428635
2001-03-27,74.929604
2001-03-28,72.858635
2001-03-29,73.137321
2001-03-30,73.903656
2001-04-02,72.326637
2001-04-03,69.913643
2001-04-04,70.204956
2001-04-05,72.864983
2001-04-06,71.756660
2001-04-09,72.554634
2001-04-10,73.878326
2001-04-11,73.928940
2001-04-12,75.271675
2001-04-16,74.479973
2001-04-17,75.531303
2001-04-18,78.533302
2001-04-19,79.578331
2001-04-20,78.849960
2001-04-23,77.418633
2001-04-24,77.000641
2001-04-25,78.007660
2001-04-26,78.355965
2001-04-27,79.660629
2001-04-30,80.217957
2001-05-01,80.464966
2001-05-02,80.319305
2001-05-03,79.299629
2001-05-04,80.648643
2001-05-07,79.951996
2001-05-08,79.913986
2001-05-09,79.578331
2001-05-10,79.812622
2001-05-11,79.261642
2001-05-14,79.419975
2001-05-15,79.787285
2001-05-16,81.668312
2001-05-17,81.794983
2001-05-18,82.168602
2001-05-21,83.378296
2001-05-22,83.270638
2001-05-23,81.858284
2001-05-24,82.099022
2001-05-25,81.130005
2001-05-29,80.483971
2001-05-30,79.356659
2001-05-31,79.768295
2001-06-01,80.262291
2001-06-04,80.648643
2001-06-05,81.573334
2001-06-06,80.895653
2001-06-07,81.186966
2001-06-08,80.433311
2001-06-11,79.863312
2001-06-12,79.723938
2001-06-13,79.039932
2001-06-14,77.266640
2001-06-15,77.391144
2001-06-18,77.016418
2001-06-19,77.353027
2001-06-20,77.759476
2001-06-21,78.642342
2001-06-22,78.026276
2001-06-25,77.308563
2001-06-26,77.200577
2001-06-27,77.156120
2001-06-28,77.581688
2001-06-29,77.867485
2001-07-02,78.839272
2001-07-03,78.820168
2001-07-05,77.283119
2001-07-06,75.612778
2001-07-09,76.025597
2001-07-10,75.111008
2001-07-11,75.187202
2001-07-12,76.971954
2001-07-13,77.638809
2001-07-16,76.667053
2001-07-17,77.384781
2001-07-18,76.857643
2001-07-19,77.530846
2001-07-20,77.067207
2001-07-23,75.549240
2001-07-24,74.818832
2001-07-25,75.644539
2001-07-26,76.438423
2001-07-27,76.730606
2001-07-30,76.756004
2001-07-31,77.073547
2001-08-01,77.556252
2001-08-02,77.873825
2001-08-03,77.448250
2001-08-06,76.406670
2001-08-07,76.705185
2001-08-08,75.282471
2001-08-09,75.504776
2001-08-10,75.765175
2001-08-13,75.784210
2001-08-14,75.752480
2001-08-15,75.098305
2001-08-16,75.358696
2001-08-17,74.151970
2001-08-20,74.837906
2001-08-21,73.561272
2001-08-22,74.323418
2001-08-23,74.056702
2001-08-24,75.593712
2001-08-27,75.142700
2001-08-28,74.044006
2001-08-29,73.383415
2001-08-30,71.973427
2001-08-31,72.500603
2001-09-04,72.036942
2001-09-05,72.214790
2001-09-06,70.353844
2001-09-07,69.051796
2001-09-10,69.896515
2001-09-17,66.244514
2001-09-18,66.085739
2001-09-19,64.751968
2001-09-20,62.694115
2001-09-21,62.017715
2001-09-24,64.198021
2001-09-25,64.867393
2001-09-26,64.637924
2001-09-27,65.198921
2001-09-28,66.582359
2001-10-01,66.473946
2001-10-02,67.309105
2001-10-03,68.437531
2001-10-04,68.494865
2001-10-05,68.361031
2001-10-08,67.914772
2001-10-09,67.551361
2001-10-10,69.055923
2001-10-11,70.126968
2001-10-12,69.808174
2001-10-15,69.680679
2001-10-16,70.120590
2001-10-17,68.628769
2001-10-18,68.482155
2001-10-19,68.437531
2001-10-22,69.789047
2001-10-23,69.432076
2001-10-24,69.247139
2001-10-25,70.490295
2001-10-26,70.330940
2001-10-29,68.501297
2001-10-30,67.678879
2001-10-31,67.449379
2001-11-01,69.177025
2001-11-02,69.648819
2001-11-05,70.560425
2001-11-06,71.656982
2001-11-07,71.561386
2001-11-08,71.784492
2001-11-09,71.860962
2001-11-12,71.421104
2001-11-13,73.027611
2001-11-14,73.097763
2001-11-15,73.231659
2001-11-16,72.906509
2001-11-19,73.805420
2001-11-20,73.186989
2001-11-21,72.702515
2001-11-23,73.748016
2001-11-26,73.907425
2001-11-27,73.588638
2001-11-28,72.256241
2001-11-29,73.231659
2001-11-30,72.708870
2001-12-03,72.275391
2001-12-04,73.499390
2001-12-05,74.844528
2001-12-06,74.806320
2001-12-07,74.309059
2001-12-10,72.919281
2001-12-11,72.772652
2001-12-12,72.855469
2001-12-13,71.440201
2001-12-14,72.122391
2001-12-17,72.868263
2001-12-18,73.301735
2001-12-19,73.818123
2001-12-20,73.091400
2001-12-21,73.534698
2001-12-24,73.393967
2001-12-26,73.796989
2001-12-27,74.244774
2001-12-28,74.206390
2001-12-31,73.118912
2002-01-02,73.905731
2002-01-03,74.743752
2002-01-04,75.242744
2002-01-07,74.711761
2002-01-08,74.539062
2002-01-09,73.931320
2002-01-10,74.257568
2002-01-11,73.528328
2002-01-14,73.067719
2002-01-15,73.662643
2002-01-16,72.172134
2002-01-17,72.715881
2002-01-18,72.383255
2002-01-22,71.884293
2002-01-23,72.434418
2002-01-24,72.658302
2002-01-25,72.639107
2002-01-28,72.837402
2002-01-29,70.547256
2002-01-30,71.564400
2002-01-31,72.402397
2002-02-01,72.063362
2002-02-04,70.272163
2002-02-05,69.837204
2002-02-06,69.536530
2002-02-07,69.101524
2002-02-08,70.425705
2002-02-11,71.289330
2002-02-12,71.065414
2002-02-13,71.820282
2002-02-14,71.685921
2002-02-15,70.937492
2002-02-19,69.574875
2002-02-20,70.745567
2002-02-21,69.280685
2002-02-22,70.137848
2002-02-25,71.295692
2002-02-26,71.148621
2002-02-27,71.423653
2002-02-28,71.103767
2002-03-01,72.760658
2002-03-04,74.046486
2002-03-05,73.809761
2002-03-06,74.686226
2002-03-07,74.526245
2002-03-08,74.839760
2002-03-11,74.999634
2002-03-12,74.954857
2002-03-13,74.232002
2002-03-14,74.129639
2002-03-15,74.835991
2002-03-18,74.848808
2002-03-19,75.349197
2002-03-20,73.931404
2002-03-21,73.963463
2002-03-22,73.803062
2002-03-25,72.885704
2002-03-26,73.309120
2002-03-27,73.501595
2002-03-28,73.469505
2002-04-01,73.501595
2002-04-02,73.097427
2002-04-03,72.584152
2002-04-04,72.282654
2002-04-05,72.295441
2002-04-08,72.449409
2002-04-09,71.942627
2002-04-10,72.757378
2002-04-11,70.948227
2002-04-12,71.480690
2002-04-15,70.935349
2002-04-16,72.622650
2002-04-17,72.468666
2002-04-18,72.154305
2002-04-19,72.417358
2002-04-22,71.211273
2002-04-23,70.903328
2002-04-24,70.191216
2002-04-25,70.229698
2002-04-26,68.895302
2002-04-29,68.555275
2002-04-30,69.196808
2002-05-01,70.043617
2002-05-02,69.774162
2002-05-03,69.017204
2002-05-06,67.663536
2002-05-07,67.426132
2002-05-08,69.934586
2002-05-09,69.126266
2002-05-10,67.823906
2002-05-13,69.203232
2002-05-14,70.710838
2002-05-15,70.434990
2002-05-16,70.800682
2002-05-17,71.147125
2002-05-20,70.377266
2002-05-21,69.735718
2002-05-22,69.889679
2002-05-23,70.633881
2002-05-24,69.729263
2002-05-28,69.350784
2002-05-29,68.837532
2002-05-30,68.645088
2002-05-31,68.786240
2002-06-03,66.957840
2002-06-04,67.124641
2002-06-05,67.753334
2002-06-06,66.374023
2002-06-07,66.297050
2002-06-10,66.553665
2002-06-11,65.411705
2002-06-12,65.809441
2002-06-13,65.148689
2002-06-14,65.052422
2002-06-17,66.797455
2002-06-18,67.342728
2002-06-19,65.770996
2002-06-20,64.930542
2002-06-21,63.915287
2002-06-24,64.250069
2002-06-25,62.807991
2002-06-26,62.910984
2002-06-27,64.011879
2002-06-28,63.709263
2002-07-01,62.466801
2002-07-02,61.140549
2002-07-03,61.488186
2002-07-05,63.934612
2002-07-08,63.136284
2002-07-09,61.546185
2002-07-10,59.305798
2002-07-11,59.788635
2002-07-12,59.131924
2002-07-15,59.447414
2002-07-16,58.301445
2002-07-17,58.417355
2002-07-18,56.524616
2002-07-19,54.535297
2002-07-22,52.919407
2002-07-23,51.470871
2002-07-24,54.541729
2002-07-25,54.078224
2002-07-26,55.108280
2002-07-29,57.792889
2002-07-30,58.546139
2002-07-31,58.687775
2002-08-01,57.155510
2002-08-02,55.874359
2002-08-05,53.930153
2002-08-06,55.745602
2002-08-07,56.717739
2002-08-08,58.552528
2002-08-09,58.771420
2002-08-12,58.340111
2002-08-13,57.277828
2002-08-14,59.370171
2002-08-15,60.194233
2002-08-16,60.013943
2002-08-19,61.417412
2002-08-20,60.767204
2002-08-21,61.642727
2002-08-22,62.241459
2002-08-23,60.902374
2002-08-26,61.327244
2002-08-27,60.619106
2002-08-28,59.292912
2002-08-29,59.318623
2002-08-30,59.086849
2002-09-03,56.833618
2002-09-04,57.644794
2002-09-05,57.155510
2002-09-06,57.940948
2002-09-09,58.365845
2002-09-10,59.035378
2002-09-11,58.668415
2002-09-12,57.586876
2002-09-13,57.728493
2002-09-16,57.870113
2002-09-17,56.543919
2002-09-18,55.977383
2002-09-19,54.528893
2002-09-20,54.546974
2002-09-23,54.100758
2002-09-24,53.227779
2002-09-25,54.546974
2002-09-26,55.439384
2002-09-27,53.512302
2002-09-30,52.891510
2002-10-01,55.432907
2002-10-02,53.770996
2002-10-03,53.227779
2002-10-04,52.251289
2002-10-07,51.171307
2002-10-08,51.973232
2002-10-09,50.505264
2002-10-10,52.141346
2002-10-11,54.424107
2002-10-14,54.728069
2002-10-15,57.360016
2002-10-16,55.969677
2002-10-17,57.081936
2002-10-18,57.321205
2002-10-21,58.310585
2002-10-22,57.890301
2002-10-23,58.330021
2002-10-24,57.140144
2002-10-25,58.330021
2002-10-28,57.948486
2002-10-29,57.275959
2002-10-30,57.832100
2002-10-31,57.243599
2002-11-01,58.375298
2002-11-04,58.931389
2002-11-05,59.397022
2002-11-06,60.166576
2002-11-07,58.692150
2002-11-08,57.974354
2002-11-11,57.075470
2002-11-12,57.528172
2002-11-13,57.586357
2002-11-14,58.672760
2002-11-15,59.106030
2002-11-18,58.511074
2002-11-19,58.433453
2002-11-20,59.733307
2002-11-21,60.845547
2002-11-22,60.412342
2002-11-25,60.451122
2002-11-26,59.300014
2002-11-27,60.968445
2002-11-29,60.774448
2002-12-02,60.871445
2002-12-03,60.056664
2002-12-04,59.785007
2002-12-05,59.125412
2002-12-06,59.513439
2002-12-09,57.877327
2002-12-10,58.653358
2002-12-11,58.705109
2002-12-12,58.698612
2002-12-13,57.773865
2002-12-16,59.267708
2002-12-17,58.750381
2002-12-18,58.071323
2002-12-19,57.657482
2002-12-20,58.480183
2002-12-23,58.499695
2002-12-24,58.064304
2002-12-26,58.090294
2002-12-27,56.784065
2002-12-30,57.258453
2002-12-31,57.336449
2003-01-02,59.182049
2003-01-03,59.363949
2003-01-06,60.410271
2003-01-07,60.260803
2003-01-08,59.389999
2003-01-09,60.312778
2003-01-10,60.475258
2003-01-13,60.455753
2003-01-14,60.650688
2003-01-15,60.046333
2003-01-16,59.799381
2003-01-17,58.915600
2003-01-21,57.999329
2003-01-22,57.297470
2003-01-23,57.648422
2003-01-24,56.134220
2003-01-27,55.367413
2003-01-28,55.776791
2003-01-29,56.199211
2003-01-30,54.867031
2003-01-31,55.926273
2003-02-03,56.036747
2003-02-04,55.484386
2003-02-05,55.139977
2003-02-06,54.880009
2003-02-07,54.210651
2003-02-10,54.594074
2003-02-11,54.217155
2003-02-12,53.352859
2003-02-13,53.515301
2003-02-14,54.685066
2003-02-18,55.646824
2003-02-19,55.354420
2003-02-20,54.802044
2003-02-21,55.354420
2003-02-24,54.457592
2003-02-25,54.893005
2003-02-26,54.093681
2003-02-27,54.808521
2003-02-28,55.172459
2003-03-03,54.646061
2003-03-04,53.775269
2003-03-05,54.230148
2003-03-06,53.775269
2003-03-07,54.145668
2003-03-10,52.845959
2003-03-11,52.326088
2003-03-12,52.677025
2003-03-13,54.496605
2003-03-14,54.672050
2003-03-17,56.394154
2003-03-18,56.725590
2003-03-19,57.161015
2003-03-20,57.284454
2003-03-21,58.507179
2003-03-24,56.562847
2003-03-25,57.104378
2003-03-26,56.817287
2003-03-27,56.862976
2003-03-28,56.575882
2003-03-31,55.290504
2003-04-01,56.138725
2003-04-02,57.495888
2003-04-03,57.221802
2003-04-04,57.561115
2003-04-07,57.450214
2003-04-08,57.541527
2003-04-09,56.784683
2003-04-10,57.097858
2003-04-11,56.862976
2003-04-14,58.037411
2003-04-15,58.578960
2003-04-16,57.580677
2003-04-17,58.435413
2003-04-21,58.494164
2003-04-22,59.596821
2003-04-23,60.144924
2003-04-24,59.609856
2003-04-25,58.872570
2003-04-28,59.890423
2003-04-29,60.099224
2003-04-30,59.968735
2003-05-01,59.962227
2003-05-02,60.816952
2003-05-05,60.699490
2003-05-06,61.273685
2003-05-07,60.934395
2003-05-08,60.321083
2003-05-09,61.156227
2003-05-12,61.906559
2003-05-13,61.795692
2003-05-14,61.665138
2003-05-15,62.056664
2003-05-16,61.900101
2003-05-19,60.451576
2003-05-20,60.327606
2003-05-21,60.451576
2003-05-22,61.051842
2003-05-23,61.175823
2003-05-27,62.245869
2003-05-28,62.422043
2003-05-29,62.258911
2003-05-30,63.257172
2003-06-02,63.518173
2003-06-03,63.779167
2003-06-04,64.699165
2003-06-05,65.018883
2003-06-06,64.764420
2003-06-09,64.105431
2003-06-10,64.757881
2003-06-11,65.442970
2003-06-12,65.645218
2003-06-13,64.960159
2003-06-16,66.330338
2003-06-17,66.330338
2003-06-18,66.271645
2003-06-19,65.260284
2003-06-20,65.116226
2003-06-23,64.448280
2003-06-24,64.513779
2003-06-25,63.865532
2003-06-26,64.697105
2003-06-27,63.950596
2003-06-30,63.930988
2003-07-01,64.520332
2003-07-02,65.332306
2003-07-03,64.657860
2003-07-07,65.941322
2003-07-08,66.236000
2003-07-09,65.862694
2003-07-10,65.024559
2003-07-11,65.640099
2003-07-14,65.960938
2003-07-15,65.816902
2003-07-16,65.430565
2003-07-17,64.500679
2003-07-18,65.162071
2003-07-21,64.356606
2003-07-22,64.939415
2003-07-23,64.985252
2003-07-24,64.494125
2003-07-25,65.633537
2003-07-28,65.391281
2003-07-29,65.090019
2003-07-30,64.932854
2003-07-31,65.083496
2003-08-01,64.507217
2003-08-04,64.507217
2003-08-05,63.138649
2003-08-06,63.505352
2003-08-07,64.173264
2003-08-08,64.356606
2003-08-11,64.598900
2003-08-12,65.188271
2003-08-13,64.854271
2003-08-14,65.031082
2003-08-15,65.234093
2003-08-18,65.797249
2003-08-19,66.046066
2003-08-20,65.777611
2003-08-21,65.987129
2003-08-22,65.332306
2003-08-25,65.437088
2003-08-26,65.554970
2003-08-27,65.574608
2003-08-28,65.980621
2003-08-29,66.425873
2003-09-02,67.316422
2003-09-03,67.683144
2003-09-04,67.715889
2003-09-05,67.336082
2003-09-08,67.892685
2003-09-09,67.447403
2003-09-10,66.766380
2003-09-11,66.962814
2003-09-12,67.087250
2003-09-15,66.851540
2003-09-16,67.827232
2003-09-17,67.696266
2003-09-18,68.495148
2003-09-19,68.146729
2003-09-22,67.410538
2003-09-23,67.666870
2003-09-24,66.463966
2003-09-25,65.918335
2003-09-26,65.701431
2003-09-29,66.345657
2003-09-30,65.701431
2003-10-01,67.101562
2003-10-02,67.344749
2003-10-03,67.962700
2003-10-06,68.271637
2003-10-07,68.534599
2003-10-08,68.363686
2003-10-09,68.547722
2003-10-10,68.738365
2003-10-13,68.955284
2003-10-14,69.198524
2003-10-15,69.014442
2003-10-16,69.290558
2003-10-17,68.534599
2003-10-20,69.047325
2003-10-21,68.929016
2003-10-22,68.061279
2003-10-23,67.936394
2003-10-24,68.087616
2003-10-27,68.120438
2003-10-28,69.047325
2003-10-29,69.139351
2003-10-30,69.283966
2003-10-31,69.218246
2003-11-03,69.671791
2003-11-04,69.520615
2003-11-05,69.573174
2003-11-06,69.941269
2003-11-07,69.421997
2003-11-10,69.139351
2003-11-11,69.119637
2003-11-12,69.895264
2003-11-13,69.915001
2003-11-14,69.323418
2003-11-17,68.975044
2003-11-18,68.258469
2003-11-19,68.836960
2003-11-20,68.219078
2003-11-21,68.501732
2003-11-24,69.408852
2003-11-25,69.671791
2003-11-26,69.921570
2003-11-28,69.974174
2003-12-01,70.730110
2003-12-02,70.552635
2003-12-03,70.440895
2003-12-04,70.730110
2003-12-05,70.237083
2003-12-08,70.710388
2003-12-09,70.164772
2003-12-10,70.158211
2003-12-11,70.946999
2003-12-12,71.085068
2003-12-15,70.730110
2003-12-16,71.098228
2003-12-17,71.321709
2003-12-18,72.123688
2003-12-19,71.922890
2003-12-22,72.424828
2003-12-23,72.471069
2003-12-24,72.398430
2003-12-26,72.451248
2003-12-29,73.415527
2003-12-30,73.428726
2003-12-31,73.494789
2004-01-02,73.461761
2004-01-05,74.260918
2004-01-06,74.333549
2004-01-07,74.584518
2004-01-08,74.881714
2004-01-09,74.227890
2004-01-12,74.776062
2004-01-13,74.340134
2004-01-14,74.960991
2004-01-15,75.145920
2004-01-16,75.443100
2004-01-20,75.423286
2004-01-21,76.017654
2004-01-22,75.819534
2004-01-23,75.575180
2004-01-26,76.526237
2004-01-27,75.740303
2004-01-28,74.875114
2004-01-29,74.947769
2004-01-30,74.947769
2004-02-02,75.271370
2004-02-03,75.145920
2004-02-04,74.531700
2004-02-05,74.749641
2004-02-06,75.588387
2004-02-09,75.608192
2004-02-10,75.852562
2004-02-11,76.658333
2004-02-12,76.380951
2004-02-13,76.037468
2004-02-17,76.724342
2004-02-18,76.387520
2004-02-19,76.103561
2004-02-20,75.872368
2004-02-23,75.680840
2004-02-24,75.548737
2004-02-25,75.865784
2004-02-26,75.911987
2004-02-27,75.964867
2004-03-01,76.717751
2004-03-02,76.268646
2004-03-03,76.407364
2004-03-04,76.605507
2004-03-05,76.863022
2004-03-08,75.925186
2004-03-09,75.621407
2004-03-10,74.353355
2004-03-11,73.389076
2004-03-12,74.353355
2004-03-15,73.441948
2004-03-16,73.831596
2004-03-17,74.657143
2004-03-18,74.676994
2004-03-19,73.606613
2004-03-22,72.672089
2004-03-23,72.546204
2004-03-24,72.605835
2004-03-25,73.566826
2004-03-26,73.586746
2004-03-29,74.620644
2004-03-30,74.872490
2004-03-31,74.958641
2004-04-01,75.409348
2004-04-02,75.979309
2004-04-05,76.396828
2004-04-06,76.151657
2004-04-07,75.972679
2004-04-08,75.800377
2004-04-12,76.098610
2004-04-13,75.031532
2004-04-14,75.150864
2004-04-15,74.865860
2004-04-16,75.442444
2004-04-19,75.442444
2004-04-20,74.176567
2004-04-21,74.673653
2004-04-22,75.720833
2004-04-23,75.793732
2004-04-26,75.687691
2004-04-27,75.753983
2004-04-28,74.773048
2004-04-29,74.116943
2004-04-30,73.540298
2004-05-03,74.328979
2004-05-04,74.269394
2004-05-05,74.746544
2004-05-06,74.103676
2004-05-07,72.877579
2004-05-10,72.128647
2004-05-11,72.738365
2004-05-12,73.202347
2004-05-13,72.897446
2004-05-14,72.930588
2004-05-17,72.307610
2004-05-18,72.672089
2004-05-19,72.420265
2004-05-20,72.652252
2004-05-21,72.778198
2004-05-24,73.083023
2004-05-25,74.130196
2004-05-26,74.388664
2004-05-27,74.806229
2004-05-28,74.799591
2004-06-01,74.700165
2004-06-02,74.978516
2004-06-03,74.289284
2004-06-04,74.879112
2004-06-07,76.019081
2004-06-08,76.125114
2004-06-09,75.415932
2004-06-10,75.787109
2004-06-14,75.038208
2004-06-15,75.568413
2004-06-16,75.555168
2004-06-17,75.442444
2004-06-18,75.584816
2004-06-21,75.298828
2004-06-22,75.677925
2004-06-23,76.329819
2004-06-24,76.090332
2004-06-25,75.724525
2004-06-28,75.465103
2004-06-29,75.777718
2004-06-30,76.183464
2004-07-01,75.125862
2004-07-02,75.085945
2004-07-06,74.427406
2004-07-07,74.646896
2004-07-08,74.128090
2004-07-09,74.320999
2004-07-12,74.354195
2004-07-13,74.407463
2004-07-14,74.181259
2004-07-15,73.702347
2004-07-16,73.642464
2004-07-19,73.329842
2004-07-20,74.261101
2004-07-21,72.890823
2004-07-22,73.090393
2004-07-23,72.478416
2004-07-26,72.338684
2004-07-27,73.017235
2004-07-28,73.236748
2004-07-29,73.549377
2004-07-30,73.728943
2004-08-02,73.881935
2004-08-03,73.309891
2004-08-04,73.303246
2004-08-05,72.105896
2004-08-06,71.074875
2004-08-09,71.174660
2004-08-10,72.092636
2004-08-11,71.946281
2004-08-12,71.161354
2004-08-13,71.301056
2004-08-16,72.039406
2004-08-17,72.445137
2004-08-18,73.190147
2004-08-19,72.977295
2004-08-20,73.489494
2004-08-23,73.303246
2004-08-24,73.403008
2004-08-25,73.901924
2004-08-26,73.901924
2004-08-27,74.134735
2004-08-30,73.522743
2004-08-31,73.908516
2004-09-01,74.048218
2004-09-02,74.886368
2004-09-03,74.580399
2004-09-07,75.072647
2004-09-08,74.886368
2004-09-09,74.819878
2004-09-10,75.205650
2004-09-13,75.451828
2004-09-14,75.604790
2004-09-15,75.032722
2004-09-16,75.258904
2004-09-17,75.578865
2004-09-20,75.124634
2004-09-21,75.451927
2004-09-22,74.510139
2004-09-23,74.109344
2004-09-24,74.449966
2004-09-27,73.975723
2004-09-28,74.329781
2004-09-29,74.703827
2004-09-30,74.650375
2004-10-01,75.912804
2004-10-04,76.039726
2004-10-05,76.079765
2004-10-06,76.600784
2004-10-07,75.779213
2004-10-08,75.151314
2004-10-11,75.458618
2004-10-12,75.164680
2004-10-13,74.503448
2004-10-14,73.902252
2004-10-15,74.316383
2004-10-18,74.596939
2004-10-19,73.969048
2004-10-20,73.822090
2004-10-21,74.303032
2004-10-22,73.468086
2004-10-25,73.381271
2004-10-26,74.503448
2004-10-27,75.398491
2004-10-28,75.625603
2004-10-29,75.612259
2004-11-01,75.819305
2004-11-02,75.845978
2004-11-03,76.801147
2004-11-04,77.849884
2004-11-05,78.337486
2004-11-08,78.223900
2004-11-09,78.070297
2004-11-10,78.130402
2004-11-11,78.724892
2004-11-12,79.346077
2004-11-15,79.541031
2004-11-16,78.971603
2004-11-17,79.440552
2004-11-18,79.547707
2004-11-19,78.663422
2004-11-22,79.038582
2004-11-23,79.159172
2004-11-24,79.346786
2004-11-26,79.286484
2004-11-29,78.924675
2004-11-30,78.978310
2004-12-01,79.876030
2004-12-02,79.943008
2004-12-03,79.889427
2004-12-06,79.862595
2004-12-07,79.118988
2004-12-08,79.581276
2004-12-09,79.862595
2004-12-10,79.943008
2004-12-13,80.639702
2004-12-14,80.921104
2004-12-15,80.981384
2004-12-16,80.934494
2004-12-17,80.394684
2004-12-20,80.414879
2004-12-21,81.034126
2004-12-22,81.229301
2004-12-23,81.289871
2004-12-27,81.121605
2004-12-28,81.565880
2004-12-29,81.686996
2004-12-30,81.532211
2004-12-31,81.357185
2005-01-03,80.973549
2005-01-04,79.984093
2005-01-05,79.432137
2005-01-06,79.835968
2005-01-07,79.721588
2005-01-10,80.098503
2005-01-11,79.546539
2005-01-12,79.809067
2005-01-13,79.169632
2005-01-14,79.586945
2005-01-18,80.414879
2005-01-19,79.573494
2005-01-20,79.088844
2005-01-21,78.604218
2005-01-24,78.449425
2005-01-25,78.671516
2005-01-26,78.907127
2005-01-27,79.041756
2005-01-28,79.041756
2005-01-31,79.533089
2005-02-01,80.037903
2005-02-02,80.280220
2005-02-03,80.071564
2005-02-04,80.926407
2005-02-07,80.818726
2005-02-08,80.912941
2005-02-09,80.307152
2005-02-10,80.596581
2005-02-11,81.289871
2005-02-14,81.229301
2005-02-15,81.532211
2005-02-16,81.586052
2005-02-17,80.926407
2005-02-18,81.034126
2005-02-22,79.829285
2005-02-23,80.401382
2005-02-24,80.933144
2005-02-25,81.734131
2005-02-28,81.195686
2005-03-01,81.599503
2005-03-02,81.559143
2005-03-03,81.592743
2005-03-04,82.609161
2005-03-07,82.649521
2005-03-08,82.339951
2005-03-09,81.424522
2005-03-10,81.606209
2005-03-11,81.034126
2005-03-14,81.538925
2005-03-15,80.865814
2005-03-16,80.179276
2005-03-17,80.340790
2005-03-18,80.102249
2005-03-21,79.804970
2005-03-22,78.994072
2005-03-23,79.061646
2005-03-24,79.156258
2005-03-28,79.271118
2005-03-29,78.744041
2005-03-30,79.858994
2005-03-31,79.710350
2005-04-01,79.352219
2005-04-04,79.487381
2005-04-05,79.865768
2005-04-06,80.142784
2005-04-07,80.575256
2005-04-08,79.737373
2005-04-11,79.798180
2005-04-12,80.210403
2005-04-13,79.264366
2005-04-14,78.230469
2005-04-15,77.135803
2005-04-18,77.372322
2005-04-19,77.987190
2005-04-20,76.899284
2005-04-21,78.392654
2005-04-22,78.095345
2005-04-25,78.608910
2005-04-26,77.845284
2005-04-27,78.149384
2005-04-28,77.169563
2005-04-29,78.216949
2005-05-02,78.656174
2005-05-03,78.791321
2005-05-04,79.399498
2005-05-05,79.372490
2005-05-06,79.122444
2005-05-09,79.615753
2005-05-10,78.791321
2005-05-11,79.223816
2005-05-12,78.352119
2005-05-13,78.196709
2005-05-16,78.926468
2005-05-17,79.453568
2005-05-18,80.271240
2005-05-19,80.609077
2005-05-20,80.494247
2005-05-23,80.940186
2005-05-24,80.750977
2005-05-25,80.690178
2005-05-26,81.122681
2005-05-27,81.257812
2005-05-31,80.737511
2005-06-01,81.426743
2005-06-02,81.602425
2005-06-03,81.190216
2005-06-06,81.115891
2005-06-07,81.176689
2005-06-08,81.028053
2005-06-09,81.413208
2005-06-10,81.224022
2005-06-13,81.480774
2005-06-14,81.670013
2005-06-15,81.825401
2005-06-16,82.034927
2005-06-17,82.338837
2005-06-20,82.366028
2005-06-21,82.413452
2005-06-22,82.481331
2005-06-23,81.321152
2005-06-24,80.724098
2005-06-27,80.839424
2005-06-28,81.517906
2005-06-29,81.300797
2005-06-30,80.859802
2005-07-01,81.097244
2005-07-05,81.748573
2005-07-06,81.063370
2005-07-07,81.382195
2005-07-08,82.311684
2005-07-11,82.732353
2005-07-12,82.949463
2005-07-13,83.064827
2005-07-14,83.390480
2005-07-15,83.342979
2005-07-18,83.010551
2005-07-19,83.465118
2005-07-20,83.750053
2005-07-21,83.261597
2005-07-22,83.817894
2005-07-25,83.580460
2005-07-26,83.682220
2005-07-27,83.987511
2005-07-28,84.516724
2005-07-29,83.953613
2005-08-01,83.892532
2005-08-02,84.394600
2005-08-03,84.618484
2005-08-04,83.940056
2005-08-05,83.370148
2005-08-08,83.214050
2005-08-09,83.716125
2005-08-10,83.675430
2005-08-11,84.007874
2005-08-12,83.492226
2005-08-15,84.007874
2005-08-16,82.915527
2005-08-17,82.908768
2005-08-18,82.901985
2005-08-19,83.091957
2005-08-22,83.091957
2005-08-23,82.935936
2005-08-24,82.196350
2005-08-25,82.494896
2005-08-26,81.931778
2005-08-29,82.562744
2005-08-30,82.128510
2005-08-31,83.166580
2005-09-01,83.105507
2005-09-02,82.956245
2005-09-06,83.926506
2005-09-07,84.068977
2005-09-08,83.790817
2005-09-09,84.537086
2005-09-12,84.367462
2005-09-13,83.899330
2005-09-14,83.594017
2005-09-15,83.553291
2005-09-16,84.147484
2005-09-19,83.868080
2005-09-20,83.159492
2005-09-21,82.382736
2005-09-22,82.675735
2005-09-23,82.743858
2005-09-26,82.839279
2005-09-27,82.818840
2005-09-28,82.900551
2005-09-29,83.575119
2005-09-30,83.834045
2005-10-03,83.534256
2005-10-04,82.593948
2005-10-05,81.510605
2005-10-06,81.217628
2005-10-07,81.496971
2005-10-10,80.808807
2005-10-11,80.692993
2005-10-12,80.059319
2005-10-13,80.011635
2005-10-14,80.856514
2005-10-17,81.156319
2005-10-18,80.277344
2005-10-19,81.612793
2005-10-20,80.175163
2005-10-21,80.488579
2005-10-24,81.735451
2005-10-25,81.571922
2005-10-26,81.333458
2005-10-27,80.468140
2005-10-28,81.626427
2005-10-31,81.851265
2005-11-01,82.096550
2005-11-02,82.955078
2005-11-03,83.309395
2005-11-04,83.200378
2005-11-07,83.282143
2005-11-08,83.282143
2005-11-09,83.391136
2005-11-10,84.038422
2005-11-11,84.324608
2005-11-14,84.276894
2005-11-15,83.970268
2005-11-16,84.140625
2005-11-17,84.924179
2005-11-18,85.258049
2005-11-21,85.687317
2005-11-22,86.055260
2005-11-23,86.552620
2005-11-25,86.620789
2005-11-28,86.007553
2005-11-29,85.912155
2005-11-30,85.448860
2005-12-01,86.320969
2005-12-02,86.430008
2005-12-05,86.246056
2005-12-06,86.409561
2005-12-07,85.905334
2005-12-08,85.850807
2005-12-09,86.075684
2005-12-12,86.157463
2005-12-13,86.743423
2005-12-14,87.084114
2005-12-15,86.831970
2005-12-16,86.552528
2005-12-19,86.107285
2005-12-20,86.189514
2005-12-21,86.326469
2005-12-22,86.778572
2005-12-23,86.826485
2005-12-27,85.942917
2005-12-28,86.134735
2005-12-29,85.751129
2005-12-30,85.285362
2006-01-03,86.785431
2006-01-04,87.196381
2006-01-05,87.251205
2006-01-06,87.977257
2006-01-09,88.203316
2006-01-10,88.292343
2006-01-11,88.573189
2006-01-12,88.223839
2006-01-13,88.141632
2006-01-17,87.901932
2006-01-18,87.552567
2006-01-19,87.888214
2006-01-20,86.285385
2006-01-23,86.593636
2006-01-24,86.682671
2006-01-25,86.758034
2006-01-26,87.237488
2006-01-27,88.045761
2006-01-30,87.977257
2006-01-31,87.333412
2006-02-01,87.943031
2006-02-02,86.922409
2006-02-03,86.490883
2006-02-06,86.716888
2006-02-07,85.949760
2006-02-08,86.730621
2006-02-09,86.586761
2006-02-10,86.744278
2006-02-13,86.586761
2006-02-14,87.504623
2006-02-15,87.812836
2006-02-16,88.470428
2006-02-17,88.230698
2006-02-21,88.011513
2006-02-22,88.545769
2006-02-23,88.415657
2006-02-24,88.641663
2006-02-27,88.675926
2006-02-28,87.833420
2006-03-01,88.614281
2006-03-02,88.607468
2006-03-03,88.196434
2006-03-06,87.792297
2006-03-07,87.655327
2006-03-08,87.840286
2006-03-09,87.251205
2006-03-10,88.079987
2006-03-13,88.244392
2006-03-14,89.169106
2006-03-15,89.566391
2006-03-16,89.751305
2006-03-17,89.826317
2006-03-20,89.681892
2006-03-21,89.117920
2006-03-22,89.661278
2006-03-23,89.475540
2006-03-24,89.544342
2006-03-27,89.413704
2006-03-28,88.863510
2006-03-29,89.420555
2006-03-30,89.262360
2006-03-31,89.282997
2006-04-03,89.214249
2006-04-04,89.785049
2006-04-05,90.094444
2006-04-06,89.998207
2006-04-07,89.083580
2006-04-10,89.221138
2006-04-11,88.464638
2006-04-12,88.629677
2006-04-13,88.512764
2006-04-17,88.478416
2006-04-18,89.881294
2006-04-19,90.053223
2006-04-20,90.177025
2006-04-21,90.190781
2006-04-24,90.025703
2006-04-25,89.654343
2006-04-26,89.674965
2006-04-27,90.108223
2006-04-28,90.410812
2006-05-01,89.674965
2006-05-02,90.348946
2006-05-03,90.011948
2006-05-04,90.335159
2006-05-05,91.132881
2006-05-08,91.022850
2006-05-09,91.201691
2006-05-10,91.153557
2006-05-11,90.053223
2006-05-12,88.877251
2006-05-15,89.056061
2006-05-16,88.925430
2006-05-17,87.233727
2006-05-18,86.793564
2006-05-19,87.405617
2006-05-22,86.738564
2006-05-23,86.078354
2006-05-24,86.766052
2006-05-25,87.838844
2006-05-26,88.285881
2006-05-30,86.717926
2006-05-31,87.687592
2006-06-01,88.526550
2006-06-02,88.712219
2006-06-05,87.419350
2006-06-06,87.206177
2006-06-07,86.552872
2006-06-08,86.477242
2006-06-09,86.202126
2006-06-12,85.266884
2006-06-13,84.276634
2006-06-14,84.929939
2006-06-15,86.731674
2006-06-16,86.099663
2006-06-19,85.422722
2006-06-20,85.712845
2006-06-21,86.348305
2006-06-22,85.968391
2006-06-23,85.954597
2006-06-26,86.334496
2006-06-27,85.588524
2006-06-28,86.168747
2006-06-29,87.909370
2006-06-30,87.916267
2006-07-03,88.275436
2006-07-05,87.771233
2006-07-06,88.026810
2006-07-07,87.453484
2006-07-10,87.619278
2006-07-11,88.006088
2006-07-12,87.066673
2006-07-13,85.650658
2006-07-14,85.319145
2006-07-17,85.194809
2006-07-18,85.629951
2006-07-19,86.818016
2006-07-20,86.223999
2006-07-21,85.616158
2006-07-24,87.177200
2006-07-25,87.488007
2006-07-26,87.605438
2006-07-27,87.522545
2006-07-28,88.399796
2006-07-31,88.309967
2006-08-01,87.874832
2006-08-02,88.468872
2006-08-03,88.703697
2006-08-04,88.551735
2006-08-07,88.344528
2006-08-08,88.006088
2006-08-09,87.709053
2006-08-10,87.978470
2006-08-11,87.729752
2006-08-14,87.798851
2006-08-15,88.848785
2006-08-16,89.587868
2006-08-17,89.815796
2006-08-18,90.271652
2006-08-21,89.884842
2006-08-22,89.877937
2006-08-23,89.629257
2006-08-24,89.553307
2006-08-25,89.663811
2006-08-28,90.092041
2006-08-29,90.195679
2006-08-30,90.250946
2006-08-31,90.237129
2006-09-01,90.775902
2006-09-05,90.948578
2006-09-06,90.147339
2006-09-07,89.732895
2006-09-08,89.988449
2006-09-11,90.078293
2006-09-12,90.962372
2006-09-13,91.328506
2006-09-14,91.335388
2006-09-15,91.549782
2006-09-18,91.674637
2006-09-19,91.445702
2006-09-20,91.931313
2006-09-21,91.487312
2006-09-22,91.209839
2006-09-25,91.910507
2006-09-26,92.673668
2006-09-27,92.784668
2006-09-28,92.749992
2006-09-29,92.673668
2006-10-02,92.326820
2006-10-03,92.521042
2006-10-04,93.603355
2006-10-05,93.783714
2006-10-06,93.665733
2006-10-09,93.721268
2006-10-10,93.846146
2006-10-11,93.735161
2006-10-12,94.546852
2006-10-13,94.789680
2006-10-16,94.935364
2006-10-17,94.637062
2006-10-18,94.761932
2006-10-19,94.914528
2006-10-20,94.935364
2006-10-23,95.372429
2006-10-24,95.656898
2006-10-25,95.982925
2006-10-26,96.281258
2006-10-27,95.677689
2006-10-30,95.608353
2006-10-31,95.594437
2006-11-01,94.949242
2006-11-02,94.893715
2006-11-03,94.727211
2006-11-06,95.795609
2006-11-07,96.163322
2006-11-08,96.371513
2006-11-09,95.865028
2006-11-10,95.906677
2006-11-13,96.142532
2006-11-14,96.864014
2006-11-15,97.141541
2006-11-16,97.391312
2006-11-17,97.419014
2006-11-20,97.474556
2006-11-21,97.571686
2006-11-22,97.765915
2006-11-24,97.370522
2006-11-27,96.031487
2006-11-28,96.447754
2006-11-29,97.453743
2006-11-30,97.495346
2006-12-01,97.280266
2006-12-04,98.022621
2006-12-05,98.445824
2006-12-06,98.362587
2006-12-07,97.932465
2006-12-08,98.112778
2006-12-11,98.397224
2006-12-12,98.320938
2006-12-13,98.425011
2006-12-14,99.292282
2006-12-15,99.301300
2006-12-18,99.029228
2006-12-19,99.217598
2006-12-20,99.161774
2006-12-21,98.798973
2006-12-22,98.192047
2006-12-26,98.771088
2006-12-27,99.419891
2006-12-28,99.210655
2006-12-29,98.798973
2007-01-03,98.624619
2007-01-04,98.833878
2007-01-05,98.045555
2007-01-08,98.499001
2007-01-09,98.415276
2007-01-10,98.743187
2007-01-11,99.175743
2007-01-12,99.929199
2007-01-16,99.733841
2007-01-17,99.775711
2007-01-18,99.440834
2007-01-19,99.636139
2007-01-22,99.329216
2007-01-23,99.622231
2007-01-24,100.424515
2007-01-25,99.245461
2007-01-26,99.154793
2007-01-29,99.099014
2007-01-30,99.615219
2007-01-31,100.284927
2007-02-01,100.884911
2007-02-02,101.024467
2007-02-05,101.052376
2007-02-06,101.080254
2007-02-07,101.303543
2007-02-08,101.170959
2007-02-09,100.417511
2007-02-12,100.075676
2007-02-13,100.919823
2007-02-14,101.582588
2007-02-15,101.715088
2007-02-16,101.666267
2007-02-20,101.882568
2007-02-21,101.840645
2007-02-22,101.763947
2007-02-23,101.366295
2007-02-26,101.275642
2007-02-27,97.320015
2007-02-28,98.317673
2007-03-01,98.024620
2007-03-02,96.740974
2007-03-05,95.820099
2007-03-06,97.459549
2007-03-07,97.361877
2007-03-08,98.185066
2007-03-09,98.212997
2007-03-12,98.359505
2007-03-13,96.447998
2007-03-14,97.166527
2007-03-15,97.299133
2007-03-16,97.026642
2007-03-19,98.196289
2007-03-20,98.735596
2007-03-21,100.360512
2007-03-22,100.283485
2007-03-23,100.430588
2007-03-26,100.297493
2007-03-27,100.059380
2007-03-28,99.330978
2007-03-29,99.436012
2007-03-30,99.457047
2007-04-02,99.569099
2007-04-03,100.640709
2007-04-04,100.752769
2007-04-05,101.025917
2007-04-09,101.166008
2007-04-10,101.285072
2007-04-11,100.871819
2007-04-12,101.320091
2007-04-13,101.782372
2007-04-16,102.748932
2007-04-17,103.022057
2007-04-18,103.148125
2007-04-19,103.120102
2007-04-20,104.093697
2007-04-23,103.701424
2007-04-24,103.743454
2007-04-25,104.696030
2007-04-26,104.815094
2007-04-27,104.731079
2007-04-30,103.862564
2007-05-01,104.128654
2007-05-02,104.738045
2007-05-03,105.305359
2007-05-04,105.704597
2007-05-07,105.725601
2007-05-08,105.585541
2007-05-09,105.872696
2007-05-10,104.766037
2007-05-11,105.662582
2007-05-14,105.431442
2007-05-15,105.459419
2007-05-16,106.180908
2007-05-17,105.970749
2007-05-18,106.895256
2007-05-21,106.839256
2007-05-22,106.755234
2007-05-23,106.769180
2007-05-24,105.802612
2007-05-25,106.243904
2007-05-29,106.629112
2007-05-30,107.497589
2007-05-31,107.385536
2007-06-01,107.917839
2007-06-04,107.931877
2007-06-05,107.504616
2007-06-06,106.348969
2007-06-07,104.429848
2007-06-08,105.788643
2007-06-11,105.970749
2007-06-12,104.815094
2007-06-13,106.383934
2007-06-14,107.063431
2007-06-15,107.672531
2007-06-18,107.545952
2007-06-19,107.813187
2007-06-20,106.314941
2007-06-21,106.905846
2007-06-22,105.899918
2007-06-25,105.393509
2007-06-26,104.310211
2007-06-27,105.794426
2007-06-28,105.780342
2007-06-29,105.815514
2007-07-02,106.772156
2007-07-03,107.159103
2007-07-05,107.046516
2007-07-06,107.609222
2007-07-09,107.693687
2007-07-10,106.160172
2007-07-11,106.912849
2007-07-12,108.601006
2007-07-13,108.924644
2007-07-16,108.910561
2007-07-17,108.854332
2007-07-18,108.657295
2007-07-19,109.079430
2007-07-20,107.975044
2007-07-23,108.305588
2007-07-24,106.427452
2007-07-25,106.645515
2007-07-26,104.120262
2007-07-27,102.073296
2007-07-30,103.670097
2007-07-31,102.502419
2007-08-01,103.001793
2007-08-02,103.824814
2007-08-03,101.151833
2007-08-06,102.847092
2007-08-07,103.944420
2007-08-08,105.393509
2007-08-09,102.270317
2007-08-10,101.791969
2007-08-13,102.157730
2007-08-14,100.596115
2007-08-15,99.210350
2007-08-16,99.956047
2007-08-17,101.791969
2007-08-20,101.742699
2007-08-21,101.946693
2007-08-22,103.156570
2007-08-23,103.065170
2007-08-24,104.338326
2007-08-27,103.367592
2007-08-28,101.095589
2007-08-29,103.079208
2007-08-30,102.804886
2007-08-31,103.817818
2007-09-04,104.865913
2007-09-05,103.958504
2007-09-06,104.197624
2007-09-07,102.748619
2007-09-10,102.551636
2007-09-11,103.747475
2007-09-12,104.014778
2007-09-13,104.746315
2007-09-14,104.739304
2007-09-17,104.176575
2007-09-18,107.243477
2007-09-19,107.876541
2007-09-20,107.116875
2007-09-21,107.405930
2007-09-24,107.208046
2007-09-25,106.996002
2007-09-26,107.561348
2007-09-27,108.197441
2007-09-28,107.837067
2007-10-01,109.052696
2007-10-02,108.904198
2007-10-03,108.685135
2007-10-04,108.854759
2007-10-05,110.148148
2007-10-08,109.561493
2007-10-09,110.593369
2007-10-10,110.409660
2007-10-11,109.879585
2007-10-12,110.487350
2007-10-15,109.554443
2007-10-16,108.685135
2007-10-17,109.017311
2007-10-18,108.621590
2007-10-19,105.780403
2007-10-22,106.395279
2007-10-23,107.257462
2007-10-24,107.059601
2007-10-25,107.314026
2007-10-26,108.572060
2007-10-29,108.932510
2007-10-30,108.176277
2007-10-31,109.300034
2007-11-01,106.741585
2007-11-02,106.861717
2007-11-05,106.048927
2007-11-06,107.476555
2007-11-07,104.536469
2007-11-08,104.006378
2007-11-09,102.578781
2007-11-12,101.561028
2007-11-13,104.656670
2007-11-14,104.366859
2007-11-15,102.861458
2007-11-16,103.038139
2007-11-19,101.603447
2007-11-20,102.225365
2007-11-21,100.133415
2007-11-23,101.864952
2007-11-26,99.617447
2007-11-27,100.762421
2007-11-28,103.985207
2007-11-29,104.020538
2007-11-30,105.066551
2007-12-03,104.373901
2007-12-04,103.440979
2007-12-05,105.172562
2007-12-06,106.677956
2007-12-07,106.656754
2007-12-10,107.483604
2007-12-11,104.536469
2007-12-12,105.568405
2007-12-13,105.349281
2007-12-14,104.013458
2007-12-17,102.529251
2007-12-18,103.101746
2007-12-19,103.101746
2007-12-20,103.751976
2007-12-21,105.247566
2007-12-24,106.029137
2007-12-26,106.256516
2007-12-27,104.920753
2007-12-28,104.657860
2007-12-31,103.883430
2008-01-02,102.973946
2008-01-03,102.924210
2008-01-04,100.401939
2008-01-07,100.316696
2008-01-08,98.696747
2008-01-09,99.734039
2008-01-10,100.387733
2008-01-11,99.577751
2008-01-14,100.380608
2008-01-15,98.170914
2008-01-16,97.325432
2008-01-17,94.803123
2008-01-18,93.829727
2008-01-22,92.877617
2008-01-23,95.108635
2008-01-24,95.911530
2008-01-25,94.526047
2008-01-28,96.089165
2008-01-29,96.565224
2008-01-30,95.854691
2008-01-31,97.602509
2008-02-01,99.172745
2008-02-04,97.922272
2008-02-05,95.300491
2008-02-06,94.533127
2008-02-07,95.158379
2008-02-08,94.547356
2008-02-11,95.030495
2008-02-12,95.911530
2008-02-13,96.892006
2008-02-14,96.039413
2008-02-15,96.018082
2008-02-19,96.288101
2008-02-20,96.572281
2008-02-21,95.769424
2008-02-22,96.359100
2008-02-25,97.574081
2008-02-26,98.305916
2008-02-27,98.206474
2008-02-28,97.247276
2008-02-29,95.080238
2008-03-03,94.852852
2008-03-04,94.490517
2008-03-05,95.087334
2008-03-06,93.119225
2008-03-07,92.160034
2008-03-10,90.945061
2008-03-11,94.213402
2008-03-12,93.332405
2008-03-13,93.538422
2008-03-14,92.088997
2008-03-17,91.158234
2008-03-18,94.945251
2008-03-19,92.593445
2008-03-20,94.308517
2008-03-24,96.193565
2008-03-25,96.286407
2008-03-26,95.108231
2008-03-27,94.808350
2008-03-28,93.901535
2008-03-31,94.229965
2008-04-01,97.543068
2008-04-02,97.607323
2008-04-03,97.850075
2008-04-04,97.743019
2008-04-07,97.792946
2008-04-08,97.693024
2008-04-09,96.986122
2008-04-10,97.121811
2008-04-11,95.236763
2008-04-14,94.915443
2008-04-15,95.136803
2008-04-16,97.714424
2008-04-17,97.857224
2008-04-18,98.878281
2008-04-21,98.928284
2008-04-22,98.492683
2008-04-23,98.335640
2008-04-24,98.764038
2008-04-25,99.678040
2008-04-28,99.699409
2008-04-29,99.306702
2008-04-30,98.721230
2008-05-01,100.763329
2008-05-02,101.041801
2008-05-05,100.556274
2008-05-06,101.427353
2008-05-07,99.620888
2008-05-08,99.363853
2008-05-09,99.178177
2008-05-12,100.292084
2008-05-13,100.306351
2008-05-14,100.513397
2008-05-15,101.770126
2008-05-16,101.862953
2008-05-19,102.141380
2008-05-20,101.313126
2008-05-21,99.599503
2008-05-22,99.613731
2008-05-23,98.278519
2008-05-27,99.006805
2008-05-28,99.463837
2008-05-29,99.963615
2008-05-30,100.213570
2008-06-02,99.178177
2008-06-03,98.599823
2008-06-04,98.549858
2008-06-05,100.520569
2008-06-06,97.314568
2008-06-09,97.550240
2008-06-10,97.064682
2008-06-11,95.636612
2008-06-12,96.000786
2008-06-13,97.214638
2008-06-16,97.271736
2008-06-17,96.800514
2008-06-18,95.857979
2008-06-19,95.979317
2008-06-20,94.421478
2008-06-23,94.328194
2008-06-24,94.141556
2008-06-25,94.586494
2008-06-26,92.017494
2008-06-27,91.515182
2008-06-30,91.838104
2008-07-01,92.125153
2008-07-02,90.546425
2008-07-03,90.639671
2008-07-07,89.713989
2008-07-08,91.307098
2008-07-09,89.548988
2008-07-10,89.914925
2008-07-11,88.867218
2008-07-14,88.063553
2008-07-15,86.822075
2008-07-16,88.953346
2008-07-17,89.843178
2008-07-18,90.402885
2008-07-21,90.453140
2008-07-22,91.479263
2008-07-23,91.974426
2008-07-24,90.065651
2008-07-25,90.044075
2008-07-28,88.723755
2008-07-29,90.618195
2008-07-30,92.232773
2008-07-31,91.012856
2008-08-01,90.532051
2008-08-04,89.692459
2008-08-05,92.110764
2008-08-06,92.519821
2008-08-07,91.142036
2008-08-08,92.835533
2008-08-11,93.797142
2008-08-12,92.821213
2008-08-13,92.261490
2008-08-14,92.957581
2008-08-15,93.409645
2008-08-18,92.132317
2008-08-19,91.127663
2008-08-20,91.551048
2008-08-21,91.708908
2008-08-22,93.036491
2008-08-25,91.149193
2008-08-26,91.414726
2008-08-27,92.304527
2008-08-28,93.424011
2008-08-29,92.419373
2008-09-02,91.845276
2008-09-03,91.766380
2008-09-04,89.003578
2008-09-05,89.283470
2008-09-08,91.127663
2008-09-09,88.422333
2008-09-10,88.781136
2008-09-11,90.065651
2008-09-12,90.481865
2008-09-15,86.176277
2008-09-16,87.618622
2008-09-17,83.678993
2008-09-18,86.161896
2008-09-19,89.583748
2008-09-22,87.555573
2008-09-23,85.563583
2008-09-24,85.837860
2008-09-25,87.180290
2008-09-26,87.223587
2008-09-29,80.388596
2008-09-30,83.715889
2008-10-01,83.766411
2008-10-02,80.727844
2008-10-03,79.638000
2008-10-06,75.581757
2008-10-07,72.196747
2008-10-08,70.377960
2008-10-09,65.462830
2008-10-10,63.874958
2008-10-13,73.149483
2008-10-14,72.066811
2008-10-15,64.972000
2008-10-16,67.678558
2008-10-17,67.274384
2008-10-20,71.316238
2008-10-21,69.187042
2008-10-22,65.419502
2008-10-23,66.177353
2008-10-24,62.821201
2008-10-27,60.590996
2008-10-28,67.671379
2008-10-29,67.180565
2008-10-30,69.504631
2008-10-31,69.887123
2008-11-03,70.089218
2008-11-04,72.471031
2008-11-05,69.425194
2008-11-06,65.578293
2008-11-07,67.743523
2008-11-10,66.855797
2008-11-11,64.791573
2008-11-12,61.940670
2008-11-13,65.802010
2008-11-14,62.518074
2008-11-17,61.688034
2008-11-18,62.850075
2008-11-19,58.822704
2008-11-20,54.456104
2008-11-21,57.393642
2008-11-24,61.370483
2008-11-25,61.825188
2008-11-26,64.214188
2008-11-28,65.022545
2008-12-01,59.262970
2008-12-02,61.543713
2008-12-03,63.023285
2008-12-04,61.565376
2008-12-05,63.463562
2008-12-08,65.679298
2008-12-09,64.596703
2008-12-10,65.036987
2008-12-11,63.470783
2008-12-12,64.228615
2008-12-15,63.333672
2008-12-16,66.314476
2008-12-17,65.672104
2008-12-18,64.445152
2008-12-19,64.167915
2008-12-22,63.345715
2008-12-23,62.690868
2008-12-24,63.054676
2008-12-26,63.418488
2008-12-29,63.236595
2008-12-30,64.735481
2008-12-31,65.659500
2009-01-02,67.638641
2009-01-05,67.558594
2009-01-06,68.009682
2009-01-07,65.972397
2009-01-08,66.241623
2009-01-09,64.822784
2009-01-12,63.265682
2009-01-13,63.382095
2009-01-14,61.388443
2009-01-15,61.410255
2009-01-16,61.890495
2009-01-20,58.623524
2009-01-21,61.155640
2009-01-22,60.209728
2009-01-23,60.471664
2009-01-26,60.886391
2009-01-27,61.504871
2009-01-28,63.585812
2009-01-29,61.519424
2009-01-30,60.267902
2009-02-02,60.086048
2009-02-03,60.930038
2009-02-04,60.631733
2009-02-05,61.533970
2009-02-06,63.287510
2009-02-09,63.374825
2009-02-10,60.471664
2009-02-11,60.828167
2009-02-12,60.871841
2009-02-13,60.217026
2009-02-17,57.641289
2009-02-18,57.503006
2009-02-19,56.884541
2009-02-20,56.331532
2009-02-23,54.316074
2009-02-24,56.375210
2009-02-25,55.931381
2009-02-26,55.021885
2009-02-27,53.792206
2009-03-02,51.369236
2009-03-03,50.983639
2009-03-04,52.191460
2009-03-05,50.059574
2009-03-06,50.146873
2009-03-09,49.557503
2009-03-10,52.511608
2009-03-11,52.853600
2009-03-12,54.934544
2009-03-13,55.363838
2009-03-16,55.196476
2009-03-17,56.884541
2009-03-18,58.157871
2009-03-19,57.437508
2009-03-20,56.214439
2009-03-23,60.252281
2009-03-24,59.065109
2009-03-25,59.687996
2009-03-26,60.904507
2009-03-27,59.805244
2009-03-30,57.738712
2009-03-31,58.273678
2009-04-01,59.402214
2009-04-02,61.138966
2009-04-03,61.747238
2009-04-06,61.263584
2009-04-07,59.834595
2009-04-08,60.479443
2009-04-09,62.883091
2009-04-13,62.897755
2009-04-14,61.813179
2009-04-15,62.472733
2009-04-16,63.388744
2009-04-17,63.813782
2009-04-20,61.138966
2009-04-21,62.333458
2009-04-22,61.952427
2009-04-23,62.560684
2009-04-24,63.505981
2009-04-27,62.905067
2009-04-28,62.707230
2009-04-29,64.040947
2009-04-30,64.062912
2009-05-01,64.407356
2009-05-04,66.598488
2009-05-05,66.371307
2009-05-06,67.521843
2009-05-07,66.583824
2009-05-08,68.137444
2009-05-11,66.862312
2009-05-12,66.664429
2009-05-13,64.986275
2009-05-14,65.543259
2009-05-15,65.008263
2009-05-18,66.854973
2009-05-19,66.774345
2009-05-20,66.327347
2009-05-21,65.374664
2009-05-22,65.235443
2009-05-26,66.906273
2009-05-27,65.711769
2009-05-28,66.627808
2009-05-29,67.807632
2009-06-01,69.449120
2009-06-02,69.507782
2009-06-03,68.628395
2009-06-04,69.273232
2009-06-05,69.287964
2009-06-08,69.002113
2009-06-09,69.353851
2009-06-10,69.178017
2009-06-11,69.485771
2009-06-12,69.676323
2009-06-15,68.078781
2009-06-16,67.155426
2009-06-17,67.089455
2009-06-18,67.580460
2009-06-19,67.829536
2009-06-22,65.795540
2009-06-23,65.847130
2009-06-24,66.414604
2009-06-25,67.859055
2009-06-26,67.682175
2009-06-29,68.315948
2009-06-30,67.763222
2009-07-01,68.043259
2009-07-02,66.186119
2009-07-06,66.178764
2009-07-07,64.896446
2009-07-08,64.852249
2009-07-09,64.977539
2009-07-10,64.822777
2009-07-13,66.399834
2009-07-14,66.775688
2009-07-15,68.728630
2009-07-16,68.618111
2009-07-17,69.369797
2009-07-20,70.106750
2009-07-21,70.431007
2009-07-22,70.416275
2009-07-23,71.971230
2009-07-24,72.266060
2009-07-27,72.479774
2009-07-28,72.140762
2009-07-29,71.963890
2009-07-30,72.715569
2009-07-31,72.818741
2009-08-03,74.019997
2009-08-04,74.211609
2009-08-05,73.997902
2009-08-06,73.614647
2009-08-07,74.580063
2009-08-10,74.425331
2009-08-11,73.496750
2009-08-12,74.285301
2009-08-13,74.852760
2009-08-14,74.277931
2009-08-17,72.450256
2009-08-18,73.025078
2009-08-19,73.666245
2009-08-20,74.425331
2009-08-21,75.884483
2009-08-24,75.877121
2009-08-25,76.024536
2009-08-26,76.031883
2009-08-27,76.201370
2009-08-28,76.186661
2009-08-31,75.508659
2009-09-01,73.843132
2009-09-02,73.563072
2009-09-03,74.174744
2009-09-04,75.213898
2009-09-08,75.862404
2009-09-09,76.444618
2009-09-10,77.225746
2009-09-11,77.211006
2009-09-14,77.586861
2009-09-15,77.911118
2009-09-16,79.090286
2009-09-17,78.972359
2009-09-18,79.022720
2009-09-21,78.822784
2009-09-22,79.281845
2009-09-23,78.622818
2009-09-24,77.756500
2009-09-25,77.341858
2009-09-28,78.726517
2009-09-29,78.489540
2009-09-30,78.185959
2009-10-01,76.245941
2009-10-02,75.890511
2009-10-05,77.023445
2009-10-06,78.126732
2009-10-07,78.341438
2009-10-08,78.941277
2009-10-09,79.422554
2009-10-12,79.733551
2009-10-13,79.570633
2009-10-14,80.940498
2009-10-15,81.236702
2009-10-16,80.629501
2009-10-19,81.295944
2009-10-20,80.866478
2009-10-21,80.140793
2009-10-22,80.955315
2009-10-23,80.029732
2009-10-26,79.163399
2009-10-27,78.800560
2009-10-28,77.312202
2009-10-29,78.970871
2009-10-30,76.682838
2009-11-02,77.245575
2009-11-03,77.489906
2009-11-04,77.689857
2009-11-05,79.118965
2009-11-06,79.326263
2009-11-09,81.133026
2009-11-10,81.147804
2009-11-11,81.562500
2009-11-12,80.733170
2009-11-13,81.170059
2009-11-16,82.347374
2009-11-17,82.443642
2009-11-18,82.391838
2009-11-19,81.318146
2009-11-20,81.029388
2009-11-23,82.058632
2009-11-24,82.184540
2009-11-25,82.473282
2009-11-27,81.133026
2009-11-30,81.406998
2009-12-01,82.414070
2009-12-02,82.377014
2009-12-03,81.732834
2009-12-04,82.199295
2009-12-07,82.073418
2009-12-08,81.162651
2009-12-09,81.466225
2009-12-10,81.925323
2009-12-11,82.273361
2009-12-14,82.836113
2009-12-15,82.451103
2009-12-16,82.576958
2009-12-17,81.584724
2009-12-18,82.046280
2009-12-21,82.880066
2009-12-22,83.177849
2009-12-23,83.341614
2009-12-24,83.736168
2009-12-28,83.914871
2009-12-29,83.795753
2009-12-30,83.765984
2009-12-31,82.961975
2010-01-04,84.368996
2010-01-05,84.592323
2010-01-06,84.651871
2010-01-07,85.009224
2010-01-08,85.292076
2010-01-11,85.411217
2010-01-12,84.614670
2010-01-13,85.329315
2010-01-14,85.560112
2010-01-15,84.599754
2010-01-19,85.656876
2010-01-20,84.785858
2010-01-21,83.155563
2010-01-22,81.301842
2010-01-25,81.718712
2010-01-26,81.376259
2010-01-27,81.763390
2010-01-28,80.825394
2010-01-29,79.946938
2010-02-01,81.190163
2010-02-02,82.172836
2010-02-03,81.763390
2010-02-04,79.239670
2010-02-05,79.403442
2010-02-08,78.830223
2010-02-09,79.820374
2010-02-10,79.664032
2010-02-11,80.497810
2010-02-12,80.430809
2010-02-16,81.696404
2010-02-17,82.083473
2010-02-18,82.567398
2010-02-19,82.738602
2010-02-22,82.753502
2010-02-23,81.748466
2010-02-24,82.500389
2010-02-25,82.388725
2010-02-26,82.440826
2010-03-01,83.296951
2010-03-02,83.527740
2010-03-03,83.602196
2010-03-04,83.855278
2010-03-05,85.053894
2010-03-08,85.068779
2010-03-09,85.210228
2010-03-10,85.589867
2010-03-11,85.947189
2010-03-12,85.954674
2010-03-15,85.977036
2010-03-16,86.661903
2010-03-17,87.175583
2010-03-18,87.130898
2010-03-19,86.689850
2010-03-22,87.153328
2010-03-23,87.766258
2010-03-24,87.340187
2010-03-25,87.198181
2010-03-26,87.145844
2010-03-29,87.699005
2010-03-30,87.758797
2010-03-31,87.459801
2010-04-01,88.057808
2010-04-05,88.775436
2010-04-06,88.984779
2010-04-07,88.476456
2010-04-08,88.782906
2010-04-09,89.365982
2010-04-12,89.508003
2010-04-13,89.575310
2010-04-14,90.591927
2010-04-15,90.666687
2010-04-16,89.223938
2010-04-19,89.560364
2010-04-20,90.360199
2010-04-21,90.195717
2010-04-22,90.464828
2010-04-23,91.055374
2010-04-26,90.711502
2010-04-27,88.566132
2010-04-28,89.238922
2010-04-29,90.345268
2010-04-30,88.812820
2010-05-03,89.964005
2010-05-04,87.848518
2010-05-05,87.325241
2010-05-06,84.424858
2010-05-07,83.169037
2010-05-10,86.831902
2010-05-11,86.585220
2010-05-12,87.796204
2010-05-13,86.704826
2010-05-14,85.135002
2010-05-17,85.179848
2010-05-18,84.021233
2010-05-19,83.542839
2010-05-20,80.388275
2010-05-21,81.561882
2010-05-24,80.515335
2010-05-25,80.597603
2010-05-26,80.111694
2010-05-27,82.795288
2010-05-28,81.756218
2010-06-01,80.380791
2010-06-02,82.473808
2010-06-03,82.757919
2010-06-04,79.850052
2010-06-07,78.855858
2010-06-08,79.700577
2010-06-09,79.274460
2010-06-10,81.591751
2010-06-11,81.987961
2010-06-14,81.860893
2010-06-15,83.722206
2010-06-16,83.692307
2010-06-17,83.826866
2010-06-18,83.917755
2010-06-21,83.677406
2010-06-22,82.295403
2010-06-23,82.040039
2010-06-24,80.680611
2010-06-25,81.018600
2010-06-28,80.763214
2010-06-29,78.269638
2010-06-30,77.526100
2010-07-01,77.180580
2010-07-02,76.759987
2010-07-06,77.263222
2010-07-07,79.696671
2010-07-08,80.485329
2010-07-09,81.086205
2010-07-12,81.138779
2010-07-13,82.363037
2010-07-14,82.355476
2010-07-15,82.378036
2010-07-16,80.109764
2010-07-19,80.582985
2010-07-20,81.476715
2010-07-21,80.417709
2010-07-22,82.212807
2010-07-23,82.926353
2010-07-26,83.790070
2010-07-27,83.782562
2010-07-28,83.241791
2010-07-29,82.836212
2010-07-30,82.821159
2010-08-02,84.691353
2010-08-03,84.285759
2010-08-04,84.849068
2010-08-05,84.758926
2010-08-06,84.413467
2010-08-09,84.864120
2010-08-10,84.405937
2010-08-11,82.092621
2010-08-12,81.589378
2010-08-13,81.349068
2010-08-16,81.311501
2010-08-17,82.310417
2010-08-18,82.460640
2010-08-19,81.026108
2010-08-20,80.763214
2010-08-23,80.455315
2010-08-24,79.261093
2010-08-25,79.569008
2010-08-26,79.035736
2010-08-27,80.259979
2010-08-30,79.095863
2010-08-31,79.095863
2010-09-01,81.461723
2010-09-02,82.220291
2010-09-03,83.286835
2010-09-07,82.347992
2010-09-08,82.926353
2010-09-09,83.309364
2010-09-10,83.729996
2010-09-13,84.661301
2010-09-14,84.608742
2010-09-15,84.931694
2010-09-16,84.909164
2010-09-17,84.940872
2010-09-20,86.239624
2010-09-21,86.065987
2010-09-22,85.643143
2010-09-23,84.948441
2010-09-24,86.700264
2010-09-27,86.284943
2010-09-28,86.586990
2010-09-29,86.435959
2010-09-30,86.179245
2010-10-01,86.541702
2010-10-04,85.892311
2010-10-05,87.621475
2010-10-06,87.613930
2010-10-07,87.508186
2010-10-08,87.999008
2010-10-11,88.082092
2010-10-12,88.353912
2010-10-13,89.041054
2010-10-14,88.693710
2010-10-15,88.874908
2010-10-18,89.312904
2010-10-19,88.142502
2010-10-20,89.003296
2010-10-21,89.199623
2010-10-22,89.365768
2010-10-25,89.630035
2010-10-26,89.645149
2010-10-27,89.388420
2010-10-28,89.403511
2010-10-29,89.471428
2010-11-01,89.501686
2010-11-02,90.211441
2010-11-03,90.573898
2010-11-04,92.318153
2010-11-05,92.665543
2010-11-08,92.491859
2010-11-09,91.827354
2010-11-10,92.197334
2010-11-11,91.850021
2010-11-12,90.762688
2010-11-15,90.634308
2010-11-16,89.222290
2010-11-17,89.267586
2010-11-18,90.581444
2010-11-19,90.830658
2010-11-22,90.755127
2010-11-23,89.441238
2010-11-24,90.762688
2010-11-26,89.705551
2010-11-29,89.977379
2010-11-30,89.471428
2010-12-01,91.374321
2010-12-02,92.544701
2010-12-03,92.793892
2010-12-06,92.695740
2010-12-07,92.748604
2010-12-08,93.088402
2010-12-09,93.450806
2010-12-10,93.994492
2010-12-13,94.054863
2010-12-14,94.137978
2010-12-15,93.707558
2010-12-16,94.251244
2010-12-17,94.352173
2010-12-20,94.579910
2010-12-21,95.179573
2010-12-22,95.475601
2010-12-23,95.338974
2010-12-27,95.376953
2010-12-28,95.513565
2010-12-29,95.581879
2010-12-30,95.430077
2010-12-31,95.452820
2011-01-03,96.439644
2011-01-04,96.386490
2011-01-05,96.887482
2011-01-06,96.697685
2011-01-07,96.507957
2011-01-10,96.386490
2011-01-11,96.728050
2011-01-12,97.601021
2011-01-13,97.441582
2011-01-14,98.147522
2011-01-18,98.314545
2011-01-19,97.350525
2011-01-20,97.221474
2011-01-21,97.441582
2011-01-24,97.995720
2011-01-25,98.048859
2011-01-26,98.428391
2011-01-27,98.671272
2011-01-28,96.948181
2011-01-31,97.676926
2011-02-01,99.240570
2011-02-02,99.050789
2011-02-03,99.270966
2011-02-04,99.551796
2011-02-07,100.174278
2011-02-08,100.629669
2011-02-09,100.401978
2011-02-10,100.439926
2011-02-11,101.039574
2011-02-14,101.282486
2011-02-15,100.963654
2011-02-16,101.601273
2011-02-17,101.904900
2011-02-18,102.117455
2011-02-22,100.067993
2011-02-23,99.453125
2011-02-24,99.384796
2011-02-25,100.447487
2011-02-28,101.069923
2011-03-01,99.384796
2011-03-02,99.597336
2011-03-03,101.312820
2011-03-04,100.553764
2011-03-07,99.764320
2011-03-08,100.637260
2011-03-09,100.493050
2011-03-10,98.633339
2011-03-11,99.316475
2011-03-14,98.716843
2011-03-15,97.585808
2011-03-16,95.779236
2011-03-17,97.046883
2011-03-18,97.399872
2011-03-21,98.909355
2011-03-22,98.566261
2011-03-23,98.848351
2011-03-24,99.793671
2011-03-25,100.098625
2011-03-28,99.854668
2011-03-29,100.525551
2011-03-30,101.219307
2011-03-31,101.082092
2011-04-01,101.509003
2011-04-04,101.592903
2011-04-05,101.577621
2011-04-06,101.897812
2011-04-07,101.638596
2011-04-08,101.287949
2011-04-11,100.983002
2011-04-12,100.228226
2011-04-13,100.220612
2011-04-14,100.296814
2011-04-15,100.662781
2011-04-18,99.534500
2011-04-19,100.106224
2011-04-20,101.470901
2011-04-21,101.989296
2011-04-25,101.882553
2011-04-26,102.759247
2011-04-27,103.430138
2011-04-28,103.765625
2011-04-29,104.009560
2011-05-02,103.849480
2011-05-03,103.475922
2011-05-04,102.789810
2011-05-05,101.859665
2011-05-06,102.309486
2011-05-09,102.705894
2011-05-10,103.582603
2011-05-11,102.492432
2011-05-12,102.980370
2011-05-13,102.187508
2011-05-16,101.539520
2011-05-17,101.524254
2011-05-18,102.431442
2011-05-19,102.675438
2011-05-20,101.859665
2011-05-23,100.678032
2011-05-24,100.594154
2011-05-25,100.929626
2011-05-26,101.394661
2011-05-27,101.783455
2011-05-31,102.843140
2011-06-01,100.533165
2011-06-02,100.426445
2011-06-03,99.427757
2011-06-06,98.375710
2011-06-07,98.314713
2011-06-08,97.903023
2011-06-09,98.650116
2011-06-10,97.277878
2011-06-13,97.354103
2011-06-14,98.589157
2011-06-15,96.835709
2011-06-16,97.049164
2011-06-17,97.338776
2011-06-20,97.836761
2011-06-21,99.177521
2011-06-22,98.579918
2011-06-23,98.296440
2011-06-24,97.154900
2011-06-27,98.020653
2011-06-28,99.300095
2011-06-29,100.150536
2011-06-30,101.108238
2011-07-01,102.602196
2011-07-05,102.517891
2011-07-06,102.640495
2011-07-07,103.705444
2011-07-08,102.969910
2011-07-11,101.108238
2011-07-12,100.671478
2011-07-13,101.008598
2011-07-14,100.311401
2011-07-15,100.893661
2011-07-18,100.066254
2011-07-19,101.690498
2011-07-20,101.629196
2011-07-21,103.038887
2011-07-22,103.107864
2011-07-25,102.533203
2011-07-26,102.150131
2011-07-27,100.058578
2011-07-28,99.767441
2011-07-29,99.085594
2011-08-01,98.664185
2011-08-02,96.143578
2011-08-03,96.664589
2011-08-04,92.136650
2011-08-05,91.998718
2011-08-08,86.007446
2011-08-09,90.006760
2011-08-10,86.030449
2011-08-11,89.891815
2011-08-12,90.497086
2011-08-15,92.412460
2011-08-16,91.623329
2011-08-17,91.684631
2011-08-18,87.731346
2011-08-19,86.298599
2011-08-22,86.367584
2011-08-23,89.209961
2011-08-24,90.466454
2011-08-25,89.087379
2011-08-26,90.382172
2011-08-29,92.979393
2011-08-30,93.224564
2011-08-31,93.638268
2011-09-01,92.657616
2011-09-02,90.290268
2011-09-06,89.631348
2011-09-07,92.159630
2011-09-08,91.201950
2011-09-09,88.811577
2011-09-12,89.386169
2011-09-13,90.205963
2011-09-14,91.454773
2011-09-15,93.033020
2011-09-16,93.583641
2011-09-19,92.651840
2011-09-20,92.543991
2011-09-21,89.817825
2011-09-22,86.914536
2011-09-23,87.438187
2011-09-26,89.517532
2011-09-27,90.518654
2011-09-28,88.670349
2011-09-29,89.371178
2011-09-30,87.137817
2011-10-03,84.658081
2011-10-04,86.514061
2011-10-05,88.115868
2011-10-06,89.709991
2011-10-07,89.109299
2011-10-10,92.089661
2011-10-11,92.182068
2011-10-12,92.990677
2011-10-13,92.805847
2011-10-14,94.392281
2011-10-17,92.590225
2011-10-18,94.399963
2011-10-19,93.283318
2011-10-20,93.691452
2011-10-21,95.470436
2011-10-24,96.640999
2011-10-25,94.761940
2011-10-26,95.724602
2011-10-27,99.059135
2011-10-28,99.036049
2011-10-31,96.648697
2011-11-01,93.953323
2011-11-02,95.485832
2011-11-03,97.226288
2011-11-04,96.633316
2011-11-07,97.233963
2011-11-08,98.481537
2011-11-09,94.846634
2011-11-10,95.739983
2011-11-11,97.542038
2011-11-14,96.617905
2011-11-15,97.095345
2011-11-16,95.555130
2011-11-17,94.038010
2011-11-18,93.937920
2011-11-21,92.151245
2011-11-22,91.789299
2011-11-23,89.763916
2011-11-25,89.594482
2011-11-28,92.189781
2011-11-29,92.451607
2011-11-30,96.255928
2011-12-01,96.240532
2011-12-02,96.155823
2011-12-05,97.203186
2011-12-06,97.233963
2011-12-07,97.595917
2011-12-08,95.455017
2011-12-09,97.072250
2011-12-12,95.655251
2011-12-13,94.761940
2011-12-14,93.753075
2011-12-15,94.091927
2011-12-16,94.231438
2011-12-19,93.223923
2011-12-20,96.044922
2011-12-21,96.230904
2011-12-22,97.083389
2011-12-23,97.951401
2011-12-27,98.028885
2011-12-28,96.742409
2011-12-29,97.742172
2011-12-30,97.261665
2012-01-03,98.811638
2012-01-04,98.966621
2012-01-05,99.230125
2012-01-06,98.974358
2012-01-09,99.214638
2012-01-10,100.074852
2012-01-11,100.129128
2012-01-12,100.369385
2012-01-13,99.850121
2012-01-17,100.237617
2012-01-18,101.345879
2012-01-19,101.880608
2012-01-20,102.260361
2012-01-23,101.996849
2012-01-24,101.880608
2012-01-25,102.733086
2012-01-26,102.206093
2012-01-27,102.159622
2012-01-30,101.810852
2012-01-31,101.772118
2012-02-01,102.663368
2012-02-02,102.826096
2012-02-03,104.267609
2012-02-06,104.197830
2012-02-07,104.461319
2012-02-08,104.771324
2012-02-09,104.903099
2012-02-10,104.128090
2012-02-13,104.903099
2012-02-14,104.771324
2012-02-15,104.283081
2012-02-16,105.437843
2012-02-17,105.716812
2012-02-21,105.763367
2012-02-22,105.422333
2012-02-23,105.887344
2012-02-24,106.119827
2012-02-27,106.298080
2012-02-28,106.608101
2012-02-29,106.189568
2012-03-01,106.739822
2012-03-02,106.414322
2012-03-05,105.980316
2012-03-06,104.430382
2012-03-07,105.158821
2012-03-08,106.205055
2012-03-09,106.615852
2012-03-12,106.623596
2012-03-13,108.545532
2012-03-14,108.429306
2012-03-15,109.057060
2012-03-16,109.208092
2012-03-19,109.636154
2012-03-20,109.317078
2012-03-21,109.138046
2012-03-22,108.351822
2012-03-23,108.702095
2012-03-26,110.227783
2012-03-27,109.885277
2012-03-28,109.340385
2012-03-29,109.153580
2012-03-30,109.605049
2012-04-02,110.406784
2012-04-03,109.955315
2012-04-04,108.865593
2012-04-05,108.811096
2012-04-09,107.589005
2012-04-10,105.783165
2012-04-11,106.639374
2012-04-12,108.032684
2012-04-13,106.748344
2012-04-16,106.678291
2012-04-17,108.258430
2012-04-18,107.892616
2012-04-19,107.199799
2012-04-20,107.378838
2012-04-23,106.475899
2012-04-24,106.880684
2012-04-25,108.344086
2012-04-26,109.099106
2012-04-27,109.278122
2012-04-30,108.873352
2012-05-01,109.550560
2012-05-02,109.223610
2012-05-03,108.390747
2012-05-04,106.639374
2012-05-07,106.717201
2012-05-08,106.289070
2012-05-09,105.658615
2012-05-10,105.876534
2012-05-11,105.557419
2012-05-14,104.389832
2012-05-15,103.790451
2012-05-16,103.393494
2012-05-17,101.860062
2012-05-18,100.988297
2012-05-21,102.724068
2012-05-22,102.903114
2012-05-23,102.957603
2012-05-24,103.159981
2012-05-25,102.825264
2012-05-29,104.070663
2012-05-30,102.560593
2012-05-31,102.334885
2012-06-01,99.758408
2012-06-04,99.711716
2012-06-05,100.466759
2012-06-06,102.724068
2012-06-07,102.786324
2012-06-08,103.603683
2012-06-11,102.288177
2012-06-12,103.463539
2012-06-13,102.801903
2012-06-14,103.891655
2012-06-15,104.954201
2012-06-18,105.157570
2012-06-19,106.174759
2012-06-20,106.002640
2012-06-21,103.624039
2012-06-22,104.422195
2012-06-25,102.747772
2012-06-26,103.264153
2012-06-27,104.195244
2012-06-28,103.897911
2012-06-29,106.487770
2012-07-02,106.808502
2012-07-03,107.512695
2012-07-05,107.027596
2012-07-06,106.010475
2012-07-09,105.877434
2012-07-10,104.954201
2012-07-11,104.969841
2012-07-12,104.461250
2012-07-13,106.213921
2012-07-16,105.963547
2012-07-17,106.691170
2012-07-18,107.481415
2012-07-19,107.763092
2012-07-20,106.777267
2012-07-23,105.697479
2012-07-24,104.789894
2012-07-25,104.813377
2012-07-26,106.542503
2012-07-27,108.506409
2012-07-30,108.506409
2012-07-31,107.747437
2012-08-01,107.653557
2012-08-02,106.910240
2012-08-03,109.030609
2012-08-06,109.241890
2012-08-07,109.789551
2012-08-08,109.922592
2012-08-09,110.016472
2012-08-10,110.196373
2012-08-13,110.141670
2012-08-14,110.157318
2012-08-15,110.282463
2012-08-16,111.096230
2012-08-17,111.244888
2012-08-20,111.252693
2012-08-21,110.916275
2012-08-22,110.963181
2012-08-23,110.055618
2012-08-24,110.720657
2012-08-27,110.744133
2012-08-28,110.634583
2012-08-29,110.720657
2012-08-30,109.922592
2012-08-31,110.446815
2012-09-04,110.345062
2012-09-05,110.251205
2012-09-06,112.488884
2012-09-07,112.927040
2012-09-10,112.285439
2012-09-11,112.598503
2012-09-12,112.973999
2012-09-13,114.695328
2012-09-14,115.203949
2012-09-17,114.812729
2012-09-18,114.718826
2012-09-19,114.781441
2012-09-20,114.789246
2012-09-21,114.741249
2012-09-24,114.568222
2012-09-25,113.348969
2012-09-26,112.711845
2012-09-27,113.773727
2012-09-28,113.246742
2012-10-01,113.545624
2012-10-02,113.663620
2012-10-03,114.127716
2012-10-04,114.945770
2012-10-05,114.953644
2012-10-08,114.560379
2012-10-09,113.427650
2012-10-10,112.703972
2012-10-11,112.766922
2012-10-12,112.397163
2012-10-15,113.333252
2012-10-16,114.481659
2012-10-17,115.000847
2012-10-18,114.701950
2012-10-19,112.790520
2012-10-22,112.806236
2012-10-23,111.240929
2012-10-24,110.926270
2012-10-25,111.248772
2012-10-26,111.185814
2012-10-31,111.185814
2012-11-01,112.350029
2012-11-02,111.351021
2012-11-05,111.579193
2012-11-06,112.452286
2012-11-07,109.903709
2012-11-08,108.582191
2012-11-09,108.676598
2012-11-12,108.763062
2012-11-13,108.385582
2012-11-14,106.922462
2012-11-15,106.741531
2012-11-16,107.268585
2012-11-19,109.439568
2012-11-20,109.486816
2012-11-21,109.691299
2012-11-23,111.185814
2012-11-26,110.949821
2012-11-27,110.383492
2012-11-28,111.272369
2012-11-29,111.791534
2012-11-30,111.815140
2012-12-03,111.264465
2012-12-04,111.107170
2012-12-05,111.303818
2012-12-06,111.681396
2012-12-07,112.019653
2012-12-10,112.066818
2012-12-11,112.829872
2012-12-12,112.884834
2012-12-13,112.192688
2012-12-14,111.775826
2012-12-17,113.089363
2012-12-18,114.347969
2012-12-19,113.498459
2012-12-20,114.151306
2012-12-21,113.115143
2012-12-24,112.766617
2012-12-26,112.291260
2012-12-27,112.140770
2012-12-28,110.928719
2012-12-31,112.814148
2013-01-02,115.705597
2013-01-03,115.444138
2013-01-04,115.951149
2013-01-07,115.634300
2013-01-08,115.301575
2013-01-09,115.594696
2013-01-10,116.513588
2013-01-11,116.505623
2013-01-14,116.426430
2013-01-15,116.505623
2013-01-16,116.489845
2013-01-17,117.242424
2013-01-18,117.503754
2013-01-22,118.137566
2013-01-23,118.327667
2013-01-24,118.359367
2013-01-25,119.024712
2013-01-28,118.882187
2013-01-29,119.349609
2013-01-30,118.882187
2013-01-31,118.589127
2013-02-01,119.809044
2013-02-04,118.462372
2013-02-05,119.658592
2013-02-06,119.745720
2013-02-07,119.587257
2013-02-08,120.252647
2013-02-11,120.228920
2013-02-12,120.426918
2013-02-13,120.529915
2013-02-14,120.640785
2013-02-15,120.498184
2013-02-19,121.401321
2013-02-20,119.888268
2013-02-21,119.159492
2013-02-22,120.323959
2013-02-25,118.034607
2013-02-26,118.842628
2013-02-27,120.339813
2013-02-28,120.102135
2013-03-01,120.498184
2013-03-04,121.139923
2013-03-05,122.225166
2013-03-06,122.391533
2013-03-07,122.613319
2013-03-08,123.136177
2013-03-11,123.603592
2013-03-12,123.326309
2013-03-13,123.500603
2013-03-14,124.158119
2013-03-15,123.994194
2013-03-18,123.309891
2013-03-19,123.023499
2013-03-20,123.882759
2013-03-21,122.824539
2013-03-22,123.811180
2013-03-25,123.293976
2013-03-26,124.280670
2013-03-27,124.280670
2013-03-28,124.662605
2013-04-01,124.169250
2013-04-02,124.781937
2013-04-03,123.516731
2013-04-04,124.018105
2013-04-05,123.461044
2013-04-08,124.296608
2013-04-09,124.726273
2013-04-10,126.253998
2013-04-11,126.667671
2013-04-12,126.357452
2013-04-15,123.429237
2013-04-16,125.251450
2013-04-17,123.421318
2013-04-18,122.649460
2013-04-19,123.715691
2013-04-22,124.264778
2013-04-23,125.545837
2013-04-24,125.625336
2013-04-25,126.134651
2013-04-26,125.911835
2013-04-29,126.755226
2013-04-30,127.057625
2013-05-01,125.943626
2013-05-02,127.113373
2013-05-03,128.402390
2013-05-06,128.728592
2013-05-07,129.381058
2013-05-08,129.969894
2013-05-09,129.603928
2013-05-10,130.025650
2013-05-13,130.129059
2013-05-14,131.473801
2013-05-15,132.181992
2013-05-16,131.561325
2013-05-17,132.834488
2013-05-20,132.826492
2013-05-21,133.017502
2013-05-22,132.030777
2013-05-23,131.648804
2013-05-24,131.537506
2013-05-28,132.325195
2013-05-29,131.465805
2013-05-30,131.951187
2013-05-31,130.057434
2013-06-03,130.773575
2013-06-04,130.144989
2013-06-05,128.322800
2013-06-06,129.484543
2013-06-07,131.131638
2013-06-10,131.131638
2013-06-11,129.778961
2013-06-12,128.704773
2013-06-13,130.662231
2013-06-14,129.842621
2013-06-17,130.845154
2013-06-18,131.879593
2013-06-19,130.057434
2013-06-20,126.834885
2013-06-21,127.242096
2013-06-24,125.634201
2013-06-25,126.842041
2013-06-26,128.097961
2013-06-27,128.849808
2013-06-28,128.321915
2013-07-01,129.073792
2013-07-02,128.953781
2013-07-03,129.009842
2013-07-05,130.401733
2013-07-08,131.145599
2013-07-09,132.089478
2013-07-10,132.137497
2013-07-11,133.937302
2013-07-12,133.993286
2013-07-15,134.505203
2013-07-16,134.001251
2013-07-17,134.345261
2013-07-18,135.081207
2013-07-19,135.321121
2013-07-22,135.585098
2013-07-23,135.297195
2013-07-24,134.801224
2013-07-25,135.129166
2013-07-26,135.273132
2013-07-29,134.857162
2013-07-30,134.857162
2013-07-31,134.953186
2013-08-01,136.513031
2013-08-02,136.744949
2013-08-05,136.545013
2013-08-06,135.769043
2013-08-07,135.329117
2013-08-08,135.825027
2013-08-09,135.433075
2013-08-12,135.273132
2013-08-13,135.673050
2013-08-14,134.977158
2013-08-15,133.089386
2013-08-16,132.649399
2013-08-19,131.801529
2013-08-20,132.449463
2013-08-21,131.633545
2013-08-22,132.833389
2013-08-23,133.281326
2013-08-26,132.785416
2013-08-27,130.649597
2013-08-28,131.113617
2013-08-29,131.321564
2013-08-30,130.905579
2013-09-03,131.497604
2013-09-04,132.585434
2013-09-05,132.753433
2013-09-06,132.817398
2013-09-09,134.089279
2013-09-10,135.081207
2013-09-11,135.505096
2013-09-12,135.145172
2013-09-13,135.449081
2013-09-16,136.233047
2013-09-17,136.840927
2013-09-18,138.424728
2013-09-19,138.192841
2013-09-20,137.226608
2013-09-23,136.591660
2013-09-24,136.270111
2013-09-25,135.876221
2013-09-26,136.398712
2013-09-27,135.771729
2013-09-30,135.048309
2013-10-01,136.117355
2013-10-02,135.988785
2013-10-03,134.734802
2013-10-04,135.755676
2013-10-07,134.582077
2013-10-08,133.014648
2013-10-09,133.111084
2013-10-10,135.980713
2013-10-11,136.856842
2013-10-14,137.403458
2013-10-15,136.406723
2013-10-16,138.311798
2013-10-17,139.236130
2013-10-18,140.176605
2013-10-21,140.184647
2013-10-22,140.996460
2013-10-23,140.321274
2013-10-24,140.787460
2013-10-25,141.430542
2013-10-28,141.655609
2013-10-29,142.411270
2013-10-30,141.703827
2013-10-31,141.301941
2013-11-01,141.639587
2013-11-04,142.137955
2013-11-05,141.687759
2013-11-06,142.411270
2013-11-07,140.610672
2013-11-08,142.507675
2013-11-11,142.531754
2013-11-12,142.242447
2013-11-13,143.383835
2013-11-14,144.099213
2013-11-15,144.726181
2013-11-18,144.219742
2013-11-19,143.906296
2013-11-20,143.456177
2013-11-21,144.613724
2013-11-22,145.337051
2013-11-25,145.192398
2013-11-26,145.232635
2013-11-27,145.586273
2013-11-29,145.489822
2013-12-02,145.112076
2013-12-03,144.485001
2013-12-04,144.468964
2013-12-05,143.833939
2013-12-06,145.441605
2013-12-09,145.811340
2013-12-10,145.288879
2013-12-11,143.657150
2013-12-12,143.182846
2013-12-13,143.166809
2013-12-16,144.059052
2013-12-17,143.600845
2013-12-18,146.052444
2013-12-19,145.883667
2013-12-20,146.732224
2013-12-23,147.516235
2013-12-24,147.839478
2013-12-26,148.591080
2013-12-27,148.582962
2013-12-30,148.558762
2013-12-31,149.261841
2014-01-02,147.831375
2014-01-03,147.807129
2014-01-06,147.378769
2014-01-07,148.283981
2014-01-08,148.316269
2014-01-09,148.413239
2014-01-10,148.817307
2014-01-13,146.837357
2014-01-14,148.437500
2014-01-15,149.237625
2014-01-16,149.043655
2014-01-17,148.413239
2014-01-21,148.849670
2014-01-22,148.946671
2014-01-23,147.726288
2014-01-24,144.574448
2014-01-27,143.863220
2014-01-28,144.719910
2014-01-29,143.329880
2014-01-30,144.849213
2014-01-31,144.000626
2014-02-03,140.759842
2014-02-04,141.745758
2014-02-05,141.568039
2014-02-06,143.434921
2014-02-07,145.212875
2014-02-10,145.479584
2014-02-11,147.071671
2014-02-12,147.144424
2014-02-13,147.904129
2014-02-14,148.720352
2014-02-18,148.898163
2014-02-19,147.912247
2014-02-20,148.785034
2014-02-21,148.615250
2014-02-24,149.439682
2014-02-25,149.383057
2014-02-26,149.391174
2014-02-27,150.175095
2014-02-28,150.554901
2014-03-03,149.496246
2014-03-04,151.597443
2014-03-05,151.734848
2014-03-06,152.082367
2014-03-07,152.147079
2014-03-10,152.066208
2014-03-11,151.314545
2014-03-12,151.355042
2014-03-13,149.657837
2014-03-14,149.237625
2014-03-17,150.587204
2014-03-18,151.662125
2014-03-19,150.853989
2014-03-20,151.734848
2014-03-21,151.146378
2014-03-24,150.521271
2014-03-25,151.235657
2014-03-26,150.147903
2014-03-27,149.831314
2014-03-28,150.570114
2014-03-31,151.803818
2014-04-01,152.810425
2014-04-02,153.321808
2014-04-03,153.118835
2014-04-04,151.308701
2014-04-07,149.636551
2014-04-08,150.253433
2014-04-09,151.868790
2014-04-10,148.678635
2014-04-11,147.339249
2014-04-14,148.500122
2014-04-15,149.522827
2014-04-16,151.089478
2014-04-17,151.300598
2014-04-21,151.828262
2014-04-22,152.518250
2014-04-23,152.160995
2014-04-24,152.469482
2014-04-25,151.219391
2014-04-28,151.698318
2014-04-29,152.404572
2014-04-30,152.859116
2014-05-01,152.875381
2014-05-02,152.656204
2014-05-05,152.948395
2014-05-06,151.617188
2014-05-07,152.510071
2014-05-08,152.347733
2014-05-09,152.575012
2014-05-12,154.060486
2014-05-13,154.198502
2014-05-14,153.467911
2014-05-15,152.120422
2014-05-16,152.648056
2014-05-19,153.208160
2014-05-20,152.242203
2014-05-21,153.524780
2014-05-22,153.898178
2014-05-23,154.515076
2014-05-27,155.464844
2014-05-28,155.351166
2014-05-29,156.154816
2014-05-30,156.406433
2014-06-02,156.585022
2014-06-03,156.503860
2014-06-04,156.820450
2014-06-05,157.843216
2014-06-06,158.598129
2014-06-09,158.760483
2014-06-10,158.776733
2014-06-11,158.224731
2014-06-12,157.104538
2014-06-13,157.583481
2014-06-16,157.713348
2014-06-17,158.151688
2014-06-18,159.312500
2014-06-19,159.490997
2014-06-20,159.814850
2014-06-23,159.765930
2014-06-24,158.803452
2014-06-25,159.521225
2014-06-26,159.407028
2014-06-27,159.716980
2014-06-30,159.635406
2014-07-01,160.703903
2014-07-02,160.867004
2014-07-03,161.658188
2014-07-07,161.095413
2014-07-08,160.059525
2014-07-09,160.777283
2014-07-10,160.141068
2014-07-11,160.361328
2014-07-14,161.168808
2014-07-15,160.867004
2014-07-16,161.462433
2014-07-17,159.627258
2014-07-18,161.258560
2014-07-21,160.956726
2014-07-22,161.658188
2014-07-23,162.017090
2014-07-24,162.025223
2014-07-25,161.266663
2014-07-28,161.331924
2014-07-29,160.638611
2014-07-30,160.663101
2014-07-31,157.490326
2014-08-01,157.009094
2014-08-04,158.142807
2014-08-05,156.609421
2014-08-06,156.658401
2014-08-07,155.810074
2014-08-08,157.612625
2014-08-11,158.069366
2014-08-12,157.849136
2014-08-13,158.917633
2014-08-14,159.668015
2014-08-15,159.635406
2014-08-18,160.973022
2014-08-19,161.813202
2014-08-20,162.245483
2014-08-21,162.718521
2014-08-22,162.465652
2014-08-25,163.289429
2014-08-26,163.395477
2014-08-27,163.330231
2014-08-28,163.240509
2014-08-29,163.705460
2014-09-02,163.623840
2014-09-03,163.534088
2014-09-04,163.297623
2014-09-05,164.031693
2014-09-08,163.607513
2014-09-09,162.571732
2014-09-10,163.183456
2014-09-11,163.371033
2014-09-12,162.416702
2014-09-15,162.294388
2014-09-16,163.517868
2014-09-17,163.738022
2014-09-18,164.610733
2014-09-19,164.462372
2014-09-22,163.192337
2014-09-23,162.258194
2014-09-24,163.528229
2014-09-25,160.889648
2014-09-26,162.167999
2014-09-29,161.873001
2014-09-30,161.446915
2014-10-01,159.258957
2014-10-02,159.283554
2014-10-03,161.037186
2014-10-06,160.848663
2014-10-07,158.365768
2014-10-08,161.135452
2014-10-09,157.939667
2014-10-10,156.136902
2014-10-13,153.572052
2014-10-14,153.809662
2014-10-15,152.768936
2014-10-16,152.637894
2014-10-17,154.440613
2014-10-20,155.940247
2014-10-21,159.029510
2014-10-22,157.898712
2014-10-23,159.734222
2014-10-24,160.963409
2014-10-27,160.742157
2014-10-28,162.585938
2014-10-29,162.340057
2014-10-30,163.380783
2014-10-31,165.249130
2014-11-03,165.339279
2014-11-04,164.765701
2014-11-05,165.806335
2014-11-06,166.470062
2014-11-07,166.625793
2014-11-10,167.150269
2014-11-11,167.314178
2014-11-12,167.133865
2014-11-13,167.322342
2014-11-14,167.363281
2014-11-17,167.469818
2014-11-18,168.436737
2014-11-19,168.166290
2014-11-20,168.461334
2014-11-21,169.362732
2014-11-24,169.837982
2014-11-25,169.715103
2014-11-26,170.149384
2014-11-28,169.788834
2014-12-01,168.608841
2014-12-02,169.698654
2014-12-03,170.354233
2014-12-04,170.165817
2014-12-05,170.444397
2014-12-08,169.305374
2014-12-09,169.190659
2014-12-10,166.478271
2014-12-11,167.322342
2014-12-12,164.618164
2014-12-15,163.487320
2014-12-16,162.176208
2014-12-17,165.355637
2014-12-18,169.444687
2014-12-19,170.165665
2014-12-22,170.948441
2014-12-23,171.179138
2014-12-24,171.195648
2014-12-26,171.747635
2014-12-29,171.978394
2014-12-30,171.055527
2014-12-31,169.358154
2015-01-02,169.267487
2015-01-05,166.210663
2015-01-06,164.645081
2015-01-07,166.696701
2015-01-08,169.654770
2015-01-09,168.295227
2015-01-12,166.976898
2015-01-13,166.507233
2015-01-14,165.501984
2015-01-15,163.985886
2015-01-16,166.136459
2015-01-20,166.490753
2015-01-21,167.331253
2015-01-22,169.819595
2015-01-23,168.888458
2015-01-26,169.283966
2015-01-27,167.051071
2015-01-28,164.908722
2015-01-29,166.433075
2015-01-30,164.340256
2015-02-02,166.375381
2015-02-03,168.781387
2015-02-04,168.138641
2015-02-05,169.836029
2015-02-06,169.366379
2015-02-09,168.608353
2015-02-10,170.404617
2015-02-11,170.503494
2015-02-12,172.143158
2015-02-13,172.851807
2015-02-17,173.123657
2015-02-18,173.140121
2015-02-19,173.016525
2015-02-20,174.054733
2015-02-23,174.030029
2015-02-24,174.524414
2015-02-25,174.376099
2015-02-26,174.170166
2015-02-27,173.576859
2015-03-02,174.672745
2015-03-03,173.955917
2015-03-04,173.222519
2015-03-05,173.412018
2015-03-06,170.973068
2015-03-09,171.681732
2015-03-10,168.896759
2015-03-11,168.501266
2015-03-12,170.643600
2015-03-13,169.597076
2015-03-16,171.863007
2015-03-17,171.352173
2015-03-18,173.412018
2015-03-19,172.621048
2015-03-20,174.144745
2015-03-23,173.805466
2015-03-24,172.828781
2015-03-25,170.296204
2015-03-26,169.890671
2015-03-27,170.279694
2015-03-30,172.357025
2015-03-31,170.850723
2015-04-01,170.246552
2015-04-02,170.859055
2015-04-06,172.009415
2015-04-07,171.554260
2015-04-08,172.133530
2015-04-09,172.895020
2015-04-10,173.838501
2015-04-13,173.052231
2015-04-14,173.383347
2015-04-15,174.161301
2015-04-16,174.111664
2015-04-17,172.108734
2015-04-20,173.681259
2015-04-21,173.474380
2015-04-22,174.326843
2015-04-23,174.765503
2015-04-24,175.171036
2015-04-27,174.442764
2015-04-28,174.997269
2015-04-29,174.277176
2015-04-30,172.530853
2015-05-01,174.401352
2015-05-04,174.897903
2015-05-05,172.895020
2015-05-06,172.183273
2015-05-07,172.870193
2015-05-08,175.146271
2015-05-11,174.310272
2015-05-12,173.788818
2015-05-13,173.822037
2015-05-14,175.634537
2015-05-15,175.824875
2015-05-18,176.371124
2015-05-19,176.313187
2015-05-20,176.189026
2015-05-21,176.702179
2015-05-22,176.280075
2015-05-26,174.384811
2015-05-27,176.040039
2015-05-28,175.841431
2015-05-29,174.748917
2015-06-01,175.104828
2015-06-02,174.931000
2015-06-03,175.394547
2015-06-04,173.912979
2015-06-05,173.615082
2015-06-08,172.547409
2015-06-09,172.522598
2015-06-10,174.591721
2015-06-11,175.154495
2015-06-12,173.813705
2015-06-15,173.068787
2015-06-16,174.012390
2015-06-17,174.293777
2015-06-18,176.106277
2015-06-19,175.324493
2015-06-22,176.222702
2015-06-23,176.347473
2015-06-24,175.066681
2015-06-25,174.534424
2015-06-26,174.501144
2015-06-29,170.841827
2015-06-30,171.199448
2015-07-01,172.571671
2015-07-02,172.413666
2015-07-06,171.922943
2015-07-07,173.004135
2015-07-08,170.101624
2015-07-09,170.409348
2015-07-10,172.555023
2015-07-13,174.459549
2015-07-14,175.216400
2015-07-15,175.158218
2015-07-16,176.563690
2015-07-17,176.713425
2015-07-20,176.804871
2015-07-21,176.106247
2015-07-22,175.790222
2015-07-23,174.800583
2015-07-24,172.987534
2015-07-27,171.981186
2015-07-28,174.093658
2015-07-29,175.291260
2015-07-30,175.332809
2015-07-31,175.066681
2015-08-03,174.476196
2015-08-04,174.135193
2015-08-05,174.709091
2015-08-06,173.278625
2015-08-07,172.945938
2015-08-10,175.124924
2015-08-11,173.544708
2015-08-12,173.752655
2015-08-13,173.536438
2015-08-14,174.168488
2015-08-17,175.141586
2015-08-18,174.634171
2015-08-19,173.253693
2015-08-20,169.635895
2015-08-21,164.529404
2015-08-24,157.601593
2015-08-25,155.747009
2015-08-26,161.726685
2015-08-27,165.727051
2015-08-28,165.735336
2015-08-31,164.396362
2015-09-01,159.489517
2015-09-02,162.516769
2015-09-03,162.633133
2015-09-04,160.171478
2015-09-08,164.196747
2015-09-09,162.001175
2015-09-10,162.882706
2015-09-11,163.622925
2015-09-14,163.015793
2015-09-15,165.053375
2015-09-16,166.483841
2015-09-17,166.109634
2015-09-18,163.395081
2015-09-21,164.239487
2015-09-22,162.107697
2015-09-23,161.848572
2015-09-24,161.263367
2015-09-25,161.221512
2015-09-28,157.175323
2015-09-29,157.267288
2015-09-30,160.201614
2015-10-01,160.619598
2015-10-02,163.018997
2015-10-05,165.919907
2015-10-06,165.351364
2015-10-07,166.705643
2015-10-08,168.210449
2015-10-09,168.310776
2015-10-12,168.469620
2015-10-13,167.407913
2015-10-14,166.605362
2015-10-15,169.163483
2015-10-16,169.932617
2015-10-19,170.016220
2015-10-20,169.798889
2015-10-21,168.745468
2015-10-22,171.596252
2015-10-23,173.477173
2015-10-26,173.050888
2015-10-27,172.716507
2015-10-28,174.681030
2015-10-29,174.580750
2015-10-30,173.828339
2015-11-02,175.884888
2015-11-03,176.394867
2015-11-04,175.859772
2015-11-05,175.684265
2015-11-06,175.592285
2015-11-09,173.953735
2015-11-10,174.355011
2015-11-11,173.669540
2015-11-12,171.245117
2015-11-13,169.322327
2015-11-16,171.897217
2015-11-17,171.771790
2015-11-18,174.497131
2015-11-19,174.346664
2015-11-20,174.982025
2015-11-23,174.781357
2015-11-24,175.015457
2015-11-25,174.990372
2015-11-27,175.190979
2015-11-30,174.463745
2015-12-01,176.127289
2015-12-02,174.329895
2015-12-03,171.888809
2015-12-04,175.241165
2015-12-07,174.179474
2015-12-08,173.009033
2015-12-09,171.663101
2015-12-10,172.106140
2015-12-11,168.770569
2015-12-14,169.623306
2015-12-15,171.403931
2015-12-16,173.911926
2015-12-17,171.261856
2015-12-18,168.210815
2015-12-21,169.598419
2015-12-22,171.137360
2015-12-23,173.256607
2015-12-24,172.970734
2015-12-28,172.575439
2015-12-29,174.417130
2015-12-30,173.180893
2015-12-31,171.448517
2016-01-04,169.051804
2016-01-05,169.337662
2016-01-06,167.201645
2016-01-07,163.190170
2016-01-08,161.398941
2016-01-11,161.558746
2016-01-12,162.862259
2016-01-13,158.800308
2016-01-14,161.407364
2016-01-15,157.942490
2016-01-19,158.152832
2016-01-20,156.126038
2016-01-21,157.000687
2016-01-22,160.221573
2016-01-25,157.799561
2016-01-26,159.952469
2016-01-27,158.211655
2016-01-28,159.035782
2016-01-29,162.912674
2016-02-01,162.853760
2016-02-02,159.918808
2016-02-03,160.877533
2016-02-04,161.129807
2016-02-05,158.060257
2016-02-08,155.932648
2016-02-09,155.941040
2016-02-10,155.806473
2016-02-11,153.779739
2016-02-12,156.950195
2016-02-16,159.599243
2016-02-17,162.206253
2016-02-18,161.541931
2016-02-19,161.466171
2016-02-22,163.804123
2016-02-23,161.735336
2016-02-24,162.475388
2016-02-25,164.443207
2016-02-26,164.064835
2016-02-29,162.778122
2016-03-01,166.604568
2016-03-02,167.352997
2016-03-03,168.008987
2016-03-04,168.555588
2016-03-07,168.690125
2016-03-08,166.848434
2016-03-09,167.672623
2016-03-10,167.807129
2016-03-11,170.515076
2016-03-14,170.296432
2016-03-15,170.018921
2016-03-16,171.002777
2016-03-17,172.087631
2016-03-18,172.763901
2016-03-21,173.008972
2016-03-22,172.916061
2016-03-23,171.774933
2016-03-24,171.698807
2016-03-28,171.800232
2016-03-29,173.389420
2016-03-30,174.150192
2016-03-31,173.727570
2016-04-01,174.910995
2016-04-04,174.344635
2016-04-05,172.603271
2016-04-06,174.488342
2016-04-07,172.400421
2016-04-08,172.865341
2016-04-11,172.459610
2016-04-12,174.065674
2016-04-13,175.823959
2016-04-14,175.832367
2016-04-15,175.637894
2016-04-18,176.872101
2016-04-19,177.429977
2016-04-20,177.599075
2016-04-21,176.643860
2016-04-22,176.643860
2016-04-25,176.339569
2016-04-26,176.601593
2016-04-27,176.965042
2016-04-28,175.359024
2016-04-29,174.412262
2016-05-02,175.798584
2016-05-03,174.268509
2016-05-04,173.296448
2016-05-05,173.262619
2016-05-06,173.896622
2016-05-09,174.040329
2016-05-10,176.204285
2016-05-11,174.555893
2016-05-12,174.606674
2016-05-13,173.085114
2016-05-16,174.792618
2016-05-17,173.161224
2016-05-18,173.211975
2016-05-19,172.611740
2016-05-20,173.702164
2016-05-23,173.465530
2016-05-24,175.714020
2016-05-25,176.905914
2016-05-26,176.956665
2016-05-27,177.717422
2016-05-31,177.379288
2016-06-01,177.742798
2016-06-02,178.283768
2016-06-03,177.751221
2016-06-06,178.655670
2016-06-07,178.934631
2016-06-08,179.517883
2016-06-09,179.272781
2016-06-10,177.573715
2016-06-13,176.204285
2016-06-14,175.857742
2016-06-15,175.612564
2016-06-16,176.136658
2016-06-17,175.480682
2016-06-20,176.610840
2016-06-21,177.112198
2016-06-22,176.823227
2016-06-23,179.125931
2016-06-24,172.693680
2016-06-27,169.600769
2016-06-28,172.659683
2016-06-29,175.599655
2016-06-30,177.995850
2016-07-01,178.369720
2016-07-05,177.086685
2016-07-06,178.148788
2016-07-07,178.038330
2016-07-08,180.689423
2016-07-11,181.326691
2016-07-12,182.643707
2016-07-13,182.618195
2016-07-14,183.637894
2016-07-15,183.391495
2016-07-18,183.884338
2016-07-19,183.697327
2016-07-20,184.462067
2016-07-21,183.765274
2016-07-22,184.589554
2016-07-25,184.088196
2016-07-26,184.173141
2016-07-27,183.977737
2016-07-28,184.190216
2016-07-29,184.487564
2016-08-01,184.334595
2016-08-02,183.153580
2016-08-03,183.688828
2016-08-04,183.884338
2016-08-05,185.388214
2016-08-08,185.277786
2016-08-09,185.388214
2016-08-10,184.929459
2016-08-11,185.787613
2016-08-12,185.626205
2016-08-15,186.161499
2016-08-16,185.201294
2016-08-17,185.549667
2016-08-18,185.965988
2016-08-19,185.694153
2016-08-22,185.685669
2016-08-23,186.059525
2016-08-24,185.107864
2016-08-25,184.980423
2016-08-26,184.632019
2016-08-29,185.541168
2016-08-30,185.235291
2016-08-31,184.708450
2016-09-01,184.716995
2016-09-02,185.549667
2016-09-06,186.110535
2016-09-07,186.093506
2016-09-08,185.668701
2016-09-09,181.224686
2016-09-12,183.824829
2016-09-13,181.182190
2016-09-14,181.114227
2016-09-15,182.924072
2016-09-16,182.217010
2016-09-19,182.251099
2016-09-20,182.259689
2016-09-21,184.309296
2016-09-22,185.470718
2016-09-23,184.454468
2016-09-26,182.960037
2016-09-27,184.095795
2016-09-28,185.009521
2016-09-29,183.335724
2016-09-30,184.719193
2016-10-03,184.275162
2016-10-04,183.335724
2016-10-05,184.147049
2016-10-06,184.275162
2016-10-07,183.643188
2016-10-10,184.599655
2016-10-11,182.268250
2016-10-12,182.507385
2016-10-13,181.909576
2016-10-14,182.003479
2016-10-17,181.371567
2016-10-18,182.507385
2016-10-19,182.994141
2016-10-20,182.652542
2016-10-21,182.737915
2016-10-24,183.514999
2016-10-25,182.900177
2016-10-26,182.532974
2016-10-27,182.046234
2016-10-28,181.508209
2016-10-31,181.516754
2016-11-01,180.201553
2016-11-02,179.116989
2016-11-03,178.297134
2016-11-04,178.100723
2016-11-07,182.029099
2016-11-08,182.848907
2016-11-09,184.787491
2016-11-10,185.248688
2016-11-11,184.821701
2016-11-14,184.966858
2016-11-15,186.410110
2016-11-16,186.059921
2016-11-17,187.016510
2016-11-18,186.598022
2016-11-21,188.007111
2016-11-22,188.374344
2016-11-23,188.476776
2016-11-25,189.177063
2016-11-28,188.288895
2016-11-29,188.656158
2016-11-30,188.203522
2016-12-01,187.511749
2016-12-02,187.605698
2016-12-05,188.732956
2016-12-06,189.330765
2016-12-07,191.807373
2016-12-08,192.277054
2016-12-09,193.438492
2016-12-12,193.216492
2016-12-13,194.505966
2016-12-14,192.900497
2016-12-15,193.694717
2016-12-16,193.315872
2016-12-19,193.736786
2016-12-20,194.484131
2016-12-21,193.942947
2016-12-22,193.607941
2016-12-23,193.891464
2016-12-27,194.372452
2016-12-28,192.766144
2016-12-29,192.723160
2016-12-30,192.018723
2017-01-03,193.487625
2017-01-04,194.638794
2017-01-05,194.484131
2017-01-06,195.179977
2017-01-09,194.535706
2017-01-10,194.535706
2017-01-11,195.085510
2017-01-12,194.595795
2017-01-13,195.042496
2017-01-17,194.355316
2017-01-18,194.784821
2017-01-19,194.063217
2017-01-20,194.776215
2017-01-23,194.269379
2017-01-24,195.514999
2017-01-25,197.207291
2017-01-26,197.001099
2017-01-27,196.691879
2017-01-30,195.472092
2017-01-31,195.454880
2017-02-01,195.532135
2017-02-02,195.661041
2017-02-03,197.009689
2017-02-06,196.657486
2017-02-07,196.666107
2017-02-08,196.923813
2017-02-09,198.092072
2017-02-10,198.873779
2017-02-13,199.956177
2017-02-14,200.755051
2017-02-15,201.803040
2017-02-16,201.631302
2017-02-17,201.949097
2017-02-21,203.151718
2017-02-22,202.971390
2017-02-23,203.108826
2017-02-24,203.366516
2017-02-27,203.684387
2017-02-28,203.134598
2017-03-01,205.977966
2017-03-02,204.680817
2017-03-03,204.809677
2017-03-06,204.199753
2017-03-07,203.589844
2017-03-08,203.211838
2017-03-09,203.469543
2017-03-10,204.182587
2017-03-13,204.285675
2017-03-14,203.503906
2017-03-15,205.264938
2017-03-16,204.861237
2017-03-17,204.501465
2017-03-20,204.277191
2017-03-21,201.654343
2017-03-22,202.128845
2017-03-23,201.913147
2017-03-24,201.766479
2017-03-27,201.559387
2017-03-28,203.026108
2017-03-29,203.215942
2017-03-30,203.862991
2017-03-31,203.388458
2017-04-03,203.034729
2017-04-04,203.164139
2017-04-05,202.560196
2017-04-06,203.129623
2017-04-07,202.922592
2017-04-10,203.043350
2017-04-11,202.801697
2017-04-12,201.913147
2017-04-13,200.601746
2017-04-17,202.379028
2017-04-18,201.775085
2017-04-19,201.404083
2017-04-20,203.043350
2017-04-21,202.396255
2017-04-24,204.622208
2017-04-25,205.812851
2017-04-26,205.683395
2017-04-27,205.856018
2017-04-28,205.407349
2017-05-01,205.924973
2017-05-02,206.002655
2017-05-03,205.752441
2017-05-04,205.994049
2017-05-05,206.805008
2017-05-08,206.770493
2017-05-09,206.580643
2017-05-10,206.951660
2017-05-11,206.528946
2017-05-12,206.183853
2017-05-15,207.322723
2017-05-16,207.132889
2017-05-17,203.457535
2017-05-18,204.277191
2017-05-19,205.605820
2017-05-22,206.649719
2017-05-23,207.107010
2017-05-24,207.590179
2017-05-25,208.582352
2017-05-26,208.539261
2017-05-30,208.358032
2017-05-31,208.306274
2017-06-01,209.962738
2017-06-02,210.661575
2017-06-05,210.506363
2017-06-06,209.833313
2017-06-07,210.221634
2017-06-08,210.325134
2017-06-09,210.005951
2017-06-12,209.962738
2017-06-13,210.989456
2017-06-14,210.721954
2017-06-15,210.316513
2017-06-16,210.362427
2017-06-19,212.113770
2017-06-20,210.683212
2017-06-21,210.631180
2017-06-22,210.535812
2017-06-23,210.787262
2017-06-26,210.925995
2017-06-27,209.226654
2017-06-28,211.099396
2017-06-29,209.244034
2017-06-30,209.634186
2017-07-03,209.989655
2017-07-05,210.475174
2017-07-06,208.550476
2017-07-07,209.902924
2017-07-10,210.128372
2017-07-11,209.972336
2017-07-12,211.550171
2017-07-13,211.905640
2017-07-14,212.894012
2017-07-17,212.867996
2017-07-18,212.980743
2017-07-19,214.133804
2017-07-20,214.229126
2017-07-21,214.038422
2017-07-24,213.986435
2017-07-25,214.506561
2017-07-26,214.515182
2017-07-27,214.315826
2017-07-28,214.064453
2017-07-31,213.943069
2017-08-01,214.419891
2017-08-02,214.523895
2017-08-03,214.107788
2017-08-04,214.497955
2017-08-07,214.896713
2017-08-08,214.367844
2017-08-09,214.359222
2017-08-10,211.333450
2017-08-11,211.645523
2017-08-14,213.743622
2017-08-15,213.717651
2017-08-16,214.090454
2017-08-17,210.752625
2017-08-18,210.423126
2017-08-21,210.587830
2017-08-22,212.789978
2017-08-23,212.027054
2017-08-24,211.532928
2017-08-25,212.027054
2017-08-28,212.035706
2017-08-29,212.278473
2017-08-30,213.284103
2017-08-31,214.567291
2017-09-01,214.870743
2017-09-05,213.327484
2017-09-06,214.055740
2017-09-07,214.029755
2017-09-08,213.778320
2017-09-11,216.058472
2017-09-12,216.786682
2017-09-13,216.890747
2017-09-14,216.821426
2017-09-15,217.113297
2017-09-18,217.575043
2017-09-19,217.792847
2017-09-20,217.871246
2017-09-21,217.287552
2017-09-22,217.331085
2017-09-25,216.886719
2017-09-26,217.017426
2017-09-27,217.862534
2017-09-28,218.123962
2017-09-29,218.890656
2017-10-02,219.840378
2017-10-03,220.310852
2017-10-04,220.572266
2017-10-05,221.879120
2017-10-06,221.626465
2017-10-09,221.260513
2017-10-10,221.844315
2017-10-11,222.192810
2017-10-12,221.861725
2017-10-13,222.131790
2017-10-16,222.428085
2017-10-17,222.584885
2017-10-18,222.802719
2017-10-19,222.863678
2017-10-20,224.013718
2017-10-23,223.142471
2017-10-24,223.534576
2017-10-25,222.428085
2017-10-26,222.715576
2017-10-27,224.536530
2017-10-30,223.700104
2017-10-31,224.048645
2017-11-01,224.344894
2017-11-02,224.431976
2017-11-03,225.181274
2017-11-06,225.529800
2017-11-07,225.373001
2017-11-08,225.756287
2017-11-09,224.937317
2017-11-10,224.867630
2017-11-13,225.076736
2017-11-14,224.553955
2017-11-15,223.430054
2017-11-16,225.329391
2017-11-17,224.667252
2017-11-20,225.050659
2017-11-21,226.523087
2017-11-22,226.322647
2017-11-24,226.845444
2017-11-27,226.732178
2017-11-28,229.032303
2017-11-29,228.892944
2017-11-30,230.896866
2017-12-01,230.417618
2017-12-04,230.138855
2017-12-05,229.311127
2017-12-06,229.354630
2017-12-07,230.077911
2017-12-08,231.332489
2017-12-11,232.029495
2017-12-12,232.438995
2017-12-13,232.412888
2017-12-14,231.463226
2017-12-15,233.390640
2017-12-18,234.870651
2017-12-19,233.968613
2017-12-20,233.846039
2017-12-21,234.327652
2017-12-22,234.266388
2017-12-26,233.986130
2017-12-27,234.099960
2017-12-28,234.581619
2017-12-29,233.697128
2018-01-02,235.369781
2018-01-03,236.858582
2018-01-04,237.856918
2018-01-05,239.442032
2018-01-08,239.879898
2018-01-09,240.422852
2018-01-10,240.054993
2018-01-11,241.806427
2018-01-12,243.382767
2018-01-16,242.550797
2018-01-17,244.862747
2018-01-18,244.451172
2018-01-19,245.563278
2018-01-22,247.559982
2018-01-23,248.085419
2018-01-24,247.989136
2018-01-25,248.094147
2018-01-26,250.966507
2018-01-29,249.302704
2018-01-30,246.745575
2018-01-31,246.868118
2018-02-01,246.587906
2018-02-02,241.219681
2018-02-05,231.131317
2018-02-06,235.685043
2018-02-07,234.406509
2018-02-08,225.614182
2018-02-09,229.003311
2018-02-12,232.366058
2018-02-13,232.944046
2018-02-14,236.087891
2018-02-15,239.100433
2018-02-16,239.170486
2018-02-20,237.673004
2018-02-21,236.490738
2018-02-22,236.797195
2018-02-23,240.571671
2018-02-26,243.365295
2018-02-27,240.326508
2018-02-28,237.891876
2018-03-01,234.432800
2018-03-02,235.641281
2018-03-05,238.364838
2018-03-06,238.969055
2018-03-07,238.881531
2018-03-08,240.037460
2018-03-09,244.214645
2018-03-12,243.908203
2018-03-13,242.331894
2018-03-14,241.088318
2018-03-15,240.825699
2018-03-16,241.086777
2018-03-19,237.824738
2018-03-20,238.229218
2018-03-21,237.771988
2018-03-22,231.828354
2018-03-23,226.887085
2018-03-26,233.094421
2018-03-27,229.129181
2018-03-28,228.452148
2018-03-29,231.371140
2018-04-02,226.377106
2018-04-03,229.278580
2018-04-04,231.731735
2018-04-05,233.560516
2018-04-06,228.355377
2018-04-09,229.480820
2018-04-10,233.129669
2018-04-11,231.907532
2018-04-12,233.815399
2018-04-13,233.129669
2018-04-16,235.046371
2018-04-17,237.561020
2018-04-18,237.736938
2018-04-19,236.417969
2018-04-20,234.413330
2018-04-23,234.378204
2018-04-24,231.221695
2018-04-25,231.793182
2018-04-26,234.149597
2018-04-27,234.369385
2018-04-30,232.566986
2018-05-01,232.980164
2018-05-02,231.415176
2018-05-03,230.905182
2018-05-04,233.894562
2018-05-07,234.685883
2018-05-08,234.685883
2018-05-09,236.954376
2018-05-10,239.170074
2018-05-11,239.899826
2018-05-14,240.014053
2018-05-15,238.361206
2018-05-16,239.363464
2018-05-17,239.161255
2018-05-18,238.563309
2018-05-21,240.356979
2018-05-22,239.688751
2018-05-23,240.348175
2018-05-24,239.855850
2018-05-25,239.284332
2018-05-29,236.532272
2018-05-30,239.688751
2018-05-31,238.220398
2018-06-01,240.559219
2018-06-04,241.702194
2018-06-05,241.878052
2018-06-06,243.900345
2018-06-07,243.873947
2018-06-08,244.594940
2018-06-11,244.920212
2018-06-12,245.236710
2018-06-13,244.454193
2018-06-14,245.069717
2018-06-15,244.757034
2018-06-18,244.253662
2018-06-19,243.317520
2018-06-20,243.732605
2018-06-21,242.204575
2018-06-22,242.646179
2018-06-25,239.343124
2018-06-26,239.873093
2018-06-27,237.885910
2018-06-28,239.246048
2018-06-29,239.590500
2018-07-02,240.102631
2018-07-03,239.254807
2018-07-05,241.206635
2018-07-06,243.246811
2018-07-09,245.437073
2018-07-10,246.320267
2018-07-11,244.518631
2018-07-12,246.735352
2018-07-13,246.929642
2018-07-16,246.708908
2018-07-17,247.706894
2018-07-18,248.227966
2018-07-19,247.291748
2018-07-20,247.009216
2018-07-23,247.468491
2018-07-24,248.713608
2018-07-25,250.833344
2018-07-26,250.241623
2018-07-27,248.545883
2018-07-30,247.247604
2018-07-31,248.466431
2018-08-01,248.051376
2018-08-02,249.402603
2018-08-03,250.471222
2018-08-06,251.389755
2018-08-07,252.220001
2018-08-08,252.113937
2018-08-09,251.769531
2018-08-10,250.082642
2018-08-13,249.146545
2018-08-14,250.736206
2018-08-15,248.863861
2018-08-16,250.877518
2018-08-17,251.760681
2018-08-20,252.299530
2018-08-21,252.891266
2018-08-22,252.741043
2018-08-23,252.405472
2018-08-24,253.924515
2018-08-27,255.929352
2018-08-28,256.052979
2018-08-29,257.430756
2018-08-30,256.388641
2018-08-31,256.397491
2018-09-04,255.955811
2018-09-05,255.266968
2018-09-06,254.498672
2018-09-07,254.004013
2018-09-10,254.445572
2018-09-11,255.284607
2018-09-12,255.346451
2018-09-13,256.856628
2018-09-14,256.900909
2018-09-17,255.540726
2018-09-18,256.927399
2018-09-19,257.201111
2018-09-20,259.285370
2018-09-21,259.048553
2018-09-24,258.187897
2018-09-25,257.948486
2018-09-26,257.176605
2018-09-27,257.895233
2018-09-28,257.921875
2018-10-01,258.817932
2018-10-02,258.667053
2018-10-03,258.809021
2018-10-04,256.786316
2018-10-05,255.349091
2018-10-08,255.349091
2018-10-09,254.976425
2018-10-10,246.902924
2018-10-11,241.464661
2018-10-12,244.818130
2018-10-15,243.443054
2018-10-16,248.766113
2018-10-17,248.810471
2018-10-18,245.217361
2018-10-19,245.084274
2018-10-22,243.984192
2018-10-23,242.742081
2018-10-24,235.387405
2018-10-25,239.610321
2018-10-26,235.396225
2018-10-29,234.092133
2018-10-30,237.560989
2018-10-31,240.098312
2018-11-01,242.653442
2018-11-02,241.216110
2018-11-05,242.546982
2018-11-06,244.081787
2018-11-07,249.307266
2018-11-08,248.854752
2018-11-09,246.423965
2018-11-12,241.819458
2018-11-13,241.367035
2018-11-14,239.716827
2018-11-15,242.218689
2018-11-16,242.848694
2018-11-19,238.741013
2018-11-20,234.322830
2018-11-21,235.121170
2018-11-23,233.550934
2018-11-26,237.321426
2018-11-27,238.119904
2018-11-28,243.602600
2018-11-29,243.070496
2018-11-30,244.552094
2018-12-03,247.790207
2018-12-04,239.761200
2018-12-06,239.397400
2018-12-07,233.834808
2018-12-10,234.278427
2018-12-11,234.331650
2018-12-12,235.511566
2018-12-13,235.431763
2018-12-14,231.084564
2018-12-17,226.551071
2018-12-18,226.302643
2018-12-19,222.913589
2018-12-20,219.285019
2018-12-21,214.791977
2018-12-24,209.116547
2018-12-26,219.682129
2018-12-27,221.368713
2018-12-28,221.083145
2018-12-31,223.019577
2019-01-02,223.251587
2019-01-03,217.924164
2019-01-04,225.223724
2019-01-07,226.999512
2019-01-08,229.132294
2019-01-09,230.203094
2019-01-10,231.015167
2019-01-11,231.104401
2019-01-14,229.694412
2019-01-15,232.326889
2019-01-16,232.889114
2019-01-17,234.655975
2019-01-18,237.779221
2019-01-22,234.566711
2019-01-23,235.057602
2019-01-24,235.182495
2019-01-25,237.172501
2019-01-28,235.369888
2019-01-29,235.057602
2019-01-30,238.778671
2019-01-31,240.875732
2019-02-01,240.991714
2019-02-04,242.687286
2019-02-05,243.704590
2019-02-06,243.383286
2019-02-07,241.063171
2019-02-08,241.357666
2019-02-11,241.491531
2019-02-12,244.596909
2019-02-13,245.391144
2019-02-14,244.846832
2019-02-15,247.515015
2019-02-19,247.943314
2019-02-20,248.443024
2019-02-21,247.559570
2019-02-22,249.094437
2019-02-25,249.433456
2019-02-26,249.255051
2019-02-27,249.147934
2019-02-28,248.683914
2019-03-01,250.236633
2019-03-04,249.326385
2019-03-05,248.987350
2019-03-06,247.479263
2019-03-07,245.408966
2019-03-08,244.918182
2019-03-11,248.469803
2019-03-12,249.406723
2019-03-13,251.057602
2019-03-14,250.897003
2019-03-15,252.136536
2019-03-18,253.050827
2019-03-19,253.113525
2019-03-20,252.351700
2019-03-21,255.201874
2019-03-22,250.290222
2019-03-25,250.102020
2019-03-26,251.966293
2019-03-27,250.648727
2019-03-28,251.598801
2019-03-29,253.185272
2019-04-01,256.187836
2019-04-02,256.313324
2019-04-03,256.716705
2019-04-04,257.397766
2019-04-05,258.643646
2019-04-08,258.840881
2019-04-09,257.514404
2019-04-10,258.392700
2019-04-11,258.321014
2019-04-12,260.068817
2019-04-15,259.898468
2019-04-16,260.068817
2019-04-17,259.432434
2019-04-18,259.943359
2019-04-22,260.167358
2019-04-23,262.506714
2019-04-24,261.924164
2019-04-25,261.762787
2019-04-26,262.981812
2019-04-29,263.394012
2019-04-30,263.528381
2019-05-01,261.547699
2019-05-02,260.983063
2019-05-03,263.537384
2019-05-06,262.452972
2019-05-07,258.070068
2019-05-08,257.711487
2019-05-09,256.931763
2019-05-10,258.222443
2019-05-13,251.733246
2019-05-14,254.009888
2019-05-15,255.497711
2019-05-16,257.863983
2019-05-17,256.196838
2019-05-20,254.502777
2019-05-21,256.797333
2019-05-22,256.008606
2019-05-23,252.880447
2019-05-24,253.454117
2019-05-28,251.096832
2019-05-29,249.411896
2019-05-30,250.093079
2019-05-31,246.722961
2019-06-03,246.095596
2019-06-04,251.437485
2019-06-05,253.615463
2019-06-06,255.264648
2019-06-07,257.819092
2019-06-10,259.002197
2019-06-11,258.939484
2019-06-12,258.482330
2019-06-13,259.548889
2019-06-14,259.262085
2019-06-17,259.360718
2019-06-18,262.076447
2019-06-19,262.667999
2019-06-20,265.177643
2019-06-21,264.792145
2019-06-24,264.467957
2019-06-25,261.874084
2019-06-26,261.612823
2019-06-27,262.540527
2019-06-28,263.891571
2019-07-01,266.287201
2019-07-02,266.980774
2019-07-03,269.115326
2019-07-05,268.809143
2019-07-08,267.332062
2019-07-09,267.665314
2019-07-10,268.944183
2019-07-11,269.574646
2019-07-12,270.781555
2019-07-15,270.871613
2019-07-16,269.998016
2019-07-17,268.160614
2019-07-18,269.142365
2019-07-19,267.647247
2019-07-22,268.304718
2019-07-23,270.223145
2019-07-24,271.493103
2019-07-25,270.196136
2019-07-26,272.006439
2019-07-29,271.511047
2019-07-30,270.844574
2019-07-31,267.881470
2019-08-01,265.548737
2019-08-02,263.549347
2019-08-05,255.623550
2019-08-06,259.208252
2019-08-07,259.361298
2019-08-08,264.449921
2019-08-09,262.648651
2019-08-12,259.451324
2019-08-13,263.486237
2019-08-14,255.695648
2019-08-15,256.371063
2019-08-16,260.153809
2019-08-19,263.288116
2019-08-20,261.270660
2019-08-21,263.396271
2019-08-22,263.315125
2019-08-23,256.551208
2019-08-26,259.388336
2019-08-27,258.370544
2019-08-28,260.189880
2019-08-29,263.513275
2019-08-30,263.396271
2019-09-03,261.856018
2019-09-04,264.828278
2019-09-05,268.232666
2019-09-06,268.439819
2019-09-09,268.575012
2019-09-10,268.511841
2019-09-11,270.421204
2019-09-12,271.357910
2019-09-13,271.177826
2019-09-16,270.340149
2019-09-17,271.024750
2019-09-18,271.186859
2019-09-19,271.168793
2019-09-20,269.887634
2019-09-23,269.824249
2019-09-24,267.706970
2019-09-25,269.290436
2019-09-26,268.729492
2019-09-27,267.281738
2019-09-30,268.521301
2019-10-01,265.327332
2019-10-02,260.640442
2019-10-03,262.775818
2019-10-04,266.331665
2019-10-07,265.182587
2019-10-08,261.065704
2019-10-09,263.544891
2019-10-10,265.327332
2019-10-11,268.077972
2019-10-14,267.779358
2019-10-15,270.430511
2019-10-16,269.996155
2019-10-17,270.792389
2019-10-18,269.607117
2019-10-21,271.434875
2019-10-22,270.548126
2019-10-23,271.335388
2019-10-24,271.778656
2019-10-25,272.891632
2019-10-28,274.429779
2019-10-29,274.348236
2019-10-30,275.189758
2019-10-31,274.456848
2019-11-01,276.999451
2019-11-04,278.112366
2019-11-05,277.804718
2019-11-06,277.868103
2019-11-07,278.845245
2019-11-08,279.532990
2019-11-11,278.999146
2019-11-12,279.587189
2019-11-13,279.677673
2019-11-14,280.084808
2019-11-15,282.111633
2019-11-18,282.319733
2019-11-19,282.238251
2019-11-20,281.188660
2019-11-21,280.736267
2019-11-22,281.360687
2019-11-25,283.541199
2019-11-26,284.183716
2019-11-27,285.450409
2019-11-29,284.391754
2019-12-02,281.975861
2019-12-03,280.084808
2019-12-04,281.813110
2019-12-05,282.319733
2019-12-06,284.898468
2019-12-09,284.002747
2019-12-10,283.686005
2019-12-11,284.491272
2019-12-12,286.943359
2019-12-13,287.115265
2019-12-16,289.087769
2019-12-17,289.151123
2019-12-18,289.169189
2019-12-19,290.354462
2019-12-20,291.627472
2019-12-23,292.072968
2019-12-24,292.082062
2019-12-26,293.636871
2019-12-27,293.564117
2019-12-30,291.945648
2019-12-31,292.654877
2020-01-02,295.391785
2020-01-03,293.154999
2020-01-06,294.273438
2020-01-07,293.445953
2020-01-08,295.009918
2020-01-09,297.010223
2020-01-10,296.155548
2020-01-13,298.192383
2020-01-14,297.737701
2020-01-15,298.410522
2020-01-16,300.892822
2020-01-17,301.829407
2020-01-21,301.238312
2020-01-22,301.274658
2020-01-23,301.620178
2020-01-24,298.937836
2020-01-27,294.146149
2020-01-28,297.228424
2020-01-29,296.983002
2020-01-30,297.946747
2020-01-31,292.536682
2020-02-03,294.709869
2020-02-04,299.201630
2020-02-05,302.656738
2020-02-06,303.675049
2020-02-07,302.056671
2020-02-10,304.311615
2020-02-11,304.839111
2020-02-12,306.803009
2020-02-13,306.475616
2020-02-14,306.966675
2020-02-18,306.175598
2020-02-19,307.639465
2020-02-20,306.375763
2020-02-21,303.220520
2020-02-24,293.164124
2020-02-25,284.280609
2020-02-26,283.234985
2020-02-27,270.514404
2020-02-28,269.377869
2020-03-02,281.043671
2020-03-03,272.996704
2020-03-04,284.471527
2020-03-05,275.015228
2020-03-06,270.468903
2020-03-09,249.346786
2020-03-10,262.249207
2020-03-11,249.464981
2020-03-12,225.596893
2020-03-13,244.882324
2020-03-16,218.086349
2020-03-17,229.861282
2020-03-18,218.222778
2020-03-19,218.686508
2020-03-20,209.262390
2020-03-23,203.911880
2020-03-24,222.386963
2020-03-25,225.716156
2020-03-26,238.895721
2020-03-27,231.780029
2020-03-30,239.307251
2020-03-31,235.740219
2020-04-01,225.130814
2020-04-02,230.325806
2020-04-03,226.996628
2020-04-06,242.243134
2020-04-07,242.490036
2020-04-08,250.630096
2020-04-09,254.443985
2020-04-13,252.120895
2020-04-14,259.556671
2020-04-15,254.041595
2020-04-16,255.267181
2020-04-17,262.163300
2020-04-20,257.544556
2020-04-21,249.724655
2020-04-22,255.267181
2020-04-23,255.248779
2020-04-24,258.806671
2020-04-27,262.538269
2020-04-28,261.331024
2020-04-29,268.172272
2020-04-30,265.675354
2020-05-01,258.642059
2020-05-04,259.355469
2020-05-05,261.751740
2020-05-06,259.977356
2020-05-07,263.114502
2020-05-08,267.468079
2020-05-11,267.522919
2020-05-12,262.190765
2020-05-13,257.553711
2020-05-14,260.635956
2020-05-15,261.834045
2020-05-18,269.809387
2020-05-19,267.038208
2020-05-20,271.574646
2020-05-21,269.699707
2020-05-22,270.211853
2020-05-26,273.540985
2020-05-27,277.610931
2020-05-28,277.098877
2020-05-29,278.333588
2020-06-01,279.458527
2020-06-02,281.772491
2020-06-03,285.522400
2020-06-04,284.772369
2020-06-05,292.070923
2020-06-08,295.601349
2020-06-09,293.397217
2020-06-10,291.760010
2020-06-11,274.940369
2020-06-12,278.232941
2020-06-15,280.830444
2020-06-16,286.235687
2020-06-17,285.046814
2020-06-18,285.156525
2020-06-19,283.526886
2020-06-22,285.345764
2020-06-23,286.659363
2020-06-24,279.347198
2020-06-25,282.341827
2020-06-26,275.635803
2020-06-29,279.686981
2020-06-30,283.269684
2020-07-01,285.253937
2020-07-02,286.824738
2020-07-06,291.252502
2020-07-07,288.248627
2020-07-08,290.453400
2020-07-09,288.799835
2020-07-10,291.748657
2020-07-13,289.222382
2020-07-14,292.970459
2020-07-15,295.662079
2020-07-16,294.688324
2020-07-17,295.542603
2020-07-20,297.931091
2020-07-21,298.564911
2020-07-22,300.264404
2020-07-23,296.681763
2020-07-24,294.770996
2020-07-27,296.920593
2020-07-28,295.037384
2020-07-29,298.665985
2020-07-30,297.600403
2020-07-31,299.952026
2020-08-03,302.037354
2020-08-04,303.203979
2020-08-05,305.087189
2020-08-06,307.126556
2020-08-07,307.347015
2020-08-10,308.265594
2020-08-11,305.721008
2020-08-12,309.983551
2020-08-13,309.423187
2020-08-14,309.432343
2020-08-17,310.415283
2020-08-18,311.085785
2020-08-19,309.790558
2020-08-20,310.755188
2020-08-21,311.857605
2020-08-24,315.017639
2020-08-25,316.119965
2020-08-26,319.289276
2020-08-27,319.987396
2020-08-28,322.054382
2020-08-31,320.887665
2020-09-01,323.909973
2020-09-02,328.594971
2020-09-03,317.286682
2020-09-04,314.696106
2020-09-08,306.097626
2020-09-09,312.142334
2020-09-10,306.722351
2020-09-11,306.878571
2020-09-14,310.920532
2020-09-15,312.491333
2020-09-16,311.251251
2020-09-17,308.513702
2020-09-18,304.961914
2020-09-21,301.567780
2020-09-22,304.639069
2020-09-23,297.574219
2020-09-24,298.367401
2020-09-25,303.191010
2020-09-28,308.226807
2020-09-29,306.548279
2020-09-30,308.872559
2020-10-01,310.855438
2020-10-02,307.904083
2020-10-05,313.364166
2020-10-06,308.909363
2020-10-07,314.286438
2020-10-08,317.071777
2020-10-09,319.903351
2020-10-12,325.049774
2020-10-13,322.928467
2020-10-14,320.899384
2020-10-15,320.502869
2020-10-16,320.309082
2020-10-19,315.439362
2020-10-20,316.702942
2020-10-21,316.103333
2020-10-22,317.837372
2020-10-23,318.916443
2020-10-26,313.022888
2020-10-27,311.943756
2020-10-28,301.281860
2020-10-29,304.343964
2020-10-30,301.171143
2020-11-02,304.546936
2020-11-03,309.923950
2020-11-04,316.850464
2020-11-05,323.029907
2020-11-06,322.956116
2020-11-09,327.014343
2020-11-10,326.534698
2020-11-11,328.960388
2020-11-12,325.769135
2020-11-13,330.279266
2020-11-16,334.402039
2020-11-17,332.603577
2020-11-18,328.600708
2020-11-19,329.984222
2020-11-20,327.724548
2020-11-23,329.689056
2020-11-24,335.001556
2020-11-25,334.485107
2020-11-27,335.416595
2020-11-30,333.931671
2020-12-01,337.583923
2020-12-02,338.294159
2020-12-03,338.201965
2020-12-04,341.116425
2020-12-07,340.415497
2020-12-08,341.411621
2020-12-09,338.349548
2020-12-10,338.238831
2020-12-11,337.842163
2020-12-14,336.329620
2020-12-15,340.876678
2020-12-16,341.411621
2020-12-17,343.320770
2020-12-18,341.949951
2020-12-21,340.727325
2020-12-22,340.152985
2020-12-23,340.458710
2020-12-24,341.783203
2020-12-28,344.719421
2020-12-29,344.061676
2020-12-30,344.552734
2020-12-31,346.303345
2021-01-04,341.588654
2021-01-05,343.941376
2021-01-06,345.997559
2021-01-07,351.138275
2021-01-08,353.138947
2021-01-11,350.758453
2021-01-12,350.832520
2021-01-13,351.777313
2021-01-14,350.545441
2021-01-15,347.989044
2021-01-19,350.721466
2021-01-20,355.574951
2021-01-21,355.899109
2021-01-22,354.639435
2021-01-25,356.038055
2021-01-26,355.482391
2021-01-27,346.794189
2021-01-28,349.776703
2021-01-29,342.774292
2021-02-01,348.479950
2021-02-02,353.407501
2021-02-03,353.685455
2021-02-04,357.705261
2021-02-05,359.113159
2021-02-08,361.706665
2021-02-09,361.465790
2021-02-10,361.308350
2021-02-11,361.891937
2021-02-12,363.679504
2021-02-16,363.364624
2021-02-17,363.448029
2021-02-18,361.901215
2021-02-19,361.262024
2021-02-22,358.483246
2021-02-23,358.918671
2021-02-24,362.873779
2021-02-25,354.130066
2021-02-26,352.305267
2021-03-01,360.845245
2021-03-02,358.029449
2021-03-03,353.287140
2021-03-04,348.915222
2021-03-05,355.334137
2021-03-08,353.565094
2021-03-09,358.613037
2021-03-10,360.845245
2021-03-11,364.503937
2021-03-12,364.994873
2021-03-15,367.171478
2021-03-16,366.708374
2021-03-17,367.958801
2021-03-18,362.605133
2021-03-19,361.934235
2021-03-22,364.824188
2021-03-23,361.952789
2021-03-24,360.112793
2021-03-25,362.138641
2021-03-26,367.974487
2021-03-29,367.788696
2021-03-30,366.812897
2021-03-31,368.299744
2021-04-01,372.276978
2021-04-05,377.620300
2021-04-06,377.397369
2021-04-07,377.834106
2021-04-08,379.627563
2021-04-09,382.387543
2021-04-12,382.526855
2021-04-13,383.660645
2021-04-14,382.350372
2021-04-15,386.457764
2021-04-16,387.749451
2021-04-19,385.844452
2021-04-20,383.019470
2021-04-21,386.643677
2021-04-22,383.112366
2021-04-23,387.266235
2021-04-26,388.074677
2021-04-27,387.991089
2021-04-28,387.879486
2021-04-29,390.351471
2021-04-30,387.786621
2021-05-03,388.622986
2021-05-04,386.225433
2021-05-05,386.346222
2021-05-06,389.431488
2021-05-07,392.265808
2021-05-10,388.381348
2021-05-11,384.915161
2021-05-12,376.737518
2021-05-13,381.263092
2021-05-14,387.117523
2021-05-17,386.132446
2021-05-18,382.805725
2021-05-19,381.802032
2021-05-20,385.909515
2021-05-21,385.593475
2021-05-24,389.524414
2021-05-25,388.660126
2021-05-26,389.431488
2021-05-27,389.635925
2021-05-28,390.332916
2021-06-01,389.989044
2021-06-02,390.602325
2021-06-03,389.152679
2021-06-04,392.711823
2021-06-07,392.330841
2021-06-08,392.414368
2021-06-09,391.828949
2021-06-10,393.650330
2021-06-11,394.300842
2021-06-14,395.183624
2021-06-15,394.458801
2021-06-16,392.256409
2021-06-17,392.126343
2021-06-18,386.836395
2021-06-21,392.374268
2021-06-22,394.472076
2021-06-23,393.996552
2021-06-24,396.327332
2021-06-25,397.735168
2021-06-28,398.537018
2021-06-29,398.751434
2021-06-30,399.086945
2021-07-01,401.296600
2021-07-02,404.363861
2021-07-06,403.627380
2021-07-07,405.053833
2021-07-08,401.753418
2021-07-09,406.042114
2021-07-12,407.496490
2021-07-13,406.107330
2021-07-14,406.713287
2021-07-15,405.324158
2021-07-16,402.145050
2021-07-19,396.206177
2021-07-20,401.884003
2021-07-21,405.137817
2021-07-22,405.986145
2021-07-23,410.162964
2021-07-26,411.169922
2021-07-27,409.295898
2021-07-28,409.128082
2021-07-29,410.824860
2021-07-30,408.829681
2021-08-02,407.971954
2021-08-03,411.291016
2021-08-04,409.267914
2021-08-05,411.859741
2021-08-06,412.540283
2021-08-09,412.204681
2021-08-10,412.717499
2021-08-11,413.743011
2021-08-12,414.983002
2021-08-13,415.738220
2021-08-16,416.717102
2021-08-17,413.985443
2021-08-18,409.454285
2021-08-19,410.088318
2021-08-20,413.351440
2021-08-23,416.987488
2021-08-24,417.649506
2021-08-25,418.525787
2021-08-26,416.055176
2021-08-27,419.775146
2021-08-30,421.621094
2021-08-31,420.996399
2021-09-01,421.220123
2021-09-02,422.516144
2021-09-03,422.413574
2021-09-07,420.903168
2021-09-08,420.390472
2021-09-09,418.591095
2021-09-10,415.290649
2021-09-13,416.353455
2021-09-14,414.106628
2021-09-15,417.565521
2021-09-16,416.903595
2021-09-17,412.842529
2021-09-20,405.958679
2021-09-21,405.575226
2021-09-22,409.531525
2021-09-23,414.507294
2021-09-24,415.190094
2021-09-27,414.002258
2021-09-28,405.659302
2021-09-29,406.342133
2021-09-30,401.375702
2021-10-01,406.145721
2021-10-04,400.908112
2021-10-05,405.079437
2021-10-06,406.763031
2021-10-07,410.279846
2021-10-08,409.531525
2021-10-11,406.566650
2021-10-12,405.565887
2021-10-13,407.024872
2021-10-14,413.871277
2021-10-15,417.023315
2021-10-18,418.257935
2021-10-19,421.484741
2021-10-20,423.140137
2021-10-21,424.243805
2021-10-22,423.804230
2021-10-25,426.077026
2021-10-26,426.460449
2021-10-27,424.571198
2021-10-28,428.667786
2021-10-29,429.537628
2021-11-01,430.276581
2021-11-02,432.016174
2021-11-03,434.653778
2021-11-04,436.702057
2021-11-05,438.217255
2021-11-08,438.591339
2021-11-09,437.141632
2021-11-10,433.624939
2021-11-11,433.765198
2021-11-12,437.038788
2021-11-15,437.188385
2021-11-16,438.918732
2021-11-17,437.852478
2021-11-18,439.339600
2021-11-19,438.553986
2021-11-22,437.319336
2021-11-23,437.899292
2021-11-24,439.068451
2021-11-26,429.275726
2021-11-29,434.541504
2021-11-30,426.086365
2021-12-01,421.353729
2021-12-02,427.807343
2021-12-03,424.084839
2021-12-06,429.107452
2021-12-07,437.983429
2021-12-08,439.143188
2021-12-09,436.178375
2021-12-10,440.284271
2021-12-13,436.384094
2021-12-14,433.381714
2021-12-15,440.153290
2021-12-16,436.271851
2021-12-17,431.628601
2021-12-20,427.038940
2021-12-21,434.622742
2021-12-22,438.968353
2021-12-23,441.699677
2021-12-27,447.950745
2021-12-28,447.584625
2021-12-29,448.157288
2021-12-30,446.918304
2021-12-31,445.791901
2022-01-03,448.373169
2022-01-04,448.222900
2022-01-05,439.616058
2022-01-06,439.203064
2022-01-07,437.466675
2022-01-10,436.922333
2022-01-11,440.901917
2022-01-12,442.093903
2022-01-13,436.002502
2022-01-14,436.180786
2022-01-18,428.456146
2022-01-19,424.007294
2022-01-20,419.314423
2022-01-21,411.082855
2022-01-24,412.828705
2022-01-25,407.788513
2022-01-26,406.765411
2022-01-27,404.756866
2022-01-28,414.809113
2022-01-31,422.280273
2022-02-01,425.133575
2022-02-02,429.263458
2022-02-03,419.173615
2022-02-04,421.144653
2022-02-07,419.793091
2022-02-08,423.247101
2022-02-09,429.441711
2022-02-10,421.726501
2022-02-11,413.410614
2022-02-14,412.059021
2022-02-15,418.704346
2022-02-16,419.173615
2022-02-17,410.219421
2022-02-18,407.563202
2022-02-22,403.189392
2022-02-23,396.037384
2022-02-24,401.997406
2022-02-25,410.867035
2022-02-28,409.815887
2022-03-01,403.574219
2022-03-02,410.998474
2022-03-03,408.952332
2022-03-04,405.629761
2022-03-07,393.672150
2022-03-08,390.687439
2022-03-09,401.162048
2022-03-10,399.350525
2022-03-11,394.272827
2022-03-14,391.391418
2022-03-15,399.998138
2022-03-16,408.867828
2022-03-17,413.983154
2022-03-18,418.517456
2022-03-21,418.395081
2022-03-22,423.290863
2022-03-23,417.839600
2022-03-24,424.138245
2022-03-25,426.209595
2022-03-28,429.241150
2022-03-29,434.551239
2022-03-30,431.868011
2022-03-31,425.221039
2022-04-01,426.426086
2022-04-04,430.079132
2022-04-05,424.646698
2022-04-06,420.400452
2022-04-07,422.518829
2022-04-08,421.389069
2022-04-11,414.186584
2022-04-12,412.651917
2022-04-13,417.378204
2022-04-14,412.181213
2022-04-18,412.350555
2022-04-19,419.007080
2022-04-20,418.696259
2022-04-21,412.435333
2022-04-22,401.118500
2022-04-25,403.444000
2022-04-26,391.759949
2022-04-27,392.861450
2022-04-28,402.784912
2022-04-29,387.899719
2022-05-02,390.234650
2022-05-03,392.023560
2022-05-04,403.961792
2022-05-05,389.603821
2022-05-06,387.278259
2022-05-09,374.878754
2022-05-10,375.744934
2022-05-11,369.775787
2022-05-12,369.389801
2022-05-13,378.221069
2022-05-16,376.686401
2022-05-17,384.434998
2022-05-18,368.937805
2022-05-19,366.678192
2022-05-20,366.838257
2022-05-23,373.701904
2022-05-24,370.849152
2022-05-25,374.125519
2022-05-26,381.601074
2022-05-27,390.969086
2022-05-31,388.775360
2022-06-01,385.630676
2022-06-02,392.974487
2022-06-03,386.525055
2022-06-06,387.701965
2022-06-07,391.420959
2022-06-08,387.165314
2022-06-09,377.957458
2022-06-10,366.998230
2022-06-13,353.064087
2022-06-14,352.000122
2022-06-15,357.018341
2022-06-16,345.202545
2022-06-17,345.946625
2022-06-21,354.655396
2022-06-22,354.012421
2022-06-23,357.482574
2022-06-24,368.848419
2022-06-27,367.439484
2022-06-28,359.931610
2022-06-29,359.638580
2022-06-30,356.716797
2022-07-01,360.489563
2022-07-05,361.170349
2022-07-06,362.390259
2022-07-07,367.817719
2022-07-08,367.515228
2022-07-11,363.316864
2022-07-12,360.101898
2022-07-13,358.210754
2022-07-14,357.340820
2022-07-15,364.167816
2022-07-18,361.160858
2022-07-19,370.919250
2022-07-20,373.283142
2022-07-21,377.084351
2022-07-22,373.585754
2022-07-25,374.039673
2022-07-26,369.614380
2022-07-27,379.211914
2022-07-28,383.968170
2022-07-29,389.565857
2022-08-01,388.412323
2022-08-02,385.849823
2022-08-03,391.892059
2022-08-04,391.627258
2022-08-05,390.965363
2022-08-08,390.511444
2022-08-09,388.960785
2022-08-10,397.130402
2022-08-11,397.130402
2022-08-12,403.853485
2022-08-15,405.517639
2022-08-16,406.311981
2022-08-17,403.427979
2022-08-18,404.600494
2022-08-19,399.163483
2022-08-22,390.851807
2022-08-23,389.906311
2022-08-24,391.154449
2022-08-25,396.676605
2022-08-26,383.249512
2022-08-29,380.715363
2022-08-30,376.535858
2022-08-31,373.670868
2022-09-01,374.843353
2022-09-02,370.890900
2022-09-06,369.491486
2022-09-07,376.129303
2022-09-08,378.587830
2022-09-09,384.469238
2022-09-12,388.601410
2022-09-13,371.704071
2022-09-14,373.122467
2022-09-15,368.886230
2022-09-16,366.072113
2022-09-19,368.910889
2022-09-20,364.676422
2022-09-21,358.315033
2022-09-22,355.305267
2022-09-23,349.352203
2022-09-26,345.896149
2022-09-27,345.013092
2022-09-28,351.801758
2022-09-29,344.453003
2022-09-30,339.126465
2022-10-03,348.079865
2022-10-04,358.865631
2022-10-05,358.030212
2022-10-06,354.336823
2022-10-07,344.453003
2022-10-10,341.822937
2022-10-11,339.658234
2022-10-12,338.537872
2022-10-13,347.472168
2022-10-14,339.553802
2022-10-17,348.279266
2022-10-18,352.371460
2022-10-19,349.874390
2022-10-20,346.940552
2022-10-21,355.371674
2022-10-24,359.720215
2022-10-25,365.464417
2022-10-26,362.710999
2022-10-27,360.774109
2022-10-28,369.357086
2022-10-31,366.689209
2022-11-01,365.084656
2022-11-02,355.922363
2022-11-03,352.257507
2022-11-04,357.327576
2022-11-07,360.745605
2022-11-08,362.691956
2022-11-09,355.219757
2022-11-10,374.740601
2022-11-11,378.367554
2022-11-14,375.148804
2022-11-15,378.348450
2022-11-16,375.462128
2022-11-17,374.313324
2022-11-18,376.012848
2022-11-21,374.645630
2022-11-22,379.687256
2022-11-23,382.079865
2022-11-25,381.994446
2022-11-28,375.898926
2022-11-29,375.253296
2022-11-30,387.073975
2022-12-01,386.789154
2022-12-02,386.342896
2022-12-05,379.392944
2022-12-06,373.924072
2022-12-07,373.287933
2022-12-08,376.212250
2022-12-09,373.401855
2022-12-12,378.785309
2022-12-13,381.652557
2022-12-14,379.212524
2022-12-15,369.936371
2022-12-16,365.568787
2022-12-19,362.468903
2022-12-20,362.964966
2022-12-21,368.392120
2022-12-22,363.136597
2022-12-23,365.225464
2022-12-27,363.785156
2022-12-28,359.264099
2022-12-29,365.730957
2022-12-30,364.767609
2023-01-03,363.231995
2023-01-04,366.036224
2023-01-05,361.858459
2023-01-06,370.156647
2023-01-09,369.946869
2023-01-10,372.541260
2023-01-11,377.253052
2023-01-12,378.626556
2023-01-13,380.095428
2023-01-17,379.399170
2023-01-18,373.409149
2023-01-19,370.690826
2023-01-20,377.596466
2023-01-23,382.127075
2023-01-24,381.716919
2023-01-25,381.859985
2023-01-26,386.056854
2023-01-27,386.943787
2023-01-30,382.088898
2023-01-31,387.706909
2023-02-01,391.827362
2023-02-02,397.531128
2023-02-03,393.305786
2023-02-06,390.902191
2023-02-07,396.014618
2023-02-08,391.684265
2023-02-09,388.288696
2023-02-10,389.194885
2023-02-13,393.763580
2023-02-14,393.582397
2023-02-15,394.860535
2023-02-16,389.423798
2023-02-17,388.450897
2023-02-21,380.658173
2023-02-22,380.133636
2023-02-23,382.155701
2023-02-24,378.073395
2023-02-27,379.361023
2023-02-28,377.958923
2023-03-01,376.509125
2023-03-02,379.437286
2023-03-03,385.522644
2023-03-06,385.789673
2023-03-07,379.876068
2023-03-08,380.496063
2023-03-09,373.475983
2023-03-10,368.086884
2023-03-13,367.562347
2023-03-14,373.638153
2023-03-15,371.301300
2023-03-16,377.815796
2023-03-17,373.398132
2023-03-20,376.988617
2023-03-21,381.938629
2023-03-22,375.427917
2023-03-23,376.442871
2023-03-24,378.913086
2023-03-27,379.621552
2023-03-28,378.769440
2023-03-29,384.274841
2023-03-30,386.524841
2023-03-31,391.972778
2023-04-03,393.466400
2023-04-04,391.283386
2023-04-05,390.258972
2023-04-06,391.781311
2023-04-10,392.183380
2023-04-11,392.288727
2023-04-12,390.689789
2023-04-13,395.879181
2023-04-14,394.912140
2023-04-17,396.329193
2023-04-18,396.587677
2023-04-19,396.520691
2023-04-20,394.356873
2023-04-21,394.663269
2023-04-24,395.074921
2023-04-25,388.803589
2023-04-26,387.156769
2023-04-27,394.864258
2023-04-28,398.234497
2023-05-01,397.832428
2023-05-02,393.361053
2023-05-03,390.661072
2023-05-04,387.893982
2023-05-05,395.074921
2023-05-08,395.180206
2023-05-09,393.447266
2023-05-10,395.285583
2023-05-11,394.596191
2023-05-12,394.079193
2023-05-15,395.438812
2023-05-16,392.796234
2023-05-17,397.564331
2023-05-18,401.394104
2023-05-19,400.810059
2023-05-22,400.972870
2023-05-23,396.472778
2023-05-24,393.600403
2023-05-25,397.008942
2023-05-26,402.150482
2023-05-30,402.303741
2023-05-31,400.072815
2023-06-01,403.873932
2023-06-02,409.714478
2023-06-05,408.929321
2023-06-06,409.819794
2023-06-07,408.402740
2023-06-08,410.872986
2023-06-09,411.610138
2023-06-12,415.344269
2023-06-13,418.082581
2023-06-14,418.580505
2023-06-15,423.769928
2023-06-16,422.326385
2023-06-20,420.135315
2023-06-21,417.982635
2023-06-22,419.491425
2023-06-23,416.320099
2023-06-26,414.619049
2023-06-27,419.164734
2023-06-28,419.376129
2023-06-29,421.029083
2023-06-30,425.997559
2023-07-03,426.487610
2023-07-05,425.853333
2023-07-06,422.518585
2023-07-07,421.451874
2023-07-10,422.518585
2023-07-11,425.209473
2023-07-12,428.630585
2023-07-13,432.032623
2023-07-14,431.763550
2023-07-17,433.262726
2023-07-18,436.482117
2023-07-19,437.452759
2023-07-20,434.550507
2023-07-21,434.550507
2023-07-24,436.491791
2023-07-25,437.683472
2023-07-26,437.750702
2023-07-27,434.848389
2023-07-28,439.105713
2023-07-31,439.941711
2023-08-01,438.682892
2023-08-02,432.580475
2023-08-03,431.340668
2023-08-04,429.389893
2023-08-07,433.137817
2023-08-08,431.254211
2023-08-09,428.371216
2023-08-10,428.524963
2023-08-11,428.275085
2023-08-14,430.639191
2023-08-15,425.622742
2023-08-16,422.499420
2023-08-17,419.280029
2023-08-18,419.481812
2023-08-21,422.211060
2023-08-22,421.067566
2023-08-23,425.757233
2023-08-24,419.856659
2023-08-25,422.816589
2023-08-28,425.497772
2023-08-29,431.648285
2023-08-30,433.426178
2023-08-31,432.791840
2023-09-01,433.599091
2023-09-05,431.725128
2023-09-06,428.822876
2023-09-07,427.506287
2023-09-08,428.150116
2023-09-11,430.965973
2023-09-12,428.601868
2023-09-13,429.101562
2023-09-14,432.801453
2023-09-15,427.586914
2023-09-18,427.837616
2023-09-19,426.950439
2023-09-20,423.025299
2023-09-21,416.033417
2023-09-22,415.097931
2023-09-25,416.843475
2023-09-26,410.719543
2023-09-27,410.883453
2023-09-28,413.265503
2023-09-29,412.262512
2023-10-02,412.098633
2023-10-03,406.582275
2023-10-04,409.542999
2023-10-05,409.388672
2023-10-06,414.249207
2023-10-09,416.901367
2023-10-10,419.071228
2023-10-11,420.787933
2023-10-12,418.222565
2023-10-13,416.139496
2023-10-16,420.517853
2023-10-17,420.498566
2023-10-18,414.895386
2023-10-19,411.250000
2023-10-20,406.196503
2023-10-23,405.492432
2023-10-24,408.549652
2023-10-25,402.686035
2023-10-26,397.864075
2023-10-27,396.060608
2023-10-30,400.795837
2023-10-31,403.312927
2023-11-01,407.614166
2023-11-02,415.425812
2023-11-03,419.215912
2023-11-06,420.180328
2023-11-07,421.376160
2023-11-08,421.684784
2023-11-09,418.396179
2023-11-10,424.925140
2023-11-13,424.520142
2023-11-14,432.756165
2023-11-15,433.672302
2023-11-16,434.202728
2023-11-17,434.742798
2023-11-20,438.089325
2023-11-21,437.134460
2023-11-22,438.822205
2023-11-24,439.092224
2023-11-27,438.301422
2023-11-28,438.735443
2023-11-29,438.426788
2023-11-30,440.153076
2023-12-01,442.757019
2023-12-04,440.432831
2023-12-05,440.345978
2023-12-06,438.571472
2023-12-07,441.917969
2023-12-08,443.817810
2023-12-11,445.544067
2023-12-12,447.579041
2023-12-13,453.751160
2023-12-14,455.207458
2023-12-15,454.457886
2023-12-18,457.014282
2023-12-19,459.793304
2023-12-20,453.421844
2023-12-21,457.721161
2023-12-22,458.641052
2023-12-26,460.577637
2023-12-27,461.410431
2023-12-28,461.584686
2023-12-29,460.248474
2024-01-02,457.672699
2024-01-03,453.935028
2024-01-04,452.472870
2024-01-05,453.092590
2024-01-08,459.560913
2024-01-09,458.863770
2024-01-10,461.458801
2024-01-11,461.255463
2024-01-12,461.575012
2024-01-16,459.880493
2024-01-17,457.324158
2024-01-18,461.391022
2024-01-19,467.142822
2024-01-22,468.130493
2024-01-23,469.495819
2024-01-24,470.009033
2024-01-25,472.565369
2024-01-26,471.965027
2024-01-29,475.702698
2024-01-30,475.334778
2024-01-31,467.578522
2024-02-01,473.698334
2024-02-02,478.685120
2024-02-05,476.942047
2024-02-06,478.326843
2024-02-07,482.316284
2024-02-08,482.529236
2024-02-09,485.318054
2024-02-12,485.105072
2024-02-13,478.423615
2024-02-14,482.771393
2024-02-15,486.102417
2024-02-16,483.681610
2024-02-20,481.018707
2024-02-21,481.454437
2024-02-22,491.418365
2024-02-23,491.757294
2024-02-26,489.956268
2024-02-27,490.866425
2024-02-28,490.217743
2024-02-29,491.980011
2024-03-01,496.598846
2024-03-04,496.066254
2024-03-05,491.108521
2024-03-06,493.597137
2024-03-07,498.496765
2024-03-08,495.504700
2024-03-11,495.078674
2024-03-12,500.404388
2024-03-13,499.620026
2024-03-14,498.632355
2024-03-15,495.208374
2024-03-18,498.151489
2024-03-19,500.919800
2024-03-20,505.552948
2024-03-21,507.223663
2024-03-22,506.262085
2024-03-25,504.863312
2024-03-26,503.930878
2024-03-27,508.165802
2024-03-28,508.068665
2024-04-01,507.184845
2024-04-02,503.960114
2024-04-03,504.513641
2024-04-04,498.355499
2024-04-05,503.561768
2024-04-08,503.843384
2024-04-09,504.426208
2024-04-10,499.375427
2024-04-11,503.144073
2024-04-12,496.199158
2024-04-15,489.982697
2024-04-16,489.089111
2024-04-17,486.194580
2024-04-18,485.194153
2024-04-19,480.959167
2024-04-22,485.388367
2024-04-23,491.148346
2024-04-24,490.915222
2024-04-25,489.050262
2024-04-26,493.683472
2024-04-29,495.431824
2024-04-30,487.583527
2024-05-01,486.000305
2024-05-02,490.546112
2024-05-03,496.626556
2024-05-06,501.755066
2024-05-07,502.308716
2024-05-08,502.357330
2024-05-09,505.251923
2024-05-10,505.902740
2024-05-13,505.970612
2024-05-14,508.292145
2024-05-15,514.586365
2024-05-16,513.527527
2024-05-17,514.265686
2024-05-20,514.858215
2024-05-21,516.120972
2024-05-22,514.634888
2024-05-23,510.875854
2024-05-24,514.256042
2024-05-28,514.615417
2024-05-29,511.011749
2024-05-30,507.621948
2024-05-31,512.245483
2024-06-03,512.663025
2024-06-04,513.236145
2024-06-05,519.335999
2024-06-06,519.326416
2024-06-07,518.694946
2024-06-10,520.297607
2024-06-11,521.550720
2024-06-12,525.834167
2024-06-13,526.892944
2024-06-14,527.213501
2024-06-17,531.409546
2024-06-18,532.759644
2024-06-20,531.312439
2024-06-21,530.600098
2024-06-24,528.875305
2024-06-25,530.911926
2024-06-26,531.574585
2024-06-27,532.412476
2024-06-28,530.317505
2024-07-01,531.408936
2024-07-02,534.985229
2024-07-03,537.372620
2024-07-05,540.471313
2024-07-08,541.095032
2024-07-09,541.621216
2024-07-10,546.980652
2024-07-11,542.264282
2024-07-12,545.684631
2024-07-15,547.185303
2024-07-16,550.430176
2024-07-17,542.712646
2024-07-18,538.541809
2024-07-19,534.965759
2024-07-22,540.481079
2024-07-23,539.633240
2024-07-24,527.403809
2024-07-25,524.655945
2024-07-26,530.531921
2024-07-29,530.843628
2024-07-30,528.154236
2024-07-31,536.739197
2024-08-01,529.138489
2024-08-02,519.286743
2024-08-05,504.163177
2024-08-06,508.811249
2024-08-07,505.410522
2024-08-08,517.094177
2024-08-09,519.374451
2024-08-12,519.647156
2024-08-13,528.193237
2024-08-14,529.859497
2024-08-15,538.941406
2024-08-16,540.149780
2024-08-19,545.314453
2024-08-20,544.427673
2024-08-21,546.298523
2024-08-22,542.010986
2024-08-23,547.770081
2024-08-26,546.464172
2024-08-27,547.214600
2024-08-28,544.037720
2024-08-29,544.086487
2024-08-30,549.280518
2024-09-03,537.976807
2024-09-04,536.875610
2024-09-05,535.569763
2024-09-06,526.556091
2024-09-09,532.451477
2024-09-10,534.770752
2024-09-11,540.256958
2024-09-12,544.807678
2024-09-13,547.653076
2024-09-16,548.461914
2024-09-17,548.685974
2024-09-18,547.058716
2024-09-19,556.393921
2024-09-20,555.432129
2024-09-23,556.820068
2024-09-24,558.413269
2024-09-25,557.181763
2024-09-26,559.390686
2024-09-27,558.579407
2024-09-30,560.817749
2024-10-01,555.793762
2024-10-02,556.028259
2024-10-03,555.011780
2024-10-04,560.055481
2024-10-07,554.992249
2024-10-08,560.241150
2024-10-09,564.121521
2024-10-10,563.134338
2024-10-11,566.506592
2024-10-14,571.139587
2024-10-15,566.702026
2024-10-16,569.165161
2024-10-17,569.213989
2024-10-18,571.403503
2024-10-21,570.465149
2024-10-22,570.162170
2024-10-23,564.952393
2024-10-24,566.174194
2024-10-25,565.978699
2024-10-28,567.728394
2024-10-29,568.647217
2024-10-30,566.926880
2024-10-31,555.813293
2024-11-01,558.159180
2024-11-04,556.956970
2024-11-05,563.691528
2024-11-06,577.707947
2024-11-07,582.174988
2024-11-08,584.696777
2024-11-11,585.253845
2024-11-12,583.435974
2024-11-13,583.719299
2024-11-14,579.965942
2024-11-15,572.537354
2024-11-18,574.883301
2024-11-19,576.984619
2024-11-20,577.180298
2024-11-21,580.278687
2024-11-22,582.077209
2024-11-25,584.051575
2024-11-26,587.101318
2024-11-27,585.322327
2024-11-29,588.958374
2024-12-02,590.014038
2024-12-03,590.287781
2024-12-04,593.953125
2024-12-05,592.975708
2024-12-06,594.099792
2024-12-09,591.040344
2024-12-10,589.202759
2024-12-11,593.757690
2024-12-12,590.698303
2024-12-13,590.580994
2024-12-16,593.102783
2024-12-17,590.659119
2024-12-18,573.055481
2024-12-19,572.879456
2024-12-20,579.760315
2024-12-23,583.232117
2024-12-24,589.714722
2024-12-26,589.753967
2024-12-27,583.545898
2024-12-30,576.886719
2024-12-31,574.788025
2025-01-02,573.375732
2025-01-03,580.544861
2025-01-06,583.889160
2025-01-07,577.288940
2025-01-08,578.132263
2025-01-10,569.305603
2025-01-13,570.188354
2025-01-14,570.972900
2025-01-15,581.358887
2025-01-16,580.240845
2025-01-17,586.066406
2025-01-21,591.430969
2025-01-22,594.755615
2025-01-23,598.001953
2025-01-24,596.256165
2025-01-27,587.821899
2025-01-28,592.872681
2025-01-29,590.214905
2025-01-30,593.382568
2025-01-31,590.224670
2025-02-03,586.252808
2025-02-04,590.185425
2025-02-05,592.578369
2025-02-06,594.638062
2025-02-07,589.194946
2025-02-10,593.196289
2025-02-11,593.647461
2025-02-12,591.734985
2025-02-13,597.982300
2025-02-14,597.952881
2025-02-18,599.708374
2025-02-19,601.120605
2025-02-20,598.619812
2025-02-21,588.380920
2025-02-24,585.703552
2025-02-25,582.790771
2025-02-26,583.084900
2025-02-27,573.777832
2025-02-28,582.731934
2025-03-03,572.522461
2025-03-04,565.745605
2025-03-05,571.826111
2025-03-06,561.675598
2025-03-07,564.823730
2025-03-10,549.779236
2025-03-11,545.209045
2025-03-12,548.102234
2025-03-13,540.795776
2025-03-14,551.966248
2025-03-17,556.222717
2025-03-18,550.210876
2025-03-19,556.203064
2025-03-20,554.594604
2025-03-21,554.777588
2025-03-24,564.712891
2025-03-25,566.070374
2025-03-26,559.312439
2025-03-27,557.827087
2025-03-28,546.593323
2025-03-31,550.262512
2025-04-01,551.816711
2025-04-02,555.308899
2025-04-03,527.942810
2025-04-04,497.035461
2025-04-07,496.150146
2025-04-08,488.379059
2025-04-09,539.668335
2025-04-10,516.020569
2025-04-11,525.227783
2025-04-14,530.323242
2025-04-15,528.837891
2025-04-16,517.082825
2025-04-17,517.820679
2025-04-21,505.495087
2025-04-22,518.646973
2025-04-23,526.683655
2025-04-24,537.769775
2025-04-25,541.655334
2025-04-28,541.861877
2025-04-29,545.275269
2025-04-30,545.491699
2025-05-01,549.357544
2025-05-02,557.512268
2025-05-05,554.315308
2025-05-06,549.682190
2025-05-07,551.993835
2025-05-08,555.840027
2025-05-09,555.131775
2025-05-12,573.477417
2025-05-13,577.264709
2025-05-14,578.002380
2025-05-15,580.825562
2025-05-16,584.504517
2025-05-19,585.143799
2025-05-20,583.176575
2025-05-21,573.349487
2025-05-22,573.575867
2025-05-23,569.660828
2025-05-27,581.504395
2025-05-28,578.140076
2025-05-29,580.422302
2025-05-30,579.773010
2025-06-02,583.038940
2025-06-03,586.363708
2025-06-04,586.206360
2025-06-05,583.373230
2025-06-06,589.363953
2025-06-09,589.895081
2025-06-10,593.239624
2025-06-11,591.547607
2025-06-12,593.898682
2025-06-13,587.258850
2025-06-16,592.846130
2025-06-17,587.780273
2025-06-18,587.691711
2025-06-20,586.311462
2025-06-23,592.102661
2025-06-24,598.643860
2025-06-25,598.979309
2025-06-26,603.665588
2025-06-27,606.664734
2025-06-30,609.565369
2025-07-01,609.368164
2025-07-02,612.130615
2025-07-03,616.954956
2025-07-07,612.357422
2025-07-08,612.022034
2025-07-09,615.692139
2025-07-10,617.428528
2025-07-11,615.257996
2025-07-14,616.432129
2025-07-15,613.797974
2025-07-16,615.849976
2025-07-17,619.618713
2025-07-18,619.164917
2025-07-21,620.338928
2025-07-22,620.427734
2025-07-23,625.705994
2025-07-24,625.913269
2025-07-25,628.557312
2025-07-28,628.399414
2025-07-29,626.741943
2025-07-30,625.952698
2025-07-31,623.604553
2025-08-01,613.383484
2025-08-04,622.706787
2025-08-05,619.549683
2025-08-06,624.295288
2025-08-07,623.772278
2025-08-08,628.636169
2025-08-11,627.393005
2025-08-12,634.072327
2025-08-13,636.242798
2025-08-14,636.302063
2025-08-15,634.812317
2025-08-18,634.674133
2025-08-19,631.230957
2025-08-20,629.553711
2025-08-21,627.028076
2025-08-22,636.657104
2025-08-25,633.855286
2025-08-26,636.509155
2025-08-27,637.959473
2025-08-28,640.218750
2025-08-29,636.400696
2025-09-02,631.684814
2025-09-03,635.108215
2025-09-04,640.416077
2025-09-05,638.561279
2025-09-08,640.130005
2025-09-09,641.609985
2025-09-10,643.464722
2025-09-11,648.812012
2025-09-12,648.594971
2025-09-15,652.047913
2025-09-16,651.150208
2025-09-17,650.341187
2025-09-18,653.379944
2025-09-19,656.616028
2025-09-22,659.722534
2025-09-23,656.131287
2025-09-24,654.043762
2025-09-25,651.026306
2025-09-26,654.756042
2025-09-29,656.596252
2025-09-30,659.069458
2025-10-01,661.315308
2025-10-02,662.077026
2025-10-03,662.067200
2025-10-06,664.441528
2025-10-07,661.978210
2025-10-08,665.925537
2025-10-09,663.996399
2025-10-10,646.049988
2025-10-13,655.963013
2025-10-14,655.161682
2025-10-15,658.070251
2025-10-16,653.588684
2025-10-17,657.298645
2025-10-20,664.134888
2025-10-21,664.124939
2025-10-22,660.672180
2025-10-23,664.589966
2025-10-24,670.021362
2025-10-27,677.926025
2025-10-28,679.726624
2025-10-29,680.053040
2025-10-30,672.573914
2025-10-31,674.780090
2025-11-03,676.046387
2025-11-04,668.032776
2025-11-05,670.347778
2025-11-06,663.155518
2025-11-07,663.808350
2025-11-10,674.166626
2025-11-11,675.710022
2025-11-12,676.085938
2025-11-13,664.867004
2025-11-14,664.758118
2025-11-17,658.564941
2025-11-18,653.034668
2025-11-19,655.557373
2025-11-20,645.565247
2025-11-21,651.995850
2025-11-24,661.592285
2025-11-25,667.815186
2025-11-26,672.425476
2025-11-28,676.095825
2025-12-01,673.009155
2025-12-02,674.255676
2025-12-03,676.590515
2025-12-04,677.085205
2025-12-05,678.371277
2025-12-08,676.333313
2025-12-09,675.749573
2025-12-10,680.231201
2025-12-11,681.814148
2025-12-12,674.483276
2025-12-15,673.464172
2025-12-16,671.624084
2025-12-17,664.233826
2025-12-18,669.249634
2025-12-19,675.315369
2025-12-22,679.522461
2025-12-23,682.628174
2025-12-24,685.029480
2025-12-26,684.960022
2025-12-29,682.519043
2025-12-30,681.685547
2025-12-31,676.635010
2026-01-02,677.875305
2026-01-05,682.390076
2026-01-06,686.448364
2026-01-07,684.235657
2026-01-08,684.166199
2026-01-09,688.690857
2026-01-12,689.772400
2026-01-13,688.393188
2026-01-14,685.009583
2026-01-15,686.875061
2026-01-16,686.299500
2026-01-20,672.328613
2026-01-21,680.088074
2026-01-22,683.640320
2026-01-23,683.888306
2026-01-26,687.361267
2026-01-27,690.099792
2026-01-28,690.030334
2026-01-29,688.661072
2026-01-30,686.607178
2026-02-02,690.020447
2026-02-03,684.186035
2026-02-04,680.871948
2026-02-05,672.368347
2026-02-06,685.267578
2026-02-09,688.571777
2026-02-10,686.755920
2026-02-11,686.597229
2026-02-12,675.990112
2026-02-13,676.466309
2026-02-17,677.557800
2026-02-18,680.971130
2026-02-19,679.175171
2026-02-20,684.086853
2026-02-23,677.101379
2026-02-24,682.022888
2026-02-25,687.778015
2026-02-26,683.957764
2026-02-27,680.673462
2026-03-02,681.060425
2026-03-03,675.057373
2026-03-04,679.820190
2026-03-05,676.029724
2026-03-06,667.168884
2026-03-09,673.013306
2026-03-10,671.931763
2026-03-11,671.088379
2026-03-12,660.897949
2026-03-13,657.157166
2026-03-16,663.844971
2026-03-17,665.591248
2026-03-18,656.303772
2026-03-19,654.686401
2026-03-20,645.301025
2026-03-23,652.076660
2026-03-24,649.887756
2026-03-25,653.509399
2026-03-26,641.838562
2026-03-27,630.893982
2026-03-30,628.784668
2026-03-31,647.062073
2026-04-01,651.937378
2026-04-02,652.524414
2026-04-06,655.608826
2026-04-07,655.897278
2026-04-08,672.602722
2026-04-09,676.482971
2026-04-10,676.035339
2026-04-13,682.641846
2026-04-14,690.959717
2026-04-15,696.412109
2026-04-16,698.123413
2026-04-17,706.560730
2026-04-20,705.147766
2026-04-21,700.531250
2026-04-22,707.625305
2026-04-23,704.879211
2026-04-24,710.341553
2026-04-27,711.565308
2026-04-28,708.102844
2026-04-29,707.993408
2026-04-30,715.037720
2026-05-01,717.017700
2026-05-04,714.390991
2026-05-05,720.122009
2026-05-06,730.131287
2026-05-07,727.892639
2026-05-08,733.902161
2026-05-11,735.573669
2026-05-12,734.459351
2026-05-13,738.568542
2026-05-14,744.398987
2026-05-15,735.444397
2026-05-18,734.927002
2026-05-19,730.031799
2026-05-20,737.513855
2026-05-21,738.976440
2026-05-22,741.881775
2026-05-26,746.806824
2026-05-27,746.677490
2026-05-28,750.796570
2026-05-29,752.667114
2026-06-01,754.716736
2026-06-02,755.741577
2026-06-03,750.438416
2026-06-04,753.274048
2026-06-05,733.832520
2026-06-08,735.494080
2026-06-09,733.335022
2026-06-10,721.773621
2026-06-11,734.041504
2026-06-12,738.011353
2026-06-15,751.025452
2026-06-16,746.548157
2026-06-17,737.225342
2026-06-18,744.890259
2026-06-22,742.546143
2026-06-23,731.762878
2026-06-24,731.423706
2026-06-25,732.481079
2026-06-26,727.184265
2026-06-29,739.164490
2026-06-30,744.920227
2026-07-01,743.912720
2026-07-02,742.935181
2026-07-06,749.419067
2026-07-07,745.857910
2026-07-08,743.553650
2026-07-09,749.848022
2026-07-10,753.079956
2026-07-13,747.314270
2026-07-14,749.967712
2026-07-15,752.940308
2026-07-16,748.860413
2026-07-17,741.448792
2026-07-20,740.251831
2026-07-21,746.426514
2026-07-22,745.558594
2026-07-23,736.351501
2026-07-24,737.099609
2026-07-27,737.259277
2026-07-28,739.024841
2026-07-29,727.653137
2026-07-30,739.852783
2026-07-31,745.179626
2026-08-03,755.793213
2026-08-04,769.419373
2026-08-05,767.883179
2026-08-06,766.656250
2026-08-07,771.344604
2026-08-10,771.115173
2026-08-11,768.651306
2026-08-12,770.576477
2026-08-13,775.953186
2026-08-14,774.416992
2026-08-17,770.756042
2026-08-18,765.549011
2026-08-19,767.154968
2026-08-20,760.710999
2026-08-21,763.823242
2026-08-24,761.578796
2026-08-25,764.012756
2026-08-26,764.182373
2026-08-27,769.189941
2026-08-28,767.444275
2026-08-31,765.149963
2026-09-01,759.893066
2026-09-02,763.264648
2026-09-03,771.254822
2026-09-04,768.282227
2026-09-08,764.062683
2026-09-09,760.511536
2026-09-10,755.952820
2026-09-11,762.396790
2026-09-14,758.995239
2026-09-15,755.513916
2026-09-16,752.182190
2026-09-17,760.710999
2026-09-18,761.690002
2026-09-21,773.500000
2026-09-22,773.380005
2026-09-23,767.809998
2026-09-24,767.179993
2026-09-25,771.349976
2026-09-28,765.609985
2026-09-29,764.200012
2026-09-30,762.630005
2026-10-01,763.989990
2026-10-02,769.640015
