date,adj_close
2002-07-30,35.413006
2002-07-31,35.851788
2002-08-01,36.055939
2002-08-02,36.425171
2002-08-05,36.585945
2002-08-06,36.273167
2002-08-07,36.360039
2002-08-08,36.360039
2002-08-09,36.872658
2002-08-12,37.098537
2002-08-13,37.554672
2002-08-14,37.698006
2002-08-15,37.367870
2002-08-16,36.950790
2002-08-19,37.063786
2002-08-20,37.476452
2002-08-21,37.276642
2002-08-22,36.950790
2002-08-23,37.315746
2002-08-26,37.350491
2002-08-27,37.115906
2002-08-28,37.302696
2002-08-29,37.602428
2002-08-30,37.828365
2002-09-03,38.409912
2002-09-04,38.401180
2002-09-05,38.610588
2002-09-06,38.156868
2002-09-09,38.100136
2002-09-10,38.283394
2002-09-11,38.082699
2002-09-12,38.379364
2002-09-13,38.732727
2002-09-16,38.798214
2002-09-17,38.872349
2002-09-18,38.881088
2002-09-19,39.142830
2002-09-20,38.959602
2002-09-23,39.308632
2002-09-24,39.561672
2002-09-25,39.081753
2002-09-26,38.990162
2002-09-27,39.282463
2002-09-30,39.439522
2002-10-01,38.950367
2002-10-02,39.173702
2002-10-03,39.077366
2002-10-04,39.199951
2002-10-07,39.265656
2002-10-08,39.278816
2002-10-09,39.480244
2002-10-10,39.169323
2002-10-11,38.705109
2002-10-14,38.648140
2002-10-15,37.732864
2002-10-16,37.750374
2002-10-17,37.290516
2002-10-18,37.386871
2002-10-21,37.023396
2002-10-22,36.918308
2002-10-23,36.931435
2002-10-24,37.255486
2002-10-25,37.391273
2002-10-28,37.338715
2002-10-29,37.824829
2002-10-30,37.811684
2002-10-31,37.982506
2002-11-01,37.823666
2002-11-04,37.656487
2002-11-05,37.511349
2002-11-06,37.660908
2002-11-07,38.593533
2002-11-08,38.905884
2002-11-11,39.117012
2002-11-12,38.892666
2002-11-13,38.976234
2002-11-14,38.166790
2002-11-15,38.320755
2002-11-18,38.492340
2002-11-19,38.633114
2002-11-20,38.254772
2002-11-21,37.885250
2002-11-22,37.850079
2002-11-25,37.779678
2002-11-26,38.254772
2002-11-27,37.392555
2002-11-29,37.634506
2002-12-02,37.669422
2002-12-03,37.722458
2002-12-04,37.916946
2002-12-05,38.014153
2002-12-06,38.080418
2002-12-09,38.292538
2002-12-10,38.394150
2002-12-11,38.650497
2002-12-12,38.615158
2002-12-13,38.239510
2002-12-16,37.952236
2002-12-17,37.952236
2002-12-18,38.248375
2002-12-19,38.588634
2002-12-20,38.615158
2002-12-23,38.623989
2002-12-24,38.840542
2002-12-26,38.915630
2002-12-27,39.344353
2002-12-30,39.437126
2002-12-31,39.337620
2003-01-02,38.320549
2003-01-03,38.409393
2003-01-06,38.307236
2003-01-07,38.444870
2003-01-08,38.635902
2003-01-09,37.894169
2003-01-10,37.991871
2003-01-13,38.054077
2003-01-14,38.187309
2003-01-15,38.373840
2003-01-16,38.427109
2003-01-17,38.618107
2003-01-21,38.840172
2003-01-22,39.031162
2003-01-23,38.840172
2003-01-24,39.071152
2003-01-27,38.929005
2003-01-28,38.929005
2003-01-29,38.715862
2003-01-30,39.004509
2003-01-31,39.111115
2003-02-03,39.168182
2003-02-04,39.341976
2003-02-05,39.003258
2003-02-06,39.319706
2003-02-07,39.408852
2003-02-10,39.132484
2003-02-11,39.123600
2003-02-12,39.261742
2003-02-13,39.475677
2003-02-14,39.136982
2003-02-18,39.185989
2003-02-19,39.453453
2003-02-20,39.587109
2003-02-21,39.355373
2003-02-24,39.542557
2003-02-25,39.725292
2003-02-26,40.001633
2003-02-27,40.068501
2003-02-28,40.322533
2003-03-03,40.371738
2003-03-04,40.398617
2003-03-05,40.532810
2003-03-06,40.376198
2003-03-07,40.514900
2003-03-10,40.725155
2003-03-11,40.653561
2003-03-12,40.801220
2003-03-13,40.049625
2003-03-14,40.246471
2003-03-17,39.763275
2003-03-18,39.387493
2003-03-19,39.096706
2003-03-20,39.034069
2003-03-21,38.497246
2003-03-24,39.105698
2003-03-25,39.060894
2003-03-26,39.141434
2003-03-27,39.168297
2003-03-28,39.257790
2003-03-31,39.772259
2003-04-01,39.659023
2003-04-02,39.245659
2003-04-03,39.223213
2003-04-04,39.110905
2003-04-07,39.020988
2003-04-08,39.335552
2003-04-09,39.452362
2003-04-10,39.268147
2003-04-11,39.205212
2003-04-14,39.097401
2003-04-15,39.308594
2003-04-16,39.470318
2003-04-17,39.533234
2003-04-21,39.447857
2003-04-22,39.425415
2003-04-23,39.506256
2003-04-24,39.861179
2003-04-25,39.951080
2003-04-28,39.888187
2003-04-29,39.820766
2003-04-30,40.189194
2003-05-01,40.208626
2003-05-02,39.892426
2003-05-05,40.104725
2003-05-06,40.303463
2003-05-07,40.773254
2003-05-08,40.872547
2003-05-09,40.913242
2003-05-12,41.170677
2003-05-13,41.261040
2003-05-14,41.893375
2003-05-15,42.024376
2003-05-16,42.331539
2003-05-19,42.186981
2003-05-20,42.810318
2003-05-21,42.805794
2003-05-22,43.185211
2003-05-23,43.293598
2003-05-27,42.512180
2003-05-28,42.439919
2003-05-29,42.810318
2003-05-30,42.728985
2003-06-02,42.415123
2003-06-03,42.755318
2003-06-04,42.882336
2003-06-05,42.546661
2003-06-06,42.700882
2003-06-09,42.986641
2003-06-10,43.499210
2003-06-11,43.444759
2003-06-12,43.784939
2003-06-13,44.079803
2003-06-16,43.662495
2003-06-17,43.317757
2003-06-18,42.764355
2003-06-19,42.682739
2003-06-20,42.523975
2003-06-23,42.777996
2003-06-24,43.172588
2003-06-25,42.483143
2003-06-26,41.911613
2003-06-27,41.761929
2003-06-30,41.957012
2003-07-01,41.748898
2003-07-02,41.853619
2003-07-03,41.252651
2003-07-07,40.988510
2003-07-08,41.024940
2003-07-09,41.156952
2003-07-10,41.143276
2003-07-11,41.339115
2003-07-14,40.865578
2003-07-15,39.909370
2003-07-16,40.137016
2003-07-17,40.014076
2003-07-18,39.932137
2003-07-21,39.085239
2003-07-22,39.276482
2003-07-23,39.408493
2003-07-24,39.062477
2003-07-25,38.957745
2003-07-28,38.434132
2003-07-29,37.910484
2003-07-30,38.338531
2003-07-31,37.769348
2003-08-01,37.740990
2003-08-04,38.065765
2003-08-05,37.521427
2003-08-06,38.262447
2003-08-07,38.422546
2003-08-08,38.267040
2003-08-11,38.074902
2003-08-12,37.896496
2003-08-13,37.164646
2003-08-14,37.530579
2003-08-15,37.507698
2003-08-18,37.681511
2003-08-19,38.262447
2003-08-20,38.056606
2003-08-21,37.965126
2003-08-22,38.134377
2003-08-25,37.837036
2003-08-26,38.134377
2003-08-27,37.960510
2003-08-28,38.353889
2003-08-29,38.262447
2003-09-02,37.702805
2003-09-03,37.762554
2003-09-04,37.973873
2003-09-05,38.626316
2003-09-08,38.226620
2003-09-09,38.502247
2003-09-10,38.892799
2003-09-11,38.640137
2003-09-12,38.906593
2003-09-15,38.846855
2003-09-16,38.787136
2003-09-17,39.269554
2003-09-18,39.297115
2003-09-19,39.343079
2003-09-22,39.030628
2003-09-23,39.297115
2003-09-24,39.637108
2003-09-25,39.834690
2003-09-26,40.193047
2003-09-29,39.871429
2003-09-30,40.533039
2003-10-01,40.379417
2003-10-02,40.194874
2003-10-03,39.350582
2003-10-06,39.521267
2003-10-07,39.064484
2003-10-08,39.055283
2003-10-09,38.778465
2003-10-10,39.009117
2003-10-13,38.856873
2003-10-14,38.589314
2003-10-15,38.400139
2003-10-16,38.247887
2003-10-17,38.543129
2003-10-20,38.672337
2003-10-21,38.815369
2003-10-22,39.193668
2003-10-23,38.907635
2003-10-24,39.341343
2003-10-27,39.262920
2003-10-28,39.470512
2003-10-29,39.115265
2003-10-30,38.939953
2003-10-31,39.304398
2003-11-03,39.118187
2003-11-04,39.340569
2003-11-05,39.071873
2003-11-06,38.705898
2003-11-07,38.682732
2003-11-10,38.650284
2003-11-11,38.654900
2003-11-12,38.937531
2003-11-13,39.539753
2003-11-14,39.803825
2003-11-17,39.864029
2003-11-18,40.109570
2003-11-19,39.664841
2003-11-20,40.049362
2003-11-21,40.072533
2003-11-24,39.743591
2003-11-25,39.961334
2003-11-26,39.799183
2003-11-28,39.437851
2003-12-01,39.218098
2003-12-02,39.385715
2003-12-03,39.227413
2003-12-04,39.315861
2003-12-05,39.944351
2003-12-08,39.665073
2003-12-09,39.385715
2003-12-10,39.450878
2003-12-11,39.734863
2003-12-12,39.809334
2003-12-15,39.786057
2003-12-16,39.916420
2003-12-17,40.186447
2003-12-18,40.549595
2003-12-19,40.535625
2003-12-22,40.423874
2003-12-23,39.967636
2003-12-24,40.344749
2003-12-26,40.493729
2003-12-29,40.130604
2003-12-30,39.967636
2003-12-31,39.967648
2004-01-02,39.495247
2004-01-05,39.392368
2004-01-06,39.827305
2004-01-07,39.986351
2004-01-08,39.972309
2004-01-09,40.669231
2004-01-12,40.636486
2004-01-13,40.912434
2004-01-14,41.113586
2004-01-15,41.267963
2004-01-16,40.977917
2004-01-20,40.968605
2004-01-21,41.066807
2004-01-22,41.366173
2004-01-23,40.870342
2004-01-26,40.622425
2004-01-27,40.875023
2004-01-28,40.514874
2004-01-29,40.430717
2004-01-30,40.711334
2004-02-02,40.625839
2004-02-03,40.832504
2004-02-04,40.752689
2004-02-05,40.592983
2004-02-06,41.039127
2004-02-09,41.161259
2004-02-10,40.931126
2004-02-11,41.236401
2004-02-12,41.062664
2004-02-13,41.236401
2004-02-17,41.208229
2004-02-18,41.264591
2004-02-19,41.306866
2004-02-20,41.020374
2004-02-23,41.274010
2004-02-24,41.349117
2004-02-25,41.414883
2004-02-26,41.283405
2004-02-27,41.640312
2004-03-01,41.624310
2004-03-02,41.360241
2004-03-03,41.284782
2004-03-04,41.468666
2004-03-05,42.270325
2004-03-08,42.520260
2004-03-09,42.803181
2004-03-10,42.774895
2004-03-11,42.836201
2004-03-12,42.572163
2004-03-15,42.642872
2004-03-16,42.996544
2004-03-17,42.925812
2004-03-18,42.699448
2004-03-19,42.642872
2004-03-22,42.902222
2004-03-23,42.977650
2004-03-24,42.954052
2004-03-25,42.789040
2004-03-26,42.336380
2004-03-29,42.053391
2004-03-30,42.025101
2004-03-31,42.227856
2004-04-01,42.089638
2004-04-02,41.048153
2004-04-05,40.726273
2004-04-06,40.948746
2004-04-07,40.854084
2004-04-08,40.735737
2004-04-12,40.588982
2004-04-13,40.148731
2004-04-14,40.115585
2004-04-15,39.878872
2004-04-16,40.030388
2004-04-19,39.945206
2004-04-20,39.580639
2004-04-21,39.774757
2004-04-22,40.011433
2004-04-23,39.784245
2004-04-26,39.850487
2004-04-27,40.002003
2004-04-28,39.627983
2004-04-29,39.433891
2004-04-30,39.594852
2004-05-03,39.644791
2004-05-04,39.373901
2004-05-05,39.264587
2004-05-06,39.160034
2004-05-07,38.646717
2004-05-10,38.556438
2004-05-11,38.732258
2004-05-12,38.475647
2004-05-13,38.328323
2004-05-14,38.641994
2004-05-17,38.984165
2004-05-18,38.832069
2004-05-19,38.703773
2004-05-20,39.003174
2004-05-21,38.846355
2004-05-24,38.969917
2004-05-25,39.083965
2004-05-26,39.293072
2004-05-27,39.601990
2004-05-28,39.492680
2004-06-01,39.131027
2004-06-02,39.030861
2004-06-03,39.111969
2004-06-04,38.882965
2004-06-07,38.892506
2004-06-08,38.964085
2004-06-09,38.797073
2004-06-10,38.873405
2004-06-14,38.563305
2004-06-15,39.379128
2004-06-16,39.226475
2004-06-17,39.484108
2004-06-18,39.398228
2004-06-21,39.426849
2004-06-22,39.307571
2004-06-23,39.383919
2004-06-24,39.622437
2004-06-25,39.660603
2004-06-28,39.255108
2004-06-29,39.503151
2004-06-30,39.908688
2004-07-01,39.983440
2004-07-02,40.404999
2004-07-06,40.337910
2004-07-07,40.352242
2004-07-08,40.376228
2004-07-09,40.419338
2004-07-12,40.476841
2004-07-13,40.357052
2004-07-14,40.371426
2004-07-15,40.414551
2004-07-16,40.951019
2004-07-19,40.979767
2004-07-20,40.610920
2004-07-21,40.500759
2004-07-22,40.558231
2004-07-23,40.692375
2004-07-26,40.500759
2004-07-27,39.954689
2004-07-28,39.959465
2004-07-29,40.050472
2004-07-30,40.519932
2004-08-02,40.572811
2004-08-03,40.736332
2004-08-04,40.755562
2004-08-05,40.870998
2004-08-06,41.558659
2004-08-09,41.414394
2004-08-10,41.265297
2004-08-11,41.443253
2004-08-12,41.529823
2004-08-13,41.664452
2004-08-16,41.520172
2004-08-17,41.755825
2004-08-18,41.553833
2004-08-19,41.654839
2004-08-20,41.616375
2004-08-23,41.375912
2004-08-24,41.399990
2004-08-25,41.544186
2004-08-26,41.779861
2004-08-27,41.750999
2004-08-30,41.948189
2004-08-31,42.207851
2004-09-01,42.251308
2004-09-02,41.836079
2004-09-03,41.840912
2004-09-07,41.797440
2004-09-08,42.149937
2004-09-09,41.990574
2004-09-10,42.053345
2004-09-13,42.236809
2004-09-14,42.280289
2004-09-15,42.183720
2004-09-16,42.661709
2004-09-17,42.449261
2004-09-20,42.729305
2004-09-21,42.854832
2004-09-22,43.298992
2004-09-23,43.125206
2004-09-24,43.178341
2004-09-27,43.366592
2004-09-28,43.192783
2004-09-29,42.772751
2004-09-30,42.608601
2004-10-01,42.395767
2004-10-04,42.458824
2004-10-05,42.458824
2004-10-06,42.264900
2004-10-07,42.080647
2004-10-08,42.638176
2004-10-11,42.681786
2004-10-12,42.778763
2004-10-13,42.933918
2004-10-14,43.137508
2004-10-15,42.987213
2004-10-18,43.006622
2004-10-19,43.118130
2004-10-20,43.413898
2004-10-21,43.442924
2004-10-22,43.544716
2004-10-25,43.578697
2004-10-26,43.447796
2004-10-27,43.021172
2004-10-28,43.161728
2004-10-29,43.360531
2004-11-01,43.090839
2004-11-02,43.154118
2004-11-03,43.173584
2004-11-04,43.217377
2004-11-05,42.745197
2004-11-08,42.594318
2004-11-09,42.569988
2004-11-10,42.409325
2004-11-11,42.316845
2004-11-12,42.774418
2004-11-15,42.813400
2004-11-16,42.813400
2004-11-17,43.178471
2004-11-18,43.309914
2004-11-19,42.964275
2004-11-22,43.188202
2004-11-23,43.241749
2004-11-24,43.241749
2004-11-26,42.959435
2004-11-29,42.501816
2004-11-30,42.321754
2004-12-01,42.255699
2004-12-02,42.084625
2004-12-03,42.739616
2004-12-06,42.886234
2004-12-07,42.940041
2004-12-08,43.609650
2004-12-09,43.321266
2004-12-10,43.428780
2004-12-13,43.521656
2004-12-14,43.692768
2004-12-15,44.088676
2004-12-16,43.438614
2004-12-17,43.379925
2004-12-20,43.458168
2004-12-21,43.590118
2004-12-22,43.443470
2004-12-23,43.301743
2004-12-27,42.964474
2004-12-28,42.930264
2004-12-29,42.886234
2004-12-30,43.174660
2004-12-31,43.446957
2005-01-03,43.540154
2005-01-04,43.083866
2005-01-05,43.314476
2005-01-06,43.343906
2005-01-07,43.442043
2005-01-10,43.510738
2005-01-11,43.765869
2005-01-12,43.824753
2005-01-13,44.246723
2005-01-14,44.241814
2005-01-18,44.389000
2005-01-19,44.516590
2005-01-20,44.604916
2005-01-21,44.653950
2005-01-24,44.845291
2005-01-25,44.423336
2005-01-26,44.506748
2005-01-27,44.423336
2005-01-28,44.869816
2005-01-31,44.997421
2005-02-01,44.925949
2005-02-02,45.029373
2005-02-03,45.004799
2005-02-04,45.630257
2005-02-07,45.970081
2005-02-08,46.231125
2005-02-09,46.354240
2005-02-10,45.728764
2005-02-11,45.699230
2005-02-14,45.842018
2005-02-15,45.610561
2005-02-16,45.438187
2005-02-17,45.152546
2005-02-18,44.748684
2005-02-22,44.551716
2005-02-23,44.699451
2005-02-24,44.600910
2005-02-25,44.817661
2005-02-28,44.334991
2005-03-01,44.321148
2005-03-02,44.261890
2005-03-03,44.237156
2005-03-04,44.716415
2005-03-07,44.894276
2005-03-08,44.469376
2005-03-09,43.743141
2005-03-10,44.009880
2005-03-11,43.688774
2005-03-14,43.950653
2005-03-15,43.673920
2005-03-16,43.940762
2005-03-17,44.084011
2005-03-18,43.807346
2005-03-21,43.683815
2005-03-22,43.313267
2005-03-23,43.520794
2005-03-24,43.609745
2005-03-28,43.342972
2005-03-29,43.599827
2005-03-30,43.817184
2005-03-31,44.133415
2005-04-01,44.282219
2005-04-04,44.272301
2005-04-05,44.158226
2005-04-06,44.311939
2005-04-07,43.954903
2005-04-08,44.108650
2005-04-11,44.346622
2005-04-12,44.758240
2005-04-13,44.649158
2005-04-14,44.579693
2005-04-15,45.169819
2005-04-18,45.135113
2005-04-19,45.571480
2005-04-20,45.457439
2005-04-21,44.981350
2005-04-22,45.358261
2005-04-25,45.492123
2005-04-26,45.422684
2005-04-27,45.581371
2005-04-28,45.918575
2005-04-29,45.839230
2005-05-02,45.829296
2005-05-03,45.953655
2005-05-04,45.550575
2005-05-05,45.655121
2005-05-06,45.316711
2005-05-09,45.361462
2005-05-10,45.684948
2005-05-11,45.824306
2005-05-12,46.003452
2005-05-13,46.182682
2005-05-16,46.127914
2005-05-17,46.257290
2005-05-18,46.565845
2005-05-19,46.446404
2005-05-20,46.501152
2005-05-23,46.864418
2005-05-24,46.993813
2005-05-25,46.665367
2005-05-26,46.650440
2005-05-27,46.700199
2005-05-31,47.277470
2005-06-01,47.856419
2005-06-02,47.971275
2005-06-03,47.576641
2005-06-06,47.826408
2005-06-07,48.206036
2005-06-08,47.976273
2005-06-09,47.936329
2005-06-10,47.396847
2005-06-13,47.112129
2005-06-14,46.802429
2005-06-15,46.887386
2005-06-16,47.122150
2005-06-17,47.117111
2005-06-20,47.037220
2005-06-21,47.381897
2005-06-22,47.956303
2005-06-23,47.906349
2005-06-24,48.146103
2005-06-27,48.275921
2005-06-28,47.946335
2005-06-29,47.871384
2005-06-30,48.300915
2005-07-01,47.715504
2005-07-05,47.264442
2005-07-06,47.525040
2005-07-07,47.625298
2005-07-08,47.429848
2005-07-11,47.429848
2005-07-12,47.164177
2005-07-13,47.094013
2005-07-14,46.973724
2005-07-15,47.099045
2005-07-18,46.748142
2005-07-19,46.913601
2005-07-20,47.169186
2005-07-21,46.527626
2005-07-22,46.888515
2005-07-25,46.718109
2005-07-26,46.793312
2005-07-27,46.718109
2005-07-28,47.134083
2005-07-29,46.667995
2005-08-01,46.494404
2005-08-02,46.343517
2005-08-03,46.569908
2005-08-04,46.474312
2005-08-05,46.112091
2005-08-08,46.026562
2005-08-09,46.197605
2005-08-10,46.147331
2005-08-11,46.469261
2005-08-12,46.942181
2005-08-15,46.821445
2005-08-16,47.148422
2005-08-17,46.836506
2005-08-18,47.183670
2005-08-19,47.178600
2005-08-22,47.128311
2005-08-23,47.344620
2005-08-24,47.389896
2005-08-25,47.540825
2005-08-26,47.525742
2005-08-29,47.586124
2005-08-30,47.887959
2005-08-31,48.290447
2005-09-01,47.999653
2005-09-02,48.040047
2005-09-06,47.701763
2005-09-07,47.252487
2005-09-08,47.302944
2005-09-09,47.454369
2005-09-12,47.126270
2005-09-13,47.373627
2005-09-14,47.191902
2005-09-15,46.803177
2005-09-16,46.495216
2005-09-19,46.596184
2005-09-20,46.717354
2005-09-21,47.151501
2005-09-22,47.106064
2005-09-23,46.752705
2005-09-26,46.540657
2005-09-27,46.606255
2005-09-28,46.919270
2005-09-29,46.707253
2005-09-30,46.545689
2005-10-03,46.181805
2005-10-04,46.333862
2005-10-05,46.536591
2005-10-06,46.359188
2005-10-07,46.546745
2005-10-10,46.516300
2005-10-11,46.420013
2005-10-12,45.968941
2005-10-13,45.801697
2005-10-14,45.730759
2005-10-17,45.720589
2005-10-18,45.771309
2005-10-19,45.791561
2005-10-20,45.913155
2005-10-21,46.338909
2005-10-24,45.979080
2005-10-25,45.583782
2005-10-26,45.249252
2005-10-27,45.411427
2005-10-28,45.416500
2005-10-31,45.502663
2005-11-01,45.450226
2005-11-02,45.236408
2005-11-03,44.930981
2005-11-04,44.859741
2005-11-07,45.012432
2005-11-08,45.450226
2005-11-09,44.981853
2005-11-10,45.531689
2005-11-11,45.557091
2005-11-14,45.216053
2005-11-15,45.511322
2005-11-16,45.989849
2005-11-17,46.101852
2005-11-18,45.888054
2005-11-21,46.025520
2005-11-22,46.086590
2005-11-23,45.908417
2005-11-25,46.076405
2005-11-28,46.305489
2005-11-29,45.867680
2005-11-30,45.816742
2005-12-01,45.745178
2005-12-02,45.760509
2005-12-05,45.555992
2005-12-06,46.021267
2005-12-07,45.847431
2005-12-08,46.143978
2005-12-09,45.780983
2005-12-12,45.694088
2005-12-13,45.862755
2005-12-14,46.333176
2005-12-15,46.220684
2005-12-16,46.374081
2005-12-19,46.420090
2005-12-20,46.363850
2005-12-21,46.282051
2005-12-22,46.650139
2005-12-23,46.936512
2005-12-27,47.319950
2005-12-28,47.188042
2005-12-29,47.290668
2005-12-30,47.182877
2006-01-03,47.121250
2006-01-04,47.234177
2006-01-05,47.177746
2006-01-06,47.090462
2006-01-09,47.121250
2006-01-10,46.741310
2006-01-11,46.664349
2006-01-12,46.977509
2006-01-13,47.249634
2006-01-17,47.460114
2006-01-18,47.444706
2006-01-19,47.306103
2006-01-20,47.429356
2006-01-23,47.413929
2006-01-24,47.182877
2006-01-25,46.669422
2006-01-26,46.469215
2006-01-27,46.469215
2006-01-30,46.422997
2006-01-31,46.551407
2006-02-01,46.392170
2006-02-02,46.479740
2006-02-03,46.809498
2006-02-06,46.902260
2006-02-07,46.680725
2006-02-08,46.572475
2006-02-09,46.783737
2006-02-10,46.526142
2006-02-13,46.531296
2006-02-14,46.366432
2006-02-15,46.479740
2006-02-16,46.490047
2006-02-17,46.861000
2006-02-21,46.783737
2006-02-22,47.103203
2006-02-23,46.984695
2006-02-24,46.912548
2006-02-27,46.835262
2006-02-28,47.067101
2006-03-01,46.782761
2006-03-02,46.457008
2006-03-03,46.188118
2006-03-06,45.784843
2006-03-07,45.815868
2006-03-08,45.800373
2006-03-09,45.815868
2006-03-10,45.645260
2006-03-13,45.609058
2006-03-14,45.914124
2006-03-15,45.665897
2006-03-16,46.079571
2006-03-17,45.939953
2006-03-20,46.012356
2006-03-21,45.774502
2006-03-22,45.872765
2006-03-23,45.728008
2006-03-24,46.064018
2006-03-27,45.893436
2006-03-28,45.464279
2006-03-29,45.247093
2006-03-30,44.931713
2006-03-31,44.916214
2006-04-03,44.930729
2006-04-04,44.884022
2006-04-05,44.946312
2006-04-06,44.603760
2006-04-07,44.167786
2006-04-10,44.250816
2006-04-11,44.406506
2006-04-12,44.136623
2006-04-13,43.825237
2006-04-17,43.986103
2006-04-18,44.063988
2006-04-19,43.794071
2006-04-20,43.757759
2006-04-21,44.012085
2006-04-24,44.188560
2006-04-25,43.664337
2006-04-26,43.591694
2006-04-27,43.648785
2006-04-28,43.679928
2006-05-01,43.351658
2006-05-02,43.466267
2006-05-03,43.372501
2006-05-04,43.299568
2006-05-05,43.560055
2006-05-08,43.586147
2006-05-09,43.560055
2006-05-10,43.638241
2006-05-11,43.424606
2006-05-12,43.065056
2006-05-15,43.237015
2006-05-16,43.560055
2006-05-17,43.289135
2006-05-18,43.877903
2006-05-19,43.992558
2006-05-22,44.086369
2006-05-23,44.060295
2006-05-24,44.081116
2006-05-25,43.909176
2006-05-26,43.877903
2006-05-30,43.857117
2006-05-31,43.596558
2006-06-01,43.791126
2006-06-02,44.356113
2006-06-05,44.298580
2006-06-06,44.507843
2006-06-07,44.518311
2006-06-08,44.607250
2006-06-09,44.842644
2006-06-12,44.879253
2006-06-13,44.910637
2006-06-14,44.460743
2006-06-15,44.204418
2006-06-16,44.105034
2006-06-19,44.042240
2006-06-20,43.969055
2006-06-21,43.979473
2006-06-22,43.728367
2006-06-23,43.639423
2006-06-26,43.555748
2006-06-27,43.770199
2006-06-28,43.540073
2006-06-29,43.686546
2006-06-30,44.110275
2006-07-03,44.066692
2006-07-05,43.714828
2006-07-06,43.982624
2006-07-07,44.266228
2006-07-10,44.308254
2006-07-11,44.450043
2006-07-12,44.460541
2006-07-13,44.633850
2006-07-14,44.660110
2006-07-17,44.728374
2006-07-18,44.345001
2006-07-19,44.765148
2006-07-20,44.896435
2006-07-21,44.812408
2006-07-24,44.786133
2006-07-25,44.654881
2006-07-26,44.817673
2006-07-27,44.749401
2006-07-28,45.006733
2006-07-31,45.064438
2006-08-01,45.060242
2006-08-02,45.229012
2006-08-03,45.239552
2006-08-04,45.513702
2006-08-07,45.540115
2006-08-08,45.439907
2006-08-09,45.292252
2006-08-10,45.223732
2006-08-11,45.028629
2006-08-14,44.949543
2006-08-15,45.329197
2006-08-16,45.634975
2006-08-17,45.619194
2006-08-18,45.750988
2006-08-21,45.914433
2006-08-22,45.930248
2006-08-23,45.951344
2006-08-24,46.035702
2006-08-25,46.104237
2006-08-28,46.146431
2006-08-29,46.209713
2006-08-30,46.330997
2006-08-31,46.441689
2006-09-01,46.457615
2006-09-05,46.166431
2006-09-06,46.102890
2006-09-07,46.192913
2006-09-08,46.229965
2006-09-11,46.187611
2006-09-12,46.420506
2006-09-13,46.441696
2006-09-14,46.335842
2006-09-15,46.298740
2006-09-18,46.224674
2006-09-19,46.743454
2006-09-20,46.812263
2006-09-21,47.241074
2006-09-22,47.473972
2006-09-25,47.807461
2006-09-26,47.606358
2006-09-27,47.468670
2006-09-28,47.389290
2006-09-29,47.331059
2006-10-02,47.460747
2006-10-03,47.396957
2006-10-04,47.742397
2006-10-05,47.407589
2006-10-06,46.913303
2006-10-09,47.040886
2006-10-10,46.668835
2006-10-11,46.530609
2006-10-12,46.557236
2006-10-13,46.323391
2006-10-16,46.530609
2006-10-17,46.567863
2006-10-18,46.663540
2006-10-19,46.578484
2006-10-20,46.530609
2006-10-23,46.344616
2006-10-24,46.344616
2006-10-25,46.711346
2006-10-26,47.014282
2006-10-27,47.232174
2006-10-30,47.365070
2006-10-31,47.731792
2006-11-01,47.995884
2006-11-02,47.798481
2006-11-03,47.232910
2006-11-06,47.371651
2006-11-07,47.590408
2006-11-08,47.761074
2006-11-09,47.734444
2006-11-10,47.942520
2006-11-13,47.931831
2006-11-14,48.118576
2006-11-15,47.937202
2006-11-16,47.718479
2006-11-17,47.990566
2006-11-20,48.065250
2006-11-21,48.182587
2006-11-22,48.262661
2006-11-24,48.347969
2006-11-27,48.524082
2006-11-28,48.625458
2006-11-29,48.513393
2006-11-30,48.833462
2006-12-01,48.957748
2006-12-04,49.043446
2006-12-05,48.813168
2006-12-06,48.716778
2006-12-07,48.679264
2006-12-08,48.325821
2006-12-11,48.534710
2006-12-12,48.636414
2006-12-13,48.202656
2006-12-14,48.025959
2006-12-15,48.052734
2006-12-18,48.068802
2006-12-19,48.004494
2006-12-20,47.999176
2006-12-21,48.240120
2006-12-22,47.870636
2006-12-26,48.015236
2006-12-27,47.662205
2006-12-28,47.554714
2006-12-29,47.517132
2007-01-03,47.855640
2007-01-04,48.145798
2007-01-05,47.936218
2007-01-08,48.022213
2007-01-09,48.022213
2007-01-10,47.807255
2007-01-11,47.527866
2007-01-12,47.307621
2007-01-16,47.409664
2007-01-17,47.264545
2007-01-18,47.409664
2007-01-19,47.280674
2007-01-22,47.393513
2007-01-23,47.081875
2007-01-24,47.076496
2007-01-25,46.737995
2007-01-26,46.700367
2007-01-29,46.598293
2007-01-30,46.651989
2007-01-31,47.044273
2007-02-01,46.987595
2007-02-02,47.046947
2007-02-05,47.111713
2007-02-06,47.370670
2007-02-07,47.510986
2007-02-08,47.548714
2007-02-09,47.278980
2007-02-12,47.171040
2007-02-13,47.068516
2007-02-14,47.516335
2007-02-15,47.656620
2007-02-16,47.823891
2007-02-20,47.931786
2007-02-21,47.850864
2007-02-22,47.591908
2007-02-23,47.931786
2007-02-26,48.250122
2007-02-27,48.859745
2007-02-28,48.638580
2007-03-01,48.607704
2007-03-02,48.851440
2007-03-05,48.932659
2007-03-06,48.786419
2007-03-07,48.976009
2007-03-08,48.932659
2007-03-09,48.418156
2007-03-12,48.607704
2007-03-13,48.900143
2007-03-14,48.678101
2007-03-15,48.672676
2007-03-16,48.661839
2007-03-19,48.558960
2007-03-20,48.586025
2007-03-21,48.607704
2007-03-22,48.223175
2007-03-23,48.087769
2007-03-26,48.147362
2007-03-27,48.066124
2007-03-28,47.968594
2007-03-29,47.903625
2007-03-30,47.811550
2007-04-02,47.890888
2007-04-03,47.831131
2007-04-04,47.880047
2007-04-05,47.700657
2007-04-09,47.385380
2007-04-10,47.526699
2007-04-11,47.494091
2007-04-12,47.504951
2007-04-13,47.358189
2007-04-16,47.619122
2007-04-17,47.885468
2007-04-18,48.124668
2007-04-19,48.043144
2007-04-20,47.918102
2007-04-23,48.092052
2007-04-24,48.271416
2007-04-25,48.102932
2007-04-26,47.755013
2007-04-27,47.744137
2007-04-30,48.244240
2007-05-01,48.279198
2007-05-02,48.251888
2007-05-03,48.142769
2007-05-04,48.339195
2007-05-07,48.470135
2007-05-08,48.361057
2007-05-09,48.170063
2007-05-10,48.284649
2007-05-11,48.115498
2007-05-14,47.989983
2007-05-15,47.973644
2007-05-16,47.940903
2007-05-17,47.744480
2007-05-18,47.428097
2007-05-21,47.569912
2007-05-22,47.324379
2007-05-23,47.188023
2007-05-24,47.231647
2007-05-25,47.122536
2007-05-29,47.117073
2007-05-30,47.215256
2007-05-31,47.127964
2007-06-01,46.880413
2007-06-04,47.094048
2007-06-05,46.798256
2007-06-06,46.776344
2007-06-07,45.938351
2007-06-08,45.899994
2007-06-11,45.768486
2007-06-12,45.105736
2007-06-13,45.642555
2007-06-14,45.527508
2007-06-15,45.839695
2007-06-18,45.746582
2007-06-19,46.173843
2007-06-20,45.801392
2007-06-21,45.582298
2007-06-22,45.878086
2007-06-25,46.129990
2007-06-26,46.140972
2007-06-27,46.184750
2007-06-28,46.173843
2007-06-29,46.650379
2007-07-02,46.895576
2007-07-03,46.609692
2007-07-05,46.087307
2007-07-06,45.900383
2007-07-09,46.065323
2007-07-10,46.846085
2007-07-11,46.362202
2007-07-12,46.202789
2007-07-13,46.329239
2007-07-16,46.774635
2007-07-17,46.675632
2007-07-18,46.851601
2007-07-19,46.840569
2007-07-20,47.263966
2007-07-23,47.186981
2007-07-24,47.362923
2007-07-25,47.456379
2007-07-26,47.852272
2007-07-27,47.989769
2007-07-30,47.852272
2007-07-31,48.198689
2007-08-01,48.094395
2007-08-02,48.215782
2007-08-03,48.535957
2007-08-06,48.182697
2007-08-07,48.144062
2007-08-08,47.558964
2007-08-09,47.625187
2007-08-10,47.514832
2007-08-13,47.652809
2007-08-14,47.779770
2007-08-15,47.608639
2007-08-16,48.099884
2007-08-17,47.906719
2007-08-20,47.934269
2007-08-21,48.166142
2007-08-22,48.088837
2007-08-23,48.254425
2007-08-24,48.491837
2007-08-27,48.745701
2007-08-28,48.828518
2007-08-29,48.696037
2007-08-30,49.021721
2007-08-31,49.060322
2007-09-04,49.083626
2007-09-05,49.477119
2007-09-06,49.349709
2007-09-07,50.047977
2007-09-10,50.435997
2007-09-11,50.397175
2007-09-12,50.208706
2007-09-13,49.759819
2007-09-14,49.831860
2007-09-17,50.070175
2007-09-18,49.693287
2007-09-19,49.233280
2007-09-20,48.302109
2007-09-21,48.712296
2007-09-24,48.850834
2007-09-25,48.679005
2007-09-26,48.723373
2007-09-27,49.061451
2007-09-28,49.172325
2007-10-01,49.453293
2007-10-02,49.609055
2007-10-03,49.464401
2007-10-04,49.653599
2007-10-05,49.119442
2007-10-08,49.080494
2007-10-09,49.019310
2007-10-10,49.047123
2007-10-11,48.996994
2007-10-12,48.757816
2007-10-15,48.768898
2007-10-16,48.785610
2007-10-17,49.319752
2007-10-18,49.592419
2007-10-19,50.332405
2007-10-22,50.337967
2007-10-23,50.271214
2007-10-24,50.643993
2007-10-25,50.471519
2007-10-26,50.354668
2007-10-29,50.549397
2007-10-30,50.521622
2007-10-31,50.065300
2007-11-01,50.715858
2007-11-02,50.877914
2007-11-05,50.855560
2007-11-06,50.609669
2007-11-07,50.699043
2007-11-08,50.609669
2007-11-09,51.039978
2007-11-12,51.224388
2007-11-13,51.034378
2007-11-14,51.090275
2007-11-15,51.570892
2007-11-16,51.643513
2007-11-19,51.978836
2007-11-20,51.922947
2007-11-21,52.224743
2007-11-23,52.381233
2007-11-26,53.415062
2007-11-27,52.906513
2007-11-28,52.548889
2007-11-29,53.001556
2007-11-30,52.744492
2007-12-03,53.163055
2007-12-04,53.157425
2007-12-05,52.523380
2007-12-06,52.063301
2007-12-07,51.479801
2007-12-10,51.171162
2007-12-11,52.175510
2007-12-12,51.636936
2007-12-13,51.075771
2007-12-14,50.840141
2007-12-17,51.294628
2007-12-18,51.625690
2007-12-19,52.310169
2007-12-20,52.197990
2007-12-21,51.434868
2007-12-24,51.193642
2007-12-26,50.744766
2007-12-27,51.297928
2007-12-28,52.097927
2007-12-31,52.413345
2008-01-02,53.168232
2008-01-03,53.095028
2008-01-04,53.106285
2008-01-07,53.337234
2008-01-08,53.275322
2008-01-09,53.376705
2008-01-10,52.655609
2008-01-11,53.066830
2008-01-14,53.264027
2008-01-15,53.861210
2008-01-16,53.472488
2008-01-17,54.165348
2008-01-18,53.793537
2008-01-22,54.368156
2008-01-23,54.244236
2008-01-24,53.156937
2008-01-25,54.052715
2008-01-28,53.849880
2008-01-29,53.483727
2008-01-30,53.134445
2008-01-31,53.511871
2008-02-01,53.833546
2008-02-04,53.279568
2008-02-05,53.686577
2008-02-06,53.522663
2008-02-07,52.369415
2008-02-08,52.968662
2008-02-11,53.189114
2008-02-12,52.872517
2008-02-13,52.312908
2008-02-14,51.544102
2008-02-15,51.939770
2008-02-19,51.414047
2008-02-20,51.770195
2008-02-21,52.318558
2008-02-22,52.018925
2008-02-25,51.487530
2008-02-26,51.504486
2008-02-27,51.549721
2008-02-28,52.465527
2008-02-29,53.268291
2008-03-03,53.130962
2008-03-04,52.614632
2008-03-05,51.984814
2008-03-06,52.262794
2008-03-07,52.330898
2008-03-10,53.102562
2008-03-11,52.648674
2008-03-12,53.664291
2008-03-13,53.244381
2008-03-14,53.902573
2008-03-17,54.316803
2008-03-18,54.106869
2008-03-19,55.003311
2008-03-20,55.139507
2008-03-24,54.072838
2008-03-25,54.299793
2008-03-26,54.072838
2008-03-27,53.692612
2008-03-28,54.214676
2008-03-31,54.407578
2008-04-01,53.522068
2008-04-02,53.636070
2008-04-03,53.755699
2008-04-04,54.245754
2008-04-07,53.960873
2008-04-08,53.772827
2008-04-09,54.331223
2008-04-10,54.148880
2008-04-11,54.513577
2008-04-14,54.194462
2008-04-15,53.522068
2008-04-16,52.997833
2008-04-17,52.906658
2008-04-18,52.861126
2008-04-21,53.071968
2008-04-22,53.254311
2008-04-23,53.077660
2008-04-24,52.627522
2008-04-25,52.319778
2008-04-28,52.479324
2008-04-29,52.678810
2008-04-30,53.054790
2008-05-01,53.058289
2008-05-02,52.389221
2008-05-05,52.389221
2008-05-06,52.011757
2008-05-07,52.234760
2008-05-08,52.703674
2008-05-09,52.898151
2008-05-12,52.818100
2008-05-13,52.240494
2008-05-14,52.263397
2008-05-15,52.738060
2008-05-16,52.520721
2008-05-19,52.589382
2008-05-20,52.863873
2008-05-21,52.875282
2008-05-22,52.251949
2008-05-23,52.480694
2008-05-27,52.126102
2008-05-28,51.662922
2008-05-29,51.291206
2008-05-30,51.628609
2008-06-02,51.827770
2008-06-03,52.200851
2008-06-04,51.735935
2008-06-05,51.425991
2008-06-06,52.091770
2008-06-09,52.091770
2008-06-10,51.753136
2008-06-11,51.632633
2008-06-12,51.116047
2008-06-13,51.007000
2008-06-16,51.018486
2008-06-17,51.121819
2008-06-18,51.552269
2008-06-19,51.248085
2008-06-20,51.546520
2008-06-23,51.655571
2008-06-24,51.999939
2008-06-25,52.022911
2008-06-26,52.373013
2008-06-27,52.987137
2008-06-30,52.998653
2008-07-01,52.873058
2008-07-02,53.149563
2008-07-03,53.034328
2008-07-07,53.276279
2008-07-08,53.621864
2008-07-09,53.858028
2008-07-10,53.852276
2008-07-11,53.086170
2008-07-14,53.552719
2008-07-15,53.535461
2008-07-16,52.567764
2008-07-17,52.297031
2008-07-18,52.101147
2008-07-21,52.302792
2008-07-22,52.043564
2008-07-23,51.939915
2008-07-24,52.446800
2008-07-25,51.922611
2008-07-28,52.446800
2008-07-29,52.233658
2008-07-30,52.285511
2008-07-31,52.803909
2008-08-01,52.920742
2008-08-04,52.799259
2008-08-05,52.406185
2008-08-06,52.192287
2008-08-07,53.042160
2008-08-08,53.186657
2008-08-11,52.677948
2008-08-12,53.169319
2008-08-13,52.984322
2008-08-14,53.325390
2008-08-15,53.787884
2008-08-18,54.001793
2008-08-19,53.793652
2008-08-20,53.943981
2008-08-21,53.845695
2008-08-22,53.811047
2008-08-25,54.348621
2008-08-26,54.394939
2008-08-27,54.487404
2008-08-28,54.493179
2008-08-29,54.250420
2008-09-02,54.755169
2008-09-03,54.987217
2008-09-04,55.428200
2008-09-05,55.399197
2008-09-08,55.631290
2008-09-09,56.182541
2008-09-10,55.834339
2008-09-11,55.805363
2008-09-12,55.085907
2008-09-15,56.872955
2008-09-16,56.861366
2008-09-17,57.145649
2008-09-18,56.310169
2008-09-19,54.523102
2008-09-22,54.517269
2008-09-23,54.308388
2008-09-24,54.546299
2008-09-25,54.436066
2008-09-26,54.830608
2008-09-29,56.426205
2008-09-30,55.051044
2008-10-01,55.743629
2008-10-02,56.191765
2008-10-03,56.686493
2008-10-06,57.716618
2008-10-07,57.542027
2008-10-08,56.715599
2008-10-09,56.238338
2008-10-10,55.842567
2008-10-13,55.126713
2008-10-14,54.771717
2008-10-15,55.295521
2008-10-16,55.010353
2008-10-17,54.632015
2008-10-20,55.068520
2008-10-21,55.359550
2008-10-22,56.482796
2008-10-23,56.901844
2008-10-24,56.296570
2008-10-27,56.337276
2008-10-28,55.516701
2008-10-29,55.237301
2008-10-30,54.736774
2008-10-31,54.026764
2008-11-03,54.172840
2008-11-04,55.189537
2008-11-05,55.844025
2008-11-06,55.440830
2008-11-07,55.078533
2008-11-10,55.347355
2008-11-11,55.510990
2008-11-12,55.867428
2008-11-13,54.529236
2008-11-14,55.610283
2008-11-17,55.855721
2008-11-18,56.574463
2008-11-19,58.023575
2008-11-20,61.021137
2008-11-21,60.138779
2008-11-24,59.198063
2008-11-25,60.939362
2008-11-26,61.021137
2008-11-28,61.774910
2008-12-01,64.140594
2008-12-02,64.386848
2008-12-03,64.568611
2008-12-04,65.840874
2008-12-05,64.773827
2008-12-08,64.633118
2008-12-09,65.911217
2008-12-10,65.752945
2008-12-11,65.881927
2008-12-12,65.881927
2008-12-15,66.632378
2008-12-16,68.279831
2008-12-17,70.132553
2008-12-18,71.604172
2008-12-19,71.680382
2008-12-22,71.129204
2008-12-23,71.035400
2008-12-24,70.883003
2008-12-26,71.117508
2008-12-29,71.032242
2008-12-30,71.708733
2008-12-31,70.208672
2009-01-02,68.443901
2009-01-05,66.679108
2009-01-06,66.008545
2009-01-07,66.267403
2009-01-08,66.214363
2009-01-09,66.314392
2009-01-12,67.002686
2009-01-13,67.073227
2009-01-14,68.179214
2009-01-15,68.290970
2009-01-16,67.237984
2009-01-20,67.226219
2009-01-21,65.102562
2009-01-22,63.849575
2009-01-23,63.349598
2009-01-26,62.796638
2009-01-27,64.273170
2009-01-28,62.667213
2009-01-29,61.225979
2009-01-30,61.031822
2009-02-02,62.167336
2009-02-03,60.686733
2009-02-04,60.474388
2009-02-05,60.527504
2009-02-06,60.338711
2009-02-09,60.533382
2009-02-10,61.848789
2009-02-11,62.651012
2009-02-12,62.061172
2009-02-13,60.409470
2009-02-17,62.291233
2009-02-18,61.760334
2009-02-19,60.710312
2009-02-20,61.300175
2009-02-23,61.866501
2009-02-24,61.801624
2009-02-25,61.087852
2009-02-26,60.444931
2009-02-27,60.096889
2009-03-02,61.091820
2009-03-03,60.683636
2009-03-04,60.405674
2009-03-05,62.085533
2009-03-06,61.671509
2009-03-09,61.310661
2009-03-10,60.133549
2009-03-11,60.784214
2009-03-12,61.074123
2009-03-13,60.766483
2009-03-16,59.808224
2009-03-17,59.482887
2009-03-18,61.736553
2009-03-19,61.813499
2009-03-20,61.470425
2009-03-23,60.938007
2009-03-24,61.517727
2009-03-25,60.689579
2009-03-26,61.393463
2009-03-27,61.848946
2009-03-30,62.085533
2009-03-31,62.529137
2009-04-01,63.099808
2009-04-02,62.328690
2009-04-03,61.053261
2009-04-06,60.792282
2009-04-07,60.946468
2009-04-08,61.486305
2009-04-09,60.715111
2009-04-13,61.272724
2009-04-14,61.593094
2009-04-15,61.486305
2009-04-16,60.999889
2009-04-17,60.329567
2009-04-20,61.243103
2009-04-21,60.638035
2009-04-22,60.270245
2009-04-23,60.264297
2009-04-24,59.659218
2009-04-27,59.914310
2009-04-28,58.935528
2009-04-29,58.413445
2009-04-30,58.182117
2009-05-01,57.781715
2009-05-04,57.972073
2009-05-05,57.900719
2009-05-06,57.763859
2009-05-07,56.353672
2009-05-08,56.490532
2009-05-11,57.293804
2009-05-12,57.502048
2009-05-13,58.126835
2009-05-14,58.352947
2009-05-15,58.335064
2009-05-18,57.430626
2009-05-19,57.127201
2009-05-20,57.728130
2009-05-21,56.276325
2009-05-22,55.651543
2009-05-26,54.812569
2009-05-27,53.842705
2009-05-28,54.622189
2009-05-29,56.032372
2009-06-01,54.375805
2009-06-02,54.668278
2009-06-03,55.181740
2009-06-04,54.041496
2009-06-05,53.629654
2009-06-08,53.492332
2009-06-09,53.486393
2009-06-10,52.644695
2009-06-11,53.229706
2009-06-12,53.707279
2009-06-15,54.190800
2009-06-16,55.133953
2009-06-17,54.823544
2009-06-18,53.993717
2009-06-19,54.734032
2009-06-22,55.265289
2009-06-23,55.915939
2009-06-24,55.354824
2009-06-25,56.369652
2009-06-26,56.465145
2009-06-29,56.548733
2009-06-30,56.453236
2009-07-01,56.341232
2009-07-02,56.472980
2009-07-06,56.365200
2009-07-07,56.742466
2009-07-08,57.790459
2009-07-09,57.101776
2009-07-10,57.628750
2009-07-13,57.305393
2009-07-14,56.353188
2009-07-15,54.903954
2009-07-16,55.496830
2009-07-17,54.640461
2009-07-20,54.927906
2009-07-21,56.023815
2009-07-22,55.520752
2009-07-23,54.502678
2009-07-24,54.766239
2009-07-27,54.137394
2009-07-28,54.616501
2009-07-29,54.915943
2009-07-30,55.694458
2009-07-31,56.778362
2009-08-03,55.917961
2009-08-04,55.473282
2009-08-05,54.644100
2009-08-06,54.830357
2009-08-07,54.373653
2009-08-10,55.052654
2009-08-11,55.689621
2009-08-12,55.094753
2009-08-13,55.875866
2009-08-14,56.092186
2009-08-17,56.921383
2009-08-18,56.590923
2009-08-19,57.059624
2009-08-20,57.528236
2009-08-21,56.344547
2009-08-24,57.366058
2009-08-25,57.690548
2009-08-26,57.954960
2009-08-27,57.726543
2009-08-28,57.990959
2009-08-31,58.045033
2009-09-01,57.904629
2009-09-02,58.748493
2009-09-03,58.386784
2009-09-04,57.392204
2009-09-08,56.988323
2009-09-09,56.922009
2009-09-10,57.970875
2009-09-11,58.290382
2009-09-14,57.711655
2009-09-15,57.416283
2009-09-16,57.518780
2009-09-17,58.242168
2009-09-18,57.723751
2009-09-21,57.856400
2009-09-22,57.976933
2009-09-23,58.151730
2009-09-24,58.320507
2009-09-25,59.061935
2009-09-28,59.580379
2009-09-29,59.526085
2009-09-30,59.471859
2009-10-01,60.286331
2009-10-02,59.869110
2009-10-05,59.875137
2009-10-06,59.282627
2009-10-07,59.977985
2009-10-08,59.349136
2009-10-09,57.988609
2009-10-12,58.079273
2009-10-13,58.381584
2009-10-14,57.516945
2009-10-15,57.250847
2009-10-16,57.716476
2009-10-19,58.169975
2009-10-20,58.484455
2009-10-21,58.133736
2009-10-22,57.849510
2009-10-23,57.414139
2009-10-26,56.670410
2009-10-27,57.444382
2009-10-28,57.716476
2009-10-29,57.087566
2009-10-30,57.916054
2009-11-02,57.660000
2009-11-03,57.083717
2009-11-04,56.562023
2009-11-05,56.562023
2009-11-06,56.616623
2009-11-09,56.683327
2009-11-10,56.580246
2009-11-11,56.816788
2009-11-12,56.713699
2009-11-13,56.974560
2009-11-16,57.641808
2009-11-17,57.951218
2009-11-18,57.611511
2009-11-19,57.714630
2009-11-20,57.702477
2009-11-23,57.629711
2009-11-24,57.993694
2009-11-25,58.260567
2009-11-27,58.478989
2009-11-30,58.618511
2009-12-01,57.965527
2009-12-02,58.014214
2009-12-03,57.411682
2009-12-04,56.803154
2009-12-07,56.876217
2009-12-08,56.961353
2009-12-09,56.699707
2009-12-10,56.048527
2009-12-11,56.042408
2009-12-14,56.109375
2009-12-15,55.859879
2009-12-16,55.792961
2009-12-17,56.711884
2009-12-18,56.468445
2009-12-21,55.464325
2009-12-22,55.153965
2009-12-23,55.166142
2009-12-24,54.594097
2009-12-28,54.441898
2009-12-29,54.801064
2009-12-30,55.161404
2009-12-31,54.898792
2010-01-04,54.849892
2010-01-05,55.204159
2010-01-06,54.465141
2010-01-07,54.556782
2010-01-08,54.532322
2010-01-11,54.233059
2010-01-12,55.161404
2010-01-13,54.520103
2010-01-14,55.283512
2010-01-15,55.625557
2010-01-19,55.466736
2010-01-20,56.028595
2010-01-21,56.285156
2010-01-22,56.187405
2010-01-25,55.930916
2010-01-26,55.949215
2010-01-27,55.918709
2010-01-28,55.888157
2010-01-29,56.376732
2010-02-01,55.864994
2010-02-02,56.024303
2010-02-03,55.374645
2010-02-04,56.251068
2010-02-05,56.373680
2010-02-08,56.447247
2010-02-09,55.883362
2010-02-10,55.350136
2010-02-11,55.049828
2010-02-12,55.276600
2010-02-16,55.380817
2010-02-17,54.749508
2010-02-18,54.528820
2010-02-19,54.823025
2010-02-22,54.596302
2010-02-23,55.448223
2010-02-24,55.583080
2010-02-25,55.895641
2010-02-26,56.183678
2010-03-01,56.159096
2010-03-02,56.085308
2010-03-03,55.943897
2010-03-04,56.238987
2010-03-05,55.501236
2010-03-08,55.212234
2010-03-09,55.224541
2010-03-10,55.083103
2010-03-11,55.286011
2010-03-12,55.630318
2010-03-15,55.556553
2010-03-16,55.999187
2010-03-17,56.238987
2010-03-18,56.054585
2010-03-19,56.109882
2010-03-22,56.171391
2010-03-23,55.906990
2010-03-24,54.886379
2010-03-25,54.535889
2010-03-26,54.689625
2010-03-29,54.480579
2010-03-30,54.652721
2010-03-31,55.027817
2010-04-01,54.893261
2010-04-05,53.979897
2010-04-06,54.066315
2010-04-07,54.757526
2010-04-08,54.782135
2010-04-09,54.911808
2010-04-12,55.201809
2010-04-13,55.380814
2010-04-14,54.991974
2010-04-15,55.053661
2010-04-16,55.454842
2010-04-19,55.319038
2010-04-20,55.516552
2010-04-21,55.973206
2010-04-22,55.806587
2010-04-23,55.609066
2010-04-26,55.670826
2010-04-27,56.454544
2010-04-28,55.973206
2010-04-29,56.207706
2010-04-30,56.855694
2010-05-03,56.781433
2010-05-04,57.803177
2010-05-05,58.143810
2010-05-06,59.939709
2010-05-07,59.190403
2010-05-10,57.964191
2010-05-11,57.815601
2010-05-12,57.375870
2010-05-13,57.753654
2010-05-14,58.756931
2010-05-17,58.540142
2010-05-18,59.438099
2010-05-19,59.636288
2010-05-20,60.893410
2010-05-21,60.955318
2010-05-24,60.744781
2010-05-25,61.042007
2010-05-26,60.868607
2010-05-27,59.487629
2010-05-28,59.760101
2010-06-01,60.180168
2010-06-02,59.608490
2010-06-03,59.173569
2010-06-04,60.764221
2010-06-07,61.230267
2010-06-08,60.925800
2010-06-09,60.857471
2010-06-10,59.770046
2010-06-11,60.528141
2010-06-14,60.217457
2010-06-15,59.968891
2010-06-16,60.310661
2010-06-17,60.801559
2010-06-18,60.702129
2010-06-21,60.528141
2010-06-22,61.248920
2010-06-23,61.665222
2010-06-24,61.298653
2010-06-25,61.547211
2010-06-28,62.125076
2010-06-29,62.802357
2010-06-30,63.224930
2010-07-01,63.324642
2010-07-02,62.819782
2010-07-06,63.337101
2010-07-07,62.595402
2010-07-08,62.196510
2010-07-09,61.841267
2010-07-12,61.816280
2010-07-13,61.286552
2010-07-14,61.903542
2010-07-15,62.520596
2010-07-16,62.825962
2010-07-19,62.439579
2010-07-20,62.533028
2010-07-21,63.592628
2010-07-22,62.857132
2010-07-23,62.190281
2010-07-26,62.084293
2010-07-27,61.486000
2010-07-28,61.685360
2010-07-29,61.666679
2010-07-30,62.626556
2010-08-02,61.747368
2010-08-03,62.103783
2010-08-04,61.628635
2010-08-05,61.916241
2010-08-06,62.591541
2010-08-09,62.360233
2010-08-10,62.491459
2010-08-11,63.329384
2010-08-12,63.173073
2010-08-13,63.960957
2010-08-16,65.561729
2010-08-17,65.186478
2010-08-18,65.361610
2010-08-19,66.380798
2010-08-20,66.305786
2010-08-23,66.318260
2010-08-24,67.381248
2010-08-25,67.162430
2010-08-26,67.793930
2010-08-27,65.874352
2010-08-30,67.137375
2010-08-31,67.881477
2010-09-01,66.477966
2010-09-02,65.775520
2010-09-03,64.960213
2010-09-07,66.289780
2010-09-08,65.762924
2010-09-09,64.464745
2010-09-10,64.170021
2010-09-13,64.483620
2010-09-14,65.104431
2010-09-15,64.138634
2010-09-16,63.505230
2010-09-17,63.762405
2010-09-20,64.132385
2010-09-21,65.022964
2010-09-22,65.606201
2010-09-23,65.794380
2010-09-24,64.910034
2010-09-27,66.038910
2010-09-28,66.490456
2010-09-29,66.214554
2010-09-30,66.170601
2010-10-01,65.850853
2010-10-04,66.020790
2010-10-05,65.624214
2010-10-06,66.448853
2010-10-07,65.894951
2010-10-08,65.605362
2010-10-11,65.617889
2010-10-12,64.969574
2010-10-13,64.868881
2010-10-14,63.899467
2010-10-15,63.118851
2010-10-18,63.628780
2010-10-19,64.012764
2010-10-20,64.151245
2010-10-21,63.389538
2010-10-22,63.817604
2010-10-25,64.000160
2010-10-26,63.011860
2010-10-27,62.457912
2010-10-28,62.627880
2010-10-29,63.213276
2010-11-01,62.941071
2010-11-02,63.768349
2010-11-03,62.467514
2010-11-04,62.953743
2010-11-05,61.873856
2010-11-08,62.151787
2010-11-09,60.781422
2010-11-10,60.863483
2010-11-11,60.831902
2010-11-12,60.503563
2010-11-15,59.240555
2010-11-16,60.711964
2010-11-17,60.377232
2010-11-18,60.623558
2010-11-19,60.996120
2010-11-22,61.255058
2010-11-23,61.558167
2010-11-24,60.459309
2010-11-26,61.299229
2010-11-29,61.823391
2010-11-30,62.145424
2010-12-01,60.763981
2010-12-02,60.605598
2010-12-03,60.130299
2010-12-06,60.979458
2010-12-07,59.674084
2010-12-08,59.097439
2010-12-09,59.388878
2010-12-10,59.027740
2010-12-13,59.249508
2010-12-14,58.387676
2010-12-15,57.627281
2010-12-16,58.026463
2010-12-17,59.084755
2010-12-20,59.021358
2010-12-21,59.433319
2010-12-22,59.008656
2010-12-23,58.888279
2010-12-27,59.414211
2010-12-28,58.250607
2010-12-29,59.236198
2010-12-30,59.191647
2010-12-31,59.846626
2011-01-03,59.395195
2011-01-04,59.465107
2011-01-05,58.155247
2011-01-06,58.409630
2011-01-07,58.721195
2011-01-10,59.039104
2011-01-11,58.708454
2011-01-12,58.250607
2011-01-13,58.772022
2011-01-14,58.396862
2011-01-18,58.123470
2011-01-19,58.543118
2011-01-20,57.735569
2011-01-21,58.193390
2011-01-24,58.218864
2011-01-25,58.772022
2011-01-26,57.881763
2011-01-27,58.142563
2011-01-28,58.447762
2011-01-31,58.002644
2011-02-01,57.715504
2011-02-02,57.728271
2011-02-03,57.249676
2011-02-04,56.669010
2011-02-07,56.962570
2011-02-08,56.439323
2011-02-09,56.930645
2011-02-10,56.273441
2011-02-11,57.083809
2011-02-14,57.122074
2011-02-15,57.377304
2011-02-16,57.192299
2011-02-17,57.281609
2011-02-18,57.102932
2011-02-22,57.958012
2011-02-23,58.168571
2011-02-24,58.538681
2011-02-25,58.883209
2011-02-28,58.959805
2011-03-01,59.130741
2011-03-02,58.221699
2011-03-03,57.651958
2011-03-04,58.132107
2011-03-07,57.760792
2011-03-08,57.408726
2011-03-09,57.965637
2011-03-10,58.938652
2011-03-11,58.605793
2011-03-14,58.580177
2011-03-15,59.457184
2011-03-16,60.129360
2011-03-17,59.668438
2011-03-18,59.828457
2011-03-21,59.476376
2011-03-22,59.674858
2011-03-23,59.598030
2011-03-24,59.149914
2011-03-25,59.002693
2011-03-28,59.085915
2011-03-29,58.631359
2011-03-30,59.098713
2011-03-31,58.977058
2011-04-01,59.263798
2011-04-04,59.328041
2011-04-05,59.090240
2011-04-06,58.203079
2011-04-07,58.087383
2011-04-08,57.778805
2011-04-11,57.830254
2011-04-12,58.453793
2011-04-13,58.820240
2011-04-14,58.775227
2011-04-15,59.572350
2011-04-18,59.707348
2011-04-19,59.964474
2011-04-20,59.578815
2011-04-21,59.527370
2011-04-25,59.752357
2011-04-26,60.330906
2011-04-27,59.713791
2011-04-28,60.170181
2011-04-29,60.356647
2011-05-02,60.453419
2011-05-03,60.795601
2011-05-04,61.066784
2011-05-05,61.647842
2011-05-06,61.376675
2011-05-09,61.312103
2011-05-10,60.873127
2011-05-11,61.221725
2011-05-12,60.834396
2011-05-13,61.383121
2011-05-16,61.725269
2011-05-17,62.357948
2011-05-18,61.531567
2011-05-19,61.505764
2011-05-20,61.538059
2011-05-23,61.835026
2011-05-24,62.067432
2011-05-25,61.776928
2011-05-26,62.306290
2011-05-27,62.280518
2011-05-31,62.422501
2011-06-01,63.266167
2011-06-02,62.060982
2011-06-03,62.417370
2011-06-06,61.944340
2011-06-07,62.229450
2011-06-08,62.715393
2011-06-09,62.462704
2011-06-10,62.942200
2011-06-13,62.624653
2011-06-14,61.678665
2011-06-15,62.799698
2011-06-16,63.084743
2011-06-17,62.786671
2011-06-20,62.864418
2011-06-21,62.585766
2011-06-22,62.624653
2011-06-23,63.104214
2011-06-24,62.838486
2011-06-27,61.976738
2011-06-28,61.477833
2011-06-29,61.069645
2011-06-30,60.972382
2011-07-01,60.874916
2011-07-05,61.011360
2011-07-06,61.323494
2011-07-07,61.141411
2011-07-08,62.006168
2011-07-11,62.935905
2011-07-12,63.150406
2011-07-13,63.326027
2011-07-14,62.422249
2011-07-15,62.526272
2011-07-18,61.921623
2011-07-19,63.208950
2011-07-20,62.461292
2011-07-21,61.980175
2011-07-22,62.448296
2011-07-25,61.765587
2011-07-26,62.188210
2011-07-27,62.194744
2011-07-28,62.428780
2011-07-29,63.664085
2011-08-01,64.306679
2011-08-02,66.237526
2011-08-03,66.367973
2011-08-04,68.729454
2011-08-05,66.746292
2011-08-08,68.853363
2011-08-09,69.062134
2011-08-10,71.116928
2011-08-11,67.529160
2011-08-12,68.866417
2011-08-15,68.168427
2011-08-16,69.296936
2011-08-17,70.510239
2011-08-18,71.958488
2011-08-19,72.539017
2011-08-22,72.356407
2011-08-23,71.358299
2011-08-24,69.329521
2011-08-25,70.079735
2011-08-26,70.771263
2011-08-29,69.792702
2011-08-30,70.914680
2011-08-31,69.818794
2011-09-01,71.298843
2011-09-02,73.615044
2011-09-06,74.380600
2011-09-07,72.960777
2011-09-08,73.615044
2011-09-09,74.400200
2011-09-12,74.478752
2011-09-13,73.418785
2011-09-14,74.040337
2011-09-15,72.908394
2011-09-16,73.438416
2011-09-19,74.838570
2011-09-20,75.152634
2011-09-21,77.638931
2011-09-22,80.557190
2011-09-23,79.058807
2011-09-26,77.789513
2011-09-27,76.598671
2011-09-28,76.572487
2011-09-29,77.102509
2011-09-30,79.039169
2011-10-03,81.214348
2011-10-04,80.184494
2011-10-05,79.607201
2011-10-06,78.137901
2011-10-07,77.560669
2011-10-10,76.465233
2011-10-11,76.209373
2011-10-12,75.100807
2011-10-13,75.848595
2011-10-14,74.746552
2011-10-17,76.038788
2011-10-18,75.566505
2011-10-19,75.540314
2011-10-20,75.002365
2011-10-21,74.208656
2011-10-24,74.333282
2011-10-25,76.222488
2011-10-26,74.890892
2011-10-27,72.352333
2011-10-28,73.113228
2011-10-31,76.012581
2011-11-01,78.557060
2011-11-02,77.577141
2011-11-03,76.511749
2011-11-04,76.603836
2011-11-07,77.090492
2011-11-08,76.104004
2011-11-09,77.682381
2011-11-10,76.524895
2011-11-11,76.057945
2011-11-14,77.281174
2011-11-15,77.175957
2011-11-16,77.879646
2011-11-17,78.504410
2011-11-18,78.484688
2011-11-21,78.951591
2011-11-22,79.832947
2011-11-23,80.615471
2011-11-25,79.444901
2011-11-28,79.405434
2011-11-29,78.754341
2011-11-30,77.524529
2011-12-01,77.135567
2011-12-02,78.216820
2011-12-05,78.058525
2011-12-06,77.313553
2011-12-07,77.590477
2011-12-08,78.559639
2011-12-09,76.944359
2011-12-12,77.801437
2011-12-13,78.526665
2011-12-14,80.010002
2011-12-15,79.713333
2011-12-16,80.642929
2011-12-19,81.664795
2011-12-20,79.627617
2011-12-21,78.520073
2011-12-22,78.849686
2011-12-23,77.972832
2011-12-27,78.343239
2011-12-28,79.791725
2011-12-29,79.937256
2011-12-30,80.195160
2012-01-03,78.991440
2012-01-04,78.052200
2012-01-05,77.913338
2012-01-06,78.528412
2012-01-09,78.389503
2012-01-10,78.257263
2012-01-11,79.275803
2012-01-12,79.163345
2012-01-13,79.950417
2012-01-17,80.320824
2012-01-18,79.348587
2012-01-19,78.257263
2012-01-20,77.370972
2012-01-23,76.881538
2012-01-24,77.020416
2012-01-25,76.835274
2012-01-26,77.853760
2012-01-27,78.098526
2012-01-30,79.017822
2012-01-31,79.930580
2012-02-01,79.015022
2012-02-02,78.981888
2012-02-03,77.284584
2012-02-06,78.053726
2012-02-07,77.085724
2012-02-08,77.145386
2012-02-09,76.568588
2012-02-10,77.563072
2012-02-13,77.662476
2012-02-14,78.073593
2012-02-15,77.934357
2012-02-16,77.311157
2012-02-17,77.291229
2012-02-21,76.435989
2012-02-22,77.397308
2012-02-23,77.397308
2012-02-24,77.901184
2012-02-27,78.590660
2012-02-28,78.332153
2012-02-29,77.854790
2012-03-01,77.121826
2012-03-02,77.846153
2012-03-05,77.228165
2012-03-06,78.165131
2012-03-07,77.686668
2012-03-08,76.909172
2012-03-09,77.062004
2012-03-12,77.048721
2012-03-13,75.693169
2012-03-14,73.786064
2012-03-15,73.899040
2012-03-16,74.045235
2012-03-19,73.161476
2012-03-20,73.453796
2012-03-21,74.284431
2012-03-22,74.523628
2012-03-23,75.228020
2012-03-26,74.842636
2012-03-27,75.380836
2012-03-28,75.274490
2012-03-29,75.839348
2012-03-30,74.556892
2012-04-02,74.969948
2012-04-03,73.670784
2012-04-04,74.683464
2012-04-05,75.223099
2012-04-09,76.981918
2012-04-10,77.854675
2012-04-11,76.921913
2012-04-12,76.602173
2012-04-13,77.841293
2012-04-16,77.728058
2012-04-17,77.681450
2012-04-18,77.907974
2012-04-19,77.981277
2012-04-20,77.994583
2012-04-23,78.560837
2012-04-24,78.007828
2012-04-25,77.608154
2012-04-26,78.074516
2012-04-27,78.141159
2012-04-30,78.161133
2012-05-01,77.755775
2012-05-02,78.303368
2012-05-03,78.283340
2012-05-04,78.897751
2012-05-07,78.911110
2012-05-08,79.331841
2012-05-09,79.385254
2012-05-10,79.151489
2012-05-11,79.806000
2012-05-14,80.921265
2012-05-15,81.248535
2012-05-16,81.482246
2012-05-17,82.924774
2012-05-18,82.944801
2012-05-21,82.771141
2012-05-22,81.849579
2012-05-23,82.417229
2012-05-24,82.103394
2012-05-25,82.410576
2012-05-29,82.156746
2012-05-30,84.240417
2012-05-31,85.215431
2012-06-01,87.238441
2012-06-04,86.549194
2012-06-05,85.391441
2012-06-06,83.684952
2012-06-07,83.812103
2012-06-08,83.792038
2012-06-11,84.173492
2012-06-12,83.403923
2012-06-13,84.227020
2012-06-14,84.120010
2012-06-15,84.588348
2012-06-18,85.043472
2012-06-19,83.932571
2012-06-20,84.347473
2012-06-21,84.795868
2012-06-22,83.664917
2012-06-25,84.882820
2012-06-26,84.548241
2012-06-27,84.682083
2012-06-28,84.889549
2012-06-29,83.785324
2012-07-02,84.649780
2012-07-03,83.999290
2012-07-05,84.428520
2012-07-06,85.213173
2012-07-09,85.964256
2012-07-10,86.138664
2012-07-11,86.245964
2012-07-12,86.856224
2012-07-13,86.628258
2012-07-16,87.030640
2012-07-17,86.346565
2012-07-18,86.393517
2012-07-19,86.172173
2012-07-20,87.225113
2012-07-23,87.714684
2012-07-24,88.405479
2012-07-25,88.633446
2012-07-26,87.821976
2012-07-27,86.165459
2012-07-30,86.809296
2012-07-31,86.983681
2012-08-01,86.548859
2012-08-02,87.039429
2012-08-03,85.634888
2012-08-06,85.668465
2012-08-07,84.566269
2012-08-08,84.115982
2012-08-09,84.055458
2012-08-10,84.478836
2012-08-13,84.337753
2012-08-14,83.195251
2012-08-15,82.025902
2012-08-16,81.326912
2012-08-17,81.723389
2012-08-20,81.891418
2012-08-21,82.254341
2012-08-22,83.611946
2012-08-23,83.961380
2012-08-24,83.880783
2012-08-27,84.371338
2012-08-28,84.572975
2012-08-29,84.203293
2012-08-30,84.640244
2012-08-31,85.836510
2012-09-04,85.750252
2012-09-05,85.346146
2012-09-06,83.925087
2012-09-07,83.534431
2012-09-10,83.736488
2012-09-11,83.211174
2012-09-12,82.173965
2012-09-13,81.850700
2012-09-14,79.675285
2012-09-17,80.631660
2012-09-18,81.035759
2012-09-19,81.567810
2012-09-20,81.769852
2012-09-21,81.864128
2012-09-24,82.503990
2012-09-25,83.318962
2012-09-26,84.214668
2012-09-27,83.615234
2012-09-28,83.662422
2012-10-01,83.972839
2012-10-02,83.858109
2012-10-03,83.885086
2012-10-04,82.839027
2012-10-05,81.765884
2012-10-08,82.454254
2012-10-09,82.305824
2012-10-10,82.886238
2012-10-11,83.459938
2012-10-12,83.669197
2012-10-15,83.480171
2012-10-16,82.326019
2012-10-17,81.563423
2012-10-18,81.063965
2012-10-19,82.164085
2012-10-22,81.637627
2012-10-23,82.805229
2012-10-24,81.988609
2012-10-25,81.570160
2012-10-26,82.771492
2012-10-31,83.257484
2012-11-01,82.575775
2012-11-02,82.515038
2012-11-05,82.980759
2012-11-06,82.197838
2012-11-07,83.689392
2012-11-08,84.931221
2012-11-09,85.025719
2012-11-12,85.167511
2012-11-13,85.450920
2012-11-14,85.531937
2012-11-15,85.363152
2012-11-16,85.288910
2012-11-19,84.809776
2012-11-20,83.959343
2012-11-21,83.912125
2012-11-23,83.831139
2012-11-26,84.229317
2012-11-27,84.560028
2012-11-28,84.438515
2012-11-29,84.452049
2012-11-30,84.222595
2012-12-03,84.300377
2012-12-04,84.787224
2012-12-05,84.746628
2012-12-06,84.929245
2012-12-07,84.144829
2012-12-10,84.516724
2012-12-11,83.874313
2012-12-12,82.900505
2012-12-13,82.961395
2012-12-14,83.583588
2012-12-17,82.332497
2012-12-18,81.493935
2012-12-19,81.764435
2012-12-20,81.777969
2012-12-21,82.670631
2012-12-24,82.521835
2012-12-26,82.818665
2012-12-27,83.096512
2012-12-28,83.570969
2012-12-31,82.127396
2013-01-02,81.029457
2013-01-03,79.931557
2013-01-04,80.243301
2013-01-07,80.277199
2013-01-08,80.805855
2013-01-09,80.731293
2013-01-10,80.507591
2013-01-11,81.226051
2013-01-14,81.002380
2013-01-15,81.375099
2013-01-16,81.544540
2013-01-17,80.731293
2013-01-18,81.354782
2013-01-22,81.510643
2013-01-23,81.388687
2013-01-24,81.104027
2013-01-25,79.992592
2013-01-28,79.701111
2013-01-29,79.260605
2013-01-30,79.125046
2013-01-31,79.511337
2013-02-01,78.478889
2013-02-04,79.484146
2013-02-05,78.777779
2013-02-06,79.423065
2013-02-07,79.246468
2013-02-08,79.552086
2013-02-11,79.491028
2013-02-12,79.293983
2013-02-13,78.648727
2013-02-14,79.361870
2013-02-15,79.131012
2013-02-19,78.737030
2013-02-20,78.974747
2013-02-21,79.436623
2013-02-22,79.491028
2013-02-25,81.053177
2013-02-26,80.584579
2013-02-27,80.346786
2013-02-28,80.496269
2013-03-01,80.934631
2013-03-04,80.505737
2013-03-05,80.274345
2013-03-06,79.545959
2013-03-07,78.933334
2013-03-08,78.109749
2013-03-11,78.184578
2013-03-12,78.749573
2013-03-13,78.667900
2013-03-14,78.429657
2013-03-15,78.797203
2013-03-18,79.396248
2013-03-19,79.934006
2013-03-20,79.042267
2013-03-21,79.804634
2013-03-22,79.865921
2013-03-25,79.791046
2013-03-26,79.886353
2013-03-27,80.567039
2013-03-28,80.158615
2013-04-01,80.762337
2013-04-02,80.434937
2013-04-03,81.157974
2013-04-04,82.126678
2013-04-05,83.784370
2013-04-08,83.143135
2013-04-09,82.938469
2013-04-10,81.799263
2013-04-11,81.956146
2013-04-12,83.177238
2013-04-15,83.900291
2013-04-16,83.211372
2013-04-17,83.763893
2013-04-18,83.968575
2013-04-19,83.791183
2013-04-22,83.852585
2013-04-23,83.559242
2013-04-24,83.770737
2013-04-25,83.409149
2013-04-26,84.173225
2013-04-29,83.866264
2013-04-30,83.913994
2013-05-01,84.776054
2013-05-02,84.666626
2013-05-03,82.670479
2013-05-06,82.465355
2013-05-07,82.144112
2013-05-08,82.274025
2013-05-09,82.062057
2013-05-10,81.180183
2013-05-13,80.558090
2013-05-14,79.683037
2013-05-15,80.216293
2013-05-16,81.050308
2013-05-17,80.024857
2013-05-20,79.929108
2013-05-21,80.558090
2013-05-22,79.361732
2013-05-23,79.737740
2013-05-24,79.847092
2013-05-28,77.823586
2013-05-29,78.698616
2013-05-30,78.507202
2013-05-31,78.240585
2013-06-03,78.655197
2013-06-04,77.928795
2013-06-05,79.004662
2013-06-06,78.956741
2013-06-07,77.545013
2013-06-10,77.175034
2013-06-11,78.093277
2013-06-12,76.976295
2013-06-13,78.182343
2013-06-14,77.997284
2013-06-17,77.586128
2013-06-18,77.627289
2013-06-19,76.825508
2013-06-20,75.564636
2013-06-21,74.283150
2013-06-24,74.591537
2013-06-25,73.926834
2013-06-26,74.406494
2013-06-27,75.167137
2013-06-28,75.681114
2013-07-01,75.833572
2013-07-02,75.785484
2013-07-03,75.558853
2013-07-05,72.983246
2013-07-08,73.690605
2013-07-09,73.766220
2013-07-10,73.189323
2013-07-11,74.047821
2013-07-12,73.986023
2013-07-15,74.377525
2013-07-16,74.631653
2013-07-17,74.769005
2013-07-18,73.834885
2013-07-19,75.002518
2013-07-22,75.112411
2013-07-23,74.796471
2013-07-24,73.848656
2013-07-25,73.821167
2013-07-26,74.274506
2013-07-29,73.731880
2013-07-30,73.704399
2013-07-31,73.972237
2013-08-01,72.546944
2013-08-02,73.345650
2013-08-05,72.781044
2013-08-06,72.994537
2013-08-07,73.538513
2013-08-08,73.738152
2013-08-09,73.855217
2013-08-12,73.352600
2013-08-13,72.292191
2013-08-14,72.402321
2013-08-15,71.424606
2013-08-16,71.176727
2013-08-19,70.557007
2013-08-20,71.100960
2013-08-21,70.322868
2013-08-22,71.038948
2013-08-23,71.810188
2013-08-26,72.168205
2013-08-27,73.077133
2013-08-28,72.484955
2013-08-29,73.063347
2013-08-30,72.980766
2013-09-03,71.951363
2013-09-04,71.792572
2013-09-05,70.791550
2013-09-06,71.143646
2013-09-09,71.178169
2013-09-10,70.681076
2013-09-11,71.309311
2013-09-12,71.212685
2013-09-13,71.488800
2013-09-16,71.012535
2013-09-17,71.599297
2013-09-18,72.482986
2013-09-19,72.054962
2013-09-20,72.434669
2013-09-23,72.966248
2013-09-24,73.753273
2013-09-25,73.905190
2013-09-26,73.387352
2013-09-27,73.566879
2013-09-30,73.456429
2013-10-01,73.233513
2013-10-02,73.344284
2013-10-03,73.226585
2013-10-04,73.171234
2013-10-07,73.468842
2013-10-08,73.489624
2013-10-09,72.901276
2013-10-10,73.018974
2013-10-11,72.998199
2013-10-14,72.409859
2013-10-15,72.361359
2013-10-16,73.268120
2013-10-17,73.932594
2013-10-18,74.091866
2013-10-21,73.856514
2013-10-22,74.680191
2013-10-23,74.970932
2013-10-24,74.680191
2013-10-25,74.957069
2013-10-28,74.700943
2013-10-29,74.797897
2013-10-30,74.347954
2013-10-31,74.507149
2013-11-01,73.700668
2013-11-04,73.770058
2013-11-05,72.888695
2013-11-06,72.923370
2013-11-07,73.541046
2013-11-08,71.771172
2013-11-11,71.500534
2013-11-12,71.833679
2013-11-13,72.097450
2013-11-14,72.541588
2013-11-15,72.687386
2013-11-18,73.124619
2013-11-19,72.569366
2013-11-20,71.333939
2013-11-21,71.451958
2013-11-22,72.118233
2013-11-25,72.326431
2013-11-26,72.597115
2013-11-27,72.472198
2013-11-29,72.493019
2013-12-02,71.929169
2013-12-03,72.193687
2013-12-04,71.504555
2013-12-05,71.302681
2013-12-06,71.643791
2013-12-09,71.810890
2013-12-10,72.325935
2013-12-11,71.769051
2013-12-12,71.497581
2013-12-13,71.845650
2013-12-16,71.581108
2013-12-17,71.901314
2013-12-18,71.539398
2013-12-19,71.469757
2013-12-20,72.569633
2013-12-23,72.158905
2013-12-24,71.581108
2013-12-26,71.305244
2013-12-27,71.102699
2013-12-30,71.591583
2013-12-31,71.137688
2014-01-02,71.354156
2014-01-03,71.354156
2014-01-06,71.654449
2014-01-07,71.836067
2014-01-08,71.640511
2014-01-09,72.059464
2014-01-10,72.918541
2014-01-13,73.281677
2014-01-14,72.946465
2014-01-15,72.869644
2014-01-16,73.358528
2014-01-17,73.665802
2014-01-21,73.721672
2014-01-22,73.540070
2014-01-23,74.580727
2014-01-24,75.062576
2014-01-27,74.538818
2014-01-28,74.720337
2014-01-29,75.334961
2014-01-30,75.118469
2014-01-31,75.621262
2014-02-03,76.542740
2014-02-04,75.730499
2014-02-05,75.030334
2014-02-06,74.708282
2014-02-07,74.771317
2014-02-10,74.981331
2014-02-11,74.547287
2014-02-12,74.162155
2014-02-13,74.582199
2014-02-14,74.624207
2014-02-18,74.792343
2014-02-19,74.477196
2014-02-20,74.295197
2014-02-21,74.687271
2014-02-24,74.498215
2014-02-25,75.163383
2014-02-26,75.562477
2014-02-27,75.975578
2014-02-28,76.017624
2014-03-03,76.525070
2014-03-04,75.373993
2014-03-05,75.535408
2014-03-06,74.791435
2014-03-07,74.321167
2014-03-10,74.426460
2014-03-11,74.622971
2014-03-12,75.142334
2014-03-13,76.153084
2014-03-14,76.167076
2014-03-17,75.598602
2014-03-18,75.872261
2014-03-19,75.282738
2014-03-20,75.149376
2014-03-21,75.963524
2014-03-24,76.503990
2014-03-25,76.216164
2014-03-26,76.812828
2014-03-27,77.198784
2014-03-28,76.763710
2014-03-31,76.574165
2014-04-01,75.919754
2014-04-02,75.483437
2014-04-03,75.814194
2014-04-04,76.320847
2014-04-07,76.778259
2014-04-08,76.961250
2014-04-09,76.581177
2014-04-10,77.291931
2014-04-11,77.918182
2014-04-14,77.714111
2014-04-15,78.199677
2014-04-16,78.298141
2014-04-17,77.439659
2014-04-21,77.376366
2014-04-22,77.636742
2014-04-23,78.080025
2014-04-24,78.227821
2014-04-25,78.340401
2014-04-28,77.960411
2014-04-29,77.854897
2014-04-30,78.178543
2014-05-01,79.017235
2014-05-02,79.503990
2014-05-05,79.024338
2014-05-06,79.341705
2014-05-07,79.059578
2014-05-08,78.720993
2014-05-09,78.467049
2014-05-12,78.149673
2014-05-13,78.826813
2014-05-14,79.680267
2014-05-15,80.315201
2014-05-16,80.089470
2014-05-19,79.496895
2014-05-20,79.673241
2014-05-21,79.186600
2014-05-22,79.073669
2014-05-23,79.496895
2014-05-27,79.962456
2014-05-28,80.950012
2014-05-29,80.519753
2014-05-30,80.484444
2014-06-02,79.886147
2014-06-03,78.903145
2014-06-04,78.881973
2014-06-05,78.917267
2014-06-06,78.917267
2014-06-09,78.804138
2014-06-10,78.514229
2014-06-11,78.655586
2014-06-12,79.355774
2014-06-13,79.313301
2014-06-16,79.511383
2014-06-17,78.881973
2014-06-18,79.490120
2014-06-19,78.471756
2014-06-20,79.065781
2014-06-23,78.818306
2014-06-24,79.617439
2014-06-25,79.822502
2014-06-26,80.204445
2014-06-27,80.084183
2014-06-30,80.282204
2014-07-01,79.610069
2014-07-02,78.759224
2014-07-03,78.475594
2014-07-07,79.049942
2014-07-08,79.936180
2014-07-09,80.000000
2014-07-10,80.021248
2014-07-11,80.531776
2014-07-14,80.184341
2014-07-15,80.021248
2014-07-16,80.446693
2014-07-17,81.460587
2014-07-18,81.198280
2014-07-21,81.602455
2014-07-22,81.772644
2014-07-23,81.666252
2014-07-24,81.056442
2014-07-25,82.013664
2014-07-28,81.900200
2014-07-29,82.198029
2014-07-30,81.056442
2014-07-31,80.815407
2014-08-01,81.440971
2014-08-04,81.227692
2014-08-05,81.490746
2014-08-06,81.540504
2014-08-07,82.301178
2014-08-08,82.123444
2014-08-11,82.116325
2014-08-12,81.583183
2014-08-13,82.116325
2014-08-14,82.777458
2014-08-15,83.680321
2014-08-18,82.848549
2014-08-19,82.592659
2014-08-20,82.457565
2014-08-21,82.919647
2014-08-22,83.381775
2014-08-25,83.694565
2014-08-26,83.424408
2014-08-27,84.135315
2014-08-28,84.576065
2014-08-29,84.632950
2014-09-02,83.172997
2014-09-03,83.636093
2014-09-04,82.617226
2014-09-05,82.460480
2014-09-08,82.496101
2014-09-09,82.431923
2014-09-10,81.911797
2014-09-11,81.641068
2014-09-12,80.785995
2014-09-15,80.907120
2014-09-16,80.579391
2014-09-17,80.372795
2014-09-18,80.629333
2014-09-19,81.655273
2014-09-22,81.755051
2014-09-23,82.260963
2014-09-24,81.804916
2014-09-25,82.773987
2014-09-26,82.652847
2014-09-29,83.315468
2014-09-30,82.845177
2014-10-01,84.451668
2014-10-02,83.715942
2014-10-03,84.073120
2014-10-06,84.123123
2014-10-07,85.258865
2014-10-08,85.280273
2014-10-09,84.908852
2014-10-10,85.751709
2014-10-13,86.273140
2014-10-14,86.837425
2014-10-15,87.523186
2014-10-16,86.966042
2014-10-17,86.480309
2014-10-20,86.794601
2014-10-21,86.101707
2014-10-22,86.194550
2014-10-23,85.430290
2014-10-24,85.515999
2014-10-27,85.673119
2014-10-28,85.137398
2014-10-29,85.330269
2014-10-30,85.401733
2014-10-31,85.180305
2014-11-03,85.180290
2014-11-04,85.445175
2014-11-05,85.323463
2014-11-06,84.772110
2014-11-07,85.745949
2014-11-10,84.958305
2014-11-11,85.015572
2014-11-12,84.944000
2014-11-13,85.144463
2014-11-14,85.559731
2014-11-17,85.344948
2014-11-18,85.581291
2014-11-19,85.037079
2014-11-20,85.480995
2014-11-21,85.996574
2014-11-24,86.068146
2014-11-25,86.784187
2014-11-26,87.020477
2014-11-28,87.707893
2014-12-01,87.196167
2014-12-02,86.349304
2014-12-03,86.686661
2014-12-04,87.411507
2014-12-05,86.901939
2014-12-08,87.964104
2014-12-09,88.416206
2014-12-10,89.062088
2014-12-11,89.428131
2014-12-12,90.640961
2014-12-15,90.454361
2014-12-16,91.573975
2014-12-17,90.748642
2014-12-18,89.133888
2014-12-19,90.332397
2014-12-22,90.454361
2014-12-23,88.660278
2014-12-24,89.142807
2014-12-26,89.473656
2014-12-29,90.142471
2014-12-30,90.386955
2014-12-31,90.559616
2015-01-02,91.566475
2015-01-05,93.004799
2015-01-06,94.680519
2015-01-07,94.493507
2015-01-08,93.242126
2015-01-09,94.263405
2015-01-12,94.802818
2015-01-13,94.802818
2015-01-14,95.521919
2015-01-15,97.025002
2015-01-16,95.788055
2015-01-20,97.061035
2015-01-21,95.939163
2015-01-22,95.593903
2015-01-23,96.924393
2015-01-26,96.629517
2015-01-27,96.780548
2015-01-28,98.362770
2015-01-29,97.715492
2015-01-30,99.448669
2015-02-02,99.073227
2015-02-03,96.976196
2015-02-04,97.141953
2015-02-05,96.075401
2015-02-06,94.374710
2015-02-09,94.223335
2015-02-10,93.473915
2015-02-11,93.646828
2015-02-12,93.336945
2015-02-13,92.378494
2015-02-17,90.987701
2015-02-18,91.528168
2015-02-19,90.922859
2015-02-20,91.189507
2015-02-23,92.234413
2015-02-24,93.445076
2015-02-25,93.848633
2015-02-26,92.565872
2015-02-27,93.344177
2015-03-02,91.605499
2015-03-03,91.273346
2015-03-04,91.302238
2015-03-05,91.186714
2015-03-06,89.172241
2015-03-09,89.995331
2015-03-10,91.179520
2015-03-11,91.843796
2015-03-12,91.778801
2015-03-13,91.497192
2015-03-16,92.378075
2015-03-17,93.143463
2015-03-18,94.941376
2015-03-19,94.457565
2015-03-20,94.955750
2015-03-23,94.840271
2015-03-24,95.757256
2015-03-25,94.948608
2015-03-26,93.468353
2015-03-27,94.630898
2015-03-30,94.161552
2015-03-31,94.363693
2015-04-01,95.603157
2015-04-02,94.590164
2015-04-06,94.061989
2015-04-07,94.850647
2015-04-08,94.879585
2015-04-09,93.649597
2015-04-10,93.787056
2015-04-13,93.917320
2015-04-14,94.582939
2015-04-15,94.503349
2015-04-16,94.033051
2015-04-17,95.111107
2015-04-20,94.271820
2015-04-21,93.844948
2015-04-22,92.412262
2015-04-23,92.810219
2015-04-24,93.389114
2015-04-27,93.389114
2015-04-28,92.101173
2015-04-29,90.972382
2015-04-30,91.131569
2015-05-01,89.904831
2015-05-04,89.056541
2015-05-05,88.933273
2015-05-06,87.410744
2015-05-07,88.585281
2015-05-08,88.824486
2015-05-11,86.663902
2015-05-12,86.888649
2015-05-13,86.192612
2015-05-14,86.424644
2015-05-15,88.157440
2015-05-18,86.678429
2015-05-19,85.909851
2015-05-20,86.054840
2015-05-21,87.258423
2015-05-22,87.294670
2015-05-26,88.788231
2015-05-27,88.991257
2015-05-28,88.773750
2015-05-29,88.969536
2015-06-01,88.013321
2015-06-02,86.785355
2015-06-03,85.390266
2015-06-04,86.501961
2015-06-05,85.448380
2015-06-08,85.353973
2015-06-09,84.678200
2015-06-10,83.937073
2015-06-11,85.702713
2015-06-12,85.702713
2015-06-15,85.840797
2015-06-16,86.516533
2015-06-17,85.848053
2015-06-18,85.426613
2015-06-19,86.523766
2015-06-22,84.758148
2015-06-23,84.249504
2015-06-24,84.976120
2015-06-25,84.678200
2015-06-26,83.726379
2015-06-29,85.942505
2015-06-30,85.346664
2015-07-01,84.194672
2015-07-02,84.471405
2015-07-06,86.037048
2015-07-07,86.845291
2015-07-08,87.595390
2015-07-09,85.869522
2015-07-10,84.507790
2015-07-13,84.245651
2015-07-14,84.522385
2015-07-15,85.418091
2015-07-16,86.007896
2015-07-17,86.452126
2015-07-20,86.087982
2015-07-21,86.554016
2015-07-22,87.092918
2015-07-23,88.177940
2015-07-24,88.396370
2015-07-27,88.869743
2015-07-28,88.221619
2015-07-29,87.893929
2015-07-30,88.571152
2015-07-31,89.226532
2015-08-03,90.165787
2015-08-04,89.450584
2015-08-05,88.779190
2015-08-06,89.567375
2015-08-07,90.742302
2015-08-10,89.618484
2015-08-11,91.041519
2015-08-12,90.545280
2015-08-13,90.253334
2015-08-14,90.465004
2015-08-17,90.873695
2015-08-18,90.158493
2015-08-19,91.048820
2015-08-20,91.968384
2015-08-21,92.245728
2015-08-24,92.216553
2015-08-25,90.735039
2015-08-26,88.983513
2015-08-27,89.034622
2015-08-28,89.297356
2015-08-31,88.611389
2015-09-01,89.249825
2015-09-02,88.481895
2015-09-03,88.913391
2015-09-04,89.725220
2015-09-08,88.401443
2015-09-09,88.825592
2015-09-10,88.225868
2015-09-11,88.781715
2015-09-14,88.920677
2015-09-15,87.216576
2015-09-16,86.887505
2015-09-17,87.947968
2015-09-18,89.301033
2015-09-21,87.845573
2015-09-22,89.066963
2015-09-23,89.059654
2015-09-24,89.666695
2015-09-25,88.891449
2015-09-28,90.412712
2015-09-29,90.668694
2015-09-30,90.354233
2015-10-01,90.739700
2015-10-02,91.289375
2015-10-05,90.050819
2015-10-06,90.439262
2015-10-07,90.138718
2015-10-08,89.383850
2015-10-09,89.618401
2015-10-12,90.299988
2015-10-13,90.453888
2015-10-14,91.245422
2015-10-15,90.798271
2015-10-16,90.827660
2015-10-19,90.578430
2015-10-20,90.021454
2015-10-21,90.915611
2015-10-22,91.069519
2015-10-23,90.292656
2015-10-26,90.893639
2015-10-27,91.120789
2015-10-28,90.754326
2015-10-29,89.310562
2015-10-30,89.984825
2015-11-02,89.571297
2015-11-03,88.836823
2015-11-04,88.939629
2015-11-05,88.704597
2015-11-06,87.404533
2015-11-09,86.912437
2015-11-10,87.169525
2015-11-11,86.985893
2015-11-12,87.404533
2015-11-13,87.904015
2015-11-16,87.823212
2015-11-17,87.970093
2015-11-18,88.153725
2015-11-19,88.741325
2015-11-20,88.469543
2015-11-23,88.741325
2015-11-24,88.733978
2015-11-25,88.939629
2015-11-27,88.851517
2015-11-30,89.204018
2015-12-01,90.408974
2015-12-02,90.438446
2015-12-03,87.979980
2015-12-04,88.752899
2015-12-07,89.613998
2015-12-08,89.658211
2015-12-09,89.562538
2015-12-10,89.680275
2015-12-11,91.093498
2015-12-14,89.915810
2015-12-15,89.385849
2015-12-16,89.194481
2015-12-17,90.202911
2015-12-18,90.703407
2015-12-21,90.681320
2015-12-22,90.026237
2015-12-23,89.349037
2015-12-24,89.860954
2015-12-28,90.126495
2015-12-29,88.629211
2015-12-30,88.540642
2015-12-31,88.938942
2016-01-04,89.580627
2016-01-05,89.219215
2016-01-06,90.421532
2016-01-07,90.583801
2016-01-08,90.989456
2016-01-11,89.993729
2016-01-12,91.291878
2016-01-13,92.191704
2016-01-14,91.328781
2016-01-15,92.752281
2016-01-19,92.464653
2016-01-20,93.438248
2016-01-21,92.803917
2016-01-22,92.449875
2016-01-25,92.951469
2016-01-26,92.995728
2016-01-27,92.973572
2016-01-28,93.106323
2016-01-29,93.895569
2016-02-01,93.608109
2016-02-02,95.344757
2016-02-03,94.554008
2016-02-04,95.012192
2016-02-05,95.122993
2016-02-08,97.170074
2016-02-09,97.273544
2016-02-10,98.130730
2016-02-11,98.818016
2016-02-12,97.177444
2016-02-16,96.150276
2016-02-17,95.559052
2016-02-18,96.734001
2016-02-19,96.815338
2016-02-22,96.763603
2016-02-23,97.155258
2016-02-24,96.963142
2016-02-25,97.310417
2016-02-26,96.371902
2016-02-29,96.793121
2016-03-01,95.088791
2016-03-02,95.481186
2016-03-03,95.829185
2016-03-04,95.214653
2016-03-07,95.185036
2016-03-08,96.236382
2016-03-09,95.651512
2016-03-10,95.259041
2016-03-11,94.296562
2016-03-14,94.592690
2016-03-15,94.681580
2016-03-16,94.962883
2016-03-17,95.355331
2016-03-18,95.555229
2016-03-21,94.822243
2016-03-22,94.800011
2016-03-23,95.873566
2016-03-24,95.910645
2016-03-28,96.036514
2016-03-29,97.043457
2016-03-30,96.021675
2016-03-31,96.702843
2016-04-01,96.955124
2016-04-04,97.014420
2016-04-05,98.075394
2016-04-06,97.363144
2016-04-07,98.565063
2016-04-08,97.941849
2016-04-11,97.815742
2016-04-12,97.140594
2016-04-13,97.481911
2016-04-14,97.014420
2016-04-15,97.845413
2016-04-18,97.422501
2016-04-19,97.118294
2016-04-20,96.049942
2016-04-21,95.478653
2016-04-22,95.233849
2016-04-25,94.840652
2016-04-26,94.410278
2016-04-27,95.352531
2016-04-28,95.745781
2016-04-29,95.990593
2016-05-02,95.024132
2016-05-03,96.221024
2016-05-04,96.748840
2016-05-05,97.395622
2016-05-06,96.979347
2016-05-09,97.284126
2016-05-10,97.291565
2016-05-11,97.841652
2016-05-12,97.395622
2016-05-13,98.339821
2016-05-16,97.492294
2016-05-17,97.655807
2016-05-18,96.265625
2016-05-19,96.681976
2016-05-20,96.756271
2016-05-23,96.971901
2016-05-24,96.540718
2016-05-25,96.176392
2016-05-26,96.674545
2016-05-27,96.533264
2016-05-31,96.763718
2016-06-01,97.156326
2016-06-02,97.856567
2016-06-03,99.249657
2016-06-06,98.512154
2016-06-07,98.750519
2016-06-08,99.279427
2016-06-09,99.920082
2016-06-10,100.404297
2016-06-13,100.851265
2016-06-14,100.776756
2016-06-15,101.164192
2016-06-16,101.655861
2016-06-17,101.022598
2016-06-20,99.942474
2016-06-21,99.480568
2016-06-22,99.644447
2016-06-23,98.504700
2016-06-24,101.149261
2016-06-27,103.674599
2016-06-28,103.890640
2016-06-29,103.093559
2016-06-30,103.473473
2016-07-01,104.910202
2016-07-05,106.223663
2016-07-06,106.395302
2016-07-07,106.387894
2016-07-08,107.171501
2016-07-11,106.231117
2016-07-12,104.484802
2016-07-13,105.716187
2016-07-14,104.178741
2016-07-15,103.283203
2016-07-18,103.186127
2016-07-19,103.768349
2016-07-20,103.201149
2016-07-21,103.410095
2016-07-22,103.589211
2016-07-25,103.514534
2016-07-26,103.678734
2016-07-27,104.969864
2016-07-28,104.775833
2016-07-29,105.649055
2016-08-01,104.503601
2016-08-02,103.426910
2016-08-03,103.486725
2016-08-04,104.264275
2016-08-05,103.180206
2016-08-08,103.374565
2016-08-09,104.391403
2016-08-10,104.795135
2016-08-11,103.860580
2016-08-12,104.735321
2016-08-15,103.748436
2016-08-16,103.471794
2016-08-17,104.092415
2016-08-18,104.256889
2016-08-19,103.711014
2016-08-22,104.585808
2016-08-23,104.697975
2016-08-24,104.451195
2016-08-25,104.054932
2016-08-26,103.449356
2016-08-29,104.832520
2016-08-30,104.428734
2016-08-31,104.578354
2016-09-01,104.693718
2016-09-02,103.839775
2016-09-06,104.596321
2016-09-07,104.521408
2016-09-08,103.210602
2016-09-09,101.510330
2016-09-12,101.562729
2016-09-13,100.409187
2016-09-14,100.558975
2016-09-15,100.124557
2016-09-16,100.933510
2016-09-19,100.603935
2016-09-20,100.955940
2016-09-21,101.772392
2016-09-22,102.581360
2016-09-23,102.484009
2016-09-26,103.135696
2016-09-27,103.892212
2016-09-28,103.667511
2016-09-29,103.929703
2016-09-30,103.000839
2016-10-03,102.660973
2016-10-04,101.460365
2016-10-05,100.987602
2016-10-06,100.424751
2016-10-07,100.492294
2016-10-10,99.899498
2016-10-11,99.674347
2016-10-12,99.771942
2016-10-13,100.147133
2016-10-14,98.743889
2016-10-17,99.374214
2016-10-18,99.696907
2016-10-19,99.779442
2016-10-20,99.884537
2016-10-21,100.034569
2016-10-24,99.599350
2016-10-25,99.862007
2016-10-26,99.186623
2016-10-27,98.106049
2016-10-28,97.888451
2016-10-31,98.488777
2016-11-01,98.496307
2016-11-02,98.924805
2016-11-03,98.165489
2016-11-04,99.045135
2016-11-07,98.203079
2016-11-08,97.804604
2016-11-09,93.654541
2016-11-10,92.271248
2016-11-11,91.752419
2016-11-14,91.203613
2016-11-15,91.654709
2016-11-16,92.481728
2016-11-17,91.120872
2016-11-18,90.857796
2016-11-21,91.083321
2016-11-22,91.053223
2016-11-23,90.699852
2016-11-25,90.835190
2016-11-28,91.504341
2016-11-29,91.887756
2016-11-30,90.399124
2016-12-01,89.444656
2016-12-02,90.100067
2016-12-05,90.002144
2016-12-06,89.934357
2016-12-07,90.702759
2016-12-08,89.633003
2016-12-09,88.518051
2016-12-12,88.683792
2016-12-13,89.000191
2016-12-14,88.005798
2016-12-15,88.450249
2016-12-16,88.246834
2016-12-19,89.196053
2016-12-20,88.751610
2016-12-21,89.143364
2016-12-22,88.983978
2016-12-23,89.165245
2016-12-27,88.878235
2016-12-28,89.527779
2016-12-29,89.845039
2016-12-30,89.980934
2017-01-03,90.366173
2017-01-04,90.713638
2017-01-05,92.133606
2017-01-06,91.287636
2017-01-09,92.020317
2017-01-10,91.959877
2017-01-11,92.269577
2017-01-12,92.065659
2017-01-13,91.627586
2017-01-17,92.586845
2017-01-18,91.400993
2017-01-19,90.774055
2017-01-20,90.592819
2017-01-23,91.499191
2017-01-24,90.872208
2017-01-25,89.731735
2017-01-26,90.033859
2017-01-27,90.358658
2017-01-30,90.086723
2017-01-31,90.713638
2017-02-01,90.152756
2017-02-02,90.114861
2017-02-03,90.077049
2017-02-06,90.622009
2017-02-07,91.288170
2017-02-08,92.529541
2017-02-09,91.462280
2017-02-10,91.409248
2017-02-13,91.121613
2017-02-14,90.463112
2017-02-15,90.046761
2017-02-16,90.538773
2017-02-17,91.076210
2017-02-21,90.917229
2017-02-22,91.068687
2017-02-23,91.341141
2017-02-24,92.355484
2017-02-27,91.810493
2017-02-28,92.151077
2017-03-01,90.606972
2017-03-02,90.280876
2017-03-03,90.515968
2017-03-06,90.083687
2017-03-07,89.810669
2017-03-08,89.325264
2017-03-09,88.612320
2017-03-10,88.923332
2017-03-13,88.362053
2017-03-14,88.786797
2017-03-15,89.871292
2017-03-16,89.416267
2017-03-17,89.977509
2017-03-20,90.364273
2017-03-21,91.115082
2017-03-22,91.479111
2017-03-23,91.350204
2017-03-24,91.676323
2017-03-27,92.093491
2017-03-28,91.479111
2017-03-29,92.025162
2017-03-30,91.281967
2017-03-31,91.547401
2017-04-03,92.470779
2017-04-04,91.969200
2017-04-05,92.250397
2017-04-06,92.113632
2017-04-07,91.741211
2017-04-10,92.166801
2017-04-11,93.040833
2017-04-12,93.550034
2017-04-13,93.838829
2017-04-17,93.550034
2017-04-18,94.773643
2017-04-19,94.256844
2017-04-20,93.891991
2017-04-21,93.891991
2017-04-24,93.428421
2017-04-25,92.303596
2017-04-26,92.812805
2017-04-27,92.782379
2017-04-28,92.987579
2017-05-01,92.214546
2017-05-02,92.686760
2017-05-03,92.747726
2017-05-04,92.290771
2017-05-05,92.374504
2017-05-08,91.871857
2017-05-09,91.864258
2017-05-10,91.757629
2017-05-11,91.757629
2017-05-12,92.450668
2017-05-15,92.199364
2017-05-16,92.542053
2017-05-17,93.890137
2017-05-18,93.996727
2017-05-19,94.217590
2017-05-22,93.958664
2017-05-23,93.326523
2017-05-24,93.852074
2017-05-25,93.882515
2017-05-26,94.042450
2017-05-30,94.507004
2017-05-31,94.743088
2017-06-01,94.753029
2017-06-02,95.874962
2017-06-05,95.279625
2017-06-06,95.798645
2017-06-07,95.340706
2017-06-08,95.088837
2017-06-09,94.943817
2017-06-12,94.913284
2017-06-13,94.928589
2017-06-14,96.393967
2017-06-15,96.241333
2017-06-16,96.432060
2017-06-19,96.294724
2017-06-20,97.157112
2017-06-21,97.355553
2017-06-22,97.569298
2017-06-23,97.523514
2017-06-26,97.889832
2017-06-27,96.844269
2017-06-28,96.523720
2017-06-29,95.714691
2017-06-30,95.493378
2017-07-03,95.185883
2017-07-05,95.208855
2017-07-06,94.421082
2017-07-07,93.855156
2017-07-10,93.992790
2017-07-11,94.153442
2017-07-12,94.803520
2017-07-13,94.206955
2017-07-14,94.321709
2017-07-17,94.581734
2017-07-18,95.407715
2017-07-19,95.445923
2017-07-20,95.721245
2017-07-21,96.126640
2017-07-24,95.751839
2017-07-25,94.505257
2017-07-26,94.658195
2017-07-27,94.191650
2017-07-28,94.749939
2017-07-31,94.864670
2017-08-01,95.530754
2017-08-02,95.584389
2017-08-03,96.573120
2017-08-04,95.753021
2017-08-07,95.860298
2017-08-08,95.515404
2017-08-09,96.036568
2017-08-10,96.856720
2017-08-11,96.902679
2017-08-14,96.404503
2017-08-15,95.998268
2017-08-16,96.350815
2017-08-17,97.071281
2017-08-18,97.048325
2017-08-21,97.285912
2017-08-22,96.910370
2017-08-23,97.569489
2017-08-24,97.209290
2017-08-25,97.584816
2017-08-28,97.523552
2017-08-29,97.837776
2017-08-30,97.807060
2017-08-31,98.098373
2017-09-01,97.347954
2017-09-05,98.891739
2017-09-06,98.284996
2017-09-07,99.291122
2017-09-08,99.076050
2017-09-11,97.893272
2017-09-12,97.378723
2017-09-13,96.994736
2017-09-14,97.394096
2017-09-15,97.432465
2017-09-18,96.871803
2017-09-19,96.633751
2017-09-20,96.702812
2017-09-21,96.649086
2017-09-22,96.925552
2017-09-25,97.532341
2017-09-26,97.355652
2017-09-27,95.888725
2017-09-28,95.604538
2017-09-29,95.819603
2017-10-02,95.644127
2017-10-03,95.736519
2017-10-04,95.744225
2017-10-05,95.382530
2017-10-06,95.113113
2017-10-09,95.413269
2017-10-10,95.567177
2017-10-11,95.751915
2017-10-12,96.159798
2017-10-13,96.852341
2017-10-16,96.783142
2017-10-17,96.906281
2017-10-18,96.267448
2017-10-19,96.436790
2017-10-20,95.413269
2017-10-23,95.582550
2017-10-24,94.989975
2017-10-25,94.535919
2017-10-26,94.220398
2017-10-27,94.843758
2017-10-30,95.751915
2017-10-31,95.782661
2017-11-01,96.209114
2017-11-02,96.633270
2017-11-03,96.895538
2017-11-06,97.257996
2017-11-07,97.666779
2017-11-08,97.450798
2017-11-09,97.173164
2017-11-10,95.707848
2017-11-13,95.908394
2017-11-14,96.556175
2017-11-15,97.605087
2017-11-16,96.756714
2017-11-17,97.473923
2017-11-20,97.435364
2017-11-21,97.743904
2017-11-22,98.060043
2017-11-24,97.790123
2017-11-27,97.651299
2017-11-28,97.782417
2017-11-29,96.818398
2017-11-30,96.494499
2017-12-01,97.796638
2017-12-04,97.843040
2017-12-05,98.329903
2017-12-06,98.669907
2017-12-07,97.897186
2017-12-08,97.904854
2017-12-11,97.703957
2017-12-12,97.665291
2017-12-13,98.399391
2017-12-14,98.816750
2017-12-15,99.187675
2017-12-18,98.283501
2017-12-19,97.008408
2017-12-20,95.934196
2017-12-21,96.493355
2017-12-22,96.625038
2017-12-26,96.911537
2017-12-27,98.173882
2017-12-28,98.088669
2017-12-29,98.243530
2018-01-02,97.182579
2018-01-03,97.647263
2018-01-04,97.631760
2018-01-05,97.352966
2018-01-08,97.291023
2018-01-09,95.989998
2018-01-10,95.873795
2018-01-11,96.268791
2018-01-12,96.431374
2018-01-16,96.834114
2018-01-17,96.702492
2018-01-18,95.804115
2018-01-19,95.300743
2018-01-22,95.393669
2018-01-23,95.804115
2018-01-24,95.285271
2018-01-25,96.067429
2018-01-26,95.711174
2018-01-29,95.045189
2018-01-30,94.487617
2018-01-31,95.045189
2018-02-01,93.667725
2018-02-02,92.798576
2018-02-05,93.675476
2018-02-06,93.093452
2018-02-07,92.208801
2018-02-08,92.107925
2018-02-09,91.525894
2018-02-12,91.929390
2018-02-13,92.340691
2018-02-14,91.316330
2018-02-15,91.626694
2018-02-16,92.123428
2018-02-20,91.719887
2018-02-21,90.594612
2018-02-22,90.866203
2018-02-23,91.673302
2018-02-26,91.704323
2018-02-27,91.572441
2018-02-28,92.154419
2018-03-01,92.783524
2018-03-02,92.029266
2018-03-05,91.780396
2018-03-06,91.865952
2018-03-07,91.764893
2018-03-08,92.293648
2018-03-09,91.687111
2018-03-12,92.215820
2018-03-13,92.682434
2018-03-14,93.498894
2018-03-15,93.498894
2018-03-16,93.164558
2018-03-19,92.869064
2018-03-20,92.495850
2018-03-21,92.596901
2018-03-22,93.514503
2018-03-23,93.444527
2018-03-26,93.086777
2018-03-27,94.082153
2018-03-28,94.330933
2018-03-29,94.789787
2018-04-02,94.976784
2018-04-03,94.244255
2018-04-04,94.049454
2018-04-05,93.348083
2018-04-06,94.368935
2018-04-09,94.524811
2018-04-10,94.353355
2018-04-11,94.688438
2018-04-12,93.994904
2018-04-13,94.213051
2018-04-16,94.244255
2018-04-17,94.501366
2018-04-18,93.745560
2018-04-19,92.981850
2018-04-20,92.311684
2018-04-23,92.335060
2018-04-24,91.914230
2018-04-25,91.298645
2018-04-26,91.937645
2018-04-27,92.646767
2018-04-30,92.810394
2018-05-01,92.476181
2018-05-02,92.374611
2018-05-03,92.788574
2018-05-04,92.929085
2018-05-07,92.780701
2018-05-08,92.694855
2018-05-09,92.140343
2018-05-10,92.882263
2018-05-11,93.116577
2018-05-14,92.624573
2018-05-15,91.570244
2018-05-16,91.218788
2018-05-17,90.757988
2018-05-18,91.538956
2018-05-21,91.585815
2018-05-22,91.445251
2018-05-23,92.109055
2018-05-24,92.843208
2018-05-25,93.421135
2018-05-29,95.467293
2018-05-30,94.826912
2018-05-31,94.670685
2018-06-01,94.170502
2018-06-04,93.489418
2018-06-05,93.708679
2018-06-06,92.949333
2018-06-07,93.849533
2018-06-08,93.567726
2018-06-11,93.395523
2018-06-12,93.419022
2018-06-13,93.372032
2018-06-14,94.147041
2018-06-15,94.233139
2018-06-18,94.147041
2018-06-19,94.694954
2018-06-20,93.865204
2018-06-21,94.358376
2018-06-22,94.350555
2018-06-25,94.561920
2018-06-26,94.694954
2018-06-27,95.587372
2018-06-28,95.610832
2018-06-29,95.282097
2018-07-02,95.207527
2018-07-03,95.717499
2018-07-05,95.992096
2018-07-06,96.305908
2018-07-09,95.686142
2018-07-10,95.678268
2018-07-11,96.047020
2018-07-12,96.039230
2018-07-13,96.282402
2018-07-16,95.882278
2018-07-17,95.701836
2018-07-18,95.317375
2018-07-19,95.921478
2018-07-20,94.744629
2018-07-23,93.575653
2018-07-24,93.897346
2018-07-25,93.748253
2018-07-26,93.567780
2018-07-27,93.724693
2018-07-30,93.403038
2018-07-31,93.913040
2018-08-01,93.147919
2018-08-02,93.281586
2018-08-03,93.745476
2018-08-06,93.800560
2018-08-07,93.313026
2018-08-08,93.407425
2018-08-09,94.193726
2018-08-10,94.877800
2018-08-13,94.681290
2018-08-14,94.468918
2018-08-15,95.019325
2018-08-16,95.011528
2018-08-17,95.129425
2018-08-20,95.766396
2018-08-21,95.443977
2018-08-22,95.821411
2018-08-23,95.970810
2018-08-24,96.159554
2018-08-27,95.609131
2018-08-28,95.035103
2018-08-29,95.160889
2018-08-30,95.365349
2018-08-31,95.145149
2018-09-04,94.595116
2018-09-05,94.342857
2018-09-06,94.689621
2018-09-07,93.885818
2018-09-10,94.232536
2018-09-11,93.515404
2018-09-12,93.736053
2018-09-13,93.877922
2018-09-14,93.428688
2018-09-17,93.428688
2018-09-18,92.451454
2018-09-19,91.899788
2018-09-20,92.325356
2018-09-21,92.285957
2018-09-24,92.049522
2018-09-25,91.954933
2018-09-26,92.601196
2018-09-27,92.664246
2018-09-28,92.419914
2018-10-01,91.741455
2018-10-02,92.302246
2018-10-03,90.698845
2018-10-04,90.059074
2018-10-05,89.284996
2018-10-08,88.984863
2018-10-09,89.885292
2018-10-10,89.640434
2018-10-11,90.730446
2018-10-12,90.414505
2018-10-15,90.374977
2018-10-16,90.580353
2018-10-17,90.043259
2018-10-18,90.011658
2018-10-19,89.814240
2018-10-22,89.695686
2018-10-23,89.980087
2018-10-24,90.659370
2018-10-25,90.280205
2018-10-26,90.825218
2018-10-29,90.619843
2018-10-30,90.169662
2018-10-31,89.711517
2018-11-01,89.794678
2018-11-02,88.678291
2018-11-05,89.026642
2018-11-06,88.971230
2018-11-07,89.089966
2018-11-08,89.082069
2018-11-09,89.747169
2018-11-12,90.333076
2018-11-13,90.277679
2018-11-14,90.333076
2018-11-15,90.293472
2018-11-16,90.816032
2018-11-19,91.069405
2018-11-20,91.101074
2018-11-21,91.069405
2018-11-23,91.164391
2018-11-26,90.958511
2018-11-27,91.061508
2018-11-28,90.618103
2018-11-29,90.974442
2018-11-30,91.314873
2018-12-03,91.963249
2018-12-04,93.502838
2018-12-06,93.796463
2018-12-07,93.971085
2018-12-10,94.359940
2018-12-11,94.344070
2018-12-12,93.923409
2018-12-13,93.701210
2018-12-14,94.026619
2018-12-17,94.574181
2018-12-18,95.140572
2018-12-19,96.397446
2018-12-20,96.047485
2018-12-21,96.031563
2018-12-24,96.508827
2018-12-26,95.474686
2018-12-27,95.490570
2018-12-28,96.294090
2018-12-31,96.659973
2019-01-02,97.169106
2019-01-03,98.274803
2019-01-04,97.137283
2019-01-07,96.850906
2019-01-08,96.596344
2019-01-09,96.445206
2019-01-10,95.824684
2019-01-11,96.198608
2019-01-14,95.840652
2019-01-15,95.490570
2019-01-16,95.586082
2019-01-17,95.609917
2019-01-18,95.108795
2019-01-22,95.753120
2019-01-23,95.713356
2019-01-24,96.341782
2019-01-25,95.880409
2019-01-28,95.784950
2019-01-29,96.270233
2019-01-30,96.198608
2019-01-31,97.025917
2019-02-01,96.439880
2019-02-04,96.009361
2019-02-05,96.447906
2019-02-06,96.495697
2019-02-07,97.133530
2019-02-08,97.548141
2019-02-11,97.165436
2019-02-12,96.918297
2019-02-13,96.551514
2019-02-14,97.101662
2019-02-15,97.253151
2019-02-19,97.500336
2019-02-20,97.221268
2019-02-21,96.352196
2019-02-22,96.926270
2019-02-25,96.639214
2019-02-26,97.117577
2019-02-27,96.017365
2019-02-28,95.690437
2019-03-01,94.806007
2019-03-04,95.549034
2019-03-05,95.748772
2019-03-06,96.100319
2019-03-07,96.723549
2019-03-08,97.131027
2019-03-11,96.843361
2019-03-12,97.522507
2019-03-13,97.338722
2019-03-14,96.635658
2019-03-15,97.274788
2019-03-18,97.218872
2019-03-19,97.003151
2019-03-20,98.017868
2019-03-21,98.233582
2019-03-22,99.759613
2019-03-25,99.919403
2019-03-26,99.847496
2019-03-27,100.766312
2019-03-28,101.117851
2019-03-29,101.021965
2019-04-01,99.587067
2019-04-02,99.771263
2019-04-03,98.906487
2019-04-04,99.186699
2019-04-05,99.314827
2019-04-08,98.962494
2019-04-09,99.274788
2019-04-10,99.515015
2019-04-11,98.930481
2019-04-12,98.225815
2019-04-15,98.474091
2019-04-16,97.857475
2019-04-17,97.897552
2019-04-18,98.409988
2019-04-22,97.937584
2019-04-23,98.145760
2019-04-24,98.946457
2019-04-25,98.802353
2019-04-26,99.138687
2019-04-29,98.506096
2019-04-30,99.010567
2019-05-01,99.419014
2019-05-02,98.945580
2019-05-03,99.226387
2019-05-06,99.499229
2019-05-07,100.261505
2019-05-08,99.828217
2019-05-09,100.237442
2019-05-10,100.100998
2019-05-13,100.887383
2019-05-14,100.590515
2019-05-15,101.208366
2019-05-16,100.871353
2019-05-17,101.096024
2019-05-20,100.887383
2019-05-21,100.726898
2019-05-22,101.304634
2019-05-23,102.444099
2019-05-24,102.532387
2019-05-28,103.270561
2019-05-29,103.583549
2019-05-30,104.474190
2019-05-31,105.782097
2019-06-03,106.489731
2019-06-04,105.275581
2019-06-05,104.680580
2019-06-06,105.018295
2019-06-07,105.926842
2019-06-10,104.929810
2019-06-11,104.994179
2019-06-12,105.074532
2019-06-13,105.436378
2019-06-14,105.701706
2019-06-17,105.886642
2019-06-18,106.417343
2019-06-19,106.570099
2019-06-20,106.851509
2019-06-21,105.677536
2019-06-24,106.465576
2019-06-25,106.795219
2019-06-26,106.111778
2019-06-27,106.859512
2019-06-28,106.787170
2019-07-01,106.537437
2019-07-02,107.359154
2019-07-03,108.124588
2019-07-05,106.690536
2019-07-08,106.835526
2019-07-09,106.795212
2019-07-10,106.207146
2019-07-11,104.789207
2019-07-12,104.910027
2019-07-15,105.514275
2019-07-16,105.200127
2019-07-17,106.336014
2019-07-18,106.344109
2019-07-19,106.094337
2019-07-22,106.295753
2019-07-23,105.715668
2019-07-24,106.174927
2019-07-25,105.667374
2019-07-26,105.917107
2019-07-29,105.949318
2019-07-30,106.207146
2019-07-31,107.061096
2019-08-01,109.187401
2019-08-02,110.196442
2019-08-05,112.101486
2019-08-06,112.997528
2019-08-07,113.037903
2019-08-08,113.280060
2019-08-09,113.054016
2019-08-12,115.411240
2019-08-13,115.015663
2019-08-14,117.606926
2019-08-15,118.914619
2019-08-16,117.962112
2019-08-19,116.274963
2019-08-20,117.477768
2019-08-21,116.694717
2019-08-22,115.919792
2019-08-23,117.824936
2019-08-26,117.348587
2019-08-27,119.156822
2019-08-28,119.310242
2019-08-29,118.858070
2019-08-30,118.890419
2019-09-03,119.044060
2019-09-04,119.221947
2019-09-05,117.062805
2019-09-06,117.895782
2019-09-09,115.801292
2019-09-10,113.771538
2019-09-11,113.569374
2019-09-12,112.825409
2019-09-13,110.415558
2019-09-16,111.822670
2019-09-17,112.429153
2019-09-18,112.906250
2019-09-19,113.245926
2019-09-20,114.741898
2019-09-23,114.717667
2019-09-24,116.100494
2019-09-25,114.402298
2019-09-26,115.138199
2019-09-27,115.421242
2019-09-30,115.704277
2019-10-01,116.052559
2019-10-02,116.336166
2019-10-03,117.397316
2019-10-04,118.264091
2019-10-07,117.283913
2019-10-08,117.599831
2019-10-09,116.935562
2019-10-10,115.193893
2019-10-11,113.768166
2019-10-14,114.594444
2019-10-15,113.209213
2019-10-16,113.346970
2019-10-17,113.071548
2019-10-18,113.071548
2019-10-21,112.220924
2019-10-22,112.877060
2019-10-23,112.990433
2019-10-24,112.763672
2019-10-25,112.212776
2019-10-28,111.192085
2019-10-29,111.265022
2019-10-30,112.893295
2019-10-31,114.416229
2019-11-01,114.064079
2019-11-04,112.562820
2019-11-05,111.296791
2019-11-06,111.970360
2019-11-07,109.941643
2019-11-08,109.479050
2019-11-11,109.552124
2019-11-12,110.055252
2019-11-13,110.769363
2019-11-14,111.913544
2019-11-15,111.791824
2019-11-18,111.994759
2019-11-19,112.927948
2019-11-20,114.096527
2019-11-21,113.382362
2019-11-22,113.528465
2019-11-25,113.861176
2019-11-26,114.526566
2019-11-27,114.193878
2019-11-29,113.950424
2019-12-02,112.431129
2019-12-03,114.788513
2019-12-04,113.642334
2019-12-05,113.089539
2019-12-06,112.463692
2019-12-09,112.707535
2019-12-10,112.715591
2019-12-11,113.601662
2019-12-12,111.732040
2019-12-13,113.024544
2019-12-16,112.008423
2019-12-17,111.853920
2019-12-18,110.935410
2019-12-19,111.112923
2019-12-20,111.259460
2019-12-23,111.096657
2019-12-24,111.414177
2019-12-26,111.682808
2019-12-27,111.804993
2019-12-30,111.397850
2019-12-31,110.306847
2020-01-02,111.552559
2020-01-03,113.270447
2020-01-06,112.627319
2020-01-07,112.073662
2020-01-08,111.332733
2020-01-09,111.723564
2020-01-10,112.716843
2020-01-13,112.374924
2020-01-14,112.953003
2020-01-15,113.702003
2020-01-16,113.343773
2020-01-17,112.374924
2020-01-21,113.555466
2020-01-22,113.954414
2020-01-23,114.752312
2020-01-24,115.680580
2020-01-27,117.479881
2020-01-28,116.559837
2020-01-29,117.699745
2020-01-30,117.715988
2020-01-31,118.790741
2020-02-03,118.694496
2020-02-04,117.096046
2020-02-05,115.815605
2020-02-06,116.337555
2020-02-07,117.789307
2020-02-10,118.115479
2020-02-11,117.520111
2020-02-12,116.924759
2020-02-13,117.373276
2020-02-14,117.887077
2020-02-18,118.694496
2020-02-19,118.686348
2020-02-20,119.616104
2020-02-21,120.733345
2020-02-24,122.535683
2020-02-25,123.188156
2020-02-26,122.535683
2020-02-27,123.865082
2020-02-28,126.662399
2020-03-02,125.730492
2020-03-03,127.682587
2020-03-04,126.326752
2020-03-05,129.471252
2020-03-06,136.209396
2020-03-09,139.901047
2020-03-10,132.730011
2020-03-11,127.845863
2020-03-12,128.638046
2020-03-13,125.730492
2020-03-16,133.873474
2020-03-17,124.946411
2020-03-18,117.897842
2020-03-19,121.107666
2020-03-20,130.214462
2020-03-23,135.580460
2020-03-24,133.056686
2020-03-25,132.754547
2020-03-26,133.407913
2020-03-27,136.968979
2020-03-30,135.841751
2020-03-31,134.739166
2020-04-01,136.626984
2020-04-02,137.494003
2020-04-03,137.821228
2020-04-06,137.461334
2020-04-07,136.021759
2020-04-08,135.031982
2020-04-09,135.277420
2020-04-13,134.042297
2020-04-14,134.009689
2020-04-15,137.559479
2020-04-16,139.121674
2020-04-17,137.256821
2020-04-20,138.361023
2020-04-21,140.103165
2020-04-22,138.671844
2020-04-23,139.408005
2020-04-24,139.735092
2020-04-27,137.134140
2020-04-28,138.712753
2020-04-29,137.992981
2020-04-30,136.381607
2020-05-01,137.549561
2020-05-04,136.902527
2020-05-05,136.026169
2020-05-06,133.831253
2020-05-07,136.067123
2020-05-08,134.298096
2020-05-11,133.249878
2020-05-12,134.617523
2020-05-13,135.559402
2020-05-14,136.886108
2020-05-15,136.533936
2020-05-18,133.536392
2020-05-19,134.036072
2020-05-20,134.437347
2020-05-21,134.773148
2020-05-22,135.583969
2020-05-26,133.765793
2020-05-27,133.520096
2020-05-28,133.028656
2020-05-29,133.978729
2020-06-01,133.076660
2020-06-02,132.592896
2020-06-03,130.829742
2020-06-04,128.935394
2020-06-05,128.016968
2020-06-08,128.509018
2020-06-09,129.968704
2020-06-10,131.895752
2020-06-11,134.388733
2020-06-12,133.093124
2020-06-15,133.166840
2020-06-16,131.124954
2020-06-17,131.666183
2020-06-18,133.060257
2020-06-19,133.166840
2020-06-22,133.183273
2020-06-23,132.273010
2020-06-24,133.691742
2020-06-25,134.077179
2020-06-26,135.512177
2020-06-29,135.085815
2020-06-30,134.429733
2020-07-01,134.168701
2020-07-02,134.308212
2020-07-06,133.758179
2020-07-07,135.638229
2020-07-08,135.096420
2020-07-09,137.247421
2020-07-10,136.557816
2020-07-13,137.009354
2020-07-14,137.206345
2020-07-15,136.565964
2020-07-16,137.214645
2020-07-17,136.927261
2020-07-20,137.263840
2020-07-21,137.345917
2020-07-22,137.756439
2020-07-23,139.365585
2020-07-24,139.357376
2020-07-27,138.840179
2020-07-28,139.800720
2020-07-29,139.562653
2020-07-30,140.482193
2020-07-31,140.391846
2020-08-03,139.685043
2020-08-04,141.016510
2020-08-05,139.783676
2020-08-06,140.564438
2020-08-07,139.627518
2020-08-10,139.002808
2020-08-11,137.350769
2020-08-12,136.101486
2020-08-13,134.646622
2020-08-14,134.120605
2020-08-17,134.457611
2020-08-18,135.419250
2020-08-19,134.572693
2020-08-20,135.789093
2020-08-21,136.602783
2020-08-24,136.380905
2020-08-25,135.337143
2020-08-26,134.819244
2020-08-27,132.526138
2020-08-28,132.427536
2020-08-31,133.306976
2020-09-01,134.831711
2020-09-02,136.115326
2020-09-03,136.502090
2020-09-04,133.910126
2020-09-08,134.732971
2020-09-09,134.370895
2020-09-10,135.053833
2020-09-11,135.341812
2020-09-14,135.333633
2020-09-15,135.004395
2020-09-16,134.601212
2020-09-17,135.012741
2020-09-18,134.593079
2020-09-21,135.276016
2020-09-22,135.169098
2020-09-23,135.350113
2020-09-24,135.868454
2020-09-25,135.868454
2020-09-28,135.481720
2020-09-29,135.638077
2020-09-30,134.337997
2020-10-01,134.559540
2020-10-02,134.057083
2020-10-05,131.437683
2020-10-06,132.146118
2020-10-07,131.182373
2020-10-08,131.890701
2020-10-09,131.865997
2020-10-12,132.286163
2020-10-13,133.233368
2020-10-14,133.538193
2020-10-15,133.307526
2020-10-16,132.936890
2020-10-19,132.434372
2020-10-20,131.174118
2020-10-21,130.721115
2020-10-22,129.362030
2020-10-23,130.152740
2020-10-26,131.363571
2020-10-27,132.244949
2020-10-28,132.368484
2020-10-29,131.083466
2020-10-30,129.790329
2020-11-02,130.762543
2020-11-03,130.003876
2020-11-04,132.823959
2020-11-05,133.054871
2020-11-06,131.446930
2020-11-09,128.684540
2020-11-10,127.942413
2020-11-11,128.404205
2020-11-12,130.589386
2020-11-13,130.416214
2020-11-16,130.102814
2020-11-17,130.952194
2020-11-18,131.331421
2020-11-19,132.007568
2020-11-20,133.178513
2020-11-23,132.568329
2020-11-24,131.249039
2020-11-25,130.844971
2020-11-27,132.114822
2020-11-30,131.949890
2020-12-01,130.004349
2020-12-02,128.972549
2020-12-03,130.012619
2020-12-04,128.105881
2020-12-07,129.261490
2020-12-08,129.872345
2020-12-09,129.443085
2020-12-10,130.590439
2020-12-11,131.052734
2020-12-14,130.689438
2020-12-15,130.252029
2020-12-16,129.905319
2020-12-17,129.561600
2020-12-18,129.173218
2020-12-21,129.685532
2020-12-22,130.354813
2020-12-23,129.454193
2020-12-24,129.966431
2020-12-28,130.024338
2020-12-29,129.859055
2020-12-30,130.139969
2020-12-31,130.330048
2021-01-04,130.172989
2021-01-05,129.206329
2021-01-06,126.553917
2021-01-07,125.438423
2021-01-08,125.033577
2021-01-11,124.826996
2021-01-12,124.727806
2021-01-13,126.132538
2021-01-14,124.950928
2021-01-15,125.446678
2021-01-19,125.851555
2021-01-20,125.975563
2021-01-21,125.091415
2021-01-22,125.496246
2021-01-25,126.975319
2021-01-26,126.735687
2021-01-27,127.057953
2021-01-28,126.355553
2021-01-29,125.595467
2021-02-01,125.741005
2021-02-02,124.930305
2021-02-03,123.821754
2021-02-04,123.490944
2021-02-05,122.456894
2021-02-08,122.994568
2021-02-09,123.085587
2021-02-10,123.904572
2021-02-11,123.226143
2021-02-12,121.695816
2021-02-16,119.842743
2021-02-17,120.603844
2021-02-18,120.115753
2021-02-19,118.519196
2021-02-22,117.617455
2021-02-23,117.278343
2021-02-24,116.508987
2021-02-25,114.606293
2021-02-26,118.395126
2021-03-01,116.831383
2021-03-02,116.839668
2021-03-03,115.572456
2021-03-04,114.827072
2021-03-05,115.050682
2021-03-08,114.156181
2021-03-09,115.738136
2021-03-10,115.970032
2021-03-11,115.133492
2021-03-12,112.690178
2021-03-15,113.352768
2021-03-16,112.897263
2021-03-17,112.052422
2021-03-18,110.917725
2021-03-19,111.605202
2021-03-22,112.855820
2021-03-23,113.874580
2021-03-24,114.487457
2021-03-25,113.584625
2021-03-26,113.187141
2021-03-29,112.226387
2021-03-30,112.814438
2021-03-31,112.184929
2021-04-01,114.046913
2021-04-05,113.549255
2021-04-06,114.320580
2021-04-07,113.524406
2021-04-08,114.461601
2021-04-09,114.046913
2021-04-12,113.997093
2021-04-13,114.851372
2021-04-14,114.486526
2021-04-15,116.402260
2021-04-16,115.498268
2021-04-19,115.166595
2021-04-20,115.697380
2021-04-21,115.929581
2021-04-22,116.435493
2021-04-23,116.161812
2021-04-26,115.995926
2021-04-27,114.984077
2021-04-28,115.058762
2021-04-29,114.718689
2021-04-30,114.984077
2021-05-03,115.053032
2021-05-04,115.833809
2021-05-05,116.024803
2021-05-06,116.215897
2021-05-07,115.642746
2021-05-10,114.471603
2021-05-11,113.823753
2021-05-12,112.627747
2021-05-13,112.802132
2021-05-14,113.857018
2021-05-17,113.616127
2021-05-18,113.325401
2021-05-19,113.051331
2021-05-20,113.981583
2021-05-21,114.347031
2021-05-24,114.770615
2021-05-25,115.833809
2021-05-26,115.634453
2021-05-27,115.169327
2021-05-28,114.986580
2021-06-01,114.960800
2021-06-02,115.226997
2021-06-03,114.794479
2021-06-04,116.366486
2021-06-07,116.008850
2021-06-08,116.823967
2021-06-09,117.855392
2021-06-10,118.562378
2021-06-11,118.371063
2021-06-14,117.464455
2021-06-15,117.323074
2021-06-16,117.223251
2021-06-17,118.978287
2021-06-18,121.215759
2021-06-21,119.186256
2021-06-22,119.477379
2021-06-23,119.169601
2021-06-24,119.360939
2021-06-25,118.121582
2021-06-28,119.335991
2021-06-29,119.535614
2021-06-30,120.067963
2021-07-01,120.074593
2021-07-02,120.799210
2021-07-06,122.215057
2021-07-07,123.297783
2021-07-08,123.780838
2021-07-09,122.040207
2021-07-12,121.881927
2021-07-13,120.949097
2021-07-14,122.323380
2021-07-15,123.672615
2021-07-16,123.439392
2021-07-19,126.146187
2021-07-20,124.930252
2021-07-21,123.347771
2021-07-22,124.513832
2021-07-23,123.680962
2021-07-26,123.314453
2021-07-27,124.630432
2021-07-28,124.638710
2021-07-29,123.947495
2021-07-30,124.530472
2021-08-02,125.641190
2021-08-03,125.707840
2021-08-04,125.966393
2021-08-05,125.324364
2021-08-06,123.231300
2021-08-09,122.789261
2021-08-10,122.222244
2021-08-11,122.147240
2021-08-12,121.947113
2021-08-13,123.873360
2021-08-16,124.173607
2021-08-17,124.123528
2021-08-18,124.540451
2021-08-19,125.457726
2021-08-20,125.541122
2021-08-23,125.457726
2021-08-24,124.482109
2021-08-25,123.448067
2021-08-26,123.789955
2021-08-27,124.632225
2021-08-30,124.957405
2021-08-31,124.106812
2021-09-01,124.314713
2021-09-02,124.857460
2021-09-03,123.721954
2021-09-07,122.678238
2021-09-08,123.513191
2021-09-09,125.007805
2021-09-10,123.905594
2021-09-13,124.657028
2021-09-14,126.168304
2021-09-15,125.725822
2021-09-16,125.149696
2021-09-17,124.548561
2021-09-20,126.093155
2021-09-21,125.984650
2021-09-22,126.736115
2021-09-23,123.872215
2021-09-24,122.661545
2021-09-27,122.210701
2021-09-28,120.306992
2021-09-29,120.515724
2021-09-30,120.499062
2021-10-01,121.513115
2021-10-04,121.203781
2021-10-05,120.033394
2021-10-06,120.710579
2021-10-07,119.448174
2021-10-08,118.612221
2021-10-11,118.311287
2021-10-12,120.334351
2021-10-13,121.504784
2021-10-14,121.956215
2021-10-15,121.245667
2021-10-18,121.814049
2021-10-19,120.133751
2021-10-20,119.322784
2021-10-21,119.180717
2021-10-22,120.493187
2021-10-25,120.309296
2021-10-26,121.304108
2021-10-27,123.511169
2021-10-28,123.093170
2021-10-29,123.469406
2021-11-01,122.580360
2021-11-02,123.124466
2021-11-03,121.852150
2021-11-04,123.132858
2021-11-05,124.974396
2021-11-08,124.740013
2021-11-09,126.363998
2021-11-10,124.053658
2021-11-11,123.869492
2021-11-12,123.325401
2021-11-15,121.776810
2021-11-16,121.467117
2021-11-17,122.429733
2021-11-18,122.890114
2021-11-19,124.187599
2021-11-22,122.731117
2021-11-23,120.956482
2021-11-24,122.898468
2021-11-26,126.003983
2021-11-29,124.991211
2021-11-30,126.891304
2021-12-01,127.674088
2021-12-02,127.833351
2021-12-03,129.358688
2021-12-06,127.581879
2021-12-07,126.550995
2021-12-08,124.363625
2021-12-09,125.059265
2021-12-10,124.757523
2021-12-13,126.601295
2021-12-14,126.299591
2021-12-15,125.084389
2021-12-16,125.133026
2021-12-17,126.550964
2021-12-20,125.602959
2021-12-21,125.124687
2021-12-22,125.703590
2021-12-23,124.612854
2021-12-27,124.914894
2021-12-28,124.419884
2021-12-29,123.060722
2021-12-30,124.092682
2021-12-31,124.335976
2022-01-03,121.072197
2022-01-04,120.568718
2022-01-05,119.914299
2022-01-06,120.224709
2022-01-07,119.360497
2022-01-10,119.654236
2022-01-11,120.451279
2022-01-12,119.989807
2022-01-13,121.055374
2022-01-14,119.226318
2022-01-18,117.548210
2022-01-19,118.362045
2022-01-20,119.092064
2022-01-21,120.510048
2022-01-24,119.519913
2022-01-25,119.326965
2022-01-26,117.883827
2022-01-27,120.048531
2022-01-28,120.090485
2022-01-31,119.469574
2022-02-01,119.073029
2022-02-02,119.476326
2022-02-03,118.543739
2022-02-04,116.796089
2022-02-07,116.871696
2022-02-08,116.090286
2022-02-09,116.308769
2022-02-10,114.460358
2022-02-11,116.157524
2022-02-14,114.712364
2022-02-15,113.410072
2022-02-16,114.082245
2022-02-17,114.930832
2022-02-18,116.140694
2022-02-22,116.443199
2022-02-23,114.838432
2022-02-24,114.914032
2022-02-25,114.998024
2022-02-28,117.518654
2022-03-01,118.877365
2022-03-02,114.813835
2022-03-03,115.983269
2022-03-04,117.985580
2022-03-07,117.085381
2022-03-08,115.907578
2022-03-09,114.771759
2022-03-10,113.122810
2022-03-11,113.501404
2022-03-14,110.851257
2022-03-15,110.657738
2022-03-16,111.743057
2022-03-17,110.910187
2022-03-18,112.264679
2022-03-21,109.665009
2022-03-22,108.260033
2022-03-23,110.632545
2022-03-24,109.765953
2022-03-25,108.243195
2022-03-28,109.168617
2022-03-29,109.993118
2022-03-30,110.851257
2022-03-31,111.120461
2022-04-01,111.543472
2022-04-04,110.768280
2022-04-05,108.265732
2022-04-06,107.389450
2022-04-07,106.580551
2022-04-08,105.426201
2022-04-11,103.757820
2022-04-12,103.614594
2022-04-13,103.825241
2022-04-14,101.744041
2022-04-18,101.238457
2022-04-19,100.480103
2022-04-20,102.502365
2022-04-21,101.744041
2022-04-22,101.103645
2022-04-25,102.114761
2022-04-26,103.142754
2022-04-27,101.819847
2022-04-28,101.971527
2022-04-29,100.648628
2022-05-02,98.904030
2022-05-03,99.570816
2022-05-04,100.119446
2022-05-05,97.376335
2022-05-06,95.941444
2022-05-09,96.785492
2022-05-10,97.663277
2022-05-11,99.545486
2022-05-12,99.359810
2022-05-13,97.891197
2022-05-16,97.789886
2022-05-17,96.608253
2022-05-18,98.667709
2022-05-19,98.904030
2022-05-20,100.026596
2022-05-23,98.380722
2022-05-24,100.321999
2022-05-25,100.718697
2022-05-26,100.262894
2022-05-27,100.507690
2022-05-31,98.380722
2022-06-01,98.268257
2022-06-02,98.318970
2022-06-03,98.107628
2022-06-06,96.298164
2022-06-07,97.338173
2022-06-08,96.475746
2022-06-09,96.797012
2022-06-10,96.196686
2022-06-13,93.178146
2022-06-14,92.002853
2022-06-15,93.719254
2022-06-16,94.463348
2022-06-17,94.767731
2022-06-21,93.161201
2022-06-22,95.723183
2022-06-23,96.509560
2022-06-24,95.173592
2022-06-27,94.361870
2022-06-28,94.801567
2022-06-29,96.281273
2022-06-30,97.126755
2022-07-01,98.123970
2022-07-05,98.894913
2022-07-06,97.234367
2022-07-07,96.378716
2022-07-08,95.311195
2022-07-11,96.954773
2022-07-12,97.530914
2022-07-13,98.649246
2022-07-14,97.844368
2022-07-15,98.395065
2022-07-18,97.369934
2022-07-19,96.844643
2022-07-20,97.098831
2022-07-21,98.776299
2022-07-22,100.436836
2022-07-25,99.454063
2022-07-26,99.530350
2022-07-27,98.971153
2022-07-28,99.759087
2022-07-29,99.487984
2022-08-01,101.883980
2022-08-02,99.728165
2022-08-03,101.298325
2022-08-04,101.264374
2022-08-05,98.853981
2022-08-08,100.449585
2022-08-09,100.059158
2022-08-10,99.405632
2022-08-11,97.088554
2022-08-12,98.073097
2022-08-15,97.988228
2022-08-16,98.395615
2022-08-17,97.368614
2022-08-18,97.512901
2022-08-19,95.942734
2022-08-22,95.620201
2022-08-23,95.093994
2022-08-24,94.398003
2022-08-25,95.713570
2022-08-26,96.434998
2022-08-29,95.637169
2022-08-30,95.874817
2022-08-31,94.958183
2022-09-01,93.219681
2022-09-02,93.747017
2022-09-06,91.425041
2022-09-07,92.870949
2022-09-08,91.918335
2022-09-09,92.122467
2022-09-12,91.365463
2022-09-13,91.578102
2022-09-14,91.892830
2022-09-15,91.833282
2022-09-16,91.067780
2022-09-19,91.280418
2022-09-20,90.370346
2022-09-21,91.884323
2022-09-22,89.536797
2022-09-23,89.902534
2022-09-26,88.184433
2022-09-27,85.862465
2022-09-28,88.737282
2022-09-29,88.278008
2022-09-30,87.138260
2022-10-03,88.522850
2022-10-04,88.275635
2022-10-05,87.431557
2022-10-06,86.945587
2022-10-07,86.101532
2022-10-10,84.762993
2022-10-11,85.138138
2022-10-12,85.555885
2022-10-13,84.737442
2022-10-14,84.038300
2022-10-17,83.629097
2022-10-18,83.825195
2022-10-19,82.299072
2022-10-20,80.892296
2022-10-21,79.434395
2022-10-24,78.777931
2022-10-25,81.071312
2022-10-26,82.239372
2022-10-27,83.100471
2022-10-28,82.529243
2022-10-31,81.940971
2022-11-01,82.706772
2022-11-02,82.347809
2022-11-03,81.903381
2022-11-04,80.527351
2022-11-07,79.723961
2022-11-08,80.595726
2022-11-09,80.860649
2022-11-10,83.971680
2022-11-11,83.664009
2022-11-14,83.458893
2022-11-15,84.809265
2022-11-16,86.663902
2022-11-17,85.749420
2022-11-18,85.159668
2022-11-21,85.518631
2022-11-22,86.732292
2022-11-23,88.245064
2022-11-25,87.945930
2022-11-28,88.193756
2022-11-29,87.159599
2022-11-30,87.800613
2022-12-01,90.605492
2022-12-02,91.744896
2022-12-05,90.459816
2022-12-06,91.624992
2022-12-07,93.783859
2022-12-08,93.526848
2022-12-09,91.093826
2022-12-12,91.385078
2022-12-13,92.267509
2022-12-14,92.661598
2022-12-15,93.023125
2022-12-16,91.983994
2022-12-19,90.438187
2022-12-20,88.832291
2022-12-21,89.055580
2022-12-22,89.038383
2022-12-23,87.733055
2022-12-27,85.998322
2022-12-28,85.491623
2022-12-29,86.462059
2022-12-30,85.500214
2023-01-03,87.131912
2023-01-04,88.325615
2023-01-05,88.694885
2023-01-06,90.326538
2023-01-09,90.807495
2023-01-10,89.304626
2023-01-11,90.755981
2023-01-12,92.542213
2023-01-13,91.674881
2023-01-17,91.082283
2023-01-18,93.289360
2023-01-19,92.705353
2023-01-20,91.202538
2023-01-23,90.773109
2023-01-24,92.078491
2023-01-25,92.301758
2023-01-26,91.872375
2023-01-27,91.640480
2023-01-30,91.305565
2023-01-31,92.035538
2023-02-01,93.141907
2023-02-02,93.262436
2023-02-03,91.867638
2023-02-06,91.187462
2023-02-07,90.455605
2023-02-08,90.886108
2023-02-09,90.025131
2023-02-10,89.017761
2023-02-13,89.766830
2023-02-14,89.560196
2023-02-15,88.725037
2023-02-16,87.467964
2023-02-17,88.148178
2023-02-21,86.434784
2023-02-22,87.226929
2023-02-23,88.079300
2023-02-24,86.934174
2023-02-27,87.175217
2023-02-28,87.571289
2023-03-01,86.630516
2023-03-02,85.862350
2023-03-03,87.942444
2023-03-06,87.260612
2023-03-07,87.795700
2023-03-08,87.882027
2023-03-09,88.097801
2023-03-10,91.135971
2023-03-13,91.343117
2023-03-14,89.841255
2023-03-15,91.576134
2023-03-16,90.859756
2023-03-17,92.223473
2023-03-20,91.412140
2023-03-21,90.626740
2023-03-22,91.835075
2023-03-23,91.835075
2023-03-24,92.223473
2023-03-27,90.057045
2023-03-28,90.221062
2023-03-29,90.039818
2023-03-30,90.454117
2023-03-31,91.809196
2023-04-03,92.240967
2023-04-04,92.699570
2023-04-05,93.668716
2023-04-06,93.910988
2023-04-10,92.396690
2023-04-11,92.587074
2023-04-12,92.491898
2023-04-13,91.765083
2023-04-14,90.925728
2023-04-17,89.844063
2023-04-18,90.164238
2023-04-19,90.077721
2023-04-20,90.847832
2023-04-21,90.337303
2023-04-24,91.211258
2023-04-25,92.552452
2023-04-26,91.566040
2023-04-27,90.657448
2023-04-28,92.119820
2023-05-01,89.463593
2023-05-02,91.693001
2023-05-03,92.204842
2023-05-04,91.293991
2023-05-05,90.990379
2023-05-08,89.715179
2023-05-09,89.394196
2023-05-10,90.261681
2023-05-11,91.215919
2023-05-12,90.452507
2023-05-15,89.515648
2023-05-16,89.246719
2023-05-17,88.986488
2023-05-18,88.327187
2023-05-19,87.702637
2023-05-22,87.390305
2023-05-23,87.641838
2023-05-24,87.208115
2023-05-25,86.991272
2023-05-26,87.693909
2023-05-30,88.570076
2023-05-31,89.342155
2023-06-01,89.692673
2023-06-02,88.709801
2023-06-05,88.544533
2023-06-06,89.066422
2023-06-07,87.744354
2023-06-08,88.770699
2023-06-09,88.648918
2023-06-12,88.909859
2023-06-13,88.031380
2023-06-14,88.735916
2023-06-15,89.588310
2023-06-16,89.240372
2023-06-20,89.857910
2023-06-21,90.075363
2023-06-22,88.988136
2023-06-23,89.875328
2023-06-26,89.971001
2023-06-27,89.736160
2023-06-28,90.118874
2023-06-29,88.492363
2023-06-30,89.536118
2023-07-03,89.028526
2023-07-05,88.182541
2023-07-06,86.935379
2023-07-07,86.412094
2023-07-10,86.525459
2023-07-11,86.970261
2023-07-12,87.938324
2023-07-13,88.862785
2023-07-14,88.339539
2023-07-17,88.383133
2023-07-18,88.784317
2023-07-19,89.787292
2023-07-20,88.697113
2023-07-21,88.723282
2023-07-24,88.400574
2023-07-25,88.234879
2023-07-26,88.322105
2023-07-27,86.603973
2023-07-28,87.048775
2023-07-31,87.258087
2023-08-01,85.828194
2023-08-02,84.909904
2023-08-03,82.950920
2023-08-04,84.420143
2023-08-07,83.589340
2023-08-08,84.560081
2023-08-09,84.997345
2023-08-10,83.598061
2023-08-11,83.405678
2023-08-14,83.222038
2023-08-15,82.714783
2023-08-16,82.067589
2023-08-17,81.717812
2023-08-18,82.006378
2023-08-21,80.913216
2023-08-22,81.534142
2023-08-23,83.554390
2023-08-24,83.003387
2023-08-25,83.274506
2023-08-28,83.361946
2023-08-29,84.227753
2023-08-30,84.140312
2023-08-31,84.516373
2023-09-01,83.199730
2023-09-05,82.033127
2023-09-06,82.234848
2023-09-07,82.462898
2023-09-08,82.778702
2023-09-11,82.182228
2023-09-12,82.655891
2023-09-13,82.638344
2023-09-14,82.041855
2023-09-15,81.541885
2023-09-18,82.006744
2023-09-19,81.401520
2023-09-20,81.655922
2023-09-21,79.559479
2023-09-22,80.199799
2023-09-25,78.226158
2023-09-26,77.954254
2023-09-27,77.550735
2023-09-28,77.787567
2023-09-29,77.796341
2023-10-02,76.494003
2023-10-03,74.848495
2023-10-04,75.904449
2023-10-05,75.526070
2023-10-06,74.610931
2023-10-09,76.362038
2023-10-10,76.256432
2023-10-11,77.849144
2023-10-12,75.737282
2023-10-13,77.092392
2023-10-16,75.851654
2023-10-17,75.015717
2023-10-18,74.355743
2023-10-19,72.833443
2023-10-20,73.246994
2023-10-23,74.126991
2023-10-24,75.103706
2023-10-25,73.431801
2023-10-26,74.558128
2023-10-27,74.241371
2023-10-30,73.906982
2023-10-31,73.546196
2023-11-01,75.140831
2023-11-02,76.853798
2023-11-03,77.374771
2023-11-06,76.624237
2023-11-07,77.754417
2023-11-08,79.078873
2023-11-09,77.259964
2023-11-10,77.692627
2023-11-13,77.516037
2023-11-14,79.273132
2023-11-15,78.160599
2023-11-16,79.131851
2023-11-17,79.502708
2023-11-20,79.988350
2023-11-21,79.953018
2023-11-22,80.235580
2023-11-24,79.290810
2023-11-27,80.615273
2023-11-28,80.774193
2023-11-29,81.789589
2023-11-30,80.844803
2023-12-01,82.367470
2023-12-04,82.039711
2023-12-05,83.802406
2023-12-06,84.918480
2023-12-07,84.431320
2023-12-08,83.740425
2023-12-11,83.563248
2023-12-12,83.811272
2023-12-13,85.777657
2023-12-14,88.008987
2023-12-15,88.106758
2023-12-18,87.404732
2023-12-19,87.875702
2023-12-20,88.471069
2023-12-21,87.911255
2023-12-22,87.511353
2023-12-26,87.760170
2023-12-27,89.315254
2023-12-28,88.666565
2023-12-29,87.866821
2024-01-02,87.360321
2024-01-03,87.724617
2024-01-04,86.391739
2024-01-05,85.565308
2024-01-08,86.409477
2024-01-09,85.858536
2024-01-10,85.458664
2024-01-11,85.938522
2024-01-12,85.769684
2024-01-16,84.259018
2024-01-17,84.125702
2024-01-18,83.343750
2024-01-19,83.610321
2024-01-22,84.107948
2024-01-23,83.441467
2024-01-24,82.952721
2024-01-25,83.494820
2024-01-26,83.334839
2024-01-29,84.294548
2024-01-30,85.058777
2024-01-31,85.894081
2024-02-01,87.578972
2024-02-02,85.644470
2024-02-05,83.914993
2024-02-06,84.735161
2024-02-07,84.325066
2024-02-08,83.834770
2024-02-09,83.665359
2024-02-12,83.763443
2024-02-13,82.328156
2024-02-14,82.747147
2024-02-15,83.175079
2024-02-16,82.693672
2024-02-20,82.764961
2024-02-21,82.176590
2024-02-22,82.577751
2024-02-23,83.683212
2024-02-26,83.433609
2024-02-27,82.845222
2024-02-28,83.371201
2024-02-29,83.959557
2024-03-01,84.482719
2024-03-04,84.142891
2024-03-05,85.341240
2024-03-06,85.842026
2024-03-07,85.761551
2024-03-08,85.609543
2024-03-11,85.564819
2024-03-12,84.849365
2024-03-13,84.438004
2024-03-14,83.141312
2024-03-15,83.114479
2024-03-18,82.864059
2024-03-19,83.096573
2024-03-20,83.069763
2024-03-21,83.248611
2024-03-22,84.044533
2024-03-25,83.624207
2024-03-26,83.856705
2024-03-27,84.688400
2024-03-28,84.616859
2024-04-01,83.039520
2024-04-02,82.581909
2024-04-03,82.563965
2024-04-04,83.156174
2024-04-05,81.998718
2024-04-08,81.989769
2024-04-09,82.752411
2024-04-10,80.948952
2024-04-11,80.581062
2024-04-12,81.011749
2024-04-15,79.755623
2024-04-16,79.226257
2024-04-17,80.105537
2024-04-18,79.701782
2024-04-19,79.988922
2024-04-22,79.854317
2024-04-23,79.881226
2024-04-24,79.315987
2024-04-25,78.759666
2024-04-26,79.172424
2024-04-29,79.836357
2024-04-30,79.154472
2024-05-01,79.737915
2024-05-02,80.080055
2024-05-03,80.890411
2024-05-06,81.205559
2024-05-07,81.700760
2024-05-08,81.205559
2024-05-09,81.601700
2024-05-10,81.142517
2024-05-13,81.349602
2024-05-14,81.808792
2024-05-15,82.925270
2024-05-16,82.844246
2024-05-17,82.286003
2024-05-20,82.042885
2024-05-21,82.466080
2024-05-22,82.565117
2024-05-23,82.033875
2024-05-24,82.277008
2024-05-28,81.097488
2024-05-29,80.116066
2024-05-30,80.890411
2024-05-31,81.439613
2024-06-03,82.756882
2024-06-04,83.723595
2024-06-05,84.337944
2024-06-06,84.211479
2024-06-07,82.666534
2024-06-10,82.115448
2024-06-11,82.964676
2024-06-12,83.588066
2024-06-13,84.816772
2024-06-14,85.530502
2024-06-17,84.681244
2024-06-18,85.458237
2024-06-20,84.889069
2024-06-21,84.889069
2024-06-24,85.232353
2024-06-25,85.376915
2024-06-26,84.157219
2024-06-27,84.491554
2024-06-28,82.919502
2024-07-01,81.488411
2024-07-02,82.122833
2024-07-03,83.201393
2024-07-05,83.890182
2024-07-08,84.071442
2024-07-09,83.699852
2024-07-10,83.962677
2024-07-11,84.778412
2024-07-12,85.140923
2024-07-15,84.162086
2024-07-16,85.349373
2024-07-17,85.367516
2024-07-18,84.714958
2024-07-19,84.216476
2024-07-22,83.971756
2024-07-23,83.853935
2024-07-24,82.947601
2024-07-25,83.627342
2024-07-26,84.279900
2024-07-29,84.733063
2024-07-30,85.059349
2024-07-31,85.929428
2024-08-01,86.670563
2024-08-02,89.371338
2024-08-05,89.844215
2024-08-06,87.834526
2024-08-07,87.216171
2024-08-08,86.679665
2024-08-09,87.534447
2024-08-12,87.852745
2024-08-13,88.461998
2024-08-14,89.016701
2024-08-15,88.298317
2024-08-16,88.607506
2024-08-19,89.016701
2024-08-20,89.725983
2024-08-21,89.780563
2024-08-22,88.889389
2024-08-23,89.471382
2024-08-26,89.244064
2024-08-27,89.089462
2024-08-28,88.980331
2024-08-29,88.689339
2024-08-30,87.743591
2024-09-03,89.178665
2024-09-04,90.328186
2024-09-05,90.839088
2024-09-06,90.829948
2024-09-09,91.222267
2024-09-10,91.860870
2024-09-11,91.787880
2024-09-12,91.359116
2024-09-13,91.605431
2024-09-16,92.444756
2024-09-17,91.997719
2024-09-18,90.857330
2024-09-19,90.556290
2024-09-20,90.209579
2024-09-23,90.017998
2024-09-24,89.999748
2024-09-25,89.251656
2024-09-26,89.461487
2024-09-27,89.926781
2024-09-30,89.497986
2024-10-01,90.144157
2024-10-02,89.384491
2024-10-03,88.542442
2024-10-04,87.453300
2024-10-07,86.794289
2024-10-08,86.940742
2024-10-09,86.446495
2024-10-10,86.107864
2024-10-11,85.760048
2024-10-14,85.824104
2024-10-15,86.867523
2024-10-16,87.233627
2024-10-17,85.851585
2024-10-18,85.915642
2024-10-21,84.414627
2024-10-22,84.496979
2024-10-23,84.268181
2024-10-24,84.808174
2024-10-25,84.332245
2024-10-28,84.103432
2024-10-29,84.231567
2024-10-30,84.478668
2024-10-31,84.615959
2024-11-01,83.423042
2024-11-04,84.717918
2024-11-05,85.167892
2024-11-06,82.835266
2024-11-07,83.873039
2024-11-08,84.938324
2024-11-11,84.525055
2024-11-12,83.257721
2024-11-13,82.467949
2024-11-14,82.945473
2024-11-15,82.725082
2024-11-18,82.872017
2024-11-19,83.294464
2024-11-20,83.028114
2024-11-21,82.963860
2024-11-22,83.009789
2024-11-25,85.158714
2024-11-26,84.828110
2024-11-27,85.415840
2024-11-29,86.297478
2024-12-02,86.504822
2024-12-03,85.758362
2024-12-04,86.679901
2024-12-05,86.854996
2024-12-06,86.984009
2024-12-09,86.182297
2024-12-10,85.776833
2024-12-11,84.965858
2024-12-12,83.933731
2024-12-13,83.076691
2024-12-16,83.325485
2024-12-17,83.528252
2024-12-18,82.483795
2024-12-19,81.234871
2024-12-20,81.697433
2024-12-23,80.948090
2024-12-24,81.290375
2024-12-26,81.244125
2024-12-27,80.578011
2024-12-30,81.225639
2024-12-31,80.790817
2025-01-02,81.012848
2025-01-03,80.753815
2025-01-06,80.393028
2025-01-07,79.486389
2025-01-08,79.588142
2025-01-10,79.060837
2025-01-13,79.033089
2025-01-14,78.903564
2025-01-15,80.263496
2025-01-16,80.522530
2025-01-17,80.661308
2025-01-21,81.382896
2025-01-22,80.957344
2025-01-23,80.328270
2025-01-24,80.689049
2025-01-27,81.641922
2025-01-28,81.586418
2025-01-29,81.419899
2025-01-30,81.725189
2025-01-31,81.188622
2025-02-03,81.849663
2025-02-04,82.100334
2025-02-05,83.455841
2025-02-06,83.418694
2025-02-07,82.880203
2025-02-10,82.629547
2025-02-11,82.100334
2025-02-12,80.986237
2025-02-13,82.332436
2025-02-14,82.768791
2025-02-18,81.793961
2025-02-19,81.896080
2025-02-20,82.202454
2025-02-21,83.195869
2025-02-24,83.437256
2025-02-25,84.876312
2025-02-26,85.377663
2025-02-27,84.774178
2025-02-28,85.814026
2025-03-03,86.214493
2025-03-04,85.152779
2025-03-05,84.472878
2025-03-06,84.193481
2025-03-07,83.923386
2025-03-10,84.798874
2025-03-11,84.193481
2025-03-12,83.690559
2025-03-13,84.426315
2025-03-14,83.979271
2025-03-17,84.398384
2025-03-18,84.482216
2025-03-19,84.919937
2025-03-20,84.975815
2025-03-21,84.472878
2025-03-24,83.606735
2025-03-25,83.597420
2025-03-26,83.047928
2025-03-27,82.805786
2025-03-28,83.951332
2025-03-31,84.780220
2025-04-01,85.514900
2025-04-02,85.458824
2025-04-03,85.851364
2025-04-04,86.786079
2025-04-07,84.168938
2025-04-08,82.579964
2025-04-09,83.065994
2025-04-10,80.776016
2025-04-11,81.215302
2025-04-14,81.794823
2025-04-15,82.084572
2025-04-16,82.542580
2025-04-17,81.813507
2025-04-21,80.383423
2025-04-22,80.832085
2025-04-23,81.617241
2025-04-24,82.477135
2025-04-25,83.084709
2025-04-28,83.608109
2025-04-29,84.309128
2025-04-30,83.626823
2025-05-01,83.202797
2025-05-02,82.302185
2025-05-05,81.842491
2025-05-06,82.114540
2025-05-07,82.461655
2025-05-08,81.542290
2025-05-09,81.664253
2025-05-12,80.904358
2025-05-13,80.576012
2025-05-14,80.041275
2025-05-15,80.744881
2025-05-16,80.960670
2025-05-19,80.726120
2025-05-20,80.144485
2025-05-21,78.774811
2025-05-22,79.187592
2025-05-23,79.318901
2025-05-27,80.425919
2025-05-28,80.078812
2025-05-29,80.819916
2025-05-30,80.941887
2025-06-02,80.188591
2025-06-03,80.047340
2025-06-04,81.346786
2025-06-05,81.403267
2025-06-06,80.367500
2025-06-09,80.452248
2025-06-10,80.866562
2025-06-11,81.111389
2025-06-12,82.081245
2025-06-13,81.290306
2025-06-16,80.471069
2025-06-17,81.450363
2025-06-18,81.591599
2025-06-20,81.440964
2025-06-23,81.704597
2025-06-24,82.297844
2025-06-25,82.401413
2025-06-26,82.815712
2025-06-27,82.288406
2025-06-30,83.098206
2025-07-01,83.304237
2025-07-02,82.774963
2025-07-03,82.198425
2025-07-07,81.413971
2025-07-08,81.310013
2025-07-09,82.160637
2025-07-10,82.217331
2025-07-11,81.083176
2025-07-14,80.913055
2025-07-15,80.345963
2025-07-16,80.459373
2025-07-17,80.440483
2025-07-18,80.563354
2025-07-21,81.281647
2025-07-22,81.773125
2025-07-23,81.319473
2025-07-24,81.177681
2025-07-25,81.688080
2025-07-28,81.158791
2025-07-29,82.529228
2025-07-30,82.103928
2025-07-31,82.151176
2025-08-01,83.319084
2025-08-04,83.546783
2025-08-05,83.802933
2025-08-06,83.319084
2025-08-07,83.176765
2025-08-08,82.816246
2025-08-11,82.911125
2025-08-12,82.493690
2025-08-13,83.176765
2025-08-14,82.560097
2025-08-15,81.971855
2025-08-18,81.734688
2025-08-19,82.209061
2025-08-20,82.389313
2025-08-21,81.981346
2025-08-22,82.588554
2025-08-25,82.351372
2025-08-26,82.303925
2025-08-27,82.209061
2025-08-28,82.749817
2025-08-29,82.161591
2025-09-02,81.550194
2025-09-03,82.445419
2025-09-04,83.073959
2025-09-05,84.340591
2025-09-08,85.464394
2025-09-09,84.978683
2025-09-10,85.464394
2025-09-11,86.035789
2025-09-12,85.664375
2025-09-15,85.864372
2025-09-16,86.045319
2025-09-17,85.826263
2025-09-18,84.940575
2025-09-19,84.778687
2025-09-22,84.473930
2025-09-23,85.064392
2025-09-24,84.740601
2025-09-25,84.740601
2025-09-26,84.664398
2025-09-29,85.359634
2025-09-30,85.112022
2025-10-01,85.331825
2025-10-02,85.580299
2025-10-03,85.417824
2025-10-06,84.739311
2025-10-07,85.226685
2025-10-08,85.293587
2025-10-09,85.226685
2025-10-10,86.602867
2025-10-13,86.555069
2025-10-14,86.832222
2025-10-15,86.641083
2025-10-16,87.290947
2025-10-17,87.157135
2025-10-20,87.491638
2025-10-21,87.921692
2025-10-22,87.979019
2025-10-23,87.376953
2025-10-24,87.415176
2025-10-27,87.711433
2025-10-28,87.940788
2025-10-29,87.052017
2025-10-30,86.545525
2025-10-31,86.287483
2025-11-03,86.071693
2025-11-04,86.263512
2025-11-05,85.323570
2025-11-06,86.090874
2025-11-07,85.908630
2025-11-10,85.889458
2025-11-11,86.282700
2025-11-12,86.436150
2025-11-13,85.726395
2025-11-14,85.237251
2025-11-17,85.448250
2025-11-18,85.419479
2025-11-19,85.246834
2025-11-20,85.582542
2025-11-21,85.841507
2025-11-24,86.330650
2025-11-25,86.551254
2025-11-26,86.934906
2025-11-28,86.522469
2025-12-01,85.445396
2025-12-02,85.483871
2025-12-03,85.724510
2025-12-04,85.262497
2025-12-05,84.867851
2025-12-08,84.588707
2025-12-09,84.675354
2025-12-10,85.002602
2025-12-11,84.887100
2025-12-12,84.068924
2025-12-15,84.126686
2025-12-16,84.588707
2025-12-17,84.511719
2025-12-18,84.915970
2025-12-19,84.599030
2025-12-22,84.415436
2025-12-23,84.550728
2025-12-24,85.062851
2025-12-26,84.782631
2025-12-29,85.101509
2025-12-30,84.898590
2025-12-31,84.222176
2026-01-02,84.096550
2026-01-05,84.512070
2026-01-06,84.338135
2026-01-07,84.830940
2026-01-08,84.405785
2026-01-09,84.966225
2026-01-12,84.714981
2026-01-13,84.859940
2026-01-14,85.352753
2026-01-15,85.333412
2026-01-16,84.840614
2026-01-20,83.729370
2026-01-21,84.367126
2026-01-22,84.734314
2026-01-23,84.966225
2026-01-26,85.372078
2026-01-27,84.840614
2026-01-28,84.647346
2026-01-29,84.666672
2026-01-30,84.193192
2026-02-02,83.952637
2026-02-03,84.156334
2026-02-04,83.942932
2026-02-05,84.854736
2026-02-06,84.912926
2026-02-09,84.893524
2026-02-10,85.873199
2026-02-11,85.417320
2026-02-12,86.552216
2026-02-13,87.027512
2026-02-17,87.173004
2026-02-18,86.843208
2026-02-19,86.930496
2026-02-20,86.726807
2026-02-23,87.046906
2026-02-24,87.202103
2026-02-25,87.211807
2026-02-26,87.560997
2026-02-27,88.094498
2026-03-02,87.209831
2026-03-03,87.034668
2026-03-04,86.762169
2026-03-05,86.411797
2026-03-06,86.090637
2026-03-09,86.840027
2026-03-10,85.915451
2026-03-11,84.805992
2026-03-12,84.640556
2026-03-13,84.222069
2026-03-16,84.874115
2026-03-17,85.107689
2026-03-18,84.630821
2026-03-19,85.146622
2026-03-20,83.531082
2026-03-23,84.076080
2026-03-24,83.706261
2026-03-25,84.514030
2026-03-26,83.803596
2026-03-27,83.346176
2026-03-30,84.455635
2026-03-31,84.368050
2026-04-01,84.284988
2026-04-02,84.802864
2026-04-06,84.666069
2026-04-07,84.656296
2026-04-08,84.929886
2026-04-09,84.714920
2026-04-10,84.509727
2026-04-13,84.763779
2026-04-14,85.213234
2026-04-15,84.841942
2026-04-16,84.304535
2026-04-17,85.076447
2026-04-20,85.056908
2026-04-21,84.587906
2026-04-22,84.754005
2026-04-23,84.568359
2026-04-24,84.724693
2026-04-27,84.304535
2026-04-28,84.392479
2026-04-29,83.737801
2026-04-30,83.659653
2026-05-01,83.958771
2026-05-04,83.321297
2026-05-05,83.782242
2026-05-06,84.419701
2026-05-07,83.998001
2026-05-08,84.419701
2026-05-11,83.909729
2026-05-12,83.350723
2026-05-13,83.164391
2026-05-14,83.282074
2026-05-15,82.046379
2026-05-18,81.948303
2026-05-19,81.418724
2026-05-20,82.291557
2026-05-21,82.595573
2026-05-22,83.046707
2026-05-26,83.458595
2026-05-27,83.654755
2026-05-28,84.086250
2026-05-29,84.105873
2026-06-01,84.151161
2026-06-02,84.328384
2026-06-03,83.993629
2026-06-04,84.180695
2026-06-05,83.747482
2026-06-08,83.314285
2026-06-09,83.806564
2026-06-10,83.570259
2026-06-11,84.653297
2026-06-12,84.446533
2026-06-15,84.397308
2026-06-16,84.860062
2026-06-17,84.997902
2026-06-18,85.411415
2026-06-22,84.761597
2026-06-23,84.869896
2026-06-24,86.031693
2026-06-25,86.002159
2026-06-26,86.012009
2026-06-29,86.100609
2026-06-30,85.086502
2026-07-01,84.511360
2026-07-02,84.501488
2026-07-06,84.442184
2026-07-07,83.552818
2026-07-08,83.365051
2026-07-09,83.493515
2026-07-10,83.473755
2026-07-13,82.979652
2026-07-14,83.088356
2026-07-15,83.246468
2026-07-16,83.216820
2026-07-17,83.523163
2026-07-20,82.900589
2026-07-21,82.673309
2026-07-22,82.455902
2026-07-23,82.189079
2026-07-24,82.268135
2026-07-27,82.762245
2026-07-28,83.246468
2026-07-29,81.872856
2026-07-30,81.823448
2026-07-31,81.279930
2026-08-03,81.547829
2026-08-04,82.172905
2026-08-05,82.351494
2026-08-06,81.875244
2026-08-07,82.113373
2026-08-10,81.418839
2026-08-11,81.547829
2026-08-12,81.468452
2026-08-13,81.944695
2026-08-14,81.398994
2026-08-17,80.714394
2026-08-18,81.021973
2026-08-19,82.371338
2026-08-20,81.696648
2026-08-21,81.408920
2026-08-24,81.914932
2026-08-25,82.817825
2026-08-26,82.649155
2026-08-27,82.480476
2026-08-28,82.232430
2026-08-31,81.875244
2026-09-01,81.541595
2026-09-02,81.621269
2026-09-03,81.740791
2026-09-04,81.880226
2026-09-08,81.870262
2026-09-09,81.402161
2026-09-10,80.455963
2026-09-11,80.545609
2026-09-14,80.605362
2026-09-15,80.386246
2026-09-16,80.555557
2026-09-17,81.451950
2026-09-18,80.924080
2026-09-21,81.471878
2026-09-22,81.422073
2026-09-23,80.137245
2026-09-24,79.101418
2026-09-25,79.001823
2026-09-28,78.304634
2026-09-29,77.916199
2026-09-30,77.467995
2026-10-01,77.709999
2026-10-02,77.480003
