date,adj_close
2007-07-26,26.884060
2007-07-27,26.474321
2007-07-30,26.917717
2007-07-31,26.884060
2007-08-01,26.996304
2007-08-02,26.917717
2007-08-03,26.474321
2007-08-06,26.878441
2007-08-07,26.917717
2007-08-08,27.321833
2007-08-09,26.502388
2007-08-10,26.148804
2007-08-13,26.193714
2007-08-14,25.856958
2007-08-15,25.245192
2007-08-16,25.127325
2007-08-17,25.480928
2007-08-20,25.514595
2007-08-21,25.508989
2007-08-22,26.148804
2007-08-23,26.261053
2007-08-24,26.682001
2007-08-27,26.418211
2007-08-28,25.772768
2007-08-29,26.457495
2007-08-30,26.266674
2007-08-31,26.861593
2007-09-04,26.990690
2007-09-05,26.524849
2007-09-06,26.682001
2007-09-07,26.311571
2007-09-10,26.204929
2007-09-11,26.676388
2007-09-12,26.653927
2007-09-13,26.799866
2007-09-14,26.676388
2007-09-17,26.300337
2007-09-18,27.136618
2007-09-19,27.422852
2007-09-20,27.366724
2007-09-21,27.563166
2007-09-24,27.535101
2007-09-25,27.669817
2007-09-26,27.770823
2007-09-27,28.101967
2007-09-28,28.141258
2007-10-01,28.545364
2007-10-02,28.455561
2007-10-03,28.298410
2007-10-04,28.421875
2007-10-05,28.696890
2007-10-08,28.421875
2007-10-09,28.775484
2007-10-10,28.691286
2007-10-11,28.831594
2007-10-12,28.915789
2007-10-15,28.668823
2007-10-16,28.275965
2007-10-17,28.567806
2007-10-18,28.635164
2007-10-19,28.034622
2007-10-22,27.939220
2007-10-23,28.399433
2007-10-24,28.309612
2007-10-25,28.410648
2007-10-26,28.943848
2007-10-29,29.207630
2007-10-30,28.994352
2007-10-31,29.387238
2007-11-01,28.651999
2007-11-02,28.820370
2007-11-05,28.489227
2007-11-06,28.893326
2007-11-07,28.337704
2007-11-08,28.528524
2007-11-09,27.860634
2007-11-12,27.417238
2007-11-13,28.225445
2007-11-14,28.124430
2007-11-15,27.613678
2007-11-16,27.720306
2007-11-19,27.024372
2007-11-20,27.580002
2007-11-21,27.018755
2007-11-23,27.602463
2007-11-26,27.181513
2007-11-27,27.641737
2007-11-28,28.360159
2007-11-29,28.180548
2007-11-30,28.281567
2007-12-03,28.174938
2007-12-04,27.978493
2007-12-05,28.371365
2007-12-06,28.635164
2007-12-07,28.522913
2007-12-10,28.797930
2007-12-11,28.096348
2007-12-12,28.539755
2007-12-13,28.057076
2007-12-14,27.299368
2007-12-17,26.710058
2007-12-18,27.001913
2007-12-19,26.816685
2007-12-20,26.906492
2007-12-21,27.349890
2007-12-24,27.507648
2007-12-26,27.662540
2007-12-27,27.410112
2007-12-28,27.702692
2007-12-31,27.490438
2008-01-02,27.427334
2008-01-03,27.473234
2008-01-04,26.870861
2008-01-07,26.905298
2008-01-08,26.687302
2008-01-09,26.859402
2008-01-10,26.830713
2008-01-11,26.366035
2008-01-14,26.790560
2008-01-15,25.947262
2008-01-16,25.413746
2008-01-17,24.983488
2008-01-18,25.075275
2008-01-22,24.363922
2008-01-23,24.312290
2008-01-24,24.989223
2008-01-25,24.880220
2008-01-28,25.075275
2008-01-29,25.253109
2008-01-30,25.086748
2008-01-31,25.459635
2008-02-01,25.815325
2008-02-04,25.551428
2008-02-05,24.530277
2008-02-06,24.467184
2008-02-07,24.295078
2008-02-08,24.059879
2008-02-11,24.145922
2008-02-12,24.616329
2008-02-13,24.759760
2008-02-14,24.736805
2008-02-15,24.771215
2008-02-19,25.121166
2008-02-20,24.891703
2008-02-21,24.931860
2008-02-22,25.195734
2008-02-25,25.568640
2008-02-26,26.004625
2008-02-27,26.044788
2008-02-28,25.838263
2008-02-29,25.201483
2008-03-03,25.207218
2008-03-04,24.880220
2008-03-05,25.132643
2008-03-06,24.874483
2008-03-07,24.541758
2008-03-10,24.300814
2008-03-11,25.081013
2008-03-12,25.107409
2008-03-13,25.130363
2008-03-14,24.579433
2008-03-17,24.194931
2008-03-18,24.935244
2008-03-19,24.017027
2008-03-20,24.263794
2008-03-24,24.751598
2008-03-25,25.176291
2008-03-26,25.153326
2008-03-27,25.193495
2008-03-28,25.141846
2008-03-31,25.296791
2008-04-01,26.031357
2008-04-02,26.117443
2008-04-03,26.186300
2008-04-04,26.306829
2008-04-07,26.410118
2008-04-08,26.180574
2008-04-09,26.014147
2008-04-10,25.905107
2008-04-11,25.566517
2008-04-14,25.583733
2008-04-15,25.732933
2008-04-16,26.616713
2008-04-17,26.335514
2008-04-18,26.496212
2008-04-21,26.702791
2008-04-22,26.404385
2008-04-23,26.501942
2008-04-24,26.369944
2008-04-25,26.668369
2008-04-28,26.777399
2008-04-29,26.524902
2008-04-30,26.656897
2008-05-01,26.869236
2008-05-02,26.938087
2008-05-05,26.978279
2008-05-06,27.081562
2008-05-07,26.651154
2008-05-08,26.811834
2008-05-09,26.720032
2008-05-12,26.972528
2008-05-13,26.874973
2008-05-14,26.892178
2008-05-15,27.293911
2008-05-16,27.621029
2008-05-19,27.575117
2008-05-20,27.322592
2008-05-21,27.018456
2008-05-22,27.276688
2008-05-23,26.915148
2008-05-27,26.886436
2008-05-28,26.926628
2008-05-29,26.840536
2008-05-30,26.978279
2008-06-02,26.725761
2008-06-03,26.633940
2008-06-04,26.501942
2008-06-05,26.915148
2008-06-06,26.157618
2008-06-09,26.140398
2008-06-10,25.669821
2008-06-11,25.319742
2008-06-12,25.216444
2008-06-13,25.423052
2008-06-16,25.549292
2008-06-17,25.641108
2008-06-18,25.411566
2008-06-19,25.342710
2008-06-20,24.803251
2008-06-23,24.763088
2008-06-24,24.699938
2008-06-25,24.981146
2008-06-26,24.361355
2008-06-27,24.481871
2008-06-30,24.636826
2008-07-01,24.390051
2008-07-02,23.976849
2008-07-03,24.120327
2008-07-07,23.913731
2008-07-08,24.039980
2008-07-09,23.827642
2008-07-10,23.959639
2008-07-11,23.517746
2008-07-14,23.477583
2008-07-15,23.087343
2008-07-16,23.534954
2008-07-17,23.873554
2008-07-18,24.057203
2008-07-21,24.229370
2008-07-22,24.223623
2008-07-23,24.372843
2008-07-24,23.953905
2008-07-25,23.953905
2008-07-28,23.638264
2008-07-29,23.827642
2008-07-30,24.091637
2008-07-31,23.781738
2008-08-01,23.471838
2008-08-04,23.253759
2008-08-05,23.821907
2008-08-06,23.833385
2008-08-07,23.368536
2008-08-08,23.443148
2008-08-11,23.460367
2008-08-12,23.351332
2008-08-13,22.926653
2008-08-14,22.829077
2008-08-15,22.668404
2008-08-18,22.547880
2008-08-19,22.295391
2008-08-20,22.410158
2008-08-21,22.547880
2008-08-22,22.645445
2008-08-25,22.272423
2008-08-26,22.381468
2008-08-27,22.611008
2008-08-28,22.875008
2008-08-29,22.829077
2008-09-02,22.484760
2008-09-03,22.375715
2008-09-04,21.382908
2008-09-05,21.365690
2008-09-08,21.773144
2008-09-09,21.153364
2008-09-10,21.262392
2008-09-11,21.216473
2008-09-12,21.652624
2008-09-15,20.728683
2008-09-16,20.619640
2008-09-17,19.902285
2008-09-18,20.659811
2008-09-19,22.031401
2008-09-22,21.692802
2008-09-23,21.199266
2008-09-24,21.210735
2008-09-25,21.635420
2008-09-26,21.463245
2008-09-29,19.334141
2008-09-30,20.183491
2008-10-01,20.080191
2008-10-02,19.219362
2008-10-03,19.167709
2008-10-06,18.060110
2008-10-07,17.256680
2008-10-08,16.803312
2008-10-09,15.839187
2008-10-10,15.345643
2008-10-13,17.698561
2008-10-14,17.331285
2008-10-15,15.420248
2008-10-16,16.212214
2008-10-17,15.953963
2008-10-20,16.740181
2008-10-21,16.040045
2008-10-22,14.720115
2008-10-23,15.018537
2008-10-24,14.203621
2008-10-27,13.560867
2008-10-28,14.582382
2008-10-29,15.403039
2008-10-30,15.867883
2008-10-31,16.034309
2008-11-03,16.028572
2008-11-04,17.164860
2008-11-05,16.304035
2008-11-06,15.121833
2008-11-07,16.045780
2008-11-10,15.833447
2008-11-11,15.236609
2008-11-12,14.438910
2008-11-13,15.529293
2008-11-14,14.737334
2008-11-17,14.502040
2008-11-18,14.536478
2008-11-19,13.601042
2008-11-20,12.906640
2008-11-21,13.612517
2008-11-24,14.639770
2008-11-25,14.834893
2008-11-26,15.024271
2008-11-28,14.972628
2008-12-01,13.738776
2008-12-02,14.490564
2008-12-03,14.634035
2008-12-04,14.209364
2008-12-05,14.496303
2008-12-08,15.093139
2008-12-09,14.978366
2008-12-10,15.351390
2008-12-11,15.466167
2008-12-12,15.425995
2008-12-15,15.448944
2008-12-16,16.344208
2008-12-17,16.275345
2008-12-18,15.735888
2008-12-19,15.546510
2008-12-22,15.500600
2008-12-23,15.334174
2008-12-24,15.544523
2008-12-26,15.592055
2008-12-29,15.615824
2008-12-30,16.114958
2008-12-31,16.322941
2009-01-02,16.423948
2009-01-05,16.180325
2009-01-06,16.322941
2009-01-07,16.126844
2009-01-08,16.316990
2009-01-09,15.823796
2009-01-12,15.437562
2009-01-13,15.158283
2009-01-14,14.492767
2009-01-15,14.659147
2009-01-16,14.772049
2009-01-20,13.666825
2009-01-21,14.302619
2009-01-22,13.993632
2009-01-23,13.862902
2009-01-26,14.183778
2009-01-27,14.391761
2009-01-28,14.867126
2009-01-29,14.189723
2009-01-30,14.035230
2009-02-02,13.934215
2009-02-03,14.296683
2009-02-04,14.237259
2009-02-05,14.409576
2009-02-06,14.748280
2009-02-09,14.777985
2009-02-10,14.047107
2009-02-11,14.177839
2009-02-12,14.154073
2009-02-13,14.005515
2009-02-17,13.256818
2009-02-18,13.238985
2009-02-19,13.221165
2009-02-20,13.072612
2009-02-23,12.579419
2009-02-24,13.066669
2009-02-25,12.763619
2009-02-26,12.656663
2009-02-27,12.621011
2009-03-02,11.943609
2009-03-03,11.848535
2009-03-04,12.341737
2009-03-05,11.842599
2009-03-06,11.866365
2009-03-09,11.551434
2009-03-10,12.270424
2009-03-11,12.335787
2009-03-12,12.662604
2009-03-13,12.692318
2009-03-16,12.858692
2009-03-17,13.191448
2009-03-18,13.577691
2009-03-19,13.571747
2009-03-20,13.375658
2009-03-23,14.332546
2009-03-24,13.880566
2009-03-25,14.130350
2009-03-26,14.302811
2009-03-27,13.838932
2009-03-30,13.333431
2009-03-31,13.684316
2009-04-01,14.047082
2009-04-02,14.677477
2009-04-03,14.748846
2009-04-06,14.487172
2009-04-07,14.189815
2009-04-08,14.308758
2009-04-09,14.671536
2009-04-13,14.820210
2009-04-14,14.713162
2009-04-15,14.885629
2009-04-16,14.974839
2009-04-17,14.968888
2009-04-20,14.320650
2009-04-21,14.635846
2009-04-22,14.540694
2009-04-23,14.915362
2009-04-24,15.159200
2009-04-27,14.962933
2009-04-28,14.855896
2009-04-29,15.266245
2009-04-30,15.301923
2009-05-01,15.516018
2009-05-04,16.092890
2009-05-05,15.872847
2009-05-06,16.360516
2009-05-07,16.116678
2009-05-08,16.776812
2009-05-11,16.396200
2009-05-12,16.532978
2009-05-13,15.967999
2009-05-14,16.158312
2009-05-15,15.967999
2009-05-18,16.598392
2009-05-19,16.705448
2009-05-20,16.824392
2009-05-21,16.663818
2009-05-22,16.794655
2009-05-26,17.092010
2009-05-27,16.812498
2009-05-28,16.931425
2009-05-29,17.300159
2009-06-01,17.716457
2009-06-02,17.882971
2009-06-03,17.371527
2009-06-04,17.436941
2009-06-05,17.240686
2009-06-08,17.139591
2009-06-09,17.312056
2009-06-10,17.377474
2009-06-11,17.668877
2009-06-12,17.591568
2009-06-15,17.002804
2009-06-16,16.812498
2009-06-17,16.830336
2009-06-18,16.848175
2009-06-19,17.056326
2009-06-22,16.509192
2009-06-23,16.782755
2009-06-24,16.699493
2009-06-25,17.115797
2009-06-26,17.115797
2009-06-29,17.175268
2009-06-30,16.984959
2009-07-01,17.389360
2009-07-02,16.860077
2009-07-06,16.883862
2009-07-07,16.467564
2009-07-08,16.378353
2009-07-09,16.711391
2009-07-10,16.384304
2009-07-13,16.681656
2009-07-14,16.723286
2009-07-15,17.228796
2009-07-16,17.508303
2009-07-17,17.484516
2009-07-20,17.787817
2009-07-21,17.877029
2009-07-22,17.942453
2009-07-23,18.204121
2009-07-24,18.358740
2009-07-27,18.364693
2009-07-28,18.305218
2009-07-29,18.091127
2009-07-30,18.519316
2009-07-31,18.780985
2009-08-03,19.286493
2009-08-04,19.262703
2009-08-05,19.197290
2009-08-06,19.066450
2009-08-07,19.024820
2009-08-10,18.888039
2009-08-11,18.757202
2009-08-12,18.995087
2009-08-13,19.298389
2009-08-14,19.131866
2009-08-17,18.501476
2009-08-18,18.810724
2009-08-19,18.959402
2009-08-20,19.155657
2009-08-21,19.530327
2009-08-24,19.524384
2009-08-25,19.696846
2009-08-26,19.601688
2009-08-27,19.756310
2009-08-28,19.768211
2009-08-31,19.625479
2009-09-01,19.149717
2009-09-02,19.173498
2009-09-03,19.322180
2009-09-04,19.560061
2009-09-08,19.934729
2009-09-09,20.190453
2009-09-10,20.351034
2009-09-11,20.285610
2009-09-14,20.339132
2009-09-15,20.285610
2009-09-16,20.820845
2009-09-17,20.695953
2009-09-18,20.731640
2009-09-21,20.505646
2009-09-22,20.767328
2009-09-23,20.660288
2009-09-24,20.309397
2009-09-25,20.309397
2009-09-28,20.487816
2009-09-29,20.374819
2009-09-30,20.398603
2009-10-01,19.821732
2009-10-02,19.643322
2009-10-05,19.922829
2009-10-06,20.249924
2009-10-07,20.321291
2009-10-08,20.636494
2009-10-09,20.553228
2009-10-12,20.672167
2009-10-13,20.666220
2009-10-14,21.165781
2009-10-15,21.243095
2009-10-16,20.921953
2009-10-19,21.266878
2009-10-20,21.147945
2009-10-21,21.070631
2009-10-22,21.284723
2009-10-23,20.933846
2009-10-26,20.600805
2009-10-27,20.493755
2009-10-28,19.946625
2009-10-29,20.553228
2009-10-30,19.833624
2009-11-02,20.041779
2009-11-03,19.970415
2009-11-04,20.261827
2009-11-05,20.446188
2009-11-06,20.493755
2009-11-09,21.040888
2009-11-10,20.981419
2009-11-11,21.034954
2009-11-12,20.707859
2009-11-13,21.017103
2009-11-16,21.344189
2009-11-17,21.189566
2009-11-18,21.136045
2009-11-19,20.690020
2009-11-20,20.582966
2009-11-23,20.963589
2009-11-24,20.850590
2009-11-25,21.177670
2009-11-27,20.529440
2009-11-30,20.648384
2009-12-01,21.201468
2009-12-02,21.225246
2009-12-03,21.183626
2009-12-04,21.106310
2009-12-07,20.981419
2009-12-08,20.624586
2009-12-09,20.672167
2009-12-10,20.660288
2009-12-11,20.690020
2009-12-14,20.850590
2009-12-15,20.648384
2009-12-16,20.880322
2009-12-17,20.374819
2009-12-18,20.398603
2009-12-21,20.505646
2009-12-22,20.624586
2009-12-23,20.820845
2009-12-24,20.910311
2009-12-28,20.995504
2009-12-29,21.001591
2009-12-30,20.989420
2009-12-31,20.812937
2010-01-04,21.372820
2010-01-05,21.384985
2010-01-06,21.391079
2010-01-07,21.348467
2010-01-08,21.579729
2010-01-11,21.713610
2010-01-12,21.464100
2010-01-13,21.664925
2010-01-14,21.786640
2010-01-15,21.433672
2010-01-19,21.671013
2010-01-20,21.117224
2010-01-21,20.679052
2010-01-22,20.216545
2010-01-25,20.514727
2010-01-26,20.405193
2010-01-27,20.362600
2010-01-28,20.027885
2010-01-29,19.681007
2010-02-01,20.058315
2010-02-02,20.447798
2010-02-03,20.137428
2010-02-04,19.352381
2010-02-05,19.181974
2010-02-08,19.011589
2010-02-09,19.577547
2010-02-10,19.455835
2010-02-11,19.620148
2010-02-12,19.571466
2010-02-16,19.881824
2010-02-17,19.906176
2010-02-18,20.088751
2010-02-19,19.906176
2010-02-22,19.936605
2010-02-23,19.711428
2010-02-24,19.772293
2010-02-25,19.693176
2010-02-26,19.827057
2010-03-01,19.973118
2010-03-02,20.119183
2010-03-03,20.405193
2010-03-04,20.301743
2010-03-05,20.758165
2010-03-08,20.703400
2010-03-09,20.642534
2010-03-10,20.776423
2010-03-11,20.843365
2010-03-12,20.940731
2010-03-15,20.812937
2010-03-16,21.056358
2010-03-17,21.178070
2010-03-18,21.050278
2010-03-19,20.831198
2010-03-22,20.873791
2010-03-23,21.050940
2010-03-24,20.673502
2010-03-25,20.697865
2010-03-26,20.825697
2010-03-29,21.038771
2010-03-30,21.057024
2010-03-31,21.075294
2010-04-01,21.385767
2010-04-05,21.355312
2010-04-06,21.379671
2010-04-07,21.160524
2010-04-08,21.178785
2010-04-09,21.489250
2010-04-12,21.574474
2010-04-13,21.550125
2010-04-14,21.824062
2010-04-15,21.842327
2010-04-16,21.330976
2010-04-19,21.288364
2010-04-20,21.452721
2010-04-21,21.288364
2010-04-22,21.081383
2010-04-23,21.221395
2010-04-26,21.264011
2010-04-27,20.423920
2010-04-28,20.405653
2010-04-29,20.758730
2010-04-30,20.490881
2010-05-03,20.600462
2010-05-04,19.784719
2010-05-05,19.443823
2010-05-06,18.524588
2010-05-07,18.481966
2010-05-10,19.681236
2010-05-11,19.425554
2010-05-12,19.614265
2010-05-13,19.376846
2010-05-14,18.841141
2010-05-17,18.792442
2010-05-18,18.384569
2010-05-19,18.512415
2010-05-20,17.672325
2010-05-21,18.244558
2010-05-24,17.836689
2010-05-25,17.800159
2010-05-26,17.514038
2010-05-27,18.494141
2010-05-28,18.128891
2010-06-01,17.921911
2010-06-02,18.469793
2010-06-03,18.372395
2010-06-04,17.623623
2010-06-07,17.361849
2010-06-08,17.641884
2010-06-09,17.593182
2010-06-10,18.335873
2010-06-11,18.378489
2010-06-14,18.481966
2010-06-15,19.066383
2010-06-16,19.017687
2010-06-17,19.042034
2010-06-18,19.017687
2010-06-21,19.035948
2010-06-22,18.792442
2010-06-23,18.902020
2010-06-24,18.573288
2010-06-25,18.682858
2010-06-28,18.542847
2010-06-29,17.873213
2010-06-30,17.800159
2010-07-01,18.007139
2010-07-02,17.970610
2010-07-06,18.323696
2010-07-07,18.914194
2010-07-08,19.133345
2010-07-09,19.145523
2010-07-12,19.090731
2010-07-13,19.425554
2010-07-14,19.449905
2010-07-15,19.577747
2010-07-16,18.944632
2010-07-19,19.084644
2010-07-20,19.194225
2010-07-21,18.853315
2010-07-22,19.504692
2010-07-23,19.717754
2010-07-26,19.869947
2010-07-27,19.930820
2010-07-28,19.802984
2010-07-29,19.894299
2010-07-30,19.876036
2010-08-02,20.527414
2010-08-03,20.490881
2010-08-04,20.472624
2010-08-05,20.490881
2010-08-06,20.551762
2010-08-09,20.606543
2010-08-10,20.460443
2010-08-11,19.504692
2010-08-12,19.492523
2010-08-13,19.413380
2010-08-16,19.559479
2010-08-17,19.790812
2010-08-18,19.802984
2010-08-19,19.541222
2010-08-20,19.303797
2010-08-23,19.273359
2010-08-24,18.975075
2010-08-25,18.981155
2010-08-26,18.975075
2010-08-27,19.364683
2010-08-30,19.108995
2010-08-31,19.163788
2010-09-01,19.839510
2010-09-02,19.942995
2010-09-03,20.131710
2010-09-07,19.876036
2010-09-08,20.016047
2010-09-09,20.192589
2010-09-10,20.247377
2010-09-13,20.618729
2010-09-14,20.746565
2010-09-15,20.770912
2010-09-16,20.655245
2010-09-17,20.503059
2010-09-20,20.892666
2010-09-21,20.892666
2010-09-22,20.874407
2010-09-23,20.643068
2010-09-24,21.215302
2010-09-27,21.117905
2010-09-28,21.245749
2010-09-29,21.203129
2010-09-30,21.014425
2010-10-01,21.251833
2010-10-04,20.971807
2010-10-05,21.550125
2010-10-06,21.708401
2010-10-07,21.671871
2010-10-08,21.805801
2010-10-11,21.775375
2010-10-12,21.732754
2010-10-13,21.976261
2010-10-14,22.122366
2010-10-15,22.085835
2010-10-18,22.219765
2010-10-19,21.617090
2010-10-20,22.037136
2010-10-21,21.921469
2010-10-22,21.970175
2010-10-25,22.055399
2010-10-26,21.897116
2010-10-27,21.684061
2010-10-28,21.860600
2010-10-29,21.866682
2010-11-01,21.775375
2010-11-02,22.128460
2010-11-03,22.304981
2010-11-04,22.810253
2010-11-05,22.712862
2010-11-08,22.597200
2010-11-09,22.353699
2010-11-10,22.426741
2010-11-11,22.250198
2010-11-12,22.043221
2010-11-15,22.079748
2010-11-16,21.525776
2010-11-17,21.653612
2010-11-18,22.189327
2010-11-19,22.201500
2010-11-22,21.964085
2010-11-23,21.288364
2010-11-24,21.629263
2010-11-26,21.300533
2010-11-29,21.075294
2010-11-30,20.795267
2010-12-01,21.416203
2010-12-02,21.866682
2010-12-03,22.043221
2010-12-06,21.927559
2010-12-07,21.970175
2010-12-08,22.043221
2010-12-09,22.067577
2010-12-10,22.140623
2010-12-13,22.378042
2010-12-14,22.426741
2010-12-15,22.128460
2010-12-16,22.219765
2010-12-17,22.110189
2010-12-20,22.158894
2010-12-21,22.317162
2010-12-22,22.389524
2010-12-23,22.358339
2010-12-27,22.333387
2010-12-28,22.327143
2010-12-29,22.526777
2010-12-30,22.439432
2010-12-31,22.551723
2011-01-03,22.732635
2011-01-04,22.664013
2011-01-05,22.539253
2011-01-06,22.339619
2011-01-07,22.264755
2011-01-10,22.202387
2011-01-11,22.352097
2011-01-12,22.826218
2011-01-13,22.919788
2011-01-14,23.044563
2011-01-18,23.194277
2011-01-19,23.075752
2011-01-20,22.876123
2011-01-21,23.000895
2011-01-24,23.206762
2011-01-25,23.194277
2011-01-26,23.306572
2011-01-27,23.362722
2011-01-28,22.819979
2011-01-31,23.038324
2011-02-01,23.599762
2011-02-02,23.587299
2011-02-03,23.593540
2011-02-04,23.568575
2011-02-07,23.643442
2011-02-08,23.768219
2011-02-09,23.718300
2011-02-10,23.549870
2011-02-11,23.562336
2011-02-14,23.587299
2011-02-15,23.524912
2011-02-16,23.818117
2011-02-17,23.930412
2011-02-18,24.011511
2011-02-22,23.319044
2011-02-23,23.319044
2011-02-24,23.337761
2011-02-25,23.643442
2011-02-28,23.880495
2011-03-01,23.531155
2011-03-02,23.643442
2011-03-03,23.974075
2011-03-04,23.743254
2011-03-07,23.487482
2011-03-08,23.568575
2011-03-09,23.543629
2011-03-10,22.975939
2011-03-11,23.007132
2011-03-14,22.589155
2011-03-15,22.090084
2011-03-16,21.422583
2011-03-17,22.115042
2011-03-18,22.464388
2011-03-21,23.025848
2011-03-22,22.963465
2011-03-23,22.964716
2011-03-24,23.282972
2011-03-25,22.995905
2011-03-28,23.002151
2011-03-29,23.139450
2011-03-30,23.395300
2011-03-31,23.282972
2011-04-01,23.520107
2011-04-04,23.513863
2011-04-05,23.451469
2011-04-06,23.657383
2011-04-07,23.551306
2011-04-08,23.732281
2011-04-11,23.682356
2011-04-12,23.463943
2011-04-13,23.545071
2011-04-14,23.644905
2011-04-15,23.613714
2011-04-18,23.133202
2011-04-19,23.301689
2011-04-20,23.919487
2011-04-21,24.063019
2011-04-25,24.050533
2011-04-26,24.237751
2011-04-27,24.537294
2011-04-28,24.705795
2011-04-29,24.724503
2011-05-02,24.730753
2011-05-03,24.531059
2011-05-04,24.318872
2011-05-05,23.857084
2011-05-06,23.875807
2011-05-09,24.031813
2011-05-10,24.262712
2011-05-11,23.800917
2011-05-12,23.875807
2011-05-13,23.488903
2011-05-16,23.457706
2011-05-17,23.507620
2011-05-18,23.663628
2011-05-19,23.807165
2011-05-20,23.445223
2011-05-23,22.902300
2011-05-24,23.027111
2011-05-25,23.201843
2011-05-26,23.426498
2011-05-27,23.588739
2011-05-31,24.056778
2011-06-01,23.501387
2011-06-02,23.644905
2011-06-03,23.644905
2011-06-06,23.332891
2011-06-07,23.520107
2011-06-08,23.226803
2011-06-09,23.488903
2011-06-10,22.902300
2011-06-13,22.964716
2011-06-14,23.364092
2011-06-15,22.565325
2011-06-16,22.515400
2011-06-17,22.740049
2011-06-20,22.727562
2011-06-21,23.220570
2011-06-22,22.964716
2011-06-23,22.740049
2011-06-24,22.534122
2011-06-27,22.727562
2011-06-28,23.002151
2011-06-29,23.407770
2011-06-30,23.763481
2011-07-01,24.013100
2011-07-05,23.850851
2011-07-06,23.732281
2011-07-07,23.925734
2011-07-08,23.619947
2011-07-11,22.914793
2011-07-12,22.746296
2011-07-13,23.095757
2011-07-14,22.908550
2011-07-15,22.995905
2011-07-18,22.640205
2011-07-19,22.995905
2011-07-20,23.276728
2011-07-21,23.775967
2011-07-22,23.825884
2011-07-25,23.663628
2011-07-26,23.813396
2011-07-27,23.233047
2011-07-28,23.145687
2011-07-29,23.195601
2011-08-01,22.927259
2011-08-02,22.328184
2011-08-03,22.452997
2011-08-04,20.849209
2011-08-05,21.242361
2011-08-08,19.613605
2011-08-09,20.917852
2011-08-10,19.682253
2011-08-11,20.605833
2011-08-12,20.917852
2011-08-15,21.410847
2011-08-16,21.030182
2011-08-17,21.167463
2011-08-18,20.181482
2011-08-19,19.844505
2011-08-22,19.994272
2011-08-23,20.630800
2011-08-24,20.624557
2011-08-25,20.150278
2011-08-26,20.437347
2011-08-29,20.936577
2011-08-30,20.849209
2011-08-31,21.204914
2011-09-01,20.961536
2011-09-02,20.456064
2011-09-06,19.800816
2011-09-07,20.393660
2011-09-08,19.981796
2011-09-09,19.314066
2011-09-12,19.183014
2011-09-13,19.388952
2011-09-14,19.657297
2011-09-15,20.087881
2011-09-16,20.075392
2011-09-19,19.544960
2011-09-20,19.607361
2011-09-21,19.045736
2011-09-22,18.365526
2011-09-23,18.546497
2011-09-26,18.958361
2011-09-27,19.382706
2011-09-28,19.089415
2011-09-29,19.470072
2011-09-30,18.802351
2011-10-03,18.321844
2011-10-04,18.640104
2011-10-05,18.939644
2011-10-06,19.445112
2011-10-07,19.320314
2011-10-10,20.056677
2011-10-11,19.975552
2011-10-12,20.337496
2011-10-13,20.318771
2011-10-14,20.562151
2011-10-17,20.087881
2011-10-18,20.331247
2011-10-19,20.019234
2011-10-20,20.031719
2011-10-21,20.549677
2011-10-24,20.855448
2011-10-25,20.524704
2011-10-26,20.799290
2011-10-27,21.947517
2011-10-28,21.766548
2011-10-31,20.637028
2011-11-01,19.950594
2011-11-02,20.200203
2011-11-03,20.705679
2011-11-04,20.424868
2011-11-07,20.518463
2011-11-08,20.774326
2011-11-09,19.700972
2011-11-10,19.963072
2011-11-11,20.449831
2011-11-14,20.075392
2011-11-15,20.006760
2011-11-16,19.607361
2011-11-17,19.413916
2011-11-18,19.470072
2011-11-21,18.995813
2011-11-22,18.939644
2011-11-23,18.402966
2011-11-25,18.334322
2011-11-28,19.101898
2011-11-29,19.226698
2011-11-30,20.206444
2011-12-01,20.000505
2011-12-02,20.069160
2011-12-05,20.281330
2011-12-06,20.200203
2011-12-07,20.331247
2011-12-08,19.694733
2011-12-09,20.125324
2011-12-12,19.544960
2011-12-13,19.301592
2011-12-14,19.064449
2011-12-15,19.170540
2011-12-16,19.089415
2011-12-19,18.914679
2011-12-20,19.551207
2011-12-21,19.477604
2011-12-22,19.632551
2011-12-23,19.793945
2011-12-27,19.690655
2011-12-28,19.361395
2011-12-29,19.697107
2011-12-30,19.774576
2012-01-03,20.303965
2012-01-04,20.187763
2012-01-05,19.897238
2012-01-06,19.664831
2012-01-09,19.710024
2012-01-10,20.032820
2012-01-11,19.968258
2012-01-12,20.026361
2012-01-13,19.832682
2012-01-17,20.026361
2012-01-18,20.387897
2012-01-19,20.626762
2012-01-20,20.723608
2012-01-23,20.826900
2012-01-24,20.723608
2012-01-25,20.930193
2012-01-26,20.981844
2012-01-27,21.001213
2012-01-30,20.755886
2012-01-31,20.885002
2012-02-01,21.201349
2012-02-02,21.246538
2012-02-03,21.549974
2012-02-06,21.453127
2012-02-07,21.601614
2012-02-08,21.685537
2012-02-09,21.724276
2012-02-10,21.324015
2012-02-13,21.569336
2012-02-14,21.420849
2012-02-15,21.440216
2012-02-16,21.724276
2012-02-17,21.814665
2012-02-21,21.827572
2012-02-22,21.775923
2012-02-23,21.950232
2012-02-24,22.098722
2012-02-27,21.956694
2012-02-28,22.176188
2012-02-29,21.905041
2012-03-01,22.137466
2012-03-02,21.917959
2012-03-05,21.795290
2012-03-06,21.110962
2012-03-07,21.369198
2012-03-08,21.827572
2012-03-09,21.743645
2012-03-12,21.698454
2012-03-13,22.053532
2012-03-14,21.853395
2012-03-15,22.066441
2012-03-16,22.221380
2012-03-19,22.331139
2012-03-20,22.059984
2012-03-21,21.930872
2012-03-22,21.776527
2012-03-23,21.912136
2012-03-26,22.209208
2012-03-27,22.086510
2012-03-28,21.944427
2012-03-29,21.795893
2012-03-30,21.976711
2012-04-02,22.228580
2012-04-03,21.828186
2012-04-04,21.350294
2012-04-05,21.221132
2012-04-09,21.104887
2012-04-10,20.685110
2012-04-11,20.936972
2012-04-12,21.343830
2012-04-13,20.924061
2012-04-16,21.053217
2012-04-17,21.395496
2012-04-18,21.272800
2012-04-19,21.156549
2012-04-20,21.369661
2012-04-23,20.943434
2012-04-24,21.117802
2012-04-25,21.389044
2012-04-26,21.524660
2012-04-27,21.576321
2012-04-30,21.453619
2012-05-01,21.563404
2012-05-02,21.395496
2012-05-03,21.208216
2012-05-04,20.865936
2012-05-07,21.008013
2012-05-08,20.710943
2012-05-09,20.459080
2012-05-10,20.555948
2012-05-11,20.413870
2012-05-14,20.052229
2012-05-15,19.787445
2012-05-16,19.593699
2012-05-17,19.354755
2012-05-18,19.193304
2012-05-21,19.632446
2012-05-22,19.561413
2012-05-23,19.393501
2012-05-24,19.257874
2012-05-25,19.199760
2012-05-29,19.425791
2012-05-30,18.980190
2012-05-31,19.057682
2012-06-01,18.579790
2012-06-04,18.728323
2012-06-05,18.825193
2012-06-06,19.367666
2012-06-07,19.406414
2012-06-08,19.335381
2012-06-11,19.161013
2012-06-12,19.496838
2012-06-13,19.348291
2012-06-14,19.451628
2012-06-15,19.755154
2012-06-18,19.709953
2012-06-19,20.019936
2012-06-20,20.162008
2012-06-21,19.632446
2012-06-22,19.826187
2012-06-25,19.374128
2012-06-26,19.483915
2012-06-27,19.671198
2012-06-28,19.690567
2012-06-29,20.388039
2012-07-02,20.530121
2012-07-03,20.743231
2012-07-05,20.426785
2012-07-06,20.207214
2012-07-09,20.168467
2012-07-10,20.007010
2012-07-11,20.090971
2012-07-12,19.864939
2012-07-13,20.155548
2012-07-16,20.149092
2012-07-17,20.220133
2012-07-18,20.368668
2012-07-19,20.536573
2012-07-20,20.084513
2012-07-23,19.664742
2012-07-24,19.438709
2012-07-25,19.554951
2012-07-26,20.149092
2012-07-27,20.594696
2012-07-30,20.543036
2012-07-31,20.439697
2012-08-01,20.452621
2012-08-02,20.168467
2012-08-03,20.846558
2012-08-06,20.975723
2012-08-07,21.163012
2012-08-08,21.169468
2012-08-09,21.156549
2012-08-10,21.195290
2012-08-13,21.098421
2012-08-14,21.143629
2012-08-15,21.072598
2012-08-16,21.311544
2012-08-17,21.382576
2012-08-20,21.311544
2012-08-21,21.434244
2012-08-22,21.408413
2012-08-23,21.292164
2012-08-24,21.266342
2012-08-27,21.292164
2012-08-28,21.266342
2012-08-29,21.208216
2012-08-30,20.911139
2012-08-31,21.111345
2012-09-04,20.982182
2012-09-05,20.936972
2012-09-06,21.453619
2012-09-07,21.770056
2012-09-10,21.595694
2012-09-11,21.847559
2012-09-12,21.963806
2012-09-13,22.338367
2012-09-14,22.538576
2012-09-17,22.409414
2012-09-18,22.338367
2012-09-19,22.390034
2012-09-20,22.247963
2012-09-21,22.286705
2012-09-24,22.233332
2012-09-25,22.061998
2012-09-26,21.837950
2012-09-27,22.088360
2012-09-28,21.666622
2012-10-01,21.837950
2012-10-02,21.917030
2012-10-03,21.831364
2012-10-04,22.075178
2012-10-05,22.121304
2012-10-08,21.976332
2012-10-09,21.660034
2012-10-10,21.587549
2012-10-11,21.725931
2012-10-12,21.732515
2012-10-15,21.923613
2012-10-16,22.292639
2012-10-17,22.503506
2012-10-18,22.431015
2012-10-19,22.127892
2012-10-22,22.266281
2012-10-23,21.805006
2012-10-24,21.831364
2012-10-25,21.956570
2012-10-26,21.930206
2012-10-31,21.897264
2012-11-01,22.154251
2012-11-02,21.943386
2012-11-05,21.870899
2012-11-06,22.101543
2012-11-07,21.758881
2012-11-08,21.548014
2012-11-09,21.554607
2012-11-12,21.541422
2012-11-13,21.429399
2012-11-14,21.211946
2012-11-15,21.277836
2012-11-16,21.264656
2012-11-19,21.725931
2012-11-20,21.752291
2012-11-21,21.798418
2012-11-23,22.266281
2012-11-26,22.213556
2012-11-27,22.081766
2012-11-28,22.259691
2012-11-29,22.457382
2012-11-30,22.490326
2012-12-03,22.516687
2012-12-04,22.575989
2012-12-05,22.622114
2012-12-06,22.655064
2012-12-07,22.655064
2012-12-10,22.668249
2012-12-11,22.793442
2012-12-12,22.879118
2012-12-13,22.806627
2012-12-14,22.892294
2012-12-17,23.004309
2012-12-18,23.215185
2012-12-19,23.274481
2012-12-20,23.478123
2012-12-21,23.331718
2012-12-24,23.265173
2012-12-26,23.251860
2012-12-27,23.338373
2012-12-28,23.105459
2012-12-31,23.444851
2013-01-02,23.830828
2013-01-03,23.591255
2013-01-04,23.724354
2013-01-07,23.604563
2013-01-08,23.478123
2013-01-09,23.591255
2013-01-10,23.917339
2013-01-11,23.957260
2013-01-14,23.990543
2013-01-15,23.957260
2013-01-16,23.810869
2013-01-17,24.010515
2013-01-18,23.997202
2013-01-22,24.010515
2013-01-23,23.963919
2013-01-24,24.103672
2013-01-25,24.369865
2013-01-28,24.230112
2013-01-29,24.409790
2013-01-30,24.436420
2013-01-31,24.343250
2013-02-01,24.536234
2013-02-04,24.090366
2013-02-05,24.196842
2013-02-06,24.196842
2013-02-07,24.010515
2013-02-08,24.176878
2013-02-11,24.156910
2013-02-12,24.256739
2013-02-13,24.343250
2013-02-14,24.203499
2013-02-15,24.116980
2013-02-19,24.416452
2013-02-20,24.190191
2013-02-21,23.817514
2013-02-22,24.170218
2013-02-25,23.604563
2013-02-26,23.777590
2013-02-27,24.077051
2013-02-28,24.063740
2013-03-01,24.010515
2013-03-04,24.116980
2013-03-05,24.349907
2013-03-06,24.409790
2013-03-07,24.482996
2013-03-08,24.536234
2013-03-11,24.602785
2013-03-12,24.496309
2013-03-13,24.443064
2013-03-14,24.709265
2013-03-15,24.729225
2013-03-18,24.456379
2013-03-19,24.383173
2013-03-20,24.549545
2013-03-21,24.343250
2013-03-22,24.564497
2013-03-25,24.243652
2013-03-26,24.384024
2013-03-27,24.263708
2013-03-28,24.350603
2013-04-01,24.063173
2013-04-02,24.317175
2013-04-03,24.203543
2013-04-04,24.417440
2013-04-05,24.310495
2013-04-08,24.390711
2013-04-09,24.490963
2013-04-10,24.838552
2013-04-11,25.032387
2013-04-12,24.998972
2013-04-15,24.477606
2013-04-16,24.831863
2013-04-17,24.323868
2013-04-18,24.263708
2013-04-19,24.430811
2013-04-22,24.551128
2013-04-23,24.892023
2013-04-24,25.105919
2013-04-25,25.246284
2013-04-26,25.259655
2013-04-29,25.553762
2013-04-30,25.620607
2013-05-01,25.426765
2013-05-02,25.506977
2013-05-03,25.814447
2013-05-06,25.794390
2013-05-07,25.861227
2013-05-08,26.128609
2013-05-09,25.881289
2013-05-10,25.894655
2013-05-13,25.894655
2013-05-14,25.988235
2013-05-15,26.075123
2013-05-16,25.861227
2013-05-17,26.075123
2013-05-20,26.208807
2013-05-21,26.248924
2013-05-22,26.014973
2013-05-23,25.620607
2013-05-24,25.420084
2013-05-28,25.466866
2013-05-29,25.246284
2013-05-30,25.366606
2013-05-31,24.858601
2013-06-03,25.025705
2013-06-04,25.079178
2013-06-05,24.517702
2013-06-06,24.658075
2013-06-07,24.945488
2013-06-10,24.958866
2013-06-11,24.644707
2013-06-12,24.631325
2013-06-13,25.012341
2013-06-14,24.718241
2013-06-17,25.072502
2013-06-18,25.226233
2013-06-19,24.765026
2013-06-20,23.842598
2013-06-21,23.922815
2013-06-24,23.512161
2013-06-25,23.851547
2013-06-26,23.960146
2013-06-27,24.218069
2013-06-28,24.163765
2013-07-01,24.408125
2013-07-02,24.285950
2013-07-03,24.279163
2013-07-05,24.380974
2013-07-08,24.509941
2013-07-09,24.659264
2013-07-10,24.706779
2013-07-11,25.385532
2013-07-12,25.242996
2013-07-15,25.392317
2013-07-16,25.358379
2013-07-17,25.453407
2013-07-18,25.602736
2013-07-19,25.575581
2013-07-22,25.711338
2013-07-23,25.745277
2013-07-24,25.718119
2013-07-25,25.745277
2013-07-26,25.602736
2013-07-29,25.378750
2013-07-30,25.371965
2013-07-31,25.419470
2013-08-01,25.772432
2013-08-02,25.976046
2013-08-05,25.948902
2013-08-06,25.894604
2013-08-07,25.745277
2013-08-08,25.976046
2013-08-09,25.989626
2013-08-12,25.948902
2013-08-13,26.145744
2013-08-14,26.152531
2013-08-15,25.928549
2013-08-16,25.976046
2013-08-19,25.792786
2013-08-20,25.752060
2013-08-21,25.446630
2013-08-22,25.711338
2013-08-23,25.935331
2013-08-26,25.765640
2013-08-27,25.331228
2013-08-28,25.304087
2013-08-29,25.304087
2013-08-30,25.012205
2013-09-03,25.480560
2013-09-04,25.711338
2013-09-05,25.704556
2013-09-06,25.853868
2013-09-09,26.220409
2013-09-10,26.505480
2013-09-11,26.580145
2013-09-12,26.451187
2013-09-13,26.546207
2013-09-16,26.783777
2013-09-17,26.797348
2013-09-18,27.503267
2013-09-19,27.381075
2013-09-20,27.157091
2013-09-23,27.173447
2013-09-24,27.118933
2013-09-25,27.132553
2013-09-26,27.234787
2013-09-27,27.180262
2013-09-30,26.975800
2013-10-01,27.132553
2013-10-02,27.105288
2013-10-03,26.934902
2013-10-04,27.009888
2013-10-07,26.737253
2013-10-08,26.560053
2013-10-09,26.648657
2013-10-10,27.146193
2013-10-11,27.296127
2013-10-14,27.377909
2013-10-15,27.234787
2013-10-16,27.466507
2013-10-17,27.800472
2013-10-18,27.964046
2013-10-21,28.004942
2013-10-22,28.270742
2013-10-23,27.964046
2013-10-24,28.154881
2013-10-25,28.079905
2013-10-28,28.039011
2013-10-29,28.086723
2013-10-30,28.025385
2013-10-31,27.841370
2013-11-01,27.705063
2013-11-04,27.827749
2013-11-05,27.589195
2013-11-06,27.855000
2013-11-07,27.384731
2013-11-08,27.548298
2013-11-11,27.582369
2013-11-12,27.521038
2013-11-13,27.596008
2013-11-14,27.725506
2013-11-15,27.977663
2013-11-18,27.998125
2013-11-19,27.916344
2013-11-20,27.725506
2013-11-21,27.889084
2013-11-22,27.970867
2013-11-25,27.889084
2013-11-26,27.882257
2013-11-27,27.977663
2013-11-29,28.025385
2013-12-02,27.834545
2013-12-03,27.609644
2013-12-04,27.452879
2013-12-05,27.302946
2013-12-06,27.636906
2013-12-09,27.643721
2013-12-10,27.555119
2013-12-11,27.330200
2013-12-12,27.125740
2013-12-13,27.098480
2013-12-16,27.296127
2013-12-17,27.193886
2013-12-18,27.596008
2013-12-19,27.582369
2013-12-20,27.728315
2013-12-23,28.002377
2013-12-24,28.050339
2013-12-26,28.214775
2013-12-27,28.358658
2013-12-30,28.509401
2013-12-31,28.557360
2014-01-02,28.077749
2014-01-03,28.084604
2014-01-06,28.029781
2014-01-07,28.194220
2014-01-08,28.187368
2014-01-09,28.153116
2014-01-10,28.406624
2014-01-13,28.166826
2014-01-14,28.379223
2014-01-15,28.516249
2014-01-16,28.468281
2014-01-17,28.399773
2014-01-21,28.516249
2014-01-22,28.543663
2014-01-23,28.331274
2014-01-24,27.550180
2014-01-27,27.420000
2014-01-28,27.694065
2014-01-29,27.365189
2014-01-30,27.509069
2014-01-31,27.070560
2014-02-03,26.549843
2014-02-04,26.823915
2014-02-05,26.851316
2014-02-06,27.378887
2014-02-07,27.680349
2014-02-10,27.557030
2014-02-11,28.009235
2014-02-12,28.077749
2014-02-13,28.125694
2014-02-14,28.249039
2014-02-18,28.481985
2014-02-19,28.262741
2014-02-20,28.365515
2014-02-21,28.434034
2014-02-24,28.673838
2014-02-25,28.619019
2014-02-26,28.529949
2014-02-27,28.646431
2014-02-28,28.680689
2014-03-03,28.098293
2014-03-04,28.653278
2014-03-05,28.591619
2014-03-06,28.913637
2014-03-07,28.762907
2014-03-10,28.571068
2014-03-11,28.372360
2014-03-12,28.249039
2014-03-13,27.748867
2014-03-14,27.680349
2014-03-17,28.016085
2014-03-18,28.194220
2014-03-19,27.844797
2014-03-20,27.735170
2014-03-21,27.687208
2014-03-24,27.735170
2014-03-25,28.053024
2014-03-26,28.059946
2014-03-27,28.219221
2014-03-28,28.420057
2014-03-31,28.579319
2014-04-01,28.787062
2014-04-02,28.835539
2014-04-03,28.738598
2014-04-04,28.662416
2014-04-07,28.530838
2014-04-08,28.510069
2014-04-09,28.904795
2014-04-10,28.385427
2014-04-11,28.226145
2014-04-14,28.385427
2014-04-15,28.246922
2014-04-16,28.620871
2014-04-17,28.724743
2014-04-21,28.773216
2014-04-22,28.890955
2014-04-23,28.814772
2014-04-24,28.807842
2014-04-25,28.669350
2014-04-28,28.752441
2014-04-29,28.939419
2014-04-30,29.029451
2014-05-01,29.126387
2014-05-02,29.084843
2014-05-05,29.050220
2014-05-06,29.008657
2014-05-07,29.036364
2014-05-08,29.029451
2014-05-09,28.987900
2014-05-12,29.209494
2014-05-13,29.251043
2014-05-14,29.209494
2014-05-15,29.077917
2014-05-16,29.126387
2014-05-19,29.077917
2014-05-20,28.884010
2014-05-21,29.119476
2014-05-22,29.188721
2014-05-23,29.257984
2014-05-27,29.438017
2014-05-28,29.348001
2014-05-29,29.541882
2014-05-30,29.541882
2014-06-02,29.590366
2014-06-03,29.528048
2014-06-04,29.541882
2014-06-05,29.742710
2014-06-06,29.895060
2014-06-09,29.860437
2014-06-10,29.805046
2014-06-11,29.666544
2014-06-12,29.673466
2014-06-13,29.666544
2014-06-16,29.687305
2014-06-17,29.652678
2014-06-18,29.908918
2014-06-19,30.054342
2014-06-20,29.992008
2014-06-23,29.915842
2014-06-24,29.742725
2014-06-25,29.770775
2014-06-26,29.756760
2014-06-27,29.812817
2014-06-30,29.847864
2014-07-01,30.114172
2014-07-02,30.149216
2014-07-03,30.198271
2014-07-07,29.966993
2014-07-08,29.665653
2014-07-09,29.777777
2014-07-10,29.427368
2014-07-11,29.462410
2014-07-14,29.672649
2014-07-15,29.581549
2014-07-16,29.798803
2014-07-17,29.406357
2014-07-18,29.651632
2014-07-21,29.532494
2014-07-22,29.686668
2014-07-23,29.749752
2014-07-24,29.798803
2014-07-25,29.693682
2014-07-28,29.707699
2014-07-29,29.679659
2014-07-30,29.651632
2014-07-31,29.140045
2014-08-01,28.978853
2014-08-04,29.076956
2014-08-05,28.719536
2014-08-06,28.656464
2014-08-07,28.418177
2014-08-08,28.600397
2014-08-11,28.670486
2014-08-12,28.670486
2014-08-13,28.866714
2014-08-14,28.999861
2014-08-15,28.985851
2014-08-18,29.147041
2014-08-19,29.217115
2014-08-20,29.119005
2014-08-21,29.231140
2014-08-22,29.104988
2014-08-25,29.301226
2014-08-26,29.294220
2014-08-27,29.378296
2014-08-28,29.238155
2014-08-29,29.217115
2014-09-02,29.245152
2014-09-03,29.434376
2014-09-04,29.308226
2014-09-05,29.301226
2014-09-08,29.006886
2014-09-09,28.894749
2014-09-10,29.062946
2014-09-11,28.901749
2014-09-12,28.845686
2014-09-15,28.803637
2014-09-16,28.922789
2014-09-17,28.712538
2014-09-18,28.908770
2014-09-19,28.803637
2014-09-22,28.705528
2014-09-23,28.446226
2014-09-24,28.602623
2014-09-25,28.201059
2014-09-26,28.306730
2014-09-29,28.060163
2014-09-30,28.003796
2014-10-01,27.658594
2014-10-02,27.355663
2014-10-03,27.390888
2014-10-06,27.545881
2014-10-07,27.102043
2014-10-08,27.517693
2014-10-09,26.777973
2014-10-10,26.376410
2014-10-13,26.362314
2014-10-14,26.404577
2014-10-15,26.256645
2014-10-16,26.045290
2014-10-17,26.467989
2014-10-20,26.693439
2014-10-21,26.982277
2014-10-22,26.792061
2014-10-23,27.073866
2014-10-24,27.186583
2014-10-27,27.102043
2014-10-28,27.433149
2014-10-29,27.271118
2014-10-30,27.461330
2014-10-31,27.905163
2014-11-03,27.707909
2014-11-04,27.531786
2014-11-05,27.538834
2014-11-06,27.426098
2014-11-07,27.433149
2014-11-10,27.559967
2014-11-11,27.721998
2014-11-12,27.489513
2014-11-13,27.602228
2014-11-14,27.644505
2014-11-17,27.524738
2014-11-18,27.820627
2014-11-19,27.729038
2014-11-20,27.588144
2014-11-21,27.820627
2014-11-24,27.954487
2014-11-25,28.017885
2014-11-26,28.130606
2014-11-28,27.905163
2014-12-01,27.862894
2014-12-02,27.940397
2014-12-03,27.898125
2014-12-04,27.855848
2014-12-05,27.912212
2014-12-08,27.665636
2014-12-09,27.510639
2014-12-10,27.151358
2014-12-11,27.123165
2014-12-12,26.622986
2014-12-15,26.214365
2014-12-16,26.411633
2014-12-17,26.679340
2014-12-18,27.158405
2014-12-19,27.214762
2014-12-22,27.356541
2014-12-23,27.228931
2014-12-24,27.349455
2014-12-26,27.434513
2014-12-29,27.257292
2014-12-30,27.016264
2014-12-31,26.853220
2015-01-02,26.718525
2015-01-05,26.123041
2015-01-06,25.832405
2015-01-07,26.108870
2015-01-08,26.505861
2015-01-09,26.378252
2015-01-12,26.349897
2015-01-13,26.477491
2015-01-14,26.406603
2015-01-15,26.555481
2015-01-16,26.846136
2015-01-20,26.966648
2015-01-21,27.165136
2015-01-22,27.264374
2015-01-23,27.101334
2015-01-26,27.462875
2015-01-27,27.484140
2015-01-28,27.122597
2015-01-29,27.491238
2015-01-30,27.044624
2015-02-02,27.399075
2015-02-03,27.788977
2015-02-04,27.590479
2015-02-05,27.881128
2015-02-06,27.547945
2015-02-09,27.420340
2015-02-10,27.654278
2015-02-11,27.505404
2015-02-12,27.930746
2015-02-13,28.129251
2015-02-17,28.193048
2015-02-18,28.384453
2015-02-19,28.398619
2015-02-20,28.682182
2015-02-23,28.568762
2015-02-24,28.738897
2015-02-25,28.767260
2015-02-26,28.689270
2015-02-27,28.710543
2015-03-02,28.753080
2015-03-03,28.590031
2015-03-04,28.462425
2015-03-05,28.554579
2015-03-06,28.171774
2015-03-09,28.185951
2015-03-10,27.597570
2015-03-11,27.668449
2015-03-12,28.008728
2015-03-13,27.838602
2015-03-16,28.150517
2015-03-17,28.122152
2015-03-18,28.703451
2015-03-19,28.356091
2015-03-20,28.965752
2015-03-23,29.100441
2015-03-24,29.072083
2015-03-25,28.916147
2015-03-26,28.681164
2015-03-27,28.745245
2015-03-30,28.766611
2015-03-31,28.360744
2015-04-01,28.560122
2015-04-02,28.773741
2015-04-06,29.051443
2015-04-07,29.051443
2015-04-08,29.186733
2015-04-09,29.229435
2015-04-10,29.286407
2015-04-13,29.129757
2015-04-14,29.350487
2015-04-15,29.485779
2015-04-16,29.556982
2015-04-17,29.200972
2015-04-20,29.250805
2015-04-21,29.500021
2015-04-22,29.564100
2015-04-23,29.692287
2015-04-24,29.856041
2015-04-27,29.969975
2015-04-28,30.019817
2015-04-29,29.756361
2015-04-30,29.457296
2015-05-01,29.706516
2015-05-04,29.735003
2015-05-05,29.286407
2015-05-06,29.350487
2015-05-07,29.250805
2015-05-08,29.884520
2015-05-11,29.621059
2015-05-12,29.621059
2015-05-13,29.834679
2015-05-14,30.190716
2015-05-15,30.226307
2015-05-18,30.126629
2015-05-19,30.012693
2015-05-20,30.069666
2015-05-21,30.233431
2015-05-22,30.048304
2015-05-26,29.542740
2015-05-27,29.791965
2015-05-28,29.727879
2015-05-29,29.443058
2015-06-01,29.371857
2015-06-02,29.471546
2015-06-03,29.642429
2015-06-04,29.300652
2015-06-05,28.980238
2015-06-08,28.951744
2015-06-09,28.787973
2015-06-10,29.386095
2015-06-11,29.471546
2015-06-12,29.236563
2015-06-15,29.051443
2015-06-16,29.044310
2015-06-17,28.965984
2015-06-18,29.243689
2015-06-19,29.179598
2015-06-22,29.685148
2015-06-23,29.791965
2015-06-24,29.549879
2015-06-25,29.542740
2015-06-26,29.516060
2015-06-29,28.629297
2015-06-30,28.586031
2015-07-01,28.773476
2015-07-02,28.845581
2015-07-06,28.254395
2015-07-07,28.247169
2015-07-08,27.562275
2015-07-09,28.009266
2015-07-10,28.859989
2015-07-13,28.982559
2015-07-14,29.184431
2015-07-15,29.069077
2015-07-16,29.314207
2015-07-17,29.270948
2015-07-20,29.335827
2015-07-21,29.256529
2015-07-22,29.011395
2015-07-23,28.917679
2015-07-24,28.607656
2015-07-27,28.427425
2015-07-28,28.780687
2015-07-29,28.881626
2015-07-30,28.867208
2015-07-31,29.004194
2015-08-03,28.917679
2015-08-04,28.946512
2015-08-05,29.097925
2015-08-06,28.968145
2015-08-07,28.939306
2015-08-10,29.292572
2015-08-11,28.831171
2015-08-12,28.643711
2015-08-13,28.636501
2015-08-14,28.686956
2015-08-17,28.629297
2015-08-18,28.405800
2015-08-19,28.175081
2015-08-20,27.482969
2015-08-21,26.790850
2015-08-24,25.889645
2015-08-25,26.149191
2015-08-26,26.826897
2015-08-27,27.180164
2015-08-28,27.108067
2015-08-31,26.906197
2015-09-01,26.026628
2015-09-02,26.430363
2015-09-03,26.466415
2015-09-04,25.875227
2015-09-08,26.625025
2015-09-09,26.524086
2015-09-10,26.697117
2015-09-11,26.689920
2015-09-14,26.495251
2015-09-15,26.689920
2015-09-16,27.072010
2015-09-17,27.086441
2015-09-18,26.437571
2015-09-21,26.437571
2015-09-22,25.817554
2015-09-23,25.694979
2015-09-24,25.608471
2015-09-25,25.844536
2015-09-28,25.344885
2015-09-29,25.294191
2015-09-30,25.808334
2015-10-01,25.880747
2015-10-02,26.307993
2015-10-05,26.836613
2015-10-06,26.865582
2015-10-07,27.184202
2015-10-08,27.408686
2015-10-09,27.466616
2015-10-12,27.415920
2015-10-13,27.090061
2015-10-14,27.133514
2015-10-15,27.633171
2015-10-16,27.618677
2015-10-19,27.502823
2015-10-20,27.408686
2015-10-21,27.386959
2015-10-22,27.712824
2015-10-23,27.966269
2015-10-26,27.864889
2015-10-27,27.618677
2015-10-28,27.770752
2015-10-29,27.567986
2015-10-30,27.546268
2015-11-02,27.814201
2015-11-03,27.814201
2015-11-04,27.633171
2015-11-05,27.596958
2015-11-06,27.466616
2015-11-09,27.176956
2015-11-10,27.169714
2015-11-11,27.300062
2015-11-12,26.974197
2015-11-13,26.764204
2015-11-16,27.082815
2015-11-17,27.119030
2015-11-18,27.379725
2015-11-19,27.524546
2015-11-20,27.466616
2015-11-23,27.300062
2015-11-24,27.336269
2015-11-25,27.379725
2015-11-27,27.372475
2015-11-30,27.336269
2015-12-01,27.633171
2015-12-02,27.343510
2015-12-03,27.213161
2015-12-04,27.408686
2015-12-07,27.184202
2015-12-08,26.771450
2015-12-09,26.713501
2015-12-10,26.706270
2015-12-11,26.228325
2015-12-14,26.286263
2015-12-15,26.387648
2015-12-16,26.923506
2015-12-17,26.612129
2015-12-18,26.329720
2015-12-21,26.498016
2015-12-22,26.694727
2015-12-23,27.131861
2015-12-24,27.059021
2015-12-28,26.978870
2015-12-29,27.263010
2015-12-30,27.095444
2015-12-31,26.753017
2016-01-04,26.352297
2016-01-05,26.323160
2016-01-06,25.842312
2016-01-07,25.354151
2016-01-08,25.040874
2016-01-11,25.150166
2016-01-12,25.252163
2016-01-13,24.873302
2016-01-14,25.164740
2016-01-15,24.290453
2016-01-19,24.501745
2016-01-20,23.940744
2016-01-21,24.122879
2016-01-22,24.822308
2016-01-25,24.465317
2016-01-26,24.909739
2016-01-27,24.749445
2016-01-28,24.844162
2016-01-29,25.274012
2016-02-01,25.223021
2016-02-02,24.654736
2016-02-03,24.873302
2016-02-04,24.924305
2016-02-05,24.552742
2016-02-08,24.108309
2016-02-09,23.846024
2016-02-10,23.795033
2016-02-11,23.481743
2016-02-12,23.853317
2016-02-16,24.312307
2016-02-17,24.749445
2016-02-18,24.632883
2016-02-19,24.589172
2016-02-22,24.887882
2016-02-23,24.472593
2016-02-24,24.399746
2016-02-25,24.691160
2016-02-26,24.603737
2016-02-29,24.494452
2016-03-01,25.128307
2016-03-02,25.303158
2016-03-03,25.572725
2016-03-04,25.769449
2016-03-07,25.747587
2016-03-08,25.463440
2016-03-09,25.572725
2016-03-10,25.550877
2016-03-11,26.213873
2016-03-14,26.155584
2016-03-15,25.889963
2016-03-16,26.160706
2016-03-17,26.402205
2016-03-18,26.358292
2016-03-21,26.307066
2016-03-22,26.277796
2016-03-23,25.992393
2016-03-24,25.824104
2016-03-28,25.985085
2016-03-29,26.292427
2016-03-30,26.490007
2016-03-31,26.255838
2016-04-01,25.963133
2016-04-04,25.904587
2016-04-05,25.421623
2016-04-06,25.831417
2016-04-07,25.465523
2016-04-08,25.948496
2016-04-11,25.970451
2016-04-12,26.365606
2016-04-13,26.782701
2016-04-14,26.811991
2016-04-15,26.738811
2016-04-18,26.980286
2016-04-19,27.448616
2016-04-20,27.455940
2016-04-21,27.294958
2016-04-22,27.273003
2016-04-25,27.155910
2016-04-26,27.258360
2016-04-27,27.302271
2016-04-28,26.951021
2016-04-29,26.863207
2016-05-02,27.090061
2016-05-03,26.636360
2016-05-04,26.314384
2016-05-05,26.292427
2016-05-06,26.350964
2016-05-09,26.263151
2016-05-10,26.650995
2016-05-11,26.460732
2016-05-12,26.438782
2016-05-13,26.146080
2016-05-16,26.468054
2016-05-17,26.314384
2016-05-18,26.292427
2016-05-19,26.116806
2016-05-20,26.358292
2016-05-23,26.270477
2016-05-24,26.592447
2016-05-25,26.855898
2016-05-26,26.914427
2016-05-27,26.877832
2016-05-31,26.782701
2016-06-01,26.768082
2016-06-02,26.775385
2016-06-03,26.987612
2016-06-06,27.170544
2016-06-07,27.375446
2016-06-08,27.463255
2016-06-09,27.119329
2016-06-10,26.387558
2016-06-13,26.007044
2016-06-14,25.637606
2016-06-15,25.808229
2016-06-16,25.815645
2016-06-17,26.060444
2016-06-20,26.668749
2016-06-21,26.876463
2016-06-22,26.831947
2016-06-23,27.536688
2016-06-24,25.281532
2016-06-27,24.791918
2016-06-28,25.452145
2016-06-29,25.912092
2016-06-30,26.231075
2016-07-01,26.290422
2016-07-05,25.771139
2016-07-06,25.778557
2016-07-07,25.667278
2016-07-08,26.023352
2016-07-11,26.379436
2016-07-12,26.750355
2016-07-13,26.728100
2016-07-14,26.958069
2016-07-15,26.824530
2016-07-18,26.883884
2016-07-19,26.668749
2016-07-20,26.861626
2016-07-21,26.794855
2016-07-22,26.809698
2016-07-25,26.765190
2016-07-26,26.891293
2016-07-27,27.009985
2016-07-28,27.009985
2016-07-29,27.321558
2016-08-01,27.165770
2016-08-02,27.032248
2016-08-03,26.928389
2016-08-04,27.084166
2016-08-05,27.180613
2016-08-08,27.269640
2016-08-09,27.492184
2016-08-10,27.588608
2016-08-11,27.796326
2016-08-12,27.722153
2016-08-15,27.840841
2016-08-16,27.774075
2016-08-17,27.774075
2016-08-18,27.915026
2016-08-19,27.707306
2016-08-22,27.729570
2016-08-23,27.848263
2016-08-24,27.766668
2016-08-25,27.677645
2016-08-26,27.484768
2016-08-29,27.588608
2016-08-30,27.529274
2016-08-31,27.432838
2016-09-01,27.662798
2016-09-02,27.944695
2016-09-06,28.211752
2016-09-07,28.211752
2016-09-08,28.152405
2016-09-09,27.558950
2016-09-12,27.774075
2016-09-13,27.189005
2016-09-14,27.174103
2016-09-15,27.412592
2016-09-16,27.077209
2016-09-19,27.256086
2016-09-20,27.375336
2016-09-21,27.897053
2016-09-22,28.172813
2016-09-23,27.904507
2016-09-26,27.658560
2016-09-27,27.792713
2016-09-28,28.038654
2016-09-29,27.695818
2016-09-30,27.882149
2016-10-03,27.829981
2016-10-04,27.747986
2016-10-05,27.897053
2016-10-06,27.747986
2016-10-07,27.569118
2016-10-10,27.680910
2016-10-11,27.278435
2016-10-12,27.241177
2016-10-13,27.166637
2016-10-14,27.189005
2016-10-17,27.144283
2016-10-18,27.434959
2016-10-19,27.531851
2016-10-20,27.531851
2016-10-21,27.472223
2016-10-24,27.434959
2016-10-25,27.412592
2016-10-26,27.278435
2016-10-27,27.248627
2016-10-28,27.233725
2016-10-31,27.211361
2016-11-01,27.136831
2016-11-02,26.935602
2016-11-03,26.920691
2016-11-04,26.697100
2016-11-07,27.062305
2016-11-08,27.129383
2016-11-09,27.084663
2016-11-10,26.995218
2016-11-11,26.779083
2016-11-14,26.659832
2016-11-15,26.823805
2016-11-16,26.577850
2016-11-17,26.756710
2016-11-18,26.518229
2016-11-21,26.749275
2016-11-22,26.831255
2016-11-23,26.734356
2016-11-25,26.786539
2016-11-28,26.689642
2016-11-29,26.838705
2016-11-30,26.801443
2016-12-01,26.734356
2016-12-02,26.808893
2016-12-05,27.017576
2016-12-06,27.203911
2016-12-07,27.561666
2016-12-08,27.584023
2016-12-09,27.666000
2016-12-12,27.576561
2016-12-13,27.867239
2016-12-14,27.412592
2016-12-15,27.367884
2016-12-16,27.375336
2016-12-19,27.352983
2016-12-20,27.412592
2016-12-21,27.412592
2016-12-22,27.337452
2016-12-23,27.397573
2016-12-27,27.359995
2016-12-28,27.307400
2016-12-29,27.405090
2016-12-30,27.457685
2017-01-03,27.630514
2017-01-04,27.968658
2017-01-05,28.216640
2017-01-06,28.103926
2017-01-09,28.036295
2017-01-10,28.066353
2017-01-11,28.261721
2017-01-12,28.284267
2017-01-13,28.389467
2017-01-17,28.314333
2017-01-18,28.186575
2017-01-19,28.133984
2017-01-20,28.269236
2017-01-23,28.329355
2017-01-24,28.449596
2017-01-25,28.727625
2017-01-26,28.637457
2017-01-27,28.569820
2017-01-30,28.366930
2017-01-31,28.464622
2017-02-01,28.562309
2017-02-02,28.607395
2017-02-03,28.727625
2017-02-06,28.517214
2017-02-07,28.494675
2017-02-08,28.539762
2017-02-09,28.644966
2017-02-10,28.750156
2017-02-13,28.855364
2017-02-14,28.840345
2017-02-15,28.945545
2017-02-16,29.005657
2017-02-17,28.907965
2017-02-21,29.035719
2017-02-22,29.013166
2017-02-23,29.065769
2017-02-24,28.817785
2017-02-27,28.832819
2017-02-28,28.765194
2017-03-01,29.043228
2017-03-02,28.862890
2017-03-03,29.005657
2017-03-06,28.907965
2017-03-07,28.832819
2017-03-08,28.682531
2017-03-09,28.802771
2017-03-10,29.028198
2017-03-13,29.163454
2017-03-14,28.945545
2017-03-15,29.396406
2017-03-16,29.516634
2017-03-17,29.561722
2017-03-20,29.546688
2017-03-21,29.373856
2017-03-22,29.411440
2017-03-23,29.494101
2017-03-24,29.569532
2017-03-27,29.637417
2017-03-28,29.773193
2017-03-29,29.803375
2017-03-30,29.690214
2017-03-31,29.644958
2017-04-03,29.614788
2017-04-04,29.599699
2017-04-05,29.441290
2017-04-06,29.463915
2017-04-07,29.426201
2017-04-10,29.426201
2017-04-11,29.546896
2017-04-12,29.524273
2017-04-13,29.335688
2017-04-17,29.577068
2017-04-18,29.403570
2017-04-19,29.267784
2017-04-20,29.531803
2017-04-21,29.546896
2017-04-24,30.195616
2017-04-25,30.391743
2017-04-26,30.278585
2017-04-27,30.323849
2017-04-28,30.301216
2017-05-01,30.384207
2017-05-02,30.565241
2017-05-03,30.467163
2017-05-04,30.685919
2017-05-05,30.995205
2017-05-08,30.851873
2017-05-09,30.799078
2017-05-10,30.844336
2017-05-11,30.783995
2017-05-12,30.919765
2017-05-15,31.100803
2017-05-16,31.259211
2017-05-17,30.882055
2017-05-18,30.942408
2017-05-19,31.296928
2017-05-22,31.379894
2017-05-23,31.349728
2017-05-24,31.417612
2017-05-25,31.410076
2017-05-26,31.327103
2017-05-30,31.274296
2017-05-31,31.334642
2017-06-01,31.545845
2017-06-02,31.847591
2017-06-05,31.711807
2017-06-06,31.636370
2017-06-07,31.613749
2017-06-08,31.568470
2017-06-09,31.455336
2017-06-12,31.357273
2017-06-13,31.628826
2017-06-14,31.591112
2017-06-15,31.251675
2017-06-16,31.530771
2017-06-19,31.643923
2017-06-20,31.357273
2017-06-21,31.328272
2017-06-22,31.389328
2017-06-23,31.458027
2017-06-26,31.519064
2017-06-27,31.511440
2017-06-28,31.793802
2017-06-29,31.473284
2017-06-30,31.534336
2017-07-03,31.473284
2017-07-05,31.488543
2017-07-06,31.297749
2017-07-07,31.351168
2017-07-10,31.404587
2017-07-11,31.503799
2017-07-12,31.786177
2017-07-13,31.877754
2017-07-14,32.106705
2017-07-17,32.053291
2017-07-18,32.121975
2017-07-19,32.274593
2017-07-20,32.381458
2017-07-21,32.297501
2017-07-24,32.236458
2017-07-25,32.259350
2017-07-26,32.465401
2017-07-27,32.343288
2017-07-28,32.373825
2017-07-31,32.442501
2017-08-01,32.625671
2017-08-02,32.610413
2017-08-03,32.564610
2017-08-04,32.610413
2017-08-07,32.633301
2017-08-08,32.465401
2017-08-09,32.381458
2017-08-10,31.915909
2017-08-11,31.908281
2017-08-14,32.129604
2017-08-15,32.099091
2017-08-16,32.297501
2017-08-17,31.931187
2017-08-18,32.022758
2017-08-21,32.030392
2017-08-22,32.190655
2017-08-23,32.205921
2017-08-24,32.167763
2017-08-25,32.358559
2017-08-28,32.358559
2017-08-29,32.221184
2017-08-30,32.175411
2017-08-31,32.450142
2017-09-01,32.511200
2017-09-05,32.274593
2017-09-06,32.511200
2017-09-07,32.778301
2017-09-08,32.770668
2017-09-11,33.014881
2017-09-12,33.083580
2017-09-13,32.930943
2017-09-14,33.022522
2017-09-15,33.037785
2017-09-18,33.091202
2017-09-19,33.251472
2017-09-20,33.166401
2017-09-21,33.112770
2017-09-22,33.189396
2017-09-25,33.043800
2017-09-26,32.921185
2017-09-27,32.967163
2017-09-28,33.074448
2017-09-29,33.266026
2017-10-02,33.227726
2017-10-03,33.357983
2017-10-04,33.296680
2017-10-05,33.266026
2017-10-06,33.227726
2017-10-09,33.243031
2017-10-10,33.549580
2017-10-11,33.664516
2017-10-12,33.664516
2017-10-13,33.833107
2017-10-16,33.802452
2017-10-17,33.725819
2017-10-18,33.787144
2017-10-19,33.725819
2017-10-20,33.679844
2017-10-23,33.595547
2017-10-24,33.672184
2017-10-25,33.534245
2017-10-26,33.495926
2017-10-27,33.626209
2017-10-30,33.702831
2017-10-31,33.856087
2017-11-01,33.932735
2017-11-02,34.001701
2017-11-03,33.971039
2017-11-06,34.032352
2017-11-07,33.917404
2017-11-08,34.063000
2017-11-09,33.833107
2017-11-10,33.748821
2017-11-13,33.618542
2017-11-14,33.587879
2017-11-15,33.426945
2017-11-16,33.748821
2017-11-17,33.618542
2017-11-20,33.679844
2017-11-21,33.940399
2017-11-22,34.055344
2017-11-24,34.269905
2017-11-27,34.055344
2017-11-28,34.223934
2017-11-29,34.078331
2017-11-30,34.147308
2017-12-01,34.047680
2017-12-04,33.909733
2017-12-05,33.863770
2017-12-06,33.710491
2017-12-07,33.810112
2017-12-08,34.001701
2017-12-11,34.070663
2017-12-12,34.093662
2017-12-13,34.239258
2017-12-14,34.078331
2017-12-15,34.055344
2017-12-18,34.438503
2017-12-19,34.331211
2017-12-20,34.308235
2017-12-21,34.418110
2017-12-22,34.503231
2017-12-26,34.510967
2017-12-27,34.596081
2017-12-28,34.704403
2017-12-29,34.712143
2018-01-02,35.013927
2018-01-03,35.230579
2018-01-04,35.547844
2018-01-05,35.718067
2018-01-08,35.702595
2018-01-09,35.733547
2018-01-10,35.640697
2018-01-11,35.872826
2018-01-12,36.213303
2018-01-16,36.174610
2018-01-17,36.368053
2018-01-18,36.282940
2018-01-19,36.445438
2018-01-22,36.638878
2018-01-23,36.754955
2018-01-24,36.871017
2018-01-25,36.739460
2018-01-26,37.048988
2018-01-29,36.708519
2018-01-30,36.429958
2018-01-31,36.360313
2018-02-01,36.453156
2018-02-02,35.663902
2018-02-05,34.209187
2018-02-06,34.874638
2018-02-07,34.402630
2018-02-08,33.551468
2018-02-09,33.783596
2018-02-12,34.232399
2018-02-13,34.100845
2018-02-14,34.774040
2018-02-15,34.998447
2018-02-16,35.122250
2018-02-20,34.766315
2018-02-21,34.634762
2018-02-22,34.781784
2018-02-23,35.130001
2018-02-26,35.408550
2018-02-27,34.866898
2018-02-28,34.503231
2018-03-01,34.054417
2018-03-02,34.155022
2018-03-05,34.294292
2018-03-06,34.580601
2018-03-07,34.541912
2018-03-08,34.642498
2018-03-09,34.897854
2018-03-12,34.952011
2018-03-13,34.735352
2018-03-14,34.789536
2018-03-15,34.781784
2018-03-16,34.735352
2018-03-19,34.449047
2018-03-20,34.480022
2018-03-21,34.565132
2018-03-22,33.930611
2018-03-23,33.512772
2018-03-26,34.112373
2018-03-27,33.832775
2018-03-28,33.995872
2018-03-29,34.368687
2018-04-02,33.856068
2018-04-03,34.120148
2018-04-04,34.197815
2018-04-05,34.454121
2018-04-06,34.174522
2018-04-09,34.469662
2018-04-10,34.850239
2018-04-11,34.687134
2018-04-12,34.819168
2018-04-13,34.850239
2018-04-16,34.912376
2018-04-17,35.091015
2018-04-18,35.300724
2018-04-19,35.137611
2018-04-20,34.966740
2018-04-23,34.927902
2018-04-24,34.772572
2018-04-25,34.694908
2018-04-26,34.951221
2018-04-27,34.990040
2018-04-30,34.803650
2018-05-01,34.772572
2018-05-02,34.725975
2018-05-03,34.795872
2018-05-04,34.927902
2018-05-07,34.920147
2018-05-08,34.920147
2018-05-09,35.028881
2018-05-10,35.277428
2018-05-11,35.347317
2018-05-14,35.409470
2018-05-15,35.114323
2018-05-16,35.223057
2018-05-17,35.269650
2018-05-18,35.145386
2018-05-21,35.370617
2018-05-22,35.347317
2018-05-23,35.013348
2018-05-24,34.896847
2018-05-25,34.702675
2018-05-29,34.003635
2018-05-30,34.492962
2018-05-31,34.306557
2018-06-01,34.562866
2018-06-04,34.718212
2018-06-05,34.679371
2018-06-06,34.974506
2018-06-07,34.772572
2018-06-08,34.834702
2018-06-11,35.059948
2018-06-12,34.842476
2018-06-13,34.858006
2018-06-14,34.772572
2018-06-15,34.531792
2018-06-18,34.291031
2018-06-19,33.918213
2018-06-20,33.988113
2018-06-21,33.755112
2018-06-22,34.116886
2018-06-25,33.637131
2018-06-26,33.676449
2018-06-27,33.369732
2018-06-28,33.487713
2018-06-29,33.739376
2018-07-02,33.377598
2018-07-03,33.448380
2018-07-05,33.660728
2018-07-06,33.888805
2018-07-09,34.195511
2018-07-10,34.234848
2018-07-11,33.637131
2018-07-12,33.920250
2018-07-13,34.014637
2018-07-16,34.022503
2018-07-17,34.061821
2018-07-18,34.077557
2018-07-19,33.936001
2018-07-20,34.140472
2018-07-23,34.085415
2018-07-24,34.297768
2018-07-25,34.557301
2018-07-26,34.415741
2018-07-27,34.502243
2018-07-30,34.478661
2018-07-31,34.510109
2018-08-01,34.392147
2018-08-02,34.132610
2018-08-03,34.179798
2018-08-06,34.014637
2018-08-07,34.226982
2018-08-08,34.219120
2018-08-09,34.156200
2018-08-10,33.511299
2018-08-13,33.346138
2018-08-14,33.393322
2018-08-15,32.882130
2018-08-16,33.110199
2018-08-17,33.330418
2018-08-20,33.471973
2018-08-21,33.692192
2018-08-22,33.857357
2018-08-23,33.605679
2018-08-24,33.857357
2018-08-27,34.321362
2018-08-28,34.242718
2018-08-29,34.431458
2018-08-30,34.124744
2018-08-31,33.912395
2018-09-04,33.574211
2018-09-05,33.322552
2018-09-06,33.204575
2018-09-07,32.937172
2018-09-10,33.118061
2018-09-11,33.165257
2018-09-12,33.306816
2018-09-13,33.519161
2018-09-14,33.589951
2018-09-17,33.621410
2018-09-18,33.967453
2018-09-19,34.085415
2018-09-20,34.455063
2018-09-21,34.462914
2018-09-24,34.313499
2018-09-25,34.478661
2018-09-26,34.492863
2018-09-27,34.398140
2018-09-28,34.153450
2018-10-01,34.240280
2018-10-02,34.019276
2018-10-03,33.964024
2018-10-04,33.529896
2018-10-05,33.364147
2018-10-08,33.182602
2018-10-09,33.064209
2018-10-10,32.314365
2018-10-11,31.864458
2018-10-12,32.022312
2018-10-15,31.967066
2018-10-16,32.519577
2018-10-17,32.322262
2018-10-18,31.809214
2018-10-19,31.974960
2018-10-22,31.824978
2018-10-23,31.501371
2018-10-24,30.633133
2018-10-25,30.972536
2018-10-26,30.712069
2018-10-29,30.585764
2018-10-30,30.964643
2018-10-31,31.217228
2018-11-01,31.627665
2018-11-02,31.714489
2018-11-05,31.698689
2018-11-06,31.864458
2018-11-07,32.259106
2018-11-08,31.935488
2018-11-09,31.706600
2018-11-12,31.161976
2018-11-13,31.280371
2018-11-14,31.311945
2018-11-15,31.414549
2018-11-16,31.446115
2018-11-19,31.185652
2018-11-20,30.609455
2018-11-21,31.059357
2018-11-23,30.854137
2018-11-26,31.272470
2018-11-27,31.177752
2018-11-28,31.635561
2018-11-29,31.485590
2018-11-30,31.375088
2018-12-03,31.793411
2018-12-04,30.988325
2018-12-06,30.696274
2018-12-07,30.372662
2018-12-10,30.112200
2018-12-11,30.143755
2018-12-12,30.617338
2018-12-13,30.562103
2018-12-14,30.143755
2018-12-17,29.883289
2018-12-18,29.914862
2018-12-19,29.591253
2018-12-20,29.480742
2018-12-21,28.904547
2018-12-24,28.588661
2018-12-26,29.314543
2018-12-27,29.338470
2018-12-28,29.529924
2018-12-31,29.593729
2019-01-02,29.553854
2019-01-03,29.314543
2019-01-04,30.215925
2019-01-07,30.311646
2019-01-08,30.527018
2019-01-09,30.901926
2019-01-10,31.029547
2019-01-11,30.838095
2019-01-14,30.678566
2019-01-15,30.870016
2019-01-16,30.965733
2019-01-17,31.069437
2019-01-18,31.404438
2019-01-22,30.917873
2019-01-23,31.077400
2019-01-24,31.117285
2019-01-25,31.508146
2019-01-28,31.356600
2019-01-29,31.444338
2019-01-30,31.795315
2019-01-31,31.803280
2019-02-01,31.787342
2019-02-04,31.899010
2019-02-05,32.154263
2019-02-06,31.946867
2019-02-07,31.540058
2019-02-08,31.428387
2019-02-11,31.364567
2019-02-12,31.779362
2019-02-13,31.787342
2019-02-14,31.787342
2019-02-15,32.218079
2019-02-19,32.377625
2019-02-20,32.505253
2019-02-21,32.425484
2019-02-22,32.545132
2019-02-25,32.648827
2019-02-26,32.784435
2019-02-27,32.680740
2019-02-28,32.545132
2019-03-01,32.744541
2019-03-04,32.616932
2019-03-05,32.640854
2019-03-06,32.545132
2019-03-07,32.130337
2019-03-08,32.090458
2019-03-11,32.385593
2019-03-12,32.401558
2019-03-13,32.640854
2019-03-14,32.608952
2019-03-15,32.936001
2019-03-18,33.047661
2019-03-19,33.135414
2019-03-20,33.103497
2019-03-21,33.135414
2019-03-22,32.497272
2019-03-25,32.497272
2019-03-26,32.696693
2019-03-27,32.648827
2019-03-28,32.628803
2019-03-29,32.740955
2019-04-01,33.165550
2019-04-02,33.189571
2019-04-03,33.445923
2019-04-04,33.381836
2019-04-05,33.453934
2019-04-08,33.477966
2019-04-09,33.277691
2019-04-10,33.413887
2019-04-11,33.349792
2019-04-12,33.598137
2019-04-15,33.614151
2019-04-16,33.670223
2019-04-17,33.726315
2019-04-18,33.662224
2019-04-22,33.630177
2019-04-23,33.710293
2019-04-24,33.413887
2019-04-25,33.389847
2019-04-26,33.518028
2019-04-29,33.646202
2019-04-30,33.670223
2019-05-01,33.445923
2019-05-02,33.381836
2019-05-03,33.710293
2019-05-06,33.389847
2019-05-07,32.829079
2019-05-08,32.877140
2019-05-09,32.636818
2019-05-10,32.853111
2019-05-13,32.116089
2019-05-14,32.420513
2019-05-15,32.564713
2019-05-16,32.764992
2019-05-17,32.580734
2019-05-20,32.436535
2019-05-21,32.660854
2019-05-22,32.532673
2019-05-23,32.204212
2019-05-24,32.540688
2019-05-28,32.260288
2019-05-29,32.043999
2019-05-30,32.164158
2019-05-31,31.915823
2019-06-03,32.043999
2019-06-04,32.460579
2019-06-05,32.444546
2019-06-06,32.580734
2019-06-07,32.965267
2019-06-10,33.053379
2019-06-11,33.213612
2019-06-12,32.949253
2019-06-13,32.965267
2019-06-14,32.740955
2019-06-17,32.765259
2019-06-18,33.218864
2019-06-19,33.405182
2019-06-20,33.729183
2019-06-21,33.607670
2019-06-24,33.656265
2019-06-25,33.478069
2019-06-26,33.518574
2019-06-27,33.599579
2019-06-28,33.785881
2019-07-01,33.939777
2019-07-02,34.045074
2019-07-03,34.223282
2019-07-05,33.988384
2019-07-08,33.785881
2019-07-09,33.623875
2019-07-10,33.769680
2019-07-11,33.777779
2019-07-12,33.818279
2019-07-15,33.850674
2019-07-16,33.696766
2019-07-17,33.631977
2019-07-18,33.729183
2019-07-19,33.680580
2019-07-22,33.712982
2019-07-23,33.907379
2019-07-24,33.915478
2019-07-25,33.575275
2019-07-26,33.672478
2019-07-29,33.664368
2019-07-30,33.307972
2019-07-31,33.097359
2019-08-01,32.967758
2019-08-02,32.708549
2019-08-05,31.874231
2019-08-06,32.092930
2019-08-07,32.222538
2019-08-08,32.554649
2019-08-09,32.319744
2019-08-12,32.044346
2019-08-13,32.360237
2019-08-14,31.485428
2019-08-15,31.550220
2019-08-16,31.922838
2019-08-19,32.117249
2019-08-20,32.028137
2019-08-21,32.295444
2019-08-22,32.182045
2019-08-23,31.785135
2019-08-26,32.060532
2019-08-27,32.052441
2019-08-28,32.060532
2019-08-29,32.311649
2019-08-30,32.473648
2019-09-03,32.344051
2019-09-04,32.797653
2019-09-05,33.064953
2019-09-06,33.137867
2019-09-09,33.202671
2019-09-10,33.299881
2019-09-11,33.502377
2019-09-12,33.680580
2019-09-13,33.834484
2019-09-16,33.591488
2019-09-17,33.721081
2019-09-18,33.631977
2019-09-19,33.769680
2019-09-20,33.696766
2019-09-23,33.648178
2019-09-24,33.505474
2019-09-25,33.448402
2019-09-26,33.521797
2019-09-27,33.375011
2019-09-30,33.497322
2019-10-01,33.195618
2019-10-02,32.535126
2019-10-03,32.763451
2019-10-04,33.016235
2019-10-07,32.975456
2019-10-08,32.665600
2019-10-09,32.926533
2019-10-10,33.138538
2019-10-11,33.701172
2019-10-14,33.578876
2019-10-15,33.953964
2019-10-16,33.978428
2019-10-17,34.068111
2019-10-18,34.027348
2019-10-21,34.239353
2019-10-22,34.157810
2019-10-23,34.320892
2019-10-24,34.377987
2019-10-25,34.402435
2019-10-28,34.557373
2019-10-29,34.516598
2019-10-30,34.655212
2019-10-31,34.573677
2019-11-01,34.883530
2019-11-04,35.071079
2019-11-05,35.062923
2019-11-06,35.030300
2019-11-07,35.185242
2019-11-08,35.111855
2019-11-11,35.079231
2019-11-12,35.087387
2019-11-13,34.973228
2019-11-14,34.948765
2019-11-15,35.160770
2019-11-18,35.201550
2019-11-19,35.136311
2019-11-20,34.924309
2019-11-21,34.875374
2019-11-22,34.916149
2019-11-25,35.185242
2019-11-26,35.209694
2019-11-27,35.307545
2019-11-29,35.038460
2019-12-02,34.883530
2019-12-03,34.753063
2019-12-04,35.054771
2019-12-05,35.022160
2019-12-06,35.323856
2019-12-09,35.136311
2019-12-10,35.168941
2019-12-11,35.364620
2019-12-12,35.641872
2019-12-13,35.845726
2019-12-16,36.204510
2019-12-17,36.074043
2019-12-18,35.984352
2019-12-19,36.016956
2019-12-20,36.074043
2019-12-23,36.123451
2019-12-24,36.090511
2019-12-26,36.255241
2019-12-27,36.354069
2019-12-30,36.090511
2019-12-31,36.288177
2020-01-02,36.584679
2020-01-03,36.139931
2020-01-06,36.263470
2020-01-07,36.205818
2020-01-08,36.255241
2020-01-09,36.403496
2020-01-10,36.279949
2020-01-13,36.494087
2020-01-14,36.518791
2020-01-15,36.494087
2020-01-16,36.691742
2020-01-17,36.782341
2020-01-21,36.485832
2020-01-22,36.576435
2020-01-23,36.485832
2020-01-24,36.345837
2020-01-27,35.579891
2020-01-28,35.884617
2020-01-29,35.892849
2020-01-30,35.810478
2020-01-31,35.201019
2020-02-03,35.324562
2020-02-04,35.892849
2020-02-05,36.238766
2020-02-06,36.362312
2020-02-07,36.008156
2020-02-10,36.090511
2020-02-11,36.337597
2020-02-12,36.485832
2020-02-13,36.222286
2020-02-14,36.197582
2020-02-18,35.950508
2020-02-19,36.098751
2020-02-20,35.835197
2020-02-21,35.670471
2020-02-24,34.278576
2020-02-25,33.693817
2020-02-26,33.718513
2020-02-27,32.689003
2020-02-28,32.507812
2020-03-02,32.936100
2020-03-03,32.672543
2020-03-04,33.570267
2020-03-05,32.689003
2020-03-06,32.211319
2020-03-09,29.592247
2020-03-10,30.695879
2020-03-11,29.098087
2020-03-12,25.844822
2020-03-13,27.475576
2020-03-16,24.502346
2020-03-17,25.614220
2020-03-18,24.090536
2020-03-19,24.444689
2020-03-20,24.222321
2020-03-23,23.809500
2020-03-24,25.927366
2020-03-25,26.862209
2020-03-26,28.003876
2020-03-27,27.143492
2020-03-30,27.697779
2020-03-31,27.581961
2020-04-01,26.357565
2020-04-02,26.862209
2020-04-03,26.332741
2020-04-06,27.747410
2020-04-07,27.904594
2020-04-08,28.169331
2020-04-09,28.773262
2020-04-13,28.541615
2020-04-14,29.054537
2020-04-15,28.111425
2020-04-16,28.144518
2020-04-17,28.938711
2020-04-20,28.516800
2020-04-21,27.929417
2020-04-22,28.450615
2020-04-23,28.400976
2020-04-24,28.707079
2020-04-27,29.104179
2020-04-28,29.335817
2020-04-29,30.113476
2020-04-30,29.517820
2020-05-01,28.864262
2020-05-04,28.889078
2020-05-05,28.963533
2020-05-06,28.789797
2020-05-07,29.228271
2020-05-08,29.699831
2020-05-11,29.691551
2020-05-12,29.294449
2020-05-13,29.046268
2020-05-14,28.831173
2020-05-15,28.839441
2020-05-18,29.989386
2020-05-19,29.666735
2020-05-20,30.204475
2020-05-21,29.873562
2020-05-22,29.790825
2020-05-26,30.676029
2020-05-27,30.998682
2020-05-28,31.205502
2020-05-29,31.164137
2020-06-01,31.842518
2020-06-02,32.189983
2020-06-03,32.934544
2020-06-04,32.752537
2020-06-05,33.397827
2020-06-08,33.794926
2020-06-09,33.356461
2020-06-10,33.298550
2020-06-11,31.470224
2020-06-12,32.007977
2020-06-15,32.107246
2020-06-16,32.537453
2020-06-17,32.611889
2020-06-18,32.462986
2020-06-19,32.314075
2020-06-22,32.686596
2020-06-23,32.844578
2020-06-24,32.038002
2020-06-25,32.462086
2020-06-26,31.971487
2020-06-29,32.262524
2020-06-30,32.254200
2020-07-01,32.362301
2020-07-02,32.686596
2020-07-06,33.235382
2020-07-07,32.778046
2020-07-08,33.044136
2020-07-09,32.661648
2020-07-10,32.969296
2020-07-13,32.794685
2020-07-14,33.252018
2020-07-15,33.626194
2020-07-16,33.418312
2020-07-17,33.584618
2020-07-20,33.775867
2020-07-21,33.908897
2020-07-22,34.000366
2020-07-23,33.717663
2020-07-24,33.551361
2020-07-27,34.017002
2020-07-28,33.859016
2020-07-29,34.216564
2020-07-30,33.759235
2020-07-31,33.102341
2020-08-03,33.676075
2020-08-04,33.942162
2020-08-05,34.125095
2020-08-06,34.199936
2020-08-07,34.058586
2020-08-10,34.191616
2020-08-11,34.332973
2020-08-12,35.014816
2020-08-13,34.865139
2020-08-14,34.648941
2020-08-17,34.915028
2020-08-18,34.906719
2020-08-19,34.715469
2020-08-20,34.607372
2020-08-21,34.424438
2020-08-24,34.840187
2020-08-25,34.915028
2020-08-26,35.172798
2020-08-27,34.815254
2020-08-28,35.056393
2020-08-31,34.815254
2020-09-01,34.865139
2020-09-02,35.289204
2020-09-03,34.490955
2020-09-04,34.557472
2020-09-08,34.133404
2020-09-09,34.723789
2020-09-10,34.341293
2020-09-11,34.657261
2020-09-14,34.890083
2020-09-15,35.106289
2020-09-16,35.106289
2020-09-17,35.156166
2020-09-18,34.906719
2020-09-21,34.054920
2020-09-22,34.046566
2020-09-23,33.695484
2020-09-24,33.645332
2020-09-25,33.770721
2020-09-28,34.322418
2020-09-29,34.272255
2020-09-30,34.188683
2020-10-01,34.389286
2020-10-02,34.314060
2020-10-05,34.849041
2020-10-06,34.489597
2020-10-07,34.815598
2020-10-08,35.074738
2020-10-09,35.308796
2020-10-12,35.484322
2020-10-13,35.091450
2020-10-14,35.016212
2020-10-15,34.631706
2020-10-16,34.740364
2020-10-19,34.589897
2020-10-20,34.782158
2020-10-21,34.665142
2020-10-22,34.698578
2020-10-23,34.890835
2020-10-26,34.238827
2020-10-27,33.979694
2020-10-28,32.984966
2020-10-29,33.143776
2020-10-30,32.976604
2020-11-02,33.377838
2020-11-03,34.230465
2020-11-04,34.581535
2020-11-05,35.417450
2020-11-06,35.492683
2020-11-09,36.462341
2020-11-10,36.729832
2020-11-11,37.039120
2020-11-12,36.504128
2020-11-13,37.022392
2020-11-16,37.498871
2020-11-17,37.482147
2020-11-18,37.281528
2020-11-19,37.507225
2020-11-20,37.632618
2020-11-23,37.657700
2020-11-24,38.259552
2020-11-25,38.184307
2020-11-27,38.451809
2020-11-30,37.691124
2020-12-01,38.501961
2020-12-02,38.560471
2020-12-03,38.694218
2020-12-04,39.070377
2020-12-07,38.786171
2020-12-08,38.878117
2020-12-09,38.928276
2020-12-10,39.011860
2020-12-11,38.878117
2020-12-14,38.886467
2020-12-15,39.312794
2020-12-16,39.446529
2020-12-17,39.705669
2020-12-18,39.471611
2020-12-21,39.028873
2020-12-22,38.902370
2020-12-23,39.340897
2020-12-24,39.442104
2020-12-28,39.686661
2020-12-29,39.998688
2020-12-30,40.083023
2020-12-31,39.813156
2021-01-04,40.040859
2021-01-05,40.496243
2021-01-06,40.934772
2021-01-07,41.052837
2021-01-08,41.440762
2021-01-11,40.901039
2021-01-12,41.095016
2021-01-13,41.019108
2021-01-14,41.331135
2021-01-15,40.664909
2021-01-19,40.951641
2021-01-20,41.263664
2021-01-21,41.356438
2021-01-22,41.069706
2021-01-25,41.044395
2021-01-26,41.061272
2021-01-27,40.099884
2021-01-28,40.411919
2021-01-29,39.526424
2021-02-01,40.083023
2021-02-02,40.529980
2021-02-03,40.639614
2021-02-04,40.656479
2021-02-05,40.960068
2021-02-08,41.221508
2021-02-09,41.457630
2021-02-10,41.364868
2021-02-11,41.634727
2021-02-12,41.828697
2021-02-16,42.081688
2021-02-17,41.820255
2021-02-18,41.550400
2021-02-19,41.744366
2021-02-22,41.617859
2021-02-23,41.634727
2021-02-24,41.786533
2021-02-25,41.078136
2021-02-26,40.487808
2021-03-01,41.272099
2021-03-02,41.255238
2021-03-03,41.002239
2021-03-04,40.589008
2021-03-05,40.917904
2021-03-08,40.715508
2021-03-09,41.238373
2021-03-10,41.415466
2021-03-11,41.719067
2021-03-12,41.820255
2021-03-15,41.921459
2021-03-16,41.988922
2021-03-17,42.208195
2021-03-18,41.803391
2021-03-19,41.946762
2021-03-22,41.964550
2021-03-23,41.329105
2021-03-24,41.151180
2021-03-25,41.413837
2021-03-26,41.981499
2021-03-29,41.778149
2021-03-30,41.727318
2021-03-31,41.608704
2021-04-01,42.150944
2021-04-05,42.786385
2021-04-06,42.413597
2021-04-07,42.489849
2021-04-08,42.735546
2021-04-09,42.837223
2021-04-12,42.608467
2021-04-13,42.896542
2021-04-14,42.938900
2021-04-15,43.269325
2021-04-16,43.523502
2021-04-19,43.396412
2021-04-20,42.676247
2021-04-21,43.065979
2021-04-22,42.888062
2021-04-23,43.379467
2021-04-26,43.447262
2021-04-27,43.311676
2021-04-28,43.430298
2021-04-29,43.472660
2021-04-30,42.879593
2021-05-03,43.328636
2021-05-04,42.803329
2021-05-05,43.311676
2021-05-06,43.667534
2021-05-07,44.175892
2021-05-10,43.947128
2021-05-11,43.421833
2021-05-12,42.659306
2021-05-13,42.955837
2021-05-14,43.642109
2021-05-17,43.574337
2021-05-18,43.726841
2021-05-19,43.337105
2021-05-20,43.938652
2021-05-21,43.930176
2021-05-24,44.201309
2021-05-25,44.201309
2021-05-26,44.201309
2021-05-27,44.286037
2021-05-28,44.413124
2021-06-01,44.650352
2021-06-02,44.777435
2021-06-03,44.540211
2021-06-04,44.963837
2021-06-07,45.065498
2021-06-08,45.040089
2021-06-09,44.862167
2021-06-10,45.006195
2021-06-11,45.082447
2021-06-14,45.150230
2021-06-15,45.158707
2021-06-16,44.862167
2021-06-17,44.531742
2021-06-18,43.684475
2021-06-21,44.285767
2021-06-22,44.328472
2021-06-23,44.089329
2021-06-24,44.456600
2021-06-25,44.601791
2021-06-28,44.311405
2021-06-29,44.302856
2021-06-30,44.003914
2021-07-01,44.132027
2021-07-02,44.294312
2021-07-06,44.029549
2021-07-07,44.183285
2021-07-08,43.542694
2021-07-09,44.294312
2021-07-12,44.456600
2021-07-13,44.208904
2021-07-14,44.319939
2021-07-15,43.961216
2021-07-16,43.619568
2021-07-19,42.765453
2021-07-20,43.149799
2021-07-21,43.773308
2021-07-22,43.833099
2021-07-23,44.097878
2021-07-26,44.149117
2021-07-27,43.986835
2021-07-28,44.183285
2021-07-29,44.516384
2021-07-30,44.225983
2021-08-02,44.439518
2021-08-03,44.755547
2021-08-04,44.627422
2021-08-05,44.858025
2021-08-06,44.678673
2021-08-09,44.627422
2021-08-10,44.721378
2021-08-11,45.003220
2021-08-12,44.900738
2021-08-13,45.131344
2021-08-16,44.875103
2021-08-17,44.379734
2021-08-18,44.268696
2021-08-19,43.781841
2021-08-20,43.927048
2021-08-23,44.388268
2021-08-24,44.601791
2021-08-25,44.635960
2021-08-26,44.354103
2021-08-27,44.815327
2021-08-30,44.806774
2021-08-31,44.806774
2021-09-01,45.199692
2021-09-02,45.413197
2021-09-03,45.635273
2021-09-07,45.524242
2021-09-08,45.191132
2021-09-09,45.139885
2021-09-10,45.011772
2021-09-13,45.353401
2021-09-14,45.156975
2021-09-15,45.336334
2021-09-16,45.208218
2021-09-17,44.644508
2021-09-20,43.795681
2021-09-21,44.172928
2021-09-22,44.413006
2021-09-23,44.953156
2021-09-24,44.541618
2021-09-27,44.541618
2021-09-28,43.555614
2021-09-29,43.418423
2021-09-30,43.289818
2021-10-01,43.418423
2021-10-04,43.015457
2021-10-05,43.264091
2021-10-06,42.946865
2021-10-07,43.306969
2021-10-08,43.315540
2021-10-11,43.186932
2021-10-12,43.169781
2021-10-13,43.649925
2021-10-14,44.121483
2021-10-15,44.473022
2021-10-18,44.310116
2021-10-19,44.618774
2021-10-20,44.773106
2021-10-21,44.550190
2021-10-22,44.755959
2021-10-25,44.721661
2021-10-26,44.807396
2021-10-27,44.567341
2021-10-28,45.021744
2021-10-29,44.687374
2021-11-01,45.107494
2021-11-02,45.004616
2021-11-03,45.313267
2021-11-04,45.278973
2021-11-05,45.373283
2021-11-08,45.399002
2021-11-09,45.287544
2021-11-10,44.713089
2021-11-11,44.867432
2021-11-12,45.176083
2021-11-15,45.098919
2021-11-16,44.996033
2021-11-17,44.884567
2021-11-18,44.918869
2021-11-19,44.575912
2021-11-22,44.335838
2021-11-23,44.258675
2021-11-24,44.027180
2021-11-26,42.826828
2021-11-29,43.032604
2021-11-30,42.612484
2021-12-01,42.389545
2021-12-02,42.981159
2021-12-03,42.766808
2021-12-06,43.178360
2021-12-07,44.104343
2021-12-08,44.164360
2021-12-09,43.778538
2021-12-10,43.838554
2021-12-13,43.392704
2021-12-14,43.169781
2021-12-15,43.701363
2021-12-16,43.709942
2021-12-17,43.204082
2021-12-20,42.994247
2021-12-21,43.534065
2021-12-22,43.978115
2021-12-23,44.248028
2021-12-27,44.587593
2021-12-28,44.587593
2021-12-29,44.578880
2021-12-30,44.474400
2021-12-31,44.456989
2022-01-03,44.726898
2022-01-04,44.892334
2022-01-05,44.500526
2022-01-06,44.256733
2022-01-07,44.439579
2022-01-10,44.030354
2022-01-11,44.552761
2022-01-12,45.031631
2022-01-13,44.709484
2022-01-14,44.605007
2022-01-18,43.951984
2022-01-19,43.943275
2022-01-20,43.664665
2022-01-21,43.063892
2022-01-24,42.585022
2022-01-25,42.358639
2022-01-26,42.158382
2022-01-27,41.879765
2022-01-28,42.071323
2022-01-31,42.741745
2022-02-01,43.168385
2022-02-02,43.516651
2022-02-03,42.820110
2022-02-04,42.933296
2022-02-07,43.011658
2022-02-08,43.220619
2022-02-09,43.908463
2022-02-10,43.394760
2022-02-11,42.793991
2022-02-14,42.541481
2022-02-15,43.246742
2022-02-16,43.429588
2022-02-17,42.767864
2022-02-18,42.541481
2022-02-22,42.097435
2022-02-23,41.705643
2022-02-24,41.165806
2022-02-25,42.201923
2022-02-28,41.609863
2022-03-01,40.791420
2022-03-02,41.287704
2022-03-03,40.634693
2022-03-04,39.589870
2022-03-07,38.423164
2022-03-08,38.658253
2022-03-09,40.138412
2022-03-10,39.685654
2022-03-11,39.311253
2022-03-14,39.563759
2022-03-15,39.912037
2022-03-16,41.261593
2022-03-17,41.635983
2022-03-18,41.992958
2022-03-21,41.768806
2022-03-22,42.152573
2022-03-23,41.620544
2022-03-24,41.951965
2022-03-25,42.013016
2022-03-28,41.882187
2022-03-29,42.702045
2022-03-30,42.545052
2022-03-31,41.890915
2022-04-01,42.257233
2022-04-04,42.440388
2022-04-05,41.934521
2022-04-06,41.393772
2022-04-07,41.437374
2022-04-08,41.428665
2022-04-11,40.992561
2022-04-12,40.722183
2022-04-13,41.201889
2022-04-14,41.001293
2022-04-18,40.826855
2022-04-19,41.010010
2022-04-20,41.315273
2022-04-21,40.826855
2022-04-22,40.076771
2022-04-25,39.841282
2022-04-26,38.759769
2022-04-27,38.934212
2022-04-28,39.544743
2022-04-29,39.047604
2022-05-02,38.916771
2022-05-03,39.230755
2022-05-04,39.902332
2022-05-05,38.628944
2022-05-06,38.280075
2022-05-09,37.093895
2022-05-10,37.277073
2022-05-11,37.085186
2022-05-12,36.945641
2022-05-13,37.983536
2022-05-16,38.035873
2022-05-17,38.768505
2022-05-18,37.843990
2022-05-19,38.236465
2022-05-20,38.454514
2022-05-23,39.117371
2022-05-24,38.977821
2022-05-25,38.960381
2022-05-26,39.387745
2022-05-27,39.876167
2022-05-31,39.693020
2022-06-01,39.335423
2022-06-02,40.163994
2022-06-03,39.544743
2022-06-06,39.693020
2022-06-07,39.788948
2022-06-08,39.291813
2022-06-09,38.471962
2022-06-10,37.582333
2022-06-13,36.300213
2022-06-14,35.968800
2022-06-15,36.605499
2022-06-16,35.724583
2022-06-17,35.602478
2022-06-21,36.150337
2022-06-22,35.814564
2022-06-23,35.682011
2022-06-24,36.742393
2022-06-27,36.671711
2022-06-28,36.477306
2022-06-29,36.256382
2022-06-30,36.053139
2022-07-01,36.132671
2022-07-05,35.355053
2022-07-06,35.355053
2022-07-07,35.929440
2022-07-08,36.017796
2022-07-11,35.416912
2022-07-12,35.381569
2022-07-13,35.337383
2022-07-14,34.816029
2022-07-15,35.346218
2022-07-18,35.567131
2022-07-19,36.486137
2022-07-20,36.309410
2022-07-21,36.715881
2022-07-22,36.592178
2022-07-25,36.892628
2022-07-26,36.388931
2022-07-27,37.219570
2022-07-28,37.458160
2022-07-29,37.961842
2022-08-01,37.961842
2022-08-02,37.369793
2022-08-03,37.634895
2022-08-04,37.820457
2022-08-05,37.555363
2022-08-08,37.670238
2022-08-09,37.440487
2022-08-10,38.332977
2022-08-11,38.332977
2022-08-12,38.651093
2022-08-15,38.377163
2022-08-16,38.412498
2022-08-17,38.085552
2022-08-18,37.961842
2022-08-19,37.396301
2022-08-22,36.795422
2022-08-23,36.866119
2022-08-24,36.910294
2022-08-25,37.343285
2022-08-26,36.353584
2022-08-29,36.265224
2022-08-30,35.964783
2022-08-31,35.752705
2022-09-01,35.275528
2022-09-02,35.054619
2022-09-06,34.904392
2022-09-07,35.204838
2022-09-08,35.257858
2022-09-09,36.168018
2022-09-12,36.627525
2022-09-13,35.372726
2022-09-14,35.531780
2022-09-15,35.187164
2022-09-16,34.957413
2022-09-19,35.090359
2022-09-20,34.505386
2022-09-21,34.062210
2022-09-22,33.902657
2022-09-23,32.794731
2022-09-26,32.271786
2022-09-27,32.076786
2022-09-28,32.794731
2022-09-29,32.387012
2022-09-30,32.227470
2022-10-03,32.945415
2022-10-04,34.257202
2022-10-05,33.849476
2022-10-06,33.282230
2022-10-07,32.759281
2022-10-10,32.537693
2022-10-11,32.156563
2022-10-12,32.076786
2022-10-13,32.741547
2022-10-14,32.183159
2022-10-17,33.034050
2022-10-18,33.255634
2022-10-19,32.874504
2022-10-20,32.785870
2022-10-21,33.397446
2022-10-24,33.344261
2022-10-25,34.088802
2022-10-26,34.434464
2022-10-27,34.204018
2022-10-28,34.469921
2022-10-31,34.186295
2022-11-01,34.478786
2022-11-02,33.955845
2022-11-03,33.681076
2022-11-04,34.966278
2022-11-07,35.116959
2022-11-08,35.542397
2022-11-09,35.046040
2022-11-10,36.996002
2022-11-11,37.687344
2022-11-14,37.253048
2022-11-15,37.483494
2022-11-16,37.341679
2022-11-17,37.297363
2022-11-18,37.359413
2022-11-21,37.058048
2022-11-22,37.607578
2022-11-23,38.041889
2022-11-25,38.201427
2022-11-28,37.669624
2022-11-29,37.767124
2022-11-30,38.476192
2022-12-01,38.804138
2022-12-02,38.768692
2022-12-05,38.183704
2022-12-06,37.926666
2022-12-07,37.926666
2022-12-08,38.139385
2022-12-09,38.165977
2022-12-12,38.263477
2022-12-13,38.759830
2022-12-14,38.742092
2022-12-15,37.731670
2022-12-16,37.439178
2022-12-19,37.358467
2022-12-20,37.537823
2022-12-21,37.914448
2022-12-22,37.582657
2022-12-23,37.770977
2022-12-27,37.842712
2022-12-28,37.412270
2022-12-29,38.004124
2022-12-30,37.636463
2023-01-03,37.842712
2023-01-04,38.407658
2023-01-05,37.977222
2023-01-06,39.026413
2023-01-09,39.196793
2023-01-10,39.295433
2023-01-11,39.591366
2023-01-12,40.165291
2023-01-13,40.371532
2023-01-17,40.488121
2023-01-18,40.308762
2023-01-19,40.263924
2023-01-20,40.676430
2023-01-23,40.846809
2023-01-24,40.837841
2023-01-25,41.044094
2023-01-26,41.169640
2023-01-27,41.124805
2023-01-30,40.784031
2023-01-31,41.035122
2023-02-01,41.402794
2023-02-02,41.393833
2023-02-03,40.927517
2023-02-06,40.488121
2023-02-07,40.864742
2023-02-08,40.622635
2023-02-09,40.658501
2023-02-10,40.541916
2023-02-13,40.891647
2023-02-14,40.927517
2023-02-15,40.721264
2023-02-16,40.532951
2023-02-17,40.595730
2023-02-21,40.084579
2023-02-22,39.851414
2023-02-23,40.084579
2023-02-24,39.456844
2023-02-27,39.896267
2023-02-28,39.609303
2023-03-01,39.860394
2023-03-02,39.923164
2023-03-03,40.506042
2023-03-06,40.407410
2023-03-07,39.672081
2023-03-08,39.878326
2023-03-09,39.483753
2023-03-10,39.098156
2023-03-13,38.873970
2023-03-14,39.331306
2023-03-15,38.156567
2023-03-16,38.748428
2023-03-17,38.300049
2023-03-20,38.885128
2023-03-21,39.389194
2023-03-22,39.236176
2023-03-23,39.263172
2023-03-24,39.128162
2023-03-27,39.470200
2023-03-28,39.524212
2023-03-29,39.974274
2023-03-30,40.469341
2023-03-31,40.658360
2023-04-03,40.991402
2023-04-04,40.982403
2023-04-05,40.667366
2023-04-06,40.802380
2023-04-10,40.838394
2023-04-11,41.018410
2023-04-12,41.252449
2023-04-13,41.855526
2023-04-14,41.648491
2023-04-17,41.612488
2023-04-18,41.774513
2023-04-19,41.612488
2023-04-20,41.630493
2023-04-21,41.765522
2023-04-24,41.846516
2023-04-25,41.189430
2023-04-26,41.198429
2023-04-27,41.720509
2023-04-28,41.729496
2023-05-01,41.693497
2023-05-02,41.252449
2023-05-03,41.333450
2023-05-04,41.270443
2023-05-05,41.936531
2023-05-08,41.954533
2023-05-09,41.792519
2023-05-10,41.729496
2023-05-11,41.540478
2023-05-12,41.450462
2023-05-15,41.810513
2023-05-16,41.378460
2023-05-17,41.594490
2023-05-18,41.513470
2023-05-19,41.765522
2023-05-22,41.801510
2023-05-23,41.216434
2023-05-24,40.631359
2023-05-25,40.541344
2023-05-26,40.919399
2023-05-30,40.568352
2023-05-31,40.172295
2023-06-01,40.793381
2023-06-02,41.396469
2023-06-05,41.135429
2023-06-06,41.495472
2023-06-07,41.099422
2023-06-08,41.522476
2023-06-09,41.504482
2023-06-12,41.693497
2023-06-13,42.098557
2023-06-14,42.206566
2023-06-15,42.602615
2023-06-16,42.476604
2023-06-20,41.906109
2023-06-21,41.969692
2023-06-22,41.715336
2023-06-23,41.043091
2023-06-26,41.170273
2023-06-27,41.506393
2023-06-28,41.515480
2023-06-29,41.460976
2023-06-30,41.951527
2023-07-03,42.024204
2023-07-05,41.569984
2023-07-06,40.834156
2023-07-07,41.179356
2023-07-10,41.288368
2023-07-11,41.688076
2023-07-12,42.487511
2023-07-13,43.141582
2023-07-14,42.878132
2023-07-17,42.859966
2023-07-18,43.168831
2023-07-19,43.159744
2023-07-20,42.905384
2023-07-21,42.959896
2023-07-24,42.914467
2023-07-25,43.041649
2023-07-26,43.096153
2023-07-27,42.914467
2023-07-28,43.268764
2023-07-31,43.268764
2023-08-01,42.787285
2023-08-02,41.960617
2023-08-03,41.833424
2023-08-04,41.951527
2023-08-07,42.287651
2023-08-08,41.969692
2023-08-09,42.006039
2023-08-10,42.133217
2023-08-11,41.897018
2023-08-14,41.724415
2023-08-15,41.143024
2023-08-16,40.815987
2023-08-17,40.543449
2023-08-18,40.543449
2023-08-21,40.670635
2023-08-22,40.579796
2023-08-23,41.015846
2023-08-24,40.498032
2023-08-25,40.752396
2023-08-28,41.179356
2023-08-29,41.706257
2023-08-30,41.697163
2023-08-31,41.560902
2023-09-01,41.624489
2023-09-05,41.252029
2023-09-06,41.088512
2023-09-07,40.924999
2023-09-08,40.870495
2023-09-11,41.333794
2023-09-12,41.152107
2023-09-13,41.070339
2023-09-14,41.624489
2023-09-15,41.533642
2023-09-18,41.378159
2023-09-19,41.387306
2023-09-20,41.250107
2023-09-21,40.564133
2023-09-22,40.609859
2023-09-25,40.454376
2023-09-26,39.878159
2023-09-27,39.786690
2023-09-28,40.115959
2023-09-29,39.987919
2023-10-02,39.365959
2023-10-03,38.872059
2023-10-04,38.890347
2023-10-05,39.247055
2023-10-06,39.658638
2023-10-09,39.631207
2023-10-10,40.134258
2023-10-11,40.308033
2023-10-12,39.960480
2023-10-13,39.603760
2023-10-16,39.914742
2023-10-17,39.923897
2023-10-18,39.247055
2023-10-19,38.926945
2023-10-20,38.561081
2023-10-23,38.579369
2023-10-24,38.771442
2023-10-25,38.433025
2023-10-26,38.149494
2023-10-27,38.030590
2023-10-30,38.551937
2023-10-31,38.634254
2023-11-01,39.027534
2023-11-02,39.905598
2023-11-03,40.417789
2023-11-06,40.289745
2023-11-07,39.987919
2023-11-08,39.896446
2023-11-09,39.878159
2023-11-10,40.088528
2023-11-13,40.143394
2023-11-14,41.231815
2023-11-15,41.195236
2023-11-16,41.103764
2023-11-17,41.615959
2023-11-20,41.798897
2023-11-21,41.634258
2023-11-22,41.716572
2023-11-24,41.990971
2023-11-27,41.881214
2023-11-28,41.954372
2023-11-29,42.054993
2023-11-30,42.036697
2023-12-01,42.466583
2023-12-04,42.091579
2023-12-05,41.954372
2023-12-06,42.036697
2023-12-07,42.237923
2023-12-08,42.338531
2023-12-11,42.457428
2023-12-12,42.466583
2023-12-13,43.152550
2023-12-14,43.527554
2023-12-15,43.079384
2023-12-18,43.227650
2023-12-19,43.644634
2023-12-20,43.190586
2023-12-21,43.922626
2023-12-22,44.024551
2023-12-26,44.219151
2023-12-27,44.469345
2023-12-28,44.395203
2023-12-29,44.385948
2024-01-02,43.894821
2024-01-03,43.542702
2024-01-04,43.644634
2024-01-05,43.672432
2024-01-08,44.126488
2024-01-09,43.728031
2024-01-10,43.968960
2024-01-11,43.922626
2024-01-12,44.080154
2024-01-16,43.292515
2024-01-17,42.819923
2024-01-18,43.209110
2024-01-19,43.348106
2024-01-22,43.459305
2024-01-23,43.385174
2024-01-24,43.653900
2024-01-25,43.765099
2024-01-26,43.950424
2024-01-29,44.209885
2024-01-30,44.154282
2024-01-31,43.904095
2024-02-01,44.367409
2024-02-02,44.052361
2024-02-05,43.765099
2024-02-06,44.033821
2024-02-07,44.061615
2024-02-08,43.987495
2024-02-09,44.145016
2024-02-12,44.256210
2024-02-13,43.468575
2024-02-14,44.006023
2024-02-15,44.497139
2024-02-16,44.534203
2024-02-20,44.691734
2024-02-21,44.719536
2024-02-22,45.192120
2024-02-23,45.266247
2024-02-26,45.164318
2024-02-27,45.247715
2024-02-28,45.006790
2024-02-29,45.108715
2024-03-01,45.590576
2024-03-04,45.470104
2024-03-05,45.358913
2024-03-06,45.905628
2024-03-07,46.433815
2024-03-08,46.304089
2024-03-11,46.072426
2024-03-12,46.424541
2024-03-13,46.433815
2024-03-14,46.128029
2024-03-15,46.087948
2024-03-18,46.097263
2024-03-19,46.171825
2024-03-20,46.675117
2024-03-21,46.703072
2024-03-22,46.544628
2024-03-25,46.479389
2024-03-26,46.544628
2024-03-27,46.852200
2024-03-28,46.758991
2024-04-01,46.572598
2024-04-02,46.283665
2024-04-03,46.535313
2024-04-04,46.162506
2024-04-05,46.330273
2024-04-08,46.553951
2024-04-09,46.563271
2024-04-10,45.864258
2024-04-11,46.032024
2024-04-12,45.230492
2024-04-15,45.072056
2024-04-16,44.596729
2024-04-17,44.624687
2024-04-18,44.578091
2024-04-19,44.606052
2024-04-22,45.090694
2024-04-23,45.547382
2024-04-24,45.416901
2024-04-25,45.221180
2024-04-26,45.556698
2024-04-29,45.808346
2024-04-30,45.165257
2024-05-01,45.109341
2024-05-02,45.771061
2024-05-03,46.190475
2024-05-06,46.553951
2024-05-07,46.619198
2024-05-08,46.572598
2024-05-09,46.917435
2024-05-10,46.936069
2024-05-13,46.926758
2024-05-14,47.252964
2024-05-15,47.728283
2024-05-16,47.458000
2024-05-17,47.625763
2024-05-20,47.644402
2024-05-21,47.569843
2024-05-22,47.122482
2024-05-23,46.861511
2024-05-24,47.243637
2024-05-28,47.252964
2024-05-29,46.442120
2024-05-30,46.861511
2024-05-31,47.271603
2024-06-03,47.392757
2024-06-04,47.252964
2024-06-05,47.579163
2024-06-06,47.700329
2024-06-07,47.113155
2024-06-10,47.178398
2024-06-11,46.647152
2024-06-12,47.215683
2024-06-13,46.553951
2024-06-14,46.134548
2024-06-17,46.302311
2024-06-18,46.488708
2024-06-20,46.488708
2024-06-21,46.179222
2024-06-24,46.583729
2024-06-25,46.649570
2024-06-26,46.339134
2024-06-27,46.452026
2024-06-28,46.489651
2024-07-01,46.527283
2024-07-02,46.630760
2024-07-03,47.185772
2024-07-05,47.486797
2024-07-08,47.279842
2024-07-09,47.119926
2024-07-10,47.778416
2024-07-11,47.966560
2024-07-12,48.446320
2024-07-15,48.079445
2024-07-16,48.361656
2024-07-17,48.088852
2024-07-18,47.618496
2024-07-19,47.336285
2024-07-22,47.797230
2024-07-23,47.552650
2024-07-24,46.960003
2024-07-25,46.668385
2024-07-26,47.279842
2024-07-29,47.091705
2024-07-30,47.195179
2024-07-31,47.891300
2024-08-01,46.668385
2024-08-02,45.849972
2024-08-05,44.777569
2024-08-06,44.852825
2024-08-07,45.069180
2024-08-08,45.840565
2024-08-09,46.000481
2024-08-12,46.019295
2024-08-13,46.771870
2024-08-14,46.950596
2024-08-15,47.524429
2024-08-16,47.806644
2024-08-19,48.361656
2024-08-20,48.229958
2024-08-21,48.653278
2024-08-22,48.314621
2024-08-23,49.245914
2024-08-26,49.048367
2024-08-27,49.236511
2024-08-28,48.991932
2024-08-29,49.123631
2024-08-30,49.283546
2024-09-03,48.427505
2024-09-04,48.276997
2024-09-05,48.286404
2024-09-06,47.383324
2024-09-09,47.891300
2024-09-10,47.703167
2024-09-11,47.975964
2024-09-12,48.408691
2024-09-13,48.540386
2024-09-16,48.926079
2024-09-17,48.690903
2024-09-18,48.521576
2024-09-19,49.452873
2024-09-20,49.003872
2024-09-23,49.201954
2024-09-24,49.503807
2024-09-25,49.192520
2024-09-26,50.286736
2024-09-27,49.975452
2024-09-30,49.815094
2024-10-01,49.466080
2024-10-02,49.381176
2024-10-03,48.918968
2024-10-04,49.211388
2024-10-07,48.937836
2024-10-08,48.862377
2024-10-09,48.881241
2024-10-10,48.796341
2024-10-11,49.041595
2024-10-14,49.145359
2024-10-15,48.447327
2024-10-16,48.635983
2024-10-17,48.617119
2024-10-18,48.890675
2024-10-21,48.334129
2024-10-22,48.088879
2024-10-23,47.626671
2024-10-24,47.796455
2024-10-25,47.645531
2024-10-28,47.994549
2024-10-29,47.834190
2024-10-30,47.598362
2024-10-31,47.258781
2024-11-01,47.362541
2024-11-04,47.428570
2024-11-05,47.928516
2024-11-06,47.315380
2024-11-07,48.032276
2024-11-08,47.400276
2024-11-11,47.381413
2024-11-12,46.607914
2024-11-13,46.343796
2024-11-14,46.381523
2024-11-15,46.249458
2024-11-18,46.560749
2024-11-19,46.504147
2024-11-20,46.372089
2024-11-21,46.485283
2024-11-22,46.692810
2024-11-25,46.919197
2024-11-26,46.636211
2024-11-27,46.881462
2024-11-29,47.447445
2024-12-02,47.494606
2024-12-03,47.692703
2024-12-04,47.702126
2024-12-05,47.919083
2024-12-06,47.853058
2024-12-09,47.739861
2024-12-10,47.390846
2024-12-11,47.730427
2024-12-12,47.268215
2024-12-13,47.145588
2024-12-16,46.947495
2024-12-17,46.834301
2024-12-18,45.674053
2024-12-19,45.560860
2024-12-20,45.544586
2024-12-23,45.812664
2024-12-24,45.994576
2024-12-26,46.176487
2024-12-27,46.061596
2024-12-30,45.774368
2024-12-31,45.783939
2025-01-02,45.688198
2025-01-03,45.956276
2025-01-06,46.406269
2025-01-07,46.253078
2025-01-08,46.195633
2025-01-10,45.506290
2025-01-13,45.381824
2025-01-14,45.554161
2025-01-15,46.119038
2025-01-16,46.272228
2025-01-17,46.502003
2025-01-21,47.401981
2025-01-22,47.296669
2025-01-23,47.622192
2025-01-24,47.890278
2025-01-27,47.804108
2025-01-28,47.756229
2025-01-29,47.756229
2025-01-30,48.273235
2025-01-31,47.813675
2025-02-03,47.220074
2025-02-04,47.794521
2025-02-05,48.254093
2025-02-06,48.455147
2025-02-07,48.072182
2025-02-10,48.378555
2025-02-11,48.570045
2025-02-12,48.665783
2025-02-13,49.297684
2025-02-14,49.316830
2025-02-18,49.651932
2025-02-19,49.221088
2025-02-20,49.412575
2025-02-21,49.058323
2025-02-24,49.010452
2025-02-25,49.364700
2025-02-26,49.441292
2025-02-27,48.857269
2025-02-28,48.895565
2025-03-03,49.259388
2025-03-04,49.125343
2025-03-05,50.283833
2025-03-06,49.814693
2025-03-07,50.341274
2025-03-10,49.182789
2025-03-11,49.048752
2025-03-12,49.412575
2025-03-13,49.039181
2025-03-14,49.977459
2025-03-17,50.571053
2025-03-18,50.504032
2025-03-19,50.733818
2025-03-20,50.341274
2025-03-21,50.064259
2025-03-24,50.131588
2025-03-25,50.400913
2025-03-26,49.794945
2025-03-27,49.852650
2025-03-28,49.285160
2025-03-31,48.890804
2025-04-01,49.063934
2025-04-02,49.198597
2025-04-03,48.169418
2025-04-04,45.120354
2025-04-07,44.139267
2025-04-08,43.908424
2025-04-09,47.188332
2025-04-10,46.255337
2025-04-11,47.524975
2025-04-14,48.073231
2025-04-15,48.400257
2025-04-16,48.294453
2025-04-17,48.813862
2025-04-21,48.583008
2025-04-22,49.535240
2025-04-23,49.679523
2025-04-24,50.314346
2025-04-25,50.429764
2025-04-28,50.776028
2025-04-29,50.929924
2025-04-30,50.852982
2025-05-01,50.641369
2025-05-02,51.564743
2025-05-05,51.660923
2025-05-06,51.651314
2025-05-07,51.468555
2025-05-08,51.295429
2025-05-09,51.632072
2025-05-12,51.882156
2025-05-13,51.968719
2025-05-14,51.757114
2025-05-15,52.305370
2025-05-16,52.420792
2025-05-19,52.843998
2025-05-20,53.094086
2025-05-21,52.805538
2025-05-22,52.747818
2025-05-23,52.930569
2025-05-27,53.671188
2025-05-28,53.180653
2025-05-29,53.392258
2025-05-30,53.459587
2025-06-02,54.075172
2025-06-03,53.680817
2025-06-04,53.959747
2025-06-05,53.959747
2025-06-06,54.132885
2025-06-09,54.152115
2025-06-10,54.277157
2025-06-11,54.267544
2025-06-12,54.690758
2025-06-13,54.027077
2025-06-16,54.296398
2025-06-17,53.613483
2025-06-18,53.757759
2025-06-20,53.322453
2025-06-23,53.729649
2025-06-24,54.437386
2025-06-25,54.165920
2025-06-26,54.757313
2025-06-27,55.096642
2025-06-30,55.271149
2025-07-01,55.232368
2025-07-02,55.406883
2025-07-03,55.474747
2025-07-07,54.786396
2025-07-08,55.183895
2025-07-09,55.562000
2025-07-10,55.600780
2025-07-11,55.135422
2025-07-14,55.203285
2025-07-15,54.650669
2025-07-16,54.912434
2025-07-17,55.038471
2025-07-18,54.912434
2025-07-21,55.271149
2025-07-22,55.532913
2025-07-23,56.715706
2025-07-24,56.318207
2025-07-25,56.250343
2025-07-28,55.416573
2025-07-29,55.397182
2025-07-30,54.980297
2025-07-31,54.505249
2025-08-01,54.311348
2025-08-04,55.067558
2025-08-05,55.164509
2025-08-06,55.591084
2025-08-07,55.988583
2025-08-08,56.250343
2025-08-11,56.027359
2025-08-12,56.657536
2025-08-13,56.919300
2025-08-14,56.822350
2025-08-15,57.074417
2025-08-18,57.016254
2025-08-19,56.948387
2025-08-20,57.093807
2025-08-21,56.822350
2025-08-22,57.743374
2025-08-25,57.025944
2025-08-26,57.045334
2025-08-27,56.977470
2025-08-28,57.210148
2025-08-29,56.919300
2025-09-02,56.415161
2025-09-03,56.541195
2025-09-04,56.890213
2025-09-05,57.161674
2025-09-08,57.714291
2025-09-09,57.559166
2025-09-10,57.597950
2025-09-11,58.237816
2025-09-12,57.995445
2025-09-15,58.460804
2025-09-16,58.392941
2025-09-17,58.189342
2025-09-18,58.373547
2025-09-19,58.107609
2025-09-22,58.419334
2025-09-23,58.331661
2025-09-24,57.922520
2025-09-25,57.532864
2025-09-26,57.873814
2025-09-29,58.166054
2025-09-30,58.370625
2025-10-01,58.808987
2025-10-02,58.935627
2025-10-03,59.481144
2025-10-06,59.598045
2025-10-07,59.081753
2025-10-08,59.266838
2025-10-09,58.760281
2025-10-10,57.649761
2025-10-13,58.253727
2025-10-14,58.429073
2025-10-15,58.838215
2025-10-16,59.091496
2025-10-17,59.140198
2025-10-20,59.656494
2025-10-21,59.120712
2025-10-22,59.140198
2025-10-23,59.442181
2025-10-24,59.637012
2025-10-27,60.075375
2025-10-28,60.065632
2025-10-29,59.724682
2025-10-30,59.451923
2025-10-31,59.403217
2025-11-03,59.549335
2025-11-04,58.760281
2025-11-05,59.130463
2025-11-06,58.857693
2025-11-07,59.042786
2025-11-10,59.763645
2025-11-11,60.133823
2025-11-12,60.523483
2025-11-13,59.812355
2025-11-14,59.734428
2025-11-17,58.964851
2025-11-18,58.360886
2025-11-19,58.166054
2025-11-20,57.377003
2025-11-21,58.224506
2025-11-24,58.507008
2025-11-25,59.062267
2025-11-26,59.695457
2025-11-28,59.977959
2025-12-01,59.675976
2025-12-02,59.870804
2025-12-03,60.192272
2025-12-04,60.348137
2025-12-05,60.435806
2025-12-08,60.309170
2025-12-09,60.240978
2025-12-10,60.922878
2025-12-11,61.176155
2025-12-12,60.864429
2025-12-15,61.215122
2025-12-16,60.844948
2025-12-17,60.416328
2025-12-18,60.893654
2025-12-19,61.260185
2025-12-22,61.547470
2025-12-23,61.953621
2025-12-24,62.092312
2025-12-26,62.221088
2025-12-29,62.131935
2025-12-30,62.201279
2025-12-31,61.884277
2026-01-02,62.607433
2026-01-05,63.350403
2026-01-06,63.538620
2026-01-07,63.281059
2026-01-08,63.340492
2026-01-09,63.924961
2026-01-12,64.311302
2026-01-13,63.954681
2026-01-14,64.261772
2026-01-15,64.350929
2026-01-16,64.529243
2026-01-20,63.667397
2026-01-21,64.400459
2026-01-22,64.747177
2026-01-23,65.163239
2026-01-26,65.460434
2026-01-27,66.530304
2026-01-28,66.094437
2026-01-29,66.441147
2026-01-30,65.579300
2026-02-02,65.836868
2026-02-03,66.094437
2026-02-04,66.173683
2026-02-05,65.282127
2026-02-06,66.738342
2026-02-09,67.728958
2026-02-10,67.897362
2026-02-11,68.402588
2026-02-12,67.857735
2026-02-13,68.115311
2026-02-17,67.936996
2026-02-18,68.164833
2026-02-19,68.145020
2026-02-20,68.868172
2026-02-23,68.531364
2026-02-24,68.808739
2026-02-25,69.601234
2026-02-26,69.650764
2026-02-27,69.581429
2026-03-02,68.362961
2026-03-03,65.985458
2026-03-04,66.748245
2026-03-05,65.173149
2026-03-06,64.667931
2026-03-09,65.292030
2026-03-10,65.351456
2026-03-11,65.242500
2026-03-12,63.964588
2026-03-13,63.221622
2026-03-16,64.578781
2026-03-17,64.796715
2026-03-18,63.677307
2026-03-19,63.558434
2026-03-20,61.562897
2026-03-23,63.170437
2026-03-24,62.664364
2026-03-25,63.478054
2026-03-26,61.999512
2026-03-27,61.572819
2026-03-30,61.552971
2026-03-31,63.587208
2026-04-01,64.639053
2026-04-02,64.142899
2026-04-06,64.619217
2026-04-07,64.589432
2026-04-08,67.298447
2026-04-09,67.030525
2026-04-10,67.219063
2026-04-13,67.685448
2026-04-14,68.360214
2026-04-15,68.171677
2026-04-16,68.102219
2026-04-17,69.094528
2026-04-20,68.796829
2026-04-21,67.298447
2026-04-22,67.824371
2026-04-23,67.169449
2026-04-24,67.615982
2026-04-27,67.546524
2026-04-28,67.209145
2026-04-29,66.564140
2026-04-30,68.270912
2026-05-01,68.191528
2026-05-04,67.387756
2026-05-05,68.449532
2026-05-06,70.324997
2026-05-07,69.134216
2026-05-08,70.285301
2026-05-11,70.275375
2026-05-12,69.431908
2026-05-13,70.086830
2026-05-14,70.017372
2026-05-15,68.548759
2026-05-18,68.985367
2026-05-19,68.459450
2026-05-20,69.660133
2026-05-21,70.146378
2026-05-22,69.918144
2026-05-26,71.227989
2026-05-27,70.860840
2026-05-28,71.108917
2026-05-29,71.218063
2026-06-01,71.317299
2026-06-02,71.763840
2026-06-03,71.118843
2026-06-04,71.287529
2026-06-05,68.638062
2026-06-08,69.322762
2026-06-09,69.302902
2026-06-10,68.280830
2026-06-11,70.761604
2026-06-12,70.999763
2026-06-15,71.833298
2026-06-16,71.763840
2026-06-17,71.446297
2026-06-18,72.131599
2026-06-22,72.211403
2026-06-23,69.996880
2026-06-24,70.106613
2026-06-25,70.984444
2026-06-26,70.385918
2026-06-29,70.745033
2026-06-30,71.074219
2026-07-01,70.186417
2026-07-02,70.635300
2026-07-06,71.712639
2026-07-07,70.605377
2026-07-08,70.166458
2026-07-09,70.555504
2026-07-10,70.814857
2026-07-13,69.587898
2026-07-14,70.425819
2026-07-15,70.645279
2026-07-16,69.857231
2026-07-17,69.528038
2026-07-20,69.059204
2026-07-21,70.296143
2026-07-22,70.316093
2026-07-23,69.607841
2026-07-24,69.538017
2026-07-27,69.827301
2026-07-28,69.428291
2026-07-29,68.779892
2026-07-30,70.914612
2026-07-31,70.445778
2026-08-03,70.864738
2026-08-04,72.041824
2026-08-05,72.171501
2026-08-06,71.942078
2026-08-07,72.710175
2026-08-10,72.321136
2026-08-11,72.510666
2026-08-12,73.119164
2026-08-13,73.358574
2026-08-14,73.398476
2026-08-17,73.508202
2026-08-18,72.211403
2026-08-19,72.650322
2026-08-20,72.660294
2026-08-21,73.238861
2026-08-24,72.879753
2026-08-25,73.607956
2026-08-26,73.268791
2026-08-27,73.238861
2026-08-28,72.879753
2026-08-31,72.740097
2026-09-01,71.932098
2026-09-02,72.410912
2026-09-03,73.258820
2026-09-04,73.578026
2026-09-08,73.268791
2026-09-09,72.640343
2026-09-10,71.742561
2026-09-11,72.510666
2026-09-14,71.543060
2026-09-15,71.353531
2026-09-16,71.084198
2026-09-17,71.972000
2026-09-18,71.379997
2026-09-21,72.300003
2026-09-22,72.709999
2026-09-23,71.419998
2026-09-24,71.050003
2026-09-25,71.839996
2026-09-28,71.309998
2026-09-29,71.180000
2026-09-30,70.610001
2026-10-01,70.209999
2026-10-02,71.129997
