date,adj_close
2005-03-10,23.463701
2005-03-11,23.463701
2005-03-14,23.440649
2005-03-15,23.371511
2005-03-16,23.279314
2005-03-17,23.279314
2005-03-18,23.141010
2005-03-21,22.979679
2005-03-22,22.763020
2005-03-23,22.610895
2005-03-24,22.703089
2005-03-28,22.657003
2005-03-29,22.657003
2005-03-30,22.809114
2005-03-31,22.703089
2005-04-01,22.541756
2005-04-04,22.610895
2005-04-05,22.643160
2005-04-06,22.822947
2005-04-07,22.910534
2005-04-08,22.887482
2005-04-11,23.131805
2005-04-12,23.136402
2005-04-13,22.749187
2005-04-14,22.587852
2005-04-15,22.440331
2005-04-18,22.444946
2005-04-19,22.657003
2005-04-20,22.334307
2005-04-21,22.657003
2005-04-22,22.472605
2005-04-25,22.652380
2005-04-26,22.426512
2005-04-27,22.311262
2005-04-28,21.979362
2005-04-29,22.214462
2005-05-02,22.219074
2005-05-03,22.357361
2005-05-04,22.721529
2005-05-05,22.629332
2005-05-06,22.458773
2005-05-09,22.633945
2005-05-10,22.242123
2005-05-11,22.394245
2005-05-12,22.126873
2005-05-13,22.053104
2005-05-16,22.117659
2005-05-17,22.214462
2005-05-18,22.541756
2005-05-19,22.514090
2005-05-20,22.449549
2005-05-23,22.633945
2005-05-24,22.472605
2005-05-25,22.472605
2005-05-26,22.541756
2005-05-27,22.587852
2005-05-31,22.274391
2005-06-01,22.357361
2005-06-02,22.550966
2005-06-03,22.357361
2005-06-06,22.495657
2005-06-07,22.564802
2005-06-08,22.518703
2005-06-09,22.615507
2005-06-10,22.518703
2005-06-13,22.444946
2005-06-14,22.380413
2005-06-15,22.541756
2005-06-16,22.583241
2005-06-17,22.956633
2005-06-20,22.781464
2005-06-21,22.841385
2005-06-22,22.809114
2005-06-23,22.495657
2005-06-24,22.587852
2005-06-27,22.541756
2005-06-28,22.647778
2005-06-29,22.633945
2005-06-30,22.574017
2005-07-01,22.587852
2005-07-05,22.495657
2005-07-06,22.578630
2005-07-07,22.444946
2005-07-08,22.680052
2005-07-11,22.827562
2005-07-12,23.260872
2005-07-13,23.076488
2005-07-14,23.117975
2005-07-15,23.081099
2005-07-18,22.896704
2005-07-19,23.081099
2005-07-20,23.214783
2005-07-21,23.265484
2005-07-22,23.094919
2005-07-25,23.094919
2005-07-26,23.085709
2005-07-27,23.288532
2005-07-28,23.514412
2005-07-29,23.196335
2005-08-01,23.491367
2005-08-02,23.648094
2005-08-03,23.873976
2005-08-04,23.675764
2005-08-05,23.684975
2005-08-08,23.717237
2005-08-09,23.910860
2005-08-10,24.039925
2005-08-11,24.238150
2005-08-12,24.201267
2005-08-15,24.201267
2005-08-16,24.058369
2005-08-17,23.744898
2005-08-18,23.652702
2005-08-19,23.671141
2005-08-22,23.804823
2005-08-23,23.694189
2005-08-24,23.551285
2005-08-25,23.578953
2005-08-26,23.431442
2005-08-29,23.431442
2005-08-30,23.371511
2005-08-31,23.855532
2005-09-01,24.242748
2005-09-02,24.311903
2005-09-06,24.565439
2005-09-07,24.514721
2005-09-08,24.394880
2005-09-09,24.611536
2005-09-12,24.348776
2005-09-13,24.145950
2005-09-14,24.127504
2005-09-15,24.127504
2005-09-16,24.394880
2005-09-19,24.155170
2005-09-20,24.067591
2005-09-21,23.966169
2005-09-22,23.938511
2005-09-23,23.873976
2005-09-26,23.998444
2005-09-27,23.998444
2005-09-28,24.182821
2005-09-29,24.381048
2005-09-30,24.169004
2005-10-03,24.104458
2005-10-04,24.053757
2005-10-05,23.910860
2005-10-06,23.938511
2005-10-07,23.901623
2005-10-10,23.823261
2005-10-11,23.703405
2005-10-12,23.509809
2005-10-13,23.339241
2005-10-14,23.643497
2005-10-17,23.454491
2005-10-18,23.173292
2005-10-19,23.256264
2005-10-20,22.869049
2005-10-21,22.933580
2005-10-24,23.306973
2005-10-25,23.362289
2005-10-26,23.348463
2005-10-27,23.270090
2005-10-28,23.454491
2005-10-31,23.666540
2005-11-01,23.684975
2005-11-02,23.975386
2005-11-03,24.062973
2005-11-04,23.703405
2005-11-07,23.777172
2005-11-08,23.708019
2005-11-09,23.708019
2005-11-10,23.735683
2005-11-11,23.827873
2005-11-14,23.754124
2005-11-15,23.583559
2005-11-16,23.486753
2005-11-17,23.795614
2005-11-18,23.901623
2005-11-21,23.980001
2005-11-22,24.169004
2005-11-23,24.224319
2005-11-25,24.016878
2005-11-28,24.058369
2005-11-29,24.039925
2005-11-30,23.873976
2005-12-01,24.288855
2005-12-02,24.431757
2005-12-05,24.487080
2005-12-06,24.602314
2005-12-07,24.371822
2005-12-08,24.523947
2005-12-09,24.662254
2005-12-12,24.925013
2005-12-13,25.058687
2005-12-14,25.049471
2005-12-15,24.842022
2005-12-16,25.003366
2005-12-19,24.943443
2005-12-20,24.805151
2005-12-21,24.777483
2005-12-22,24.934219
2005-12-23,24.943443
2005-12-27,24.834639
2005-12-28,25.009657
2005-12-29,25.004929
2005-12-30,24.881937
2006-01-03,25.761797
2006-01-04,26.007780
2006-01-05,25.927370
2006-01-06,26.239567
2006-01-09,26.097652
2006-01-10,25.922634
2006-01-11,26.159151
2006-01-12,25.913174
2006-01-13,26.017241
2006-01-17,25.804375
2006-01-18,25.671923
2006-01-19,25.671923
2006-01-20,25.459047
2006-01-23,25.856413
2006-01-24,25.851679
2006-01-25,26.012508
2006-01-26,26.230103
2006-01-27,26.234846
2006-01-30,26.291607
2006-01-31,26.457170
2006-02-01,26.457170
2006-02-02,26.296341
2006-02-03,26.083471
2006-02-06,26.050358
2006-02-07,25.828028
2006-02-08,26.069265
2006-02-09,26.201731
2006-02-10,26.173336
2006-02-13,26.097652
2006-02-14,26.258486
2006-02-15,26.149696
2006-02-16,26.319988
2006-02-17,26.433514
2006-02-21,26.485546
2006-02-22,26.670029
2006-02-23,26.584898
2006-02-24,26.551779
2006-02-27,26.594349
2006-02-28,26.372021
2006-03-01,26.613277
2006-03-02,26.655842
2006-03-03,26.736259
2006-03-06,26.655842
2006-03-07,26.315260
2006-03-08,26.324717
2006-03-09,26.338921
2006-03-10,26.608553
2006-03-13,26.835604
2006-03-14,27.166733
2006-03-15,27.308636
2006-03-16,27.502594
2006-03-17,27.554632
2006-03-20,27.549894
2006-03-21,27.303921
2006-03-22,27.530973
2006-03-23,27.242414
2006-03-24,27.445822
2006-03-27,27.232965
2006-03-28,27.057928
2006-03-29,27.318092
2006-03-30,27.601919
2006-03-31,27.431644
2006-04-03,27.630301
2006-04-04,27.980366
2006-04-05,28.065517
2006-04-06,27.947252
2006-04-07,27.535700
2006-04-10,27.587730
2006-04-11,27.346491
2006-04-12,27.308636
2006-04-13,27.398521
2006-04-17,27.677603
2006-04-18,28.074970
2006-04-19,28.382446
2006-04-20,28.335138
2006-04-21,28.462858
2006-04-24,28.647350
2006-04-25,28.557467
2006-04-26,28.614243
2006-04-27,28.746695
2006-04-28,28.864946
2006-05-01,28.789259
2006-05-02,29.224457
2006-05-03,28.978477
2006-05-04,29.191343
2006-05-05,29.792097
2006-05-08,29.768467
2006-05-09,29.934011
2006-05-10,29.943483
2006-05-11,29.692781
2006-05-12,29.243380
2006-05-15,28.718302
2006-05-16,28.921709
2006-05-17,27.852638
2006-05-18,27.843176
2006-05-19,27.947252
2006-05-22,27.379602
2006-05-23,27.795876
2006-05-24,27.530973
2006-05-25,28.041861
2006-05-26,28.273649
2006-05-30,27.918854
2006-05-31,28.018192
2006-06-01,28.302029
2006-06-02,28.595306
2006-06-05,28.027660
2006-06-06,27.720186
2006-06-07,27.535700
2006-06-08,26.726809
2006-06-09,26.783573
2006-06-12,26.485546
2006-06-13,25.733414
2006-06-14,26.178076
2006-06-15,27.005890
2006-06-16,26.840326
2006-06-19,26.655842
2006-06-20,26.868711
2006-06-21,27.242414
2006-06-22,26.972788
2006-06-23,26.930202
2006-06-26,27.057928
2006-06-27,26.684214
2006-06-28,27.029537
2006-06-29,27.899948
2006-06-30,28.302029
2006-07-03,28.481783
2006-07-05,27.966173
2006-07-06,28.330412
2006-07-07,28.160124
2006-07-10,28.240536
2006-07-11,28.297298
2006-07-12,27.866831
2006-07-13,27.322840
2006-07-14,27.152546
2006-07-17,26.783573
2006-07-18,26.726809
2006-07-19,27.568819
2006-07-20,27.407972
2006-07-21,27.398521
2006-07-24,27.871557
2006-07-25,27.862108
2006-07-26,28.046583
2006-07-27,28.126986
2006-07-28,28.670996
2006-07-31,28.595306
2006-08-01,28.443941
2006-08-02,28.727772
2006-08-03,28.689919
2006-08-04,28.803450
2006-08-07,28.694653
2006-08-08,28.510178
2006-08-09,28.723030
2006-08-10,28.618958
2006-08-11,28.472322
2006-08-14,28.510178
2006-08-15,29.139307
2006-08-16,29.394756
2006-08-17,29.290674
2006-08-18,29.375837
2006-08-21,29.347437
2006-08-22,29.191343
2006-08-23,29.115656
2006-08-24,29.101458
2006-08-25,29.096735
2006-08-28,29.328533
2006-08-29,29.503559
2006-08-30,29.588697
2006-08-31,29.522472
2006-09-01,29.664379
2006-09-05,29.669125
2006-09-06,29.252842
2006-09-07,28.926449
2006-09-08,28.926449
2006-09-11,28.836573
2006-09-12,29.262299
2006-09-13,29.295420
2006-09-14,29.342712
2006-09-15,29.186615
2006-09-18,29.337982
2006-09-19,29.058891
2006-09-20,29.470430
2006-09-21,29.598156
2006-09-22,29.489359
2006-09-25,29.574516
2006-09-26,29.730616
2006-09-27,29.801561
2006-09-28,29.896170
2006-09-29,29.853613
2006-10-02,29.839411
2006-10-03,29.787373
2006-10-04,30.109053
2006-10-05,30.109053
2006-10-06,29.886728
2006-10-09,29.943483
2006-10-10,29.957674
2006-10-11,30.000250
2006-10-12,30.326643
2006-10-13,30.321911
2006-10-16,30.392878
2006-10-17,30.217848
2006-10-18,30.250954
2006-10-19,30.506395
2006-10-20,30.695610
2006-10-23,30.676676
2006-10-24,30.624660
2006-10-25,30.884823
2006-10-26,31.111891
2006-10-27,30.917944
2006-10-30,30.851723
2006-10-31,30.955793
2006-11-01,30.903749
2006-11-02,31.012562
2006-11-03,30.936865
2006-11-06,31.353142
2006-11-07,31.490322
2006-11-08,31.622780
2006-11-09,31.471399
2006-11-10,31.736301
2006-11-13,31.589664
2006-11-14,31.722115
2006-11-15,31.745775
2006-11-16,31.703184
2006-11-17,31.660620
2006-11-20,31.622780
2006-11-21,31.830915
2006-11-22,32.005943
2006-11-24,31.982296
2006-11-27,31.547091
2006-11-28,31.759962
2006-11-29,32.005943
2006-11-30,32.119473
2006-12-01,32.005943
2006-12-04,32.247189
2006-12-05,32.493176
2006-12-06,32.280296
2006-12-07,32.493176
2006-12-08,32.412750
2006-12-11,32.635082
2006-12-12,32.710777
2006-12-13,32.890530
2006-12-14,33.065559
2006-12-15,32.824299
2006-12-18,32.876331
2006-12-19,33.056087
2006-12-20,32.881062
2006-12-21,32.810108
2006-12-22,32.727055
2006-12-26,32.741631
2006-12-27,33.076756
2006-12-28,33.222458
2006-12-29,33.105904
2007-01-03,33.271038
2007-01-04,33.207909
2007-01-05,32.722191
2007-01-08,32.673626
2007-01-09,32.552193
2007-01-10,32.377335
2007-01-11,32.858200
2007-01-12,33.052475
2007-01-16,33.062199
2007-01-17,33.003906
2007-01-18,32.965050
2007-01-19,33.324486
2007-01-22,33.159328
2007-01-23,33.368187
2007-01-24,33.630466
2007-01-25,33.101051
2007-01-26,33.149628
2007-01-29,33.207909
2007-01-30,33.426476
2007-01-31,33.625610
2007-02-01,33.844177
2007-02-02,33.790745
2007-02-05,33.683899
2007-02-06,33.985043
2007-02-07,34.091892
2007-02-08,33.999615
2007-02-09,33.815044
2007-02-12,33.615894
2007-02-13,33.946178
2007-02-14,34.427025
2007-02-15,34.441608
2007-02-16,34.407600
2007-02-20,34.441608
2007-02-21,34.223038
2007-02-22,34.315327
2007-02-23,34.499901
2007-02-26,34.533886
2007-02-27,32.848476
2007-02-28,33.207909
2007-03-01,32.756195
2007-03-02,32.421051
2007-03-05,31.862492
2007-03-06,32.731907
2007-03-07,32.858200
2007-03-08,33.023327
2007-03-09,33.178764
2007-03-12,33.305046
2007-03-13,32.479340
2007-03-14,32.600780
2007-03-15,32.731907
2007-03-16,32.843624
2007-03-19,33.256458
2007-03-20,33.635330
2007-03-21,34.495022
2007-03-22,34.286179
2007-03-23,34.441608
2007-03-26,34.524178
2007-03-27,34.329884
2007-03-28,33.970474
2007-03-29,34.383316
2007-03-30,34.446461
2007-04-02,34.786457
2007-04-03,34.975887
2007-04-04,35.009888
2007-04-05,35.364456
2007-04-09,35.179878
2007-04-10,35.505295
2007-04-11,35.335304
2007-04-12,35.651020
2007-04-13,35.850151
2007-04-16,36.243591
2007-04-17,36.253296
2007-04-18,36.233871
2007-04-19,36.156158
2007-04-20,36.622433
2007-04-23,36.340721
2007-04-24,36.384434
2007-04-25,36.729294
2007-04-26,36.520439
2007-04-27,36.569000
2007-04-30,36.428150
2007-05-01,36.423275
2007-05-02,36.661293
2007-05-03,36.622433
2007-05-04,37.108150
2007-05-07,37.127586
2007-05-08,36.739006
2007-05-09,36.816719
2007-05-10,35.942432
2007-05-11,36.753574
2007-05-14,36.535015
2007-05-15,36.622433
2007-05-16,36.739006
2007-05-17,36.675854
2007-05-18,37.132435
2007-05-21,36.845856
2007-05-22,36.855572
2007-05-23,37.054714
2007-05-24,36.685570
2007-05-25,36.928440
2007-05-29,36.909012
2007-05-30,37.083851
2007-05-31,37.205276
2007-06-01,37.409271
2007-06-04,37.647285
2007-06-05,37.283005
2007-06-06,36.719589
2007-06-07,35.845303
2007-06-08,36.335876
2007-06-11,36.399006
2007-06-12,35.777306
2007-06-13,36.350426
2007-06-14,36.632149
2007-06-15,37.205276
2007-06-18,37.239285
2007-06-19,37.399570
2007-06-20,36.913857
2007-06-21,37.122719
2007-06-22,36.632149
2007-06-25,36.607857
2007-06-26,36.496155
2007-06-27,36.719589
2007-06-28,36.826431
2007-06-29,37.074139
2007-07-02,37.496712
2007-07-03,37.763844
2007-07-05,37.652134
2007-07-06,37.890133
2007-07-09,38.055275
2007-07-10,37.472420
2007-07-11,37.982414
2007-07-12,38.618706
2007-07-13,38.526405
2007-07-16,38.298122
2007-07-17,38.322422
2007-07-18,38.128132
2007-07-19,38.181564
2007-07-20,37.865833
2007-07-23,38.016422
2007-07-24,37.263573
2007-07-25,37.200428
2007-07-26,36.034740
2007-07-27,35.286736
2007-07-30,35.796734
2007-07-31,36.020153
2007-08-01,36.287292
2007-08-02,36.306717
2007-08-03,35.631588
2007-08-06,36.117294
2007-08-07,36.253296
2007-08-08,36.972137
2007-08-09,35.558735
2007-08-10,35.141014
2007-08-13,35.179878
2007-08-14,34.699020
2007-08-15,33.853886
2007-08-16,33.577045
2007-08-17,34.295887
2007-08-20,34.218178
2007-08-21,34.145317
2007-08-22,35.116741
2007-08-23,35.058453
2007-08-24,35.811287
2007-08-27,35.597580
2007-08-28,34.626167
2007-08-29,35.612164
2007-08-30,35.388744
2007-08-31,36.117294
2007-09-04,36.365009
2007-09-05,35.874447
2007-09-06,36.054153
2007-09-07,35.519855
2007-09-10,35.238152
2007-09-11,36.088150
2007-09-12,36.020153
2007-09-13,36.301857
2007-09-14,36.000725
2007-09-17,35.515022
2007-09-18,36.773006
2007-09-19,36.986706
2007-09-20,37.127586
2007-09-21,37.399570
2007-09-24,37.360714
2007-09-25,37.399570
2007-09-26,37.321842
2007-09-27,37.768711
2007-09-28,37.982414
2007-10-01,38.361267
2007-10-02,38.332127
2007-10-03,37.885273
2007-10-04,38.147568
2007-10-05,38.346699
2007-10-08,38.055275
2007-10-09,38.477844
2007-10-10,38.604134
2007-10-11,38.774136
2007-10-12,38.905266
2007-10-15,38.667271
2007-10-16,38.220413
2007-10-17,38.667271
2007-10-18,38.778980
2007-10-19,37.953278
2007-10-22,37.807552
2007-10-23,38.322422
2007-10-24,38.128132
2007-10-25,38.346699
2007-10-26,39.084976
2007-10-29,39.410404
2007-10-30,39.235558
2007-10-31,39.784389
2007-11-01,38.846977
2007-11-02,39.050983
2007-11-05,38.623550
2007-11-06,39.123844
2007-11-07,38.492409
2007-11-08,38.856697
2007-11-09,37.948433
2007-11-12,37.331566
2007-11-13,38.322422
2007-11-14,38.069847
2007-11-15,37.554989
2007-11-16,37.749287
2007-11-19,36.573872
2007-11-20,37.292706
2007-11-21,36.714722
2007-11-23,37.637573
2007-11-26,36.816719
2007-11-27,37.350998
2007-11-28,38.516701
2007-11-29,38.103840
2007-11-30,38.288414
2007-12-03,38.166977
2007-12-04,37.943562
2007-12-05,38.307835
2007-12-06,38.608986
2007-12-07,38.555538
2007-12-10,39.002407
2007-12-11,37.982414
2007-12-12,38.764416
2007-12-13,38.055275
2007-12-14,37.137283
2007-12-17,36.452438
2007-12-18,36.768143
2007-12-19,36.462151
2007-12-20,36.661293
2007-12-21,37.176136
2007-12-24,37.374596
2007-12-26,37.474808
2007-12-27,37.529942
2007-12-28,37.890759
2007-12-31,37.494865
2008-01-02,37.349541
2008-01-03,37.484829
2008-01-04,36.572781
2008-01-07,36.557755
2008-01-08,36.282112
2008-01-09,36.332230
2008-01-10,36.362293
2008-01-11,35.700802
2008-01-14,36.267078
2008-01-15,35.104446
2008-01-16,34.427921
2008-01-17,33.926785
2008-01-18,33.821552
2008-01-22,32.874420
2008-01-23,32.769157
2008-01-24,33.726337
2008-01-25,33.024750
2008-01-28,33.721317
2008-01-29,33.876663
2008-01-30,33.676208
2008-01-31,34.127239
2008-02-01,34.598312
2008-02-04,34.212440
2008-02-05,32.628857
2008-02-06,32.814281
2008-02-07,32.428398
2008-02-08,32.247990
2008-02-11,32.473499
2008-02-12,33.054806
2008-02-13,33.490791
2008-02-14,33.255264
2008-02-15,33.155045
2008-02-19,33.631115
2008-02-20,33.581013
2008-02-21,33.641144
2008-02-22,33.871658
2008-02-25,34.367779
2008-02-26,35.064365
2008-02-27,35.104446
2008-02-28,34.878948
2008-02-29,34.027020
2008-03-03,33.956844
2008-03-04,33.681229
2008-03-05,34.077118
2008-03-06,33.641144
2008-03-07,33.325428
2008-03-10,32.989670
2008-03-11,34.027020
2008-03-12,34.062080
2008-03-13,34.217445
2008-03-14,33.415623
2008-03-17,32.849358
2008-03-18,33.841591
2008-03-19,32.573719
2008-03-20,32.864388
2008-03-24,33.565964
2008-03-25,34.137268
2008-03-26,34.137268
2008-03-27,34.232471
2008-03-28,34.227467
2008-03-31,34.473026
2008-04-01,35.415165
2008-04-02,35.500336
2008-04-03,35.565495
2008-04-04,35.695789
2008-04-07,35.876202
2008-04-08,35.575520
2008-04-09,35.450226
2008-04-10,35.324951
2008-04-11,34.688503
2008-04-14,34.768688
2008-04-15,34.929058
2008-04-16,36.066631
2008-04-17,35.595566
2008-04-18,35.971405
2008-04-21,36.131783
2008-04-22,35.786003
2008-04-23,35.891232
2008-04-24,35.710819
2008-04-25,36.101696
2008-04-28,36.016514
2008-04-29,35.791004
2008-04-30,35.886234
2008-05-01,36.196934
2008-05-02,36.211971
2008-05-05,36.282112
2008-05-06,36.587807
2008-05-07,35.921291
2008-05-08,36.252048
2008-05-09,36.086681
2008-05-12,36.442482
2008-05-13,36.196934
2008-05-14,36.151817
2008-05-15,36.708088
2008-05-16,37.113991
2008-05-19,36.968670
2008-05-20,36.667988
2008-05-21,36.191925
2008-05-22,36.858414
2008-05-23,36.232002
2008-05-27,36.131783
2008-05-28,36.332230
2008-05-29,36.081669
2008-05-30,36.126762
2008-06-02,35.680740
2008-06-03,35.555477
2008-06-04,35.204685
2008-06-05,35.901257
2008-06-06,34.939083
2008-06-09,34.878948
2008-06-10,34.327694
2008-06-11,33.801506
2008-06-12,33.736355
2008-06-13,34.022003
2008-06-16,34.192406
2008-06-17,34.282597
2008-06-18,33.926785
2008-06-19,33.876663
2008-06-20,33.265301
2008-06-23,33.124973
2008-06-24,32.999695
2008-06-25,33.385571
2008-06-26,32.573719
2008-06-27,32.633858
2008-06-30,32.879414
2008-07-01,32.408340
2008-07-02,31.977383
2008-07-03,32.373268
2008-07-07,31.832047
2008-07-08,32.147762
2008-07-09,31.832047
2008-07-10,31.947315
2008-07-11,31.305853
2008-07-14,31.150515
2008-07-15,30.804722
2008-07-16,31.255747
2008-07-17,31.997410
2008-07-18,32.363235
2008-07-21,32.478500
2008-07-22,32.488537
2008-07-23,32.583744
2008-07-24,31.852095
2008-07-25,32.062553
2008-07-28,31.626579
2008-07-29,31.922235
2008-07-30,32.227936
2008-07-31,31.932283
2008-08-01,31.511326
2008-08-04,31.456194
2008-08-05,32.288086
2008-08-06,32.318146
2008-08-07,31.726807
2008-08-08,31.761890
2008-08-11,31.731819
2008-08-12,31.491270
2008-08-13,30.945042
2008-08-14,30.764631
2008-08-15,30.604275
2008-08-18,30.368734
2008-08-19,30.053013
2008-08-20,30.118164
2008-08-21,30.298574
2008-08-22,30.534103
2008-08-25,30.012922
2008-08-26,30.133209
2008-08-27,30.388775
2008-08-28,30.829786
2008-08-29,30.704502
2008-09-02,30.118164
2008-09-03,30.158247
2008-09-04,28.765110
2008-09-05,28.574669
2008-09-08,29.005653
2008-09-09,28.243925
2008-09-10,28.399277
2008-09-11,28.364193
2008-09-12,29.000637
2008-09-15,27.712719
2008-09-16,27.371960
2008-09-17,26.550095
2008-09-18,27.632547
2008-09-19,29.586964
2008-09-22,29.110886
2008-09-23,28.304056
2008-09-24,28.223864
2008-09-25,29.015678
2008-09-26,28.644827
2008-09-29,25.622988
2008-09-30,26.745529
2008-10-01,26.595190
2008-10-02,25.447594
2008-10-03,25.377436
2008-10-06,23.969244
2008-10-07,22.801609
2008-10-08,22.255367
2008-10-09,20.812103
2008-10-10,20.341036
2008-10-13,23.227558
2008-10-14,23.017096
2008-10-15,20.426226
2008-10-16,21.483624
2008-10-17,21.097748
2008-10-20,22.150137
2008-10-21,20.782042
2008-10-22,19.318722
2008-10-23,19.564283
2008-10-24,18.411667
2008-10-27,17.489588
2008-10-28,19.584322
2008-10-29,20.155624
2008-10-30,20.591606
2008-10-31,20.907322
2008-11-03,20.761990
2008-11-04,22.425755
2008-11-05,20.987497
2008-11-06,19.664509
2008-11-07,20.812103
2008-11-10,20.275890
2008-11-11,19.764730
2008-11-12,18.647198
2008-11-13,20.185686
2008-11-14,19.063147
2008-11-17,18.677273
2008-11-18,18.712355
2008-11-19,17.454506
2008-11-20,16.422167
2008-11-21,17.324207
2008-11-24,18.657227
2008-11-25,18.987980
2008-11-26,19.198450
2008-11-28,19.363831
2008-12-01,17.634911
2008-12-02,18.541973
2008-12-03,18.757458
2008-12-04,18.171127
2008-12-05,18.476818
2008-12-08,19.313715
2008-12-09,19.258585
2008-12-10,19.714619
2008-12-11,19.699591
2008-12-12,19.789789
2008-12-15,19.854939
2008-12-16,21.072704
2008-12-17,21.002531
2008-12-18,20.230795
2008-12-19,19.834898
2008-12-22,19.654482
2008-12-23,19.699591
2008-12-24,20.024765
2008-12-26,19.905733
2008-12-29,19.986893
2008-12-30,20.614513
2008-12-31,20.755196
2009-01-02,21.150175
2009-01-05,20.928339
2009-01-06,21.307087
2009-01-07,20.917517
2009-01-08,21.150175
2009-01-09,20.338587
2009-01-12,19.824572
2009-01-13,19.424191
2009-01-14,18.553070
2009-01-15,18.688339
2009-01-16,18.737036
2009-01-20,17.222059
2009-01-21,18.039064
2009-01-22,17.638676
2009-01-23,17.514229
2009-01-26,17.963310
2009-01-27,18.190552
2009-01-28,18.866890
2009-01-29,17.968723
2009-01-30,17.882153
2009-02-02,17.644087
2009-02-03,18.287947
2009-02-04,18.055292
2009-02-05,18.461090
2009-02-06,18.920996
2009-02-09,19.099548
2009-02-10,18.071524
2009-02-11,18.217619
2009-02-12,18.255491
2009-02-13,18.055292
2009-02-17,16.994810
2009-02-18,16.956932
2009-02-19,16.897417
2009-02-20,16.670170
2009-02-23,16.042542
2009-02-24,16.626879
2009-02-25,16.226496
2009-02-26,16.091236
2009-02-27,16.026306
2009-03-02,14.982053
2009-03-03,14.868424
2009-03-04,15.512297
2009-03-05,14.857608
2009-03-06,14.814325
2009-03-09,14.478864
2009-03-10,15.469005
2009-03-11,15.620506
2009-03-12,16.156158
2009-03-13,16.161568
2009-03-16,16.334713
2009-03-17,16.772972
2009-03-18,17.167944
2009-03-19,17.189590
2009-03-20,16.956932
2009-03-23,18.158098
2009-03-24,17.541279
2009-03-25,17.817225
2009-03-26,17.979544
2009-03-27,17.281569
2009-03-30,16.583595
2009-03-31,17.259930
2009-04-01,17.709019
2009-04-02,18.498962
2009-04-03,18.709982
2009-04-06,18.358288
2009-04-07,17.795576
2009-04-08,17.984959
2009-04-09,18.417809
2009-04-13,18.688339
2009-04-14,18.455679
2009-04-15,18.774910
2009-04-16,18.996744
2009-04-17,18.942635
2009-04-20,17.979544
2009-04-21,18.434040
2009-04-22,18.255491
2009-04-23,18.780323
2009-04-24,19.126602
2009-04-27,18.850657
2009-04-28,18.796547
2009-04-29,19.337618
2009-04-30,19.532402
2009-05-01,19.867857
2009-05-04,20.598291
2009-05-05,20.414331
2009-05-06,20.874229
2009-05-07,20.555008
2009-05-08,21.442358
2009-05-11,20.841770
2009-05-12,21.047377
2009-05-13,20.343987
2009-05-14,20.625347
2009-05-15,20.322355
2009-05-18,21.247570
2009-05-19,21.539753
2009-05-20,21.583033
2009-05-21,21.572206
2009-05-22,21.680426
2009-05-26,22.021288
2009-05-27,21.685831
2009-05-28,21.940128
2009-05-29,22.318874
2009-06-01,22.859936
2009-06-02,23.157528
2009-06-03,22.400034
2009-06-04,22.540714
2009-06-05,22.221485
2009-06-08,22.172779
2009-06-09,22.405447
2009-06-10,22.416271
2009-06-11,22.757139
2009-06-12,22.665157
2009-06-15,21.766993
2009-06-16,21.604664
2009-06-17,21.550562
2009-06-18,21.566793
2009-06-19,21.864378
2009-06-22,21.106890
2009-06-23,21.382835
2009-06-24,21.447760
2009-06-25,21.799454
2009-06-26,21.739941
2009-06-29,22.026699
2009-06-30,21.794039
2009-07-01,22.226898
2009-07-02,21.577625
2009-07-06,21.431532
2009-07-07,20.885061
2009-07-08,20.744383
2009-07-09,21.133949
2009-07-10,20.814718
2009-07-13,21.366608
2009-07-14,21.474815
2009-07-15,22.345936
2009-07-16,22.659742
2009-07-17,22.535295
2009-07-20,23.054722
2009-07-21,23.125067
2009-07-22,23.152109
2009-07-23,23.590366
2009-07-24,23.763510
2009-07-27,23.860905
2009-07-28,23.568727
2009-07-29,23.384775
2009-07-30,23.844687
2009-07-31,24.266708
2009-08-03,24.926805
2009-08-04,24.910572
2009-08-05,24.851055
2009-08-06,24.607574
2009-08-07,24.694149
2009-08-10,24.445248
2009-08-11,24.223421
2009-08-12,24.520998
2009-08-13,24.964668
2009-08-14,24.667089
2009-08-17,23.795977
2009-08-18,24.261288
2009-08-19,24.520998
2009-08-20,24.818588
2009-08-21,25.484093
2009-08-24,25.419163
2009-08-25,25.705931
2009-08-26,25.467859
2009-08-27,25.738398
2009-08-28,25.765455
2009-08-31,25.597733
2009-09-01,24.753651
2009-09-02,24.775309
2009-09-03,24.948435
2009-09-04,25.397516
2009-09-08,26.030567
2009-09-09,26.387676
2009-09-10,26.604094
2009-09-11,26.566219
2009-09-14,26.723133
2009-09-15,26.831347
2009-09-16,27.372412
2009-09-17,27.291254
2009-09-18,27.253374
2009-09-21,27.004484
2009-09-22,27.356186
2009-09-23,27.091059
2009-09-24,26.566219
2009-09-25,26.495886
2009-09-28,26.869217
2009-09-29,26.771832
2009-09-30,26.831347
2009-10-01,25.971062
2009-10-02,25.760044
2009-10-05,26.198298
2009-10-06,26.690670
2009-10-07,26.696079
2009-10-08,27.096457
2009-10-09,26.961212
2009-10-12,27.134344
2009-10-13,27.210096
2009-10-14,27.945930
2009-10-15,28.086609
2009-10-16,27.756561
2009-10-19,28.162357
2009-10-20,27.967577
2009-10-21,27.924297
2009-10-22,28.265177
2009-10-23,27.761974
2009-10-26,27.204674
2009-10-27,27.031546
2009-10-28,26.295694
2009-10-29,27.258797
2009-10-30,26.138794
2009-11-02,26.452610
2009-11-03,26.290281
2009-11-04,26.706902
2009-11-05,27.193853
2009-11-06,27.237146
2009-11-09,28.043329
2009-11-10,27.940535
2009-11-11,27.908060
2009-11-12,27.686220
2009-11-13,27.978405
2009-11-16,28.497822
2009-11-17,28.362564
2009-11-18,28.367964
2009-11-19,27.832314
2009-11-20,27.507675
2009-11-23,28.102840
2009-11-24,28.054163
2009-11-25,28.487007
2009-11-27,27.442745
2009-11-30,27.323713
2009-12-01,28.064978
2009-12-02,28.146128
2009-12-03,27.881006
2009-12-04,27.848555
2009-12-07,27.751158
2009-12-08,27.085659
2009-12-09,27.009892
2009-12-10,27.172232
2009-12-11,27.139751
2009-12-14,27.399462
2009-12-15,27.145166
2009-12-16,27.513090
2009-12-17,26.777237
2009-12-18,26.733955
2009-12-21,26.966619
2009-12-22,27.285830
2009-12-23,27.426525
2009-12-24,27.467007
2009-12-28,27.669415
2009-12-29,27.641306
2009-12-30,27.523222
2009-12-31,27.258959
2010-01-04,28.091122
2010-01-05,28.046131
2010-01-06,28.214817
2010-01-07,28.034899
2010-01-08,28.316025
2010-01-11,28.540930
2010-01-12,28.124859
2010-01-13,28.507200
2010-01-14,28.450983
2010-01-15,27.854973
2010-01-19,28.434097
2010-01-20,27.551350
2010-01-21,26.696690
2010-01-22,26.117546
2010-01-25,26.595474
2010-01-26,26.387436
2010-01-27,26.494274
2010-01-28,25.847656
2010-01-29,25.549644
2010-02-01,26.190636
2010-02-02,26.595474
2010-02-03,26.263729
2010-02-04,24.976137
2010-02-05,24.745590
2010-02-08,24.385754
2010-02-09,25.397842
2010-02-10,25.105465
2010-02-11,25.319115
2010-02-12,24.976137
2010-02-16,25.633991
2010-02-17,25.605873
2010-02-18,25.819530
2010-02-19,25.707092
2010-02-22,25.667721
2010-02-23,25.156061
2010-02-24,25.420324
2010-02-25,25.212280
2010-02-26,25.409077
2010-03-01,25.487804
2010-03-02,25.757687
2010-03-03,26.145655
2010-03-04,26.044451
2010-03-05,26.736050
2010-03-08,26.651707
2010-03-09,26.471775
2010-03-10,26.719175
2010-03-11,26.876610
2010-03-12,26.972202
2010-03-15,26.713549
2010-03-16,27.185856
2010-03-17,27.309572
2010-03-18,27.073404
2010-03-19,26.713549
2010-03-22,26.792274
2010-03-23,26.932854
2010-03-24,26.421164
2010-03-25,26.511133
2010-03-26,26.786654
2010-03-29,27.011559
2010-03-30,26.870983
2010-03-31,27.062164
2010-04-01,27.556965
2010-04-05,27.635681
2010-04-06,27.467007
2010-04-07,27.118387
2010-04-08,27.084642
2010-04-09,27.613192
2010-04-12,27.809980
2010-04-13,27.793112
2010-04-14,28.158581
2010-04-15,28.136112
2010-04-16,27.489500
2010-04-19,27.388281
2010-04-20,27.680668
2010-04-21,27.382668
2010-04-22,27.090277
2010-04-23,27.438892
2010-04-26,27.354549
2010-04-27,25.993851
2010-04-28,25.909504
2010-04-29,26.494274
2010-04-30,26.033197
2010-05-03,26.224379
2010-05-04,25.094202
2010-05-05,24.441975
2010-05-06,23.137503
2010-05-07,22.980062
2010-05-10,24.931150
2010-05-11,24.515064
2010-05-12,24.931150
2010-05-13,24.408241
2010-05-14,23.609819
2010-05-17,23.666035
2010-05-18,23.137503
2010-05-19,23.351158
2010-05-20,22.547108
2010-05-21,23.086895
2010-05-24,22.457151
2010-05-25,22.445913
2010-05-26,22.035446
2010-05-27,23.480486
2010-05-28,22.974449
2010-06-01,22.794521
2010-06-02,23.559204
2010-06-03,23.446758
2010-06-04,22.299723
2010-06-07,22.057943
2010-06-08,22.395302
2010-06-09,22.265980
2010-06-10,23.418633
2010-06-11,23.401773
2010-06-14,23.637930
2010-06-15,24.515064
2010-06-16,24.318279
2010-06-17,24.498203
2010-06-18,24.413866
2010-06-21,24.307020
2010-06-22,24.020267
2010-06-23,24.273289
2010-06-24,23.761618
2010-06-25,23.862837
2010-06-28,23.716642
2010-06-29,22.850742
2010-06-30,22.597729
2010-07-01,23.047539
2010-07-02,22.996941
2010-07-06,23.429884
2010-07-07,24.267672
2010-07-08,24.509445
2010-07-09,24.599413
2010-07-12,24.430725
2010-07-13,25.111069
2010-07-14,25.161682
2010-07-15,25.459681
2010-07-16,24.599413
2010-07-19,24.829927
2010-07-20,24.841198
2010-07-21,24.357634
2010-07-22,25.397842
2010-07-23,25.667721
2010-07-26,25.847656
2010-07-27,25.982597
2010-07-28,25.757687
2010-07-29,25.825172
2010-07-30,25.802675
2010-08-02,26.803522
2010-08-03,26.809141
2010-08-04,26.786654
2010-08-05,26.781027
2010-08-06,26.854120
2010-08-09,26.893490
2010-08-10,26.657330
2010-08-11,25.352856
2010-08-12,25.335987
2010-08-13,25.223539
2010-08-16,25.448437
2010-08-17,25.746454
2010-08-18,25.729578
2010-08-19,25.161682
2010-08-20,24.846800
2010-08-23,24.841198
2010-08-24,24.419481
2010-08-25,24.413866
2010-08-26,24.408241
2010-08-27,24.964903
2010-08-30,24.453215
2010-08-31,24.621910
2010-09-01,25.594625
2010-09-02,25.808302
2010-09-03,26.078186
2010-09-07,25.521536
2010-09-08,25.808302
2010-09-09,26.050079
2010-09-10,26.117546
2010-09-13,26.629211
2010-09-14,26.882233
2010-09-15,26.870983
2010-09-16,26.814770
2010-09-17,26.589853
2010-09-20,27.112770
2010-09-21,27.157747
2010-09-22,27.208351
2010-09-23,26.797894
2010-09-24,27.708776
2010-09-27,27.416389
2010-09-28,27.691895
2010-09-29,27.540085
2010-09-30,27.393898
2010-10-01,27.736895
2010-10-04,27.287075
2010-10-05,28.175472
2010-10-06,28.321650
2010-10-07,28.242937
2010-10-08,28.417238
2010-10-11,28.287912
2010-10-12,28.383501
2010-10-13,28.805216
2010-10-14,29.007633
2010-10-15,28.872679
2010-10-18,28.878294
2010-10-19,28.186707
2010-10-20,28.833324
2010-10-21,28.760235
2010-10-22,28.844561
2010-10-25,28.906433
2010-10-26,28.692760
2010-10-27,28.422865
2010-10-28,28.777094
2010-10-29,28.732107
2010-11-01,28.557817
2010-11-02,29.153824
2010-11-03,29.288771
2010-11-04,30.036594
2010-11-05,29.665476
2010-11-08,29.429327
2010-11-09,29.153824
2010-11-10,29.193180
2010-11-11,28.827703
2010-11-12,28.715246
2010-11-15,28.675886
2010-11-16,27.888700
2010-11-17,28.068636
2010-11-18,28.754602
2010-11-19,28.833324
2010-11-22,28.400370
2010-11-23,27.438892
2010-11-24,27.793112
2010-11-26,27.270205
2010-11-29,26.910364
2010-11-30,26.488646
2010-12-01,27.382668
2010-12-02,28.018036
2010-12-03,28.344133
2010-12-06,28.102354
2010-12-07,28.226065
2010-12-08,28.417238
2010-12-09,28.434097
2010-12-10,28.563425
2010-12-13,28.855812
2010-12-14,28.850182
2010-12-15,28.394743
2010-12-16,28.602791
2010-12-17,28.332895
2010-12-20,28.389124
2010-12-21,28.681490
2010-12-22,28.696819
2010-12-23,28.690924
2010-12-27,28.520147
2010-12-28,28.467142
2010-12-29,28.738049
2010-12-30,28.602604
2010-12-31,28.908833
2011-01-03,29.067820
2011-01-04,28.997150
2011-01-05,28.761593
2011-01-06,28.420040
2011-01-07,28.202154
2011-01-10,28.078480
2011-01-11,28.372925
2011-01-12,29.203272
2011-01-13,29.315159
2011-01-14,29.586046
2011-01-18,29.809828
2011-01-19,29.497715
2011-01-20,29.309269
2011-01-21,29.739159
2011-01-24,29.992393
2011-01-25,29.927608
2011-01-26,30.116055
2011-01-27,30.310394
2011-01-28,29.533058
2011-01-31,29.974718
2011-02-01,30.646067
2011-02-02,30.487057
2011-02-03,30.375160
2011-02-04,30.316299
2011-02-07,30.481178
2011-02-08,30.716717
2011-02-09,30.752058
2011-02-10,30.398720
2011-02-11,30.528276
2011-02-14,30.410505
2011-02-15,30.375160
2011-02-16,30.781500
2011-02-17,30.899290
2011-02-18,31.022961
2011-02-22,30.092495
2011-02-23,30.157276
2011-02-24,30.210274
2011-02-25,30.575394
2011-02-28,30.911064
2011-03-01,30.322180
2011-03-02,30.634274
2011-03-03,31.052397
2011-03-04,30.681396
2011-03-07,30.475279
2011-03-08,30.551832
2011-03-09,30.545952
2011-03-10,29.780376
2011-03-11,29.980604
2011-03-14,29.815727
2011-03-15,29.044256
2011-03-16,28.125591
2011-03-17,29.156160
2011-03-18,29.515392
2011-03-21,30.245602
2011-03-22,30.015957
2011-03-23,30.057167
2011-03-24,30.540052
2011-03-25,30.222057
2011-03-28,30.222057
2011-03-29,30.404612
2011-03-30,30.716717
2011-03-31,30.593060
2011-04-01,30.981728
2011-04-04,31.111284
2011-04-05,31.158386
2011-04-06,31.576513
2011-04-07,31.417507
2011-04-08,31.688410
2011-04-11,31.611853
2011-04-12,31.229074
2011-04-13,31.370399
2011-04-14,31.499952
2011-04-15,31.317394
2011-04-18,30.534176
2011-04-19,30.916943
2011-04-20,31.812065
2011-04-21,32.000507
2011-04-25,32.082958
2011-04-26,32.371529
2011-04-27,32.954517
2011-04-28,33.031075
2011-04-29,33.137074
2011-05-02,33.089958
2011-05-03,32.819061
2011-05-04,32.542290
2011-05-05,31.711964
2011-05-06,31.564728
2011-05-09,31.812065
2011-05-10,32.188965
2011-05-11,31.617729
2011-05-12,31.776739
2011-05-13,31.199621
2011-05-16,31.187849
2011-05-17,31.234947
2011-05-18,31.476397
2011-05-19,31.812065
2011-05-20,31.258507
2011-05-23,30.510616
2011-05-24,30.669615
2011-05-25,30.946402
2011-05-26,31.211401
2011-05-27,31.511736
2011-05-31,32.194851
2011-06-01,31.358622
2011-06-02,31.570625
2011-06-03,31.664854
2011-06-06,31.164282
2011-06-07,31.470510
2011-06-08,30.922840
2011-06-09,31.329168
2011-06-10,30.404612
2011-06-13,30.551832
2011-06-14,31.052397
2011-06-15,29.868717
2011-06-16,29.780376
2011-06-17,30.263275
2011-06-20,30.157276
2011-06-21,30.893400
2011-06-22,30.469393
2011-06-23,30.074835
2011-06-24,29.621391
2011-06-27,30.039480
2011-06-28,30.416384
2011-06-29,31.005295
2011-06-30,31.523502
2011-07-01,31.841520
2011-07-05,31.611853
2011-07-06,31.282057
2011-07-07,31.582399
2011-07-08,31.058304
2011-07-11,29.915823
2011-07-12,29.627264
2011-07-13,30.104267
2011-07-14,29.839275
2011-07-15,29.909952
2011-07-18,29.309269
2011-07-19,29.809828
2011-07-20,30.216156
2011-07-21,31.022961
2011-07-22,31.022961
2011-07-25,30.816839
2011-07-26,31.070053
2011-07-27,30.151394
2011-07-28,30.057167
2011-07-29,30.074835
2011-08-01,29.550711
2011-08-02,28.632038
2011-08-03,28.897049
2011-08-04,26.706350
2011-08-05,27.501360
2011-08-08,24.998562
2011-08-09,27.095026
2011-08-10,25.057449
2011-08-11,26.447245
2011-08-12,26.924250
2011-08-15,27.583809
2011-08-16,27.053806
2011-08-17,27.206913
2011-08-18,25.752344
2011-08-19,25.251787
2011-08-22,25.622793
2011-08-23,26.500254
2011-08-24,26.612131
2011-08-25,25.805346
2011-08-26,26.135134
2011-08-29,26.936018
2011-08-30,26.712252
2011-08-31,27.283480
2011-09-01,26.894804
2011-09-02,26.235243
2011-09-06,25.081018
2011-09-07,25.881903
2011-09-08,25.316578
2011-09-09,24.280117
2011-09-12,24.156445
2011-09-13,24.333118
2011-09-14,24.916111
2011-09-15,25.558018
2011-09-16,25.422562
2011-09-19,24.615782
2011-09-20,24.874887
2011-09-21,24.021006
2011-09-22,23.114101
2011-09-23,23.761883
2011-09-26,24.185890
2011-09-27,24.833670
2011-09-28,24.297775
2011-09-29,24.939674
2011-09-30,23.944443
2011-10-03,23.220097
2011-10-04,23.685329
2011-10-05,24.203564
2011-10-06,24.969110
2011-10-07,24.651117
2011-10-10,25.817127
2011-10-11,25.758242
2011-10-12,26.376570
2011-10-13,26.241131
2011-10-14,26.694582
2011-10-17,25.770018
2011-10-18,26.317690
2011-10-19,25.722910
2011-10-20,25.846575
2011-10-21,26.712252
2011-10-24,27.083248
2011-10-25,26.629808
2011-10-26,27.118595
2011-10-27,28.690924
2011-10-28,28.319931
2011-10-31,26.918362
2011-11-01,25.799467
2011-11-02,26.229357
2011-11-03,27.089144
2011-11-04,26.547354
2011-11-07,26.623905
2011-11-08,27.153908
2011-11-09,25.328344
2011-11-10,25.805346
2011-11-11,26.559132
2011-11-14,25.834785
2011-11-15,25.834785
2011-11-16,25.293009
2011-11-17,24.992682
2011-11-18,25.110451
2011-11-21,24.409670
2011-11-22,24.238890
2011-11-23,23.496889
2011-11-25,23.379110
2011-11-28,24.633451
2011-11-29,24.804232
2011-11-30,26.146921
2011-12-01,25.864237
2011-12-02,25.840675
2011-12-05,26.141031
2011-12-06,26.152794
2011-12-07,26.305912
2011-12-08,25.310677
2011-12-09,26.040897
2011-12-12,25.016220
2011-12-13,24.651117
2011-12-14,24.297775
2011-12-15,24.545113
2011-12-16,24.321339
2011-12-19,24.221220
2011-12-20,25.222330
2011-12-21,25.060860
2011-12-22,25.362871
2011-12-23,25.584766
2011-12-27,25.418335
2011-12-28,24.949921
2011-12-29,25.455330
2011-12-30,25.535456
2012-01-03,26.386015
2012-01-04,26.065516
2012-01-05,25.590918
2012-01-06,25.239599
2012-01-09,25.430666
2012-01-10,25.818974
2012-01-11,25.609421
2012-01-12,25.862112
2012-01-13,25.350540
2012-01-17,25.825130
2012-01-18,26.379856
2012-01-19,26.761995
2012-01-20,26.792809
2012-01-23,26.983873
2012-01-24,26.817463
2012-01-25,27.082487
2012-01-26,27.162626
2012-01-27,27.187277
2012-01-30,26.755829
2012-01-31,26.928406
2012-02-01,27.489286
2012-02-02,27.532434
2012-02-03,28.074825
2012-02-06,27.859106
2012-02-07,28.117962
2012-02-08,28.216581
2012-02-09,28.235064
2012-02-10,27.655701
2012-02-13,28.007013
2012-02-14,27.711176
2012-02-15,27.618717
2012-02-16,28.105646
2012-02-17,28.253559
2012-02-21,28.247396
2012-02-22,28.142616
2012-02-23,28.426140
2012-02-24,28.672686
2012-02-27,28.432308
2012-02-28,28.685009
2012-02-29,28.389141
2012-03-01,28.765137
2012-03-02,28.395329
2012-03-05,28.284378
2012-03-06,27.125626
2012-03-07,27.557081
2012-03-08,28.302858
2012-03-09,28.019341
2012-03-12,28.124128
2012-03-13,28.623371
2012-03-14,28.370674
2012-03-15,28.691172
2012-03-16,28.987019
2012-03-19,29.116457
2012-03-20,28.758965
2012-03-21,28.586391
2012-03-22,28.259718
2012-03-23,28.475443
2012-03-26,28.987019
2012-03-27,28.617207
2012-03-28,28.315197
2012-03-29,28.099472
2012-03-30,28.407656
2012-04-02,28.863754
2012-04-03,28.235064
2012-04-04,27.520111
2012-04-05,27.248898
2012-04-09,27.113316
2012-04-10,26.398331
2012-04-11,26.879097
2012-04-12,27.439974
2012-04-13,26.688030
2012-04-16,26.990049
2012-04-17,27.557081
2012-04-18,27.292053
2012-04-19,27.144133
2012-04-20,27.489286
2012-04-23,26.885258
2012-04-24,27.131798
2012-04-25,27.575571
2012-04-26,27.711176
2012-04-27,27.871428
2012-04-30,27.698845
2012-05-01,27.945391
2012-05-02,27.600235
2012-05-03,27.378345
2012-05-04,26.897583
2012-05-07,27.174938
2012-05-08,26.731178
2012-05-09,26.324381
2012-05-10,26.496969
2012-05-11,26.349037
2012-05-14,25.769669
2012-05-15,25.393688
2012-05-16,25.214937
2012-05-17,24.801983
2012-05-18,24.709541
2012-05-21,25.350540
2012-05-22,25.202608
2012-05-23,24.949921
2012-05-24,24.801983
2012-05-25,24.795834
2012-05-29,25.023874
2012-05-30,24.302740
2012-05-31,24.382875
2012-06-01,23.815828
2012-06-04,24.043877
2012-06-05,24.117844
2012-06-06,24.949921
2012-06-07,24.993063
2012-06-08,25.048527
2012-06-11,24.703373
2012-06-12,25.221107
2012-06-13,24.962240
2012-06-14,25.214937
2012-06-15,25.584766
2012-06-18,25.344391
2012-06-19,25.985384
2012-06-20,26.114822
2012-06-21,25.375198
2012-06-22,25.634064
2012-06-25,24.925257
2012-06-26,25.097836
2012-06-27,25.319735
2012-06-28,25.227270
2012-06-29,26.398331
2012-07-02,26.583250
2012-07-03,26.811296
2012-07-05,26.201117
2012-07-06,25.868286
2012-07-09,25.874439
2012-07-10,25.751175
2012-07-11,25.849792
2012-07-12,25.566261
2012-07-13,26.016203
2012-07-16,26.010044
2012-07-17,26.145632
2012-07-18,26.336699
2012-07-19,26.589417
2012-07-20,25.880615
2012-07-23,25.245764
2012-07-24,24.875952
2012-07-25,25.116331
2012-07-26,26.090176
2012-07-27,26.731178
2012-07-30,26.706509
2012-07-31,26.484632
2012-08-01,26.533934
2012-08-02,26.003868
2012-08-03,27.174938
2012-08-06,27.353691
2012-08-07,27.569410
2012-08-08,27.550920
2012-08-09,27.507767
2012-08-10,27.587906
2012-08-13,27.458467
2012-08-14,27.557081
2012-08-15,27.550920
2012-08-16,27.859106
2012-08-17,27.883753
2012-08-20,27.822123
2012-08-21,28.031675
2012-08-22,28.007013
2012-08-23,27.791298
2012-08-24,27.748150
2012-08-27,27.846754
2012-08-28,27.822123
2012-08-29,27.705015
2012-08-30,27.396833
2012-08-31,27.723497
2012-09-04,27.643373
2012-09-05,27.661863
2012-09-06,28.500103
2012-09-07,28.900724
2012-09-10,28.604885
2012-09-11,29.024004
2012-09-12,29.122612
2012-09-13,29.609535
2012-09-14,29.917711
2012-09-17,29.751299
2012-09-18,29.584885
2012-09-19,29.701996
2012-09-20,29.473938
2012-09-21,29.591038
2012-09-24,29.457384
2012-09-25,29.192566
2012-09-26,28.776424
2012-09-27,29.167337
2012-09-28,28.536839
2012-10-01,28.858391
2012-10-02,29.053848
2012-10-03,28.908823
2012-10-04,29.324961
2012-10-05,29.388014
2012-10-08,29.161030
2012-10-09,28.644024
2012-10-10,28.637709
2012-10-11,28.871000
2012-10-12,28.845776
2012-10-15,29.154722
2012-10-16,29.684351
2012-10-17,29.955475
2012-10-18,29.760023
2012-10-19,29.375404
2012-10-22,29.564550
2012-10-23,28.814260
2012-10-24,28.807953
2012-10-25,28.984493
2012-10-26,29.003412
2012-10-31,29.041243
2012-11-01,29.356495
2012-11-02,29.047548
2012-11-05,28.934052
2012-11-06,29.255608
2012-11-07,28.751205
2012-11-08,28.442255
2012-11-09,28.398129
2012-11-12,28.454868
2012-11-13,28.309841
2012-11-14,28.057655
2012-11-15,28.045044
2012-11-16,27.868504
2012-11-19,28.568359
2012-11-20,28.669237
2012-11-21,28.751205
2012-11-23,29.469995
2012-11-26,29.356495
2012-11-27,29.192566
2012-11-28,29.463686
2012-11-29,29.747410
2012-11-30,29.760023
2012-12-03,29.873516
2012-12-04,30.024826
2012-12-05,30.094193
2012-12-06,30.075264
2012-12-07,29.961781
2012-12-10,30.043756
2012-12-11,30.258123
2012-12-12,30.384218
2012-12-13,30.283337
2012-12-14,30.466198
2012-12-17,30.573385
2012-12-18,30.888639
2012-12-19,30.932753
2012-12-20,31.066858
2012-12-21,30.787218
2012-12-24,30.704592
2012-12-26,30.736380
2012-12-27,30.850784
2012-12-28,30.444012
2012-12-31,31.041451
2013-01-02,31.416447
2013-01-03,31.047800
2013-01-04,31.308390
2013-01-07,31.181278
2013-01-08,31.079590
2013-01-09,31.174913
2013-01-10,31.677031
2013-01-11,31.810493
2013-01-14,31.785078
2013-01-15,31.670685
2013-01-16,31.524481
2013-01-17,31.861340
2013-01-18,31.791422
2013-01-22,31.861340
2013-01-23,31.874062
2013-01-24,32.058361
2013-01-25,32.490555
2013-01-28,32.363445
2013-01-29,32.547760
2013-01-30,32.535053
2013-01-31,32.369812
2013-02-01,32.706657
2013-02-04,31.810493
2013-02-05,32.071079
2013-02-06,31.937611
2013-02-07,31.581688
2013-02-08,31.823208
2013-02-11,31.638891
2013-02-12,31.950325
2013-02-13,32.109222
2013-02-14,31.842272
2013-02-15,31.746943
2013-02-19,32.134640
2013-02-20,31.696091
2013-02-21,31.213060
2013-02-22,31.677031
2013-02-25,30.672834
2013-02-26,30.971529
2013-02-27,31.435507
2013-02-28,31.270250
2013-03-01,31.187626
2013-03-04,31.371948
2013-03-05,31.740574
2013-03-06,31.677031
2013-03-07,31.924902
2013-03-08,31.905848
2013-03-11,32.013889
2013-03-12,31.918543
2013-03-13,31.810493
2013-03-14,32.274471
2013-03-15,32.242695
2013-03-18,31.772350
2013-03-19,31.632534
2013-03-20,31.893105
2013-03-21,31.473644
2013-03-22,31.804457
2013-03-25,31.293541
2013-03-26,31.446833
2013-03-27,31.089176
2013-03-28,31.376560
2013-04-01,31.197744
2013-04-02,31.600090
2013-04-03,31.414881
2013-04-04,31.395729
2013-04-05,31.204134
2013-04-08,31.267996
2013-04-09,31.414881
2013-04-10,31.944963
2013-04-11,32.123791
2013-04-12,32.027996
2013-04-15,31.293541
2013-04-16,31.798059
2013-04-17,30.865656
2013-04-18,30.872036
2013-04-19,31.089176
2013-04-22,31.242453
2013-04-23,31.798059
2013-04-24,32.117390
2013-04-25,32.206802
2013-04-26,32.302612
2013-04-29,32.787987
2013-04-30,32.800743
2013-05-01,32.589993
2013-05-02,32.756027
2013-05-03,33.158371
2013-05-06,33.120071
2013-05-07,33.222252
2013-05-08,33.650124
2013-05-09,33.286118
2013-05-10,33.420238
2013-05-13,33.241405
2013-05-14,33.343582
2013-05-15,33.439388
2013-05-16,33.292500
2013-05-17,33.535183
2013-05-20,33.637371
2013-05-21,33.733173
2013-05-22,33.420238
2013-05-23,33.241405
2013-05-24,33.209480
2013-05-28,33.401066
2013-05-29,33.177532
2013-05-30,33.452160
2013-05-31,32.807140
2013-06-03,33.132843
2013-06-04,32.973164
2013-06-05,32.500587
2013-06-06,32.768810
2013-06-07,33.005112
2013-06-10,32.992336
2013-06-11,32.641087
2013-06-12,32.634705
2013-06-13,33.017872
2013-06-14,32.743259
2013-06-17,33.094521
2013-06-18,33.254181
2013-06-19,32.558052
2013-06-20,31.529844
2013-06-21,31.255222
2013-06-24,30.773266
2013-06-25,31.111952
2013-06-26,31.333368
2013-06-27,31.554811
2013-06-28,31.346407
2013-07-01,31.730673
2013-07-02,31.405025
2013-07-03,31.437588
2013-07-05,31.515730
2013-07-08,31.880466
2013-07-09,31.945589
2013-07-10,32.167023
2013-07-11,33.026722
2013-07-12,32.727135
2013-07-15,32.922512
2013-07-16,32.942062
2013-07-17,32.974613
2013-07-18,33.248161
2013-07-19,33.365410
2013-07-22,33.528214
2013-07-23,33.580318
2013-07-24,33.664989
2013-07-25,33.873386
2013-07-26,33.749660
2013-07-29,33.632416
2013-07-30,33.528214
2013-07-31,33.736622
2013-08-01,34.068787
2013-08-02,34.231602
2013-08-05,34.179497
2013-08-06,34.075291
2013-08-07,34.127396
2013-08-08,34.492119
2013-08-09,34.576778
2013-08-12,34.400948
2013-08-13,34.615860
2013-08-14,34.661465
2013-08-15,34.485600
2013-08-16,34.576778
2013-08-19,34.270672
2013-08-20,34.374889
2013-08-21,34.023193
2013-08-22,34.453033
2013-08-23,34.628899
2013-08-26,34.459549
2013-08-27,33.723602
2013-08-28,33.684536
2013-08-29,33.586830
2013-08-30,33.241653
2013-09-03,33.723602
2013-09-04,33.912472
2013-09-05,33.892941
2013-09-06,34.114368
2013-09-09,34.459549
2013-09-10,34.889404
2013-09-11,35.136890
2013-09-12,34.980576
2013-09-13,35.143410
2013-09-16,35.403915
2013-09-17,35.423443
2013-09-18,36.315720
2013-09-19,36.139874
2013-09-20,35.905411
2013-09-23,35.855713
2013-09-24,35.757671
2013-09-25,35.855713
2013-09-26,35.842640
2013-09-27,35.836128
2013-09-30,35.626930
2013-10-01,35.862267
2013-10-02,35.868801
2013-10-03,35.679234
2013-10-04,35.659595
2013-10-07,35.489647
2013-10-08,35.117043
2013-10-09,35.005909
2013-10-10,35.744595
2013-10-11,35.947250
2013-10-14,36.032227
2013-10-15,35.901485
2013-10-16,36.149891
2013-10-17,36.751305
2013-10-18,36.980103
2013-10-21,37.078167
2013-10-22,37.489986
2013-10-23,37.320019
2013-10-24,37.561890
2013-10-25,37.568432
2013-10-28,37.391933
2013-10-29,37.457298
2013-10-30,37.313480
2013-10-31,37.117382
2013-11-01,36.882030
2013-11-04,37.104298
2013-11-05,36.764381
2013-11-06,37.117382
2013-11-07,36.529053
2013-11-08,36.725147
2013-11-11,36.836281
2013-11-12,36.620564
2013-11-13,36.777458
2013-11-14,36.875500
2013-11-15,37.071621
2013-11-18,37.123913
2013-11-19,37.045467
2013-11-20,36.705551
2013-11-21,37.025848
2013-11-22,37.228504
2013-11-25,37.156590
2013-11-26,37.163139
2013-11-27,37.352707
2013-11-29,37.496529
2013-12-02,37.156590
2013-12-03,36.829750
2013-12-04,36.627094
2013-12-05,36.470207
2013-12-06,36.960484
2013-12-09,36.999706
2013-12-10,36.875500
2013-12-11,36.600945
2013-12-12,36.215263
2013-12-13,36.189121
2013-12-16,36.666317
2013-12-17,36.457134
2013-12-18,37.025848
2013-12-19,37.136997
2013-12-20,37.325386
2013-12-23,37.679867
2013-12-24,37.942444
2013-12-26,38.099983
2013-12-27,38.303482
2013-12-30,38.467602
2013-12-31,38.598885
2014-01-02,37.778332
2014-01-03,37.784893
2014-01-06,37.817722
2014-01-07,38.073750
2014-01-08,38.054031
2014-01-09,38.086857
2014-01-10,38.461025
2014-01-13,38.145939
2014-01-14,38.592327
2014-01-15,38.743305
2014-01-16,38.776127
2014-01-17,38.526684
2014-01-21,38.782696
2014-01-22,38.789257
2014-01-23,38.776127
2014-01-24,37.542011
2014-01-27,37.364777
2014-01-28,37.719250
2014-01-29,37.253178
2014-01-30,37.358215
2014-01-31,36.833057
2014-02-03,36.110962
2014-02-04,36.498268
2014-02-05,36.622990
2014-02-06,37.364777
2014-02-07,37.843979
2014-02-10,37.732388
2014-02-11,38.336308
2014-02-12,38.395397
2014-02-13,38.651398
2014-02-14,38.828636
2014-02-18,39.091228
2014-02-19,38.828636
2014-02-20,39.071529
2014-02-21,39.097790
2014-02-24,39.399757
2014-02-25,39.353806
2014-02-26,39.196247
2014-02-27,39.373489
2014-02-28,39.537601
2014-03-03,38.526684
2014-03-04,39.314404
2014-03-05,39.307850
2014-03-06,39.714840
2014-03-07,39.445709
2014-03-10,39.163422
2014-03-11,38.959930
2014-03-12,38.861465
2014-03-13,38.014656
2014-03-14,38.073750
2014-03-17,38.585747
2014-03-18,38.900852
2014-03-19,38.336308
2014-03-20,38.375706
2014-03-21,38.244411
2014-03-24,38.277229
2014-03-25,38.755768
2014-03-26,38.689129
2014-03-27,38.795738
2014-03-28,39.055687
2014-03-31,39.288948
2014-04-01,39.608864
2014-04-02,39.582199
2014-04-03,39.528885
2014-04-04,39.368931
2014-04-07,39.195637
2014-04-08,39.315594
2014-04-09,39.802139
2014-04-10,39.089005
2014-04-11,38.795738
2014-04-14,38.962383
2014-04-15,38.795738
2014-04-16,39.242294
2014-04-17,39.482227
2014-04-21,39.582199
2014-04-22,39.835461
2014-04-23,39.708820
2014-04-24,39.755486
2014-04-25,39.582199
2014-04-28,39.675507
2014-04-29,40.002075
2014-04-30,40.328655
2014-05-01,40.368633
2014-05-02,40.275333
2014-05-05,40.242008
2014-05-06,40.182022
2014-05-07,40.301998
2014-05-08,40.328655
2014-05-09,40.162041
2014-05-12,40.508598
2014-05-13,40.415291
2014-05-14,40.361980
2014-05-15,40.188690
2014-05-16,40.215343
2014-05-19,40.215343
2014-05-20,40.008755
2014-05-21,40.308655
2014-05-22,40.262001
2014-05-23,40.268673
2014-05-27,40.595253
2014-05-28,40.428631
2014-05-29,40.615250
2014-05-30,40.641899
2014-06-02,40.615250
2014-06-03,40.495270
2014-06-04,40.455288
2014-06-05,40.828514
2014-06-06,41.135094
2014-06-09,41.041782
2014-06-10,41.015125
2014-06-11,40.748531
2014-06-12,40.721867
2014-06-13,40.661880
2014-06-16,40.688549
2014-06-17,40.688549
2014-06-18,41.035137
2014-06-19,41.088440
2014-06-20,41.015125
2014-06-23,40.941830
2014-06-24,40.626179
2014-06-25,40.524578
2014-06-26,40.504261
2014-06-27,40.605873
2014-06-30,40.605873
2014-07-01,40.937756
2014-07-02,40.985157
2014-07-03,41.188366
2014-07-07,40.754879
2014-07-08,40.158825
2014-07-09,40.301060
2014-07-10,39.813385
2014-07-11,39.806610
2014-07-14,40.084320
2014-07-15,39.914982
2014-07-16,40.253643
2014-07-17,39.637283
2014-07-18,39.942081
2014-07-21,39.745647
2014-07-22,39.955616
2014-07-23,40.016594
2014-07-24,40.185909
2014-07-25,39.914982
2014-07-28,39.840473
2014-07-29,39.732105
2014-07-30,39.630508
2014-07-31,38.851566
2014-08-01,38.512920
2014-08-04,38.756756
2014-08-05,38.262306
2014-08-06,38.201347
2014-08-07,37.788158
2014-08-08,38.126835
2014-08-11,38.201347
2014-08-12,38.194584
2014-08-13,38.343582
2014-08-14,38.573872
2014-08-15,38.546776
2014-08-18,38.844799
2014-08-19,38.905769
2014-08-20,38.749981
2014-08-21,38.987038
2014-08-22,38.770302
2014-08-25,39.183468
2014-08-26,39.237648
2014-08-27,39.379898
2014-08-28,39.115730
2014-08-29,39.136047
2014-09-02,39.088631
2014-09-03,39.440853
2014-09-04,39.217323
2014-09-05,39.312157
2014-09-08,38.763538
2014-09-09,38.749981
2014-09-10,38.912544
2014-09-11,38.743198
2014-09-12,38.756756
2014-09-15,38.736431
2014-09-16,38.878670
2014-09-17,38.709347
2014-09-18,39.061558
2014-09-19,38.905769
2014-09-22,38.763538
2014-09-23,38.255531
2014-09-24,38.417503
2014-09-25,37.777775
2014-09-26,37.927498
2014-09-29,37.641666
2014-09-30,37.580414
2014-10-01,37.172081
2014-10-02,36.736523
2014-10-03,36.586796
2014-10-06,36.899857
2014-10-07,36.130821
2014-10-08,36.790962
2014-10-09,35.681644
2014-10-10,35.198463
2014-10-13,35.191658
2014-10-14,35.246105
2014-10-15,34.864986
2014-10-16,34.497482
2014-10-17,35.280132
2014-10-20,35.429852
2014-10-21,35.994705
2014-10-22,35.599998
2014-10-23,36.083183
2014-10-24,36.232914
2014-10-27,36.042362
2014-10-28,36.607216
2014-10-29,36.219303
2014-10-30,36.457493
2014-10-31,36.865841
2014-11-03,36.369034
2014-11-04,36.307770
2014-11-05,36.559578
2014-11-06,36.409851
2014-11-07,36.437092
2014-11-10,36.600418
2014-11-11,36.845413
2014-11-12,36.409851
2014-11-13,36.566380
2014-11-14,36.573181
2014-11-17,36.675278
2014-11-18,37.192501
2014-11-19,37.178883
2014-11-20,37.022354
2014-11-21,37.308193
2014-11-24,37.628056
2014-11-25,37.770969
2014-11-26,37.920685
2014-11-28,37.628056
2014-12-01,37.607628
2014-12-02,37.621235
2014-12-03,37.546371
2014-12-04,37.410275
2014-12-05,37.594032
2014-12-08,37.301395
2014-12-09,36.954300
2014-12-10,36.539158
2014-12-11,36.375835
2014-12-12,35.565960
2014-12-15,34.967072
2014-12-16,35.354992
2014-12-17,35.749714
2014-12-18,36.505131
2014-12-19,36.369034
2014-12-22,36.609207
2014-12-23,36.472351
2014-12-24,36.732372
2014-12-26,36.759747
2014-12-29,36.444981
2014-12-30,36.130207
2014-12-31,35.863331
2015-01-02,35.678577
2015-01-05,34.638458
2015-01-06,34.248425
2015-01-07,34.604263
2015-01-08,35.103779
2015-01-09,34.898499
2015-01-12,34.891663
2015-01-13,35.049046
2015-01-14,35.007977
2015-01-15,35.206425
2015-01-16,35.699112
2015-01-20,35.945457
2015-01-21,36.239708
2015-01-22,36.342335
2015-01-23,36.137047
2015-01-26,36.718697
2015-01-27,36.732372
2015-01-28,36.020725
2015-01-29,36.670799
2015-01-30,36.048096
2015-02-02,36.465515
2015-02-03,37.286652
2015-02-04,36.787121
2015-02-05,37.300339
2015-02-06,36.739204
2015-02-09,36.595520
2015-02-10,36.958179
2015-02-11,36.698166
2015-02-12,37.485088
2015-02-13,37.608253
2015-02-17,37.717747
2015-02-18,37.847755
2015-02-19,37.793018
2015-02-20,38.278866
2015-02-23,38.094090
2015-02-24,38.354126
2015-02-25,38.388348
2015-02-26,38.189911
2015-02-27,38.244644
2015-03-02,38.299393
2015-03-03,37.977779
2015-03-04,37.840900
2015-03-05,37.957249
2015-03-06,37.238750
2015-03-09,37.389290
2015-03-10,36.479195
2015-03-11,36.499710
2015-03-12,36.807648
2015-03-13,36.547607
2015-03-16,37.033459
2015-03-17,36.930805
2015-03-18,37.786182
2015-03-19,37.266117
2015-03-20,38.230961
2015-03-23,38.402027
2015-03-24,38.354126
2015-03-25,38.117405
2015-03-26,37.738914
2015-03-27,37.849018
2015-03-30,37.931599
2015-03-31,37.312252
2015-04-01,37.676979
2015-04-02,38.021072
2015-04-06,38.358250
2015-04-07,38.255032
2015-04-08,38.358250
2015-04-09,38.351364
2015-04-10,38.461472
2015-04-13,38.268791
2015-04-14,38.592236
2015-04-15,38.791798
2015-04-16,38.846867
2015-04-17,38.289444
2015-04-20,38.365139
2015-04-21,38.674820
2015-04-22,38.667946
2015-04-23,38.881268
2015-04-24,39.032658
2015-04-27,39.369865
2015-04-28,39.314808
2015-04-29,38.991360
2015-04-30,38.895027
2015-05-01,39.204697
2015-05-04,39.204697
2015-05-05,38.564697
2015-05-06,38.826191
2015-05-07,38.681690
2015-05-08,39.610710
2015-05-11,39.459316
2015-05-12,39.314808
2015-05-13,39.590080
2015-05-14,40.250702
2015-05-15,40.202538
2015-05-18,39.961666
2015-05-19,39.824043
2015-05-20,39.961666
2015-05-21,40.188778
2015-05-22,39.775879
2015-05-26,38.936321
2015-05-27,39.459316
2015-05-28,39.431793
2015-05-29,39.005135
2015-06-01,38.764271
2015-06-02,39.108364
2015-06-03,39.418026
2015-06-04,38.929428
2015-06-05,38.392670
2015-06-08,38.372017
2015-06-09,38.227505
2015-06-10,39.170288
2015-06-11,39.245991
2015-06-12,38.846867
2015-06-15,38.440842
2015-06-16,38.468369
2015-06-17,38.427078
2015-06-18,38.908798
2015-06-19,38.736748
2015-06-22,39.638245
2015-06-23,39.583191
2015-06-24,39.259750
2015-06-25,39.245991
2015-06-26,39.329166
2015-06-29,37.952255
2015-06-30,37.728600
2015-07-01,37.910320
2015-07-02,37.931290
2015-07-06,37.050629
2015-07-07,37.015686
2015-07-08,36.484505
2015-07-09,37.127510
2015-07-10,38.672161
2015-07-13,38.686142
2015-07-14,39.014645
2015-07-15,38.832916
2015-07-16,39.175396
2015-07-17,39.063560
2015-07-20,39.168396
2015-07-21,39.035614
2015-07-22,38.756031
2015-07-23,38.630226
2015-07-24,38.196884
2015-07-27,37.903347
2015-07-28,38.406570
2015-07-29,38.511417
2015-07-30,38.497437
2015-07-31,38.735069
2015-08-03,38.742054
2015-08-04,38.672161
2015-08-05,38.930767
2015-08-06,38.860870
2015-08-07,38.728085
2015-08-10,39.147446
2015-08-11,38.644207
2015-08-12,38.406570
2015-08-13,38.294739
2015-08-14,38.378605
2015-08-17,38.224842
2015-08-18,38.022148
2015-08-19,37.658710
2015-08-20,36.819977
2015-08-21,36.016201
2015-08-24,35.072643
2015-08-25,35.303291
2015-08-26,35.904381
2015-08-27,36.281796
2015-08-28,36.149010
2015-08-31,36.016201
2015-09-01,35.016720
2015-09-02,35.519958
2015-09-03,35.540928
2015-09-04,34.848976
2015-09-08,35.869423
2015-09-09,35.659740
2015-09-10,36.023205
2015-09-11,35.967270
2015-09-14,35.582870
2015-09-15,35.841473
2015-09-16,36.379642
2015-09-17,36.512447
2015-09-18,35.582870
2015-09-21,35.512970
2015-09-22,34.450588
2015-09-23,34.310806
2015-09-24,34.226925
2015-09-25,34.455135
2015-09-28,33.781048
2015-09-29,33.893398
2015-09-30,34.532364
2015-10-01,34.525356
2015-10-02,35.178360
2015-10-05,35.796253
2015-10-06,35.950741
2015-10-07,36.259689
2015-10-08,36.596733
2015-10-09,36.603748
2015-10-12,36.463318
2015-10-13,36.049042
2015-10-14,36.266708
2015-10-15,36.758217
2015-10-16,36.652905
2015-10-19,36.568634
2015-10-20,36.512466
2015-10-21,36.322887
2015-10-22,36.673958
2015-10-23,36.989941
2015-10-26,36.828438
2015-10-27,36.470341
2015-10-28,36.737152
2015-10-29,36.575672
2015-10-30,36.568634
2015-11-02,36.996964
2015-11-03,36.877594
2015-11-04,36.624813
2015-11-05,36.519489
2015-11-06,36.315857
2015-11-09,35.964783
2015-11-10,35.838387
2015-11-11,36.013916
2015-11-12,35.459229
2015-11-13,35.164318
2015-11-16,35.641781
2015-11-17,35.697952
2015-11-18,36.098186
2015-11-19,36.287766
2015-11-20,36.027973
2015-11-23,35.761147
2015-11-24,35.648815
2015-11-25,35.880516
2015-11-27,36.077118
2015-11-30,36.112228
2015-12-01,36.400124
2015-12-02,35.957752
2015-12-03,35.852440
2015-12-04,36.245636
2015-12-07,35.978832
2015-12-08,35.396027
2015-12-09,35.360909
2015-12-10,35.234535
2015-12-11,34.602581
2015-12-14,34.623650
2015-12-15,34.883446
2015-12-16,35.536469
2015-12-17,35.051964
2015-12-18,34.637695
2015-12-21,34.822411
2015-12-22,35.076229
2015-12-23,35.731934
2015-12-24,35.738979
2015-12-28,35.633213
2015-12-29,35.957542
2015-12-30,35.675526
2015-12-31,35.167889
2016-01-04,34.653206
2016-01-05,34.448738
2016-01-06,33.877640
2016-01-07,33.250160
2016-01-08,32.961086
2016-01-11,33.059788
2016-01-12,33.334759
2016-01-13,32.700214
2016-01-14,33.123257
2016-01-15,31.910564
2016-01-19,32.122063
2016-01-20,31.459324
2016-01-21,31.783653
2016-01-22,32.622646
2016-01-25,32.199631
2016-01-26,32.897625
2016-01-27,32.601513
2016-01-28,32.693157
2016-01-29,33.214897
2016-02-01,33.186699
2016-02-02,32.277184
2016-02-03,32.791870
2016-02-04,32.777767
2016-02-05,32.305382
2016-02-08,31.431116
2016-02-09,31.156153
2016-02-10,31.332422
2016-02-11,30.916431
2016-02-12,31.466372
2016-02-16,32.002209
2016-02-17,32.672012
2016-02-18,32.481640
2016-02-19,32.474602
2016-02-22,32.643806
2016-02-23,32.072723
2016-02-24,31.931698
2016-02-25,32.368847
2016-02-26,32.263081
2016-02-29,32.143219
2016-03-01,33.038643
2016-03-02,33.073902
2016-03-03,33.419384
2016-03-04,33.574478
2016-03-07,33.595631
2016-03-08,33.214897
2016-03-09,33.362957
2016-03-10,33.384121
2016-03-11,34.286587
2016-03-14,34.194912
2016-03-15,33.891449
2016-03-16,34.302692
2016-03-17,34.607574
2016-03-18,34.572124
2016-03-21,34.416134
2016-03-22,34.231792
2016-03-23,33.948189
2016-03-24,33.714203
2016-03-28,33.891449
2016-03-29,34.338142
2016-03-30,34.678482
2016-03-31,34.401958
2016-04-01,34.160885
2016-04-04,34.153793
2016-04-05,33.522766
2016-04-06,34.054523
2016-04-07,33.430595
2016-04-08,34.019085
2016-04-11,34.068707
2016-04-12,34.458698
2016-04-13,34.862835
2016-04-14,34.869915
2016-04-15,34.777729
2016-04-18,35.110981
2016-04-19,35.756195
2016-04-20,35.685295
2016-04-21,35.408768
2016-04-22,35.337872
2016-04-25,35.217339
2016-04-26,35.430046
2016-04-27,35.621475
2016-04-28,35.444221
2016-04-29,35.352055
2016-05-02,35.642754
2016-05-03,34.926643
2016-05-04,34.522491
2016-05-05,34.352329
2016-05-06,34.487045
2016-05-09,34.409046
2016-05-10,34.749386
2016-05-11,34.565037
2016-05-12,34.458698
2016-05-13,34.104168
2016-05-16,34.522491
2016-05-17,34.245968
2016-05-18,34.359417
2016-05-19,34.146709
2016-05-20,34.458698
2016-05-23,34.373604
2016-05-24,35.011719
2016-05-25,35.401684
2016-05-26,35.522224
2016-05-27,35.430046
2016-05-31,35.174797
2016-06-01,35.125168
2016-06-02,35.224434
2016-06-03,35.458408
2016-06-06,35.550579
2016-06-07,35.798740
2016-06-08,35.848373
2016-06-09,35.330780
2016-06-10,34.132507
2016-06-13,33.579479
2016-06-14,32.953247
2016-06-15,33.162960
2016-06-16,33.322052
2016-06-17,33.893337
2016-06-20,34.811695
2016-06-21,35.144360
2016-06-22,35.158825
2016-06-23,36.257977
2016-06-24,32.165043
2016-06-27,31.326199
2016-06-28,32.353039
2016-06-29,33.011105
2016-06-30,33.741467
2016-07-01,33.784855
2016-07-05,32.721848
2016-07-06,32.620617
2016-07-07,32.483215
2016-07-08,33.018326
2016-07-11,33.510059
2016-07-12,34.001793
2016-07-13,34.001793
2016-07-14,34.356125
2016-07-15,34.146427
2016-07-18,34.211506
2016-07-19,33.951180
2016-07-20,34.276588
2016-07-21,34.175346
2016-07-22,34.197052
2016-07-25,34.233200
2016-07-26,34.348900
2016-07-27,34.587540
2016-07-28,34.594772
2016-07-29,34.912945
2016-08-01,34.536911
2016-08-02,34.515228
2016-08-03,34.341679
2016-08-04,34.500763
2016-08-05,34.630909
2016-08-08,34.659855
2016-08-09,35.006958
2016-08-10,35.158825
2016-08-11,35.433609
2016-08-12,35.390221
2016-08-15,35.498688
2016-08-16,35.484230
2016-08-17,35.426380
2016-08-18,35.708385
2016-08-19,35.397442
2016-08-22,35.426380
2016-08-23,35.592690
2016-08-24,35.491455
2016-08-25,35.339596
2016-08-26,35.144360
2016-08-29,35.310680
2016-08-30,35.223900
2016-08-31,35.151588
2016-09-01,35.433609
2016-09-02,35.918098
2016-09-06,36.120583
2016-09-07,36.098885
2016-09-08,36.106121
2016-09-09,35.332367
2016-09-12,35.650551
2016-09-13,34.934414
2016-09-14,34.941673
2016-09-15,35.232498
2016-09-16,34.614502
2016-09-19,34.898048
2016-09-20,34.970764
2016-09-21,35.406982
2016-09-22,35.799591
2016-09-23,35.523315
2016-09-26,35.159798
2016-09-27,35.167053
2016-09-28,35.566936
2016-09-29,35.021648
2016-09-30,35.428787
2016-10-03,35.356094
2016-10-04,35.392448
2016-10-05,35.523315
2016-10-06,35.254311
2016-10-07,34.948952
2016-10-10,35.021648
2016-10-11,34.490902
2016-10-12,34.381859
2016-10-13,34.258259
2016-10-14,34.301872
2016-10-17,34.171017
2016-10-18,34.607243
2016-10-19,34.650860
2016-10-20,34.650860
2016-10-21,34.549080
2016-10-24,34.505455
2016-10-25,34.374584
2016-10-26,34.207359
2016-10-27,34.243717
2016-10-28,34.214634
2016-10-31,34.178291
2016-11-01,34.040142
2016-11-02,33.814758
2016-11-03,33.800224
2016-11-04,33.465782
2016-11-07,33.996513
2016-11-08,34.098305
2016-11-09,34.272808
2016-11-10,34.098305
2016-11-11,33.763870
2016-11-14,33.473045
2016-11-15,33.705700
2016-11-16,33.334915
2016-11-17,33.494858
2016-11-18,33.153152
2016-11-21,33.436691
2016-11-22,33.465782
2016-11-23,33.225861
2016-11-25,33.502140
2016-11-28,33.109531
2016-11-29,33.400337
2016-11-30,33.378540
2016-12-01,33.327644
2016-12-02,33.436691
2016-12-05,33.938362
2016-12-06,34.250996
2016-12-07,34.716282
2016-12-08,34.512714
2016-12-09,34.701763
2016-12-12,34.650860
2016-12-13,35.021648
2016-12-14,34.476368
2016-12-15,34.454559
2016-12-16,34.629051
2016-12-19,34.505455
2016-12-20,34.597500
2016-12-21,34.685169
2016-12-22,34.619411
2016-12-23,34.758213
2016-12-27,34.809361
2016-12-28,34.590206
2016-12-29,34.831261
2016-12-30,35.021202
2017-01-03,35.138077
2017-01-04,35.430302
2017-01-05,35.751736
2017-01-06,35.576389
2017-01-09,35.452209
2017-01-10,35.444908
2017-01-11,35.627537
2017-01-12,35.664062
2017-01-13,35.817467
2017-01-17,35.817467
2017-01-18,35.671371
2017-01-19,35.598312
2017-01-20,35.795555
2017-01-23,35.912434
2017-01-24,35.992794
2017-01-25,36.423809
2017-01-26,36.190048
2017-01-27,36.182732
2017-01-30,35.883205
2017-01-31,36.058552
2017-02-01,36.168125
2017-02-02,36.138901
2017-02-03,36.270397
2017-02-06,35.927044
2017-02-07,35.941662
2017-02-08,36.007401
2017-02-09,36.131596
2017-02-10,36.138901
2017-02-13,36.270397
2017-02-14,36.277691
2017-02-15,36.445709
2017-02-16,36.591831
2017-02-17,36.460323
2017-02-21,36.467617
2017-02-22,36.460323
2017-02-23,36.547989
2017-02-24,36.219250
2017-02-27,36.306923
2017-02-28,36.270397
2017-03-01,36.650265
2017-03-02,36.511459
2017-03-03,36.803677
2017-03-06,36.628342
2017-03-07,36.445709
2017-03-08,36.299614
2017-03-09,36.577206
2017-03-10,36.905960
2017-03-13,37.037437
2017-03-14,36.737934
2017-03-15,37.278507
2017-03-16,37.665688
2017-03-17,37.716820
2017-03-20,37.629162
2017-03-21,37.519585
2017-03-22,37.539425
2017-03-23,37.664276
2017-03-24,37.730381
2017-03-27,37.891968
2017-03-28,37.928692
2017-03-29,37.884624
2017-03-30,37.781803
2017-03-31,37.877277
2017-04-03,37.723030
2017-04-04,37.752419
2017-04-05,37.554108
2017-04-06,37.678970
2017-04-07,37.620209
2017-04-10,37.568806
2017-04-11,37.825859
2017-04-12,37.847908
2017-04-13,37.576134
2017-04-17,37.833214
2017-04-18,37.656940
2017-04-19,37.561455
2017-04-20,37.825859
2017-04-21,37.781803
2017-04-24,39.162624
2017-04-25,39.493145
2017-04-26,39.353592
2017-04-27,39.427040
2017-04-28,39.353592
2017-05-01,39.507832
2017-05-02,39.853031
2017-05-03,39.728184
2017-05-04,40.308411
2017-05-05,40.829895
2017-05-08,40.359833
2017-05-09,40.330456
2017-05-10,40.425934
2017-05-11,40.330456
2017-05-12,40.631592
2017-05-15,40.851933
2017-05-16,41.241215
2017-05-17,40.683002
2017-05-18,40.697697
2017-05-19,41.270576
2017-05-22,41.388111
2017-05-23,41.351383
2017-05-24,41.410141
2017-05-25,41.402809
2017-05-26,41.219173
2017-05-30,41.145729
2017-05-31,41.285282
2017-06-01,41.571728
2017-06-02,41.843483
2017-06-05,41.564381
2017-06-06,41.402809
2017-06-07,41.424828
2017-06-08,41.277935
2017-06-09,41.131031
2017-06-12,40.896011
2017-06-13,41.233868
2017-06-14,41.189781
2017-06-15,40.638935
2017-06-16,41.167767
2017-06-19,41.314655
2017-06-20,40.844585
2017-06-21,40.879589
2017-06-22,40.827454
2017-06-23,40.968994
2017-06-26,41.065819
2017-06-27,41.170109
2017-06-28,41.520206
2017-06-29,41.021137
2017-06-30,41.073265
2017-07-03,41.065819
2017-07-05,41.065819
2017-07-06,40.916836
2017-07-07,41.028580
2017-07-10,41.117962
2017-07-11,41.147766
2017-07-12,41.497849
2017-07-13,41.669189
2017-07-14,41.989498
2017-07-17,41.914982
2017-07-18,41.900101
2017-07-19,41.989498
2017-07-20,42.212952
2017-07-21,41.996937
2017-07-24,41.840504
2017-07-25,41.937347
2017-07-26,42.250198
2017-07-27,42.071419
2017-07-28,42.116119
2017-07-31,42.235306
2017-08-01,42.481113
2017-08-02,42.518360
2017-08-03,42.555611
2017-08-04,42.644997
2017-08-07,42.674786
2017-08-08,42.391727
2017-08-09,42.369385
2017-08-10,41.706425
2017-08-11,41.631943
2017-08-14,41.967140
2017-08-15,41.900101
2017-08-16,42.153362
2017-08-17,41.646835
2017-08-18,41.684074
2017-08-21,41.706425
2017-08-22,41.922440
2017-08-23,41.937347
2017-08-24,41.862854
2017-08-25,42.205498
2017-08-28,42.183167
2017-08-29,41.996937
2017-08-30,41.929905
2017-08-31,42.265099
2017-09-01,42.347031
2017-09-05,42.101219
2017-09-06,42.428970
2017-09-07,42.823761
2017-09-08,42.801414
2017-09-11,43.151505
2017-09-12,43.315392
2017-09-13,43.032333
2017-09-14,43.203651
2017-09-15,43.240891
2017-09-18,43.307938
2017-09-19,43.523956
2017-09-20,43.405052
2017-09-21,43.397572
2017-09-22,43.524708
2017-09-25,43.195656
2017-09-26,43.038601
2017-09-27,43.090958
2017-09-28,43.277931
2017-09-29,43.621937
2017-10-02,43.494793
2017-10-03,43.666805
2017-10-04,43.584538
2017-10-05,43.532192
2017-10-06,43.479836
2017-10-09,43.457401
2017-10-10,43.928551
2017-10-11,44.025776
2017-10-12,43.965939
2017-10-13,44.010799
2017-10-16,43.891151
2017-10-17,43.696709
2017-10-18,43.921066
2017-10-19,43.786453
2017-10-20,43.681755
2017-10-23,43.532192
2017-10-24,43.532192
2017-10-25,43.502266
2017-10-26,43.405052
2017-10-27,43.345219
2017-10-30,43.606972
2017-10-31,43.823845
2017-11-01,43.778980
2017-11-02,43.891151
2017-11-03,43.808887
2017-11-06,43.876194
2017-11-07,43.502266
2017-11-08,43.524708
2017-11-09,43.210609
2017-11-10,43.135834
2017-11-13,42.904003
2017-11-14,43.053551
2017-11-15,42.829212
2017-11-16,43.158272
2017-11-17,43.023647
2017-11-20,43.090958
2017-11-21,43.360184
2017-11-22,43.502266
2017-11-24,43.898628
2017-11-27,43.592018
2017-11-28,43.861240
2017-11-29,43.704178
2017-11-30,43.801407
2017-12-01,43.621937
2017-12-04,43.569584
2017-12-05,43.412521
2017-12-06,43.315315
2017-12-07,43.434967
2017-12-08,43.689228
2017-12-11,43.726627
2017-12-12,43.764019
2017-12-13,43.823845
2017-12-14,43.606972
2017-12-15,43.577049
2017-12-18,44.145428
2017-12-19,44.118359
2017-12-20,43.967983
2017-12-21,44.170979
2017-12-22,44.216091
2017-12-26,44.193542
2017-12-27,44.343914
2017-12-28,44.449169
2017-12-29,44.471733
2018-01-02,44.764942
2018-01-03,44.922825
2018-01-04,45.449127
2018-01-05,45.757389
2018-01-08,45.629566
2018-01-09,45.704746
2018-01-10,45.531834
2018-01-11,45.855118
2018-01-12,46.441559
2018-01-16,46.456604
2018-01-17,46.652073
2018-01-18,46.712242
2018-01-19,46.945297
2018-01-22,47.246040
2018-01-23,47.351299
2018-01-24,47.516705
2018-01-25,47.321232
2018-01-26,47.734734
2018-01-29,47.261074
2018-01-30,46.945297
2018-01-31,46.975368
2018-02-01,47.050560
2018-02-02,45.885189
2018-02-05,43.952942
2018-02-06,44.967949
2018-02-07,44.396542
2018-02-08,43.321400
2018-02-09,43.494320
2018-02-12,44.065739
2018-02-13,43.960468
2018-02-14,44.862686
2018-02-15,45.170944
2018-02-16,45.216045
2018-02-20,44.772469
2018-02-21,44.546909
2018-02-22,44.734882
2018-02-23,45.058167
2018-02-26,45.328831
2018-02-27,44.576981
2018-02-28,44.088287
2018-03-01,43.607098
2018-03-02,43.652214
2018-03-05,43.952942
2018-03-06,44.291283
2018-03-07,44.404045
2018-03-08,44.464211
2018-03-09,44.712322
2018-03-12,44.772469
2018-03-13,44.389019
2018-03-14,44.479248
2018-03-15,44.486759
2018-03-16,44.486759
2018-03-19,44.261215
2018-03-20,44.186020
2018-03-21,44.261215
2018-03-22,43.268764
2018-03-23,43.005615
2018-03-26,43.872959
2018-03-27,43.351658
2018-03-28,43.631184
2018-03-29,43.933399
2018-04-02,43.351658
2018-04-03,43.661415
2018-04-04,43.744522
2018-04-05,44.152493
2018-04-06,44.008953
2018-04-09,44.348938
2018-04-10,44.908031
2018-04-11,44.673820
2018-04-12,44.976017
2018-04-13,45.013790
2018-04-16,45.089344
2018-04-17,45.399105
2018-04-18,45.542667
2018-04-19,45.414204
2018-04-20,45.217793
2018-04-23,45.225338
2018-04-24,44.983570
2018-04-25,44.802235
2018-04-26,45.051579
2018-04-27,45.096893
2018-04-30,44.877804
2018-05-01,44.628483
2018-05-02,44.658707
2018-05-03,44.840012
2018-05-04,45.331108
2018-05-07,44.953346
2018-05-08,44.915573
2018-05-09,45.202671
2018-05-10,45.436874
2018-05-11,45.519997
2018-05-14,45.497314
2018-05-15,45.202671
2018-05-16,45.270668
2018-05-17,45.421761
2018-05-18,45.217793
2018-05-21,45.535091
2018-05-22,45.542667
2018-05-23,44.900467
2018-05-24,44.794693
2018-05-25,44.409378
2018-05-29,43.155216
2018-05-30,43.933399
2018-05-31,43.789860
2018-06-01,44.160057
2018-06-04,44.258270
2018-06-05,44.175163
2018-06-06,44.598267
2018-06-07,44.311165
2018-06-08,44.364048
2018-06-11,44.802235
2018-06-12,44.530266
2018-06-13,44.636044
2018-06-14,44.598267
2018-06-15,44.265835
2018-06-18,43.888084
2018-06-19,43.525421
2018-06-20,43.532982
2018-06-21,43.162773
2018-06-22,43.748341
2018-06-25,43.116543
2018-06-26,43.078018
2018-06-27,42.708191
2018-06-28,42.792934
2018-06-29,43.247520
2018-07-02,42.900806
2018-07-03,43.101128
2018-07-05,43.679001
2018-07-06,43.902439
2018-07-09,44.195229
2018-07-10,44.318508
2018-07-11,43.494083
2018-07-12,43.910152
2018-07-13,43.979492
2018-07-16,44.018013
2018-07-17,43.979492
2018-07-18,44.018013
2018-07-19,43.894741
2018-07-20,44.149002
2018-07-23,44.064247
2018-07-24,44.318508
2018-07-25,44.657524
2018-07-26,44.372440
2018-07-27,44.464901
2018-07-30,44.595882
2018-07-31,44.719158
2018-08-01,44.410965
2018-08-02,44.025730
2018-08-03,44.118176
2018-08-06,43.879330
2018-08-07,44.195229
2018-08-08,44.164410
2018-08-09,44.018013
2018-08-10,43.031788
2018-08-13,42.900806
2018-08-14,42.792934
2018-08-15,42.068672
2018-08-16,42.392284
2018-08-17,42.631138
2018-08-20,42.947041
2018-08-21,43.417038
2018-08-22,43.563427
2018-08-23,43.270641
2018-08-24,43.648174
2018-08-27,44.195229
2018-08-28,44.133583
2018-08-29,44.357037
2018-08-30,43.925560
2018-08-31,43.455547
2018-09-04,43.101128
2018-09-05,42.831459
2018-09-06,42.638836
2018-09-07,42.315228
2018-09-10,42.700481
2018-09-11,42.708191
2018-09-12,42.900806
2018-09-13,43.208992
2018-09-14,43.108841
2018-09-17,43.201298
2018-09-18,43.432446
2018-09-19,43.532600
2018-09-20,44.249165
2018-09-21,44.210640
2018-09-24,44.033432
2018-09-25,44.249165
2018-09-26,44.196575
2018-09-27,44.010933
2018-09-28,43.484959
2018-10-01,43.515896
2018-10-02,43.237457
2018-10-03,43.376667
2018-10-04,42.827507
2018-10-05,42.494915
2018-10-08,42.069500
2018-10-09,42.030827
2018-10-10,41.172268
2018-10-11,40.669506
2018-10-12,40.808731
2018-10-15,40.777802
2018-10-16,41.543537
2018-10-17,41.133598
2018-10-18,40.460674
2018-10-19,40.739113
2018-10-22,40.445206
2018-10-23,40.128067
2018-10-24,38.991055
2018-10-25,39.524754
2018-10-26,39.331387
2018-10-29,39.370056
2018-10-30,39.725861
2018-10-31,40.050716
2018-11-01,40.700436
2018-11-02,40.739113
2018-11-05,40.731380
2018-11-06,40.816463
2018-11-07,41.365627
2018-11-08,40.862869
2018-11-09,40.677242
2018-11-12,39.818676
2018-11-13,40.104866
2018-11-14,40.197678
2018-11-15,40.120342
2018-11-16,40.104866
2018-11-19,39.749069
2018-11-20,39.014259
2018-11-21,39.586628
2018-11-23,39.254032
2018-11-26,39.888287
2018-11-27,39.663982
2018-11-28,40.228615
2018-11-29,40.035248
2018-11-30,39.779999
2018-12-03,40.251820
2018-12-04,39.277248
2018-12-06,38.789948
2018-12-07,38.410946
2018-12-10,38.078350
2018-12-11,38.217590
2018-12-12,38.921444
2018-12-13,38.828632
2018-12-14,38.248508
2018-12-17,37.884979
2018-12-18,37.908188
2018-12-19,37.645203
2018-12-20,37.475037
2018-12-21,37.026413
2018-12-24,36.583447
2018-12-26,37.494331
2018-12-27,37.323051
2018-12-28,37.681179
2018-12-31,37.852444
2019-01-02,37.642246
2019-01-03,37.361973
2019-01-04,38.483055
2019-01-07,38.654346
2019-01-08,38.965752
2019-01-09,39.456230
2019-01-10,39.502956
2019-01-11,39.339447
2019-01-14,39.144825
2019-01-15,39.191528
2019-01-16,39.261608
2019-01-17,39.425102
2019-01-18,39.892208
2019-01-22,39.370594
2019-01-23,39.674221
2019-01-24,39.619724
2019-01-25,40.047924
2019-01-28,39.861076
2019-01-29,40.063496
2019-01-30,40.429405
2019-01-31,40.382694
2019-02-01,40.429405
2019-02-04,40.538399
2019-02-05,40.896519
2019-02-06,40.748604
2019-02-07,40.141357
2019-02-08,39.993420
2019-02-11,39.923359
2019-02-12,40.367111
2019-02-13,40.351543
2019-02-14,40.351543
2019-02-15,40.974380
2019-02-19,41.200165
2019-02-20,41.402584
2019-02-21,41.215729
2019-02-22,41.363651
2019-02-25,41.449280
2019-02-26,41.760700
2019-02-27,41.589428
2019-02-28,41.659492
2019-03-01,41.955341
2019-03-04,41.784058
2019-03-05,41.838562
2019-03-06,41.752922
2019-03-07,41.091156
2019-03-08,41.114513
2019-03-11,41.457077
2019-03-12,41.441498
2019-03-13,41.931973
2019-03-14,42.095474
2019-03-15,42.554813
2019-03-18,42.733879
2019-03-19,42.874004
2019-03-20,42.920712
2019-03-21,42.741661
2019-03-22,41.745136
2019-03-25,41.749832
2019-03-26,41.890770
2019-03-27,41.992565
2019-03-28,41.781143
2019-03-29,41.976898
2019-04-01,42.525005
2019-04-02,42.705093
2019-04-03,43.096596
2019-04-04,42.979149
2019-04-05,43.096596
2019-04-08,43.143581
2019-04-09,42.893017
2019-04-10,43.073105
2019-04-11,43.088772
2019-04-12,43.370651
2019-04-15,43.448944
2019-04-16,43.480263
2019-04-17,43.629044
2019-04-18,43.511589
2019-04-22,43.550751
2019-04-23,43.503765
2019-04-24,43.229710
2019-04-25,43.159241
2019-04-26,43.253201
2019-04-29,43.433292
2019-04-30,43.621204
2019-05-01,43.268856
2019-05-02,43.120090
2019-05-03,43.558575
2019-05-06,43.151405
2019-05-07,42.352745
2019-05-08,42.564152
2019-05-09,42.305763
2019-05-10,42.634621
2019-05-13,41.616726
2019-05-14,42.016052
2019-05-15,42.203976
2019-05-16,42.564152
2019-05-17,42.290100
2019-05-20,42.000397
2019-05-21,42.305763
2019-05-22,42.157001
2019-05-23,41.655872
2019-05-24,42.141327
2019-05-28,41.671532
2019-05-29,41.303520
2019-05-30,41.522758
2019-05-31,41.146915
2019-06-03,41.436626
2019-06-04,41.961243
2019-06-05,41.945580
2019-06-06,42.164829
2019-06-07,42.720757
2019-06-10,42.783394
2019-06-11,43.057457
2019-06-12,42.775578
2019-06-13,42.822540
2019-06-14,42.470196
2019-06-17,42.422375
2019-06-18,43.075993
2019-06-19,43.251369
2019-06-20,43.649925
2019-06-21,43.618046
2019-06-24,43.713699
2019-06-25,43.386868
2019-06-26,43.458611
2019-06-27,43.466591
2019-06-28,43.761520
2019-07-01,43.920944
2019-07-02,44.008621
2019-07-03,44.351379
2019-07-05,43.904995
2019-07-08,43.697758
2019-07-09,43.514408
2019-07-10,43.649925
2019-07-11,43.625999
2019-07-12,43.641960
2019-07-15,43.705708
2019-07-16,43.562237
2019-07-17,43.458611
2019-07-18,43.649925
2019-07-19,43.402813
2019-07-22,43.498470
2019-07-23,43.761520
2019-07-24,43.745567
2019-07-25,43.331074
2019-07-26,43.498470
2019-07-29,43.562237
2019-07-30,42.876724
2019-07-31,42.621643
2019-08-01,42.454250
2019-08-02,42.063663
2019-08-05,41.170910
2019-08-06,41.394100
2019-08-07,41.553509
2019-08-08,41.928154
2019-08-09,41.728882
2019-08-12,41.425983
2019-08-13,41.760761
2019-08-14,40.573071
2019-08-15,40.565090
2019-08-16,41.091183
2019-08-19,41.394100
2019-08-20,41.186852
2019-08-21,41.673077
2019-08-22,41.593372
2019-08-23,41.099152
2019-08-26,41.370178
2019-08-27,41.394100
2019-08-28,41.322342
2019-08-29,41.728882
2019-08-30,41.920189
2019-09-03,41.752792
2019-09-04,42.446281
2019-09-05,42.653534
2019-09-06,42.773098
2019-09-09,42.789032
2019-09-10,42.836876
2019-09-11,43.068027
2019-09-12,43.347027
2019-09-13,43.482513
2019-09-16,43.075993
2019-09-17,43.259331
2019-09-18,43.235428
2019-09-19,43.370930
2019-09-20,43.219486
2019-09-23,43.107880
2019-09-24,42.868923
2019-09-25,42.620350
2019-09-26,42.836849
2019-09-27,42.836849
2019-09-30,42.989208
2019-10-01,42.516079
2019-10-02,41.457600
2019-10-03,41.762325
2019-10-04,42.099117
2019-10-07,42.099117
2019-10-08,41.617981
2019-10-09,41.978832
2019-10-10,42.371750
2019-10-11,43.285915
2019-10-14,43.125534
2019-10-15,43.678841
2019-10-16,43.734959
2019-10-17,43.943455
2019-10-18,43.991566
2019-10-21,44.192039
2019-10-22,44.007603
2019-10-23,44.264214
2019-10-24,44.376469
2019-10-25,44.368450
2019-10-28,44.592979
2019-10-29,44.536854
2019-10-30,44.777416
2019-10-31,44.641098
2019-11-01,44.977886
2019-11-04,45.202408
2019-11-05,45.106190
2019-11-06,45.082134
2019-11-07,45.178352
2019-11-08,45.130253
2019-11-11,45.122227
2019-11-12,45.090149
2019-11-13,45.009968
2019-11-14,44.977886
2019-11-15,45.258545
2019-11-18,45.330723
2019-11-19,45.258545
2019-11-20,44.969864
2019-11-21,44.913738
2019-11-22,44.985905
2019-11-25,45.354778
2019-11-26,45.410912
2019-11-27,45.491112
2019-11-29,45.218456
2019-12-02,44.953827
2019-12-03,44.745338
2019-12-04,45.146286
2019-12-05,45.154305
2019-12-06,45.515152
2019-12-09,45.314682
2019-12-10,45.354778
2019-12-11,45.595348
2019-12-12,45.948170
2019-12-13,46.421288
2019-12-16,47.022697
2019-12-17,46.685917
2019-12-18,46.597706
2019-12-19,46.653824
2019-12-20,46.701946
2019-12-23,46.872116
2019-12-24,46.847919
2019-12-26,47.081799
2019-12-27,47.299541
2019-12-30,46.928574
2019-12-31,47.259220
2020-01-02,47.654396
2020-01-03,47.057602
2020-01-06,47.235020
2020-01-07,47.001148
2020-01-08,47.122131
2020-01-09,47.170506
2020-01-10,46.944698
2020-01-13,47.178574
2020-01-14,47.210831
2020-01-15,47.226963
2020-01-16,47.452774
2020-01-17,47.638264
2020-01-21,47.291473
2020-01-22,47.339867
2020-01-23,47.146301
2020-01-24,46.976952
2020-01-27,46.009186
2020-01-28,46.485004
2020-01-29,46.541458
2020-01-30,46.517265
2020-01-31,45.799503
2020-02-03,45.815632
2020-02-04,46.581772
2020-02-05,47.041477
2020-02-06,47.122131
2020-02-07,46.670486
2020-02-10,46.815662
2020-02-11,47.162441
2020-02-12,47.452774
2020-02-13,47.138256
2020-02-14,47.146301
2020-02-18,46.944698
2020-02-19,47.251160
2020-02-20,46.968891
2020-02-21,46.815662
2020-02-24,44.799480
2020-02-25,43.783333
2020-02-26,43.823647
2020-02-27,42.460716
2020-02-28,42.154251
2020-03-02,42.855885
2020-03-03,42.492970
2020-03-04,43.960751
2020-03-05,42.476837
2020-03-06,41.896187
2020-03-09,38.283188
2020-03-10,39.638054
2020-03-11,37.363823
2020-03-12,33.129841
2020-03-13,35.194405
2020-03-16,31.049141
2020-03-17,32.347561
2020-03-18,29.960419
2020-03-19,30.694292
2020-03-20,30.274927
2020-03-23,30.117443
2020-03-24,32.845062
2020-03-25,34.087105
2020-03-26,35.759392
2020-03-27,34.574177
2020-03-30,35.150539
2020-03-31,35.134308
2020-04-01,33.591908
2020-04-02,34.233215
2020-04-03,33.518848
2020-04-06,35.174900
2020-04-07,35.385960
2020-04-08,35.921745
2020-04-09,36.822834
2020-04-13,36.319530
2020-04-14,36.936481
2020-04-15,35.426552
2020-04-16,35.532089
2020-04-17,36.733540
2020-04-20,36.205875
2020-04-21,35.467144
2020-04-22,36.035397
2020-04-23,35.816212
2020-04-24,36.319530
2020-04-27,36.798481
2020-04-28,36.977085
2020-04-29,38.097347
2020-04-30,37.399208
2020-05-01,36.619884
2020-05-04,36.603653
2020-05-05,36.473766
2020-05-06,36.238342
2020-05-07,36.871540
2020-05-08,37.496620
2020-05-11,37.293674
2020-05-12,36.822834
2020-05-13,36.360115
2020-05-14,36.035397
2020-05-15,36.100346
2020-05-18,37.732040
2020-05-19,37.171909
2020-05-20,38.040527
2020-05-21,37.699570
2020-05-22,37.650864
2020-05-26,38.665604
2020-05-27,39.136429
2020-05-28,39.542339
2020-05-29,39.582920
2020-06-01,40.475899
2020-06-02,40.922386
2020-06-03,42.058887
2020-06-04,42.050770
2020-06-05,42.805733
2020-06-08,43.325287
2020-06-09,42.554085
2020-06-10,42.367367
2020-06-11,39.883293
2020-06-12,40.638256
2020-06-15,41.027916
2020-06-16,41.474407
2020-06-17,41.604282
2020-06-18,41.303936
2020-06-19,41.084743
2020-06-22,41.670811
2020-06-23,41.924210
2020-06-24,40.747158
2020-06-25,41.384731
2020-06-26,40.689934
2020-06-29,41.155846
2020-06-30,41.139519
2020-07-01,41.450123
2020-07-02,41.842468
2020-07-06,42.586292
2020-07-07,41.932373
2020-07-08,42.471870
2020-07-09,41.858822
2020-07-10,42.259335
2020-07-13,42.014118
2020-07-14,42.717075
2020-07-15,43.223862
2020-07-16,43.084915
2020-07-17,43.346474
2020-07-20,43.697956
2020-07-21,43.804222
2020-07-22,44.073956
2020-07-23,43.657082
2020-07-24,43.338295
2020-07-27,43.828735
2020-07-28,43.608040
2020-07-29,44.180225
2020-07-30,43.567165
2020-07-31,42.643520
2020-08-03,43.485424
2020-08-04,43.632565
2020-08-05,43.910477
2020-08-06,43.959518
2020-08-07,43.738827
2020-08-10,43.812389
2020-08-11,43.984043
2020-08-12,44.940384
2020-08-13,44.727871
2020-08-14,44.270126
2020-08-17,44.662483
2020-08-18,44.613426
2020-08-19,44.409092
2020-08-20,44.319172
2020-08-21,43.975880
2020-08-24,44.629780
2020-08-25,44.670650
2020-08-26,45.071186
2020-08-27,44.539879
2020-08-28,44.891350
2020-08-31,44.482651
2020-09-01,44.433601
2020-09-02,45.103870
2020-09-03,43.943165
2020-09-04,44.131180
2020-09-08,43.477261
2020-09-09,44.515343
2020-09-10,43.902306
2020-09-11,44.294651
2020-09-14,44.441784
2020-09-15,44.760559
2020-09-16,44.719692
2020-09-17,44.809612
2020-09-18,44.449963
2020-09-21,43.063282
2020-09-22,42.964642
2020-09-23,42.339947
2020-09-24,42.364609
2020-09-25,42.487911
2020-09-28,43.276997
2020-09-29,43.235901
2020-09-30,43.096161
2020-10-01,43.433174
2020-10-02,43.416737
2020-10-05,44.197617
2020-10-06,43.589344
2020-10-07,43.959240
2020-10-08,44.370224
2020-10-09,44.797657
2020-10-12,45.101784
2020-10-13,44.386665
2020-10-14,44.263371
2020-10-15,43.581127
2020-10-16,43.901699
2020-10-19,43.696201
2020-10-20,44.041439
2020-10-21,43.564690
2020-10-22,43.581127
2020-10-23,43.983898
2020-10-26,42.939991
2020-10-27,42.389263
2020-10-28,40.753536
2020-10-29,40.893276
2020-10-30,40.761742
2020-11-02,41.345356
2020-11-03,42.570099
2020-11-04,43.161926
2020-11-05,44.214046
2020-11-06,44.362011
2020-11-09,45.660728
2020-11-10,46.326527
2020-11-11,46.729294
2020-11-12,46.096378
2020-11-13,46.819721
2020-11-16,47.312901
2020-11-17,47.304680
2020-11-18,47.041649
2020-11-19,47.370434
2020-11-20,47.345779
2020-11-23,47.296467
2020-11-24,48.028019
2020-11-25,48.036240
2020-11-27,48.258175
2020-11-30,47.444420
2020-12-01,48.644493
2020-12-02,48.603394
2020-12-03,48.751358
2020-12-04,49.187000
2020-12-07,48.899311
2020-12-08,49.071922
2020-12-09,49.047260
2020-12-10,48.997952
2020-12-11,48.669155
2020-12-14,48.726692
2020-12-15,49.392494
2020-12-16,49.630871
2020-12-17,50.041847
2020-12-18,50.089832
2020-12-21,49.405670
2020-12-22,49.314121
2020-12-23,49.971657
2020-12-24,50.096478
2020-12-28,50.437725
2020-12-29,50.803951
2020-12-30,50.737358
2020-12-31,50.138103
2021-01-04,50.787300
2021-01-05,51.245064
2021-01-06,51.852654
2021-01-07,52.010792
2021-01-08,52.252155
2021-01-11,51.428185
2021-01-12,51.669552
2021-01-13,51.511410
2021-01-14,51.877621
2021-01-15,50.978733
2021-01-19,51.436501
2021-01-20,51.761093
2021-01-21,51.952526
2021-01-22,51.577995
2021-01-25,51.245064
2021-01-26,51.453144
2021-01-27,50.229660
2021-01-28,50.662453
2021-01-29,49.688660
2021-02-01,50.337856
2021-02-02,50.870533
2021-02-03,50.920464
2021-02-04,50.962078
2021-02-05,51.295010
2021-02-08,51.436501
2021-02-09,51.736118
2021-02-10,51.503078
2021-02-11,51.910915
2021-02-12,52.227188
2021-02-16,52.726574
2021-02-17,52.177246
2021-02-18,52.027431
2021-02-19,52.135632
2021-02-22,51.977497
2021-02-23,52.002468
2021-02-24,52.426945
2021-02-25,51.553020
2021-02-26,50.970409
2021-03-01,51.860981
2021-03-02,52.035759
2021-03-03,51.686184
2021-03-04,51.078609
2021-03-05,51.436501
2021-03-08,51.369915
2021-03-09,52.168926
2021-03-10,52.518494
2021-03-11,53.001236
2021-03-12,52.967945
2021-03-15,52.893036
2021-03-16,52.959618
2021-03-17,53.234280
2021-03-18,52.576759
2021-03-19,52.610050
2021-03-22,52.794785
2021-03-23,52.025768
2021-03-24,51.933815
2021-03-25,52.201302
2021-03-26,52.895088
2021-03-29,52.694481
2021-03-30,52.744629
2021-03-31,52.661037
2021-04-01,53.505291
2021-04-05,54.424770
2021-04-06,53.931591
2021-04-07,54.048626
2021-04-08,54.424770
2021-04-09,54.491646
2021-04-12,54.240875
2021-04-13,54.575226
2021-04-14,54.600315
2021-04-15,55.076763
2021-04-16,55.728760
2021-04-19,55.762177
2021-04-20,54.784203
2021-04-21,55.285744
2021-04-22,55.093479
2021-04-23,55.636799
2021-04-26,55.803982
2021-04-27,55.820702
2021-04-28,55.996243
2021-04-29,56.012962
2021-04-30,55.177078
2021-05-03,55.887589
2021-05-04,54.951378
2021-05-05,55.745483
2021-05-06,56.163414
2021-05-07,57.016022
2021-05-10,56.581364
2021-05-11,55.929379
2021-05-12,55.302464
2021-05-13,55.753826
2021-05-14,56.781979
2021-05-17,56.756905
2021-05-18,56.807049
2021-05-19,56.188488
2021-05-20,57.057831
2021-05-21,57.091255
2021-05-24,57.459042
2021-05-25,57.484116
2021-05-26,57.316940
2021-05-27,57.492466
2021-05-28,57.634579
2021-06-01,58.077599
2021-06-02,58.161194
2021-06-03,57.751606
2021-06-04,58.228065
2021-06-07,58.495556
2021-06-08,58.487198
2021-06-09,58.386887
2021-06-10,58.462105
2021-06-11,58.654362
2021-06-14,58.804813
2021-06-15,58.813179
2021-06-16,58.236423
2021-06-17,57.701450
2021-06-18,56.573002
2021-06-21,57.418129
2021-06-22,57.435040
2021-06-23,57.080074
2021-06-24,57.629425
2021-06-25,57.747730
2021-06-28,57.299816
2021-06-29,57.333611
2021-06-30,56.843445
2021-07-01,57.181499
2021-07-02,57.342064
2021-07-06,56.978657
2021-07-07,57.333611
2021-07-08,56.598358
2021-07-09,57.494190
2021-07-12,57.773087
2021-07-13,57.409687
2021-07-14,57.502644
2021-07-15,56.885708
2021-07-16,56.505398
2021-07-19,55.356014
2021-07-20,55.685619
2021-07-21,56.750492
2021-07-22,56.843445
2021-07-23,57.333611
2021-07-26,57.553349
2021-07-27,57.426594
2021-07-28,57.722378
2021-07-29,58.170311
2021-07-30,57.899853
2021-08-02,58.170311
2021-08-03,58.592861
2021-08-04,58.542152
2021-08-05,58.846413
2021-08-06,58.525265
2021-08-09,58.483002
2021-08-10,58.643566
2021-08-11,59.049240
2021-08-12,59.032333
2021-08-13,59.480244
2021-08-16,59.159111
2021-08-17,58.685833
2021-08-18,58.525265
2021-08-19,57.840706
2021-08-20,58.170311
2021-08-23,58.677376
2021-08-24,58.719627
2021-08-25,58.795692
2021-08-26,58.449207
2021-08-27,59.108387
2021-08-30,59.108387
2021-08-31,58.947823
2021-09-01,59.361935
2021-09-02,59.666183
2021-09-03,59.454887
2021-09-07,59.226711
2021-09-08,58.609768
2021-09-09,58.432293
2021-09-10,58.263256
2021-09-13,58.601303
2021-09-14,58.449207
2021-09-15,58.457649
2021-09-16,58.432293
2021-09-17,57.502644
2021-09-20,56.382305
2021-09-21,56.968826
2021-09-22,57.512852
2021-09-23,58.286377
2021-09-24,57.597851
2021-09-27,57.512852
2021-09-28,56.161297
2021-09-29,55.965794
2021-09-30,55.770287
2021-10-01,56.118805
2021-10-04,55.829792
2021-10-05,56.101810
2021-10-06,55.736294
2021-10-07,56.152802
2021-10-08,56.186802
2021-10-11,55.855289
2021-10-12,56.076302
2021-10-13,56.909332
2021-10-14,57.538349
2021-10-15,57.971851
2021-10-18,57.708355
2021-10-19,58.031353
2021-10-20,58.269375
2021-10-21,58.260883
2021-10-22,58.541389
2021-10-25,58.328869
2021-10-26,58.549892
2021-10-27,58.362873
2021-10-28,59.008900
2021-10-29,58.575386
2021-11-01,59.093899
2021-11-02,58.949394
2021-11-03,59.518917
2021-11-04,59.331913
2021-11-05,59.442413
2021-11-08,59.518917
2021-11-09,59.450905
2021-11-10,58.762383
2021-11-11,58.974899
2021-11-12,59.127903
2021-11-15,58.932392
2021-11-16,58.804893
2021-11-17,58.881390
2021-11-18,58.940880
2021-11-19,58.158852
2021-11-22,57.691360
2021-11-23,57.487350
2021-11-24,57.121822
2021-11-26,55.727798
2021-11-29,56.118805
2021-11-30,55.710789
2021-12-01,55.387779
2021-12-02,56.025299
2021-12-03,55.600285
2021-12-06,56.246307
2021-12-07,57.385345
2021-12-08,57.580845
2021-12-09,57.045341
2021-12-10,57.181328
2021-12-13,56.577816
2021-12-14,56.220814
2021-12-15,56.968826
2021-12-16,57.036827
2021-12-17,56.203808
2021-12-20,56.262218
2021-12-21,56.983624
2021-12-22,57.687870
2021-12-23,58.082932
2021-12-27,58.718468
2021-12-28,58.744240
2021-12-29,58.838699
2021-12-30,58.606819
2021-12-31,58.606819
2022-01-03,59.165066
2022-01-04,59.242363
2022-01-05,58.709885
2022-01-06,58.495174
2022-01-07,58.787186
2022-01-10,57.988453
2022-01-11,58.709885
2022-01-12,59.250946
2022-01-13,58.812954
2022-01-14,58.649757
2022-01-18,57.808113
2022-01-19,57.971294
2022-01-20,57.541874
2022-01-21,56.700214
2022-01-24,55.824196
2022-01-25,55.429142
2022-01-26,55.557968
2022-01-27,55.472073
2022-01-28,55.635258
2022-01-31,56.511261
2022-02-01,57.198338
2022-02-02,57.533283
2022-02-03,56.734554
2022-02-04,56.588570
2022-02-07,56.622917
2022-02-08,56.820465
2022-02-09,57.782345
2022-02-10,57.043747
2022-02-11,55.978798
2022-02-14,55.429142
2022-02-15,56.708809
2022-02-16,56.897751
2022-02-17,55.901493
2022-02-18,55.575138
2022-02-22,54.707718
2022-02-23,54.286884
2022-02-24,53.221939
2022-02-25,54.827953
2022-02-28,53.522526
2022-03-01,52.105442
2022-03-02,52.912750
2022-03-03,51.392612
2022-03-04,49.219769
2022-03-07,47.596569
2022-03-08,48.721642
2022-03-09,51.323910
2022-03-10,50.181667
2022-03-11,49.872486
2022-03-14,50.757080
2022-03-15,51.134968
2022-03-16,53.144638
2022-03-17,53.488171
2022-03-18,53.926189
2022-03-21,53.391655
2022-03-22,54.097473
2022-03-23,53.090401
2022-03-24,53.400265
2022-03-25,53.434696
2022-03-28,53.555202
2022-03-29,54.915169
2022-03-30,54.682762
2022-03-31,53.606846
2022-04-01,54.235184
2022-04-04,54.269611
2022-04-05,53.718739
2022-04-06,53.116230
2022-04-07,53.383049
2022-04-08,53.434696
2022-04-11,52.969902
2022-04-12,52.591167
2022-04-13,53.210899
2022-04-14,52.969902
2022-04-18,52.771927
2022-04-19,53.004330
2022-04-20,53.443306
2022-04-21,52.944073
2022-04-22,52.126373
2022-04-25,51.704609
2022-04-26,50.008953
2022-04-27,50.241352
2022-04-28,50.886909
2022-04-29,50.258560
2022-05-02,50.069206
2022-05-03,50.473759
2022-05-04,51.265633
2022-05-05,49.587189
2022-05-06,48.829739
2022-05-09,47.357872
2022-05-10,47.839897
2022-05-11,47.573063
2022-05-12,47.340668
2022-05-13,48.717838
2022-05-16,48.898598
2022-05-17,50.069206
2022-05-18,48.597340
2022-05-19,49.105167
2022-05-20,49.311764
2022-05-23,50.361866
2022-05-24,50.353241
2022-05-25,50.310215
2022-05-26,50.990204
2022-05-27,51.618542
2022-05-31,51.472206
2022-06-01,50.620075
2022-06-02,51.876762
2022-06-03,51.170952
2022-06-06,51.420567
2022-06-07,51.549683
2022-06-08,50.809437
2022-06-09,49.544151
2022-06-10,48.210011
2022-06-13,46.479923
2022-06-14,45.894619
2022-06-15,47.013584
2022-06-16,45.799934
2022-06-17,45.808544
2022-06-21,46.561890
2022-06-22,46.254578
2022-06-23,45.973614
2022-06-24,47.510162
2022-06-27,47.387241
2022-06-28,46.921886
2022-06-29,46.649693
2022-06-30,46.377510
2022-07-01,46.412624
2022-07-05,45.078022
2022-07-06,45.174610
2022-07-07,45.877033
2022-07-08,45.912151
2022-07-11,45.165829
2022-07-12,45.139481
2022-07-13,45.157051
2022-07-14,44.410725
2022-07-15,45.262413
2022-07-18,45.534599
2022-07-19,47.018467
2022-07-20,46.465313
2022-07-21,47.053593
2022-07-22,46.842861
2022-07-25,47.290657
2022-07-26,46.526772
2022-07-27,47.650650
2022-07-28,47.914059
2022-07-29,48.695511
2022-08-01,48.616486
2022-08-02,47.826248
2022-08-03,48.317951
2022-08-04,48.686722
2022-08-05,48.195019
2022-08-08,48.370632
2022-08-09,48.142357
2022-08-10,49.257442
2022-08-11,49.178421
2022-08-12,49.468170
2022-08-15,48.967693
2022-08-16,49.037937
2022-08-17,48.537460
2022-08-18,48.300396
2022-08-19,47.641869
2022-08-22,46.544334
2022-08-23,46.579456
2022-08-24,46.676041
2022-08-25,47.123833
2022-08-26,45.718987
2022-08-29,45.771667
2022-08-30,45.455578
2022-08-31,45.060459
2022-09-01,44.340481
2022-09-02,44.041946
2022-09-06,44.270248
2022-09-07,44.884857
2022-09-08,44.700470
2022-09-09,46.017513
2022-09-12,46.851646
2022-09-13,45.165829
2022-09-14,45.218513
2022-09-15,44.779503
2022-09-16,44.419498
2022-09-19,44.514744
2022-09-20,43.518272
2022-09-21,42.962723
2022-09-22,42.715813
2022-09-23,41.013870
2022-09-26,40.326057
2022-09-27,40.132042
2022-09-28,41.243156
2022-09-29,40.643509
2022-09-30,40.696423
2022-10-03,41.622341
2022-10-04,43.553547
2022-10-05,42.874542
2022-10-06,41.939808
2022-10-07,41.154968
2022-10-10,40.978607
2022-10-11,40.440701
2022-10-12,40.387783
2022-10-13,41.525333
2022-10-14,40.908054
2022-10-17,42.274899
2022-10-18,42.786358
2022-10-19,42.010349
2022-10-20,41.975067
2022-10-21,42.724625
2022-10-24,43.024460
2022-10-25,44.082645
2022-10-26,44.558834
2022-10-27,44.179653
2022-10-28,44.664658
2022-10-31,44.126736
2022-11-01,44.461826
2022-11-02,43.659367
2022-11-03,43.200817
2022-11-04,45.184933
2022-11-07,45.423027
2022-11-08,45.934486
2022-11-09,45.326027
2022-11-10,47.971512
2022-11-11,48.923882
2022-11-14,48.359516
2022-11-15,48.562340
2022-11-16,48.474155
2022-11-17,48.412426
2022-11-18,48.615253
2022-11-21,48.262516
2022-11-22,48.915062
2022-11-23,49.470627
2022-11-25,49.805714
2022-11-28,49.003250
2022-11-29,49.117889
2022-11-30,50.079090
2022-12-01,50.652271
2022-12-02,50.758095
2022-12-05,50.167263
2022-12-06,49.840988
2022-12-07,49.796894
2022-12-08,49.990902
2022-12-09,49.990902
2022-12-12,50.202534
2022-12-13,50.934452
2022-12-14,50.987366
2022-12-15,49.602890
2022-12-16,48.976803
2022-12-19,48.912846
2022-12-20,49.001663
2022-12-21,49.685581
2022-12-22,49.250362
2022-12-23,49.410236
2022-12-27,49.507938
2022-12-28,49.054958
2022-12-29,49.845451
2022-12-30,49.241482
2023-01-03,49.863216
2023-01-04,50.813583
2023-01-05,50.351730
2023-01-06,51.692894
2023-01-09,52.021526
2023-01-10,52.270222
2023-01-11,52.643261
2023-01-12,53.291645
2023-01-13,53.540340
2023-01-17,53.673569
2023-01-18,53.513691
2023-01-19,53.247234
2023-01-20,53.700218
2023-01-23,53.948906
2023-01-24,53.797920
2023-01-25,54.011078
2023-01-26,54.073261
2023-01-27,53.895618
2023-01-30,53.566986
2023-01-31,53.948906
2023-02-01,54.570644
2023-02-02,54.668343
2023-02-03,54.126553
2023-02-06,53.540340
2023-02-07,53.931145
2023-02-08,53.709103
2023-02-09,53.797920
2023-02-10,53.362709
2023-02-13,54.117661
2023-02-14,54.375244
2023-02-15,54.321953
2023-02-16,54.011078
2023-02-17,54.313072
2023-02-21,53.691330
2023-02-22,53.362709
2023-02-23,53.700218
2023-02-24,52.776493
2023-02-27,53.558105
2023-02-28,53.025185
2023-03-01,53.362709
2023-03-02,53.398228
2023-03-03,54.082138
2023-03-06,53.984432
2023-03-07,52.856426
2023-03-08,53.034073
2023-03-09,52.527802
2023-03-10,52.110340
2023-03-13,51.737305
2023-03-14,52.696564
2023-03-15,50.706993
2023-03-16,51.470848
2023-03-17,50.698120
2023-03-20,51.690376
2023-03-21,52.679970
2023-03-22,52.376850
2023-03-23,52.385769
2023-03-24,51.975670
2023-03-27,52.581902
2023-03-28,52.537327
2023-03-29,53.384270
2023-03-30,54.195553
2023-03-31,54.338196
2023-04-03,54.721546
2023-04-04,54.730469
2023-04-05,54.427353
2023-04-06,54.890934
2023-04-10,54.890934
2023-04-11,55.104908
2023-04-12,55.541752
2023-04-13,56.290630
2023-04-14,56.201485
2023-04-17,55.934025
2023-04-18,56.317371
2023-04-19,56.192554
2023-04-20,56.112331
2023-04-21,56.531342
2023-04-24,56.763130
2023-04-25,55.809212
2023-04-26,55.853794
2023-04-27,56.504597
2023-04-28,56.584831
2023-05-01,56.593746
2023-05-02,55.934025
2023-05-03,56.112331
2023-05-04,55.827042
2023-05-05,56.665077
2023-05-08,56.673985
2023-05-09,56.228218
2023-05-10,56.156902
2023-05-11,55.916195
2023-05-12,55.764626
2023-05-15,56.183640
2023-05-16,55.595242
2023-05-17,55.835953
2023-05-18,55.728970
2023-05-19,56.139072
2023-05-22,56.067749
2023-05-23,55.247559
2023-05-24,54.382774
2023-05-25,54.240135
2023-05-26,54.837452
2023-05-30,54.266876
2023-05-31,53.687393
2023-06-01,54.320362
2023-06-02,54.962269
2023-06-05,54.570000
2023-06-06,54.775043
2023-06-07,54.534328
2023-06-08,55.167313
2023-06-09,54.837452
2023-06-12,55.078163
2023-06-13,55.506081
2023-06-14,55.702221
2023-06-15,56.460018
2023-06-16,56.415447
2023-06-20,55.616123
2023-06-21,55.507256
2023-06-22,55.289513
2023-06-23,54.618126
2023-06-26,54.690708
2023-06-27,55.244141
2023-06-28,55.198784
2023-06-29,55.117126
2023-06-30,55.979034
2023-07-03,55.815727
2023-07-05,55.089909
2023-07-06,54.110046
2023-07-07,54.463882
2023-07-10,54.790504
2023-07-11,55.380241
2023-07-12,56.695797
2023-07-13,57.584923
2023-07-14,57.312740
2023-07-17,57.231091
2023-07-18,57.566776
2023-07-19,57.557697
2023-07-20,57.339962
2023-07-21,57.539558
2023-07-24,57.249229
2023-07-25,57.358105
2023-07-26,57.466976
2023-07-27,57.131287
2023-07-28,57.621216
2023-07-31,57.603077
2023-08-01,56.967979
2023-08-02,55.933678
2023-08-03,55.779438
2023-08-04,55.879234
2023-08-07,56.414532
2023-08-08,56.115139
2023-08-09,56.242153
2023-08-10,56.459896
2023-08-11,55.979034
2023-08-14,55.870171
2023-08-15,55.153423
2023-08-16,54.817730
2023-08-17,54.345940
2023-08-18,54.255211
2023-08-21,54.563698
2023-08-22,54.364082
2023-08-23,54.817730
2023-08-24,54.055614
2023-08-25,54.445744
2023-08-28,55.017330
2023-08-29,55.797592
2023-08-30,55.770367
2023-08-31,55.271358
2023-09-01,55.080837
2023-09-05,54.418522
2023-09-06,54.218918
2023-09-07,53.983032
2023-09-08,54.064682
2023-09-11,54.627197
2023-09-12,54.273354
2023-09-13,54.046535
2023-09-14,54.690708
2023-09-15,54.609051
2023-09-18,54.227245
2023-09-19,54.263699
2023-09-20,54.363922
2023-09-21,53.580273
2023-09-22,53.461807
2023-09-25,53.097324
2023-09-26,52.432125
2023-09-27,52.204319
2023-09-28,52.714607
2023-09-29,52.787506
2023-10-02,51.885387
2023-10-03,51.329544
2023-10-04,51.584682
2023-10-05,51.885387
2023-10-06,52.559696
2023-10-09,52.395683
2023-10-10,53.215786
2023-10-11,53.571171
2023-10-12,52.960640
2023-10-13,52.477692
2023-10-16,52.960640
2023-10-17,52.905968
2023-10-18,51.930946
2023-10-19,51.502674
2023-10-20,51.010612
2023-10-23,51.119953
2023-10-24,51.311317
2023-10-25,50.855698
2023-10-26,50.637009
2023-10-27,50.281624
2023-10-30,51.065281
2023-10-31,51.156410
2023-11-01,51.502674
2023-11-02,52.632591
2023-11-03,53.069988
2023-11-06,52.896854
2023-11-07,52.659935
2023-11-08,52.915077
2023-11-09,52.905968
2023-11-10,53.151997
2023-11-13,53.288685
2023-11-14,54.865105
2023-11-15,54.856003
2023-11-16,54.737537
2023-11-17,55.493858
2023-11-20,55.748997
2023-11-21,55.512077
2023-11-22,55.603199
2023-11-24,56.195507
2023-11-27,56.022373
2023-11-28,56.022373
2023-11-29,56.277512
2023-11-30,56.149944
2023-12-01,56.687561
2023-12-04,56.377750
2023-12-05,56.323071
2023-12-06,56.332188
2023-12-07,56.532654
2023-12-08,56.842476
2023-12-11,56.924488
2023-12-12,57.024719
2023-12-13,57.826607
2023-12-14,58.491806
2023-12-15,57.844822
2023-12-18,58.016460
2023-12-19,58.622234
2023-12-20,57.933857
2023-12-21,58.796619
2023-12-22,58.833336
2023-12-26,59.200470
2023-12-27,59.530903
2023-12-28,59.127037
2023-12-29,59.182117
2024-01-02,58.438667
2024-01-03,57.943035
2024-01-04,58.273460
2024-01-05,58.163319
2024-01-08,58.824158
2024-01-09,58.236748
2024-01-10,58.484566
2024-01-11,58.227558
2024-01-12,58.392780
2024-01-16,57.282192
2024-01-17,56.832455
2024-01-18,57.337265
2024-01-19,57.355621
2024-01-22,57.456581
2024-01-23,57.318909
2024-01-24,57.887970
2024-01-25,58.154144
2024-01-26,58.677307
2024-01-29,58.870049
2024-01-30,58.897583
2024-01-31,58.457024
2024-02-01,59.035263
2024-02-02,58.466206
2024-02-05,58.126602
2024-02-06,58.594700
2024-02-07,58.401955
2024-02-08,58.401955
2024-02-09,58.603878
2024-02-12,58.649769
2024-02-13,57.511654
2024-02-14,58.319351
2024-02-15,58.961830
2024-02-16,59.053623
2024-02-20,59.356506
2024-02-21,59.429932
2024-02-22,60.026527
2024-02-23,60.099949
2024-02-26,60.035709
2024-02-27,60.136662
2024-02-28,59.833790
2024-02-29,59.861309
2024-03-01,60.366123
2024-03-04,60.283524
2024-03-05,60.035709
2024-03-06,60.678188
2024-03-07,61.623558
2024-03-08,61.348206
2024-03-11,61.357388
2024-03-12,61.953983
2024-03-13,62.064125
2024-03-14,61.605209
2024-03-15,61.549828
2024-03-18,61.189892
2024-03-19,61.291416
2024-03-20,62.029755
2024-03-21,61.872864
2024-03-22,61.725185
2024-03-25,61.789783
2024-03-26,61.882092
2024-03-27,62.260479
2024-03-28,62.149727
2024-04-01,62.038982
2024-04-02,61.503681
2024-04-03,61.937454
2024-04-04,61.457531
2024-04-05,61.614426
2024-04-08,61.928219
2024-04-09,61.799019
2024-04-10,61.069904
2024-04-11,61.106827
2024-04-12,60.054695
2024-04-15,59.962395
2024-04-16,59.482475
2024-04-17,59.685524
2024-04-18,59.547089
2024-04-19,59.694748
2024-04-22,60.359257
2024-04-23,61.208351
2024-04-24,60.922241
2024-04-25,60.811501
2024-04-26,61.272949
2024-04-29,61.466766
2024-04-30,60.562302
2024-05-01,60.488468
2024-05-02,61.088375
2024-05-03,61.642120
2024-05-06,62.140488
2024-05-07,62.546589
2024-05-08,62.777325
2024-05-09,63.331066
2024-05-10,63.617184
2024-05-13,63.654110
2024-05-14,64.189400
2024-05-15,64.890816
2024-05-16,64.512413
2024-05-17,64.687775
2024-05-20,64.660072
2024-05-21,64.650856
2024-05-22,64.143250
2024-05-23,63.847916
2024-05-24,64.346283
2024-05-28,64.226311
2024-05-29,63.275700
2024-05-30,63.875603
2024-05-31,64.466270
2024-06-03,64.549347
2024-06-04,64.346283
2024-06-05,64.964661
2024-06-06,65.223083
2024-06-07,64.373962
2024-06-10,64.180168
2024-06-11,63.404911
2024-06-12,64.401665
2024-06-13,63.414135
2024-06-14,62.380459
2024-06-17,62.878830
2024-06-18,63.192638
2024-06-20,63.349525
2024-06-21,62.836052
2024-06-24,63.398258
2024-06-25,63.276440
2024-06-26,62.714249
2024-06-27,62.648651
2024-06-28,62.564320
2024-07-01,62.939125
2024-07-02,62.770451
2024-07-03,63.557545
2024-07-05,64.082283
2024-07-08,63.763691
2024-07-09,63.257725
2024-07-10,64.044792
2024-07-11,64.354012
2024-07-12,65.122353
2024-07-15,64.419601
2024-07-16,64.663216
2024-07-17,64.316528
2024-07-18,63.791813
2024-07-19,63.407631
2024-07-22,64.297775
2024-07-23,63.744949
2024-07-24,63.154633
2024-07-25,62.939125
2024-07-26,63.829281
2024-07-29,63.351406
2024-07-30,63.585663
2024-07-31,64.147873
2024-08-01,62.817318
2024-08-02,62.339439
2024-08-05,60.962021
2024-08-06,61.121326
2024-08-07,61.215023
2024-08-08,62.067696
2024-08-09,62.461250
2024-08-12,62.311317
2024-08-13,63.145260
2024-08-14,63.491966
2024-08-15,64.138504
2024-08-16,64.485184
2024-08-19,65.206688
2024-08-20,65.028656
2024-08-21,65.581490
2024-08-22,65.197319
2024-08-23,66.312370
2024-08-26,66.106216
2024-08-27,66.387321
2024-08-28,66.106216
2024-08-29,66.312370
2024-08-30,66.462296
2024-09-03,65.216072
2024-09-04,65.047401
2024-09-05,64.897476
2024-09-06,64.044792
2024-09-09,64.466454
2024-09-10,64.157234
2024-09-11,64.503937
2024-09-12,64.953697
2024-09-13,65.356606
2024-09-16,65.834496
2024-09-17,65.590866
2024-09-18,65.431572
2024-09-19,66.565369
2024-09-20,65.570679
2024-09-23,65.777298
2024-09-24,66.406631
2024-09-25,66.021515
2024-09-26,67.364685
2024-09-27,67.327095
2024-09-30,66.782333
2024-10-01,66.040306
2024-10-02,65.833664
2024-10-03,65.082253
2024-10-04,65.439171
2024-10-07,65.054062
2024-10-08,64.988335
2024-10-09,65.223145
2024-10-10,65.035286
2024-10-11,65.439171
2024-10-14,65.655205
2024-10-15,64.687752
2024-10-16,64.772293
2024-10-17,64.847435
2024-10-18,65.335846
2024-10-21,64.650185
2024-10-22,64.396584
2024-10-23,63.983299
2024-10-24,64.283875
2024-10-25,63.983299
2024-10-28,64.584435
2024-10-29,64.039650
2024-10-30,63.532444
2024-10-31,63.100380
2024-11-01,63.288235
2024-11-04,63.325802
2024-11-05,63.767269
2024-11-06,62.405315
2024-11-07,63.400948
2024-11-08,62.424103
2024-11-11,62.442894
2024-11-12,61.174858
2024-11-13,60.827343
2024-11-14,61.005798
2024-11-15,60.827343
2024-11-18,61.071545
2024-11-19,60.883698
2024-11-20,60.761585
2024-11-21,60.648880
2024-11-22,60.874298
2024-11-25,61.212440
2024-11-26,60.855515
2024-11-27,61.353336
2024-11-29,61.992035
2024-12-02,62.001423
2024-12-03,62.217457
2024-12-04,62.424103
2024-12-05,63.044018
2024-12-06,63.100380
2024-12-09,62.997059
2024-12-10,62.499249
2024-12-11,62.781025
2024-12-12,62.283211
2024-12-13,62.283211
2024-12-16,62.142319
2024-12-17,61.860542
2024-12-18,60.423450
2024-12-19,60.244987
2024-12-20,60.101551
2024-12-23,60.386532
2024-12-24,60.718998
2024-12-26,60.880478
2024-12-27,60.681000
2024-12-30,60.282032
2024-12-31,60.291534
2025-01-02,60.025551
2025-01-03,60.272537
2025-01-06,61.089466
2025-01-07,61.089466
2025-01-08,60.851982
2025-01-10,60.225037
2025-01-13,59.911568
2025-01-14,60.187046
2025-01-15,60.965977
2025-01-16,61.488441
2025-01-17,61.811413
2025-01-21,63.236290
2025-01-22,63.093800
2025-01-23,63.720749
2025-01-24,63.844238
2025-01-27,64.195717
2025-01-28,63.929741
2025-01-29,63.996231
2025-01-30,64.613670
2025-01-31,64.119713
2025-02-03,63.179310
2025-02-04,63.977230
2025-02-05,64.632683
2025-02-06,64.993652
2025-02-07,64.357208
2025-02-10,64.832161
2025-02-11,65.373611
2025-02-12,65.839073
2025-02-13,66.561012
2025-02-14,66.684494
2025-02-18,67.149971
2025-02-19,66.295036
2025-02-20,66.703522
2025-02-21,66.428032
2025-02-24,66.428032
2025-02-25,67.178467
2025-02-26,67.254463
2025-02-27,66.323532
2025-02-28,66.684494
2025-03-03,67.577431
2025-03-04,67.681923
2025-03-05,69.429787
2025-03-06,68.669853
2025-03-07,69.667267
2025-03-10,67.928902
2025-03-11,67.776924
2025-03-12,67.995407
2025-03-13,67.434944
2025-03-14,68.831329
2025-03-17,69.543770
2025-03-18,69.819244
2025-03-19,69.790764
2025-03-20,69.068810
2025-03-21,68.462212
2025-03-24,68.414528
2025-03-25,68.824654
2025-03-26,67.851799
2025-03-27,67.994858
2025-03-28,67.699188
2025-03-31,66.964775
2025-04-01,67.136452
2025-04-02,67.355835
2025-04-03,66.392502
2025-04-04,62.014660
2025-04-07,60.088032
2025-04-08,59.830513
2025-04-09,64.284668
2025-04-10,63.435799
2025-04-11,65.133530
2025-04-14,65.619957
2025-04-15,66.278053
2025-04-16,66.011002
2025-04-17,66.697716
2025-04-21,66.249435
2025-04-22,67.613350
2025-04-23,67.842255
2025-04-24,68.729271
2025-04-25,69.015404
2025-04-28,69.463676
2025-04-29,69.606743
2025-04-30,69.539986
2025-05-01,69.292000
2025-05-02,70.751274
2025-05-05,70.846649
2025-05-06,70.665436
2025-05-07,70.455605
2025-05-08,70.198090
2025-05-09,70.665436
2025-05-12,70.818047
2025-05-13,71.104179
2025-05-14,70.942039
2025-05-15,71.647827
2025-05-16,71.819519
2025-05-19,72.744667
2025-05-20,73.221558
2025-05-21,72.840050
2025-05-22,72.744667
2025-05-23,72.630219
2025-05-27,73.498161
2025-05-28,72.782829
2025-05-29,73.154800
2025-05-30,73.212021
2025-06-02,73.927361
2025-06-03,73.297874
2025-06-04,73.784302
2025-06-05,73.860596
2025-06-06,74.060898
2025-06-09,74.060898
2025-06-10,74.194412
2025-06-11,74.108574
2025-06-12,74.795296
2025-06-13,73.660309
2025-06-16,73.927361
2025-06-17,72.859131
2025-06-18,72.811440
2025-06-20,72.373024
2025-06-23,73.002098
2025-06-24,73.969910
2025-06-25,73.515038
2025-06-26,74.144119
2025-06-27,74.831261
2025-06-30,75.005470
2025-07-01,75.063530
2025-07-02,75.286133
2025-07-03,75.247421
2025-07-07,74.715126
2025-07-08,75.431313
2025-07-09,76.157166
2025-07-10,76.147484
2025-07-11,75.286133
2025-07-14,75.247421
2025-07-15,74.376404
2025-07-16,74.705452
2025-07-17,74.773193
2025-07-18,74.686089
2025-07-21,75.034500
2025-07-22,75.479698
2025-07-23,77.008835
2025-07-24,76.166832
2025-07-25,76.331383
2025-07-28,74.957069
2025-07-29,74.850624
2025-07-30,74.037651
2025-07-31,73.215019
2025-08-01,72.837570
2025-08-04,73.679565
2025-08-05,73.756996
2025-08-06,74.105408
2025-08-07,74.889328
2025-08-08,75.131287
2025-08-11,74.744164
2025-08-12,75.508728
2025-08-13,76.060379
2025-08-14,76.205559
2025-08-15,76.408791
2025-08-18,76.263634
2025-08-19,76.428154
2025-08-20,76.844307
2025-08-21,76.379768
2025-08-22,77.608887
2025-08-25,76.457191
2025-08-26,76.341042
2025-08-27,76.128136
2025-08-28,76.312019
2025-08-29,75.973274
2025-09-02,74.918365
2025-09-03,75.228065
2025-09-04,75.673248
2025-09-05,76.041031
2025-09-08,76.583000
2025-09-09,76.447495
2025-09-10,76.244263
2025-09-11,77.066902
2025-09-12,76.805603
2025-09-15,77.376617
2025-09-16,77.134651
2025-09-17,76.834633
2025-09-18,77.144333
2025-09-19,76.784332
2025-09-22,77.104553
2025-09-23,77.056038
2025-09-24,76.551445
2025-09-25,75.823685
2025-09-26,76.619370
2025-09-29,76.861961
2025-09-30,77.434479
2025-10-01,78.327209
2025-10-02,78.511574
2025-10-03,78.938530
2025-10-06,78.695930
2025-10-07,78.104019
2025-10-08,78.560089
2025-10-09,77.725578
2025-10-10,76.832848
2025-10-13,77.366547
2025-10-14,77.667351
2025-10-15,77.842018
2025-10-16,78.385422
2025-10-17,78.404839
2025-10-20,78.744453
2025-10-21,78.278679
2025-10-22,78.307793
2025-10-23,78.763863
2025-10-24,78.880310
2025-10-27,79.268448
2025-10-28,79.064667
2025-10-29,78.637711
2025-10-30,78.268974
2025-10-31,77.919655
2025-11-03,77.793503
2025-11-04,76.959000
2025-11-05,77.599434
2025-11-06,77.230698
2025-11-07,77.609146
2025-11-10,78.530975
2025-11-11,79.365486
2025-11-12,79.831253
2025-11-13,79.258743
2025-11-14,78.657120
2025-11-17,77.696472
2025-11-18,76.939590
2025-11-19,76.638779
2025-11-20,75.590790
2025-11-21,76.745514
2025-11-24,76.551445
2025-11-25,77.861427
2025-11-26,78.598900
2025-11-28,79.113190
2025-12-01,78.715347
2025-12-02,79.074371
2025-12-03,79.608070
2025-12-04,79.559555
2025-12-05,79.588654
2025-12-08,79.404297
2025-12-09,79.190819
2025-12-10,80.161179
2025-12-11,80.762794
2025-12-12,80.238800
2025-12-15,80.762794
2025-12-16,80.588135
2025-12-17,80.151466
2025-12-18,80.723984
2025-12-19,81.095222
2025-12-22,81.526222
2025-12-23,81.898445
2025-12-24,82.015984
2025-12-26,82.251060
2025-12-29,81.957214
2025-12-30,82.231476
2025-12-31,81.898445
2026-01-02,82.828987
2026-01-05,83.485283
2026-01-06,83.690971
2026-01-07,83.446098
2026-01-08,83.436302
2026-01-09,84.014214
2026-01-12,84.474594
2026-01-13,84.033813
2026-01-14,84.357063
2026-01-15,84.151360
2026-01-16,84.406036
2026-01-20,83.220802
2026-01-21,84.053398
2026-01-22,84.552963
2026-01-23,85.150467
2026-01-26,85.718605
2026-01-27,87.089943
2026-01-28,86.051643
2026-01-29,86.512016
2026-01-30,85.708801
2026-02-02,86.394478
2026-02-03,86.071243
2026-02-04,86.188774
2026-02-05,84.993752
2026-02-06,86.678535
2026-02-09,87.638489
2026-02-10,87.393600
2026-02-11,87.618889
2026-02-12,86.933220
2026-02-13,86.884239
2026-02-17,87.403397
2026-02-18,87.697250
2026-02-19,87.315239
2026-02-20,88.167427
2026-02-23,87.658066
2026-02-24,87.893166
2026-02-25,88.637596
2026-02-26,88.578827
2026-02-27,88.324150
2026-03-02,86.463043
2026-03-03,83.857491
2026-03-04,84.817436
2026-03-05,83.113060
2026-03-06,82.525330
2026-03-09,82.907349
2026-03-10,82.936737
2026-03-11,82.799599
2026-03-12,81.594788
2026-03-13,80.478127
2026-03-16,81.820076
2026-03-17,82.182510
2026-03-18,80.576080
2026-03-19,80.350777
2026-03-20,77.921997
2026-03-23,79.752441
2026-03-24,79.299751
2026-03-25,80.461006
2026-03-26,78.886429
2026-03-27,78.187698
2026-03-30,78.601036
2026-03-31,81.120361
2026-04-01,82.291458
2026-04-02,81.897804
2026-04-06,82.448906
2026-04-07,82.202881
2026-04-08,85.361877
2026-04-09,85.381569
2026-04-10,85.676796
2026-04-13,86.247581
2026-04-14,86.965988
2026-04-15,86.631386
2026-04-16,86.316467
2026-04-17,87.654861
2026-04-20,87.428513
2026-04-21,85.519341
2026-04-22,85.755524
2026-04-23,85.096169
2026-04-24,85.666962
2026-04-27,85.174904
2026-04-28,84.791100
2026-04-29,83.787300
2026-04-30,85.755524
2026-05-01,85.765373
2026-05-04,84.151428
2026-05-05,85.489822
2026-05-06,87.812325
2026-05-07,85.893303
2026-05-08,86.719955
2026-05-11,86.424728
2026-05-12,85.726006
2026-05-13,86.208214
2026-05-14,86.080284
2026-05-15,84.426979
2026-05-18,85.726006
2026-05-19,85.037125
2026-05-20,86.838051
2026-05-21,87.349792
2026-05-22,87.054558
2026-05-26,88.058350
2026-05-27,87.900894
2026-05-28,87.615501
2026-05-29,87.595818
2026-06-01,87.113602
2026-06-02,87.546608
2026-06-03,86.503456
2026-06-04,87.477722
2026-06-05,85.745682
2026-06-08,86.129486
2026-06-09,86.483765
2026-06-10,85.312683
2026-06-11,88.038666
2026-06-12,88.196121
2026-06-15,88.442154
2026-06-16,88.579933
2026-06-17,87.812325
2026-06-18,88.050728
2026-06-22,88.030777
2026-06-23,86.943489
2026-06-24,86.734009
2026-06-25,87.611824
2026-06-26,86.913559
2026-06-29,87.851227
2026-06-30,88.320061
2026-07-01,87.551971
2026-07-02,89.128044
2026-07-06,89.746506
2026-07-07,88.818817
2026-07-08,87.960953
2026-07-09,88.190384
2026-07-10,88.349983
2026-07-13,87.641747
2026-07-14,88.080658
2026-07-15,88.898621
2026-07-16,88.569443
2026-07-17,88.369934
2026-07-20,87.472176
2026-07-21,88.539513
2026-07-22,88.868690
2026-07-23,87.611824
2026-07-24,88.190384
2026-07-27,88.619308
2026-07-28,89.008347
2026-07-29,88.639267
2026-07-30,90.763969
2026-07-31,90.364960
2026-08-03,90.704124
2026-08-04,91.611855
2026-08-05,91.621834
2026-08-06,91.601891
2026-08-07,92.369972
2026-08-10,92.030823
2026-08-11,92.070724
2026-08-12,92.020844
2026-08-13,92.150520
2026-08-14,92.140549
2026-08-17,91.871216
2026-08-18,91.322586
2026-08-19,92.000893
2026-08-20,91.781441
2026-08-21,92.489677
2026-08-24,92.379951
2026-08-25,92.958511
2026-08-26,92.469719
2026-08-27,92.050766
2026-08-28,91.751518
2026-08-31,91.432312
2026-09-01,90.494644
2026-09-02,90.734047
2026-09-03,91.512108
2026-09-04,91.512108
2026-09-08,90.963478
2026-09-09,89.985909
2026-09-10,89.197868
2026-09-11,89.796379
2026-09-14,89.008347
2026-09-15,88.739014
2026-09-16,88.409836
2026-09-17,89.148003
2026-09-18,88.209999
2026-09-21,89.239998
2026-09-22,89.430000
2026-09-23,88.010002
2026-09-24,88.070000
2026-09-25,88.629997
2026-09-28,88.379997
2026-09-29,87.849998
2026-09-30,86.800003
2026-10-01,85.489998
2026-10-02,86.379997
