date,adj_close
2004-09-29,19.328260
2004-09-30,19.483347
2004-10-01,19.843931
2004-10-04,19.929224
2004-10-05,19.925350
2004-10-06,20.018415
2004-10-07,19.812912
2004-10-08,19.909843
2004-10-11,19.832308
2004-10-12,19.898207
2004-10-13,19.948614
2004-10-14,20.103710
2004-10-15,20.309208
2004-10-18,20.417768
2004-10-19,20.309208
2004-10-20,20.212259
2004-10-21,20.417768
2004-10-22,20.254915
2004-10-25,20.157988
2004-10-26,20.347982
2004-10-27,20.588369
2004-10-28,20.599991
2004-10-29,20.588369
2004-11-01,20.789989
2004-11-02,20.588369
2004-11-03,20.797741
2004-11-04,21.111803
2004-11-05,20.541843
2004-11-08,20.596121
2004-11-09,20.673666
2004-11-10,20.821007
2004-11-11,20.991608
2004-11-12,21.402594
2004-11-15,21.674004
2004-11-16,21.542181
2004-11-17,21.042004
2004-11-18,21.007122
2004-11-19,20.789989
2004-11-22,20.933443
2004-11-23,21.022627
2004-11-24,21.387093
2004-11-26,21.363825
2004-11-29,21.286272
2004-11-30,21.402594
2004-12-01,21.817472
2004-12-02,21.631361
2004-12-03,21.922152
2004-12-06,22.026833
2004-12-07,21.747677
2004-12-08,21.805834
2004-12-09,21.964802
2004-12-10,22.150909
2004-12-13,22.088884
2004-12-14,22.069483
2004-12-15,22.112137
2004-12-16,21.910522
2004-12-17,22.158661
2004-12-20,22.081121
2004-12-21,22.333153
2004-12-22,22.499662
2004-12-23,22.329176
2004-12-27,22.162663
2004-12-28,22.245924
2004-12-29,22.372793
2004-12-30,22.479839
2004-12-31,22.420368
2005-01-03,22.158703
2005-01-04,21.825663
2005-01-05,21.100117
2005-01-06,21.262678
2005-01-07,21.215097
2005-01-10,21.147696
2005-01-11,20.933609
2005-01-12,20.834490
2005-01-13,20.834490
2005-01-14,21.092194
2005-01-18,21.298359
2005-01-19,21.318176
2005-01-20,21.250786
2005-01-21,21.270613
2005-01-24,21.100117
2005-01-25,20.703651
2005-01-26,20.640217
2005-01-27,20.493519
2005-01-28,20.525230
2005-01-31,20.501451
2005-02-01,20.652107
2005-02-02,20.882072
2005-02-03,20.945509
2005-02-04,21.230957
2005-02-07,21.159595
2005-02-08,21.211138
2005-02-09,21.345940
2005-02-10,21.508490
2005-02-11,21.571922
2005-02-14,21.575878
2005-02-15,21.671041
2005-02-16,21.797911
2005-02-17,21.782055
2005-02-18,21.591747
2005-02-22,20.973257
2005-02-23,20.893957
2005-02-24,20.909824
2005-02-25,21.211138
2005-02-28,21.151663
2005-03-01,21.373690
2005-03-02,21.230957
2005-03-03,21.345940
2005-03-04,21.746374
2005-03-07,21.849445
2005-03-08,21.726538
2005-03-09,21.112015
2005-03-10,21.254753
2005-03-11,21.016863
2005-03-14,21.310247
2005-03-15,21.282505
2005-03-16,21.028761
2005-03-17,21.250786
2005-03-18,21.175446
2005-03-21,21.032715
2005-03-22,20.656075
2005-03-23,20.620386
2005-03-24,20.662117
2005-03-28,20.557804
2005-03-29,20.565825
2005-03-30,20.838659
2005-03-31,20.790506
2005-04-01,20.802530
2005-04-04,20.710270
2005-04-05,20.662117
2005-04-06,20.770437
2005-04-07,20.959019
2005-04-08,20.862730
2005-04-11,20.882782
2005-04-12,21.163626
2005-04-13,21.187704
2005-04-14,20.987099
2005-04-15,21.143568
2005-04-18,21.111465
2005-04-19,21.215788
2005-04-20,21.163626
2005-04-21,21.159616
2005-04-22,21.324112
2005-04-25,21.556816
2005-04-26,21.584894
2005-04-27,21.753397
2005-04-28,21.701239
2005-04-29,21.990114
2005-05-02,21.974062
2005-05-03,22.006168
2005-05-04,22.026218
2005-05-05,22.307070
2005-05-06,22.026218
2005-05-09,22.407364
2005-05-10,22.407364
2005-05-11,22.419405
2005-05-12,22.194725
2005-05-13,22.186710
2005-05-16,22.291018
2005-05-17,22.487608
2005-05-18,22.708279
2005-05-19,23.009178
2005-05-20,23.057323
2005-05-23,23.109478
2005-05-24,22.788507
2005-05-25,22.507662
2005-05-26,22.411379
2005-05-27,22.527737
2005-05-31,22.764442
2005-06-01,23.025227
2005-06-02,22.944986
2005-06-03,22.948994
2005-06-06,23.121511
2005-06-07,23.318100
2005-06-08,23.414385
2005-06-09,23.438478
2005-06-10,23.390318
2005-06-13,23.498646
2005-06-14,23.691227
2005-06-15,23.743376
2005-06-16,23.767460
2005-06-17,24.036270
2005-06-20,24.016207
2005-06-21,23.811598
2005-06-22,23.775484
2005-06-23,23.691227
2005-06-24,23.643085
2005-06-27,23.612246
2005-06-28,23.729900
2005-06-29,23.806967
2005-06-30,23.811018
2005-07-01,24.013832
2005-07-05,24.318069
2005-07-06,24.257210
2005-07-07,24.281555
2005-07-08,24.695297
2005-07-11,24.995480
2005-07-12,24.991430
2005-07-13,24.845400
2005-07-14,24.431641
2005-07-15,24.533056
2005-07-18,24.597954
2005-07-19,24.784554
2005-07-20,25.003603
2005-07-21,24.650677
2005-07-22,24.845400
2005-07-25,24.845400
2005-07-26,25.121227
2005-07-27,25.190187
2005-07-28,25.543085
2005-07-29,25.510649
2005-08-01,25.494417
2005-08-02,25.676960
2005-08-03,25.616104
2005-08-04,25.182077
2005-08-05,24.309950
2005-08-08,23.433769
2005-08-09,23.543291
2005-08-10,23.770462
2005-08-11,24.086845
2005-08-12,24.066565
2005-08-15,24.293720
2005-08-16,24.435705
2005-08-17,24.240995
2005-08-18,24.078728
2005-08-19,23.993553
2005-08-22,24.066565
2005-08-23,24.167976
2005-08-24,24.253159
2005-08-25,24.281555
2005-08-26,23.981388
2005-08-29,23.985441
2005-08-30,24.058449
2005-08-31,24.476259
2005-09-01,24.695297
2005-09-02,24.630411
2005-09-06,25.157743
2005-09-07,25.104996
2005-09-08,24.942749
2005-09-09,25.068487
2005-09-12,24.991430
2005-09-13,24.800772
2005-09-14,24.780495
2005-09-15,24.792665
2005-09-16,24.845400
2005-09-19,24.650677
2005-09-20,24.460033
2005-09-21,23.920538
2005-09-22,24.050344
2005-09-23,24.070616
2005-09-26,24.261833
2005-09-27,24.200294
2005-09-28,23.966398
2005-09-29,24.413643
2005-09-30,24.803448
2005-10-03,24.729582
2005-10-04,24.311069
2005-10-05,23.933592
2005-10-06,23.900749
2005-10-07,23.654572
2005-10-10,23.350931
2005-10-11,23.248354
2005-10-12,22.829832
2005-10-13,22.833941
2005-10-14,23.363251
2005-10-17,23.498646
2005-10-18,23.272980
2005-10-19,23.535576
2005-10-20,23.162188
2005-10-21,23.383753
2005-10-24,23.859713
2005-10-25,23.761255
2005-10-26,23.519173
2005-10-27,23.264769
2005-10-28,23.966398
2005-10-31,24.089493
2005-11-01,23.556091
2005-11-02,23.773560
2005-11-03,23.703800
2005-11-04,23.568405
2005-11-07,23.679186
2005-11-08,23.613544
2005-11-09,23.880239
2005-11-10,24.446476
2005-11-11,24.544956
2005-11-14,24.524427
2005-11-15,24.512117
2005-11-16,24.372614
2005-11-17,24.774725
2005-11-18,24.864990
2005-11-21,24.988091
2005-11-22,25.308140
2005-11-23,25.418917
2005-11-25,25.505077
2005-11-28,25.226074
2005-11-29,25.242479
2005-11-30,25.090675
2005-12-01,25.455832
2005-12-02,25.328642
2005-12-05,25.234274
2005-12-06,25.152216
2005-12-07,25.020922
2005-12-08,25.209654
2005-12-09,25.275305
2005-12-12,25.291718
2005-12-13,25.414812
2005-12-14,25.464056
2005-12-15,25.271196
2005-12-16,25.361477
2005-12-19,25.029123
2005-12-20,25.061939
2005-12-21,25.213758
2005-12-22,25.357365
2005-12-23,25.443525
2005-12-27,25.328503
2005-12-28,25.299002
2005-12-29,25.168379
2005-12-30,25.096750
2006-01-03,25.602390
2006-01-04,25.792002
2006-01-05,25.990051
2006-01-06,26.234446
2006-01-09,26.457760
2006-01-10,26.617886
2006-01-11,26.660027
2006-01-12,26.584185
2006-01-13,26.255524
2006-01-17,26.150179
2006-01-18,26.145952
2006-01-19,26.474634
2006-01-20,26.217592
2006-01-23,26.335569
2006-01-24,26.533613
2006-01-25,26.550470
2006-01-26,26.638964
2006-01-27,26.938129
2006-01-30,26.917059
2006-01-31,26.988701
2006-02-01,27.115103
2006-02-02,26.925489
2006-02-03,26.689514
2006-02-06,26.790648
2006-02-07,26.579977
2006-02-08,26.462000
2006-02-09,26.588392
2006-02-10,26.613680
2006-02-13,26.651596
2006-02-14,26.799084
2006-02-15,27.035044
2006-02-16,27.216223
2006-02-17,27.506971
2006-02-21,27.473257
2006-02-22,27.780865
2006-02-23,27.734516
2006-02-24,27.587038
2006-02-27,27.591257
2006-02-28,27.490131
2006-03-01,27.650255
2006-03-02,27.616537
2006-03-03,27.464836
2006-03-06,27.962051
2006-03-07,27.624958
2006-03-08,27.768223
2006-03-09,27.995771
2006-03-10,28.248606
2006-03-13,28.063175
2006-03-14,28.265438
2006-03-15,28.800594
2006-03-16,29.099760
2006-03-17,29.361004
2006-03-20,28.866827
2006-03-21,28.532003
2006-03-22,28.595585
2006-03-23,28.671871
2006-03-24,28.629480
2006-03-27,28.298908
2006-03-28,28.612535
2006-03-29,29.146545
2006-03-30,28.726955
2006-03-31,28.786289
2006-04-03,28.290403
2006-04-04,28.095463
2006-04-05,28.248035
2006-04-06,28.133602
2006-04-07,27.709774
2006-04-10,27.447012
2006-04-11,27.379190
2006-04-12,27.379190
2006-04-13,27.018944
2006-04-17,26.942642
2006-04-18,27.599594
2006-04-19,27.938641
2006-04-20,27.968309
2006-04-21,27.972544
2006-04-24,27.828453
2006-04-25,27.616537
2006-04-26,27.531775
2006-04-27,27.705540
2006-04-28,27.807255
2006-05-01,27.472445
2006-05-02,27.192705
2006-05-03,27.243574
2006-05-04,27.629255
2006-05-05,27.985264
2006-05-08,28.108177
2006-05-09,28.095463
2006-05-10,27.993734
2006-05-11,27.476679
2006-05-12,27.129131
2006-05-15,27.502096
2006-05-16,27.396143
2006-05-17,26.883305
2006-05-18,26.675646
2006-05-19,26.739218
2006-05-22,26.667156
2006-05-23,26.374714
2006-05-24,26.417095
2006-05-25,26.912983
2006-05-26,27.235090
2006-05-30,27.010462
2006-05-31,27.057089
2006-06-01,27.552956
2006-06-02,27.870821
2006-06-05,28.006468
2006-06-06,27.671627
2006-06-07,27.866589
2006-06-08,27.807255
2006-06-09,27.989508
2006-06-12,27.654684
2006-06-13,27.370714
2006-06-14,27.137609
2006-06-15,27.705540
2006-06-16,27.650442
2006-06-19,27.459723
2006-06-20,27.315619
2006-06-21,27.633476
2006-06-22,27.438515
2006-06-23,27.230846
2006-06-26,27.521269
2006-06-27,27.491289
2006-06-28,27.572668
2006-06-29,28.185204
2006-06-30,28.399378
2006-07-03,28.926249
2006-07-05,28.879131
2006-07-06,28.947655
2006-07-07,28.827734
2006-07-10,29.054750
2006-07-11,29.101873
2006-07-12,29.178972
2006-07-13,28.784891
2006-07-14,28.390816
2006-07-17,28.390816
2006-07-18,28.819176
2006-07-19,29.264656
2006-07-20,29.024761
2006-07-21,28.549294
2006-07-24,29.020485
2006-07-25,29.170397
2006-07-26,29.273190
2006-07-27,29.178972
2006-07-28,29.603020
2006-07-31,29.504517
2006-08-01,29.350306
2006-08-02,29.294634
2006-08-03,29.573057
2006-08-04,30.039957
2006-08-07,29.744387
2006-08-08,29.303188
2006-08-09,29.123289
2006-08-10,29.144695
2006-08-11,28.964790
2006-08-14,29.243223
2006-08-15,29.577332
2006-08-16,29.633022
2006-08-17,29.590191
2006-08-18,29.722973
2006-08-21,29.894320
2006-08-22,30.104200
2006-08-23,29.872896
2006-08-24,29.988541
2006-08-25,29.967131
2006-08-28,30.322653
2006-08-29,30.326952
2006-08-30,30.506844
2006-08-31,30.532549
2006-09-01,30.356932
2006-09-05,30.665333
2006-09-06,30.519688
2006-09-07,30.271252
2006-09-08,30.558241
2006-09-11,30.656769
2006-09-12,31.050861
2006-09-13,31.226467
2006-09-14,31.059408
2006-09-15,31.307848
2006-09-18,31.085114
2006-09-19,31.316414
2006-09-20,31.247887
2006-09-21,30.900928
2006-09-22,30.982323
2006-09-25,31.029015
2006-09-26,30.955509
2006-09-27,31.227911
2006-09-28,31.163054
2006-09-29,31.132780
2006-10-02,31.072248
2006-10-03,31.374931
2006-10-04,31.738142
2006-10-05,31.945705
2006-10-06,31.746784
2006-10-09,31.928404
2006-10-10,31.932718
2006-10-11,31.811661
2006-10-12,32.101357
2006-10-13,32.468895
2006-10-16,32.538086
2006-10-17,32.429974
2006-10-18,32.594299
2006-10-19,32.516460
2006-10-20,32.473221
2006-10-23,32.667805
2006-10-24,32.499180
2006-10-25,32.663498
2006-10-26,32.987789
2006-10-27,32.767258
2006-10-30,32.953178
2006-10-31,33.009411
2006-11-01,32.754272
2006-11-02,32.131626
2006-11-03,31.777069
2006-11-06,32.071098
2006-11-07,31.720850
2006-11-08,31.828947
2006-11-09,31.876514
2006-11-10,32.006229
2006-11-13,32.084076
2006-11-14,32.490524
2006-11-15,32.529449
2006-11-16,32.749962
2006-11-17,32.624561
2006-11-20,33.753136
2006-11-21,34.297962
2006-11-22,34.449303
2006-11-24,34.596317
2006-11-27,33.662323
2006-11-28,33.753136
2006-11-29,34.228779
2006-11-30,34.587662
2006-12-01,34.522808
2006-12-04,34.924927
2006-12-05,34.656849
2006-12-06,34.462276
2006-12-07,34.250397
2006-12-08,34.362827
2006-12-11,34.440643
2006-12-12,34.284973
2006-12-13,34.107689
2006-12-14,34.133629
2006-12-15,33.878529
2006-12-18,33.666660
2006-12-19,33.381256
2006-12-20,33.731510
2006-12-21,33.454788
2006-12-22,33.161114
2006-12-26,33.399216
2006-12-27,33.699036
2006-12-28,33.791641
2006-12-29,33.950375
2007-01-03,34.003269
2007-01-04,34.047359
2007-01-05,33.416855
2007-01-08,33.465359
2007-01-09,33.888638
2007-01-10,34.325138
2007-01-11,34.770462
2007-01-12,34.880680
2007-01-16,35.374512
2007-01-17,35.361286
2007-01-18,35.317188
2007-01-19,35.669918
2007-01-22,35.370102
2007-01-23,35.537659
2007-01-24,36.000618
2007-01-25,36.221058
2007-01-26,36.340115
2007-01-29,36.459167
2007-01-30,36.639912
2007-01-31,36.930946
2007-02-01,37.076435
2007-02-02,37.142586
2007-02-05,37.142586
2007-02-06,37.689312
2007-02-07,38.478539
2007-02-08,38.183125
2007-02-09,37.742222
2007-02-12,37.058815
2007-02-13,37.777496
2007-02-14,37.508545
2007-02-15,37.786320
2007-02-16,37.689312
2007-02-20,37.980309
2007-02-21,37.856876
2007-02-22,37.654057
2007-02-23,36.997078
2007-02-26,36.811897
2007-02-27,35.669918
2007-02-28,35.934475
2007-03-01,35.572922
2007-03-02,35.008564
2007-03-05,33.646145
2007-03-06,34.880680
2007-03-07,34.391277
2007-03-08,34.942394
2007-03-09,35.405369
2007-03-12,35.581734
2007-03-13,34.743996
2007-03-14,34.911564
2007-03-15,35.224602
2007-03-16,34.832188
2007-03-19,35.180515
2007-03-20,35.321602
2007-03-21,35.749306
2007-03-22,35.784565
2007-03-23,35.806614
2007-03-26,35.233208
2007-03-27,34.865150
2007-03-28,34.634537
2007-03-29,34.692177
2007-03-30,35.188873
2007-04-02,35.410587
2007-04-03,35.721027
2007-04-04,35.543629
2007-04-05,35.508156
2007-04-09,35.574680
2007-04-10,35.721027
2007-04-11,35.188873
2007-04-12,34.949402
2007-04-13,35.344078
2007-04-16,35.388428
2007-04-17,35.849613
2007-04-18,35.627884
2007-04-19,35.388428
2007-04-20,35.654503
2007-04-23,36.053619
2007-04-24,35.809711
2007-04-25,35.787540
2007-04-26,35.809711
2007-04-27,35.721027
2007-04-30,35.144516
2007-05-01,34.838520
2007-05-02,35.113487
2007-05-03,35.206604
2007-05-04,34.900608
2007-05-07,34.998188
2007-05-08,34.767563
2007-05-09,35.144516
2007-05-10,34.674454
2007-05-11,35.144516
2007-05-14,34.944954
2007-05-15,34.412811
2007-05-16,33.987068
2007-05-17,33.397282
2007-05-18,33.060238
2007-05-21,33.193268
2007-05-22,33.685516
2007-05-23,33.428314
2007-05-24,32.869568
2007-05-25,33.055798
2007-05-29,34.235409
2007-05-30,35.153385
2007-05-31,35.011482
2007-06-01,35.060257
2007-06-04,35.202152
2007-06-05,34.643402
2007-06-06,34.408363
2007-06-07,33.326324
2007-06-08,33.725437
2007-06-11,33.219887
2007-06-12,32.643387
2007-06-13,33.366222
2007-06-14,33.007023
2007-06-15,33.370667
2007-06-18,32.856247
2007-06-19,32.918331
2007-06-20,31.929405
2007-06-21,32.106792
2007-06-22,31.987051
2007-06-25,31.462595
2007-06-26,31.341366
2007-06-27,32.145103
2007-06-28,31.978962
2007-06-29,31.857733
2007-07-02,32.594124
2007-07-03,32.504330
2007-07-05,32.993755
2007-07-06,32.953342
2007-07-09,32.930885
2007-07-10,32.095715
2007-07-11,32.032864
2007-07-12,32.445946
2007-07-13,32.755760
2007-07-16,32.481857
2007-07-17,32.365131
2007-07-18,32.293285
2007-07-19,32.414520
2007-07-20,31.848761
2007-07-23,31.296452
2007-07-24,30.663361
2007-07-25,30.331085
2007-07-26,29.774302
2007-07-27,28.786469
2007-07-30,29.343237
2007-07-31,29.226498
2007-08-01,29.612661
2007-08-02,30.102087
2007-08-03,28.939133
2007-08-06,29.949413
2007-08-07,30.115549
2007-08-08,31.305450
2007-08-09,30.959707
2007-08-10,30.025743
2007-08-13,29.882067
2007-08-14,29.024435
2007-08-15,28.535000
2007-08-16,29.680008
2007-08-17,30.353531
2007-08-20,30.910307
2007-08-21,31.054001
2007-08-22,31.431162
2007-08-23,30.892342
2007-08-24,31.058487
2007-08-27,30.384964
2007-08-28,29.455498
2007-08-29,30.533136
2007-08-30,30.690292
2007-08-31,31.197680
2007-09-04,31.610777
2007-09-05,30.851940
2007-09-06,31.125843
2007-09-07,30.375978
2007-09-10,30.061676
2007-09-11,30.685795
2007-09-12,30.506203
2007-09-13,31.193190
2007-09-14,31.395250
2007-09-17,31.166246
2007-09-18,32.275314
2007-09-19,32.881481
2007-09-20,32.028362
2007-09-21,32.257347
2007-09-24,32.868919
2007-09-25,32.052288
2007-09-26,32.519596
2007-09-27,32.769093
2007-09-28,32.419781
2007-10-01,33.209179
2007-10-02,33.812557
2007-10-03,33.649231
2007-10-04,33.994038
2007-10-05,34.792515
2007-10-08,34.134674
2007-10-09,34.515755
2007-10-10,34.275318
2007-10-11,34.139214
2007-10-12,33.817104
2007-10-15,33.181953
2007-10-16,32.778172
2007-10-17,32.728283
2007-10-18,32.737347
2007-10-19,31.344561
2007-10-22,32.165722
2007-10-23,32.505978
2007-10-24,31.961567
2007-10-25,32.029610
2007-10-26,32.515041
2007-10-29,31.984268
2007-10-30,32.424316
2007-10-31,33.100288
2007-11-01,31.553249
2007-11-02,31.104126
2007-11-05,30.654976
2007-11-06,31.040604
2007-11-07,30.074274
2007-11-08,30.165003
2007-11-09,29.920023
2007-11-12,30.264803
2007-11-13,31.267445
2007-11-14,30.632280
2007-11-15,30.577841
2007-11-16,30.006226
2007-11-19,29.352921
2007-11-20,28.785824
2007-11-21,28.586199
2007-11-23,29.148762
2007-11-26,27.751446
2007-11-27,28.400196
2007-11-28,29.647808
2007-11-29,29.171467
2007-11-30,29.965376
2007-12-03,29.643270
2007-12-04,28.844809
2007-12-05,29.815676
2007-12-06,30.763859
2007-12-07,30.654976
2007-12-10,31.312807
2007-12-11,29.661425
2007-12-12,29.561621
2007-12-13,29.225883
2007-12-14,28.490927
2007-12-17,27.610806
2007-12-18,28.037251
2007-12-19,28.323076
2007-12-20,28.205009
2007-12-21,28.758413
2007-12-24,29.689970
2007-12-26,29.196514
2007-12-27,28.615456
2007-12-28,28.112778
2007-12-31,28.343367
2008-01-02,28.255756
2008-01-03,27.374912
2008-01-04,26.263491
2008-01-07,26.507914
2008-01-08,25.590193
2008-01-09,26.042137
2008-01-10,26.443356
2008-01-11,26.447973
2008-01-14,26.337271
2008-01-15,25.802330
2008-01-16,26.097485
2008-01-17,25.742380
2008-01-18,25.401114
2008-01-22,26.009857
2008-01-23,28.477114
2008-01-24,27.808401
2008-01-25,27.647001
2008-01-28,28.583176
2008-01-29,28.324919
2008-01-30,27.568600
2008-01-31,28.122005
2008-02-01,29.297964
2008-02-04,28.993603
2008-02-05,27.969818
2008-02-06,27.513260
2008-02-07,28.163507
2008-02-08,27.264242
2008-02-11,26.710833
2008-02-12,27.471767
2008-02-13,27.688507
2008-02-14,27.171993
2008-02-15,27.393339
2008-02-19,27.324188
2008-02-20,27.494814
2008-02-21,26.747719
2008-02-22,27.504040
2008-02-25,28.343367
2008-02-26,28.338762
2008-02-27,28.205009
2008-02-28,27.623938
2008-02-29,27.227343
2008-03-03,27.416422
2008-03-04,27.158167
2008-03-05,27.531712
2008-03-06,26.277327
2008-03-07,26.706215
2008-03-10,26.328062
2008-03-11,28.039001
2008-03-12,27.448708
2008-03-13,27.771511
2008-03-14,27.208891
2008-03-17,27.374912
2008-03-18,28.578568
2008-03-19,28.361809
2008-03-20,29.307207
2008-03-24,29.966671
2008-03-25,30.043350
2008-03-26,29.467115
2008-03-27,29.225464
2008-03-28,28.881575
2008-03-31,28.993105
2008-04-01,30.642818
2008-04-02,30.494116
2008-04-03,31.191172
2008-04-04,30.698587
2008-04-07,30.415112
2008-04-08,30.373293
2008-04-09,29.611172
2008-04-10,29.899292
2008-04-11,29.532171
2008-04-14,29.360231
2008-04-15,29.657635
2008-04-16,30.861238
2008-04-17,30.972761
2008-04-18,30.796169
2008-04-21,30.568472
2008-04-22,30.494116
2008-04-23,30.875164
2008-04-24,31.488588
2008-04-25,31.665176
2008-04-28,31.623360
2008-04-29,31.279470
2008-04-30,30.842642
2008-05-01,31.507174
2008-05-02,31.479290
2008-05-05,31.391008
2008-05-06,31.609402
2008-05-07,30.749702
2008-05-08,30.563820
2008-05-09,30.396526
2008-05-12,31.126114
2008-05-13,31.251593
2008-05-14,31.446781
2008-05-15,31.827816
2008-05-16,31.660528
2008-05-19,31.711647
2008-05-20,31.284119
2008-05-21,30.531286
2008-05-22,30.271051
2008-05-23,30.127003
2008-05-27,30.540586
2008-05-28,30.591709
2008-05-29,30.921638
2008-05-30,30.777590
2008-06-02,30.261766
2008-06-03,30.461580
2008-06-04,30.619585
2008-06-05,31.321302
2008-06-06,30.010820
2008-06-09,29.416006
2008-06-10,29.429935
2008-06-11,28.983809
2008-06-12,29.281233
2008-06-13,29.769173
2008-06-16,30.164173
2008-06-17,29.309116
2008-06-18,28.876934
2008-06-19,29.546122
2008-06-20,28.881575
2008-06-23,28.165932
2008-06-24,28.183826
2008-06-25,28.645311
2008-06-26,27.689381
2008-06-27,27.472765
2008-06-30,27.510431
2008-07-01,27.486887
2008-07-02,27.147827
2008-07-03,26.869993
2008-07-07,26.267225
2008-07-08,28.226212
2008-07-09,26.300194
2008-07-10,26.808784
2008-07-11,26.676916
2008-07-14,25.749231
2008-07-15,25.499653
2008-07-16,27.359747
2008-07-17,27.689381
2008-07-18,27.736462
2008-07-21,27.943653
2008-07-22,28.692411
2008-07-23,29.502365
2008-07-24,27.548105
2008-07-25,28.000175
2008-07-28,27.543398
2008-07-29,28.824261
2008-07-30,28.725372
2008-07-31,28.367483
2008-08-01,28.391018
2008-08-04,27.976629
2008-08-05,29.233952
2008-08-06,29.092672
2008-08-07,28.325092
2008-08-08,29.149181
2008-08-11,30.091013
2008-08-12,29.417603
2008-08-13,28.989082
2008-08-14,29.455276
2008-08-15,29.412895
2008-08-18,29.007912
2008-08-19,28.292128
2008-08-20,28.334522
2008-08-21,27.830641
2008-08-22,28.777172
2008-08-25,27.905983
2008-08-26,28.235615
2008-08-27,28.518166
2008-08-28,29.243364
2008-08-29,29.040886
2008-09-02,29.229237
2008-09-03,29.690731
2008-09-04,28.857220
2008-09-05,28.861927
2008-09-08,30.109846
2008-09-09,28.984352
2008-09-10,29.036171
2008-09-11,29.478830
2008-09-12,29.384647
2008-09-15,27.689381
2008-09-16,29.054998
2008-09-17,27.383284
2008-09-18,29.709578
2008-09-19,30.594873
2008-09-22,28.023708
2008-09-23,28.212080
2008-09-24,28.017443
2008-09-25,28.365685
2008-09-26,29.243477
2008-09-29,27.058561
2008-09-30,29.004944
2008-10-01,28.303682
2008-10-02,26.476555
2008-10-03,25.331612
2008-10-06,24.573095
2008-10-07,22.464520
2008-10-08,22.154428
2008-10-09,20.398874
2008-10-10,22.350031
2008-10-13,23.771656
2008-10-14,22.154428
2008-10-15,19.311182
2008-10-16,20.432274
2008-10-17,20.212812
2008-10-20,20.360706
2008-10-21,19.664211
2008-10-22,18.275978
2008-10-23,17.798925
2008-10-24,16.787567
2008-10-27,15.833461
2008-10-28,18.309372
2008-10-29,17.660583
2008-10-30,18.605150
2008-10-31,19.802555
2008-11-03,19.153755
2008-11-04,20.227140
2008-11-05,18.237808
2008-11-06,17.383886
2008-11-07,18.485876
2008-11-10,16.830496
2008-11-11,16.596745
2008-11-12,15.408877
2008-11-13,17.102419
2008-11-14,15.175121
2008-11-17,14.626502
2008-11-18,14.488161
2008-11-19,12.541776
2008-11-20,11.549500
2008-11-21,12.398658
2008-11-24,14.507242
2008-11-25,14.736226
2008-11-26,15.532914
2008-11-28,15.303926
2008-12-01,12.317563
2008-12-02,13.953858
2008-12-03,14.736226
2008-12-04,14.330731
2008-12-05,15.847771
2008-12-08,17.326639
2008-12-09,15.823913
2008-12-10,17.183519
2008-12-11,14.731465
2008-12-12,16.272350
2008-12-15,15.704649
2008-12-16,17.627184
2008-12-17,17.951580
2008-12-18,16.458397
2008-12-19,17.612871
2008-12-22,16.949759
2008-12-23,16.854353
2008-12-24,17.052814
2008-12-26,17.297815
2008-12-29,16.303076
2008-12-30,16.954803
2008-12-31,17.861357
2009-01-02,17.292929
2009-01-05,16.974405
2009-01-06,17.822147
2009-01-07,17.224323
2009-01-08,17.096914
2009-01-09,16.219770
2009-01-12,15.269128
2009-01-13,15.729750
2009-01-14,14.906510
2009-01-15,15.396528
2009-01-16,15.979663
2009-01-20,14.191077
2009-01-21,15.675842
2009-01-22,14.818304
2009-01-23,15.269128
2009-01-26,15.180927
2009-01-27,15.396528
2009-01-28,16.729397
2009-01-29,15.362230
2009-01-30,14.730104
2009-02-02,15.087820
2009-02-03,14.935905
2009-02-04,14.573293
2009-02-05,14.264577
2009-02-06,15.254425
2009-02-09,15.479836
2009-02-10,14.102870
2009-02-11,14.372388
2009-02-12,14.127378
2009-02-13,13.260032
2009-02-17,12.319188
2009-02-18,12.495601
2009-02-19,11.956570
2009-02-20,12.711210
2009-02-23,11.755662
2009-02-24,12.750412
2009-02-25,12.505400
2009-02-26,11.863462
2009-02-27,11.706663
2009-03-02,10.976521
2009-03-03,11.020627
2009-03-04,11.197033
2009-03-05,10.506099
2009-03-06,10.363993
2009-03-09,10.594305
2009-03-10,12.069274
2009-03-11,11.873272
2009-03-12,12.843508
2009-03-13,12.569103
2009-03-16,11.579253
2009-03-17,12.456394
2009-03-18,13.137523
2009-03-19,12.333893
2009-03-20,11.270540
2009-03-23,13.093427
2009-03-24,12.083974
2009-03-25,12.282860
2009-03-26,12.557704
2009-03-27,11.998029
2009-03-30,11.343404
2009-03-31,12.132948
2009-04-01,12.067986
2009-04-02,12.942479
2009-04-03,14.056828
2009-04-06,13.896919
2009-04-07,12.857526
2009-04-08,13.047419
2009-04-09,14.796402
2009-04-13,14.841376
2009-04-14,13.582108
2009-04-15,14.761425
2009-04-16,15.256134
2009-04-17,15.530970
2009-04-20,13.931904
2009-04-21,15.166184
2009-04-22,14.636490
2009-04-23,15.296114
2009-04-24,16.020689
2009-04-27,15.061246
2009-04-28,15.261132
2009-04-29,15.925746
2009-04-30,15.855786
2009-05-01,15.336088
2009-05-04,16.600353
2009-05-05,15.980703
2009-05-06,16.590355
2009-05-07,15.640906
2009-05-08,16.685299
2009-05-11,16.050667
2009-05-12,16.005697
2009-05-13,14.956308
2009-05-14,15.311096
2009-05-15,14.796402
2009-05-18,15.985707
2009-05-19,15.680884
2009-05-20,15.555956
2009-05-21,15.600928
2009-05-22,15.216152
2009-05-26,16.120634
2009-05-27,15.535971
2009-05-28,15.750852
2009-05-29,16.270546
2009-06-01,17.105057
2009-06-02,16.750259
2009-06-03,16.720278
2009-06-04,17.254976
2009-06-05,17.209993
2009-06-08,16.895180
2009-06-09,16.895180
2009-06-10,16.600353
2009-06-11,16.260551
2009-06-12,16.850208
2009-06-15,16.050667
2009-06-16,15.755845
2009-06-17,15.456013
2009-06-18,15.560963
2009-06-19,15.715861
2009-06-22,14.896337
2009-06-23,15.006273
2009-06-24,15.333884
2009-06-25,15.537047
2009-06-26,15.669107
2009-06-29,15.658945
2009-06-30,15.750366
2009-07-01,16.024645
2009-07-02,15.176430
2009-07-06,15.557365
2009-07-07,14.952951
2009-07-08,14.810734
2009-07-09,14.531381
2009-07-10,14.511062
2009-07-13,15.059607
2009-07-14,15.242462
2009-07-15,15.806238
2009-07-16,15.989091
2009-07-17,15.562434
2009-07-20,16.110985
2009-07-21,16.065277
2009-07-22,16.085588
2009-07-23,16.725565
2009-07-24,16.842386
2009-07-27,17.086178
2009-07-28,17.070942
2009-07-29,16.857626
2009-07-30,17.462032
2009-07-31,17.446796
2009-08-03,17.761702
2009-08-04,18.731817
2009-08-05,19.447975
2009-08-06,19.300684
2009-08-07,20.377447
2009-08-10,19.940647
2009-08-11,19.361629
2009-08-12,19.503851
2009-08-13,19.605429
2009-08-14,19.442890
2009-08-17,18.406757
2009-08-18,18.589605
2009-08-19,18.442307
2009-08-20,19.178772
2009-08-21,19.681616
2009-08-24,19.615593
2009-08-25,19.833988
2009-08-26,19.894930
2009-08-27,20.087948
2009-08-28,20.265715
2009-08-31,19.945732
2009-09-01,18.879107
2009-09-02,18.498180
2009-09-03,18.868956
2009-09-04,19.087351
2009-09-08,19.752726
2009-09-09,20.138737
2009-09-10,20.438408
2009-09-11,20.402842
2009-09-14,21.007261
2009-09-15,21.342489
2009-09-16,22.211018
2009-09-17,22.114531
2009-09-18,22.144991
2009-09-21,21.799606
2009-09-22,22.490356
2009-09-23,21.677711
2009-09-24,20.886267
2009-09-25,20.952955
2009-09-28,21.819788
2009-09-29,21.465872
2009-09-30,21.260700
2009-10-01,20.306664
2009-10-02,20.163052
2009-10-05,20.717010
2009-10-06,20.660580
2009-10-07,20.645195
2009-10-08,21.040144
2009-10-09,21.219667
2009-10-12,21.188890
2009-10-13,20.891396
2009-10-14,21.655659
2009-10-15,21.470995
2009-10-16,20.906786
2009-10-19,21.358158
2009-10-20,20.963213
2009-10-21,20.696486
2009-10-22,21.240191
2009-10-23,20.988850
2009-10-26,20.937565
2009-10-27,20.634941
2009-10-28,19.768089
2009-10-29,20.670845
2009-10-30,20.311789
2009-11-02,20.306664
2009-11-03,20.604162
2009-11-04,20.163052
2009-11-05,20.619556
2009-11-06,20.281015
2009-11-09,21.281218
2009-11-10,21.122202
2009-11-11,21.517160
2009-11-12,21.296606
2009-11-13,21.583845
2009-11-16,22.107029
2009-11-17,21.722328
2009-11-18,22.117281
2009-11-19,21.609501
2009-11-20,21.455620
2009-11-23,21.727465
2009-11-24,21.404320
2009-11-25,21.491518
2009-11-27,20.865753
2009-11-30,21.645395
2009-12-01,21.963419
2009-12-02,22.322453
2009-12-03,22.071121
2009-12-04,22.722538
2009-12-07,22.245520
2009-12-08,22.117281
2009-12-09,22.071121
2009-12-10,21.983923
2009-12-11,22.337835
2009-12-14,22.743050
2009-12-15,22.517370
2009-12-16,22.681503
2009-12-17,22.543015
2009-12-18,22.691765
2009-12-21,22.999517
2009-12-22,23.240591
2009-12-23,23.517565
2009-12-24,23.857349
2009-12-28,23.971649
2009-12-29,23.613157
2009-12-30,23.649534
2009-12-31,23.244287
2010-01-04,23.145576
2010-01-05,23.119602
2010-01-06,23.078037
2010-01-07,23.327427
2010-01-08,23.155966
2010-01-11,23.291039
2010-01-12,22.901394
2010-01-13,23.363794
2010-01-14,23.343004
2010-01-15,23.166367
2010-01-19,23.639130
2010-01-20,23.374187
2010-01-21,22.703964
2010-01-22,22.132477
2010-01-25,22.288336
2010-01-26,22.080515
2010-01-27,22.277946
2010-01-28,22.085714
2010-01-29,21.961012
2010-02-01,22.361074
2010-02-02,22.667591
2010-02-03,22.298723
2010-02-04,21.472656
2010-02-05,21.867504
2010-02-08,21.389517
2010-02-09,21.321993
2010-02-10,21.363548
2010-02-11,21.566164
2010-02-12,21.820747
2010-02-16,22.438999
2010-02-17,22.641628
2010-02-18,22.979332
2010-02-19,22.994913
2010-02-22,23.052069
2010-02-23,22.875414
2010-02-24,23.109213
2010-02-25,23.197529
2010-02-26,23.187140
2010-03-01,23.384562
2010-03-02,23.394960
2010-03-03,23.332609
2010-03-04,23.478079
2010-03-05,24.117128
2010-03-08,24.361298
2010-03-09,24.418451
2010-03-10,24.636654
2010-03-11,24.782133
2010-03-12,24.979563
2010-03-15,24.922405
2010-03-16,25.525078
2010-03-17,25.904337
2010-03-18,25.764065
2010-03-19,25.483515
2010-03-22,25.805628
2010-03-23,25.732895
2010-03-24,25.873169
2010-03-25,25.936504
2010-03-26,25.800415
2010-03-29,25.878927
2010-03-30,25.842281
2010-03-31,25.549166
2010-04-01,25.680016
2010-04-05,26.245337
2010-04-06,26.847286
2010-04-07,26.255806
2010-04-08,26.287218
2010-04-09,26.658857
2010-04-12,26.491358
2010-04-13,27.140417
2010-04-14,27.182289
2010-04-15,26.439013
2010-04-16,25.831814
2010-04-19,25.946978
2010-04-20,26.386667
2010-04-21,26.847286
2010-04-22,27.260809
2010-04-23,27.621979
2010-04-26,27.841837
2010-04-27,26.951982
2010-04-28,27.035730
2010-04-29,28.255348
2010-04-30,27.375969
2010-05-03,28.286758
2010-05-04,27.642935
2010-05-05,27.271278
2010-05-06,26.151119
2010-05-07,25.711428
2010-05-10,27.407366
2010-05-11,27.569635
2010-05-12,28.014572
2010-05-13,27.559174
2010-05-14,26.685030
2010-05-17,26.721666
2010-05-18,26.046431
2010-05-19,25.805645
2010-05-20,24.481333
2010-05-21,25.303144
2010-05-24,24.737822
2010-05-25,24.936722
2010-05-26,24.884382
2010-05-27,26.250572
2010-05-28,25.915573
2010-06-01,25.376419
2010-06-02,25.873695
2010-06-03,25.800415
2010-06-04,24.340014
2010-06-07,24.209148
2010-06-08,24.643614
2010-06-09,24.790178
2010-06-10,25.863224
2010-06-11,26.172043
2010-06-14,26.496590
2010-06-15,27.088066
2010-06-16,26.842062
2010-06-17,26.899639
2010-06-18,26.815897
2010-06-21,26.606516
2010-06-22,25.816116
2010-06-23,25.884165
2010-06-24,25.336224
2010-06-25,25.975578
2010-06-28,25.669106
2010-06-29,24.828974
2010-06-30,24.564777
2010-07-01,24.480230
2010-07-02,24.009964
2010-07-06,23.476303
2010-07-07,24.617619
2010-07-08,24.924076
2010-07-09,25.241133
2010-07-12,25.320374
2010-07-13,25.943876
2010-07-14,25.790634
2010-07-15,25.706095
2010-07-16,24.871248
2010-07-19,25.177708
2010-07-20,25.647980
2010-07-21,25.114290
2010-07-22,26.054832
2010-07-23,26.387714
2010-07-26,27.048199
2010-07-27,27.042919
2010-07-28,26.990088
2010-07-29,26.762882
2010-07-30,26.921387
2010-08-02,27.824926
2010-08-03,27.555462
2010-08-04,27.750965
2010-08-05,27.402224
2010-08-06,27.275408
2010-08-09,27.587152
2010-08-10,27.317684
2010-08-11,26.636065
2010-08-12,26.303179
2010-08-13,26.303179
2010-08-16,26.282043
2010-08-17,26.884411
2010-08-18,26.910824
2010-08-19,26.223917
2010-08-20,26.139378
2010-08-23,26.001987
2010-08-24,25.896307
2010-08-25,26.308460
2010-08-26,26.149944
2010-08-27,26.583218
2010-08-30,26.377150
2010-08-31,26.577938
2010-09-01,27.444492
2010-09-02,27.793242
2010-09-03,28.200100
2010-09-07,27.766804
2010-09-08,27.824926
2010-09-09,27.502623
2010-09-10,27.650574
2010-09-13,28.104980
2010-09-14,27.999306
2010-09-15,28.242367
2010-09-16,28.094404
2010-09-17,28.178959
2010-09-20,28.865866
2010-09-21,28.443138
2010-09-22,28.057421
2010-09-23,27.365244
2010-09-24,28.139360
2010-09-27,27.792826
2010-09-28,27.904785
2010-09-29,27.686178
2010-09-30,27.766163
2010-10-01,27.904785
2010-10-04,28.160696
2010-10-05,28.608524
2010-10-06,28.453918
2010-10-07,28.533894
2010-10-08,28.613865
2010-10-11,28.608524
2010-10-12,28.811125
2010-10-13,29.109690
2010-10-14,29.035048
2010-10-15,28.997728
2010-10-18,29.370924
2010-10-19,29.008383
2010-10-20,29.642815
2010-10-21,29.610842
2010-10-22,29.626831
2010-10-25,29.680141
2010-10-26,29.466894
2010-10-27,29.258953
2010-10-28,29.077694
2010-10-29,29.083027
2010-11-01,29.333595
2010-11-02,29.536201
2010-11-03,29.536201
2010-11-04,30.218628
2010-11-05,30.543844
2010-11-08,30.378557
2010-11-09,29.147003
2010-11-10,29.509541
2010-11-11,29.274961
2010-11-12,29.003059
2010-11-15,28.725830
2010-11-16,27.739506
2010-11-17,27.952768
2010-11-18,28.203339
2010-11-19,28.352619
2010-11-22,28.427259
2010-11-23,28.203339
2010-11-24,28.747152
2010-11-26,28.688503
2010-11-29,28.672504
2010-11-30,28.544559
2010-12-01,28.709826
2010-12-02,29.152328
2010-12-03,29.147003
2010-12-06,29.205652
2010-12-07,29.269632
2010-12-08,28.837791
2010-12-09,28.581865
2010-12-10,28.768465
2010-12-13,28.816456
2010-12-14,28.533894
2010-12-15,28.261974
2010-12-16,28.309961
2010-12-17,28.544559
2010-12-20,28.885763
2010-12-21,29.189657
2010-12-22,29.413578
2010-12-23,29.280296
2010-12-27,29.644102
2010-12-28,29.762686
2010-12-29,29.821960
2010-12-30,29.902821
2010-12-31,29.843542
2011-01-03,30.398684
2011-01-04,29.816578
2011-01-05,29.924366
2011-01-06,29.644102
2011-01-07,29.654886
2011-01-10,29.649488
2011-01-11,29.584827
2011-01-12,29.708792
2011-01-13,29.805807
2011-01-14,30.005222
2011-01-18,30.263947
2011-01-19,29.865086
2011-01-20,29.870478
2011-01-21,29.892036
2011-01-24,30.042955
2011-01-25,30.393290
2011-01-26,30.441795
2011-01-27,30.921490
2011-01-28,30.409458
2011-01-31,30.813698
2011-02-01,30.889168
2011-02-02,30.889168
2011-02-03,30.975403
2011-02-04,30.749027
2011-02-07,31.050861
2011-02-08,31.185606
2011-02-09,31.207161
2011-02-10,31.336510
2011-02-11,31.541327
2011-02-14,31.546715
2011-02-15,31.428144
2011-02-16,31.498211
2011-02-17,31.530552
2011-02-18,31.654512
2011-02-22,31.379629
2011-02-23,31.115534
2011-02-24,30.878374
2011-02-25,31.482038
2011-02-28,32.263569
2011-03-01,31.304174
2011-03-02,31.018513
2011-03-03,31.465868
2011-03-04,31.164043
2011-03-07,30.937670
2011-03-08,31.374256
2011-03-09,31.341909
2011-03-10,30.862200
2011-03-11,31.174812
2011-03-14,30.862200
2011-03-15,30.700520
2011-03-16,30.247768
2011-03-17,30.479532
2011-03-18,30.786747
2011-03-21,31.120914
2011-03-22,30.921490
2011-03-23,30.581944
2011-03-24,30.711279
2011-03-25,30.951252
2011-03-28,30.913250
2011-03-29,31.038122
2011-03-30,31.488739
2011-03-31,31.743902
2011-04-01,31.792770
2011-04-04,31.771051
2011-04-05,31.803627
2011-04-06,31.819906
2011-04-07,31.467031
2011-04-08,31.238989
2011-04-11,31.260714
2011-04-12,31.206429
2011-04-13,31.157566
2011-04-14,31.608171
2011-04-15,32.015358
2011-04-18,31.727617
2011-04-19,31.977352
2011-04-20,32.351971
2011-04-21,32.569130
2011-04-25,32.786293
2011-04-26,33.074036
2011-04-27,33.318340
2011-04-28,33.763531
2011-04-29,33.568077
2011-05-02,33.616928
2011-05-03,33.329193
2011-05-04,33.139179
2011-05-05,33.117477
2011-05-06,32.824287
2011-05-09,32.992588
2011-05-10,33.513794
2011-05-11,33.160908
2011-05-12,33.215191
2011-05-13,32.862297
2011-05-16,32.911163
2011-05-17,32.900307
2011-05-18,33.220615
2011-05-19,33.361778
2011-05-20,32.954594
2011-05-23,32.617985
2011-05-24,32.715717
2011-05-25,32.867729
2011-05-26,33.307487
2011-05-27,33.497501
2011-05-31,34.029545
2011-06-01,33.052311
2011-06-02,32.813435
2011-06-03,32.943733
2011-06-06,32.460548
2011-06-07,32.802589
2011-06-08,32.710293
2011-06-09,32.357391
2011-06-10,31.543034
2011-06-13,31.673332
2011-06-14,32.145653
2011-06-15,31.629906
2011-06-16,31.879623
2011-06-17,32.183651
2011-06-20,32.574577
2011-06-21,32.829731
2011-06-22,32.731991
2011-06-23,32.069660
2011-06-24,32.074577
2011-06-27,32.211472
2011-06-28,32.479752
2011-06-29,32.819233
2011-06-30,32.906826
2011-07-01,33.470795
2011-07-05,33.728142
2011-07-06,33.979996
2011-07-07,34.407078
2011-07-08,34.363281
2011-07-11,33.766472
2011-07-12,33.881447
2011-07-13,33.547440
2011-07-14,33.235332
2011-07-15,33.602192
2011-07-18,33.366764
2011-07-19,33.903343
2011-07-20,34.149742
2011-07-21,34.423500
2011-07-22,34.593224
2011-07-25,34.270203
2011-07-26,34.346836
2011-07-27,33.383183
2011-07-28,33.416027
2011-07-29,33.421513
2011-08-01,32.917782
2011-08-02,31.866505
2011-08-03,31.603710
2011-08-04,30.059650
2011-08-05,29.309530
2011-08-08,26.763487
2011-08-09,29.200018
2011-08-10,28.526554
2011-08-11,30.004896
2011-08-12,29.999420
2011-08-15,31.094500
2011-08-16,31.001410
2011-08-17,31.089018
2011-08-18,29.703743
2011-08-19,29.134315
2011-08-22,29.167179
2011-08-23,29.884438
2011-08-24,30.278664
2011-08-25,29.714701
2011-08-26,30.076077
2011-08-29,31.105436
2011-08-30,31.193047
2011-08-31,31.543470
2011-09-01,31.089018
2011-09-02,30.355318
2011-09-06,30.223906
2011-09-07,31.362782
2011-09-08,31.121862
2011-09-09,30.147264
2011-09-12,30.245811
2011-09-13,30.316998
2011-09-14,30.514099
2011-09-15,31.017834
2011-09-16,31.318977
2011-09-19,30.634571
2011-09-20,30.618132
2011-09-21,29.002909
2011-09-22,28.296587
2011-09-23,28.505018
2011-09-26,28.903065
2011-09-27,29.190544
2011-09-28,28.449734
2011-09-29,28.892006
2011-09-30,28.123545
2011-10-03,26.796705
2011-10-04,27.852644
2011-10-05,27.614923
2011-10-06,28.372328
2011-10-07,27.581747
2011-10-10,28.958361
2011-10-11,28.383381
2011-10-12,28.847775
2011-10-13,28.659811
2011-10-14,29.323236
2011-10-17,28.687450
2011-10-18,29.699177
2011-10-19,29.356403
2011-10-20,29.522257
2011-10-21,30.495277
2011-10-24,31.252701
2011-10-25,30.744070
2011-10-26,30.970741
2011-10-27,32.441319
2011-10-28,32.507660
2011-10-31,32.142776
2011-11-01,31.108940
2011-11-02,31.706011
2011-11-03,32.142776
2011-11-04,31.882936
2011-11-07,31.888456
2011-11-08,32.303108
2011-11-09,30.826990
2011-11-10,30.821459
2011-11-11,31.650736
2011-11-14,31.064713
2011-11-15,31.296917
2011-11-16,30.998367
2011-11-17,30.428930
2011-11-18,30.622427
2011-11-21,29.848433
2011-11-22,29.710232
2011-11-23,28.814610
2011-11-25,28.941767
2011-11-28,29.588589
2011-11-29,29.544373
2011-11-30,30.920977
2011-12-01,30.666668
2011-12-02,30.639015
2011-12-05,30.898857
2011-12-06,30.849098
2011-12-07,31.186335
2011-12-08,30.478703
2011-12-09,31.147638
2011-12-12,30.594797
2011-12-13,30.235439
2011-12-14,30.412348
2011-12-15,30.920977
2011-12-16,31.263729
2011-12-19,30.992840
2011-12-20,31.932678
2011-12-21,31.921640
2011-12-22,32.380508
2011-12-23,32.521355
2011-12-27,32.666706
2011-12-28,32.275417
2011-12-29,32.560486
2011-12-30,32.420742
2012-01-03,32.694649
2012-01-04,32.135670
2012-01-05,32.437531
2012-01-06,32.331303
2012-01-09,32.219509
2012-01-10,32.577263
2012-01-11,32.806454
2012-01-12,32.566078
2012-01-13,32.638756
2012-01-17,32.907066
2012-01-18,33.136234
2012-01-19,33.264797
2012-01-20,33.471622
2012-01-23,33.633736
2012-01-24,33.890869
2012-01-25,34.326859
2012-01-26,34.567230
2012-01-27,34.578407
2012-01-30,34.321270
2012-01-31,34.488968
2012-02-01,34.829952
2012-02-02,34.908195
2012-02-03,35.394520
2012-02-06,35.282711
2012-02-07,35.193272
2012-02-08,35.254768
2012-02-09,34.997627
2012-02-10,34.673439
2012-02-13,35.025585
2012-02-14,34.667847
2012-02-15,34.461014
2012-02-16,34.824360
2012-02-17,34.852299
2012-02-21,34.310101
2012-02-22,34.019421
2012-02-23,34.444252
2012-02-24,34.488968
2012-02-27,34.433075
2012-02-28,34.231846
2012-02-29,34.092102
2012-03-01,34.298927
2012-03-02,34.248619
2012-03-05,34.595169
2012-03-06,34.136810
2012-03-07,34.321270
2012-03-08,34.142391
2012-03-09,34.310101
2012-03-12,34.561642
2012-03-13,35.260361
2012-03-14,35.165325
2012-03-15,35.115021
2012-03-16,35.316257
2012-03-19,35.562210
2012-03-20,35.511902
2012-03-21,35.461586
2012-03-22,34.975277
2012-03-23,35.193272
2012-03-26,35.605732
2012-03-27,35.611382
2012-03-28,35.555038
2012-03-29,35.571930
2012-03-30,35.864937
2012-04-02,36.118496
2012-04-03,35.977631
2012-04-04,35.583187
2012-04-05,35.447968
2012-04-09,35.070438
2012-04-10,34.315392
2012-04-11,34.754902
2012-04-12,35.233864
2012-04-13,35.087349
2012-04-16,35.566296
2012-04-17,35.870571
2012-04-18,35.628273
2012-04-19,35.628273
2012-04-20,36.062160
2012-04-23,35.690250
2012-04-24,36.225563
2012-04-25,36.642536
2012-04-26,36.732685
2012-04-27,36.986248
2012-04-30,36.890453
2012-05-01,37.290516
2012-05-02,37.234173
2012-05-03,37.104565
2012-05-04,36.777767
2012-05-07,37.036961
2012-05-08,36.969341
2012-05-09,36.851017
2012-05-10,36.879181
2012-05-11,36.958073
2012-05-14,36.490398
2012-05-15,36.298813
2012-05-16,35.898750
2012-05-17,34.850693
2012-05-18,34.428093
2012-05-21,35.177517
2012-05-22,35.245125
2012-05-23,35.295834
2012-05-24,35.453613
2012-05-25,35.312740
2012-05-29,35.814224
2012-05-30,34.963383
2012-05-31,35.228222
2012-06-01,34.366104
2012-06-04,34.129456
2012-06-05,34.833786
2012-06-06,35.605732
2012-06-07,35.352184
2012-06-08,35.853664
2012-06-11,35.047913
2012-06-12,35.380356
2012-06-13,35.200043
2012-06-14,35.712791
2012-06-15,35.932545
2012-06-18,36.231201
2012-06-19,36.377674
2012-06-20,36.360790
2012-06-21,35.769154
2012-06-22,35.774773
2012-06-25,35.592419
2012-06-26,35.711727
2012-06-27,35.853756
2012-06-28,36.245739
2012-06-29,37.171776
2012-07-02,37.580814
2012-07-03,37.802368
2012-07-05,37.569450
2012-07-06,37.660366
2012-07-09,37.700119
2012-07-10,37.296761
2012-07-11,37.336540
2012-07-12,37.450153
2012-07-13,37.910332
2012-07-16,37.984184
2012-07-17,38.347778
2012-07-18,38.120544
2012-07-19,37.722851
2012-07-20,37.524010
2012-07-23,37.251312
2012-07-24,37.126328
2012-07-25,37.109287
2012-07-26,37.438797
2012-07-27,37.796703
2012-07-30,37.972820
2012-07-31,37.916008
2012-08-01,37.734215
2012-08-02,37.842148
2012-08-03,38.137577
2012-08-06,38.097801
2012-08-07,37.648994
2012-08-08,37.393345
2012-08-09,37.274040
2012-08-10,37.325161
2012-08-13,37.296761
2012-08-14,37.217232
2012-08-15,37.387653
2012-08-16,37.671722
2012-08-17,37.683086
2012-08-20,37.575138
2012-08-21,37.654686
2012-08-22,37.631939
2012-08-23,37.518333
2012-08-24,37.643311
2012-08-27,37.756935
2012-08-28,37.887596
2012-08-29,37.876240
2012-08-30,37.791027
2012-08-31,37.910332
2012-09-04,38.177345
2012-09-05,38.109177
2012-09-06,38.450043
2012-09-07,38.484119
2012-09-10,38.183033
2012-09-11,38.296642
2012-09-12,38.376179
2012-09-13,38.847710
2012-09-14,39.063602
2012-09-17,38.949978
2012-09-18,38.580708
2012-09-19,38.364834
2012-09-20,37.796703
2012-09-21,37.802368
2012-09-24,37.662090
2012-09-25,37.106644
2012-09-26,37.100918
2012-09-27,37.261246
2012-09-28,37.203976
2012-10-01,36.929111
2012-10-02,37.209705
2012-10-03,37.284157
2012-10-04,37.272697
2012-10-05,37.318497
2012-10-08,37.238342
2012-10-09,37.100918
2012-10-10,37.249798
2012-10-11,37.221161
2012-10-12,37.089447
2012-10-15,37.335697
2012-10-16,37.564743
2012-10-17,37.461666
2012-10-18,37.845329
2012-10-19,37.530380
2012-10-22,37.341423
2012-10-23,36.963490
2012-10-24,36.934845
2012-10-25,36.831764
2012-10-26,36.511101
2012-10-31,36.866112
2012-11-01,37.043636
2012-11-02,37.289886
2012-11-05,37.043636
2012-11-06,37.203976
2012-11-07,37.037930
2012-11-08,36.596992
2012-11-09,36.499645
2012-11-12,36.413757
2012-11-13,36.385113
2012-11-14,35.703671
2012-11-15,35.537624
2012-11-16,35.755219
2012-11-19,36.196156
2012-11-20,36.465298
2012-11-21,36.402287
2012-11-23,36.671440
2012-11-26,36.745876
2012-11-27,36.539722
2012-11-28,36.493912
2012-11-29,36.694336
2012-11-30,36.768795
2012-12-03,36.917667
2012-12-04,36.974930
2012-12-05,36.860413
2012-12-06,37.203976
2012-12-07,37.341423
2012-12-10,37.324242
2012-12-11,37.415871
2012-12-12,37.312782
2012-12-13,37.026470
2012-12-14,37.020725
2012-12-17,37.215435
2012-12-18,37.599117
2012-12-19,37.547554
2012-12-20,38.040024
2012-12-21,37.977036
2012-12-24,38.027458
2012-12-26,37.847790
2012-12-27,37.986889
2012-12-28,37.737659
2012-12-31,38.137596
2013-01-02,38.612862
2013-01-03,38.607063
2013-01-04,38.786736
2013-01-07,38.873665
2013-01-08,38.798328
2013-01-09,38.908459
2013-01-10,38.949036
2013-01-11,38.925842
2013-01-14,39.035973
2013-01-15,39.221436
2013-01-16,39.175060
2013-01-17,39.296787
2013-01-18,39.464855
2013-01-22,39.667740
2013-01-23,39.656139
2013-01-24,39.737278
2013-01-25,39.963318
2013-01-28,40.067673
2013-01-29,40.183571
2013-01-30,39.801041
2013-01-31,39.563404
2013-02-01,39.795242
2013-02-04,39.702503
2013-02-05,39.609768
2013-02-06,39.748882
2013-02-07,39.580788
2013-02-08,39.945942
2013-02-11,40.003895
2013-02-12,40.305290
2013-02-13,40.282104
2013-02-14,40.114021
2013-02-15,40.131413
2013-02-19,40.450191
2013-02-20,40.189384
2013-02-21,39.887974
2013-02-22,40.287895
2013-02-25,39.522831
2013-02-26,39.795242
2013-02-27,40.085041
2013-02-28,40.044468
2013-03-01,40.177784
2013-03-04,40.479160
2013-03-05,40.797947
2013-03-06,40.676231
2013-03-07,40.484951
2013-03-08,40.554527
2013-03-11,40.589287
2013-03-12,40.438595
2013-03-13,40.479160
2013-03-14,40.734188
2013-03-15,40.826931
2013-03-18,40.600876
2013-03-19,40.403816
2013-03-20,40.531334
2013-03-21,40.409615
2013-03-22,40.622211
2013-03-25,40.628056
2013-03-26,40.978493
2013-03-27,41.054432
2013-03-28,41.194595
2013-04-01,41.317261
2013-04-02,41.445763
2013-04-03,41.299740
2013-04-04,41.971420
2013-04-05,42.199207
2013-04-08,42.537968
2013-04-09,42.543831
2013-04-10,42.806641
2013-04-11,43.057796
2013-04-12,43.162933
2013-04-15,42.269295
2013-04-16,42.970184
2013-04-17,42.514606
2013-04-18,42.450356
2013-04-19,43.104523
2013-04-22,43.046108
2013-04-23,43.285587
2013-04-24,43.379025
2013-04-25,43.233025
2013-04-26,43.092831
2013-04-29,43.460800
2013-04-30,43.968956
2013-05-01,43.618515
2013-05-02,43.904705
2013-05-03,44.079918
2013-05-06,44.307705
2013-05-07,44.553009
2013-05-08,44.576393
2013-05-09,44.284351
2013-05-10,44.447891
2013-05-13,44.658157
2013-05-14,44.821701
2013-05-15,45.265583
2013-05-16,45.031963
2013-05-17,45.283112
2013-05-20,45.388245
2013-05-21,45.645248
2013-05-22,44.535500
2013-05-23,43.700272
2013-05-24,43.589302
2013-05-28,43.215496
2013-05-29,42.298500
2013-05-30,41.901340
2013-05-31,41.340633
2013-06-03,41.574261
2013-06-04,40.996029
2013-06-05,40.657257
2013-06-06,41.311420
2013-06-07,41.317261
2013-06-10,40.960979
2013-06-11,40.353535
2013-06-12,39.804535
2013-06-13,40.838333
2013-06-14,40.990173
2013-06-17,41.106998
2013-06-18,41.317261
2013-06-19,40.049824
2013-06-20,38.385223
2013-06-21,38.905048
2013-06-24,38.728748
2013-06-25,39.377361
2013-06-26,39.972900
2013-06-27,40.774845
2013-06-28,40.521294
2013-07-01,40.432846
2013-07-02,41.051987
2013-07-03,40.780754
2013-07-05,40.586147
2013-07-08,40.627430
2013-07-09,41.205299
2013-07-10,41.222992
2013-07-11,42.219521
2013-07-12,41.960064
2013-07-15,42.136967
2013-07-16,42.166435
2013-07-17,42.319759
2013-07-18,42.679428
2013-07-19,42.649979
2013-07-22,42.779697
2013-07-23,42.732521
2013-07-24,41.901085
2013-07-25,41.965954
2013-07-26,42.001350
2013-07-29,41.688816
2013-07-30,41.564999
2013-07-31,40.886883
2013-08-01,40.727680
2013-08-02,40.527199
2013-08-05,40.497704
2013-08-06,40.356197
2013-08-07,40.250042
2013-08-08,40.267746
2013-08-09,40.621536
2013-08-12,40.332611
2013-08-13,39.778328
2013-08-14,39.625019
2013-08-15,38.899742
2013-08-16,37.944500
2013-08-19,37.443283
2013-08-20,38.292389
2013-08-21,38.203941
2013-08-22,38.433907
2013-08-23,38.834877
2013-08-26,38.722836
2013-08-27,38.534153
2013-08-28,38.298279
2013-08-29,38.357254
2013-08-30,38.032932
2013-09-03,37.702740
2013-09-04,38.027035
2013-09-05,37.626076
2013-09-06,38.209831
2013-09-09,39.005878
2013-09-10,38.976383
2013-09-11,39.288902
2013-09-12,39.035358
2013-09-13,39.147392
2013-09-16,39.536560
2013-09-17,39.512981
2013-09-18,40.851498
2013-09-19,40.816128
2013-09-20,40.149811
2013-09-23,39.874901
2013-09-24,39.571423
2013-09-25,39.702316
2013-09-26,39.946308
2013-09-27,39.779682
2013-09-30,39.357185
2013-10-01,39.928452
2013-10-02,39.987942
2013-10-03,39.291744
2013-10-04,39.214375
2013-10-07,39.392906
2013-10-08,38.964462
2013-10-09,38.970417
2013-10-10,39.964153
2013-10-11,40.362839
2013-10-14,40.386658
2013-10-15,40.237881
2013-10-16,40.993587
2013-10-17,41.612461
2013-10-18,41.570812
2013-10-21,41.320889
2013-10-22,41.701725
2013-10-23,41.779076
2013-10-24,41.767178
2013-10-25,42.278927
2013-10-28,41.975449
2013-10-29,41.731480
2013-10-30,41.380398
2013-10-31,41.136425
2013-11-01,41.350624
2013-11-04,41.428005
2013-11-05,40.749634
2013-11-06,40.690121
2013-11-07,40.184330
2013-11-08,39.642834
2013-11-11,39.684467
2013-11-12,39.505943
2013-11-13,39.761848
2013-11-14,40.041531
2013-11-15,40.190285
2013-11-18,39.940342
2013-11-19,39.660671
2013-11-20,39.178677
2013-11-21,39.482155
2013-11-22,39.327438
2013-11-25,39.142967
2013-11-26,39.006115
2013-11-27,39.339344
2013-11-29,38.976353
2013-12-02,38.750229
2013-12-03,38.672874
2013-12-04,38.815685
2013-12-05,38.952557
2013-12-06,39.232231
2013-12-09,39.422646
2013-12-10,39.321484
2013-12-11,38.416996
2013-12-12,38.202782
2013-12-13,38.297989
2013-12-16,38.428913
2013-12-17,38.607414
2013-12-18,39.291744
2013-12-19,38.750229
2013-12-20,38.988266
2013-12-23,39.065613
2013-12-24,39.100670
2013-12-26,39.130886
2013-12-27,39.215496
2013-12-30,39.227570
2013-12-31,39.016052
2014-01-02,39.022106
2014-01-03,39.239658
2014-01-06,39.439095
2014-01-07,39.614357
2014-01-08,39.420963
2014-01-09,39.420963
2014-01-10,39.958836
2014-01-13,39.692917
2014-01-14,39.982994
2014-01-15,40.285175
2014-01-16,40.357689
2014-01-17,40.121986
2014-01-21,40.484600
2014-01-22,40.659859
2014-01-23,40.563156
2014-01-24,40.055527
2014-01-27,39.747311
2014-01-28,40.079697
2014-01-29,39.862133
2014-01-30,40.466476
2014-01-31,40.684029
2014-02-03,40.037384
2014-02-04,40.520859
2014-02-05,40.436256
2014-02-06,40.732380
2014-02-07,41.040588
2014-02-10,41.427364
2014-02-11,41.590534
2014-02-12,41.614708
2014-02-13,41.771839
2014-02-14,41.935017
2014-02-18,42.140491
2014-02-19,42.116302
2014-02-20,42.025665
2014-02-21,42.128399
2014-02-24,42.231129
2014-02-25,42.370129
2014-02-26,42.466824
2014-02-27,42.352005
2014-02-28,42.744831
2014-03-03,42.768993
2014-03-04,43.385410
2014-03-05,43.331024
2014-03-06,42.968426
2014-03-07,42.503090
2014-03-10,42.279484
2014-03-11,42.545399
2014-03-12,42.672306
2014-03-13,42.472866
2014-03-14,42.581661
2014-03-17,42.672306
2014-03-18,42.799217
2014-03-19,41.989407
2014-03-20,42.061913
2014-03-21,42.448692
2014-03-24,42.170700
2014-03-25,42.555767
2014-03-26,42.075207
2014-03-27,42.342846
2014-03-28,42.598320
2014-03-31,42.957241
2014-04-01,43.151863
2014-04-02,43.188362
2014-04-03,43.097122
2014-04-04,43.243114
2014-04-07,43.383015
2014-04-08,43.650661
2014-04-09,43.541176
2014-04-10,43.127541
2014-04-11,42.865971
2014-04-14,43.121460
2014-04-15,43.632416
2014-04-16,43.912220
2014-04-17,43.656742
2014-04-21,43.906147
2014-04-22,44.003471
2014-04-23,43.827068
2014-04-24,44.009563
2014-04-25,43.839237
2014-04-28,44.179882
2014-04-29,44.210281
2014-04-30,44.368446
2014-05-01,44.557007
2014-05-02,44.544842
2014-05-05,44.636089
2014-05-06,44.477932
2014-05-07,45.013226
2014-05-08,45.116646
2014-05-09,45.147053
2014-05-12,45.286957
2014-05-13,44.994976
2014-05-14,45.013226
2014-05-15,44.988903
2014-05-16,45.402527
2014-05-19,45.220058
2014-05-20,45.080147
2014-05-21,44.782085
2014-05-22,44.703003
2014-05-23,45.098381
2014-05-27,45.420784
2014-05-28,45.134884
2014-05-29,45.226139
2014-05-30,45.432953
2014-06-02,45.572861
2014-06-03,45.548515
2014-06-04,45.639755
2014-06-05,46.479202
2014-06-06,46.284569
2014-06-09,45.724915
2014-06-10,45.384285
2014-06-11,45.262619
2014-06-12,45.147053
2014-06-13,45.262619
2014-06-16,45.031494
2014-06-17,45.147053
2014-06-18,45.463364
2014-06-19,45.840481
2014-06-20,45.998653
2014-06-23,45.810093
2014-06-24,45.843853
2014-06-25,45.751770
2014-06-26,45.708790
2014-06-27,46.058750
2014-06-30,45.948223
2014-07-01,46.193802
2014-07-02,46.083290
2014-07-03,45.819290
2014-07-07,45.954369
2014-07-08,46.089424
2014-07-09,46.163105
2014-07-10,46.371838
2014-07-11,46.377998
2014-07-14,46.605160
2014-07-15,46.635849
2014-07-16,46.783199
2014-07-17,46.543762
2014-07-18,47.004230
2014-07-21,46.832302
2014-07-22,46.979671
2014-07-23,47.065620
2014-07-24,47.004230
2014-07-25,46.678837
2014-07-28,47.004230
2014-07-29,46.777058
2014-07-30,46.678837
2014-07-31,45.985050
2014-08-01,45.874557
2014-08-04,46.193802
2014-08-05,45.721062
2014-08-06,45.702644
2014-08-07,45.727203
2014-08-08,45.997345
2014-08-11,46.285889
2014-08-12,46.212231
2014-08-13,46.881428
2014-08-14,46.850750
2014-08-15,46.801613
2014-08-18,47.262085
2014-08-19,47.360325
2014-08-20,47.575195
2014-08-21,47.501530
2014-08-22,47.120872
2014-08-25,47.016514
2014-08-26,47.108585
2014-08-27,47.139309
2014-08-28,47.133144
2014-08-29,47.384880
2014-09-02,47.391022
2014-09-03,47.513802
2014-09-04,47.335766
2014-09-05,47.839195
2014-09-08,47.790085
2014-09-09,47.495384
2014-09-10,46.746368
2014-09-11,46.783199
2014-09-12,45.346550
2014-09-15,45.125538
2014-09-16,45.567581
2014-09-17,45.555294
2014-09-18,45.156235
2014-09-19,45.211475
2014-09-22,44.855392
2014-09-23,44.529995
2014-09-24,44.411022
2014-09-25,44.212730
2014-09-26,44.807610
2014-09-29,44.745628
2014-09-30,44.522545
2014-10-01,44.559746
2014-10-02,44.485371
2014-10-03,44.764229
2014-10-06,44.881954
2014-10-07,44.528748
2014-10-08,45.495407
2014-10-09,45.495407
2014-10-10,45.538803
2014-10-13,45.582172
2014-10-14,46.319584
2014-10-15,46.139870
2014-10-16,46.214230
2014-10-17,46.270004
2014-10-20,46.976406
2014-10-21,47.403969
2014-10-22,47.416378
2014-10-23,47.781960
2014-10-24,47.744789
2014-10-27,48.098007
2014-10-28,48.308685
2014-10-29,48.036037
2014-10-30,48.339661
2014-10-31,48.946938
2014-11-03,49.374481
2014-11-04,49.455051
2014-11-05,49.349697
2014-11-06,48.971703
2014-11-07,48.909752
2014-11-10,49.312527
2014-11-11,49.120438
2014-11-12,48.748627
2014-11-13,49.015091
2014-11-14,48.612312
2014-11-17,48.829182
2014-11-18,49.039871
2014-11-19,48.599922
2014-11-20,48.761047
2014-11-21,49.064674
2014-11-24,49.238163
2014-11-25,49.324932
2014-11-26,49.802055
2014-11-28,49.925987
2014-12-01,49.802055
2014-12-02,50.111877
2014-12-03,50.062325
2014-12-04,50.192436
2014-12-05,49.938389
2014-12-08,50.254410
2014-12-09,50.483688
2014-12-10,50.434109
2014-12-11,50.527054
2014-12-12,50.087097
2014-12-15,49.436462
2014-12-16,49.368309
2014-12-17,50.502281
2014-12-18,50.855484
2014-12-19,50.830681
2014-12-22,51.680511
2014-12-23,51.536072
2014-12-24,51.322510
2014-12-26,51.504635
2014-12-29,51.787304
2014-12-30,51.749599
2014-12-31,50.876537
2015-01-02,51.642838
2015-01-05,51.925476
2015-01-06,52.440536
2015-01-07,53.244488
2015-01-08,53.445511
2015-01-09,53.470615
2015-01-12,53.878910
2015-01-13,53.797234
2015-01-14,54.262032
2015-01-15,54.387634
2015-01-16,54.858730
2015-01-20,54.425346
2015-01-21,54.387634
2015-01-22,55.354950
2015-01-23,55.197903
2015-01-26,55.662708
2015-01-27,55.681568
2015-01-28,55.310963
2015-01-29,55.505692
2015-01-30,54.362522
2015-02-02,54.218075
2015-02-03,54.689156
2015-02-04,54.463020
2015-02-05,55.116257
2015-02-06,53.514591
2015-02-09,53.137733
2015-02-10,53.307327
2015-02-11,53.150295
2015-02-12,53.784653
2015-02-13,53.426670
2015-02-17,53.294762
2015-02-18,53.790951
2015-02-19,52.635242
2015-02-20,53.144020
2015-02-23,53.571121
2015-02-24,52.515907
2015-02-25,52.528477
2015-02-26,51.956879
2015-02-27,52.365162
2015-03-02,52.666641
2015-03-03,52.566151
2015-03-04,52.063675
2015-03-05,52.214409
2015-03-06,50.480843
2015-03-09,50.882832
2015-03-10,50.845127
2015-03-11,50.889095
2015-03-12,51.774731
2015-03-13,51.743332
2015-03-16,52.277222
2015-03-17,52.258396
2015-03-18,53.351284
2015-03-19,53.326160
2015-03-20,54.664001
2015-03-23,54.594940
2015-03-24,54.130154
2015-03-25,53.196251
2015-03-26,52.918228
2015-03-27,52.987736
2015-03-30,53.745972
2015-03-31,53.272076
2015-04-01,53.196251
2015-04-02,53.600636
2015-04-06,54.156670
2015-04-07,53.202553
2015-04-08,53.284698
2015-04-09,52.178959
2015-04-10,52.141041
2015-04-13,52.002033
2015-04-14,52.185261
2015-04-15,51.793522
2015-04-16,51.926193
2015-04-17,51.686104
2015-04-20,51.761936
2015-04-21,51.850388
2015-04-22,51.957817
2015-04-23,52.096809
2015-04-24,52.204220
2015-04-27,52.134720
2015-04-28,52.033623
2015-04-29,50.984734
2015-04-30,50.156994
2015-05-01,50.536121
2015-05-04,50.586670
2015-05-05,49.487228
2015-05-06,49.392456
2015-05-07,50.150684
2015-05-08,50.852055
2015-05-11,50.087502
2015-05-12,50.239136
2015-05-13,49.758926
2015-05-14,50.719357
2015-05-15,51.237476
2015-05-18,51.104778
2015-05-19,50.927876
2015-05-20,50.883636
2015-05-21,50.643532
2015-05-22,50.580353
2015-05-26,50.194916
2015-05-27,50.687756
2015-05-28,50.586670
2015-05-29,50.005348
2015-06-01,50.618256
2015-06-02,50.150684
2015-06-03,49.430370
2015-06-04,49.335575
2015-06-05,48.785854
2015-06-08,48.697407
2015-06-09,48.343567
2015-06-10,48.684765
2015-06-11,48.981754
2015-06-12,48.937515
2015-06-15,48.672142
2015-06-16,49.063889
2015-06-17,49.480900
2015-06-18,50.163326
2015-06-19,49.777893
2015-06-22,49.266083
2015-06-23,48.855381
2015-06-24,48.589996
2015-06-25,48.097137
2015-06-26,48.443077
2015-06-29,47.689938
2015-06-30,47.670784
2015-07-01,48.455830
2015-07-02,48.577095
2015-07-06,48.883450
2015-07-07,49.649345
2015-07-08,49.457882
2015-07-09,49.221745
2015-07-10,49.630215
2015-07-13,49.700413
2015-07-14,49.802544
2015-07-15,49.885506
2015-07-16,50.287601
2015-07-17,50.108891
2015-07-20,50.166336
2015-07-21,50.025932
2015-07-22,50.242928
2015-07-23,49.617443
2015-07-24,49.828064
2015-07-27,49.917416
2015-07-28,49.949341
2015-07-29,50.274830
2015-07-30,50.025932
2015-07-31,50.421631
2015-08-03,50.734375
2015-08-04,50.364201
2015-08-05,50.032310
2015-08-06,50.102509
2015-08-07,50.287601
2015-08-10,50.128044
2015-08-11,50.459915
2015-08-12,50.619503
2015-08-13,50.676941
2015-08-14,50.951382
2015-08-17,51.385384
2015-08-18,51.525810
2015-08-19,51.219448
2015-08-20,50.842884
2015-08-21,49.898262
2015-08-24,47.562294
2015-08-25,46.253880
2015-08-26,47.504848
2015-08-27,48.423931
2015-08-28,48.353710
2015-08-31,47.249554
2015-09-01,46.349613
2015-09-02,46.828312
2015-09-03,46.955948
2015-09-04,46.081547
2015-09-08,46.777241
2015-09-09,46.241112
2015-09-10,46.343224
2015-09-11,47.230389
2015-09-14,47.255924
2015-09-15,47.721848
2015-09-16,48.232437
2015-09-17,48.781353
2015-09-18,48.698368
2015-09-21,49.113213
2015-09-22,48.494118
2015-09-23,48.798382
2015-09-24,48.340714
2015-09-25,48.534096
2015-09-28,47.779888
2015-09-29,48.289139
2015-09-30,48.695248
2015-10-01,48.933758
2015-10-02,49.288311
2015-10-05,50.119877
2015-10-06,50.003849
2015-10-07,50.577568
2015-10-08,51.003017
2015-10-09,50.919228
2015-10-12,51.280201
2015-10-13,50.880543
2015-10-14,50.500210
2015-10-15,51.189968
2015-10-16,51.576756
2015-10-19,52.298725
2015-10-20,52.279392
2015-10-21,52.085999
2015-10-22,52.543694
2015-10-23,52.034420
2015-10-26,52.021526
2015-10-27,52.002186
2015-10-28,52.047321
2015-10-29,51.976410
2015-10-30,51.499374
2015-11-02,52.595276
2015-11-03,52.066650
2015-11-04,51.834595
2015-11-05,52.040874
2015-11-06,50.422871
2015-11-09,49.559044
2015-11-10,50.126331
2015-11-11,50.184345
2015-11-12,49.842690
2015-11-13,49.275402
2015-11-16,49.842690
2015-11-17,49.842690
2015-11-18,50.281048
2015-11-19,50.435753
2015-11-20,51.067474
2015-11-23,51.177071
2015-11-24,50.906326
2015-11-25,51.112614
2015-11-27,51.557396
2015-11-30,51.177071
2015-12-01,51.886169
2015-12-02,50.828968
2015-12-03,50.029636
2015-12-04,50.983688
2015-12-07,50.841862
2015-12-08,50.796741
2015-12-09,50.513092
2015-12-10,50.152119
2015-12-11,50.061863
2015-12-14,50.293938
2015-12-15,50.841862
2015-12-16,51.834595
2015-12-17,51.576756
2015-12-18,50.977257
2015-12-21,51.177071
2015-12-22,51.383339
2015-12-23,51.911484
2015-12-24,51.911484
2015-12-28,52.199081
2015-12-29,52.754673
2015-12-30,52.571663
2015-12-31,52.114120
2016-01-04,51.486626
2016-01-05,52.480152
2016-01-06,52.336357
2016-01-07,51.316692
2016-01-08,50.630383
2016-01-11,50.917984
2016-01-12,50.578068
2016-01-13,49.852547
2016-01-14,49.734890
2016-01-15,49.395000
2016-01-19,49.656456
2016-01-20,48.323044
2016-01-21,48.591038
2016-01-22,49.944046
2016-01-25,49.630302
2016-01-26,50.669594
2016-01-27,49.689133
2016-01-28,49.310032
2016-01-29,50.323170
2016-02-01,50.408150
2016-02-02,49.950592
2016-02-03,50.283939
2016-02-04,50.310085
2016-02-05,49.355785
2016-02-08,47.943920
2016-02-09,47.061535
2016-02-10,47.388363
2016-02-11,46.715107
2016-02-12,47.251091
2016-02-16,48.120426
2016-02-17,48.532223
2016-02-18,49.022427
2016-02-19,49.303490
2016-02-22,49.774101
2016-02-23,49.643383
2016-02-24,49.584549
2016-02-25,50.597683
2016-02-26,50.336220
2016-02-29,50.140137
2016-03-01,51.552006
2016-03-02,51.924568
2016-03-03,52.199081
2016-03-04,52.205624
2016-03-07,52.342876
2016-03-08,51.806900
2016-03-09,52.094509
2016-03-10,51.904949
2016-03-11,53.068428
2016-03-14,53.074951
2016-03-15,53.101097
2016-03-16,53.741646
2016-03-17,54.499882
2016-03-18,54.264565
2016-03-21,53.774803
2016-03-22,53.774803
2016-03-23,53.483990
2016-03-24,53.503815
2016-03-28,53.986309
2016-03-29,55.156178
2016-03-30,55.050415
2016-03-31,55.387531
2016-04-01,55.314831
2016-04-04,55.235497
2016-04-05,54.871994
2016-04-06,55.004177
2016-04-07,54.660469
2016-04-08,54.964520
2016-04-11,54.852146
2016-04-12,55.248726
2016-04-13,55.004177
2016-04-14,54.700134
2016-04-15,55.109917
2016-04-18,55.374283
2016-04-19,55.400723
2016-04-20,54.462181
2016-04-21,53.490601
2016-04-22,54.072220
2016-04-25,54.521687
2016-04-26,54.733181
2016-04-27,54.700134
2016-04-28,54.587776
2016-04-29,54.085468
2016-05-02,54.924850
2016-05-03,55.010788
2016-05-04,55.797302
2016-05-05,55.955940
2016-05-06,56.570621
2016-05-09,57.191925
2016-05-10,57.185291
2016-05-11,55.962528
2016-05-12,56.286423
2016-05-13,55.784077
2016-05-16,56.312843
2016-05-17,55.268539
2016-05-18,54.402695
2016-05-19,53.794624
2016-05-20,54.224251
2016-05-23,54.230873
2016-05-24,54.905022
2016-05-25,54.905022
2016-05-26,55.010788
2016-05-27,55.308205
2016-05-31,55.301579
2016-06-01,55.347851
2016-06-02,55.632069
2016-06-03,55.856785
2016-06-06,55.427166
2016-06-07,55.764263
2016-06-08,56.121170
2016-06-09,56.246738
2016-06-10,55.982365
2016-06-13,55.995602
2016-06-14,55.850182
2016-06-15,56.378933
2016-06-16,56.696198
2016-06-17,56.603657
2016-06-20,56.682953
2016-06-21,56.899055
2016-06-22,56.812359
2016-06-23,57.099113
2016-06-24,56.592281
2016-06-27,56.632278
2016-06-28,57.826035
2016-06-29,58.526257
2016-06-30,59.133148
2016-07-01,59.153156
2016-07-05,59.806675
2016-07-06,59.546600
2016-07-07,58.933075
2016-07-08,59.886734
2016-07-11,60.286842
2016-07-12,60.280167
2016-07-13,60.613628
2016-07-14,60.073444
2016-07-15,60.093441
2016-07-18,60.253510
2016-07-19,60.546917
2016-07-20,60.553589
2016-07-21,60.673653
2016-07-22,61.207172
2016-07-25,61.093796
2016-07-26,60.793686
2016-07-27,60.320190
2016-07-28,60.880360
2016-07-29,61.653950
2016-08-01,61.787354
2016-08-02,60.800354
2016-08-03,60.446915
2016-08-04,60.200134
2016-08-05,60.240189
2016-08-08,60.346867
2016-08-09,60.673653
2016-08-10,60.606953
2016-08-11,59.920059
2016-08-12,60.173481
2016-08-15,60.113457
2016-08-16,59.393234
2016-08-17,59.633286
2016-08-18,59.413216
2016-08-19,59.033127
2016-08-22,59.353222
2016-08-23,59.386562
2016-08-24,59.126469
2016-08-25,59.393234
2016-08-26,58.806339
2016-08-29,59.386562
2016-08-30,59.273186
2016-08-31,59.333210
2016-09-01,59.186481
2016-09-02,59.699982
2016-09-06,60.160126
2016-09-07,60.520241
2016-09-08,59.780025
2016-09-09,57.412548
2016-09-12,58.092762
2016-09-13,56.634296
2016-09-14,56.815590
2016-09-15,57.030464
2016-09-16,57.057327
2016-09-19,57.574387
2016-09-20,57.487103
2016-09-21,58.225742
2016-09-22,59.266571
2016-09-23,59.447865
2016-09-26,59.588886
2016-09-27,58.957699
2016-09-28,59.441162
2016-09-29,58.648788
2016-09-30,58.245888
2016-10-03,57.158051
2016-10-04,56.379089
2016-10-05,55.237568
2016-10-06,55.257725
2016-10-07,55.163692
2016-10-10,55.506161
2016-10-11,54.968979
2016-10-12,55.600182
2016-10-13,56.036655
2016-10-14,55.788197
2016-10-17,55.909073
2016-10-18,56.264965
2016-10-19,56.385838
2016-10-20,56.258244
2016-10-21,56.050098
2016-10-24,56.177654
2016-10-25,56.076958
2016-10-26,55.345020
2016-10-27,53.894562
2016-10-28,54.022137
2016-10-31,54.901814
2016-11-01,53.706535
2016-11-02,52.920879
2016-11-03,52.511284
2016-11-04,52.927612
2016-11-07,53.854275
2016-11-08,54.136311
2016-11-09,53.317078
2016-11-10,52.423985
2016-11-11,52.739574
2016-11-14,53.988575
2016-11-15,53.538651
2016-11-16,53.384247
2016-11-17,52.840309
2016-11-18,52.994759
2016-11-21,52.833611
2016-11-22,53.760265
2016-11-23,53.531963
2016-11-25,53.840839
2016-11-28,54.089310
2016-11-29,54.606346
2016-11-30,53.981857
2016-12-01,53.189480
2016-12-02,53.719982
2016-12-05,54.116161
2016-12-06,54.465332
2016-12-07,55.553154
2016-12-08,55.935944
2016-12-09,55.875473
2016-12-12,56.244804
2016-12-13,56.217957
2016-12-14,54.989113
2016-12-15,54.666782
2016-12-16,55.486038
2016-12-19,56.083660
2016-12-20,56.211235
2016-12-21,55.358444
2016-12-22,55.265869
2016-12-23,55.409859
2016-12-27,55.526413
2016-12-28,55.190460
2016-12-29,55.876049
2016-12-30,56.582222
2017-01-03,56.767342
2017-01-04,57.596912
2017-01-05,57.782032
2017-01-06,57.788864
2017-01-09,57.267811
2017-01-10,56.781055
2017-01-11,56.431381
2017-01-12,56.719326
2017-01-13,56.637077
2017-01-17,57.075851
2017-01-18,57.171837
2017-01-19,56.589081
2017-01-20,57.000435
2017-01-23,57.480347
2017-01-24,57.494068
2017-01-25,57.116978
2017-01-26,57.007290
2017-01-27,56.451954
2017-01-30,56.068027
2017-01-31,56.472530
2017-02-01,55.793800
2017-02-02,56.458832
2017-02-03,56.767342
2017-02-06,56.671345
2017-02-07,56.472530
2017-02-08,56.918175
2017-02-09,57.055290
2017-02-10,57.459782
2017-02-13,57.480347
2017-02-14,57.178677
2017-02-15,56.986744
2017-02-16,57.322670
2017-02-17,57.432350
2017-02-21,58.165951
2017-02-22,57.973965
2017-02-23,58.275639
2017-02-24,58.549892
2017-02-27,58.858376
2017-02-28,58.453899
2017-03-01,58.275639
2017-03-02,57.960266
2017-03-03,57.734028
2017-03-06,57.473484
2017-03-07,57.199265
2017-03-08,56.143444
2017-03-09,55.300163
2017-03-10,55.128765
2017-03-13,55.265869
2017-03-14,55.252167
2017-03-15,56.369678
2017-03-16,56.259991
2017-03-17,56.520527
2017-03-20,56.472530
2017-03-21,56.225727
2017-03-22,56.194641
2017-03-23,56.608997
2017-03-24,56.546860
2017-03-27,56.035793
2017-03-28,56.277508
2017-03-29,56.595165
2017-03-30,56.698776
2017-03-31,57.037182
2017-04-03,57.202915
2017-04-04,57.202915
2017-04-05,57.285789
2017-04-06,57.589657
2017-04-07,57.672550
2017-04-10,58.031635
2017-04-11,58.432198
2017-04-12,58.328621
2017-04-13,58.197399
2017-04-17,58.901791
2017-04-18,59.060669
2017-04-19,58.977779
2017-04-20,58.984684
2017-04-21,58.770576
2017-04-24,58.121418
2017-04-25,58.363132
2017-04-26,57.928059
2017-04-27,57.776112
2017-04-28,57.175289
2017-05-01,57.513680
2017-05-02,57.417000
2017-05-03,56.650440
2017-05-04,56.374184
2017-05-05,56.905964
2017-05-08,56.505409
2017-05-09,56.201550
2017-05-10,56.643536
2017-05-11,56.360386
2017-05-12,56.132481
2017-05-15,56.298225
2017-05-16,55.918385
2017-05-17,56.146286
2017-05-18,56.457050
2017-05-19,56.760933
2017-05-22,56.981934
2017-05-23,57.030258
2017-05-24,57.492958
2017-05-25,57.499893
2017-05-26,57.085518
2017-05-30,56.726391
2017-05-31,56.760933
2017-06-01,57.057899
2017-06-02,57.644932
2017-06-05,57.396282
2017-06-06,57.120049
2017-06-07,57.520603
2017-06-08,57.382462
2017-06-09,57.783043
2017-06-12,58.300968
2017-06-13,58.432198
2017-06-14,58.515079
2017-06-15,58.812038
2017-06-16,58.660095
2017-06-19,58.667015
2017-06-20,58.528889
2017-06-21,58.411476
2017-06-22,58.466736
2017-06-23,58.669613
2017-06-26,59.087936
2017-06-27,58.558056
2017-06-28,58.697506
2017-06-29,58.028206
2017-06-30,58.028206
2017-07-03,58.767227
2017-07-05,57.937538
2017-07-06,56.849911
2017-07-07,57.170647
2017-07-10,56.647728
2017-07-11,56.584984
2017-07-12,57.282177
2017-07-13,57.372826
2017-07-14,57.923615
2017-07-17,58.390736
2017-07-18,58.265232
2017-07-19,58.704475
2017-07-20,58.432556
2017-07-21,58.390736
2017-07-24,58.279175
2017-07-25,58.355865
2017-07-26,58.760273
2017-07-27,58.829960
2017-07-28,58.669613
2017-07-31,58.746319
2017-08-01,59.011230
2017-08-02,58.474419
2017-08-03,58.355865
2017-08-04,58.551079
2017-08-07,58.488338
2017-08-08,58.209457
2017-08-09,58.014240
2017-08-10,57.595928
2017-08-11,57.240372
2017-08-14,58.195507
2017-08-15,58.021206
2017-08-16,58.251297
2017-08-17,57.888733
2017-08-18,57.303112
2017-08-21,57.916653
2017-08-22,57.749298
2017-08-23,58.341927
2017-08-24,58.160683
2017-08-25,58.439545
2017-08-28,57.993340
2017-08-29,57.930561
2017-08-30,58.258270
2017-08-31,58.592911
2017-09-01,58.795101
2017-09-05,58.634758
2017-09-06,58.788124
2017-09-07,59.164639
2017-09-08,59.213421
2017-09-11,59.757252
2017-09-12,59.053051
2017-09-13,58.899693
2017-09-14,59.387730
2017-09-15,59.499290
2017-09-18,59.178562
2017-09-19,58.788124
2017-09-20,58.627785
2017-09-21,58.516228
2017-09-22,58.103477
2017-09-25,58.441574
2017-09-26,58.540184
2017-09-27,58.011890
2017-09-28,58.406353
2017-09-29,58.526096
2017-10-02,58.441574
2017-10-03,58.357021
2017-10-04,58.652897
2017-10-05,58.864182
2017-10-06,58.674007
2017-10-09,58.814877
2017-10-10,58.990986
2017-10-11,59.188183
2017-10-12,59.568558
2017-10-13,59.723541
2017-10-16,59.427681
2017-10-17,59.498127
2017-10-18,59.434727
2017-10-19,59.258648
2017-10-20,58.920525
2017-10-23,58.695156
2017-10-24,58.342949
2017-10-25,58.173897
2017-10-26,57.694931
2017-10-27,57.955544
2017-10-30,57.906261
2017-10-31,57.899204
2017-11-01,58.180977
2017-11-02,58.674007
2017-11-03,58.526096
2017-11-06,58.920525
2017-11-07,59.399517
2017-11-08,59.695362
2017-11-09,59.758728
2017-11-10,59.822147
2017-11-13,60.125011
2017-11-14,59.998241
2017-11-15,59.392467
2017-11-16,59.885521
2017-11-17,59.624924
2017-11-20,59.448830
2017-11-21,59.892555
2017-11-22,59.758728
2017-11-24,59.836208
2017-11-27,59.554489
2017-11-28,59.329075
2017-11-29,59.350201
2017-11-30,59.441780
2017-12-01,59.582653
2017-12-04,59.286793
2017-12-05,58.793758
2017-12-06,58.737400
2017-12-07,58.885303
2017-12-08,59.188183
2017-12-11,59.181152
2017-12-12,59.469948
2017-12-13,59.568558
2017-12-14,59.554489
2017-12-15,59.927795
2017-12-18,60.322250
2017-12-19,59.040295
2017-12-20,58.357021
2017-12-21,58.131023
2017-12-22,58.531593
2017-12-26,58.824833
2017-12-27,59.017967
2017-12-28,59.332687
2017-12-29,59.354141
2018-01-02,59.132420
2018-01-03,58.960743
2018-01-04,57.945045
2018-01-05,57.973663
2018-01-08,58.274082
2018-01-09,57.523033
2018-01-10,56.879265
2018-01-11,56.686153
2018-01-12,56.228363
2018-01-16,56.335648
2018-01-17,56.729061
2018-01-18,55.999489
2018-01-19,56.299896
2018-01-22,56.814892
2018-01-23,57.601719
2018-01-24,57.301285
2018-01-25,57.201149
2018-01-26,57.000881
2018-01-29,56.235516
2018-01-30,55.827808
2018-01-31,56.829205
2018-02-01,55.606064
2018-02-02,55.133987
2018-02-05,53.495991
2018-02-06,53.503143
2018-02-07,53.274254
2018-02-08,51.743553
2018-02-09,53.038193
2018-02-12,53.059662
2018-02-13,53.431606
2018-02-14,53.045361
2018-02-15,53.560341
2018-02-16,53.853630
2018-02-20,53.217018
2018-02-21,52.165565
2018-02-22,52.759239
2018-02-23,53.603264
2018-02-26,53.753490
2018-02-27,52.501743
2018-02-28,52.465973
2018-03-01,52.516045
2018-03-02,52.494579
2018-03-05,53.088264
2018-03-06,53.338631
2018-03-07,53.667656
2018-03-08,53.767780
2018-03-09,54.061054
2018-03-12,54.297104
2018-03-13,54.347164
2018-03-14,54.397232
2018-03-15,54.382938
2018-03-16,54.762032
2018-03-19,54.289940
2018-03-20,54.103970
2018-03-21,53.703423
2018-03-22,53.388687
2018-03-23,52.437370
2018-03-26,53.033936
2018-03-27,53.236176
2018-03-28,54.572289
2018-03-29,54.507309
2018-04-02,53.770607
2018-04-03,54.225636
2018-04-04,54.796196
2018-04-05,54.774529
2018-04-06,54.362850
2018-04-09,54.189518
2018-04-10,54.131737
2018-04-11,54.247295
2018-04-12,53.640610
2018-04-13,53.922283
2018-04-16,54.254517
2018-04-17,54.890091
2018-04-18,54.774529
2018-04-19,53.980072
2018-04-20,53.481728
2018-04-23,53.438377
2018-04-24,53.640610
2018-04-25,53.539490
2018-04-26,54.240070
2018-04-27,55.171753
2018-04-30,54.955082
2018-05-01,55.453426
2018-05-02,55.251202
2018-05-03,55.215092
2018-05-04,55.821774
2018-05-07,56.197334
2018-05-08,55.915680
2018-05-09,56.291233
2018-05-10,56.731823
2018-05-11,56.536777
2018-05-14,56.052891
2018-05-15,55.142872
2018-05-16,54.976757
2018-05-17,54.702305
2018-05-18,54.774529
2018-05-21,55.424541
2018-05-22,55.503990
2018-05-23,56.060131
2018-05-24,55.944553
2018-05-25,56.139545
2018-05-29,56.406784
2018-05-30,57.172348
2018-05-31,56.977364
2018-06-01,57.230141
2018-06-04,57.728497
2018-06-05,57.576797
2018-06-06,57.714031
2018-06-07,57.714031
2018-06-08,57.923481
2018-06-11,57.836815
2018-06-12,58.183479
2018-06-13,57.049564
2018-06-14,57.591251
2018-06-15,57.555138
2018-06-18,57.571186
2018-06-19,57.512863
2018-06-20,58.154324
2018-06-21,58.431316
2018-06-22,58.890560
2018-06-25,58.737473
2018-06-26,58.926994
2018-06-27,58.701023
2018-06-28,59.225853
2018-06-29,59.371628
2018-07-02,59.043625
2018-07-03,59.488277
2018-07-05,60.195354
2018-07-06,60.516083
2018-07-09,60.034992
2018-07-10,60.158909
2018-07-11,59.962086
2018-07-12,60.144314
2018-07-13,59.962086
2018-07-16,59.641354
2018-07-17,59.247715
2018-07-18,58.985302
2018-07-19,59.677795
2018-07-20,59.101952
2018-07-23,58.978016
2018-07-24,58.679153
2018-07-25,59.145676
2018-07-26,59.342480
2018-07-27,58.708309
2018-07-30,58.744762
2018-07-31,59.728817
2018-08-01,60.151604
2018-08-02,59.911064
2018-08-03,60.559826
2018-08-06,60.479630
2018-08-07,60.370277
2018-08-08,60.020397
2018-08-09,60.049564
2018-08-10,59.590340
2018-08-13,59.473698
2018-08-14,59.765259
2018-08-15,60.224491
2018-08-16,60.712906
2018-08-17,61.274170
2018-08-20,61.317898
2018-08-21,60.946140
2018-08-22,60.603539
2018-08-23,60.450466
2018-08-24,60.807648
2018-08-27,60.588974
2018-08-28,61.405376
2018-08-29,61.419949
2018-08-30,61.026333
2018-08-31,61.266872
2018-09-04,60.537945
2018-09-05,60.887833
2018-09-06,61.062775
2018-09-07,60.399460
2018-09-10,60.669140
2018-09-11,60.661854
2018-09-12,60.691013
2018-09-13,60.989883
2018-09-14,60.603539
2018-09-17,60.800373
2018-09-18,60.508804
2018-09-19,59.801716
2018-09-20,60.362991
2018-09-21,60.341141
2018-09-24,59.257542
2018-09-25,59.264915
2018-09-26,58.555351
2018-09-27,58.836216
2018-09-28,59.634499
2018-10-01,59.080166
2018-10-02,58.947086
2018-10-03,58.318821
2018-10-04,57.830975
2018-10-05,57.801407
2018-10-08,58.636658
2018-10-09,58.717964
2018-10-10,57.845779
2018-10-11,56.190063
2018-10-12,56.042236
2018-10-15,56.419212
2018-10-16,57.579666
2018-10-17,57.357922
2018-10-18,57.247047
2018-10-19,57.742275
2018-10-22,56.936596
2018-10-23,57.187923
2018-10-24,57.727482
2018-10-25,58.466640
2018-10-26,57.062271
2018-10-29,57.786636
2018-10-30,58.577522
2018-10-31,57.890102
2018-11-01,58.163605
2018-11-02,57.683155
2018-11-05,58.540546
2018-11-06,58.836216
2018-11-07,59.538422
2018-11-08,59.582748
2018-11-09,59.575371
2018-11-12,59.693649
2018-11-13,59.634499
2018-11-14,59.486671
2018-11-15,59.080166
2018-11-16,59.715813
2018-11-19,59.797127
2018-11-20,59.183605
2018-11-21,59.235367
2018-11-23,59.117107
2018-11-26,59.227974
2018-11-27,59.479290
2018-11-28,60.011467
2018-11-29,60.026230
2018-11-30,60.595387
2018-12-03,60.920620
2018-12-04,60.018833
2018-12-06,61.504562
2018-12-07,60.698872
2018-12-10,60.307129
2018-12-11,60.336689
2018-12-12,59.405392
2018-12-13,59.748676
2018-12-14,59.576660
2018-12-17,57.332703
2018-12-18,57.923630
2018-12-19,57.287819
2018-12-20,56.427643
2018-12-21,55.642277
2018-12-24,53.660133
2018-12-26,55.455288
2018-12-27,55.447792
2018-12-28,55.627312
2018-12-31,55.776909
2019-01-02,54.565174
2019-01-03,54.946648
2019-01-04,55.589916
2019-01-07,56.135956
2019-01-08,57.295307
2019-01-09,57.213036
2019-01-10,57.990940
2019-01-11,58.155487
2019-01-14,57.961025
2019-01-15,58.514526
2019-01-16,58.925911
2019-01-17,59.210140
2019-01-18,59.412098
2019-01-22,59.232582
2019-01-23,59.240044
2019-01-24,59.442005
2019-01-25,60.182526
2019-01-28,60.773426
2019-01-29,61.252121
2019-01-30,61.745773
2019-01-31,62.389084
2019-02-01,61.992619
2019-02-04,62.456364
2019-02-05,62.815403
2019-02-06,62.404018
2019-02-07,62.920124
2019-02-08,62.920124
2019-02-11,63.092133
2019-02-12,62.695747
2019-02-13,63.017345
2019-02-14,63.219341
2019-02-15,63.645668
2019-02-19,63.630707
2019-02-20,63.234291
2019-02-21,63.294117
2019-02-22,63.668125
2019-02-25,63.166962
2019-02-26,62.972485
2019-02-27,62.658337
2019-02-28,62.822887
2019-03-01,62.628403
2019-03-04,62.912674
2019-03-05,63.084675
2019-03-06,62.792973
2019-03-07,62.658337
2019-03-08,62.725647
2019-03-11,63.645668
2019-03-12,63.937378
2019-03-13,64.251549
2019-03-14,64.348747
2019-03-15,64.146812
2019-03-18,63.825188
2019-03-19,63.630707
2019-03-20,63.825188
2019-03-21,64.962112
2019-03-22,64.490891
2019-03-25,64.573174
2019-03-26,65.089256
2019-03-27,64.902267
2019-03-28,65.532036
2019-03-29,65.471794
2019-04-01,65.434128
2019-04-02,65.893654
2019-04-03,65.818329
2019-04-04,65.712875
2019-04-05,66.172371
2019-04-08,65.803253
2019-04-09,65.456726
2019-04-10,66.059395
2019-04-11,66.014198
2019-04-12,66.330574
2019-04-15,65.991585
2019-04-16,64.499992
2019-04-17,63.912407
2019-04-18,64.402077
2019-04-22,63.693958
2019-04-23,64.537651
2019-04-24,65.012276
2019-04-25,64.876671
2019-04-26,65.388924
2019-04-29,64.748581
2019-04-30,65.366318
2019-05-01,65.419067
2019-05-02,65.486847
2019-05-03,66.044312
2019-05-06,65.833382
2019-05-07,64.643135
2019-05-08,64.575317
2019-05-09,64.741043
2019-05-10,65.434128
2019-05-13,65.366318
2019-05-14,65.607391
2019-05-15,66.051857
2019-05-16,66.315529
2019-05-17,66.187447
2019-05-20,65.230736
2019-05-21,65.788185
2019-05-22,65.984055
2019-05-23,66.134712
2019-05-24,66.338104
2019-05-28,65.682732
2019-05-29,64.808861
2019-05-30,65.080040
2019-05-31,65.456726
2019-06-03,65.614914
2019-06-04,65.321114
2019-06-05,66.684654
2019-06-06,66.812714
2019-06-07,67.061310
2019-06-10,66.842865
2019-06-11,67.023659
2019-06-12,67.249649
2019-06-13,67.535919
2019-06-14,67.573578
2019-06-17,68.296768
2019-06-18,68.228973
2019-06-19,68.598083
2019-06-20,68.944626
2019-06-21,67.972855
2019-06-24,67.739304
2019-06-25,66.737373
2019-06-26,65.403976
2019-06-27,66.245941
2019-06-28,66.474113
2019-07-01,66.443703
2019-07-02,67.599754
2019-07-03,68.405975
2019-07-05,68.162613
2019-07-08,68.405975
2019-07-09,68.634140
2019-07-10,69.029648
2019-07-11,68.132179
2019-07-12,68.040901
2019-07-15,67.987640
2019-07-16,67.827942
2019-07-17,67.599754
2019-07-18,67.599754
2019-07-19,66.496956
2019-07-22,66.436089
2019-07-23,67.189079
2019-07-24,67.242294
2019-07-25,66.846802
2019-07-26,67.151047
2019-07-29,67.333572
2019-07-30,67.873550
2019-07-31,67.607361
2019-08-01,67.607361
2019-08-02,67.934418
2019-08-05,66.595818
2019-08-06,67.333572
2019-08-07,67.987640
2019-08-08,69.181763
2019-08-09,69.098091
2019-08-12,68.915550
2019-08-13,69.014442
2019-08-14,67.964851
2019-08-15,68.641754
2019-08-16,69.349075
2019-08-19,69.851059
2019-08-20,69.356689
2019-08-21,69.645714
2019-08-22,69.965134
2019-08-23,68.983994
2019-08-26,69.516426
2019-08-27,69.318657
2019-08-28,69.546829
2019-08-29,70.086845
2019-08-30,70.140083
2019-09-03,70.839828
2019-09-04,71.433052
2019-09-05,70.915886
2019-09-06,71.075592
2019-09-09,70.733345
2019-09-10,70.003166
2019-09-11,70.079262
2019-09-12,70.451920
2019-09-13,69.698952
2019-09-16,70.307396
2019-09-17,71.067986
2019-09-18,70.824600
2019-09-19,71.075592
2019-09-20,71.075592
2019-09-23,71.189674
2019-09-24,71.031723
2019-09-25,71.169716
2019-09-26,71.767731
2019-09-27,71.369072
2019-09-30,71.491745
2019-10-01,70.817078
2019-10-02,70.518074
2019-10-03,71.200417
2019-10-04,71.629730
2019-10-07,71.476418
2019-10-08,71.100739
2019-10-09,71.238747
2019-10-10,71.353737
2019-10-11,71.323067
2019-10-14,71.353737
2019-10-15,71.445747
2019-10-16,71.453384
2019-10-17,71.921066
2019-10-18,72.473076
2019-10-21,73.025070
2019-10-22,72.810402
2019-10-23,72.971413
2019-10-24,72.787399
2019-10-25,72.166389
2019-10-28,71.729408
2019-10-29,72.166389
2019-10-30,72.427078
2019-10-31,72.296753
2019-11-01,72.281380
2019-11-04,71.775406
2019-11-05,70.556412
2019-11-06,70.709747
2019-11-07,70.004410
2019-11-08,69.835739
2019-11-11,69.989067
2019-11-12,69.460083
2019-11-13,70.096413
2019-11-14,70.640762
2019-11-15,71.024078
2019-11-18,71.369072
2019-11-19,71.491745
2019-11-20,71.453384
2019-11-21,70.449081
2019-11-22,70.188400
2019-11-25,70.410728
2019-11-26,71.346069
2019-11-27,71.683411
2019-11-29,71.353737
2019-12-02,70.272736
2019-12-03,70.725082
2019-12-04,71.016411
2019-12-05,71.054726
2019-12-06,71.200417
2019-12-09,71.338402
2019-12-10,70.924416
2019-12-11,70.203743
2019-12-12,69.253052
2019-12-13,69.268402
2019-12-16,69.766724
2019-12-17,69.107391
2019-12-18,69.949707
2019-12-19,70.569626
2019-12-20,70.957100
2019-12-23,70.600624
2019-12-24,70.786613
2019-12-26,71.096558
2019-12-27,71.321281
2019-12-30,71.391022
2019-12-31,71.902451
2020-01-02,71.057831
2020-01-03,71.499496
2020-01-06,71.584747
2020-01-07,70.786613
2020-01-08,71.003571
2020-01-09,70.964828
2020-01-10,71.507248
2020-01-13,72.367386
2020-01-14,72.096169
2020-01-15,72.747093
2020-01-16,73.328247
2020-01-17,73.397987
2020-01-21,74.095398
2020-01-22,73.599457
2020-01-23,74.219383
2020-01-24,73.963684
2020-01-27,73.607224
2020-01-28,73.901688
2020-01-29,73.630455
2020-01-30,73.684708
2020-01-31,72.785835
2020-02-03,73.026047
2020-02-04,73.777687
2020-02-05,73.824181
2020-02-06,74.072144
2020-02-07,74.056656
2020-02-10,74.885803
2020-02-11,75.451462
2020-02-12,75.900902
2020-02-13,76.358101
2020-02-14,77.148506
2020-02-18,77.063248
2020-02-19,76.024879
2020-02-20,76.931534
2020-02-21,77.156227
2020-02-24,76.102348
2020-02-25,74.041161
2020-02-26,73.243011
2020-02-27,69.345284
2020-02-28,67.671524
2020-03-02,70.561867
2020-03-03,70.399162
2020-03-04,73.057053
2020-03-05,71.491760
2020-03-06,70.259674
2020-03-09,64.843163
2020-03-10,67.582695
2020-03-11,63.521797
2020-03-12,57.086838
2020-03-13,62.069252
2020-03-16,51.065777
2020-03-17,54.017746
2020-03-18,48.879147
2020-03-19,49.050961
2020-03-20,46.606609
2020-03-23,44.443394
2020-03-24,48.441822
2020-03-25,51.050163
2020-03-26,54.650307
2020-03-27,54.704979
2020-03-30,55.899811
2020-03-31,54.548779
2020-04-01,50.964256
2020-04-02,51.136070
2020-04-03,50.394161
2020-04-06,54.127071
2020-04-07,54.626877
2020-04-08,58.351971
2020-04-09,61.624123
2020-04-13,59.031391
2020-04-14,60.686977
2020-04-15,58.281685
2020-04-16,57.617893
2020-04-17,59.437469
2020-04-20,57.227413
2020-04-21,56.188755
2020-04-22,57.047813
2020-04-23,56.571423
2020-04-24,56.813515
2020-04-27,58.758060
2020-04-28,59.242249
2020-04-29,60.132515
2020-04-30,59.437469
2020-05-01,57.430466
2020-05-04,57.149319
2020-05-05,57.430466
2020-05-06,56.399624
2020-05-07,57.203991
2020-05-08,58.562824
2020-05-11,57.711601
2020-05-12,55.087631
2020-05-13,53.752228
2020-05-14,53.939648
2020-05-15,53.728798
2020-05-18,56.907242
2020-05-19,56.141903
2020-05-20,56.641712
2020-05-21,56.688564
2020-05-22,57.453892
2020-05-26,59.601471
2020-05-27,60.788509
2020-05-28,61.077457
2020-05-29,60.468311
2020-06-01,61.866211
2020-06-02,62.366028
2020-06-03,64.365204
2020-06-04,63.724838
2020-06-05,66.137962
2020-06-08,67.777939
2020-06-09,66.653374
2020-06-10,64.958740
2020-06-11,60.788509
2020-06-12,62.967335
2020-06-15,63.857601
2020-06-16,65.114914
2020-06-17,64.169991
2020-06-18,63.467144
2020-06-19,62.545609
2020-06-22,62.483166
2020-06-23,62.225437
2020-06-24,60.452709
2020-06-25,61.224812
2020-06-26,60.049702
2020-06-29,61.209064
2020-06-30,61.934639
2020-07-01,63.362118
2020-07-02,63.180733
2020-07-06,63.149197
2020-07-07,61.895184
2020-07-08,61.808437
2020-07-09,61.421986
2020-07-10,61.611279
2020-07-13,60.877781
2020-07-14,61.390442
2020-07-15,61.989834
2020-07-16,61.248493
2020-07-17,62.045048
2020-07-20,61.303696
2020-07-21,61.453533
2020-07-22,62.392059
2020-07-23,62.131817
2020-07-24,61.674366
2020-07-27,62.257988
2020-07-28,63.496212
2020-07-29,64.726547
2020-07-30,64.308540
2020-07-31,64.190247
2020-08-03,63.338459
2020-08-04,64.284882
2020-08-05,63.961502
2020-08-06,64.064041
2020-08-07,64.978912
2020-08-10,65.081413
2020-08-11,64.142906
2020-08-12,64.789627
2020-08-13,63.993050
2020-08-14,64.000946
2020-08-17,64.521469
2020-08-18,64.213882
2020-08-19,63.086098
2020-08-20,63.685486
2020-08-21,63.788013
2020-08-24,64.198105
2020-08-25,64.363731
2020-08-26,63.772236
2020-08-27,64.710762
2020-08-28,65.136650
2020-08-31,64.474167
2020-09-01,64.521469
2020-09-02,65.720261
2020-09-03,64.931580
2020-09-04,64.592468
2020-09-08,63.803799
2020-09-09,64.434753
2020-09-10,63.646046
2020-09-11,63.291145
2020-09-14,64.836952
2020-09-15,65.617744
2020-09-16,65.964745
2020-09-17,64.679199
2020-09-18,63.220169
2020-09-21,61.319462
2020-09-22,62.052921
2020-09-23,60.183746
2020-09-24,60.507118
2020-09-25,61.754936
2020-09-28,63.018646
2020-09-29,62.565636
2020-09-30,62.756378
2020-10-01,64.012138
2020-10-02,65.116890
2020-10-05,65.490440
2020-10-06,65.061249
2020-10-07,65.156639
2020-10-08,66.245491
2020-10-09,65.983215
2020-10-12,66.293182
2020-10-13,65.156639
2020-10-14,64.361855
2020-10-15,64.695656
2020-10-16,64.234680
2020-10-19,63.233238
2020-10-20,63.686272
2020-10-21,63.495518
2020-10-22,63.487576
2020-10-23,63.869087
2020-10-26,62.955051
2020-10-27,61.945705
2020-10-28,60.467403
2020-10-29,61.278065
2020-10-30,60.872726
2020-11-02,62.327183
2020-11-03,63.527328
2020-11-04,63.638580
2020-11-05,63.940605
2020-11-06,63.503483
2020-11-09,65.752724
2020-11-10,66.714409
2020-11-11,66.968758
2020-11-12,66.094498
2020-11-13,67.858887
2020-11-16,68.621880
2020-11-17,68.685471
2020-11-18,67.350243
2020-11-19,67.612526
2020-11-20,67.246933
2020-11-23,67.374077
2020-11-24,67.731728
2020-11-25,67.771469
2020-11-27,67.469467
2020-11-30,66.762085
2020-12-01,67.620461
2020-12-02,67.087952
2020-12-03,67.652267
2020-12-04,68.685471
2020-12-07,68.089371
2020-12-08,67.850960
2020-12-09,67.429710
2020-12-10,67.135643
2020-12-11,67.072083
2020-12-14,66.777985
2020-12-15,68.145042
2020-12-16,68.224503
2020-12-17,68.884178
2020-12-18,67.501259
2020-12-21,67.119766
2020-12-22,67.588684
2020-12-23,67.151550
2020-12-24,67.739449
2020-12-28,68.143250
2020-12-29,67.561783
2020-12-30,67.933273
2020-12-31,68.587425
2021-01-04,66.358505
2021-01-05,66.455421
2021-01-06,66.568481
2021-01-07,66.439247
2021-01-08,67.085320
2021-01-11,66.196991
2021-01-12,66.350433
2021-01-13,67.158012
2021-01-14,67.553726
2021-01-15,68.328995
2021-01-19,68.135162
2021-01-20,69.435379
2021-01-21,69.104271
2021-01-22,69.265755
2021-01-25,69.790695
2021-01-26,70.283302
2021-01-27,69.039658
2021-01-28,69.411125
2021-01-29,68.611633
2021-02-01,70.178322
2021-02-02,70.598274
2021-02-03,70.420616
2021-02-04,70.905136
2021-02-05,71.155510
2021-02-08,71.543137
2021-02-09,71.793495
2021-02-10,72.181122
2021-02-11,72.334572
2021-02-12,72.350731
2021-02-16,71.793495
2021-02-17,71.704674
2021-02-18,71.397766
2021-02-19,71.809631
2021-02-22,72.407249
2021-02-23,72.859505
2021-02-24,73.416718
2021-02-25,72.011536
2021-02-26,70.961708
2021-03-01,71.276649
2021-03-02,70.590202
2021-03-03,70.186417
2021-03-04,69.386917
2021-03-05,70.146027
2021-03-08,70.751717
2021-03-09,71.220123
2021-03-10,71.930779
2021-03-11,72.770660
2021-03-12,73.990089
2021-03-15,75.088402
2021-03-16,74.781532
2021-03-17,74.846138
2021-03-18,74.086998
2021-03-19,73.077538
2021-03-22,73.594376
2021-03-23,73.489403
2021-03-24,73.077538
2021-03-25,73.821587
2021-03-26,75.413704
2021-03-29,74.975052
2021-03-30,75.072548
2021-03-31,74.617653
2021-04-01,75.974197
2021-04-05,76.266617
2021-04-06,76.461578
2021-04-07,76.518425
2021-04-08,76.234123
2021-04-09,76.144768
2021-04-12,76.591545
2021-04-13,76.973312
2021-04-14,76.567169
2021-04-15,77.907463
2021-04-16,78.078033
2021-04-19,78.232376
2021-04-20,78.874100
2021-04-21,79.393959
2021-04-22,78.963448
2021-04-23,79.426460
2021-04-26,79.662025
2021-04-27,79.653915
2021-04-28,79.483307
2021-04-29,80.165634
2021-04-30,80.482430
2021-05-03,80.328125
2021-05-04,79.808243
2021-05-05,78.484200
2021-05-06,78.922844
2021-05-07,79.962578
2021-05-10,79.938225
2021-05-11,78.930954
2021-05-12,76.932693
2021-05-13,77.931824
2021-05-14,78.857849
2021-05-17,78.939072
2021-05-18,78.955322
2021-05-19,78.703514
2021-05-20,79.588921
2021-05-21,79.507675
2021-05-24,80.498695
2021-05-25,80.474319
2021-05-26,80.831726
2021-05-27,80.644897
2021-05-28,81.132271
2021-06-01,82.594421
2021-06-02,83.561050
2021-06-03,83.252373
2021-06-04,83.292999
2021-06-07,84.275879
2021-06-08,84.974442
2021-06-09,85.088173
2021-06-10,85.697395
2021-06-11,85.356232
2021-06-14,85.689270
2021-06-15,84.771370
2021-06-16,84.219025
2021-06-17,84.113419
2021-06-18,82.683769
2021-06-21,84.389595
2021-06-22,83.950943
2021-06-23,83.804741
2021-06-24,83.623947
2021-06-25,84.188416
2021-06-28,83.942986
2021-06-29,83.713943
2021-06-30,83.272171
2021-07-01,83.632133
2021-07-02,83.885742
2021-07-06,84.499283
2021-07-07,84.793800
2021-07-08,84.556549
2021-07-09,85.947289
2021-07-12,86.683548
2021-07-13,85.472809
2021-07-14,86.069992
2021-07-15,86.209068
2021-07-16,86.151802
2021-07-19,84.581085
2021-07-20,86.577202
2021-07-21,86.569031
2021-07-22,85.881851
2021-07-23,86.593552
2021-07-26,86.634460
2021-07-27,87.125305
2021-07-28,86.822632
2021-07-29,86.838989
2021-07-30,86.953537
2021-08-02,86.765358
2021-08-03,86.871727
2021-08-04,86.601753
2021-08-05,87.616173
2021-08-06,87.460739
2021-08-09,86.994423
2021-08-10,86.168175
2021-08-11,86.675377
2021-08-12,86.863541
2021-08-13,87.338013
2021-08-16,87.231659
2021-08-17,87.141678
2021-08-18,86.348137
2021-08-19,86.765358
2021-08-20,87.198952
2021-08-23,87.035332
2021-08-24,86.650833
2021-08-25,86.593552
2021-08-26,86.626289
2021-08-27,87.534363
2021-08-30,88.409698
2021-08-31,88.826927
2021-09-01,90.250374
2021-09-02,90.724854
2021-09-03,90.741226
2021-09-07,89.718628
2021-09-08,90.168579
2021-09-09,88.336082
2021-09-10,87.043510
2021-09-13,87.632530
2021-09-14,87.477097
2021-09-15,87.755257
2021-09-16,87.828873
2021-09-17,87.043510
2021-09-20,86.511772
2021-09-21,86.552673
2021-09-22,87.395294
2021-09-23,87.223480
2021-09-24,86.290863
2021-09-27,85.130211
2021-09-28,84.553993
2021-09-29,85.187828
2021-09-30,83.780251
2021-10-01,84.965584
2021-10-04,84.982048
2021-10-05,84.397606
2021-10-06,85.204292
2021-10-07,85.434792
2021-10-08,84.628105
2021-10-11,84.842102
2021-10-12,85.953362
2021-10-13,86.578949
2021-10-14,87.632591
2021-10-15,87.566727
2021-10-18,87.788986
2021-10-19,87.830139
2021-10-20,89.213028
2021-10-21,89.336510
2021-10-22,89.756310
2021-10-25,90.044418
2021-10-26,90.291359
2021-10-27,89.525864
2021-10-28,90.777031
2021-10-29,89.756310
2021-11-01,90.200829
2021-11-02,90.628845
2021-11-03,90.933426
2021-11-04,90.069122
2021-11-05,90.530083
2021-11-08,90.456009
2021-11-09,90.612404
2021-11-10,90.192589
2021-11-11,90.340759
2021-11-12,90.274902
2021-11-15,90.908730
2021-11-16,90.307823
2021-11-17,90.587715
2021-11-18,90.604149
2021-11-19,90.069122
2021-11-22,89.624619
2021-11-23,90.348991
2021-11-24,91.443764
2021-11-26,88.900238
2021-11-29,89.558777
2021-11-30,87.863068
2021-12-01,86.414345
2021-12-02,89.007263
2021-12-03,88.710922
2021-12-06,90.266670
2021-12-07,91.567245
2021-12-08,92.225784
2021-12-09,90.892265
2021-12-10,91.172150
2021-12-13,92.028214
2021-12-14,90.851112
2021-12-15,92.126991
2021-12-16,92.094063
2021-12-17,91.978836
2021-12-20,91.262695
2021-12-21,92.291611
2021-12-22,93.238243
2021-12-23,93.139465
2021-12-27,94.720634
2021-12-28,95.069611
2021-12-29,95.709366
2021-12-30,96.124825
2021-12-31,96.390724
2022-01-03,95.634613
2022-01-04,95.518280
2022-01-05,92.784683
2022-01-06,92.867767
2022-01-07,92.252914
2022-01-10,91.721153
2022-01-11,91.862404
2022-01-12,91.970428
2022-01-13,91.787628
2022-01-14,90.956749
2022-01-18,90.001228
2022-01-19,88.788132
2022-01-20,87.649818
2022-01-21,87.433823
2022-01-24,87.599976
2022-01-25,87.251007
2022-01-26,85.888367
2022-01-27,84.467552
2022-01-28,87.201157
2022-01-31,88.272980
2022-02-01,87.957245
2022-02-02,89.078957
2022-02-03,88.131729
2022-02-04,87.259293
2022-02-07,87.134682
2022-02-08,86.727562
2022-02-09,88.688423
2022-02-10,86.594604
2022-02-11,85.805267
2022-02-14,85.024231
2022-02-15,85.788651
2022-02-16,86.187477
2022-02-17,85.273499
2022-02-18,84.758347
2022-02-22,84.450928
2022-02-23,83.055031
2022-02-24,84.450928
2022-02-25,86.486580
2022-02-28,85.198715
2022-03-01,84.750046
2022-03-02,86.337036
2022-03-03,87.043297
2022-03-04,87.442093
2022-03-07,85.713875
2022-03-08,85.298447
2022-03-09,86.611229
2022-03-10,86.827255
2022-03-11,86.137604
2022-03-14,85.464607
2022-03-15,86.037918
2022-03-16,87.059891
2022-03-17,88.405937
2022-03-18,88.405937
2022-03-21,87.865860
2022-03-22,88.090195
2022-03-23,87.101891
2022-03-24,87.653267
2022-03-25,88.747688
2022-03-28,89.691719
2022-03-29,92.323318
2022-03-30,91.654976
2022-03-31,90.535515
2022-04-01,92.298248
2022-04-04,91.847130
2022-04-05,91.395988
2022-04-06,92.482056
2022-04-07,91.563065
2022-04-08,91.713463
2022-04-11,90.727646
2022-04-12,90.593987
2022-04-13,91.237251
2022-04-14,90.844612
2022-04-18,90.477020
2022-04-19,92.448631
2022-04-20,93.985817
2022-04-21,93.334183
2022-04-22,91.696747
2022-04-25,91.462822
2022-04-26,89.959045
2022-04-27,89.365913
2022-04-28,91.011688
2022-04-29,86.834549
2022-05-02,84.737617
2022-05-03,85.790253
2022-05-04,86.776070
2022-05-05,84.461906
2022-05-06,83.459412
2022-05-09,79.783524
2022-05-10,78.329872
2022-05-11,78.162796
2022-05-12,78.772652
2022-05-13,80.852852
2022-05-16,80.343262
2022-05-17,81.437668
2022-05-18,79.073418
2022-05-19,78.722527
2022-05-20,79.223770
2022-05-23,80.142769
2022-05-24,80.819458
2022-05-25,81.504509
2022-05-26,81.604767
2022-05-27,83.793587
2022-05-31,82.766014
2022-06-01,82.080963
2022-06-02,83.208778
2022-06-03,82.097656
2022-06-06,81.838684
2022-06-07,82.966499
2022-06-08,81.053383
2022-06-09,79.131874
2022-06-10,77.377495
2022-06-13,73.509438
2022-06-14,72.949692
2022-06-15,74.679062
2022-06-16,72.715797
2022-06-17,73.267166
2022-06-21,74.286400
2022-06-22,75.230431
2022-06-23,76.659714
2022-06-24,78.290771
2022-06-27,78.173065
2022-06-28,77.223015
2022-06-29,76.743782
2022-06-30,76.600845
2022-07-01,77.979691
2022-07-05,77.761086
2022-07-06,77.618156
2022-07-07,77.828369
2022-07-08,77.416374
2022-07-11,77.248230
2022-07-12,76.945549
2022-07-13,76.575638
2022-07-14,75.886230
2022-07-15,77.172585
2022-07-18,76.626083
2022-07-19,78.610252
2022-07-20,78.425285
2022-07-21,79.047432
2022-07-22,79.459427
2022-07-25,79.593910
2022-07-26,79.678001
2022-07-27,80.157234
2022-07-28,82.755150
2022-07-29,83.200760
2022-08-01,82.528145
2022-08-02,81.468796
2022-08-03,81.729431
2022-08-04,81.603317
2022-08-05,81.830322
2022-08-08,82.561783
2022-08-09,83.015785
2022-08-10,84.276901
2022-08-11,84.075142
2022-08-12,85.521217
2022-08-15,85.865921
2022-08-16,85.638924
2022-08-17,85.126076
2022-08-18,84.562767
2022-08-19,83.671570
2022-08-22,81.847145
2022-08-23,80.796211
2022-08-24,81.258614
2022-08-25,82.469292
2022-08-26,80.392654
2022-08-29,79.669594
2022-08-30,78.568192
2022-08-31,78.198288
2022-09-01,78.341217
2022-09-02,77.248230
2022-09-06,77.946053
2022-09-07,79.467796
2022-09-08,79.686417
2022-09-09,80.552376
2022-09-12,81.334290
2022-09-13,78.223511
2022-09-14,77.332291
2022-09-15,75.903030
2022-09-16,75.911438
2022-09-19,75.802147
2022-09-20,73.960892
2022-09-21,72.792252
2022-09-22,71.867416
2022-09-23,70.912178
2022-09-26,68.923515
2022-09-27,68.005646
2022-09-28,69.416435
2022-09-29,67.376778
2022-09-30,68.133156
2022-10-03,69.348450
2022-10-04,70.750702
2022-10-05,69.365440
2022-10-06,67.436279
2022-10-07,65.813049
2022-10-10,65.192642
2022-10-11,65.855530
2022-10-12,65.167145
2022-10-13,66.356941
2022-10-14,64.708206
2022-10-17,67.147324
2022-10-18,67.878189
2022-10-19,66.186958
2022-10-20,65.898033
2022-10-21,66.416435
2022-10-24,66.407928
2022-10-25,69.016998
2022-10-26,68.974510
2022-10-27,69.076492
2022-10-28,70.597740
2022-10-31,70.521255
2022-11-01,70.495750
2022-11-02,68.558083
2022-11-03,68.464592
2022-11-04,69.399437
2022-11-07,69.399437
2022-11-08,69.611900
2022-11-09,68.898033
2022-11-10,73.937675
2022-11-11,73.929192
2022-11-14,72.127480
2022-11-15,72.909370
2022-11-16,72.246460
2022-11-17,71.753540
2022-11-18,72.662895
2022-11-21,73.045334
2022-11-22,73.444748
2022-11-23,73.504250
2022-11-25,73.971695
2022-11-28,71.991508
2022-11-29,73.181305
2022-11-30,74.855522
2022-12-01,74.694054
2022-12-02,74.473106
2022-12-05,73.113312
2022-12-06,72.424934
2022-12-07,72.569405
2022-12-08,73.079308
2022-12-09,72.943344
2022-12-12,73.504250
2022-12-13,74.864021
2022-12-14,74.354103
2022-12-15,73.359764
2022-12-16,71.464592
2022-12-19,70.555252
2022-12-20,70.376762
2022-12-21,70.980171
2022-12-22,70.681984
2022-12-23,71.311104
2022-12-27,71.285263
2022-12-28,70.070038
2022-12-29,71.604164
2022-12-30,71.087044
2023-01-03,71.155991
2023-01-04,72.767677
2023-01-05,70.811249
2023-01-06,72.715973
2023-01-09,72.741829
2023-01-10,72.905586
2023-01-11,75.517059
2023-01-12,76.473724
2023-01-13,75.999702
2023-01-17,76.215179
2023-01-18,75.103355
2023-01-19,74.689659
2023-01-20,75.577385
2023-01-23,75.922134
2023-01-24,76.111763
2023-01-25,76.146210
2023-01-26,76.999474
2023-01-27,77.861343
2023-01-30,76.870201
2023-01-31,78.481888
2023-02-01,78.964539
2023-02-02,80.757225
2023-02-03,79.240341
2023-02-06,78.662888
2023-02-07,78.490501
2023-02-08,78.119904
2023-02-09,77.266663
2023-02-10,77.533821
2023-02-13,78.223335
2023-02-14,77.602783
2023-02-15,77.913055
2023-02-16,77.154594
2023-02-17,76.852966
2023-02-21,75.310234
2023-02-22,74.629326
2023-02-23,75.189545
2023-02-24,73.870888
2023-02-27,73.982933
2023-02-28,73.879501
2023-03-01,72.948685
2023-03-02,73.801941
2023-03-03,74.922371
2023-03-06,74.629326
2023-03-07,72.888359
2023-03-08,73.724373
2023-03-09,72.035088
2023-03-10,69.647720
2023-03-13,70.561302
2023-03-14,71.242203
2023-03-15,71.190475
2023-03-16,71.035332
2023-03-17,69.423630
2023-03-20,70.216553
2023-03-21,69.906273
2023-03-22,67.294815
2023-03-23,66.872513
2023-03-24,68.587402
2023-03-27,68.509041
2023-03-28,68.343674
2023-03-29,69.858345
2023-03-30,70.772369
2023-03-31,72.287056
2023-04-03,71.712524
2023-04-04,71.616768
2023-04-05,71.233742
2023-04-06,71.721230
2023-04-10,72.052025
2023-04-11,72.356705
2023-04-12,72.008499
2023-04-13,71.790878
2023-04-14,70.676636
2023-04-17,72.147781
2023-04-18,71.982391
2023-04-19,72.408951
2023-04-20,71.695107
2023-04-21,71.703819
2023-04-24,71.433960
2023-04-25,70.728851
2023-04-26,70.049843
2023-04-27,71.634193
2023-04-28,72.513405
2023-05-01,71.973679
2023-05-02,70.754974
2023-05-03,70.476387
2023-05-04,71.059647
2023-05-05,72.243538
2023-05-08,71.825691
2023-05-09,71.521027
2023-05-10,72.208702
2023-05-11,71.416565
2023-05-12,71.407829
2023-05-15,71.285995
2023-05-16,69.501442
2023-05-17,70.441589
2023-05-18,70.102089
2023-05-19,69.988922
2023-05-22,70.415459
2023-05-23,69.753883
2023-05-24,68.256599
2023-05-25,68.247910
2023-05-26,69.031380
2023-05-30,69.292519
2023-05-31,69.640709
2023-06-01,69.649422
2023-06-02,71.346909
2023-06-05,70.850723
2023-06-06,71.529716
2023-06-07,72.844193
2023-06-08,72.391525
2023-06-09,71.973679
2023-06-12,71.991089
2023-06-13,72.452469
2023-06-14,72.722313
2023-06-15,73.105347
2023-06-16,73.053101
2023-06-20,72.191315
2023-06-21,71.756050
2023-06-22,70.728851
2023-06-23,69.753883
2023-06-26,71.364334
2023-06-27,72.243538
2023-06-28,72.348000
2023-06-29,73.156151
2023-06-30,73.561089
2023-07-03,74.282974
2023-07-05,74.450264
2023-07-06,73.878006
2023-07-07,73.710754
2023-07-10,74.027687
2023-07-11,75.084099
2023-07-12,75.489059
2023-07-13,75.973228
2023-07-14,75.823578
2023-07-17,75.330589
2023-07-18,74.916824
2023-07-19,75.761940
2023-07-20,75.515457
2023-07-21,75.867592
2023-07-24,76.492622
2023-07-25,75.946815
2023-07-26,76.290169
2023-07-27,74.635124
2023-07-28,74.573494
2023-07-31,75.057678
2023-08-01,74.934433
2023-08-02,74.503059
2023-08-03,73.693146
2023-08-04,73.094513
2023-08-07,74.010063
2023-08-08,73.534698
2023-08-09,73.525879
2023-08-10,73.244179
2023-08-11,73.358635
2023-08-14,72.874443
2023-08-15,72.055717
2023-08-16,71.166580
2023-08-17,70.594353
2023-08-18,70.814445
2023-08-21,70.162994
2023-08-22,70.365463
2023-08-23,71.474709
2023-08-24,71.201790
2023-08-25,71.254631
2023-08-28,71.923676
2023-08-29,72.795212
2023-08-30,73.059296
2023-08-31,72.522301
2023-09-01,72.645554
2023-09-05,71.800430
2023-09-06,71.650772
2023-09-07,72.099739
2023-09-08,71.818031
2023-09-11,71.826836
2023-09-12,71.791626
2023-09-13,71.008133
2023-09-14,72.293419
2023-09-15,72.020500
2023-09-18,71.377869
2023-09-19,71.052132
2023-09-20,71.113754
2023-09-21,68.692833
2023-09-22,68.173439
2023-09-25,68.111809
2023-09-26,66.870537
2023-09-27,66.421547
2023-09-28,67.058899
2023-09-29,67.254471
2023-10-02,66.018883
2023-10-03,64.729980
2023-10-04,65.521103
2023-10-05,65.885551
2023-10-06,66.063316
2023-10-09,66.783340
2023-10-10,67.103340
2023-10-11,68.267830
2023-10-12,67.272232
2023-10-13,67.103340
2023-10-16,67.903358
2023-10-17,67.805573
2023-10-18,66.365547
2023-10-19,64.792183
2023-10-20,64.356628
2023-10-23,63.725510
2023-10-24,64.543312
2023-10-25,63.156609
2023-10-26,64.365524
2023-10-27,63.334393
2023-10-30,63.734394
2023-10-31,64.818871
2023-11-01,65.218857
2023-11-02,67.361115
2023-11-03,68.970039
2023-11-06,67.974487
2023-11-07,67.414452
2023-11-08,67.636688
2023-11-09,66.570000
2023-11-10,67.192230
2023-11-13,66.632225
2023-11-14,70.330070
2023-11-15,70.534508
2023-11-16,70.383400
2023-11-17,70.330070
2023-11-20,70.845627
2023-11-21,70.347847
2023-11-22,70.694511
2023-11-24,70.898979
2023-11-27,71.156754
2023-11-28,71.627876
2023-11-29,72.125641
2023-11-30,72.650108
2023-12-01,74.436798
2023-12-04,74.979042
2023-12-05,74.481255
2023-12-06,74.259026
2023-12-07,74.472343
2023-12-08,74.347916
2023-12-11,74.552361
2023-12-12,74.507912
2023-12-13,77.361282
2023-12-14,79.592438
2023-12-15,78.472435
2023-12-18,78.294640
2023-12-19,78.890205
2023-12-20,77.930183
2023-12-21,78.621292
2023-12-22,78.927246
2023-12-26,79.512154
2023-12-27,79.899101
2023-12-28,80.466011
2023-12-29,79.512154
2024-01-02,80.196075
2024-01-03,78.279350
2024-01-04,78.135368
2024-01-05,77.937393
2024-01-08,79.053230
2024-01-09,78.522301
2024-01-10,78.612297
2024-01-11,77.883408
2024-01-12,78.351326
2024-01-16,77.775406
2024-01-17,76.353638
2024-01-18,75.939705
2024-01-19,76.848564
2024-01-22,77.307487
2024-01-23,76.776558
2024-01-24,75.678726
2024-01-25,76.650574
2024-01-26,76.434624
2024-01-29,76.938545
2024-01-30,76.218658
2024-01-31,75.489746
2024-02-01,76.857567
2024-02-02,75.903687
2024-02-05,74.310936
2024-02-06,75.309784
2024-02-07,75.201797
2024-02-08,75.813713
2024-02-09,75.930687
2024-02-12,75.948700
2024-02-13,74.382927
2024-02-14,74.967827
2024-02-15,76.713585
2024-02-16,75.921692
2024-02-20,75.786713
2024-02-21,76.209648
2024-02-22,76.353638
2024-02-23,76.317635
2024-02-26,75.480766
2024-02-27,75.570747
2024-02-28,76.335632
2024-02-29,76.983543
2024-03-01,77.901398
2024-03-04,78.630280
2024-03-05,77.676437
2024-03-06,78.063377
2024-03-07,78.045380
2024-03-08,78.945244
2024-03-11,78.567299
2024-03-12,78.396317
2024-03-13,78.000381
2024-03-14,76.830566
2024-03-15,76.659592
2024-03-18,76.695580
2024-03-19,76.668564
2024-03-20,77.172508
2024-03-21,77.730431
2024-03-22,76.752068
2024-03-25,76.280151
2024-03-26,75.971573
2024-03-27,77.931892
2024-03-28,78.485519
2024-04-01,77.169540
2024-04-02,76.198463
2024-04-03,76.280151
2024-04-04,75.790070
2024-04-05,76.180313
2024-04-08,76.997108
2024-04-09,78.022652
2024-04-10,74.791771
2024-04-11,75.045883
2024-04-12,74.156464
2024-04-15,72.894958
2024-04-16,71.869415
2024-04-17,71.343040
2024-04-18,71.352127
2024-04-19,71.696976
2024-04-22,72.332253
2024-04-23,72.994789
2024-04-24,73.130920
2024-04-25,72.713448
2024-04-26,72.749748
2024-04-29,73.493950
2024-04-30,72.250603
2024-05-01,72.277817
2024-05-02,73.294289
2024-05-03,73.784370
2024-05-06,73.847900
2024-05-07,74.546707
2024-05-08,73.920502
2024-05-09,75.436119
2024-05-10,75.227386
2024-05-13,75.472412
2024-05-14,76.053261
2024-05-15,77.106018
2024-05-16,77.051575
2024-05-17,77.042496
2024-05-20,76.588715
2024-05-21,76.561493
2024-05-22,75.871750
2024-05-23,74.238152
2024-05-24,74.292603
2024-05-28,73.802521
2024-05-29,73.085548
2024-05-30,74.156464
2024-05-31,75.545029
2024-06-03,75.372589
2024-06-04,75.953430
2024-06-05,75.862663
2024-06-06,76.007889
2024-06-07,75.290909
2024-06-10,75.545029
2024-06-11,75.272751
2024-06-12,75.944359
2024-06-13,76.252922
2024-06-14,76.234756
2024-06-17,75.935272
2024-06-18,76.234756
2024-06-20,76.016968
2024-06-21,76.207542
2024-06-24,76.797462
2024-06-25,75.853592
2024-06-26,75.617638
2024-06-27,76.352760
2024-06-28,76.961952
2024-07-01,76.236053
2024-07-02,76.594421
2024-07-03,76.520889
2024-07-05,76.732231
2024-07-08,76.980331
2024-07-09,76.961952
2024-07-10,77.531616
2024-07-11,79.755211
2024-07-12,80.361641
2024-07-15,80.903763
2024-07-16,81.896095
2024-07-17,82.456604
2024-07-18,81.730721
2024-07-19,81.583702
2024-07-22,82.429039
2024-07-23,82.364716
2024-07-24,81.151848
2024-07-25,80.885391
2024-07-26,82.300392
2024-07-29,82.723053
2024-07-30,83.366249
2024-07-31,83.072227
2024-08-01,83.908371
2024-08-02,83.862419
2024-08-05,81.464264
2024-08-06,83.072227
2024-08-07,82.502541
2024-08-08,83.311111
2024-08-09,83.697021
2024-08-12,83.081406
2024-08-13,83.807297
2024-08-14,84.027802
2024-08-15,83.963486
2024-08-16,83.917557
2024-08-19,84.615868
2024-08-20,84.514793
2024-08-21,84.965019
2024-08-22,85.213104
2024-08-23,87.087532
2024-08-26,87.050789
2024-08-27,87.179428
2024-08-28,86.839470
2024-08-29,86.572998
2024-08-30,87.409134
2024-09-03,87.363213
2024-09-04,87.611282
2024-09-05,87.326439
2024-09-06,87.243736
2024-09-09,88.217712
2024-09-10,89.494904
2024-09-11,89.320328
2024-09-12,89.697052
2024-09-13,90.634254
2024-09-16,90.937485
2024-09-17,90.303482
2024-09-18,90.193237
2024-09-19,90.211594
2024-09-20,89.853256
2024-09-23,90.744537
2024-09-24,90.873169
2024-09-25,90.266724
2024-09-26,89.448967
2024-09-27,89.562927
2024-09-30,90.267128
2024-10-01,89.683403
2024-10-02,89.368347
2024-10-03,88.552963
2024-10-04,88.126740
2024-10-07,87.348419
2024-10-08,87.524452
2024-10-09,87.617119
2024-10-10,86.838799
2024-10-11,87.820969
2024-10-14,88.349113
2024-10-15,89.414665
2024-10-16,90.396851
2024-10-17,89.683403
2024-10-18,90.350525
2024-10-21,88.580772
2024-10-22,88.710480
2024-10-23,89.359085
2024-10-24,89.553658
2024-10-25,88.710480
2024-10-28,88.988457
2024-10-29,88.349113
2024-10-30,88.738274
2024-10-31,87.237228
2024-11-01,86.273582
2024-11-04,87.218689
2024-11-05,88.376907
2024-11-06,86.495972
2024-11-07,87.533730
2024-11-08,88.840202
2024-11-11,88.395447
2024-11-12,87.172371
2024-11-13,87.654190
2024-11-14,86.866592
2024-11-15,86.912933
2024-11-18,87.543007
2024-11-19,87.969215
2024-11-20,87.858025
2024-11-21,88.506630
2024-11-22,89.173767
2024-11-25,90.415390
2024-11-26,90.776741
2024-11-27,91.360489
2024-11-29,90.952805
2024-12-02,89.627792
2024-12-03,89.173767
2024-12-04,88.932854
2024-12-05,88.719757
2024-12-06,88.590027
2024-12-09,88.840202
2024-12-10,87.552254
2024-12-11,87.348419
2024-12-12,87.209435
2024-12-13,86.959244
2024-12-16,86.653481
2024-12-17,86.236511
2024-12-18,82.678467
2024-12-19,81.399796
2024-12-20,82.771126
2024-12-23,83.094826
2024-12-24,83.646797
2024-12-26,83.871330
2024-12-27,83.029335
2024-12-30,82.617699
2024-12-31,83.338066
2025-01-02,82.598984
2025-01-03,83.684204
2025-01-06,82.608345
2025-01-07,81.822479
2025-01-08,82.037659
2025-01-10,80.035599
2025-01-13,81.017921
2025-01-14,81.756989
2025-01-15,82.224762
2025-01-16,83.927452
2025-01-17,83.871330
2025-01-21,85.443047
2025-01-22,83.955521
2025-01-23,84.572983
2025-01-24,84.862991
2025-01-27,85.994987
2025-01-28,84.956551
2025-01-29,83.833900
2025-01-30,84.900421
2025-01-31,84.713303
2025-02-03,84.535553
2025-02-04,84.601036
2025-02-05,85.789177
2025-02-06,86.004364
2025-02-07,85.723709
2025-02-10,85.686272
2025-02-11,86.060486
2025-02-12,85.265274
2025-02-13,86.116623
2025-02-14,85.723709
2025-02-18,86.107269
2025-02-19,86.172752
2025-02-20,86.584396
2025-02-21,85.733055
2025-02-24,86.069839
2025-02-25,87.127007
2025-02-26,86.762138
2025-02-27,87.108292
2025-02-28,87.847389
2025-03-03,88.259010
2025-03-04,87.239273
2025-03-05,88.212234
2025-03-06,85.948227
2025-03-07,86.462776
2025-03-10,85.630142
2025-03-11,84.629112
2025-03-12,84.367157
2025-03-13,82.701897
2025-03-14,84.357803
2025-03-17,85.798546
2025-03-18,85.349472
2025-03-19,85.452385
2025-03-20,85.396255
2025-03-21,84.451347
2025-03-24,85.751762
2025-03-25,84.789597
2025-03-26,85.120392
2025-03-27,84.903023
2025-03-28,84.789597
2025-03-31,85.574066
2025-04-01,85.611877
2025-04-02,86.131714
2025-04-03,83.192284
2025-04-04,79.581802
2025-04-07,77.493011
2025-04-08,75.413681
2025-04-09,79.912613
2025-04-10,78.088478
2025-04-11,79.043060
2025-04-14,80.678192
2025-04-15,80.923927
2025-04-16,80.867218
2025-04-17,82.077003
2025-04-21,80.366287
2025-04-22,81.925781
2025-04-23,82.077003
2025-04-24,82.379456
2025-04-25,82.237694
2025-04-28,82.748077
2025-04-29,83.192284
2025-04-30,83.485283
2025-05-01,83.759392
2025-05-02,84.789597
2025-05-05,84.600571
2025-05-06,83.948418
2025-05-07,84.042923
2025-05-08,83.712120
2025-05-09,84.269768
2025-05-12,84.685623
2025-05-13,83.608162
2025-05-14,82.785873
2025-05-15,84.298119
2025-05-16,85.347244
2025-05-19,85.366135
2025-05-20,84.865204
2025-05-21,82.606300
2025-05-22,82.228218
2025-05-23,82.313301
2025-05-27,83.749924
2025-05-28,83.664848
2025-05-29,84.420990
2025-05-30,84.420990
2025-06-02,84.534401
2025-06-03,84.364281
2025-06-04,84.600571
2025-06-05,84.534401
2025-06-06,84.940819
2025-06-09,85.054245
2025-06-10,85.781998
2025-06-11,85.318886
2025-06-12,85.734741
2025-06-13,84.903023
2025-06-16,84.969177
2025-06-17,84.666725
2025-06-18,84.959724
2025-06-20,84.903023
2025-06-23,86.178978
2025-06-24,86.405792
2025-06-25,84.326469
2025-06-26,84.248207
2025-06-27,84.458183
2025-06-30,85.002213
2025-07-01,85.622597
2025-07-02,85.823029
2025-07-03,85.918465
2025-07-07,85.183563
2025-07-08,85.059486
2025-07-09,85.126297
2025-07-10,85.660767
2025-07-11,85.670326
2025-07-14,86.223892
2025-07-15,84.954491
2025-07-16,85.756218
2025-07-17,85.660767
2025-07-18,85.842117
2025-07-21,86.195267
2025-07-22,87.674644
2025-07-23,87.846443
2025-07-24,87.541023
2025-07-25,87.550568
2025-07-28,86.147545
2025-07-29,87.531487
2025-07-30,86.290710
2025-07-31,85.078560
2025-08-01,84.868591
2025-08-04,85.737137
2025-08-05,86.128448
2025-08-06,85.460342
2025-08-07,85.708504
2025-08-08,85.002213
2025-08-11,84.439102
2025-08-12,84.916321
2025-08-13,85.708504
2025-08-14,85.097664
2025-08-15,85.584412
2025-08-18,84.859055
2025-08-19,86.319344
2025-08-20,86.567497
2025-08-21,86.309792
2025-08-22,87.980064
2025-08-25,87.474213
2025-08-26,87.245140
2025-08-27,87.789177
2025-08-28,87.560104
2025-08-29,88.037338
2025-09-02,86.577034
2025-09-03,86.624756
2025-09-04,87.273788
2025-09-05,88.256851
2025-09-08,87.741455
2025-09-09,87.541023
2025-09-10,87.397858
2025-09-11,88.991768
2025-09-12,88.581360
2025-09-15,88.438202
2025-09-16,87.970512
2025-09-17,87.855995
2025-09-18,88.046875
2025-09-19,87.474213
2025-09-22,87.493301
2025-09-23,87.970512
2025-09-24,87.105247
2025-09-25,86.845085
2025-09-26,87.702644
2025-09-29,87.731560
2025-09-30,88.088066
2025-10-01,88.222969
2025-10-02,87.760460
2025-10-03,88.088066
2025-10-06,87.259415
2025-10-07,86.941444
2025-10-08,86.488579
2025-10-09,86.016426
2025-10-10,84.917976
2025-10-13,85.457581
2025-10-14,86.334404
2025-10-15,87.587029
2025-10-16,87.278687
2025-10-17,87.847191
2025-10-20,88.733650
2025-10-21,88.483131
2025-10-22,88.858917
2025-10-23,88.801094
2025-10-24,89.061264
2025-10-27,89.311783
2025-10-28,87.558121
2025-10-29,85.303398
2025-10-30,85.708099
2025-10-31,85.929710
2025-11-03,85.804451
2025-11-04,85.948982
2025-11-05,86.026062
2025-11-06,85.611740
2025-11-07,86.941444
2025-11-10,86.893272
2025-11-11,87.866463
2025-11-12,87.211243
2025-11-13,86.141693
2025-11-14,86.324760
2025-11-17,85.611740
2025-11-18,85.958618
2025-11-19,85.284134
2025-11-20,84.927612
2025-11-21,86.305496
2025-11-24,86.536743
2025-11-25,87.336502
2025-11-26,87.721924
2025-11-28,88.010986
2025-12-01,86.999252
2025-12-02,86.690918
2025-12-03,86.912529
2025-12-04,86.700554
2025-12-05,86.604195
2025-12-08,85.939354
2025-12-09,85.611740
2025-12-10,85.920082
2025-12-11,86.295860
2025-12-12,86.189865
2025-12-15,86.459671
2025-12-16,85.823723
2025-12-17,86.141693
2025-12-18,85.688820
2025-12-19,85.361214
2025-12-22,85.799744
2025-12-23,85.741409
2025-12-24,86.305374
2025-12-26,86.402596
2025-12-29,86.577621
2025-12-30,86.752640
2025-12-31,86.042831
2026-01-02,86.072006
2026-01-05,86.266472
2026-01-06,86.898491
2026-01-07,86.052551
2026-01-08,86.820709
2026-01-09,86.995735
2026-01-12,87.112404
2026-01-13,87.598579
2026-01-14,88.357018
2026-01-15,88.969589
2026-01-16,90.058624
2026-01-20,88.386185
2026-01-21,88.736229
2026-01-22,87.861122
2026-01-23,88.036140
2026-01-26,87.919464
2026-01-27,87.890289
2026-01-28,86.986008
2026-01-29,88.201431
2026-01-30,88.288956
2026-02-02,87.374947
2026-02-03,87.180481
2026-02-04,88.434799
2026-02-05,88.308395
2026-02-06,89.698853
2026-02-09,90.078064
2026-02-10,91.283768
2026-02-11,90.778160
2026-02-12,90.671188
2026-02-13,91.974129
2026-02-17,92.849243
2026-02-18,91.760216
2026-02-19,91.565750
2026-02-20,92.256111
2026-02-23,92.265846
2026-02-24,92.499199
2026-02-25,92.246399
2026-02-26,92.878410
2026-02-27,93.043724
2026-03-02,93.277084
2026-03-03,92.781181
2026-03-04,92.897858
2026-03-05,91.964409
2026-03-06,90.962898
2026-03-09,91.167091
2026-03-10,91.030960
2026-03-11,90.087791
2026-03-12,89.465485
2026-03-13,89.611336
2026-03-16,90.360046
2026-03-17,90.758698
2026-03-18,89.416870
2026-03-19,89.057091
2026-03-20,86.295647
2026-03-23,86.966560
2026-03-24,86.392639
2026-03-25,86.323845
2026-03-26,86.205925
2026-03-27,85.498344
2026-03-30,85.822647
2026-03-31,87.168999
2026-04-01,87.483475
2026-04-02,88.672592
2026-04-06,88.800346
2026-04-07,88.928101
2026-04-08,90.529976
2026-04-09,91.178581
2026-04-10,91.375130
2026-04-13,91.719086
2026-04-14,92.593727
2026-04-15,92.662521
2026-04-16,93.517502
2026-04-17,95.011269
2026-04-20,95.355225
2026-04-21,93.664909
2026-04-22,92.888542
2026-04-23,93.841805
2026-04-24,93.655083
2026-04-27,93.144058
2026-04-28,93.999039
2026-04-29,93.261986
2026-04-30,94.667313
2026-05-01,94.401962
2026-05-04,93.812325
2026-05-05,94.107140
2026-05-06,95.414185
2026-05-07,94.726273
2026-05-08,94.952301
2026-05-11,95.021088
2026-05-12,95.021088
2026-05-13,94.234894
2026-05-14,93.674736
2026-05-15,92.289078
2026-05-18,93.370087
2026-05-19,93.635429
2026-05-20,94.824539
2026-05-21,95.001434
2026-05-22,95.099709
2026-05-26,95.541939
2026-05-27,95.247116
2026-05-28,94.883514
2026-05-29,94.048172
2026-06-01,92.465965
2026-06-02,92.888542
2026-06-03,92.780449
2026-06-04,94.441277
2026-06-05,95.119370
2026-06-08,93.822144
2026-06-09,95.984177
2026-06-10,95.994003
2026-06-11,95.925217
2026-06-12,96.809677
2026-06-15,96.131584
2026-06-16,96.367439
2026-06-17,93.959732
2026-06-18,93.910591
2026-06-22,94.922813
2026-06-23,96.170891
2026-06-24,96.175858
2026-06-25,96.354309
2026-06-26,97.821579
2026-06-29,97.306053
2026-06-30,95.600838
2026-07-01,95.987488
2026-07-02,97.177162
2026-07-06,96.403870
2026-07-07,97.553902
2026-07-08,95.967659
2026-07-09,96.255165
2026-07-10,96.483185
2026-07-13,96.988808
2026-07-14,96.731041
2026-07-15,97.018547
2026-07-16,99.209541
2026-07-17,99.159966
2026-07-20,98.624619
2026-07-21,98.664268
2026-07-22,98.168564
2026-07-23,97.841408
2026-07-24,99.943176
2026-07-27,99.675499
2026-07-28,100.081970
2026-07-29,99.794472
2026-07-30,98.634529
2026-07-31,98.099167
2026-08-03,98.218140
2026-08-04,98.069427
2026-08-05,98.069427
2026-08-06,97.196999
2026-08-07,97.583641
2026-08-10,96.274994
2026-08-11,95.551270
2026-08-12,96.473274
2026-08-13,97.732353
2026-08-14,97.980202
2026-08-17,97.137512
2026-08-18,96.780609
2026-08-19,97.762093
2026-08-20,97.752182
2026-08-21,97.653038
2026-08-24,98.247879
2026-08-25,98.396591
2026-08-26,97.762093
2026-08-27,96.810349
2026-08-28,96.403870
2026-08-31,95.610756
2026-09-01,95.471962
2026-09-02,94.956429
2026-09-03,95.828865
2026-09-04,95.194359
2026-09-08,95.105141
2026-09-09,94.123657
2026-09-10,93.310707
2026-09-11,93.984856
2026-09-14,93.518898
2026-09-15,93.290871
2026-09-16,92.676208
2026-09-17,93.003365
2026-09-18,92.111115
2026-09-21,93.003365
2026-09-22,92.815002
2026-09-23,91.449997
2026-09-24,91.169998
2026-09-25,90.989998
2026-09-28,90.589996
2026-09-29,90.529999
2026-09-30,89.629997
2026-10-01,89.169998
2026-10-02,89.500000
