date,adj_close
2001-06-15,35.722000
2001-06-18,35.494160
2001-06-19,35.593639
2001-06-20,35.969044
2001-06-21,36.257824
2001-06-22,36.026814
2001-06-25,35.795193
2001-06-26,35.701931
2001-06-27,35.705143
2001-06-28,36.142601
2001-06-29,36.348469
2001-07-02,36.444984
2001-07-03,36.425694
2001-07-05,36.010704
2001-07-06,35.061790
2001-07-09,35.286957
2001-07-10,34.820549
2001-07-11,34.865574
2001-07-12,35.692268
2001-07-13,35.862762
2001-07-16,35.447800
2001-07-17,35.865978
2001-07-18,35.492836
2001-07-19,35.692268
2001-07-20,35.695484
2001-07-23,35.077869
2001-07-24,34.592167
2001-07-25,35.029633
2001-07-26,35.476761
2001-07-27,35.537846
2001-07-30,35.508930
2001-07-31,35.653671
2001-08-01,35.808044
2001-08-02,35.920650
2001-08-03,35.795193
2001-08-06,35.383472
2001-08-07,35.447800
2001-08-08,34.804462
2001-08-09,34.907391
2001-08-10,35.048927
2001-08-13,35.110054
2001-08-14,35.032841
2001-08-15,34.730473
2001-08-16,34.836624
2001-08-17,34.305878
2001-08-20,34.547127
2001-08-21,34.064629
2001-08-22,34.379868
2001-08-23,34.334827
2001-08-24,34.962097
2001-08-27,34.836624
2001-08-28,34.254406
2001-08-29,33.932743
2001-08-30,33.424496
2001-08-31,33.566063
2001-09-04,33.389103
2001-09-05,33.340885
2001-09-06,32.665375
2001-09-07,32.005970
2001-09-10,32.247189
2001-09-17,30.716053
2001-09-18,30.323614
2001-09-19,29.915108
2001-09-20,28.950108
2001-09-21,28.483690
2001-09-24,29.502178
2001-09-25,29.779785
2001-09-26,29.550587
2001-09-27,29.844353
2001-09-28,30.651398
2001-10-01,30.373774
2001-10-02,30.748251
2001-10-03,31.290594
2001-10-04,31.393864
2001-10-05,31.410023
2001-10-08,31.200193
2001-10-09,30.993587
2001-10-10,31.729612
2001-10-11,32.310680
2001-10-12,32.065346
2001-10-15,32.110535
2001-10-16,32.291302
2001-10-17,31.636007
2001-10-18,31.471342
2001-10-19,31.558525
2001-10-22,32.029823
2001-10-23,31.910383
2001-10-24,31.894245
2001-10-25,32.346172
2001-10-26,32.520508
2001-10-29,31.765106
2001-10-30,31.242157
2001-10-31,31.280884
2001-11-01,31.939440
2001-11-02,31.991077
2001-11-05,32.449478
2001-11-06,32.920811
2001-11-07,32.862686
2001-11-08,32.882061
2001-11-09,32.953091
2001-11-12,32.894985
2001-11-13,33.476032
2001-11-14,33.682644
2001-11-15,33.576111
2001-11-16,33.563206
2001-11-19,33.905388
2001-11-20,33.663258
2001-11-21,33.456680
2001-11-23,33.866665
2001-11-26,34.073254
2001-11-27,33.979626
2001-11-28,33.262974
2001-11-29,33.773056
2001-11-30,33.663258
2001-12-03,33.430840
2001-12-04,33.869881
2001-12-05,34.702763
2001-12-06,34.638184
2001-12-07,34.563927
2001-12-10,33.911835
2001-12-11,33.824680
2001-12-12,33.805309
2001-12-13,33.301720
2001-12-14,33.453445
2001-12-17,33.698780
2001-12-18,34.047428
2001-12-19,34.202377
2001-12-20,33.895710
2001-12-21,34.076469
2001-12-24,34.151978
2001-12-26,34.320465
2001-12-27,34.518108
2001-12-28,34.621807
2001-12-31,34.148727
2002-01-02,34.427395
2002-01-03,34.796768
2002-01-04,35.026833
2002-01-07,34.800018
2002-01-08,34.699577
2002-01-09,34.582932
2002-01-10,34.557003
2002-01-11,34.268627
2002-01-14,33.999687
2002-01-15,34.232979
2002-01-16,33.665943
2002-01-17,34.015892
2002-01-18,33.701580
2002-01-22,33.439144
2002-01-23,33.727516
2002-01-24,33.876568
2002-01-25,33.931641
2002-01-28,33.905724
2002-01-29,33.063255
2002-01-30,33.374329
2002-01-31,33.850620
2002-02-01,33.652977
2002-02-04,32.839676
2002-02-05,32.723045
2002-02-06,32.505943
2002-02-07,32.369854
2002-02-08,32.833210
2002-02-11,33.286842
2002-02-12,33.205841
2002-02-13,33.513657
2002-02-14,33.468300
2002-02-15,33.105389
2002-02-19,32.489742
2002-02-20,32.894772
2002-02-21,32.369854
2002-02-22,32.606388
2002-02-25,33.186386
2002-02-26,33.296558
2002-02-27,33.179913
2002-02-28,33.257683
2002-03-01,33.921906
2002-03-04,34.557003
2002-03-05,34.362587
2002-03-06,34.861576
2002-03-07,34.715782
2002-03-08,34.974991
2002-03-11,35.088402
2002-03-12,35.020363
2002-03-13,34.693092
2002-03-14,34.663925
2002-03-15,34.968510
2002-03-18,34.994446
2002-03-19,35.156464
2002-03-20,34.589424
2002-03-21,34.741695
2002-03-22,34.605602
2002-03-25,34.085732
2002-03-26,34.322914
2002-03-27,34.527618
2002-03-28,34.478870
2002-04-01,34.501648
2002-04-02,34.277424
2002-04-03,33.903740
2002-04-04,34.007732
2002-04-05,33.952488
2002-04-08,34.036980
2002-04-09,33.858246
2002-04-10,34.257919
2002-04-11,33.484585
2002-04-12,33.747776
2002-04-15,33.546333
2002-04-16,34.248173
2002-04-17,34.196182
2002-04-18,34.163704
2002-04-19,34.176693
2002-04-22,33.692547
2002-04-23,33.513817
2002-04-24,33.240898
2002-04-25,33.296127
2002-04-26,32.675510
2002-04-29,32.526031
2002-04-30,32.941952
2002-05-01,33.214874
2002-05-02,33.055668
2002-05-03,32.750214
2002-05-06,32.132858
2002-05-07,31.986622
2002-05-08,33.172638
2002-05-09,32.730724
2002-05-10,32.168591
2002-05-13,32.776207
2002-05-14,33.520329
2002-05-15,33.335114
2002-05-16,33.468334
2002-05-17,33.705536
2002-05-20,33.257122
2002-05-21,32.860710
2002-05-22,32.997189
2002-05-23,33.348087
2002-05-24,32.951694
2002-05-28,32.750214
2002-05-29,32.568264
2002-05-30,32.470776
2002-05-31,32.477272
2002-06-03,31.681171
2002-06-04,31.632456
2002-06-05,31.980141
2002-06-06,31.379009
2002-06-07,31.424503
2002-06-10,31.479721
2002-06-11,30.946835
2002-06-12,31.099566
2002-06-13,30.771381
2002-06-14,30.699886
2002-06-17,31.583714
2002-06-18,31.616199
2002-06-19,31.125538
2002-06-20,30.729116
2002-06-21,30.222214
2002-06-24,30.326508
2002-06-25,29.769312
2002-06-26,29.684589
2002-06-27,30.183136
2002-06-28,30.238537
2002-07-01,29.482565
2002-07-02,28.876495
2002-07-03,29.019850
2002-07-05,30.104919
2002-07-08,29.645483
2002-07-09,28.912329
2002-07-10,28.029266
2002-07-11,28.234577
2002-07-12,28.169407
2002-07-15,27.892435
2002-07-16,27.540508
2002-07-17,27.687138
2002-07-18,26.872526
2002-07-19,25.969933
2002-07-22,25.227005
2002-07-23,24.503628
2002-07-24,25.937346
2002-07-25,25.719028
2002-07-26,26.067699
2002-07-29,27.514456
2002-07-30,27.651300
2002-07-31,27.716478
2002-08-01,27.006123
2002-08-02,26.377237
2002-08-05,25.497463
2002-08-06,26.328369
2002-08-07,26.742184
2002-08-08,27.582884
2002-08-09,27.631758
2002-08-12,27.566589
2002-08-13,26.963772
2002-08-14,27.990183
2002-08-15,28.283459
2002-08-16,28.267153
2002-08-19,28.948181
2002-08-20,28.576714
2002-08-21,28.997028
2002-08-22,29.313126
2002-08-23,28.723345
2002-08-26,28.918848
2002-08-27,28.449623
2002-08-28,27.996710
2002-08-29,28.022770
2002-08-30,27.928280
2002-09-03,26.839951
2002-09-04,27.286362
2002-09-05,26.947475
2002-09-06,27.436247
2002-09-09,27.651300
2002-09-10,27.843552
2002-09-11,27.810968
2002-09-12,27.175564
2002-09-13,27.240744
2002-09-16,27.273325
2002-09-17,26.778038
2002-09-18,26.602074
2002-09-19,25.917805
2002-09-20,25.917805
2002-09-23,25.640839
2002-09-24,25.285666
2002-09-25,25.787466
2002-09-26,26.217590
2002-09-27,25.419266
2002-09-30,25.105238
2002-10-01,26.047298
2002-10-02,25.432335
2002-10-03,25.154308
2002-10-04,24.637474
2002-10-07,24.107567
2002-10-08,24.451031
2002-10-09,23.813192
2002-10-10,24.532810
2002-10-11,25.589357
2002-10-14,25.726738
2002-10-15,26.871618
2002-10-16,26.259924
2002-10-17,26.835629
2002-10-18,26.943560
2002-10-21,27.427675
2002-10-22,27.084219
2002-10-23,27.264128
2002-10-24,26.904312
2002-10-25,27.424397
2002-10-28,27.130011
2002-10-29,26.920681
2002-10-30,27.120201
2002-10-31,26.986088
2002-11-01,27.542162
2002-11-04,27.718803
2002-11-05,27.885612
2002-11-06,28.261786
2002-11-07,27.607578
2002-11-08,27.280478
2002-11-11,26.806181
2002-11-12,26.933758
2002-11-13,26.986088
2002-11-14,27.630487
2002-11-15,27.803854
2002-11-18,27.548712
2002-11-19,27.453844
2002-11-20,27.980474
2002-11-21,28.552906
2002-11-22,28.490767
2002-11-25,28.539816
2002-11-26,28.000122
2002-11-27,28.785160
2002-11-29,28.605257
2002-12-02,28.696850
2002-12-03,28.245441
2002-12-04,28.170198
2002-12-05,27.852903
2002-12-06,27.973949
2002-12-09,27.313196
2002-12-10,27.787479
2002-12-11,27.836565
2002-12-12,27.738428
2002-12-13,27.313196
2002-12-16,27.967400
2002-12-17,27.744978
2002-12-18,27.349176
2002-12-19,27.182362
2002-12-20,27.499630
2002-12-23,27.510160
2002-12-24,27.378702
2002-12-26,27.408281
2002-12-27,26.948195
2002-12-30,27.096075
2002-12-31,27.155243
2003-01-02,27.934101
2003-01-03,27.917671
2003-01-06,28.522346
2003-01-07,28.315329
2003-01-08,27.960381
2003-01-09,28.394175
2003-01-10,28.473051
2003-01-13,28.446768
2003-01-14,28.574928
2003-01-15,28.295589
2003-01-16,28.213428
2003-01-17,27.802645
2003-01-21,27.326136
2003-01-22,27.046795
2003-01-23,27.227535
2003-01-24,26.609699
2003-01-27,26.113457
2003-01-28,26.356647
2003-01-29,26.668846
2003-01-30,25.978704
2003-01-31,26.402655
2003-02-03,26.501238
2003-02-04,26.619551
2003-02-05,26.093731
2003-02-06,25.853827
2003-02-07,25.600782
2003-02-10,25.807823
2003-02-11,25.617212
2003-02-12,25.272131
2003-02-13,25.232700
2003-02-14,25.659935
2003-02-18,26.248199
2003-02-19,26.037874
2003-02-20,25.830814
2003-02-21,26.179165
2003-02-24,25.650078
2003-02-25,25.958988
2003-02-26,25.604073
2003-02-27,25.899839
2003-02-28,25.995161
2003-03-03,25.801254
2003-03-04,25.436455
2003-03-05,25.590925
2003-03-06,25.452902
2003-03-07,25.630358
2003-03-10,25.005947
2003-03-11,24.805483
2003-03-12,24.894213
2003-03-13,25.732231
2003-03-14,25.830814
2003-03-17,26.553822
2003-03-18,26.793736
2003-03-19,26.898891
2003-03-20,27.030352
2003-03-21,27.605452
2003-03-24,26.668846
2003-03-25,26.984337
2003-03-26,26.852877
2003-03-27,26.800287
2003-03-28,26.672136
2003-03-31,26.190544
2003-04-01,26.569870
2003-04-02,27.206495
2003-04-03,27.048176
2003-04-04,27.143831
2003-04-07,27.147139
2003-04-08,27.130630
2003-04-09,26.817265
2003-04-10,26.959114
2003-04-11,26.846952
2003-04-14,27.404400
2003-04-15,27.582531
2003-04-16,27.216387
2003-04-17,27.638609
2003-04-21,27.632013
2003-04-22,28.196081
2003-04-23,28.433577
2003-04-24,28.205957
2003-04-25,27.816734
2003-04-28,28.308222
2003-04-29,28.400568
2003-04-30,28.446756
2003-05-01,28.413767
2003-05-02,28.812904
2003-05-05,28.796406
2003-05-06,28.994312
2003-05-07,28.895361
2003-05-08,28.598478
2003-05-09,29.010805
2003-05-12,29.357147
2003-05-13,29.324173
2003-05-14,29.218624
2003-05-15,29.449512
2003-05-16,29.386848
2003-05-19,28.697451
2003-05-20,28.667751
2003-05-21,28.786509
2003-05-22,28.977812
2003-05-23,29.099869
2003-05-27,29.680414
2003-05-28,29.713398
2003-05-29,29.663929
2003-05-30,30.105928
2003-06-02,30.231264
2003-06-03,30.412687
2003-06-04,30.848110
2003-06-05,31.016335
2003-06-06,30.940462
2003-06-09,30.528141
2003-06-10,30.808542
2003-06-11,31.177965
2003-06-12,31.240641
2003-06-13,30.933863
2003-06-16,31.567188
2003-06-17,31.616692
2003-06-18,31.550707
2003-06-19,31.065805
2003-06-20,31.105387
2003-06-23,30.658674
2003-06-24,30.741381
2003-06-25,30.542858
2003-06-26,30.873764
2003-06-27,30.612343
2003-06-30,30.592485
2003-07-01,30.810894
2003-07-02,31.151720
2003-07-03,30.939957
2003-07-07,31.535568
2003-07-08,31.717577
2003-07-09,31.601767
2003-07-10,31.204659
2003-07-11,31.439602
2003-07-14,31.681179
2003-07-15,31.522341
2003-07-16,31.360199
2003-07-17,30.953186
2003-07-18,31.270844
2003-07-21,30.810894
2003-07-22,31.118631
2003-07-23,31.155029
2003-07-24,30.913471
2003-07-25,31.456146
2003-07-28,31.426380
2003-07-29,31.234447
2003-07-30,31.227837
2003-07-31,31.303949
2003-08-01,30.943251
2003-08-04,31.022657
2003-08-05,30.470053
2003-08-06,30.493208
2003-08-07,30.691755
2003-08-08,30.777807
2003-08-11,30.923391
2003-08-12,31.270844
2003-08-13,31.085548
2003-08-14,31.277452
2003-08-15,31.254297
2003-08-18,31.611681
2003-08-19,31.727491
2003-08-20,31.724199
2003-08-21,31.866488
2003-08-22,31.535568
2003-08-25,31.502487
2003-08-26,31.608372
2003-08-27,31.651390
2003-08-28,31.883028
2003-08-29,32.051785
2003-09-02,32.518364
2003-09-03,32.611034
2003-09-04,32.706982
2003-09-05,32.531612
2003-09-08,32.842667
2003-09-09,32.611034
2003-09-10,32.154369
2003-09-11,32.362850
2003-09-12,32.452198
2003-09-15,32.280140
2003-09-16,32.793015
2003-09-17,32.677212
2003-09-18,33.090839
2003-09-19,32.971718
2003-09-22,32.594486
2003-09-23,32.776466
2003-09-24,32.210617
2003-09-25,31.935972
2003-09-26,31.720888
2003-09-29,31.906870
2003-09-30,31.714239
2003-10-01,32.348522
2003-10-02,32.494644
2003-10-03,32.849976
2003-10-06,32.992783
2003-10-07,33.142204
2003-10-08,33.016018
2003-10-09,33.102364
2003-10-10,33.155499
2003-10-13,33.391281
2003-10-14,33.540722
2003-10-15,33.424488
2003-10-16,33.560616
2003-10-17,33.198673
2003-10-20,33.324867
2003-10-21,33.371338
2003-10-22,32.942947
2003-10-23,32.992783
2003-10-24,32.806797
2003-10-27,32.996094
2003-10-28,33.434460
2003-10-29,33.573925
2003-10-30,33.480938
2003-10-31,33.633705
2003-11-03,33.839603
2003-11-04,33.739952
2003-11-05,33.799747
2003-11-06,33.942539
2003-11-07,33.789791
2003-11-10,33.620411
2003-11-11,33.557320
2003-11-12,33.962463
2003-11-13,34.015591
2003-11-14,33.753258
2003-11-17,33.487572
2003-11-18,33.205296
2003-11-19,33.441090
2003-11-20,33.195351
2003-11-21,33.215279
2003-11-24,33.789791
2003-11-25,33.872795
2003-11-26,34.058762
2003-11-28,34.138477
2003-12-01,34.487171
2003-12-02,34.400814
2003-12-03,34.277946
2003-12-04,34.404133
2003-12-05,34.115242
2003-12-08,34.397491
2003-12-09,34.035534
2003-12-10,33.939209
2003-12-11,34.394196
2003-12-12,34.503769
2003-12-15,34.231441
2003-12-16,34.404133
2003-12-17,34.503769
2003-12-18,34.869068
2003-12-19,34.819252
2003-12-22,35.016678
2003-12-23,35.150074
2003-12-24,35.116726
2003-12-26,35.116726
2003-12-29,35.550262
2003-12-30,35.603642
2003-12-31,35.503582
2004-01-02,35.526932
2004-01-05,35.923775
2004-01-06,36.047157
2004-01-07,36.150555
2004-01-08,36.283955
2004-01-09,36.050503
2004-01-12,36.217243
2004-01-13,36.133881
2004-01-14,36.393993
2004-01-15,36.547390
2004-01-16,36.657459
2004-01-20,36.750839
2004-01-21,36.907570
2004-01-22,36.880890
2004-01-23,36.814194
2004-01-26,37.201050
2004-01-27,36.884239
2004-01-28,36.417343
2004-01-29,36.484043
2004-01-30,36.430683
2004-02-02,36.497406
2004-02-03,36.487362
2004-02-04,36.147198
2004-02-05,36.293949
2004-02-06,36.760841
2004-02-09,36.714157
2004-02-10,36.947567
2004-02-11,37.254402
2004-02-12,37.154358
2004-02-13,36.964260
2004-02-17,37.351120
2004-02-18,37.184361
2004-02-19,36.980934
2004-02-20,36.867565
2004-02-23,36.620773
2004-02-24,36.637451
2004-02-25,36.834206
2004-02-26,36.887569
2004-02-27,36.940929
2004-03-01,37.301094
2004-03-02,37.164375
2004-03-03,37.184361
2004-03-04,37.351120
2004-03-05,37.467846
2004-03-08,37.124352
2004-03-09,36.930927
2004-03-10,36.270603
2004-03-11,35.807056
2004-03-12,36.313942
2004-03-15,35.763699
2004-03-16,35.960457
2004-03-17,36.347301
2004-03-18,36.303955
2004-03-19,35.883762
2004-03-22,35.426872
2004-03-23,35.386841
2004-03-24,35.350155
2004-03-25,35.850407
2004-03-26,35.937107
2004-03-29,36.295120
2004-03-30,36.495876
2004-03-31,36.562786
2004-04-01,36.750156
2004-04-02,37.084717
2004-04-05,37.328957
2004-04-06,37.228592
2004-04-07,37.074680
2004-04-08,37.021137
2004-04-12,37.138256
2004-04-13,36.639725
2004-04-14,36.519279
2004-04-15,36.536007
2004-04-16,36.709988
2004-04-19,36.753479
2004-04-20,36.167969
2004-04-21,36.402184
2004-04-22,36.980999
2004-04-23,36.977661
2004-04-26,36.820412
2004-04-27,36.904045
2004-04-28,36.385452
2004-04-29,36.040836
2004-04-30,35.749748
2004-05-03,36.131168
2004-05-04,36.167969
2004-05-05,36.318539
2004-05-06,35.960533
2004-05-07,35.458660
2004-05-10,34.966831
2004-05-11,35.271305
2004-05-12,35.398430
2004-05-13,35.298069
2004-05-14,35.284691
2004-05-17,34.883186
2004-05-18,35.160889
2004-05-19,35.114048
2004-05-20,35.127430
2004-05-21,35.261265
2004-05-24,35.395092
2004-05-25,35.993999
2004-05-26,36.067608
2004-05-27,36.234894
2004-05-28,36.268349
2004-06-01,36.301800
2004-06-02,36.402184
2004-06-03,36.111095
2004-06-04,36.328583
2004-06-07,36.870598
2004-06-08,36.917427
2004-06-09,36.589542
2004-06-10,36.673195
2004-06-14,36.295120
2004-06-15,36.592884
2004-06-16,36.619652
2004-06-17,36.609627
2004-06-18,36.619652
2004-06-21,36.529316
2004-06-22,36.626354
2004-06-23,37.004433
2004-06-24,36.934162
2004-06-25,36.893993
2004-06-28,36.699276
2004-06-29,36.857075
2004-06-30,37.004807
2004-07-01,36.645561
2004-07-02,36.551559
2004-07-06,36.256123
2004-07-07,36.279625
2004-07-08,35.957306
2004-07-09,36.068108
2004-07-12,36.058033
2004-07-13,36.121799
2004-07-14,35.957306
2004-07-15,35.870029
2004-07-16,35.705509
2004-07-19,35.705509
2004-07-20,35.957306
2004-07-21,35.352985
2004-07-22,35.473835
2004-07-23,35.084400
2004-07-26,34.980320
2004-07-27,35.326122
2004-07-28,35.352985
2004-07-29,35.577923
2004-07-30,35.688721
2004-08-02,35.779362
2004-08-03,35.504055
2004-08-04,35.410080
2004-08-05,34.815804
2004-08-06,34.328991
2004-08-09,34.339050
2004-08-10,34.748665
2004-08-11,34.661377
2004-08-12,34.278622
2004-08-13,34.332359
2004-08-16,34.765450
2004-08-17,34.940025
2004-08-18,35.359676
2004-08-19,35.252251
2004-08-20,35.547703
2004-08-23,35.467133
2004-08-24,35.410080
2004-08-25,35.725647
2004-08-26,35.708874
2004-08-27,35.839790
2004-08-30,35.584637
2004-08-31,35.708874
2004-09-01,35.776001
2004-09-02,36.178913
2004-09-03,36.058033
2004-09-07,36.309841
2004-09-08,36.158749
2004-09-09,36.232601
2004-09-10,36.474323
2004-09-13,36.531406
2004-09-14,36.638847
2004-09-15,36.410557
2004-09-16,36.528072
2004-09-17,36.638847
2004-09-20,36.497837
2004-09-21,36.732861
2004-09-22,36.229259
2004-09-23,36.074821
2004-09-24,36.155376
2004-09-27,35.972427
2004-09-28,36.167854
2004-09-29,36.248726
2004-09-30,36.309395
2004-10-01,36.895679
2004-10-04,37.016968
2004-10-05,37.006866
2004-10-06,37.232605
2004-10-07,36.895679
2004-10-08,36.589039
2004-10-11,36.676640
2004-10-12,36.595768
2004-10-13,36.326214
2004-10-14,36.002766
2004-10-15,36.198193
2004-10-18,36.356560
2004-10-19,36.036449
2004-10-20,36.046543
2004-10-21,36.211658
2004-10-22,35.884823
2004-10-25,35.857864
2004-10-26,36.423939
2004-10-27,36.872089
2004-10-28,36.855236
2004-10-29,36.963055
2004-11-01,37.016968
2004-11-02,36.929359
2004-11-03,37.407829
2004-11-04,37.994106
2004-11-05,38.128891
2004-11-08,38.034538
2004-11-09,38.074982
2004-11-10,38.095196
2004-11-11,38.452370
2004-11-12,38.782574
2004-11-15,38.809513
2004-11-16,38.580399
2004-11-17,38.806164
2004-11-18,38.866810
2004-11-19,38.395077
2004-11-22,38.647785
2004-11-23,38.661270
2004-11-24,38.883648
2004-11-26,38.883648
2004-11-29,38.799423
2004-11-30,38.715179
2004-12-01,39.217209
2004-12-02,39.197025
2004-12-03,39.203739
2004-12-06,39.180164
2004-12-07,38.796032
2004-12-08,38.951038
2004-12-09,39.132988
2004-12-10,39.085812
2004-12-13,39.456455
2004-12-14,39.631664
2004-12-15,39.759724
2004-12-16,39.692329
2004-12-17,39.490162
2004-12-20,39.419376
2004-12-21,39.786659
2004-12-22,39.934933
2004-12-23,39.978722
2004-12-27,39.787098
2004-12-28,40.119480
2004-12-29,40.177147
2004-12-30,40.143215
2004-12-31,40.041489
2005-01-03,39.753155
2005-01-04,39.224030
2005-01-05,38.952667
2005-01-06,39.139225
2005-01-07,39.013733
2005-01-10,39.169762
2005-01-11,38.932316
2005-01-12,39.105305
2005-01-13,38.800041
2005-01-14,38.973030
2005-01-18,39.397018
2005-01-19,39.044250
2005-01-20,38.806831
2005-01-21,38.606701
2005-01-24,38.399807
2005-01-25,38.498154
2005-01-26,38.735580
2005-01-27,38.789837
2005-01-28,38.647388
2005-01-31,39.040874
2005-02-01,39.261337
2005-02-02,39.441120
2005-02-03,39.244377
2005-02-04,39.736195
2005-02-07,39.719234
2005-02-08,39.787098
2005-02-09,39.413979
2005-02-10,39.549641
2005-02-11,39.871864
2005-02-14,39.882050
2005-02-15,40.024525
2005-02-16,40.031300
2005-02-17,39.770123
2005-02-18,39.753155
2005-02-22,39.152790
2005-02-23,39.359707
2005-02-24,39.658207
2005-02-25,40.055038
2005-02-28,39.854919
2005-03-01,40.082180
2005-03-02,40.048244
2005-03-03,40.092369
2005-03-04,40.495987
2005-03-07,40.597748
2005-03-08,40.339947
2005-03-09,39.973629
2005-03-10,39.902401
2005-03-11,39.773525
2005-03-14,39.970249
2005-03-15,39.759953
2005-03-16,39.417351
2005-03-17,39.464855
2005-03-18,39.380051
2005-03-21,39.257935
2005-03-22,38.922131
2005-03-23,38.891632
2005-03-24,38.901154
2005-03-28,38.935196
2005-03-29,38.608334
2005-03-30,39.132690
2005-03-31,39.108864
2005-04-01,38.942024
2005-04-04,39.071404
2005-04-05,39.193981
2005-04-06,39.282513
2005-04-07,39.497005
2005-04-08,39.156521
2005-04-11,39.125896
2005-04-12,39.326775
2005-04-13,38.901154
2005-04-14,38.441490
2005-04-15,37.828609
2005-04-18,37.964802
2005-04-19,38.284863
2005-04-20,37.740086
2005-04-21,38.455116
2005-04-22,38.203152
2005-04-25,38.577702
2005-04-26,38.162289
2005-04-27,38.301876
2005-04-28,37.794559
2005-04-29,38.247395
2005-05-02,38.441490
2005-05-03,38.560642
2005-05-04,38.890934
2005-05-05,38.819443
2005-05-06,38.809227
2005-05-09,39.023735
2005-05-10,38.669609
2005-05-11,38.863693
2005-05-12,38.421070
2005-05-13,38.257622
2005-05-16,38.638985
2005-05-17,38.904564
2005-05-18,39.374432
2005-05-19,39.551510
2005-05-20,39.497005
2005-05-23,39.701305
2005-05-24,39.701305
2005-05-25,39.554890
2005-05-26,39.779610
2005-05-27,39.840908
2005-05-31,39.731945
2005-06-01,40.062229
2005-06-02,40.123516
2005-06-03,39.891975
2005-06-06,39.956680
2005-06-07,39.983929
2005-06-08,39.891975
2005-06-09,40.099689
2005-06-10,40.048611
2005-06-13,40.140545
2005-06-14,40.276749
2005-06-15,40.331223
2005-06-16,40.518475
2005-06-17,40.692123
2005-06-20,40.688728
2005-06-21,40.610443
2005-06-22,40.688728
2005-06-23,40.195023
2005-06-24,39.854546
2005-06-27,39.893150
2005-06-28,40.299725
2005-06-29,40.231400
2005-06-30,40.033211
2005-07-01,40.180157
2005-07-05,40.528637
2005-07-06,40.217735
2005-07-07,40.333889
2005-07-08,40.829304
2005-07-11,41.119732
2005-07-12,41.188046
2005-07-13,41.239311
2005-07-14,41.280304
2005-07-15,41.314476
2005-07-18,41.143642
2005-07-19,41.413548
2005-07-20,41.546825
2005-07-21,41.293976
2005-07-22,41.574142
2005-07-25,41.471649
2005-07-26,41.522884
2005-07-27,41.686890
2005-07-28,41.973907
2005-07-29,41.785976
2005-08-01,41.727890
2005-08-02,41.984146
2005-08-03,42.018330
2005-08-04,41.645889
2005-08-05,41.324707
2005-08-08,41.188046
2005-08-09,41.399879
2005-08-10,41.461411
2005-08-11,41.662975
2005-08-12,41.406723
2005-08-15,41.618549
2005-08-16,41.075314
2005-08-17,41.071888
2005-08-18,41.027470
2005-08-19,41.170990
2005-08-22,41.133389
2005-08-23,41.078728
2005-08-24,40.808834
2005-08-25,40.938641
2005-08-26,40.658466
2005-08-29,40.942059
2005-08-30,40.805397
2005-08-31,41.331562
2005-09-01,41.328144
2005-09-02,41.222221
2005-09-06,41.700554
2005-09-07,41.837227
2005-09-08,41.690311
2005-09-09,41.973907
2005-09-12,41.984146
2005-09-13,41.717636
2005-09-14,41.546825
2005-09-15,41.557076
2005-09-16,41.840664
2005-09-19,41.686890
2005-09-20,41.276882
2005-09-21,40.883972
2005-09-22,41.024067
2005-09-23,41.106064
2005-09-26,41.157558
2005-09-27,41.157558
2005-09-28,41.195316
2005-09-29,41.538609
2005-09-30,41.658764
2005-10-03,41.679371
2005-10-04,41.171288
2005-10-05,40.536190
2005-10-06,40.371391
2005-10-07,40.515591
2005-10-10,40.162014
2005-10-11,40.024681
2005-10-12,39.726017
2005-10-13,39.695122
2005-10-14,40.117363
2005-10-17,40.223785
2005-10-18,39.815273
2005-10-19,40.398884
2005-10-20,39.794666
2005-10-21,39.956009
2005-10-24,40.652916
2005-10-25,40.553356
2005-10-26,40.402321
2005-10-27,39.870190
2005-10-28,40.495003
2005-10-31,40.680370
2005-11-01,40.755886
2005-11-02,41.246822
2005-11-03,41.397854
2005-11-04,41.394432
2005-11-07,41.425327
2005-11-08,41.401283
2005-11-09,41.500862
2005-11-10,41.748043
2005-11-11,41.933399
2005-11-14,41.847576
2005-11-15,41.682785
2005-11-16,41.761753
2005-11-17,42.153122
2005-11-18,42.424305
2005-11-21,42.613106
2005-11-22,42.849998
2005-11-23,43.049088
2005-11-25,43.107475
2005-11-28,42.719543
2005-11-29,42.726410
2005-11-30,42.558197
2005-12-01,43.090302
2005-12-02,43.104031
2005-12-05,43.007900
2005-12-06,43.001045
2005-12-07,42.819107
2005-12-08,42.825974
2005-12-09,42.925529
2005-12-12,42.997620
2005-12-13,43.241356
2005-12-14,43.327179
2005-12-15,43.217316
2005-12-16,43.165821
2005-12-19,42.801933
2005-12-20,42.836266
2005-12-21,42.990749
2005-12-22,43.189854
2005-12-23,43.217316
2005-12-27,42.821106
2005-12-28,42.883232
2005-12-29,42.724457
2005-12-30,42.565708
2006-01-03,43.193855
2006-01-04,43.507946
2006-01-05,43.480309
2006-01-06,43.908291
2006-01-09,44.070503
2006-01-10,44.132626
2006-01-11,44.256878
2006-01-12,44.004925
2006-01-13,44.053230
2006-01-17,43.897926
2006-01-18,43.763329
2006-01-19,44.001480
2006-01-20,43.228371
2006-01-23,43.356068
2006-01-24,43.487213
2006-01-25,43.390575
2006-01-26,43.759876
2006-01-27,44.108463
2006-01-30,44.153320
2006-01-31,43.935909
2006-02-01,44.105003
2006-02-02,43.711555
2006-02-03,43.497562
2006-02-06,43.601112
2006-02-07,43.176586
2006-02-08,43.487213
2006-02-09,43.404377
2006-02-10,43.494118
2006-02-13,43.297394
2006-02-14,43.708088
2006-02-15,43.873760
2006-02-16,44.215454
2006-02-17,44.163689
2006-02-21,44.039444
2006-02-22,44.384571
2006-02-23,44.274124
2006-02-24,44.343159
2006-02-27,44.470863
2006-02-28,44.032528
2006-03-01,44.419086
2006-03-02,44.388023
2006-03-03,44.315544
2006-03-06,43.991116
2006-03-07,43.811646
2006-03-08,43.935909
2006-03-09,43.701206
2006-03-10,44.042892
2006-03-13,44.149876
2006-03-14,44.605453
2006-03-15,44.805653
2006-03-16,44.902283
2006-03-17,44.936790
2006-03-20,44.841831
2006-03-21,44.592331
2006-03-22,44.862640
2006-03-23,44.852238
2006-03-24,44.911163
2006-03-27,44.879963
2006-03-28,44.616581
2006-03-29,45.032433
2006-03-30,44.911163
2006-03-31,44.935398
2006-04-03,44.886890
2006-04-04,45.146793
2006-04-05,45.313133
2006-04-06,45.292324
2006-04-07,44.807190
2006-04-10,44.866100
2006-04-11,44.460655
2006-04-12,44.550751
2006-04-13,44.540348
2006-04-17,44.471054
2006-04-18,45.236877
2006-04-19,45.372017
2006-04-20,45.434410
2006-04-21,45.413635
2006-04-24,45.281948
2006-04-25,45.136391
2006-04-26,45.146793
2006-04-27,45.278481
2006-04-28,45.365112
2006-05-01,45.146793
2006-05-02,45.413635
2006-05-03,45.281948
2006-05-04,45.493320
2006-05-05,45.881435
2006-05-08,45.923042
2006-05-09,45.919575
2006-05-10,45.857212
2006-05-11,45.264610
2006-05-12,44.658165
2006-05-15,44.706680
2006-05-16,44.564617
2006-05-17,43.750244
2006-05-18,43.545799
2006-05-19,43.791821
2006-05-22,43.531933
2006-05-23,43.192329
2006-05-24,43.341339
2006-05-25,43.940838
2006-05-26,44.190338
2006-05-30,43.389866
2006-05-31,43.902725
2006-06-01,44.460655
2006-06-02,44.547279
2006-06-05,43.798763
2006-06-06,43.601242
2006-06-07,43.317070
2006-06-08,43.275501
2006-06-09,43.109165
2006-06-12,42.544296
2006-06-13,42.038353
2006-06-14,42.305202
2006-06-15,43.282413
2006-06-16,43.057175
2006-06-19,42.624020
2006-06-20,42.634396
2006-06-21,43.109165
2006-06-22,42.873501
2006-06-23,42.939358
2006-06-26,43.149925
2006-06-27,42.739239
2006-06-28,43.042038
2006-06-29,43.981720
2006-06-30,43.960857
2006-07-03,44.298450
2006-07-05,43.936474
2006-07-06,44.079178
2006-07-07,43.713749
2006-07-10,43.765945
2006-07-11,43.926052
2006-07-12,43.456196
2006-07-13,42.808846
2006-07-14,42.558250
2006-07-17,42.485180
2006-07-18,42.627880
2006-07-19,43.330906
2006-07-20,42.888882
2006-07-21,42.547810
2006-07-24,43.376141
2006-07-25,43.522331
2006-07-26,43.640652
2006-07-27,43.529289
2006-07-28,43.912125
2006-07-31,43.908638
2006-08-01,43.682400
2006-08-02,43.957363
2006-08-03,44.054817
2006-08-04,44.033932
2006-08-07,43.887764
2006-08-08,43.685883
2006-08-09,43.463146
2006-08-10,43.630226
2006-08-11,43.494473
2006-08-14,43.574512
2006-08-15,44.131382
2006-08-16,44.562954
2006-08-17,44.663895
2006-08-18,44.841381
2006-08-21,44.670856
2006-08-22,44.684772
2006-08-23,44.468975
2006-08-24,44.465508
2006-08-25,44.482914
2006-08-28,44.740452
2006-08-29,44.827461
2006-08-30,44.924927
2006-08-31,44.917942
2006-09-01,45.178986
2006-09-05,45.269474
2006-09-06,44.785698
2006-09-07,44.618633
2006-09-08,44.709137
2006-09-11,44.723045
2006-09-12,45.231201
2006-09-13,45.471333
2006-09-14,45.373894
2006-09-15,45.481785
2006-09-18,45.516590
2006-09-19,45.398258
2006-09-20,45.669720
2006-09-21,45.384335
2006-09-22,45.269474
2006-09-25,45.657040
2006-09-26,45.975033
2006-09-27,46.030960
2006-09-28,46.076389
2006-09-29,45.933086
2006-10-02,45.803822
2006-10-03,45.873695
2006-10-04,46.359451
2006-10-05,46.583096
2006-10-06,46.492233
2006-10-09,46.537666
2006-10-10,46.642525
2006-10-11,46.558643
2006-10-12,47.023411
2006-10-13,47.187649
2006-10-16,47.316963
2006-10-17,47.131744
2006-10-18,47.198143
2006-10-19,47.250565
2006-10-20,47.236599
2006-10-23,47.439285
2006-10-24,47.554611
2006-10-25,47.711868
2006-10-26,47.963482
2006-10-27,47.596523
2006-10-30,47.614017
2006-10-31,47.554611
2006-11-01,47.170204
2006-11-02,47.142239
2006-11-03,47.135246
2006-11-06,47.659428
2006-11-07,47.823700
2006-11-08,47.946007
2006-11-09,47.683887
2006-11-10,47.792236
2006-11-13,47.900574
2006-11-14,48.274490
2006-11-15,48.456196
2006-11-16,48.561062
2006-11-17,48.536591
2006-11-20,48.564545
2006-11-21,48.690338
2006-11-22,48.826633
2006-11-24,48.683365
2006-11-27,47.911049
2006-11-28,48.092785
2006-11-29,48.585514
2006-11-30,48.662384
2006-12-01,48.526085
2006-12-04,49.001373
2006-12-05,49.179577
2006-12-06,49.151653
2006-12-07,48.931492
2006-12-08,49.015339
2006-12-11,49.120197
2006-12-12,49.043316
2006-12-13,49.127155
2006-12-14,49.501102
2006-12-15,49.515064
2006-12-18,49.312386
2006-12-19,49.382275
2006-12-20,49.361324
2006-12-21,49.169113
2006-12-22,48.892342
2006-12-26,49.176838
2006-12-27,49.514015
2006-12-28,49.443771
2006-12-29,49.247093
2007-01-03,49.155762
2007-01-04,49.254108
2007-01-05,48.864220
2007-01-08,49.043381
2007-01-09,49.043381
2007-01-10,49.152248
2007-01-11,49.524559
2007-01-12,49.851219
2007-01-16,49.756378
2007-01-17,49.791504
2007-01-18,49.524559
2007-01-19,49.717762
2007-01-22,49.521034
2007-01-23,49.661549
2007-01-24,50.100582
2007-01-25,49.538620
2007-01-26,49.506996
2007-01-29,49.517536
2007-01-30,49.802052
2007-01-31,50.163830
2007-02-01,50.451832
2007-02-02,50.515079
2007-02-05,50.574757
2007-02-06,50.578281
2007-02-07,50.743347
2007-02-08,50.680145
2007-02-09,50.297283
2007-02-12,50.118160
2007-02-13,50.543125
2007-02-14,50.880348
2007-02-15,50.890896
2007-02-16,50.925999
2007-02-20,51.077030
2007-02-21,51.098099
2007-02-22,51.080544
2007-02-23,50.915501
2007-02-26,50.848732
2007-02-27,48.962593
2007-02-28,49.348946
2007-03-01,49.208443
2007-03-02,48.505989
2007-03-05,47.943989
2007-03-06,48.751835
2007-03-07,48.713207
2007-03-08,49.120640
2007-03-09,49.138195
2007-03-12,49.268169
2007-03-13,48.383053
2007-03-14,48.628899
2007-03-15,48.822094
2007-03-16,48.611351
2007-03-19,49.166286
2007-03-20,49.489437
2007-03-21,50.279736
2007-03-22,50.307831
2007-03-23,50.406174
2007-03-26,50.321861
2007-03-27,50.120800
2007-03-28,49.792767
2007-03-29,49.930336
2007-03-30,49.902122
2007-04-02,50.025566
2007-04-03,50.480621
2007-04-04,50.533516
2007-04-05,50.674614
2007-04-09,50.734562
2007-04-10,50.875668
2007-04-11,50.551159
2007-04-12,50.882713
2007-04-13,51.052048
2007-04-16,51.567047
2007-04-17,51.648182
2007-04-18,51.694023
2007-04-19,51.598785
2007-04-20,52.057343
2007-04-23,51.955044
2007-04-24,51.947990
2007-04-25,52.410099
2007-04-26,52.427734
2007-04-27,52.371281
2007-04-30,51.909210
2007-05-01,52.025608
2007-05-02,52.410099
2007-05-03,52.642895
2007-05-04,52.798096
2007-05-07,52.882748
2007-05-08,52.829842
2007-05-09,53.016815
2007-05-10,52.350143
2007-05-11,52.840420
2007-05-14,52.681694
2007-05-15,52.540577
2007-05-16,52.992111
2007-05-17,52.865128
2007-05-18,53.260204
2007-05-21,53.411873
2007-05-22,53.404804
2007-05-23,53.376575
2007-05-24,52.829842
2007-05-25,53.087364
2007-05-29,53.299000
2007-05-30,53.757576
2007-05-31,53.842243
2007-06-01,54.060928
2007-06-04,54.149086
2007-06-05,53.873959
2007-06-06,53.323681
2007-06-07,52.272518
2007-06-08,52.988586
2007-06-11,53.052071
2007-06-12,52.399506
2007-06-13,53.217846
2007-06-14,53.598808
2007-06-15,53.884537
2007-06-18,53.799889
2007-06-19,53.948040
2007-06-20,53.239010
2007-06-21,53.503559
2007-06-22,53.052071
2007-06-25,52.677105
2007-06-26,52.248638
2007-06-27,53.020557
2007-06-28,53.013489
2007-06-29,52.893070
2007-07-02,53.505676
2007-07-03,53.735809
2007-07-05,53.707458
2007-07-06,54.004917
2007-07-09,53.976585
2007-07-10,53.236561
2007-07-11,53.626041
2007-07-12,54.436897
2007-07-13,54.599781
2007-07-16,54.560841
2007-07-17,54.528938
2007-07-18,54.405033
2007-07-19,54.536049
2007-07-20,54.047405
2007-07-23,54.153637
2007-07-24,53.204681
2007-07-25,53.215313
2007-07-26,51.954754
2007-07-27,50.977486
2007-07-30,51.731682
2007-07-31,51.023510
2007-08-01,51.324509
2007-08-02,51.760014
2007-08-03,50.414494
2007-08-06,51.264313
2007-08-07,51.650261
2007-08-08,52.429241
2007-08-09,51.005825
2007-08-10,50.888958
2007-08-13,50.988110
2007-08-14,50.099365
2007-08-15,49.430141
2007-08-16,49.748833
2007-08-17,50.655285
2007-08-20,50.761509
2007-08-21,50.768581
2007-08-22,51.476757
2007-08-23,51.395329
2007-08-24,51.997257
2007-08-27,51.455517
2007-08-28,50.400341
2007-08-29,51.402382
2007-08-30,51.267834
2007-08-31,51.774212
2007-09-04,52.376125
2007-09-05,51.915817
2007-09-06,52.071609
2007-09-07,51.317406
2007-09-10,51.097862
2007-09-11,51.767113
2007-09-12,51.944126
2007-09-13,52.138885
2007-09-14,52.184914
2007-09-17,51.908745
2007-09-18,53.356926
2007-09-19,53.742886
2007-09-20,53.417141
2007-09-21,53.544601
2007-09-24,53.392414
2007-09-25,53.267944
2007-09-26,53.659122
2007-09-27,53.954250
2007-09-28,53.765785
2007-10-01,54.459175
2007-10-02,54.370281
2007-10-03,54.284954
2007-10-04,54.388062
2007-10-05,54.978367
2007-10-08,54.907246
2007-10-09,55.291271
2007-10-10,55.184628
2007-10-11,54.871685
2007-10-12,55.145512
2007-10-15,54.715240
2007-10-16,54.327618
2007-10-17,54.366741
2007-10-18,54.380955
2007-10-19,52.983467
2007-10-22,53.243057
2007-10-23,53.623547
2007-10-24,53.588001
2007-10-25,53.552433
2007-10-26,54.196064
2007-10-29,54.412956
2007-10-30,54.025368
2007-10-31,54.729443
2007-11-01,53.342613
2007-11-02,53.331944
2007-11-05,52.912338
2007-11-06,53.644871
2007-11-07,52.165596
2007-11-08,52.098034
2007-11-09,51.411751
2007-11-12,50.743252
2007-11-13,52.226067
2007-11-14,52.044704
2007-11-15,51.294388
2007-11-16,51.497097
2007-11-19,50.654346
2007-11-20,50.849911
2007-11-21,49.960941
2007-11-23,50.707691
2007-11-26,49.715580
2007-11-27,50.323662
2007-11-28,51.863358
2007-11-29,51.888237
2007-11-30,52.254520
2007-12-03,51.938026
2007-12-04,51.603767
2007-12-05,52.375397
2007-12-06,53.132824
2007-12-07,53.196831
2007-12-10,53.651993
2007-12-11,52.190514
2007-12-12,52.521202
2007-12-13,52.528324
2007-12-14,51.810013
2007-12-17,51.017040
2007-12-18,51.383312
2007-12-19,51.329941
2007-12-20,51.687817
2007-12-21,52.485050
2007-12-24,52.974827
2007-12-26,53.017742
2007-12-27,52.352791
2007-12-28,52.152573
2007-12-31,51.891613
2008-01-02,51.276699
2008-01-03,51.215927
2008-01-04,49.846691
2008-01-07,49.871708
2008-01-08,48.977955
2008-01-09,49.496326
2008-01-10,49.821663
2008-01-11,49.353336
2008-01-14,49.828808
2008-01-15,48.620457
2008-01-16,48.327282
2008-01-17,46.997375
2008-01-18,46.679203
2008-01-22,46.160816
2008-01-23,47.369171
2008-01-24,47.673065
2008-01-25,46.979511
2008-01-28,47.962643
2008-01-29,48.159264
2008-01-30,47.723118
2008-01-31,48.691944
2008-02-01,49.478455
2008-02-04,48.892147
2008-02-05,47.505039
2008-02-06,47.143948
2008-02-07,47.576523
2008-02-08,47.297672
2008-02-11,47.572971
2008-02-12,48.012688
2008-02-13,48.559669
2008-02-14,47.930470
2008-02-15,47.941193
2008-02-19,48.094910
2008-02-20,48.320152
2008-02-21,47.780308
2008-02-22,48.001968
2008-02-25,48.806343
2008-02-26,49.120956
2008-02-27,49.042294
2008-02-28,48.548939
2008-02-29,47.476429
2008-03-03,47.308414
2008-03-04,47.158264
2008-03-05,47.422798
2008-03-06,46.439682
2008-03-07,45.939159
2008-03-10,45.238464
2008-03-11,46.840088
2008-03-12,46.393211
2008-03-13,46.693497
2008-03-14,45.835503
2008-03-17,45.306389
2008-03-18,47.190430
2008-03-19,45.928448
2008-03-20,46.890129
2008-03-24,47.905453
2008-03-25,47.974777
2008-03-26,47.410847
2008-03-27,47.234867
2008-03-28,46.814632
2008-03-31,47.051697
2008-04-01,48.657177
2008-04-02,48.689522
2008-04-03,48.746990
2008-04-04,48.764931
2008-04-07,48.790077
2008-04-08,48.700298
2008-04-09,48.262100
2008-04-10,48.506310
2008-04-11,47.515018
2008-04-14,47.353394
2008-04-15,47.579666
2008-04-16,48.757759
2008-04-17,48.818821
2008-04-18,49.490467
2008-04-21,49.386322
2008-04-22,48.973274
2008-04-23,49.124115
2008-04-24,49.397091
2008-04-25,49.777813
2008-04-28,49.756264
2008-04-29,49.547928
2008-04-30,49.350399
2008-05-01,50.219585
2008-05-02,50.363274
2008-05-05,50.104656
2008-05-06,50.532082
2008-05-07,49.820915
2008-05-08,49.720341
2008-05-09,49.691601
2008-05-12,50.205227
2008-05-13,50.262703
2008-05-14,50.420719
2008-05-15,50.955883
2008-05-16,51.045700
2008-05-19,51.124710
2008-05-20,50.704472
2008-05-21,49.853241
2008-05-22,50.022045
2008-05-23,49.300106
2008-05-27,49.731121
2008-05-28,50.029224
2008-05-29,50.248329
2008-05-30,50.345306
2008-06-02,49.943031
2008-06-03,49.673664
2008-06-04,49.763451
2008-06-05,50.733223
2008-06-06,49.203136
2008-06-09,49.242641
2008-06-10,48.994827
2008-06-11,48.254917
2008-06-12,48.398582
2008-06-13,49.116951
2008-06-16,49.199543
2008-06-17,48.847561
2008-06-18,48.488361
2008-06-19,48.632038
2008-06-20,47.841850
2008-06-23,47.698193
2008-06-24,47.462185
2008-06-25,47.801403
2008-06-26,46.415649
2008-06-27,46.350697
2008-06-30,46.256863
2008-07-01,46.473385
2008-07-02,45.520668
2008-07-03,45.477367
2008-07-07,45.037117
2008-07-08,45.867130
2008-07-09,44.936066
2008-07-10,45.217556
2008-07-11,44.820599
2008-07-14,44.380329
2008-07-15,43.810143
2008-07-16,44.820599
2008-07-17,45.289738
2008-07-18,45.542324
2008-07-21,45.665039
2008-07-22,46.271294
2008-07-23,46.495022
2008-07-24,45.405197
2008-07-25,45.542324
2008-07-28,44.928844
2008-07-29,45.881554
2008-07-30,46.495022
2008-07-31,45.968163
2008-08-01,45.766079
2008-08-04,45.383560
2008-08-05,46.545563
2008-08-06,46.603313
2008-08-07,45.939278
2008-08-08,46.913639
2008-08-11,47.382778
2008-08-12,46.863144
2008-08-13,46.754864
2008-08-14,47.000282
2008-08-15,47.274540
2008-08-18,46.581657
2008-08-19,46.090851
2008-08-20,46.256863
2008-08-21,46.379559
2008-08-22,47.029140
2008-08-25,46.040337
2008-08-26,46.191914
2008-08-27,46.502254
2008-08-28,47.260105
2008-08-29,46.639404
2008-09-02,46.444519
2008-09-03,46.357910
2008-09-04,44.936066
2008-09-05,45.203121
2008-09-08,45.989811
2008-09-09,44.394756
2008-09-10,44.690681
2008-09-11,45.318596
2008-09-12,45.766079
2008-09-15,43.665798
2008-09-16,44.228756
2008-09-17,42.251148
2008-09-18,43.665798
2008-09-19,45.773304
2008-09-22,44.192673
2008-09-23,43.442039
2008-09-24,43.402882
2008-09-25,44.178970
2008-09-26,44.142704
2008-09-29,41.234188
2008-09-30,42.329407
2008-10-01,42.278648
2008-10-02,40.378304
2008-10-03,39.761799
2008-10-06,38.376434
2008-10-07,36.033657
2008-10-08,35.344616
2008-10-09,33.125164
2008-10-10,32.167732
2008-10-13,36.294792
2008-10-14,35.982895
2008-10-15,32.617447
2008-10-16,34.118832
2008-10-17,33.799698
2008-10-20,35.533207
2008-10-21,34.459732
2008-10-22,32.537655
2008-10-23,32.943825
2008-10-24,31.362646
2008-10-27,30.347197
2008-10-28,33.393501
2008-10-29,33.059887
2008-10-30,34.176853
2008-10-31,34.931187
2008-11-03,34.815144
2008-11-04,36.069931
2008-11-05,34.285664
2008-11-06,32.602943
2008-11-07,33.444305
2008-11-10,33.074379
2008-11-11,32.320061
2008-11-12,30.666340
2008-11-13,32.689972
2008-11-14,31.297352
2008-11-17,30.477753
2008-11-18,30.760624
2008-11-19,28.896576
2008-11-20,26.967228
2008-11-21,28.497635
2008-11-24,30.194893
2008-11-25,30.615562
2008-11-26,31.747055
2008-11-28,32.131489
2008-12-01,29.259233
2008-12-02,30.412479
2008-12-03,31.195833
2008-12-04,30.267418
2008-12-05,31.340891
2008-12-08,32.537655
2008-12-09,31.942888
2008-12-10,32.305538
2008-12-11,31.398909
2008-12-12,31.710798
2008-12-15,31.188566
2008-12-16,32.827782
2008-12-17,32.588425
2008-12-18,32.022682
2008-12-19,31.993662
2008-12-22,31.544182
2008-12-23,31.207987
2008-12-24,31.332233
2008-12-26,31.661116
2008-12-29,31.419945
2008-12-30,32.245819
2008-12-31,32.698948
2009-01-02,33.641773
2009-01-05,33.634468
2009-01-06,33.912182
2009-01-07,32.962063
2009-01-08,33.108227
2009-01-09,32.296967
2009-01-12,31.588024
2009-01-13,31.631878
2009-01-14,30.601368
2009-01-15,30.710981
2009-01-16,30.937571
2009-01-20,29.329664
2009-01-21,30.528273
2009-01-22,30.002041
2009-01-23,30.184771
2009-01-26,30.352879
2009-01-27,30.710981
2009-01-28,31.770756
2009-01-29,30.725632
2009-01-30,30.067823
2009-02-02,30.016680
2009-02-03,30.440580
2009-02-04,30.279785
2009-02-05,30.762159
2009-02-06,31.646517
2009-02-09,31.653809
2009-02-10,30.206690
2009-02-11,30.389427
2009-02-12,30.469820
2009-02-13,30.162838
2009-02-17,28.861912
2009-02-18,28.766890
2009-02-19,28.459919
2009-02-20,28.123732
2009-02-23,27.166304
2009-02-24,28.152967
2009-02-25,27.933712
2009-02-26,27.422102
2009-02-27,26.903189
2009-03-02,25.653397
2009-03-03,25.434139
2009-03-04,25.989599
2009-03-05,24.937151
2009-03-06,24.929850
2009-03-09,24.630186
2009-03-10,26.201553
2009-03-11,26.296562
2009-03-12,27.378248
2009-03-13,27.670601
2009-03-16,27.517109
2009-03-17,28.386839
2009-03-18,28.993452
2009-03-19,28.701126
2009-03-20,28.094484
2009-03-23,30.045891
2009-03-24,29.446611
2009-03-25,29.754219
2009-03-26,30.497519
2009-03-27,29.923485
2009-03-30,28.871090
2009-03-31,29.128666
2009-04-01,29.710062
2009-04-02,30.600569
2009-04-03,30.983252
2009-04-06,30.681519
2009-04-07,29.901403
2009-04-08,30.320892
2009-04-09,31.549925
2009-04-13,31.594065
2009-04-14,31.005331
2009-04-15,31.336496
2009-04-16,31.873739
2009-04-17,32.087154
2009-04-20,30.725677
2009-04-21,31.336496
2009-04-22,31.204033
2009-04-23,31.424814
2009-04-24,31.976768
2009-04-27,31.645599
2009-04-28,31.586737
2009-04-29,32.337387
2009-04-30,32.330029
2009-05-01,32.514015
2009-05-04,33.625301
2009-05-05,33.507545
2009-05-06,34.030052
2009-05-07,33.500175
2009-05-08,34.258202
2009-05-11,33.669445
2009-05-12,33.581135
2009-05-13,32.624405
2009-05-14,32.955585
2009-05-15,32.609692
2009-05-18,33.610596
2009-05-19,33.617928
2009-05-20,33.426594
2009-05-21,32.823105
2009-05-22,32.845192
2009-05-26,33.728317
2009-05-27,33.161640
2009-05-28,33.573769
2009-05-29,34.096294
2009-06-01,34.942631
2009-06-02,35.082455
2009-06-03,34.655617
2009-06-04,35.001495
2009-06-05,34.935268
2009-06-08,34.839584
2009-06-09,35.023579
2009-06-10,34.935268
2009-06-11,35.141338
2009-06-12,35.170761
2009-06-15,34.353863
2009-06-16,33.875507
2009-06-17,33.831345
2009-06-18,34.015343
2009-06-19,34.140446
2009-06-22,33.154285
2009-06-23,33.154285
2009-06-24,33.415367
2009-06-25,34.191929
2009-06-26,34.125381
2009-06-29,34.450817
2009-06-30,34.221527
2009-07-01,34.421230
2009-07-02,33.518913
2009-07-06,33.393169
2009-07-07,32.705338
2009-07-08,32.660961
2009-07-09,32.727524
2009-07-10,32.646172
2009-07-13,33.400566
2009-07-14,33.637245
2009-07-15,34.643108
2009-07-16,34.983330
2009-07-17,34.998131
2009-07-20,35.390118
2009-07-21,35.545433
2009-07-22,35.567619
2009-07-23,36.410759
2009-07-24,36.529118
2009-07-27,36.684418
2009-07-28,36.595673
2009-07-29,36.418163
2009-07-30,36.810143
2009-07-31,36.869324
2009-08-03,37.490574
2009-08-04,37.631096
2009-08-05,37.542362
2009-08-06,37.283489
2009-08-07,37.808628
2009-08-10,37.719868
2009-08-11,37.231735
2009-08-12,37.638515
2009-08-13,37.971313
2009-08-14,37.623711
2009-08-17,36.647427
2009-08-18,37.032032
2009-08-19,37.350075
2009-08-20,37.705082
2009-08-21,38.407703
2009-08-24,38.459469
2009-08-25,38.533424
2009-08-26,38.503841
2009-08-27,38.636971
2009-08-28,38.607388
2009-08-31,38.237591
2009-09-01,37.394444
2009-09-02,37.239117
2009-09-03,37.579353
2009-09-04,38.060081
2009-09-08,38.444668
2009-09-09,38.829266
2009-09-10,39.228664
2009-09-11,39.258240
2009-09-14,39.465347
2009-09-15,39.657623
2009-09-16,40.278900
2009-09-17,40.204933
2009-09-18,40.264111
2009-09-21,40.153183
2009-09-22,40.389835
2009-09-23,39.975658
2009-09-24,39.550667
2009-09-25,39.298035
2009-09-28,40.033619
2009-09-29,39.966747
2009-09-30,39.818134
2009-10-01,38.763050
2009-10-02,38.532726
2009-10-05,39.127132
2009-10-06,39.706692
2009-10-07,39.795853
2009-10-08,40.145069
2009-10-09,40.419991
2009-10-12,40.568581
2009-10-13,40.457138
2009-10-14,41.177860
2009-10-15,41.319031
2009-10-16,41.014397
2009-10-19,41.348763
2009-10-20,41.096138
2009-10-21,40.694897
2009-10-22,41.133278
2009-10-23,40.605724
2009-10-26,40.145069
2009-10-27,39.929581
2009-10-28,39.060265
2009-10-29,39.847858
2009-10-30,38.770496
2009-11-02,38.985962
2009-11-03,39.164284
2009-11-04,39.231155
2009-11-05,39.981609
2009-11-06,40.085632
2009-11-09,40.984673
2009-11-10,40.999554
2009-11-11,41.207573
2009-11-12,40.746914
2009-11-13,40.984673
2009-11-16,41.601387
2009-11-17,41.645950
2009-11-18,41.616234
2009-11-19,41.021824
2009-11-20,40.895535
2009-11-23,41.378464
2009-11-24,41.408188
2009-11-25,41.571655
2009-11-27,40.873230
2009-11-30,40.977253
2009-12-01,41.482491
2009-12-02,41.601387
2009-12-03,41.229862
2009-12-04,41.534512
2009-12-07,41.482491
2009-12-08,41.051548
2009-12-09,41.185284
2009-12-10,41.393322
2009-12-11,41.601387
2009-12-14,41.913445
2009-12-15,41.735119
2009-12-16,41.839146
2009-12-17,41.371037
2009-12-18,41.623669
2009-12-21,42.032318
2009-12-22,42.247684
2009-12-23,42.389748
2009-12-24,42.606598
2009-12-28,42.658939
2009-12-29,42.584179
2009-12-30,42.569206
2009-12-31,42.150467
2010-01-04,42.853352
2010-01-05,43.017849
2010-01-06,43.077671
2010-01-07,43.257126
2010-01-08,43.399204
2010-01-11,43.459038
2010-01-12,43.010376
2010-01-13,43.414154
2010-01-14,43.488926
2010-01-15,42.995426
2010-01-19,43.563713
2010-01-20,43.159935
2010-01-21,42.367317
2010-01-22,41.432632
2010-01-25,41.612083
2010-01-26,41.425159
2010-01-27,41.627029
2010-01-28,41.133533
2010-01-29,40.647491
2010-02-01,41.268131
2010-02-02,41.799026
2010-02-03,41.589672
2010-02-04,40.296043
2010-02-05,40.363361
2010-02-08,40.049305
2010-02-09,40.580185
2010-02-10,40.520382
2010-02-11,40.954090
2010-02-12,40.954090
2010-02-16,41.642010
2010-02-17,41.873802
2010-02-18,42.113083
2010-02-19,42.262634
2010-02-22,42.195332
2010-02-23,41.686871
2010-02-24,42.060745
2010-02-25,42.045780
2010-02-26,42.045780
2010-03-01,42.546780
2010-03-02,42.681362
2010-03-03,42.733715
2010-03-04,42.845875
2010-03-05,43.526318
2010-03-08,43.533798
2010-03-09,43.623520
2010-03-10,43.855343
2010-03-11,44.019840
2010-03-12,44.019840
2010-03-15,44.004883
2010-03-16,44.363789
2010-03-17,44.647938
2010-03-18,44.595604
2010-03-19,44.303974
2010-03-22,44.618053
2010-03-23,44.932091
2010-03-24,44.670383
2010-03-25,44.592300
2010-03-26,44.584805
2010-03-29,44.847546
2010-03-30,44.870075
2010-03-31,44.734943
2010-04-01,45.057739
2010-04-05,45.493160
2010-04-06,45.620777
2010-04-07,45.380558
2010-04-08,45.485649
2010-04-09,45.793442
2010-04-12,45.898540
2010-04-13,45.943588
2010-04-14,46.506603
2010-04-15,46.566662
2010-04-16,45.838486
2010-04-19,45.958603
2010-04-20,46.394012
2010-04-21,46.356483
2010-04-22,46.581692
2010-04-23,46.896996
2010-04-26,46.731842
2010-04-27,45.605762
2010-04-28,45.906059
2010-04-29,46.506603
2010-04-30,45.710873
2010-05-03,46.326447
2010-05-04,45.200390
2010-05-05,44.832535
2010-05-06,43.323593
2010-05-07,42.505318
2010-05-10,44.457169
2010-05-11,44.419640
2010-05-12,45.132828
2010-05-13,44.592300
2010-05-14,43.789040
2010-05-17,43.819042
2010-05-18,43.195976
2010-05-19,42.888206
2010-05-20,41.221615
2010-05-21,41.822166
2010-05-24,41.296673
2010-05-25,41.296673
2010-05-26,41.124012
2010-05-27,42.565369
2010-05-28,42.107452
2010-06-01,41.236610
2010-06-02,42.310135
2010-06-03,42.535351
2010-06-04,41.041431
2010-06-07,40.373302
2010-06-08,40.718636
2010-06-09,40.530956
2010-06-10,41.777138
2010-06-11,42.032379
2010-06-14,42.039883
2010-06-15,42.985771
2010-06-16,42.940746
2010-06-17,43.015800
2010-06-18,43.045830
2010-06-21,42.880684
2010-06-22,42.144978
2010-06-23,41.979820
2010-06-24,41.315254
2010-06-25,41.526470
2010-06-28,41.390686
2010-06-29,40.085663
2010-06-30,39.648163
2010-07-01,39.474655
2010-07-02,39.286060
2010-07-06,39.406761
2010-07-07,40.689137
2010-07-08,41.088943
2010-07-09,41.405781
2010-07-12,41.420860
2010-07-13,42.099773
2010-07-14,42.092228
2010-07-15,42.129948
2010-07-16,40.907902
2010-07-19,41.141750
2010-07-20,41.616978
2010-07-21,41.096504
2010-07-22,42.009254
2010-07-23,42.439213
2010-07-26,42.959713
2010-07-27,42.906914
2010-07-28,42.605183
2010-07-29,42.386398
2010-07-30,42.431664
2010-08-02,43.344429
2010-08-03,43.110573
2010-08-04,43.450027
2010-08-05,43.359512
2010-08-06,43.201107
2010-08-09,43.427406
2010-08-10,43.155846
2010-08-11,41.881012
2010-08-12,41.647167
2010-08-13,41.488739
2010-08-16,41.451038
2010-08-17,42.039410
2010-08-18,42.137486
2010-08-19,41.398224
2010-08-20,41.254913
2010-08-23,41.036148
2010-08-24,40.447742
2010-08-25,40.576004
2010-08-26,40.327057
2010-08-27,41.021065
2010-08-30,40.425121
2010-08-31,40.432678
2010-09-01,41.616978
2010-09-02,42.054504
2010-09-03,42.612732
2010-09-07,42.152573
2010-09-08,42.371319
2010-09-09,42.582569
2010-09-10,42.763573
2010-09-13,43.306702
2010-09-14,43.299179
2010-09-15,43.442490
2010-09-16,43.427406
2010-09-17,43.450027
2010-09-20,44.166653
2010-09-21,44.061062
2010-09-22,43.827206
2010-09-23,43.450027
2010-09-24,44.372826
2010-09-27,44.183270
2010-09-28,44.433491
2010-09-29,44.357651
2010-09-30,44.259068
2010-10-01,44.456242
2010-10-04,44.061951
2010-10-05,44.979424
2010-10-06,44.933952
2010-10-07,44.873276
2010-10-08,45.176567
2010-10-11,45.244820
2010-10-12,45.404053
2010-10-13,45.760410
2010-10-14,45.639107
2010-10-15,45.677029
2010-10-18,45.927250
2010-10-19,45.259991
2010-10-20,45.714916
2010-10-21,45.790752
2010-10-22,45.927250
2010-10-25,46.078892
2010-10-26,46.071304
2010-10-27,45.980328
2010-10-28,45.980328
2010-10-29,46.040977
2010-11-01,46.048561
2010-11-02,46.412525
2010-11-03,46.602077
2010-11-04,47.511990
2010-11-05,47.724293
2010-11-08,47.663624
2010-11-09,47.292095
2010-11-10,47.496834
2010-11-11,47.367928
2010-11-12,46.768898
2010-11-15,46.700661
2010-11-16,45.957565
2010-11-17,46.033398
2010-11-18,46.677902
2010-11-19,46.867474
2010-11-22,46.875061
2010-11-23,46.207790
2010-11-24,46.950871
2010-11-26,46.632412
2010-11-29,46.564167
2010-11-30,46.276039
2010-12-01,47.269356
2010-12-02,47.875946
2010-12-03,48.027603
2010-12-06,48.012428
2010-12-07,48.065510
2010-12-08,48.201988
2010-12-09,48.376392
2010-12-10,48.687260
2010-12-13,48.702446
2010-12-14,48.717606
2010-12-15,48.505295
2010-12-16,48.793449
2010-12-17,48.884426
2010-12-20,49.013332
2010-12-21,49.309044
2010-12-22,49.496563
2010-12-23,49.427963
2010-12-27,49.458447
2010-12-28,49.504189
2010-12-29,49.580418
2010-12-30,49.519444
2010-12-31,49.496563
2011-01-03,50.007305
2011-01-04,49.908203
2011-01-05,50.182640
2011-01-06,50.068291
2011-01-07,49.953949
2011-01-10,49.992062
2011-01-11,50.190262
2011-01-12,50.640026
2011-01-13,50.563789
2011-01-14,50.891605
2011-01-18,51.021187
2011-01-19,50.411335
2011-01-20,50.258865
2011-01-21,50.342735
2011-01-24,50.624775
2011-01-25,50.655266
2011-01-26,50.944939
2011-01-27,51.097408
2011-01-28,50.182640
2011-01-31,50.510441
2011-02-01,51.341339
2011-02-02,51.280357
2011-02-03,51.394707
2011-02-04,51.539536
2011-02-07,51.882576
2011-02-08,52.141808
2011-02-09,52.004551
2011-02-10,52.065536
2011-02-11,52.408569
2011-02-14,52.545799
2011-02-15,52.378090
2011-02-16,52.721123
2011-02-17,52.911705
2011-02-18,53.010784
2011-02-22,51.874969
2011-02-23,51.440434
2011-02-24,51.448071
2011-02-25,52.096024
2011-02-28,52.378090
2011-03-01,51.493816
2011-03-02,51.600517
2011-03-03,52.538166
2011-03-04,52.187508
2011-03-07,51.714870
2011-03-08,52.179890
2011-03-09,52.103638
2011-03-10,51.105034
2011-03-11,51.448071
2011-03-14,51.135521
2011-03-15,50.594307
2011-03-16,49.717644
2011-03-17,50.289375
2011-03-18,50.525677
2011-03-21,51.318478
2011-03-22,51.150772
2011-03-23,51.272724
2011-03-24,51.760612
2011-03-25,51.946636
2011-03-28,51.824139
2011-03-29,52.206905
2011-03-30,52.597313
2011-03-31,52.597313
2011-04-01,52.849930
2011-04-04,52.895863
2011-04-05,52.926476
2011-04-06,53.064255
2011-04-07,52.911175
2011-04-08,52.689171
2011-04-11,52.497795
2011-04-12,52.053818
2011-04-13,52.084415
2011-04-14,52.115051
2011-04-15,52.367668
2011-04-18,51.739941
2011-04-19,52.038506
2011-04-20,52.796333
2011-04-21,53.056610
2011-04-25,53.003010
2011-04-26,53.469971
2011-04-27,53.822098
2011-04-28,53.982853
2011-04-29,54.120628
2011-05-02,54.028797
2011-05-03,53.730247
2011-05-04,53.332176
2011-05-05,52.903519
2011-05-06,53.133163
2011-05-09,53.416389
2011-05-10,53.890991
2011-05-11,53.339840
2011-05-12,53.592491
2011-05-13,53.102539
2011-05-16,52.735092
2011-05-17,52.689171
2011-05-18,53.194389
2011-05-19,53.324535
2011-05-20,52.926476
2011-05-23,52.252834
2011-05-24,52.199253
2011-05-25,52.413582
2011-05-26,52.727428
2011-05-27,52.972397
2011-05-31,53.546513
2011-06-01,52.329384
2011-06-02,52.229855
2011-06-03,51.694031
2011-06-06,51.096935
2011-06-07,51.073978
2011-06-08,50.806049
2011-06-09,51.165810
2011-06-10,50.438606
2011-06-13,50.430958
2011-06-14,51.127563
2011-06-15,50.216610
2011-06-16,50.300812
2011-06-17,50.461559
2011-06-20,50.698872
2011-06-21,51.472023
2011-06-22,51.188789
2011-06-23,51.104607
2011-06-24,50.522640
2011-06-27,50.953144
2011-06-28,51.660404
2011-06-29,52.113968
2011-06-30,52.582912
2011-07-01,53.336296
2011-07-05,53.328598
2011-07-06,53.436218
2011-07-07,54.012806
2011-07-08,53.628399
2011-07-11,52.636703
2011-07-12,52.406082
2011-07-13,52.605972
2011-07-14,52.160080
2011-07-15,52.490654
2011-07-18,52.006344
2011-07-19,52.882721
2011-07-20,52.851978
2011-07-21,53.497719
2011-07-22,53.589996
2011-07-25,53.244034
2011-07-26,53.021084
2011-07-27,51.852585
2011-07-28,51.675770
2011-07-29,51.391335
2011-08-01,51.160732
2011-08-02,49.807686
2011-08-03,50.084454
2011-08-04,47.570618
2011-08-05,47.370743
2011-08-08,44.088146
2011-08-09,46.294483
2011-08-10,44.326473
2011-08-11,46.355968
2011-08-12,46.663483
2011-08-15,47.678249
2011-08-16,47.224674
2011-08-17,47.232368
2011-08-18,45.125980
2011-08-19,44.318783
2011-08-22,44.326473
2011-08-23,45.848614
2011-08-24,46.502041
2011-08-25,45.725605
2011-08-26,46.486683
2011-08-29,47.939625
2011-08-30,48.070305
2011-08-31,48.262505
2011-09-01,47.716682
2011-09-02,46.409798
2011-09-06,46.117676
2011-09-07,47.493748
2011-09-08,46.924862
2011-09-09,45.702534
2011-09-12,46.025410
2011-09-13,46.486683
2011-09-14,47.147804
2011-09-15,47.970356
2011-09-16,48.200989
2011-09-19,47.693623
2011-09-20,47.524502
2011-09-21,45.979294
2011-09-22,44.564789
2011-09-23,44.824463
2011-09-26,45.883236
2011-09-27,46.462856
2011-09-28,45.404072
2011-09-29,45.736397
2011-09-30,44.608078
2011-10-03,43.131935
2011-10-04,44.213913
2011-10-05,45.118126
2011-10-06,45.991436
2011-10-07,45.574108
2011-10-10,47.142948
2011-10-11,47.181610
2011-10-12,47.629848
2011-10-13,47.568012
2011-10-14,48.433586
2011-10-17,47.452106
2011-10-18,48.410400
2011-10-19,47.768940
2011-10-20,47.985355
2011-10-21,48.889580
2011-10-24,49.708763
2011-10-25,48.696350
2011-10-26,49.221889
2011-10-27,50.922123
2011-10-28,50.968491
2011-10-31,49.677853
2011-11-01,48.356312
2011-11-02,49.152336
2011-11-03,50.110653
2011-11-04,49.840145
2011-11-07,50.095203
2011-11-08,50.698013
2011-11-09,48.765903
2011-11-10,49.198704
2011-11-11,50.172466
2011-11-14,49.677853
2011-11-15,49.979279
2011-11-16,49.144585
2011-11-17,48.340862
2011-11-18,48.271297
2011-11-21,47.374805
2011-11-22,47.150696
2011-11-23,46.099644
2011-11-25,45.952797
2011-11-28,47.336166
2011-11-29,47.483006
2011-11-30,49.492378
2011-12-01,49.492378
2011-12-02,49.469196
2011-12-05,50.010162
2011-12-06,50.033363
2011-12-07,50.164742
2011-12-08,49.028690
2011-12-09,49.901993
2011-12-12,49.136875
2011-12-13,48.611355
2011-12-14,48.054916
2011-12-15,48.232674
2011-12-16,48.394951
2011-12-19,47.830784
2011-12-20,49.330074
2011-12-21,49.424129
2011-12-22,49.937103
2011-12-23,50.317940
2011-12-27,50.325722
2011-12-28,49.711700
2011-12-29,50.201355
2011-12-30,49.975975
2012-01-03,50.683247
2012-01-04,50.706566
2012-01-05,50.931946
2012-01-06,50.815369
2012-01-09,50.931946
2012-01-10,51.437149
2012-01-11,51.530415
2012-01-12,51.654785
2012-01-13,51.413841
2012-01-17,51.530415
2012-01-18,52.152210
2012-01-19,52.470860
2012-01-20,52.486420
2012-01-23,52.501980
2012-01-24,52.494198
2012-01-25,52.976059
2012-01-26,52.704052
2012-01-27,52.742893
2012-01-30,52.533058
2012-01-31,52.509720
2012-02-01,53.115974
2012-02-02,53.209248
2012-02-03,54.002026
2012-02-06,53.970947
2012-02-07,54.095295
2012-02-08,54.211861
2012-02-09,54.297359
2012-02-10,53.869884
2012-02-13,54.281818
2012-02-14,54.204105
2012-02-15,53.970947
2012-02-16,54.616024
2012-02-17,54.693760
2012-02-21,54.670448
2012-02-22,54.499443
2012-02-23,54.802563
2012-02-24,54.880295
2012-02-27,54.926941
2012-02-28,55.082367
2012-02-29,54.724846
2012-03-01,55.144558
2012-03-02,54.872517
2012-03-05,54.623802
2012-03-06,53.745544
2012-03-07,54.211861
2012-03-08,54.771477
2012-03-09,55.043499
2012-03-12,55.004658
2012-03-13,56.022850
2012-03-14,55.906239
2012-03-15,56.232670
2012-03-16,56.318161
2012-03-19,56.528030
2012-03-20,56.333736
2012-03-21,56.271515
2012-03-22,55.820747
2012-03-23,56.046131
2012-03-26,56.825142
2012-03-27,56.637806
2012-03-28,56.356785
2012-03-29,56.255329
2012-03-30,56.403641
2012-04-02,56.879772
2012-04-03,56.692451
2012-04-04,56.060196
2012-04-05,56.021164
2012-04-09,55.365486
2012-04-10,54.327339
2012-04-11,54.780067
2012-04-12,55.607449
2012-04-13,54.928375
2012-04-16,54.873745
2012-04-17,55.708954
2012-04-18,55.513798
2012-04-19,55.193764
2012-04-20,55.279610
2012-04-23,54.803478
2012-04-24,54.983009
2012-04-25,55.794800
2012-04-26,56.200695
2012-04-27,56.333366
2012-04-30,56.044594
2012-05-01,56.403641
2012-05-02,56.278732
2012-05-03,55.786991
2012-05-04,54.858124
2012-05-07,54.897160
2012-05-08,54.694206
2012-05-09,54.366371
2012-05-10,54.506866
2012-05-11,54.358559
2012-05-14,53.741905
2012-05-15,53.453110
2012-05-16,53.203304
2012-05-17,52.282269
2012-05-18,51.845131
2012-05-21,52.805237
2012-05-22,52.820839
2012-05-23,52.914501
2012-05-24,53.015995
2012-05-25,52.891113
2012-05-29,53.531158
2012-05-30,52.688141
2012-05-31,52.555447
2012-06-01,51.205074
2012-06-04,51.158237
2012-06-05,51.548523
2012-06-06,52.750595
2012-06-07,52.688141
2012-06-08,53.148689
2012-06-11,52.407150
2012-06-12,52.976955
2012-06-13,52.586670
2012-06-14,53.133068
2012-06-15,53.679462
2012-06-18,53.835579
2012-06-19,54.405388
2012-06-20,54.303909
2012-06-21,53.078438
2012-06-22,53.507740
2012-06-25,52.633774
2012-06-26,52.884815
2012-06-27,53.394768
2012-06-28,53.284946
2012-06-29,54.681389
2012-07-02,54.830452
2012-07-03,55.277634
2012-07-05,55.050117
2012-07-06,54.532333
2012-07-09,54.398956
2012-07-10,53.912571
2012-07-11,53.873322
2012-07-12,53.661495
2012-07-13,54.500961
2012-07-16,54.367565
2012-07-17,54.728447
2012-07-18,55.120728
2012-07-19,55.214870
2012-07-20,54.712780
2012-07-23,54.108685
2012-07-24,53.622292
2012-07-25,53.630119
2012-07-26,54.446041
2012-07-27,55.520836
2012-07-30,55.465912
2012-07-31,55.159939
2012-08-01,54.940289
2012-08-02,54.563713
2012-08-03,55.669888
2012-08-06,55.811100
2012-08-07,56.148434
2012-08-08,56.219051
2012-08-09,56.266117
2012-08-10,56.375977
2012-08-13,56.328915
2012-08-14,56.313202
2012-08-15,56.438732
2012-08-16,56.870220
2012-08-17,56.980049
2012-08-20,56.972202
2012-08-21,56.854515
2012-08-22,56.783905
2012-08-23,56.360287
2012-08-24,56.681934
2012-08-27,56.674072
2012-08-28,56.666248
2012-08-29,56.736870
2012-08-30,56.313202
2012-08-31,56.650555
2012-09-04,56.611336
2012-09-05,56.611336
2012-09-06,57.741020
2012-09-07,58.023468
2012-09-10,57.678276
2012-09-11,57.803806
2012-09-12,58.046997
2012-09-13,58.917828
2012-09-14,59.231632
2012-09-17,58.988441
2012-09-18,58.886436
2012-09-19,58.933533
2012-09-20,58.855064
2012-09-21,58.870762
2012-09-24,58.739902
2012-09-25,58.140743
2012-09-26,57.754440
2012-09-27,58.329937
2012-09-28,58.061897
2012-10-01,58.164375
2012-10-02,58.251095
2012-10-03,58.464001
2012-10-04,58.905464
2012-10-05,58.889671
2012-10-08,58.661049
2012-10-09,58.069809
2012-10-10,57.730827
2012-10-11,57.817509
2012-10-12,57.565220
2012-10-15,58.038273
2012-10-16,58.637398
2012-10-17,58.913334
2012-10-18,58.795074
2012-10-19,57.778099
2012-10-22,57.778099
2012-10-23,57.044960
2012-10-24,56.887276
2012-10-25,57.044960
2012-10-26,56.981861
2012-10-31,57.013428
2012-11-01,57.730827
2012-11-02,57.131649
2012-11-05,57.312962
2012-11-06,57.746582
2012-11-07,56.453682
2012-11-08,55.736279
2012-11-09,55.791470
2012-11-12,55.822994
2012-11-13,55.610142
2012-11-14,54.829678
2012-11-15,54.687786
2012-11-16,54.987328
2012-11-19,56.122581
2012-11-20,56.185635
2012-11-21,56.327545
2012-11-23,57.060699
2012-11-26,56.989750
2012-11-27,56.690208
2012-11-28,57.139561
2012-11-29,57.470661
2012-11-30,57.454872
2012-12-03,57.202610
2012-12-04,57.123760
2012-12-05,57.234161
2012-12-06,57.415462
2012-12-07,57.581013
2012-12-10,57.651970
2012-12-11,58.014584
2012-12-12,58.038273
2012-12-13,57.707153
2012-12-14,57.462765
2012-12-17,58.180153
2012-12-18,58.858154
2012-12-19,58.495502
2012-12-20,58.817150
2012-12-21,58.316780
2012-12-24,58.118256
2012-12-26,57.840298
2012-12-27,57.792637
2012-12-28,57.165264
2012-12-31,58.197662
2013-01-02,59.674862
2013-01-03,59.587498
2013-01-04,59.889290
2013-01-07,59.730457
2013-01-08,59.571609
2013-01-09,59.754299
2013-01-10,60.167271
2013-01-11,60.175209
2013-01-14,60.111675
2013-01-15,60.222858
2013-01-16,60.175209
2013-01-17,60.588184
2013-01-18,60.754955
2013-01-22,61.072617
2013-01-23,61.144100
2013-01-24,61.215576
2013-01-25,61.557091
2013-01-28,61.501484
2013-01-29,61.707958
2013-01-30,61.461761
2013-01-31,61.350594
2013-02-01,61.946198
2013-02-04,61.294998
2013-02-05,61.874744
2013-02-06,61.985901
2013-02-07,61.874744
2013-02-08,62.248005
2013-02-11,62.216228
2013-02-12,62.319504
2013-02-13,62.406841
2013-02-14,62.486286
2013-02-15,62.414772
2013-02-19,62.851582
2013-02-20,62.017696
2013-02-21,61.596771
2013-02-22,62.192429
2013-02-25,61.048809
2013-02-26,61.437939
2013-02-27,62.192429
2013-02-28,62.136810
2013-03-01,62.279797
2013-03-04,62.565689
2013-03-05,63.193104
2013-03-06,63.288406
2013-03-07,63.439259
2013-03-08,63.749020
2013-03-11,63.931671
2013-03-12,63.820499
2013-03-13,63.939640
2013-03-14,64.297043
2013-03-15,64.225517
2013-03-18,63.876099
2013-03-19,63.701347
2013-03-20,64.177910
2013-03-21,63.661652
2013-03-22,64.055779
2013-03-25,63.840363
2013-03-26,64.319054
2013-03-27,64.366920
2013-03-28,64.590347
2013-04-01,64.247238
2013-04-02,64.438713
2013-04-03,63.736664
2013-04-04,64.015869
2013-04-05,63.792500
2013-04-08,64.183403
2013-04-09,64.366920
2013-04-10,65.196632
2013-04-11,65.443939
2013-04-12,65.212585
2013-04-15,63.624950
2013-04-16,64.566368
2013-04-17,63.601009
2013-04-18,63.202122
2013-04-19,63.808441
2013-04-22,64.079689
2013-04-23,64.773766
2013-04-24,64.869537
2013-04-25,65.132820
2013-04-26,65.013138
2013-04-29,65.427994
2013-04-30,65.627441
2013-05-01,64.957275
2013-05-02,65.635414
2013-05-03,66.249741
2013-05-06,66.505058
2013-05-07,66.872017
2013-05-08,67.183159
2013-05-09,66.959801
2013-05-10,67.254967
2013-05-13,67.270905
2013-05-14,67.965027
2013-05-15,68.260193
2013-05-16,67.980965
2013-05-17,68.675049
2013-05-20,68.667084
2013-05-21,68.778770
2013-05-22,68.100655
2013-05-23,67.973007
2013-05-24,67.885239
2013-05-28,68.324013
2013-05-29,67.861290
2013-05-30,68.140556
2013-05-31,67.231018
2013-06-03,67.502296
2013-06-04,67.175186
2013-06-05,66.225792
2013-06-06,66.848083
2013-06-07,67.677834
2013-06-10,67.701752
2013-06-11,67.015610
2013-06-12,66.449173
2013-06-13,67.478348
2013-06-14,67.095398
2013-06-17,67.566086
2013-06-18,68.076706
2013-06-19,67.207100
2013-06-20,65.539680
2013-06-21,65.707214
2013-06-24,64.862411
2013-06-25,65.511642
2013-06-26,66.120811
2013-06-27,66.609772
2013-06-28,66.265129
2013-07-01,66.818192
2013-07-02,66.746071
2013-07-03,66.842232
2013-07-05,67.555611
2013-07-08,67.916336
2013-07-09,68.397247
2013-07-10,68.429352
2013-07-11,69.423286
2013-07-12,69.487389
2013-07-15,69.751892
2013-07-16,69.439301
2013-07-17,69.663719
2013-07-18,70.056496
2013-07-19,70.160690
2013-07-22,70.313011
2013-07-23,70.184761
2013-07-24,69.904198
2013-07-25,70.160690
2013-07-26,70.168716
2013-07-29,69.928253
2013-07-30,70.000404
2013-07-31,70.072533
2013-08-01,70.962273
2013-08-02,70.994316
2013-08-05,71.002342
2013-08-06,70.537430
2013-08-07,70.256905
2013-08-08,70.545479
2013-08-09,70.369102
2013-08-12,70.321037
2013-08-13,70.473312
2013-08-14,70.104599
2013-08-15,69.062561
2013-08-16,68.838104
2013-08-19,68.373245
2013-08-20,68.822098
2013-08-21,68.421333
2013-08-22,69.030502
2013-08-23,69.319046
2013-08-26,69.142723
2013-08-27,67.916336
2013-08-28,68.164818
2013-08-29,68.349167
2013-08-30,67.948410
2013-09-03,68.293091
2013-09-04,68.902252
2013-09-05,68.982437
2013-09-06,69.038513
2013-09-09,69.816048
2013-09-10,70.361076
2013-09-11,70.545479
2013-09-12,70.329041
2013-09-13,70.473312
2013-09-16,70.882111
2013-09-17,71.258850
2013-09-18,72.092476
2013-09-19,71.980255
2013-09-20,71.499321
2013-09-23,71.176331
2013-09-24,71.063553
2013-09-25,70.934708
2013-09-26,71.208549
2013-09-27,70.926659
2013-09-30,70.596443
2013-10-01,71.208549
2013-10-02,71.087730
2013-10-03,70.483658
2013-10-04,70.999123
2013-10-07,70.362854
2013-10-08,69.428513
2013-10-09,69.380196
2013-10-10,70.942741
2013-10-11,71.442116
2013-10-14,71.756248
2013-10-15,71.208549
2013-10-16,72.207283
2013-10-17,72.738892
2013-10-18,73.254341
2013-10-21,73.214088
2013-10-22,73.632904
2013-10-23,73.286552
2013-10-24,73.568451
2013-10-25,73.834267
2013-10-28,73.890656
2013-10-29,74.261147
2013-10-30,73.826210
2013-10-31,73.608719
2013-11-01,73.705383
2013-11-04,74.043678
2013-11-05,73.826210
2013-11-06,74.019539
2013-11-07,73.036873
2013-11-08,74.011452
2013-11-11,74.059784
2013-11-12,73.947052
2013-11-13,74.575264
2013-11-14,74.929680
2013-11-15,75.259872
2013-11-18,74.905487
2013-11-19,74.688057
2013-11-20,74.454445
2013-11-21,75.122955
2013-11-22,75.493454
2013-11-25,75.412926
2013-11-26,75.485420
2013-11-27,75.702866
2013-11-29,75.598160
2013-12-02,75.437088
2013-12-03,75.147125
2013-12-04,75.042419
2013-12-05,74.824974
2013-12-06,75.598160
2013-12-09,75.767342
2013-12-10,75.517624
2013-12-11,74.583351
2013-12-12,74.446404
2013-12-13,74.470566
2013-12-16,74.994095
2013-12-17,74.768585
2013-12-18,75.976738
2013-12-19,75.872017
2013-12-20,76.377266
2013-12-23,76.830688
2013-12-24,77.041191
2013-12-26,77.405548
2013-12-27,77.356987
2013-12-30,77.381279
2013-12-31,77.664642
2014-01-02,76.984520
2014-01-03,76.968330
2014-01-06,76.765930
2014-01-07,77.259796
2014-01-08,77.316452
2014-01-09,77.381279
2014-01-10,77.599899
2014-01-13,76.620171
2014-01-14,77.462227
2014-01-15,77.850899
2014-01-16,77.794228
2014-01-17,77.494621
2014-01-21,77.753708
2014-01-22,77.899460
2014-01-23,77.227432
2014-01-24,75.559494
2014-01-27,75.073662
2014-01-28,75.599953
2014-01-29,74.822685
2014-01-30,75.697136
2014-01-31,75.203224
2014-02-03,73.438118
2014-02-04,73.996773
2014-02-05,73.883461
2014-02-06,74.782181
2014-02-07,75.745712
2014-02-10,75.834778
2014-02-11,76.701134
2014-02-12,76.806389
2014-02-13,77.276024
2014-02-14,77.648453
2014-02-18,77.875175
2014-02-19,77.356987
2014-02-20,77.875175
2014-02-21,77.810371
2014-02-24,78.255714
2014-02-25,78.223343
2014-02-26,78.304321
2014-02-27,78.717232
2014-02-28,78.862984
2014-03-03,78.288116
2014-03-04,79.518837
2014-03-05,79.535011
2014-03-06,79.680763
2014-03-07,79.656487
2014-03-10,79.599785
2014-03-11,79.154472
2014-03-12,79.211128
2014-03-13,78.296196
2014-03-14,78.199036
2014-03-17,78.822479
2014-03-18,79.494545
2014-03-19,79.041161
2014-03-20,79.437889
2014-03-21,79.146370
2014-03-24,78.684837
2014-03-25,78.963783
2014-03-26,78.305077
2014-03-27,78.142410
2014-03-28,78.492104
2014-03-31,79.264679
2014-04-01,79.882721
2014-04-02,80.134842
2014-04-03,79.915291
2014-04-04,78.817429
2014-04-07,77.874062
2014-04-08,78.215630
2014-04-09,79.150826
2014-04-10,77.410538
2014-04-11,76.646111
2014-04-14,77.166557
2014-04-15,77.695152
2014-04-16,78.508369
2014-04-17,78.662903
2014-04-21,78.980064
2014-04-22,79.386650
2014-04-23,79.183342
2014-04-24,79.289062
2014-04-25,78.516495
2014-04-28,78.630371
2014-04-29,79.020721
2014-04-30,79.313492
2014-05-01,79.337883
2014-05-02,79.272820
2014-05-05,79.402924
2014-05-06,78.671043
2014-05-07,79.036980
2014-05-08,78.825577
2014-05-09,79.020721
2014-05-12,79.915291
2014-05-13,79.866478
2014-05-14,79.427322
2014-05-15,78.695435
2014-05-16,79.028831
2014-05-19,79.394791
2014-05-20,78.801163
2014-05-21,79.411049
2014-05-22,79.679420
2014-05-23,80.094147
2014-05-27,80.622742
2014-05-28,80.533325
2014-05-29,80.964310
2014-05-30,80.980583
2014-06-02,81.078140
2014-06-03,81.045624
2014-06-04,81.216408
2014-06-05,81.875099
2014-06-06,82.297997
2014-06-09,82.436264
2014-06-10,82.419975
2014-06-11,82.143501
2014-06-12,81.557968
2014-06-13,81.826309
2014-06-16,81.891380
2014-06-17,82.184158
2014-06-18,82.794067
2014-06-19,82.891632
2014-06-20,83.086800
2014-06-23,83.062408
2014-06-24,82.482651
2014-06-25,82.899109
2014-06-26,82.850121
2014-06-27,83.070549
2014-06-30,83.103249
2014-07-01,83.699371
2014-07-02,83.650360
2014-07-03,84.091301
2014-07-07,83.650360
2014-07-08,83.013451
2014-07-09,83.372734
2014-07-10,83.005264
2014-07-11,83.078766
2014-07-14,83.478882
2014-07-15,83.266579
2014-07-16,83.478882
2014-07-17,82.515320
2014-07-18,83.405380
2014-07-21,83.209412
2014-07-22,83.634026
2014-07-23,83.830017
2014-07-24,83.846344
2014-07-25,83.405380
2014-07-28,83.380898
2014-07-29,83.078766
2014-07-30,83.135902
2014-07-31,81.445610
2014-08-01,81.241440
2014-08-04,81.796738
2014-08-05,81.078133
2014-08-06,81.094490
2014-08-07,80.669853
2014-08-08,81.600769
2014-08-11,81.894714
2014-08-12,81.747719
2014-08-13,82.327530
2014-08-14,82.686798
2014-08-15,82.694977
2014-08-18,83.438072
2014-08-19,83.854515
2014-08-20,84.050507
2014-08-21,84.238266
2014-08-22,84.115814
2014-08-25,84.556763
2014-08-26,84.711922
2014-08-27,84.662903
2014-08-28,84.573082
2014-08-29,84.826218
2014-09-02,84.891541
2014-09-03,84.801735
2014-09-04,84.622093
2014-09-05,85.014053
2014-09-08,84.842552
2014-09-09,84.246475
2014-09-10,84.564911
2014-09-11,84.720078
2014-09-12,84.172966
2014-09-15,83.952499
2014-09-16,84.548615
2014-09-17,84.638412
2014-09-18,85.071182
2014-09-19,84.907898
2014-09-22,84.123978
2014-09-23,83.585037
2014-09-24,84.237183
2014-09-25,82.916496
2014-09-26,83.589119
2014-09-29,83.441460
2014-09-30,83.047714
2014-10-01,81.956749
2014-10-02,81.997757
2014-10-03,82.916496
2014-10-06,82.752411
2014-10-07,81.472733
2014-10-08,82.826271
2014-10-09,81.120010
2014-10-10,80.111061
2014-10-13,78.831352
2014-10-14,79.077461
2014-10-15,78.634491
2014-10-16,78.806725
2014-10-17,79.668098
2014-10-20,80.463783
2014-10-21,82.055168
2014-10-22,81.415329
2014-10-23,82.399696
2014-10-24,82.973892
2014-10-27,82.859062
2014-10-28,83.933685
2014-10-29,83.810623
2014-10-30,84.327423
2014-10-31,85.328163
2014-11-03,85.377388
2014-11-04,85.065681
2014-11-05,85.467636
2014-11-06,85.885994
2014-11-07,85.951599
2014-11-10,86.214134
2014-11-11,86.296158
2014-11-12,86.279762
2014-11-13,86.263351
2014-11-14,86.271538
2014-11-17,86.263351
2014-11-18,86.771935
2014-11-19,86.550461
2014-11-20,86.796547
2014-11-21,87.255882
2014-11-24,87.575821
2014-11-25,87.559402
2014-11-26,87.756310
2014-11-28,87.444572
2014-12-01,86.706322
2014-12-02,87.247688
2014-12-03,87.641434
2014-12-04,87.534805
2014-12-05,87.731674
2014-12-08,87.108246
2014-12-09,87.157440
2014-12-10,85.730156
2014-12-11,86.123886
2014-12-12,84.770370
2014-12-15,84.155136
2014-12-16,83.531723
2014-12-17,85.319984
2014-12-18,87.337959
2014-12-19,87.698837
2014-12-22,88.046028
2014-12-23,88.243965
2014-12-24,88.268707
2014-12-26,88.532539
2014-12-29,88.722237
2014-12-30,88.285194
2014-12-31,87.411064
2015-01-02,87.345085
2015-01-05,85.844276
2015-01-06,85.003128
2015-01-07,86.017410
2015-01-08,87.534798
2015-01-09,86.809090
2015-01-12,86.190613
2015-01-13,85.992699
2015-01-14,85.522644
2015-01-15,84.656799
2015-01-16,85.778275
2015-01-20,85.901993
2015-01-21,86.289551
2015-01-22,87.600754
2015-01-23,87.204887
2015-01-26,87.567757
2015-01-27,86.545212
2015-01-28,85.374214
2015-01-29,86.190613
2015-01-30,85.019653
2015-02-02,85.976204
2015-02-03,87.295609
2015-02-04,86.990517
2015-02-05,87.947098
2015-02-06,87.683205
2015-02-09,87.246170
2015-02-10,88.136749
2015-02-11,88.177986
2015-02-12,89.027336
2015-02-13,89.447899
2015-02-17,89.588104
2015-02-18,89.637566
2015-02-19,89.612846
2015-02-20,90.115860
2015-02-23,90.107605
2015-02-24,90.313797
2015-02-25,90.280800
2015-02-26,90.223076
2015-02-27,89.901451
2015-03-02,90.453964
2015-03-03,90.082886
2015-03-04,89.720032
2015-03-05,89.860229
2015-03-06,88.615059
2015-03-09,88.944916
2015-03-10,87.592484
2015-03-11,87.526550
2015-03-12,88.623299
2015-03-13,88.128510
2015-03-16,89.233505
2015-03-17,89.060341
2015-03-18,90.082886
2015-03-19,89.761261
2015-03-20,90.511673
2015-03-23,90.355011
2015-03-24,89.876717
2015-03-25,88.474892
2015-03-26,88.300926
2015-03-27,88.541183
2015-03-30,89.667953
2015-03-31,88.856010
2015-04-01,88.690323
2015-04-02,88.972000
2015-04-06,89.585098
2015-04-07,89.286812
2015-04-08,89.667953
2015-04-09,89.982765
2015-04-10,90.405304
2015-04-13,90.049026
2015-04-14,90.181580
2015-04-15,90.637268
2015-04-16,90.595856
2015-04-17,89.543678
2015-04-20,90.272758
2015-04-21,90.247894
2015-04-22,90.628998
2015-04-23,90.910667
2015-04-24,91.010101
2015-04-27,90.537857
2015-04-28,90.778114
2015-04-29,90.380455
2015-04-30,89.402817
2015-05-01,90.223038
2015-05-04,90.537857
2015-05-05,89.460808
2015-05-06,89.212257
2015-05-07,89.551933
2015-05-08,90.678688
2015-05-11,90.297607
2015-05-12,90.032494
2015-05-13,90.082199
2015-05-14,90.976959
2015-05-15,91.084679
2015-05-18,91.424347
2015-05-19,91.382912
2015-05-20,91.324913
2015-05-21,91.556915
2015-05-22,91.382912
2015-05-26,90.430153
2015-05-27,91.258636
2015-05-28,91.175774
2015-05-29,90.562744
2015-06-01,90.786400
2015-06-02,90.720108
2015-06-03,91.034950
2015-06-04,90.305901
2015-06-05,90.231331
2015-06-08,89.676224
2015-06-09,89.601662
2015-06-10,90.695251
2015-06-11,90.952080
2015-06-12,90.355614
2015-06-15,89.941330
2015-06-16,90.438454
2015-06-17,90.587578
2015-06-18,91.482346
2015-06-19,91.084679
2015-06-22,91.639755
2015-06-23,91.730896
2015-06-24,91.034950
2015-06-25,90.753265
2015-06-26,90.701675
2015-06-29,88.804596
2015-06-30,89.045906
2015-07-01,89.628304
2015-07-02,89.511848
2015-07-06,89.278862
2015-07-07,89.769783
2015-07-08,88.272087
2015-07-09,88.455147
2015-07-10,89.528473
2015-07-13,90.543587
2015-07-14,90.951309
2015-07-15,90.834801
2015-07-16,91.467125
2015-07-17,91.492142
2015-07-20,91.500443
2015-07-21,91.101059
2015-07-22,90.967941
2015-07-23,90.443726
2015-07-24,89.495193
2015-07-27,88.904442
2015-07-28,89.961166
2015-07-29,90.576874
2015-07-30,90.651749
2015-07-31,90.560211
2015-08-03,90.235703
2015-08-04,90.085968
2015-08-05,90.385498
2015-08-06,89.644951
2015-08-07,89.387047
2015-08-10,90.501991
2015-08-11,89.686562
2015-08-12,89.778107
2015-08-13,89.653313
2015-08-14,89.994431
2015-08-17,90.568520
2015-08-18,90.335571
2015-08-19,89.528473
2015-08-20,87.581490
2015-08-21,85.060387
2015-08-24,81.640678
2015-08-25,80.667145
2015-08-26,83.595978
2015-08-27,85.617889
2015-08-28,85.684425
2015-08-31,85.043739
2015-09-01,82.547585
2015-09-02,84.103531
2015-09-03,84.203384
2015-09-04,83.005226
2015-09-08,85.102013
2015-09-09,83.937119
2015-09-10,84.369789
2015-09-11,84.752533
2015-09-14,84.428024
2015-09-15,85.493034
2015-09-16,86.216919
2015-09-17,86.100464
2015-09-18,84.735909
2015-09-21,85.076996
2015-09-22,83.937119
2015-09-23,83.770706
2015-09-24,83.471191
2015-09-25,83.302246
2015-09-28,81.069359
2015-09-29,81.052650
2015-09-30,82.557976
2015-10-01,82.725189
2015-10-02,83.929443
2015-10-05,85.476578
2015-10-06,85.200584
2015-10-07,85.970001
2015-10-08,86.714272
2015-10-09,86.831360
2015-10-12,86.848068
2015-10-13,86.212502
2015-10-14,85.769264
2015-10-15,87.065521
2015-10-16,87.400047
2015-10-19,87.500389
2015-10-20,87.400047
2015-10-21,86.714272
2015-10-22,87.985420
2015-10-23,88.905342
2015-10-26,88.696266
2015-10-27,88.403587
2015-10-28,89.565987
2015-10-29,89.432198
2015-10-30,89.089302
2015-11-02,90.260132
2015-11-03,90.485909
2015-11-04,90.268478
2015-11-05,90.168137
2015-11-06,90.184860
2015-11-09,89.281670
2015-11-10,89.482376
2015-11-11,89.097687
2015-11-12,87.768005
2015-11-13,86.839714
2015-11-16,88.102516
2015-11-17,87.993782
2015-11-18,89.398766
2015-11-19,89.281670
2015-11-20,89.666359
2015-11-23,89.574364
2015-11-24,89.808525
2015-11-25,89.875435
2015-11-27,90.009224
2015-11-30,89.624542
2015-12-01,90.469208
2015-12-02,89.524193
2015-12-03,88.186127
2015-12-04,89.808525
2015-12-07,89.106033
2015-12-08,88.570839
2015-12-09,87.809807
2015-12-10,88.069054
2015-12-11,86.337952
2015-12-14,86.647377
2015-12-15,87.575653
2015-12-16,88.846794
2015-12-17,87.542191
2015-12-18,86.053619
2015-12-21,86.737396
2015-12-22,87.519539
2015-12-23,88.612923
2015-12-24,88.503571
2015-12-28,88.310150
2015-12-29,89.252136
2015-12-30,88.579292
2015-12-31,87.721405
2016-01-04,86.409378
2016-01-05,86.602837
2016-01-06,85.442184
2016-01-07,83.347954
2016-01-08,82.397560
2016-01-11,82.347107
2016-01-12,82.910622
2016-01-13,80.774353
2016-01-14,82.010681
2016-01-15,80.286560
2016-01-19,80.202454
2016-01-20,79.411865
2016-01-21,79.723045
2016-01-22,81.421944
2016-01-25,80.084694
2016-01-26,81.304222
2016-01-27,80.379051
2016-01-28,80.698639
2016-01-29,82.700363
2016-02-01,82.717186
2016-02-02,81.119202
2016-02-03,81.606987
2016-02-04,81.800430
2016-02-05,80.118340
2016-02-08,78.873581
2016-02-09,78.772659
2016-02-10,78.823112
2016-02-11,77.847504
2016-02-12,79.361389
2016-02-16,80.807991
2016-02-17,82.145241
2016-02-18,81.817230
2016-02-19,81.834061
2016-02-22,83.028389
2016-02-23,82.027534
2016-02-24,82.448036
2016-02-25,83.423683
2016-02-26,83.356346
2016-02-29,82.691933
2016-03-01,84.660019
2016-03-02,85.130989
2016-03-03,85.551506
2016-03-04,85.845871
2016-03-07,86.022499
2016-03-08,84.954391
2016-03-09,85.366493
2016-03-10,85.341255
2016-03-11,86.787872
2016-03-14,86.686913
2016-03-15,86.391212
2016-03-16,86.931969
2016-03-17,87.599503
2016-03-18,87.988190
2016-03-21,88.072693
2016-03-22,88.047371
2016-03-23,87.329102
2016-03-24,87.303764
2016-03-28,87.362923
2016-03-29,88.334648
2016-03-30,88.672638
2016-03-31,88.571259
2016-04-01,89.128937
2016-04-04,88.757126
2016-04-05,87.895241
2016-04-06,88.858513
2016-04-07,87.793854
2016-04-08,88.047371
2016-04-11,87.802330
2016-04-12,88.655739
2016-04-13,89.695084
2016-04-14,89.661270
2016-04-15,89.619041
2016-04-18,90.218964
2016-04-19,90.472473
2016-04-20,90.565407
2016-04-21,90.117584
2016-04-22,90.244308
2016-04-25,90.024628
2016-04-26,90.269669
2016-04-27,90.489372
2016-04-28,89.678169
2016-04-29,89.154274
2016-05-02,89.847160
2016-05-03,88.943054
2016-05-04,88.419128
2016-05-05,88.385323
2016-05-06,88.706429
2016-05-09,88.799377
2016-05-10,89.855606
2016-05-11,89.035988
2016-05-12,89.002174
2016-05-13,88.233238
2016-05-16,89.112045
2016-05-17,88.309303
2016-05-18,88.300873
2016-05-19,87.954376
2016-05-20,88.630386
2016-05-23,88.520538
2016-05-24,89.703537
2016-05-25,90.354141
2016-05-26,90.337227
2016-05-27,90.742851
2016-05-31,90.700600
2016-06-01,90.945641
2016-06-02,91.249840
2016-06-03,90.996346
2016-06-06,91.469559
2016-06-07,91.646973
2016-06-08,91.968071
2016-06-09,91.782181
2016-06-10,90.835800
2016-06-13,90.083771
2016-06-14,89.921654
2016-06-15,89.828300
2016-06-16,90.091423
2016-06-17,89.794350
2016-06-20,90.405426
2016-06-21,90.600594
2016-06-22,90.396935
2016-06-23,91.644539
2016-06-24,88.309097
2016-06-27,86.552261
2016-06-28,88.139328
2016-06-29,89.717979
2016-06-30,90.948601
2016-07-01,91.126846
2016-07-05,90.447861
2016-07-06,90.999512
2016-07-07,90.957085
2016-07-08,92.374458
2016-07-11,92.756386
2016-07-12,93.528717
2016-07-13,93.477783
2016-07-14,93.927589
2016-07-15,93.825752
2016-07-18,94.088867
2016-07-19,93.902138
2016-07-20,94.402885
2016-07-21,94.029442
2016-07-22,94.479256
2016-07-25,94.233147
2016-07-26,94.334984
2016-07-27,94.224663
2016-07-28,94.343491
2016-07-29,94.564140
2016-08-01,94.436836
2016-08-02,93.723915
2016-08-03,94.071884
2016-08-04,94.182213
2016-08-05,94.963043
2016-08-08,94.903625
2016-08-09,94.988487
2016-08-10,94.708420
2016-08-11,95.183701
2016-08-12,95.090363
2016-08-15,95.438332
2016-08-16,94.895180
2016-08-17,95.013962
2016-08-18,95.311028
2016-08-19,95.175186
2016-08-22,95.200691
2016-08-23,95.455292
2016-08-24,94.920578
2016-08-25,94.861206
2016-08-26,94.665970
2016-08-29,95.183701
2016-08-30,95.030930
2016-08-31,94.759377
2016-09-01,94.810287
2016-09-02,95.294060
2016-09-06,95.565628
2016-09-07,95.692940
2016-09-08,95.446800
2016-09-09,93.070435
2016-09-12,94.368942
2016-09-13,92.892662
2016-09-14,92.901184
2016-09-15,93.856392
2016-09-16,93.481140
2016-09-19,93.617584
2016-09-20,93.574951
2016-09-21,94.649544
2016-09-22,95.340355
2016-09-23,94.794502
2016-09-26,94.044014
2016-09-27,94.581329
2016-09-28,95.135651
2016-09-29,94.206047
2016-09-30,94.948036
2016-10-03,94.658066
2016-10-04,94.231644
2016-10-05,94.598366
2016-10-06,94.632484
2016-10-07,94.274277
2016-10-10,94.785988
2016-10-11,93.523796
2016-10-12,93.634621
2016-10-13,93.302025
2016-10-14,93.276443
2016-10-17,93.012062
2016-10-18,93.557884
2016-10-19,93.856392
2016-10-20,93.677284
2016-10-21,93.643173
2016-10-24,94.112228
2016-10-25,93.711388
2016-10-26,93.429962
2016-10-27,93.114372
2016-10-28,92.807373
2016-10-31,92.867073
2016-11-01,92.176270
2016-11-02,91.536644
2016-11-03,91.135788
2016-11-04,91.076057
2016-11-07,93.088821
2016-11-08,93.489662
2016-11-09,94.649544
2016-11-10,94.982155
2016-11-11,95.016266
2016-11-14,95.263588
2016-11-15,96.005577
2016-11-16,95.869102
2016-11-17,96.355263
2016-11-18,96.176140
2016-11-21,96.901100
2016-11-22,97.182487
2016-11-23,97.318954
2016-11-25,97.694206
2016-11-28,97.131332
2016-11-29,97.267799
2016-11-30,97.037529
2016-12-01,96.636658
2016-12-02,96.636658
2016-12-05,97.310440
2016-12-06,97.805084
2016-12-07,99.016144
2016-12-08,99.374336
2016-12-09,99.911613
2016-12-12,99.655769
2016-12-13,100.235710
2016-12-14,99.331688
2016-12-15,99.741051
2016-12-16,99.587547
2016-12-19,99.869003
2016-12-20,100.295525
2016-12-21,100.012314
2016-12-22,99.754845
2016-12-23,99.909317
2016-12-27,100.158195
2016-12-28,99.325745
2016-12-29,99.334351
2016-12-30,98.965332
2017-01-03,99.720512
2017-01-04,100.484314
2017-01-05,100.286942
2017-01-06,100.604439
2017-01-09,100.218254
2017-01-10,100.295525
2017-01-11,100.613052
2017-01-12,100.347008
2017-01-13,100.595856
2017-01-17,100.149628
2017-01-18,100.381310
2017-01-19,99.986572
2017-01-20,100.329826
2017-01-23,100.063805
2017-01-24,100.844734
2017-01-25,101.711510
2017-01-26,101.565605
2017-01-27,101.402550
2017-01-30,100.716026
2017-01-31,100.801819
2017-02-01,100.793236
2017-02-02,100.861908
2017-02-03,101.625671
2017-02-06,101.385384
2017-02-07,101.376808
2017-02-08,101.488365
2017-02-09,102.157761
2017-02-10,102.586845
2017-02-13,103.101753
2017-02-14,103.479347
2017-02-15,104.045738
2017-02-16,103.951347
2017-02-17,104.105812
2017-02-21,104.723717
2017-02-22,104.586395
2017-02-23,104.509163
2017-02-24,104.680794
2017-02-27,104.912506
2017-02-28,104.526299
2017-03-01,105.933762
2017-03-02,105.255783
2017-03-03,105.341606
2017-03-06,104.929665
2017-03-07,104.594971
2017-03-08,104.303200
2017-03-09,104.354691
2017-03-10,104.732315
2017-03-13,104.809532
2017-03-14,104.431946
2017-03-15,105.375931
2017-03-16,105.247215
2017-03-17,105.187126
2017-03-20,104.938255
2017-03-21,103.470795
2017-03-22,103.608078
2017-03-23,103.573761
2017-03-24,103.584099
2017-03-27,103.463402
2017-03-28,104.187531
2017-03-29,104.377213
2017-03-30,104.765121
2017-03-31,104.584061
2017-04-03,104.325447
2017-04-04,104.377213
2017-04-05,103.954781
2017-04-06,104.282356
2017-04-07,104.204750
2017-04-10,104.334053
2017-04-11,104.299606
2017-04-12,103.765106
2017-04-13,103.058250
2017-04-17,103.954781
2017-04-18,103.730652
2017-04-19,103.644447
2017-04-20,104.497879
2017-04-21,104.161659
2017-04-24,105.265114
2017-04-25,105.920258
2017-04-26,105.946121
2017-04-27,106.049538
2017-04-28,105.696114
2017-05-01,105.971992
2017-05-02,105.971992
2017-05-03,105.713348
2017-05-04,105.790947
2017-05-05,106.316788
2017-05-08,106.153008
2017-05-09,106.118523
2017-05-10,106.351257
2017-05-11,106.040955
2017-05-12,105.834053
2017-05-15,106.403000
2017-05-16,106.342667
2017-05-17,104.428925
2017-05-18,104.739250
2017-05-19,105.489227
2017-05-22,106.049538
2017-05-23,106.230614
2017-05-24,106.540924
2017-05-25,106.989189
2017-05-26,106.971939
2017-05-30,106.799538
2017-05-31,106.765060
2017-06-01,107.756416
2017-06-02,108.109863
2017-06-05,107.971939
2017-06-06,107.696083
2017-06-07,107.816780
2017-06-08,108.006393
2017-06-09,107.920204
2017-06-12,107.902962
2017-06-13,108.437447
2017-06-14,108.282288
2017-06-15,108.040901
2017-06-16,107.971939
2017-06-19,108.851227
2017-06-20,108.109863
2017-06-21,107.984299
2017-06-22,108.027603
2017-06-23,108.296059
2017-06-26,108.374016
2017-06-27,107.482002
2017-06-28,108.495239
2017-06-29,107.629219
2017-06-30,107.776443
2017-07-03,108.036240
2017-07-05,108.157486
2017-07-06,107.092316
2017-07-07,107.837051
2017-07-10,107.915024
2017-07-11,107.889038
2017-07-12,108.659782
2017-07-13,108.832985
2017-07-14,109.317978
2017-07-17,109.317978
2017-07-18,109.387276
2017-07-19,110.019463
2017-07-20,110.088730
2017-07-21,109.941513
2017-07-24,109.950172
2017-07-25,110.313889
2017-07-26,110.235954
2017-07-27,110.045425
2017-07-28,109.863564
2017-07-31,109.802963
2017-08-01,110.028107
2017-08-02,109.924171
2017-08-03,109.673027
2017-08-04,109.906860
2017-08-07,110.123367
2017-08-08,109.820274
2017-08-09,109.699005
2017-08-10,108.088196
2017-08-11,108.287415
2017-08-14,109.395912
2017-08-15,109.291985
2017-08-16,109.491173
2017-08-17,107.750465
2017-08-18,107.568581
2017-08-21,107.724495
2017-08-22,108.807007
2017-08-23,108.477943
2017-08-24,108.304741
2017-08-25,108.564529
2017-08-28,108.607819
2017-08-29,108.651123
2017-08-30,109.222710
2017-08-31,109.967506
2017-09-01,110.218628
2017-09-05,109.369942
2017-09-06,109.673027
2017-09-07,109.621071
2017-09-08,109.543129
2017-09-11,110.720901
2017-09-12,111.145279
2017-09-13,111.197235
2017-09-14,111.162598
2017-09-15,111.370422
2017-09-18,111.638908
2017-09-19,111.690872
2017-09-20,111.872734
2017-09-21,111.560966
2017-09-22,111.650551
2017-09-25,111.467896
2017-09-26,111.493980
2017-09-27,112.102821
2017-09-28,112.285469
2017-09-29,112.650757
2017-10-02,113.242210
2017-10-03,113.468330
2017-10-04,113.581367
2017-10-05,114.181549
2017-10-06,114.103271
2017-10-09,113.877098
2017-10-10,114.146751
2017-10-11,114.303291
2017-10-12,114.164124
2017-10-13,114.251114
2017-10-16,114.329384
2017-10-17,114.381569
2017-10-18,114.529449
2017-10-19,114.555542
2017-10-20,115.173035
2017-10-23,114.685966
2017-10-24,114.886040
2017-10-25,114.285896
2017-10-26,114.433777
2017-10-27,115.364410
2017-10-30,114.859955
2017-10-31,115.094772
2017-11-01,115.190460
2017-11-02,115.216545
2017-11-03,115.520966
2017-11-06,115.738403
2017-11-07,115.538353
2017-11-08,115.729683
2017-11-09,115.260048
2017-11-10,115.277412
2017-11-13,115.338303
2017-11-14,115.129547
2017-11-15,114.538155
2017-11-16,115.581795
2017-11-17,115.364410
2017-11-20,115.660118
2017-11-21,116.460266
2017-11-22,116.373291
2017-11-24,116.642952
2017-11-27,116.521187
2017-11-28,117.677971
2017-11-29,117.677971
2017-11-30,118.582466
2017-12-01,118.347656
2017-12-04,118.191124
2017-12-05,117.686638
2017-12-06,117.617073
2017-12-07,118.086739
2017-12-08,118.704224
2017-12-11,118.982605
2017-12-12,119.113075
2017-12-13,119.130463
2017-12-14,118.573807
2017-12-15,119.634895
2017-12-18,120.461174
2017-12-19,119.974098
2017-12-20,119.965424
2017-12-21,120.238991
2017-12-22,120.195290
2017-12-26,120.099174
2017-12-27,120.142815
2017-12-28,120.405060
2017-12-29,119.959328
2018-01-02,120.807076
2018-01-03,121.506332
2018-01-04,121.969551
2018-01-05,122.686226
2018-01-08,122.965904
2018-01-09,123.193184
2018-01-10,123.000877
2018-01-11,124.040993
2018-01-12,124.766411
2018-01-16,124.215767
2018-01-17,125.360748
2018-01-18,125.142220
2018-01-19,125.788994
2018-01-22,126.785378
2018-01-23,127.100044
2018-01-24,126.977737
2018-01-25,127.030136
2018-01-26,128.358582
2018-01-29,127.519547
2018-01-30,126.191040
2018-01-31,126.234741
2018-02-01,126.182335
2018-02-02,123.499092
2018-02-05,118.639542
2018-02-06,120.579842
2018-02-07,120.046707
2018-02-08,115.729012
2018-02-09,117.319740
2018-02-12,118.884262
2018-02-13,119.260071
2018-02-14,120.929482
2018-02-15,122.406555
2018-02-16,122.459000
2018-02-20,121.724854
2018-02-21,121.156685
2018-02-22,121.235359
2018-02-23,123.114548
2018-02-26,124.408081
2018-02-27,122.843582
2018-02-28,121.488846
2018-03-01,120.046707
2018-03-02,120.824600
2018-03-05,122.188080
2018-03-06,122.633835
2018-03-07,122.738663
2018-03-08,123.201897
2018-03-09,125.247139
2018-03-12,125.177185
2018-03-13,124.399361
2018-03-14,123.770042
2018-03-15,123.603973
2018-03-16,123.813713
2018-03-19,122.223038
2018-03-20,122.406555
2018-03-21,122.301674
2018-03-22,119.305641
2018-03-23,116.804588
2018-03-26,119.884796
2018-03-27,117.761116
2018-03-28,117.489098
2018-03-29,119.103798
2018-04-02,116.392120
2018-04-03,117.840103
2018-04-04,119.165230
2018-04-05,119.998940
2018-04-06,117.480301
2018-04-09,117.875198
2018-04-10,119.788338
2018-04-11,119.235443
2018-04-12,120.200768
2018-04-13,119.858528
2018-04-16,120.858955
2018-04-17,122.131416
2018-04-18,122.298187
2018-04-19,121.631195
2018-04-20,120.665848
2018-04-23,120.622009
2018-04-24,119.173973
2018-04-25,119.305641
2018-04-26,120.437698
2018-04-27,120.516739
2018-04-30,119.639130
2018-05-01,119.823387
2018-05-02,119.130157
2018-05-03,118.805420
2018-05-04,120.341209
2018-05-07,120.867699
2018-05-08,120.911606
2018-05-09,122.052444
2018-05-10,123.114304
2018-05-11,123.360023
2018-05-14,123.421463
2018-05-15,122.675529
2018-05-16,123.272247
2018-05-17,123.307358
2018-05-18,123.035339
2018-05-21,123.956757
2018-05-22,123.500450
2018-05-23,123.825150
2018-05-24,123.623230
2018-05-25,123.386383
2018-05-29,122.166527
2018-05-30,123.746162
2018-05-31,122.894905
2018-06-01,124.176155
2018-06-04,124.755333
2018-06-05,124.939667
2018-06-06,126.045364
2018-06-07,125.861115
2018-06-08,126.291107
2018-06-11,126.475380
2018-06-12,126.738693
2018-06-13,126.264763
2018-06-14,126.624588
2018-06-15,126.501724
2018-06-18,126.361328
2018-06-19,125.940063
2018-06-20,126.229668
2018-06-21,125.360901
2018-06-22,125.539787
2018-06-25,123.777191
2018-06-26,124.059196
2018-06-27,122.904716
2018-06-28,123.671440
2018-06-29,123.759552
2018-07-02,124.059196
2018-07-03,123.741928
2018-07-05,124.790695
2018-07-06,125.839417
2018-07-09,126.985153
2018-07-10,127.311188
2018-07-11,126.403450
2018-07-12,127.443352
2018-07-13,127.522690
2018-07-16,127.319992
2018-07-17,127.901649
2018-07-18,128.183624
2018-07-19,127.875221
2018-07-20,127.646072
2018-07-23,127.848778
2018-07-24,128.130768
2018-07-25,129.223557
2018-07-26,129.012070
2018-07-27,127.980911
2018-07-30,127.143730
2018-07-31,127.866417
2018-08-01,127.716568
2018-08-02,128.474487
2018-08-03,128.906326
2018-08-06,129.487946
2018-08-07,129.911011
2018-08-08,129.787643
2018-08-09,129.699463
2018-08-10,128.888718
2018-08-13,128.395187
2018-08-14,129.241196
2018-08-15,128.218887
2018-08-16,129.223557
2018-08-17,129.699463
2018-08-20,129.946243
2018-08-21,130.430939
2018-08-22,130.474991
2018-08-23,130.219421
2018-08-24,131.030197
2018-08-27,131.973221
2018-08-28,132.052536
2018-08-29,132.748764
2018-08-30,132.202347
2018-08-31,132.255219
2018-09-04,132.070175
2018-09-05,131.638321
2018-09-06,131.241714
2018-09-07,130.942093
2018-09-10,131.224121
2018-09-11,131.664688
2018-09-12,131.673553
2018-09-13,132.334518
2018-09-14,132.440323
2018-09-17,131.603088
2018-09-18,132.308090
2018-09-19,132.325668
2018-09-20,133.348007
2018-09-21,133.215805
2018-09-24,132.731110
2018-09-25,132.660629
2018-09-26,132.149429
2018-09-27,132.457932
2018-09-28,132.514587
2018-10-01,132.718262
2018-10-02,132.523438
2018-10-03,132.700546
2018-10-04,131.575974
2018-10-05,130.725845
2018-10-08,130.628464
2018-10-09,130.398285
2018-10-10,126.245270
2018-10-11,123.553307
2018-10-12,125.182625
2018-10-15,124.624825
2018-10-16,127.369843
2018-10-17,127.334442
2018-10-18,125.492599
2018-10-19,125.164940
2018-10-22,124.669052
2018-10-23,123.934151
2018-10-24,120.082222
2018-10-25,122.340202
2018-10-26,120.223907
2018-10-29,119.559792
2018-10-30,121.428139
2018-10-31,122.694443
2018-11-01,124.084702
2018-11-02,123.579941
2018-11-05,124.182030
2018-11-06,124.890465
2018-11-07,127.440651
2018-11-08,127.192703
2018-11-09,125.891075
2018-11-12,123.473618
2018-11-13,123.296577
2018-11-14,122.393364
2018-11-15,123.774750
2018-11-16,124.040413
2018-11-19,121.888641
2018-11-20,119.719139
2018-11-21,120.303574
2018-11-23,119.657166
2018-11-26,121.516739
2018-11-27,121.667244
2018-11-28,124.500870
2018-11-29,124.270592
2018-11-30,125.164940
2018-12-03,126.626053
2018-12-04,122.490776
2018-12-06,122.340202
2018-12-07,119.453499
2018-12-10,119.586327
2018-12-11,119.559792
2018-12-12,120.241577
2018-12-13,119.949356
2018-12-14,117.877335
2018-12-17,115.362511
2018-12-18,115.327110
2018-12-19,113.556107
2018-12-20,111.723114
2018-12-21,109.349998
2018-12-24,106.616440
2018-12-26,111.746872
2018-12-27,112.753326
2018-12-28,112.610802
2018-12-31,113.679634
2019-01-02,113.768745
2019-01-03,111.132263
2019-01-04,114.810844
2019-01-07,115.968758
2019-01-08,117.162277
2019-01-09,117.714539
2019-01-10,118.293457
2019-01-11,118.320152
2019-01-14,117.571991
2019-01-15,118.854614
2019-01-16,119.193069
2019-01-17,120.154999
2019-01-18,121.713745
2019-01-22,120.048157
2019-01-23,120.172867
2019-01-24,120.422218
2019-01-25,121.553421
2019-01-28,120.662712
2019-01-29,120.493492
2019-01-30,122.310532
2019-01-31,123.388245
2019-02-01,123.566406
2019-02-04,124.448189
2019-02-05,124.964798
2019-02-06,124.840118
2019-02-07,123.655434
2019-02-08,123.780174
2019-02-11,124.038452
2019-02-12,125.588272
2019-02-13,125.980179
2019-02-14,125.757530
2019-02-15,127.138100
2019-02-19,127.387505
2019-02-20,127.654694
2019-02-21,127.218307
2019-02-22,128.055496
2019-02-25,128.242599
2019-02-26,128.002090
2019-02-27,128.046616
2019-02-28,127.779396
2019-03-01,128.634476
2019-03-04,128.037689
2019-03-05,127.797203
2019-03-06,126.826363
2019-03-07,125.837677
2019-03-08,125.579391
2019-03-11,127.423141
2019-03-12,127.850632
2019-03-13,128.670120
2019-03-14,128.563202
2019-03-15,129.159943
2019-03-18,129.640930
2019-03-19,129.614243
2019-03-20,129.079819
2019-03-21,130.593994
2019-03-22,127.868423
2019-03-25,127.780685
2019-03-26,128.765778
2019-03-27,128.174683
2019-03-28,128.738907
2019-03-29,129.589645
2019-04-01,131.094101
2019-04-02,131.085144
2019-04-03,131.398605
2019-04-04,131.676178
2019-04-05,132.338882
2019-04-08,132.455292
2019-04-09,131.658279
2019-04-10,132.267242
2019-04-11,132.258286
2019-04-12,133.144806
2019-04-15,133.037354
2019-04-16,133.073227
2019-04-17,132.580673
2019-04-18,132.777695
2019-04-22,132.813507
2019-04-23,134.147812
2019-04-24,133.968674
2019-04-25,133.744797
2019-04-26,134.470184
2019-04-29,134.667206
2019-04-30,134.676132
2019-05-01,133.673187
2019-05-02,133.449295
2019-05-03,134.891083
2019-05-06,134.461227
2019-05-07,132.141815
2019-05-08,131.926926
2019-05-09,131.506027
2019-05-10,132.115005
2019-05-13,128.774704
2019-05-14,129.938904
2019-05-15,130.709045
2019-05-16,131.891144
2019-05-17,130.959778
2019-05-20,130.028442
2019-05-21,131.300064
2019-05-22,130.825424
2019-05-23,129.159805
2019-05-24,129.473206
2019-05-28,128.335907
2019-05-29,127.458344
2019-05-30,127.709053
2019-05-31,125.989685
2019-06-03,125.738937
2019-06-04,128.559753
2019-06-05,129.544846
2019-06-06,130.270218
2019-06-07,131.452255
2019-06-10,132.186615
2019-06-11,132.061295
2019-06-12,131.882202
2019-06-13,132.491089
2019-06-14,132.204529
2019-06-17,132.300751
2019-06-18,133.747864
2019-06-19,134.206238
2019-06-20,135.437668
2019-06-21,135.455658
2019-06-24,134.700638
2019-06-25,133.424271
2019-06-26,133.172623
2019-06-27,133.972595
2019-06-28,134.907349
2019-07-01,135.860107
2019-07-02,136.174713
2019-07-03,137.199417
2019-07-05,137.118515
2019-07-08,136.381470
2019-07-09,136.624161
2019-07-10,137.181412
2019-07-11,137.370255
2019-07-12,138.071304
2019-07-15,137.981400
2019-07-16,137.630859
2019-07-17,136.723053
2019-07-18,137.226395
2019-07-19,136.444382
2019-07-22,136.767975
2019-07-23,137.684769
2019-07-24,138.529678
2019-07-25,137.792633
2019-07-26,138.790390
2019-07-29,138.457779
2019-07-30,138.322952
2019-07-31,136.812897
2019-08-01,135.545547
2019-08-02,134.448990
2019-08-05,130.458115
2019-08-06,132.156921
2019-08-07,132.300751
2019-08-08,134.817490
2019-08-09,133.855728
2019-08-12,132.201859
2019-08-13,134.089401
2019-08-14,130.215378
2019-08-15,130.458115
2019-08-16,132.435547
2019-08-19,134.008530
2019-08-20,132.983826
2019-08-21,134.107376
2019-08-22,133.990540
2019-08-23,130.610886
2019-08-26,131.932175
2019-08-27,131.320969
2019-08-28,132.255798
2019-08-29,134.008530
2019-08-30,133.963562
2019-09-03,133.091690
2019-09-04,134.511856
2019-09-05,136.309540
2019-09-06,136.336533
2019-09-09,136.417374
2019-09-10,136.552246
2019-09-11,137.666794
2019-09-12,138.080276
2019-09-13,137.945435
2019-09-16,137.665543
2019-09-17,137.999634
2019-09-18,137.981552
2019-09-19,137.891296
2019-09-20,137.286270
2019-09-23,137.358566
2019-09-24,136.085342
2019-09-25,136.943176
2019-09-26,136.527802
2019-09-27,135.715134
2019-09-30,136.347244
2019-10-01,134.568344
2019-10-02,132.383224
2019-10-03,133.457733
2019-10-04,135.200424
2019-10-07,134.667694
2019-10-08,132.491577
2019-10-09,133.710571
2019-10-10,134.568344
2019-10-11,136.013107
2019-10-14,135.886719
2019-10-15,137.223068
2019-10-16,136.970215
2019-10-17,137.421692
2019-10-18,136.870941
2019-10-21,137.764862
2019-10-22,137.349533
2019-10-23,137.629364
2019-10-24,138.008636
2019-10-25,138.559448
2019-10-28,139.399216
2019-10-29,139.372147
2019-10-30,139.706223
2019-10-31,139.218613
2019-11-01,140.708527
2019-11-04,141.223175
2019-11-05,141.096771
2019-11-06,141.033600
2019-11-07,141.512161
2019-11-08,141.909439
2019-11-11,141.629562
2019-11-12,141.873291
2019-11-13,141.936523
2019-11-14,142.081009
2019-11-15,143.164597
2019-11-18,143.245850
2019-11-19,143.290985
2019-11-20,142.839493
2019-11-21,142.478271
2019-11-22,142.794327
2019-11-25,144.148773
2019-11-26,144.455765
2019-11-27,145.142059
2019-11-29,144.491882
2019-12-02,143.182587
2019-12-03,142.333817
2019-12-04,143.254868
2019-12-05,143.462570
2019-12-06,144.735718
2019-12-09,144.275177
2019-12-10,144.148773
2019-12-11,144.491882
2019-12-12,145.674774
2019-12-13,145.674774
2019-12-16,146.740311
2019-12-17,146.794464
2019-12-18,146.857651
2019-12-19,147.498764
2019-12-20,148.257248
2019-12-23,148.347565
2019-12-24,148.380234
2019-12-26,149.097412
2019-12-27,148.961319
2019-12-30,148.153305
2019-12-31,148.543610
2020-01-02,149.778336
2020-01-03,148.825073
2020-01-06,149.333496
2020-01-07,148.979446
2020-01-08,149.714813
2020-01-09,150.649887
2020-01-10,150.214142
2020-01-13,151.240005
2020-01-14,151.158249
2020-01-15,151.530487
2020-01-16,152.828751
2020-01-17,153.210022
2020-01-21,152.883224
2020-01-22,152.974045
2020-01-23,153.146500
2020-01-24,151.693939
2020-01-27,149.415207
2020-01-28,150.858673
2020-01-29,150.758835
2020-01-30,151.121964
2020-01-31,148.452850
2020-02-03,149.760162
2020-02-04,152.120636
2020-02-05,153.618622
2020-02-06,154.045288
2020-02-07,153.164658
2020-02-10,154.290421
2020-02-11,154.717056
2020-02-12,155.688492
2020-02-13,155.624969
2020-02-14,155.879135
2020-02-18,155.516006
2020-02-19,156.305832
2020-02-20,155.833786
2020-02-21,154.235901
2020-02-24,149.161011
2020-02-25,144.603516
2020-02-26,143.804642
2020-02-27,137.504150
2020-02-28,136.578079
2020-03-02,142.234055
2020-03-03,138.566299
2020-03-04,144.104248
2020-03-05,139.301682
2020-03-06,136.714264
2020-03-09,125.738274
2020-03-10,131.975204
2020-03-11,125.293419
2020-03-12,113.109985
2020-03-13,123.405060
2020-03-16,109.360527
2020-03-17,114.843979
2020-03-18,108.225693
2020-03-19,109.024620
2020-03-20,104.576126
2020-03-23,101.598358
2020-03-24,111.239777
2020-03-25,112.774071
2020-03-26,119.620468
2020-03-27,115.806793
2020-03-30,119.319405
2020-03-31,117.613281
2020-04-01,112.184685
2020-04-02,114.520332
2020-04-03,112.567879
2020-04-06,120.441589
2020-04-07,120.578468
2020-04-08,124.811852
2020-04-09,127.147484
2020-04-13,125.632973
2020-04-14,129.446640
2020-04-15,126.408516
2020-04-16,127.001518
2020-04-17,130.596237
2020-04-20,128.479553
2020-04-21,124.492508
2020-04-22,127.302589
2020-04-23,127.320862
2020-04-24,129.218582
2020-04-27,131.508606
2020-04-28,131.098053
2020-04-29,134.811386
2020-04-30,133.059647
2020-05-01,129.382782
2020-05-04,129.875504
2020-05-05,131.079803
2020-05-06,130.359039
2020-05-07,132.065140
2020-05-08,134.546814
2020-05-11,134.565048
2020-05-12,131.700211
2020-05-13,129.054337
2020-05-14,130.441162
2020-05-15,131.225784
2020-05-18,135.577805
2020-05-19,134.136246
2020-05-20,136.617828
2020-05-21,135.796738
2020-05-22,136.179901
2020-05-26,138.077682
2020-05-27,140.258209
2020-05-28,139.774689
2020-05-29,140.240005
2020-06-01,141.188828
2020-06-02,142.256271
2020-06-03,144.473373
2020-06-04,144.017151
2020-06-05,147.712250
2020-06-08,149.719482
2020-06-09,148.350922
2020-06-10,147.246933
2020-06-11,138.561203
2020-06-12,140.477219
2020-06-15,141.982590
2020-06-16,144.710556
2020-06-17,144.008041
2020-06-18,144.126678
2020-06-19,143.314651
2020-06-22,144.309097
2020-06-23,144.874771
2020-06-24,140.942490
2020-06-25,142.647247
2020-06-26,139.329422
2020-06-29,141.373276
2020-06-30,143.462891
2020-07-01,144.296967
2020-07-02,144.874359
2020-07-06,147.156494
2020-07-07,145.662582
2020-07-08,146.854095
2020-07-09,145.946716
2020-07-10,147.513947
2020-07-13,145.919235
2020-07-14,147.834702
2020-07-15,149.667755
2020-07-16,148.998688
2020-07-17,149.567032
2020-07-20,150.712585
2020-07-21,151.143372
2020-07-22,151.931580
2020-07-23,150.272690
2020-07-24,149.108688
2020-07-27,150.391830
2020-07-28,149.292007
2020-07-29,151.271683
2020-07-30,150.932556
2020-07-31,151.702438
2020-08-03,153.022263
2020-08-04,153.627151
2020-08-05,154.745331
2020-08-06,155.496826
2020-08-07,155.625168
2020-08-10,156.055923
2020-08-11,154.800293
2020-08-12,156.871643
2020-08-13,156.752487
2020-08-14,156.706665
2020-08-17,157.375702
2020-08-18,157.614014
2020-08-19,156.999924
2020-08-20,157.448990
2020-08-21,157.843124
2020-08-24,159.355377
2020-08-25,159.886993
2020-08-26,161.335083
2020-08-27,161.720032
2020-08-28,162.847321
2020-08-31,162.480682
2020-09-01,163.919678
2020-09-02,166.110138
2020-09-03,160.336029
2020-09-04,158.970459
2020-09-08,154.507004
2020-09-09,157.531525
2020-09-10,154.946930
2020-09-11,155.001907
2020-09-14,157.421524
2020-09-15,158.319702
2020-09-16,157.797272
2020-09-17,156.495850
2020-09-18,154.974380
2020-09-21,153.104752
2020-09-22,154.626144
2020-09-23,150.895905
2020-09-24,151.216705
2020-09-25,153.649918
2020-09-28,156.438370
2020-09-29,155.564072
2020-09-30,156.732880
2020-10-01,158.039597
2020-10-02,156.806473
2020-10-05,159.631744
2020-10-06,157.662338
2020-10-07,160.413971
2020-10-08,161.822006
2020-10-09,163.184021
2020-10-12,165.604340
2020-10-13,164.730057
2020-10-14,163.634949
2020-10-15,163.690155
2020-10-16,163.395630
2020-10-19,161.058136
2020-10-20,161.619537
2020-10-21,161.067352
2020-10-22,162.208511
2020-10-23,162.742279
2020-10-26,159.788162
2020-10-27,159.143951
2020-10-28,153.870773
2020-10-29,155.324814
2020-10-30,153.677567
2020-11-02,155.278824
2020-11-03,158.260513
2020-11-04,161.711563
2020-11-05,165.052185
2020-11-06,164.969330
2020-11-09,166.929565
2020-11-10,166.653442
2020-11-11,168.006256
2020-11-12,166.349762
2020-11-13,168.705734
2020-11-16,170.767136
2020-11-17,170.380600
2020-11-18,168.576843
2020-11-19,169.515518
2020-11-20,168.622864
2020-11-23,170.003265
2020-11-24,172.635300
2020-11-25,172.570892
2020-11-27,173.178223
2020-11-30,171.816223
2020-12-01,173.997314
2020-12-02,174.144516
2020-12-03,174.494247
2020-12-04,176.242783
2020-12-07,176.049530
2020-12-08,176.813339
2020-12-09,175.074020
2020-12-10,175.331696
2020-12-11,175.018799
2020-12-14,174.521851
2020-12-15,176.914597
2020-12-16,177.163040
2020-12-17,178.552658
2020-12-18,178.046555
2020-12-21,177.531189
2020-12-22,177.567947
2020-12-23,177.871674
2020-12-24,178.169235
2020-12-28,179.296478
2020-12-29,178.548019
2020-12-30,179.028534
2020-12-31,179.850906
2021-01-04,177.291382
2021-01-05,178.723633
2021-01-06,180.331375
2021-01-07,183.223602
2021-01-08,184.110672
2021-01-11,183.011063
2021-01-12,183.657898
2021-01-13,183.861160
2021-01-14,183.685608
2021-01-15,182.087067
2021-01-19,183.750259
2021-01-20,186.069580
2021-01-21,185.930954
2021-01-22,185.626053
2021-01-25,186.152756
2021-01-26,185.478195
2021-01-27,181.024414
2021-01-28,182.447403
2021-01-29,179.250320
2021-02-01,182.308823
2021-02-02,184.923798
2021-02-03,185.200974
2021-02-04,187.548004
2021-02-05,188.601379
2021-02-08,190.292374
2021-02-09,190.366226
2021-02-10,190.283081
2021-02-11,190.735840
2021-02-12,191.724579
2021-02-16,191.382675
2021-02-17,190.985367
2021-02-18,189.885727
2021-02-19,190.320038
2021-02-22,188.508957
2021-02-23,188.481277
2021-02-24,190.597290
2021-02-25,185.616806
2021-02-26,184.877579
2021-03-01,189.627060
2021-03-02,187.843674
2021-03-03,185.136292
2021-03-04,182.207169
2021-03-05,185.496628
2021-03-08,184.591141
2021-03-09,187.455627
2021-03-10,188.795425
2021-03-11,191.262512
2021-03-12,191.641403
2021-03-15,192.981247
2021-03-16,192.205078
2021-03-17,192.935043
2021-03-18,189.423737
2021-03-19,189.663971
2021-03-22,190.689682
2021-03-23,188.518204
2021-03-24,186.956619
2021-03-25,188.339874
2021-03-26,191.417831
2021-03-29,190.518509
2021-03-30,190.462936
2021-03-31,191.621765
2021-04-01,194.022934
2021-04-05,196.285049
2021-04-06,196.359253
2021-04-07,196.192368
2021-04-08,197.332672
2021-04-09,198.528656
2021-04-12,198.584274
2021-04-13,199.140564
2021-04-14,198.695526
2021-04-15,200.809341
2021-04-16,201.319229
2021-04-19,200.002701
2021-04-20,198.167084
2021-04-21,200.531158
2021-04-22,198.964386
2021-04-23,201.374832
2021-04-26,202.107269
2021-04-27,202.014572
2021-04-28,201.986740
2021-04-29,202.756256
2021-04-30,201.272858
2021-05-03,201.625137
2021-05-04,200.114029
2021-05-05,200.076904
2021-05-06,201.096710
2021-05-07,202.802582
2021-05-10,200.419907
2021-05-11,198.806763
2021-05-12,194.328873
2021-05-13,196.470505
2021-05-14,199.826584
2021-05-17,199.400131
2021-05-18,197.842575
2021-05-19,197.267776
2021-05-20,199.409393
2021-05-21,199.298187
2021-05-24,201.309937
2021-05-25,200.753693
2021-05-26,201.476822
2021-05-27,201.847687
2021-05-28,202.190674
2021-06-01,202.274109
2021-06-02,202.543015
2021-06-03,201.643723
2021-06-04,203.395905
2021-06-07,203.562790
2021-06-08,203.979996
2021-06-09,203.405167
2021-06-10,204.304474
2021-06-11,204.907074
2021-06-14,205.222290
2021-06-15,204.684570
2021-06-16,203.664764
2021-06-17,203.470062
2021-06-18,200.948410
2021-06-21,203.720413
2021-06-22,204.879303
2021-06-23,204.795822
2021-06-24,206.186111
2021-06-25,206.957962
2021-06-28,207.190430
2021-06-29,207.199722
2021-06-30,207.209030
2021-07-01,208.334259
2021-07-02,209.487366
2021-07-06,209.031723
2021-07-07,209.310730
2021-07-08,207.543793
2021-07-09,210.054642
2021-07-12,210.640442
2021-07-13,209.468750
2021-07-14,209.180511
2021-07-15,208.445847
2021-07-16,206.809158
2021-07-19,203.870544
2021-07-20,207.395020
2021-07-21,209.254883
2021-07-22,209.431580
2021-07-23,211.523972
2021-07-26,211.951660
2021-07-27,210.807892
2021-07-28,211.133392
2021-07-29,212.063293
2021-07-30,210.807892
2021-08-02,210.510269
2021-08-03,212.016785
2021-08-04,211.068283
2021-08-05,212.574768
2021-08-06,212.835190
2021-08-09,212.751480
2021-08-10,212.890930
2021-08-11,213.309448
2021-08-12,213.904587
2021-08-13,214.025452
2021-08-16,214.109192
2021-08-17,212.518997
2021-08-18,210.398712
2021-08-19,210.240601
2021-08-20,212.128403
2021-08-23,214.183578
2021-08-24,214.946075
2021-08-25,215.559891
2021-08-26,214.118484
2021-08-27,216.424774
2021-08-30,217.243088
2021-08-31,216.833878
2021-09-01,217.215179
2021-09-02,217.949783
2021-09-03,217.875443
2021-09-07,216.936157
2021-09-08,216.424774
2021-09-09,215.671478
2021-09-10,213.960358
2021-09-13,214.443985
2021-09-14,213.151352
2021-09-15,214.909012
2021-09-16,214.713623
2021-09-17,212.993225
2021-09-20,209.301376
2021-09-21,209.282806
2021-09-22,211.393768
2021-09-23,213.969681
2021-09-24,214.225281
2021-09-27,213.758850
2021-09-28,209.281052
2021-09-29,209.420990
2021-09-30,207.154099
2021-10-01,210.008698
2021-10-04,206.846237
2021-10-05,208.777298
2021-10-06,209.644867
2021-10-07,211.659897
2021-10-08,211.193451
2021-10-11,209.672867
2021-10-12,209.523605
2021-10-13,210.475098
2021-10-14,213.973434
2021-10-15,215.242126
2021-10-18,216.025742
2021-10-19,217.602249
2021-10-20,218.451202
2021-10-21,219.048264
2021-10-22,218.628448
2021-10-25,219.971848
2021-10-26,219.887817
2021-10-27,218.385925
2021-10-28,220.718094
2021-10-29,221.007294
2021-11-01,222.108093
2021-11-02,222.798416
2021-11-03,224.374939
2021-11-04,225.223877
2021-11-05,226.091446
2021-11-08,226.464584
2021-11-09,225.811584
2021-11-10,223.591339
2021-11-11,223.861893
2021-11-12,225.522400
2021-11-15,225.522400
2021-11-16,226.492554
2021-11-17,225.559708
2021-11-18,225.914230
2021-11-19,225.270493
2021-11-22,224.188385
2021-11-23,224.263046
2021-11-24,225.018631
2021-11-26,220.149048
2021-11-29,222.220032
2021-11-30,217.779556
2021-12-01,214.710373
2021-12-02,218.199326
2021-12-03,215.671265
2021-12-06,218.441895
2021-12-07,223.115601
2021-12-08,224.076492
2021-12-09,221.940186
2021-12-10,223.451462
2021-12-13,221.417755
2021-12-14,219.757233
2021-12-15,223.143616
2021-12-16,220.643478
2021-12-17,219.635971
2021-12-20,216.548157
2021-12-21,220.792740
2021-12-22,222.975662
2021-12-23,224.514877
2021-12-27,227.463028
2021-12-28,226.994919
2021-12-29,227.126038
2021-12-30,226.760880
2021-12-31,226.039963
2022-01-03,227.472366
2022-01-04,227.041733
2022-01-05,222.117203
2022-01-06,222.061066
2022-01-07,221.049957
2022-01-10,220.666122
2022-01-11,222.866211
2022-01-12,223.212631
2022-01-13,219.945221
2022-01-14,220.029480
2022-01-18,215.750977
2022-01-19,213.485336
2022-01-20,210.995010
2022-01-21,206.819473
2022-01-24,208.148911
2022-01-25,205.237259
2022-01-26,204.441467
2022-01-27,202.924835
2022-01-28,207.924210
2022-01-31,212.343155
2022-02-01,213.962799
2022-02-02,215.376495
2022-02-03,210.255386
2022-02-04,211.650345
2022-02-07,211.116714
2022-02-08,213.054672
2022-02-09,216.518661
2022-02-10,212.848724
2022-02-11,208.719986
2022-02-14,207.952316
2022-02-15,211.650345
2022-02-16,211.846970
2022-02-17,207.034821
2022-02-18,205.377716
2022-02-22,203.018402
2022-02-23,199.282944
2022-02-24,202.775024
2022-02-25,207.287537
2022-02-28,207.062881
2022-03-01,203.832977
2022-03-02,207.699509
2022-03-03,206.117325
2022-03-04,204.057648
2022-03-07,197.766251
2022-03-08,196.652161
2022-03-09,202.110306
2022-03-10,201.202164
2022-03-11,198.468445
2022-03-14,196.511749
2022-03-15,200.612350
2022-03-16,205.630478
2022-03-17,208.382935
2022-03-18,210.817108
2022-03-21,210.620529
2022-03-22,213.204453
2022-03-23,210.300644
2022-03-24,213.296478
2022-03-25,214.207428
2022-03-28,215.597397
2022-03-29,218.865570
2022-03-30,217.090591
2022-03-31,213.813049
2022-04-01,214.667603
2022-04-04,216.489548
2022-04-05,213.324692
2022-04-06,210.873505
2022-04-07,211.671783
2022-04-08,211.014389
2022-04-11,207.718033
2022-04-12,207.079407
2022-04-13,209.793488
2022-04-14,207.239044
2022-04-18,206.882172
2022-04-19,210.526031
2022-04-20,210.253677
2022-04-21,206.816452
2022-04-22,201.181625
2022-04-25,202.280411
2022-04-26,196.514130
2022-04-27,196.899200
2022-04-28,201.698166
2022-04-29,194.288406
2022-05-02,195.753464
2022-05-03,196.683182
2022-05-04,202.449478
2022-05-05,194.983353
2022-05-06,193.414993
2022-05-09,186.559296
2022-05-10,186.934982
2022-05-11,183.554062
2022-05-12,183.751297
2022-05-13,188.672348
2022-05-16,187.742630
2022-05-17,191.752731
2022-05-18,184.249023
2022-05-19,183.431976
2022-05-20,183.431976
2022-05-23,186.568680
2022-05-24,184.699799
2022-05-25,186.756500
2022-05-26,190.578781
2022-05-27,195.405960
2022-05-31,193.800034
2022-06-01,192.522842
2022-06-02,196.448364
2022-06-03,193.311707
2022-06-06,193.884567
2022-06-07,195.988205
2022-06-08,193.790649
2022-06-09,189.151321
2022-06-10,183.535263
2022-06-13,176.040985
2022-06-14,175.543243
2022-06-15,178.097717
2022-06-16,171.880615
2022-06-17,172.528595
2022-06-21,176.707733
2022-06-22,176.679626
2022-06-23,178.281570
2022-06-24,184.042603
2022-06-27,183.476898
2022-06-28,179.695908
2022-06-29,179.394180
2022-06-30,177.847824
2022-07-01,179.724197
2022-07-05,180.365326
2022-07-06,180.723648
2022-07-07,183.703171
2022-07-08,183.514603
2022-07-11,181.195099
2022-07-12,179.629898
2022-07-13,178.847290
2022-07-14,178.055267
2022-07-15,181.515656
2022-07-18,180.261627
2022-07-19,185.296661
2022-07-20,186.795853
2022-07-21,188.643890
2022-07-22,186.597839
2022-07-25,186.852448
2022-07-26,184.542358
2022-07-27,189.388824
2022-07-28,191.859177
2022-07-29,194.470978
2022-08-01,194.018402
2022-08-02,192.971771
2022-08-03,196.073898
2022-08-04,195.885300
2022-08-05,195.819305
2022-08-08,195.998444
2022-08-09,194.763275
2022-08-10,199.204254
2022-08-11,199.213715
2022-08-12,202.664688
2022-08-15,203.456711
2022-08-16,203.890472
2022-08-17,202.061249
2022-08-18,202.589249
2022-08-19,199.694595
2022-08-22,195.423309
2022-08-23,195.055573
2022-08-24,195.875885
2022-08-25,198.713959
2022-08-26,192.132629
2022-08-29,190.727676
2022-08-30,188.606216
2022-08-31,187.220154
2022-09-01,187.333298
2022-09-02,185.475754
2022-09-06,184.721512
2022-09-07,188.134735
2022-09-08,189.624496
2022-09-09,192.773773
2022-09-12,194.848114
2022-09-13,186.475296
2022-09-14,187.201294
2022-09-15,185.202393
2022-09-16,183.514603
2022-09-19,184.815811
2022-09-20,182.666031
2022-09-21,179.545059
2022-09-22,177.536667
2022-09-23,174.474426
2022-09-26,172.561722
2022-09-27,172.306046
2022-09-28,175.932648
2022-09-29,172.277634
2022-09-30,169.938828
2022-10-03,174.256638
2022-10-04,179.852798
2022-10-05,179.511902
2022-10-06,177.798035
2022-10-07,172.713196
2022-10-10,171.340240
2022-10-11,170.241821
2022-10-12,169.777863
2022-10-13,173.991470
2022-10-14,169.891449
2022-10-17,174.427109
2022-10-18,176.557587
2022-10-19,175.052017
2022-10-20,173.536987
2022-10-21,177.532913
2022-10-24,179.445633
2022-10-25,182.693466
2022-10-26,181.566666
2022-10-27,180.714447
2022-10-28,184.918671
2022-10-31,183.725571
2022-11-01,183.157425
2022-11-02,178.337738
2022-11-03,176.633331
2022-11-04,178.905884
2022-11-07,180.534576
2022-11-08,181.481430
2022-11-09,177.570755
2022-11-10,187.617294
2022-11-11,189.530029
2022-11-14,187.816177
2022-11-15,189.719391
2022-11-16,187.787781
2022-11-17,187.001846
2022-11-18,187.882431
2022-11-21,187.087051
2022-11-22,189.539505
2022-11-23,190.694717
2022-11-25,190.836716
2022-11-28,187.740372
2022-11-29,187.446884
2022-11-30,193.222900
2022-12-01,193.336533
2022-12-02,193.156631
2022-12-05,189.359573
2022-12-06,186.518921
2022-12-07,186.215912
2022-12-08,187.825653
2022-12-09,186.253769
2022-12-12,188.933472
2022-12-13,190.344360
2022-12-14,189.283859
2022-12-15,184.568298
2022-12-16,182.456741
2022-12-19,180.619766
2022-12-20,180.998489
2022-12-21,183.735001
2022-12-22,181.129028
2022-12-23,182.128021
2022-12-27,181.366882
2022-12-28,179.083405
2022-12-29,182.375397
2022-12-30,181.909180
2023-01-03,181.167084
2023-01-04,182.775040
2023-01-05,180.634277
2023-01-06,184.620865
2023-01-09,184.696960
2023-01-10,186.152695
2023-01-11,188.607483
2023-01-12,189.520874
2023-01-13,190.329575
2023-01-17,190.072678
2023-01-18,187.075623
2023-01-19,185.553284
2023-01-20,189.111725
2023-01-23,191.509430
2023-01-24,191.195419
2023-01-25,191.290543
2023-01-26,193.260071
2023-01-27,194.040283
2023-01-30,191.442780
2023-01-31,194.506500
2023-02-01,196.875641
2023-02-02,199.815598
2023-02-03,197.750946
2023-02-06,196.266693
2023-02-07,198.740524
2023-02-08,196.618713
2023-02-09,194.706299
2023-02-10,195.058319
2023-02-13,197.379883
2023-02-14,197.456024
2023-02-15,198.340881
2023-02-16,195.695816
2023-02-17,195.124939
2023-02-21,191.081253
2023-02-22,190.919495
2023-02-23,191.937561
2023-02-24,189.796783
2023-02-27,190.472336
2023-02-28,189.834839
2023-03-01,190.291550
2023-03-02,190.586502
2023-03-03,193.688263
2023-03-06,193.431351
2023-03-07,190.548431
2023-03-08,190.795822
2023-03-09,187.028046
2023-03-10,183.878708
2023-03-13,183.117569
2023-03-14,186.381073
2023-03-15,184.944351
2023-03-16,188.141266
2023-03-17,185.715027
2023-03-20,187.332535
2023-03-21,190.006088
2023-03-22,186.609406
2023-03-23,186.949478
2023-03-24,188.124451
2023-03-27,188.602127
2023-03-28,188.334625
2023-03-29,191.047668
2023-03-30,192.079376
2023-03-31,194.973907
2023-04-03,195.489716
2023-04-04,194.180984
2023-04-05,193.474091
2023-04-06,194.114136
2023-04-10,194.553543
2023-04-11,194.754150
2023-04-12,193.932648
2023-04-13,196.454559
2023-04-14,195.910049
2023-04-17,196.693390
2023-04-18,196.788925
2023-04-19,196.884476
2023-04-20,195.661682
2023-04-21,195.833649
2023-04-24,195.910049
2023-04-25,192.643021
2023-04-26,191.773682
2023-04-27,195.375092
2023-04-28,197.075531
2023-05-01,196.979980
2023-05-02,194.572662
2023-05-03,193.435852
2023-05-04,191.993362
2023-05-05,195.537521
2023-05-08,195.747681
2023-05-09,194.945236
2023-05-10,195.804993
2023-05-11,195.547058
2023-05-12,195.088531
2023-05-15,195.919617
2023-05-16,194.400742
2023-05-17,196.922653
2023-05-18,198.880981
2023-05-19,198.403351
2023-05-22,198.747253
2023-05-23,196.645599
2023-05-24,195.126709
2023-05-25,196.454559
2023-05-26,199.043396
2023-05-30,199.110260
2023-05-31,197.916153
2023-06-01,199.893600
2023-06-02,203.198929
2023-06-05,202.663910
2023-06-06,203.590561
2023-06-07,203.189346
2023-06-08,204.144623
2023-06-09,204.364334
2023-06-12,206.198502
2023-06-13,207.717407
2023-06-14,207.717407
2023-06-15,210.248901
2023-06-16,209.455994
2023-06-20,208.424316
2023-06-21,207.277954
2023-06-22,207.832016
2023-06-23,206.112625
2023-06-26,205.393463
2023-06-27,207.896271
2023-06-28,208.068878
2023-06-29,209.066177
2023-06-30,211.233353
2023-07-03,211.866287
2023-07-05,211.223801
2023-07-06,209.344254
2023-07-07,209.085342
2023-07-10,209.996323
2023-07-11,211.645691
2023-07-12,213.266296
2023-07-13,215.069077
2023-07-14,214.752640
2023-07-17,215.567734
2023-07-18,217.284225
2023-07-19,217.849976
2023-07-20,216.277328
2023-07-21,216.258148
2023-07-24,217.025299
2023-07-25,217.571884
2023-07-26,217.734894
2023-07-27,216.056763
2023-07-28,218.310272
2023-07-31,218.971909
2023-08-01,218.377350
2023-08-02,215.280014
2023-08-03,214.656754
2023-08-04,213.745758
2023-08-07,215.385529
2023-08-08,214.388245
2023-08-09,212.853943
2023-08-10,212.892288
2023-08-11,212.690948
2023-08-14,213.745758
2023-08-15,211.319656
2023-08-16,209.574417
2023-08-17,207.857910
2023-08-18,208.097656
2023-08-21,209.296295
2023-08-22,208.740143
2023-08-23,211.022354
2023-08-24,208.193558
2023-08-25,209.612762
2023-08-28,210.955276
2023-08-29,214.023865
2023-08-30,214.973175
2023-08-31,214.743042
2023-09-01,215.452637
2023-09-05,214.167694
2023-09-06,212.825165
2023-09-07,212.096375
2023-09-08,212.326553
2023-09-11,213.659439
2023-09-12,212.623795
2023-09-13,212.652557
2023-09-14,214.474533
2023-09-15,211.952545
2023-09-18,211.971771
2023-09-19,211.434738
2023-09-20,209.564819
2023-09-21,206.049942
2023-09-22,205.616867
2023-09-25,206.444534
2023-09-26,203.470596
2023-09-27,203.682343
2023-09-28,205.029770
2023-09-29,204.433044
2023-10-02,204.163559
2023-10-03,201.199249
2023-10-04,202.652527
2023-10-05,202.546646
2023-10-06,204.962372
2023-10-09,206.252075
2023-10-10,207.532135
2023-10-11,208.350204
2023-10-12,206.675552
2023-10-13,205.510971
2023-10-16,207.897858
2023-10-17,208.167343
2023-10-18,205.087540
2023-10-19,203.153000
2023-10-20,200.641022
2023-10-23,200.092438
2023-10-24,201.603470
2023-10-25,198.610229
2023-10-26,196.550659
2023-10-27,195.491898
2023-10-30,197.744080
2023-10-31,199.024109
2023-11-01,201.016403
2023-11-02,205.010513
2023-11-03,207.320404
2023-11-06,207.407028
2023-11-07,208.022995
2023-11-08,207.994110
2023-11-09,206.223206
2023-11-10,209.293411
2023-11-13,209.168289
2023-11-14,213.807266
2023-11-15,214.336639
2023-11-16,214.192261
2023-11-17,214.731201
2023-11-20,216.348114
2023-11-21,215.761017
2023-11-22,216.684982
2023-11-24,216.915970
2023-11-27,216.636871
2023-11-28,216.771606
2023-11-29,216.867844
2023-11-30,217.762939
2023-12-01,219.601196
2023-12-04,218.812012
2023-12-05,218.388504
2023-12-06,217.464569
2023-12-07,219.206558
2023-12-08,220.255661
2023-12-11,221.160339
2023-12-12,221.997665
2023-12-13,225.443237
2023-12-14,226.781021
2023-12-15,226.473038
2023-12-18,227.454773
2023-12-19,229.119797
2023-12-20,225.703094
2023-12-21,228.198792
2023-12-22,228.720764
2023-12-26,229.851654
2023-12-27,230.286591
2023-12-28,230.170639
2023-12-29,229.291031
2024-01-02,227.754181
2024-01-03,225.569717
2024-01-04,224.989777
2024-01-05,225.328049
2024-01-08,228.546753
2024-01-09,228.121490
2024-01-10,229.300690
2024-01-11,229.146057
2024-01-12,229.184692
2024-01-16,228.121490
2024-01-17,226.748932
2024-01-18,228.749756
2024-01-19,231.533463
2024-01-22,232.538742
2024-01-23,232.964020
2024-01-24,232.925339
2024-01-25,234.220566
2024-01-26,234.027252
2024-01-29,236.153732
2024-01-30,235.825089
2024-01-31,231.852417
2024-02-01,234.974487
2024-02-02,236.984955
2024-02-05,235.863754
2024-02-06,236.666000
2024-02-07,238.531479
2024-02-08,239.121094
2024-02-09,240.580643
2024-02-12,240.812592
2024-02-13,236.955963
2024-02-14,239.575409
2024-02-15,241.421555
2024-02-16,240.155350
2024-02-20,238.647476
2024-02-21,238.695801
2024-02-22,243.412720
2024-02-23,243.577042
2024-02-26,242.842422
2024-02-27,243.519012
2024-02-28,243.113083
2024-02-29,244.137619
2024-03-01,246.380081
2024-03-04,246.138412
2024-03-05,243.528687
2024-03-06,244.968887
2024-03-07,247.356323
2024-03-08,245.925766
2024-03-11,245.529495
2024-03-12,247.955612
2024-03-13,247.646286
2024-03-14,246.689407
2024-03-15,245.229874
2024-03-18,246.476746
2024-03-19,247.897583
2024-03-20,250.410706
2024-03-21,251.444962
2024-03-22,250.737823
2024-03-25,250.175247
2024-03-26,249.729050
2024-03-27,251.930878
2024-03-28,252.095795
2024-04-01,251.901779
2024-04-02,249.573822
2024-04-03,249.961884
2024-04-04,246.964615
2024-04-05,249.457443
2024-04-08,249.748459
2024-04-09,250.107376
2024-04-10,247.313843
2024-04-11,248.991913
2024-04-12,245.402954
2024-04-15,242.386368
2024-04-16,241.658905
2024-04-17,240.242722
2024-04-18,239.748032
2024-04-19,237.866287
2024-04-22,240.203918
2024-04-23,243.065353
2024-04-24,243.123535
2024-04-25,241.969299
2024-04-26,244.219604
2024-04-29,245.179871
2024-04-30,241.144806
2024-05-01,240.543427
2024-05-02,243.036224
2024-05-03,245.917068
2024-05-06,248.555389
2024-05-07,248.778458
2024-05-08,248.603851
2024-05-09,250.068558
2024-05-10,250.301300
2024-05-13,250.437119
2024-05-14,251.659332
2024-05-15,254.753510
2024-05-16,254.064850
2024-05-17,254.423737
2024-05-20,254.685623
2024-05-21,255.209351
2024-05-22,254.346100
2024-05-23,252.183075
2024-05-24,254.006622
2024-05-28,254.006622
2024-05-29,251.921204
2024-05-30,250.689331
2024-05-31,252.619598
2024-06-03,252.697144
2024-06-04,252.668060
2024-06-05,255.762268
2024-06-06,255.539246
2024-06-07,255.054245
2024-06-10,255.907822
2024-06-11,256.344269
2024-06-12,258.759460
2024-06-13,258.875916
2024-06-14,258.681915
2024-06-17,260.650940
2024-06-18,261.310547
2024-06-20,260.650940
2024-06-21,260.253265
2024-06-24,259.816742
2024-06-25,260.670319
2024-06-26,260.660675
2024-06-27,261.291168
2024-06-28,260.397552
2024-07-01,260.923157
2024-07-02,262.432007
2024-07-03,263.512421
2024-07-05,264.884949
2024-07-08,265.245117
2024-07-09,265.177002
2024-07-10,267.746704
2024-07-11,266.549438
2024-07-12,268.311371
2024-07-15,269.459961
2024-07-16,271.679382
2024-07-17,267.844116
2024-07-18,265.507935
2024-07-19,263.853149
2024-07-22,266.607910
2024-07-23,266.413208
2024-07-24,260.417023
2024-07-25,259.414398
2024-07-26,262.519623
2024-07-29,262.539062
2024-07-30,261.448822
2024-07-31,265.323029
2024-08-01,261.166504
2024-08-02,255.910095
2024-08-05,248.395340
2024-08-06,250.916489
2024-08-07,248.998871
2024-08-08,254.829590
2024-08-09,255.929626
2024-08-12,255.764099
2024-08-13,260.017914
2024-08-14,260.757690
2024-08-15,265.274292
2024-08-16,265.907043
2024-08-19,268.418427
2024-08-20,267.766235
2024-08-21,269.109558
2024-08-22,266.831787
2024-08-23,270.209503
2024-08-26,269.528137
2024-08-27,269.771484
2024-08-28,268.126434
2024-08-29,268.389221
2024-08-30,270.978485
2024-09-03,265.147797
2024-09-04,264.553986
2024-09-05,263.736298
2024-09-06,259.355988
2024-09-09,262.130219
2024-09-10,263.152283
2024-09-11,265.770721
2024-09-12,267.980377
2024-09-13,269.849365
2024-09-16,270.384735
2024-09-17,270.657257
2024-09-18,269.975891
2024-09-19,274.550934
2024-09-20,273.976593
2024-09-23,274.658020
2024-09-24,275.349121
2024-09-25,274.443848
2024-09-26,275.670349
2024-09-27,275.397919
2024-09-30,276.481750
2024-10-01,273.962555
2024-10-02,274.021210
2024-10-03,273.435333
2024-10-04,276.081421
2024-10-07,273.562286
2024-10-08,275.866638
2024-10-09,277.790131
2024-10-10,277.214111
2024-10-11,279.362183
2024-10-14,281.539612
2024-10-15,279.606232
2024-10-16,281.031860
2024-10-17,280.973297
2024-10-18,282.076660
2024-10-21,281.188080
2024-10-22,280.865875
2024-10-23,278.327148
2024-10-24,279.069275
2024-10-25,278.805603
2024-10-28,279.938263
2024-10-29,280.309296
2024-10-30,279.615997
2024-10-31,274.401978
2024-11-01,275.573730
2024-11-04,275.075714
2024-11-05,278.571228
2024-11-06,286.363129
2024-11-07,288.364716
2024-11-08,289.712189
2024-11-11,290.522614
2024-11-12,289.380219
2024-11-13,289.243500
2024-11-14,287.105164
2024-11-15,283.463135
2024-11-18,284.615265
2024-11-19,285.923676
2024-11-20,286.089630
2024-11-21,288.091339
2024-11-22,289.516907
2024-11-25,290.932678
2024-11-26,291.996979
2024-11-27,291.167023
2024-11-29,292.787872
2024-12-02,293.344452
2024-12-03,293.344452
2024-12-04,295.316803
2024-12-05,294.496643
2024-12-06,295.316803
2024-12-09,293.432312
2024-12-10,292.328979
2024-12-11,294.682098
2024-12-12,293.002716
2024-12-13,292.856262
2024-12-16,294.047485
2024-12-17,292.592621
2024-12-18,283.541260
2024-12-19,283.140900
2024-12-20,286.363129
2024-12-23,287.990112
2024-12-24,291.046326
2024-12-26,291.212860
2024-12-27,288.058746
2024-12-30,284.875153
2024-12-31,283.885742
2025-01-02,283.347015
2025-01-03,287.069305
2025-01-06,288.675812
2025-01-07,285.453094
2025-01-08,285.717560
2025-01-10,281.427063
2025-01-13,281.887451
2025-01-14,282.524200
2025-01-15,287.706055
2025-01-16,287.490540
2025-01-17,290.145172
2025-01-21,293.025085
2025-01-22,294.455231
2025-01-23,296.002899
2025-01-24,295.140869
2025-01-27,291.026764
2025-01-28,293.524597
2025-01-29,292.270782
2025-01-30,294.102539
2025-01-31,292.496094
2025-02-03,290.360657
2025-02-04,292.466705
2025-02-05,293.818512
2025-02-06,294.543335
2025-02-07,291.908386
2025-02-10,293.779297
2025-02-11,293.622589
2025-02-12,292.652832
2025-02-13,295.709045
2025-02-14,295.669861
2025-02-18,296.502502
2025-02-19,296.923676
2025-02-20,295.327057
2025-02-21,289.870911
2025-02-24,288.391724
2025-02-25,286.961609
2025-02-26,287.059540
2025-02-27,282.612335
2025-02-28,286.971405
2025-03-03,281.828735
2025-03-04,278.312103
2025-03-05,281.476074
2025-03-06,276.245209
2025-03-07,277.547974
2025-03-10,269.985840
2025-03-11,268.095337
2025-03-12,269.417694
2025-03-13,265.636627
2025-03-14,271.327820
2025-03-17,273.571014
2025-03-18,270.622589
2025-03-19,273.698395
2025-03-20,273.042053
2025-03-21,273.149872
2025-03-24,278.204376
2025-03-25,278.674561
2025-03-26,275.412567
2025-03-27,274.247742
2025-03-28,268.782257
2025-03-31,270.168274
2025-04-01,271.082489
2025-04-02,273.225403
2025-04-03,259.473175
2025-04-04,244.246506
2025-04-07,243.450302
2025-04-08,239.606750
2025-04-09,263.916382
2025-04-10,253.054230
2025-04-11,257.290924
2025-04-14,259.659973
2025-04-15,259.207794
2025-04-16,253.820953
2025-04-17,254.351761
2025-04-21,248.306320
2025-04-22,254.626999
2025-04-23,258.962067
2025-04-24,264.417694
2025-04-25,266.039673
2025-04-28,266.423035
2025-04-29,268.025330
2025-04-30,268.182648
2025-05-01,269.853699
2025-05-02,274.060944
2025-05-05,272.507812
2025-05-06,270.296051
2025-05-07,271.416656
2025-05-08,273.549774
2025-05-09,273.245087
2025-05-12,282.386963
2025-05-13,284.303833
2025-05-14,284.490662
2025-05-15,285.650543
2025-05-16,287.606689
2025-05-19,287.832825
2025-05-20,286.889130
2025-05-21,281.895477
2025-05-22,281.846344
2025-05-23,280.194916
2025-05-27,285.955292
2025-05-28,284.274384
2025-05-29,285.188538
2025-05-30,284.952606
2025-06-02,286.407410
2025-06-03,288.383331
2025-06-04,288.353851
2025-06-05,286.761353
2025-06-06,290.103516
2025-06-09,290.339478
2025-06-10,291.872986
2025-06-11,291.096344
2025-06-12,292.030212
2025-06-13,288.579865
2025-06-16,291.430603
2025-06-17,289.002594
2025-06-18,289.110718
2025-06-20,288.442261
2025-06-23,291.214325
2025-06-24,294.615509
2025-06-25,294.271515
2025-06-26,296.807678
2025-06-27,298.154327
2025-06-30,299.665833
2025-07-01,299.665833
2025-07-02,301.223663
2025-07-03,303.708313
2025-07-07,301.312439
2025-07-08,301.292633
2025-07-09,303.185760
2025-07-10,303.994263
2025-07-11,302.712494
2025-07-14,303.402679
2025-07-15,301.805389
2025-07-16,302.949097
2025-07-17,304.921021
2025-07-18,304.753448
2025-07-21,305.098511
2025-07-22,305.453461
2025-07-23,308.026855
2025-07-24,307.918365
2025-07-25,309.288879
2025-07-28,309.200165
2025-07-29,308.224060
2025-07-30,307.869049
2025-07-31,306.528198
2025-08-01,301.450439
2025-08-04,306.173218
2025-08-05,304.822449
2025-08-06,306.883148
2025-08-07,306.705658
2025-08-08,308.638184
2025-08-11,307.928223
2025-08-12,311.694641
2025-08-13,313.203186
2025-08-14,312.739807
2025-08-15,312.029877
2025-08-18,312.148163
2025-08-19,310.255157
2025-08-20,309.436768
2025-08-21,308.371948
2025-08-22,313.715912
2025-08-25,312.207367
2025-08-26,313.627167
2025-08-27,314.465271
2025-08-28,315.608978
2025-08-29,313.735626
2025-09-02,311.556610
2025-09-03,312.877777
2025-09-04,315.648407
2025-09-05,315.066620
2025-09-08,316.072357
2025-09-09,316.476654
2025-09-10,317.285126
2025-09-11,320.223297
2025-09-12,319.759888
2025-09-15,321.317719
2025-09-16,320.883911
2025-09-17,320.597961
2025-09-18,322.619232
2025-09-19,323.831940
2025-09-22,325.231995
2025-09-23,323.486847
2025-09-24,322.303711
2025-09-25,320.578217
2025-09-26,322.589569
2025-09-29,323.407288
2025-09-30,324.465210
2025-10-01,325.592346
2025-10-02,326.066895
2025-10-03,326.244904
2025-10-06,327.470856
2025-10-07,325.898834
2025-10-08,328.064117
2025-10-09,326.927094
2025-10-10,318.167114
2025-10-13,323.239197
2025-10-14,323.140289
2025-10-15,324.672882
2025-10-16,322.092285
2025-10-17,323.604980
2025-10-20,327.213837
2025-10-21,327.174286
2025-10-22,325.186951
2025-10-23,327.273163
2025-10-24,329.942657
2025-10-27,333.620636
2025-10-28,334.134766
2025-10-29,333.897522
2025-10-30,330.308472
2025-10-31,331.633362
2025-11-03,332.009033
2025-11-04,327.994904
2025-11-05,329.398865
2025-11-06,325.651642
2025-11-07,326.363556
2025-11-10,331.139008
2025-11-11,331.949738
2025-11-12,332.068390
2025-11-13,326.185577
2025-11-14,326.136108
2025-11-17,322.744843
2025-11-18,320.559784
2025-11-19,321.607819
2025-11-20,316.486328
2025-11-21,320.144501
2025-11-24,324.929901
2025-11-25,328.410156
2025-11-26,330.664398
2025-11-28,332.513306
2025-12-01,330.881927
2025-12-02,331.277405
2025-12-03,332.760498
2025-12-04,333.284515
2025-12-05,333.749176
2025-12-08,332.770355
2025-12-09,332.434204
2025-12-10,334.905975
2025-12-11,336.033112
2025-12-12,332.196899
2025-12-15,331.544312
2025-12-16,330.585327
2025-12-17,326.976501
2025-12-18,329.487885
2025-12-19,332.424316
2025-12-22,334.735565
2025-12-23,335.846039
2025-12-24,336.996216
2025-12-26,336.787994
2025-12-29,335.518860
2025-12-30,334.983398
2025-12-31,332.425323
2026-01-02,333.456482
2026-01-05,335.964996
2026-01-06,338.314911
2026-01-07,337.164734
2026-01-08,337.253998
2026-01-09,339.494812
2026-01-12,340.119446
2026-01-13,339.435333
2026-01-14,338.106689
2026-01-15,339.147797
2026-01-16,338.949463
2026-01-20,332.266663
2026-01-21,336.202972
2026-01-22,337.977753
2026-01-23,337.670410
2026-01-26,339.127960
2026-01-27,340.357422
2026-01-28,340.169006
2026-01-29,339.385742
2026-01-30,337.680328
2026-02-02,339.574127
2026-02-03,336.966461
2026-02-04,335.380035
2026-02-05,331.066925
2026-02-06,338.067017
2026-02-09,339.732758
2026-02-10,338.899872
2026-02-11,338.572693
2026-02-12,333.159058
2026-02-13,333.793579
2026-02-17,334.210022
2026-02-18,335.955078
2026-02-19,335.320526
2026-02-20,337.382874
2026-02-23,333.605194
2026-02-24,336.331879
2026-02-25,338.929626
2026-02-26,337.601013
2026-02-27,335.895599
2026-03-02,336.242645
2026-03-03,332.881409
2026-03-04,335.320526
2026-03-05,333.149139
2026-03-06,328.598083
2026-03-09,331.443726
2026-03-10,330.680267
2026-03-11,330.412506
2026-03-12,325.137695
2026-03-13,323.362854
2026-03-16,326.664581
2026-03-17,327.765198
2026-03-18,323.253784
2026-03-19,322.678741
2026-03-20,317.621979
2026-03-23,321.439301
2026-03-24,320.437897
2026-03-25,322.391144
2026-03-26,316.838684
2026-03-27,311.406067
2026-03-30,310.003662
2026-03-31,319.084564
2026-04-01,321.501465
2026-04-02,322.018677
2026-04-06,323.460876
2026-04-07,323.679688
2026-04-08,331.905243
2026-04-09,333.645844
2026-04-10,333.247955
2026-04-13,336.848511
2026-04-14,340.807068
2026-04-15,343.383118
2026-04-16,344.168884
2026-04-17,348.644684
2026-04-20,348.326416
2026-04-21,345.969177
2026-04-22,349.330994
2026-04-23,347.918610
2026-04-24,350.156494
2026-04-27,350.633942
2026-04-28,348.744171
2026-04-29,348.326416
2026-04-30,352.275055
2026-05-01,353.379120
2026-05-04,352.076172
2026-05-05,355.069946
2026-05-06,359.913727
2026-05-07,358.262695
2026-05-08,360.918304
2026-05-11,361.674255
2026-05-12,360.838776
2026-05-13,362.748444
2026-05-14,365.423981
2026-05-15,360.789032
2026-05-18,360.411041
2026-05-19,358.123444
2026-05-20,362.231232
2026-05-21,363.126404
2026-05-22,364.817261
2026-05-26,367.472870
2026-05-27,367.373413
2026-05-28,369.661041
2026-05-29,370.536346
2026-06-01,371.391693
2026-06-02,372.346527
2026-06-03,369.651093
2026-06-04,371.371826
2026-06-05,361.425598
2026-06-08,362.509735
2026-06-09,361.714050
2026-06-10,356.114319
2026-06-11,362.340637
2026-06-12,364.389526
2026-06-15,370.526398
2026-06-16,368.377991
2026-06-17,363.792816
2026-06-18,368.000031
2026-06-22,366.826385
2026-06-23,361.743866
2026-06-24,361.694122
2026-06-25,362.022369
2026-06-26,361.308167
2026-06-29,366.195831
2026-06-30,369.108490
2026-07-01,368.340424
2026-07-02,367.831726
2026-07-06,370.734406
2026-07-07,368.679565
2026-07-08,367.322998
2026-07-09,370.514954
2026-07-10,371.751801
2026-07-13,368.849121
2026-07-14,370.225677
2026-07-15,371.482513
2026-07-16,369.647095
2026-07-17,366.086121
2026-07-20,365.328033
2026-07-21,368.519989
2026-07-22,367.941437
2026-07-23,363.771942
2026-07-24,363.881653
2026-07-27,364.260712
2026-07-28,365.068665
2026-07-29,359.512726
2026-07-30,365.347961
2026-07-31,367.283081
2026-08-03,372.898926
2026-08-04,379.861359
2026-08-05,378.694275
2026-08-06,378.115753
2026-08-07,380.818939
2026-08-10,380.669312
2026-08-11,379.691772
2026-08-12,380.868805
2026-08-13,383.332581
2026-08-14,382.883728
2026-08-17,381.168060
2026-08-18,378.085846
2026-08-19,379.033417
2026-08-20,375.632019
2026-08-21,377.287842
2026-08-24,376.120789
2026-08-25,377.198059
2026-08-26,377.277863
2026-08-27,379.671814
2026-08-28,378.404999
2026-08-31,377.198059
2026-09-01,374.225586
2026-09-02,375.931274
2026-09-03,379.971069
2026-09-04,378.774109
2026-09-08,376.649445
2026-09-09,374.614594
2026-09-10,372.300415
2026-09-11,375.362701
2026-09-14,373.736786
2026-09-15,371.901428
2026-09-16,370.325409
2026-09-17,374.395142
2026-09-18,374.484894
2026-09-21,380.140656
2026-09-22,380.310211
2026-09-23,377.277863
2026-09-24,377.128235
2026-09-25,378.813965
2026-09-28,375.839996
2026-09-29,375.260010
2026-09-30,374.239990
2026-10-01,375.179993
2026-10-02,377.989990
