date,adj_close
2005-03-10,14.284591
2005-03-11,14.267502
2005-03-14,14.182068
2005-03-15,13.874509
2005-03-16,13.754897
2005-03-17,13.865960
2005-03-18,13.885893
2005-03-21,13.712179
2005-03-22,13.492896
2005-03-23,13.370445
2005-03-24,13.327729
2005-03-28,13.373291
2005-03-29,13.082819
2005-03-30,13.367595
2005-03-31,13.441642
2005-04-01,13.455879
2005-04-04,13.529922
2005-04-05,13.498593
2005-04-06,13.623902
2005-04-07,13.680857
2005-04-08,13.569792
2005-04-11,13.621052
2005-04-12,13.640985
2005-04-13,13.529922
2005-04-14,13.185336
2005-04-15,12.963210
2005-04-18,12.929032
2005-04-19,13.188181
2005-04-20,12.980292
2005-04-21,13.273619
2005-04-22,13.179642
2005-04-25,13.302094
2005-04-26,13.219507
2005-04-27,13.156860
2005-04-28,12.886316
2005-04-29,13.128378
2005-05-02,13.188181
2005-05-03,13.097055
2005-05-04,13.552708
2005-05-05,13.561244
2005-05-06,13.626747
2005-05-09,13.672314
2005-05-10,13.390376
2005-05-11,13.467269
2005-05-12,13.228052
2005-05-13,13.196731
2005-05-16,13.285004
2005-05-17,13.302094
2005-05-18,13.626747
2005-05-19,13.569792
2005-05-20,13.441642
2005-05-23,13.455879
2005-05-24,13.453032
2005-05-25,13.401764
2005-05-26,13.455879
2005-05-27,13.629591
2005-05-31,13.509983
2005-06-01,13.584026
2005-06-02,13.703639
2005-06-03,13.669463
2005-06-06,13.789069
2005-06-07,13.717882
2005-06-08,13.658073
2005-06-09,13.754897
2005-06-10,13.763443
2005-06-13,13.754897
2005-06-14,13.806152
2005-06-15,14.002655
2005-06-16,14.213390
2005-06-17,14.258953
2005-06-20,14.210550
2005-06-21,14.127960
2005-06-22,14.241872
2005-06-23,14.031143
2005-06-24,13.954239
2005-06-27,14.011200
2005-06-28,14.125111
2005-06-29,14.079547
2005-06-30,13.977023
2005-07-01,14.105173
2005-07-05,14.127960
2005-07-06,14.019744
2005-07-07,14.011200
2005-07-08,14.096639
2005-07-11,14.324455
2005-07-12,14.498173
2005-07-13,14.495329
2005-07-14,14.583608
2005-07-15,14.512408
2005-07-18,14.472542
2005-07-19,14.620634
2005-07-20,14.745935
2005-07-21,14.851298
2005-07-22,14.874081
2005-07-25,14.623475
2005-07-26,14.706063
2005-07-27,14.808585
2005-07-28,15.076279
2005-07-29,14.950972
2005-08-01,15.124691
2005-08-02,15.429403
2005-08-03,15.457880
2005-08-04,15.335427
2005-08-05,15.093365
2005-08-08,15.093365
2005-08-09,15.543313
2005-08-10,15.477817
2005-08-11,15.583188
2005-08-12,15.437958
2005-08-15,15.506298
2005-08-16,15.249998
2005-08-17,15.306950
2005-08-18,15.047806
2005-08-19,15.007927
2005-08-22,15.210124
2005-08-23,15.025015
2005-08-24,14.834213
2005-08-25,15.059194
2005-08-26,14.894014
2005-08-29,15.036408
2005-08-30,14.879781
2005-08-31,15.164557
2005-09-01,15.318336
2005-09-02,15.455042
2005-09-06,15.631604
2005-09-07,15.662921
2005-09-08,15.668628
2005-09-09,15.862266
2005-09-12,15.822407
2005-09-13,15.717031
2005-09-14,15.788229
2005-09-15,15.842340
2005-09-16,15.964787
2005-09-19,15.993274
2005-09-20,16.004663
2005-09-21,16.061617
2005-09-22,16.044529
2005-09-23,15.916387
2005-09-26,16.129969
2005-09-27,15.998968
2005-09-28,16.095793
2005-09-29,16.389118
2005-09-30,16.411898
2005-10-03,16.332161
2005-10-04,16.303682
2005-10-05,15.998968
2005-10-06,15.497754
2005-10-07,15.725579
2005-10-10,15.762594
2005-10-11,15.833798
2005-10-12,15.549012
2005-10-13,15.315499
2005-10-14,15.392383
2005-10-17,15.463579
2005-10-18,15.093365
2005-10-19,15.099062
2005-10-20,14.606392
2005-10-21,15.087672
2005-10-24,15.426555
2005-10-25,15.116145
2005-10-26,15.247145
2005-10-27,14.822822
2005-10-28,15.193033
2005-10-31,15.483515
2005-11-01,15.591730
2005-11-02,15.924924
2005-11-03,15.930619
2005-11-04,15.890749
2005-11-07,15.867967
2005-11-08,15.773990
2005-11-09,15.961945
2005-11-10,16.016058
2005-11-11,16.166990
2005-11-14,16.138506
2005-11-15,15.998968
2005-11-16,16.161287
2005-11-17,16.372036
2005-11-18,16.431835
2005-11-21,16.457464
2005-11-22,16.411898
2005-11-23,16.696682
2005-11-25,16.653965
2005-11-28,16.559984
2005-11-29,16.511570
2005-11-30,16.562832
2005-12-01,16.924496
2005-12-02,16.935896
2005-12-05,16.961525
2005-12-06,17.172258
2005-12-07,17.055504
2005-12-08,16.981459
2005-12-09,17.027027
2005-12-12,17.212133
2005-12-13,17.326046
2005-12-14,17.257700
2005-12-15,17.209286
2005-12-16,17.143784
2005-12-19,17.186497
2005-12-20,17.271935
2005-12-21,17.531090
2005-12-22,17.513998
2005-12-23,17.636456
2005-12-27,17.516762
2005-12-28,17.528347
2005-12-29,17.670361
2005-12-30,17.644278
2006-01-03,18.229719
2006-01-04,18.467373
2006-01-05,18.484756
2006-01-06,18.786175
2006-01-09,18.948471
2006-01-10,18.780380
2006-01-11,18.913692
2006-01-12,18.803562
2006-01-13,18.829643
2006-01-17,18.470276
2006-01-18,18.374626
2006-01-19,18.890511
2006-01-20,18.389120
2006-01-23,18.684736
2006-01-24,18.942675
2006-01-25,18.951372
2006-01-26,19.241190
2006-01-27,19.617964
2006-01-30,19.583181
2006-01-31,19.696205
2006-02-01,19.759968
2006-02-02,19.273075
2006-02-03,19.067301
2006-02-06,19.475939
2006-02-07,19.078894
2006-02-08,19.099176
2006-02-09,19.104975
2006-02-10,19.131065
2006-02-13,18.705023
2006-02-14,19.084686
2006-02-15,19.055702
2006-02-16,19.388998
2006-02-17,19.429575
2006-02-21,19.316545
2006-02-22,19.441166
2006-02-23,19.461451
2006-02-24,19.516516
2006-02-27,19.626648
2006-02-28,19.273075
2006-03-01,19.673023
2006-03-02,19.733885
2006-03-03,19.409286
2006-03-06,19.145550
2006-03-07,18.449980
2006-03-08,18.594893
2006-03-09,18.516636
2006-03-10,18.838341
2006-03-13,18.841236
2006-03-14,19.322338
2006-03-15,19.507822
2006-03-16,19.397694
2006-03-17,19.473051
2006-03-20,19.519423
2006-03-21,19.145550
2006-03-22,19.235397
2006-03-23,19.110773
2006-03-24,19.235397
2006-03-27,19.325237
2006-03-28,19.104975
2006-03-29,19.333937
2006-03-30,19.473051
2006-03-31,19.499140
2006-04-03,19.974443
2006-04-04,20.183105
2006-04-05,20.374397
2006-04-06,20.339615
2006-04-07,20.087467
2006-04-10,20.058479
2006-04-11,19.852713
2006-04-12,19.959951
2006-04-13,19.974443
2006-04-17,20.209196
2006-04-18,20.841003
2006-04-19,21.023594
2006-04-20,20.974321
2006-04-21,21.055471
2006-04-24,20.983011
2006-04-25,20.696087
2006-04-26,21.069946
2006-04-27,20.948233
2006-04-28,21.020693
2006-05-01,21.078651
2006-05-02,21.443827
2006-05-03,21.458326
2006-05-04,21.635115
2006-05-05,21.910435
2006-05-08,22.026367
2006-05-09,22.049555
2006-05-10,21.930729
2006-05-11,21.388763
2006-05-12,20.916359
2006-05-15,20.313530
2006-05-16,20.443949
2006-05-17,19.794748
2006-05-18,19.415091
2006-05-19,19.641148
2006-05-22,18.597794
2006-05-23,18.652859
2006-05-24,18.528234
2006-05-25,19.119465
2006-05-26,19.270170
2006-05-30,18.258699
2006-05-31,18.647057
2006-06-01,19.012238
2006-06-02,19.203520
2006-06-05,18.374626
2006-06-06,18.110893
2006-06-07,17.861647
2006-06-08,17.337069
2006-06-09,17.224030
2006-06-12,16.713957
2006-06-13,16.319796
2006-06-14,16.760330
2006-06-15,17.542847
2006-06-16,17.432707
2006-06-19,16.882046
2006-06-20,17.122608
2006-06-21,17.516762
2006-06-22,17.357365
2006-06-23,17.476181
2006-06-26,17.389233
2006-06-27,17.232733
2006-06-28,17.621092
2006-06-29,18.580406
2006-06-30,18.629671
2006-07-03,19.058607
2006-07-05,18.493458
2006-07-06,18.873119
2006-07-07,18.560112
2006-07-10,18.690531
2006-07-11,18.878910
2006-07-12,18.589096
2006-07-13,17.876135
2006-07-14,17.737026
2006-07-17,17.513861
2006-07-18,17.728329
2006-07-19,18.586191
2006-07-20,18.168856
2006-07-21,17.786285
2006-07-24,18.661551
2006-07-25,18.702122
2006-07-26,18.557217
2006-07-27,18.731110
2006-07-28,19.180326
2006-07-31,18.974562
2006-08-01,18.644159
2006-08-02,18.916590
2006-08-03,18.899200
2006-08-04,18.893414
2006-08-07,18.832539
2006-08-08,18.887606
2006-08-09,18.896299
2006-08-10,19.038315
2006-08-11,18.905008
2006-08-14,18.922392
2006-08-15,19.319439
2006-08-16,19.646938
2006-08-17,19.551304
2006-08-18,19.449860
2006-08-21,19.275969
2006-08-22,19.246996
2006-08-23,18.980356
2006-08-24,19.000639
2006-08-25,19.064404
2006-08-28,19.171635
2006-08-29,19.261478
2006-08-30,19.388998
2006-08-31,19.255690
2006-09-01,19.522320
2006-09-05,19.759968
2006-09-06,19.168736
2006-09-07,18.997738
2006-09-08,19.171635
2006-09-11,18.751396
2006-09-12,19.084686
2006-09-13,19.345528
2006-09-14,19.191925
2006-09-15,19.258581
2006-09-18,19.568695
2006-09-19,19.325237
2006-09-20,19.548403
2006-09-21,19.200619
2006-09-22,18.994844
2006-09-25,19.180326
2006-09-26,19.417984
2006-09-27,19.406382
2006-09-28,19.562887
2006-09-29,19.458553
2006-10-02,19.481747
2006-10-03,19.229597
2006-10-04,19.603472
2006-10-05,19.852713
2006-10-06,19.736794
2006-10-09,19.617964
2006-10-10,19.791857
2006-10-11,19.699110
2006-10-12,20.162821
2006-10-13,20.229477
2006-10-16,20.287441
2006-10-17,20.058479
2006-10-18,20.130941
2006-10-19,20.284548
2006-10-20,20.168608
2006-10-23,20.212091
2006-10-24,20.281658
2006-10-25,20.478727
2006-10-26,20.565676
2006-10-27,20.214993
2006-10-30,20.072973
2006-10-31,20.446848
2006-11-01,20.412069
2006-11-02,20.510609
2006-11-03,20.670002
2006-11-06,21.075756
2006-11-07,21.017790
2006-11-08,21.035181
2006-11-09,21.069946
2006-11-10,21.127930
2006-11-13,21.084450
2006-11-14,21.406158
2006-11-15,21.362680
2006-11-16,21.188784
2006-11-17,21.087358
2006-11-20,21.049665
2006-11-21,21.388763
2006-11-22,21.606133
2006-11-24,21.687279
2006-11-27,21.264141
2006-11-28,21.411945
2006-11-29,21.852476
2006-11-30,21.945225
2006-12-01,21.800301
2006-12-04,22.246622
2006-12-05,22.501678
2006-12-06,22.287209
2006-12-07,22.203156
2006-12-08,22.159687
2006-12-11,22.145193
2006-12-12,21.893051
2006-12-13,21.951015
2006-12-14,22.313290
2006-12-15,22.365456
2006-12-18,22.243744
2006-12-19,22.156784
2006-12-20,22.292999
2006-12-21,22.345163
2006-12-22,22.359612
2006-12-26,22.580820
2006-12-27,22.825634
2006-12-28,22.846277
2006-12-29,22.825634
2007-01-03,22.976059
2007-01-04,22.725351
2007-01-05,22.091223
2007-01-08,22.333086
2007-01-09,21.799236
2007-01-10,21.737295
2007-01-11,22.026344
2007-01-12,22.347822
2007-01-16,22.356667
2007-01-17,22.297688
2007-01-18,22.179707
2007-01-19,22.607378
2007-01-22,22.586737
2007-01-23,22.976059
2007-01-24,23.185463
2007-01-25,22.477600
2007-01-26,22.613272
2007-01-29,22.430414
2007-01-30,22.672260
2007-01-31,22.843327
2007-02-01,23.073385
2007-02-02,23.064533
2007-02-05,23.064533
2007-02-06,23.312290
2007-02-07,23.270992
2007-02-08,23.315248
2007-02-09,22.908220
2007-02-12,22.740097
2007-02-13,23.129425
2007-02-14,23.536448
2007-02-15,23.530539
2007-02-16,23.512848
2007-02-20,23.627878
2007-02-21,23.580685
2007-02-22,23.725212
2007-02-23,23.616074
2007-02-26,23.571836
2007-02-27,21.852318
2007-02-28,22.312439
2007-03-01,22.046978
2007-03-02,21.589821
2007-03-05,20.970448
2007-03-06,21.973249
2007-03-07,21.752041
2007-03-08,22.188557
2007-03-09,22.265242
2007-03-12,22.486450
2007-03-13,21.563278
2007-03-14,21.964409
2007-03-15,22.191505
2007-03-16,22.005693
2007-03-19,22.427464
2007-03-20,22.642769
2007-03-21,23.291643
2007-03-22,23.176615
2007-03-23,23.223804
2007-03-26,23.212009
2007-03-27,23.085176
2007-03-28,22.881672
2007-03-29,23.321131
2007-03-30,23.262156
2007-04-02,23.465656
2007-04-03,23.816639
2007-04-04,23.896278
2007-04-05,23.961166
2007-04-09,24.102732
2007-04-10,24.176477
2007-04-11,24.108643
2007-04-12,24.415367
2007-04-13,24.495008
2007-04-16,24.801758
2007-04-17,24.713272
2007-04-18,24.598242
2007-04-19,24.433075
2007-04-20,24.798796
2007-04-23,24.695576
2007-04-24,24.713272
2007-04-25,25.064264
2007-04-26,24.728014
2007-04-27,24.627729
2007-04-30,24.146982
2007-05-01,24.318039
2007-05-02,24.787006
2007-05-03,25.031811
2007-05-04,25.126186
2007-05-07,25.214657
2007-05-08,24.987566
2007-05-09,25.288406
2007-05-10,24.660187
2007-05-11,25.306105
2007-05-14,25.146833
2007-05-15,25.158640
2007-05-16,25.562700
2007-05-17,25.415243
2007-05-18,25.595144
2007-05-21,25.651188
2007-05-22,25.719023
2007-05-23,25.550900
2007-05-24,24.996407
2007-05-25,25.488964
2007-05-29,25.409332
2007-05-30,25.660044
2007-05-31,25.754421
2007-06-01,26.335455
2007-06-04,26.255819
2007-06-05,26.111300
2007-06-06,25.680677
2007-06-07,25.226473
2007-06-08,25.819298
2007-06-11,25.895990
2007-06-12,25.474226
2007-06-13,26.040525
2007-06-14,26.444580
2007-06-15,26.898796
2007-06-18,27.114111
2007-06-19,27.167198
2007-06-20,26.978434
2007-06-21,27.282223
2007-06-22,26.898796
2007-06-25,26.674644
2007-06-26,26.544867
2007-06-27,26.889952
2007-06-28,26.892891
2007-06-29,26.925339
2007-07-02,27.482782
2007-07-03,27.780666
2007-07-05,27.995985
2007-07-06,28.376461
2007-07-09,28.594719
2007-07-10,28.093317
2007-07-11,28.305676
2007-07-12,29.045984
2007-07-13,29.246544
2007-07-16,28.821829
2007-07-17,28.889675
2007-07-18,28.783476
2007-07-19,29.051878
2007-07-20,28.975191
2007-07-23,29.656507
2007-07-24,28.777586
2007-07-25,29.128567
2007-07-26,27.524069
2007-07-27,27.223236
2007-07-30,28.270279
2007-07-31,27.872107
2007-08-01,27.429688
2007-08-02,27.721689
2007-08-03,26.603853
2007-08-06,27.282223
2007-08-07,27.382496
2007-08-08,28.137550
2007-08-09,26.969578
2007-08-10,26.677591
2007-08-13,26.839806
2007-08-14,25.999228
2007-08-15,24.719166
2007-08-16,24.303297
2007-08-17,25.235327
2007-08-20,25.379839
2007-08-21,25.185179
2007-08-22,26.208630
2007-08-23,26.426891
2007-08-24,27.022676
2007-08-27,27.149492
2007-08-28,26.072947
2007-08-29,27.305817
2007-08-30,27.031515
2007-08-31,27.869158
2007-09-04,28.258476
2007-09-05,27.603704
2007-09-06,28.016628
2007-09-07,27.462135
2007-09-10,27.273359
2007-09-11,28.054974
2007-09-12,27.972389
2007-09-13,28.249624
2007-09-14,28.290930
2007-09-17,28.031376
2007-09-18,29.346823
2007-09-19,29.411711
2007-09-20,29.217047
2007-09-21,29.715511
2007-09-24,30.084171
2007-09-25,30.110712
2007-09-26,30.334867
2007-09-27,30.853977
2007-09-28,30.609165
2007-10-01,31.785988
2007-10-02,31.676863
2007-10-03,31.193163
2007-10-04,31.470398
2007-10-05,32.325741
2007-10-08,32.030796
2007-10-09,32.375889
2007-10-10,32.591175
2007-10-11,32.440765
2007-10-12,32.930370
2007-10-15,32.709171
2007-10-16,31.986559
2007-10-17,32.930370
2007-10-18,33.074894
2007-10-19,31.437971
2007-10-22,31.853836
2007-10-23,32.620670
2007-10-24,32.328690
2007-10-25,32.709171
2007-10-26,33.959736
2007-10-29,34.534863
2007-10-30,33.903698
2007-10-31,34.590893
2007-11-01,33.372787
2007-11-02,33.549759
2007-11-05,32.738655
2007-11-06,33.741463
2007-11-07,32.455528
2007-11-08,32.750465
2007-11-09,32.042599
2007-11-12,30.326042
2007-11-13,32.384727
2007-11-14,32.532204
2007-11-15,31.794844
2007-11-16,31.847940
2007-11-19,30.969011
2007-11-20,31.381929
2007-11-21,29.910160
2007-11-23,30.455812
2007-11-26,28.992905
2007-11-27,30.411545
2007-11-28,31.912815
2007-11-29,31.647381
2007-11-30,31.641470
2007-12-03,31.712255
2007-12-04,31.656225
2007-12-05,32.838932
2007-12-06,33.136841
2007-12-07,32.936272
2007-12-10,32.918568
2007-12-11,31.544142
2007-12-12,32.452568
2007-12-13,31.871532
2007-12-14,30.980808
2007-12-17,29.570972
2007-12-18,30.349630
2007-12-19,30.482361
2007-12-20,30.585577
2007-12-21,31.396677
2007-12-24,31.988359
2007-12-26,32.222755
2007-12-27,31.555639
2007-12-28,31.678848
2007-12-31,31.342278
2008-01-02,31.252132
2008-01-03,31.552637
2008-01-04,30.509897
2008-01-07,30.750303
2008-01-08,30.726254
2008-01-09,31.471495
2008-01-10,31.762985
2008-01-11,31.011730
2008-01-14,31.345289
2008-01-15,30.023087
2008-01-16,28.869158
2008-01-17,28.042774
2008-01-18,28.655800
2008-01-22,27.778341
2008-01-23,28.078838
2008-01-24,28.277166
2008-01-25,27.616068
2008-01-28,28.247120
2008-01-29,28.355303
2008-01-30,27.853468
2008-01-31,28.514580
2008-02-01,29.205717
2008-02-04,29.169659
2008-02-05,27.955637
2008-02-06,27.525917
2008-02-07,27.967655
2008-02-08,27.793362
2008-02-11,28.171995
2008-02-12,28.277166
2008-02-13,28.878174
2008-02-14,28.547619
2008-02-15,28.983356
2008-02-19,29.265823
2008-02-20,29.500204
2008-02-21,29.100542
2008-02-22,29.539293
2008-02-25,29.863810
2008-02-26,30.422750
2008-02-27,30.545952
2008-02-28,30.293530
2008-02-29,29.334946
2008-03-03,29.503218
2008-03-04,28.962313
2008-03-05,29.506218
2008-03-06,28.616739
2008-03-07,28.307226
2008-03-10,27.510899
2008-03-11,29.370996
2008-03-12,28.670832
2008-03-13,28.613733
2008-03-14,27.580002
2008-03-17,26.681511
2008-03-18,28.205057
2008-03-19,26.630424
2008-03-20,27.033096
2008-03-24,28.045794
2008-03-25,28.352291
2008-03-26,27.991699
2008-03-27,28.298208
2008-03-28,28.090866
2008-03-31,28.256136
2008-04-01,29.088520
2008-04-02,29.082510
2008-04-03,29.389019
2008-04-04,29.337948
2008-04-07,29.482191
2008-04-08,29.422071
2008-04-09,29.193710
2008-04-10,29.698544
2008-04-11,29.151621
2008-04-14,29.190691
2008-04-15,29.686516
2008-04-16,30.308558
2008-04-17,30.122248
2008-04-18,30.425766
2008-04-21,30.723244
2008-04-22,30.455809
2008-04-23,30.831421
2008-04-24,30.651123
2008-04-25,30.942610
2008-04-28,30.663139
2008-04-29,30.146294
2008-04-30,30.639109
2008-05-01,31.080851
2008-05-02,31.291197
2008-05-05,31.192036
2008-05-06,31.468498
2008-05-07,30.729248
2008-05-08,30.843439
2008-05-09,30.684187
2008-05-12,30.921579
2008-05-13,31.035765
2008-05-14,31.101870
2008-05-15,31.732933
2008-05-16,32.081501
2008-05-19,32.240780
2008-05-20,31.486523
2008-05-21,31.240112
2008-05-22,31.597696
2008-05-23,30.759315
2008-05-27,30.861485
2008-05-28,31.002708
2008-05-29,31.237104
2008-05-30,31.186010
2008-06-02,31.011730
2008-06-03,30.473833
2008-06-04,30.050125
2008-06-05,30.939619
2008-06-06,29.863810
2008-06-09,29.767656
2008-06-10,29.121590
2008-06-11,28.998371
2008-06-12,29.181679
2008-06-13,29.193710
2008-06-16,29.449121
2008-06-17,29.232758
2008-06-18,29.491198
2008-06-19,29.106556
2008-06-20,28.187019
2008-06-23,28.247120
2008-06-24,28.187019
2008-06-25,28.691866
2008-06-26,27.772333
2008-06-27,28.000708
2008-06-30,28.126930
2008-07-01,27.351616
2008-07-02,26.666477
2008-07-03,26.732595
2008-07-07,26.546280
2008-07-08,26.762644
2008-07-09,26.041452
2008-07-10,26.864805
2008-07-11,26.606377
2008-07-14,26.744614
2008-07-15,26.131592
2008-07-16,26.858793
2008-07-17,27.339602
2008-07-18,27.045118
2008-07-21,27.099205
2008-07-22,26.804710
2008-07-23,27.051121
2008-07-24,26.576338
2008-07-25,26.576338
2008-07-28,26.666477
2008-07-29,26.618401
2008-07-30,27.045118
2008-07-31,26.798697
2008-08-01,26.738604
2008-08-04,25.855124
2008-08-05,26.197704
2008-08-06,26.576338
2008-08-07,25.783012
2008-08-08,25.879171
2008-08-11,25.566641
2008-08-12,25.470484
2008-08-13,25.410391
2008-08-14,25.578671
2008-08-15,25.224064
2008-08-18,24.647108
2008-08-19,24.418734
2008-08-20,25.145943
2008-08-21,25.025745
2008-08-22,25.145943
2008-08-25,24.376665
2008-08-26,24.460806
2008-08-27,24.935591
2008-08-28,24.959635
2008-08-29,24.677166
2008-09-02,23.829750
2008-09-03,23.625408
2008-09-04,22.838102
2008-09-05,22.777992
2008-09-08,23.132587
2008-09-09,22.146944
2008-09-10,22.176992
2008-09-11,22.231087
2008-09-12,22.519564
2008-09-15,20.896856
2008-09-16,20.614388
2008-09-17,19.250111
2008-09-18,20.434084
2008-09-19,23.421064
2008-09-22,21.900534
2008-09-23,21.167309
2008-09-24,21.509884
2008-09-25,22.309216
2008-09-26,21.678162
2008-09-29,19.310211
2008-09-30,20.830753
2008-10-01,20.566311
2008-10-02,19.045771
2008-10-03,18.751282
2008-10-06,17.152611
2008-10-07,15.992678
2008-10-08,15.950606
2008-10-09,15.295518
2008-10-10,14.904863
2008-10-13,17.927908
2008-10-14,17.471144
2008-10-15,14.790672
2008-10-16,15.163294
2008-10-17,15.085170
2008-10-20,15.962632
2008-10-21,14.754611
2008-10-22,13.336244
2008-10-23,13.492508
2008-10-24,12.290502
2008-10-27,11.851768
2008-10-28,13.865136
2008-10-29,13.726902
2008-10-30,15.133244
2008-10-31,15.151276
2008-11-03,15.169304
2008-11-04,16.497519
2008-11-05,14.574313
2008-11-06,13.762959
2008-11-07,14.946936
2008-11-10,15.001022
2008-11-11,14.213713
2008-11-12,12.981653
2008-11-13,14.706524
2008-11-14,13.504527
2008-11-17,13.294176
2008-11-18,13.113873
2008-11-19,12.122218
2008-11-20,11.178650
2008-11-21,12.621050
2008-11-24,13.504527
2008-11-25,13.240091
2008-11-26,14.141580
2008-11-28,13.841091
2008-12-01,12.615045
2008-12-02,13.318212
2008-12-03,13.492508
2008-12-04,12.939586
2008-12-05,13.570639
2008-12-08,14.135579
2008-12-09,14.051435
2008-12-10,14.916881
2008-12-11,14.628404
2008-12-12,14.766630
2008-12-15,14.652441
2008-12-16,15.788333
2008-12-17,15.385660
2008-12-18,15.091178
2008-12-19,15.049105
2008-12-22,14.544260
2008-12-23,14.357947
2008-12-24,14.533694
2008-12-26,14.521053
2008-12-29,14.577946
2008-12-30,14.913004
2008-12-31,14.900358
2009-01-02,15.696896
2009-01-05,15.949763
2009-01-06,16.234238
2009-01-07,15.374488
2009-01-08,15.279663
2009-01-09,14.906675
2009-01-12,14.217610
2009-01-13,14.312432
2009-01-14,13.604396
2009-01-15,13.787730
2009-01-16,13.983703
2009-01-20,12.959580
2009-01-21,13.680255
2009-01-22,13.364175
2009-01-23,13.395780
2009-01-26,13.598072
2009-01-27,13.711864
2009-01-28,14.495768
2009-01-29,13.749802
2009-01-30,13.572790
2009-02-02,13.484284
2009-02-03,13.869911
2009-02-04,14.008985
2009-02-05,14.274503
2009-02-06,14.963575
2009-02-09,14.811855
2009-02-10,14.015314
2009-02-11,14.344049
2009-02-12,14.312432
2009-02-13,14.394617
2009-02-17,13.263021
2009-02-18,13.370494
2009-02-19,13.313601
2009-02-20,12.997507
2009-02-23,12.681424
2009-02-24,13.357852
2009-02-25,13.161874
2009-02-26,13.016477
2009-02-27,13.250380
2009-03-02,12.630848
2009-03-03,12.270514
2009-03-04,13.104983
2009-03-05,12.529702
2009-03-06,12.706714
2009-03-09,12.485449
2009-03-10,13.484284
2009-03-11,13.446355
2009-03-12,13.901519
2009-03-13,13.990027
2009-03-16,14.046919
2009-03-17,14.369329
2009-03-18,14.679095
2009-03-19,14.577946
2009-03-20,14.388300
2009-03-23,15.652647
2009-03-24,15.210126
2009-03-25,15.450349
2009-03-26,15.804367
2009-03-27,15.361848
2009-03-30,14.603236
2009-03-31,14.894032
2009-04-01,15.437707
2009-04-02,16.310101
2009-04-03,16.499762
2009-04-06,16.284819
2009-04-07,15.949763
2009-04-08,16.215279
2009-04-09,16.923319
2009-04-13,17.043430
2009-04-14,16.777918
2009-04-15,16.999178
2009-04-16,17.239405
2009-04-17,17.075037
2009-04-20,16.253204
2009-04-21,16.664129
2009-04-22,16.531361
2009-04-23,16.847460
2009-04-24,17.157215
2009-04-27,16.581944
2009-04-28,16.493435
2009-04-29,17.384802
2009-04-30,17.492271
2009-05-01,17.808359
2009-05-04,19.003166
2009-05-05,18.750298
2009-05-06,19.148573
2009-05-07,18.623867
2009-05-08,19.325579
2009-05-11,18.889368
2009-05-12,18.990522
2009-05-13,18.333063
2009-05-14,18.604897
2009-05-15,18.459492
2009-05-18,19.603733
2009-05-19,19.736492
2009-05-20,19.812353
2009-05-21,19.483620
2009-05-22,19.679598
2009-05-26,19.850281
2009-05-27,19.660633
2009-05-28,20.267519
2009-05-29,20.621536
2009-06-01,21.424395
2009-06-02,21.114639
2009-06-03,20.444529
2009-06-04,20.766930
2009-06-05,20.798544
2009-06-08,20.495108
2009-06-09,20.514071
2009-06-10,20.710041
2009-06-11,21.095665
2009-06-12,20.842796
2009-06-15,20.090513
2009-06-16,19.825003
2009-06-17,19.673281
2009-06-18,19.635338
2009-06-19,19.717529
2009-06-22,18.965237
2009-06-23,19.085348
2009-06-24,19.629021
2009-06-25,20.115793
2009-06-26,20.223267
2009-06-29,20.349699
2009-06-30,20.115793
2009-07-01,20.539352
2009-07-02,19.951437
2009-07-06,19.995689
2009-07-07,19.527878
2009-07-08,19.306614
2009-07-09,19.616375
2009-07-10,19.376154
2009-07-13,19.515234
2009-07-14,19.704885
2009-07-15,20.729004
2009-07-16,20.729004
2009-07-17,20.950268
2009-07-20,21.595087
2009-07-21,21.569803
2009-07-22,21.525549
2009-07-23,22.100830
2009-07-24,22.037609
2009-07-27,22.183008
2009-07-28,22.069218
2009-07-29,21.601402
2009-07-30,22.176695
2009-07-31,22.309437
2009-08-03,23.156565
2009-08-04,22.979544
2009-08-05,22.783577
2009-08-06,22.587601
2009-08-07,22.745642
2009-08-10,22.555994
2009-08-11,22.151400
2009-08-12,22.397949
2009-08-13,22.777250
2009-08-14,22.467484
2009-08-17,21.544510
2009-08-18,21.898531
2009-08-19,22.012316
2009-08-20,22.296799
2009-08-21,22.714027
2009-08-24,22.758286
2009-08-25,22.726681
2009-08-26,22.600245
2009-08-27,22.562307
2009-08-28,22.562307
2009-08-31,22.151400
2009-09-01,21.803703
2009-09-02,22.062895
2009-09-03,22.467484
2009-09-04,22.910015
2009-09-08,23.396782
2009-09-09,23.447363
2009-09-10,23.782408
2009-09-11,23.706560
2009-09-14,23.693897
2009-09-15,23.946781
2009-09-16,24.585278
2009-09-17,24.370325
2009-09-18,24.452515
2009-09-21,24.224926
2009-09-22,24.661121
2009-09-23,24.281836
2009-09-24,23.801373
2009-09-25,23.978384
2009-09-28,24.275509
2009-09-29,24.243891
2009-09-30,24.357687
2009-10-01,23.744486
2009-10-02,23.801373
2009-10-05,24.326078
2009-10-06,24.724346
2009-10-07,24.667458
2009-10-08,25.046761
2009-10-09,25.179510
2009-10-12,25.331238
2009-10-13,25.337563
2009-10-14,26.146744
2009-10-15,26.032953
2009-10-16,25.653654
2009-10-19,26.127777
2009-10-20,25.723186
2009-10-21,25.634686
2009-10-22,25.836979
2009-10-23,25.590433
2009-10-26,25.356527
2009-10-27,24.939281
2009-10-28,23.864595
2009-10-29,24.876066
2009-10-30,23.769770
2009-11-02,24.224926
2009-11-03,23.984707
2009-11-04,24.604235
2009-11-05,25.116299
2009-11-06,25.034115
2009-11-09,25.900188
2009-11-10,25.716867
2009-11-11,25.881231
2009-11-12,25.331238
2009-11-13,25.780083
2009-11-16,26.399618
2009-11-17,26.304790
2009-11-18,26.089849
2009-11-19,25.659967
2009-11-20,25.634686
2009-11-23,26.070881
2009-11-24,25.982382
2009-11-25,26.197319
2009-11-27,25.242723
2009-11-30,25.476639
2009-12-01,26.115129
2009-12-02,26.235243
2009-12-03,26.039268
2009-12-04,26.203632
2009-12-07,25.995014
2009-12-08,25.609400
2009-12-09,25.773760
2009-12-10,25.830654
2009-12-11,25.963408
2009-12-14,26.096174
2009-12-15,25.938133
2009-12-16,26.007671
2009-12-17,25.286982
2009-12-18,25.394459
2009-12-21,25.350203
2009-12-22,25.514565
2009-12-23,25.729504
2009-12-24,26.040272
2009-12-28,26.155607
2009-12-29,26.129980
2009-12-30,26.194054
2009-12-31,26.270948
2010-01-04,27.168007
2010-01-05,27.257715
2010-01-06,27.424305
2010-01-07,27.187222
2010-01-08,27.353819
2010-01-11,27.392267
2010-01-12,26.995012
2010-01-13,27.103931
2010-01-14,27.039850
2010-01-15,26.719473
2010-01-19,27.180809
2010-01-20,26.514435
2010-01-21,25.745531
2010-01-22,25.168846
2010-01-25,25.412334
2010-01-26,24.925360
2010-01-27,24.854870
2010-01-28,24.758762
2010-01-29,24.502462
2010-02-01,25.207291
2010-02-02,25.329033
2010-02-03,25.258558
2010-02-04,24.105198
2010-02-05,24.060341
2010-02-08,23.611807
2010-02-09,24.335865
2010-02-10,24.258980
2010-02-11,24.854870
2010-02-12,24.579363
2010-02-16,25.207291
2010-02-17,25.303411
2010-02-18,25.354666
2010-02-19,25.188078
2010-02-22,25.200884
2010-02-23,24.637012
2010-02-24,24.944582
2010-02-25,24.745947
2010-02-26,24.963814
2010-03-01,25.380297
2010-03-02,25.668627
2010-03-03,25.732718
2010-03-04,25.566118
2010-03-05,26.309393
2010-03-08,26.302984
2010-03-09,26.411917
2010-03-10,26.463171
2010-03-11,26.565695
2010-03-12,26.495211
2010-03-15,26.315798
2010-03-16,26.623365
2010-03-17,26.892473
2010-03-18,26.719473
2010-03-19,26.456762
2010-03-22,26.520847
2010-03-23,26.732288
2010-03-24,26.373459
2010-03-25,26.238901
2010-03-26,26.424723
2010-03-29,26.905298
2010-03-30,26.995012
2010-03-31,27.007803
2010-04-01,27.654976
2010-04-05,27.930506
2010-04-06,27.988169
2010-04-07,27.770308
2010-04-08,27.840796
2010-04-09,27.988169
2010-04-12,27.757492
2010-04-13,27.738270
2010-04-14,28.173996
2010-04-15,28.000986
2010-04-16,27.264122
2010-04-19,27.135960
2010-04-20,27.449938
2010-04-21,27.341005
2010-04-22,27.462759
2010-04-23,27.603712
2010-04-26,27.616520
2010-04-27,26.636179
2010-04-28,26.898890
2010-04-29,27.296154
2010-04-30,26.950150
2010-05-03,27.116737
2010-05-04,26.001831
2010-05-05,25.521261
2010-05-06,24.585762
2010-05-07,24.611383
2010-05-10,26.226093
2010-05-11,25.764746
2010-05-12,26.123568
2010-05-13,25.867262
2010-05-14,25.418741
2010-05-17,25.297005
2010-05-18,24.752361
2010-05-19,24.444798
2010-05-20,23.336285
2010-05-21,23.970636
2010-05-24,23.720739
2010-05-25,23.490067
2010-05-26,23.490067
2010-05-27,24.848473
2010-05-28,24.476833
2010-06-01,24.041121
2010-06-02,24.893316
2010-06-03,24.790802
2010-06-04,23.970636
2010-06-07,23.637444
2010-06-08,24.150051
2010-06-09,23.983446
2010-06-10,24.733139
2010-06-11,24.906130
2010-06-14,24.886915
2010-06-15,25.642998
2010-06-16,25.610971
2010-06-17,25.521261
2010-06-18,25.668627
2010-06-21,26.142794
2010-06-22,25.649408
2010-06-23,25.764746
2010-06-24,25.380297
2010-06-25,25.662226
2010-06-28,25.527674
2010-06-29,24.547321
2010-06-30,24.342274
2010-07-01,24.489658
2010-07-02,24.540911
2010-07-06,24.963814
2010-07-07,25.450785
2010-07-08,25.617367
2010-07-09,25.937744
2010-07-12,25.739119
2010-07-13,26.046686
2010-07-14,26.008242
2010-07-15,25.944164
2010-07-16,25.226517
2010-07-19,25.546894
2010-07-20,26.033873
2010-07-21,25.803196
2010-07-22,26.475998
2010-07-23,26.687435
2010-07-26,26.854025
2010-07-27,26.789965
2010-07-28,26.661812
2010-07-29,26.738697
2010-07-30,26.828384
2010-08-02,27.526815
2010-08-03,27.392267
2010-08-04,27.481979
2010-08-05,27.385866
2010-08-06,27.321783
2010-08-09,27.475567
2010-08-10,27.091112
2010-08-11,26.290171
2010-08-12,26.315798
2010-08-13,26.469578
2010-08-16,26.681034
2010-08-17,26.975771
2010-08-18,26.930931
2010-08-19,26.738697
2010-08-20,26.706663
2010-08-23,26.469578
2010-08-24,26.181244
2010-08-25,26.065905
2010-08-26,25.880089
2010-08-27,26.405510
2010-08-30,26.014645
2010-08-31,26.142794
2010-09-01,27.014225
2010-09-02,27.027040
2010-09-03,27.328207
2010-09-07,26.956558
2010-09-08,27.232080
2010-09-09,27.366640
2010-09-10,27.507595
2010-09-13,28.084280
2010-09-14,28.097095
2010-09-15,28.116322
2010-09-16,27.988169
2010-09-17,27.975351
2010-09-20,28.423889
2010-09-21,28.404657
2010-09-22,28.411060
2010-09-23,28.257286
2010-09-24,28.750660
2010-09-27,28.693005
2010-09-28,28.885227
2010-09-29,28.987745
2010-09-30,29.128710
2010-10-01,29.583649
2010-10-04,29.558014
2010-10-05,29.993725
2010-10-06,30.051403
2010-10-07,29.763056
2010-10-08,30.077034
2010-10-11,30.064217
2010-10-12,29.936068
2010-10-13,30.410227
2010-10-14,30.448673
2010-10-15,30.384590
2010-10-18,30.365372
2010-10-19,29.429863
2010-10-20,29.929651
2010-10-21,29.897627
2010-10-22,29.974497
2010-10-25,30.301296
2010-10-26,30.301296
2010-10-27,29.801504
2010-10-28,29.955278
2010-10-29,30.032187
2010-11-01,30.346138
2010-11-02,30.704962
2010-11-03,30.916407
2010-11-04,31.602036
2010-11-05,31.550772
2010-11-08,31.396992
2010-11-09,31.057373
2010-11-10,31.223986
2010-11-11,30.986889
2010-11-12,30.256439
2010-11-15,30.217983
2010-11-16,29.410645
2010-11-17,29.538794
2010-11-18,30.211594
2010-11-19,30.250034
2010-11-22,30.185959
2010-11-23,29.218409
2010-11-24,29.865591
2010-11-26,29.218409
2010-11-29,29.385015
2010-11-30,29.179970
2010-12-01,30.057816
2010-12-02,30.531975
2010-12-03,30.634491
2010-12-06,30.621685
2010-12-07,30.480713
2010-12-08,30.294893
2010-12-09,30.224398
2010-12-10,30.358973
2010-12-13,30.519140
2010-12-14,30.551186
2010-12-15,30.102654
2010-12-16,30.275677
2010-12-17,30.250034
2010-12-20,30.160318
2010-12-21,30.551186
2010-12-22,30.671799
2010-12-23,30.626160
2010-12-27,30.567480
2010-12-28,30.593557
2010-12-29,30.965141
2010-12-30,31.186779
2010-12-31,31.388872
2011-01-03,31.695263
2011-01-04,31.819128
2011-01-05,31.701788
2011-01-06,31.421469
2011-01-07,31.128124
2011-01-10,30.808689
2011-01-11,31.154209
2011-01-12,31.864767
2011-01-13,31.506227
2011-01-14,31.590965
2011-01-18,31.584438
2011-01-19,31.323702
2011-01-20,31.049883
2011-01-21,30.743488
2011-01-24,30.952105
2011-01-25,30.769575
2011-01-26,31.056406
2011-01-27,30.952105
2011-01-28,29.993820
2011-01-31,30.306730
2011-02-01,30.958632
2011-02-02,30.717421
2011-02-03,30.691351
2011-02-04,30.678301
2011-02-07,30.593557
2011-02-08,30.508804
2011-02-09,29.915583
2011-02-10,29.615713
2011-02-11,29.941668
2011-02-14,29.922098
2011-02-15,29.980782
2011-02-16,30.248055
2011-02-17,30.384954
2011-02-18,30.574020
2011-02-22,29.550531
2011-02-23,29.524452
2011-02-24,29.589628
2011-02-25,29.993820
2011-02-28,30.254572
2011-03-01,29.941668
2011-03-02,30.358879
2011-03-03,30.926029
2011-03-04,30.893438
2011-03-07,30.521841
2011-03-08,30.860842
2011-03-09,30.867353
2011-03-10,30.013376
2011-03-11,30.228498
2011-03-14,30.456669
2011-03-15,29.974243
2011-03-16,29.328896
2011-03-17,29.726524
2011-03-18,29.817802
2011-03-21,30.352358
2011-03-22,30.384954
2011-03-23,30.776087
2011-03-24,31.154209
2011-03-25,31.154209
2011-03-28,30.971657
2011-03-29,31.278046
2011-03-30,31.662672
2011-03-31,31.910387
2011-04-01,32.431915
2011-04-04,32.731792
2011-04-05,32.640518
2011-04-06,32.790462
2011-04-07,32.783928
2011-04-08,32.836094
2011-04-11,32.464493
2011-04-12,31.884317
2011-04-13,32.099445
2011-04-14,32.288490
2011-04-15,32.301537
2011-04-18,31.551861
2011-04-19,31.975584
2011-04-20,32.777424
2011-04-21,33.057739
2011-04-25,32.777424
2011-04-26,33.031643
2011-04-27,33.025150
2011-04-28,32.751343
2011-04-29,32.986038
2011-05-02,32.933884
2011-05-03,32.262421
2011-05-04,31.682234
2011-05-05,31.349760
2011-05-06,31.773489
2011-05-09,31.858259
2011-05-10,32.132050
2011-05-11,31.545328
2011-05-12,31.545328
2011-05-13,30.912989
2011-05-16,30.906471
2011-05-17,31.049883
2011-05-18,31.499687
2011-05-19,31.343241
2011-05-20,31.102030
2011-05-23,30.463184
2011-05-24,30.723944
2011-05-25,30.795658
2011-05-26,31.173750
2011-05-27,31.486666
2011-05-31,32.014702
2011-06-01,31.551861
2011-06-02,31.825663
2011-06-03,31.630077
2011-06-06,31.206352
2011-06-07,31.454060
2011-06-08,31.251972
2011-06-09,31.427986
2011-06-10,30.782614
2011-06-13,30.723944
2011-06-14,31.160725
2011-06-15,30.547937
2011-06-16,30.306730
2011-06-17,30.358879
2011-06-20,30.274126
2011-06-21,30.802162
2011-06-22,30.560972
2011-06-23,30.404507
2011-06-24,30.404507
2011-06-27,30.678301
2011-06-28,31.075964
2011-06-29,31.336733
2011-06-30,31.695263
2011-07-01,32.060329
2011-07-05,31.975584
2011-07-06,31.890833
2011-07-07,32.275448
2011-07-08,31.942997
2011-07-11,31.030331
2011-07-12,30.756531
2011-07-13,31.219387
2011-07-14,30.939066
2011-07-15,31.115084
2011-07-18,30.763056
2011-07-19,31.206352
2011-07-20,31.271530
2011-07-21,31.708300
2011-07-22,31.734385
2011-07-25,31.695263
2011-07-26,31.832172
2011-07-27,31.330210
2011-07-28,31.362791
2011-07-29,31.499687
2011-08-01,31.473608
2011-08-02,30.554443
2011-08-03,30.417555
2011-08-04,28.676987
2011-08-05,28.455339
2011-08-08,26.160658
2011-08-09,27.555723
2011-08-10,26.134583
2011-08-11,27.640472
2011-08-12,27.620909
2011-08-15,28.285854
2011-08-16,27.972927
2011-08-17,28.161983
2011-08-18,26.969000
2011-08-19,26.558311
2011-08-22,26.532236
2011-08-23,27.444887
2011-08-24,27.255844
2011-08-25,26.721289
2011-08-26,27.118946
2011-08-29,27.992495
2011-08-30,28.031599
2011-08-31,28.637861
2011-09-01,28.500971
2011-09-02,27.894705
2011-09-06,27.562243
2011-09-07,28.370586
2011-09-08,27.790405
2011-09-09,26.825602
2011-09-12,26.727804
2011-09-13,26.766920
2011-09-14,26.656101
2011-09-15,27.008127
2011-09-16,27.073311
2011-09-19,26.310598
2011-09-20,26.212801
2011-09-21,25.215401
2011-09-22,23.468313
2011-09-23,23.983318
2011-09-26,24.218002
2011-09-27,24.980719
2011-09-28,24.367935
2011-09-29,24.654768
2011-09-30,23.357496
2011-10-03,22.946802
2011-10-04,23.240160
2011-10-05,23.644335
2011-10-06,24.433130
2011-10-07,24.126736
2011-10-10,25.215401
2011-10-11,25.287100
2011-10-12,25.991163
2011-10-13,25.802103
2011-10-14,26.219339
2011-10-17,25.417496
2011-10-18,26.069393
2011-10-19,25.619583
2011-10-20,25.117619
2011-10-21,25.815153
2011-10-24,26.766920
2011-10-25,26.271473
2011-10-26,26.740847
2011-10-27,28.337999
2011-10-28,28.181538
2011-10-31,27.073311
2011-11-01,26.473566
2011-11-02,27.184130
2011-11-03,27.484015
2011-11-04,27.366673
2011-11-07,27.562243
2011-11-08,27.907732
2011-11-09,26.375776
2011-11-10,26.512676
2011-11-11,27.118946
2011-11-14,26.799520
2011-11-15,26.936426
2011-11-16,26.304075
2011-11-17,25.652174
2011-11-18,25.710846
2011-11-21,24.915539
2011-11-22,24.961161
2011-11-23,24.237558
2011-11-25,24.126736
2011-11-28,25.189325
2011-11-29,25.052437
2011-11-30,26.610464
2011-12-01,26.558311
2011-12-02,26.493122
2011-12-05,26.929899
2011-12-06,26.532236
2011-12-07,26.682169
2011-12-08,25.776041
2011-12-09,26.206293
2011-12-12,25.280598
2011-12-13,25.065462
2011-12-14,24.706928
2011-12-15,24.856861
2011-12-16,25.032877
2011-12-19,24.387503
2011-12-20,25.352303
2011-12-21,25.483130
2011-12-22,25.736752
2011-12-23,25.850216
2011-12-27,25.643314
2011-12-28,25.209473
2011-12-29,25.469774
2011-12-30,25.503141
2012-01-03,26.250685
2012-01-04,26.177263
2012-01-05,26.050455
2012-01-06,25.743425
2012-01-09,25.950340
2012-01-10,26.531019
2012-01-11,26.537685
2012-01-12,26.671179
2012-01-13,26.444252
2012-01-17,26.878084
2012-01-18,27.538858
2012-01-19,27.799160
2012-01-20,27.832541
2012-01-23,27.979378
2012-01-24,28.032774
2012-01-25,28.359823
2012-01-26,28.246347
2012-01-27,28.453253
2012-01-30,28.026104
2012-01-31,28.253016
2012-02-01,28.907127
2012-02-02,29.020599
2012-02-03,29.507828
2012-02-06,29.234177
2012-02-07,29.294243
2012-02-08,29.521172
2012-02-09,29.507828
2012-02-10,28.887098
2012-02-13,29.320946
2012-02-14,29.107361
2012-02-15,29.187458
2012-02-16,29.481133
2012-02-17,29.554554
2012-02-21,29.441076
2012-02-22,29.534536
2012-02-23,29.467770
2012-02-24,29.708063
2012-02-27,29.467770
2012-02-28,29.841558
2012-02-29,29.788155
2012-03-01,30.095186
2012-03-02,30.015099
2012-03-05,29.567898
2012-03-06,28.526680
2012-03-07,28.867086
2012-03-08,29.501152
2012-03-09,29.474449
2012-03-12,29.200806
2012-03-13,29.948345
2012-03-14,29.441076
2012-03-15,29.681364
2012-03-16,29.668022
2012-03-19,29.501152
2012-03-20,29.087334
2012-03-21,29.154083
2012-03-22,28.700222
2012-03-23,28.907127
2012-03-26,29.354319
2012-03-27,29.220819
2012-03-28,28.807001
2012-03-29,28.713570
2012-03-30,29.013924
2012-04-02,29.340969
2012-04-03,29.227489
2012-04-04,28.646820
2012-04-05,28.813681
2012-04-09,28.393188
2012-04-10,27.845888
2012-04-11,28.126207
2012-04-12,28.840384
2012-04-13,28.413214
2012-04-16,28.279724
2012-04-17,28.573397
2012-04-18,28.446587
2012-04-19,28.353138
2012-04-20,28.533344
2012-04-23,28.012754
2012-04-24,28.059465
2012-04-25,28.299747
2012-04-26,28.473284
2012-04-27,28.486631
2012-04-30,28.406542
2012-05-01,28.606775
2012-05-02,28.573397
2012-05-03,28.299747
2012-05-04,27.832541
2012-05-07,27.892609
2012-05-08,27.492136
2012-05-09,27.118376
2012-05-10,27.258526
2012-05-11,26.884764
2012-05-14,26.277384
2012-05-15,26.077152
2012-05-16,25.663340
2012-05-17,25.329617
2012-05-18,25.169422
2012-05-21,25.750101
2012-05-22,25.543194
2012-05-23,25.336285
2012-05-24,25.182772
2012-05-25,25.075983
2012-05-29,25.770128
2012-05-30,25.296240
2012-05-31,25.376333
2012-06-01,24.748934
2012-06-04,24.842375
2012-06-05,24.935814
2012-06-06,25.636631
2012-06-07,25.756771
2012-06-08,25.543194
2012-06-11,25.229485
2012-06-12,25.756771
2012-06-13,25.629953
2012-06-14,25.776794
2012-06-15,26.190611
2012-06-18,26.290733
2012-06-19,26.691198
2012-06-20,26.651150
2012-06-21,25.676687
2012-06-22,25.783484
2012-06-25,25.316263
2012-06-26,25.543194
2012-06-27,25.683353
2012-06-28,25.576559
2012-06-29,26.651150
2012-07-02,26.677864
2012-07-03,27.165085
2012-07-05,26.931486
2012-07-06,26.444252
2012-07-09,26.324104
2012-07-10,26.063803
2012-07-11,26.183950
2012-07-12,25.770128
2012-07-13,26.250685
2012-07-16,26.197290
2012-07-17,26.511003
2012-07-18,26.417545
2012-07-19,26.684523
2012-07-20,26.284065
2012-07-23,25.643314
2012-07-24,25.536514
2012-07-25,25.643314
2012-07-26,26.190611
2012-07-27,26.958187
2012-07-30,26.797998
2012-07-31,26.704552
2012-08-01,26.791315
2012-08-02,26.417545
2012-08-03,27.205128
2012-08-06,27.371998
2012-08-07,27.425385
2012-08-08,27.505491
2012-08-09,27.638977
2012-08-10,27.765781
2012-08-13,27.538858
2012-08-14,27.545538
2012-08-15,27.472111
2012-08-16,27.752451
2012-08-17,27.598936
2012-08-20,27.598936
2012-08-21,27.538858
2012-08-22,27.558887
2012-08-23,27.318605
2012-08-24,27.331951
2012-08-27,27.058300
2012-08-28,27.011580
2012-08-29,26.878084
2012-08-30,26.551043
2012-08-31,26.771294
2012-09-04,26.644482
2012-09-05,26.504326
2012-09-06,27.071650
2012-09-07,27.705706
2012-09-10,27.371998
2012-09-11,27.672352
2012-09-12,27.792498
2012-09-13,28.499983
2012-09-14,28.847046
2012-09-17,28.593430
2012-09-18,28.573397
2012-09-19,28.566734
2012-09-20,28.426569
2012-09-21,28.466619
2012-09-24,28.456474
2012-09-25,28.044260
2012-09-26,27.915865
2012-09-27,28.361862
2012-09-28,28.192924
2012-10-01,28.490265
2012-10-02,28.469992
2012-10-03,28.321325
2012-10-04,28.584873
2012-10-05,28.564592
2012-10-08,28.301056
2012-10-09,28.071301
2012-10-10,27.929382
2012-10-11,28.192924
2012-10-12,28.111828
2012-10-15,28.301056
2012-10-16,28.551081
2012-10-17,28.780836
2012-10-18,28.699747
2012-10-19,28.253744
2012-10-22,28.544329
2012-10-23,27.949659
2012-10-24,27.996941
2012-10-25,28.274014
2012-10-26,28.078047
2012-10-31,28.037502
2012-11-01,28.449715
2012-11-02,28.274014
2012-11-05,28.409161
2012-11-06,28.591631
2012-11-07,28.159149
2012-11-08,27.814486
2012-11-09,27.915865
2012-11-12,27.996941
2012-11-13,27.733410
2012-11-14,27.327951
2012-11-15,27.422546
2012-11-16,27.490129
2012-11-19,27.976686
2012-11-20,27.909100
2012-11-21,27.868546
2012-11-23,28.301056
2012-11-26,28.341597
2012-11-27,28.105076
2012-11-28,28.240231
2012-11-29,28.436199
2012-11-30,28.395660
2012-12-03,28.402411
2012-12-04,28.476744
2012-12-05,28.801117
2012-12-06,28.983564
2012-12-07,29.084934
2012-12-10,29.280920
2012-12-11,29.429575
2012-12-12,29.544460
2012-12-13,29.402542
2012-12-14,29.551218
2012-12-17,29.625559
2012-12-18,29.807995
2012-12-19,29.767450
2012-12-20,29.972292
2012-12-21,29.644564
2012-12-24,29.583128
2012-12-26,29.658215
2012-12-27,29.869881
2012-12-28,29.958616
2012-12-31,30.402405
2013-01-02,31.044184
2013-01-03,30.859842
2013-01-04,30.914446
2013-01-07,30.648193
2013-01-08,30.395578
2013-01-09,30.573088
2013-01-10,30.846186
2013-01-11,30.614054
2013-01-14,30.736950
2013-01-15,30.620888
2013-01-16,30.566267
2013-01-17,30.777914
2013-01-18,30.812059
2013-01-22,30.784739
2013-01-23,30.586754
2013-01-24,30.497988
2013-01-25,30.422882
2013-01-28,30.197584
2013-01-29,30.552616
2013-01-30,30.395578
2013-01-31,30.422882
2013-02-01,30.627710
2013-02-04,30.231726
2013-02-05,30.320477
2013-02-06,30.245356
2013-02-07,29.999590
2013-02-08,30.238552
2013-02-11,30.224897
2013-02-12,30.272676
2013-02-13,30.395578
2013-02-14,30.368259
2013-02-15,30.320477
2013-02-19,30.334127
2013-02-20,30.054214
2013-02-21,29.712837
2013-02-22,29.828899
2013-02-25,29.385126
2013-02-26,29.583128
2013-02-27,29.849388
2013-02-28,29.706007
2013-03-01,29.746975
2013-03-04,29.487545
2013-03-05,29.822084
2013-03-06,29.979116
2013-03-07,30.054214
2013-03-08,30.327307
2013-03-11,30.190754
2013-03-12,29.883520
2013-03-13,29.596773
2013-03-14,29.746975
2013-03-15,29.501194
2013-03-18,29.173473
2013-03-19,28.948172
2013-03-20,29.118853
2013-03-21,28.852587
2013-03-22,28.940098
2013-03-25,28.878563
2013-03-26,29.206743
2013-03-27,29.316130
2013-03-28,29.329796
2013-04-01,29.070007
2013-04-02,29.097343
2013-04-03,28.734999
2013-04-04,28.728161
2013-04-05,28.687130
2013-04-08,28.762339
2013-04-09,29.063166
2013-04-10,29.316130
2013-04-11,29.309284
2013-04-12,28.946938
2013-04-15,28.188059
2013-04-16,28.810192
2013-04-17,28.393154
2013-04-18,28.454689
2013-04-19,28.864891
2013-04-22,28.940098
2013-04-23,29.083666
2013-04-24,29.268251
2013-04-25,29.514381
2013-04-26,29.240925
2013-04-29,29.548576
2013-04-30,29.917755
2013-05-01,29.603262
2013-05-02,29.876738
2013-05-03,30.081850
2013-05-06,30.116026
2013-05-07,30.355328
2013-05-08,30.621933
2013-05-09,30.382654
2013-05-10,30.266436
2013-05-13,29.992962
2013-05-14,30.136526
2013-05-15,30.109194
2013-05-16,29.992962
2013-05-17,30.095518
2013-05-20,30.163891
2013-05-21,30.143373
2013-05-22,29.801527
2013-05-23,29.582752
2013-05-24,29.288780
2013-05-28,29.432354
2013-05-29,29.022142
2013-05-30,28.953760
2013-05-31,28.400000
2013-06-03,28.851208
2013-06-04,28.523056
2013-06-05,27.941919
2013-06-06,28.229076
2013-06-07,28.106018
2013-06-10,27.709475
2013-06-11,27.162539
2013-06-12,26.977936
2013-06-13,27.600077
2013-06-14,27.203554
2013-06-17,27.394999
2013-06-18,27.456522
2013-06-19,26.581406
2013-06-20,25.425987
2013-06-21,25.877216
2013-06-24,25.292372
2013-06-25,25.777435
2013-06-26,26.324856
2013-06-27,26.726768
2013-06-28,26.879208
2013-07-01,26.927711
2013-07-02,26.470375
2013-07-03,26.262491
2013-07-05,26.137764
2013-07-08,26.179338
2013-07-09,26.491161
2013-07-10,26.234785
2013-07-11,27.454361
2013-07-12,27.163322
2013-07-15,27.516722
2013-07-16,27.565226
2013-07-17,27.793888
2013-07-18,27.523655
2013-07-19,27.405844
2013-07-22,27.696888
2013-07-23,28.001778
2013-07-24,27.662241
2013-07-25,27.849329
2013-07-26,27.759247
2013-07-29,27.412786
2013-07-30,27.225677
2013-07-31,27.066311
2013-08-01,27.565226
2013-08-02,27.579075
2013-08-05,27.371201
2013-08-06,27.031651
2013-08-07,26.719837
2013-08-08,27.315777
2013-08-09,27.426628
2013-08-12,27.648373
2013-08-13,27.759247
2013-08-14,27.842409
2013-08-15,27.516722
2013-08-16,27.218758
2013-08-19,26.685186
2013-08-20,26.650543
2013-08-21,26.061541
2013-08-22,26.484232
2013-08-23,26.796047
2013-08-26,26.477303
2013-08-27,25.791292
2013-08-28,25.770504
2013-08-29,25.922951
2013-08-30,26.137764
2013-09-03,26.290209
2013-09-04,26.699053
2013-09-05,27.059372
2013-09-06,27.426628
2013-09-09,28.230453
2013-09-10,28.452190
2013-09-11,28.493763
2013-09-12,28.119577
2013-09-13,28.327456
2013-09-16,28.639290
2013-09-17,28.618488
2013-09-18,29.775711
2013-09-19,29.657909
2013-09-20,28.951115
2013-09-23,29.101334
2013-09-24,28.807878
2013-09-25,28.633192
2013-09-26,28.717037
2013-09-27,28.311790
2013-09-30,28.039284
2013-10-01,28.598257
2013-10-02,28.689093
2013-10-03,28.612230
2013-10-04,28.996521
2013-10-07,28.738005
2013-10-08,28.465509
2013-10-09,28.689093
2013-10-10,29.331905
2013-10-11,29.450682
2013-10-14,29.639338
2013-10-15,29.282997
2013-10-16,29.492611
2013-10-17,29.695242
2013-10-18,29.695242
2013-10-21,29.709209
2013-10-22,29.981712
2013-10-23,29.324915
2013-10-24,29.262043
2013-10-25,29.429712
2013-10-28,29.513580
2013-10-29,29.597425
2013-10-30,29.450682
2013-10-31,29.255049
2013-11-01,29.241070
2013-11-04,29.429712
2013-11-05,28.842802
2013-11-06,28.947605
2013-11-07,28.444550
2013-11-08,28.346729
2013-11-11,28.213976
2013-11-12,28.018333
2013-11-13,28.130133
2013-11-14,28.591276
2013-11-15,29.073385
2013-11-18,29.359861
2013-11-19,29.080368
2013-11-20,28.717037
2013-11-21,28.710051
2013-11-22,28.891724
2013-11-25,28.542355
2013-11-26,28.563318
2013-11-27,28.744982
2013-11-29,28.982544
2013-12-02,28.437551
2013-12-03,28.332745
2013-12-04,28.339739
2013-12-05,28.248905
2013-12-06,28.877750
2013-12-09,28.884743
2013-12-10,28.940619
2013-12-11,28.353710
2013-12-12,28.102182
2013-12-13,28.186020
2013-12-16,28.325768
2013-12-17,28.137112
2013-12-18,28.598257
2013-12-19,28.123142
2013-12-20,28.064127
2013-12-23,28.267853
2013-12-24,28.415361
2013-12-26,28.232725
2013-12-27,28.569927
2013-12-30,28.675282
2013-12-31,28.900070
2014-01-02,27.888512
2014-01-03,27.853392
2014-01-06,27.586433
2014-01-07,27.698837
2014-01-08,27.649666
2014-01-09,27.474043
2014-01-10,28.007931
2014-01-13,27.656687
2014-01-14,27.965776
2014-01-15,27.958755
2014-01-16,27.804209
2014-01-17,27.705866
2014-01-21,27.621563
2014-01-22,27.972799
2014-01-23,27.333551
2014-01-24,26.666189
2014-01-27,26.490562
2014-01-28,26.666189
2014-01-29,26.195530
2014-01-30,26.469500
2014-01-31,26.462475
2014-02-03,25.759987
2014-02-04,26.357096
2014-02-05,26.265779
2014-02-06,26.785608
2014-02-07,26.890987
2014-02-10,26.588913
2014-02-11,27.150904
2014-02-12,27.108749
2014-02-13,27.136862
2014-02-14,27.467016
2014-02-18,27.235209
2014-02-19,27.115782
2014-02-20,27.256277
2014-02-21,27.445942
2014-02-24,27.417839
2014-02-25,27.073624
2014-02-26,27.003380
2014-02-27,27.537273
2014-02-28,27.319492
2014-03-03,26.841806
2014-03-04,27.284376
2014-03-05,27.368675
2014-03-06,27.748014
2014-03-07,27.361647
2014-03-10,27.200075
2014-03-11,26.883966
2014-03-12,26.989332
2014-03-13,26.525682
2014-03-14,26.701302
2014-03-17,26.989332
2014-03-18,27.403788
2014-03-19,26.862883
2014-03-20,26.989332
2014-03-21,27.150904
2014-03-24,27.389748
2014-03-25,27.815899
2014-03-26,27.822941
2014-03-27,28.146940
2014-03-28,28.372356
2014-03-31,28.583666
2014-04-01,28.858370
2014-04-02,28.964022
2014-04-03,28.794979
2014-04-04,28.745676
2014-04-07,28.900627
2014-04-08,29.168293
2014-04-09,29.400749
2014-04-10,29.119009
2014-04-11,29.104908
2014-04-14,29.062639
2014-04-15,28.632975
2014-04-16,28.928812
2014-04-17,29.273947
2014-04-21,29.083775
2014-04-22,28.985165
2014-04-23,28.830202
2014-04-24,28.830202
2014-04-25,28.499142
2014-04-28,28.583666
2014-04-29,28.858370
2014-04-30,28.837227
2014-05-01,28.858370
2014-05-02,29.048553
2014-05-05,28.921768
2014-05-06,29.034472
2014-05-07,29.217598
2014-05-08,29.140118
2014-05-09,29.119009
2014-05-12,29.590935
2014-05-13,29.717707
2014-05-14,29.914938
2014-05-15,29.647282
2014-05-16,30.013554
2014-05-19,30.027641
2014-05-20,29.774063
2014-05-21,29.985378
2014-05-22,30.217827
2014-05-23,30.217827
2014-05-27,29.971298
2014-05-28,30.083992
2014-05-29,30.119204
2014-05-30,29.731806
2014-06-02,29.879721
2014-06-03,30.048765
2014-06-04,29.879721
2014-06-05,30.217827
2014-06-06,30.541838
2014-06-09,30.732029
2014-06-10,30.851757
2014-06-11,30.746111
2014-06-12,30.605225
2014-06-13,30.717926
2014-06-16,30.520720
2014-06-17,30.541838
2014-06-18,30.894018
2014-06-19,30.703848
2014-06-20,30.717926
2014-06-23,30.577063
2014-06-24,30.532963
2014-06-25,30.660980
2014-06-26,30.646753
2014-06-27,30.724989
2014-06-30,30.675207
2014-07-01,30.952589
2014-07-02,31.137510
2014-07-03,31.301090
2014-07-07,31.365101
2014-07-08,31.229959
2014-07-09,31.414877
2014-07-10,31.222847
2014-07-11,31.279749
2014-07-14,31.521578
2014-07-15,31.478895
2014-07-16,31.578463
2014-07-17,30.973915
2014-07-18,31.457558
2014-07-21,31.571354
2014-07-22,31.898514
2014-07-23,31.905634
2014-07-24,32.062103
2014-07-25,31.934080
2014-07-28,32.104778
2014-07-29,31.813185
2014-07-30,31.649574
2014-07-31,31.094841
2014-08-01,31.279749
2014-08-04,31.635365
2014-08-05,31.158840
2014-08-06,30.938366
2014-08-07,30.796112
2014-08-08,31.137510
2014-08-11,31.585573
2014-08-12,31.592693
2014-08-13,31.727827
2014-08-14,31.749159
2014-08-15,31.706488
2014-08-18,32.033657
2014-08-19,32.218559
2014-08-20,32.168789
2014-08-21,32.140320
2014-08-22,31.998100
2014-08-25,32.268353
2014-08-26,32.446163
2014-08-27,32.609741
2014-08-28,32.311031
2014-08-29,32.289692
2014-09-02,32.353710
2014-09-03,32.894238
2014-09-04,32.751987
2014-09-05,33.064941
2014-09-08,32.680862
2014-09-09,32.282578
2014-09-10,32.140320
2014-09-11,31.912737
2014-09-12,31.478895
2014-09-15,31.343748
2014-09-16,31.742037
2014-09-17,31.436224
2014-09-18,31.507345
2014-09-19,31.272652
2014-09-22,30.810329
2014-09-23,30.611202
2014-09-24,31.089834
2014-09-25,30.371162
2014-09-26,30.565203
2014-09-29,29.911211
2014-09-30,29.975882
2014-10-01,29.400949
2014-10-02,29.580606
2014-10-03,29.824972
2014-10-06,30.356781
2014-10-07,30.062132
2014-10-08,30.522079
2014-10-09,30.098063
2014-10-10,29.415327
2014-10-13,29.774651
2014-10-14,29.911211
2014-10-15,29.494377
2014-10-16,29.199734
2014-10-17,29.573442
2014-10-20,29.594994
2014-10-21,29.731535
2014-10-22,29.494377
2014-10-23,29.523117
2014-10-24,29.803404
2014-10-27,29.494377
2014-10-28,30.112427
2014-10-29,30.054943
2014-10-30,30.399906
2014-10-31,30.644249
2014-11-03,30.435844
2014-11-04,30.464594
2014-11-05,30.284924
2014-11-06,29.853720
2014-11-07,30.047749
2014-11-10,30.069317
2014-11-11,30.119631
2014-11-12,30.033379
2014-11-13,29.961519
2014-11-14,30.277737
2014-11-17,29.896826
2014-11-18,30.047749
2014-11-19,30.105247
2014-11-20,30.054943
2014-11-21,30.982029
2014-11-24,30.744871
2014-11-25,30.543644
2014-11-26,30.859854
2014-11-28,30.306463
2014-12-01,29.753096
2014-12-02,29.738728
2014-12-03,29.889647
2014-12-04,29.853720
2014-12-05,29.832148
2014-12-08,29.350639
2014-12-09,29.020056
2014-12-10,28.603230
2014-12-11,28.337311
2014-12-12,27.913292
2014-12-15,27.352730
2014-12-16,27.101200
2014-12-17,27.942038
2014-12-18,28.373245
2014-12-19,28.509785
2014-12-22,28.880819
2014-12-23,28.649822
2014-12-24,28.707581
2014-12-26,28.902470
2014-12-29,28.808638
2014-12-30,28.888029
2014-12-31,28.888029
2015-01-02,28.555996
2015-01-05,28.101234
2015-01-06,27.964083
2015-01-07,28.606516
2015-01-08,29.090151
2015-01-09,28.945787
2015-01-12,28.685923
2015-01-13,28.888029
2015-01-14,28.779772
2015-01-15,28.866377
2015-01-16,29.155127
2015-01-20,29.054052
2015-01-21,29.703720
2015-01-22,30.331724
2015-01-23,30.071859
2015-01-26,30.107943
2015-01-27,29.949141
2015-01-28,29.595446
2015-01-29,29.624321
2015-01-30,28.830292
2015-02-02,29.342808
2015-02-03,29.862518
2015-02-04,29.660404
2015-02-05,29.884180
2015-02-06,29.393328
2015-02-09,29.357235
2015-02-10,29.306711
2015-02-11,29.176779
2015-02-12,29.855305
2015-02-13,30.158470
2015-02-17,30.064629
2015-02-18,30.093510
2015-02-19,29.999662
2015-02-20,30.151264
2015-02-23,29.862518
2015-02-24,30.273964
2015-02-25,30.172916
2015-02-26,30.151264
2015-02-27,30.172916
2015-03-02,30.129602
2015-03-03,29.855305
2015-03-04,29.508820
2015-03-05,29.451075
2015-03-06,28.974657
2015-03-09,28.859159
2015-03-10,28.260033
2015-03-11,28.483816
2015-03-12,28.642612
2015-03-13,28.296129
2015-03-16,28.628180
2015-03-17,28.808638
2015-03-18,29.552128
2015-03-19,29.032412
2015-03-20,29.393328
2015-03-23,29.479950
2015-03-24,29.595446
2015-03-25,29.082773
2015-03-26,28.916451
2015-03-27,28.981539
2015-03-30,29.574476
2015-03-31,29.552782
2015-04-01,29.950478
2015-04-02,30.413265
2015-04-06,30.782030
2015-04-07,30.709728
2015-04-08,31.331587
2015-04-09,31.736511
2015-04-10,31.671432
2015-04-13,31.562977
2015-04-14,31.649752
2015-04-15,31.837761
2015-04-16,32.126995
2015-04-17,31.468973
2015-04-20,31.367733
2015-04-21,31.613594
2015-04-22,31.982367
2015-04-23,32.141445
2015-04-24,32.300522
2015-04-27,32.437916
2015-04-28,32.517464
2015-04-29,32.170364
2015-04-30,31.743736
2015-05-01,31.931763
2015-05-04,32.090839
2015-05-05,31.758204
2015-05-06,31.338816
2015-05-07,31.295427
2015-05-08,31.772678
2015-05-11,31.468973
2015-05-12,31.382196
2015-05-13,31.461748
2015-05-14,31.758204
2015-05-15,32.083603
2015-05-18,31.772678
2015-05-19,31.844990
2015-05-20,31.801598
2015-05-21,31.707584
2015-05-22,31.787130
2015-05-26,31.317129
2015-05-27,31.396658
2015-05-28,30.955580
2015-05-29,30.615721
2015-06-01,30.594034
2015-06-02,30.702490
2015-06-03,30.550642
2015-06-04,30.102327
2015-06-05,29.957705
2015-06-08,29.943247
2015-06-09,29.726324
2015-06-10,30.160172
2015-06-11,30.037249
2015-06-12,30.044472
2015-06-15,29.740784
2015-06-16,29.805861
2015-06-17,29.993858
2015-06-18,30.261389
2015-06-19,29.986637
2015-06-22,30.377102
2015-06-23,30.651875
2015-06-24,30.492798
2015-06-25,30.384340
2015-06-26,30.104094
2015-06-29,29.439970
2015-06-30,29.834070
2015-07-01,29.834070
2015-07-02,29.972729
2015-07-06,29.140747
2015-07-07,28.695595
2015-07-08,27.637375
2015-07-09,28.199326
2015-07-10,28.994804
2015-07-13,29.177250
2015-07-14,29.250233
2015-07-15,28.892626
2015-07-16,29.235628
2015-07-17,29.228336
2015-07-20,29.045881
2015-07-21,29.053190
2015-07-22,28.666384
2015-07-23,28.425556
2015-07-24,28.016872
2015-07-27,27.389256
2015-07-28,27.651979
2015-07-29,27.907404
2015-07-30,27.732248
2015-07-31,27.965788
2015-08-03,27.506016
2015-08-04,27.593601
2015-08-05,27.622782
2015-08-06,27.425745
2015-08-07,27.396544
2015-08-10,27.863619
2015-08-11,27.265181
2015-08-12,26.841902
2015-08-13,26.790813
2015-08-14,26.871090
2015-08-17,26.586477
2015-08-18,26.279963
2015-08-19,25.922358
2015-08-20,25.528263
2015-08-21,24.710899
2015-08-24,23.492142
2015-08-25,23.813248
2015-08-26,24.637920
2015-08-27,25.630438
2015-08-28,25.258245
2015-08-31,25.207153
2015-09-01,24.221930
2015-09-02,24.586830
2015-09-03,24.696302
2015-09-04,23.922720
2015-09-08,24.725491
2015-09-09,24.586830
2015-09-10,24.769287
2015-09-11,24.864151
2015-09-14,24.864151
2015-09-15,25.119581
2015-09-16,25.703424
2015-09-17,25.703424
2015-09-18,25.075806
2015-09-21,25.134176
2015-09-22,24.645218
2015-09-23,24.273016
2015-09-24,24.229231
2015-09-25,24.184843
2015-09-28,23.644766
2015-09-29,23.837135
2015-09-30,24.480776
2015-10-01,24.562153
2015-10-02,25.205791
2015-10-05,25.708881
2015-10-06,25.642296
2015-10-07,26.278545
2015-10-08,26.618862
2015-10-09,26.648460
2015-10-12,26.500490
2015-10-13,26.027000
2015-10-14,26.226759
2015-10-15,26.826010
2015-10-16,26.907393
2015-10-19,26.633657
2015-10-20,26.574474
2015-10-21,26.189764
2015-10-22,26.759428
2015-10-23,26.936993
2015-10-26,26.633657
2015-10-27,26.389521
2015-10-28,26.100988
2015-10-29,25.812456
2015-10-30,25.775463
2015-11-02,26.263746
2015-11-03,26.589268
2015-11-04,26.441301
2015-11-05,26.478302
2015-11-06,26.182371
2015-11-09,25.568319
2015-11-10,25.501736
2015-11-11,25.531322
2015-11-12,25.264984
2015-11-13,24.932070
2015-11-16,25.472132
2015-11-17,25.442543
2015-11-18,25.642296
2015-11-19,25.834650
2015-11-20,26.056599
2015-11-23,25.842045
2015-11-24,25.908630
2015-11-25,25.708881
2015-11-27,25.146616
2015-11-30,25.183603
2015-12-01,25.331573
2015-12-02,25.080029
2015-12-03,25.006046
2015-12-04,25.102222
2015-12-07,24.747112
2015-12-08,24.451180
2015-12-09,24.273624
2015-12-10,24.029482
2015-12-11,23.348845
2015-12-14,23.733555
2015-12-15,24.081266
2015-12-16,24.488167
2015-12-17,24.273624
2015-12-18,24.147844
2015-12-21,24.318096
2015-12-22,24.503963
2015-12-23,24.868254
2015-12-24,24.793907
2015-12-28,24.667524
2015-12-29,24.652657
2015-12-30,24.310667
2015-12-31,24.318096
2016-01-04,23.626699
2016-01-05,23.678741
2016-01-06,23.254969
2016-01-07,22.504097
2016-01-08,22.303360
2016-01-11,22.206717
2016-01-12,22.288500
2016-01-13,22.035727
2016-01-14,22.318233
2016-01-15,21.381485
2016-01-19,21.678871
2016-01-20,21.225368
2016-01-21,21.262535
2016-01-22,21.983683
2016-01-25,21.619394
2016-01-26,21.931641
2016-01-27,21.790382
2016-01-28,22.139807
2016-01-29,22.920425
2016-02-01,22.689959
2016-02-02,22.013416
2016-02-03,22.600744
2016-02-04,22.756866
2016-02-05,22.518967
2016-02-08,22.206717
2016-02-09,21.924202
2016-02-10,21.991112
2016-02-11,21.671438
2016-02-12,22.028286
2016-02-16,22.548698
2016-02-17,23.017067
2016-02-18,22.905556
2016-02-19,22.808910
2016-02-22,23.373924
2016-02-23,22.868385
2016-02-24,22.868385
2016-02-25,22.905556
2016-02-26,22.704824
2016-02-29,22.846073
2016-03-01,23.678741
2016-03-02,24.043030
2016-03-03,24.303234
2016-03-04,24.838511
2016-03-07,24.786474
2016-03-08,24.355267
2016-03-09,24.511393
2016-03-10,24.451925
2016-03-11,24.987196
2016-03-14,24.845942
2016-03-15,24.426672
2016-03-16,24.940521
2016-03-17,25.446938
2016-03-18,25.618221
2016-03-21,25.722477
2016-03-22,25.610775
2016-03-23,25.216066
2016-03-24,25.178829
2016-03-28,25.245865
2016-03-29,25.491613
2016-03-30,25.782051
2016-03-31,25.752266
2016-04-01,25.826735
2016-04-04,25.476727
2016-04-05,25.000103
2016-04-06,25.320330
2016-04-07,24.791586
2016-04-08,25.223516
2016-04-11,25.558638
2016-04-12,25.953331
2016-04-13,26.437405
2016-04-14,26.303350
2016-04-15,26.146965
2016-04-18,26.236338
2016-04-19,26.638489
2016-04-20,26.467199
2016-04-21,26.176760
2016-04-22,26.079937
2016-04-25,25.871414
2016-04-26,26.176760
2016-04-27,26.333149
2016-04-28,26.065048
2016-04-29,26.012917
2016-05-02,25.945890
2016-05-03,25.223516
2016-05-04,24.866051
2016-05-05,24.866051
2016-05-06,24.925629
2016-05-09,24.545826
2016-05-10,25.037338
2016-05-11,24.962864
2016-05-12,24.918184
2016-05-13,24.471357
2016-05-16,24.754349
2016-05-17,24.650087
2016-05-18,24.456457
2016-05-19,24.158577
2016-05-20,24.426672
2016-05-23,24.374544
2016-05-24,24.664980
2016-05-25,24.947983
2016-05-26,25.111816
2016-05-27,25.104362
2016-05-31,25.171394
2016-06-01,25.149044
2016-06-02,25.350115
2016-06-03,25.744820
2016-06-06,25.960785
2016-06-07,26.213991
2016-06-08,26.429964
2016-06-09,26.132067
2016-06-10,25.469271
2016-06-13,25.149044
2016-06-14,25.076324
2016-06-15,25.308731
2016-06-16,25.248756
2016-06-17,25.361204
2016-06-20,25.728533
2016-06-21,25.923452
2016-06-22,25.960932
2016-06-23,26.605648
2016-06-24,25.098820
2016-06-27,24.836437
2016-06-28,25.548620
2016-06-29,26.148352
2016-06-30,26.410732
2016-07-01,26.605648
2016-07-05,26.080881
2016-07-06,26.080881
2016-07-07,25.968433
2016-07-08,26.545668
2016-07-11,26.763083
2016-07-12,27.175398
2016-07-13,27.130411
2016-07-14,27.505249
2016-07-15,27.407789
2016-07-18,27.647684
2016-07-19,27.407789
2016-07-20,27.550230
2016-07-21,27.475264
2016-07-22,27.655178
2016-07-25,27.430283
2016-07-26,27.595203
2016-07-27,27.632687
2016-07-28,27.617702
2016-07-29,27.767628
2016-08-01,27.662682
2016-08-02,27.512739
2016-08-03,27.662682
2016-08-04,27.797623
2016-08-05,28.104979
2016-08-08,28.284897
2016-08-09,28.472317
2016-08-10,28.404839
2016-08-11,28.734692
2016-08-12,28.622253
2016-08-15,28.937105
2016-08-16,28.787182
2016-08-17,28.682222
2016-08-18,28.914618
2016-08-19,28.742197
2016-08-22,28.382353
2016-08-23,28.239908
2016-08-24,28.322380
2016-08-25,28.314877
2016-08-26,28.089987
2016-08-29,28.299896
2016-08-30,28.254906
2016-08-31,27.985033
2016-09-01,28.134962
2016-09-02,28.562265
2016-09-06,29.057051
2016-09-07,29.019569
2016-09-08,28.959593
2016-09-09,28.045012
2016-09-12,28.277397
2016-09-13,27.571796
2016-09-14,27.670422
2016-09-15,28.110479
2016-09-16,27.920803
2016-09-19,28.156012
2016-09-20,28.163595
2016-09-21,28.846437
2016-09-22,28.975422
2016-09-23,28.596062
2016-09-26,28.247055
2016-09-27,28.542950
2016-09-28,28.823675
2016-09-29,28.345686
2016-09-30,28.550535
2016-10-03,28.740223
2016-10-04,28.451908
2016-10-05,28.884371
2016-10-06,28.884371
2016-10-07,28.785742
2016-10-10,28.983009
2016-10-11,28.444317
2016-10-12,28.413965
2016-10-13,28.239471
2016-10-14,28.315338
2016-10-17,28.262222
2016-10-18,28.762983
2016-10-19,28.914724
2016-10-20,28.876797
2016-10-21,28.884371
2016-10-24,29.028526
2016-10-25,29.005774
2016-10-26,28.793325
2016-10-27,28.573294
2016-10-28,28.413965
2016-10-31,28.641579
2016-11-01,28.429140
2016-11-02,28.102900
2016-11-03,28.034607
2016-11-04,27.738720
2016-11-07,28.679523
2016-11-08,28.816084
2016-11-09,28.057377
2016-11-10,27.245548
2016-11-11,26.744795
2016-11-14,26.615812
2016-11-15,27.116564
2016-11-16,26.896544
2016-11-17,26.904121
2016-11-18,26.843424
2016-11-21,27.108980
2016-11-22,27.404879
2016-11-23,27.139330
2016-11-25,27.283472
2016-11-28,27.420050
2016-11-29,27.435221
2016-11-30,27.480749
2016-12-01,27.169683
2016-12-02,27.139330
2016-12-05,27.321424
2016-12-06,27.435221
2016-12-07,27.844927
2016-12-08,27.973915
2016-12-09,27.844927
2016-12-12,27.617313
2016-12-13,27.898046
2016-12-14,27.093801
2016-12-15,27.215195
2016-12-16,27.048283
2016-12-19,26.866192
2016-12-20,26.911926
2016-12-21,26.828072
2016-12-22,26.576485
2016-12-23,26.706083
2016-12-27,26.835693
2016-12-28,27.003410
2016-12-29,27.422718
2016-12-30,27.277864
2017-01-03,27.575201
2017-01-04,27.826786
2017-01-05,28.116495
2017-01-06,28.002134
2017-01-09,27.956385
2017-01-10,28.108866
2017-01-11,28.352821
2017-01-12,28.421431
2017-01-13,28.390942
2017-01-17,28.360449
2017-01-18,28.253717
2017-01-19,28.177477
2017-01-20,28.223213
2017-01-23,28.612030
2017-01-24,28.817867
2017-01-25,29.069462
2017-01-26,28.947475
2017-01-27,28.977974
2017-01-30,28.833128
2017-01-31,28.848373
2017-02-01,28.909359
2017-02-02,29.008478
2017-02-03,29.191448
2017-02-06,29.122831
2017-02-07,29.016092
2017-02-08,29.244804
2017-02-09,29.397282
2017-02-10,29.664114
2017-02-13,29.778465
2017-02-14,29.824217
2017-02-15,30.045307
2017-02-16,29.961441
2017-02-17,29.862335
2017-02-21,30.106283
2017-02-22,30.182526
2017-02-23,30.197784
2017-02-24,29.877575
2017-02-27,29.755608
2017-02-28,29.496391
2017-03-01,29.969057
2017-03-02,29.435406
2017-03-03,29.686983
2017-03-06,29.732723
2017-03-07,29.770845
2017-03-08,29.473513
2017-03-09,29.221941
2017-03-10,29.465904
2017-03-13,29.839453
2017-03-14,29.671741
2017-03-15,30.365501
2017-03-16,30.571341
2017-03-17,30.540852
2017-03-20,30.838171
2017-03-21,30.464613
2017-03-22,30.610476
2017-03-23,30.625750
2017-03-24,30.709780
2017-03-27,30.618120
2017-03-28,30.694489
2017-03-29,30.740318
2017-03-30,30.564657
2017-03-31,30.335543
2017-04-03,30.572294
2017-04-04,30.641031
2017-04-05,30.587568
2017-04-06,30.534111
2017-04-07,30.526476
2017-04-10,30.381357
2017-04-11,30.411913
2017-04-12,30.518833
2017-04-13,30.358448
2017-04-17,30.618120
2017-04-18,30.259165
2017-04-19,30.037687
2017-04-20,30.350809
2017-04-21,30.320263
2017-04-24,30.671574
2017-04-25,30.893061
2017-04-26,30.778507
2017-04-27,30.679218
2017-04-28,30.809055
2017-05-01,30.931246
2017-05-02,31.084002
2017-05-03,30.862518
2017-05-04,30.534111
2017-05-05,30.709780
2017-05-08,30.518833
2017-05-09,30.862518
2017-05-10,31.106905
2017-05-11,31.091635
2017-05-12,31.259651
2017-05-15,31.549883
2017-05-16,31.580418
2017-05-17,31.106905
2017-05-18,30.534111
2017-05-19,31.076361
2017-05-22,31.068716
2017-05-23,31.053450
2017-05-24,31.160364
2017-05-25,31.320757
2017-05-26,31.397139
2017-05-30,31.343676
2017-05-31,31.114542
2017-06-01,31.343676
2017-06-02,31.442951
2017-06-05,31.442951
2017-06-06,31.465872
2017-06-07,31.442951
2017-06-08,31.504055
2017-06-09,31.290207
2017-06-12,31.175644
2017-06-13,31.320757
2017-06-14,31.297836
2017-06-15,31.022900
2017-06-16,31.122181
2017-06-19,31.328407
2017-06-20,30.954163
2017-06-21,31.071751
2017-06-22,31.187031
2017-06-23,31.302309
2017-06-26,31.632763
2017-06-27,31.302309
2017-06-28,31.486755
2017-06-29,31.133223
2017-06-30,31.379164
2017-07-03,31.525188
2017-07-05,31.471386
2017-07-06,31.125538
2017-07-07,31.210083
2017-07-10,31.432964
2017-07-11,31.655830
2017-07-12,32.255287
2017-07-13,32.347527
2017-07-14,32.677979
2017-07-17,32.508896
2017-07-18,32.562695
2017-07-19,32.877804
2017-07-20,32.808636
2017-07-21,32.739460
2017-07-24,32.862427
2017-07-25,32.808636
2017-07-26,33.046879
2017-07-27,32.877804
2017-07-28,33.000759
2017-07-31,33.054550
2017-08-01,33.192902
2017-08-02,33.269733
2017-08-03,33.146778
2017-08-04,33.231323
2017-08-07,33.492630
2017-08-08,33.446510
2017-08-09,33.262058
2017-08-10,32.493538
2017-08-11,32.593433
2017-08-14,32.877804
2017-08-15,32.854740
2017-08-16,33.254387
2017-08-17,32.831684
2017-08-18,33.069931
2017-08-21,33.154469
2017-08-22,33.446510
2017-08-23,33.607899
2017-08-24,33.684761
2017-08-25,33.969109
2017-08-28,33.961430
2017-08-29,33.892273
2017-08-30,33.930683
2017-08-31,34.045967
2017-09-01,34.291897
2017-09-05,34.030594
2017-09-06,34.276531
2017-09-07,34.445602
2017-09-08,34.222725
2017-09-11,34.622364
2017-09-12,34.560890
2017-09-13,34.330326
2017-09-14,34.399494
2017-09-15,34.630047
2017-09-18,34.599304
2017-09-19,34.630047
2017-09-20,34.530529
2017-09-21,34.561615
2017-09-22,34.351700
2017-09-25,33.714111
2017-09-26,33.706333
2017-09-27,33.519737
2017-09-28,33.535271
2017-09-29,33.877384
2017-10-02,33.908497
2017-10-03,34.375019
2017-10-04,34.413895
2017-10-05,34.631596
2017-10-06,34.499432
2017-10-09,34.382797
2017-10-10,34.717136
2017-10-11,34.818218
2017-10-12,34.818218
2017-10-13,35.129238
2017-10-16,35.098133
2017-10-17,34.927071
2017-10-18,34.958191
2017-10-19,34.701588
2017-10-20,34.841541
2017-10-23,34.530529
2017-10-24,34.623829
2017-10-25,34.546078
2017-10-26,34.367237
2017-10-27,34.787121
2017-10-30,34.507202
2017-10-31,34.701588
2017-11-01,34.787121
2017-11-02,34.895981
2017-11-03,34.693810
2017-11-06,35.028149
2017-11-07,34.810440
2017-11-08,34.934845
2017-11-09,34.802670
2017-11-10,34.670490
2017-11-13,34.600506
2017-11-14,34.367237
2017-11-15,34.087330
2017-11-16,34.693810
2017-11-17,34.888206
2017-11-20,35.035923
2017-11-21,35.471340
2017-11-22,35.587990
2017-11-24,35.455791
2017-11-27,35.090359
2017-11-28,35.300301
2017-11-29,34.810440
2017-11-30,34.584953
2017-12-01,34.250610
2017-12-04,34.367237
2017-12-05,34.312813
2017-12-06,33.885174
2017-12-07,33.931820
2017-12-08,34.320587
2017-12-11,34.546078
2017-12-12,34.297264
2017-12-13,34.670490
2017-12-14,34.452782
2017-12-15,34.546078
2017-12-18,34.903748
2017-12-19,34.810440
2017-12-20,34.857094
2017-12-21,35.202393
2017-12-22,35.491459
2017-12-26,35.530510
2017-12-27,35.522717
2017-12-28,35.694576
2017-12-29,35.866447
2018-01-02,36.483620
2018-01-03,36.835178
2018-01-04,37.061733
2018-01-05,37.389847
2018-01-08,37.397659
2018-01-09,37.389847
2018-01-10,37.225807
2018-01-11,37.467976
2018-01-12,37.866405
2018-01-16,37.678905
2018-01-17,38.210155
2018-01-18,38.272652
2018-01-19,38.632008
2018-01-22,38.944504
2018-01-23,39.085121
2018-01-24,39.444489
2018-01-25,39.303879
2018-01-26,39.827301
2018-01-29,39.202312
2018-01-30,38.702324
2018-01-31,38.936687
2018-02-01,38.569519
2018-02-02,37.702351
2018-02-05,36.491440
2018-02-06,37.397659
2018-02-07,36.335190
2018-02-08,35.124287
2018-02-09,35.655510
2018-02-12,36.147697
2018-02-13,36.428940
2018-02-14,37.178917
2018-02-15,37.874207
2018-02-16,37.733597
2018-02-20,37.397659
2018-02-21,37.350792
2018-02-22,37.397659
2018-02-23,38.007030
2018-02-26,38.366405
2018-02-27,37.335163
2018-02-28,36.850803
2018-03-01,36.842991
2018-03-02,36.936729
2018-03-05,37.046097
2018-03-06,37.155495
2018-03-07,37.147667
2018-03-08,37.171108
2018-03-09,37.835163
2018-03-12,37.967968
2018-03-13,37.600796
2018-03-14,37.647663
2018-03-15,37.499226
2018-03-16,37.382038
2018-03-19,37.030483
2018-03-20,37.350792
2018-03-21,37.553909
2018-03-22,36.366444
2018-03-23,35.835190
2018-03-26,36.914616
2018-03-27,36.366695
2018-03-28,36.116203
2018-03-29,36.773716
2018-04-02,36.233616
2018-04-03,36.585857
2018-04-04,36.703281
2018-04-05,36.781555
2018-04-06,36.131859
2018-04-09,36.100548
2018-04-10,36.773716
2018-04-11,36.820675
2018-04-12,36.812866
2018-04-13,36.429306
2018-04-16,36.460625
2018-04-17,36.491917
2018-04-18,36.750248
2018-04-19,36.546722
2018-04-20,36.116203
2018-04-23,35.873562
2018-04-24,35.709167
2018-04-25,35.443047
2018-04-26,35.810936
2018-04-27,35.998791
2018-04-30,35.756134
2018-05-01,35.552608
2018-05-02,35.317791
2018-05-03,35.208218
2018-05-04,35.380424
2018-05-07,35.286495
2018-05-08,35.466522
2018-05-09,35.513493
2018-05-10,36.217968
2018-05-11,36.092728
2018-05-14,36.202316
2018-05-15,35.513493
2018-05-16,36.014450
2018-05-17,35.513493
2018-05-18,35.184727
2018-05-21,35.411728
2018-05-22,35.552608
2018-05-23,35.396065
2018-05-24,35.270832
2018-05-25,35.356926
2018-05-29,34.574188
2018-05-30,34.879456
2018-05-31,34.918583
2018-06-01,35.309971
2018-06-04,35.677860
2018-06-05,35.364761
2018-06-06,35.873562
2018-06-07,35.325623
2018-06-08,35.302139
2018-06-11,35.255180
2018-06-12,35.231689
2018-06-13,34.973385
2018-06-14,34.785522
2018-06-15,34.597664
2018-06-18,34.198456
2018-06-19,33.807091
2018-06-20,33.916676
2018-06-21,33.439194
2018-06-22,33.710991
2018-06-25,33.269817
2018-06-26,33.135887
2018-06-27,32.403202
2018-06-28,32.710453
2018-06-29,33.246170
2018-07-02,32.883774
2018-07-03,32.915287
2018-07-05,32.883774
2018-07-06,33.285561
2018-07-09,33.892185
2018-07-10,33.860687
2018-07-11,33.230427
2018-07-12,33.695232
2018-07-13,33.718876
2018-07-16,33.529785
2018-07-17,33.789772
2018-07-18,33.758259
2018-07-19,33.372234
2018-07-20,33.805538
2018-07-23,33.703114
2018-07-24,34.207317
2018-07-25,34.750923
2018-07-26,34.412155
2018-07-27,34.459415
2018-07-30,34.412155
2018-07-31,34.569729
2018-08-01,34.309738
2018-08-02,33.915821
2018-08-03,34.128532
2018-08-06,33.868553
2018-08-07,34.175800
2018-08-08,34.097019
2018-08-09,34.049744
2018-08-10,33.372234
2018-08-13,32.836506
2018-08-14,33.033451
2018-08-15,32.064438
2018-08-16,32.292904
2018-08-17,32.568638
2018-08-20,32.710453
2018-08-21,33.064976
2018-08-22,33.261932
2018-08-23,32.741970
2018-08-24,33.230427
2018-08-27,33.774021
2018-08-28,33.608570
2018-08-29,33.797646
2018-08-30,32.899532
2018-08-31,33.120129
2018-09-04,32.379562
2018-09-05,32.032917
2018-09-06,32.017162
2018-09-07,31.875360
2018-09-10,31.497206
2018-09-11,31.536592
2018-09-12,31.733543
2018-09-13,32.135338
2018-09-14,32.095943
2018-09-17,31.843843
2018-09-18,32.095943
2018-09-19,32.529251
2018-09-20,32.797115
2018-09-21,32.931042
2018-09-24,32.521378
2018-09-25,32.726204
2018-09-26,32.785980
2018-09-27,32.881607
2018-09-28,32.674408
2018-10-01,32.754093
2018-10-02,32.403435
2018-10-03,32.132484
2018-10-04,31.399307
2018-10-05,31.255867
2018-10-08,31.311642
2018-10-09,31.231945
2018-10-10,30.363289
2018-10-11,30.092335
2018-10-12,30.857389
2018-10-15,30.554558
2018-10-16,31.255867
2018-10-17,30.881292
2018-10-18,30.076395
2018-10-19,30.355322
2018-10-22,30.674101
2018-10-23,30.371260
2018-10-24,29.486658
2018-10-25,30.044519
2018-10-26,29.813404
2018-10-29,29.231644
2018-10-30,29.829351
2018-10-31,30.172020
2018-11-01,31.255867
2018-11-02,31.367428
2018-11-05,31.510887
2018-11-06,31.391335
2018-11-07,31.949194
2018-11-08,31.176170
2018-11-09,30.642212
2018-11-12,30.235785
2018-11-13,30.594400
2018-11-14,30.833479
2018-11-15,31.439152
2018-11-16,31.550734
2018-11-19,31.160233
2018-11-20,30.506741
2018-11-21,31.080536
2018-11-23,30.753790
2018-11-26,30.968960
2018-11-27,31.192104
2018-11-28,31.885435
2018-11-29,31.670273
2018-11-30,31.630419
2018-12-03,32.260002
2018-12-04,31.662294
2018-12-06,31.407282
2018-12-07,30.777693
2018-12-10,30.419083
2018-12-11,30.729885
2018-12-12,31.192104
2018-12-13,31.239914
2018-12-14,30.849428
2018-12-17,30.514719
2018-12-18,30.705976
2018-12-19,30.195942
2018-12-20,30.427040
2018-12-21,30.179991
2018-12-24,29.946493
2018-12-26,30.476091
2018-12-27,30.411896
2018-12-28,30.628550
2018-12-31,30.572378
2019-01-02,30.708792
2019-01-03,30.227333
2019-01-04,31.182226
2019-01-07,31.246420
2019-01-08,31.422956
2019-01-09,31.880331
2019-01-10,32.121063
2019-01-11,31.920456
2019-01-14,31.695780
2019-01-15,31.904400
2019-01-16,32.217358
2019-01-17,32.369804
2019-01-18,32.538330
2019-01-22,31.992668
2019-01-23,32.305622
2019-01-24,32.578445
2019-01-25,32.899410
2019-01-28,32.554367
2019-01-29,32.594479
2019-01-30,33.172237
2019-01-31,33.525307
2019-02-01,33.276550
2019-02-04,33.348778
2019-02-05,33.725910
2019-02-06,33.324688
2019-02-07,33.011749
2019-02-08,32.883373
2019-02-11,32.690792
2019-02-12,33.011749
2019-02-13,32.779045
2019-02-14,32.843246
2019-02-15,32.787075
2019-02-19,33.124088
2019-02-20,33.268532
2019-02-21,33.196316
2019-02-22,33.573444
2019-02-25,34.022808
2019-02-26,33.918499
2019-02-27,33.653690
2019-02-28,33.396912
2019-03-01,33.437031
2019-03-04,33.557404
2019-03-05,33.950600
2019-03-06,33.782089
2019-03-07,33.236439
2019-03-08,32.995708
2019-03-11,33.669739
2019-03-12,33.806156
2019-03-13,33.878372
2019-03-14,33.701839
2019-03-15,34.159222
2019-03-18,34.544384
2019-03-19,34.552414
2019-03-20,34.544384
2019-03-21,34.624626
2019-03-22,33.581470
2019-03-25,33.735840
2019-03-26,33.848412
2019-03-27,33.478558
2019-03-28,33.768005
2019-03-29,34.170006
2019-04-01,34.684555
2019-04-02,34.580051
2019-04-03,34.748886
2019-04-04,34.973991
2019-04-05,35.255402
2019-04-08,35.231285
2019-04-09,35.183048
2019-04-10,35.351883
2019-04-11,34.941841
2019-04-12,35.158932
2019-04-15,34.973991
2019-04-16,35.255402
2019-04-17,35.343845
2019-04-18,35.384037
2019-04-22,35.175011
2019-04-23,35.255402
2019-04-24,34.845364
2019-04-25,34.781036
2019-04-26,34.941841
2019-04-29,34.877529
2019-04-30,34.901646
2019-05-01,34.708679
2019-05-02,34.756924
2019-05-03,35.207161
2019-05-06,34.459446
2019-05-07,33.808189
2019-05-08,33.719761
2019-05-09,33.245407
2019-05-10,33.518768
2019-05-13,32.385117
2019-05-14,32.835369
2019-05-15,32.923798
2019-05-16,32.843399
2019-05-17,32.216278
2019-05-20,32.103725
2019-05-21,32.537876
2019-05-22,32.401199
2019-05-23,31.991159
2019-05-24,32.039406
2019-05-28,32.135887
2019-05-29,32.409252
2019-05-30,32.553963
2019-05-31,32.674568
2019-06-03,32.867531
2019-06-04,32.875572
2019-06-05,32.634365
2019-06-06,32.626339
2019-06-07,32.859478
2019-06-10,33.165001
2019-06-11,33.510719
2019-06-12,33.148926
2019-06-13,33.181087
2019-06-14,32.771042
2019-06-17,32.907864
2019-06-18,33.652645
2019-06-19,33.887398
2019-06-20,34.413597
2019-06-21,34.275986
2019-06-24,34.300270
2019-06-25,33.927887
2019-06-26,34.259792
2019-06-27,34.454075
2019-06-28,34.429794
2019-07-01,34.923603
2019-07-02,34.875046
2019-07-03,34.915520
2019-07-05,34.672653
2019-07-08,34.535030
2019-07-09,34.445984
2019-07-10,34.672653
2019-07-11,34.599800
2019-07-12,34.599800
2019-07-15,34.761711
2019-07-16,34.696945
2019-07-17,34.615982
2019-07-18,34.834560
2019-07-19,34.607891
2019-07-22,34.567417
2019-07-23,34.567417
2019-07-24,34.672653
2019-07-25,34.470268
2019-07-26,34.502655
2019-07-29,34.494556
2019-07-30,34.154545
2019-07-31,33.806461
2019-08-01,33.191193
2019-08-02,32.875481
2019-08-05,31.717829
2019-08-06,32.219742
2019-08-07,32.357372
2019-08-08,32.778328
2019-08-09,32.454510
2019-08-12,32.090229
2019-08-13,32.470699
2019-08-14,31.572111
2019-08-15,31.750217
2019-08-16,32.171173
2019-08-19,32.276405
2019-08-20,32.333076
2019-08-21,32.584038
2019-08-22,32.252125
2019-08-23,31.790699
2019-08-26,31.993073
2019-08-27,32.009266
2019-08-28,32.130684
2019-08-29,32.503094
2019-08-30,32.705467
2019-09-03,32.535469
2019-09-04,33.069763
2019-09-05,33.320721
2019-09-06,33.425968
2019-09-09,33.515007
2019-09-10,33.515007
2019-09-11,33.765965
2019-09-12,33.976456
2019-09-13,34.154545
2019-09-16,33.879303
2019-09-17,33.919773
2019-09-18,33.749783
2019-09-19,33.539307
2019-09-20,33.595959
2019-09-23,33.717403
2019-09-24,33.306702
2019-09-25,33.339485
2019-09-26,33.323105
2019-09-27,32.905018
2019-09-30,33.003391
2019-10-01,32.773869
2019-10-02,32.618099
2019-10-03,33.011593
2019-10-04,33.167347
2019-10-07,32.913223
2019-10-08,32.634510
2019-10-09,32.880421
2019-10-10,33.232922
2019-10-11,33.675587
2019-10-14,33.601803
2019-10-15,33.831345
2019-10-16,33.921513
2019-10-17,34.028084
2019-10-18,33.937908
2019-10-21,34.183842
2019-10-22,34.159241
2019-10-23,34.175644
2019-10-24,34.216629
2019-10-25,34.372379
2019-10-28,34.642906
2019-10-29,34.446159
2019-10-30,34.577328
2019-10-31,34.306801
2019-11-01,34.839645
2019-11-04,35.093777
2019-11-05,35.265919
2019-11-06,35.208527
2019-11-07,35.446259
2019-11-08,35.126564
2019-11-11,34.929817
2019-11-12,34.667492
2019-11-13,34.446159
2019-11-14,34.429771
2019-11-15,34.659302
2019-11-18,34.651104
2019-11-19,34.774063
2019-11-20,34.642906
2019-11-21,34.683899
2019-11-22,34.618313
2019-11-25,34.929817
2019-11-26,34.790459
2019-11-27,34.897026
2019-11-29,34.478947
2019-12-02,34.487141
2019-12-03,34.347782
2019-12-04,34.651104
2019-12-05,34.831451
2019-12-06,34.962616
2019-12-09,34.831451
2019-12-10,34.905228
2019-12-11,35.372486
2019-12-12,35.856136
2019-12-13,35.815159
2019-12-16,36.118469
2019-12-17,36.388992
2019-12-18,36.585724
2019-12-19,36.610317
2019-12-20,36.643105
2019-12-23,36.708691
2019-12-24,36.675476
2019-12-26,36.982635
2019-12-27,37.032444
2019-12-30,36.824917
2019-12-31,36.916225
2020-01-02,37.796165
2020-01-03,37.123760
2020-01-06,37.057346
2020-01-07,37.040745
2020-01-08,37.206764
2020-01-09,37.397709
2020-01-10,37.580330
2020-01-13,38.095020
2020-01-14,37.920696
2020-01-15,37.679939
2020-01-16,37.870876
2020-01-17,38.111626
2020-01-21,37.165268
2020-01-22,37.389404
2020-01-23,37.049046
2020-01-24,36.766800
2020-01-27,35.529896
2020-01-28,35.828751
2020-01-29,35.994778
2020-01-30,35.504990
2020-01-31,34.874081
2020-02-03,35.123135
2020-02-04,35.961563
2020-02-05,36.160805
2020-02-06,36.144196
2020-02-07,35.654408
2020-02-10,35.878551
2020-02-11,36.335125
2020-02-12,36.800003
2020-02-13,36.409840
2020-02-14,36.335125
2020-02-18,36.210609
2020-02-19,36.509453
2020-02-20,36.011379
2020-02-21,35.878551
2020-02-24,34.616745
2020-02-25,34.342800
2020-02-26,34.558643
2020-02-27,33.728497
2020-02-28,33.637184
2020-03-02,34.284683
2020-03-03,34.118652
2020-03-04,34.600132
2020-03-05,33.936035
2020-03-06,33.296818
2020-03-09,30.814699
2020-03-10,32.367077
2020-03-11,30.964138
2020-03-12,27.851120
2020-03-13,29.801939
2020-03-16,26.199146
2020-03-17,27.842819
2020-03-18,25.576546
2020-03-19,25.717665
2020-03-20,25.833885
2020-03-23,25.333206
2020-03-24,26.930054
2020-03-25,27.811634
2020-03-26,28.934420
2020-03-27,27.370842
2020-03-30,27.770056
2020-03-31,27.903126
2020-04-01,26.913422
2020-04-02,27.703524
2020-04-03,27.171238
2020-04-06,28.510254
2020-04-07,28.676596
2020-04-08,29.009274
2020-04-09,28.959368
2020-04-13,29.067488
2020-04-14,29.649668
2020-04-15,28.992638
2020-04-16,29.158976
2020-04-17,29.633032
2020-04-20,29.416800
2020-04-21,28.601738
2020-04-22,29.341948
2020-04-23,29.225504
2020-04-24,29.183926
2020-04-27,29.732834
2020-04-28,29.807688
2020-04-29,30.614431
2020-04-30,30.082144
2020-05-01,29.075806
2020-05-04,29.441746
2020-05-05,29.574823
2020-05-06,29.499968
2020-05-07,29.691256
2020-05-08,30.356600
2020-05-11,30.206894
2020-05-12,30.115416
2020-05-13,30.023928
2020-05-14,30.115416
2020-05-15,29.741154
2020-05-18,30.863947
2020-05-19,30.556210
2020-05-20,30.938784
2020-05-21,30.622742
2020-05-22,30.040560
2020-05-26,30.705915
2020-05-27,30.739176
2020-05-28,30.539574
2020-05-29,31.071854
2020-06-01,31.778791
2020-06-02,32.519001
2020-06-03,33.151081
2020-06-04,32.735229
2020-06-05,33.492069
2020-06-08,33.758213
2020-06-09,33.575245
2020-06-10,33.741566
2020-06-11,32.019978
2020-06-12,32.751873
2020-06-15,32.618801
2020-06-16,32.743542
2020-06-17,33.042950
2020-06-18,33.051277
2020-06-19,33.109489
2020-06-22,33.468647
2020-06-23,33.802757
2020-06-24,33.293240
2020-06-25,33.435234
2020-06-26,33.034317
2020-06-29,33.251480
2020-06-30,33.084435
2020-07-01,33.527122
2020-07-02,34.320610
2020-07-06,35.832420
2020-07-07,35.264458
2020-07-08,36.208290
2020-07-09,36.233345
2020-07-10,35.982765
2020-07-13,35.807365
2020-07-14,35.824066
2020-07-15,35.857487
2020-07-16,35.347977
2020-07-17,35.506660
2020-07-20,36.007824
2020-07-21,36.275105
2020-07-22,36.149815
2020-07-23,35.907589
2020-07-24,35.815716
2020-07-27,36.316860
2020-07-28,35.924301
2020-07-29,36.559093
2020-07-30,36.133106
2020-07-31,35.924301
2020-08-03,36.199928
2020-08-04,36.609211
2020-08-05,36.985073
2020-08-06,37.035183
2020-08-07,36.283443
2020-08-10,36.275105
2020-08-11,36.141464
2020-08-12,36.584148
2020-08-13,36.442154
2020-08-14,36.492268
2020-08-17,36.884850
2020-08-18,37.018482
2020-08-19,36.592503
2020-08-20,36.492268
2020-08-21,36.726147
2020-08-24,37.093651
2020-08-25,37.436096
2020-08-26,37.469517
2020-08-27,37.252354
2020-08-28,37.703392
2020-08-31,36.909893
2020-09-01,37.653278
2020-09-02,37.553051
2020-09-03,36.893200
2020-09-04,36.826374
2020-09-08,36.141464
2020-09-09,36.609211
2020-09-10,36.057938
2020-09-11,36.325222
2020-09-14,36.926594
2020-09-15,37.344231
2020-09-16,37.210594
2020-09-17,37.143768
2020-09-18,36.851437
2020-09-21,36.544434
2020-09-22,36.223934
2020-09-23,35.658852
2020-09-24,35.557663
2020-09-25,35.549217
2020-09-28,35.903458
2020-09-29,35.886578
2020-09-30,36.468525
2020-10-01,36.789017
2020-10-02,36.384190
2020-10-05,36.856483
2020-10-06,36.966137
2020-10-07,37.311920
2020-10-08,37.590252
2020-10-09,37.851704
2020-10-12,38.222801
2020-10-13,38.054111
2020-10-14,37.885441
2020-10-15,37.581821
2020-10-16,37.733624
2020-10-19,37.615555
2020-10-20,37.995079
2020-10-21,38.070984
2020-10-22,38.079426
2020-10-23,38.256527
2020-10-26,37.758934
2020-10-27,37.893875
2020-10-28,36.949272
2020-10-29,37.337219
2020-10-30,36.949272
2020-11-02,37.421562
2020-11-03,37.522774
2020-11-04,38.728836
2020-11-05,39.386684
2020-11-06,39.530060
2020-11-09,39.825245
2020-11-10,39.378242
2020-11-11,39.546925
2020-11-12,39.251740
2020-11-13,39.749344
2020-11-16,40.213219
2020-11-17,40.154179
2020-11-18,40.019241
2020-11-19,40.120438
2020-11-20,40.398762
2020-11-23,40.390335
2020-11-24,40.930103
2020-11-25,40.744549
2020-11-27,41.124081
2020-11-30,40.112003
2020-12-01,40.946964
2020-12-02,40.930103
2020-12-03,41.334930
2020-12-04,41.613258
2020-12-07,41.613258
2020-12-08,41.731327
2020-12-09,41.242172
2020-12-10,41.798809
2020-12-11,41.520489
2020-12-14,41.368664
2020-12-15,41.756630
2020-12-16,41.984352
2020-12-17,42.321712
2020-12-18,42.195198
2020-12-21,41.627556
2020-12-22,41.322086
2020-12-23,41.746349
2020-12-24,41.508762
2020-12-28,41.593605
2020-12-29,42.043320
2020-12-30,42.628784
2020-12-31,42.518482
2021-01-04,42.713634
2021-01-05,43.706383
2021-01-06,43.290615
2021-01-07,43.630016
2021-01-08,44.512466
2021-01-11,43.994865
2021-01-12,44.478519
2021-01-13,44.622765
2021-01-14,45.063992
2021-01-15,44.546402
2021-01-19,45.352482
2021-01-20,46.141586
2021-01-21,46.150074
2021-01-22,45.819153
2021-01-25,46.048252
2021-01-26,45.759762
2021-01-27,44.597309
2021-01-28,44.809437
2021-01-29,43.850628
2021-02-01,44.962177
2021-02-02,45.666428
2021-02-03,45.836124
2021-02-04,45.904007
2021-02-05,46.243401
2021-02-08,46.480984
2021-02-09,46.998573
2021-02-10,47.100391
2021-02-11,47.592522
2021-02-12,47.677383
2021-02-16,47.813141
2021-02-17,47.931919
2021-02-18,47.312523
2021-02-19,47.567078
2021-02-22,46.217941
2021-02-23,46.480984
2021-02-24,46.184010
2021-02-25,45.182781
2021-02-26,44.537914
2021-03-01,45.759762
2021-03-02,45.327023
2021-03-03,45.293087
2021-03-04,44.317307
2021-03-05,44.631252
2021-03-08,43.468788
2021-03-09,44.410641
2021-03-10,44.334278
2021-03-11,45.666428
2021-03-12,44.860344
2021-03-15,44.834888
2021-03-16,45.030048
2021-03-17,45.063992
2021-03-18,44.368217
2021-03-19,44.809437
2021-03-22,44.714287
2021-03-23,43.983631
2021-03-24,42.955624
2021-03-25,43.023582
2021-03-26,44.094074
2021-03-29,43.847691
2021-03-30,44.026112
2021-03-31,44.221508
2021-04-01,44.620831
2021-04-05,44.714287
2021-04-06,44.926678
2021-04-07,44.272488
2021-04-08,44.731270
2021-04-09,44.348957
2021-04-12,44.060089
2021-04-13,44.068584
2021-04-14,44.306473
2021-04-15,44.697289
2021-04-16,44.841717
2021-04-19,44.748264
2021-04-20,44.408424
2021-04-21,44.756760
2021-04-22,44.680294
2021-04-23,45.292011
2021-04-26,45.351479
2021-04-27,45.419449
2021-04-28,45.784771
2021-04-29,45.682827
2021-04-30,45.011639
2021-05-03,44.994652
2021-05-04,44.442417
2021-05-05,44.612331
2021-05-06,45.054111
2021-05-07,45.453426
2021-05-10,44.603836
2021-05-11,44.484882
2021-05-12,43.346428
2021-05-13,43.295460
2021-05-14,44.009113
2021-05-17,44.034599
2021-05-18,44.671803
2021-05-19,44.552853
2021-05-20,44.714287
2021-05-21,44.238506
2021-05-24,44.654812
2021-05-25,45.122093
2021-05-26,45.453426
2021-05-27,45.538391
2021-05-28,45.776279
2021-06-01,46.736320
2021-06-02,46.846775
2021-06-03,46.320019
2021-06-04,46.736320
2021-06-07,46.549408
2021-06-08,46.354012
2021-06-09,46.320019
2021-06-10,46.642872
2021-06-11,46.438957
2021-06-14,46.625874
2021-06-15,46.311512
2021-06-16,45.682827
2021-06-17,45.946201
2021-06-18,45.589359
2021-06-21,45.811420
2021-06-22,45.614983
2021-06-23,45.879757
2021-06-24,46.221371
2021-06-25,46.597157
2021-06-28,46.708179
2021-06-29,46.674019
2021-06-30,46.383640
2021-07-01,46.135963
2021-07-02,46.084717
2021-07-06,45.256294
2021-07-07,45.298988
2021-07-08,44.436394
2021-07-09,45.247742
2021-07-12,45.273365
2021-07-13,45.298988
2021-07-14,45.521042
2021-07-15,45.563744
2021-07-16,45.256294
2021-07-19,44.590111
2021-07-20,44.624290
2021-07-21,45.008606
2021-07-22,45.076931
2021-07-23,44.376602
2021-07-26,43.531094
2021-07-27,42.591640
2021-07-28,43.795856
2021-07-29,43.949581
2021-07-30,43.650673
2021-08-02,44.000828
2021-08-03,44.111851
2021-08-04,44.222885
2021-08-05,44.086227
2021-08-06,43.787315
2021-08-09,43.941036
2021-08-10,44.103313
2021-08-11,44.265579
2021-08-12,43.975208
2021-08-13,43.889797
2021-08-16,43.539635
2021-08-17,42.753910
2021-08-18,42.805153
2021-08-19,42.147530
2021-08-20,42.147530
2021-08-23,42.753910
2021-08-24,43.710442
2021-08-25,43.753136
2021-08-26,43.394451
2021-08-27,43.941036
2021-08-30,44.069149
2021-08-31,44.607208
2021-09-01,45.145260
2021-09-02,44.965904
2021-09-03,45.170883
2021-09-07,45.546665
2021-09-08,44.871967
2021-09-09,44.931744
2021-09-10,44.863426
2021-09-13,45.008606
2021-09-14,44.590111
2021-09-15,44.573040
2021-09-16,44.111851
2021-09-17,43.941036
2021-09-20,42.745483
2021-09-21,43.090275
2021-09-22,43.710899
2021-09-23,43.917774
2021-09-24,43.435066
2021-09-27,43.667793
2021-09-28,43.159229
2021-09-29,42.814442
2021-09-30,43.107502
2021-10-01,43.133373
2021-10-04,42.538605
2021-10-05,42.943733
2021-10-06,42.779964
2021-10-07,43.616085
2021-10-08,43.779850
2021-10-11,43.659176
2021-10-12,43.538498
2021-10-13,44.107407
2021-10-14,44.176365
2021-10-15,44.650452
2021-10-18,44.590107
2021-10-19,45.098675
2021-10-20,45.107300
2021-10-21,44.745270
2021-10-22,44.633217
2021-10-25,44.796989
2021-10-26,44.495293
2021-10-27,44.262558
2021-10-28,44.219460
2021-10-29,43.667793
2021-11-01,44.090164
2021-11-02,43.624702
2021-11-03,43.943630
2021-11-04,43.848812
2021-11-05,43.866051
2021-11-08,44.322899
2021-11-09,44.219460
2021-11-10,44.098785
2021-11-11,44.857330
2021-11-12,44.891808
2021-11-15,44.805611
2021-11-16,44.788364
2021-11-17,44.624596
2021-11-18,44.090164
2021-11-19,44.012589
2021-11-22,43.555744
2021-11-23,43.598839
2021-11-24,43.547123
2021-11-26,42.271389
2021-11-29,42.331734
2021-11-30,42.400692
2021-12-01,42.374832
2021-12-02,42.874779
2021-12-03,42.280010
2021-12-06,42.555840
2021-12-07,43.176464
2021-12-08,43.435066
2021-12-09,43.219570
2021-12-10,43.297142
2021-12-13,42.633419
2021-12-14,42.538605
2021-12-15,42.383450
2021-12-16,42.495506
2021-12-17,42.202431
2021-12-20,41.617477
2021-12-21,42.322559
2021-12-22,42.557587
2021-12-23,42.810028
2021-12-27,42.949310
2021-12-28,42.801323
2021-12-29,42.618519
2021-12-30,43.166924
2021-12-31,43.053757
2022-01-03,43.358421
2022-01-04,43.184326
2022-01-05,42.540173
2022-01-06,42.783909
2022-01-07,43.001526
2022-01-10,43.088573
2022-01-11,43.924240
2022-01-12,44.594490
2022-01-13,44.037395
2022-01-14,44.124447
2022-01-18,43.471584
2022-01-19,43.645687
2022-01-20,43.915531
2022-01-21,43.227852
2022-01-24,42.653336
2022-01-25,42.644630
2022-01-26,42.200691
2022-01-27,41.826389
2022-01-28,41.896023
2022-01-31,43.236565
2022-02-01,43.488998
2022-02-02,43.410656
2022-02-03,43.045059
2022-02-04,43.071167
2022-02-07,43.071167
2022-02-08,43.462883
2022-02-09,44.107033
2022-02-10,43.863308
2022-02-11,43.184326
2022-02-14,42.862255
2022-02-15,43.837185
2022-02-16,44.167969
2022-02-17,43.593456
2022-02-18,43.253967
2022-02-22,42.583710
2022-02-23,42.191998
2022-02-24,41.338924
2022-02-25,42.104942
2022-02-28,41.626179
2022-03-01,41.060371
2022-03-02,41.190941
2022-03-03,40.616421
2022-03-04,39.850410
2022-03-07,38.440231
2022-03-08,38.605625
2022-03-09,39.580566
2022-03-10,38.971230
2022-03-11,38.179092
2022-03-14,37.265091
2022-03-15,37.247684
2022-03-16,40.146366
2022-03-17,39.850410
2022-03-18,40.477146
2022-03-21,39.965576
2022-03-22,40.585403
2022-03-23,40.306038
2022-03-24,40.550476
2022-03-25,40.236202
2022-03-28,40.367149
2022-03-29,40.986980
2022-03-30,40.934597
2022-03-31,40.271130
2022-04-01,41.039356
2022-04-04,41.755211
2022-04-05,41.021896
2022-04-06,40.567947
2022-04-07,40.271130
2022-04-08,40.349697
2022-04-11,39.843357
2022-04-12,39.686214
2022-04-13,40.113983
2022-04-14,39.677494
2022-04-18,39.511616
2022-04-19,39.310829
2022-04-20,39.057674
2022-04-21,38.350544
2022-04-22,38.044998
2022-04-25,37.652145
2022-04-26,36.892643
2022-04-27,37.407707
2022-04-28,37.896584
2022-04-29,37.922775
2022-05-02,37.844200
2022-05-03,38.132294
2022-05-04,38.507683
2022-05-05,37.110893
2022-05-06,36.604557
2022-05-09,35.618073
2022-05-10,35.766479
2022-05-11,35.513321
2022-05-12,35.338715
2022-05-13,36.211712
2022-05-16,36.133148
2022-05-17,36.962486
2022-05-18,36.159328
2022-05-19,36.683125
2022-05-20,36.822811
2022-05-23,37.084702
2022-05-24,36.421227
2022-05-25,36.622017
2022-05-26,37.171997
2022-05-27,37.573578
2022-05-31,38.097378
2022-06-01,37.844200
2022-06-02,38.525139
2022-06-03,37.922775
2022-06-06,38.132294
2022-06-07,38.324352
2022-06-08,38.464035
2022-06-09,37.634689
2022-06-10,37.337872
2022-06-13,36.124416
2022-06-14,36.648205
2022-06-15,37.189457
2022-06-16,36.028389
2022-06-17,36.185524
2022-06-21,36.762466
2022-06-22,36.155621
2022-06-23,36.331509
2022-06-24,37.105461
2022-06-27,37.131844
2022-06-28,36.885586
2022-06-29,36.788849
2022-06-30,36.630543
2022-07-01,36.410667
2022-07-05,36.120445
2022-07-06,35.874187
2022-07-07,36.621746
2022-07-08,36.533794
2022-07-11,35.627930
2022-07-12,35.496010
2022-07-13,35.390461
2022-07-14,35.153004
2022-07-15,35.276134
2022-07-18,35.443237
2022-07-19,35.944534
2022-07-20,35.795033
2022-07-21,36.234764
2022-07-22,35.865379
2022-07-25,36.032490
2022-07-26,35.689487
2022-07-27,36.393085
2022-07-28,36.507408
2022-07-29,36.340305
2022-08-01,36.120445
2022-08-02,35.909370
2022-08-03,36.102840
2022-08-04,36.401878
2022-08-05,36.393085
2022-08-08,36.472233
2022-08-09,36.393085
2022-08-10,36.850407
2022-08-11,37.026310
2022-08-12,37.413280
2022-08-15,37.272572
2022-08-16,37.290150
2022-08-17,37.202202
2022-08-18,36.964741
2022-08-19,36.551395
2022-08-22,36.296341
2022-08-23,36.525002
2022-08-24,36.551395
2022-08-25,37.228596
2022-08-26,36.736080
2022-08-29,36.560177
2022-08-30,36.120445
2022-08-31,36.173210
2022-09-01,36.006111
2022-09-02,35.715874
2022-09-06,35.408051
2022-09-07,35.707085
2022-09-08,35.601543
2022-09-09,36.076454
2022-09-12,36.630543
2022-09-13,35.469620
2022-09-14,35.645515
2022-09-15,35.337696
2022-09-16,34.889153
2022-09-19,35.030888
2022-09-20,34.906097
2022-09-21,34.326698
2022-09-22,34.228645
2022-09-23,33.444248
2022-09-26,32.980740
2022-09-27,32.962902
2022-09-28,33.221401
2022-09-29,32.570705
2022-09-30,32.526134
2022-10-03,33.025303
2022-10-04,33.952332
2022-10-05,34.014717
2022-10-06,33.774059
2022-10-07,33.105530
2022-10-10,32.650936
2022-10-11,32.142841
2022-10-12,32.133934
2022-10-13,32.258717
2022-10-14,31.786306
2022-10-17,32.597439
2022-10-18,32.606361
2022-10-19,32.035885
2022-10-20,32.285465
2022-10-21,32.757893
2022-10-24,31.483227
2022-10-25,31.741722
2022-10-26,32.169586
2022-10-27,31.937838
2022-10-28,31.714991
2022-10-31,31.599106
2022-11-01,32.125015
2022-11-02,31.884352
2022-11-03,32.142841
2022-11-04,33.453163
2022-11-07,33.390766
2022-11-08,33.533382
2022-11-09,32.918335
2022-11-10,34.023640
2022-11-11,34.709995
2022-11-14,34.594116
2022-11-15,35.360687
2022-11-16,34.799133
2022-11-17,34.986317
2022-11-18,34.736736
2022-11-21,34.415844
2022-11-22,34.504978
2022-11-23,34.692173
2022-11-25,34.567375
2022-11-28,34.487148
2022-11-29,35.164597
2022-11-30,36.118359
2022-12-01,36.029217
2022-12-02,36.252060
2022-12-05,35.886600
2022-12-06,35.913345
2022-12-07,35.699413
2022-12-08,36.109444
2022-12-09,35.806381
2022-12-12,35.708324
2022-12-13,35.895519
2022-12-14,35.957916
2022-12-15,35.262638
2022-12-16,35.218071
2022-12-19,35.286022
2022-12-20,35.168251
2022-12-21,35.494389
2022-12-22,35.177307
2022-12-23,35.104839
2022-12-27,35.657452
2022-12-28,35.141075
2022-12-29,35.748047
2022-12-30,35.313194
2023-01-03,35.693691
2023-01-04,36.617733
2023-01-05,36.509029
2023-01-06,37.134125
2023-01-09,37.333416
2023-01-10,37.596149
2023-01-11,37.750153
2023-01-12,37.922276
2023-01-13,38.175945
2023-01-17,37.976631
2023-01-18,37.750153
2023-01-19,38.049103
2023-01-20,38.493019
2023-01-23,38.773853
2023-01-24,38.810093
2023-01-25,38.819149
2023-01-26,39.118111
2023-01-27,38.855389
2023-01-30,38.157829
2023-01-31,38.257469
2023-02-01,38.647022
2023-02-02,38.375244
2023-02-03,37.768272
2023-02-06,37.378719
2023-02-07,37.451195
2023-02-08,37.378719
2023-02-09,37.523663
2023-02-10,37.206589
2023-02-13,37.541790
2023-02-14,37.433067
2023-02-15,37.251892
2023-02-16,37.179417
2023-02-17,36.880463
2023-02-21,36.472786
2023-02-22,36.318771
2023-02-23,36.445610
2023-02-24,35.748047
2023-02-27,35.929222
2023-02-28,35.711807
2023-03-01,36.427490
2023-03-02,36.590557
2023-03-03,36.862335
2023-03-06,36.735516
2023-03-07,36.191952
2023-03-08,36.382198
2023-03-09,35.639336
2023-03-10,35.440025
2023-03-13,35.403786
2023-03-14,35.421906
2023-03-15,34.833054
2023-03-16,35.276962
2023-03-17,35.095772
2023-03-20,35.157417
2023-03-21,35.529118
2023-03-22,35.637913
2023-03-23,36.073074
2023-03-24,36.000546
2023-03-27,35.828293
2023-03-28,36.254395
2023-03-29,36.381325
2023-03-30,36.734882
2023-03-31,36.626091
2023-04-03,36.780209
2023-04-04,36.816467
2023-04-05,36.490108
2023-04-06,36.707684
2023-04-10,36.626091
2023-04-11,36.898067
2023-04-12,36.617023
2023-04-13,37.061253
2023-04-14,36.861801
2023-04-17,37.061253
2023-04-18,36.988720
2023-04-19,36.607960
2023-04-20,36.562626
2023-04-21,36.218132
2023-04-24,36.172798
2023-04-25,35.556328
2023-04-26,35.801102
2023-04-27,36.263458
2023-04-28,36.481033
2023-05-01,36.363182
2023-05-02,35.982410
2023-05-03,35.973351
2023-05-04,36.281597
2023-05-05,36.671421
2023-05-08,36.680489
2023-05-09,36.453842
2023-05-10,36.462902
2023-05-11,36.317860
2023-05-12,35.909882
2023-05-15,36.535427
2023-05-16,36.281597
2023-05-17,36.408512
2023-05-18,36.181866
2023-05-19,36.163731
2023-05-22,36.399448
2023-05-23,35.855492
2023-05-24,35.601650
2023-05-25,35.538189
2023-05-26,36.127468
2023-05-30,35.656044
2023-05-31,35.402206
2023-06-01,36.009613
2023-06-02,36.580761
2023-06-05,36.544498
2023-06-06,36.825535
2023-06-07,36.743942
2023-06-08,36.943398
2023-06-09,37.043125
2023-06-12,37.133781
2023-06-13,37.442013
2023-06-14,37.795582
2023-06-15,38.158218
2023-06-16,38.022232
2023-06-20,37.344978
2023-06-21,37.281174
2023-06-22,37.117096
2023-06-23,36.597530
2023-06-26,36.716030
2023-06-27,37.062405
2023-06-28,36.916565
2023-06-29,36.761600
2023-06-30,37.080639
2023-07-03,37.445248
2023-07-05,37.262939
2023-07-06,36.551952
2023-07-07,36.989487
2023-07-10,36.998596
2023-07-11,37.326748
2023-07-12,38.037731
2023-07-13,38.457031
2023-07-14,38.220039
2023-07-17,38.265610
2023-07-18,37.992157
2023-07-19,37.937458
2023-07-20,37.700462
2023-07-21,37.682240
2023-07-24,38.183575
2023-07-25,38.475262
2023-07-26,38.712261
2023-07-27,38.283836
2023-07-28,39.213593
2023-07-31,39.259171
2023-08-01,38.712261
2023-08-02,37.873661
2023-08-03,38.037731
2023-08-04,38.083313
2023-08-07,38.019501
2023-08-08,37.627552
2023-08-09,37.691353
2023-08-10,37.764282
2023-08-11,37.217365
2023-08-14,37.044174
2023-08-15,36.652222
2023-08-16,36.406101
2023-08-17,36.524609
2023-08-18,36.296722
2023-08-21,36.378769
2023-08-22,36.314957
2023-08-23,36.852753
2023-08-24,36.697792
2023-08-25,36.670456
2023-08-28,37.035057
2023-08-29,37.527279
2023-08-30,37.390549
2023-08-31,36.943905
2023-09-01,37.344978
2023-09-05,37.126213
2023-09-06,36.953026
2023-09-07,36.570179
2023-09-08,36.643097
2023-09-11,37.062405
2023-09-12,36.962143
2023-09-13,36.925674
2023-09-14,37.144444
2023-09-15,36.953026
2023-09-18,36.896049
2023-09-19,36.712261
2023-09-20,36.601982
2023-09-21,36.013847
2023-09-22,36.436577
2023-09-25,36.298725
2023-09-26,35.876007
2023-09-27,35.921959
2023-09-28,35.995468
2023-09-29,36.032227
2023-10-02,35.903584
2023-10-03,35.444099
2023-10-04,35.297066
2023-10-05,35.444099
2023-10-06,35.931145
2023-10-09,35.710598
2023-10-10,36.280346
2023-10-11,36.390621
2023-10-12,36.004662
2023-10-13,35.866814
2023-10-16,36.124126
2023-10-17,35.967899
2023-10-18,35.379776
2023-10-19,35.251118
2023-10-20,34.828400
2023-10-23,34.754879
2023-10-24,35.186790
2023-10-25,34.810020
2023-10-26,34.681370
2023-10-27,34.718124
2023-10-30,35.030571
2023-10-31,34.865158
2023-11-01,35.113277
2023-11-02,35.655460
2023-11-03,36.307919
2023-11-06,36.418198
2023-11-07,36.427383
2023-11-08,36.261963
2023-11-09,35.940334
2023-11-10,36.188454
2023-11-13,36.252777
2023-11-14,37.098213
2023-11-15,37.355526
2023-11-16,36.969570
2023-11-17,37.116600
2023-11-20,37.511753
2023-11-21,37.291203
2023-11-22,37.190113
2023-11-24,37.309578
2023-11-27,37.134972
2023-11-28,37.438229
2023-11-29,37.226868
2023-11-30,37.337143
2023-12-01,37.493366
2023-12-04,37.162544
2023-12-05,37.033890
2023-12-06,36.987946
2023-12-07,37.134972
2023-12-08,36.951187
2023-12-11,37.116600
2023-12-12,37.116600
2023-12-13,37.465797
2023-12-14,37.962032
2023-12-15,37.741486
2023-12-18,37.736790
2023-12-19,37.999638
2023-12-20,37.201721
2023-12-21,37.924538
2023-12-22,37.793114
2023-12-26,38.037182
2023-12-27,38.243702
2023-12-28,38.478386
2023-12-29,38.581646
2024-01-02,38.131050
2024-01-03,38.018410
2024-01-04,37.952702
2024-01-05,38.009026
2024-01-08,38.074738
2024-01-09,37.633533
2024-01-10,37.595982
2024-01-11,37.755569
2024-01-12,37.933922
2024-01-16,37.145393
2024-01-17,36.647869
2024-01-18,36.863777
2024-01-19,37.201721
2024-01-22,36.910713
2024-01-23,37.117237
2024-01-24,37.595982
2024-01-25,37.689857
2024-01-26,37.699245
2024-01-29,37.708630
2024-01-30,37.351921
2024-01-31,37.211109
2024-02-01,37.464561
2024-02-02,37.201721
2024-02-05,37.295597
2024-02-06,38.215542
2024-02-07,38.187378
2024-02-08,37.990250
2024-02-09,38.140446
2024-02-12,38.309414
2024-02-13,37.605370
2024-02-14,38.149826
2024-02-15,38.384510
2024-02-16,38.572262
2024-02-20,38.647358
2024-02-21,38.684906
2024-02-22,39.022850
2024-02-23,39.032238
2024-02-26,38.900814
2024-02-27,39.022850
2024-02-28,38.422058
2024-02-29,38.506546
2024-03-01,39.022850
2024-03-04,38.863262
2024-03-05,38.600422
2024-03-06,39.079170
2024-03-07,39.266914
2024-03-08,39.201206
2024-03-11,39.304466
2024-03-12,39.642410
2024-03-13,39.417118
2024-03-14,39.201206
2024-03-15,39.087509
2024-03-18,39.172073
2024-03-19,39.012344
2024-03-20,39.322411
2024-03-21,39.350601
2024-03-22,39.096909
2024-03-25,39.096909
2024-03-26,39.012344
2024-03-27,39.115704
2024-03-28,39.247250
2024-04-01,39.406975
2024-04-02,39.538517
2024-04-03,39.594902
2024-04-04,39.453964
2024-04-05,39.576099
2024-04-08,39.820408
2024-04-09,40.168056
2024-04-10,39.726444
2024-04-11,39.857983
2024-04-12,39.087509
2024-04-15,38.843220
2024-04-16,38.364021
2024-04-17,38.429794
2024-04-18,38.533154
2024-04-19,38.420387
2024-04-22,38.749264
2024-04-23,39.068718
2024-04-24,39.190868
2024-04-25,39.313019
2024-04-26,39.764027
2024-04-29,40.158669
2024-04-30,39.623085
2024-05-01,39.670063
2024-05-02,40.637859
2024-05-03,40.994904
2024-05-06,40.919739
2024-05-07,40.628468
2024-05-08,40.590885
2024-05-09,40.750614
2024-05-10,40.835167
2024-05-13,41.154640
2024-05-14,41.361351
2024-05-15,41.718407
2024-05-16,41.878139
2024-05-17,42.178810
2024-05-20,42.084850
2024-05-21,41.840553
2024-05-22,41.718407
2024-05-23,41.398937
2024-05-24,41.530479
2024-05-28,41.417732
2024-05-29,40.900948
2024-05-30,40.825779
2024-05-31,40.478130
2024-06-03,40.882153
2024-06-04,40.243225
2024-06-05,40.760010
2024-06-06,40.947929
2024-06-07,40.609673
2024-06-10,40.825779
2024-06-11,40.731819
2024-06-12,41.051281
2024-06-13,41.004303
2024-06-14,41.117058
2024-06-17,41.342567
2024-06-18,41.671429
2024-06-20,41.596260
2024-06-21,41.454777
2024-06-24,41.426472
2024-06-25,41.303860
2024-06-26,41.190666
2024-06-27,41.171803
2024-06-28,41.275562
2024-07-01,41.369884
2024-07-02,41.520802
2024-07-03,42.133892
2024-07-05,42.124458
2024-07-08,42.124458
2024-07-09,42.303669
2024-07-10,42.473454
2024-07-11,42.803585
2024-07-12,43.001667
2024-07-15,42.558342
2024-07-16,42.831879
2024-07-17,42.209354
2024-07-18,41.841492
2024-07-19,41.435909
2024-07-22,41.756607
2024-07-23,41.322720
2024-07-24,40.888836
2024-07-25,40.785084
2024-07-26,41.237835
2024-07-29,41.096348
2024-07-30,40.983158
2024-07-31,41.775467
2024-08-01,41.086914
2024-08-02,40.643597
2024-08-05,39.521160
2024-08-06,39.794693
2024-08-07,40.105957
2024-08-08,40.973721
2024-08-09,41.077480
2024-08-12,41.256699
2024-08-13,41.567955
2024-08-14,41.303860
2024-08-15,41.756607
2024-08-16,42.190491
2024-08-19,42.624371
2024-08-20,42.209354
2024-08-21,42.407429
2024-08-22,41.907516
2024-08-23,42.511185
2024-08-26,42.237644
2024-08-27,42.284809
2024-08-28,42.011276
2024-08-29,42.067867
2024-08-30,42.181053
2024-09-03,41.539665
2024-09-04,41.520802
2024-09-05,41.633987
2024-09-06,41.030323
2024-09-09,41.313290
2024-09-10,41.218967
2024-09-11,41.473637
2024-09-12,41.747166
2024-09-13,41.935814
2024-09-16,42.096165
2024-09-17,42.143322
2024-09-18,41.992413
2024-09-19,42.869610
2024-09-20,42.845016
2024-09-23,43.195038
2024-09-24,44.699200
2024-09-25,44.245121
2024-09-26,45.654675
2024-09-27,45.645214
2024-09-30,45.266815
2024-10-01,45.607376
2024-10-02,46.553391
2024-10-03,45.853340
2024-10-04,46.411491
2024-10-07,46.818279
2024-10-08,45.446552
2024-10-09,45.134365
2024-10-10,45.228973
2024-10-11,45.550613
2024-10-14,45.333031
2024-10-15,44.424858
2024-10-16,44.841103
2024-10-17,44.699200
2024-10-18,45.247894
2024-10-21,44.926250
2024-10-22,44.869488
2024-10-23,44.585682
2024-10-24,44.538380
2024-10-25,44.500538
2024-10-28,44.642441
2024-10-29,44.472157
2024-10-30,44.150509
2024-10-31,44.055912
2024-11-01,44.065372
2024-11-04,44.207275
2024-11-05,44.850571
2024-11-06,44.424858
2024-11-07,45.389790
2024-11-08,44.264034
2024-11-11,44.008610
2024-11-12,43.261261
2024-11-13,43.034222
2024-11-14,42.769329
2024-11-15,42.684189
2024-11-18,43.043674
2024-11-19,43.109901
2024-11-20,43.100441
2024-11-21,42.949078
2024-11-22,42.958534
2024-11-25,42.977455
2024-11-26,42.750412
2024-11-27,42.911236
2024-11-29,43.109901
2024-12-02,43.327488
2024-12-03,43.507221
2024-12-04,43.573441
2024-12-05,43.857254
2024-12-06,43.876167
2024-12-09,44.945168
2024-12-10,44.112671
2024-12-11,44.188354
2024-12-12,43.923466
2024-12-13,43.942390
2024-12-16,43.715343
2024-12-17,43.611282
2024-12-18,42.599049
2024-12-19,42.778793
2024-12-20,43.017132
2024-12-23,43.201210
2024-12-24,43.375607
2024-12-26,43.269032
2024-12-27,43.114017
2024-12-30,42.736160
2024-12-31,42.668346
2025-01-02,42.552082
2025-01-03,42.765224
2025-01-06,42.755539
2025-01-07,42.484261
2025-01-08,42.212986
2025-01-10,41.476654
2025-01-13,41.176308
2025-01-14,41.670418
2025-01-15,42.106407
2025-01-16,42.087029
2025-01-17,42.435822
2025-01-21,42.833050
2025-01-22,42.794289
2025-01-23,42.959000
2025-01-24,43.191528
2025-01-27,42.493946
2025-01-28,42.736160
2025-01-29,42.765224
2025-01-30,43.424049
2025-01-31,43.017132
2025-02-03,42.765224
2025-02-04,43.453110
2025-02-05,43.259346
2025-02-06,43.462807
2025-02-07,43.482182
2025-02-10,43.918167
2025-02-11,43.734074
2025-02-12,43.947235
2025-02-13,44.179752
2025-02-14,44.451038
2025-02-18,44.664181
2025-02-19,44.538231
2025-02-20,45.012970
2025-02-21,44.954842
2025-02-24,44.266953
2025-02-25,44.247570
2025-02-26,44.673870
2025-02-27,43.889099
2025-02-28,43.336853
2025-03-03,42.920242
2025-03-04,43.288406
2025-03-05,44.576984
2025-03-06,44.344463
2025-03-07,44.528542
2025-03-10,43.530621
2025-03-11,43.840656
2025-03-12,43.995670
2025-03-13,43.860031
2025-03-14,44.644806
2025-03-17,45.255184
2025-03-18,45.138924
2025-03-19,45.206738
2025-03-20,44.799824
2025-03-21,44.593246
2025-03-24,44.729023
2025-03-25,44.680534
2025-03-26,44.408974
2025-03-27,44.699932
2025-03-28,43.943455
2025-03-31,43.894958
2025-04-01,44.040440
2025-04-02,44.079231
2025-04-03,43.283962
2025-04-04,40.859364
2025-04-07,39.210629
2025-04-08,38.686920
2025-04-09,41.208508
2025-04-10,40.675091
2025-04-11,41.800106
2025-04-14,42.188046
2025-04-15,42.197742
2025-04-16,41.664330
2025-04-17,41.994072
2025-04-21,42.042561
2025-04-22,42.702057
2025-04-23,43.119091
2025-04-24,43.662197
2025-04-25,43.516724
2025-04-28,43.633110
2025-04-29,43.788280
2025-04-30,43.885258
2025-05-01,43.865864
2025-05-02,45.039371
2025-05-05,45.398212
2025-05-06,45.175156
2025-05-07,44.612640
2025-05-08,44.535057
2025-05-09,44.855099
2025-05-12,45.863735
2025-05-13,45.941322
2025-05-14,46.319557
2025-05-15,46.241978
2025-05-16,46.290462
2025-05-19,46.484436
2025-05-20,46.387459
2025-05-21,46.271069
2025-05-22,46.164383
2025-05-23,46.358356
2025-05-27,46.193481
2025-05-28,45.912235
2025-05-29,46.115894
2025-05-30,45.582481
2025-06-02,45.902534
2025-06-03,46.009212
2025-06-04,46.465038
2025-06-05,46.581417
2025-06-06,46.785084
2025-06-09,47.124527
2025-06-10,47.473667
2025-06-11,47.628845
2025-06-12,47.638538
2025-06-13,46.920868
2025-06-16,47.357292
2025-06-17,46.823875
2025-06-18,46.697800
2025-06-20,46.259136
2025-06-23,46.638474
2025-06-24,47.650021
2025-06-25,47.766743
2025-06-26,48.087708
2025-06-27,48.039082
2025-06-30,48.107162
2025-07-01,48.301697
2025-07-02,48.437870
2025-07-03,48.651848
2025-07-07,48.077988
2025-07-08,48.262791
2025-07-09,48.253063
2025-07-10,48.301697
2025-07-11,48.233616
2025-07-14,48.291973
2025-07-15,48.642117
2025-07-16,48.865829
2025-07-17,49.167351
2025-07-18,49.108994
2025-07-21,49.361885
2025-07-22,49.371609
2025-07-23,49.828751
2025-07-24,49.585594
2025-07-25,49.449421
2025-07-28,49.060360
2025-07-29,49.089542
2025-07-30,48.690758
2025-07-31,48.437870
2025-08-01,48.184978
2025-08-04,48.632393
2025-08-05,48.788021
2025-08-06,49.002007
2025-08-07,49.361885
2025-08-08,49.303524
2025-08-11,49.245171
2025-08-12,49.809296
2025-08-13,50.373436
2025-08-14,49.809296
2025-08-15,49.955200
2025-08-18,50.334534
2025-08-19,49.974651
2025-08-20,49.955200
2025-08-21,49.867661
2025-08-22,50.743042
2025-08-25,50.529064
2025-08-26,50.422070
2025-08-27,50.081646
2025-08-28,50.266449
2025-08-29,50.120548
2025-09-02,50.052460
2025-09-03,50.188633
2025-09-04,49.974651
2025-09-05,50.548519
2025-09-08,51.044567
2025-09-09,51.239090
2025-09-10,51.472527
2025-09-11,52.114479
2025-09-12,52.017208
2025-09-15,52.367367
2025-09-16,52.698067
2025-09-17,53.028767
2025-09-18,52.785603
2025-09-19,52.717163
2025-09-22,52.863815
2025-09-23,52.854042
2025-09-24,52.756271
2025-09-25,52.453190
2025-09-26,52.355419
2025-09-29,52.736713
2025-09-30,52.971363
2025-10-01,53.303780
2025-10-02,53.450432
2025-10-03,53.567757
2025-10-06,53.753513
2025-10-07,53.460213
2025-10-08,53.763294
2025-10-09,53.293999
2025-10-10,51.367950
2025-10-13,52.795380
2025-10-14,52.326088
2025-10-15,53.118019
2025-10-16,53.293999
2025-10-17,53.166904
2025-10-20,53.802399
2025-10-21,53.323334
2025-10-22,53.293999
2025-10-23,53.694855
2025-10-24,53.949059
2025-10-27,54.398792
2025-10-28,54.369465
2025-10-29,54.525894
2025-10-30,53.958832
2025-10-31,53.743744
2025-11-03,53.861065
2025-11-04,53.108242
2025-11-05,53.577530
2025-11-06,53.372219
2025-11-07,53.323334
2025-11-10,54.037048
2025-11-11,54.095715
2025-11-12,54.085934
2025-11-13,53.606865
2025-11-14,53.626415
2025-11-17,53.010479
2025-11-18,52.834484
2025-11-19,52.717163
2025-11-20,52.091438
2025-11-21,51.886127
2025-11-24,52.414082
2025-11-25,52.648724
2025-11-26,52.902927
2025-11-28,53.088688
2025-12-01,53.039803
2025-12-02,52.922478
2025-12-03,52.854042
2025-12-04,52.971363
2025-12-05,53.186462
2025-12-08,52.990921
2025-12-09,52.902927
2025-12-10,53.342888
2025-12-11,53.225563
2025-12-12,52.736713
2025-12-15,52.580284
2025-12-16,52.286980
2025-12-17,51.944786
2025-12-18,52.384750
2025-12-19,52.946011
2025-12-22,53.284966
2025-12-23,53.534191
2025-12-24,53.514252
2025-12-26,53.853203
2025-12-29,53.444469
2025-12-30,53.643852
2025-12-31,53.594002
2026-01-02,54.760391
2026-01-05,55.119282
2026-01-06,55.418354
2026-01-07,55.079407
2026-01-08,55.139221
2026-01-09,55.258850
2026-01-12,56.116196
2026-01-13,55.787212
2026-01-14,55.906845
2026-01-15,56.166039
2026-01-16,55.827091
2026-01-20,55.368511
2026-01-21,55.936749
2026-01-22,56.375389
2026-01-23,56.594715
2026-01-26,56.754219
2026-01-27,57.462025
2026-01-28,57.681347
2026-01-29,57.462025
2026-01-30,56.295639
2026-02-02,56.604679
2026-02-03,56.574776
2026-02-04,56.235821
2026-02-05,55.866966
2026-02-06,57.083195
2026-02-09,57.571686
2026-02-10,57.830879
2026-02-11,58.329338
2026-02-12,57.581654
2026-02-13,57.571686
2026-02-17,57.611565
2026-02-18,57.771069
2026-02-19,57.412178
2026-02-20,58.349277
2026-02-23,57.880730
2026-02-24,58.498814
2026-02-25,58.827793
2026-02-26,58.090080
2026-02-27,57.920601
2026-03-02,57.063263
2026-03-03,55.059467
2026-03-04,55.408386
2026-03-05,54.680637
2026-03-06,54.301815
2026-03-09,54.959778
2026-03-10,55.338600
2026-03-11,55.388447
2026-03-12,54.142311
2026-03-13,53.853203
2026-03-16,54.850113
2026-03-17,55.089375
2026-03-18,54.042618
2026-03-19,53.843231
2026-03-20,52.397713
2026-03-23,53.633881
2026-03-24,53.145393
2026-03-25,54.172215
2026-03-26,52.686813
2026-03-27,52.327930
2026-03-30,52.258141
2026-03-31,53.883106
2026-04-01,54.042618
2026-04-02,53.653820
2026-04-06,53.843231
2026-04-07,53.922985
2026-04-08,56.325542
2026-04-09,56.265728
2026-04-10,56.574776
2026-04-13,57.003445
2026-04-14,57.800976
2026-04-15,57.910637
2026-04-16,58.030262
2026-04-17,58.997269
2026-04-20,58.728104
2026-04-21,58.020294
2026-04-22,58.578564
2026-04-23,57.741158
2026-04-24,58.837765
2026-04-27,58.548660
2026-04-28,58.139923
2026-04-29,57.900669
2026-04-30,58.748043
2026-05-01,58.807858
2026-05-04,58.548660
2026-05-05,59.176716
2026-05-06,60.562420
2026-05-07,60.024090
2026-05-08,60.353073
2026-05-11,60.203533
2026-05-12,59.206623
2026-05-13,59.754921
2026-05-14,59.774860
2026-05-15,58.259552
2026-05-18,58.299431
2026-05-19,57.691315
2026-05-20,58.488842
2026-05-21,58.518753
2026-05-22,58.797886
2026-05-26,60.044029
2026-05-27,60.103844
2026-05-28,59.715046
2026-05-29,59.695110
2026-06-01,60.233440
2026-06-02,61.001064
2026-06-03,60.143723
2026-06-04,60.123783
2026-06-05,57.850819
2026-06-08,58.149895
2026-06-09,58.269524
2026-06-10,57.541779
2026-06-11,58.917515
2026-06-12,59.366127
2026-06-15,60.652142
2026-06-16,59.974247
2026-06-17,59.625324
2026-06-18,60.654362
2026-06-22,61.123470
2026-06-23,59.247047
2026-06-24,58.857788
2026-06-25,58.688110
2026-06-26,58.468533
2026-06-29,59.067387
2026-06-30,59.576416
2026-07-01,59.107311
2026-07-02,58.927654
2026-07-06,59.955692
2026-07-07,58.767960
2026-07-08,59.057404
2026-07-09,59.376801
2026-07-10,59.776035
2026-07-13,58.678131
2026-07-14,58.967579
2026-07-15,59.366817
2026-07-16,58.728035
2026-07-17,57.729939
2026-07-20,57.819767
2026-07-21,58.747997
2026-07-22,58.698093
2026-07-23,57.989441
2026-07-24,57.690014
2026-07-27,58.119194
2026-07-28,57.630131
2026-07-29,56.811687
2026-07-30,58.079269
2026-07-31,58.638206
2026-08-03,58.947617
2026-08-04,59.935730
2026-08-05,59.895805
2026-08-06,59.845901
2026-08-07,60.354935
2026-08-10,60.215202
2026-08-11,60.005596
2026-08-12,60.295048
2026-08-13,60.225182
2026-08-14,59.995617
2026-08-17,60.275085
2026-08-18,59.526512
2026-08-19,59.925751
2026-08-20,59.905788
2026-08-21,60.334972
2026-08-24,59.855885
2026-08-25,60.524609
2026-08-26,60.544571
2026-08-27,60.893902
2026-08-28,60.674324
2026-08-31,60.404839
2026-09-01,60.564533
2026-09-02,60.654362
2026-09-03,60.873943
2026-09-04,61.323086
2026-09-08,61.113487
2026-09-09,60.754169
2026-09-10,59.825939
2026-09-11,60.235161
2026-09-14,59.496571
2026-09-15,59.107311
2026-09-16,59.067387
2026-09-17,59.795998
2026-09-18,60.009998
2026-09-21,61.139999
2026-09-22,61.099998
2026-09-23,60.119999
2026-09-24,59.869999
2026-09-25,60.160000
2026-09-28,59.689999
2026-09-29,59.619999
2026-09-30,59.310001
2026-10-01,59.029999
2026-10-02,59.560001
