date,adj_close
1998-12-22,5.661899
1998-12-23,5.779776
1998-12-24,5.749359
1998-12-28,5.718936
1998-12-29,5.775975
1998-12-30,5.688519
1998-12-31,5.680912
1999-01-04,5.677110
1999-01-05,5.646692
1999-01-06,5.833014
1999-01-07,5.806392
1999-01-08,5.833014
1999-01-11,5.722741
1999-01-12,5.635280
1999-01-13,5.551627
1999-01-14,5.445157
1999-01-15,5.528815
1999-01-19,5.528815
1999-01-20,5.483183
1999-01-21,5.528815
1999-01-22,5.498393
1999-01-25,5.490788
1999-01-26,5.437553
1999-01-27,5.338688
1999-01-28,5.308268
1999-01-29,5.308268
1999-02-01,5.255032
1999-02-02,5.262639
1999-02-03,5.384319
1999-02-04,5.414740
1999-02-05,5.566835
1999-02-08,5.642889
1999-02-09,5.536418
1999-02-10,5.551627
1999-02-11,5.505997
1999-02-12,5.391924
1999-02-16,5.353898
1999-02-17,5.300662
1999-02-18,5.315875
1999-02-19,5.285454
1999-02-22,5.338688
1999-02-23,5.293060
1999-02-24,5.270245
1999-02-25,5.296861
1999-02-26,5.262639
1999-03-01,5.209403
1999-03-02,5.156168
1999-03-03,5.270245
1999-03-04,5.460370
1999-03-05,5.563035
1999-03-08,5.642889
1999-03-09,5.582047
1999-03-10,5.901454
1999-03-11,5.985110
1999-03-12,5.962295
1999-03-15,5.916668
1999-03-16,5.886248
1999-03-17,6.038349
1999-03-18,6.114394
1999-03-19,6.052420
1999-03-22,6.090584
1999-03-23,5.983730
1999-03-24,5.953198
1999-03-25,5.968464
1999-03-26,6.044788
1999-03-29,6.212697
1999-03-30,6.098214
1999-03-31,6.006626
1999-04-01,5.998992
1999-04-05,6.144007
1999-04-06,6.082950
1999-04-07,6.021891
1999-04-08,6.082950
1999-04-09,6.197434
1999-04-12,6.243228
1999-04-13,6.235598
1999-04-14,6.159273
1999-04-15,6.426407
1999-04-16,6.628665
1999-04-19,6.708800
1999-04-20,6.601951
1999-04-21,6.502730
1999-04-22,6.617212
1999-04-23,6.533260
1999-04-26,6.388245
1999-04-27,6.590497
1999-04-28,6.808022
1999-04-29,7.014091
1999-04-30,6.895791
1999-05-03,7.067519
1999-05-04,7.075149
1999-05-05,6.972115
1999-05-06,6.953037
1999-05-07,6.995012
1999-05-10,6.914874
1999-05-11,6.937770
1999-05-12,6.808022
1999-05-13,6.842365
1999-05-14,6.792754
1999-05-17,6.766039
1999-05-18,6.609577
1999-05-19,6.701167
1999-05-20,6.777489
1999-05-21,6.884342
1999-05-24,6.720248
1999-05-25,6.693537
1999-05-26,6.884342
1999-05-27,6.678270
1999-05-28,6.746962
1999-06-01,6.708800
1999-06-02,6.785120
1999-06-03,6.808022
1999-06-04,6.914874
1999-06-07,6.995012
1999-06-08,6.884342
1999-06-09,6.899607
1999-06-10,6.937770
1999-06-11,6.991193
1999-06-14,7.052253
1999-06-15,7.140022
1999-06-16,7.067519
1999-06-17,7.075149
1999-06-18,7.087975
1999-06-21,6.923048
1999-06-22,6.850175
1999-06-23,6.903873
1999-06-24,6.788807
1999-06-25,6.735110
1999-06-28,6.692923
1999-06-29,6.784973
1999-06-30,6.884697
1999-07-01,6.938391
1999-07-02,6.961403
1999-07-06,7.091811
1999-07-07,7.072636
1999-07-08,7.118662
1999-07-09,7.114825
1999-07-12,7.187700
1999-07-13,7.118662
1999-07-14,7.130165
1999-07-15,7.195369
1999-07-16,7.149343
1999-07-19,7.122498
1999-07-20,6.934555
1999-07-21,7.011265
1999-07-22,6.907706
1999-07-23,6.942225
1999-07-26,6.811820
1999-07-27,6.811820
1999-07-28,6.911543
1999-07-29,6.869355
1999-07-30,7.015102
1999-08-02,6.861681
1999-08-03,6.949900
1999-08-04,7.045785
1999-08-05,7.168525
1999-08-06,7.157017
1999-08-09,7.329615
1999-08-10,7.287421
1999-08-11,7.333448
1999-08-12,7.348786
1999-08-13,7.325778
1999-08-16,7.252905
1999-08-17,7.306598
1999-08-18,7.252905
1999-08-19,7.302762
1999-08-20,7.325778
1999-08-23,7.364134
1999-08-24,7.318105
1999-08-25,7.283584
1999-08-26,7.095647
1999-08-27,7.091811
1999-08-30,6.995923
1999-08-31,7.091811
1999-09-01,7.072636
1999-09-02,6.995923
1999-09-03,7.080306
1999-09-07,7.210715
1999-09-08,7.233723
1999-09-09,7.394816
1999-09-10,7.371803
1999-09-13,7.256740
1999-09-14,7.176192
1999-09-15,7.072636
1999-09-16,7.068796
1999-09-17,7.135531
1999-09-20,7.027648
1999-09-21,6.796475
1999-09-22,6.804187
1999-09-23,6.727125
1999-09-24,6.657772
1999-09-27,6.719420
1999-09-28,6.611534
1999-09-29,6.700156
1999-09-30,6.765653
1999-10-01,6.742537
1999-10-04,6.665482
1999-10-05,6.519073
1999-10-06,6.634657
1999-10-07,6.511363
1999-10-08,6.438162
1999-10-11,6.534482
1999-10-12,6.569158
1999-10-13,6.611534
1999-10-14,6.588422
1999-10-15,6.492098
1999-10-18,6.503660
1999-10-19,6.522924
1999-10-20,6.657772
1999-10-21,6.688596
1999-10-22,6.800332
1999-10-25,6.688596
1999-10-26,6.534482
1999-10-27,6.588422
1999-10-28,6.619241
1999-10-29,6.665482
1999-11-01,6.661628
1999-11-02,6.599981
1999-11-03,6.565304
1999-11-04,6.461279
1999-11-05,6.303309
1999-11-08,6.542188
1999-11-09,6.680891
1999-11-10,6.827301
1999-11-11,6.827301
1999-11-12,6.873538
1999-11-15,6.912064
1999-11-16,7.027648
1999-11-17,7.150944
1999-11-18,7.150944
1999-11-19,6.989119
1999-11-22,6.877388
1999-11-23,6.734830
1999-11-24,6.819593
1999-11-26,6.719420
1999-11-29,6.665482
1999-11-30,6.653921
1999-12-01,6.784919
1999-12-02,6.719420
1999-12-03,6.688596
1999-12-06,6.684749
1999-12-07,6.557596
1999-12-08,6.626949
1999-12-09,6.680891
1999-12-10,6.488249
1999-12-13,6.526774
1999-12-14,6.511363
1999-12-15,6.642364
1999-12-16,6.707863
1999-12-17,6.677412
1999-12-20,6.530568
1999-12-21,6.549891
1999-12-22,6.515113
1999-12-23,6.700595
1999-12-27,6.654222
1999-12-28,6.661951
1999-12-29,6.731512
1999-12-30,6.677412
1999-12-31,6.700595
2000-01-03,6.569210
2000-01-04,6.445556
2000-01-05,6.615584
2000-01-06,6.870622
2000-01-07,6.944044
2000-01-10,6.886082
2000-01-11,6.893812
2000-01-12,6.862895
2000-01-13,6.982686
2000-01-14,6.940179
2000-01-18,7.025192
2000-01-19,7.002011
2000-01-20,7.002011
2000-01-21,7.195221
2000-01-24,6.940179
2000-01-25,6.924723
2000-01-26,6.816526
2000-01-27,6.677412
2000-01-28,6.600127
2000-01-31,6.754700
2000-02-01,6.739237
2000-02-02,6.781745
2000-02-03,6.700595
2000-02-04,6.507385
2000-02-07,6.580805
2000-02-08,6.522841
2000-02-09,6.306444
2000-02-10,6.437828
2000-02-11,6.360544
2000-02-14,6.461011
2000-02-15,6.731512
2000-02-16,6.762424
2000-02-17,6.754700
2000-02-18,6.557622
2000-02-22,6.499658
2000-02-23,6.329628
2000-02-24,6.260073
2000-02-25,6.136417
2000-02-28,6.321899
2000-02-29,6.468744
2000-03-01,6.631041
2000-03-02,6.754700
2000-03-03,6.646497
2000-03-06,6.607854
2000-03-07,7.063831
2000-03-08,6.947908
2000-03-09,6.955637
2000-03-10,6.862895
2000-03-13,6.762424
2000-03-14,6.847438
2000-03-15,6.816526
2000-03-16,7.110206
2000-03-17,6.893641
2000-03-20,6.785081
2000-03-21,7.002203
2000-03-22,6.947922
2000-03-23,6.940171
2000-03-24,6.955678
2000-03-27,6.978940
2000-03-28,6.947922
2000-03-29,7.312377
2000-03-30,7.312377
2000-03-31,7.273605
2000-04-03,7.397676
2000-04-04,7.304623
2000-04-05,7.087498
2000-04-06,7.273605
2000-04-07,7.161169
2000-04-10,7.056481
2000-04-11,7.180552
2000-04-12,7.242589
2000-04-13,7.227078
2000-04-14,7.071991
2000-04-17,6.901398
2000-04-18,6.936289
2000-04-19,7.087498
2000-04-20,7.099133
2000-04-24,7.176676
2000-04-25,7.188308
2000-04-26,7.281357
2000-04-27,7.382166
2000-04-28,7.165044
2000-05-01,7.281357
2000-05-02,7.386047
2000-05-03,7.196065
2000-05-04,7.382166
2000-05-05,7.459713
2000-05-08,7.552763
2000-05-09,7.556643
2000-05-10,7.579906
2000-05-11,7.816412
2000-05-12,7.843552
2000-05-15,8.006394
2000-05-16,7.851310
2000-05-17,7.890082
2000-05-18,7.878449
2000-05-19,7.893957
2000-05-22,7.828044
2000-05-23,7.797025
2000-05-24,7.804782
2000-05-25,7.661319
2000-05-26,7.665202
2000-05-30,7.773762
2000-05-31,8.006394
2000-06-01,7.932726
2000-06-02,7.661319
2000-06-05,7.552763
2000-06-06,7.847433
2000-06-07,7.746623
2000-06-08,7.785400
2000-06-09,7.734988
2000-06-12,7.909463
2000-06-13,7.909463
2000-06-14,7.897833
2000-06-15,7.785400
2000-06-16,7.916550
2000-06-19,7.850320
2000-06-20,7.807465
2000-06-21,7.947713
2000-06-22,7.737335
2000-06-23,7.834733
2000-06-26,7.772395
2000-06-27,7.717854
2000-06-28,7.651625
2000-06-29,7.667205
2000-06-30,7.565914
2000-07-03,7.612663
2000-07-05,7.297096
2000-07-06,7.371116
2000-07-07,7.406180
2000-07-10,7.441243
2000-07-11,7.706164
2000-07-12,7.604874
2000-07-13,7.487993
2000-07-14,7.480203
2000-07-17,7.382801
2000-07-18,7.449033
2000-07-19,7.429556
2000-07-20,7.355532
2000-07-21,7.215277
2000-07-24,7.141256
2000-07-25,7.075027
2000-07-26,7.133465
2000-07-27,7.378911
2000-07-28,7.324365
2000-07-31,7.277615
2000-08-01,7.413973
2000-08-02,7.554227
2000-08-03,7.449033
2000-08-04,7.480203
2000-08-07,7.577596
2000-08-08,7.593189
2000-08-09,7.729543
2000-08-10,7.799673
2000-08-11,7.791877
2000-08-14,7.900962
2000-08-15,7.869795
2000-08-16,7.978887
2000-08-17,8.165890
2000-08-18,8.072385
2000-08-21,8.103552
2000-08-22,8.080177
2000-08-23,8.290555
2000-08-24,8.111344
2000-08-25,8.134717
2000-08-28,8.165890
2000-08-29,8.173681
2000-08-30,8.103552
2000-08-31,8.072385
2000-09-01,8.154201
2000-09-05,8.154201
2000-09-06,8.333410
2000-09-07,8.294456
2000-09-08,8.197056
2000-09-11,8.458088
2000-09-12,8.446392
2000-09-13,8.306146
2000-09-14,8.282766
2000-09-15,8.498564
2000-09-18,8.514219
2000-09-19,8.287274
2000-09-20,8.122938
2000-09-21,8.060334
2000-09-22,8.009470
2000-09-25,7.888171
2000-09-26,8.075984
2000-09-27,8.228581
2000-09-28,8.197281
2000-09-29,8.205107
2000-10-02,8.373357
2000-10-03,8.369440
2000-10-04,8.122938
2000-10-05,8.111200
2000-10-06,8.075984
2000-10-09,8.201195
2000-10-10,8.385094
2000-10-11,8.463347
2000-10-12,8.592473
2000-10-13,8.263799
2000-10-16,8.185542
2000-10-17,8.189451
2000-10-18,8.079900
2000-10-19,8.119025
2000-10-20,8.279448
2000-10-23,8.146413
2000-10-24,8.009470
2000-10-25,7.813827
2000-10-26,7.849044
2000-10-27,7.794264
2000-10-30,7.927301
2000-10-31,7.982078
2000-11-01,8.240322
2000-11-02,7.950777
2000-11-03,7.919474
2000-11-06,7.950777
2000-11-07,8.013381
2000-11-08,8.091634
2000-11-09,8.005553
2000-11-10,8.029031
2000-11-13,7.966425
2000-11-14,8.013381
2000-11-15,8.169888
2000-11-16,8.201195
2000-11-17,8.134677
2000-11-20,8.095545
2000-11-21,8.279448
2000-11-22,8.146413
2000-11-24,8.263799
2000-11-27,8.197281
2000-11-28,8.189451
2000-11-29,7.829479
2000-11-30,7.563412
2000-12-01,7.731653
2000-12-04,7.864690
2000-12-05,7.700357
2000-12-06,7.637755
2000-12-07,7.762960
2000-12-08,7.759051
2000-12-11,7.782524
2000-12-12,7.872521
2000-12-13,7.888171
2000-12-14,7.645575
2000-12-15,7.735149
2000-12-18,7.974548
2000-12-19,8.111901
2000-12-20,7.872508
2000-12-21,7.931370
2000-12-22,8.037338
2000-12-26,8.374843
2000-12-27,8.366993
2000-12-28,8.504351
2000-12-29,8.335596
2001-01-02,8.355215
2001-01-03,8.100125
2001-01-04,7.848957
2001-01-05,8.017715
2001-01-08,7.990243
2001-01-09,7.829333
2001-01-10,7.880355
2001-01-11,7.966693
2001-01-12,7.915682
2001-01-16,7.911747
2001-01-17,7.872508
2001-01-18,7.723378
2001-01-19,7.688056
2001-01-22,7.770469
2001-01-23,7.892130
2001-01-24,7.884281
2001-01-25,8.119747
2001-01-26,7.982392
2001-01-29,7.916778
2001-01-30,7.984591
2001-01-31,8.069987
2001-02-01,7.967011
2001-02-02,8.100125
2001-02-05,8.263385
2001-02-06,8.316131
2001-02-07,8.338737
2001-02-08,8.383945
2001-02-09,8.519573
2001-02-12,8.406552
2001-02-13,8.388968
2001-02-14,8.328685
2001-02-15,8.220688
2001-02-16,8.293522
2001-02-20,8.245804
2001-02-21,8.190544
2001-02-22,8.150360
2001-02-23,8.047386
2001-02-26,8.135287
2001-02-27,8.085052
2001-02-28,7.972027
2001-03-01,8.062449
2001-03-02,8.245804
2001-03-05,8.291015
2001-03-06,8.333714
2001-03-07,8.512040
2001-03-08,8.597437
2001-03-09,8.557249
2001-03-12,8.273432
2001-03-13,8.175476
2001-03-14,8.052405
2001-03-15,8.057431
2001-03-16,7.923148
2001-03-19,8.023921
2001-03-20,8.094465
2001-03-21,7.862685
2001-03-22,7.630915
2001-03-23,7.691377
2001-03-26,7.792149
2001-03-27,7.834975
2001-03-28,7.721608
2001-03-29,7.557857
2001-03-30,7.734205
2001-04-02,7.590603
2001-04-03,7.381506
2001-04-04,7.512507
2001-04-05,7.709009
2001-04-06,7.719087
2001-04-09,7.900477
2001-04-10,8.036515
2001-04-11,7.892920
2001-04-12,7.976053
2001-04-16,8.132248
2001-04-17,8.175079
2001-04-18,8.132248
2001-04-19,7.991176
2001-04-20,8.076827
2001-04-23,8.290964
2001-04-24,8.306082
2001-04-25,8.424488
2001-04-26,8.590755
2001-04-27,8.532817
2001-04-30,8.532817
2001-05-01,8.477391
2001-05-02,8.147371
2001-05-03,8.107061
2001-05-04,8.235543
2001-05-07,8.258214
2001-05-08,8.250655
2001-05-09,8.396775
2001-05-10,8.336313
2001-05-11,8.255694
2001-05-14,8.384181
2001-05-15,8.459759
2001-05-16,8.530295
2001-05-17,8.558010
2001-05-18,8.736878
2001-05-21,8.716731
2001-05-22,8.628551
2001-05-23,8.497546
2001-05-24,8.482432
2001-05-25,8.409374
2001-05-29,8.396775
2001-05-30,8.364029
2001-05-31,8.452200
2001-06-01,8.414413
2001-06-04,8.527776
2001-06-05,8.552970
2001-06-06,8.336313
2001-06-07,8.238060
2001-06-08,8.260736
2001-06-11,8.283409
2001-06-12,8.346390
2001-06-13,8.306082
2001-06-14,8.137287
2001-06-15,8.198289
2001-06-18,8.107171
2001-06-19,8.099576
2001-06-20,7.947707
2001-06-21,7.828747
2001-06-22,7.980612
2001-06-25,7.886963
2001-06-26,7.935058
2001-06-27,7.745216
2001-06-28,7.580698
2001-06-29,7.681940
2001-07-02,7.661696
2001-07-03,7.651570
2001-07-05,7.719910
2001-07-06,7.692067
2001-07-09,7.583228
2001-07-10,7.593354
2001-07-11,7.492109
2001-07-12,7.481987
2001-07-13,7.509828
2001-07-16,7.385802
2001-07-17,7.352895
2001-07-18,7.274435
2001-07-19,7.350364
2001-07-20,7.507293
2001-07-23,7.421241
2001-07-24,7.155470
2001-07-25,7.487044
2001-07-26,7.638912
2001-07-27,7.674349
2001-07-30,7.681940
2001-07-31,7.593354
2001-08-01,7.565511
2001-08-02,7.560445
2001-08-03,7.446548
2001-08-06,7.436422
2001-08-07,7.436422
2001-08-08,7.284557
2001-08-09,7.327586
2001-08-10,7.335177
2001-08-13,7.370615
2001-08-14,7.411110
2001-08-15,7.522480
2001-08-16,7.479450
2001-08-17,7.423766
2001-08-20,7.370615
2001-08-21,7.365552
2001-08-22,7.370615
2001-08-23,7.436422
2001-08-24,7.497173
2001-08-27,7.487044
2001-08-28,7.408579
2001-08-29,7.378211
2001-08-30,7.271904
2001-08-31,7.271904
2001-09-04,7.314926
2001-09-05,7.340240
2001-09-06,7.289618
2001-09-07,7.284557
2001-09-10,7.307333
2001-09-17,7.158002
2001-09-18,6.811237
2001-09-19,6.565720
2001-09-20,6.380947
2001-09-21,6.383747
2001-09-24,6.215753
2001-09-25,6.147029
2001-09-26,6.103757
2001-09-27,6.345565
2001-09-28,6.572104
2001-10-01,6.480471
2001-10-02,6.623012
2001-10-03,6.714642
2001-10-04,6.872455
2001-10-05,6.923365
2001-10-08,6.936089
2001-10-09,6.948814
2001-10-10,7.256802
2001-10-11,7.254259
2001-10-12,7.205894
2001-10-15,7.073539
2001-10-16,7.157533
2001-10-17,7.121898
2001-10-18,6.834273
2001-10-19,6.859728
2001-10-22,6.943725
2001-10-23,6.918272
2001-10-24,6.821550
2001-10-25,6.994632
2001-10-26,7.129536
2001-10-29,7.063357
2001-10-30,6.826634
2001-10-31,6.836821
2001-11-01,6.941179
2001-11-02,6.752822
2001-11-05,6.712097
2001-11-06,6.671370
2001-11-07,6.699371
2001-11-08,6.829187
2001-11-09,6.961543
2001-11-12,6.943725
2001-11-13,6.999726
2001-11-14,6.658647
2001-11-15,6.322656
2001-11-16,6.439744
2001-11-19,6.424472
2001-11-20,6.661188
2001-11-21,6.574646
2001-11-23,6.635736
2001-11-26,6.526285
2001-11-27,6.531376
2001-11-28,6.378656
2001-11-29,6.488102
2001-11-30,6.455014
2001-12-03,6.541558
2001-12-04,6.633193
2001-12-05,6.770640
2001-12-06,6.569556
2001-12-07,6.612827
2001-12-10,6.521196
2001-12-11,6.414292
2001-12-12,6.429562
2001-12-13,6.325204
2001-12-14,6.388837
2001-12-17,6.373566
2001-12-18,6.457561
2001-12-19,6.605196
2001-12-20,6.574646
2001-12-21,6.619632
2001-12-24,6.729533
2001-12-26,6.847103
2001-12-27,6.870105
2001-12-28,6.900773
2001-12-31,6.824099
2002-01-02,6.772982
2002-01-03,6.732090
2002-01-04,6.762757
2002-01-07,6.760201
2002-01-08,6.701414
2002-01-09,6.709087
2002-01-10,6.657969
2002-01-11,6.530177
2002-01-14,6.450947
2002-01-15,6.555733
2002-01-16,6.420275
2002-01-17,6.417717
2002-01-18,6.364047
2002-01-22,6.318041
2002-01-23,6.496948
2002-01-24,6.586408
2002-01-25,6.657969
2002-01-28,6.555733
2002-01-29,6.376827
2002-01-30,6.427942
2002-01-31,6.581296
2002-02-01,6.617074
2002-02-04,6.440721
2002-02-05,6.397274
2002-02-06,6.440721
2002-02-07,6.366603
2002-02-08,6.438166
2002-02-11,6.522511
2002-02-12,6.491836
2002-02-13,6.530177
2002-02-14,6.583852
2002-02-15,6.588960
2002-02-19,6.530177
2002-02-20,6.509726
2002-02-21,6.586408
2002-02-22,6.767869
2002-02-25,6.864995
2002-02-26,6.829213
2002-02-27,6.824099
2002-02-28,6.806207
2002-03-01,6.903330
2002-03-04,7.054124
2002-03-05,7.056686
2002-03-06,7.192142
2002-03-07,7.245812
2002-03-08,7.212587
2002-03-11,7.289260
2002-03-12,7.353160
2002-03-13,7.304601
2002-03-14,7.302040
2002-03-15,7.354870
2002-03-18,7.411288
2002-03-19,7.501044
2002-03-20,7.421544
2002-03-21,7.462573
2002-03-22,7.288191
2002-03-25,7.221515
2002-03-26,7.280498
2002-03-27,7.449753
2002-03-28,7.408724
2002-04-01,7.460013
2002-04-02,7.552333
2002-04-03,7.388208
2002-04-04,7.254857
2002-04-05,7.172795
2002-04-08,7.283064
2002-04-09,7.177922
2002-04-10,7.259981
2002-04-11,7.185615
2002-04-12,6.949687
2002-04-15,7.085599
2002-04-16,7.218953
2002-04-17,7.308708
2002-04-18,7.344612
2002-04-19,7.377953
2002-04-22,7.306147
2002-04-23,7.288191
2002-04-24,7.157409
2002-04-25,7.208696
2002-04-26,7.129197
2002-04-29,7.083034
2002-04-30,7.142021
2002-05-01,7.185615
2002-05-02,7.239466
2002-05-03,7.265112
2002-05-06,7.016357
2002-05-07,6.983023
2002-05-08,7.129197
2002-05-09,7.065088
2002-05-10,7.059958
2002-05-13,7.195873
2002-05-14,7.216389
2002-05-15,7.095856
2002-05-16,7.177922
2002-05-17,7.118939
2002-05-20,7.070216
2002-05-21,7.075340
2002-05-22,7.193301
2002-05-23,7.254857
2002-05-24,7.175354
2002-05-28,7.118939
2002-05-29,7.052262
2002-05-30,6.916346
2002-05-31,7.016357
2002-06-03,6.795820
2002-06-04,6.795820
2002-06-05,6.770170
2002-06-06,6.698368
2002-06-07,6.767607
2002-06-10,6.641949
2002-06-11,6.541936
2002-06-12,6.634257
2002-06-13,6.626561
2002-06-14,6.618872
2002-06-17,6.790688
2002-06-18,6.757352
2002-06-19,6.690677
2002-06-20,6.677852
2002-06-21,6.635542
2002-06-24,6.694879
2002-06-25,6.666498
2002-06-26,6.669080
2002-06-27,6.702616
2002-06-28,6.759378
2002-07-01,6.694879
2002-07-02,6.563302
2002-07-03,6.604579
2002-07-05,6.759378
2002-07-08,6.676820
2002-07-09,6.594265
2002-07-10,6.313055
2002-07-11,6.191796
2002-07-12,6.080861
2002-07-15,5.946703
2002-07-16,5.856407
2002-07-17,5.920907
2002-07-18,5.882205
2002-07-19,5.521016
2002-07-22,5.183051
2002-07-23,5.108230
2002-07-24,5.446202
2002-07-25,5.422984
2002-07-26,5.495220
2002-07-29,5.812550
2002-07-30,5.722250
2002-07-31,5.822869
2002-08-01,5.479738
2002-08-02,5.417822
2002-08-05,5.216589
2002-08-06,5.404921
2002-08-07,5.482321
2002-08-08,5.714512
2002-08-09,5.817708
2002-08-12,5.804810
2002-08-13,5.717093
2002-08-14,5.941543
2002-08-15,6.109238
2002-08-16,6.011199
2002-08-19,6.060220
2002-08-20,5.908006
2002-08-21,5.920907
2002-08-22,6.088599
2002-08-23,5.990560
2002-08-26,6.070539
2002-08-27,6.067961
2002-08-28,5.923486
2002-08-29,5.871884
2002-08-30,5.910584
2002-09-03,5.675813
2002-09-04,5.662912
2002-09-05,5.673231
2002-09-06,5.766112
2002-09-09,5.758371
2002-09-10,5.882205
2002-09-11,5.851248
2002-09-12,5.706775
2002-09-13,5.768689
2002-09-16,5.809969
2002-09-17,5.621634
2002-09-18,5.637115
2002-09-19,5.477159
2002-09-20,5.517366
2002-09-23,5.486238
2002-09-24,5.328007
2002-09-25,5.473269
2002-09-26,5.704130
2002-09-27,5.597778
2002-09-30,5.488832
2002-10-01,5.662630
2002-10-02,5.600372
2002-10-03,5.636687
2002-10-04,5.540710
2002-10-07,5.470675
2002-10-08,5.411014
2002-10-09,5.304661
2002-10-10,5.429172
2002-10-11,5.519957
2002-10-14,5.673002
2002-10-15,5.844207
2002-10-16,5.753417
2002-10-17,5.875333
2002-10-18,5.870146
2002-10-21,5.898680
2002-10-22,5.732664
2002-10-23,5.826047
2002-10-24,5.730071
2002-10-25,5.641878
2002-10-28,5.631500
2002-10-29,5.468080
2002-10-30,5.649659
2002-10-31,5.589995
2002-11-01,5.737856
2002-11-04,5.641878
2002-11-05,5.758604
2002-11-06,5.810482
2002-11-07,5.701537
2002-11-08,5.667817
2002-11-11,5.597778
2002-11-12,5.579622
2002-11-13,5.455110
2002-11-14,5.631500
2002-11-15,5.675598
2002-11-18,5.680784
2002-11-19,5.680784
2002-11-20,5.792329
2002-11-21,5.836425
2002-11-22,5.711913
2002-11-25,5.758604
2002-11-26,5.649659
2002-11-27,5.750826
2002-11-29,5.820861
2002-12-02,5.839017
2002-12-03,5.896085
2002-12-04,5.844207
2002-12-05,5.883115
2002-12-06,5.940183
2002-12-09,5.836425
2002-12-10,5.927214
2002-12-11,5.896085
2002-12-12,5.947965
2002-12-13,5.932399
2002-12-16,6.033565
2002-12-17,5.971312
2002-12-18,5.922026
2002-12-19,5.862362
2002-12-20,5.981258
2002-12-23,6.007332
2002-12-24,5.978649
2002-12-26,5.910862
2002-12-27,5.783098
2002-12-30,5.811780
2002-12-31,5.822210
2003-01-02,5.944755
2003-01-03,5.934324
2003-01-06,5.983868
2003-01-07,5.788315
2003-01-08,5.733560
2003-01-09,5.806569
2003-01-10,5.759633
2003-01-13,5.738772
2003-01-14,5.762242
2003-01-15,5.780495
2003-01-16,5.837857
2003-01-17,5.793528
2003-01-21,5.657947
2003-01-22,5.642302
2003-01-23,5.657947
2003-01-24,5.558870
2003-01-27,5.384176
2003-01-28,5.475430
2003-01-29,5.652733
2003-01-30,5.564081
2003-01-31,5.676198
2003-02-03,5.720523
2003-02-04,5.759633
2003-02-05,5.717916
2003-02-06,5.694452
2003-02-07,5.642302
2003-02-10,5.715307
2003-02-11,5.678808
2003-02-12,5.579727
2003-02-13,5.553656
2003-02-14,5.597976
2003-02-18,5.689237
2003-02-19,5.684022
2003-02-20,5.670983
2003-02-21,5.796137
2003-02-24,5.845676
2003-02-25,5.814387
2003-02-26,5.830031
2003-02-27,5.796137
2003-02-28,5.843071
2003-03-03,5.863930
2003-03-04,5.835248
2003-03-05,5.887393
2003-03-06,5.892611
2003-03-07,5.892611
2003-03-10,5.832640
2003-03-11,5.775280
2003-03-12,5.684022
2003-03-13,5.707489
2003-03-14,5.684022
2003-03-17,5.757023
2003-03-18,5.866536
2003-03-19,5.874357
2003-03-20,5.931719
2003-03-21,5.865932
2003-03-24,5.779433
2003-03-25,5.831856
2003-03-26,5.844962
2003-03-27,5.892142
2003-03-28,5.944564
2003-03-31,5.850205
2003-04-01,5.960289
2003-04-02,5.947183
2003-04-03,5.837099
2003-04-04,5.868549
2003-04-07,5.823991
2003-04-08,5.753225
2003-04-09,5.750604
2003-04-10,5.829237
2003-04-11,5.795163
2003-04-14,5.823991
2003-04-15,5.808270
2003-04-16,5.729635
2003-04-17,5.844962
2003-04-21,5.842340
2003-04-22,5.923593
2003-04-23,5.923593
2003-04-24,5.902624
2003-04-25,5.829237
2003-04-28,5.855445
2003-04-29,5.774194
2003-04-30,5.800406
2003-05-01,5.829237
2003-05-02,5.920972
2003-05-05,5.957669
2003-05-06,5.949802
2003-05-07,5.989120
2003-05-08,5.996983
2003-05-09,6.036298
2003-05-12,6.065132
2003-05-13,6.133279
2003-05-14,6.159486
2003-05-15,6.162111
2003-05-16,6.183075
2003-05-19,6.120173
2003-05-20,6.096582
2003-05-21,6.277437
2003-05-22,6.264329
2003-05-23,6.321995
2003-05-27,6.447805
2003-05-28,6.371793
2003-05-29,6.311512
2003-05-30,6.416351
2003-06-02,6.450428
2003-06-03,6.497606
2003-06-04,6.539541
2003-06-05,6.505469
2003-06-06,6.492364
2003-06-09,6.481879
2003-06-10,6.521194
2003-06-11,6.709917
2003-06-12,6.649627
2003-06-13,6.539541
2003-06-16,6.531677
2003-06-17,6.468774
2003-06-18,6.429457
2003-06-19,6.463534
2003-06-20,6.439301
2003-06-23,6.420868
2003-06-24,6.415599
2003-06-25,6.426133
2003-06-26,6.397163
2003-06-27,6.373463
2003-06-30,6.333957
2003-07-01,6.328689
2003-07-02,6.320787
2003-07-03,6.310251
2003-07-07,6.268115
2003-07-08,6.257578
2003-07-09,6.320787
2003-07-10,6.225976
2003-07-11,6.244410
2003-07-14,6.189103
2003-07-15,6.136428
2003-07-16,6.078489
2003-07-17,6.117994
2003-07-18,6.257578
2003-07-21,6.223341
2003-07-22,6.207541
2003-07-23,6.173302
2003-07-24,6.115359
2003-07-25,6.170670
2003-07-28,6.144330
2003-07-29,6.057420
2003-07-30,6.065321
2003-07-31,6.110093
2003-08-01,6.094295
2003-08-04,6.031082
2003-08-05,6.004745
2003-08-06,6.110093
2003-08-07,6.262849
2003-08-08,6.281281
2003-08-11,6.310251
2003-08-12,6.355027
2003-08-13,6.349757
2003-08-14,6.373463
2003-08-15,6.394533
2003-08-18,6.394533
2003-08-19,6.365560
2003-08-20,6.394533
2003-08-21,6.455104
2003-08-22,6.355027
2003-08-25,6.355027
2003-08-26,6.360291
2003-08-27,6.386629
2003-08-28,6.491974
2003-08-29,6.499876
2003-09-02,6.542015
2003-09-03,6.544649
2003-09-04,6.534111
2003-09-05,6.505143
2003-09-08,6.594691
2003-09-09,6.523579
2003-09-10,6.455104
2003-09-11,6.441937
2003-09-12,6.449840
2003-09-15,6.407699
2003-09-16,6.418231
2003-09-17,6.333957
2003-09-18,6.360291
2003-09-19,6.418794
2003-09-22,6.381732
2003-09-23,6.418794
2003-09-24,6.450549
2003-09-25,6.392319
2003-09-26,6.334087
2003-09-29,6.365850
2003-09-30,6.365850
2003-10-01,6.458494
2003-10-02,6.500843
2003-10-03,6.537900
2003-10-06,6.577605
2003-10-07,6.609369
2003-10-08,6.564371
2003-10-09,6.543195
2003-10-10,6.590838
2003-10-13,6.617311
2003-10-14,6.590838
2003-10-15,6.495550
2003-10-16,6.564371
2003-10-17,6.519372
2003-10-20,6.516728
2003-10-21,6.537900
2003-10-22,6.450549
2003-10-23,6.439967
2003-10-24,6.437316
2003-10-27,6.410852
2003-10-28,6.429376
2003-10-29,6.416144
2003-10-30,6.328792
2003-10-31,6.426731
2003-11-03,6.387025
2003-11-04,6.365850
2003-11-05,6.384382
2003-11-06,6.392319
2003-11-07,6.408202
2003-11-10,6.397613
2003-11-11,6.394967
2003-11-12,6.432023
2003-11-13,6.490255
2003-11-14,6.503490
2003-11-17,6.437316
2003-11-18,6.392319
2003-11-19,6.408202
2003-11-20,6.392319
2003-11-21,6.344675
2003-11-24,6.379083
2003-11-25,6.416144
2003-11-26,6.477021
2003-11-28,6.477021
2003-12-01,6.543195
2003-12-02,6.588192
2003-12-03,6.551136
2003-12-04,6.709949
2003-12-05,6.757596
2003-12-08,6.831707
2003-12-09,6.837003
2003-12-10,6.842299
2003-12-11,6.876707
2003-12-12,6.953467
2003-12-15,6.866120
2003-12-16,6.969348
2003-12-17,7.035522
2003-12-18,7.223454
2003-12-19,7.210694
2003-12-22,7.218668
2003-12-23,7.168151
2003-12-24,7.245257
2003-12-26,7.274507
2003-12-29,7.359583
2003-12-30,7.375540
2003-12-31,7.325021
2004-01-02,7.322364
2004-01-05,7.463277
2004-01-06,7.455306
2004-01-07,7.378199
2004-01-08,7.399468
2004-01-09,7.436690
2004-01-12,7.457963
2004-01-13,7.460619
2004-01-14,7.442008
2004-01-15,7.317042
2004-01-16,7.386173
2004-01-20,7.572289
2004-01-21,7.617487
2004-01-22,7.580266
2004-01-23,7.646735
2004-01-26,7.691935
2004-01-27,7.675981
2004-01-28,7.566973
2004-01-29,7.561657
2004-01-30,7.489866
2004-02-02,7.532409
2004-02-03,7.503160
2004-02-04,7.449984
2004-02-05,7.383515
2004-02-06,7.434030
2004-02-09,7.524433
2004-02-10,7.625464
2004-02-11,7.729157
2004-02-12,7.753088
2004-02-13,7.734476
2004-02-17,7.800943
2004-02-18,7.718525
2004-02-19,7.710548
2004-02-20,7.707888
2004-02-23,7.769041
2004-02-24,7.782340
2004-02-25,7.819560
2004-02-26,7.846149
2004-02-27,7.883368
2004-03-01,8.034923
2004-03-02,7.965795
2004-03-03,7.955157
2004-03-04,7.931230
2004-03-05,8.000356
2004-03-08,8.034923
2004-03-09,7.981749
2004-03-10,7.843488
2004-03-11,7.668012
2004-03-12,7.779676
2004-03-15,7.795629
2004-03-16,7.792967
2004-03-17,7.901983
2004-03-18,7.981749
2004-03-19,7.818073
2004-03-22,7.743309
2004-03-23,7.689897
2004-03-24,7.527028
2004-03-25,7.497655
2004-03-26,7.583100
2004-03-29,7.623151
2004-03-30,7.761997
2004-03-31,7.834091
2004-04-01,7.743309
2004-04-02,7.778019
2004-04-05,7.818073
2004-04-06,7.818073
2004-04-07,7.818073
2004-04-08,7.887496
2004-04-12,8.037018
2004-04-13,7.967596
2004-04-14,7.983617
2004-04-15,8.090423
2004-04-16,8.154504
2004-04-19,8.135811
2004-04-20,7.970268
2004-04-21,7.943562
2004-04-22,8.101102
2004-04-23,8.037018
2004-04-26,8.082409
2004-04-27,8.250626
2004-04-28,8.133140
2004-04-29,7.938226
2004-04-30,7.967596
2004-05-03,8.151835
2004-05-04,8.157168
2004-05-05,8.183875
2004-05-06,8.143822
2004-05-07,7.946232
2004-05-10,7.716603
2004-05-11,7.850112
2004-05-12,7.898172
2004-05-13,7.876812
2004-05-14,7.970268
2004-05-17,7.970268
2004-05-18,7.852780
2004-05-19,7.818073
2004-05-20,7.810057
2004-05-21,7.772678
2004-05-24,7.948905
2004-05-25,8.082409
2004-05-26,8.015655
2004-05-27,7.903512
2004-05-28,7.943562
2004-06-01,8.053036
2004-06-02,8.037018
2004-06-03,7.964923
2004-06-04,7.924874
2004-06-07,8.071727
2004-06-08,8.037018
2004-06-09,7.972936
2004-06-10,8.074400
2004-06-14,8.012982
2004-06-15,8.127799
2004-06-16,8.285343
2004-06-17,8.346755
2004-06-18,8.369267
2004-06-21,8.350503
2004-06-22,8.406799
2004-06-23,8.548878
2004-06-24,8.497943
2004-06-25,8.449687
2004-06-28,8.329053
2004-06-29,8.374631
2004-06-30,8.438969
2004-07-01,8.449687
2004-07-02,8.481857
2004-07-06,8.503305
2004-07-07,8.554240
2004-07-08,8.511348
2004-07-09,8.559604
2004-07-12,8.511348
2004-07-13,8.489902
2004-07-14,8.591771
2004-07-15,8.648063
2004-07-16,8.752612
2004-07-19,8.723126
2004-07-20,8.696318
2004-07-21,8.540837
2004-07-22,8.567641
2004-07-23,8.535471
2004-07-26,8.460416
2004-07-27,8.546197
2004-07-28,8.605175
2004-07-29,8.666832
2004-07-30,8.698999
2004-08-02,8.688273
2004-08-03,8.792825
2004-08-04,8.589087
2004-08-05,8.460416
2004-08-06,8.291525
2004-08-09,8.425564
2004-08-10,8.393393
2004-08-11,8.350503
2004-08-12,8.243276
2004-08-13,8.345142
2004-08-16,8.396075
2004-08-17,8.203065
2004-08-18,8.310290
2004-08-19,8.337098
2004-08-20,8.422882
2004-08-23,8.318336
2004-08-24,8.296889
2004-08-25,8.350503
2004-08-26,8.409478
2004-08-27,8.463094
2004-08-30,8.425564
2004-08-31,8.564961
2004-09-01,8.715087
2004-09-02,8.784781
2004-09-03,8.803547
2004-09-07,8.792825
2004-09-08,8.800866
2004-09-09,8.926863
2004-09-10,8.878608
2004-09-13,8.940265
2004-09-14,8.980477
2004-09-15,8.950990
2004-09-16,8.977797
2004-09-17,9.129324
2004-09-20,9.132011
2004-09-21,9.358097
2004-09-22,9.298885
2004-09-23,9.212760
2004-09-24,9.317722
2004-09-27,9.312338
2004-09-28,9.471134
2004-09-29,9.344637
2004-09-30,9.401159
2004-10-01,9.535727
2004-10-04,9.524965
2004-10-05,9.627236
2004-10-06,9.804870
2004-10-07,9.729506
2004-10-08,9.740277
2004-10-11,9.656844
2004-10-12,9.546494
2004-10-13,9.347329
2004-10-14,9.422685
2004-10-15,9.463058
2004-10-18,9.336564
2004-10-19,9.309652
2004-10-20,9.514198
2004-10-21,9.568025
2004-10-22,9.549187
2004-10-25,9.557261
2004-10-26,9.662225
2004-10-27,9.495358
2004-10-28,9.328487
2004-10-29,9.457679
2004-11-01,9.401159
2004-11-02,9.261203
2004-11-03,9.446913
2004-11-04,9.559952
2004-11-05,9.616469
2004-11-08,9.457679
2004-11-09,9.371555
2004-11-10,9.481901
2004-11-11,9.463058
2004-11-12,9.662225
2004-11-15,9.452294
2004-11-16,9.452294
2004-11-17,9.600321
2004-11-18,9.675686
2004-11-19,9.791415
2004-11-22,9.947516
2004-11-23,10.009421
2004-11-24,10.092854
2004-11-26,10.135914
2004-11-29,10.082092
2004-11-30,10.095545
2004-12-01,9.853318
2004-12-02,9.592254
2004-12-03,9.686449
2004-12-06,9.691833
2004-12-07,9.489974
2004-12-08,9.554568
2004-12-09,9.635312
2004-12-10,9.568025
2004-12-13,9.737586
2004-12-14,9.767195
2004-12-15,9.839858
2004-12-16,9.740277
2004-12-17,9.737844
2004-12-20,9.856704
2004-12-21,9.940435
2004-12-22,9.805378
2004-12-23,9.862101
2004-12-27,9.689229
2004-12-28,9.756750
2004-12-29,9.829688
2004-12-30,9.786469
2004-12-31,9.810781
2005-01-03,9.448815
2005-01-04,9.400195
2005-01-05,9.359680
2005-01-06,9.521754
2005-01-07,9.446111
2005-01-10,9.516349
2005-01-11,9.529855
2005-01-12,9.697328
2005-01-13,9.762152
2005-01-14,9.848597
2005-01-18,9.945840
2005-01-19,9.910720
2005-01-20,9.810781
2005-01-21,9.832391
2005-01-24,9.918828
2005-01-25,9.959346
2005-01-26,10.056592
2005-01-27,10.145729
2005-01-28,10.024175
2005-01-31,10.143027
2005-02-01,10.315903
2005-02-02,10.459065
2005-02-03,10.510391
2005-02-04,10.548206
2005-02-07,10.477978
2005-02-08,10.553610
2005-02-09,10.534700
2005-02-10,10.823730
2005-02-11,10.918271
2005-02-14,10.931778
2005-02-15,10.956090
2005-02-16,11.264031
2005-02-17,11.112764
2005-02-18,11.358571
2005-02-22,11.277535
2005-02-23,11.420695
2005-02-24,11.644897
2005-02-25,11.931226
2005-02-28,11.844789
2005-03-01,11.615183
2005-03-02,11.785365
2005-03-03,11.979842
2005-03-04,12.133814
2005-03-07,12.050081
2005-03-08,12.036572
2005-03-09,11.704329
2005-03-10,11.466619
2005-03-11,11.561159
2005-03-14,11.644897
2005-03-15,11.482824
2005-03-16,11.520646
2005-03-17,11.720536
2005-03-18,11.865255
2005-03-21,11.762270
2005-03-22,11.621338
2005-03-23,11.399107
2005-03-24,11.390969
2005-03-28,11.404520
2005-03-29,11.220235
2005-03-30,11.388259
2005-03-31,11.618626
2005-04-01,11.905908
2005-04-04,11.802926
2005-04-05,11.653858
2005-04-06,11.838153
2005-04-07,11.792083
2005-04-08,11.577976
2005-04-11,11.664703
2005-04-12,11.480413
2005-04-13,11.198553
2005-04-14,11.193132
2005-04-15,10.767624
2005-04-18,10.962762
2005-04-19,11.220235
2005-04-20,10.989861
2005-04-21,11.369292
2005-04-22,11.393682
2005-04-25,11.553586
2005-04-26,11.363870
2005-04-27,11.071164
2005-04-28,10.848932
2005-04-29,10.989861
2005-05-02,11.187708
2005-05-03,10.924810
2005-05-04,11.052194
2005-05-05,11.171446
2005-05-06,11.138924
2005-05-09,11.287981
2005-05-10,11.098270
2005-05-11,11.166023
2005-05-12,10.678192
2005-05-13,10.515576
2005-05-16,10.469504
2005-05-17,10.656506
2005-05-18,10.634825
2005-05-19,10.827249
2005-05-20,10.745942
2005-05-23,10.924810
2005-05-24,10.970886
2005-05-25,11.138924
2005-05-26,11.195839
2005-05-27,11.382841
2005-05-31,11.296114
2005-06-01,11.510220
2005-06-02,11.488538
2005-06-03,11.553586
2005-06-06,11.588815
2005-06-07,11.477697
2005-06-08,11.510220
2005-06-09,11.843577
2005-06-10,11.830023
2005-06-13,11.876098
2005-06-14,11.949276
2005-06-15,12.092916
2005-06-16,12.263652
2005-06-17,12.462388
2005-06-20,12.475988
2005-06-21,12.212277
2005-06-22,12.282958
2005-06-23,12.293830
2005-06-24,12.217715
2005-06-27,12.405292
2005-06-28,12.174208
2005-06-29,12.163335
2005-06-30,12.084495
2005-07-01,12.353648
2005-07-05,12.723388
2005-07-06,12.495019
2005-07-07,12.655418
2005-07-08,12.571129
2005-07-11,12.663572
2005-07-12,12.777752
2005-07-13,12.704350
2005-07-14,12.399860
2005-07-15,12.334615
2005-07-18,12.282958
2005-07-19,12.546673
2005-07-20,12.560268
2005-07-21,12.437921
2005-07-22,12.883784
2005-07-25,13.003408
2005-07-26,12.973508
2005-07-27,13.038747
2005-07-28,13.076810
2005-07-29,12.940881
2005-08-01,13.076810
2005-08-02,13.294309
2005-08-03,13.229053
2005-08-04,13.256243
2005-08-05,13.155648
2005-08-08,13.345953
2005-08-09,13.316054
2005-08-10,13.533545
2005-08-11,13.664041
2005-08-12,13.639580
2005-08-15,13.506363
2005-08-16,13.210026
2005-08-17,12.905535
2005-08-18,12.878345
2005-08-19,13.098562
2005-08-22,13.131188
2005-08-23,13.106717
2005-08-24,13.231775
2005-08-25,13.196434
2005-08-26,13.046910
2005-08-29,13.152927
2005-08-30,13.397617
2005-08-31,13.767353
2005-09-01,14.126214
2005-09-02,13.851634
2005-09-06,13.949505
2005-09-07,13.971257
2005-09-08,13.990281
2005-09-09,14.354587
2005-09-12,14.060969
2005-09-13,13.941348
2005-09-14,14.115338
2005-09-15,14.115338
2005-09-16,14.253842
2005-09-19,14.630094
2005-09-20,14.491041
2005-09-21,14.695529
2005-09-22,14.586469
2005-09-23,14.330188
2005-09-26,14.591927
2005-09-27,14.602833
2005-09-28,14.722790
2005-09-29,14.864571
2005-09-30,14.632814
2005-10-03,14.594644
2005-10-04,14.068450
2005-10-05,13.528609
2005-10-06,13.206891
2005-10-07,13.504074
2005-10-10,13.299590
2005-10-11,13.618586
2005-10-12,13.356851
2005-10-13,12.994228
2005-10-14,13.179626
2005-10-17,13.343216
2005-10-18,12.724310
2005-10-19,13.010592
2005-10-20,12.418953
2005-10-21,12.547094
2005-10-24,12.994228
2005-10-25,13.264145
2005-10-26,13.185084
2005-10-27,12.811562
2005-10-28,13.160543
2005-10-31,13.310498
2005-11-01,13.392293
2005-11-02,13.654034
2005-11-03,13.913047
2005-11-04,13.495895
2005-11-07,13.261421
2005-11-08,13.373206
2005-11-09,13.250510
2005-11-10,12.838822
2005-11-11,12.942427
2005-11-14,13.010592
2005-11-15,13.032399
2005-11-16,13.370477
2005-11-17,13.365028
2005-11-18,13.370477
2005-11-21,13.703104
2005-11-22,13.921226
2005-11-23,13.869417
2005-11-25,13.904857
2005-11-28,13.435916
2005-11-29,13.457721
2005-11-30,13.509529
2005-12-01,13.937584
2005-12-02,13.951206
2005-12-05,14.049360
2005-12-06,14.109343
2005-12-07,14.057544
2005-12-08,14.305650
2005-12-09,14.128426
2005-12-12,14.311103
2005-12-13,14.251123
2005-12-14,14.422888
2005-12-15,14.308374
2005-12-16,13.960391
2005-12-19,13.845580
2005-12-20,14.034201
2005-12-21,14.064265
2005-12-22,14.047867
2005-12-23,14.009590
2005-12-27,13.596826
2005-12-28,13.801839
2005-12-29,13.695233
2005-12-30,13.752636
2006-01-03,14.405964
2006-01-04,14.446966
2006-01-05,14.263820
2006-01-06,14.613713
2006-01-09,14.597314
2006-01-10,14.755861
2006-01-11,14.818732
2006-01-12,14.712125
2006-01-13,14.887079
2006-01-17,15.215101
2006-01-18,15.089362
2006-01-19,15.351788
2006-01-20,15.420119
2006-01-23,15.589602
2006-01-24,15.496664
2006-01-25,15.171367
2006-01-26,15.220572
2006-01-27,15.485730
2006-01-30,15.841088
2006-01-31,15.761820
2006-02-01,15.387318
2006-02-02,15.234236
2006-02-03,15.094818
2006-02-06,15.390063
2006-02-07,14.747660
2006-02-08,14.750395
2006-02-09,14.414161
2006-02-10,14.362228
2006-02-13,14.304824
2006-02-14,14.143544
2006-02-15,14.066997
2006-02-16,14.389565
2006-02-17,14.490705
2006-02-21,14.774991
2006-02-22,14.498902
2006-02-23,14.482498
2006-02-24,14.660192
2006-02-27,14.405964
2006-02-28,14.307553
2006-03-01,14.550840
2006-03-02,14.794135
2006-03-03,14.796868
2006-03-06,14.282957
2006-03-07,14.072466
2006-03-08,14.072466
2006-03-09,13.971323
2006-03-10,14.047867
2006-03-13,14.323957
2006-03-14,14.589112
2006-03-15,14.665656
2006-03-16,14.898006
2006-03-17,14.709109
2006-03-20,14.382850
2006-03-21,14.358173
2006-03-22,14.454124
2006-03-23,14.667984
2006-03-24,14.766684
2006-03-27,14.843450
2006-03-28,14.958599
2006-03-29,15.134069
2006-03-30,15.125836
2006-03-31,14.914737
2006-04-03,14.996979
2006-04-04,15.194381
2006-04-05,15.443873
2006-04-06,15.476782
2006-04-07,15.175189
2006-04-10,15.463067
2006-04-11,15.353402
2006-04-12,15.251947
2006-04-13,15.301310
2006-04-17,15.583694
2006-04-18,15.964793
2006-04-19,16.211552
2006-04-20,16.044300
2006-04-21,16.378784
2006-04-24,16.129293
2006-04-25,15.920927
2006-04-26,15.668694
2006-04-27,15.490485
2006-04-28,15.665950
2006-05-01,15.923665
2006-05-02,16.277349
2006-05-03,16.025114
2006-05-04,15.951086
2006-05-05,16.137520
2006-05-08,16.066235
2006-05-09,16.162197
2006-05-10,16.312996
2006-05-11,16.101879
2006-05-12,15.556290
2006-05-15,15.230025
2006-05-16,15.284863
2006-05-17,14.895543
2006-05-18,14.714580
2006-05-19,14.810548
2006-05-22,14.725553
2006-05-23,14.728299
2006-05-24,14.547343
2006-05-25,15.057295
2006-05-26,15.106650
2006-05-30,14.868119
2006-05-31,15.230025
2006-06-01,15.271145
2006-06-02,15.498711
2006-06-05,15.010695
2006-06-06,14.996979
2006-06-07,14.421233
2006-06-08,14.624118
2006-06-09,14.476069
2006-06-12,14.179965
2006-06-13,13.760484
2006-06-14,14.114167
2006-06-15,14.651531
2006-06-16,14.612181
2006-06-19,14.061814
2006-06-20,13.995774
2006-06-21,14.309481
2006-06-22,14.370016
2006-06-23,14.689235
2006-06-26,14.851586
2006-06-27,14.879104
2006-06-28,15.135028
2006-06-29,15.564311
2006-06-30,15.616594
2006-07-03,15.784453
2006-07-05,15.856003
2006-07-06,15.814728
2006-07-07,15.600080
2006-07-10,15.646866
2006-07-11,15.933060
2006-07-12,15.878021
2006-07-13,15.726670
2006-07-14,15.911046
2006-07-17,15.396452
2006-07-18,15.415709
2006-07-19,15.575315
2006-07-20,15.198318
2006-07-21,14.991927
2006-07-24,15.443228
2006-07-25,15.712902
2006-07-26,16.029360
2006-07-27,15.891776
2006-07-28,15.897282
2006-07-31,16.139442
2006-08-01,16.158705
2006-08-02,16.191723
2006-08-03,16.051382
2006-08-04,15.916539
2006-08-07,16.084414
2006-08-08,15.990846
2006-08-09,16.125681
2006-08-10,15.993591
2006-08-11,16.001850
2006-08-14,15.671623
2006-08-15,15.751435
2006-08-16,15.685385
2006-08-17,15.575315
2006-08-18,15.817479
2006-08-21,15.922043
2006-08-22,16.029360
2006-08-23,15.693647
2006-08-24,15.897282
2006-08-25,16.021114
2006-08-28,15.789962
2006-08-29,15.690899
2006-08-30,15.426721
2006-08-31,15.319399
2006-09-01,15.547801
2006-09-05,15.751435
2006-09-06,15.217584
2006-09-07,15.231339
2006-09-08,14.846086
2006-09-11,14.386529
2006-09-12,14.295721
2006-09-13,14.592919
2006-09-14,14.268197
2006-09-15,14.317080
2006-09-18,14.662235
2006-09-19,14.441334
2006-09-20,14.054754
2006-09-21,14.234241
2006-09-22,14.173491
2006-09-25,14.192816
2006-09-26,14.504846
2006-09-27,14.745070
2006-09-28,14.698133
2006-09-29,14.758873
2006-10-02,14.590440
2006-10-03,14.054754
2006-10-04,14.261854
2006-10-05,14.535210
2006-10-06,14.549016
2006-10-09,14.330882
2006-10-10,14.598715
2006-10-11,14.366778
2006-10-12,14.703651
2006-10-13,14.905227
2006-10-16,15.255898
2006-10-17,15.090225
2006-10-18,14.993581
2006-10-19,15.302840
2006-10-20,15.104029
2006-10-23,15.131638
2006-10-24,15.407769
2006-10-25,15.672853
2006-10-26,15.636943
2006-10-27,15.509933
2006-10-30,15.231044
2006-10-31,15.388436
2006-11-01,15.231044
2006-11-02,15.291798
2006-11-03,15.628669
2006-11-06,15.741883
2006-11-07,15.620382
2006-11-08,15.882706
2006-11-09,16.015245
2006-11-10,15.863379
2006-11-13,15.835769
2006-11-14,15.929646
2006-11-15,16.078749
2006-11-16,15.636943
2006-11-17,15.766731
2006-11-20,15.725310
2006-11-21,16.015245
2006-11-22,15.921357
2006-11-24,15.888230
2006-11-27,15.816436
2006-11-28,16.070469
2006-11-29,16.581301
2006-11-30,16.708319
2006-12-01,16.766306
2006-12-04,16.741451
2006-12-05,16.807714
2006-12-06,16.760782
2006-12-07,16.661373
2006-12-08,16.642046
2006-12-11,16.600628
2006-12-12,16.639284
2006-12-13,16.807714
2006-12-14,17.050711
2006-12-15,16.896730
2006-12-18,16.409294
2006-12-19,16.689014
2006-12-20,16.461922
2006-12-21,16.384371
2006-12-22,16.226515
2006-12-26,16.245901
2006-12-27,16.436995
2006-12-28,16.400990
2006-12-29,16.237591
2007-01-03,15.669839
2007-01-04,15.384581
2007-01-05,15.487047
2007-01-08,15.487047
2007-01-09,15.354116
2007-01-10,15.057778
2007-01-11,14.971922
2007-01-12,15.354116
2007-01-16,15.196259
2007-01-17,15.365192
2007-01-18,15.251653
2007-01-19,15.669839
2007-01-22,15.561826
2007-01-23,15.966187
2007-01-24,16.035410
2007-01-25,15.705844
2007-01-26,15.744618
2007-01-29,15.667067
2007-01-30,15.985562
2007-01-31,16.088028
2007-02-01,16.146200
2007-02-02,16.237591
2007-02-05,16.220970
2007-02-06,16.171116
2007-02-07,16.074188
2007-02-08,16.237591
2007-02-09,16.171116
2007-02-12,15.946794
2007-02-13,16.179430
2007-02-14,16.182199
2007-02-15,16.060347
2007-02-16,16.063112
2007-02-20,15.883090
2007-02-21,16.057570
2007-02-22,16.201578
2007-02-23,16.243128
2007-02-26,16.340061
2007-02-27,15.689231
2007-02-28,15.758459
2007-03-01,15.708616
2007-03-02,15.523058
2007-03-05,15.343041
2007-03-06,15.633836
2007-03-07,15.827701
2007-03-08,15.966187
2007-03-09,15.896941
2007-03-12,15.874780
2007-03-13,15.661532
2007-03-14,15.841546
2007-03-15,15.838778
2007-03-16,15.668453
2007-03-19,15.918517
2007-03-20,16.032448
2007-03-21,16.321417
2007-03-22,16.649296
2007-03-23,16.732653
2007-03-26,16.849354
2007-03-27,16.879913
2007-03-28,16.877136
2007-03-29,16.982719
2007-03-30,16.749327
2007-04-02,16.913258
2007-04-03,17.018847
2007-04-04,17.046631
2007-04-05,17.157774
2007-04-09,17.093864
2007-04-10,17.352268
2007-04-11,17.246687
2007-04-12,17.510653
2007-04-13,17.518986
2007-04-16,17.621801
2007-04-17,17.521767
2007-04-18,17.460644
2007-04-19,17.216129
2007-04-20,17.532887
2007-04-23,17.552332
2007-04-24,17.499538
2007-04-25,17.827406
2007-04-26,17.821859
2007-04-27,17.819071
2007-04-30,17.607904
2007-05-01,17.685701
2007-05-02,17.832972
2007-05-03,17.977455
2007-05-04,17.963562
2007-05-07,18.010803
2007-05-08,18.013582
2007-05-09,18.005241
2007-05-10,17.713490
2007-05-11,18.119169
2007-05-14,18.124714
2007-05-15,18.185846
2007-05-16,18.255318
2007-05-17,18.547064
2007-05-18,18.847149
2007-05-21,19.005537
2007-05-22,18.827709
2007-05-23,18.866604
2007-05-24,18.522062
2007-05-25,18.811029
2007-05-29,18.685999
2007-05-30,19.077776
2007-05-31,18.977749
2007-06-01,19.150013
2007-06-04,19.450108
2007-06-05,19.380640
2007-06-06,19.133348
2007-06-07,18.794359
2007-06-08,18.872166
2007-06-11,19.016653
2007-06-12,18.783245
2007-06-13,19.158354
2007-06-14,19.480673
2007-06-15,19.779688
2007-06-18,19.801975
2007-06-19,19.824268
2007-06-20,19.247437
2007-06-21,19.631985
2007-06-22,19.436918
2007-06-25,19.280870
2007-06-26,18.865652
2007-06-27,19.158258
2007-06-28,19.158258
2007-06-29,19.225126
2007-07-02,19.565107
2007-07-03,19.715584
2007-07-05,19.668205
2007-07-06,19.935734
2007-07-09,20.122442
2007-07-10,19.944101
2007-07-11,20.019331
2007-07-12,20.406685
2007-07-13,20.607323
2007-07-16,20.342587
2007-07-17,20.077858
2007-07-18,20.532076
2007-07-19,20.718786
2007-07-20,20.621246
2007-07-23,20.704849
2007-07-24,20.105721
2007-07-25,20.426186
2007-07-26,19.657074
2007-07-27,19.088591
2007-07-30,19.417406
2007-07-31,19.227922
2007-08-01,19.177759
2007-08-02,19.046785
2007-08-03,18.425369
2007-08-06,18.531263
2007-08-07,18.965979
2007-08-08,19.325455
2007-08-09,18.770912
2007-08-10,18.871225
2007-08-13,18.893536
2007-08-14,18.768129
2007-08-15,18.252584
2007-08-16,18.141127
2007-08-17,18.809925
2007-08-20,18.768129
2007-08-21,18.503389
2007-08-22,18.726320
2007-08-23,18.893536
2007-08-24,19.297588
2007-08-27,19.060722
2007-08-28,18.600924
2007-08-29,19.216776
2007-08-30,19.205627
2007-08-31,19.459211
2007-09-04,19.813116
2007-09-05,19.707235
2007-09-06,20.008183
2007-09-07,19.579042
2007-09-10,19.548393
2007-09-11,19.882784
2007-09-12,20.022121
2007-09-13,20.147520
2007-09-14,20.203257
2007-09-17,20.245052
2007-09-18,20.858118
2007-09-19,21.039255
2007-09-20,21.025318
2007-09-21,21.150478
2007-09-24,21.111368
2007-09-25,20.764921
2007-09-26,20.823593
2007-09-27,21.094610
2007-09-28,20.899027
2007-10-01,21.262243
2007-10-02,20.929754
2007-10-03,20.806828
2007-10-04,20.885059
2007-10-05,20.985641
2007-10-08,20.773298
2007-10-09,21.192392
2007-10-10,21.466208
2007-10-11,21.360039
2007-10-12,21.561192
2007-10-15,21.737225
2007-10-16,21.793104
2007-10-17,21.653404
2007-10-18,21.821051
2007-10-19,20.787264
2007-10-22,20.549788
2007-10-23,20.843149
2007-10-24,20.980045
2007-10-25,21.178434
2007-10-26,21.499737
2007-10-29,21.603109
2007-10-30,20.868296
2007-10-31,21.429895
2007-11-01,20.801245
2007-11-02,21.192392
2007-11-05,21.021963
2007-11-06,21.723253
2007-11-07,20.829185
2007-11-08,21.192392
2007-11-09,20.801245
2007-11-12,19.795399
2007-11-13,20.493896
2007-11-14,20.463161
2007-11-15,19.781437
2007-11-16,20.301113
2007-11-19,19.963039
2007-11-20,20.605661
2007-11-21,20.158625
2007-11-23,20.689476
2007-11-26,19.974216
2007-11-27,19.753498
2007-11-28,20.242443
2007-11-29,20.465963
2007-11-30,20.527435
2007-12-03,20.605661
2007-12-04,20.396109
2007-12-05,20.845945
2007-12-06,21.415918
2007-12-07,21.284594
2007-12-10,21.499737
2007-12-11,20.968874
2007-12-12,21.653404
2007-12-13,21.706490
2007-12-14,21.360039
2007-12-17,20.977262
2007-12-18,21.178434
2007-12-19,21.382393
2007-12-20,21.653404
2007-12-21,22.213358
2007-12-24,22.314198
2007-12-26,22.563505
2007-12-27,22.325397
2007-12-28,22.513088
2007-12-31,22.227371
2008-01-02,22.269392
2008-01-03,22.532682
2008-01-04,21.709146
2008-01-07,21.625111
2008-01-08,21.246944
2008-01-09,21.527069
2008-01-10,21.437437
2008-01-11,21.176926
2008-01-14,21.597099
2008-01-15,20.703522
2008-01-16,20.014441
2008-01-17,19.258110
2008-01-18,19.300133
2008-01-22,18.753910
2008-01-23,18.927580
2008-01-24,19.594257
2008-01-25,19.244116
2008-01-28,19.681089
2008-01-29,19.902384
2008-01-30,19.653082
2008-01-31,19.496222
2008-02-01,19.986418
2008-02-04,20.000439
2008-02-05,19.174086
2008-02-06,18.910769
2008-02-07,19.283331
2008-02-08,19.566246
2008-02-11,20.070459
2008-02-12,20.059256
2008-02-13,20.546654
2008-02-14,20.370188
2008-02-15,20.406601
2008-02-19,21.078882
2008-02-20,21.330990
2008-02-21,20.745541
2008-02-22,20.980833
2008-02-25,21.580290
2008-02-26,21.947247
2008-02-27,21.661526
2008-02-28,22.034088
2008-02-29,21.302973
2008-03-03,21.569090
2008-03-04,21.148912
2008-03-05,21.681137
2008-03-06,21.246944
2008-03-07,20.661514
2008-03-10,20.406601
2008-03-11,21.457041
2008-03-12,20.980833
2008-03-13,21.330990
2008-03-14,20.941622
2008-03-17,20.210512
2008-03-18,21.092890
2008-03-19,19.804352
2008-03-20,19.892275
2008-03-24,20.240620
2008-03-25,20.442888
2008-03-26,20.886747
2008-03-27,20.676050
2008-03-28,20.619869
2008-03-31,20.805277
2008-04-01,21.195770
2008-04-02,21.490728
2008-04-03,21.541302
2008-04-04,21.718279
2008-04-07,21.833466
2008-04-08,22.080669
2008-04-09,22.122816
2008-04-10,22.080669
2008-04-11,21.771664
2008-04-14,22.271715
2008-04-15,22.389696
2008-04-16,23.148197
2008-04-17,23.128521
2008-04-18,23.482479
2008-04-21,23.749374
2008-04-22,23.760611
2008-04-23,23.575193
2008-04-24,22.957169
2008-04-25,23.283035
2008-04-28,23.322365
2008-04-29,22.797035
2008-04-30,22.965588
2008-05-01,22.462734
2008-05-02,22.886938
2008-05-05,23.218424
2008-05-06,23.833645
2008-05-07,23.389793
2008-05-08,23.858942
2008-05-09,23.813984
2008-05-12,23.681946
2008-05-13,24.069618
2008-05-14,23.794313
2008-05-15,24.108953
2008-05-16,24.988247
2008-05-19,25.142752
2008-05-20,25.392790
2008-05-21,25.016344
2008-05-22,24.651138
2008-05-23,24.232559
2008-05-27,24.075239
2008-05-28,24.583714
2008-05-29,23.912317
2008-05-30,24.159527
2008-06-02,24.302797
2008-06-03,23.780266
2008-06-04,23.426313
2008-06-05,24.648333
2008-06-06,24.165144
2008-06-09,24.875879
2008-06-10,24.263470
2008-06-11,24.412352
2008-06-12,24.041531
2008-06-13,24.328083
2008-06-16,24.415165
2008-06-17,24.819691
2008-06-18,24.915205
2008-06-19,24.316835
2008-06-20,24.152905
2008-06-23,25.107761
2008-06-24,24.631746
2008-06-25,24.538794
2008-06-26,24.361340
2008-06-27,24.575405
2008-06-30,24.921858
2008-07-01,25.026077
2008-07-02,24.271204
2008-07-03,23.913492
2008-07-07,23.313545
2008-07-08,22.927662
2008-07-09,22.491076
2008-07-10,23.181158
2008-07-11,23.040321
2008-07-14,23.192425
2008-07-15,22.215042
2008-07-16,21.643250
2008-07-17,21.288363
2008-07-18,21.660152
2008-07-21,22.307991
2008-07-22,21.567204
2008-07-23,20.784182
2008-07-24,20.733473
2008-07-25,20.789806
2008-07-28,20.871490
2008-07-29,20.623631
2008-07-30,21.851694
2008-07-31,20.955994
2008-08-01,20.953184
2008-08-04,19.967339
2008-08-05,20.116623
2008-08-06,20.575733
2008-08-07,20.336323
2008-08-08,19.992693
2008-08-11,19.984245
2008-08-12,19.995506
2008-08-13,20.702492
2008-08-14,20.322241
2008-08-15,19.941996
2008-08-18,19.688490
2008-08-19,20.395479
2008-08-20,20.984156
2008-08-21,21.510887
2008-08-22,21.017962
2008-08-25,20.744743
2008-08-26,21.167240
2008-08-27,21.502426
2008-08-28,21.124994
2008-08-29,21.026407
2008-09-02,19.871574
2008-09-03,19.795527
2008-09-04,19.350494
2008-09-05,19.271620
2008-09-08,19.139240
2008-09-09,17.815411
2008-09-10,18.516756
2008-09-11,18.781528
2008-09-12,19.415276
2008-09-15,17.928080
2008-09-16,18.685760
2008-09-17,18.294237
2008-09-18,18.840683
2008-09-19,20.133455
2008-09-22,19.780237
2008-09-23,19.127489
2008-09-24,19.184002
2008-09-25,19.653084
2008-09-26,19.130320
2008-09-29,16.855591
2008-09-30,17.886984
2008-10-01,17.593109
2008-10-02,16.589970
2008-10-03,16.392160
2008-10-06,15.510534
2008-10-07,14.659985
2008-10-08,14.936907
2008-10-09,12.786508
2008-10-10,12.263752
2008-10-13,14.284161
2008-10-14,14.301113
2008-10-15,12.235491
2008-10-16,12.701737
2008-10-17,12.981488
2008-10-20,14.493268
2008-10-21,13.834861
2008-10-22,12.489808
2008-10-23,13.153863
2008-10-24,12.334391
2008-10-27,11.546004
2008-10-28,13.306450
2008-10-29,13.600328
2008-10-30,14.227645
2008-10-31,14.524343
2008-11-03,14.075057
2008-11-04,14.982121
2008-11-05,14.312414
2008-11-06,13.450561
2008-11-07,14.086356
2008-11-10,14.134390
2008-11-11,13.727484
2008-11-12,12.602837
2008-11-13,14.083529
2008-11-14,13.498600
2008-11-17,13.218851
2008-11-18,13.589028
2008-11-19,12.885409
2008-11-20,11.291685
2008-11-21,12.551971
2008-11-24,13.459037
2008-11-25,13.673800
2008-11-26,14.439579
2008-11-28,14.207859
2008-12-01,12.696087
2008-12-02,13.125594
2008-12-03,13.134081
2008-12-04,12.224188
2008-12-05,12.478512
2008-12-08,13.032354
2008-12-09,13.162335
2008-12-10,13.843343
2008-12-11,13.778347
2008-12-12,13.642707
2008-12-15,13.563588
2008-12-16,13.984626
2008-12-17,13.894205
2008-12-18,13.086034
2008-12-19,13.065876
2008-12-22,12.676735
2008-12-23,12.705144
2008-12-24,12.656856
2008-12-26,12.827279
2008-12-29,13.108479
2008-12-30,13.426605
2008-12-31,13.568627
2009-01-02,14.244641
2009-01-05,14.579809
2009-01-06,14.738870
2009-01-07,14.113979
2009-01-08,14.295773
2009-01-09,13.815739
2009-01-12,13.270380
2009-01-13,13.602706
2009-01-14,12.952256
2009-01-15,13.114160
2009-01-16,13.219256
2009-01-20,12.514831
2009-01-21,13.355596
2009-01-22,12.989183
2009-01-23,13.366957
2009-01-26,13.614074
2009-01-27,13.636794
2009-01-28,14.008886
2009-01-29,13.514661
2009-01-30,13.327189
2009-02-02,13.114160
2009-02-03,13.341394
2009-02-04,13.466371
2009-02-05,13.795852
2009-02-06,14.051491
2009-02-09,14.102620
2009-02-10,13.446488
2009-02-11,13.293103
2009-02-12,13.315828
2009-02-13,13.347070
2009-02-17,12.423943
2009-02-18,12.352931
2009-02-19,12.355770
2009-02-20,12.037645
2009-02-23,11.475249
2009-02-24,12.014915
2009-02-25,11.943913
2009-02-26,11.972316
2009-02-27,11.682592
2009-03-02,10.827631
2009-03-03,10.881604
2009-03-04,11.401400
2009-03-05,10.898643
2009-03-06,11.017943
2009-03-09,11.037827
2009-03-10,11.597387
2009-03-11,11.549096
2009-03-12,11.895625
2009-03-13,11.787690
2009-03-16,11.938233
2009-03-17,12.350086
2009-03-18,12.475063
2009-03-19,12.776150
2009-03-20,12.276526
2009-03-23,13.287199
2009-03-24,13.035958
2009-03-25,12.973152
2009-03-26,13.084491
2009-03-27,12.696213
2009-03-30,12.225136
2009-03-31,12.122362
2009-04-01,12.379307
2009-04-02,12.887494
2009-04-03,13.138735
2009-04-06,12.873219
2009-04-07,12.487798
2009-04-08,12.647676
2009-04-09,13.018827
2009-04-13,12.876076
2009-04-14,12.841812
2009-04-15,12.858944
2009-04-16,12.918898
2009-04-17,13.070216
2009-04-20,12.436405
2009-04-21,12.681937
2009-04-22,12.547750
2009-04-23,12.781858
2009-04-24,13.153011
2009-04-27,12.904625
2009-04-28,12.933174
2009-04-29,13.290055
2009-04-30,13.070216
2009-05-01,13.492757
2009-05-04,14.032355
2009-05-05,13.843924
2009-05-06,14.380664
2009-05-07,14.195086
2009-05-08,14.800350
2009-05-11,14.349263
2009-05-12,14.440617
2009-05-13,13.963830
2009-05-14,14.003804
2009-05-15,13.704024
2009-05-18,14.177957
2009-05-19,14.246490
2009-05-20,14.295019
2009-05-21,13.872474
2009-05-22,13.878180
2009-05-26,14.172253
2009-05-27,14.018080
2009-05-28,14.483446
2009-05-29,14.754668
2009-06-01,15.297128
2009-06-02,15.257154
2009-06-03,14.669017
2009-06-04,15.000201
2009-06-05,14.877438
2009-06-08,14.843183
2009-06-09,14.988778
2009-06-10,15.122970
2009-06-11,15.425596
2009-06-12,15.277136
2009-06-15,14.871728
2009-06-16,14.554817
2009-06-17,14.317859
2009-06-18,14.263609
2009-06-19,14.121272
2009-06-22,13.415357
2009-06-23,13.495705
2009-06-24,13.550229
2009-06-25,13.834323
2009-06-26,13.742487
2009-06-29,13.871620
2009-06-30,13.788404
2009-07-01,13.799880
2009-07-02,13.246049
2009-07-06,13.111176
2009-07-07,12.775431
2009-07-08,12.778310
2009-07-09,12.910308
2009-07-10,12.818484
2009-07-13,13.013612
2009-07-14,13.188660
2009-07-15,13.656405
2009-07-16,13.822842
2009-07-17,13.903185
2009-07-20,14.141362
2009-07-21,14.264759
2009-07-22,14.135622
2009-07-23,14.537360
2009-07-24,14.689459
2009-07-27,14.738237
2009-07-28,14.523026
2009-07-29,14.187282
2009-07-30,14.385282
2009-07-31,14.525889
2009-08-03,14.898938
2009-08-04,14.873110
2009-08-05,14.723898
2009-08-06,14.603367
2009-08-07,14.586146
2009-08-10,14.649285
2009-08-11,14.436929
2009-08-12,14.591891
2009-08-13,14.769805
2009-08-14,14.551718
2009-08-17,14.081100
2009-08-18,14.221715
2009-08-19,14.485715
2009-08-20,14.609108
2009-08-21,15.022331
2009-08-24,15.214595
2009-08-25,14.982152
2009-08-26,15.051021
2009-08-27,15.005113
2009-08-28,14.973543
2009-08-31,14.683722
2009-09-01,14.428326
2009-09-02,14.322148
2009-09-03,14.422585
2009-09-04,14.623452
2009-09-08,15.025205
2009-09-09,15.059636
2009-09-10,15.320769
2009-09-11,15.381027
2009-09-14,15.495811
2009-09-15,15.650772
2009-09-16,16.038168
2009-09-17,15.960681
2009-09-18,15.904768
2009-09-21,15.769296
2009-09-22,16.017176
2009-09-23,15.682831
2009-09-24,15.458006
2009-09-25,15.437830
2009-09-28,15.685713
2009-09-29,15.642484
2009-09-30,15.541595
2009-10-01,15.057366
2009-10-02,14.979537
2009-10-05,15.311006
2009-10-06,15.674187
2009-10-07,15.795245
2009-10-08,16.201649
2009-10-09,16.187244
2009-10-12,16.406292
2009-10-13,16.432238
2009-10-14,16.706059
2009-10-15,17.054821
2009-10-16,17.002943
2009-10-19,17.224880
2009-10-20,17.115349
2009-10-21,17.069237
2009-10-22,17.135534
2009-10-23,16.804060
2009-10-26,16.527353
2009-10-27,16.674347
2009-10-28,16.123829
2009-10-29,16.553291
2009-10-30,15.924943
2009-11-02,16.025831
2009-11-03,16.233355
2009-11-04,16.218948
2009-11-05,16.495649
2009-11-06,16.452412
2009-11-09,16.766592
2009-11-10,16.778126
2009-11-11,16.772354
2009-11-12,16.403418
2009-11-13,16.507183
2009-11-16,16.939529
2009-11-17,16.910709
2009-11-18,16.844410
2009-11-19,16.466827
2009-11-20,16.314056
2009-11-23,16.524469
2009-11-24,16.619591
2009-11-25,16.749292
2009-11-27,16.435125
2009-11-30,16.377468
2009-12-01,16.593647
2009-12-02,16.495649
2009-12-03,16.230473
2009-12-04,16.112303
2009-12-07,16.074831
2009-12-08,15.801007
2009-12-09,15.801007
2009-12-10,15.997001
2009-12-11,16.005650
2009-12-14,16.169949
2009-12-15,16.221832
2009-12-16,16.325592
2009-12-17,16.187244
2009-12-18,16.272449
2009-12-21,16.466608
2009-12-22,16.544853
2009-12-23,16.675272
2009-12-24,16.753513
2009-12-28,16.782497
2009-12-29,16.672373
2009-12-30,16.654976
2009-12-31,16.521667
2010-01-04,17.043320
2010-01-05,17.182421
2010-01-06,17.388178
2010-01-07,17.362097
2010-01-08,17.475122
2010-01-11,17.451941
2010-01-12,17.199814
2010-01-13,17.263569
2010-01-14,17.312838
2010-01-15,17.173737
2010-01-19,17.330225
2010-01-20,17.060707
2010-01-21,16.712950
2010-01-22,16.315908
2010-01-25,16.423143
2010-01-26,16.318808
2010-01-27,16.255053
2010-01-28,16.084072
2010-01-29,15.794271
2010-02-01,16.315908
2010-02-02,16.530371
2010-02-03,16.388363
2010-02-04,15.716016
2010-02-05,15.718923
2010-02-08,15.574014
2010-02-09,15.901489
2010-02-10,15.834839
2010-02-11,16.104355
2010-02-12,16.110149
2010-02-16,16.489794
2010-02-17,16.466608
2010-02-18,16.559347
2010-02-19,16.623100
2010-02-22,16.394159
2010-02-23,16.121744
2010-02-24,16.223173
2010-02-25,16.231867
2010-02-26,16.269545
2010-03-01,16.420242
2010-03-02,16.556448
2010-03-03,16.628899
2010-03-04,16.541952
2010-03-05,16.852047
2010-03-08,16.825968
2010-03-09,16.825968
2010-03-10,16.973761
2010-03-11,16.944792
2010-03-12,16.953489
2010-03-15,16.779598
2010-03-16,16.930296
2010-03-17,17.115765
2010-03-18,16.860748
2010-03-19,16.658043
2010-03-22,16.614414
2010-03-23,16.678400
2010-03-24,16.582430
2010-03-25,16.303249
2010-03-26,16.309065
2010-03-29,16.626051
2010-03-30,16.652233
2010-03-31,16.727839
2010-04-01,17.024473
2010-04-05,17.326921
2010-04-06,17.326921
2010-04-07,17.155340
2010-04-08,17.216413
2010-04-09,17.399635
2010-04-12,17.440348
2010-04-13,17.379271
2010-04-14,17.545034
2010-04-15,17.542124
2010-04-16,17.245485
2010-04-19,17.268763
2010-04-20,17.606110
2010-04-21,17.588655
2010-04-22,17.632278
2010-04-23,18.056879
2010-04-26,17.995804
2010-04-27,17.443247
2010-04-28,17.620647
2010-04-29,17.641008
2010-04-30,17.422884
2010-05-03,17.620647
2010-05-04,17.149521
2010-05-05,16.879065
2010-05-06,16.303249
2010-05-07,15.992064
2010-05-10,16.675495
2010-05-11,16.564981
2010-05-12,16.794720
2010-05-13,16.687122
2010-05-14,16.355593
2010-05-17,16.186913
2010-05-18,16.061861
2010-05-19,15.878653
2010-05-20,15.169055
2010-05-21,15.433701
2010-05-24,15.081808
2010-05-25,15.116711
2010-05-26,15.084719
2010-05-27,15.724518
2010-05-28,15.427881
2010-06-01,14.695024
2010-06-02,15.331917
2010-06-03,15.538398
2010-06-04,14.991652
2010-06-07,14.860781
2010-06-08,15.107982
2010-06-09,14.950939
2010-06-10,15.701252
2010-06-11,15.797221
2010-06-14,15.715792
2010-06-15,16.175283
2010-06-16,16.163654
2010-06-17,16.146206
2010-06-18,16.246117
2010-06-21,16.211063
2010-06-22,15.737782
2010-06-23,15.618007
2010-06-24,15.290802
2010-06-25,15.334629
2010-06-28,15.127212
2010-06-29,14.627645
2010-06-30,14.513703
2010-07-01,14.461118
2010-07-02,14.426059
2010-07-06,14.566288
2010-07-07,15.080463
2010-07-08,15.293732
2010-07-09,15.372602
2010-07-12,15.331702
2010-07-13,15.515746
2010-07-14,15.498223
2010-07-15,15.480698
2010-07-16,15.112594
2010-07-19,15.209001
2010-07-20,15.556660
2010-07-21,15.302491
2010-07-22,15.641376
2010-07-23,15.711495
2010-07-26,15.848805
2010-07-27,15.772843
2010-07-28,15.737782
2010-07-29,15.761160
2010-07-30,15.729022
2010-08-02,16.278252
2010-08-03,16.272408
2010-08-04,16.398033
2010-08-05,16.450621
2010-08-06,16.254879
2010-08-09,16.322075
2010-08-10,16.187683
2010-08-11,15.705648
2010-08-12,15.612168
2010-08-13,15.585874
2010-08-16,15.582952
2010-08-17,15.842953
2010-08-18,15.691042
2010-08-19,15.436876
2010-08-20,15.246984
2010-08-23,15.252828
2010-08-24,15.016194
2010-08-25,14.969452
2010-08-26,14.835062
2010-08-27,15.220692
2010-08-30,14.998664
2010-08-31,14.957765
2010-09-01,15.515746
2010-09-02,15.644295
2010-09-03,15.834191
2010-09-07,15.597555
2010-09-08,15.731942
2010-09-09,15.764077
2010-09-10,15.927679
2010-09-13,16.056227
2010-09-14,16.000715
2010-09-15,15.968586
2010-09-16,15.895540
2010-09-17,15.816013
2010-09-20,16.083080
2010-09-21,16.094818
2010-09-22,15.977424
2010-09-23,15.877637
2010-09-24,16.221020
2010-09-27,16.159391
2010-09-28,16.273848
2010-09-29,16.447010
2010-09-30,16.452873
2010-10-01,16.672993
2010-10-04,16.464619
2010-10-05,16.852011
2010-10-06,17.001692
2010-10-07,16.916592
2010-10-08,17.127899
2010-10-11,17.174854
2010-10-12,17.148445
2010-10-13,17.356817
2010-10-14,17.330399
2010-10-15,17.377359
2010-10-18,17.424320
2010-10-19,17.078005
2010-10-20,17.298120
2010-10-21,17.289312
2010-10-22,17.403774
2010-10-25,17.450731
2010-10-26,17.485950
2010-10-27,17.412580
2010-10-28,17.374422
2010-10-29,17.386168
2010-11-01,17.406710
2010-11-02,17.597477
2010-11-03,17.635628
2010-11-04,18.196180
2010-11-05,18.287169
2010-11-08,18.342928
2010-11-09,18.307714
2010-11-10,18.542500
2010-11-11,18.747952
2010-11-12,18.472069
2010-11-15,18.378149
2010-11-16,18.034769
2010-11-17,18.108143
2010-11-18,18.507288
2010-11-19,18.662830
2010-11-22,18.604137
2010-11-23,18.240215
2010-11-24,18.568909
2010-11-26,18.345863
2010-11-29,18.469126
2010-11-30,18.404562
2010-12-01,18.950453
2010-12-02,19.232187
2010-12-03,19.317308
2010-12-06,19.381876
2010-12-07,19.308506
2010-12-08,19.217514
2010-12-09,19.261539
2010-12-10,19.340786
2010-12-13,19.505140
2010-12-14,19.414162
2010-12-15,19.308506
2010-12-16,19.417091
2010-12-17,19.423876
2010-12-20,19.550634
2010-12-21,19.748148
2010-12-22,19.815948
2010-12-23,19.871960
2010-12-27,19.801214
2010-12-28,19.874907
2010-12-29,20.072409
2010-12-30,20.090107
2010-12-31,20.119585
2011-01-03,20.269926
2011-01-04,20.095995
2011-01-05,20.175596
2011-01-06,19.983980
2011-01-07,20.128418
2011-01-10,20.048834
2011-01-11,20.381952
2011-01-12,20.661997
2011-01-13,20.603045
2011-01-14,20.827084
2011-01-18,20.956791
2011-01-19,20.703274
2011-01-20,20.555883
2011-01-21,20.664955
2011-01-24,20.741598
2011-01-25,20.682634
2011-01-26,21.177885
2011-01-27,21.054079
2011-01-28,20.962690
2011-01-31,21.564062
2011-02-01,21.914862
2011-02-02,21.897181
2011-02-03,21.908983
2011-02-04,21.852959
2011-02-07,21.979719
2011-02-08,21.906029
2011-02-09,21.628922
2011-02-10,21.850012
2011-02-11,21.847067
2011-02-14,22.327578
2011-02-15,22.094692
2011-02-16,22.389481
2011-02-17,22.610580
2011-02-18,22.704914
2011-02-22,22.483812
2011-02-23,22.940748
2011-02-24,22.616472
2011-02-25,22.976128
2011-02-28,23.152998
2011-03-01,22.719648
2011-03-02,22.849360
2011-03-03,23.241442
2011-03-04,23.094040
2011-03-07,22.931908
2011-03-08,22.743233
2011-03-09,22.586998
2011-03-10,21.764521
2011-03-11,22.141855
2011-03-14,22.262730
2011-03-15,22.094692
2011-03-16,21.740942
2011-03-17,22.404226
2011-03-18,22.299229
2011-03-21,22.976570
2011-03-22,22.926281
2011-03-23,22.985445
2011-03-24,23.068256
2011-03-25,23.275312
2011-03-28,23.219116
2011-03-29,23.503073
2011-03-30,23.665743
2011-03-31,23.588837
2011-04-01,23.659840
2011-04-04,23.674625
2011-04-05,23.745615
2011-04-06,23.497147
2011-04-07,23.497147
2011-04-08,23.579971
2011-04-11,23.115585
2011-04-12,22.399790
2011-04-13,22.491480
2011-04-14,22.645288
2011-04-15,22.831636
2011-04-18,22.491480
2011-04-19,22.719240
2011-04-20,23.254604
2011-04-21,23.361099
2011-04-25,23.239807
2011-04-26,23.470516
2011-04-27,23.458696
2011-04-28,23.455742
2011-04-29,23.804758
2011-05-02,23.488274
2011-05-03,22.899666
2011-05-04,22.494444
2011-05-05,22.027103
2011-05-06,22.124704
2011-05-09,22.512182
2011-05-10,22.618662
2011-05-11,21.964989
2011-05-12,21.932453
2011-05-13,21.825974
2011-05-16,21.660324
2011-05-17,21.660324
2011-05-18,22.098095
2011-05-19,22.101057
2011-05-20,22.074423
2011-05-23,21.731318
2011-05-24,22.038929
2011-05-25,22.411615
2011-05-26,22.524021
2011-05-27,22.580215
2011-05-31,22.807976
2011-06-01,22.263731
2011-06-02,22.254858
2011-06-03,22.260771
2011-06-06,21.757938
2011-06-07,21.757938
2011-06-08,21.823006
2011-06-09,22.118790
2011-06-10,21.689909
2011-06-13,21.346792
2011-06-14,21.802305
2011-06-15,21.302423
2011-06-16,21.334957
2011-06-17,21.280039
2011-06-20,21.339420
2011-06-21,21.763947
2011-06-22,21.701609
2011-06-23,21.464102
2011-06-24,21.057377
2011-06-27,21.170198
2011-06-28,21.787691
2011-06-29,22.043011
2011-06-30,22.369576
2011-07-01,22.580360
2011-07-05,22.719889
2011-07-06,22.678331
2011-07-07,23.019730
2011-07-08,22.826761
2011-07-11,22.286451
2011-07-12,22.203325
2011-07-13,22.369576
2011-07-14,22.221128
2011-07-15,22.817856
2011-07-18,22.740669
2011-07-19,23.156296
2011-07-20,23.096918
2011-07-21,23.551125
2011-07-22,23.669891
2011-07-25,23.574886
2011-07-26,23.462072
2011-07-27,23.019730
2011-07-28,22.924721
2011-07-29,22.696136
2011-08-01,22.663483
2011-08-02,22.031136
2011-08-03,21.906454
2011-08-04,20.404259
2011-08-05,20.208321
2011-08-08,18.489412
2011-08-09,19.430502
2011-08-10,18.759562
2011-08-11,19.733316
2011-08-12,19.878794
2011-08-15,20.549725
2011-08-16,20.208321
2011-08-17,20.288483
2011-08-18,19.112844
2011-08-19,18.774410
2011-08-22,18.623005
2011-08-23,19.463161
2011-08-24,19.578941
2011-08-25,19.166285
2011-08-26,19.537382
2011-08-29,20.107386
2011-08-30,20.226130
2011-08-31,20.377542
2011-09-01,20.223166
2011-09-02,19.659094
2011-09-06,19.445343
2011-09-07,20.157856
2011-09-08,19.923319
2011-09-09,19.264248
2011-09-12,19.356283
2011-09-13,19.409729
2011-09-14,19.650196
2011-09-15,20.039097
2011-09-16,19.995588
2011-09-19,19.679665
2011-09-20,19.557465
2011-09-21,18.743813
2011-09-22,17.685764
2011-09-23,17.495024
2011-09-26,18.132832
2011-09-27,18.398083
2011-09-28,17.796041
2011-09-29,17.965933
2011-09-30,17.438396
2011-10-03,16.845289
2011-10-04,17.396671
2011-10-05,18.037458
2011-10-06,18.377222
2011-10-07,18.150713
2011-10-10,18.973305
2011-10-11,19.012049
2011-10-12,19.113386
2011-10-13,19.086554
2011-10-14,19.849548
2011-10-17,19.488916
2011-10-18,20.114799
2011-10-19,19.906176
2011-10-20,20.061159
2011-10-21,20.430733
2011-10-24,20.698971
2011-10-25,20.266808
2011-10-26,20.704929
2011-10-27,21.622898
2011-10-28,21.768934
2011-10-31,20.776455
2011-11-01,20.105860
2011-11-02,20.710886
2011-11-03,21.256310
2011-11-04,21.238415
2011-11-07,21.354660
2011-11-08,21.703358
2011-11-09,20.743670
2011-11-10,21.104303
2011-11-11,21.536455
2011-11-14,21.253323
2011-11-15,21.229479
2011-11-16,20.910570
2011-11-17,20.433706
2011-11-18,20.311514
2011-11-21,19.947899
2011-11-22,19.760130
2011-11-23,19.161072
2011-11-25,19.023975
2011-11-28,19.736286
2011-11-29,20.019430
2011-11-30,21.122181
2011-12-01,21.005951
2011-12-02,20.988075
2011-12-05,21.247355
2011-12-06,21.244379
2011-12-07,21.041712
2011-12-08,20.454571
2011-12-09,20.919521
2011-12-12,20.430733
2011-12-13,20.239985
2011-12-14,19.670723
2011-12-15,19.587269
2011-12-16,19.795883
2011-12-19,19.448694
2011-12-20,20.247828
2011-12-21,20.472305
2011-12-22,20.711750
2011-12-23,20.831469
2011-12-27,20.885349
2011-12-28,20.487276
2011-12-29,20.699785
2011-12-30,20.690796
2012-01-03,21.265461
2012-01-04,21.310352
2012-01-05,21.208595
2012-01-06,21.082882
2012-01-09,21.184649
2012-01-10,21.373209
2012-01-11,21.085886
2012-01-12,20.888344
2012-01-13,20.783587
2012-01-17,20.930239
2012-01-18,21.274443
2012-01-19,21.361235
2012-01-20,21.364233
2012-01-23,21.534838
2012-01-24,21.471975
2012-01-25,21.735369
2012-01-26,21.439060
2012-01-27,21.394161
2012-01-30,21.292400
2012-01-31,21.157719
2012-02-01,21.241518
2012-02-02,21.403143
2012-02-03,21.780256
2012-02-06,22.040657
2012-02-07,22.154390
2012-02-08,22.079563
2012-02-09,22.082552
2012-02-10,21.861082
2012-02-13,22.034660
2012-02-14,22.073580
2012-02-15,22.037659
2012-02-16,22.324984
2012-02-17,22.408798
2012-02-21,22.561436
2012-02-22,22.612326
2012-02-23,22.726057
2012-02-24,22.815842
2012-02-27,22.744024
2012-02-28,22.669191
2012-02-29,22.411781
2012-03-01,22.627295
2012-03-02,22.369879
2012-03-05,22.226219
2012-03-06,21.864069
2012-03-07,22.046648
2012-03-08,22.226219
2012-03-09,22.205278
2012-03-12,22.082552
2012-03-13,22.348930
2012-03-14,22.133440
2012-03-15,22.169353
2012-03-16,22.474316
2012-03-19,22.576469
2012-03-20,22.236961
2012-03-21,21.972555
2012-03-22,21.476799
2012-03-23,21.711153
2012-03-26,21.873405
2012-03-27,21.654070
2012-03-28,21.383656
2012-03-29,21.383656
2012-03-30,21.557926
2012-04-02,21.768246
2012-04-03,21.578957
2012-04-04,21.302534
2012-04-05,21.182346
2012-04-09,20.914944
2012-04-10,20.503313
2012-04-11,20.509327
2012-04-12,20.956999
2012-04-13,20.641520
2012-04-16,20.503313
2012-04-17,20.836823
2012-04-18,20.794762
2012-04-19,20.767723
2012-04-20,20.719648
2012-04-23,20.698610
2012-04-24,20.851845
2012-04-25,21.059155
2012-04-26,21.281504
2012-04-27,21.272490
2012-04-30,21.404684
2012-05-01,21.711153
2012-05-02,21.356630
2012-05-03,21.002073
2012-05-04,20.521338
2012-05-07,20.461246
2012-05-08,20.395155
2012-05-09,20.295998
2012-05-10,20.383129
2012-05-11,20.232893
2012-05-14,19.896385
2012-05-15,19.565887
2012-05-16,19.454704
2012-05-17,19.331520
2012-05-18,19.211338
2012-05-21,19.653015
2012-05-22,19.604944
2012-05-23,19.677048
2012-05-24,19.662029
2012-05-25,19.568888
2012-05-29,19.896385
2012-05-30,19.286459
2012-05-31,19.118196
2012-06-01,18.640469
2012-06-04,18.625446
2012-06-05,18.784689
2012-06-06,19.364573
2012-06-07,19.376596
2012-06-08,19.379602
2012-06-11,19.115191
2012-06-12,19.385601
2012-06-13,19.139233
2012-06-14,19.439686
2012-06-15,19.811337
2012-06-18,19.633209
2012-06-19,19.917009
2012-06-20,19.838511
2012-06-21,19.026377
2012-06-22,19.153175
2012-06-25,18.724461
2012-06-26,18.926737
2012-06-27,19.319223
2012-06-28,19.452068
2012-06-29,20.037767
2012-07-02,20.046824
2012-07-03,20.526865
2012-07-05,20.258167
2012-07-06,20.013620
2012-07-09,19.923042
2012-07-10,19.612083
2012-07-11,19.877756
2012-07-12,19.811337
2012-07-13,20.158533
2012-07-16,20.224955
2012-07-17,20.478558
2012-07-18,20.656687
2012-07-19,20.720089
2012-07-20,20.768385
2012-07-23,20.569132
2012-07-24,20.240046
2012-07-25,20.255148
2012-07-26,20.831797
2012-07-27,21.200129
2012-07-30,21.260506
2012-07-31,21.028034
2012-08-01,21.130686
2012-08-02,20.777447
2012-08-03,21.266548
2012-08-06,21.323904
2012-08-07,21.643930
2012-08-08,21.662050
2012-08-09,21.809984
2012-08-10,21.849234
2012-08-13,21.767719
2012-08-14,21.728462
2012-08-15,21.725443
2012-08-16,21.918671
2012-08-17,21.909616
2012-08-20,21.834135
2012-08-21,21.764698
2012-08-22,21.846205
2012-08-23,21.604681
2012-08-24,21.731482
2012-08-27,21.740540
2012-08-28,21.755640
2012-08-29,21.610720
2012-08-30,21.381268
2012-08-31,21.595623
2012-09-04,21.429571
2012-09-05,21.348055
2012-09-06,21.797909
2012-09-07,22.175303
2012-09-10,22.078686
2012-09-11,22.314173
2012-09-12,22.450029
2012-09-13,22.815344
2012-09-14,23.117243
2012-09-17,22.942146
2012-09-18,22.779116
2012-09-19,22.558720
2012-09-20,22.622112
2012-09-21,22.647594
2012-09-24,22.532358
2012-09-25,22.286707
2012-09-26,22.074432
2012-09-27,22.374653
2012-09-28,22.268522
2012-10-01,22.380713
2012-10-02,22.420145
2012-10-03,22.144167
2012-10-04,22.365561
2012-10-05,22.314011
2012-10-08,22.350395
2012-10-09,22.380713
2012-10-10,21.962227
2012-10-11,22.125986
2012-10-12,22.004684
2012-10-15,22.116884
2012-10-16,22.468678
2012-10-17,22.750708
2012-10-18,22.747665
2012-10-19,22.389818
2012-10-22,22.277605
2012-10-23,21.759037
2012-10-24,21.592241
2012-10-25,21.795427
2012-10-26,21.822721
2012-10-31,21.816654
2012-11-01,21.910671
2012-11-02,21.549788
2012-11-05,21.713545
2012-11-06,22.062300
2012-11-07,21.486099
2012-11-08,21.097929
2012-11-09,21.091866
2012-11-12,21.134312
2012-11-13,21.046370
2012-11-14,20.791636
2012-11-15,20.818935
2012-11-16,20.900799
2012-11-19,21.382992
2012-11-20,21.298077
2012-11-21,21.413315
2012-11-23,21.716578
2012-11-26,21.504295
2012-11-27,21.325380
2012-11-28,21.519457
2012-11-29,21.567984
2012-11-30,21.549788
2012-12-03,21.431519
2012-12-04,21.352661
2012-12-05,21.501261
2012-12-06,21.571011
2012-12-07,21.701414
2012-12-10,21.677151
2012-12-11,21.804529
2012-12-12,21.883377
2012-12-13,21.680189
2012-12-14,21.598303
2012-12-17,21.795427
2012-12-18,22.195740
2012-12-19,22.044104
2012-12-20,22.192705
2012-12-21,21.967447
2012-12-24,21.799807
2012-12-26,21.702259
2012-12-27,21.662643
2012-12-28,21.284676
2012-12-31,21.769316
2013-01-02,22.250917
2013-01-03,22.244822
2013-01-04,22.491718
2013-01-07,22.317978
2013-01-08,22.244822
2013-01-09,22.208252
2013-01-10,22.409416
2013-01-11,22.436853
2013-01-14,22.439907
2013-01-15,22.540480
2013-01-16,22.641081
2013-01-17,22.784332
2013-01-18,23.009890
2013-01-22,23.229351
2013-01-23,23.150105
2013-01-24,23.217163
2013-01-25,23.436617
2013-01-28,23.396990
2013-01-29,23.774954
2013-01-30,23.656076
2013-01-31,23.576839
2013-02-01,23.796291
2013-02-04,23.570726
2013-02-05,23.774954
2013-02-06,23.790194
2013-02-07,23.729240
2013-02-08,23.951746
2013-02-11,23.832876
2013-02-12,23.896879
2013-02-13,23.982225
2013-02-14,24.189501
2013-02-15,23.912111
2013-02-19,24.189501
2013-02-20,23.683510
2013-02-21,23.518923
2013-02-22,23.765821
2013-02-25,23.144005
2013-02-26,23.372602
2013-02-27,23.729240
2013-02-28,23.680466
2013-03-01,23.710949
2013-03-04,23.659130
2013-03-05,23.811533
2013-03-06,23.838959
2013-03-07,23.960892
2013-03-08,24.076715
2013-03-11,24.088907
2013-03-12,24.116341
2013-03-13,24.061485
2013-03-14,24.390667
2013-03-15,24.371376
2013-03-18,24.175426
2013-03-19,23.909061
2013-03-20,24.043768
2013-03-21,23.921305
2013-03-22,24.111128
2013-03-25,24.019272
2013-03-26,24.273403
2013-03-27,24.353004
2013-03-28,24.282585
2013-04-01,24.233604
2013-04-02,24.095816
2013-04-03,23.645752
2013-04-04,23.615131
2013-04-05,23.667181
2013-04-08,23.826387
2013-04-09,24.028460
2013-04-10,24.157051
2013-04-11,24.261156
2013-04-12,23.881496
2013-04-15,22.907877
2013-04-16,23.189550
2013-04-17,22.681293
2013-04-18,22.874195
2013-04-19,22.828260
2013-04-22,23.073200
2013-04-23,23.339577
2013-04-24,23.651876
2013-04-25,23.670238
2013-04-26,23.630436
2013-04-29,23.869257
2013-04-30,23.964163
2013-05-01,23.590633
2013-05-02,23.899866
2013-05-03,24.331587
2013-05-06,24.496910
2013-05-07,24.686735
2013-05-08,24.726538
2013-05-09,24.705105
2013-05-10,24.576519
2013-05-13,24.573458
2013-05-14,24.922495
2013-05-15,24.852077
2013-05-16,24.729601
2013-05-17,25.142935
2013-05-20,25.498093
2013-05-21,25.446047
2013-05-22,25.152121
2013-05-23,25.164366
2013-05-24,25.017403
2013-05-28,25.280708
2013-05-29,25.225609
2013-05-30,25.167433
2013-05-31,24.646931
2013-06-03,24.885746
2013-06-04,24.689798
2013-06-05,24.401995
2013-06-06,24.585695
2013-06-07,24.894924
2013-06-10,24.824516
2013-06-11,24.447927
2013-06-12,24.297903
2013-06-13,24.705105
2013-06-14,24.466293
2013-06-17,24.818394
2013-06-18,24.959227
2013-06-19,24.729601
2013-06-20,24.007034
2013-06-21,24.048250
2013-06-24,23.691389
2013-06-25,23.995956
2013-06-26,24.143623
2013-06-27,24.189777
2013-06-28,24.088249
2013-07-01,24.260523
2013-07-02,24.312822
2013-07-03,24.297453
2013-07-05,24.598928
2013-07-08,24.758911
2013-07-09,25.011168
2013-07-10,24.857349
2013-07-11,25.057312
2013-07-12,25.198830
2013-07-15,25.177298
2013-07-16,25.023468
2013-07-17,25.134226
2013-07-18,25.401873
2013-07-19,25.755657
2013-07-22,25.672594
2013-07-23,25.715662
2013-07-24,25.429564
2013-07-25,25.598774
2013-07-26,25.534155
2013-07-29,25.321878
2013-07-30,25.272669
2013-07-31,25.355726
2013-08-01,25.767963
2013-08-02,25.654137
2013-08-05,25.592607
2013-08-06,25.435707
2013-08-07,25.346500
2013-08-08,25.484938
2013-08-09,25.408026
2013-08-12,25.300356
2013-08-13,25.346500
2013-08-14,25.229593
2013-08-15,25.091152
2013-08-16,24.989635
2013-08-19,24.592779
2013-08-20,24.743519
2013-08-21,24.608160
2013-08-22,24.974253
2013-08-23,25.152678
2013-08-26,25.109613
2013-08-27,24.952717
2013-08-28,25.368034
2013-08-29,25.103464
2013-08-30,25.094236
2013-09-03,25.278818
2013-09-04,25.414173
2013-09-05,25.500311
2013-09-06,25.497236
2013-09-09,25.783344
2013-09-10,25.792578
2013-09-11,25.989462
2013-09-12,25.835653
2013-09-13,25.826418
2013-09-16,25.820259
2013-09-17,25.937170
2013-09-18,26.250956
2013-09-19,26.186354
2013-09-20,25.974035
2013-09-23,25.847307
2013-09-24,25.872030
2013-09-25,25.865860
2013-09-26,25.912214
2013-09-27,25.822588
2013-09-30,25.624786
2013-10-01,25.788591
2013-10-02,25.847307
2013-10-03,25.621696
2013-10-04,25.881311
2013-10-07,25.668047
2013-10-08,25.392981
2013-10-09,25.303356
2013-10-10,25.773132
2013-10-11,26.051294
2013-10-14,26.227461
2013-10-15,26.131655
2013-10-16,26.524172
2013-10-17,26.579796
2013-10-18,26.870316
2013-10-21,26.749790
2013-10-22,26.898132
2013-10-23,26.477804
2013-10-24,26.604519
2013-10-25,26.765226
2013-10-28,26.786877
2013-10-29,26.975401
2013-10-30,26.793056
2013-10-31,26.700338
2013-11-01,26.604519
2013-11-04,26.935232
2013-11-05,26.691071
2013-11-06,26.771423
2013-11-07,26.357265
2013-11-08,26.749790
2013-11-11,26.799238
2013-11-12,26.551989
2013-11-13,26.783779
2013-11-14,26.944502
2013-11-15,27.092859
2013-11-18,26.885775
2013-11-19,26.932148
2013-11-20,26.867235
2013-11-21,27.123760
2013-11-22,27.269030
2013-11-25,27.021769
2013-11-26,26.953781
2013-11-27,26.771423
2013-11-29,26.715790
2013-12-02,26.734327
2013-12-03,26.799238
2013-12-04,26.712700
2013-12-05,26.623072
2013-12-06,26.706516
2013-12-09,26.743607
2013-12-10,26.663237
2013-12-11,26.286180
2013-12-12,26.397455
2013-12-13,26.310915
2013-12-16,26.539625
2013-12-17,26.388172
2013-12-18,26.786877
2013-12-19,26.864138
2013-12-20,26.911652
2013-12-23,26.939598
2013-12-24,27.088644
2013-12-26,27.281155
2013-12-27,27.414677
2013-12-30,27.219059
2013-12-31,27.482975
2014-01-02,27.091745
2014-01-03,26.992384
2014-01-06,27.029640
2014-01-07,27.234573
2014-01-08,27.045174
2014-01-09,26.961321
2014-01-10,26.983063
2014-01-13,26.445889
2014-01-14,26.790548
2014-01-15,26.712929
2014-01-16,26.750195
2014-01-17,26.706724
2014-01-21,26.927174
2014-01-22,27.051374
2014-01-23,26.743977
2014-01-24,26.185066
2014-01-27,26.091915
2014-01-28,26.290636
2014-01-29,26.144701
2014-01-30,26.228533
2014-01-31,25.890078
2014-02-03,25.427425
2014-02-04,25.688248
2014-02-05,25.436749
2014-02-06,25.815565
2014-02-07,26.095024
2014-02-10,25.967705
2014-02-11,26.306162
2014-02-12,26.244064
2014-02-13,26.368259
2014-02-14,26.712929
2014-02-18,26.834019
2014-02-19,26.868179
2014-02-20,27.045174
2014-02-21,26.830917
2014-02-24,27.234573
2014-02-25,27.222155
2014-02-26,27.051374
2014-02-27,27.079334
2014-02-28,27.215946
2014-03-03,27.042059
2014-03-04,27.337042
2014-03-05,27.082426
2014-03-06,27.278051
2014-03-07,27.330837
2014-03-10,27.374321
2014-03-11,27.063793
2014-03-12,27.066900
2014-03-13,26.796759
2014-03-14,26.821594
2014-03-17,26.964432
2014-03-18,27.191114
2014-03-19,26.986174
2014-03-20,27.091745
2014-03-21,27.165689
2014-03-24,27.109524
2014-03-25,27.352922
2014-03-26,27.224983
2014-03-27,27.446533
2014-03-28,27.789766
2014-03-31,27.789766
2014-04-01,27.955139
2014-04-02,28.054998
2014-04-03,28.235977
2014-04-04,28.133009
2014-04-07,27.661835
2014-04-08,27.939541
2014-04-09,28.067476
2014-04-10,27.677427
2014-04-11,27.599421
2014-04-14,27.976986
2014-04-15,28.351416
2014-04-16,28.691551
2014-04-17,28.953653
2014-04-21,29.150232
2014-04-22,29.103422
2014-04-23,29.256329
2014-04-24,29.265682
2014-04-25,29.090942
2014-04-28,29.140867
2014-04-29,29.275047
2014-04-30,29.250082
2014-05-01,29.184559
2014-05-02,29.243849
2014-05-05,29.381144
2014-05-06,29.424810
2014-05-07,29.680683
2014-05-08,29.256329
2014-05-09,29.228239
2014-05-12,29.434187
2014-05-13,29.543392
2014-05-14,29.555887
2014-05-15,29.218880
2014-05-16,29.143990
2014-05-19,29.234474
2014-05-20,29.150232
2014-05-21,29.465393
2014-05-22,29.437300
2014-05-23,29.378023
2014-05-27,29.459135
2014-05-28,29.509069
2014-05-29,29.761816
2014-05-30,29.739977
2014-06-02,29.702536
2014-06-03,29.805504
2014-06-04,29.789906
2014-06-05,29.961521
2014-06-06,30.208027
2014-06-09,30.254843
2014-06-10,30.204903
2014-06-11,30.320356
2014-06-12,30.420216
2014-06-13,30.710407
2014-06-16,30.894497
2014-06-17,30.872658
2014-06-18,31.106691
2014-06-19,31.328241
2014-06-20,31.639830
2014-06-23,31.752691
2014-06-24,31.084957
2014-06-25,31.320070
2014-06-26,31.354561
2014-06-27,31.354561
2014-06-30,31.379644
2014-07-01,31.398445
2014-07-02,31.351423
2014-07-03,31.470551
2014-07-07,31.229174
2014-07-08,31.179014
2014-07-09,31.385914
2014-07-10,31.084957
2014-07-11,30.846735
2014-07-14,31.113180
2014-07-15,30.978386
2014-07-16,31.448605
2014-07-17,30.940762
2014-07-18,31.031673
2014-07-21,31.078705
2014-07-22,31.301268
2014-07-23,31.501896
2014-07-24,31.530119
2014-07-25,31.298141
2014-07-28,31.222910
2014-07-29,31.144537
2014-07-30,30.959570
2014-07-31,30.291849
2014-08-01,30.047338
2014-08-04,30.552046
2014-08-05,29.884335
2014-08-06,29.972095
2014-08-07,29.784014
2014-08-08,30.282457
2014-08-11,30.285585
2014-08-12,30.063019
2014-08-13,30.160191
2014-08-14,29.987782
2014-08-15,30.210352
2014-08-18,30.291849
2014-08-19,30.523830
2014-08-20,30.589670
2014-08-21,30.614742
2014-08-22,30.410973
2014-08-25,30.680569
2014-08-26,30.837320
2014-08-27,30.774620
2014-08-28,30.780895
2014-08-29,30.953300
2014-09-02,30.561457
2014-09-03,30.642952
2014-09-04,30.229156
2014-09-05,30.432928
2014-09-08,29.959562
2014-09-09,29.827904
2014-09-10,29.755802
2014-09-11,29.774616
2014-09-12,29.329473
2014-09-15,29.536362
2014-09-16,29.893740
2014-09-17,29.730717
2014-09-18,29.577118
2014-09-19,29.552851
2014-09-22,29.118011
2014-09-23,29.032944
2014-09-24,29.058153
2014-09-25,28.613869
2014-09-26,28.982521
2014-09-29,28.916359
2014-09-30,28.554001
2014-10-01,27.971069
2014-10-02,27.826134
2014-10-03,27.782013
2014-10-06,27.813524
2014-10-07,27.451170
2014-10-08,27.719004
2014-10-09,26.701233
2014-10-10,26.326273
2014-10-13,25.513321
2014-10-14,25.191923
2014-10-15,25.384134
2014-10-16,25.837870
2014-10-17,26.058437
2014-10-20,26.285320
2014-10-21,27.085646
2014-10-22,26.572044
2014-10-23,27.066748
2014-10-24,26.972218
2014-10-27,26.405052
2014-10-28,27.006878
2014-10-29,27.095108
2014-10-30,26.997414
2014-10-31,27.545689
2014-11-03,27.110863
2014-11-04,26.553133
2014-11-05,27.019476
2014-11-06,27.359787
2014-11-07,27.662285
2014-11-10,27.413357
2014-11-11,27.495275
2014-11-12,27.252649
2014-11-13,26.890293
2014-11-14,27.164429
2014-11-17,27.022636
2014-11-18,27.044691
2014-11-19,27.186478
2014-11-20,27.526785
2014-11-21,27.885994
2014-11-24,27.671743
2014-11-25,27.221142
2014-11-26,26.877686
2014-11-28,25.150972
2014-12-01,25.239189
2014-12-02,25.513321
2014-12-03,25.825274
2014-12-04,25.601557
2014-12-05,25.295906
2014-12-08,24.271851
2014-12-09,24.536524
2014-12-10,23.780293
2014-12-11,23.764544
2014-12-12,23.323399
2014-12-15,23.115448
2014-12-16,23.320253
2014-12-17,24.287601
2014-12-18,24.753933
2014-12-19,25.544991
2014-12-22,25.285009
2014-12-23,25.592552
2014-12-24,25.405483
2014-12-26,25.399139
2014-12-29,25.491095
2014-12-30,25.288179
2014-12-31,25.097946
2015-01-02,25.215252
2015-01-05,24.172150
2015-01-06,23.817045
2015-01-07,23.867777
2015-01-08,24.403591
2015-01-09,24.210190
2015-01-12,23.512678
2015-01-13,23.325617
2015-01-14,23.398535
2015-01-15,23.100512
2015-01-16,23.851923
2015-01-20,23.880463
2015-01-21,24.365553
2015-01-22,24.479677
2015-01-23,24.305313
2015-01-26,24.654062
2015-01-27,24.638216
2015-01-28,23.668032
2015-01-29,23.747293
2015-01-30,23.953381
2015-02-02,24.685776
2015-02-03,25.361095
2015-02-04,24.942593
2015-02-05,25.300863
2015-02-06,25.307205
2015-02-09,25.332563
2015-02-10,25.319880
2015-02-11,25.142332
2015-02-12,25.472069
2015-02-13,26.011066
2015-02-17,26.090322
2015-02-18,25.779612
2015-02-19,25.659136
2015-02-20,25.535479
2015-02-23,25.430849
2015-02-24,25.500605
2015-02-25,25.640104
2015-02-26,25.164528
2015-02-27,25.053558
2015-03-02,24.879171
2015-03-03,24.971123
2015-03-04,24.936245
2015-03-05,24.787235
2015-03-06,24.343363
2015-03-09,24.168976
2015-03-10,23.832901
2015-03-11,23.902655
2015-03-12,23.750465
2015-03-13,23.661692
2015-03-16,23.981913
2015-03-17,23.889973
2015-03-18,24.584318
2015-03-19,24.194349
2015-03-20,24.550259
2015-03-23,24.464073
2015-03-24,24.301273
2015-03-25,24.617287
2015-03-26,24.588566
2015-03-27,24.387468
2015-03-30,24.910959
2015-03-31,24.764133
2015-04-01,24.757742
2015-04-02,24.808817
2015-04-06,25.255711
2015-04-07,25.271656
2015-04-08,25.067369
2015-04-09,25.469576
2015-04-10,25.581312
2015-04-13,25.325937
2015-04-14,25.782404
2015-04-15,26.398468
2015-04-16,26.337820
2015-04-17,26.146297
2015-04-20,26.245255
2015-04-21,25.967548
2015-04-22,26.139912
2015-04-23,26.318661
2015-04-24,26.168644
2015-04-27,26.139912
2015-04-28,26.270796
2015-04-29,26.475088
2015-04-30,26.392090
2015-05-01,26.452732
2015-05-04,26.385704
2015-05-05,26.060110
2015-05-06,25.957964
2015-05-07,25.677057
2015-05-08,26.098419
2015-05-11,25.606836
2015-05-12,25.724945
2015-05-13,25.657902
2015-05-14,25.648340
2015-05-15,25.750473
2015-05-18,25.772827
2015-05-19,25.405737
2015-05-20,25.453619
2015-05-21,25.693024
2015-05-22,25.600443
2015-05-26,25.195061
2015-05-27,25.150370
2015-05-28,25.051414
2015-05-29,25.022682
2015-06-01,24.958847
2015-06-02,25.131214
2015-06-03,24.958847
2015-06-04,24.620481
2015-06-05,24.792858
2015-06-08,24.652407
2015-06-09,24.649210
2015-06-10,24.952457
2015-06-11,24.840733
2015-06-12,24.563028
2015-06-15,24.505569
2015-06-16,24.697096
2015-06-17,24.636433
2015-06-18,24.620481
2015-06-19,24.392021
2015-06-22,24.690855
2015-06-23,24.771189
2015-06-24,24.616947
2015-06-25,24.366318
2015-06-26,24.446646
2015-06-29,23.983931
2015-06-30,24.151020
2015-07-01,23.842550
2015-07-02,23.948589
2015-07-06,23.633688
2015-07-07,23.848978
2015-07-08,23.366978
2015-07-09,23.485874
2015-07-10,23.614408
2015-07-13,23.781496
2015-07-14,23.951797
2015-07-15,23.530861
2015-07-16,23.562990
2015-07-17,23.277014
2015-07-20,22.968536
2015-07-21,22.978178
2015-07-22,22.791805
2015-07-23,22.772528
2015-07-24,22.335520
2015-07-27,22.014191
2015-07-28,22.643991
2015-07-29,22.952471
2015-07-30,22.791805
2015-07-31,22.293741
2015-08-03,21.824612
2015-08-04,21.750706
2015-08-05,21.586828
2015-08-06,21.930647
2015-08-07,21.538624
2015-08-10,22.226273
2015-08-11,22.268042
2015-08-12,22.672916
2015-08-13,22.329094
2015-08-14,22.280895
2015-08-17,22.329094
2015-08-18,22.245554
2015-08-19,21.631809
2015-08-20,21.143389
2015-08-21,20.404341
2015-08-24,19.308611
2015-08-25,19.029055
2015-08-26,19.684563
2015-08-27,20.658186
2015-08-28,21.127329
2015-08-31,21.345831
2015-09-01,20.593927
2015-09-02,20.783508
2015-09-03,20.841345
2015-09-04,20.497522
2015-09-08,20.818848
2015-09-09,20.426825
2015-09-10,20.545721
2015-09-11,20.362566
2015-09-14,20.185835
2015-09-15,20.410769
2015-09-16,20.989151
2015-09-17,20.976299
2015-09-18,20.425364
2015-09-21,20.541899
2015-09-22,20.325022
2015-09-23,20.062824
2015-09-24,20.150225
2015-09-25,20.189070
2015-09-28,19.383062
2015-09-29,19.353928
2015-09-30,19.810343
2015-10-01,19.849188
2015-10-02,20.668142
2015-10-05,21.292877
2015-10-06,21.765478
2015-10-07,22.040619
2015-10-08,22.461430
2015-10-09,22.315762
2015-10-12,22.027676
2015-10-13,21.797842
2015-10-14,21.985598
2015-10-15,22.380505
2015-10-16,22.409641
2015-10-19,21.966171
2015-10-20,22.027676
2015-10-21,21.755772
2015-10-22,22.147442
2015-10-23,22.095655
2015-10-26,21.555075
2015-10-27,21.296116
2015-10-28,21.768715
2015-10-29,21.878778
2015-10-30,22.021208
2015-11-02,22.535881
2015-11-03,23.112064
2015-11-04,22.904902
2015-11-05,22.710682
2015-11-06,22.594151
2015-11-09,22.370802
2015-11-10,22.419344
2015-11-11,21.943512
2015-11-12,21.445019
2015-11-13,21.357618
2015-11-16,22.069756
2015-11-17,21.826984
2015-11-18,22.186285
2015-11-19,21.888489
2015-11-20,21.655418
2015-11-23,21.810799
2015-11-24,22.276920
2015-11-25,22.095655
2015-11-27,21.937042
2015-11-30,22.017963
2015-12-01,22.192762
2015-12-02,21.506521
2015-12-03,21.076000
2015-12-04,20.943285
2015-12-07,20.146986
2015-12-08,19.939819
2015-12-09,20.202015
2015-12-10,20.331495
2015-12-11,19.570801
2015-12-14,19.674391
2015-12-15,20.169649
2015-12-16,20.036930
2015-12-17,19.544910
2015-12-18,19.202602
2015-12-21,19.222197
2015-12-22,19.447575
2015-12-23,20.293541
2015-12-24,20.110630
2015-12-28,19.744806
2015-12-29,19.881992
2015-12-30,19.614151
2015-12-31,19.702347
2016-01-04,19.695814
2016-01-05,19.770935
2016-01-06,19.009886
2016-01-07,18.546072
2016-01-08,18.307636
2016-01-11,17.915670
2016-01-12,17.958136
2016-01-13,17.526981
2016-01-14,18.281507
2016-01-15,17.752356
2016-01-19,17.370201
2016-01-20,16.909653
2016-01-21,17.435528
2016-01-22,18.206373
2016-01-25,17.357132
2016-01-26,18.013664
2016-01-27,17.928738
2016-01-28,18.474211
2016-01-29,19.013151
2016-02-01,18.696327
2016-02-02,18.072458
2016-02-03,18.715918
2016-02-04,18.706120
2016-02-05,18.271696
2016-02-08,18.176979
2016-02-09,17.739294
2016-02-10,17.667435
2016-02-11,17.592310
2016-02-12,18.056131
2016-02-16,18.235781
2016-02-17,18.833506
2016-02-18,18.598328
2016-02-19,18.555872
2016-02-22,19.029488
2016-02-23,18.379488
2016-02-24,18.565668
2016-02-25,18.581997
2016-02-26,18.693058
2016-02-29,18.480743
2016-03-01,18.964159
2016-03-02,19.427977
2016-03-03,19.721947
2016-03-04,19.911385
2016-03-07,20.378468
2016-03-08,19.522701
2016-03-09,19.839527
2016-03-10,19.855862
2016-03-11,20.368671
2016-03-14,20.234751
2016-03-15,20.195553
2016-03-16,20.545046
2016-03-17,20.825947
2016-03-18,20.885828
2016-03-21,20.813456
2016-03-22,20.698311
2016-03-23,20.244347
2016-03-24,20.343037
2016-03-28,20.234480
2016-03-29,20.329874
2016-03-30,20.369352
2016-03-31,20.359480
2016-04-01,20.086449
2016-04-04,19.938414
2016-04-05,19.803532
2016-04-06,20.231182
2016-04-07,20.112757
2016-04-08,20.517384
2016-04-11,20.431854
2016-04-12,21.040438
2016-04-13,21.139126
2016-04-14,21.188469
2016-04-15,20.902269
2016-04-18,21.247683
2016-04-19,21.672043
2016-04-20,21.866129
2016-04-21,21.737829
2016-04-22,22.053638
2016-04-25,21.806919
2016-04-26,22.155617
2016-04-27,22.576691
2016-04-28,22.241146
2016-04-29,22.204962
2016-05-02,22.181931
2016-05-03,21.658888
2016-05-04,21.346373
2016-05-05,21.520723
2016-05-06,21.471375
2016-05-09,21.158865
2016-05-10,21.530584
2016-05-11,21.596382
2016-05-12,21.655596
2016-05-13,21.379269
2016-05-16,21.741117
2016-05-17,21.843103
2016-05-18,21.632566
2016-05-19,21.635857
2016-05-20,21.764151
2016-05-23,21.708227
2016-05-24,21.816788
2016-05-25,22.162199
2016-05-26,22.070086
2016-05-27,22.083244
2016-05-31,21.997721
2016-06-01,22.004297
2016-06-02,21.974686
2016-06-03,21.889154
2016-06-06,22.372728
2016-06-07,22.879341
2016-06-08,22.826702
2016-06-09,22.652353
2016-06-10,22.162199
2016-06-13,22.096403
2016-06-14,22.083244
2016-06-15,22.030609
2016-06-16,21.925344
2016-06-17,22.149189
2016-06-20,22.341240
2016-06-21,22.606142
2016-06-22,22.480310
2016-06-23,22.851183
2016-06-24,22.112762
2016-06-27,21.404150
2016-06-28,22.000179
2016-06-29,22.417402
2016-06-30,22.596214
2016-07-01,22.715412
2016-07-05,22.258457
2016-07-06,22.354488
2016-07-07,22.126005
2016-07-08,22.420712
2016-07-11,22.463755
2016-07-12,23.020054
2016-07-13,22.821375
2016-07-14,22.937271
2016-07-15,22.924030
2016-07-18,22.940584
2016-07-19,22.811445
2016-07-20,22.778330
2016-07-21,22.553167
2016-07-22,22.622696
2016-07-25,22.172367
2016-07-26,22.301500
2016-07-27,22.082962
2016-07-28,22.086267
2016-07-29,22.311440
2016-08-01,21.576338
2016-08-02,21.771704
2016-08-03,22.192230
2016-08-04,22.159124
2016-08-05,22.361103
2016-08-08,22.659122
2016-08-09,22.539913
2016-08-10,22.294882
2016-08-11,22.622696
2016-08-12,22.748522
2016-08-15,22.930649
2016-08-16,22.967070
2016-08-17,23.036613
2016-08-18,23.510126
2016-08-19,23.314753
2016-08-22,23.046537
2016-08-23,23.208799
2016-08-24,23.116085
2016-08-25,23.053167
2016-08-26,22.973690
2016-08-29,23.129330
2016-08-30,23.049858
2016-08-31,22.685617
2016-09-01,22.619390
2016-09-02,22.874359
2016-09-06,23.218735
2016-09-07,23.351185
2016-09-08,23.788273
2016-09-09,23.079655
2016-09-12,23.308136
2016-09-13,22.642561
2016-09-14,22.374352
2016-09-15,22.652502
2016-09-16,22.469612
2016-09-19,22.456282
2016-09-20,22.293056
2016-09-21,22.809412
2016-09-22,22.836056
2016-09-23,22.532915
2016-09-26,22.432964
2016-09-27,22.283060
2016-09-28,23.245802
2016-09-29,23.205843
2016-09-30,23.522308
2016-10-03,23.505650
2016-10-04,23.265789
2016-10-05,23.622244
2016-10-06,23.658886
2016-10-07,23.522308
2016-10-10,23.892078
2016-10-11,23.618914
2016-10-12,23.518976
2016-10-13,23.389051
2016-10-14,23.252474
2016-10-17,23.139206
2016-10-18,23.232479
2016-10-19,23.562279
2016-10-20,23.535624
2016-10-21,23.382389
2016-10-24,23.312435
2016-10-25,23.205843
2016-10-26,23.259134
2016-10-27,23.172516
2016-10-28,23.109224
2016-10-31,22.859379
2016-11-01,22.862709
2016-11-02,22.609533
2016-11-03,22.699478
2016-11-04,22.576210
2016-11-07,23.062593
2016-11-08,23.092566
2016-11-09,23.469004
2016-11-10,23.568943
2016-11-11,23.139206
2016-11-14,23.269125
2016-11-15,23.925394
2016-11-16,23.758831
2016-11-17,23.598917
2016-11-18,23.695530
2016-11-21,24.258514
2016-11-22,24.245197
2016-11-23,24.345135
2016-11-25,24.225204
2016-11-28,23.888746
2016-11-29,23.595594
2016-11-30,24.794861
2016-12-01,24.854818
2016-12-02,24.928110
2016-12-05,25.147972
2016-12-06,25.101341
2016-12-07,25.301216
2016-12-08,25.437801
2016-12-09,25.517752
2016-12-12,25.637682
2016-12-13,25.927502
2016-12-14,25.407820
2016-12-15,25.464453
2016-12-16,25.622517
2016-12-19,25.505312
2016-12-20,25.448374
2016-12-21,25.488565
2016-12-22,25.592377
2016-12-23,25.568935
2016-12-27,25.625870
2016-12-28,25.347912
2016-12-29,25.297674
2016-12-30,25.223999
2017-01-03,25.508659
2017-01-04,25.455074
2017-01-05,25.391443
2017-01-06,25.414888
2017-01-09,25.046511
2017-01-10,24.818783
2017-01-11,25.086700
2017-01-12,24.982878
2017-01-13,24.909204
2017-01-17,25.063255
2017-01-18,25.006317
2017-01-19,24.869013
2017-01-20,24.962780
2017-01-23,24.698221
2017-01-24,24.969484
2017-01-25,25.100088
2017-01-26,25.120178
2017-01-27,24.858973
2017-01-30,24.403521
2017-01-31,24.413557
2017-02-01,24.232721
2017-02-02,24.370024
2017-02-03,24.581015
2017-02-06,24.373375
2017-02-07,24.028440
2017-02-08,24.085369
2017-02-09,24.356632
2017-02-10,24.540817
2017-02-13,24.587713
2017-02-14,24.668081
2017-02-15,24.570957
2017-02-16,24.236069
2017-02-17,24.102112
2017-02-21,24.266211
2017-02-22,23.897833
2017-02-23,23.998297
2017-02-24,23.773920
2017-02-27,23.978205
2017-02-28,23.904535
2017-03-01,24.383423
2017-03-02,24.152346
2017-03-03,24.108812
2017-03-06,24.162394
2017-03-07,23.948063
2017-03-08,23.325174
2017-03-09,23.479219
2017-03-10,23.445732
2017-03-13,23.449070
2017-03-14,23.184515
2017-03-15,23.700249
2017-03-16,23.532793
2017-03-17,23.515617
2017-03-20,23.481930
2017-03-21,23.316849
2017-03-22,23.283157
2017-03-23,23.188826
2017-03-24,23.097864
2017-03-27,22.990059
2017-03-28,23.316849
2017-03-29,23.636902
2017-03-30,23.630169
2017-03-31,23.549307
2017-04-03,23.508879
2017-04-04,23.680700
2017-04-05,23.606581
2017-04-06,23.795238
2017-04-07,23.704285
2017-04-10,23.882841
2017-04-11,23.886206
2017-04-12,23.785139
2017-04-13,23.350534
2017-04-17,23.401070
2017-04-18,23.182087
2017-04-19,22.841824
2017-04-20,22.952993
2017-04-21,22.838451
2017-04-24,22.973207
2017-04-25,23.168613
2017-04-26,23.091125
2017-04-27,22.838451
2017-04-28,22.855289
2017-05-01,22.791286
2017-05-02,22.676737
2017-05-03,22.740749
2017-05-04,22.322996
2017-05-05,22.676737
2017-05-08,22.838451
2017-05-09,22.649790
2017-05-10,22.949625
2017-05-11,22.902456
2017-05-12,22.824974
2017-05-15,23.003531
2017-05-16,22.888985
2017-05-17,22.663260
2017-05-18,22.656519
2017-05-19,22.936159
2017-05-22,22.885614
2017-05-23,22.939520
2017-05-24,22.818233
2017-05-25,22.403847
2017-05-26,22.440908
2017-05-30,22.141066
2017-05-31,22.046732
2017-06-01,22.184858
2017-06-02,21.928818
2017-06-05,21.969248
2017-06-06,22.228661
2017-06-07,21.915340
2017-06-08,21.851334
2017-06-09,22.376894
2017-06-12,22.535242
2017-06-13,22.703688
2017-06-14,22.292664
2017-06-15,22.124224
2017-06-16,22.490242
2017-06-19,22.347765
2017-06-20,22.062822
2017-06-21,21.706640
2017-06-22,21.693073
2017-06-23,21.838942
2017-06-26,21.791449
2017-06-27,21.757526
2017-06-28,21.876253
2017-06-29,21.923738
2017-06-30,22.022114
2017-07-03,22.446133
2017-07-05,21.991581
2017-07-06,21.747347
2017-07-07,21.713423
2017-07-10,21.784666
2017-07-11,21.903387
2017-07-12,21.964451
2017-07-13,22.052645
2017-07-14,22.184942
2017-07-17,22.157803
2017-07-18,22.052645
2017-07-19,22.374905
2017-07-20,22.307058
2017-07-21,22.086567
2017-07-24,22.045866
2017-07-25,22.324020
2017-07-26,22.347765
2017-07-27,22.575048
2017-07-28,22.547907
2017-07-31,22.598789
2017-08-01,22.595398
2017-08-02,22.510593
2017-08-03,22.195114
2017-08-04,22.266356
2017-08-07,22.096746
2017-08-08,22.045866
2017-08-09,22.066212
2017-08-10,21.832155
2017-08-11,21.689684
2017-08-14,21.625231
2017-08-15,21.543821
2017-08-16,21.336897
2017-08-17,21.034986
2017-08-18,21.140146
2017-08-21,21.031597
2017-08-22,21.170675
2017-08-23,21.262266
2017-08-24,21.275831
2017-08-25,21.370811
2017-08-28,21.275831
2017-08-29,21.248699
2017-08-30,21.258875
2017-08-31,21.360638
2017-09-01,21.567564
2017-09-05,21.686291
2017-09-06,22.039074
2017-09-07,22.079781
2017-09-08,21.845722
2017-09-11,22.052645
2017-09-12,22.188332
2017-09-13,22.466499
2017-09-14,22.575048
2017-09-15,22.628311
2017-09-18,22.724550
2017-09-19,22.817339
2017-09-20,22.972006
2017-09-21,22.978870
2017-09-22,23.095728
2017-09-25,23.429104
2017-09-26,23.418795
2017-09-27,23.518465
2017-09-28,23.539087
2017-09-29,23.535645
2017-10-02,23.528776
2017-10-03,23.504717
2017-10-04,23.487532
2017-10-05,23.594076
2017-10-06,23.394728
2017-10-09,23.442850
2017-10-10,23.463469
2017-10-11,23.518465
2017-10-12,23.432539
2017-10-13,23.418795
2017-10-16,23.470348
2017-10-17,23.484098
2017-10-18,23.319126
2017-10-19,23.246946
2017-10-20,23.291630
2017-10-23,23.171343
2017-10-24,23.216024
2017-10-25,23.054485
2017-10-26,23.102602
2017-10-27,23.143829
2017-10-30,23.264135
2017-10-31,23.339748
2017-11-01,23.604385
2017-11-02,23.535645
2017-11-03,23.604385
2017-11-06,24.143972
2017-11-07,24.113037
2017-11-08,23.996189
2017-11-09,24.068361
2017-11-10,23.941206
2017-11-13,23.803722
2017-11-14,23.418795
2017-11-15,23.154154
2017-11-16,23.061363
2017-11-17,23.174776
2017-11-20,23.119783
2017-11-21,23.171343
2017-11-22,23.264135
2017-11-24,23.329433
2017-11-27,23.092289
2017-11-28,23.271013
2017-11-29,23.398172
2017-11-30,23.748730
2017-12-01,23.948072
2017-12-04,23.937765
2017-12-05,23.834646
2017-12-06,23.525337
2017-12-07,23.594076
2017-12-08,23.810595
2017-12-11,23.982435
2017-12-12,23.917139
2017-12-13,23.882772
2017-12-14,23.796843
2017-12-15,23.775400
2017-12-18,23.958767
2017-12-19,23.993355
2017-12-20,24.332415
2017-12-21,24.847919
2017-12-22,24.899815
2017-12-26,25.117785
2017-12-27,25.034748
2017-12-28,25.072800
2017-12-29,25.000153
2018-01-02,25.411863
2018-01-03,25.792427
2018-01-04,25.948120
2018-01-05,25.937746
2018-01-08,26.093431
2018-01-09,26.027697
2018-01-10,25.996555
2018-01-11,26.529362
2018-01-12,26.785379
2018-01-16,26.446327
2018-01-17,26.678133
2018-01-18,26.460163
2018-01-19,26.425573
2018-01-22,26.996433
2018-01-23,26.954906
2018-01-24,26.882246
2018-01-25,26.671207
2018-01-26,26.816525
2018-01-29,26.411732
2018-01-30,25.878923
2018-01-31,25.896236
2018-02-01,26.162622
2018-02-02,25.069347
2018-02-05,24.017578
2018-02-06,24.207870
2018-02-07,23.803074
2018-02-08,23.083447
2018-02-09,23.066151
2018-02-12,23.443260
2018-02-13,23.346394
2018-02-14,23.685446
2018-02-15,23.626635
2018-02-16,23.567816
2018-02-20,23.439806
2018-02-21,23.045391
2018-02-22,23.297945
2018-02-23,23.803074
2018-02-26,23.944929
2018-02-27,23.633551
2018-02-28,23.090370
2018-03-01,23.055771
2018-03-02,23.163019
2018-03-05,23.408672
2018-03-06,23.422506
2018-03-07,23.246054
2018-03-08,23.239136
2018-03-09,23.681988
2018-03-12,23.675068
2018-03-13,23.505537
2018-03-14,23.367149
2018-03-15,23.246054
2018-03-16,23.453375
2018-03-19,23.090998
2018-03-20,23.286129
2018-03-21,23.895895
2018-03-22,23.408079
2018-03-23,23.265223
2018-03-26,23.683350
2018-03-27,23.460350
2018-03-28,23.003891
2018-03-29,23.488218
2018-04-02,23.017826
2018-04-03,23.509130
2018-04-04,23.477770
2018-04-05,23.899376
2018-04-06,23.467316
2018-04-09,23.578815
2018-04-10,24.359314
2018-04-11,24.613680
2018-04-12,24.610193
2018-04-13,24.881975
2018-04-16,25.136333
2018-04-17,25.233904
2018-04-18,25.631117
2018-04-19,25.662474
2018-04-20,25.540535
2018-04-23,25.697319
2018-04-24,25.422058
2018-04-25,25.624153
2018-04-26,25.996977
2018-04-27,25.721708
2018-04-30,25.718225
2018-05-01,25.561438
2018-05-02,25.665966
2018-05-03,25.606722
2018-05-04,25.732164
2018-05-07,25.767012
2018-05-08,25.969101
2018-05-09,26.498728
2018-05-10,26.697334
2018-05-11,26.735662
2018-05-14,26.920343
2018-05-15,26.927303
2018-05-16,27.021391
2018-05-17,27.429060
2018-05-18,27.216507
2018-05-21,27.495260
2018-05-22,27.129406
2018-05-23,27.125923
2018-05-24,26.679922
2018-05-25,25.986523
2018-05-29,25.906382
2018-05-30,26.690378
2018-05-31,26.488270
2018-06-01,26.613720
2018-06-04,26.383747
2018-06-05,26.321028
2018-06-06,26.446461
2018-06-07,26.847164
2018-06-08,26.794901
2018-06-11,26.934280
2018-06-12,26.728693
2018-06-13,26.627649
2018-06-14,26.589327
2018-06-15,26.018232
2018-06-18,26.277834
2018-06-19,26.218180
2018-06-20,26.333942
2018-06-21,25.846344
2018-06-22,26.362007
2018-06-25,25.832314
2018-06-26,26.158548
2018-06-27,26.509338
2018-06-28,26.474258
2018-06-29,26.639130
2018-07-02,26.246252
2018-07-03,26.411119
2018-07-05,26.383053
2018-07-06,26.544422
2018-07-09,26.940811
2018-07-10,27.140770
2018-07-11,26.565474
2018-07-12,26.611073
2018-07-13,26.751390
2018-07-16,26.442690
2018-07-17,26.337452
2018-07-18,26.354994
2018-07-19,26.362007
2018-07-20,26.270803
2018-07-23,26.155041
2018-07-24,26.484787
2018-07-25,26.705790
2018-07-26,26.996939
2018-07-27,26.881182
2018-07-30,27.102182
2018-07-31,27.053074
2018-08-01,26.677719
2018-08-02,26.530390
2018-08-03,26.393572
2018-08-06,26.491802
2018-08-07,26.688253
2018-08-08,26.495312
2018-08-09,26.249756
2018-08-10,26.411119
2018-08-13,26.074362
2018-08-14,26.137506
2018-08-15,25.225445
2018-08-16,25.407856
2018-08-17,25.470997
2018-08-20,25.642889
2018-08-21,25.772678
2018-08-22,26.081377
2018-08-23,25.958605
2018-08-24,26.148029
2018-08-27,26.340961
2018-08-28,26.228716
2018-08-29,26.390074
2018-08-30,26.316401
2018-08-31,26.112946
2018-09-04,26.056826
2018-09-05,26.021740
2018-09-06,25.541149
2018-09-07,25.537649
2018-09-10,25.527126
2018-09-11,25.769165
2018-09-12,25.902473
2018-09-13,25.912996
2018-09-14,26.049803
2018-09-17,26.091898
2018-09-18,26.263788
2018-09-19,26.344473
2018-09-20,26.351486
2018-09-21,26.525621
2018-09-24,26.914135
2018-09-25,27.087208
2018-09-26,26.825844
2018-09-27,26.825844
2018-09-28,26.751665
2018-10-01,27.122528
2018-10-02,27.150791
2018-10-03,27.369772
2018-10-04,27.256741
2018-10-05,27.253210
2018-10-08,27.232025
2018-10-09,27.475729
2018-10-10,26.613914
2018-10-11,25.713249
2018-10-12,25.783880
2018-10-15,25.568432
2018-10-16,25.780357
2018-10-17,25.617882
2018-10-18,25.490728
2018-10-19,25.264669
2018-10-22,24.985653
2018-10-23,24.332218
2018-10-24,23.371500
2018-10-25,23.657602
2018-10-26,23.480999
2018-10-29,23.043022
2018-10-30,23.576361
2018-10-31,23.721174
2018-11-01,23.922495
2018-11-02,23.862457
2018-11-05,24.261581
2018-11-06,24.374605
2018-11-07,24.773726
2018-11-08,24.236851
2018-11-09,24.194462
2018-11-12,23.692919
2018-11-13,23.148987
2018-11-14,23.110130
2018-11-15,23.449209
2018-11-16,23.728239
2018-11-19,23.721174
2018-11-20,22.944126
2018-11-21,23.304396
2018-11-23,22.573267
2018-11-26,22.912340
2018-11-27,22.848763
2018-11-28,23.240820
2018-11-29,23.392698
2018-11-30,23.350313
2018-12-03,23.869524
2018-12-04,23.184309
2018-12-06,22.756926
2018-12-07,22.629774
2018-12-10,22.276573
2018-12-11,22.283632
2018-12-12,22.371939
2018-12-13,22.442577
2018-12-14,21.930433
2018-12-17,21.531313
2018-12-18,21.022705
2018-12-19,20.775459
2018-12-20,20.199728
2018-12-21,20.003654
2018-12-24,19.194382
2018-12-26,20.388680
2018-12-27,20.495634
2018-12-28,20.338770
2018-12-31,20.445715
2019-01-02,20.848576
2019-01-03,20.641802
2019-01-04,21.344126
2019-01-07,21.661421
2019-01-08,21.828972
2019-01-09,22.174789
2019-01-10,22.238956
2019-01-11,22.107050
2019-01-14,22.053574
2019-01-15,22.132002
2019-01-16,22.103485
2019-01-17,22.306692
2019-01-18,22.759459
2019-01-22,22.263914
2019-01-23,22.035746
2019-01-24,22.153393
2019-01-25,22.435036
2019-01-28,22.210436
2019-01-29,22.278175
2019-01-30,22.591896
2019-01-31,22.738073
2019-02-01,23.133791
2019-02-04,23.187269
2019-02-05,23.222918
2019-02-06,23.051796
2019-02-07,22.541990
2019-02-08,22.438599
2019-02-11,22.545549
2019-02-12,22.830759
2019-02-13,23.115965
2019-02-14,23.197964
2019-02-15,23.572298
2019-02-19,23.643602
2019-02-20,23.743418
2019-02-21,23.376219
2019-02-22,23.443953
2019-02-25,23.483170
2019-02-26,23.408302
2019-02-27,23.497433
2019-02-28,23.262135
2019-03-01,23.689943
2019-03-04,23.732725
2019-03-05,23.654293
2019-03-06,23.354824
2019-03-07,23.215788
2019-03-08,22.780849
2019-03-11,23.137356
2019-03-12,23.287085
2019-03-13,23.522381
2019-03-14,23.547338
2019-03-15,23.537996
2019-03-18,23.864954
2019-03-19,23.800289
2019-03-20,24.008684
2019-03-21,24.177561
2019-03-22,23.523626
2019-03-25,23.534407
2019-03-26,23.872152
2019-03-27,23.703279
2019-03-28,23.793104
2019-03-29,23.757175
2019-04-01,24.069773
2019-04-02,23.904488
2019-04-03,23.674540
2019-04-04,23.872152
2019-04-05,24.292540
2019-04-08,24.400326
2019-04-09,24.102106
2019-04-10,24.191935
2019-04-11,24.209898
2019-04-12,24.274569
2019-04-15,24.130846
2019-04-16,24.288942
2019-04-17,24.256605
2019-04-18,24.141626
2019-04-22,24.651844
2019-04-23,24.612310
2019-04-24,24.181150
2019-04-25,24.105690
2019-04-26,23.793104
2019-04-29,23.771547
2019-04-30,23.753584
2019-05-01,23.279297
2019-05-02,22.873287
2019-05-03,23.085276
2019-05-06,23.106829
2019-05-07,22.905628
2019-05-08,22.905628
2019-05-09,22.905628
2019-05-10,23.013416
2019-05-13,22.618179
2019-05-14,22.894844
2019-05-15,23.013416
2019-05-16,23.139170
2019-05-17,22.905628
2019-05-20,22.916407
2019-05-21,23.182287
2019-05-22,22.822985
2019-05-23,22.057667
2019-05-24,22.140305
2019-05-28,21.910351
2019-05-29,21.770224
2019-05-30,21.493563
2019-05-31,21.116289
2019-06-03,21.385773
2019-06-04,21.755852
2019-06-05,21.515116
2019-06-06,21.913944
2019-06-07,22.014551
2019-06-10,22.079226
2019-06-11,22.122339
2019-06-12,21.809746
2019-06-13,22.064850
2019-06-14,21.921127
2019-06-17,22.104378
2019-06-18,22.409779
2019-06-19,22.384630
2019-06-20,22.880470
2019-06-21,23.045815
2019-06-24,22.839138
2019-06-25,22.657846
2019-06-26,23.005924
2019-06-27,22.835506
2019-06-28,23.100193
2019-07-01,23.121954
2019-07-02,22.752115
2019-07-03,22.842764
2019-07-05,22.875395
2019-07-08,22.908026
2019-07-09,22.926161
2019-07-10,23.219851
2019-07-11,23.266985
2019-07-12,23.364885
2019-07-15,23.154587
2019-07-16,22.908026
2019-07-17,22.646969
2019-07-18,22.650599
2019-07-19,22.755747
2019-07-22,22.860891
2019-07-23,22.922533
2019-07-24,23.020430
2019-07-25,22.759367
2019-07-26,22.643341
2019-07-29,22.552696
2019-07-30,22.806507
2019-07-31,22.733994
2019-08-01,22.219116
2019-08-02,21.900045
2019-08-05,21.247391
2019-08-06,21.222015
2019-08-07,21.062483
2019-08-08,21.667994
2019-08-09,21.428690
2019-08-12,21.174877
2019-08-13,21.370670
2019-08-14,20.533112
2019-08-15,20.406210
2019-08-16,20.674517
2019-08-19,21.131372
2019-08-20,20.953705
2019-08-21,21.087856
2019-08-22,20.993589
2019-08-23,20.290171
2019-08-26,20.377193
2019-08-27,20.250288
2019-08-28,20.540358
2019-08-29,20.841303
2019-08-30,20.841303
2019-09-03,20.739777
2019-09-04,21.029842
2019-09-05,21.290907
2019-09-06,21.403303
2019-09-09,21.831154
2019-09-10,22.088591
2019-09-11,22.110340
2019-09-12,21.972563
2019-09-13,22.146606
2019-09-16,22.889902
2019-09-17,22.570826
2019-09-18,22.462053
2019-09-19,22.404045
2019-09-20,22.422329
2019-09-23,22.429649
2019-09-24,22.074726
2019-09-25,22.111319
2019-09-26,21.822256
2019-09-27,21.818598
2019-09-30,21.661257
2019-10-01,21.159975
2019-10-02,20.640398
2019-10-03,20.863600
2019-10-04,20.995321
2019-10-07,20.808714
2019-10-08,20.453793
2019-10-09,20.640398
2019-10-10,20.900188
2019-10-11,21.181931
2019-10-14,21.170950
2019-10-15,21.258772
2019-10-16,20.962393
2019-10-17,20.977026
2019-10-18,20.867260
2019-10-21,21.240475
2019-10-22,21.514898
2019-10-23,21.694193
2019-10-24,21.602715
2019-10-25,21.778353
2019-10-28,21.653946
2019-10-29,21.741758
2019-10-30,21.299025
2019-10-31,21.207546
2019-11-01,21.690535
2019-11-04,22.396723
2019-11-05,22.425993
2019-11-06,21.968613
2019-11-07,22.297926
2019-11-08,22.206453
2019-11-11,22.082041
2019-11-12,21.968613
2019-11-13,21.873486
2019-11-14,21.814938
2019-11-15,21.983253
2019-11-18,21.716146
2019-11-19,21.394154
2019-11-20,21.610029
2019-11-21,21.964956
2019-11-22,21.891781
2019-11-25,21.913731
2019-11-26,21.712486
2019-11-27,21.767372
2019-11-29,21.547831
2019-12-02,21.547831
2019-12-03,21.225845
2019-12-04,21.544178
2019-12-05,21.441719
2019-12-06,21.851530
2019-12-09,21.825918
2019-12-10,21.869825
2019-12-11,21.833231
2019-12-12,22.235723
2019-12-13,22.067410
2019-12-16,22.363789
2019-12-17,22.378428
2019-12-18,22.462582
2019-12-19,22.455261
2019-12-20,22.670666
2019-12-23,22.903427
2019-12-24,22.892345
2019-12-26,22.884956
2019-12-27,22.788893
2019-12-30,22.716978
2019-12-31,22.846352
2020-01-02,23.051834
2020-01-03,22.983341
2020-01-06,23.162184
2020-01-07,23.101303
2020-01-08,22.720781
2020-01-09,22.888208
2020-01-10,22.758835
2020-01-13,22.766443
2020-01-14,22.770248
2020-01-15,22.602818
2020-01-16,22.640873
2020-01-17,22.496275
2020-01-21,22.092926
2020-01-22,21.879837
2020-01-23,21.796124
2020-01-24,21.544979
2020-01-27,20.947563
2020-01-28,21.042690
2020-01-29,20.821993
2020-01-30,20.989422
2020-01-31,20.334932
2020-02-03,20.068565
2020-02-04,20.140865
2020-02-05,20.898094
2020-02-06,20.685001
2020-02-07,20.540409
2020-02-10,20.437666
2020-02-11,20.665974
2020-02-12,20.943758
2020-02-13,20.879068
2020-02-14,20.768719
2020-02-18,20.597488
2020-02-19,20.871462
2020-02-20,20.848627
2020-02-21,20.601290
2020-02-24,19.649996
2020-02-25,18.782413
2020-02-26,18.215437
2020-02-27,17.241312
2020-02-28,17.226091
2020-03-02,17.922438
2020-03-03,17.374489
2020-03-04,17.785454
2020-03-05,17.134762
2020-03-06,16.172049
2020-03-09,12.914810
2020-03-10,13.527445
2020-03-11,12.812069
2020-03-12,11.213891
2020-03-13,12.248900
2020-03-16,10.582231
2020-03-17,10.654527
2020-03-18,9.124842
2020-03-19,9.745088
2020-03-20,9.840219
2020-03-23,9.169522
2020-03-24,10.640069
2020-03-25,11.141925
2020-03-26,11.822733
2020-03-27,11.021325
2020-03-30,11.134142
2020-03-31,11.305319
2020-04-01,10.745109
2020-04-02,11.729364
2020-04-03,11.604875
2020-04-06,12.219546
2020-04-07,12.480199
2020-04-08,13.312730
2020-04-09,13.192132
2020-04-13,13.149339
2020-04-14,13.087094
2020-04-15,12.472422
2020-04-16,11.939445
2020-04-17,13.207694
2020-04-20,12.795318
2020-04-21,12.569675
2020-04-22,13.017068
2020-04-23,13.437222
2020-04-24,13.468347
2020-04-27,13.760121
2020-04-28,14.075241
2020-04-29,15.117846
2020-04-30,14.783280
2020-05-01,13.946855
2020-05-04,14.429258
2020-05-05,14.440928
2020-05-06,14.063569
2020-05-07,14.429258
2020-05-08,15.086726
2020-05-11,14.822180
2020-05-12,14.561525
2020-05-13,13.900177
2020-05-14,14.055789
2020-05-15,14.001324
2020-05-18,15.145082
2020-05-19,14.721034
2020-05-20,15.308474
2020-05-21,15.063380
2020-05-22,14.970016
2020-05-26,15.386284
2020-05-27,15.584685
2020-05-28,15.148968
2020-05-29,15.078943
2020-06-01,15.343489
2020-06-02,15.771423
2020-06-03,16.234377
2020-06-04,16.238264
2020-06-05,17.444271
2020-06-08,18.230120
2020-06-09,17.545422
2020-06-10,16.681763
2020-06-11,15.110069
2020-06-12,15.491322
2020-06-15,15.538000
2020-06-16,15.985394
2020-06-17,15.440744
2020-06-18,15.631370
2020-06-19,15.394061
2020-06-22,15.465381
2020-06-23,15.481138
2020-06-24,14.622176
2020-06-25,14.901928
2020-06-26,14.385756
2020-06-29,14.578831
2020-06-30,14.913745
2020-07-01,14.551250
2020-07-02,14.712796
2020-07-06,14.756136
2020-07-07,14.287253
2020-07-08,14.275434
2020-07-09,13.570132
2020-07-10,14.003560
2020-07-13,13.928695
2020-07-14,14.417279
2020-07-15,14.728559
2020-07-16,14.661576
2020-07-17,14.456683
2020-07-20,14.216333
2020-07-21,15.075294
2020-07-22,14.890109
2020-07-23,14.862529
2020-07-24,14.779778
2020-07-27,14.795544
2020-07-28,14.543366
2020-07-29,14.846767
2020-07-30,14.263614
2020-07-31,14.196626
2020-08-03,14.247851
2020-08-04,14.594590
2020-08-05,14.748259
2020-08-06,14.630052
2020-08-07,14.649753
2020-08-10,15.102880
2020-08-11,15.051652
2020-08-12,15.201385
2020-08-13,14.905869
2020-08-14,15.047714
2020-08-17,14.961032
2020-08-18,14.771902
2020-08-19,14.602470
2020-08-20,14.287253
2020-08-21,14.196626
2020-08-24,14.586713
2020-08-25,14.381816
2020-08-26,14.078424
2020-08-27,14.106002
2020-08-28,14.358176
2020-08-31,14.046900
2020-09-01,13.952332
2020-09-02,13.885351
2020-09-03,13.782903
2020-09-04,13.739559
2020-09-08,13.239153
2020-09-09,13.329778
2020-09-10,12.841188
2020-09-11,12.853011
2020-09-14,12.951518
2020-09-15,12.856952
2020-09-16,13.373120
2020-09-17,13.392821
2020-09-18,13.243095
2020-09-21,12.804137
2020-09-22,12.671975
2020-09-23,12.099251
2020-09-24,12.095247
2020-09-25,12.087235
2020-09-28,12.371593
2020-09-29,12.031165
2020-09-30,11.995119
2020-10-01,11.626657
2020-10-02,11.738795
2020-10-05,12.091242
2020-10-06,11.911012
2020-10-07,12.079226
2020-10-08,12.531797
2020-10-09,12.331545
2020-10-12,12.363584
2020-10-13,12.171341
2020-10-14,12.223410
2020-10-15,12.371593
2020-10-16,12.091242
2020-10-19,11.834919
2020-10-20,11.975096
2020-10-21,11.746808
2020-10-22,12.231419
2020-10-23,12.171341
2020-10-26,11.734792
2020-10-27,11.582600
2020-10-28,11.097988
2020-10-29,11.438419
2020-10-30,11.502499
2020-11-02,11.894996
2020-11-03,11.826908
2020-11-04,11.842928
2020-11-05,11.842928
2020-11-06,11.586605
2020-11-09,13.240688
2020-11-10,13.669232
2020-11-11,13.529053
2020-11-12,13.092503
2020-11-13,13.569104
2020-11-16,14.462229
2020-11-17,14.610416
2020-11-18,14.185880
2020-11-19,14.418177
2020-11-20,14.342080
2020-11-23,15.355357
2020-11-24,16.144356
2020-11-25,15.767879
2020-11-27,15.583643
2020-11-30,14.722556
2020-12-01,14.790643
2020-12-02,15.271249
2020-12-03,15.431449
2020-12-04,16.272512
2020-12-07,15.892035
2020-12-08,16.128336
2020-12-09,16.164377
2020-12-10,16.660997
2020-12-11,16.468760
2020-12-14,15.892035
2020-12-15,16.204424
2020-12-16,16.124325
2020-12-17,16.048229
2020-12-18,15.779888
2020-12-21,15.475492
2020-12-22,15.215743
2020-12-23,15.552609
2020-12-24,15.471433
2020-12-28,15.374029
2020-12-29,15.272566
2020-12-30,15.512020
2020-12-31,15.382149
2021-01-04,15.406498
2021-01-05,16.096460
2021-01-06,16.587557
2021-01-07,16.831072
2021-01-08,16.810778
2021-01-11,17.074589
2021-01-12,17.671209
2021-01-13,17.533211
2021-01-14,18.052711
2021-01-15,17.350573
2021-01-19,17.699619
2021-01-20,17.764553
2021-01-21,17.163881
2021-01-22,17.074589
2021-01-25,16.900070
2021-01-26,16.538851
2021-01-27,16.315628
2021-01-28,16.506382
2021-01-29,15.958470
2021-02-01,16.072109
2021-02-02,16.246635
2021-02-03,16.940653
2021-02-04,17.127352
2021-02-05,17.273464
2021-02-08,17.995895
2021-02-09,17.805134
2021-02-10,18.146065
2021-02-11,17.866020
2021-02-12,18.129831
2021-02-16,18.584394
2021-02-17,18.860380
2021-02-18,18.434221
2021-02-19,18.742682
2021-02-22,19.392054
2021-02-23,19.712687
2021-02-24,20.410772
2021-02-25,20.017088
2021-02-26,19.542227
2021-03-01,20.049559
2021-03-02,19.939972
2021-03-03,20.232189
2021-03-04,20.715168
2021-03-05,21.490358
2021-03-08,21.530949
2021-03-09,21.153496
2021-03-10,21.689230
2021-03-11,21.697351
2021-03-12,21.741995
2021-03-15,21.494421
2021-03-16,20.881567
2021-03-17,21.043917
2021-03-18,20.098251
2021-03-19,20.102314
2021-03-22,19.909536
2021-03-23,19.618322
2021-03-24,20.110519
2021-03-25,20.184347
2021-03-26,20.684759
2021-03-29,20.438652
2021-03-30,20.262281
2021-03-31,20.122818
2021-04-01,20.635532
2021-04-05,20.143332
2021-04-06,20.090012
2021-04-07,20.159742
2021-04-08,19.897228
2021-04-09,19.765974
2021-04-12,19.610115
2021-04-13,19.630625
2021-04-14,20.176147
2021-04-15,20.012079
2021-04-16,19.852114
2021-04-19,19.831600
2021-04-20,19.306589
2021-04-21,19.552691
2021-04-22,19.322994
2021-04-23,19.499369
2021-04-26,19.630625
2021-04-27,19.868521
2021-04-28,20.553501
2021-04-29,20.783192
2021-04-30,20.258175
2021-05-03,20.816004
2021-05-04,20.828312
2021-05-05,21.500984
2021-05-06,21.611729
2021-05-07,21.997290
2021-05-10,22.005487
2021-05-11,21.439459
2021-05-12,21.542004
2021-05-13,21.279495
2021-05-14,21.939865
2021-05-17,22.448475
2021-05-18,21.927561
2021-05-19,21.382040
2021-05-20,21.349222
2021-05-21,21.394342
2021-05-24,21.607630
2021-05-25,21.168751
2021-05-26,21.357428
2021-05-27,21.373835
2021-05-28,21.414854
2021-06-01,22.239290
2021-06-02,22.653561
2021-06-03,22.715086
2021-06-04,22.866842
2021-06-07,22.768406
2021-06-08,22.965284
2021-06-09,22.821730
2021-06-10,22.793016
2021-06-11,22.715086
2021-06-14,22.616640
2021-06-15,23.047318
2021-06-16,22.924269
2021-06-17,22.144951
2021-06-18,21.488682
2021-06-21,22.404419
2021-06-22,22.553585
2021-06-23,22.615740
2021-06-24,22.810490
2021-06-25,22.930655
2021-06-28,22.155802
2021-06-29,22.048067
2021-06-30,22.321541
2021-07-01,22.711042
2021-07-02,22.661314
2021-07-06,21.923761
2021-07-07,21.567413
2021-07-08,21.443104
2021-07-09,21.898899
2021-07-12,21.865749
2021-07-13,21.700003
2021-07-14,21.053610
2021-07-15,20.759411
2021-07-16,20.171017
2021-07-19,19.458323
2021-07-20,19.719368
2021-07-21,20.407204
2021-07-22,20.179310
2021-07-23,20.104721
2021-07-26,20.601954
2021-07-27,20.411346
2021-07-28,20.597813
2021-07-29,20.796696
2021-07-30,20.465212
2021-08-02,20.311901
2021-08-03,20.659962
2021-08-04,20.100576
2021-08-05,20.328476
2021-08-06,20.514936
2021-08-09,20.224890
2021-08-10,20.581230
2021-08-11,20.742834
2021-08-12,20.722115
2021-08-13,20.477646
2021-08-16,20.100576
2021-08-17,19.893400
2021-08-18,19.479040
2021-08-19,18.973518
2021-08-20,19.014959
2021-08-23,19.727659
2021-08-24,20.055000
2021-08-25,20.208315
2021-08-26,19.901684
2021-08-27,20.432066
2021-08-30,20.191734
2021-08-31,20.055000
2021-09-01,19.760799
2021-09-02,20.262180
2021-09-03,20.146156
2021-09-07,20.025991
2021-09-08,19.769089
2021-09-09,19.810524
2021-09-10,19.802235
2021-09-13,20.369913
2021-09-14,20.075716
2021-09-15,20.825708
2021-09-16,20.589521
2021-09-17,20.436209
2021-09-20,19.812151
2021-09-21,19.858278
2021-09-22,20.470604
2021-09-23,21.187761
2021-09-24,21.347134
2021-09-27,22.106232
2021-09-28,22.181725
2021-09-29,22.181725
2021-09-30,21.846207
2021-10-01,22.580149
2021-10-04,22.949213
2021-10-05,23.083420
2021-10-06,22.840172
2021-10-07,23.016317
2021-10-08,23.725094
2021-10-11,23.637026
2021-10-12,23.657990
2021-10-13,23.637026
2021-10-14,23.926405
2021-10-15,24.043837
2021-10-18,24.060608
2021-10-19,24.333214
2021-10-20,24.530325
2021-10-21,24.077383
2021-10-22,24.303854
2021-10-25,24.660334
2021-10-26,24.802933
2021-10-27,24.089968
2021-10-28,24.261915
2021-10-29,24.102549
2021-11-01,24.517746
2021-11-02,24.287079
2021-11-03,24.085775
2021-11-04,24.119320
2021-11-05,24.433867
2021-11-08,24.656147
2021-11-09,24.756800
2021-11-10,24.102549
2021-11-11,24.194809
2021-11-12,24.136099
2021-11-15,24.337406
2021-11-16,24.375151
2021-11-17,24.001892
2021-11-18,23.859301
2021-11-19,22.928246
2021-11-22,23.335060
2021-11-23,24.052221
2021-11-24,24.287079
2021-11-26,23.309891
2021-11-29,23.444101
2021-11-30,22.894690
2021-12-01,22.651445
2021-12-02,23.309891
2021-12-03,23.125362
2021-12-06,23.469263
2021-12-07,24.018669
2021-12-08,24.014477
2021-12-09,23.829939
2021-12-10,24.006086
2021-12-13,23.339249
2021-12-14,23.242790
2021-12-15,23.129555
2021-12-16,23.276346
2021-12-17,22.802425
2021-12-20,22.519918
2021-12-21,23.161402
2021-12-22,23.310085
2021-12-23,23.322838
2021-12-27,23.832621
2021-12-28,23.815632
2021-12-29,23.662697
2021-12-30,23.518257
2021-12-31,23.577736
2022-01-03,24.308428
2022-01-04,25.149580
2022-01-05,25.145332
2022-01-06,25.706099
2022-01-07,26.058702
2022-01-10,25.977989
2022-01-11,26.861620
2022-01-12,26.912600
2022-01-13,26.776653
2022-01-14,27.405396
2022-01-18,27.515848
2022-01-19,27.316183
2022-01-20,27.065535
2022-01-21,26.530258
2022-01-24,26.708685
2022-01-25,27.745251
2022-01-26,27.698517
2022-01-27,28.000153
2022-01-28,27.881197
2022-01-31,28.004396
2022-02-01,29.002729
2022-02-02,29.096193
2022-02-03,28.820059
2022-02-04,29.270374
2022-02-07,29.644217
2022-02-08,29.006977
2022-02-09,29.249130
2022-02-10,29.066460
2022-02-11,29.911854
2022-02-14,29.206650
2022-02-15,28.900776
2022-02-16,29.134438
2022-02-17,29.087700
2022-02-18,28.909273
2022-02-22,28.441963
2022-02-23,28.735090
2022-02-24,28.509939
2022-02-25,29.261883
2022-02-28,29.984076
2022-03-01,30.285704
2022-03-02,30.978167
2022-03-03,31.063135
2022-03-04,31.959505
2022-03-07,32.431065
2022-03-08,32.940853
2022-03-09,31.934023
2022-03-10,32.911110
2022-03-11,32.647728
2022-03-14,31.670631
2022-03-15,30.510859
2022-03-16,30.370663
2022-03-17,31.415737
2022-03-18,31.386005
2022-03-21,32.651215
2022-03-22,32.411034
2022-03-23,32.968601
2022-03-24,33.050083
2022-03-25,33.774899
2022-03-28,32.938564
2022-03-29,32.852791
2022-03-30,33.234497
2022-03-31,32.784172
2022-04-01,33.050083
2022-04-04,33.092983
2022-04-05,32.574017
2022-04-06,32.767017
2022-04-07,33.195911
2022-04-08,34.109432
2022-04-11,33.084393
2022-04-12,33.633373
2022-04-13,34.135170
2022-04-14,34.246677
2022-04-18,34.748474
2022-04-19,34.465408
2022-04-20,34.598362
2022-04-21,33.500412
2022-04-22,32.681232
2022-04-25,31.600433
2022-04-26,31.643333
2022-04-27,32.106525
2022-04-28,33.080101
2022-04-29,32.230904
2022-05-02,32.745564
2022-05-03,33.663391
2022-05-04,35.061565
2022-05-05,34.534027
2022-05-06,35.563370
2022-05-09,32.621193
2022-05-10,32.917130
2022-05-11,33.358883
2022-05-12,33.500412
2022-05-13,34.645538
2022-05-16,35.559082
2022-05-17,35.970806
2022-05-18,35.048698
2022-05-19,34.920029
2022-05-20,35.070141
2022-05-23,35.996540
2022-05-24,36.133781
2022-05-25,36.880039
2022-05-26,37.287487
2022-05-27,37.969425
2022-05-31,37.399002
2022-06-01,38.008018
2022-06-02,37.887928
2022-06-03,38.389729
2022-06-06,38.346840
2022-06-07,39.491970
2022-06-08,39.577751
2022-06-09,38.702824
2022-06-10,38.046619
2022-06-13,36.060871
2022-06-14,36.129494
2022-06-15,35.331760
2022-06-16,33.341724
2022-06-17,31.518951
2022-06-21,33.151817
2022-06-22,31.824711
2022-06-23,30.645054
2022-06-24,31.048380
2022-06-27,31.959152
2022-06-28,32.822212
2022-06-29,31.681587
2022-06-30,31.013699
2022-07-01,31.477749
2022-07-05,30.228703
2022-07-06,29.712605
2022-07-07,30.783831
2022-07-08,30.770823
2022-07-11,30.475908
2022-07-12,29.881746
2022-07-13,29.834036
2022-07-14,29.270229
2022-07-15,29.747299
2022-07-18,30.428202
2022-07-19,31.364985
2022-07-20,31.668575
2022-07-21,31.113443
2022-07-22,30.857563
2022-07-25,31.989519
2022-07-26,31.698935
2022-07-27,32.414532
2022-07-28,32.596691
2022-07-29,34.010544
2022-08-01,33.307949
2022-08-02,33.229889
2022-08-03,32.275749
2022-08-04,31.078751
2022-08-05,31.694599
2022-08-08,31.859400
2022-08-09,32.418873
2022-08-10,32.653072
2022-08-11,33.776340
2022-08-12,34.032223
2022-08-15,33.368679
2022-08-16,33.290604
2022-08-17,33.568180
2022-08-18,34.470257
2022-08-19,34.461586
2022-08-22,34.396538
2022-08-23,35.636906
2022-08-24,36.074940
2022-08-25,36.352505
2022-08-26,35.927483
2022-08-29,36.469612
2022-08-30,35.233570
2022-08-31,34.912636
2022-09-01,34.053909
2022-09-02,34.678436
2022-09-06,34.357498
2022-09-07,33.958500
2022-09-08,34.105949
2022-09-09,34.956001
2022-09-12,35.597878
2022-09-13,34.700119
2022-09-14,35.680275
2022-09-15,34.760845
2022-09-16,34.019222
2022-09-19,34.039391
2022-09-20,33.802635
2022-09-21,33.307217
2022-09-22,33.188839
2022-09-23,30.900251
2022-09-26,30.141773
2022-09-27,30.479364
2022-09-28,31.829714
2022-09-29,31.829714
2022-09-30,31.575428
2022-10-03,33.359825
2022-10-04,34.793480
2022-10-05,35.512497
2022-10-06,36.143829
2022-10-07,35.863235
2022-10-10,35.126678
2022-10-11,34.846085
2022-10-12,35.126678
2022-10-13,36.560333
2022-10-14,35.196827
2022-10-17,35.635254
2022-10-18,35.946533
2022-10-19,37.007526
2022-10-20,37.042595
2022-10-21,38.112366
2022-10-24,38.292114
2022-10-25,38.331570
2022-10-26,38.853306
2022-10-27,38.993591
2022-10-28,39.129509
2022-10-31,39.458328
2022-11-01,39.839756
2022-11-02,38.879604
2022-11-03,39.598629
2022-11-04,40.080894
2022-11-07,40.769222
2022-11-08,40.808681
2022-11-09,38.813843
2022-11-10,39.677551
2022-11-11,40.830597
2022-11-14,40.817448
2022-11-15,41.247116
2022-11-16,40.405331
2022-11-17,40.493011
2022-11-18,40.172958
2022-11-21,39.629311
2022-11-22,40.870056
2022-11-23,40.427254
2022-11-25,40.278183
2022-11-28,39.173351
2022-11-29,39.765224
2022-11-30,39.962513
2022-12-01,39.830986
2022-12-02,39.594238
2022-12-05,38.419250
2022-12-06,37.406498
2022-12-07,37.318813
2022-12-08,37.152206
2022-12-09,36.249046
2022-12-12,37.200432
2022-12-13,37.906303
2022-12-14,37.673939
2022-12-15,37.445946
2022-12-16,36.985607
2022-12-19,36.981178
2022-12-20,37.539288
2022-12-21,38.252422
2022-12-22,37.370968
2022-12-23,38.562477
2022-12-27,38.974411
2022-12-28,38.101818
2022-12-29,38.500462
2022-12-30,38.744083
2023-01-03,37.384254
2023-01-04,37.379826
2023-01-05,38.061951
2023-01-06,38.783951
2023-01-09,38.646645
2023-01-10,38.921257
2023-01-11,39.040859
2023-01-12,39.785000
2023-01-13,39.842575
2023-01-17,39.926739
2023-01-18,39.195877
2023-01-19,39.683113
2023-01-20,40.077339
2023-01-23,40.130489
2023-01-24,39.975464
2023-01-25,39.979893
2023-01-26,41.242271
2023-01-27,40.409550
2023-01-30,39.483799
2023-01-31,39.833714
2023-02-01,39.049717
2023-02-02,38.159405
2023-02-03,38.075233
2023-02-06,37.902496
2023-02-07,39.133877
2023-02-08,38.783951
2023-02-09,38.451736
2023-02-10,39.957745
2023-02-13,39.855869
2023-02-14,39.869160
2023-02-15,39.191452
2023-02-16,38.806099
2023-02-17,37.424122
2023-02-21,37.238079
2023-02-22,36.990036
2023-02-23,37.548145
2023-02-24,37.499413
2023-02-27,37.610165
2023-02-28,37.069763
2023-03-01,37.800613
2023-03-02,38.132828
2023-03-03,38.651066
2023-03-06,38.668789
2023-03-07,37.995514
2023-03-08,37.605724
2023-03-09,37.074192
2023-03-10,36.600235
2023-03-13,35.856102
2023-03-14,36.210453
2023-03-15,34.265942
2023-03-16,34.638016
2023-03-17,34.093193
2023-03-20,34.775734
2023-03-21,35.979683
2023-03-22,35.214344
2023-03-23,34.726501
2023-03-24,34.860764
2023-03-27,35.603725
2023-03-28,36.154232
2023-03-29,36.655502
2023-03-30,36.816631
2023-03-31,37.071743
2023-04-03,38.750103
2023-04-04,38.047436
2023-04-05,38.620312
2023-04-06,38.034008
2023-04-10,38.338348
2023-04-11,38.700867
2023-04-12,38.727722
2023-04-13,38.969421
2023-04-14,39.041027
2023-04-17,38.580032
2023-04-18,38.732201
2023-04-19,38.597935
2023-04-20,38.257793
2023-04-21,38.034008
2023-04-24,38.615829
2023-04-25,37.890778
2023-04-26,37.385036
2023-04-27,37.519310
2023-04-28,38.101139
2023-05-01,37.671478
2023-05-02,36.033390
2023-05-03,35.353088
2023-05-04,34.959232
2023-05-05,35.908066
2023-05-08,35.908066
2023-05-09,35.921497
2023-05-10,35.514217
2023-05-11,35.089031
2023-05-12,35.142735
2023-05-15,35.321762
2023-05-16,34.453495
2023-05-17,35.115894
2023-05-18,35.370995
2023-05-19,35.644009
2023-05-22,35.496319
2023-05-23,35.876747
2023-05-24,36.033390
2023-05-25,35.393379
2023-05-26,35.254631
2023-05-30,34.892101
2023-05-31,34.278938
2023-06-01,34.704132
2023-06-02,35.760384
2023-06-05,35.523170
2023-06-06,35.809612
2023-06-07,36.758442
2023-06-08,36.601799
2023-06-09,36.400394
2023-06-12,36.051300
2023-06-13,36.221367
2023-06-14,35.849892
2023-06-15,36.243748
2023-06-16,36.190037
2023-06-20,35.380035
2023-06-21,35.659966
2023-06-22,35.181377
2023-06-23,34.928532
2023-06-26,35.556126
2023-06-27,35.637402
2023-06-28,35.998604
2023-06-29,36.413982
2023-06-30,36.648766
2023-07-03,36.734550
2023-07-05,36.531380
2023-07-06,35.709633
2023-07-07,36.477200
2023-07-10,36.761639
2023-07-11,37.569839
2023-07-12,37.917496
2023-07-13,37.773018
2023-07-14,36.775185
2023-07-17,36.702953
2023-07-18,37.073185
2023-07-19,37.289902
2023-07-20,37.727867
2023-07-21,38.061981
2023-07-24,38.676029
2023-07-25,38.879208
2023-07-26,38.892757
2023-07-27,38.644421
2023-07-28,38.761818
2023-07-31,39.497780
2023-08-01,39.312664
2023-08-02,38.797939
2023-08-03,39.190754
2023-08-04,39.244930
2023-08-07,39.290085
2023-08-08,39.484230
2023-08-09,39.980885
2023-08-10,39.976368
2023-08-11,40.590416
2023-08-14,40.418842
2023-08-15,39.579044
2023-08-16,39.235901
2023-08-17,39.705460
2023-08-18,40.098270
2023-08-21,39.845432
2023-08-22,39.538410
2023-08-23,39.439083
2023-08-24,39.168171
2023-08-25,39.547440
2023-08-28,39.813820
2023-08-29,39.922188
2023-08-30,40.120853
2023-08-31,40.147942
2023-09-01,40.969681
2023-09-05,41.186409
2023-09-06,41.204464
2023-09-07,41.163834
2023-09-08,41.561157
2023-09-11,41.014828
2023-09-12,41.981060
2023-09-13,41.665005
2023-09-14,42.152626
2023-09-15,41.543098
2023-09-18,41.895149
2023-09-19,41.503983
2023-09-20,41.117371
2023-09-21,40.553375
2023-09-22,40.621590
2023-09-25,41.131016
2023-09-26,40.894497
2023-09-27,41.913330
2023-09-28,41.958820
2023-09-29,41.112820
2023-10-02,40.294109
2023-10-03,40.266815
2023-10-04,39.002369
2023-10-05,38.761311
2023-10-06,38.993271
2023-10-09,40.294109
2023-10-10,40.344143
2023-10-11,39.825623
2023-10-12,39.871113
2023-10-13,40.748943
2023-10-16,41.021858
2023-10-17,41.449398
2023-10-18,41.826916
2023-10-19,41.754147
2023-10-20,41.053692
2023-10-23,40.389622
2023-10-24,39.821079
2023-10-25,39.748306
2023-10-26,39.439014
2023-10-27,38.492950
2023-10-30,38.620308
2023-10-31,38.747662
2023-11-01,38.656693
2023-11-02,39.825623
2023-11-03,39.425369
2023-11-06,38.979630
2023-11-07,38.115440
2023-11-08,37.637856
2023-11-09,37.524151
2023-11-10,37.938049
2023-11-13,38.210953
2023-11-14,38.552071
2023-11-15,38.479301
2023-11-16,37.728828
2023-11-17,38.520248
2023-11-20,38.574821
2023-11-21,38.488407
2023-11-22,38.470215
2023-11-24,38.629406
2023-11-27,38.492950
2023-11-28,38.502048
2023-11-29,38.215492
2023-11-30,38.470215
2023-12-01,38.670341
2023-12-04,38.492950
2023-12-05,37.819798
2023-12-06,37.255791
2023-12-07,37.001080
2023-12-08,37.401340
2023-12-11,37.446823
2023-12-12,36.932854
2023-12-13,37.446823
2023-12-14,38.547531
2023-12-15,38.342854
2023-12-18,38.656025
2023-12-19,39.119831
2023-12-20,38.757057
2023-12-21,38.908604
2023-12-22,39.023403
2023-12-26,39.358620
2023-12-27,39.184120
2023-12-28,38.587158
2023-12-29,38.499905
2024-01-02,38.913185
2024-01-03,39.546898
2024-01-04,38.853497
2024-01-05,38.885635
2024-01-08,38.435612
2024-01-09,37.820282
2024-01-10,37.448318
2024-01-11,37.544754
2024-01-12,37.967224
2024-01-16,37.062584
2024-01-17,36.754910
2024-01-18,36.695221
2024-01-19,36.814613
2024-01-22,36.952377
2024-01-23,37.030437
2024-01-24,37.558521
2024-01-25,38.403469
2024-01-26,38.688179
2024-01-29,38.633068
2024-01-30,39.032585
2024-01-31,38.302444
2024-02-01,38.297852
2024-02-02,38.352955
2024-02-05,38.256519
2024-02-06,38.380516
2024-02-07,38.458576
2024-02-08,38.853497
2024-02-09,38.256519
2024-02-12,38.678993
2024-02-13,38.288666
2024-02-14,38.251926
2024-02-15,39.317295
2024-02-16,39.294331
2024-02-20,38.936150
2024-02-21,39.666286
2024-02-22,39.735168
2024-02-23,39.473419
2024-02-26,39.611187
2024-02-27,39.441277
2024-02-28,39.363213
2024-02-29,39.556080
2024-03-01,40.015285
2024-03-04,39.588223
2024-03-05,39.882111
2024-03-06,40.006100
2024-03-07,40.345917
2024-03-08,40.488270
2024-03-11,40.906143
2024-03-12,40.841858
2024-03-13,41.493935
2024-03-14,41.920998
2024-03-15,42.044983
2024-03-18,42.190331
2024-03-19,42.671764
2024-03-20,42.611591
2024-03-21,42.866192
2024-03-22,42.773613
2024-03-25,43.171722
2024-03-26,42.838421
2024-03-27,43.236530
2024-03-28,43.704079
2024-04-01,44.028118
2024-04-02,44.643803
2024-04-03,44.949329
2024-04-04,44.921543
2024-04-05,45.402992
2024-04-08,45.115978
2024-04-09,45.129864
2024-04-10,45.268734
2024-04-11,45.236336
2024-04-12,44.500294
2024-04-15,44.083664
2024-04-16,43.699451
2024-04-17,43.574455
2024-04-18,43.440212
2024-04-19,43.963310
2024-04-22,44.250324
2024-04-23,44.495670
2024-04-24,44.528069
2024-04-25,44.731754
2024-04-26,44.319756
2024-04-29,44.620647
2024-04-30,43.292076
2024-05-01,42.602333
2024-05-02,42.847675
2024-05-03,42.852310
2024-05-06,43.190239
2024-05-07,43.148575
2024-05-08,43.097656
2024-05-09,43.676300
2024-05-10,43.435585
2024-05-13,43.319859
2024-05-14,43.375401
2024-05-15,43.472614
2024-05-16,43.352261
2024-05-17,43.958687
2024-05-20,43.671673
2024-05-21,43.458736
2024-05-22,42.625473
2024-05-23,42.236629
2024-05-24,42.296803
2024-05-28,42.731949
2024-05-29,41.977390
2024-05-30,42.097752
2024-05-31,43.143944
2024-06-03,42.014423
2024-06-04,41.611683
2024-06-05,41.607059
2024-06-06,41.824627
2024-06-07,41.657982
2024-06-10,41.972759
2024-06-11,41.889435
2024-06-12,41.440411
2024-06-13,41.060810
2024-06-14,40.755295
2024-06-17,40.861763
2024-06-18,41.033039
2024-06-20,41.787590
2024-06-21,41.546879
2024-06-24,42.594479
2024-06-25,42.692463
2024-06-26,42.272495
2024-06-27,42.370495
2024-06-28,42.533813
2024-07-01,42.557140
2024-07-02,42.524479
2024-07-03,42.711132
2024-07-05,42.043846
2024-07-08,41.787197
2024-07-09,41.418556
2024-07-10,41.698536
2024-07-11,42.132504
2024-07-12,42.239834
2024-07-15,42.879124
2024-07-16,43.070446
2024-07-17,43.499752
2024-07-18,43.579079
2024-07-19,43.103107
2024-07-22,42.832462
2024-07-23,42.151173
2024-07-24,42.155834
2024-07-25,42.883789
2024-07-26,43.019119
2024-07-29,42.650471
2024-07-30,43.313091
2024-07-31,43.495083
2024-08-01,42.342491
2024-08-02,41.250565
2024-08-05,40.340630
2024-08-06,40.587948
2024-08-07,40.751266
2024-08-08,41.628544
2024-08-09,41.721867
2024-08-12,41.927189
2024-08-13,41.521217
2024-08-14,41.763859
2024-08-15,42.263165
2024-08-16,42.216507
2024-08-19,42.501152
2024-08-20,41.381222
2024-08-21,41.451221
2024-08-22,41.558548
2024-08-23,42.179165
2024-08-26,42.557140
2024-08-27,42.160507
2024-08-28,41.889851
2024-08-29,42.435822
2024-08-30,42.594479
2024-09-03,41.535217
2024-09-04,40.961254
2024-09-05,40.643944
2024-09-06,40.135311
2024-09-09,40.424614
2024-09-10,39.729343
2024-09-11,39.360691
2024-09-12,39.715343
2024-09-13,39.939316
2024-09-16,40.396626
2024-09-17,40.942589
2024-09-18,41.021919
2024-09-19,41.511879
2024-09-20,41.418556
2024-09-23,41.929977
2024-09-24,41.826469
2024-09-25,41.007816
2024-09-26,40.203278
2024-09-27,41.021935
2024-09-30,41.308933
2024-10-01,42.249912
2024-10-02,42.682758
2024-10-03,43.435543
2024-10-04,43.840160
2024-10-07,43.995426
2024-10-08,42.847431
2024-10-09,43.106201
2024-10-10,43.397903
2024-10-11,43.666080
2024-10-14,43.647263
2024-10-15,42.240501
2024-10-16,42.442810
2024-10-17,42.645119
2024-10-18,42.503967
2024-10-21,42.376942
2024-10-22,42.475739
2024-10-23,42.254616
2024-10-24,42.249912
2024-10-25,42.235794
2024-10-28,41.967617
2024-10-29,41.327747
2024-10-30,41.421848
2024-10-31,41.680614
2024-11-01,41.417145
2024-11-04,42.141701
2024-11-05,42.423985
2024-11-06,44.018948
2024-11-07,43.816631
2024-11-08,44.108341
2024-11-11,44.357700
2024-11-12,44.122459
2024-11-13,44.465908
2024-11-14,44.635292
2024-11-15,44.569420
2024-11-18,45.162235
2024-11-19,44.875240
2024-11-20,45.326904
2024-11-21,45.693890
2024-11-22,45.764458
2024-11-25,44.861122
2024-11-26,44.799961
2024-11-27,44.752911
2024-11-29,44.945816
2024-12-02,44.470619
2024-12-03,44.465908
2024-12-04,43.393196
2024-12-05,43.562572
2024-12-06,42.823902
2024-12-09,42.753326
2024-12-10,42.461632
2024-12-11,42.532200
2024-12-12,42.188747
2024-12-13,41.977028
2024-12-16,41.054874
2024-12-17,40.749050
2024-12-18,39.544601
2024-12-19,39.201141
2024-12-20,39.586948
2024-12-23,39.819416
2024-12-24,40.156269
2024-12-26,40.123055
2024-12-27,40.118309
2024-12-30,40.113567
2024-12-31,40.640190
2025-01-02,41.114624
2025-01-03,41.498920
2025-01-06,41.309147
2025-01-07,41.721905
2025-01-08,41.764610
2025-01-10,41.935402
2025-01-13,42.817852
2025-01-14,43.278065
2025-01-15,43.918545
2025-01-16,44.236416
2025-01-17,44.578007
2025-01-21,44.350285
2025-01-22,43.543739
2025-01-23,43.743004
2025-01-24,43.320751
2025-01-27,42.870041
2025-01-28,42.462025
2025-01-29,42.556911
2025-01-30,42.775150
2025-01-31,41.579571
2025-02-03,41.840515
2025-02-04,42.718220
2025-02-05,42.808365
2025-02-06,42.020802
2025-02-07,42.016052
2025-02-10,42.941204
2025-02-11,43.287540
2025-02-12,42.243786
2025-02-13,42.561653
2025-02-14,42.732456
2025-02-18,43.316013
2025-02-19,43.657604
2025-02-20,44.056129
2025-02-21,43.140469
2025-02-24,43.149952
2025-02-25,42.528446
2025-02-26,42.286484
2025-02-27,42.514210
2025-02-28,43.173683
2025-03-03,41.664978
2025-03-04,41.261696
2025-03-05,40.659172
2025-03-06,40.782516
2025-03-07,41.479946
2025-03-10,41.788326
2025-03-11,41.456223
2025-03-12,41.645996
2025-03-13,41.361336
2025-03-14,42.585377
2025-03-17,43.263821
2025-03-18,43.334984
2025-03-19,44.041897
2025-03-20,44.203205
2025-03-21,43.894817
2025-03-24,44.394955
2025-03-25,44.576649
2025-03-26,44.839622
2025-03-27,44.404518
2025-03-28,44.194134
2025-03-31,44.681839
2025-04-01,44.944813
2025-04-02,45.006966
2025-04-03,41.473541
2025-04-04,37.658012
2025-04-07,37.414165
2025-04-08,36.548737
2025-04-09,39.379311
2025-04-10,36.806931
2025-04-11,37.720169
2025-04-14,37.854050
2025-04-15,37.796673
2025-04-16,38.107460
2025-04-17,38.968109
2025-04-21,37.949677
2025-04-22,38.915508
2025-04-23,38.843788
2025-04-24,39.465366
2025-04-25,39.393654
2025-04-28,39.670963
2025-04-29,39.556213
2025-04-30,38.489971
2025-05-01,38.633419
2025-05-02,39.197609
2025-05-05,38.489971
2025-05-06,38.499538
2025-05-07,38.513882
2025-05-08,39.020702
2025-05-09,39.412777
2025-05-12,40.440769
2025-05-13,41.009747
2025-05-14,40.761120
2025-05-15,40.933247
2025-05-16,40.871090
2025-05-19,40.340359
2025-05-20,39.967415
2025-05-21,39.231083
2025-05-22,39.078075
2025-05-23,39.202393
2025-05-27,39.541866
2025-05-28,39.039825
2025-05-29,39.331490
2025-05-30,38.982449
2025-06-02,39.494057
2025-06-03,39.962631
2025-06-04,39.183266
2025-06-05,39.145016
2025-06-06,39.881348
2025-06-09,39.957844
2025-06-10,40.670269
2025-06-11,41.258381
2025-06-12,41.401821
2025-06-13,42.123806
2025-06-16,41.999485
2025-06-17,42.391567
2025-06-18,42.114243
2025-06-20,42.544571
2025-06-23,41.468685
2025-06-24,40.928818
2025-06-25,40.750465
2025-06-26,41.333714
2025-06-27,41.116806
2025-06-30,40.880611
2025-07-01,41.193932
2025-07-02,41.902508
2025-07-03,41.950710
2025-07-07,41.545807
2025-07-08,42.664112
2025-07-09,42.447193
2025-07-10,42.770157
2025-07-11,42.962967
2025-07-14,42.490582
2025-07-15,41.878399
2025-07-16,41.516884
2025-07-17,41.772358
2025-07-18,41.434937
2025-07-21,41.005936
2025-07-22,41.198750
2025-07-23,41.844666
2025-07-24,42.143520
2025-07-25,41.984451
2025-07-28,42.461655
2025-07-29,42.876202
2025-07-30,42.264027
2025-07-31,42.037476
2025-08-01,41.256592
2025-08-04,41.165005
2025-08-05,41.218033
2025-08-06,40.837234
2025-08-07,40.678165
2025-08-08,40.938457
2025-08-11,40.610676
2025-08-12,40.808308
2025-08-13,41.280693
2025-08-14,41.242126
2025-08-15,41.242126
2025-08-18,40.996300
2025-08-19,41.010761
2025-08-20,41.353001
2025-08-21,41.637394
2025-08-22,42.485760
2025-08-25,42.596626
2025-08-26,42.529144
2025-08-27,43.006348
2025-08-28,43.334126
2025-08-29,43.570316
2025-09-02,43.632977
2025-09-03,42.654465
2025-09-04,42.938862
2025-09-05,42.109779
2025-09-08,42.013371
2025-09-09,42.215824
2025-09-10,42.953327
2025-09-11,42.962967
2025-09-12,42.707489
2025-09-15,42.562885
2025-09-16,43.276283
2025-09-17,43.377506
2025-09-18,43.242538
2025-09-19,42.668926
2025-09-22,42.619827
2025-09-23,43.353901
2025-09-24,43.917816
2025-09-25,44.311592
2025-09-26,44.719948
2025-09-29,43.898373
2025-09-30,43.431679
2025-10-01,43.431679
2025-10-02,42.994156
2025-10-03,43.222641
2025-10-06,43.436539
2025-10-07,43.504601
2025-10-08,43.251808
2025-10-09,42.663586
2025-10-10,41.428787
2025-10-13,41.992706
2025-10-14,41.987846
2025-10-15,41.963539
2025-10-16,41.457954
2025-10-17,41.798252
2025-10-20,42.240639
2025-10-21,42.143414
2025-10-22,42.683025
2025-10-23,43.251808
2025-10-24,42.814281
2025-10-27,42.916370
2025-10-28,42.469124
2025-10-29,42.785114
2025-10-30,42.532322
2025-10-31,42.843449
2025-11-03,42.848312
2025-11-04,42.386482
2025-11-05,42.498295
2025-11-06,42.911514
2025-11-07,43.528908
2025-11-10,43.922680
2025-11-11,44.496323
2025-11-12,43.874069
2025-11-13,43.985882
2025-11-14,44.734531
2025-11-17,43.917816
2025-11-18,44.267841
2025-11-19,43.694199
2025-11-20,43.198334
2025-11-21,43.470570
2025-11-24,43.349037
2025-11-25,43.076797
2025-11-26,43.402512
2025-11-28,43.971291
2025-12-01,44.394234
2025-12-02,43.820587
2025-12-03,44.642166
2025-12-04,44.831764
2025-12-05,44.647026
2025-12-08,44.160889
2025-12-09,44.433125
2025-12-10,44.899822
2025-12-11,44.685925
2025-12-12,44.248390
2025-12-15,43.937263
2025-12-16,42.595524
2025-12-17,43.538624
2025-12-18,42.906651
2025-12-19,42.906651
2025-12-22,43.350845
2025-12-23,43.635212
2025-12-24,43.507736
2025-12-26,43.341045
2025-12-29,43.752876
2025-12-30,44.086269
2025-12-31,43.841129
2026-01-02,44.762863
2026-01-05,45.978764
2026-01-06,44.753056
2026-01-07,44.252968
2026-01-08,45.645374
2026-01-09,45.763039
2026-01-12,45.439449
2026-01-13,46.086628
2026-01-14,47.126030
2026-01-15,46.684776
2026-01-16,46.763218
2026-01-20,46.674961
2026-01-21,47.802620
2026-01-22,47.959507
2026-01-23,48.234066
2026-01-26,48.263489
2026-01-27,48.704739
2026-01-28,49.077354
2026-01-29,49.528416
2026-01-30,50.057919
2026-02-02,49.077354
2026-02-03,50.665871
2026-02-04,51.803333
2026-02-05,51.195381
2026-02-06,52.215168
2026-02-09,52.597584
2026-02-10,52.538754
2026-02-11,53.911549
2026-02-12,52.930981
2026-02-13,53.293793
2026-02-17,52.705448
2026-02-18,53.715435
2026-02-19,54.107662
2026-02-20,53.813496
2026-02-23,54.078247
2026-02-24,54.029213
2026-02-25,53.803680
2026-02-26,53.980186
2026-02-27,54.833279
2026-03-02,55.931515
2026-03-03,55.421619
2026-03-04,55.098034
2026-03-05,55.382393
2026-03-06,55.470646
2026-03-09,55.225506
2026-03-10,54.519493
2026-03-11,55.872681
2026-03-12,56.392380
2026-03-13,56.578690
2026-03-16,56.774807
2026-03-17,57.372948
2026-03-18,57.294502
2026-03-19,58.206432
2026-03-20,58.157402
2026-03-23,58.853218
2026-03-24,60.047455
2026-03-25,59.780972
2026-03-26,60.718594
2026-03-27,61.745052
2026-03-30,61.152863
2026-03-31,60.461979
2026-04-01,58.201813
2026-04-02,58.478168
2026-04-06,58.902565
2026-04-07,59.376312
2026-04-08,57.293797
2026-04-09,56.583179
2026-04-10,56.198257
2026-04-13,56.366047
2026-04-14,55.221153
2026-04-15,55.033630
2026-04-16,55.842949
2026-04-17,54.303272
2026-04-20,54.352615
2026-04-21,55.142197
2026-04-22,55.803467
2026-04-23,56.237736
2026-04-24,56.129169
2026-04-27,56.030472
2026-04-28,56.958225
2026-04-29,58.261028
2026-04-30,58.872955
2026-05-01,58.083374
2026-05-04,58.616344
2026-05-05,58.675564
2026-05-06,56.257477
2026-05-07,55.221153
2026-05-08,54.974415
2026-05-11,56.425262
2026-05-12,56.820053
2026-05-13,56.879272
2026-05-14,57.313538
2026-05-15,58.665688
2026-05-18,59.790844
2026-05-19,60.491592
2026-05-20,59.021004
2026-05-21,58.359734
2026-05-22,58.715042
2026-05-26,57.096401
2026-05-27,56.247608
2026-05-28,56.208126
2026-05-29,55.556728
2026-06-01,56.553566
2026-06-02,57.204971
2026-06-03,57.945198
2026-06-04,57.984680
2026-06-05,56.918747
2026-06-08,57.570152
2026-06-09,56.642395
2026-06-10,57.491196
2026-06-11,56.375912
2026-06-12,56.800312
2026-06-15,54.826366
2026-06-16,54.638840
2026-06-17,53.957829
2026-06-18,53.069553
2026-06-22,53.740566
2026-06-23,54.138199
2026-06-24,53.253460
2026-06-25,53.770386
2026-06-26,53.521866
2026-06-29,53.263401
2026-06-30,52.796177
2026-07-01,52.497952
2026-07-02,52.905529
2026-07-06,52.816059
2026-07-07,54.317135
2026-07-08,55.271461
2026-07-09,54.496075
2026-07-10,54.754539
2026-07-13,56.404732
2026-07-14,56.613487
2026-07-15,56.166145
2026-07-16,56.683075
2026-07-17,57.339176
2026-07-20,57.597637
2026-07-21,58.154327
2026-07-22,58.850193
2026-07-23,59.029129
2026-07-24,59.267712
2026-07-27,58.015156
2026-07-28,57.229824
2026-07-29,58.303444
2026-07-30,58.611610
2026-07-31,59.198124
2026-08-03,58.442616
2026-08-04,58.174210
2026-08-05,56.971363
2026-08-06,57.816338
2026-08-07,57.160236
2026-08-10,59.824402
2026-08-11,60.569969
2026-08-12,60.669376
2026-08-13,60.699203
2026-08-14,61.544178
2026-08-17,62.210224
2026-08-18,63.303722
2026-08-19,63.204315
2026-08-20,63.373306
2026-08-21,63.263958
2026-08-24,62.737091
2026-08-25,61.693295
2026-08-26,62.061108
2026-08-27,61.921936
2026-08-28,62.309631
2026-08-31,63.582066
2026-09-01,64.387276
2026-09-02,64.715332
2026-09-03,64.238167
2026-09-04,63.681473
2026-09-08,64.387276
2026-09-09,64.924088
2026-09-10,64.546333
2026-09-11,64.755096
2026-09-14,64.148697
2026-09-15,65.540428
2026-09-16,63.651653
2026-09-17,64.098999
2026-09-18,63.929996
2026-09-21,62.459999
2026-09-22,61.779999
2026-09-23,62.369999
2026-09-24,62.599998
2026-09-25,62.040001
2026-09-28,62.099998
2026-09-29,61.540001
2026-09-30,61.500000
2026-10-01,62.700001
2026-10-02,62.820000
