date,adj_close
1998-12-22,11.895224
1998-12-23,12.179408
1998-12-24,12.133009
1998-12-28,12.167809
1998-12-29,12.202608
1998-12-30,12.156211
1998-12-31,12.109810
1999-01-04,12.249006
1999-01-05,12.562190
1999-01-06,12.933374
1999-01-07,12.892785
1999-01-08,12.944973
1999-01-11,13.072562
1999-01-12,12.718782
1999-01-13,12.712980
1999-01-14,12.538996
1999-01-15,12.910172
1999-01-19,13.356753
1999-01-20,13.478548
1999-01-21,13.130565
1999-01-22,12.898577
1999-01-25,13.124766
1999-01-26,13.652534
1999-01-27,13.362555
1999-01-28,13.832330
1999-01-29,14.035321
1999-02-01,14.046922
1999-02-02,13.809127
1999-02-03,13.907717
1999-02-04,13.432145
1999-02-05,13.107368
1999-02-08,13.327755
1999-02-09,12.805779
1999-02-10,12.898577
1999-02-11,13.443746
1999-02-12,12.910172
1999-02-16,12.852172
1999-02-17,12.562190
1999-02-18,12.631788
1999-02-19,12.747779
1999-02-22,13.200165
1999-02-23,13.374155
1999-02-24,13.002972
1999-02-25,13.037773
1999-02-26,12.643388
1999-03-01,12.585395
1999-03-02,12.249006
1999-03-03,12.457793
1999-03-04,12.585395
1999-03-05,12.875375
1999-03-08,13.246561
1999-03-09,13.107368
1999-03-10,13.107368
1999-03-11,13.084171
1999-03-12,12.968173
1999-03-15,13.176963
1999-03-16,13.403154
1999-03-17,13.316153
1999-03-18,13.501744
1999-03-19,13.176963
1999-03-22,13.176963
1999-03-23,12.794183
1999-03-24,13.043569
1999-03-25,13.350953
1999-03-26,13.281360
1999-03-29,13.780129
1999-03-30,13.756936
1999-03-31,13.582941
1999-04-01,13.797524
1999-04-05,14.273108
1999-04-06,14.394903
1999-04-07,14.360108
1999-04-08,14.499295
1999-04-09,14.476103
1999-04-12,14.255713
1999-04-13,14.035321
1999-04-14,13.687333
1999-04-15,13.803335
1999-04-16,13.432145
1999-04-19,12.782578
1999-04-20,13.107368
1999-04-21,13.455349
1999-04-22,14.075915
1999-04-23,14.104919
1999-04-26,14.464499
1999-04-27,14.104919
1999-04-28,13.919322
1999-04-29,13.774335
1999-04-30,13.664135
1999-05-03,13.780129
1999-05-04,13.571343
1999-05-05,13.849730
1999-05-06,13.501744
1999-05-07,13.733734
1999-05-10,13.849730
1999-05-11,14.058519
1999-05-12,14.336904
1999-05-13,14.296302
1999-05-14,13.919322
1999-05-17,14.116513
1999-05-18,14.244115
1999-05-19,14.290512
1999-05-20,14.104919
1999-05-21,13.942524
1999-05-24,13.640944
1999-05-25,13.356753
1999-05-26,13.635139
1999-05-27,13.536545
1999-05-28,13.710543
1999-06-01,13.403154
1999-06-02,13.548141
1999-06-03,13.455349
1999-06-04,13.855530
1999-06-07,14.104919
1999-06-08,13.780129
1999-06-09,13.988923
1999-06-10,13.780129
1999-06-11,13.594543
1999-06-14,13.530747
1999-06-15,13.652534
1999-06-16,14.215111
1999-06-17,14.371713
1999-06-18,14.499295
1999-06-21,14.864675
1999-06-22,14.551507
1999-06-23,14.661691
1999-06-24,14.360108
1999-06-25,14.377506
1999-06-28,14.615294
1999-06-29,14.800887
1999-06-30,15.027072
1999-07-01,15.195262
1999-07-02,15.392453
1999-07-06,15.305460
1999-07-07,15.485252
1999-07-08,15.694049
1999-07-09,15.862232
1999-07-12,15.885433
1999-07-13,15.815832
1999-07-14,16.013023
1999-07-15,16.129023
1999-07-16,16.274019
1999-07-19,16.076813
1999-07-20,15.409849
1999-07-21,15.543242
1999-07-22,15.061872
1999-07-23,15.102468
1999-07-26,14.760283
1999-07-27,15.125664
1999-07-28,15.264854
1999-07-29,15.009667
1999-07-30,14.853077
1999-08-02,14.824086
1999-08-03,14.766089
1999-08-04,14.586298
1999-08-05,14.702287
1999-08-06,14.708087
1999-08-09,14.539900
1999-08-10,14.296302
1999-08-11,14.754474
1999-08-12,14.568896
1999-08-13,15.032870
1999-08-16,15.079269
1999-08-17,15.148868
1999-08-18,14.974867
1999-08-19,14.824086
1999-08-20,14.870480
1999-08-23,15.212665
1999-08-24,15.450453
1999-08-25,15.775242
1999-08-26,15.583849
1999-08-27,15.496849
1999-08-30,15.241662
1999-08-31,15.375062
1999-09-01,15.456252
1999-09-02,15.398250
1999-09-03,15.960826
1999-09-07,15.966619
1999-09-08,15.856439
1999-09-09,15.995625
1999-09-10,16.169613
1999-09-13,15.949232
1999-09-14,16.123219
1999-09-15,15.786825
1999-09-16,15.717238
1999-09-17,16.030428
1999-09-20,16.100018
1999-09-21,15.769439
1999-09-22,15.798436
1999-09-23,15.218465
1999-09-24,15.253261
1999-09-27,15.409849
1999-09-28,15.479455
1999-09-29,15.195262
1999-09-30,15.311263
1999-10-01,15.218465
1999-10-04,15.589642
1999-10-05,15.682441
1999-10-06,15.873822
1999-10-07,15.792639
1999-10-08,15.781035
1999-10-11,15.937630
1999-10-12,15.653446
1999-10-13,15.241662
1999-10-14,15.154658
1999-10-15,14.795083
1999-10-18,14.661691
1999-10-19,14.429704
1999-10-20,15.009667
1999-10-21,14.766089
1999-10-22,14.800887
1999-10-25,14.841475
1999-10-26,14.847281
1999-10-27,14.829875
1999-10-28,15.212665
1999-10-29,15.775242
1999-11-01,15.752035
1999-11-02,15.682441
1999-11-03,15.914430
1999-11-04,16.036219
1999-11-05,16.210218
1999-11-08,16.372610
1999-11-09,16.192818
1999-11-10,16.477005
1999-11-11,16.703188
1999-11-12,16.795992
1999-11-15,16.720594
1999-11-16,17.074373
1999-11-17,16.911982
1999-11-18,17.486158
1999-11-19,17.648542
1999-11-22,17.758747
1999-11-23,17.602142
1999-11-24,17.874741
1999-11-26,18.013922
1999-11-29,17.857338
1999-11-30,17.323765
1999-12-01,17.491957
1999-12-02,17.909538
1999-12-03,18.419907
1999-12-06,18.547495
1999-12-07,18.593895
1999-12-08,18.396706
1999-12-09,18.350313
1999-12-10,18.443098
1999-12-13,18.564903
1999-12-14,18.211121
1999-12-15,18.582304
1999-12-16,18.930283
1999-12-17,19.139446
1999-12-20,19.325041
1999-12-21,19.696230
1999-12-22,19.696230
1999-12-23,19.800625
1999-12-27,19.951416
1999-12-28,19.765833
1999-12-29,20.084827
1999-12-30,20.067411
1999-12-31,19.997822
2000-01-03,20.577808
2000-01-04,19.533842
2000-01-05,19.243851
2000-01-06,18.605865
2000-01-07,18.930649
2000-01-10,19.649839
2000-01-11,19.093048
2000-01-12,19.011847
2000-01-13,19.185846
2000-01-14,19.626638
2000-01-18,19.731031
2000-01-19,19.765833
2000-01-20,19.881832
2000-01-21,19.905035
2000-01-24,19.255440
2000-01-25,19.667236
2000-01-26,19.023445
2000-01-27,18.837856
2000-01-28,18.165066
2000-01-31,18.768267
2000-02-01,19.162655
2000-02-02,19.301849
2000-02-03,19.858633
2000-02-04,20.090630
2000-02-07,20.322613
2000-02-08,20.508209
2000-02-09,20.253012
2000-02-10,20.734398
2000-02-11,20.183418
2000-02-14,20.195013
2000-02-15,20.253012
2000-02-16,20.148617
2000-02-17,20.601006
2000-02-18,19.905035
2000-02-22,19.858633
2000-02-23,20.461815
2000-02-24,20.717009
2000-02-25,20.519812
2000-02-28,20.276211
2000-02-29,20.740202
2000-03-01,20.949007
2000-03-02,21.157789
2000-03-03,21.743572
2000-03-06,21.708776
2000-03-07,21.111383
2000-03-08,21.482578
2000-03-09,22.132170
2000-03-10,22.178560
2000-03-13,21.853775
2000-03-14,21.354984
2000-03-15,20.983797
2000-03-16,21.714577
2000-03-17,22.224968
2000-03-20,22.132170
2000-03-21,22.712147
2000-03-22,23.106527
2000-03-23,23.547318
2000-03-24,23.750319
2000-03-27,23.941711
2000-03-28,23.361725
2000-03-29,22.677349
2000-03-30,22.062567
2000-03-31,22.480146
2000-04-03,21.528980
2000-04-04,21.320187
2000-04-05,21.459385
2000-04-06,21.737770
2000-04-07,22.480146
2000-04-10,21.668190
2000-04-11,21.134594
2000-04-12,19.765833
2000-04-13,19.388838
2000-04-14,18.373869
2000-04-17,19.371441
2000-04-18,20.473415
2000-04-19,19.800625
2000-04-20,19.626638
2000-04-24,19.023445
2000-04-25,20.125418
2000-04-26,19.742636
2000-04-27,20.357410
2000-04-28,20.415413
2000-05-01,20.705412
2000-05-02,20.322613
2000-05-03,19.441040
2000-05-04,19.301849
2000-05-05,19.829617
2000-05-08,19.127850
2000-05-09,18.774054
2000-05-10,17.863478
2000-05-11,18.368071
2000-05-12,18.605865
2000-05-15,18.953852
2000-05-16,19.522238
2000-05-17,19.243851
2000-05-18,18.756655
2000-05-19,18.025887
2000-05-22,17.944683
2000-05-23,17.074709
2000-05-24,17.747482
2000-05-25,17.457491
2000-05-26,17.515497
2000-05-30,18.652260
2000-05-31,18.292669
2000-06-01,19.116243
2000-06-02,19.986223
2000-06-05,20.044218
2000-06-06,19.765833
2000-06-07,20.137012
2000-06-08,20.044218
2000-06-09,20.090630
2000-06-12,19.673035
2000-06-13,20.090630
2000-06-14,19.719427
2000-06-15,20.113819
2000-06-16,20.183418
2000-06-19,20.821405
2000-06-20,20.879393
2000-06-21,21.064999
2000-06-22,20.415413
2000-06-23,19.980421
2000-06-26,20.113819
2000-06-27,19.916630
2000-06-28,20.113819
2000-06-29,19.719427
2000-06-30,20.113819
2000-07-03,20.253012
2000-07-05,19.603432
2000-07-06,19.905035
2000-07-07,20.229815
2000-07-10,20.009420
2000-07-11,19.847027
2000-07-12,20.357410
2000-07-13,20.751799
2000-07-14,21.134594
2000-07-17,21.308588
2000-07-18,20.879393
2000-07-19,20.415413
2000-07-20,20.844593
2000-07-21,20.392208
2000-07-24,19.893429
2000-07-25,20.229815
2000-07-26,19.963030
2000-07-27,19.383041
2000-07-28,18.663866
2000-07-31,19.046652
2000-08-01,18.826258
2000-08-02,18.745062
2000-08-03,19.104650
2000-08-04,19.104650
2000-08-07,19.499033
2000-08-08,19.533842
2000-08-09,19.603432
2000-08-10,19.185846
2000-08-11,19.255440
2000-08-14,19.649839
2000-08-15,19.696230
2000-08-16,19.719427
2000-08-17,20.090630
2000-08-18,20.113819
2000-08-21,20.206617
2000-08-22,20.206617
2000-08-23,20.403811
2000-08-24,20.595205
2000-08-25,20.525608
2000-08-28,20.693806
2000-08-29,20.717009
2000-08-30,20.577808
2000-08-31,20.983797
2000-09-01,20.995405
2000-09-05,20.519812
2000-09-06,19.997822
2000-09-07,20.322613
2000-09-08,19.673035
2000-09-11,19.162655
2000-09-12,18.884258
2000-09-13,19.069849
2000-09-14,19.174238
2000-09-15,18.843658
2000-09-18,18.420275
2000-09-19,19.139446
2000-09-20,19.209047
2000-09-21,18.814661
2000-09-22,18.281075
2000-09-25,17.898285
2000-09-26,17.521297
2000-09-27,17.399498
2000-09-28,18.002676
2000-09-29,17.213900
2000-10-02,17.086308
2000-10-03,16.633926
2000-10-04,17.080502
2000-10-05,16.836920
2000-10-06,16.488920
2000-10-09,16.396130
2000-10-10,15.914740
2000-10-11,15.404366
2000-10-12,14.870770
2000-10-13,16.123537
2000-10-16,15.868348
2000-10-17,15.450750
2000-10-18,15.207165
2000-10-19,16.558531
2000-10-20,16.807913
2000-10-23,16.703518
2000-10-24,16.378729
2000-10-25,15.224559
2000-10-26,15.589945
2000-10-27,15.723362
2000-10-30,15.508748
2000-10-31,16.227922
2000-11-01,15.914740
2000-11-02,16.326532
2000-11-03,16.448326
2000-11-06,16.193138
2000-11-07,16.309128
2000-11-08,15.450750
2000-11-09,15.224559
2000-11-10,14.383581
2000-11-13,14.337186
2000-11-14,15.114361
2000-11-15,15.218758
2000-11-16,14.731580
2000-11-17,14.847569
2000-11-20,14.244388
2000-11-21,14.313989
2000-11-22,13.792007
2000-11-24,14.337186
2000-11-27,14.255991
2000-11-28,13.681805
2000-11-29,13.618010
2000-11-30,12.898829
2000-12-01,13.067023
2000-12-04,12.991623
2000-12-05,14.221198
2000-12-06,13.826797
2000-12-07,13.368616
2000-12-08,13.989202
2000-12-11,14.516976
2000-12-12,14.221198
2000-12-13,13.618010
2000-12-14,13.409210
2000-12-15,12.875628
2000-12-18,12.620439
2000-12-19,12.249250
2000-12-20,11.332871
2000-12-21,11.367668
2000-12-22,12.150652
2000-12-26,11.947655
2000-12-27,12.063654
2000-12-28,12.005655
2000-12-29,11.622865
2001-01-02,10.950087
2001-01-03,12.713233
2001-01-04,12.840830
2001-01-05,12.063654
2001-01-08,12.028854
2001-01-09,12.295650
2001-01-10,12.666835
2001-01-11,13.200424
2001-01-12,13.003227
2001-01-16,12.852428
2001-01-17,13.246825
2001-01-18,13.942794
2001-01-19,14.134188
2001-01-22,13.873205
2001-01-23,14.105192
2001-01-24,14.279186
2001-01-25,13.780397
2001-01-26,13.873205
2001-01-29,14.164577
2001-01-30,14.197997
2001-01-31,13.845366
2001-02-01,13.837944
2001-02-02,13.229191
2001-02-05,13.147525
2001-02-06,13.225470
2001-02-07,12.883980
2001-02-08,12.694676
2001-02-09,12.108193
2001-02-12,12.212128
2001-02-13,12.004262
2001-02-14,12.286365
2001-02-15,12.657557
2001-02-16,11.874344
2001-02-20,11.235901
2001-02-21,10.950087
2001-02-22,10.968646
2001-02-23,10.886979
2001-02-26,11.061443
2001-02-27,10.638287
2001-02-28,10.397011
2001-03-01,10.690255
2001-03-02,10.319061
2001-03-05,10.541775
2001-03-06,10.987206
2001-03-07,11.002052
2001-03-08,10.783047
2001-03-09,10.077785
2001-03-12,9.539566
2001-03-13,10.014687
2001-03-14,9.769702
2001-03-15,9.654636
2001-03-16,9.443056
2001-03-19,9.736297
2001-03-20,9.268599
2001-03-21,9.313142
2001-03-22,9.740009
2001-03-23,9.947873
2001-03-26,9.817956
2001-03-27,10.133471
2001-03-28,9.383664
2001-03-29,9.261173
2001-03-30,9.205497
2001-04-02,8.982780
2001-04-03,8.381453
2001-04-04,8.221843
2001-04-05,9.090428
2001-04-06,8.667271
2001-04-09,8.689544
2001-04-10,9.272307
2001-04-11,9.610089
2001-04-12,9.851364
2001-04-16,9.613802
2001-04-17,9.714025
2001-04-18,10.597453
2001-04-19,11.265595
2001-04-20,11.135681
2001-04-23,10.519505
2001-04-24,10.356184
2001-04-25,10.538064
2001-04-26,10.389588
2001-04-27,10.530643
2001-04-30,10.693965
2001-05-01,10.950087
2001-05-02,11.169084
2001-05-03,10.812741
2001-05-04,10.968646
2001-05-07,10.957508
2001-05-08,11.005763
2001-05-09,10.853575
2001-05-10,10.693965
2001-05-11,10.578895
2001-05-14,10.430424
2001-05-15,10.411861
2001-05-16,10.835018
2001-05-17,10.898120
2001-05-18,10.946375
2001-05-21,11.432628
2001-05-22,11.410360
2001-05-23,11.131966
2001-05-24,11.217342
2001-05-25,11.005763
2001-05-29,10.593742
2001-05-30,10.163166
2001-05-31,10.255960
2001-06-01,10.430424
2001-06-04,10.408149
2001-06-05,10.820170
2001-06-06,10.716238
2001-06-07,11.020613
2001-06-08,10.775627
2001-06-11,10.597453
2001-06-12,10.515793
2001-06-13,10.278237
2001-06-14,9.910755
2001-06-15,9.817956
2001-06-18,9.572970
2001-06-19,9.610089
2001-06-20,9.710313
2001-06-21,9.892197
2001-06-22,9.799399
2001-06-25,9.940455
2001-06-26,9.996131
2001-06-27,10.018400
2001-06-28,10.215128
2001-06-29,10.456403
2001-07-02,10.448977
2001-07-03,10.411861
2001-07-05,10.077785
2001-07-06,9.613802
2001-07-09,9.736297
2001-07-10,9.439347
2001-07-11,9.487597
2001-07-12,10.118620
2001-07-13,10.148315
2001-07-16,9.903333
2001-07-17,10.022109
2001-07-18,9.639784
2001-07-19,9.817956
2001-07-20,9.762277
2001-07-23,9.524718
2001-07-24,9.398511
2001-07-25,9.598956
2001-07-26,9.780837
2001-07-27,9.765993
2001-07-30,9.736297
2001-07-31,9.732585
2001-08-01,9.992416
2001-08-02,10.129763
2001-08-03,9.984993
2001-08-06,9.862500
2001-08-07,9.806822
2001-08-08,9.491312
2001-08-09,9.495023
2001-08-10,9.480170
2001-08-13,9.517292
2001-08-14,9.394802
2001-08-15,9.183224
2001-08-16,9.231479
2001-08-17,8.956796
2001-08-20,9.016191
2001-08-21,8.752644
2001-08-22,8.841729
2001-08-23,8.834308
2001-08-24,9.264883
2001-08-27,9.242613
2001-08-28,8.986493
2001-08-29,8.815746
2001-08-30,8.474257
2001-08-31,8.544775
2001-09-04,8.359180
2001-09-05,8.288658
2001-09-06,7.895198
2001-09-07,7.802399
2001-09-10,7.969440
2001-09-17,7.460907
2001-09-18,7.394093
2001-09-19,7.327277
2001-09-20,7.008052
2001-09-21,6.807614
2001-09-24,7.189939
2001-09-25,7.256752
2001-09-26,7.011767
2001-09-27,6.956087
2001-09-28,7.145396
2001-10-01,7.052596
2001-10-02,7.045175
2001-10-03,7.516583
2001-10-04,7.676191
2001-10-05,7.672482
2001-10-08,7.724451
2001-10-09,7.546281
2001-10-10,7.780127
2001-10-11,8.155029
2001-10-12,8.136472
2001-10-15,8.080790
2001-10-16,8.166164
2001-10-17,7.794972
2001-10-18,7.776413
2001-10-19,7.880348
2001-10-22,8.065942
2001-10-23,8.073369
2001-10-24,8.173586
2001-10-25,8.370321
2001-10-26,8.381453
2001-10-29,7.980569
2001-10-30,7.817248
2001-10-31,7.924889
2001-11-01,8.199573
2001-11-02,8.210707
2001-11-05,8.463116
2001-11-06,8.760071
2001-11-07,8.722949
2001-11-08,8.767491
2001-11-09,8.734088
2001-11-12,8.800900
2001-11-13,9.112698
2001-11-14,9.160953
2001-11-15,9.105273
2001-11-16,9.075579
2001-11-19,9.264883
2001-11-20,9.005052
2001-11-21,8.915964
2001-11-23,9.053306
2001-11-26,9.209208
2001-11-27,9.179508
2001-11-28,8.889985
2001-11-29,9.127544
2001-11-30,9.108988
2001-12-03,8.979071
2001-12-04,9.261173
2001-12-05,9.706599
2001-12-06,9.680615
2001-12-07,9.502450
2001-12-10,9.294578
2001-12-11,9.361392
2001-12-12,9.398511
2001-12-13,9.064442
2001-12-14,9.101563
2001-12-17,9.276023
2001-12-18,9.313142
2001-12-19,9.179508
2001-12-20,8.864001
2001-12-21,8.982780
2001-12-24,8.949375
2001-12-26,9.019904
2001-12-27,9.097853
2001-12-28,9.116407
2001-12-31,8.908541
2002-01-02,9.131259
2002-01-03,9.532143
2002-01-04,9.591534
2002-01-07,9.487597
2002-01-08,9.558122
2002-01-09,9.483888
2002-01-10,9.405937
2002-01-11,9.316855
2002-01-14,9.172087
2002-01-15,9.231479
2002-01-16,9.005052
2002-01-17,9.227766
2002-01-18,8.919680
2002-01-22,8.600454
2002-01-23,8.730375
2002-01-24,8.860288
2002-01-25,8.826886
2002-01-28,8.889985
2002-01-29,8.574472
2002-01-30,8.685831
2002-01-31,8.812034
2002-02-01,8.648709
2002-02-04,8.403723
2002-02-05,8.273807
2002-02-06,8.225556
2002-02-07,8.103060
2002-02-08,8.258965
2002-02-11,8.444556
2002-02-12,8.307220
2002-02-13,8.440845
2002-02-14,8.351759
2002-02-15,8.110485
2002-02-19,7.824669
2002-02-20,7.921181
2002-02-21,7.553700
2002-02-22,7.601959
2002-02-25,7.858078
2002-02-26,7.809821
2002-02-27,7.754144
2002-02-28,7.665061
2002-03-01,8.051096
2002-03-04,8.344334
2002-03-05,8.370321
2002-03-06,8.451979
2002-03-07,8.422286
2002-03-08,8.645001
2002-03-11,8.670981
2002-03-12,8.485386
2002-03-13,8.262676
2002-03-14,8.166164
2002-03-15,8.225556
2002-03-18,8.251537
2002-03-19,8.284944
2002-03-20,8.032537
2002-03-21,8.192150
2002-03-22,8.073369
2002-03-25,7.891485
2002-03-26,7.950872
2002-03-27,7.947160
2002-03-28,8.043672
2002-04-01,8.132759
2002-04-02,7.895198
2002-04-03,7.772705
2002-04-04,7.806114
2002-04-05,7.683617
2002-04-08,7.646503
2002-04-09,7.453481
2002-04-10,7.475752
2002-04-11,7.227055
2002-04-12,7.349548
2002-04-15,7.368104
2002-04-16,7.702183
2002-04-17,7.731873
2002-04-18,7.650211
2002-04-19,7.627941
2002-04-22,7.438632
2002-04-23,7.286445
2002-04-24,7.175088
2002-04-25,7.223346
2002-04-26,6.978359
2002-04-29,6.933818
2002-04-30,7.071152
2002-05-01,7.011767
2002-05-02,6.833594
2002-05-03,6.670273
2002-05-06,6.480967
2002-05-07,6.480967
2002-05-08,7.152818
2002-05-09,6.918972
2002-05-10,6.681408
2002-05-13,6.944952
2002-05-14,7.279020
2002-05-15,7.256752
2002-05-16,7.364396
2002-05-17,7.401517
2002-05-20,7.208496
2002-05-21,7.030325
2002-05-22,7.115702
2002-05-23,7.171376
2002-05-24,7.015478
2002-05-28,6.952374
2002-05-29,6.822459
2002-05-30,6.855866
2002-05-31,6.777916
2002-06-03,6.577475
2002-06-04,6.670273
2002-06-05,6.751935
2002-06-06,6.588609
2002-06-07,6.443846
2002-06-10,6.384456
2002-06-11,6.243405
2002-06-12,6.369608
2002-06-13,6.261963
2002-06-14,6.250823
2002-06-17,6.462405
2002-06-18,6.391880
2002-06-19,6.139472
2002-06-20,5.998420
2002-06-21,5.827671
2002-06-24,5.927894
2002-06-25,5.723739
2002-06-26,5.727450
2002-06-27,5.879639
2002-06-28,5.872217
2002-07-01,5.623517
2002-07-02,5.456483
2002-07-03,5.656926
2002-07-05,5.961300
2002-07-08,5.783131
2002-07-09,5.697757
2002-07-10,5.545568
2002-07-11,5.749723
2002-07-12,5.723739
2002-07-15,5.835095
2002-07-16,5.768284
2002-07-17,5.809113
2002-07-18,5.686622
2002-07-19,5.508451
2002-07-22,5.218922
2002-07-23,4.959088
2002-07-24,5.215212
2002-07-25,4.903411
2002-07-26,4.970228
2002-07-29,5.263464
2002-07-30,5.345128
2002-07-31,5.315430
2002-08-01,5.081583
2002-08-02,4.973937
2002-08-05,4.758646
2002-08-06,4.959088
2002-08-07,5.048175
2002-08-08,5.233770
2002-08-09,5.215212
2002-08-12,5.166956
2002-08-13,5.048175
2002-08-14,5.363686
2002-08-15,5.437924
2002-08-16,5.567841
2002-08-19,5.771995
2002-08-20,5.608671
2002-08-21,5.783131
2002-08-22,5.849942
2002-08-23,5.638366
2002-08-26,5.675484
2002-08-27,5.486177
2002-08-28,5.333990
2002-08-29,5.408229
2002-08-30,5.270887
2002-09-03,5.011055
2002-09-04,5.166956
2002-09-05,4.992496
2002-09-06,5.159531
2002-09-09,5.215212
2002-09-10,5.304296
2002-09-11,5.333990
2002-09-12,5.137259
2002-09-13,5.159531
2002-09-16,5.074158
2002-09-17,5.011055
2002-09-18,4.959088
2002-09-19,4.736375
2002-09-20,4.762359
2002-09-23,4.613883
2002-09-24,4.539644
2002-09-25,4.714103
2002-09-26,4.658428
2002-09-27,4.543357
2002-09-30,4.391169
2002-10-01,4.628728
2002-10-02,4.524797
2002-10-03,4.513660
2002-10-04,4.417154
2002-10-07,4.339204
2002-10-08,4.339204
2002-10-09,4.298372
2002-10-10,4.524797
2002-10-11,4.810614
2002-10-14,4.818037
2002-10-15,5.122412
2002-10-16,4.844019
2002-10-17,5.048175
2002-10-18,5.114988
2002-10-21,5.218922
2002-10-22,5.196652
2002-10-23,5.337704
2002-10-24,5.252328
2002-10-25,5.393380
2002-10-28,5.382245
2002-10-29,5.293159
2002-10-30,5.475043
2002-10-31,5.478754
2002-11-01,5.642077
2002-11-04,5.861080
2002-11-05,5.823962
2002-11-06,5.916757
2002-11-07,5.682910
2002-11-08,5.642077
2002-11-11,5.445348
2002-11-12,5.597536
2002-11-13,5.623517
2002-11-14,5.849942
2002-11-15,5.861080
2002-11-18,5.794264
2002-11-19,5.701466
2002-11-20,5.939027
2002-11-21,6.247115
2002-11-22,6.224844
2002-11-25,6.317642
2002-11-26,6.135759
2002-11-27,6.384456
2002-11-29,6.347338
2002-12-02,6.365894
2002-12-03,6.143182
2002-12-04,6.050387
2002-12-05,5.916757
2002-12-06,5.972435
2002-12-09,5.690332
2002-12-10,5.783131
2002-12-11,5.827671
2002-12-12,5.801691
2002-12-13,5.671772
2002-12-16,5.864792
2002-12-17,5.835095
2002-12-18,5.675484
2002-12-19,5.653212
2002-12-20,5.713138
2002-12-23,5.783852
2002-12-24,5.724302
2002-12-26,5.694529
2002-12-27,5.594036
2002-12-30,5.538204
2002-12-31,5.508430
2003-01-02,5.806183
2003-01-03,5.828516
2003-01-06,6.085327
2003-01-07,6.148600
2003-01-08,5.947617
2003-01-09,6.122546
2003-01-10,6.156043
2003-01-13,6.122546
2003-01-14,6.208151
2003-01-15,6.085327
2003-01-16,5.955060
2003-01-17,5.664749
2003-01-21,5.627532
2003-01-22,5.590312
2003-01-23,5.687082
2003-01-24,5.463770
2003-01-27,5.404216
2003-01-28,5.478656
2003-01-29,5.556816
2003-01-30,5.385608
2003-01-31,5.378164
2003-02-03,5.426547
2003-02-04,5.333502
2003-02-05,5.314893
2003-02-06,5.285115
2003-02-07,5.225564
2003-02-10,5.281394
2003-02-11,5.262783
2003-02-12,5.192069
2003-02-13,5.206956
2003-02-14,5.370720
2003-02-18,5.545651
2003-02-19,5.508430
2003-02-20,5.422828
2003-02-21,5.489820
2003-02-24,5.396777
2003-02-25,5.411661
2003-02-26,5.270232
2003-02-27,5.322335
2003-02-28,5.404216
2003-03-03,5.311169
2003-03-04,5.251618
2003-03-05,5.303726
2003-03-06,5.236732
2003-03-07,5.210678
2003-03-10,5.102743
2003-03-11,5.076690
2003-03-12,5.143681
2003-03-13,5.419106
2003-03-14,5.437713
2003-03-17,5.687082
2003-03-18,5.713138
2003-03-19,5.701969
2003-03-20,5.694529
2003-03-21,5.780128
2003-03-24,5.545651
2003-03-25,5.623809
2003-03-26,5.605200
2003-03-27,5.541928
2003-03-28,5.471211
2003-03-31,5.322335
2003-04-01,5.385608
2003-04-02,5.616366
2003-04-03,5.601477
2003-04-04,5.538204
2003-04-07,5.553094
2003-04-08,5.497265
2003-04-09,5.378164
2003-04-10,5.411661
2003-04-11,5.363276
2003-04-14,5.493543
2003-04-15,5.504709
2003-04-16,5.545651
2003-04-17,5.661030
2003-04-21,5.638695
2003-04-22,5.761523
2003-04-23,5.858291
2003-04-24,5.806183
2003-04-25,5.698247
2003-04-28,5.817351
2003-04-29,5.876900
2003-04-30,5.809904
2003-05-01,5.865735
2003-05-02,5.988558
2003-05-05,5.973669
2003-05-06,6.081605
2003-05-07,6.007166
2003-05-08,5.910396
2003-05-09,6.074161
2003-05-12,6.167209
2003-05-13,6.156043
2003-05-14,6.133711
2003-05-15,6.196983
2003-05-16,6.141156
2003-05-19,5.917840
2003-05-20,5.929007
2003-05-21,5.936450
2003-05-22,5.999722
2003-05-23,6.007166
2003-05-27,6.163487
2003-05-28,6.204430
2003-05-29,6.219318
2003-05-30,6.308641
2003-06-02,6.275146
2003-06-03,6.330976
2003-06-04,6.464963
2003-06-05,6.464963
2003-06-06,6.401690
2003-06-09,6.308641
2003-06-10,6.397972
2003-06-11,6.438908
2003-06-12,6.468683
2003-06-13,6.327253
2003-06-16,6.483573
2003-06-17,6.513346
2003-06-18,6.576617
2003-06-19,6.528235
2003-06-20,6.520794
2003-06-23,6.390523
2003-06-24,6.364470
2003-06-25,6.301198
2003-06-26,6.420298
2003-06-27,6.371914
2003-06-30,6.353304
2003-07-01,6.442631
2003-07-02,6.576617
2003-07-03,6.498459
2003-07-07,6.721776
2003-07-08,6.773882
2003-07-09,6.766437
2003-07-10,6.610115
2003-07-11,6.703163
2003-07-14,6.732939
2003-07-15,6.744106
2003-07-16,6.721776
2003-07-17,6.517068
2003-07-18,6.531959
2003-07-21,6.386801
2003-07-22,6.524512
2003-07-23,6.561731
2003-07-24,6.468683
2003-07-25,6.606395
2003-07-28,6.617564
2003-07-29,6.554290
2003-07-30,6.505901
2003-07-31,6.550565
2003-08-01,6.517068
2003-08-04,6.572895
2003-08-05,6.409134
2003-08-06,6.349582
2003-08-07,6.330976
2003-08-08,6.323530
2003-08-11,6.353304
2003-08-12,6.450075
2003-08-13,6.438908
2003-08-14,6.494740
2003-08-15,6.464963
2003-08-18,6.654776
2003-08-19,6.744106
2003-08-20,6.706884
2003-08-21,6.770161
2003-08-22,6.758992
2003-08-25,6.718049
2003-08-26,6.755272
2003-08-27,6.799932
2003-08-28,6.840875
2003-08-29,6.863204
2003-09-02,7.012087
2003-09-03,7.086529
2003-09-04,7.153520
2003-09-05,7.116296
2003-09-08,7.246566
2003-09-09,7.168401
2003-09-10,6.956253
2003-09-11,7.038137
2003-09-12,7.045579
2003-09-15,7.004641
2003-09-16,7.183290
2003-09-17,7.172124
2003-09-18,7.272616
2003-09-19,7.280062
2003-09-22,7.142351
2003-09-23,7.183290
2003-09-24,6.937645
2003-09-25,6.885538
2003-09-26,6.848318
2003-09-29,6.959979
2003-09-30,6.803656
2003-10-01,6.952534
2003-10-02,6.937645
2003-10-03,7.149795
2003-10-06,7.187013
2003-10-07,7.235395
2003-10-08,7.183290
2003-10-09,7.213064
2003-10-10,7.272616
2003-10-13,7.294950
2003-10-14,7.276336
2003-10-15,7.321003
2003-10-16,7.347052
2003-10-17,7.227957
2003-10-20,7.313556
2003-10-21,7.354498
2003-10-22,7.246566
2003-10-23,7.190737
2003-10-24,7.082798
2003-10-27,7.120019
2003-10-28,7.291226
2003-10-29,7.302395
2003-10-30,7.294950
2003-10-31,7.302395
2003-11-03,7.473599
2003-11-04,7.410332
2003-11-05,7.432661
2003-11-06,7.492212
2003-11-07,7.462434
2003-11-10,7.365665
2003-11-11,7.347052
2003-11-12,7.503376
2003-11-13,7.440105
2003-11-14,7.339613
2003-11-17,7.239120
2003-11-18,7.149795
2003-11-19,7.227957
2003-11-20,7.116296
2003-11-21,7.175847
2003-11-24,7.358221
2003-11-25,7.350776
2003-11-26,7.380552
2003-11-28,7.406606
2003-12-01,7.481048
2003-12-02,7.447547
2003-12-03,7.421492
2003-12-04,7.514542
2003-12-05,7.380552
2003-12-08,7.399166
2003-12-09,7.239120
2003-12-10,7.280062
2003-12-11,7.417774
2003-12-12,7.425214
2003-12-15,7.332170
2003-12-16,7.369389
2003-12-17,7.358221
2003-12-18,7.481048
2003-12-19,7.455183
2003-12-22,7.466426
2003-12-23,7.526396
2003-12-24,7.511405
2003-12-26,7.526396
2003-12-29,7.661337
2003-12-30,7.650090
2003-12-31,7.638844
2004-01-02,7.676328
2004-01-05,7.863739
2004-01-06,7.934954
2004-01-07,7.972435
2004-01-08,8.129861
2004-01-09,8.021162
2004-01-12,8.144851
2004-01-13,8.028657
2004-01-14,8.126106
2004-01-15,8.159846
2004-01-16,8.264793
2004-01-20,8.283532
2004-01-21,8.219817
2004-01-22,8.141099
2004-01-23,8.114865
2004-01-26,8.264793
2004-01-27,8.137355
2004-01-28,8.002420
2004-01-29,7.961191
2004-01-30,7.964940
2004-02-02,7.964940
2004-02-03,7.976186
2004-02-04,7.781275
2004-02-05,7.792520
2004-02-06,7.957441
2004-02-09,7.897469
2004-02-10,7.961191
2004-02-11,8.024908
2004-02-12,7.949945
2004-02-13,7.901217
2004-02-17,8.017417
2004-02-18,7.979931
2004-02-19,7.859990
2004-02-20,7.822507
2004-02-23,7.717558
2004-02-24,7.725049
2004-02-25,7.785024
2004-02-26,7.803764
2004-02-27,7.762535
2004-03-01,7.856239
2004-03-02,7.826252
2004-03-03,7.788773
2004-03-04,7.856239
2004-03-05,7.796269
2004-03-08,7.627596
2004-03-09,7.627596
2004-03-10,7.492668
2004-03-11,7.410203
2004-03-12,7.556382
2004-03-15,7.413951
2004-03-16,7.458930
2004-03-17,7.552634
2004-03-18,7.503904
2004-03-19,7.402706
2004-03-22,7.282765
2004-03-23,7.271519
2004-03-24,7.309003
2004-03-25,7.541394
2004-03-26,7.496413
2004-03-29,7.593865
2004-03-30,7.605110
2004-03-31,7.556382
2004-04-01,7.635100
2004-04-02,7.826252
2004-04-05,7.893724
2004-04-06,7.811261
2004-04-07,7.762535
2004-04-08,7.777526
2004-04-12,7.796269
2004-04-13,7.698816
2004-04-14,7.691319
2004-04-15,7.601364
2004-04-16,7.530146
2004-04-19,7.616355
2004-04-20,7.451437
2004-04-21,7.563881
2004-04-22,7.680072
2004-04-23,7.781275
2004-04-26,7.687570
2004-04-27,7.665083
2004-04-28,7.533898
2004-04-29,7.421448
2004-04-30,7.267770
2004-05-03,7.309003
2004-05-04,7.380222
2004-05-05,7.417702
2004-05-06,7.383967
2004-05-07,7.346485
2004-05-10,7.316499
2004-05-11,7.413951
2004-05-12,7.391460
2004-05-13,7.391460
2004-05-14,7.290259
2004-05-17,7.211546
2004-05-18,7.282765
2004-05-19,7.316499
2004-05-20,7.312750
2004-05-21,7.335238
2004-05-24,7.346485
2004-05-25,7.485171
2004-05-26,7.470171
2004-05-27,7.515152
2004-05-28,7.552634
2004-06-01,7.500162
2004-06-02,7.500162
2004-06-03,7.402706
2004-06-04,7.473921
2004-06-07,7.646341
2004-06-08,7.687570
2004-06-09,7.601364
2004-06-10,7.642597
2004-06-14,7.537643
2004-06-15,7.650090
2004-06-16,7.616355
2004-06-17,7.530146
2004-06-18,7.545136
2004-06-21,7.511405
2004-06-22,7.590120
2004-06-23,7.695064
2004-06-24,7.657585
2004-06-25,7.687570
2004-06-28,7.627596
2004-06-29,7.706307
2004-06-30,7.758787
2004-07-01,7.616355
2004-07-02,7.533898
2004-07-06,7.372719
2004-07-07,7.421448
2004-07-08,7.297758
2004-07-09,7.357729
2004-07-12,7.346485
2004-07-13,7.312750
2004-07-14,7.196555
2004-07-15,7.159073
2004-07-16,7.084107
2004-07-19,7.106597
2004-07-20,7.222794
2004-07-21,7.114100
2004-07-22,7.189058
2004-07-23,7.065371
2004-07-26,7.106597
2004-07-27,7.174065
2004-07-28,7.170319
2004-07-29,7.271519
2004-07-30,7.286510
2004-08-02,7.305253
2004-08-03,7.185311
2004-08-04,7.196555
2004-08-05,7.087858
2004-08-06,6.874211
2004-08-09,6.919189
2004-08-10,7.039130
2004-08-11,6.862966
2004-08-12,6.728030
2004-08-13,6.765511
2004-08-16,6.825482
2004-08-17,6.870461
2004-08-18,6.982906
2004-08-19,6.960421
2004-08-20,6.994152
2004-08-23,7.027886
2004-08-24,6.990403
2004-08-25,7.069118
2004-08-26,7.031634
2004-08-27,7.061625
2004-08-30,6.990403
2004-08-31,6.964166
2004-09-01,7.016642
2004-09-02,7.099100
2004-09-03,6.945426
2004-09-07,6.975414
2004-09-08,6.982906
2004-09-09,7.087858
2004-09-10,7.207797
2004-09-13,7.241531
2004-09-14,7.271519
2004-09-15,7.155328
2004-09-16,7.170319
2004-09-17,7.219040
2004-09-20,7.245282
2004-09-21,7.271519
2004-09-22,7.151576
2004-09-23,7.170319
2004-09-24,7.110343
2004-09-27,7.046628
2004-09-28,7.065371
2004-09-29,7.140328
2004-09-30,7.166571
2004-10-01,7.346485
2004-10-04,7.406456
2004-10-05,7.458930
2004-10-06,7.507657
2004-10-07,7.428944
2004-10-08,7.323990
2004-10-11,7.346485
2004-10-12,7.327743
2004-10-13,7.301505
2004-10-14,7.245282
2004-10-15,7.290259
2004-10-18,7.365222
2004-10-19,7.365222
2004-10-20,7.376470
2004-10-21,7.440187
2004-10-22,7.279015
2004-10-25,7.267770
2004-10-26,7.282765
2004-10-27,7.458930
2004-10-28,7.477669
2004-10-29,7.481414
2004-11-01,7.541394
2004-11-02,7.552634
2004-11-03,7.593865
2004-11-04,7.680072
2004-11-05,7.747543
2004-11-08,7.758787
2004-11-09,7.755042
2004-11-10,7.687570
2004-11-11,7.785024
2004-11-12,7.893724
2004-11-15,7.938701
2004-11-16,7.878730
2004-11-17,7.968688
2004-11-18,7.998672
2004-11-19,7.874979
2004-11-22,7.886228
2004-11-23,7.852494
2004-11-24,7.916211
2004-11-26,7.904967
2004-11-29,7.908716
2004-11-30,7.863739
2004-12-01,8.024908
2004-12-02,8.047399
2004-12-03,8.103621
2004-12-06,8.137355
2004-12-07,8.028657
2004-12-08,8.021162
2004-12-09,8.017417
2004-12-10,7.976186
2004-12-13,8.069888
2004-12-14,8.084881
2004-12-15,8.084881
2004-12-16,8.051146
2004-12-17,8.012156
2004-12-20,7.966284
2004-12-21,8.054204
2004-12-22,8.069495
2004-12-23,8.088609
2004-12-27,8.038918
2004-12-28,8.080960
2004-12-29,8.080960
2004-12-30,8.084785
2004-12-31,8.069495
2005-01-03,8.000692
2005-01-04,7.851607
2005-01-05,7.824849
2005-01-06,7.801915
2005-01-07,7.817206
2005-01-10,7.817206
2005-01-11,7.740755
2005-01-12,7.782804
2005-01-13,7.706347
2005-01-14,7.729287
2005-01-18,7.813385
2005-01-19,7.649012
2005-01-20,7.595492
2005-01-21,7.541976
2005-01-24,7.480815
2005-01-25,7.492285
2005-01-26,7.568735
2005-01-27,7.561090
2005-01-28,7.561090
2005-01-31,7.614606
2005-02-01,7.660477
2005-02-02,7.664299
2005-02-03,7.614606
2005-02-04,7.744575
2005-02-07,7.721638
2005-02-08,7.759864
2005-02-09,7.626071
2005-02-10,7.641369
2005-02-11,7.713995
2005-02-14,7.729287
2005-02-15,7.767511
2005-02-16,7.740755
2005-02-17,7.614606
2005-02-18,7.599319
2005-02-22,7.557268
2005-02-23,7.534331
2005-02-24,7.599319
2005-02-25,7.649012
2005-02-28,7.626071
2005-03-01,7.717820
2005-03-02,7.698701
2005-03-03,7.641369
2005-03-04,7.691061
2005-03-07,7.748400
2005-03-08,7.683416
2005-03-09,7.668123
2005-03-10,7.702524
2005-03-11,7.603138
2005-03-14,7.633724
2005-03-15,7.557268
2005-03-16,7.480815
2005-03-17,7.476991
2005-03-18,7.434943
2005-03-21,7.434943
2005-03-22,7.369961
2005-03-23,7.400543
2005-03-24,7.404364
2005-03-28,7.412007
2005-03-29,7.354668
2005-03-30,7.465524
2005-03-31,7.476991
2005-04-01,7.412007
2005-04-04,7.438767
2005-04-05,7.454058
2005-04-06,7.442589
2005-04-07,7.541976
2005-04-08,7.488459
2005-04-11,7.446412
2005-04-12,7.492285
2005-04-13,7.385249
2005-04-14,7.282036
2005-04-15,7.060331
2005-04-18,7.067979
2005-04-19,7.155896
2005-04-20,7.090912
2005-04-21,7.282036
2005-04-22,7.194122
2005-04-25,7.243814
2005-04-26,7.194122
2005-04-27,7.220880
2005-04-28,7.148250
2005-04-29,7.213233
2005-05-02,7.205591
2005-05-03,7.255288
2005-05-04,7.304977
2005-05-05,7.293507
2005-05-06,7.312622
2005-05-09,7.343204
2005-05-10,7.266750
2005-05-11,7.301154
2005-05-12,7.308800
2005-05-13,7.400543
2005-05-16,7.469343
2005-05-17,7.496106
2005-05-18,7.603138
2005-05-19,7.645188
2005-05-20,7.656655
2005-05-23,7.683416
2005-05-24,7.721638
2005-05-25,7.687237
2005-05-26,7.775152
2005-05-27,7.763688
2005-05-31,7.713995
2005-06-01,7.790444
2005-06-02,7.824849
2005-06-03,7.740755
2005-06-06,7.729287
2005-06-07,7.698701
2005-06-08,7.713995
2005-06-09,7.752222
2005-06-10,7.710173
2005-06-13,7.740755
2005-06-14,7.694879
2005-06-15,7.740755
2005-06-16,7.756041
2005-06-17,7.759864
2005-06-20,7.748400
2005-06-21,7.782804
2005-06-22,7.798091
2005-06-23,7.736932
2005-06-24,7.641369
2005-06-27,7.580201
2005-06-28,7.675767
2005-06-29,7.687237
2005-06-30,7.614606
2005-07-01,7.633724
2005-07-05,7.683416
2005-07-06,7.664299
2005-07-07,7.679591
2005-07-08,7.817206
2005-07-11,7.897477
2005-07-12,7.939528
2005-07-13,7.973929
2005-07-14,8.042739
2005-07-15,8.038918
2005-07-18,7.993040
2005-07-19,8.111544
2005-07-20,8.084785
2005-07-21,8.031268
2005-07-22,8.012156
2005-07-25,7.970105
2005-07-26,8.031268
2005-07-27,8.084785
2005-07-28,8.088609
2005-07-29,8.046558
2005-08-01,8.050385
2005-08-02,8.130656
2005-08-03,8.184174
2005-08-04,8.107720
2005-08-05,8.088609
2005-08-08,8.023625
2005-08-09,8.084785
2005-08-10,7.993040
2005-08-11,8.054204
2005-08-12,7.947170
2005-08-15,7.989221
2005-08-16,7.912769
2005-08-17,7.981574
2005-08-18,7.928060
2005-08-19,7.935704
2005-08-22,7.950995
2005-08-23,7.947170
2005-08-24,7.897477
2005-08-25,7.901303
2005-08-26,7.874547
2005-08-29,7.928060
2005-08-30,7.928060
2005-08-31,7.970105
2005-09-01,7.950995
2005-09-02,7.928060
2005-09-06,8.019803
2005-09-07,8.019803
2005-09-08,8.038918
2005-09-09,8.046558
2005-09-12,8.065673
2005-09-13,8.073318
2005-09-14,7.989221
2005-09-15,7.970105
2005-09-16,8.019803
2005-09-19,7.954814
2005-09-20,7.924235
2005-09-21,7.828674
2005-09-22,7.859249
2005-09-23,7.863076
2005-09-26,7.851607
2005-09-27,7.824849
2005-09-28,7.874547
2005-09-29,7.935704
2005-09-30,7.989221
2005-10-03,7.977755
2005-10-04,7.905124
2005-10-05,7.794273
2005-10-06,7.706347
2005-10-07,7.725460
2005-10-10,7.671948
2005-10-11,7.614606
2005-10-12,7.564915
2005-10-13,7.618425
2005-10-14,7.649012
2005-10-17,7.641369
2005-10-18,7.626071
2005-10-19,7.721638
2005-10-20,7.664299
2005-10-21,7.710173
2005-10-24,7.809558
2005-10-25,7.756041
2005-10-26,7.736932
2005-10-27,7.652827
2005-10-28,7.725460
2005-10-31,7.805734
2005-11-01,7.790444
2005-11-02,7.878363
2005-11-03,7.950995
2005-11-04,7.985400
2005-11-07,8.000692
2005-11-08,8.004506
2005-11-09,7.996864
2005-11-10,8.065673
2005-11-11,8.084785
2005-11-14,8.092432
2005-11-15,8.065673
2005-11-16,8.096254
2005-11-17,8.191822
2005-11-18,8.237689
2005-11-21,8.233866
2005-11-22,8.287378
2005-11-23,8.333252
2005-11-25,8.356191
2005-11-28,8.325608
2005-11-29,8.325608
2005-11-30,8.298849
2005-12-01,8.424994
2005-12-02,8.417350
2005-12-05,8.375300
2005-12-06,8.386769
2005-12-07,8.371477
2005-12-08,8.310318
2005-12-09,8.340896
2005-12-12,8.363830
2005-12-13,8.337074
2005-12-14,8.348548
2005-12-15,8.314137
2005-12-16,8.301821
2005-12-19,8.201758
2005-12-20,8.170965
2005-12-21,8.178665
2005-12-22,8.217147
2005-12-23,8.232544
2005-12-27,8.163269
2005-12-28,8.144022
2005-12-29,8.097837
2005-12-30,8.043954
2006-01-03,8.201758
2006-01-04,8.297976
2006-01-05,8.336468
2006-01-06,8.467321
2006-01-09,8.494265
2006-01-10,8.486567
2006-01-11,8.567388
2006-01-12,8.521201
2006-01-13,8.517360
2006-01-17,8.432685
2006-01-18,8.332617
2006-01-19,8.405746
2006-01-20,8.186365
2006-01-23,8.155570
2006-01-24,8.182515
2006-01-25,8.209452
2006-01-26,8.263337
2006-01-27,8.355708
2006-01-30,8.382648
2006-01-31,8.313373
2006-02-01,8.363400
2006-02-02,8.247944
2006-02-03,8.190210
2006-02-06,8.167116
2006-02-07,8.144022
2006-02-08,8.301821
2006-02-09,8.263337
2006-02-10,8.328764
2006-02-13,8.251789
2006-02-14,8.363400
2006-02-15,8.409591
2006-02-16,8.486567
2006-02-17,8.440379
2006-02-21,8.348010
2006-02-22,8.390345
2006-02-23,8.348010
2006-02-24,8.351858
2006-02-27,8.428831
2006-02-28,8.332617
2006-03-01,8.498111
2006-03-02,8.517360
2006-03-03,8.467321
2006-03-06,8.432685
2006-03-07,8.378801
2006-03-08,8.371103
2006-03-09,8.321067
2006-03-10,8.359556
2006-03-13,8.390345
2006-03-14,8.486567
2006-03-15,8.536604
2006-03-16,8.482719
2006-03-17,8.509659
2006-03-20,8.525050
2006-03-21,8.490417
2006-03-22,8.494265
2006-03-23,8.475022
2006-03-24,8.501958
2006-03-27,8.513509
2006-03-28,8.417288
2006-03-29,8.544296
2006-03-30,8.571239
2006-03-31,8.521201
2006-04-03,8.571239
2006-04-04,8.602033
2006-04-05,8.675157
2006-04-06,8.667459
2006-04-07,8.567388
2006-04-10,8.555843
2006-04-11,8.478868
2006-04-12,8.494265
2006-04-13,8.505809
2006-04-17,8.413439
2006-04-18,8.582786
2006-04-19,8.575089
2006-04-20,8.582786
2006-04-21,8.490417
2006-04-24,8.478868
2006-04-25,8.475022
2006-04-26,8.505809
2006-04-27,8.590483
2006-04-28,8.409591
2006-05-01,8.340314
2006-05-02,8.378801
2006-05-03,8.359556
2006-05-04,8.390345
2006-05-05,8.436531
2006-05-08,8.448075
2006-05-09,8.413439
2006-05-10,8.324919
2006-05-11,8.151727
2006-05-12,8.074746
2006-05-15,8.082441
2006-05-16,8.005468
2006-05-17,7.897702
2006-05-18,7.870763
2006-05-19,7.928494
2006-05-22,7.859210
2006-05-23,7.801486
2006-05-24,7.878457
2006-05-25,7.951584
2006-05-26,7.990074
2006-05-30,7.832274
2006-05-31,7.863063
2006-06-01,7.997769
2006-06-02,7.970829
2006-06-05,7.851515
2006-06-06,7.851515
2006-06-07,7.743754
2006-06-08,7.705269
2006-06-09,7.674473
2006-06-12,7.532069
2006-06-13,7.539767
2006-06-14,7.589800
2006-06-15,7.782240
2006-06-16,7.770693
2006-06-19,7.736054
2006-06-20,7.724508
2006-06-21,7.824577
2006-06-22,7.732199
2006-06-23,7.709113
2006-06-26,7.724508
2006-06-27,7.620588
2006-06-28,7.670627
2006-06-29,7.866912
2006-06-30,7.824577
2006-07-03,7.882307
2006-07-05,7.759145
2006-07-06,7.766847
2006-07-07,7.689873
2006-07-10,7.601344
2006-07-11,7.632136
2006-07-12,7.493578
2006-07-13,7.370421
2006-07-14,7.351173
2006-07-17,7.374269
2006-07-18,7.389663
2006-07-19,7.497433
2006-07-20,7.389663
2006-07-21,7.312687
2006-07-24,7.424303
2006-07-25,7.505126
2006-07-26,7.524372
2006-07-27,7.501275
2006-07-28,7.632136
2006-07-31,7.620588
2006-08-01,7.512826
2006-08-02,7.605193
2006-08-03,7.628286
2006-08-04,7.605193
2006-08-07,7.578255
2006-08-08,7.551313
2006-08-09,7.597498
2006-08-10,7.628286
2006-08-11,7.585952
2006-08-14,7.651381
2006-08-15,7.828427
2006-08-16,7.951584
2006-08-17,7.986225
2006-08-18,8.017015
2006-08-21,7.963128
2006-08-22,7.966983
2006-08-23,7.928494
2006-08-24,7.959288
2006-08-25,7.982375
2006-08-28,8.055502
2006-08-29,8.128631
2006-08-30,8.186365
2006-08-31,8.155570
2006-09-01,8.190210
2006-09-05,8.232544
2006-09-06,8.097837
2006-09-07,8.051658
2006-09-08,8.117083
2006-09-11,8.186365
2006-09-12,8.328764
2006-09-13,8.328764
2006-09-14,8.348010
2006-09-15,8.368835
2006-09-18,8.364982
2006-09-19,8.326415
2006-09-20,8.461397
2006-09-21,8.380404
2006-09-22,8.330272
2006-09-25,8.480678
2006-09-26,8.534671
2006-09-27,8.469110
2006-09-28,8.511529
2006-09-29,8.484531
2006-10-02,8.422830
2006-10-03,8.469110
2006-10-04,8.600230
2006-10-05,8.596375
2006-10-06,8.600230
2006-10-09,8.623377
2006-10-10,8.631083
2006-10-11,8.627231
2006-10-12,8.754499
2006-10-13,8.796919
2006-10-16,8.793060
2006-10-17,8.719786
2006-10-18,8.696646
2006-10-19,8.723649
2006-10-20,8.777636
2006-10-23,8.831626
2006-10-24,8.769920
2006-10-25,8.847055
2006-10-26,8.893332
2006-10-27,8.777636
2006-10-30,8.808490
2006-10-31,8.820054
2006-11-01,8.781490
2006-11-02,8.727502
2006-11-03,8.727502
2006-11-06,8.831626
2006-11-07,8.877904
2006-11-08,8.885623
2006-11-09,8.881769
2006-11-10,8.904900
2006-11-13,8.982038
2006-11-14,9.047603
2006-11-15,9.066882
2006-11-16,9.101593
2006-11-17,9.117014
2006-11-20,9.117014
2006-11-21,9.113161
2006-11-22,9.182581
2006-11-24,9.163298
2006-11-27,8.947327
2006-11-28,8.993606
2006-11-29,9.051455
2006-11-30,9.070739
2006-12-01,8.993606
2006-12-04,9.109305
2006-12-05,9.113161
2006-12-06,9.055310
2006-12-07,9.020606
2006-12-08,9.020606
2006-12-11,9.074595
2006-12-12,9.043740
2006-12-13,9.059171
2006-12-14,9.136301
2006-12-15,9.138242
2006-12-18,9.103330
2006-12-19,9.045152
2006-12-20,9.049029
2006-12-21,9.006362
2006-12-22,8.936548
2006-12-26,8.986969
2006-12-27,9.052914
2006-12-28,9.049029
2006-12-29,9.021876
2007-01-03,9.049029
2007-01-04,9.188664
2007-01-05,9.114968
2007-01-08,9.142115
2007-01-09,9.153755
2007-01-10,9.200297
2007-01-11,9.293391
2007-01-12,9.316663
2007-01-16,9.297268
2007-01-17,9.177026
2007-01-18,9.072305
2007-01-19,9.068424
2007-01-22,9.002486
2007-01-23,9.002486
2007-01-24,9.165393
2007-01-25,9.052914
2007-01-26,9.056786
2007-01-29,9.095571
2007-01-30,9.149879
2007-01-31,9.204182
2007-02-01,9.165393
2007-02-02,9.211937
2007-02-05,9.188664
2007-02-06,9.177026
2007-02-07,9.219693
2007-02-08,9.231330
2007-02-09,9.130487
2007-02-12,9.091701
2007-02-13,9.126604
2007-02-14,9.254599
2007-02-15,9.289515
2007-02-16,9.270114
2007-02-20,9.273995
2007-02-21,9.258478
2007-02-22,9.308902
2007-02-23,9.301142
2007-02-26,9.277873
2007-02-27,8.921035
2007-02-28,8.955943
2007-03-01,8.948186
2007-03-02,8.781397
2007-03-05,8.800794
2007-03-06,8.936548
2007-03-07,8.824061
2007-03-08,8.897760
2007-03-09,8.921035
2007-03-12,8.975331
2007-03-13,8.831820
2007-03-14,8.913273
2007-03-15,8.917154
2007-03-16,8.901639
2007-03-19,8.959819
2007-03-20,9.018001
2007-03-21,9.200297
2007-03-22,9.165393
2007-03-23,9.142115
2007-03-26,9.153755
2007-03-27,9.157634
2007-03-28,9.052914
2007-03-29,9.064542
2007-03-30,9.045152
2007-04-02,9.091701
2007-04-03,9.165393
2007-04-04,9.219693
2007-04-05,9.254599
2007-04-09,9.254599
2007-04-10,9.246843
2007-04-11,9.161512
2007-04-12,9.258478
2007-04-13,9.266236
2007-04-16,9.343812
2007-04-17,9.363204
2007-04-18,9.339931
2007-04-19,9.343812
2007-04-20,9.398114
2007-04-23,9.378718
2007-04-24,9.429143
2007-04-25,9.498960
2007-04-26,9.553263
2007-04-27,9.545506
2007-04-30,9.471807
2007-05-01,9.518353
2007-05-02,9.568779
2007-05-03,9.661868
2007-05-04,9.700653
2007-05-07,9.689021
2007-05-08,9.727805
2007-05-09,9.716168
2007-05-10,9.665748
2007-05-11,9.770470
2007-05-14,9.723925
2007-05-15,9.708407
2007-05-16,9.793745
2007-05-17,9.766592
2007-05-18,9.817016
2007-05-21,9.859681
2007-05-22,9.848043
2007-05-23,9.813137
2007-05-24,9.689021
2007-05-25,9.770470
2007-05-29,9.828648
2007-05-30,9.902346
2007-05-31,9.948886
2007-06-01,9.948886
2007-06-04,9.983798
2007-06-05,9.948886
2007-06-06,9.832527
2007-06-07,9.692891
2007-06-08,9.828648
2007-06-11,9.848043
2007-06-12,9.731682
2007-06-13,9.855799
2007-06-14,9.948886
2007-06-15,10.006337
2007-06-18,10.033506
2007-06-19,10.029624
2007-06-20,9.971403
2007-06-21,10.021856
2007-06-22,9.909301
2007-06-25,9.874365
2007-06-26,9.839437
2007-06-27,9.936470
2007-06-28,9.971403
2007-06-29,9.936470
2007-07-02,10.021856
2007-07-03,10.091728
2007-07-05,10.130540
2007-07-06,10.149945
2007-07-09,10.208170
2007-07-10,10.091728
2007-07-11,10.149945
2007-07-12,10.320731
2007-07-13,10.344021
2007-07-16,10.375072
2007-07-17,10.410006
2007-07-18,10.355666
2007-07-19,10.441058
2007-07-20,10.402244
2007-07-23,10.417772
2007-07-24,10.312969
2007-07-25,10.324615
2007-07-26,10.169355
2007-07-27,9.951994
2007-07-30,9.986929
2007-07-31,9.917062
2007-08-01,10.014095
2007-08-02,10.033506
2007-08-03,9.839437
2007-08-06,9.994691
2007-08-07,10.014095
2007-08-08,10.169355
2007-08-09,9.936470
2007-08-10,9.796741
2007-08-13,9.932589
2007-08-14,9.730754
2007-08-15,9.606545
2007-08-16,9.544443
2007-08-17,9.637598
2007-08-20,9.672533
2007-08-21,9.703586
2007-08-22,9.831671
2007-08-23,9.858842
2007-08-24,9.998575
2007-08-27,9.944232
2007-08-28,9.765682
2007-08-29,9.998575
2007-08-30,10.041271
2007-08-31,10.107256
2007-09-04,10.262511
2007-09-05,10.153831
2007-09-06,10.204287
2007-09-07,9.994691
2007-09-10,9.975286
2007-09-11,10.118896
2007-09-12,10.091728
2007-09-13,10.091728
2007-09-14,10.041271
2007-09-17,10.037388
2007-09-18,10.235335
2007-09-19,10.274156
2007-09-20,10.312969
2007-09-21,10.391920
2007-09-24,10.364695
2007-09-25,10.469702
2007-09-26,10.535818
2007-09-27,10.528044
2007-09-28,10.489148
2007-10-01,10.601935
2007-10-02,10.640826
2007-10-03,10.516373
2007-10-04,10.543597
2007-10-05,10.656384
2007-10-08,10.675830
2007-10-09,10.753613
2007-10-10,10.788619
2007-10-11,10.671939
2007-10-12,10.776951
2007-10-15,10.699166
2007-10-16,10.699166
2007-10-17,10.788619
2007-10-18,10.815840
2007-10-19,10.559155
2007-10-22,10.625270
2007-10-23,10.741950
2007-10-24,10.633052
2007-10-25,10.722499
2007-10-26,10.866400
2007-10-29,10.897514
2007-10-30,10.916962
2007-10-31,11.045299
2007-11-01,10.924740
2007-11-02,10.948072
2007-11-05,10.932514
2007-11-06,10.990855
2007-11-07,10.695276
2007-11-08,10.314128
2007-11-09,10.100232
2007-11-12,9.936881
2007-11-13,10.275245
2007-11-14,10.216906
2007-11-15,10.092449
2007-11-16,10.236346
2007-11-19,10.034110
2007-11-20,10.119674
2007-11-21,9.929106
2007-11-23,10.026339
2007-11-26,9.816319
2007-11-27,9.925215
2007-11-28,10.216906
2007-11-29,10.267467
2007-11-30,10.213016
2007-12-03,10.150790
2007-12-04,10.111897
2007-12-05,10.345248
2007-12-06,10.450254
2007-12-07,10.461926
2007-12-10,10.512482
2007-12-11,10.349140
2007-12-12,10.528044
2007-12-13,10.473595
2007-12-14,10.407476
2007-12-17,10.209130
2007-12-18,10.209130
2007-12-19,10.275245
2007-12-20,10.423034
2007-12-21,10.557047
2007-12-24,10.635187
2007-12-26,10.693794
2007-12-27,10.545325
2007-12-28,10.494536
2007-12-31,10.416389
2008-01-02,10.205406
2008-01-03,10.221035
2008-01-04,9.822506
2008-01-07,9.736553
2008-01-08,9.478679
2008-01-09,9.611526
2008-01-10,9.627153
2008-01-11,9.486493
2008-01-14,9.677946
2008-01-15,9.474774
2008-01-16,9.267694
2008-01-17,9.185647
2008-01-18,9.025455
2008-01-22,8.857451
2008-01-23,8.935588
2008-01-24,9.064528
2008-01-25,8.923869
2008-01-28,8.962941
2008-01-29,9.041082
2008-01-30,8.970757
2008-01-31,9.084061
2008-02-01,9.240349
2008-02-04,9.048892
2008-02-05,8.822283
2008-02-06,8.724605
2008-02-07,8.779309
2008-02-08,8.712886
2008-02-11,8.865260
2008-02-12,8.884799
2008-02-13,9.087966
2008-02-14,8.908241
2008-02-15,8.876983
2008-02-19,8.794932
2008-02-20,8.810563
2008-02-21,8.794932
2008-02-22,8.787118
2008-02-25,8.837917
2008-02-26,8.939496
2008-02-27,8.947310
2008-02-28,8.834006
2008-02-29,8.654278
2008-03-03,8.650367
2008-03-04,8.662088
2008-03-05,8.724605
2008-03-06,8.603488
2008-03-07,8.603488
2008-03-10,8.509715
2008-03-11,8.810563
2008-03-12,8.720698
2008-03-13,8.685533
2008-03-14,8.576136
2008-03-17,8.537066
2008-03-18,8.919965
2008-03-19,8.654278
2008-03-20,8.750421
2008-03-24,9.059167
2008-03-25,9.066982
2008-03-26,8.891118
2008-03-27,8.820763
2008-03-28,8.766053
2008-03-31,8.754331
2008-04-01,9.008358
2008-04-02,9.117790
2008-04-03,9.113878
2008-04-04,9.082615
2008-04-07,9.090430
2008-04-08,9.035718
2008-04-09,8.996634
2008-04-10,9.070889
2008-04-11,8.828583
2008-04-14,8.793408
2008-04-15,8.793408
2008-04-16,9.152963
2008-04-17,9.149060
2008-04-18,9.309291
2008-04-21,9.367913
2008-04-22,9.321011
2008-04-23,9.379635
2008-04-24,9.492974
2008-04-25,9.379635
2008-04-28,9.379635
2008-04-29,9.469525
2008-04-30,9.301476
2008-05-01,9.692289
2008-05-02,9.688384
2008-05-05,9.645393
2008-05-06,9.762641
2008-05-07,9.590677
2008-05-08,9.606310
2008-05-09,9.575046
2008-05-12,9.731371
2008-05-13,9.731371
2008-05-14,9.750914
2008-05-15,9.938505
2008-05-16,9.915060
2008-05-19,9.965867
2008-05-20,9.809533
2008-05-21,9.551596
2008-05-22,9.586772
2008-05-23,9.567230
2008-05-27,9.723558
2008-05-28,9.778271
2008-05-29,9.848619
2008-05-30,9.907241
2008-06-02,9.766547
2008-06-03,9.711829
2008-06-04,9.731371
2008-06-05,9.930693
2008-06-06,9.661024
2008-06-09,9.641489
2008-06-10,9.598495
2008-06-11,9.352281
2008-06-12,9.457803
2008-06-13,9.559413
2008-06-16,9.582862
2008-06-17,9.543777
2008-06-18,9.442170
2008-06-19,9.477337
2008-06-20,9.308419
2008-06-23,9.222194
2008-06-24,9.210432
2008-06-25,9.288822
2008-06-26,9.112453
2008-06-27,8.990952
2008-06-30,8.979193
2008-07-01,8.916485
2008-07-02,8.798903
2008-07-03,8.759711
2008-07-07,8.857697
2008-07-08,8.947838
2008-07-09,8.681322
2008-07-10,8.791064
2008-07-11,8.708760
2008-07-14,8.642131
2008-07-15,8.622536
2008-07-16,8.747951
2008-07-17,8.838102
2008-07-18,8.936080
2008-07-21,8.759711
2008-07-22,8.712681
2008-07-23,8.869451
2008-07-24,8.642131
2008-07-25,8.763631
2008-07-28,8.579423
2008-07-29,8.751871
2008-07-30,8.810660
2008-07-31,8.759711
2008-08-01,8.661730
2008-08-04,8.704841
2008-08-05,8.869451
2008-08-06,8.994873
2008-08-07,8.979193
2008-08-08,9.151646
2008-08-11,9.210432
2008-08-12,9.230029
2008-08-13,9.194759
2008-08-14,9.265304
2008-08-15,9.300579
2008-08-18,9.183002
2008-08-19,9.022305
2008-08-20,9.041901
2008-08-21,9.006628
2008-08-22,9.132048
2008-08-25,9.014472
2008-08-26,8.979193
2008-08-27,9.065416
2008-08-28,9.120291
2008-08-29,8.916485
2008-09-02,8.865535
2008-09-03,8.747951
2008-09-04,8.434403
2008-09-05,8.434403
2008-09-08,8.536305
2008-09-09,8.387379
2008-09-10,8.348182
2008-09-11,8.485355
2008-09-12,8.524551
2008-09-15,8.113020
2008-09-16,8.265873
2008-09-17,7.807310
2008-09-18,8.140460
2008-09-19,8.199843
2008-09-22,7.987472
2008-09-23,7.983539
2008-09-24,8.003201
2008-09-25,8.140848
2008-09-26,8.180179
2008-09-29,7.472278
2008-09-30,7.806562
2008-10-01,7.735775
2008-10-02,7.432948
2008-10-03,7.326766
2008-10-06,6.921687
2008-10-07,6.567739
2008-10-08,6.508746
2008-10-09,6.292444
2008-10-10,6.253117
2008-10-13,6.984613
2008-10-14,6.748647
2008-10-15,6.241320
2008-10-16,6.567739
2008-10-17,6.504814
2008-10-20,6.764377
2008-10-21,6.410428
2008-10-22,6.076142
2008-10-23,6.213789
2008-10-24,5.922763
2008-10-27,5.800846
2008-10-28,6.607066
2008-10-29,6.351438
2008-10-30,6.587403
2008-10-31,6.548075
2008-11-03,6.548075
2008-11-04,6.823368
2008-11-05,6.410428
2008-11-06,6.056478
2008-11-07,6.229520
2008-11-10,6.162663
2008-11-11,6.028947
2008-11-12,5.745789
2008-11-13,6.103670
2008-11-14,5.824445
2008-11-17,5.659268
2008-11-18,5.737923
2008-11-19,5.419367
2008-11-20,5.187333
2008-11-21,5.462627
2008-11-24,5.730056
2008-11-25,5.808713
2008-11-26,5.989621
2008-11-28,5.997486
2008-12-01,5.564881
2008-12-02,5.761519
2008-12-03,5.926696
2008-12-04,5.686795
2008-12-05,5.910965
2008-12-08,6.186258
2008-12-09,6.146933
2008-12-10,6.095805
2008-12-11,5.966023
2008-12-12,6.036814
2008-12-15,5.969956
2008-12-16,6.280647
2008-12-17,6.158730
2008-12-18,5.985689
2008-12-19,6.037484
2008-12-22,5.954452
2008-12-23,5.871425
2008-12-24,5.910961
2008-12-26,5.903051
2008-12-29,5.907006
2008-12-30,6.017713
2008-12-31,6.092836
2009-01-02,6.322156
2009-01-05,6.302389
2009-01-06,6.448679
2009-01-07,6.243081
2009-01-08,6.286574
2009-01-09,6.148190
2009-01-12,6.037484
2009-01-13,6.009805
2009-01-14,5.827929
2009-01-15,5.867469
2009-01-16,5.907006
2009-01-20,5.665822
2009-01-21,5.938639
2009-01-22,5.804208
2009-01-23,5.887237
2009-01-26,5.958405
2009-01-27,5.993991
2009-01-28,6.164006
2009-01-29,5.982129
2009-01-30,5.804208
2009-02-02,5.895145
2009-02-03,6.013759
2009-02-04,6.009805
2009-02-05,6.104697
2009-02-06,6.314250
2009-02-09,6.330066
2009-02-10,6.073066
2009-02-11,6.084929
2009-02-12,6.112607
2009-02-13,6.084929
2009-02-17,5.831882
2009-02-18,5.835838
2009-02-19,5.693500
2009-02-20,5.748854
2009-02-23,5.483949
2009-02-24,5.630239
2009-02-25,5.681638
2009-02-26,5.622332
2009-02-27,5.582793
2009-03-02,5.448363
2009-03-03,5.396965
2009-03-04,5.539299
2009-03-05,5.369287
2009-03-06,5.396965
2009-03-09,5.226949
2009-03-10,5.527437
2009-03-11,5.650006
2009-03-12,5.812115
2009-03-13,5.812115
2009-03-16,5.760715
2009-03-17,5.970267
2009-03-18,6.053297
2009-03-19,6.069113
2009-03-20,5.976524
2009-03-23,6.330188
2009-03-24,6.226871
2009-03-25,6.262634
2009-03-26,6.425557
2009-03-27,6.286477
2009-03-30,6.091763
2009-03-31,6.207001
2009-04-01,6.381846
2009-04-02,6.548745
2009-04-03,6.640141
2009-04-06,6.572587
2009-04-07,6.389795
2009-04-08,6.485164
2009-04-09,6.648089
2009-04-13,6.648089
2009-04-14,6.576560
2009-04-15,6.556692
2009-04-16,6.751407
2009-04-17,6.739483
2009-04-20,6.524902
2009-04-21,6.636169
2009-04-22,6.667958
2009-04-23,6.699746
2009-04-24,6.795117
2009-04-27,6.763328
2009-04-28,6.759353
2009-04-29,6.834855
2009-04-30,6.854722
2009-05-01,6.946119
2009-05-04,7.073278
2009-05-05,7.029568
2009-05-06,7.069307
2009-05-07,6.799092
2009-05-08,6.791144
2009-05-11,6.811015
2009-05-12,6.775250
2009-05-13,6.604380
2009-05-14,6.675904
2009-05-15,6.675904
2009-05-18,6.858699
2009-05-19,6.898436
2009-05-20,6.826909
2009-05-21,6.707693
2009-05-22,6.731536
2009-05-26,6.906384
2009-05-27,6.838826
2009-05-28,6.938174
2009-05-29,7.013672
2009-06-01,7.212361
2009-06-02,7.196467
2009-06-03,7.116993
2009-06-04,7.216334
2009-06-05,7.287861
2009-06-08,7.244153
2009-06-09,7.275939
2009-06-10,7.295811
2009-06-11,7.323628
2009-06-12,7.303759
2009-06-15,7.228256
2009-06-16,7.136861
2009-06-17,7.176595
2009-06-18,7.144808
2009-06-19,7.233024
2009-06-22,7.053398
2009-06-23,7.057388
2009-06-24,7.157181
2009-06-25,7.260965
2009-06-26,7.248991
2009-06-29,7.324835
2009-06-30,7.268947
2009-07-01,7.300890
2009-07-02,7.117264
2009-07-06,7.097304
2009-07-07,6.921670
2009-07-08,6.925662
2009-07-09,6.969572
2009-07-10,6.997517
2009-07-13,7.129239
2009-07-14,7.137225
2009-07-15,7.404672
2009-07-16,7.512446
2009-07-17,7.584297
2009-07-20,7.652157
2009-07-21,7.696066
2009-07-22,7.739975
2009-07-23,7.891661
2009-07-24,7.843765
2009-07-27,7.843765
2009-07-28,7.859728
2009-07-29,7.851744
2009-07-30,7.891661
2009-07-31,7.863718
2009-08-03,7.971497
2009-08-04,7.947546
2009-08-05,7.875692
2009-08-06,7.819810
2009-08-07,7.899644
2009-08-10,7.863718
2009-08-11,7.751950
2009-08-12,7.907627
2009-08-13,7.943551
2009-08-14,7.867712
2009-08-17,7.680102
2009-08-18,7.795861
2009-08-19,7.815820
2009-08-20,7.903631
2009-08-21,8.019394
2009-08-24,7.995445
2009-08-25,8.015406
2009-08-26,8.051332
2009-08-27,8.067298
2009-08-28,8.095238
2009-08-31,7.991453
2009-09-01,7.827793
2009-09-02,7.843765
2009-09-03,7.879685
2009-09-04,8.019394
2009-09-08,8.079275
2009-09-09,8.139147
2009-09-10,8.250921
2009-09-11,8.258902
2009-09-14,8.230964
2009-09-15,8.286844
2009-09-16,8.350713
2009-09-17,8.318782
2009-09-18,8.369660
2009-09-21,8.333599
2009-09-22,8.377671
2009-09-23,8.377671
2009-09-24,8.297537
2009-09-25,8.245456
2009-09-28,8.381683
2009-09-29,8.337608
2009-09-30,8.361647
2009-10-01,8.113241
2009-10-02,8.113241
2009-10-05,8.181355
2009-10-06,8.329597
2009-10-07,8.313570
2009-10-08,8.365653
2009-10-09,8.421745
2009-10-12,8.425752
2009-10-13,8.457804
2009-10-14,8.557967
2009-10-15,8.541940
2009-10-16,8.461810
2009-10-19,8.553962
2009-10-20,8.525913
2009-10-21,8.529922
2009-10-22,8.569984
2009-10-23,8.545952
2009-10-26,8.489856
2009-10-27,8.445786
2009-10-28,8.321584
2009-10-29,8.481844
2009-10-30,8.257480
2009-11-02,8.305554
2009-11-03,8.273500
2009-11-04,8.321584
2009-11-05,8.501878
2009-11-06,8.513897
2009-11-09,8.710215
2009-11-10,8.706209
2009-11-11,8.758293
2009-11-12,8.694192
2009-11-13,8.774322
2009-11-16,8.870478
2009-11-17,8.910540
2009-11-18,8.862461
2009-11-19,8.734258
2009-11-20,8.690182
2009-11-23,8.842431
2009-11-24,8.826404
2009-11-25,8.842431
2009-11-27,8.698198
2009-11-30,8.714225
2009-12-01,8.854449
2009-12-02,8.842431
2009-12-03,8.846437
2009-12-04,8.902532
2009-12-07,8.886504
2009-12-08,8.806368
2009-12-09,8.890512
2009-12-10,8.930575
2009-12-11,8.910540
2009-12-14,8.982658
2009-12-15,8.926568
2009-12-16,8.954613
2009-12-17,8.846437
2009-12-18,8.978724
2009-12-21,9.059145
2009-12-22,9.131523
2009-12-23,9.167708
2009-12-24,9.252148
2009-12-28,9.280298
2009-12-29,9.268233
2009-12-30,9.300401
2009-12-31,9.219983
2010-01-04,9.356693
2010-01-05,9.344633
2010-01-06,9.240087
2010-01-07,9.203898
2010-01-08,9.264215
2010-01-11,9.228025
2010-01-12,9.127500
2010-01-13,9.215964
2010-01-14,9.240087
2010-01-15,9.111415
2010-01-19,9.268233
2010-01-20,9.119455
2010-01-21,9.022956
2010-01-22,8.709326
2010-01-25,8.781703
2010-01-26,8.757575
2010-01-27,8.829948
2010-01-28,8.576636
2010-01-29,8.427860
2010-02-01,8.524362
2010-02-02,8.608800
2010-02-03,8.628905
2010-02-04,8.387645
2010-02-05,8.472094
2010-02-08,8.435900
2010-02-09,8.508278
2010-02-10,8.484153
2010-02-11,8.572613
2010-02-12,8.588697
2010-02-16,8.717369
2010-02-17,8.741490
2010-02-18,8.797785
2010-02-19,8.773658
2010-02-22,8.757575
2010-02-23,8.649010
2010-02-24,8.733452
2010-02-25,8.709326
2010-02-26,8.721387
2010-03-01,8.833973
2010-03-02,8.821913
2010-03-03,8.825933
2010-03-04,8.862122
2010-03-05,8.970682
2010-03-08,9.018940
2010-03-09,9.059145
2010-03-10,9.119455
2010-03-11,9.155644
2010-03-12,9.147605
2010-03-15,9.139563
2010-03-16,9.207918
2010-03-17,9.236063
2010-03-18,9.248131
2010-03-19,9.192865
2010-03-22,9.261437
2010-03-23,9.350183
2010-03-24,9.305812
2010-03-25,9.321946
2010-03-26,9.277577
2010-03-29,9.305812
2010-03-30,9.346148
2010-03-31,9.317911
2010-04-01,9.301779
2010-04-05,9.410687
2010-04-06,9.418756
2010-04-07,9.382452
2010-04-08,9.398584
2010-04-09,9.471191
2010-04-12,9.491363
2010-04-13,9.519603
2010-04-14,9.656744
2010-04-15,9.701113
2010-04-16,9.572034
2010-04-19,9.592203
2010-04-20,9.644639
2010-04-21,9.664809
2010-04-22,9.689013
2010-04-23,9.713217
2010-04-26,9.701113
2010-04-27,9.511532
2010-04-28,9.539765
2010-04-29,9.636574
2010-04-30,9.434892
2010-05-03,9.563972
2010-05-04,9.289672
2010-05-05,9.249341
2010-05-06,8.971009
2010-05-07,8.773359
2010-05-10,9.176734
2010-05-11,9.116225
2010-05-12,9.354214
2010-05-13,9.217067
2010-05-14,9.039583
2010-05-17,9.083957
2010-05-18,8.946808
2010-05-19,8.878236
2010-05-20,8.595872
2010-05-21,8.660413
2010-05-24,8.620077
2010-05-25,8.595872
2010-05-26,8.511166
2010-05-27,8.801593
2010-05-28,8.728986
2010-06-01,8.644279
2010-06-02,8.837894
2010-06-03,8.926641
2010-06-04,8.640244
2010-06-07,8.515202
2010-06-08,8.531335
2010-06-09,8.486966
2010-06-10,8.692683
2010-06-11,8.769324
2010-06-14,8.753193
2010-06-15,8.983110
2010-06-16,9.007313
2010-06-17,9.039583
2010-06-18,9.039181
2010-06-21,8.974410
2010-06-22,8.897498
2010-06-23,8.881307
2010-06-24,8.703195
2010-06-25,8.695100
2010-06-28,8.711297
2010-06-29,8.387448
2010-06-30,8.257914
2010-07-01,8.225536
2010-07-02,8.213387
2010-07-06,8.294346
2010-07-07,8.561517
2010-07-08,8.614141
2010-07-09,8.658664
2010-07-12,8.699149
2010-07-13,8.824637
2010-07-14,8.877259
2010-07-15,8.905593
2010-07-16,8.650567
2010-07-19,8.735579
2010-07-20,8.792252
2010-07-21,8.687005
2010-07-22,8.921790
2010-07-23,8.982508
2010-07-26,9.039181
2010-07-27,9.063470
2010-07-28,8.990602
2010-07-29,8.909644
2010-07-30,8.873209
2010-08-02,9.059417
2010-08-03,9.010843
2010-08-04,9.083708
2010-08-05,9.043227
2010-08-06,9.018939
2010-08-09,9.079663
2010-08-10,8.986553
2010-08-11,8.772012
2010-08-12,8.650567
2010-08-13,8.610094
2010-08-16,8.626283
2010-08-17,8.719391
2010-08-18,8.767965
2010-08-19,8.662718
2010-08-20,8.642473
2010-08-23,8.565562
2010-08-24,8.448174
2010-08-25,8.500799
2010-08-26,8.415791
2010-08-27,8.516992
2010-08-30,8.403645
2010-08-31,8.375306
2010-09-01,8.589853
2010-09-02,8.666767
2010-09-03,8.796302
2010-09-07,8.723434
2010-09-08,8.772012
2010-09-09,8.796302
2010-09-10,8.800347
2010-09-13,8.958219
2010-09-14,8.994656
2010-09-15,9.051324
2010-09-16,9.103948
2010-09-17,9.153106
2010-09-20,9.287176
2010-09-21,9.270925
2010-09-22,9.226233
2010-09-23,9.214045
2010-09-24,9.392800
2010-09-27,9.396862
2010-09-28,9.409052
2010-09-29,9.388739
2010-09-30,9.352178
2010-10-01,9.356235
2010-10-04,9.279046
2010-10-05,9.461867
2010-10-06,9.417178
2010-10-07,9.417178
2010-10-08,9.469989
2010-10-11,9.486239
2010-10-12,9.543120
2010-10-13,9.620310
2010-10-14,9.624372
2010-10-15,9.786880
2010-10-18,9.851878
2010-10-19,9.677183
2010-10-20,9.758437
2010-10-21,9.766560
2010-10-22,9.795003
2010-10-25,9.823440
2010-10-26,9.847816
2010-10-27,9.876250
2010-10-28,9.876250
2010-10-29,9.892506
2010-11-01,9.900627
2010-11-02,9.998134
2010-11-03,10.055011
2010-11-04,10.205324
2010-11-05,10.197201
2010-11-08,10.205324
2010-11-09,10.176888
2010-11-10,10.185014
2010-11-11,10.030634
2010-11-12,9.888442
2010-11-15,9.860007
2010-11-16,9.681245
2010-11-17,9.685308
2010-11-18,9.847816
2010-11-19,9.876250
2010-11-22,9.933131
2010-11-23,9.786880
2010-11-24,9.949380
2010-11-26,9.851878
2010-11-29,9.827503
2010-11-30,9.730000
2010-12-01,9.937195
2010-12-02,10.055011
2010-12-03,10.079388
2010-12-06,10.079388
2010-12-07,10.091574
2010-12-08,10.176888
2010-12-09,10.185014
2010-12-10,10.233765
2010-12-13,10.213453
2010-12-14,10.229704
2010-12-15,10.189075
2010-12-16,10.205324
2010-12-17,10.225714
2010-12-20,10.233868
2010-12-21,10.295027
2010-12-22,10.282790
2010-12-23,10.278715
2010-12-27,10.299103
2010-12-28,10.286871
2010-12-29,10.307257
2010-12-30,10.282790
2010-12-31,10.270563
2011-01-03,10.384725
2011-01-04,10.425500
2011-01-05,10.486656
2011-01-06,10.547814
2011-01-07,10.498892
2011-01-10,10.507038
2011-01-11,10.490734
2011-01-12,10.584506
2011-01-13,10.576353
2011-01-14,10.670131
2011-01-18,10.682364
2011-01-19,10.604895
2011-01-20,10.547814
2011-01-21,10.486656
2011-01-24,10.633440
2011-01-25,10.682364
2011-01-26,10.743524
2011-01-27,10.780216
2011-01-28,10.531507
2011-01-31,10.596742
2011-02-01,10.776137
2011-02-02,10.796532
2011-02-03,10.812835
2011-02-04,10.882149
2011-02-07,10.935150
2011-02-08,10.980006
2011-02-09,10.959614
2011-02-10,10.910691
2011-02-11,10.967769
2011-02-14,10.984079
2011-02-15,10.943307
2011-02-16,11.004467
2011-02-17,11.024852
2011-02-18,11.008542
2011-02-22,10.739445
2011-02-23,10.613049
2011-02-24,10.649747
2011-02-25,10.784296
2011-02-28,10.829146
2011-03-01,10.621209
2011-03-02,10.686441
2011-03-03,10.857686
2011-03-04,10.772065
2011-03-07,10.633440
2011-03-08,10.723136
2011-03-09,10.678287
2011-03-10,10.478502
2011-03-11,10.519276
2011-03-14,10.470348
2011-03-15,10.315415
2011-03-16,10.062622
2011-03-17,10.168633
2011-03-18,10.186634
2011-03-21,10.358456
2011-03-22,10.342088
2011-03-23,10.399363
2011-03-24,10.563007
2011-03-25,10.587553
2011-03-28,10.563007
2011-03-29,10.636643
2011-03-30,10.681642
2011-03-31,10.661191
2011-04-01,10.640736
2011-04-04,10.603916
2011-04-05,10.587553
2011-04-06,10.665283
2011-04-07,10.669371
2011-04-08,10.608007
2011-04-11,10.591641
2011-04-12,10.505731
2011-04-13,10.571186
2011-04-14,10.550732
2011-04-15,10.530276
2011-04-18,10.436184
2011-04-19,10.464821
2011-04-20,10.685734
2011-04-21,10.779828
2011-04-25,10.788016
2011-04-26,10.878013
2011-04-27,10.943472
2011-04-28,10.947561
2011-04-29,10.939378
2011-05-02,10.898470
2011-05-03,10.902561
2011-05-04,10.869830
2011-05-05,10.812553
2011-05-06,10.833016
2011-05-09,10.878013
2011-05-10,10.976201
2011-05-11,10.878013
2011-05-12,10.959836
2011-05-13,10.824827
2011-05-16,10.669371
2011-05-17,10.669371
2011-05-18,10.747103
2011-05-19,10.767555
2011-05-20,10.706187
2011-05-23,10.554824
2011-05-24,10.522094
2011-05-25,10.554824
2011-05-26,10.624369
2011-05-27,10.677555
2011-05-31,10.824827
2011-06-01,10.599820
2011-06-02,10.608007
2011-06-03,10.448459
2011-06-06,10.370728
2011-06-07,10.338000
2011-06-08,10.268456
2011-06-09,10.276634
2011-06-10,10.133451
2011-06-13,10.141628
2011-06-14,10.268456
2011-06-15,10.076179
2011-06-16,10.051629
2011-06-17,10.042590
2011-06-20,10.079559
2011-06-21,10.260281
2011-06-22,10.186350
2011-06-23,10.256178
2011-06-24,10.079559
2011-06-27,10.215104
2011-06-28,10.342435
2011-06-29,10.424578
2011-06-30,10.556021
2011-07-01,10.728530
2011-07-05,10.744962
2011-07-06,10.794249
2011-07-07,10.925683
2011-07-08,10.872291
2011-07-11,10.691563
2011-07-12,10.597091
2011-07-13,10.621733
2011-07-14,10.531374
2011-07-15,10.646379
2011-07-18,10.609415
2011-07-19,10.864074
2011-07-20,10.831216
2011-07-21,10.880505
2011-07-22,10.974974
2011-07-25,10.946216
2011-07-26,10.995509
2011-07-27,10.703883
2011-07-28,10.687450
2011-07-29,10.601199
2011-08-01,10.592986
2011-08-02,10.371184
2011-08-03,10.477977
2011-08-04,10.054913
2011-08-05,9.993302
2011-08-08,9.430588
2011-08-09,9.861869
2011-08-10,9.475772
2011-08-11,9.837223
2011-08-12,9.907048
2011-08-15,10.083668
2011-08-16,10.009732
2011-08-17,9.964548
2011-08-18,9.479878
2011-08-19,9.249864
2011-08-22,9.299154
2011-08-23,9.640064
2011-08-24,9.726322
2011-08-25,9.586669
2011-08-26,9.775613
2011-08-29,10.022053
2011-08-30,10.063128
2011-08-31,10.038485
2011-09-01,9.927585
2011-09-02,9.701678
2011-09-06,9.656497
2011-09-07,9.907048
2011-09-08,9.857759
2011-09-09,9.648280
2011-09-12,9.763288
2011-09-13,9.878294
2011-09-14,10.026162
2011-09-15,10.186350
2011-09-16,10.299318
2011-09-19,10.274581
2011-09-20,10.249845
2011-09-21,10.097292
2011-09-22,9.783942
2011-09-23,9.895266
2011-09-26,10.018959
2011-09-27,10.146771
2011-09-28,10.002460
2011-09-29,9.981846
2011-09-30,9.730346
2011-10-03,9.511824
2011-10-04,9.705606
2011-10-05,9.907638
2011-10-06,10.056063
2011-10-07,10.018959
2011-10-10,10.328182
2011-10-11,10.373531
2011-10-12,10.418891
2011-10-13,10.534333
2011-10-14,10.719871
2011-10-17,10.550827
2011-10-18,10.645654
2011-10-19,10.439503
2011-10-20,10.394153
2011-10-21,10.526090
2011-10-24,10.691006
2011-10-25,10.521961
2011-10-26,10.567314
2011-10-27,10.880671
2011-10-28,10.917775
2011-10-31,10.723993
2011-11-01,10.427136
2011-11-02,10.554952
2011-11-03,10.806456
2011-11-04,10.740487
2011-11-07,10.806456
2011-11-08,10.930144
2011-11-09,10.550827
2011-11-10,10.583812
2011-11-11,10.785838
2011-11-14,10.703379
2011-11-15,10.847687
2011-11-16,10.686885
2011-11-17,10.480734
2011-11-18,10.394153
2011-11-21,10.212740
2011-11-22,10.196247
2011-11-23,9.952988
2011-11-25,9.899388
2011-11-28,10.225109
2011-11-29,10.171511
2011-11-30,10.563201
2011-12-01,10.620915
2011-12-02,10.612673
2011-12-05,10.732244
2011-12-06,10.728115
2011-12-07,10.740487
2011-12-08,10.571439
2011-12-09,10.736362
2011-12-12,10.600304
2011-12-13,10.501348
2011-12-14,10.340552
2011-12-15,10.315813
2011-12-16,10.344383
2011-12-19,10.245000
2011-12-20,10.534880
2011-12-21,10.360954
2011-12-22,10.481041
2011-12-23,10.584569
2011-12-27,10.601136
2011-12-28,10.493464
2011-12-29,10.572146
2011-12-30,10.539016
2012-01-03,10.688095
2012-01-04,10.717083
2012-01-05,10.750209
2012-01-06,10.754352
2012-01-09,10.737784
2012-01-10,10.775054
2012-01-11,10.808187
2012-01-12,10.862020
2012-01-13,10.799905
2012-01-17,10.849601
2012-01-18,11.006956
2012-01-19,11.085642
2012-01-20,11.098060
2012-01-23,11.135330
2012-01-24,11.127050
2012-01-25,11.214009
2012-01-26,11.139467
2012-01-27,11.139467
2012-01-30,11.172601
2012-01-31,11.193305
2012-02-01,11.305117
2012-02-02,11.334107
2012-02-03,11.479041
2012-02-06,11.483182
2012-02-07,11.512166
2012-02-08,11.582570
2012-02-09,11.694376
2012-02-10,11.607413
2012-02-13,11.681954
2012-02-14,11.702656
2012-02-15,11.640544
2012-02-16,11.810328
2012-02-17,11.810328
2012-02-21,11.860018
2012-02-22,11.818610
2012-02-23,11.864159
2012-02-24,11.934558
2012-02-27,11.955264
2012-02-28,12.042229
2012-02-29,11.988392
2012-03-01,12.058790
2012-03-02,12.042229
2012-03-05,11.938696
2012-03-06,11.822748
2012-03-07,11.909710
2012-03-08,12.029800
2012-03-09,12.083636
2012-03-12,12.100201
2012-03-13,12.340383
2012-03-14,12.385933
2012-03-15,12.419062
2012-03-16,12.413245
2012-03-19,12.504643
2012-03-20,12.492178
2012-03-21,12.488023
2012-03-22,12.458945
2012-03-23,12.458945
2012-03-26,12.641736
2012-03-27,12.637584
2012-03-28,12.591884
2012-03-29,12.566959
2012-03-30,12.529572
2012-04-02,12.662509
2012-04-03,12.654200
2012-04-04,12.504643
2012-04-05,12.533724
2012-04-09,12.446478
2012-04-10,12.271996
2012-04-11,12.342624
2012-04-12,12.496334
2012-04-13,12.301079
2012-04-16,12.172291
2012-04-17,12.438172
2012-04-18,12.346776
2012-04-19,12.209679
2012-04-20,12.163983
2012-04-23,12.068435
2012-04-24,12.043509
2012-04-25,12.384165
2012-04-26,12.479716
2012-04-27,12.475564
2012-04-30,12.388321
2012-05-01,12.429865
2012-05-02,12.438172
2012-05-03,12.334315
2012-05-04,12.076741
2012-05-07,12.043509
2012-05-08,12.001962
2012-05-09,12.001962
2012-05-10,11.910568
2012-05-11,11.918878
2012-05-14,11.815017
2012-05-15,11.781785
2012-05-16,11.686231
2012-05-17,11.520057
2012-05-18,11.412044
2012-05-21,11.694538
2012-05-22,11.657153
2012-05-23,11.669613
2012-05-24,11.603146
2012-05-25,11.578219
2012-05-29,11.731930
2012-05-30,11.657153
2012-05-31,11.603146
2012-06-01,11.299879
2012-06-04,11.366347
2012-06-05,11.436969
2012-06-06,11.698693
2012-06-07,11.640535
2012-06-08,11.769319
2012-06-11,11.603146
2012-06-12,11.719469
2012-06-13,11.648845
2012-06-14,11.707005
2012-06-15,11.831704
2012-06-18,11.919282
2012-06-19,12.011030
2012-06-20,12.031884
2012-06-21,11.748289
2012-06-22,11.877575
2012-06-25,11.635691
2012-06-26,11.681563
2012-06-27,11.752463
2012-06-28,11.656543
2012-06-29,11.981836
2012-07-02,12.048566
2012-07-03,12.144491
2012-07-05,12.144491
2012-07-06,11.965159
2012-07-09,11.940134
2012-07-10,11.806680
2012-07-11,11.752463
2012-07-12,11.635691
2012-07-13,11.789998
2012-07-16,11.777485
2012-07-17,11.823359
2012-07-18,12.027716
2012-07-19,12.131977
2012-07-20,11.994349
2012-07-23,11.877575
2012-07-24,11.756633
2012-07-25,11.710757
2012-07-26,11.890089
2012-07-27,12.148659
2012-07-30,12.152831
2012-07-31,12.202877
2012-08-01,12.161171
2012-08-02,12.081932
2012-08-03,12.319649
2012-08-06,12.407230
2012-08-07,12.490641
2012-08-08,12.494806
2012-08-09,12.536513
2012-08-10,12.565710
2012-08-13,12.603245
2012-08-14,12.578222
2012-08-15,12.582392
2012-08-16,12.753379
2012-08-17,12.824280
2012-08-20,12.836790
2012-08-21,12.753379
2012-08-22,12.774235
2012-08-23,12.669971
2012-08-24,12.749210
2012-08-27,12.761724
2012-08-28,12.732528
2012-08-29,12.757552
2012-08-30,12.615757
2012-08-31,12.715847
2012-09-04,12.715847
2012-09-05,12.703337
2012-09-06,12.986932
2012-09-07,12.966079
2012-09-10,12.828450
2012-09-11,12.861814
2012-09-12,12.932714
2012-09-13,13.107875
2012-09-14,13.170432
2012-09-17,13.182942
2012-09-18,13.191282
2012-09-19,13.203794
2012-09-20,13.178775
2012-09-21,13.195527
2012-09-24,13.111768
2012-09-25,12.927511
2012-09-26,12.835376
2012-09-27,13.002889
2012-09-28,12.910754
2012-10-01,12.881443
2012-10-02,12.898194
2012-10-03,12.965201
2012-10-04,13.002889
2012-10-05,12.935882
2012-10-08,12.801878
2012-10-09,12.638556
2012-10-10,12.588305
2012-10-11,12.538049
2012-10-12,12.529675
2012-10-15,12.592490
2012-10-16,12.764191
2012-10-17,12.697183
2012-10-18,12.550615
2012-10-19,12.265850
2012-10-22,12.349606
2012-10-23,12.215594
2012-10-24,12.144400
2012-10-25,12.119277
2012-10-26,12.140217
2012-10-31,12.089968
2012-11-01,12.286789
2012-11-02,12.127655
2012-11-05,12.194657
2012-11-06,12.249097
2012-11-07,11.943394
2012-11-08,11.771696
2012-11-09,11.826138
2012-11-12,11.809389
2012-11-13,11.750762
2012-11-14,11.633503
2012-11-15,11.566499
2012-11-16,11.583247
2012-11-19,11.901517
2012-11-20,11.851264
2012-11-21,11.888950
2012-11-23,12.081586
2012-11-26,12.136030
2012-11-27,12.081586
2012-11-28,12.152780
2012-11-29,12.211408
2012-11-30,12.198844
2012-12-03,12.182095
2012-12-04,12.161156
2012-12-05,12.039714
2012-12-06,12.110897
2012-12-07,12.048083
2012-12-10,12.077402
2012-12-11,12.240721
2012-12-12,12.219784
2012-12-13,12.131840
2012-12-14,12.014583
2012-12-17,12.161156
2012-12-18,12.341226
2012-12-19,12.278409
2012-12-20,12.299349
2012-12-21,12.193212
2012-12-24,12.159519
2012-12-26,12.092127
2012-12-27,12.079492
2012-12-28,11.944715
2012-12-31,12.151093
2013-01-02,12.555428
2013-01-03,12.475404
2013-01-04,12.424860
2013-01-07,12.408015
2013-01-08,12.361684
2013-01-09,12.382746
2013-01-10,12.445923
2013-01-11,12.462766
2013-01-14,12.382746
2013-01-15,12.302720
2013-01-16,12.344840
2013-01-17,12.395380
2013-01-18,12.378531
2013-01-22,12.412226
2013-01-23,12.542791
2013-01-24,12.327990
2013-01-25,12.340625
2013-01-28,12.382746
2013-01-29,12.399593
2013-01-30,12.361684
2013-01-31,12.382746
2013-02-01,12.521735
2013-02-04,12.357474
2013-02-05,12.500673
2013-02-06,12.496462
2013-02-07,12.496462
2013-02-08,12.605969
2013-02-11,12.631238
2013-02-12,12.589124
2013-02-13,12.584912
2013-02-14,12.551215
2013-02-15,12.542791
2013-02-19,12.627029
2013-02-20,12.454343
2013-02-21,12.353263
2013-02-22,12.504887
2013-02-25,12.327990
2013-02-26,12.399593
2013-02-27,12.504887
2013-02-28,12.479613
2013-03-01,12.500673
2013-03-04,12.538584
2013-03-05,12.711267
2013-03-06,12.702846
2013-03-07,12.732327
2013-03-08,12.757598
2013-03-11,12.787079
2013-03-12,12.740752
2013-03-13,12.732327
2013-03-14,12.824983
2013-03-15,12.771698
2013-03-18,12.775929
2013-03-19,12.759009
2013-03-20,12.822446
2013-03-21,12.678659
2013-03-22,12.759009
2013-03-25,12.729409
2013-03-26,12.809761
2013-03-27,12.775929
2013-03-28,12.801301
2013-04-01,12.716721
2013-04-02,12.767471
2013-04-03,12.665974
2013-04-04,12.670202
2013-04-05,12.572935
2013-04-08,12.627915
2013-04-09,12.716721
2013-04-10,12.940863
2013-04-11,12.898567
2013-04-12,12.843590
2013-04-15,12.632142
2013-04-16,12.788615
2013-04-17,12.526415
2013-04-18,12.395320
2013-04-19,12.412230
2013-04-22,12.509501
2013-04-23,12.644830
2013-04-24,12.665974
2013-04-25,12.708264
2013-04-26,12.704036
2013-04-29,12.885881
2013-04-30,13.025441
2013-05-01,12.911256
2013-05-02,13.076189
2013-05-03,13.198834
2013-05-06,13.262266
2013-05-07,13.253810
2013-05-08,13.359535
2013-05-09,13.321476
2013-05-10,13.359535
2013-05-13,13.325706
2013-05-14,13.367990
2013-05-15,13.410285
2013-05-16,13.482178
2013-05-17,13.617505
2013-05-20,13.617505
2013-05-21,13.575213
2013-05-22,13.427202
2013-05-23,13.422968
2013-05-24,13.401828
2013-05-28,13.465261
2013-05-29,13.431427
2013-05-30,13.516008
2013-05-31,13.389138
2013-06-03,13.456800
2013-06-04,13.397597
2013-06-05,13.266499
2013-06-06,13.296103
2013-06-07,13.418745
2013-06-10,13.448344
2013-06-11,13.308786
2013-06-12,13.219975
2013-06-13,13.372221
2013-06-14,13.270725
2013-06-17,13.393370
2013-06-18,13.499094
2013-06-19,13.342620
2013-06-20,13.046588
2013-06-21,12.967955
2013-06-24,12.810688
2013-06-25,12.916951
2013-06-26,12.993458
2013-06-27,13.057210
2013-06-28,13.001957
2013-07-01,13.069963
2013-07-02,13.091213
2013-07-03,13.167723
2013-07-05,13.252730
2013-07-08,13.244229
2013-07-09,13.295230
2013-07-10,13.337738
2013-07-11,13.563011
2013-07-12,13.571510
2013-07-15,13.609765
2013-07-16,13.618267
2013-07-17,13.631019
2013-07-18,13.597014
2013-07-19,13.367495
2013-07-22,13.405743
2013-07-23,13.350490
2013-07-24,13.439744
2013-07-25,13.448248
2013-07-26,13.486504
2013-07-29,13.465253
2013-07-30,13.533257
2013-07-31,13.486504
2013-08-01,13.631019
2013-08-02,13.690524
2013-08-05,13.720275
2013-08-06,13.648017
2013-08-07,13.614013
2013-08-08,13.656520
2013-08-09,13.588512
2013-08-12,13.677769
2013-08-13,13.771280
2013-08-14,13.758531
2013-08-15,13.537505
2013-08-16,13.524755
2013-08-19,13.482252
2013-08-20,13.503504
2013-08-21,13.473753
2013-08-22,13.533257
2013-08-23,13.631019
2013-08-26,13.567262
2013-08-27,13.329236
2013-08-28,13.337738
2013-08-29,13.409996
2013-08-30,13.346242
2013-09-03,13.358989
2013-09-04,13.486504
2013-09-05,13.495006
2013-09-06,13.503504
2013-09-09,13.665021
2013-09-10,13.750022
2013-09-11,13.686269
2013-09-12,13.699022
2013-09-13,13.711772
2013-09-16,13.690524
2013-09-17,13.758531
2013-09-18,13.932795
2013-09-19,13.941296
2013-09-20,13.842211
2013-09-23,13.884915
2013-09-24,13.825127
2013-09-25,13.803769
2013-09-26,13.855022
2013-09-27,13.769601
2013-09-30,13.684184
2013-10-01,13.803769
2013-10-02,13.808042
2013-10-03,13.688456
2013-10-04,13.743977
2013-10-07,13.684184
2013-10-08,13.466362
2013-10-09,13.517614
2013-10-10,13.743977
2013-10-11,13.859292
2013-10-14,13.906270
2013-10-15,13.820851
2013-10-16,13.953252
2013-10-17,13.957523
2013-10-18,14.196697
2013-10-21,14.273577
2013-10-22,14.269304
2013-10-23,14.200971
2013-10-24,14.235136
2013-10-25,14.307744
2013-10-28,14.354720
2013-10-29,14.448690
2013-10-30,14.418789
2013-10-31,14.371813
2013-11-01,14.376081
2013-11-04,14.431601
2013-11-05,14.393164
2013-11-06,14.538381
2013-11-07,14.350454
2013-11-08,14.478580
2013-11-11,14.495666
2013-11-12,14.534104
2013-11-13,14.657961
2013-11-14,14.619518
2013-11-15,14.649420
2013-11-18,14.593896
2013-11-19,14.542643
2013-11-20,14.495666
2013-11-21,14.619518
2013-11-22,14.589627
2013-11-25,14.589627
2013-11-26,14.640882
2013-11-27,14.756195
2013-11-29,14.815986
2013-12-02,14.769011
2013-12-03,14.803173
2013-12-04,14.815986
2013-12-05,14.769011
2013-12-06,14.871514
2013-12-09,14.918491
2013-12-10,14.888597
2013-12-11,14.751922
2013-12-12,14.653694
2013-12-13,14.606709
2013-12-16,14.751922
2013-12-17,14.747651
2013-12-18,14.862975
2013-12-19,14.888597
2013-12-20,15.004906
2013-12-23,15.202340
2013-12-24,15.245261
2013-12-26,15.283889
2013-12-27,15.271016
2013-12-30,15.240973
2013-12-31,15.339688
2014-01-02,15.189470
2014-01-03,15.116502
2014-01-06,15.090745
2014-01-07,15.228095
2014-01-08,15.228095
2014-01-09,15.129377
2014-01-10,15.159426
2014-01-13,14.996322
2014-01-14,15.249552
2014-01-15,15.434112
2014-01-16,15.429821
2014-01-17,15.343983
2014-01-21,15.421237
2014-01-22,15.404066
2014-01-23,15.374027
2014-01-24,15.077872
2014-01-27,14.936235
2014-01-28,14.846103
2014-01-29,14.730222
2014-01-30,14.910489
2014-01-31,14.944822
2014-02-03,14.631506
2014-02-04,14.687301
2014-02-05,14.700175
2014-02-06,14.863268
2014-02-07,15.065000
2014-02-10,15.095044
2014-02-11,15.279596
2014-02-12,15.339688
2014-02-13,15.451277
2014-02-14,15.481323
2014-02-18,15.489910
2014-02-19,15.438403
2014-02-20,15.489910
2014-02-21,15.429821
2014-02-24,15.489910
2014-02-25,15.446983
2014-02-26,15.459862
2014-02-27,15.584338
2014-02-28,15.601501
2014-03-03,15.434112
2014-03-04,15.635838
2014-03-05,15.657292
2014-03-06,15.678754
2014-03-07,15.631541
2014-03-10,15.605792
2014-03-11,15.571451
2014-03-12,15.597206
2014-03-13,15.386898
2014-03-14,15.292473
2014-03-17,15.472739
2014-03-18,15.674465
2014-03-19,15.610088
2014-03-20,15.730259
2014-03-21,15.651386
2014-03-24,15.638444
2014-03-25,15.733279
2014-03-26,15.543621
2014-03-27,15.487583
2014-03-28,15.547927
2014-03-31,15.668622
2014-04-01,15.853968
2014-04-02,15.862590
2014-04-03,15.785007
2014-04-04,15.483276
2014-04-07,15.362576
2014-04-08,15.500511
2014-04-09,15.707413
2014-04-10,15.345332
2014-04-11,15.172915
2014-04-14,15.323781
2014-04-15,15.401370
2014-04-16,15.552238
2014-04-17,15.530683
2014-04-21,15.591029
2014-04-22,15.655691
2014-04-23,15.487583
2014-04-24,15.608274
2014-04-25,15.409996
2014-04-28,15.556554
2014-04-29,15.664309
2014-04-30,15.711735
2014-05-01,15.728969
2014-05-02,15.685867
2014-05-05,15.767764
2014-05-06,15.591029
2014-05-07,15.599655
2014-05-08,15.642754
2014-05-09,15.659999
2014-05-12,15.871213
2014-05-13,15.879840
2014-05-14,15.806551
2014-05-15,15.711735
2014-05-16,15.810871
2014-05-19,15.914315
2014-05-20,15.823798
2014-05-21,15.931558
2014-05-22,15.961734
2014-05-23,16.095356
2014-05-27,16.233295
2014-05-28,16.190195
2014-05-29,16.285019
2014-05-30,16.302271
2014-06-02,16.276400
2014-06-03,16.250532
2014-06-04,16.280710
2014-06-05,16.388470
2014-06-06,16.461752
2014-06-09,16.513479
2014-06-10,16.522099
2014-06-11,16.483301
2014-06-12,16.341055
2014-06-13,16.435886
2014-06-16,16.435886
2014-06-17,16.474680
2014-06-18,16.560894
2014-06-19,16.530718
2014-06-20,16.494341
2014-06-23,16.541975
2014-06-24,16.455374
2014-06-25,16.520327
2014-06-26,16.503002
2014-06-27,16.602604
2014-06-30,16.606928
2014-07-01,16.775816
2014-07-02,16.793139
2014-07-03,16.866751
2014-07-07,16.884077
2014-07-08,16.732513
2014-07-09,16.814793
2014-07-10,16.767168
2014-07-11,16.853760
2014-07-14,16.975016
2014-07-15,16.944700
2014-07-16,17.100592
2014-07-17,16.879738
2014-07-18,17.083269
2014-07-21,17.061625
2014-07-22,17.204527
2014-07-23,17.234835
2014-07-24,17.221838
2014-07-25,17.200190
2014-07-28,17.230505
2014-07-29,17.195862
2014-07-30,17.213177
2014-07-31,16.888403
2014-08-01,16.797466
2014-08-04,16.918715
2014-08-05,16.758497
2014-08-06,16.706532
2014-08-07,16.637253
2014-08-08,16.745510
2014-08-11,16.827780
2014-08-12,16.819124
2014-08-13,16.983683
2014-08-14,17.013988
2014-08-15,17.013988
2014-08-18,17.174206
2014-08-19,17.282473
2014-08-20,17.282473
2014-08-21,17.364740
2014-08-22,17.369070
2014-08-25,17.386396
2014-08-26,17.395061
2014-08-27,17.390728
2014-08-28,17.364740
2014-08-29,17.442694
2014-09-02,17.447018
2014-09-03,17.351761
2014-09-04,17.343102
2014-09-05,17.447018
2014-09-08,17.473005
2014-09-09,17.347420
2014-09-10,17.451355
2014-09-11,17.490330
2014-09-12,17.416716
2014-09-15,17.312790
2014-09-16,17.442694
2014-09-17,17.477337
2014-09-18,17.581268
2014-09-19,17.543859
2014-09-22,17.426443
2014-09-23,17.387308
2014-09-24,17.500374
2014-09-25,17.117659
2014-09-26,17.304668
2014-09-29,17.300325
2014-09-30,17.352509
2014-10-01,17.082869
2014-10-02,17.074171
2014-10-03,17.213339
2014-10-06,17.217686
2014-10-07,16.948048
2014-10-08,17.269875
2014-10-09,16.982838
2014-10-10,16.547941
2014-10-13,16.365284
2014-10-14,16.391376
2014-10-15,16.278303
2014-10-16,16.182632
2014-10-17,16.373981
2014-10-20,16.491404
2014-10-21,16.813231
2014-10-22,16.734953
2014-10-23,16.921955
2014-10-24,17.069826
2014-10-27,17.087217
2014-10-28,17.322067
2014-10-29,17.304668
2014-10-30,17.361200
2014-10-31,17.630842
2014-11-03,17.704777
2014-11-04,17.700432
2014-11-05,17.748270
2014-11-06,17.739574
2014-11-07,17.761320
2014-11-10,17.809151
2014-11-11,17.817848
2014-11-12,17.874390
2014-11-13,17.970060
2014-11-14,18.096182
2014-11-17,18.061392
2014-11-18,18.122274
2014-11-19,18.004856
2014-11-20,18.096182
2014-11-21,18.122274
2014-11-24,18.217960
2014-11-25,18.226656
2014-11-26,18.391916
2014-11-28,18.478899
2014-12-01,18.270147
2014-12-02,18.274500
2014-12-03,18.339735
2014-12-04,18.339735
2014-12-05,18.317986
2014-12-08,18.130978
2014-12-09,18.126621
2014-12-10,17.852640
2014-12-11,17.930925
2014-12-12,17.665636
2014-12-15,17.556911
2014-12-16,17.322067
2014-12-17,17.648237
2014-12-18,18.152719
2014-12-19,18.172829
2014-12-22,18.391413
2014-12-23,18.439505
2014-12-24,18.422018
2014-12-26,18.500704
2014-12-29,18.408903
2014-12-30,18.277750
2014-12-31,18.076658
2015-01-02,18.041685
2015-01-05,17.766273
2015-01-06,17.552065
2015-01-07,17.700699
2015-01-08,18.089769
2015-01-09,18.032934
2015-01-12,17.823099
2015-01-13,17.809998
2015-01-14,17.709440
2015-01-15,17.482113
2015-01-16,17.652615
2015-01-20,17.801245
2015-01-21,17.831852
2015-01-22,18.124748
2015-01-23,18.120378
2015-01-26,18.046057
2015-01-27,17.525829
2015-01-28,17.495230
2015-01-29,17.661354
2015-01-30,17.442772
2015-02-02,17.622004
2015-02-03,17.823099
2015-02-04,17.858084
2015-02-05,18.024197
2015-02-06,17.967367
2015-02-09,17.941139
2015-02-10,18.207809
2015-02-11,18.277750
2015-02-12,18.526928
2015-02-13,18.644966
2015-02-17,18.653709
2015-02-18,18.671202
2015-02-19,18.736773
2015-02-20,18.832947
2015-02-23,18.846062
2015-02-24,18.902891
2015-02-25,18.784855
2015-02-26,18.902891
2015-02-27,18.837322
2015-03-02,18.985958
2015-03-03,18.859177
2015-03-04,18.784855
2015-03-05,18.763000
2015-03-06,18.531311
2015-03-09,18.618738
2015-03-10,18.238405
2015-03-11,18.120378
2015-03-12,18.238405
2015-03-13,18.137861
2015-03-16,18.352068
2015-03-17,18.356441
2015-03-18,18.605625
2015-03-19,18.553162
2015-03-20,18.673002
2015-03-23,18.673002
2015-03-24,18.611542
2015-03-25,18.133089
2015-03-26,18.146252
2015-03-27,18.159424
2015-03-30,18.378895
2015-03-31,18.190145
2015-04-01,18.163809
2015-04-02,18.159424
2015-04-06,18.335011
2015-04-07,18.295496
2015-04-08,18.352562
2015-04-09,18.400848
2015-04-10,18.471081
2015-04-13,18.418404
2015-04-14,18.361353
2015-04-15,18.523745
2015-04-16,18.457914
2015-04-17,18.203320
2015-04-20,18.514971
2015-04-21,18.506193
2015-04-22,18.694944
2015-04-23,18.769564
2015-04-24,18.931986
2015-04-27,18.984655
2015-04-28,19.046103
2015-04-29,18.953928
2015-04-30,18.690554
2015-05-01,18.918808
2015-05-04,18.936377
2015-05-05,18.642271
2015-05-06,18.484243
2015-05-07,18.620321
2015-05-08,18.888083
2015-05-11,18.791513
2015-05-12,18.690554
2015-05-13,18.769564
2015-05-14,19.072447
2015-05-15,19.010990
2015-05-18,19.103165
2015-05-19,19.054886
2015-05-20,19.068054
2015-05-21,19.151459
2015-05-22,19.138287
2015-05-26,18.861744
2015-05-27,19.217299
2015-05-28,19.177794
2015-05-29,19.037325
2015-06-01,19.090000
2015-06-02,19.050497
2015-06-03,19.090000
2015-06-04,18.914413
2015-06-05,18.852964
2015-06-08,18.642271
2015-06-09,18.598379
2015-06-10,18.888083
2015-06-11,18.896858
2015-06-12,18.730061
2015-06-15,18.615932
2015-06-16,18.738834
2015-06-17,18.747620
2015-06-18,18.914413
2015-06-19,18.757017
2015-06-22,18.911331
2015-06-23,18.924555
2015-06-24,18.836380
2015-06-25,18.792280
2015-06-26,18.633551
2015-06-29,18.236719
2015-06-30,18.254356
2015-07-01,18.377813
2015-07-02,18.404264
2015-07-06,18.329308
2015-07-07,18.355766
2015-07-08,18.055931
2015-07-09,17.985395
2015-07-10,18.271986
2015-07-13,18.549772
2015-07-14,18.620319
2015-07-15,18.624733
2015-07-16,18.862837
2015-07-17,19.153841
2015-07-20,19.255262
2015-07-21,19.127386
2015-07-22,18.818739
2015-07-23,18.779058
2015-07-24,18.677645
2015-07-27,18.510094
2015-07-28,18.677645
2015-07-29,18.801102
2015-07-30,18.836380
2015-07-31,18.774645
2015-08-03,18.673233
2015-08-04,18.563000
2015-08-05,18.743782
2015-08-06,18.558588
2015-08-07,18.571823
2015-08-10,18.862837
2015-08-11,18.580645
2015-08-12,18.664410
2015-08-13,18.611500
2015-08-14,18.704098
2015-08-17,18.809921
2015-08-18,18.712917
2015-08-19,18.589458
2015-08-20,18.135311
2015-08-21,17.443045
2015-08-24,16.755211
2015-08-25,16.622931
2015-08-26,17.460680
2015-08-27,17.866337
2015-08-28,17.901617
2015-08-31,17.738466
2015-09-01,17.169674
2015-09-02,17.584148
2015-09-03,17.597376
2015-09-04,17.328405
2015-09-08,17.813437
2015-09-09,17.579735
2015-09-10,17.756107
2015-09-11,17.839880
2015-09-14,17.795788
2015-09-15,18.025078
2015-09-16,18.100033
2015-09-17,17.976572
2015-09-18,17.743158
2015-09-21,17.920324
2015-09-22,17.619139
2015-09-23,17.663437
2015-09-24,17.663437
2015-09-25,17.632427
2015-09-28,17.229370
2015-09-29,17.154081
2015-09-30,17.495127
2015-10-01,17.503981
2015-10-02,17.752016
2015-10-05,18.101915
2015-10-06,18.124056
2015-10-07,18.208216
2015-10-08,18.292362
2015-10-09,18.372093
2015-10-12,18.394239
2015-10-13,18.354372
2015-10-14,18.318945
2015-10-15,18.553688
2015-10-16,18.589117
2015-10-19,18.659986
2015-10-20,18.611265
2015-10-21,18.469538
2015-10-22,18.885874
2015-10-23,19.412939
2015-10-26,19.337646
2015-10-27,19.226915
2015-10-28,19.514814
2015-10-29,19.461666
2015-10-30,19.333212
2015-11-02,19.505953
2015-11-03,19.607819
2015-11-04,19.629972
2015-11-05,19.572395
2015-11-06,19.638832
2015-11-09,19.448378
2015-11-10,19.319929
2015-11-11,19.311071
2015-11-12,19.142759
2015-11-13,18.766287
2015-11-16,19.054182
2015-11-17,19.058609
2015-11-18,19.346502
2015-11-19,19.435089
2015-11-20,19.576818
2015-11-23,19.461666
2015-11-24,19.466093
2015-11-25,19.404083
2015-11-27,19.448378
2015-11-30,19.470518
2015-12-01,19.643259
2015-12-02,19.519236
2015-12-03,19.266779
2015-12-04,19.740705
2015-12-07,19.643259
2015-12-08,19.594540
2015-12-09,19.306646
2015-12-10,19.359787
2015-12-11,18.956738
2015-12-14,19.102905
2015-12-15,19.187052
2015-12-16,19.448378
2015-12-17,19.142759
2015-12-18,18.771513
2015-12-21,18.962931
2015-12-22,19.100918
2015-12-23,19.261175
2015-12-24,19.252270
2015-12-28,19.238916
2015-12-29,19.501549
2015-12-30,19.336845
2015-12-31,19.065313
2016-01-04,18.816034
2016-01-05,18.767067
2016-01-06,18.535593
2016-01-07,17.988071
2016-01-08,17.845623
2016-01-11,17.961365
2016-01-12,18.175032
2016-01-13,17.685375
2016-01-14,18.019234
2016-01-15,17.511772
2016-01-19,17.529579
2016-01-20,17.391590
2016-01-21,17.489519
2016-01-22,17.974712
2016-01-25,17.765501
2016-01-26,17.939106
2016-01-27,17.569635
2016-01-28,17.796663
2016-01-29,18.357536
2016-02-01,18.424307
2016-02-02,18.094906
2016-02-03,18.072647
2016-02-04,18.090454
2016-02-05,17.582989
2016-02-08,17.329266
2016-02-09,17.249144
2016-02-10,17.275848
2016-02-11,17.240236
2016-02-12,17.480614
2016-02-16,17.792217
2016-02-17,18.157221
2016-02-18,18.086002
2016-02-19,18.099356
2016-02-22,18.339733
2016-02-23,18.050396
2016-02-24,18.188389
2016-02-25,18.415407
2016-02-26,18.366440
2016-02-29,18.237349
2016-03-01,18.780416
2016-03-02,18.833841
2016-03-03,18.833841
2016-03-04,18.882792
2016-03-07,18.767067
2016-03-08,18.651327
2016-03-09,18.811577
2016-03-10,18.793772
2016-03-11,19.083118
2016-03-14,19.105371
2016-03-15,19.176590
2016-03-16,19.399168
2016-03-17,19.470385
2016-03-18,19.501699
2016-03-21,19.568811
2016-03-22,19.573286
2016-03-23,19.461443
2016-03-24,19.515121
2016-03-28,19.465904
2016-03-29,19.770136
2016-03-30,19.886454
2016-03-31,19.846195
2016-04-01,19.998304
2016-04-04,19.922247
2016-04-05,19.729872
2016-04-06,19.922247
2016-04-07,19.635923
2016-04-08,19.635923
2016-04-11,19.582241
2016-04-12,19.716454
2016-04-13,19.917776
2016-04-14,19.913301
2016-04-15,19.837248
2016-04-18,19.922247
2016-04-19,19.810396
2016-04-20,19.850672
2016-04-21,19.779083
2016-04-22,19.434593
2016-04-25,19.439070
2016-04-26,19.345118
2016-04-27,19.255640
2016-04-28,19.014046
2016-04-29,18.848516
2016-05-02,18.987206
2016-05-03,18.812725
2016-05-04,18.754557
2016-05-05,18.763508
2016-05-06,18.902206
2016-05-09,18.902206
2016-05-10,19.148264
2016-05-11,19.009583
2016-05-12,18.955889
2016-05-13,18.884302
2016-05-16,19.148264
2016-05-17,18.955889
2016-05-18,18.991686
2016-05-19,18.888781
2016-05-20,19.116953
2016-05-23,19.081160
2016-05-24,19.439070
2016-05-25,19.573286
2016-05-26,19.635923
2016-05-27,19.729872
2016-05-31,19.770136
2016-06-01,19.720926
2016-06-02,19.703032
2016-06-03,19.658289
2016-06-06,19.694082
2016-06-07,19.774614
2016-06-08,19.814877
2016-06-09,19.819347
2016-06-10,19.667236
2016-06-13,19.448021
2016-06-14,19.492756
2016-06-15,19.443541
2016-06-16,19.483809
2016-06-17,19.353882
2016-06-20,19.434807
2016-06-21,19.569677
2016-06-22,19.502239
2016-06-23,19.767483
2016-06-24,19.007711
2016-06-27,18.625580
2016-06-28,18.994228
2016-06-29,19.286453
2016-06-30,19.497746
2016-07-01,19.542704
2016-07-05,19.398842
2016-07-06,19.533710
2016-07-07,19.533710
2016-07-08,19.839415
2016-07-11,19.956308
2016-07-12,20.118151
2016-07-13,20.122639
2016-07-14,20.253019
2016-07-15,20.235035
2016-07-18,20.369904
2016-07-19,20.324945
2016-07-20,20.590191
2016-07-21,20.482296
2016-07-22,20.603685
2016-07-25,20.576708
2016-07-26,20.621664
2016-07-27,20.792500
2016-07-28,20.805981
2016-07-29,20.882408
2016-08-01,20.922878
2016-08-02,20.765522
2016-08-03,20.837452
2016-08-04,20.949842
2016-08-05,21.152151
2016-08-08,21.147659
2016-08-09,21.192617
2016-08-10,21.125177
2016-08-11,21.201605
2016-08-12,21.179127
2016-08-15,21.282524
2016-08-16,21.125177
2016-08-17,21.116188
2016-08-18,21.125177
2016-08-19,21.138670
2016-08-22,21.138670
2016-08-23,21.215094
2016-08-24,21.098198
2016-08-25,21.143158
2016-08-26,21.152151
2016-08-29,21.233072
2016-08-30,21.161142
2016-08-31,21.125177
2016-09-01,21.192617
2016-09-02,21.287025
2016-09-06,21.394920
2016-09-07,21.448860
2016-09-08,21.273537
2016-09-09,20.752039
2016-09-12,21.098198
2016-09-13,20.945351
2016-09-14,21.044258
2016-09-15,21.390427
2016-09-16,21.311876
2016-09-19,21.271250
2016-09-20,21.257704
2016-09-21,21.496954
2016-09-22,21.627869
2016-09-23,21.438274
2016-09-26,21.311876
2016-09-27,21.546618
2016-09-28,21.587248
2016-09-29,21.456333
2016-09-30,21.569189
2016-10-03,21.505993
2016-10-04,21.429243
2016-10-05,21.505993
2016-10-06,21.555645
2016-10-07,21.496954
2016-10-10,21.645929
2016-10-11,21.402163
2016-10-12,21.438274
2016-10-13,21.302849
2016-10-14,21.384102
2016-10-17,21.338964
2016-10-18,21.456333
2016-10-19,21.496954
2016-10-20,21.397650
2016-10-21,21.456333
2016-10-24,21.663992
2016-10-25,21.587248
2016-10-26,21.465364
2016-10-27,21.438274
2016-10-28,21.415699
2016-10-31,21.406673
2016-11-01,21.221590
2016-11-02,21.086163
2016-11-03,20.883022
2016-11-04,20.846901
2016-11-07,21.298334
2016-11-08,21.402163
2016-11-09,21.375076
2016-11-10,21.031994
2016-11-11,21.095190
2016-11-14,20.774679
2016-11-15,21.068106
2016-11-16,21.262220
2016-11-17,21.397650
2016-11-18,21.379593
2016-11-21,21.596270
2016-11-22,21.663992
2016-11-23,21.578217
2016-11-25,21.668507
2016-11-28,21.686560
2016-11-29,21.700109
2016-11-30,21.442793
2016-12-01,21.000387
2016-12-02,21.077126
2016-12-05,21.280275
2016-12-06,21.343472
2016-12-07,21.749767
2016-12-08,21.803930
2016-12-09,21.961939
2016-12-12,21.894213
2016-12-13,22.169586
2016-12-14,22.092846
2016-12-15,22.192158
2016-12-16,22.031647
2016-12-19,22.190344
2016-12-20,22.271961
2016-12-21,22.226624
2016-12-22,22.181286
2016-12-23,22.203947
2016-12-27,22.294632
2016-12-28,22.095127
2016-12-29,22.099661
2016-12-30,21.927364
2017-01-03,22.122335
2017-01-04,22.199409
2017-01-05,22.235689
2017-01-06,22.398920
2017-01-09,22.394381
2017-01-10,22.398920
2017-01-11,22.503204
2017-01-12,22.448792
2017-01-13,22.516806
2017-01-17,22.430662
2017-01-18,22.489601
2017-01-19,22.457865
2017-01-20,22.580284
2017-01-23,22.621098
2017-01-24,22.761656
2017-01-25,22.979300
2017-01-26,22.915817
2017-01-27,23.006508
2017-01-30,22.820599
2017-01-31,22.707251
2017-02-01,22.879543
2017-02-02,22.834196
2017-02-03,22.983833
2017-02-06,22.997425
2017-02-07,23.088120
2017-02-08,23.128927
2017-02-09,23.201464
2017-02-10,23.269484
2017-02-13,23.373764
2017-02-14,23.450848
2017-02-15,23.527931
2017-02-16,23.582344
2017-02-17,23.663961
2017-02-21,23.786381
2017-02-22,23.813587
2017-02-23,23.809053
2017-02-24,23.863462
2017-02-27,23.849863
2017-02-28,23.736507
2017-03-01,24.072035
2017-03-02,23.913345
2017-03-03,23.967752
2017-03-06,23.931477
2017-03-07,23.931477
2017-03-08,23.958685
2017-03-09,23.954145
2017-03-10,24.081104
2017-03-13,24.103773
2017-03-14,24.049366
2017-03-15,24.212595
2017-03-16,24.226192
2017-03-17,24.278540
2017-03-20,24.301300
2017-03-21,23.946278
2017-03-22,24.096478
2017-03-23,24.032759
2017-03-24,24.050964
2017-03-27,24.050964
2017-03-28,24.223925
2017-03-29,24.264885
2017-03-30,24.310408
2017-03-31,24.264885
2017-04-03,24.242126
2017-04-04,24.260336
2017-04-05,24.160196
2017-04-06,24.164751
2017-04-07,24.151100
2017-04-10,24.105576
2017-04-11,24.014544
2017-04-12,23.932615
2017-04-13,23.837027
2017-04-17,24.055508
2017-04-18,24.050964
2017-04-19,24.032759
2017-04-20,24.251236
2017-04-21,24.201164
2017-04-24,24.487921
2017-04-25,24.615362
2017-04-26,24.588055
2017-04-27,24.688194
2017-04-28,24.751917
2017-05-01,24.938538
2017-05-02,24.993151
2017-05-03,24.947634
2017-05-04,24.929428
2017-05-05,25.020468
2017-05-08,25.129702
2017-05-09,25.161566
2017-05-10,25.257143
2017-05-11,25.225283
2017-05-12,25.289013
2017-05-15,25.430113
2017-05-16,25.548458
2017-05-17,24.852053
2017-05-18,24.997707
2017-05-19,25.143360
2017-05-22,25.343632
2017-05-23,25.389143
2017-05-24,25.493837
2017-05-25,25.675901
2017-05-26,25.662239
2017-05-30,25.771486
2017-05-31,25.730524
2017-06-01,25.794241
2017-06-02,26.030930
2017-06-05,26.053684
2017-06-06,26.003628
2017-06-07,26.085552
2017-06-08,26.144722
2017-06-09,25.498388
2017-06-12,25.348186
2017-06-13,25.530256
2017-06-14,25.407352
2017-06-15,25.293564
2017-06-16,25.249231
2017-06-19,25.623970
2017-06-20,25.418324
2017-06-21,25.559992
2017-06-22,25.569136
2017-06-23,25.729086
2017-06-26,25.591982
2017-06-27,25.171541
2017-06-28,25.486866
2017-06-29,25.029871
2017-06-30,25.007017
2017-07-03,24.833357
2017-07-05,25.080143
2017-07-06,24.851646
2017-07-07,25.139557
2017-07-10,25.322357
2017-07-11,25.377195
2017-07-12,25.706236
2017-07-13,25.756506
2017-07-14,25.985004
2017-07-17,25.989571
2017-07-18,26.108398
2017-07-19,26.240921
2017-07-20,26.295757
2017-07-21,26.263771
2017-07-24,26.327755
2017-07-25,26.277479
2017-07-26,26.378023
2017-07-27,26.277479
2017-07-28,26.250061
2017-07-31,26.122103
2017-08-01,26.254639
2017-08-02,26.327755
2017-08-03,26.268345
2017-08-04,26.327755
2017-08-07,26.487698
2017-08-08,26.451143
2017-08-09,26.437431
2017-08-10,25.916449
2017-08-11,26.094675
2017-08-14,26.510555
2017-08-15,26.551682
2017-08-16,26.629368
2017-08-17,26.108398
2017-08-18,26.080975
2017-08-21,26.071833
2017-08-22,26.460285
2017-08-23,26.396299
2017-08-24,26.373449
2017-08-25,26.368885
2017-08-28,26.419157
2017-08-29,26.533405
2017-08-30,26.725340
2017-08-31,26.885298
2017-09-01,26.862448
2017-09-05,26.624796
2017-09-06,26.647650
2017-09-07,26.739056
2017-09-08,26.519695
2017-09-11,26.894432
2017-09-12,26.958412
2017-09-13,26.921856
2017-09-14,26.830450
2017-09-15,26.940071
2017-09-18,26.963003
2017-09-19,27.082241
2017-09-20,26.972168
2017-09-21,26.825409
2017-09-22,26.839169
2017-09-25,26.522711
2017-09-26,26.619017
2017-09-27,26.889614
2017-09-28,26.921715
2017-09-29,27.105173
2017-10-02,27.146448
2017-10-03,27.210653
2017-10-04,27.192314
2017-10-05,27.453732
2017-10-06,27.495016
2017-10-09,27.563805
2017-10-10,27.591326
2017-10-11,27.683044
2017-10-12,27.614256
2017-10-13,27.747257
2017-10-16,27.848152
2017-10-17,27.848152
2017-10-18,27.916950
2017-10-19,27.834398
2017-10-20,28.022442
2017-10-23,27.889433
2017-10-24,27.967405
2017-10-25,27.816051
2017-10-26,27.930712
2017-10-27,28.682869
2017-10-30,28.747084
2017-10-31,28.870907
2017-11-01,28.875498
2017-11-02,28.889248
2017-11-03,29.118574
2017-11-06,29.182774
2017-11-07,29.196531
2017-11-08,29.357059
2017-11-09,29.123161
2017-11-10,29.123161
2017-11-13,29.113983
2017-11-14,29.054358
2017-11-15,28.838804
2017-11-16,29.242401
2017-11-17,29.054358
2017-11-20,29.164436
2017-11-21,29.471720
2017-11-22,29.416685
2017-11-24,29.581789
2017-11-27,29.581789
2017-11-28,29.678099
2017-11-29,29.022257
2017-11-30,29.279091
2017-12-01,29.127747
2017-12-04,28.659941
2017-12-05,28.669107
2017-12-06,28.852566
2017-12-07,29.031424
2017-12-08,29.169022
2017-12-11,29.421265
2017-12-12,29.412090
2017-12-13,29.421265
2017-12-14,29.384575
2017-12-15,29.719702
2017-12-18,29.982094
2017-12-19,29.797962
2017-12-20,29.788752
2017-12-21,29.728914
2017-12-22,29.710501
2017-12-26,29.512550
2017-12-27,29.544775
2017-12-28,29.595409
2017-12-29,29.438896
2018-01-02,29.802565
2018-01-03,30.051149
2018-01-04,30.203070
2018-01-05,30.520699
2018-01-08,30.635790
2018-01-09,30.557526
2018-01-10,30.451656
2018-01-11,30.575937
2018-01-12,30.755476
2018-01-16,30.635790
2018-01-17,31.096132
2018-01-18,31.151365
2018-01-19,31.211214
2018-01-22,31.515039
2018-01-23,31.653145
2018-01-24,31.409164
2018-01-25,31.353916
2018-01-26,31.851099
2018-01-29,31.561079
2018-01-30,31.275656
2018-01-31,31.510441
2018-02-01,31.538055
2018-02-02,30.603567
2018-02-05,29.323812
2018-02-06,30.166245
2018-02-07,29.779554
2018-02-08,28.545828
2018-02-09,29.245550
2018-02-12,29.770334
2018-02-13,29.844004
2018-02-14,30.391796
2018-02-15,30.971834
2018-02-16,30.925808
2018-02-20,30.953419
2018-02-21,30.755476
2018-02-22,30.792303
2018-02-23,31.436785
2018-02-26,31.929344
2018-02-27,31.607113
2018-02-28,31.381535
2018-03-01,30.861362
2018-03-02,31.155985
2018-03-05,31.473618
2018-03-06,31.542662
2018-03-07,31.717594
2018-03-08,31.855692
2018-03-09,32.458748
2018-03-12,32.560020
2018-03-13,32.187149
2018-03-14,32.159527
2018-03-15,32.177933
2018-03-16,32.144688
2018-03-19,31.507429
2018-03-20,31.493565
2018-03-21,31.304237
2018-03-22,30.496115
2018-03-23,29.683386
2018-03-26,30.810125
2018-03-27,29.821922
2018-03-28,29.623350
2018-03-29,30.209818
2018-04-02,29.489431
2018-04-03,29.780363
2018-04-04,30.195961
2018-04-05,30.320644
2018-04-06,29.577183
2018-04-09,29.808071
2018-04-10,30.542307
2018-04-11,30.362204
2018-04-12,30.727016
2018-04-13,30.625422
2018-04-16,30.860933
2018-04-17,31.433540
2018-04-18,31.350422
2018-04-19,31.004082
2018-04-20,30.574621
2018-04-23,30.463800
2018-04-24,29.932749
2018-04-25,29.937372
2018-04-26,30.482271
2018-04-27,30.426853
2018-04-30,30.228287
2018-05-01,30.606939
2018-05-02,30.574621
2018-05-03,30.643904
2018-05-04,31.225742
2018-05-07,31.442778
2018-05-08,31.512037
2018-05-09,31.899935
2018-05-10,32.315529
2018-05-11,32.269360
2018-05-14,32.264763
2018-05-15,31.959972
2018-05-16,32.103127
2018-05-17,31.936888
2018-05-18,31.802963
2018-05-21,32.080044
2018-05-22,32.033863
2018-05-23,32.269360
2018-05-24,32.232426
2018-05-25,32.209324
2018-05-29,32.033863
2018-05-30,32.269360
2018-05-31,32.278599
2018-06-01,32.828129
2018-06-04,33.091339
2018-06-05,33.206779
2018-06-06,33.423824
2018-06-07,33.155994
2018-06-08,33.100582
2018-06-11,33.137527
2018-06-12,33.299149
2018-06-13,33.128281
2018-06-14,33.363792
2018-06-15,33.236351
2018-06-18,33.273426
2018-06-19,33.101952
2018-06-20,33.171474
2018-06-21,32.916592
2018-06-22,32.810009
2018-06-25,32.128777
2018-06-26,32.258545
2018-06-27,31.818291
2018-06-28,32.207569
2018-06-29,32.193665
2018-07-02,32.480968
2018-07-03,32.096344
2018-07-05,32.550480
2018-07-06,32.930492
2018-07-09,33.180740
2018-07-10,33.259514
2018-07-11,33.129768
2018-07-12,33.653427
2018-07-13,33.616352
2018-07-16,33.537563
2018-07-17,33.787830
2018-07-18,33.732204
2018-07-19,33.611717
2018-07-20,33.620991
2018-07-23,33.792454
2018-07-24,33.977821
2018-07-25,34.404163
2018-07-26,33.875866
2018-07-27,33.296597
2018-07-30,32.777573
2018-07-31,32.865612
2018-08-01,33.162205
2018-08-02,33.579281
2018-08-03,33.699780
2018-08-06,33.880497
2018-08-07,34.010262
2018-08-08,34.102936
2018-08-09,34.116856
2018-08-10,33.843437
2018-08-13,33.797100
2018-08-14,34.005627
2018-08-15,33.699780
2018-08-16,33.848061
2018-08-17,33.899040
2018-08-20,33.848061
2018-08-21,33.903675
2018-08-22,34.005627
2018-08-23,34.079781
2018-08-24,34.422710
2018-08-27,34.737827
2018-08-28,34.798077
2018-08-29,35.113201
2018-08-30,35.006611
2018-08-31,35.034416
2018-09-04,34.900013
2018-09-05,34.464413
2018-09-06,34.214165
2018-09-07,34.098331
2018-09-10,34.204899
2018-09-11,34.496864
2018-09-12,34.353191
2018-09-13,34.756359
2018-09-14,34.728561
2018-09-17,34.292942
2018-09-18,34.510765
2018-09-19,34.422710
2018-09-20,34.830521
2018-09-21,34.692875
2018-09-24,34.864910
2018-09-25,34.823074
2018-09-26,34.692875
2018-09-27,34.897476
2018-09-28,35.027668
2018-10-01,35.195080
2018-10-02,35.199707
2018-10-03,35.306660
2018-10-04,34.669628
2018-10-05,34.232540
2018-10-08,33.846588
2018-10-09,33.967499
2018-10-10,32.321423
2018-10-11,31.912230
2018-10-12,32.935215
2018-10-15,32.395824
2018-10-16,33.372295
2018-10-17,33.218861
2018-10-18,32.567879
2018-10-19,32.553928
2018-10-22,32.823605
2018-10-23,32.698067
2018-10-24,31.233347
2018-10-25,32.307476
2018-10-26,31.661146
2018-10-29,31.126410
2018-10-30,31.475143
2018-10-31,32.223789
2018-11-01,32.600426
2018-11-02,31.963387
2018-11-05,31.930830
2018-11-06,32.130779
2018-11-07,33.074711
2018-11-08,33.046799
2018-11-09,32.474873
2018-11-12,31.330997
2018-11-13,31.368195
2018-11-14,30.991556
2018-11-15,31.768093
2018-11-16,31.716942
2018-11-19,30.507969
2018-11-20,29.852327
2018-11-21,30.070875
2018-11-23,29.796530
2018-11-26,30.470774
2018-11-27,30.531219
2018-11-28,31.600681
2018-11-29,31.293804
2018-11-30,31.591383
2018-12-03,32.288883
2018-12-04,31.065962
2018-12-06,31.135708
2018-12-07,30.038328
2018-12-10,30.452169
2018-12-11,30.489363
2018-12-12,30.726515
2018-12-13,30.777666
2018-12-14,30.024374
2018-12-17,29.387341
2018-12-18,29.619841
2018-12-19,29.033953
2018-12-20,28.513163
2018-12-21,27.646866
2018-12-24,26.908993
2018-12-26,28.534180
2018-12-27,28.739666
2018-12-28,28.674278
2018-12-31,28.945141
2019-01-02,28.963825
2019-01-03,27.502089
2019-01-04,28.720980
2019-01-07,28.977839
2019-01-08,29.220680
2019-01-09,29.598951
2019-01-10,29.729721
2019-01-11,29.673676
2019-01-14,29.398142
2019-01-15,29.841799
2019-01-16,29.869814
2019-01-17,30.061293
2019-01-18,30.518955
2019-01-22,30.005249
2019-01-23,30.107994
2019-01-24,30.360176
2019-01-25,30.789835
2019-01-28,30.378860
2019-01-29,30.051952
2019-01-30,30.985960
2019-01-31,30.953274
2019-02-01,31.135414
2019-02-04,31.635115
2019-02-05,31.901300
2019-02-06,32.008717
2019-02-07,31.569727
2019-02-08,31.751860
2019-02-11,31.737856
2019-02-12,32.158161
2019-02-13,32.200188
2019-02-14,32.256237
2019-02-15,32.513084
2019-02-19,32.522430
2019-02-20,32.559780
2019-02-21,32.573784
2019-02-22,32.989429
2019-02-25,33.148209
2019-02-26,33.218262
2019-02-27,33.185574
2019-02-28,33.092171
2019-03-01,33.316341
2019-03-04,33.190235
2019-03-05,33.092171
2019-03-06,32.919376
2019-03-07,32.606487
2019-03-08,32.601818
2019-03-11,33.302319
2019-03-12,33.498470
2019-03-13,33.717964
2019-03-14,33.788017
2019-03-15,34.197021
2019-03-18,34.342270
2019-03-19,34.412537
2019-03-20,34.318832
2019-03-21,35.180912
2019-03-22,34.351639
2019-03-25,34.201721
2019-03-26,34.389130
2019-03-27,34.192352
2019-03-28,34.332893
2019-03-29,34.670238
2019-04-01,35.143436
2019-04-02,35.265236
2019-04-03,35.551041
2019-04-04,35.401131
2019-04-05,35.569782
2019-04-08,35.705650
2019-04-09,35.536983
2019-04-10,35.785301
2019-04-11,35.738453
2019-04-12,35.986763
2019-04-15,35.972710
2019-04-16,36.155434
2019-04-17,36.356888
2019-04-18,36.459957
2019-04-22,36.544304
2019-04-23,36.942547
2019-04-24,36.956589
2019-04-25,36.947224
2019-04-26,36.806679
2019-04-29,36.816048
2019-04-30,36.876938
2019-05-01,36.783245
2019-05-02,36.591148
2019-05-03,36.937847
2019-05-06,36.652050
2019-05-07,35.864941
2019-05-08,35.822784
2019-05-09,35.579159
2019-05-10,35.691597
2019-05-13,34.346958
2019-05-14,34.899799
2019-05-15,35.279305
2019-05-16,35.602577
2019-05-17,35.316780
2019-05-20,34.703037
2019-05-21,35.129383
2019-05-22,34.946659
2019-05-23,34.332893
2019-05-24,34.342270
2019-05-28,34.243877
2019-05-29,34.042431
2019-05-30,34.253254
2019-05-31,33.681664
2019-06-03,33.091331
2019-06-04,34.197021
2019-06-05,34.642132
2019-06-06,35.045048
2019-06-07,35.696289
2019-06-10,36.061722
2019-06-11,36.061722
2019-06-12,35.860271
2019-06-13,35.968018
2019-06-14,35.654118
2019-06-17,35.682217
2019-06-18,36.328785
2019-06-19,36.459957
2019-06-20,36.994083
2019-06-21,36.819157
2019-06-24,36.889702
2019-06-25,36.212658
2019-06-26,36.602882
2019-06-27,36.696926
2019-06-28,36.692230
2019-07-01,37.275249
2019-07-02,37.373974
2019-07-03,37.660770
2019-07-05,37.590248
2019-07-08,37.303436
2019-07-09,37.435093
2019-07-10,37.731304
2019-07-11,37.872360
2019-07-12,38.149757
2019-07-15,38.276703
2019-07-16,37.919376
2019-07-17,37.820641
2019-07-18,38.102745
2019-07-19,37.938183
2019-07-22,38.375443
2019-07-23,38.587017
2019-07-24,38.906746
2019-07-25,38.746891
2019-07-26,38.831512
2019-07-29,38.808006
2019-07-30,38.558804
2019-07-31,37.975792
2019-08-01,37.783020
2019-08-02,37.167095
2019-08-05,35.615536
2019-08-06,36.207943
2019-08-07,36.433624
2019-08-08,37.326954
2019-08-09,36.903793
2019-08-12,36.419518
2019-08-13,37.331669
2019-08-14,36.184437
2019-08-15,36.118614
2019-08-16,36.805061
2019-08-19,37.364574
2019-08-20,37.176506
2019-08-21,37.613766
2019-08-22,37.524426
2019-08-23,36.283176
2019-08-26,36.786266
2019-08-27,36.729843
2019-08-28,36.762753
2019-08-29,37.402187
2019-08-30,37.392780
2019-09-03,36.936714
2019-09-04,37.566742
2019-09-05,38.351929
2019-09-06,38.319019
2019-09-09,38.032207
2019-09-10,37.839439
2019-09-11,38.234379
2019-09-12,38.441254
2019-09-13,38.159157
2019-09-16,38.065121
2019-09-17,38.220284
2019-09-18,38.215588
2019-09-19,38.300217
2019-09-20,37.853573
2019-09-23,37.971485
2019-09-24,37.603619
2019-09-25,38.051655
2019-09-26,38.094097
2019-09-27,37.584743
2019-09-30,37.980907
2019-10-01,37.627190
2019-10-02,36.919731
2019-10-03,37.372498
2019-10-04,37.990356
2019-10-07,37.829987
2019-10-08,37.136677
2019-10-09,37.688507
2019-10-10,37.947899
2019-10-11,38.471420
2019-10-14,38.447838
2019-10-15,38.872311
2019-10-16,38.603474
2019-10-17,38.528008
2019-10-18,38.160137
2019-10-21,38.570457
2019-10-22,38.051655
2019-10-23,38.084675
2019-10-24,38.641205
2019-10-25,39.108120
2019-10-28,39.603355
2019-10-29,39.244904
2019-10-30,39.485439
2019-10-31,39.461853
2019-11-01,39.933498
2019-11-04,40.140999
2019-11-05,40.093845
2019-11-06,40.074974
2019-11-07,40.390984
2019-11-08,40.617363
2019-11-11,40.636230
2019-11-12,40.772995
2019-11-13,40.862606
2019-11-14,40.815453
2019-11-15,41.145596
2019-11-18,41.268223
2019-11-19,41.348408
2019-11-20,41.098434
2019-11-21,40.890911
2019-11-22,40.839035
2019-11-25,41.433289
2019-11-26,41.471031
2019-11-27,41.702118
2019-11-29,41.579506
2019-12-02,40.985245
2019-12-03,40.622086
2019-12-04,40.787148
2019-12-05,40.938091
2019-12-06,41.390858
2019-12-09,41.173897
2019-12-10,41.206921
2019-12-11,41.485176
2019-12-12,41.928513
2019-12-13,42.206772
2019-12-16,42.584084
2019-12-17,42.485054
2019-12-18,42.480331
2019-12-19,42.786900
2019-12-20,43.035316
2019-12-23,43.158337
2019-12-24,43.172531
2019-12-26,43.494289
2019-12-27,43.489559
2019-12-30,43.238770
2019-12-31,43.375992
2020-01-02,44.189861
2020-01-03,43.693024
2020-01-06,43.797127
2020-01-07,43.778194
2020-01-08,44.246635
2020-01-09,44.748207
2020-01-10,44.644104
2020-01-13,45.202461
2020-01-14,44.989529
2020-01-15,45.041576
2020-01-16,45.647236
2020-01-17,45.954807
2020-01-21,45.935879
2020-01-22,46.101494
2020-01-23,46.319149
2020-01-24,46.101494
2020-01-27,45.003723
2020-01-28,45.864902
2020-01-29,45.983192
2020-01-30,46.380661
2020-01-31,45.107819
2020-02-03,45.704018
2020-02-04,46.901157
2020-02-05,47.175594
2020-02-06,47.606190
2020-02-07,47.170856
2020-02-10,47.809650
2020-02-11,47.648773
2020-02-12,48.164536
2020-02-13,48.036774
2020-02-14,48.244980
2020-02-18,48.065170
2020-02-19,48.637711
2020-02-20,48.131413
2020-02-21,47.052574
2020-02-24,45.107819
2020-02-25,43.664635
2020-02-26,43.863365
2020-02-27,41.497494
2020-02-28,41.814522
2020-03-02,44.232445
2020-03-03,42.552666
2020-03-04,44.379135
2020-03-05,42.978542
2020-03-06,42.070038
2020-03-09,38.876095
2020-03-10,41.469101
2020-03-11,39.510162
2020-03-12,35.653770
2020-03-13,39.836651
2020-03-16,34.333611
2020-03-17,36.671108
2020-03-18,35.289444
2020-03-19,35.417187
2020-03-20,33.794205
2020-03-23,33.485493
2020-03-24,36.914909
2020-03-25,36.867355
2020-03-26,39.150444
2020-03-27,37.381039
2020-03-30,38.955425
2020-03-31,38.227699
2020-04-01,36.405968
2020-04-02,37.257374
2020-04-03,36.681831
2020-04-06,39.811600
2020-04-07,39.454857
2020-04-08,40.515560
2020-04-09,40.525063
2020-04-13,40.615437
2020-04-14,42.318249
2020-04-15,41.395489
2020-04-16,41.899677
2020-04-17,42.456184
2020-04-20,41.776020
2020-04-21,40.025635
2020-04-22,41.566727
2020-04-23,41.281342
2020-04-24,42.156528
2020-04-27,42.518024
2020-04-28,41.952000
2020-04-29,43.673832
2020-04-30,43.478832
2020-05-01,42.284954
2020-05-04,42.846230
2020-05-05,43.436016
2020-05-06,43.773727
2020-05-07,44.430119
2020-05-08,45.081753
2020-05-11,45.381413
2020-05-12,44.444397
2020-05-13,43.678593
2020-05-14,44.235111
2020-05-15,44.458656
2020-05-18,45.547886
2020-05-19,45.381413
2020-05-20,46.375526
2020-05-21,45.728638
2020-05-22,45.895107
2020-05-26,45.847542
2020-05-27,46.109154
2020-05-28,46.018784
2020-05-29,46.599072
2020-06-01,46.584812
2020-06-02,47.022385
2020-06-03,47.388638
2020-06-04,46.998608
2020-06-05,48.235291
2020-06-08,48.477867
2020-06-09,48.706188
2020-06-10,49.519535
2020-06-11,46.679916
2020-06-12,47.283997
2020-06-15,47.740616
2020-06-16,48.758507
2020-06-17,48.748989
2020-06-18,48.967789
2020-06-19,48.630070
2020-06-22,49.546310
2020-06-23,49.904037
2020-06-24,48.778412
2020-06-25,49.403236
2020-06-26,48.430229
2020-06-29,48.959656
2020-06-30,49.837254
2020-07-01,49.918339
2020-07-02,50.209282
2020-07-06,51.086887
2020-07-07,50.552704
2020-07-08,51.377834
2020-07-09,51.563847
2020-07-10,51.549522
2020-07-13,50.481148
2020-07-14,51.063042
2020-07-15,51.339661
2020-07-16,50.705311
2020-07-17,50.953339
2020-07-20,52.255432
2020-07-21,51.730778
2020-07-22,52.145729
2020-07-23,50.791172
2020-07-24,50.175900
2020-07-27,50.967644
2020-07-28,50.371441
2020-07-29,51.101185
2020-07-30,51.387367
2020-07-31,52.670391
2020-08-03,53.967709
2020-08-04,54.106022
2020-08-05,54.306343
2020-08-06,55.069473
2020-08-07,54.249104
2020-08-10,54.096478
2020-08-11,53.123482
2020-08-12,54.330193
2020-08-13,54.354046
2020-08-14,54.315876
2020-08-17,54.678371
2020-08-18,54.883472
2020-08-19,54.816692
2020-08-20,55.546432
2020-08-21,56.252331
2020-08-24,56.738819
2020-08-25,57.024998
2020-08-26,58.184006
2020-08-27,58.231701
2020-08-28,58.742050
2020-08-31,58.928062
2020-09-01,60.053677
2020-09-02,60.587868
2020-09-03,57.134705
2020-09-04,56.338177
2020-09-08,53.791233
2020-09-09,55.546432
2020-09-10,54.292034
2020-09-11,53.877075
2020-09-14,55.007473
2020-09-15,55.551208
2020-09-16,54.692673
2020-09-17,54.239567
2020-09-18,53.304737
2020-09-21,53.747852
2020-09-22,54.598717
2020-09-23,52.896988
2020-09-24,53.193356
2020-09-25,54.464870
2020-09-28,55.506943
2020-09-29,55.320522
2020-09-30,55.784199
2020-10-01,56.372135
2020-10-02,54.942883
2020-10-05,56.147472
2020-10-06,55.277504
2020-10-07,56.290890
2020-10-08,56.582474
2020-10-09,57.447685
2020-10-12,59.015564
2020-10-13,58.637939
2020-10-14,58.327225
2020-10-15,58.064323
2020-10-16,57.897018
2020-10-19,56.835827
2020-10-20,57.031815
2020-10-21,56.945763
2020-10-22,56.678089
2020-10-23,56.615932
2020-10-26,55.387440
2020-10-27,55.664688
2020-10-28,53.303295
2020-10-29,54.192413
2020-10-30,52.992596
2020-11-02,53.126438
2020-11-03,54.063339
2020-11-04,56.166607
2020-11-05,57.911358
2020-11-06,58.116890
2020-11-09,57.696247
2020-11-10,56.620716
2020-11-11,57.963943
2020-11-12,57.447685
2020-11-13,57.935246
2020-11-16,58.494534
2020-11-17,58.169479
2020-11-18,57.548054
2020-11-19,58.011742
2020-11-20,57.414219
2020-11-23,57.399879
2020-11-24,58.198158
2020-11-25,58.322437
2020-11-27,58.633148
2020-11-30,59.025127
2020-12-01,59.780380
2020-12-02,59.689564
2020-12-03,59.651329
2020-12-04,60.248848
2020-12-07,60.420929
2020-12-08,60.616905
2020-12-09,59.455338
2020-12-10,59.541378
2020-12-11,59.417091
2020-12-14,59.632202
2020-12-15,60.626465
2020-12-16,61.037567
2020-12-17,61.520359
2020-12-18,61.305260
2020-12-21,61.366577
2020-12-22,61.898415
2020-12-23,61.428860
2020-12-24,61.836105
2020-12-28,62.535645
2020-12-29,62.238594
2020-12-30,62.205055
2020-12-31,62.296082
2021-01-04,61.280323
2021-01-05,61.677990
2021-01-06,60.614346
2021-01-07,62.248165
2021-01-08,62.650635
2021-01-11,62.133167
2021-01-12,61.836105
2021-01-13,62.228992
2021-01-14,61.682796
2021-01-15,61.050350
2021-01-19,61.845707
2021-01-20,63.072277
2021-01-21,63.886776
2021-01-22,63.642414
2021-01-25,64.174263
2021-01-26,64.217400
2021-01-27,63.005192
2021-01-28,63.263897
2021-01-29,61.773823
2021-02-01,63.321423
2021-02-02,64.179054
2021-02-03,63.958656
2021-02-04,64.979179
2021-02-05,64.835449
2021-02-08,65.515808
2021-02-09,65.439148
2021-02-10,65.343346
2021-02-11,66.062019
2021-02-12,66.402199
2021-02-16,66.186592
2021-02-17,65.602058
2021-02-18,65.281029
2021-02-19,65.185211
2021-02-22,63.747826
2021-02-23,63.570572
2021-02-24,64.543167
2021-02-25,62.286491
2021-02-26,62.617085
2021-03-01,64.634232
2021-03-02,63.608894
2021-03-03,62.008602
2021-03-04,60.638302
2021-03-05,61.783413
2021-03-08,60.288548
2021-03-09,62.339199
2021-03-10,62.090050
2021-03-11,63.417236
2021-03-12,62.962078
2021-03-15,63.632843
2021-03-16,64.111954
2021-03-17,64.059265
2021-03-18,62.281723
2021-03-19,62.094849
2021-03-22,63.315842
2021-03-23,62.922131
2021-03-24,62.158699
2021-03-25,62.120300
2021-03-26,63.699947
2021-03-29,63.368645
2021-03-30,62.768478
2021-03-31,63.767162
2021-04-01,65.049156
2021-04-05,66.393517
2021-04-06,66.110237
2021-04-07,66.460747
2021-04-08,67.421028
2021-04-09,68.069206
2021-04-12,67.742699
2021-04-13,68.381294
2021-04-14,67.656281
2021-04-15,68.818207
2021-04-16,68.803841
2021-04-19,68.232468
2021-04-20,67.627472
2021-04-21,68.309265
2021-04-22,67.507462
2021-04-23,68.515732
2021-04-26,68.866219
2021-04-27,68.698196
2021-04-28,68.059608
2021-04-29,68.001991
2021-04-30,67.075310
2021-05-03,66.888077
2021-05-04,65.687729
2021-05-05,65.529282
2021-05-06,66.187073
2021-05-07,66.753624
2021-05-10,65.068344
2021-05-11,64.871498
2021-05-12,63.046947
2021-05-13,63.882389
2021-05-14,65.289215
2021-05-17,64.809074
2021-05-18,64.290520
2021-05-19,64.516212
2021-05-20,65.750122
2021-05-21,65.390053
2021-05-24,66.551987
2021-05-25,66.571167
2021-05-26,66.566360
2021-05-27,66.215874
2021-05-28,66.451126
2021-06-01,66.124649
2021-06-02,66.580788
2021-06-03,65.961418
2021-06-04,67.228981
2021-06-07,67.214561
2021-06-08,67.219353
2021-06-09,67.267395
2021-06-10,67.761909
2021-06-11,68.165245
2021-06-14,68.856636
2021-06-15,68.434090
2021-06-16,68.064400
2021-06-17,68.851845
2021-06-18,68.222847
2021-06-21,68.954010
2021-06-22,69.579330
2021-06-23,69.502373
2021-06-24,69.940086
2021-06-25,69.858315
2021-06-28,70.589478
2021-06-29,71.104179
2021-06-30,71.027176
2021-07-01,71.147453
2021-07-02,72.085426
2021-07-06,72.359619
2021-07-07,72.754044
2021-07-08,72.066193
2021-07-09,72.729973
2021-07-12,72.787727
2021-07-13,73.085953
2021-07-14,73.624687
2021-07-15,73.018616
2021-07-16,72.297081
2021-07-19,71.301361
2021-07-20,72.359619
2021-07-21,73.057083
2021-07-22,73.595825
2021-07-23,74.326981
2021-07-26,74.288498
2021-07-27,73.586212
2021-07-28,73.494812
2021-07-29,73.836319
2021-07-30,73.788246
2021-08-02,73.523666
2021-08-03,73.995079
2021-08-04,74.144180
2021-08-05,74.553062
2021-08-06,74.490517
2021-08-09,74.250023
2021-08-10,73.716095
2021-08-11,73.725716
2021-08-12,74.148987
2021-08-13,74.553062
2021-08-16,74.889778
2021-08-17,74.269257
2021-08-18,73.244705
2021-08-19,73.961395
2021-08-20,74.913826
2021-08-23,75.880669
2021-08-24,75.794083
2021-08-25,75.750771
2021-08-26,75.274590
2021-08-27,76.000916
2021-08-30,76.818665
2021-08-31,76.414589
2021-09-01,76.433838
2021-09-02,76.352074
2021-09-03,76.655121
2021-09-07,76.674332
2021-09-08,76.380943
2021-09-09,76.092308
2021-09-10,75.341927
2021-09-13,75.365982
2021-09-14,75.269760
2021-09-15,75.928780
2021-09-16,75.972069
2021-09-17,74.788750
2021-09-20,73.426537
2021-09-21,73.455429
2021-09-22,74.462532
2021-09-23,75.459999
2021-09-24,75.512985
2021-09-27,74.780579
2021-09-28,72.563988
2021-09-29,72.472427
2021-09-30,71.952019
2021-10-01,73.036217
2021-10-04,71.344864
2021-10-05,72.361610
2021-10-06,72.833809
2021-10-07,73.498810
2021-10-08,73.224136
2021-10-11,72.819389
2021-10-12,72.443520
2021-10-13,72.886848
2021-10-14,74.529999
2021-10-15,75.127502
2021-10-18,75.763542
2021-10-19,76.515282
2021-10-20,76.303268
2021-10-21,76.597183
2021-10-22,76.332153
2021-10-25,76.582741
2021-10-26,76.799583
2021-10-27,76.732124
2021-10-28,77.503098
2021-10-29,77.835587
2021-11-01,77.719933
2021-11-02,78.404182
2021-11-03,78.861954
2021-11-04,80.095520
2021-11-05,80.509949
2021-11-08,80.943611
2021-11-09,80.611130
2021-11-10,79.281166
2021-11-11,79.652222
2021-11-12,80.620758
2021-11-15,80.538849
2021-11-16,81.386925
2021-11-17,81.141174
2021-11-18,81.950714
2021-11-19,82.548210
2021-11-22,81.627846
2021-11-23,81.439941
2021-11-24,82.032623
2021-11-26,79.984711
2021-11-29,81.984428
2021-11-30,81.300186
2021-12-01,80.187088
2021-12-02,80.924339
2021-12-03,79.570305
2021-12-06,80.326828
2021-12-07,83.131256
2021-12-08,83.511948
2021-12-09,82.610870
2021-12-10,84.268486
2021-12-13,83.015625
2021-12-14,81.651955
2021-12-15,83.815521
2021-12-16,81.439941
2021-12-17,80.895416
2021-12-20,79.933243
2021-12-21,81.956070
2021-12-22,83.027840
2021-12-23,83.491325
2021-12-27,85.282410
2021-12-28,84.838257
2021-12-29,84.910675
2021-12-30,84.350655
2021-12-31,83.940292
2022-01-03,84.736877
2022-01-04,83.838936
2022-01-05,81.260895
2022-01-06,80.850517
2022-01-07,80.107056
2022-01-10,80.121536
2022-01-11,81.082260
2022-01-12,81.463654
2022-01-13,79.353928
2022-01-14,80.024979
2022-01-18,78.103516
2022-01-19,77.012466
2022-01-20,76.017944
2022-01-21,74.506844
2022-01-24,74.893074
2022-01-25,73.159889
2022-01-26,73.589577
2022-01-27,73.082657
2022-01-28,76.278641
2022-01-31,78.195251
2022-02-01,78.398018
2022-02-02,79.035286
2022-02-03,76.742111
2022-02-04,77.051079
2022-02-07,76.539330
2022-02-08,77.485588
2022-02-09,79.204262
2022-02-10,77.133141
2022-02-11,74.777199
2022-02-14,74.753075
2022-02-15,76.717957
2022-02-16,76.640732
2022-02-17,74.347527
2022-02-18,73.594398
2022-02-22,72.913673
2022-02-23,71.088799
2022-02-24,73.517151
2022-02-25,74.516518
2022-02-28,74.381317
2022-03-01,72.894386
2022-03-02,74.473053
2022-03-03,73.584740
2022-03-04,72.295738
2022-03-07,69.650116
2022-03-08,69.312187
2022-03-09,72.054344
2022-03-10,70.794281
2022-03-11,69.548737
2022-03-14,68.259735
2022-03-15,70.552917
2022-03-16,72.846100
2022-03-17,73.362671
2022-03-18,74.864105
2022-03-21,74.721909
2022-03-22,75.795647
2022-03-23,74.630020
2022-03-24,76.569511
2022-03-25,76.525978
2022-03-28,77.435287
2022-03-29,79.079758
2022-03-30,78.025368
2022-03-31,76.869392
2022-04-01,76.642059
2022-04-04,78.097900
2022-04-05,76.453430
2022-04-06,74.644508
2022-04-07,74.760612
2022-04-08,73.715874
2022-04-11,71.858589
2022-04-12,71.539368
2022-04-13,72.690491
2022-04-14,70.925102
2022-04-18,71.157272
2022-04-19,72.492210
2022-04-20,72.424500
2022-04-21,71.195969
2022-04-22,69.203255
2022-04-25,70.243149
2022-04-26,67.626495
2022-04-27,68.627693
2022-04-28,71.374939
2022-04-29,68.400368
2022-05-02,69.440247
2022-05-03,69.561157
2022-05-04,72.003685
2022-05-05,68.540634
2022-05-06,67.989243
2022-05-09,65.358078
2022-05-10,66.354454
2022-05-11,64.260162
2022-05-12,63.597523
2022-05-13,65.711166
2022-05-16,65.130768
2022-05-17,67.017067
2022-05-18,63.950630
2022-05-19,63.249287
2022-05-20,63.389553
2022-05-23,64.845398
2022-05-24,63.882908
2022-05-25,64.627739
2022-05-26,66.180328
2022-05-27,68.419693
2022-05-31,67.931198
2022-06-01,67.728058
2022-06-02,69.367699
2022-06-03,67.708725
2022-06-06,67.713554
2022-06-07,68.521271
2022-06-08,67.747414
2022-06-09,65.938499
2022-06-10,63.404057
2022-06-13,60.593956
2022-06-14,60.976051
2022-06-15,62.262608
2022-06-16,59.728184
2022-06-17,60.274734
2022-06-21,61.808556
2022-06-22,61.546703
2022-06-23,62.468060
2022-06-24,64.713242
2022-06-27,64.276825
2022-06-28,62.351665
2022-06-29,62.477745
2022-06-30,61.643684
2022-07-01,61.784306
2022-07-05,62.560192
2022-07-06,63.098454
2022-07-07,64.402908
2022-07-08,64.431984
2022-07-11,63.544586
2022-07-12,62.676571
2022-07-13,62.511692
2022-07-14,63.083908
2022-07-15,64.194382
2022-07-18,63.573685
2022-07-19,65.513390
2022-07-20,66.536591
2022-07-21,67.472481
2022-07-22,66.541435
2022-07-25,66.119537
2022-07-26,65.047844
2022-07-27,67.845863
2022-07-28,68.878761
2022-07-29,69.935898
2022-08-01,69.785576
2022-08-02,69.290939
2022-08-03,71.133667
2022-08-04,71.458565
2022-08-05,71.293694
2022-08-08,70.687538
2022-08-09,69.979523
2022-08-10,71.890129
2022-08-11,71.608894
2022-08-12,73.034576
2022-08-15,73.495255
2022-08-16,73.296425
2022-08-17,72.772713
2022-08-18,73.150955
2022-08-19,71.822258
2022-08-22,69.819527
2022-08-23,69.635269
2022-08-24,69.678894
2022-08-25,70.857254
2022-08-26,67.831322
2022-08-29,66.934204
2022-08-30,66.235924
2022-08-31,65.590958
2022-09-01,65.270912
2022-09-02,64.422302
2022-09-06,63.995564
2022-09-07,65.018768
2022-09-08,65.241814
2022-09-09,66.531738
2022-09-12,67.598549
2022-09-13,64.010117
2022-09-14,64.242874
2022-09-15,62.763859
2022-09-16,62.414715
2022-09-19,62.923683
2022-09-20,62.554222
2022-09-21,61.577122
2022-09-22,60.950024
2022-09-23,60.152782
2022-09-26,59.734718
2022-09-27,59.812500
2022-09-28,60.444458
2022-09-29,58.869431
2022-09-30,57.741619
2022-10-03,59.530548
2022-10-04,61.528511
2022-10-05,61.732681
2022-10-06,61.227112
2022-10-07,58.709000
2022-10-10,57.722172
2022-10-11,56.837433
2022-10-12,56.662430
2022-10-13,58.422188
2022-10-14,56.779095
2022-10-17,58.509697
2022-10-18,59.005531
2022-10-19,58.835396
2022-10-20,58.869431
2022-10-21,60.444458
2022-10-24,61.280586
2022-10-25,62.452148
2022-10-26,61.061836
2022-10-27,60.366684
2022-10-28,62.991741
2022-10-31,62.160473
2022-11-01,61.640324
2022-11-02,59.511101
2022-11-03,57.761066
2022-11-04,58.815952
2022-11-07,59.797920
2022-11-08,60.371544
2022-11-09,58.801369
2022-11-10,63.633430
2022-11-11,64.722343
2022-11-14,64.168159
2022-11-15,64.945961
2022-11-16,64.056358
2022-11-17,64.138985
2022-11-18,64.211891
2022-11-21,63.521606
2022-11-22,64.751503
2022-11-23,65.325134
2022-11-25,64.945961
2022-11-28,63.555645
2022-11-29,62.933403
2022-11-30,66.093201
2022-12-01,66.185547
2022-12-02,65.801537
2022-12-05,64.707741
2022-12-06,63.322300
2022-12-07,63.001476
2022-12-08,64.032051
2022-12-09,63.638287
2022-12-12,65.028587
2022-12-13,65.796677
2022-12-14,65.242477
2022-12-15,62.802166
2022-12-16,61.970886
2022-12-19,61.144539
2022-12-20,61.237167
2022-12-21,62.251202
2022-12-22,60.681393
2022-12-23,60.744774
2022-12-27,60.169498
2022-12-28,59.199341
2022-12-29,60.749653
2022-12-30,60.666771
2023-01-03,60.091503
2023-01-04,60.247501
2023-01-05,59.077457
2023-01-06,60.808159
2023-01-09,61.515053
2023-01-10,61.895306
2023-01-11,62.967861
2023-01-12,63.435871
2023-01-13,63.616261
2023-01-17,63.903893
2023-01-18,63.079987
2023-01-19,62.343830
2023-01-20,64.030647
2023-01-23,65.488327
2023-01-24,65.459076
2023-01-25,65.322571
2023-01-26,66.365860
2023-01-27,66.643730
2023-01-30,65.371307
2023-01-31,66.282982
2023-02-01,67.843048
2023-02-02,69.695595
2023-02-03,69.115463
2023-02-06,68.272034
2023-02-07,69.978371
2023-02-08,69.134964
2023-02-09,68.754707
2023-02-10,68.437828
2023-02-13,69.622482
2023-02-14,69.919861
2023-02-15,70.246506
2023-02-16,69.027710
2023-02-17,68.164803
2023-02-21,66.546234
2023-02-22,66.448730
2023-02-23,67.550537
2023-02-24,66.346359
2023-02-27,66.702255
2023-02-28,66.556007
2023-03-01,66.068466
2023-03-02,66.882629
2023-03-03,68.320808
2023-03-06,68.647461
2023-03-07,67.794289
2023-03-08,68.354927
2023-03-09,67.375015
2023-03-10,66.190369
2023-03-13,66.551109
2023-03-14,68.086784
2023-03-15,68.125801
2023-03-16,70.036880
2023-03-17,69.939369
2023-03-20,70.127968
2023-03-21,70.694748
2023-03-22,69.991150
2023-03-23,71.129585
2023-03-24,71.315254
2023-03-27,70.763145
2023-03-28,70.430885
2023-03-29,71.906456
2023-03-30,72.741928
2023-03-31,73.782654
2023-04-03,73.665382
2023-04-04,73.259857
2023-04-05,72.424355
2023-04-06,72.834785
2023-04-10,72.795692
2023-04-11,72.111664
2023-04-12,71.701241
2023-04-13,73.035095
2023-04-14,72.629555
2023-04-17,72.893410
2023-04-18,73.118164
2023-04-19,72.908066
2023-04-20,72.429253
2023-04-21,72.194710
2023-04-24,71.877129
2023-04-25,70.342949
2023-04-26,71.388527
2023-04-27,72.903198
2023-04-28,73.694710
2023-05-01,73.738670
2023-05-02,73.049759
2023-05-03,72.434143
2023-05-04,72.087234
2023-05-05,73.895020
2023-05-08,73.855942
2023-05-09,73.289177
2023-05-10,74.183304
2023-05-11,73.851059
2023-05-12,73.753342
2023-05-15,74.364082
2023-05-16,74.442261
2023-05-17,75.434105
2023-05-18,76.978050
2023-05-19,76.943863
2023-05-22,77.090431
2023-05-23,75.951996
2023-05-24,75.395012
2023-05-25,78.287483
2023-05-26,80.510582
2023-05-30,80.940544
2023-05-31,80.266296
2023-06-01,81.082260
2023-06-02,81.546402
2023-06-05,81.077362
2023-06-06,81.057808
2023-06-07,79.846100
2023-06-08,80.710922
2023-06-09,81.111557
2023-06-12,82.875389
2023-06-13,83.378632
2023-06-14,84.238564
2023-06-15,85.323257
2023-06-16,84.619682
2023-06-20,84.047798
2023-06-21,82.804184
2023-06-22,83.479836
2023-06-23,82.574051
2023-06-26,81.981613
2023-06-27,83.597351
2023-06-28,83.646324
2023-06-29,83.793205
2023-06-30,85.124977
2023-07-03,84.943810
2023-07-05,84.419907
2023-07-06,84.194702
2023-07-07,83.827484
2023-07-10,84.047798
2023-07-11,84.228958
2023-07-12,85.183701
2023-07-13,86.295135
2023-07-14,86.167862
2023-07-17,87.269485
2023-07-18,88.258522
2023-07-19,88.038193
2023-07-20,86.280449
2023-07-21,86.236389
2023-07-24,86.388168
2023-07-25,87.377213
2023-07-26,86.202126
2023-07-27,85.952415
2023-07-28,87.122620
2023-07-31,87.323349
2023-08-01,87.470230
2023-08-02,85.306137
2023-08-03,84.958488
2023-08-04,83.802994
2023-08-07,84.038010
2023-08-08,83.391716
2023-08-09,82.314568
2023-08-10,82.324348
2023-08-11,81.717209
2023-08-14,83.019600
2023-08-15,82.201942
2023-08-16,81.418556
2023-08-17,80.644966
2023-08-18,80.767380
2023-08-21,82.309669
2023-08-22,82.216621
2023-08-23,83.700180
2023-08-24,81.771080
2023-08-25,82.603432
2023-08-28,83.279106
2023-08-29,84.948700
2023-08-30,85.590103
2023-08-31,86.006279
2023-09-01,86.270660
2023-09-05,86.579132
2023-09-06,85.663544
2023-09-07,84.424805
2023-09-08,84.601074
2023-09-11,85.041725
2023-09-12,83.499420
2023-09-13,83.709969
2023-09-14,84.317085
2023-09-15,82.696449
2023-09-18,83.093903
2023-09-19,83.049744
2023-09-20,81.744568
2023-09-21,80.498306
2023-09-22,80.670021
2023-09-25,80.930069
2023-09-26,79.472794
2023-09-27,79.595467
2023-09-28,80.159737
2023-09-29,80.434502
2023-10-02,81.298073
2023-10-03,79.919304
2023-10-04,80.915352
2023-10-05,81.023315
2023-10-06,82.539459
2023-10-09,82.966331
2023-10-10,83.093903
2023-10-11,83.864243
2023-10-12,83.942757
2023-10-13,82.740631
2023-10-16,83.535492
2023-10-17,83.147881
2023-10-18,82.294106
2023-10-19,81.823067
2023-10-20,80.439407
2023-10-23,80.532639
2023-10-24,81.087082
2023-10-25,80.130287
2023-10-26,78.599419
2023-10-27,79.055733
2023-10-30,79.904594
2023-10-31,80.473763
2023-11-01,82.029129
2023-11-02,83.417740
2023-11-03,84.276405
2023-11-06,84.830849
2023-11-07,85.758202
2023-11-08,86.243958
2023-11-09,85.841614
2023-11-10,88.083954
2023-11-13,87.568764
2023-11-14,89.320427
2023-11-15,89.433273
2023-11-16,89.879761
2023-11-17,89.693336
2023-11-20,90.993591
2023-11-21,90.257584
2023-11-22,90.659943
2023-11-24,90.483284
2023-11-27,90.478386
2023-11-28,90.650116
2023-11-29,90.718811
2023-11-30,90.851295
2023-12-01,91.057365
2023-12-04,89.948471
2023-12-05,90.488197
2023-12-06,89.722763
2023-12-07,90.812035
2023-12-08,91.587296
2023-12-11,92.387062
2023-12-12,93.000404
2023-12-13,93.819794
2023-12-14,93.589203
2023-12-15,94.060234
2023-12-18,94.341522
2023-12-19,94.700493
2023-12-20,93.269516
2023-12-21,94.316925
2023-12-22,94.439865
2023-12-26,94.833260
2023-12-27,94.828346
2023-12-28,94.941452
2023-12-29,94.651306
2024-01-02,92.172913
2024-01-03,91.233673
2024-01-04,90.564896
2024-01-05,90.540306
2024-01-08,92.812180
2024-01-09,92.959694
2024-01-10,93.751411
2024-01-11,94.228401
2024-01-12,94.533295
2024-01-16,94.769333
2024-01-17,94.302185
2024-01-18,96.215065
2024-01-19,98.432838
2024-01-22,98.865593
2024-01-23,99.263893
2024-01-24,99.947426
2024-01-25,100.365417
2024-01-26,99.209808
2024-01-29,100.119530
2024-01-30,99.293404
2024-01-31,97.208405
2024-02-01,98.432838
2024-02-02,99.450752
2024-02-05,99.676949
2024-02-06,99.219627
2024-02-07,100.532593
2024-02-08,100.847298
2024-02-09,102.204529
2024-02-12,101.427574
2024-02-13,99.706459
2024-02-14,100.748962
2024-02-15,100.537514
2024-02-16,99.613029
2024-02-20,98.600029
2024-02-21,97.980446
2024-02-22,101.186630
2024-02-23,100.950584
2024-02-26,101.048935
2024-02-27,101.137451
2024-02-28,100.660454
2024-02-29,101.781639
2024-03-01,103.640434
2024-03-04,103.640434
2024-03-05,101.093185
2024-03-06,101.894737
2024-03-07,103.502739
2024-03-08,101.963593
2024-03-11,101.683289
2024-03-12,103.768303
2024-03-13,102.647102
2024-03-14,102.666779
2024-03-15,101.117775
2024-03-18,101.614761
2024-03-19,102.141792
2024-03-20,103.284546
2024-03-21,103.358421
2024-03-22,103.392906
2024-03-25,102.708252
2024-03-26,102.284645
2024-03-27,102.806770
2024-03-28,102.585121
2024-04-01,102.870781
2024-04-02,101.880760
2024-04-03,102.151665
2024-04-04,100.536064
2024-04-05,101.688652
2024-04-08,101.570450
2024-04-09,102.082695
2024-04-10,100.831619
2024-04-11,102.846153
2024-04-12,101.181313
2024-04-15,99.260338
2024-04-16,99.378555
2024-04-17,97.945206
2024-04-18,96.827095
2024-04-19,94.832253
2024-04-22,95.679436
2024-04-23,97.098007
2024-04-24,97.541306
2024-04-25,97.329514
2024-04-26,98.427917
2024-04-29,98.851509
2024-04-30,96.674408
2024-05-01,95.684357
2024-05-02,97.063522
2024-05-03,99.767677
2024-05-06,100.939957
2024-05-07,100.609947
2024-05-08,100.895638
2024-05-09,100.866089
2024-05-10,101.240425
2024-05-13,101.718193
2024-05-14,102.619583
2024-05-15,104.929680
2024-05-16,104.565186
2024-05-17,104.333687
2024-05-20,105.560165
2024-05-21,105.732567
2024-05-22,105.968979
2024-05-23,105.107002
2024-05-24,105.993607
2024-05-28,106.441849
2024-05-29,105.767036
2024-05-30,103.353477
2024-05-31,103.516052
2024-06-03,103.777100
2024-06-04,103.993828
2024-06-05,106.303925
2024-06-06,105.949280
2024-06-07,106.195564
2024-06-10,106.466469
2024-06-11,108.446548
2024-06-12,110.845299
2024-06-13,111.722076
2024-06-14,112.140732
2024-06-17,113.840073
2024-06-18,113.982910
2024-06-20,112.702248
2024-06-21,112.505234
2024-06-24,109.747009
2024-06-25,111.760162
2024-06-26,111.631874
2024-06-27,111.686157
2024-06-28,111.626930
2024-07-01,112.470695
2024-07-02,113.033188
2024-07-03,114.557861
2024-07-05,114.908211
2024-07-08,115.692741
2024-07-09,115.598976
2024-07-10,117.276627
2024-07-11,114.340759
2024-07-12,115.362144
2024-07-15,115.569382
2024-07-16,115.184509
2024-07-17,110.704231
2024-07-18,110.714111
2024-07-19,108.982193
2024-07-22,111.562790
2024-07-23,111.118713
2024-07-24,106.520020
2024-07-25,105.380219
2024-07-26,106.717392
2024-07-29,106.243706
2024-07-30,103.574287
2024-07-31,107.960800
2024-08-01,103.934479
2024-08-02,101.013420
2024-08-05,97.648285
2024-08-06,98.975594
2024-08-07,97.371956
2024-08-08,101.008499
2024-08-09,101.462433
2024-08-12,102.291397
2024-08-13,105.434479
2024-08-14,106.011795
2024-08-15,109.061142
2024-08-16,109.243713
2024-08-19,111.044716
2024-08-20,110.654892
2024-08-21,111.306213
2024-08-22,108.745354
2024-08-23,110.506874
2024-08-26,109.120346
2024-08-27,109.781548
2024-08-28,108.266731
2024-08-29,107.289757
2024-08-30,108.715759
2024-09-03,103.722321
2024-09-04,103.455856
2024-09-05,103.297974
2024-09-06,100.618675
2024-09-09,102.266716
2024-09-10,103.796326
2024-09-11,107.339081
2024-09-12,108.227264
2024-09-13,108.770027
2024-09-16,108.355553
2024-09-17,108.143379
2024-09-18,107.156532
2024-09-19,110.339111
2024-09-20,109.801285
2024-09-23,109.781006
2024-09-24,110.532356
2024-09-25,110.848724
2024-09-26,112.316811
2024-09-27,111.268883
2024-09-30,111.595116
2024-10-01,108.876419
2024-10-02,109.682159
2024-10-03,110.136917
2024-10-04,111.362793
2024-10-07,110.596619
2024-10-08,112.662834
2024-10-09,113.923325
2024-10-10,113.893669
2024-10-11,114.091385
2024-10-14,115.579262
2024-10-15,113.038506
2024-10-16,113.389458
2024-10-17,113.735481
2024-10-18,114.140808
2024-10-21,114.674667
2024-10-22,114.556046
2024-10-23,112.914925
2024-10-24,113.246117
2024-10-25,113.834343
2024-10-28,113.799736
2024-10-29,115.332108
2024-10-30,113.498207
2024-10-31,109.855164
2024-11-01,110.680649
2024-11-04,110.596619
2024-11-05,112.153687
2024-11-06,115.346931
2024-11-07,117.358765
2024-11-08,117.230255
2024-11-11,116.582703
2024-11-12,116.730988
2024-11-13,116.325653
2024-11-14,115.930199
2024-11-15,113.053337
2024-11-18,113.419106
2024-11-19,114.348427
2024-11-20,114.249565
2024-11-21,115.411179
2024-11-22,115.470505
2024-11-25,115.465561
2024-11-26,116.043900
2024-11-27,114.472000
2024-11-29,115.534760
2024-12-02,116.632126
2024-12-03,117.052307
2024-12-04,119.192657
2024-12-05,118.589592
2024-12-06,119.049301
2024-12-09,118.273232
2024-12-10,116.632126
2024-12-11,118.322662
2024-12-12,117.660294
2024-12-13,118.164482
2024-12-16,119.345894
2024-12-17,118.624199
2024-12-18,114.798256
2024-12-19,114.921829
2024-12-20,116.637077
2024-12-23,117.872894
2024-12-24,119.090874
2024-12-26,119.170097
2024-12-27,117.585724
2024-12-30,116.090454
2024-12-31,115.124969
2025-01-02,114.852661
2025-01-03,116.724205
2025-01-06,118.209579
2025-01-07,115.837959
2025-01-08,115.798347
2025-01-10,113.273247
2025-01-13,112.471130
2025-01-14,112.768211
2025-01-15,115.011101
2025-01-16,114.124847
2025-01-17,115.912209
2025-01-21,116.877678
2025-01-22,119.516685
2025-01-23,119.729584
2025-01-24,118.481895
2025-01-27,112.674141
2025-01-28,115.679512
2025-01-29,114.738792
2025-01-30,114.951683
2025-01-31,114.278320
2025-02-03,112.738518
2025-02-04,114.362488
2025-02-05,115.951836
2025-02-06,116.268700
2025-02-07,115.273521
2025-02-10,116.956917
2025-02-11,117.011383
2025-02-12,116.758873
2025-02-13,118.412567
2025-02-14,118.813622
2025-02-18,119.897926
2025-02-19,119.907829
2025-02-20,119.526581
2025-02-21,116.288513
2025-02-24,114.624916
2025-02-25,113.139549
2025-02-26,114.372398
2025-02-27,110.208458
2025-02-28,111.664101
2025-03-03,108.267570
2025-03-04,108.183411
2025-03-05,109.703430
2025-03-06,106.658463
2025-03-07,108.203217
2025-03-10,103.603577
2025-03-11,103.182716
2025-03-12,104.806709
2025-03-13,102.816338
2025-03-14,105.925682
2025-03-17,106.663399
2025-03-18,105.039406
2025-03-19,106.405945
2025-03-20,105.648415
2025-03-21,105.935585
2025-03-24,107.941849
2025-03-25,108.298965
2025-03-26,105.883492
2025-03-27,104.906403
2025-03-28,102.361984
2025-03-31,102.411575
2025-04-01,103.160538
2025-04-02,103.924355
2025-04-03,96.831718
2025-04-04,90.453308
2025-04-07,90.993950
2025-04-08,89.143898
2025-04-09,101.112106
2025-04-10,96.405167
2025-04-11,98.379211
2025-04-14,99.276939
2025-04-15,99.639008
2025-04-16,96.177025
2025-04-17,95.656227
2025-04-21,93.186211
2025-04-22,95.457840
2025-04-23,98.225441
2025-04-24,101.890793
2025-04-25,103.398598
2025-04-28,103.229965
2025-04-29,103.711075
2025-04-30,104.142578
2025-05-01,105.670227
2025-05-02,107.435951
2025-05-05,106.865562
2025-05-06,105.977737
2025-05-07,107.039146
2025-05-08,108.060890
2025-05-09,107.926979
2025-05-12,112.936447
2025-05-13,115.376701
2025-05-14,116.125648
2025-05-15,116.284370
2025-05-16,116.502602
2025-05-19,116.333969
2025-05-20,115.897484
2025-05-21,113.720116
2025-05-22,113.749870
2025-05-23,112.495018
2025-05-27,115.168388
2025-05-28,114.692253
2025-05-29,114.885681
2025-05-30,114.528572
2025-06-02,115.540390
2025-06-03,117.276329
2025-06-04,117.449944
2025-06-05,117.117630
2025-06-06,118.223686
2025-06-09,118.803986
2025-06-10,119.468605
2025-06-11,119.205734
2025-06-12,120.311790
2025-06-13,118.625420
2025-06-16,120.544899
2025-06-17,119.691803
2025-06-18,119.835640
2025-06-20,119.304924
2025-06-23,120.665199
2025-06-24,122.831291
2025-06-25,123.879562
2025-06-26,124.734077
2025-06-27,124.585037
2025-06-30,125.807190
2025-07-01,124.684387
2025-07-02,126.000938
2025-07-03,127.660278
2025-07-07,126.646790
2025-07-08,127.327423
2025-07-09,128.092499
2025-07-10,127.670227
2025-07-11,127.108826
2025-07-14,127.004486
2025-07-15,128.132248
2025-07-16,128.529694
2025-07-17,129.697189
2025-07-18,129.612747
2025-07-21,129.781677
2025-07-22,128.579376
2025-07-23,129.314667
2025-07-24,129.861160
2025-07-25,130.159225
2025-07-28,131.197571
2025-07-29,131.202545
2025-07-30,131.495651
2025-07-31,130.531830
2025-08-01,127.714928
2025-08-04,130.308289
2025-08-05,129.230209
2025-08-06,130.685852
2025-08-07,130.805099
2025-08-08,132.111694
2025-08-11,131.217453
2025-08-12,133.249405
2025-08-13,133.299088
2025-08-14,133.010925
2025-08-15,132.002396
2025-08-18,132.285568
2025-08-19,129.975433
2025-08-20,129.096069
2025-08-21,128.629059
2025-08-22,130.372864
2025-08-25,130.079742
2025-08-26,130.675934
2025-08-27,131.381393
2025-08-28,132.419724
2025-08-29,130.387772
2025-09-02,129.071228
2025-09-03,129.841293
2025-09-04,130.482178
2025-09-05,130.591431
2025-09-08,131.570190
2025-09-09,131.823547
2025-09-10,134.213196
2025-09-11,134.665298
2025-09-12,134.575882
2025-09-15,135.788116
2025-09-16,135.316116
2025-09-17,134.849121
2025-09-18,137.179169
2025-09-19,138.570251
2025-09-22,140.608765
2025-09-23,139.395004
2025-09-24,138.534393
2025-09-25,138.290665
2025-09-26,138.708527
2025-09-29,139.449722
2025-09-30,140.210815
2025-10-01,141.583771
2025-10-02,142.349838
2025-10-03,141.633530
2025-10-06,143.066162
2025-10-07,142.111069
2025-10-08,144.603287
2025-10-09,144.359528
2025-10-10,138.484680
2025-10-13,141.857376
2025-10-14,140.036728
2025-10-15,141.424591
2025-10-16,141.529068
2025-10-17,141.777786
2025-10-20,143.359665
2025-10-21,143.434280
2025-10-22,142.016556
2025-10-23,143.807358
2025-10-24,146.040909
2025-10-27,148.737091
2025-10-28,150.209534
2025-10-29,151.288986
2025-10-30,149.428558
2025-10-31,149.572800
2025-11-03,150.184662
2025-11-04,146.220001
2025-11-05,146.792053
2025-11-06,143.842194
2025-11-07,143.344727
2025-11-10,147.010941
2025-11-11,145.757370
2025-11-12,146.210052
2025-11-13,142.563751
2025-11-14,143.339752
2025-11-17,141.096283
2025-11-18,138.803040
2025-11-19,139.768097
2025-11-20,135.380585
2025-11-21,135.902908
2025-11-24,139.141312
2025-11-25,139.514404
2025-11-26,141.165924
2025-11-28,142.379700
2025-12-01,142.444366
2025-12-02,143.911835
2025-12-03,144.255066
2025-12-04,144.792313
2025-12-05,145.851883
2025-12-08,146.876633
2025-12-09,147.264618
2025-12-10,147.971008
2025-12-11,147.214874
2025-12-12,142.956741
2025-12-15,141.573822
2025-12-16,141.832489
2025-12-17,138.678680
2025-12-18,140.817688
2025-12-19,143.862091
2025-12-22,144.638290
2025-12-23,145.425430
2025-12-24,145.774185
2025-12-26,146.003357
2025-12-29,145.345734
2025-12-30,144.887390
2025-12-31,143.452560
2026-01-02,143.781372
2026-01-05,144.100204
2026-01-06,146.122925
2026-01-07,146.003357
2026-01-08,143.721588
2026-01-09,145.624725
2026-01-12,146.262421
2026-01-13,145.953537
2026-01-14,144.179932
2026-01-15,144.937210
2026-01-16,145.096619
2026-01-20,141.330200
2026-01-21,143.293137
2026-01-22,144.359283
2026-01-23,144.568527
2026-01-26,145.554977
2026-01-27,147.517914
2026-01-28,148.693649
2026-01-29,146.342148
2026-01-30,143.362900
2026-02-02,144.737900
2026-02-03,141.569366
2026-02-04,137.623596
2026-02-05,135.142532
2026-02-06,140.622772
2026-02-09,142.834793
2026-02-10,142.037674
2026-02-11,142.456161
2026-02-12,138.709686
2026-02-13,139.058411
2026-02-17,138.978683
2026-02-18,140.403564
2026-02-19,139.706070
2026-02-20,140.373657
2026-02-23,138.022141
2026-02-24,139.815689
2026-02-25,142.496002
2026-02-26,140.503189
2026-02-27,138.261292
2026-03-02,139.038467
2026-03-03,137.005814
2026-03-04,139.337402
2026-03-05,139.676178
2026-03-06,136.796555
2026-03-09,139.257690
2026-03-10,139.257690
2026-03-11,139.925278
2026-03-12,137.344589
2026-03-13,136.308334
2026-03-16,138.281204
2026-03-17,139.038467
2026-03-18,137.464172
2026-03-19,137.932465
2026-03-20,134.803757
2026-03-23,136.627457
2026-03-24,135.829330
2026-03-25,136.437897
2026-03-26,132.187927
2026-03-27,129.614014
2026-03-30,127.199715
2026-03-31,132.586990
2026-04-01,134.592255
2026-04-02,135.669724
2026-04-06,136.457855
2026-04-07,137.106308
2026-04-08,141.356293
2026-04-09,141.735397
2026-04-10,142.284088
2026-04-13,145.267059
2026-04-14,147.591568
2026-04-15,149.946014
2026-04-16,151.661972
2026-04-17,153.986481
2026-04-20,154.195969
2026-04-21,154.325668
2026-04-22,157.717667
2026-04-23,155.472961
2026-04-24,159.842651
2026-04-27,160.191833
2026-04-28,157.478241
2026-04-29,158.735260
2026-04-30,159.124344
2026-05-01,161.488754
2026-05-04,161.668350
2026-05-05,165.239899
2026-05-06,169.629547
2026-05-07,169.290359
2026-05-08,175.106628
2026-05-11,177.461060
2026-05-12,174.787369
2026-05-13,176.433487
2026-05-14,179.077240
2026-05-15,175.844864
2026-05-18,173.949341
2026-05-19,172.831985
2026-05-20,176.722794
2026-05-21,178.179367
2026-05-22,179.965134
2026-05-26,184.703964
2026-05-27,183.995621
2026-05-28,186.409927
2026-05-29,190.570114
2026-06-01,195.298950
2026-06-02,197.743195
2026-06-03,195.767838
2026-06-04,192.715042
2026-06-05,179.875351
2026-06-08,183.746216
2026-06-09,180.344254
2026-06-10,176.214005
2026-06-11,182.778503
2026-06-12,184.364761
2026-06-15,191.338287
2026-06-16,186.000900
2026-06-17,185.362411
2026-06-18,190.989120
2026-06-22,191.926025
2026-06-23,183.975311
2026-06-24,182.836639
2026-06-25,184.354874
2026-06-26,180.898895
2026-06-29,185.193878
2026-06-30,190.297928
2026-07-01,185.403625
2026-07-02,180.379501
2026-07-06,183.356033
2026-07-07,178.971130
2026-07-08,181.188553
2026-07-09,185.133957
2026-07-10,185.563446
2026-07-13,181.068695
2026-07-14,183.405960
2026-07-15,181.368347
2026-07-16,177.313080
2026-07-17,175.385330
2026-07-20,175.505188
2026-07-21,180.569275
2026-07-22,180.059875
2026-07-23,178.241989
2026-07-24,175.674988
2026-07-27,174.096832
2026-07-28,170.890564
2026-07-29,166.375854
2026-07-30,175.525162
2026-07-31,175.145615
2026-08-03,177.832458
2026-08-04,186.682144
2026-08-05,185.693298
2026-08-06,185.113983
2026-08-07,187.750900
2026-08-10,186.102829
2026-08-11,185.873077
2026-08-12,188.639862
2026-08-13,190.547638
2026-08-14,189.788513
2026-08-17,190.098160
2026-08-18,185.403625
2026-08-19,183.425949
2026-08-20,182.886581
2026-08-21,183.096329
2026-08-24,179.840134
2026-08-25,181.528168
2026-08-26,182.626877
2026-08-27,188.390152
2026-08-28,185.473557
2026-08-31,186.282608
2026-09-01,183.425949
2026-09-02,183.386002
2026-09-03,185.753235
2026-09-04,187.061707
2026-09-08,187.651001
2026-09-09,187.651001
2026-09-10,185.004105
2026-09-11,187.451248
2026-09-14,184.065201
2026-09-15,183.525833
2026-09-16,183.715591
2026-09-17,187.840790
2026-09-18,189.378998
2026-09-21,194.850006
2026-09-22,196.270004
2026-09-23,195.339996
2026-09-24,194.710007
2026-09-25,196.270004
2026-09-28,194.529999
2026-09-29,194.500000
2026-09-30,195.750000
2026-10-01,197.809998
2026-10-02,199.809998
