date,adj_close
1998-12-22,13.798902
1998-12-23,14.132483
1998-12-24,14.108070
1998-12-28,14.026711
1998-12-29,14.335886
1998-12-30,14.246396
1998-12-31,14.140617
1999-01-04,14.026711
1999-01-05,14.132483
1999-01-06,14.303350
1999-01-07,14.140617
1999-01-08,14.083673
1999-01-11,13.798902
1999-01-12,13.693129
1999-01-13,13.717543
1999-01-14,13.457181
1999-01-15,13.603634
1999-01-19,13.449049
1999-01-20,13.489726
1999-01-21,13.286325
1999-01-22,13.221232
1999-01-25,13.188693
1999-01-26,13.497867
1999-01-27,13.676861
1999-01-28,13.920938
1999-01-29,13.953491
1999-02-01,13.896533
1999-02-02,14.010438
1999-02-03,13.961621
1999-02-04,13.896533
1999-02-05,13.684995
1999-02-08,13.660594
1999-02-09,13.416502
1999-02-10,13.514140
1999-02-11,13.741944
1999-02-12,13.628040
1999-02-16,13.790766
1999-02-17,13.652451
1999-02-18,13.798902
1999-02-19,13.741944
1999-02-22,14.034846
1999-02-23,14.010438
1999-02-24,13.929079
1999-02-25,13.766361
1999-02-26,13.807039
1999-03-01,13.741944
1999-03-02,13.701264
1999-03-03,13.701264
1999-03-04,13.888395
1999-03-05,14.099935
1999-03-08,14.165024
1999-03-09,14.181300
1999-03-10,14.026711
1999-03-11,14.165024
1999-03-12,14.287062
1999-03-15,14.409117
1999-03-16,14.474201
1999-03-17,14.230114
1999-03-18,14.474201
1999-03-19,14.410109
1999-03-22,14.401957
1999-03-23,13.994432
1999-03-24,13.986276
1999-03-25,14.092241
1999-03-26,14.043328
1999-03-29,14.222647
1999-03-30,14.100386
1999-03-31,13.790671
1999-04-01,13.815120
1999-04-05,13.888473
1999-04-06,13.733612
1999-04-07,13.717310
1999-04-08,14.035179
1999-04-09,14.067785
1999-04-12,14.304152
1999-04-13,14.353055
1999-04-14,13.921073
1999-04-15,13.578755
1999-04-16,13.635809
1999-04-19,13.065277
1999-04-20,13.309788
1999-04-21,13.733612
1999-04-22,13.904777
1999-04-23,13.880324
1999-04-26,13.782518
1999-04-27,13.798819
1999-04-28,13.595050
1999-04-29,13.489104
1999-04-30,13.309788
1999-05-03,13.619506
1999-05-04,13.505402
1999-05-05,13.635809
1999-05-06,13.456500
1999-05-07,13.570610
1999-05-10,13.358691
1999-05-11,13.415751
1999-05-12,13.611358
1999-05-13,13.676559
1999-05-14,13.432038
1999-05-17,13.521703
1999-05-18,13.342389
1999-05-19,13.529849
1999-05-20,13.562451
1999-05-21,13.521703
1999-05-24,13.171227
1999-05-25,13.040813
1999-05-26,13.040813
1999-05-27,12.975616
1999-05-28,13.171227
1999-06-01,13.220128
1999-06-02,13.016366
1999-06-03,13.138623
1999-06-04,13.595050
1999-06-07,13.480946
1999-06-08,13.293483
1999-06-09,13.220128
1999-06-10,12.975616
1999-06-11,12.845214
1999-06-14,12.885962
1999-06-15,12.918555
1999-06-16,13.016366
1999-06-17,13.122333
1999-06-18,13.117416
1999-06-21,12.970119
1999-06-22,13.043767
1999-06-23,12.904662
1999-06-24,12.863744
1999-06-25,12.855558
1999-06-28,12.863744
1999-06-29,13.092870
1999-06-30,13.403820
1999-07-01,13.502012
1999-07-02,13.551117
1999-07-06,13.542930
1999-07-07,13.485654
1999-07-08,13.379280
1999-07-09,13.444734
1999-07-12,13.420185
1999-07-13,13.469287
1999-07-14,13.428368
1999-07-15,13.575662
1999-07-16,13.551117
1999-07-19,13.436556
1999-07-20,13.321997
1999-07-21,13.379280
1999-07-22,13.231977
1999-07-23,13.133783
1999-07-26,13.256525
1999-07-27,13.297437
1999-07-28,13.174697
1999-07-29,12.978299
1999-07-30,12.904662
1999-08-02,12.904662
1999-08-03,13.002853
1999-08-04,12.765541
1999-08-05,12.798280
1999-08-06,12.585515
1999-08-09,12.552785
1999-08-10,12.511879
1999-08-11,12.380946
1999-08-12,12.610069
1999-08-13,12.700084
1999-08-16,12.773730
1999-08-17,12.839192
1999-08-18,12.659161
1999-08-19,12.740993
1999-08-20,12.994667
1999-08-23,13.281081
1999-08-24,13.223798
1999-08-25,13.616586
1999-08-26,13.395641
1999-08-27,13.223798
1999-08-30,13.240157
1999-08-31,13.125603
1999-09-01,13.076506
1999-09-02,13.060133
1999-09-03,13.289259
1999-09-07,13.191065
1999-09-08,13.199242
1999-09-09,13.011032
1999-09-10,13.027402
1999-09-13,13.011032
1999-09-14,12.798280
1999-09-15,12.700084
1999-09-16,12.732814
1999-09-17,12.753474
1999-09-20,12.802689
1999-09-21,12.581255
1999-09-22,12.573050
1999-09-23,12.277790
1999-09-24,12.212175
1999-09-27,12.171168
1999-09-28,11.990735
1999-09-29,11.679070
1999-09-30,11.941523
1999-10-01,12.138363
1999-10-04,12.277790
1999-10-05,12.130156
1999-10-06,12.605855
1999-10-07,12.507434
1999-10-08,12.843699
1999-10-11,12.860100
1999-10-12,12.614055
1999-10-13,12.368011
1999-10-14,12.400811
1999-10-15,11.949727
1999-10-18,12.171168
1999-10-19,12.687868
1999-10-20,12.737075
1999-10-21,12.827303
1999-10-22,12.909317
1999-10-25,12.761683
1999-10-26,12.597652
1999-10-27,12.753474
1999-10-28,12.983127
1999-10-29,13.032337
1999-11-01,13.056936
1999-11-02,12.802689
1999-11-03,13.130759
1999-11-04,13.073339
1999-11-05,13.171761
1999-11-08,13.155363
1999-11-09,12.925714
1999-11-10,12.933917
1999-11-11,12.933917
1999-11-12,13.024133
1999-11-15,12.966719
1999-11-16,13.212770
1999-11-17,13.147160
1999-11-18,13.212770
1999-11-19,13.122551
1999-11-22,13.261980
1999-11-23,13.229169
1999-11-24,13.385007
1999-11-26,13.253776
1999-11-29,13.245568
1999-11-30,13.073339
1999-12-01,13.024133
1999-12-02,13.089747
1999-12-03,13.179962
1999-12-06,12.802689
1999-12-07,12.597652
1999-12-08,12.400811
1999-12-09,12.384412
1999-12-10,12.450023
1999-12-13,12.187569
1999-12-14,12.171168
1999-12-15,12.384412
1999-12-16,12.072747
1999-12-17,12.108020
1999-12-20,11.951739
1999-12-21,11.836576
1999-12-22,12.066895
1999-12-23,12.272536
1999-12-27,12.354784
1999-12-28,12.256081
1999-12-29,12.108020
1999-12-30,12.116247
1999-12-31,12.124471
2000-01-03,11.976409
2000-01-04,11.639167
2000-01-05,11.844801
2000-01-06,12.066895
2000-01-07,12.831868
2000-01-10,12.543974
2000-01-11,12.543974
2000-01-12,12.609786
2000-01-13,12.675579
2000-01-14,12.716713
2000-01-18,12.502843
2000-01-19,12.593324
2000-01-20,12.420594
2000-01-21,12.280759
2000-01-24,11.927052
2000-01-25,11.778996
2000-01-26,11.885930
2000-01-27,12.108020
2000-01-28,12.009315
2000-01-31,12.231402
2000-02-01,12.108020
2000-02-02,12.132697
2000-02-03,11.968182
2000-02-04,11.959959
2000-02-07,11.943510
2000-02-08,12.091573
2000-02-09,11.984637
2000-02-10,11.581585
2000-02-11,11.359497
2000-02-14,11.417071
2000-02-15,11.672063
2000-02-16,11.507557
2000-02-17,11.334821
2000-02-18,11.203206
2000-02-22,11.384172
2000-02-23,11.137403
2000-02-24,10.907088
2000-02-25,10.635642
2000-02-28,10.841278
2000-02-29,10.800155
2000-03-01,10.701450
2000-03-02,10.726129
2000-03-03,10.668550
2000-03-06,10.413557
2000-03-07,9.854218
2000-03-08,10.158564
2000-03-09,10.430006
2000-03-10,10.306623
2000-03-13,10.142114
2000-03-14,10.084535
2000-03-15,10.726129
2000-03-16,11.186761
2000-03-17,11.140149
2000-03-20,11.041129
2000-03-21,11.247422
2000-03-22,11.156657
2000-03-23,11.065878
2000-03-24,10.867837
2000-03-27,10.727551
2000-03-28,10.851333
2000-03-29,11.115395
2000-03-30,11.263931
2000-03-31,11.206162
2000-04-03,11.717789
2000-04-04,12.047870
2000-04-05,11.882827
2000-04-06,11.668274
2000-04-07,11.519736
2000-04-10,11.808557
2000-04-11,12.014856
2000-04-12,12.155143
2000-04-13,12.072624
2000-04-14,11.478485
2000-04-17,11.808557
2000-04-18,11.882827
2000-04-19,12.023111
2000-04-20,12.014856
2000-04-24,12.344943
2000-04-25,12.287174
2000-04-26,12.146890
2000-04-27,12.146890
2000-04-28,11.800307
2000-05-01,11.948846
2000-05-02,11.981852
2000-05-03,11.981852
2000-05-04,11.981852
2000-05-05,12.262416
2000-05-08,12.518229
2000-05-09,12.575991
2000-05-10,12.493475
2000-05-11,12.476967
2000-05-12,12.311934
2000-05-15,12.617254
2000-05-16,12.559492
2000-05-17,12.600743
2000-05-18,12.575991
2000-05-19,12.666767
2000-05-22,12.625500
2000-05-23,12.559492
2000-05-24,12.831798
2000-05-25,12.798800
2000-05-26,12.840055
2000-05-30,12.765787
2000-05-31,12.642006
2000-06-01,12.675014
2000-06-02,12.237660
2000-06-05,12.221156
2000-06-06,12.262416
2000-06-07,12.394445
2000-06-08,12.394445
2000-06-09,12.534727
2000-06-12,12.518229
2000-06-13,12.658517
2000-06-14,12.823555
2000-06-15,13.062860
2000-06-16,12.820088
2000-06-19,12.844896
2000-06-20,12.621581
2000-06-21,12.869714
2000-06-22,12.588496
2000-06-23,12.737381
2000-06-26,12.902799
2000-06-27,13.101297
2000-06-28,13.101297
2000-06-29,13.217098
2000-06-30,13.357696
2000-07-03,13.382510
2000-07-05,13.415594
2000-07-06,13.432144
2000-07-07,13.341153
2000-07-10,13.465231
2000-07-11,13.473496
2000-07-12,13.200558
2000-07-13,13.002054
2000-07-14,12.853168
2000-07-17,12.919333
2000-07-18,12.935883
2000-07-19,12.952422
2000-07-20,12.737381
2000-07-21,12.770453
2000-07-24,13.035135
2000-07-25,12.803547
2000-07-26,12.811822
2000-07-27,12.902799
2000-07-28,13.010324
2000-07-31,12.869714
2000-08-01,13.299805
2000-08-02,13.291535
2000-08-03,13.365972
2000-08-04,13.266730
2000-08-07,13.101297
2000-08-08,13.159194
2000-08-09,12.621581
2000-08-10,12.844896
2000-08-11,12.935883
2000-08-14,12.977235
2000-08-15,12.952422
2000-08-16,13.084754
2000-08-17,13.010324
2000-08-18,12.853168
2000-08-21,12.985511
2000-08-22,12.935883
2000-08-23,13.018593
2000-08-24,12.935883
2000-08-25,12.985511
2000-08-28,12.944149
2000-08-29,12.745647
2000-08-30,12.687757
2000-08-31,12.712565
2000-09-01,12.638124
2000-09-05,12.596762
2000-09-06,12.439618
2000-09-07,12.555412
2000-09-08,12.547146
2000-09-11,12.605040
2000-09-12,12.704291
2000-09-13,12.704291
2000-09-14,12.571950
2000-09-15,12.553354
2000-09-18,12.569962
2000-09-19,12.586571
2000-09-20,12.486936
2000-09-21,12.819031
2000-09-22,13.250770
2000-09-25,13.134528
2000-09-26,13.018295
2000-09-27,13.026598
2000-09-28,13.225862
2000-09-29,13.275669
2000-10-02,13.250770
2000-10-03,13.250770
2000-10-04,13.142840
2000-10-05,13.450027
2000-10-06,13.375299
2000-10-09,13.317195
2000-10-10,13.508144
2000-10-11,13.491539
2000-10-12,13.574560
2000-10-13,13.408508
2000-10-16,13.599473
2000-10-17,13.715702
2000-10-18,13.707404
2000-10-19,13.458328
2000-10-20,13.549656
2000-10-23,13.690795
2000-10-24,13.732310
2000-10-25,14.056114
2000-10-26,14.081011
2000-10-27,13.923264
2000-10-30,14.247064
2000-10-31,14.197249
2000-11-01,14.180645
2000-11-02,14.072717
2000-11-03,13.997995
2000-11-06,14.263670
2000-11-07,14.122521
2000-11-08,14.446320
2000-11-09,14.462927
2000-11-10,14.537658
2000-11-13,14.105924
2000-11-14,14.280276
2000-11-15,14.313486
2000-11-16,14.346703
2000-11-17,14.346703
2000-11-20,14.305181
2000-11-21,14.545953
2000-11-22,14.496136
2000-11-24,14.346703
2000-11-27,14.637284
2000-11-28,14.795032
2000-11-29,14.944475
2000-11-30,14.687094
2000-12-01,14.471233
2000-12-04,14.745215
2000-12-05,14.628973
2000-12-06,14.346703
2000-12-07,14.554255
2000-12-08,14.496136
2000-12-11,14.296883
2000-12-12,14.354999
2000-12-13,14.678795
2000-12-14,14.570862
2000-12-15,14.505247
2000-12-18,14.588511
2000-12-19,14.730066
2000-12-20,14.763379
2000-12-21,14.713419
2000-12-22,14.655128
2000-12-26,14.946562
2000-12-27,15.046487
2000-12-28,15.271314
2000-12-29,15.221350
2001-01-02,15.021504
2001-01-03,14.330385
2001-01-04,13.764162
2001-01-05,13.855766
2001-01-08,13.947351
2001-01-09,14.097238
2001-01-10,14.013965
2001-01-11,13.739184
2001-01-12,13.722529
2001-01-16,13.914042
2001-01-17,13.755831
2001-01-18,13.864086
2001-01-19,13.755831
2001-01-22,13.839106
2001-01-23,13.930701
2001-01-24,13.880740
2001-01-25,14.172175
2001-01-26,14.030626
2001-01-29,13.914376
2001-01-30,14.074252
2001-01-31,14.111556
2001-02-01,14.234125
2001-02-02,14.324714
2001-02-05,14.314063
2001-02-06,14.378009
2001-02-07,14.404656
2001-02-08,14.362031
2001-02-09,14.479266
2001-02-12,14.601840
2001-02-13,14.404656
2001-02-14,14.271431
2001-02-15,14.143532
2001-02-16,14.191497
2001-02-20,14.260769
2001-02-21,14.218143
2001-02-22,14.111556
2001-02-23,14.004972
2001-02-26,14.138200
2001-02-27,14.148855
2001-02-28,14.196823
2001-03-01,14.063601
2001-03-02,14.196823
2001-03-05,14.143532
2001-03-06,13.855766
2001-03-07,13.765160
2001-03-08,13.882406
2001-03-09,13.967669
2001-03-12,13.536012
2001-03-13,13.466734
2001-03-14,13.136323
2001-03-15,13.152314
2001-03-16,12.993045
2001-03-19,13.142690
2001-03-20,12.827350
2001-03-21,12.506666
2001-03-22,12.378398
2001-03-23,12.672354
2001-03-26,12.843384
2001-03-27,13.131999
2001-03-28,13.169415
2001-03-29,13.201488
2001-03-30,13.212170
2001-04-02,13.035798
2001-04-03,12.795278
2001-04-04,12.960975
2001-04-05,13.094592
2001-04-06,13.051829
2001-04-09,13.164064
2001-04-10,13.148032
2001-04-11,12.896832
2001-04-12,13.067862
2001-04-16,13.067862
2001-04-17,13.356482
2001-04-18,13.228205
2001-04-19,13.174758
2001-04-20,13.030452
2001-04-23,13.094592
2001-04-24,12.854078
2001-04-25,13.196143
2001-04-26,13.319066
2001-04-27,13.393890
2001-04-30,13.468716
2001-05-01,13.618374
2001-05-02,13.538199
2001-05-03,13.468716
2001-05-04,13.586307
2001-05-07,13.580955
2001-05-08,13.532854
2001-05-09,13.602333
2001-05-10,13.532854
2001-05-11,13.458029
2001-05-14,13.575617
2001-05-15,13.495443
2001-05-16,13.906983
2001-05-17,13.976467
2001-05-18,13.901648
2001-05-21,13.890958
2001-05-22,13.751988
2001-05-23,13.629065
2001-05-24,13.687858
2001-05-25,13.575617
2001-05-29,13.687858
2001-05-30,13.762678
2001-05-31,13.666473
2001-06-01,13.848202
2001-06-04,13.869573
2001-06-05,14.013881
2001-06-06,13.789402
2001-06-07,13.885610
2001-06-08,13.805435
2001-06-11,13.613024
2001-06-12,13.773374
2001-06-13,13.666473
2001-06-14,13.655789
2001-06-15,13.575892
2001-06-18,13.618789
2001-06-19,13.661683
2001-06-20,13.736741
2001-06-21,13.854704
2001-06-22,13.468663
2001-06-25,13.398962
2001-06-26,13.398962
2001-06-27,13.297083
2001-06-28,13.382877
2001-06-29,13.034365
2001-07-02,13.334617
2001-07-03,13.227383
2001-07-05,13.146969
2001-07-06,12.991466
2001-07-09,13.189847
2001-07-10,13.082613
2001-07-11,13.012919
2001-07-12,12.932484
2001-07-13,13.028998
2001-07-16,12.932484
2001-07-17,13.125510
2001-07-18,13.500832
2001-07-19,13.372152
2001-07-20,13.554453
2001-07-23,13.238110
2001-07-24,13.136235
2001-07-25,13.232746
2001-07-26,13.238110
2001-07-27,13.238110
2001-07-30,13.404319
2001-07-31,13.431129
2001-08-01,13.431129
2001-08-02,13.350707
2001-08-03,13.447217
2001-08-06,13.377510
2001-08-07,13.404319
2001-08-08,13.350707
2001-08-09,13.393600
2001-08-10,13.441855
2001-08-13,13.559814
2001-08-14,13.538362
2001-08-15,13.511551
2001-08-16,13.645595
2001-08-17,13.650956
2001-08-20,13.634871
2001-08-21,13.758191
2001-08-22,13.817175
2001-08-23,13.774282
2001-08-24,13.940503
2001-08-27,13.913683
2001-08-28,13.747475
2001-08-29,13.538362
2001-08-30,13.597341
2001-08-31,13.495464
2001-09-04,13.511551
2001-09-05,13.994109
2001-09-06,13.565173
2001-09-07,13.350707
2001-09-10,13.645595
2001-09-17,13.634871
2001-09-18,13.468663
2001-09-19,13.297083
2001-09-20,13.028998
2001-09-21,12.645494
2001-09-24,12.817615
2001-09-25,12.882158
2001-09-26,13.102693
2001-09-27,13.360864
2001-09-28,13.479197
2001-10-01,13.592160
2001-10-02,13.688974
2001-10-03,13.576024
2001-10-04,13.527613
2001-10-05,13.672842
2001-10-08,13.645941
2001-10-09,13.576024
2001-10-10,13.742763
2001-10-11,13.645941
2001-10-12,13.635184
2001-10-15,13.694349
2001-10-16,13.619050
2001-10-17,13.506100
2001-10-18,13.608297
2001-10-19,13.769657
2001-10-22,13.904124
2001-10-23,13.726624
2001-10-24,13.699732
2001-10-25,13.828821
2001-10-26,13.780416
2001-10-29,13.694349
2001-10-30,13.549129
2001-10-31,13.393135
2001-11-01,13.705112
2001-11-02,13.683600
2001-11-05,13.710487
2001-11-06,13.737393
2001-11-07,13.753519
2001-11-08,13.624420
2001-11-09,13.656706
2001-11-12,13.678217
2001-11-13,13.678217
2001-11-14,13.608297
2001-11-15,13.688974
2001-11-16,13.812688
2001-11-19,13.850337
2001-11-20,13.834197
2001-11-21,14.011707
2001-11-23,14.054725
2001-11-26,14.065481
2001-11-27,13.909504
2001-11-28,13.742763
2001-11-29,14.006325
2001-11-30,13.984807
2001-12-03,13.979428
2001-12-04,13.984807
2001-12-05,13.855714
2001-12-06,13.823442
2001-12-07,13.887992
2001-12-10,13.619050
2001-12-11,13.473824
2001-12-12,13.500722
2001-12-13,13.366242
2001-12-14,13.312458
2001-12-17,13.651330
2001-12-18,13.576024
2001-12-19,13.742763
2001-12-20,13.764280
2001-12-21,13.904613
2001-12-24,13.899220
2001-12-26,13.937002
2001-12-27,13.850637
2001-12-28,13.791271
2001-12-31,13.710299
2002-01-02,13.661716
2002-01-03,13.618541
2002-01-04,13.580757
2002-01-07,13.478197
2002-01-08,13.408022
2002-01-09,13.456605
2002-01-10,13.478197
2002-01-11,13.510588
2002-01-14,13.618541
2002-01-15,13.634729
2002-01-16,13.505184
2002-01-17,13.629330
2002-01-18,13.575359
2002-01-22,13.726497
2002-01-23,13.775075
2002-01-24,13.575359
2002-01-25,13.548367
2002-01-28,13.548367
2002-01-29,13.381040
2002-01-30,13.542973
2002-01-31,13.618541
2002-02-01,13.629330
2002-02-04,13.483595
2002-02-05,13.640132
2002-02-06,13.575359
2002-02-07,13.429620
2002-02-08,13.462000
2002-02-11,13.677917
2002-02-12,13.672514
2002-02-13,13.758879
2002-02-14,13.758879
2002-02-15,13.764280
2002-02-19,13.591549
2002-02-20,13.866835
2002-02-21,13.694101
2002-02-22,13.920817
2002-02-25,13.942403
2002-02-26,13.937002
2002-02-27,13.953193
2002-02-28,13.904613
2002-03-01,14.169110
2002-03-04,14.174498
2002-03-05,13.926208
2002-03-06,14.039565
2002-03-07,14.034172
2002-03-08,13.985590
2002-03-11,13.985590
2002-03-12,13.980193
2002-03-13,14.088144
2002-03-14,14.050357
2002-03-15,14.307492
2002-03-18,14.264186
2002-03-19,14.318317
2002-03-20,14.036829
2002-03-21,14.145089
2002-03-22,14.161328
2002-03-25,14.020590
2002-03-26,14.128854
2002-03-27,14.085546
2002-03-28,14.128854
2002-04-01,14.101789
2002-04-02,14.004343
2002-04-03,14.015176
2002-04-04,13.852775
2002-04-05,13.739093
2002-04-08,13.782398
2002-04-09,13.771572
2002-04-10,13.998931
2002-04-11,13.809468
2002-04-12,13.885248
2002-04-15,13.874425
2002-04-16,14.020590
2002-04-17,13.814878
2002-04-18,13.955631
2002-04-19,13.982693
2002-04-22,13.901490
2002-04-23,13.787809
2002-04-24,13.728262
2002-04-25,13.771572
2002-04-26,13.684959
2002-04-29,13.544209
2002-04-30,13.603756
2002-05-01,13.798638
2002-05-02,13.798638
2002-05-03,13.668713
2002-05-06,13.571281
2002-05-07,13.381802
2002-05-08,13.625408
2002-05-09,13.484664
2002-05-10,13.457595
2002-05-13,13.592937
2002-05-14,13.647063
2002-05-15,13.446765
2002-05-16,13.463008
2002-05-17,13.619997
2002-05-20,13.555037
2002-05-21,13.441350
2002-05-22,13.560444
2002-05-23,13.603756
2002-05-24,13.446765
2002-05-28,13.398049
2002-05-29,13.441350
2002-05-30,13.381802
2002-05-31,13.452183
2002-06-03,13.143620
2002-06-04,13.127385
2002-06-05,13.278956
2002-06-06,12.981220
2002-06-07,12.981220
2002-06-10,13.127385
2002-06-11,12.775515
2002-06-12,12.764690
2002-06-13,12.726794
2002-06-14,12.780929
2002-06-17,13.024529
2002-06-18,12.992050
2002-06-19,12.943333
2002-06-20,12.829648
2002-06-21,12.483220
2002-06-24,12.358335
2002-06-25,12.103135
2002-06-26,12.081409
2002-06-27,12.173718
2002-06-28,12.081409
2002-07-01,12.200871
2002-07-02,12.119416
2002-07-03,12.037971
2002-07-05,12.195440
2002-07-08,12.173718
2002-07-09,11.972815
2002-07-10,11.728474
2002-07-11,11.533003
2002-07-12,11.288653
2002-07-15,11.125756
2002-07-16,10.952003
2002-07-17,11.000873
2002-07-18,10.751103
2002-07-19,10.251554
2002-07-22,10.338436
2002-07-23,10.387301
2002-07-24,10.919429
2002-07-25,11.055170
2002-07-26,11.104040
2002-07-29,11.424410
2002-07-30,11.310376
2002-07-31,11.565580
2002-08-01,11.456980
2002-08-02,11.435257
2002-08-05,11.277802
2002-08-06,11.288653
2002-08-07,11.549294
2002-08-08,11.815347
2002-08-09,11.869646
2002-08-12,11.831639
2002-08-13,11.717610
2002-08-14,12.103135
2002-08-15,11.994533
2002-08-16,11.940233
2002-08-19,12.032550
2002-08-20,11.978254
2002-08-21,11.961959
2002-08-22,12.021687
2002-08-23,11.831639
2002-08-26,11.858786
2002-08-27,11.826206
2002-08-28,11.701322
2002-08-29,11.571009
2002-08-30,11.657888
2002-09-03,11.402683
2002-09-04,11.494987
2002-09-05,11.489563
2002-09-06,11.489563
2002-09-09,11.717610
2002-09-10,11.712185
2002-09-11,11.690463
2002-09-12,11.538427
2002-09-13,11.603588
2002-09-16,11.771911
2002-09-17,11.473273
2002-09-18,11.478703
2002-09-19,11.147485
2002-09-20,11.148569
2002-09-23,11.104855
2002-09-24,10.924506
2002-09-25,11.011948
2002-09-26,11.263337
2002-09-27,10.929976
2002-09-30,10.815207
2002-10-01,11.137639
2002-10-02,11.077531
2002-10-03,11.050204
2002-10-04,10.929976
2002-10-07,10.908110
2002-10-08,11.137639
2002-10-09,10.995557
2002-10-10,11.044737
2002-10-11,11.170440
2002-10-14,11.356245
2002-10-15,11.454610
2002-10-16,11.214152
2002-10-17,11.263337
2002-10-18,11.394496
2002-10-21,11.678678
2002-10-22,11.476471
2002-10-23,11.476471
2002-10-24,11.307055
2002-10-25,11.383573
2002-10-28,11.132178
2002-10-29,11.290661
2002-10-30,11.339849
2002-10-31,11.236012
2002-11-01,11.378101
2002-11-04,11.121250
2002-11-05,11.230547
2002-11-06,11.186825
2002-11-07,11.159505
2002-11-08,11.088459
2002-11-11,11.055665
2002-11-12,10.727774
2002-11-13,10.886256
2002-11-14,11.033810
2002-11-15,11.110322
2002-11-18,11.061131
2002-11-19,11.126710
2002-11-20,11.115781
2002-11-21,10.979154
2002-11-22,10.979154
2002-11-25,10.908110
2002-11-26,10.837065
2002-11-27,10.990089
2002-11-29,10.924506
2002-12-02,10.837065
2002-12-03,10.902651
2002-12-04,11.066600
2002-12-05,10.957299
2002-12-06,11.044737
2002-12-09,11.011948
2002-12-10,11.159505
2002-12-11,11.093925
2002-12-12,11.022877
2002-12-13,11.028342
2002-12-16,11.083002
2002-12-17,10.968228
2002-12-18,10.951834
2002-12-19,10.809744
2002-12-20,10.993798
2002-12-23,11.026768
2002-12-24,11.026768
2002-12-26,11.021271
2002-12-27,10.933361
2002-12-30,10.999293
2002-12-31,10.955340
2003-01-02,11.164120
2003-01-03,11.153126
2003-01-06,11.235542
2003-01-07,11.136649
2003-01-08,11.070714
2003-01-09,11.180605
2003-01-10,11.213569
2003-01-13,11.241031
2003-01-14,11.273994
2003-01-15,11.164120
2003-01-16,11.328943
2003-01-17,11.263013
2003-01-21,11.180605
2003-01-22,11.048741
2003-01-23,10.971823
2003-01-24,10.730083
2003-01-27,10.587231
2003-01-28,10.620196
2003-01-29,10.504819
2003-01-30,10.312523
2003-01-31,10.581738
2003-02-03,10.620196
2003-02-04,10.625690
2003-02-05,10.548773
2003-02-06,10.466361
2003-02-07,10.394934
2003-02-10,10.466361
2003-02-11,10.268572
2003-02-12,10.268572
2003-02-13,10.279559
2003-02-14,10.466361
2003-02-18,10.537784
2003-02-19,10.455371
2003-02-20,10.350983
2003-02-21,10.411418
2003-02-24,10.268572
2003-02-25,10.345486
2003-02-26,10.290546
2003-02-27,10.301535
2003-02-28,10.257578
2003-03-03,10.175170
2003-03-04,10.087267
2003-03-05,10.010344
2003-03-06,9.944415
2003-03-07,9.955401
2003-03-10,9.790580
2003-03-11,9.889475
2003-03-12,9.966393
2003-03-13,10.186155
2003-03-14,10.169677
2003-03-17,10.460865
2003-03-18,10.383947
2003-03-19,10.559760
2003-03-20,10.537784
2003-03-21,10.767046
2003-03-24,10.479777
2003-03-25,10.485305
2003-03-26,10.446630
2003-03-27,10.468731
2003-03-28,10.358240
2003-03-31,10.258802
2003-04-01,10.225657
2003-04-02,10.441109
2003-04-03,10.369288
2003-04-04,10.413485
2003-04-07,10.358240
2003-04-08,10.479777
2003-04-09,10.396913
2003-04-10,10.430057
2003-04-11,10.452154
2003-04-14,10.634460
2003-04-15,10.673129
2003-04-16,10.369288
2003-04-17,10.551597
2003-04-21,10.474257
2003-04-22,10.662080
2003-04-23,10.639988
2003-04-24,10.568164
2003-04-25,10.407959
2003-04-28,10.557118
2003-04-29,10.651033
2003-04-30,10.562641
2003-05-01,10.551597
2003-05-02,10.634460
2003-05-05,10.568164
2003-05-06,10.623408
2003-05-07,10.651033
2003-05-08,10.601315
2003-05-09,10.733900
2003-05-12,10.827818
2003-05-13,10.778097
2003-05-14,10.695230
2003-05-15,10.778097
2003-05-16,10.717323
2003-05-19,10.612358
2003-05-20,10.678655
2003-05-21,10.761521
2003-05-22,10.905153
2003-05-23,10.849909
2003-05-27,10.954872
2003-05-28,11.021173
2003-05-29,10.965924
2003-05-30,11.081936
2003-06-02,11.059840
2003-06-03,11.170326
2003-06-04,11.253193
2003-06-05,11.264241
2003-06-06,11.225574
2003-06-09,11.203472
2003-06-10,11.236619
2003-06-11,11.319484
2003-06-12,11.358156
2003-06-13,11.247663
2003-06-16,11.474170
2003-06-17,11.402354
2003-06-18,11.385779
2003-06-19,11.258715
2003-06-20,11.259828
2003-06-23,11.198784
2003-06-24,11.320873
2003-06-25,11.159942
2003-06-26,11.232082
2003-06-27,11.171034
2003-06-30,11.187684
2003-07-01,11.282021
2003-07-02,11.354166
2003-07-03,11.287570
2003-07-07,11.370814
2003-07-08,11.381915
2003-07-09,11.232082
2003-07-10,11.187684
2003-07-11,11.265378
2003-07-14,11.237626
2003-07-15,11.298668
2003-07-16,11.182134
2003-07-17,11.143291
2003-07-18,11.243181
2003-07-21,11.148839
2003-07-22,11.265378
2003-07-23,11.215433
2003-07-24,11.137746
2003-07-25,11.226528
2003-07-28,11.159942
2003-07-29,11.098897
2003-07-30,11.171034
2003-07-31,11.171034
2003-08-01,11.060046
2003-08-04,11.104441
2003-08-05,10.971252
2003-08-06,11.037847
2003-08-07,11.132188
2003-08-08,11.198784
2003-08-11,11.182134
2003-08-12,11.270926
2003-08-13,11.232082
2003-08-14,11.293124
2003-08-15,11.331974
2003-08-18,11.354166
2003-08-19,11.293124
2003-08-20,11.254273
2003-08-21,11.293124
2003-08-22,11.193236
2003-08-25,11.259828
2003-08-26,11.276479
2003-08-27,11.320873
2003-08-28,11.354166
2003-08-29,11.359718
2003-09-02,11.487354
2003-09-03,11.515101
2003-09-04,11.570595
2003-09-05,11.448503
2003-09-08,11.481803
2003-09-09,11.354166
2003-09-10,11.348618
2003-09-11,11.409663
2003-09-12,11.437411
2003-09-15,11.426304
2003-09-16,11.431865
2003-09-17,11.487354
2003-09-18,11.559492
2003-09-19,11.532213
2003-09-22,11.437545
2003-09-23,11.504367
2003-09-24,11.404132
2003-09-25,11.393001
2003-09-26,11.365156
2003-09-29,11.365156
2003-09-30,11.315044
2003-10-01,11.521071
2003-10-02,11.521071
2003-10-03,11.610168
2003-10-06,11.649147
2003-10-07,11.710403
2003-10-08,11.676989
2003-10-09,11.693695
2003-10-10,11.688128
2003-10-13,11.732671
2003-10-14,11.793923
2003-10-15,11.777220
2003-10-16,11.793923
2003-10-17,11.721535
2003-10-20,11.727104
2003-10-21,11.710403
2003-10-22,11.654715
2003-10-23,11.654715
2003-10-24,11.643576
2003-10-27,11.638010
2003-10-28,11.766089
2003-10-29,11.821772
2003-10-30,11.805066
2003-10-31,11.827343
2003-11-03,11.933141
2003-11-04,11.860744
2003-11-05,11.844045
2003-11-06,11.916434
2003-11-07,11.916434
2003-11-10,11.883024
2003-11-11,11.894159
2003-11-12,11.983256
2003-11-13,11.844045
2003-11-14,11.777220
2003-11-17,11.788358
2003-11-18,11.743809
2003-11-19,11.805066
2003-11-20,11.721535
2003-11-21,11.749377
2003-11-24,11.910867
2003-11-25,11.938711
2003-11-26,11.922001
2003-11-28,11.966547
2003-12-01,11.944275
2003-12-02,11.838481
2003-12-03,11.844045
2003-12-04,11.894159
2003-12-05,11.855181
2003-12-08,11.883024
2003-12-09,11.838481
2003-12-10,11.849610
2003-12-11,11.844045
2003-12-12,11.922001
2003-12-15,11.844045
2003-12-16,11.960984
2003-12-17,11.949840
2003-12-18,12.011097
2003-12-19,11.966919
2003-12-22,12.034023
2003-12-23,12.039609
2003-12-24,12.000464
2003-12-26,12.011658
2003-12-29,12.089943
2003-12-30,12.106722
2003-12-31,12.179412
2004-01-02,12.034023
2004-01-05,12.112316
2004-01-06,12.140270
2004-01-07,12.089943
2004-01-08,12.073166
2004-01-09,11.983697
2004-01-12,12.039609
2004-01-13,12.022840
2004-01-14,12.067577
2004-01-15,12.078755
2004-01-16,12.073166
2004-01-20,12.034023
2004-01-21,12.084352
2004-01-22,12.045207
2004-01-23,12.145865
2004-01-26,12.263291
2004-01-27,12.201788
2004-01-28,12.078755
2004-01-29,12.246515
2004-01-30,12.179412
2004-02-02,12.229737
2004-02-03,12.291256
2004-02-04,12.363952
2004-02-05,12.442244
2004-02-06,12.537300
2004-02-09,12.554087
2004-02-10,12.604415
2004-02-11,12.587632
2004-02-12,12.609998
2004-02-13,12.531711
2004-02-17,12.643557
2004-02-18,12.626778
2004-02-19,12.688287
2004-02-20,12.788944
2004-02-23,12.861645
2004-02-24,12.783353
2004-02-25,12.822496
2004-02-26,12.822496
2004-02-27,12.872828
2004-03-01,13.018224
2004-03-02,12.889605
2004-03-03,12.956711
2004-03-04,12.928747
2004-03-05,12.934336
2004-03-08,12.928747
2004-03-09,12.928747
2004-03-10,12.895192
2004-03-11,12.649147
2004-03-12,12.649147
2004-03-15,12.526117
2004-03-16,12.548491
2004-03-17,12.699474
2004-03-18,12.693883
2004-03-19,12.666940
2004-03-22,12.498576
2004-03-23,12.476118
2004-03-24,12.509795
2004-03-25,12.683780
2004-03-26,12.610816
2004-03-29,12.762345
2004-03-30,12.840921
2004-03-31,12.840921
2004-04-01,12.790405
2004-04-02,12.807251
2004-04-05,12.852148
2004-04-06,12.913884
2004-04-07,12.880206
2004-04-08,12.812859
2004-04-12,12.863373
2004-04-13,12.734288
2004-04-14,12.824091
2004-04-15,12.863373
2004-04-16,12.953169
2004-04-19,12.992454
2004-04-20,12.891440
2004-04-21,12.919500
2004-04-22,13.048579
2004-04-23,13.059801
2004-04-26,13.031737
2004-04-27,13.065417
2004-04-28,12.913884
2004-04-29,12.981228
2004-04-30,13.009291
2004-05-03,13.087866
2004-05-04,13.031737
2004-05-05,13.054192
2004-05-06,12.998072
2004-05-07,12.874599
2004-05-10,12.812859
2004-05-11,12.790405
2004-05-12,12.723065
2004-05-13,12.700614
2004-05-14,12.751126
2004-05-17,12.666940
2004-05-18,12.739906
2004-05-19,12.672557
2004-05-20,12.717454
2004-05-21,12.723065
2004-05-24,12.672557
2004-05-25,12.824091
2004-05-26,12.835311
2004-05-27,12.986845
2004-05-28,12.936330
2004-06-01,12.936330
2004-06-02,13.042967
2004-06-03,13.014904
2004-06-04,13.037358
2004-06-07,13.149595
2004-06-08,13.211335
2004-06-09,13.160823
2004-06-10,13.160823
2004-06-14,13.093474
2004-06-15,13.155211
2004-06-16,13.138375
2004-06-17,13.087866
2004-06-18,13.086180
2004-06-21,13.069275
2004-06-22,13.074907
2004-06-23,13.091806
2004-06-24,13.041107
2004-06-25,12.917174
2004-06-28,12.917174
2004-06-29,12.928439
2004-06-30,13.007310
2004-07-01,12.877741
2004-07-02,12.877741
2004-07-06,12.883376
2004-07-07,12.894639
2004-07-08,12.877741
2004-07-09,12.911542
2004-07-12,12.928439
2004-07-13,12.945340
2004-07-14,12.939716
2004-07-15,12.855209
2004-07-16,12.849573
2004-07-19,12.855209
2004-07-20,12.860839
2004-07-21,12.686213
2004-07-22,12.646785
2004-07-23,12.460888
2004-07-26,12.415812
2004-07-27,12.545379
2004-07-28,12.511577
2004-07-29,12.365112
2004-07-30,12.365112
2004-08-02,12.489041
2004-08-03,12.438340
2004-08-04,12.466512
2004-08-05,12.320041
2004-08-06,12.167937
2004-08-09,12.213012
2004-08-10,12.308778
2004-08-11,12.404544
2004-08-12,12.376380
2004-08-13,12.432703
2004-08-16,12.511577
2004-08-17,12.522837
2004-08-18,12.607346
2004-08-19,12.545379
2004-08-20,12.601705
2004-08-23,12.556642
2004-08-24,12.562279
2004-08-25,12.635514
2004-08-26,12.658038
2004-08-27,12.635514
2004-08-30,12.573539
2004-08-31,12.584807
2004-09-01,12.584807
2004-09-02,12.731275
2004-09-03,12.787611
2004-09-07,12.787611
2004-09-08,12.652406
2004-09-09,12.601705
2004-09-10,12.612977
2004-09-13,12.624239
2004-09-14,12.629873
2004-09-15,12.505944
2004-09-16,12.438340
2004-09-17,12.496616
2004-09-20,12.287300
2004-09-21,12.242041
2004-09-22,12.145868
2004-09-23,12.191130
2004-09-24,12.179816
2004-09-27,12.128898
2004-09-28,12.191130
2004-09-29,12.225077
2004-09-30,12.253354
2004-10-01,12.377809
2004-10-04,12.349529
2004-10-05,12.349529
2004-10-06,12.406096
2004-10-07,12.309923
2004-10-08,12.225077
2004-10-11,12.219404
2004-10-12,12.185473
2004-10-13,12.134562
2004-10-14,12.089302
2004-10-15,12.168498
2004-10-18,12.213755
2004-10-19,12.140210
2004-10-20,12.174158
2004-10-21,12.174158
2004-10-22,12.094954
2004-10-25,12.027074
2004-10-26,12.157187
2004-10-27,12.287300
2004-10-28,12.343872
2004-10-29,12.332555
2004-11-01,12.304271
2004-11-02,12.383471
2004-11-03,12.479641
2004-11-04,12.813416
2004-11-05,12.869990
2004-11-08,12.847359
2004-11-09,12.841699
2004-11-10,12.858667
2004-11-11,12.954843
2004-11-12,12.994442
2004-11-15,13.034044
2004-11-16,12.949184
2004-11-17,12.960498
2004-11-18,12.954843
2004-11-19,12.813416
2004-11-22,12.898267
2004-11-23,12.869990
2004-11-24,12.864322
2004-11-26,12.864322
2004-11-29,12.734211
2004-11-30,12.638041
2004-12-01,12.807758
2004-12-02,12.926560
2004-12-03,12.903926
2004-12-06,12.819074
2004-12-07,12.785128
2004-12-08,12.790786
2004-12-09,12.937872
2004-12-10,12.960498
2004-12-13,12.988790
2004-12-14,13.107588
2004-12-15,13.101930
2004-12-16,13.067983
2004-12-17,12.968571
2004-12-20,12.974254
2004-12-21,13.065137
2004-12-22,13.116268
2004-12-23,13.087870
2004-12-27,13.076506
2004-12-28,13.156028
2004-12-29,13.127625
2004-12-30,13.156028
2004-12-31,13.110598
2005-01-03,13.110598
2005-01-04,13.065137
2005-01-05,12.996975
2005-01-06,13.059464
2005-01-07,13.121947
2005-01-10,13.201472
2005-01-11,13.144675
2005-01-12,13.184429
2005-01-13,13.099221
2005-01-14,13.173074
2005-01-18,13.309402
2005-01-19,13.286678
2005-01-20,13.275321
2005-01-21,13.161713
2005-01-24,13.110598
2005-01-25,13.161713
2005-01-26,13.150355
2005-01-27,13.224195
2005-01-28,13.229881
2005-01-31,13.263957
2005-02-01,13.269641
2005-02-02,13.377571
2005-02-03,13.354849
2005-02-04,13.428693
2005-02-07,13.400294
2005-02-08,13.417334
2005-02-09,13.298042
2005-02-10,13.292365
2005-02-11,13.371891
2005-02-14,13.377571
2005-02-15,13.400294
2005-02-16,13.434378
2005-02-17,13.349167
2005-02-18,13.332122
2005-02-22,13.133307
2005-02-23,13.167390
2005-02-24,13.229881
2005-02-25,13.275321
2005-02-28,13.246918
2005-03-01,13.354849
2005-03-02,13.320762
2005-03-03,13.411654
2005-03-04,13.479822
2005-03-07,13.440063
2005-03-08,13.377571
2005-03-09,13.281003
2005-03-10,13.309402
2005-03-11,13.207158
2005-03-14,13.246918
2005-03-15,13.167390
2005-03-16,13.133307
2005-03-17,13.178755
2005-03-18,13.136542
2005-03-21,13.062387
2005-03-22,12.988241
2005-03-23,13.073800
2005-03-24,13.068091
2005-03-28,13.079502
2005-03-29,13.050983
2005-03-30,13.222103
2005-03-31,13.130833
2005-04-01,13.005344
2005-04-04,13.079502
2005-04-05,13.176472
2005-04-06,13.142255
2005-04-07,13.233514
2005-04-08,13.170764
2005-04-11,13.204991
2005-04-12,13.256328
2005-04-13,13.193581
2005-04-14,13.165064
2005-04-15,13.039573
2005-04-18,12.954013
2005-04-19,12.988241
2005-04-20,12.822821
2005-04-21,13.039573
2005-04-22,12.902676
2005-04-25,13.039573
2005-04-26,12.942606
2005-04-27,12.988241
2005-04-28,12.959717
2005-04-29,12.993940
2005-05-02,13.090912
2005-05-03,13.147951
2005-05-04,13.233514
2005-05-05,13.210695
2005-05-06,13.159357
2005-05-09,13.239215
2005-05-10,13.165064
2005-05-11,13.210695
2005-05-12,13.147951
2005-05-13,13.033871
2005-05-16,13.159357
2005-05-17,13.227813
2005-05-18,13.353299
2005-05-19,13.433152
2005-05-20,13.416046
2005-05-23,13.438861
2005-05-24,13.416046
2005-05-25,13.370415
2005-05-26,13.381817
2005-05-27,13.341893
2005-05-31,13.296257
2005-06-01,13.387524
2005-06-02,13.421755
2005-06-03,13.313373
2005-06-06,13.319074
2005-06-07,13.370415
2005-06-08,13.336185
2005-06-09,13.341893
2005-06-10,13.330480
2005-06-13,13.376110
2005-06-14,13.353299
2005-06-15,13.358998
2005-06-16,13.319074
2005-06-17,13.354606
2005-06-20,13.348883
2005-06-21,13.320218
2005-06-22,13.331686
2005-06-23,13.165464
2005-06-24,13.033648
2005-06-27,13.022176
2005-06-28,13.188392
2005-06-29,13.154004
2005-06-30,13.039370
2005-07-01,13.085225
2005-07-05,13.159731
2005-07-06,13.033648
2005-07-07,13.010716
2005-07-08,13.182661
2005-07-11,13.257172
2005-07-12,13.268633
2005-07-13,13.320218
2005-07-14,13.394732
2005-07-15,13.388996
2005-07-18,13.325955
2005-07-19,13.303023
2005-07-20,13.354606
2005-07-21,13.303023
2005-07-22,13.343145
2005-07-25,13.297297
2005-07-26,13.366074
2005-07-27,13.400461
2005-07-28,13.515097
2005-07-29,13.457778
2005-08-01,13.388996
2005-08-02,13.434855
2005-08-03,13.463509
2005-08-04,13.348883
2005-08-05,13.262904
2005-08-08,13.239980
2005-08-09,13.262904
2005-08-10,13.239980
2005-08-11,13.274370
2005-08-12,13.228517
2005-08-15,13.291566
2005-08-16,13.159731
2005-08-17,13.154004
2005-08-18,13.303023
2005-08-19,13.285830
2005-08-22,13.325955
2005-08-23,13.291566
2005-08-24,13.171199
2005-08-25,13.188392
2005-08-26,13.154004
2005-08-29,13.245709
2005-08-30,13.176933
2005-08-31,13.222782
2005-09-01,13.205599
2005-09-02,13.228517
2005-09-06,13.371801
2005-09-07,13.383265
2005-09-08,13.331686
2005-09-09,13.388996
2005-09-12,13.417659
2005-09-13,13.291566
2005-09-14,13.205599
2005-09-15,13.257172
2005-09-16,13.294614
2005-09-19,13.213975
2005-09-20,13.133325
2005-09-21,12.972038
2005-09-22,13.069967
2005-09-23,13.092999
2005-09-26,13.046921
2005-09-27,13.185166
2005-09-28,13.202450
2005-09-29,13.317651
2005-09-30,13.409816
2005-10-03,13.392542
2005-10-04,13.334935
2005-10-05,13.242773
2005-10-06,13.167892
2005-10-07,13.156368
2005-10-10,13.110291
2005-10-11,13.110291
2005-10-12,13.064204
2005-10-13,13.029642
2005-10-14,13.104527
2005-10-17,13.248533
2005-10-18,13.150612
2005-10-19,13.288855
2005-10-20,13.185166
2005-10-21,13.173653
2005-10-24,13.288855
2005-10-25,13.242773
2005-10-26,13.202450
2005-10-27,13.075728
2005-10-28,13.294614
2005-10-31,13.346456
2005-11-01,13.271578
2005-11-02,13.306135
2005-11-03,13.357978
2005-11-04,13.352219
2005-11-07,13.381015
2005-11-08,13.340699
2005-11-09,13.363736
2005-11-10,13.519261
2005-11-11,13.536547
2005-11-14,13.484699
2005-11-15,13.415586
2005-11-16,13.450143
2005-11-17,13.444380
2005-11-18,13.478944
2005-11-21,13.496226
2005-11-22,13.588385
2005-11-23,13.640227
2005-11-25,13.651750
2005-11-28,13.588385
2005-11-29,13.576867
2005-11-30,13.467420
2005-12-01,13.559587
2005-12-02,13.553827
2005-12-05,13.501978
2005-12-06,13.490461
2005-12-07,13.455899
2005-12-08,13.432857
2005-12-09,13.455899
2005-12-12,13.484699
2005-12-13,13.651750
2005-12-14,13.766952
2005-12-15,13.789991
2005-12-16,13.778417
2005-12-19,13.755263
2005-12-20,13.674207
2005-12-21,13.714731
2005-12-22,13.726311
2005-12-23,13.703156
2005-12-27,13.610527
2005-12-28,13.627897
2005-12-29,13.593162
2005-12-30,13.483171
2006-01-03,13.570000
2006-01-04,13.616318
2006-01-05,13.546846
2006-01-06,13.604736
2006-01-09,13.668420
2006-01-10,13.633682
2006-01-11,13.645264
2006-01-12,13.610527
2006-01-13,13.593162
2006-01-17,13.541058
2006-01-18,13.598944
2006-01-19,13.610527
2006-01-20,13.413694
2006-01-23,13.425272
2006-01-24,13.471581
2006-01-25,13.483171
2006-01-26,13.512113
2006-01-27,13.622106
2006-01-30,13.570000
2006-01-31,13.506323
2006-02-01,13.541058
2006-02-02,13.535267
2006-02-03,13.448425
2006-02-06,13.419484
2006-02-07,13.355801
2006-02-08,13.413694
2006-02-09,13.454210
2006-02-10,13.436852
2006-02-13,13.419484
2006-02-14,13.587372
2006-02-15,13.674207
2006-02-16,13.737892
2006-02-17,13.680000
2006-02-21,13.662637
2006-02-22,13.772624
2006-02-23,13.778417
2006-02-24,13.708941
2006-02-27,13.807362
2006-02-28,13.622106
2006-03-01,13.674207
2006-03-02,13.598944
2006-03-03,13.633682
2006-03-06,13.587372
2006-03-07,13.680000
2006-03-08,13.830519
2006-03-09,13.853677
2006-03-10,13.981039
2006-03-13,13.992617
2006-03-14,13.957886
2006-03-15,13.905772
2006-03-16,13.952095
2006-03-17,13.943944
2006-03-20,14.025421
2006-03-21,13.932308
2006-03-22,14.060342
2006-03-23,13.955588
2006-03-24,13.955588
2006-03-27,13.909021
2006-03-28,13.798451
2006-03-29,13.897389
2006-03-30,13.786816
2006-03-31,13.734445
2006-04-03,13.780993
2006-04-04,13.769359
2006-04-05,13.798451
2006-04-06,13.746077
2006-04-07,13.623862
2006-04-10,13.641315
2006-04-11,13.513285
2006-04-12,13.559852
2006-04-13,13.536565
2006-04-17,13.460908
2006-04-18,13.588943
2006-04-19,13.606399
2006-04-20,13.629677
2006-04-21,13.629677
2006-04-24,13.687877
2006-04-25,13.687877
2006-04-26,13.815907
2006-04-27,13.833370
2006-04-28,13.868286
2006-05-01,13.862474
2006-05-02,13.943944
2006-05-03,13.850824
2006-05-04,13.874115
2006-05-05,14.002145
2006-05-08,14.077797
2006-05-09,14.118535
2006-05-10,14.060342
2006-05-11,13.885751
2006-05-12,13.775176
2006-05-15,13.926483
2006-05-16,13.978863
2006-05-17,13.804275
2006-05-18,13.734445
2006-05-19,13.746077
2006-05-22,13.786816
2006-05-23,13.780993
2006-05-24,13.885751
2006-05-25,14.019597
2006-05-26,14.019597
2006-05-30,13.845016
2006-05-31,13.897389
2006-06-01,13.973041
2006-06-02,13.943944
2006-06-05,13.746077
2006-06-06,13.786816
2006-06-07,13.780993
2006-06-08,13.827548
2006-06-09,13.839192
2006-06-12,13.757711
2006-06-13,13.711160
2006-06-14,13.769359
2006-06-15,13.879927
2006-06-16,13.895729
2006-06-19,13.843077
2006-06-20,13.942528
2006-06-21,13.995192
2006-06-22,13.971790
2006-06-23,13.924982
2006-06-26,14.001047
2006-06-27,13.936680
2006-06-28,14.001047
2006-06-29,14.223372
2006-06-30,14.153159
2006-07-03,14.235076
2006-07-05,14.118055
2006-07-06,14.281883
2006-07-07,14.252631
2006-07-10,14.340388
2006-07-11,14.416451
2006-07-12,14.299437
2006-07-13,14.182416
2006-07-14,14.042000
2006-07-17,14.077105
2006-07-18,14.141462
2006-07-19,14.316991
2006-07-20,14.328693
2006-07-21,14.299437
2006-07-24,14.404746
2006-07-25,14.474959
2006-07-26,14.404746
2006-07-27,14.311136
2006-07-28,14.445704
2006-07-31,14.375496
2006-08-01,14.305285
2006-08-02,14.434001
2006-08-03,14.469103
2006-08-04,14.474959
2006-08-07,14.439852
2006-08-08,14.504209
2006-08-09,14.410605
2006-08-10,14.562717
2006-08-11,14.533474
2006-08-14,14.562717
2006-08-15,14.656329
2006-08-16,14.673887
2006-08-17,14.650483
2006-08-18,14.738245
2006-08-21,14.773347
2006-08-22,14.761648
2006-08-23,14.714838
2006-08-24,14.790905
2006-08-25,14.767500
2006-08-28,14.826008
2006-08-29,14.878667
2006-08-30,14.919623
2006-08-31,14.931322
2006-09-01,15.013237
2006-09-05,14.960581
2006-09-06,14.919623
2006-09-07,14.866966
2006-09-08,14.943025
2006-09-11,15.054196
2006-09-12,15.060038
2006-09-13,14.948882
2006-09-14,15.024940
2006-09-15,15.041401
2006-09-18,14.982599
2006-09-19,15.017880
2006-09-20,15.106085
2006-09-21,14.970837
2006-09-22,14.982599
2006-09-25,14.888521
2006-09-26,14.906152
2006-09-27,15.000238
2006-09-28,14.964960
2006-09-29,14.923800
2006-10-02,14.823837
2006-10-03,14.841477
2006-10-04,15.000238
2006-10-05,14.941442
2006-10-06,14.859119
2006-10-09,14.912033
2006-10-10,14.859119
2006-10-11,14.882641
2006-10-12,14.906152
2006-10-13,14.876760
2006-10-16,14.900276
2006-10-17,14.870874
2006-10-18,14.929677
2006-10-19,14.964960
2006-10-20,15.017880
2006-10-23,15.164884
2006-10-24,15.117840
2006-10-25,15.217804
2006-10-26,15.317770
2006-10-27,15.264845
2006-10-30,15.200163
2006-10-31,15.188399
2006-11-01,15.070794
2006-11-02,15.047291
2006-11-03,14.976723
2006-11-06,15.029640
2006-11-07,15.053163
2006-11-08,15.106085
2006-11-09,15.017880
2006-11-10,15.023767
2006-11-13,14.976723
2006-11-14,15.017880
2006-11-15,15.094327
2006-11-16,15.200163
2006-11-17,15.223684
2006-11-20,15.176648
2006-11-21,15.153130
2006-11-22,15.188399
2006-11-24,15.129607
2006-11-27,14.941442
2006-11-28,15.006120
2006-11-29,15.135481
2006-11-30,15.059038
2006-12-01,15.011992
2006-12-04,15.229561
2006-12-05,15.311888
2006-12-06,15.329527
2006-12-07,15.300126
2006-12-08,15.329527
2006-12-11,15.358925
2006-12-12,15.323639
2006-12-13,15.317770
2006-12-14,15.376568
2006-12-15,15.401392
2006-12-18,15.389568
2006-12-19,15.401392
2006-12-20,15.413214
2006-12-21,15.419126
2006-12-22,15.407300
2006-12-26,15.466402
2006-12-27,15.519597
2006-12-28,15.513680
2006-12-29,15.436852
2007-01-03,15.537328
2007-01-04,15.560963
2007-01-05,15.448675
2007-01-08,15.472313
2007-01-09,15.507772
2007-01-10,15.572791
2007-01-11,15.690983
2007-01-12,15.667347
2007-01-16,15.679156
2007-01-17,15.726438
2007-01-18,15.702806
2007-01-19,15.726438
2007-01-22,15.708712
2007-01-23,15.738258
2007-01-24,15.797362
2007-01-25,15.696892
2007-01-26,15.655517
2007-01-29,15.696892
2007-01-30,15.685071
2007-01-31,15.750081
2007-02-01,15.809180
2007-02-02,15.838724
2007-02-05,15.785537
2007-02-06,15.761896
2007-02-07,15.726438
2007-02-08,15.696892
2007-02-09,15.673244
2007-02-12,15.637790
2007-02-13,15.690983
2007-02-14,15.785537
2007-02-15,15.880099
2007-02-16,15.903743
2007-02-20,15.986485
2007-02-21,15.897830
2007-02-22,15.838724
2007-02-23,15.850552
2007-02-26,15.844637
2007-02-27,15.484131
2007-02-28,15.507772
2007-03-01,15.543232
2007-03-02,15.300923
2007-03-05,15.247733
2007-03-06,15.365935
2007-03-07,15.306827
2007-03-08,15.448675
2007-03-09,15.495952
2007-03-12,15.513680
2007-03-13,15.218178
2007-03-14,15.247733
2007-03-15,15.442759
2007-03-16,15.400591
2007-03-19,15.501562
2007-03-20,15.650057
2007-03-21,15.798528
2007-03-22,15.875736
2007-03-23,15.911369
2007-03-26,15.798528
2007-03-27,15.727252
2007-03-28,15.697552
2007-03-29,15.786654
2007-03-30,15.828221
2007-04-02,15.869798
2007-04-03,15.976702
2007-04-04,16.047970
2007-04-05,16.089556
2007-04-09,16.047970
2007-04-10,16.125189
2007-04-11,16.018276
2007-04-12,16.036093
2007-04-13,16.089556
2007-04-16,16.125189
2007-04-17,16.273672
2007-04-18,16.232105
2007-04-19,16.243971
2007-04-20,16.392454
2007-04-23,16.356823
2007-04-24,16.350880
2007-04-25,16.434027
2007-04-26,16.368696
2007-04-27,16.333063
2007-04-30,16.273672
2007-05-01,16.208336
2007-05-02,16.214273
2007-05-03,16.273672
2007-05-04,16.273672
2007-05-07,16.303364
2007-05-08,16.190514
2007-05-09,16.214273
2007-05-10,16.113306
2007-05-11,16.154886
2007-05-14,16.095493
2007-05-15,16.202398
2007-05-16,16.368696
2007-05-17,16.327124
2007-05-18,16.445911
2007-05-21,16.321186
2007-05-22,16.350880
2007-05-23,16.303364
2007-05-24,16.232105
2007-05-25,16.333063
2007-05-29,16.392454
2007-05-30,16.469662
2007-05-31,16.493425
2007-06-01,16.570631
2007-06-04,16.630028
2007-06-05,16.529057
2007-06-06,16.422146
2007-06-07,16.214273
2007-06-08,16.309303
2007-06-11,16.398396
2007-06-12,16.243971
2007-06-13,16.368696
2007-06-14,16.392454
2007-06-15,16.427711
2007-06-18,16.344057
2007-06-19,16.224529
2007-06-20,16.206606
2007-06-21,16.254416
2007-06-22,16.164782
2007-06-25,16.093067
2007-06-26,16.051229
2007-06-27,16.176720
2007-06-28,16.146849
2007-06-29,16.164782
2007-07-02,16.296240
2007-07-03,16.290262
2007-07-05,16.278315
2007-07-06,16.373932
2007-07-09,16.373932
2007-07-10,16.224529
2007-07-11,16.302217
2007-07-12,16.439663
2007-07-13,16.553207
2007-07-16,16.487474
2007-07-17,16.409786
2007-07-18,16.415766
2007-07-19,16.469549
2007-07-20,16.373932
2007-07-23,16.373932
2007-07-24,16.254416
2007-07-25,16.254416
2007-07-26,16.015373
2007-07-27,15.800243
2007-07-30,15.836106
2007-07-31,15.704628
2007-08-01,15.937692
2007-08-02,15.955626
2007-08-03,15.925732
2007-08-06,16.338072
2007-08-07,16.296240
2007-08-08,16.583080
2007-08-09,16.284288
2007-08-10,16.194654
2007-08-13,16.146849
2007-08-14,15.889880
2007-08-15,15.806214
2007-08-16,15.848050
2007-08-17,15.925732
2007-08-20,16.045254
2007-08-21,16.045254
2007-08-22,16.087090
2007-08-23,16.093067
2007-08-24,16.206606
2007-08-27,16.134893
2007-08-28,15.949643
2007-08-29,16.087090
2007-08-30,16.033304
2007-08-31,16.075144
2007-09-04,16.248434
2007-09-05,16.099043
2007-09-06,16.057207
2007-09-07,15.985501
2007-09-10,16.027323
2007-09-11,16.134893
2007-09-12,16.218546
2007-09-13,16.266365
2007-09-14,16.361980
2007-09-17,16.266365
2007-09-18,16.583080
2007-09-19,16.595041
2007-09-20,16.612961
2007-09-21,16.621376
2007-09-24,16.609356
2007-09-25,16.585320
2007-09-26,16.699499
2007-09-27,16.759586
2007-09-28,16.813671
2007-10-01,16.765600
2007-10-02,16.771610
2007-10-03,16.729548
2007-10-04,16.765600
2007-10-05,16.825687
2007-10-08,16.717527
2007-10-09,16.813671
2007-10-10,16.885788
2007-10-11,16.927845
2007-10-12,16.963909
2007-10-15,16.909822
2007-10-16,16.837713
2007-10-17,16.897800
2007-10-18,16.837713
2007-10-19,16.663443
2007-10-22,16.771610
2007-10-23,16.825687
2007-10-24,16.777613
2007-10-25,16.915825
2007-10-26,17.030001
2007-10-29,17.036013
2007-10-30,16.963909
2007-10-31,17.072075
2007-11-01,16.735559
2007-11-02,16.843721
2007-11-05,16.867754
2007-11-06,16.981932
2007-11-07,16.795643
2007-11-08,16.915825
2007-11-09,16.753578
2007-11-12,16.765600
2007-11-13,17.017990
2007-11-14,17.102116
2007-11-15,17.090090
2007-11-16,17.168207
2007-11-19,17.048025
2007-11-20,17.186241
2007-11-21,16.975925
2007-11-23,17.150188
2007-11-26,16.975925
2007-11-27,17.156200
2007-11-28,17.426615
2007-11-29,17.516747
2007-11-30,17.540779
2007-12-03,17.474680
2007-12-04,17.450649
2007-12-05,17.522751
2007-12-06,17.516747
2007-12-07,17.703033
2007-12-10,17.721064
2007-12-11,17.528767
2007-12-12,17.576839
2007-12-13,17.654951
2007-12-14,17.438618
2007-12-17,17.318441
2007-12-18,17.240326
2007-12-19,17.384541
2007-12-20,17.306421
2007-12-21,17.721375
2007-12-24,17.697212
2007-12-26,17.636808
2007-12-27,17.467686
2007-12-28,17.534134
2007-12-31,17.395210
2008-01-02,17.147570
2008-01-03,17.056974
2008-01-04,16.984491
2008-01-07,17.183817
2008-01-08,17.056974
2008-01-09,17.286491
2008-01-10,17.316694
2008-01-11,17.075102
2008-01-14,17.002609
2008-01-15,16.821415
2008-01-16,16.761015
2008-01-17,16.640213
2008-01-18,16.398617
2008-01-22,16.229488
2008-01-23,16.428816
2008-01-24,16.350288
2008-01-25,16.126814
2008-01-28,16.253656
2008-01-29,16.301970
2008-01-30,16.187208
2008-01-31,16.428816
2008-02-01,16.591888
2008-02-04,16.489208
2008-02-05,16.265738
2008-02-06,16.199295
2008-02-07,16.368414
2008-02-08,16.187208
2008-02-11,16.392572
2008-02-12,16.610008
2008-02-13,16.531496
2008-02-14,16.446938
2008-02-15,16.519417
2008-02-19,16.785175
2008-02-20,16.428816
2008-02-21,16.489208
2008-02-22,16.670414
2008-02-25,16.694571
2008-02-26,16.899929
2008-02-27,16.670414
2008-02-28,16.700607
2008-02-29,16.386536
2008-03-03,16.549618
2008-03-04,16.537537
2008-03-05,16.579807
2008-03-06,16.428816
2008-03-07,16.350288
2008-03-10,16.265738
2008-03-11,16.610008
2008-03-12,16.567732
2008-03-13,16.567732
2008-03-14,16.283852
2008-03-17,16.193251
2008-03-18,16.489208
2008-03-19,16.579807
2008-03-20,16.771700
2008-03-24,16.959942
2008-03-25,17.002441
2008-03-26,16.862785
2008-03-27,16.947796
2008-03-28,16.929579
2008-03-31,16.917433
2008-04-01,17.123888
2008-04-02,17.129955
2008-04-03,17.081377
2008-04-04,17.227119
2008-04-07,17.117817
2008-04-08,17.111746
2008-04-09,16.941719
2008-04-10,16.984228
2008-04-11,16.874922
2008-04-14,16.868855
2008-04-15,16.972092
2008-04-16,17.069241
2008-04-17,17.093527
2008-04-18,16.978157
2008-04-21,17.026733
2008-04-22,16.923500
2008-04-23,17.032804
2008-04-24,17.057089
2008-04-25,16.959942
2008-04-28,17.063171
2008-04-29,17.081377
2008-04-30,16.789911
2008-05-01,17.093527
2008-05-02,17.069241
2008-05-05,17.008514
2008-05-06,17.117817
2008-05-07,16.953865
2008-05-08,17.002441
2008-05-09,16.905281
2008-05-12,17.093527
2008-05-13,17.032804
2008-05-14,17.099600
2008-05-15,17.306059
2008-05-16,17.299986
2008-05-19,17.397141
2008-05-20,17.136030
2008-05-21,16.959942
2008-05-22,17.142111
2008-05-23,17.051022
2008-05-27,17.099600
2008-05-28,17.123888
2008-05-29,17.190689
2008-05-30,17.299986
2008-06-02,17.148180
2008-06-03,17.239264
2008-06-04,17.227119
2008-06-05,17.403214
2008-06-06,16.972092
2008-06-09,17.032804
2008-06-10,17.063171
2008-06-11,16.972092
2008-06-12,17.087456
2008-06-13,17.075314
2008-06-16,16.893145
2008-06-17,16.838493
2008-06-18,16.650246
2008-06-19,16.704906
2008-06-20,16.515228
2008-06-23,16.454248
2008-06-24,16.509130
2008-06-25,16.881157
2008-06-26,16.368860
2008-06-27,16.198099
2008-06-30,16.313974
2008-07-01,16.295687
2008-07-02,16.277388
2008-07-03,16.265182
2008-07-07,16.429850
2008-07-08,16.643305
2008-07-09,16.478643
2008-07-10,16.600616
2008-07-11,16.423754
2008-07-14,16.435949
2008-07-15,16.405457
2008-07-16,16.612818
2008-07-17,16.643305
2008-07-18,16.362764
2008-07-21,16.326174
2008-07-22,16.612818
2008-07-23,16.728683
2008-07-24,16.625008
2008-07-25,16.533527
2008-07-28,16.393259
2008-07-29,16.777477
2008-07-30,16.972630
2008-07-31,16.710390
2008-08-01,16.679890
2008-08-04,16.832357
2008-08-05,17.125099
2008-08-06,17.308058
2008-08-07,16.972630
2008-08-08,17.326361
2008-08-11,17.478823
2008-08-12,17.600807
2008-08-13,17.423933
2008-08-14,17.503220
2008-08-15,17.673988
2008-08-18,17.600807
2008-08-19,17.362946
2008-08-20,17.369051
2008-08-21,17.179993
2008-08-22,17.491022
2008-08-25,17.210484
2008-08-26,17.143396
2008-08-27,17.222673
2008-08-28,17.332453
2008-08-29,17.161694
2008-09-02,17.350756
2008-09-03,17.222673
2008-09-04,17.112900
2008-09-05,17.271475
2008-09-08,17.637396
2008-09-09,17.545906
2008-09-10,17.667883
2008-09-11,17.741066
2008-09-12,17.777658
2008-09-15,17.564196
2008-09-16,17.564196
2008-09-17,16.936041
2008-09-18,17.045816
2008-09-19,17.008362
2008-09-22,16.916258
2008-09-23,16.689074
2008-09-24,16.658371
2008-09-25,17.069763
2008-09-26,17.008362
2008-09-29,16.369783
2008-09-30,16.946959
2008-10-01,17.069763
2008-10-02,16.854855
2008-10-03,16.719772
2008-10-06,16.234701
2008-10-07,15.718916
2008-10-08,15.289107
2008-10-09,14.368080
2008-10-10,14.490879
2008-10-13,15.166294
2008-10-14,15.197007
2008-10-15,14.675083
2008-10-16,14.816310
2008-10-17,14.926836
2008-10-20,15.049638
2008-10-21,14.908414
2008-10-22,14.675083
2008-10-23,14.736484
2008-10-24,13.999663
2008-10-27,13.643537
2008-10-28,14.582987
2008-10-29,14.300535
2008-10-30,14.902277
2008-10-31,14.810174
2008-11-03,15.037357
2008-11-04,15.258401
2008-11-05,14.988242
2008-11-06,14.828588
2008-11-07,14.896134
2008-11-10,14.939117
2008-11-11,14.601403
2008-11-12,14.288255
2008-11-13,14.859296
2008-11-14,14.417199
2008-11-17,14.226852
2008-11-18,14.325094
2008-11-19,13.956682
2008-11-20,13.471605
2008-11-21,14.116326
2008-11-24,14.294398
2008-11-25,14.374218
2008-11-26,14.558418
2008-11-28,14.779468
2008-12-01,13.962828
2008-12-02,14.165450
2008-12-03,14.337371
2008-12-04,14.153163
2008-12-05,14.552282
2008-12-08,14.638247
2008-12-09,14.355797
2008-12-10,14.349654
2008-12-11,14.190011
2008-12-12,14.208434
2008-12-15,14.196155
2008-12-16,14.527719
2008-12-17,14.454039
2008-12-18,14.503156
2008-12-19,14.385501
2008-12-22,14.422656
2008-12-23,14.304993
2008-12-24,14.428850
2008-12-26,14.441225
2008-12-29,14.410268
2008-12-30,14.639390
2008-12-31,14.781831
2009-01-02,14.992378
2009-01-05,15.054307
2009-01-06,14.831373
2009-01-07,14.682743
2009-01-08,14.490779
2009-01-09,14.243062
2009-01-12,14.249260
2009-01-13,14.335957
2009-01-14,14.020132
2009-01-15,14.082064
2009-01-16,14.212111
2009-01-20,14.044903
2009-01-21,14.113021
2009-01-22,14.100640
2009-01-23,13.964400
2009-01-26,14.057290
2009-01-27,14.131598
2009-01-28,14.274026
2009-01-29,14.150184
2009-01-30,13.716696
2009-02-02,13.599037
2009-02-03,13.896283
2009-02-04,13.518532
2009-02-05,13.710504
2009-02-06,13.945822
2009-02-09,13.809588
2009-02-10,13.363706
2009-02-11,13.438024
2009-02-12,13.561885
2009-02-13,13.351329
2009-02-17,13.159356
2009-02-18,13.227475
2009-02-19,13.394676
2009-02-20,13.190317
2009-02-23,12.849718
2009-02-24,13.097436
2009-02-25,12.973577
2009-02-26,12.688714
2009-02-27,12.608217
2009-03-02,12.366697
2009-03-03,12.218075
2009-03-04,12.453399
2009-03-05,12.168536
2009-03-06,12.205695
2009-03-09,12.019916
2009-03-10,12.242844
2009-03-11,12.230462
2009-03-12,12.546288
2009-03-13,12.732068
2009-03-16,12.930234
2009-03-17,13.171741
2009-03-18,13.103628
2009-03-19,12.936426
2009-03-20,12.813701
2009-03-23,13.374340
2009-03-24,13.312050
2009-03-25,13.442863
2009-03-26,13.592371
2009-03-27,13.461549
2009-03-30,13.168778
2009-03-31,13.143861
2009-04-01,13.368114
2009-04-02,13.648439
2009-04-03,13.592371
2009-04-06,13.629747
2009-04-07,13.380571
2009-04-08,13.492702
2009-04-09,13.498931
2009-04-13,13.461549
2009-04-14,13.274665
2009-04-15,13.511389
2009-04-16,13.692035
2009-04-17,13.760564
2009-04-20,13.492702
2009-04-21,13.629747
2009-04-22,13.449100
2009-04-23,13.449100
2009-04-24,13.393028
2009-04-27,13.474011
2009-04-28,13.536307
2009-04-29,13.760564
2009-04-30,13.704498
2009-05-01,13.760564
2009-05-04,13.972351
2009-05-05,13.854005
2009-05-06,13.941208
2009-05-07,13.997273
2009-05-08,14.177925
2009-05-11,14.109404
2009-05-12,14.277596
2009-05-13,14.015964
2009-05-14,14.065795
2009-05-15,13.934974
2009-05-18,14.227759
2009-05-19,14.308740
2009-05-20,14.327428
2009-05-21,14.196612
2009-05-22,14.283818
2009-05-26,14.464476
2009-05-27,14.096942
2009-05-28,14.246452
2009-05-29,14.402182
2009-06-01,14.688730
2009-06-02,14.838237
2009-06-03,14.763478
2009-06-04,14.788396
2009-06-05,14.713647
2009-06-08,14.769712
2009-06-09,14.638894
2009-06-10,14.476933
2009-06-11,14.539227
2009-06-12,14.651349
2009-06-15,14.296288
2009-06-16,14.109404
2009-06-17,14.252675
2009-06-18,14.514312
2009-06-19,14.368058
2009-06-22,14.311558
2009-06-23,14.223681
2009-06-24,14.261341
2009-06-25,14.506148
2009-06-26,14.455928
2009-06-29,14.543816
2009-06-30,14.430820
2009-07-01,14.675626
2009-07-02,14.368058
2009-07-06,14.663075
2009-07-07,14.481039
2009-07-08,14.543816
2009-07-09,14.437101
2009-07-10,14.368058
2009-07-13,14.625411
2009-07-14,14.669346
2009-07-15,14.907877
2009-07-16,15.008308
2009-07-17,15.020859
2009-07-20,15.064795
2009-07-21,15.045965
2009-07-22,15.052248
2009-07-23,15.259388
2009-07-24,15.397486
2009-07-27,15.340992
2009-07-28,15.359825
2009-07-29,15.441421
2009-07-30,15.422589
2009-07-31,15.391201
2009-08-03,15.410036
2009-08-04,15.435144
2009-08-05,15.334714
2009-08-06,15.177783
2009-08-07,15.240561
2009-08-10,15.253110
2009-08-11,15.253110
2009-08-12,15.246827
2009-08-13,15.334714
2009-08-14,15.315875
2009-08-17,15.158956
2009-08-18,15.184061
2009-08-19,15.284494
2009-08-20,15.359825
2009-08-21,15.529285
2009-08-24,15.535578
2009-08-25,15.560688
2009-08-26,15.610894
2009-08-27,15.610894
2009-08-28,15.548136
2009-08-31,15.579511
2009-09-01,15.435144
2009-09-02,15.447698
2009-09-03,15.479086
2009-09-04,15.592072
2009-09-08,15.723887
2009-09-09,15.717604
2009-09-10,15.830600
2009-09-11,15.899642
2009-09-14,15.861980
2009-09-15,15.780374
2009-09-16,15.905911
2009-09-17,15.849422
2009-09-18,16.057417
2009-09-21,16.006845
2009-09-22,16.038450
2009-09-23,16.038450
2009-09-24,15.956263
2009-09-25,15.956263
2009-09-28,15.987871
2009-09-29,16.063734
2009-09-30,16.095348
2009-10-01,15.949944
2009-10-02,16.000513
2009-10-05,16.038450
2009-10-06,16.183855
2009-10-07,16.253386
2009-10-08,16.348217
2009-10-09,16.386150
2009-10-12,16.455692
2009-10-13,16.398790
2009-10-14,16.455692
2009-10-15,16.582121
2009-10-16,16.670630
2009-10-19,16.765455
2009-10-20,16.746494
2009-10-21,16.620060
2009-10-22,16.645340
2009-10-23,16.480980
2009-10-26,16.354542
2009-10-27,16.367184
2009-10-28,16.322931
2009-10-29,16.588455
2009-10-30,16.329252
2009-11-02,16.487299
2009-11-03,16.379818
2009-11-04,16.443041
2009-11-05,16.518906
2009-11-06,16.563154
2009-11-09,16.834997
2009-11-10,16.828678
2009-11-11,16.879250
2009-11-12,16.778097
2009-11-13,16.891895
2009-11-16,16.986717
2009-11-17,17.068909
2009-11-18,17.056259
2009-11-19,16.974075
2009-11-20,16.999367
2009-11-23,17.144766
2009-11-24,17.182699
2009-11-25,17.151096
2009-11-27,16.993040
2009-11-30,16.929829
2009-12-01,17.163731
2009-12-02,17.144766
2009-12-03,17.012012
2009-12-04,17.100515
2009-12-07,17.081551
2009-12-08,16.885576
2009-12-09,16.917181
2009-12-10,16.974075
2009-12-11,17.068909
2009-12-14,17.132120
2009-12-15,17.062580
2009-12-16,16.980392
2009-12-17,16.778097
2009-12-18,16.745562
2009-12-21,16.834894
2009-12-22,16.949766
2009-12-23,16.962530
2009-12-24,17.026348
2009-12-28,17.058260
2009-12-29,17.090172
2009-12-30,17.058260
2009-12-31,16.892334
2010-01-04,17.019970
2010-01-05,17.026348
2010-01-06,17.013580
2010-01-07,17.013580
2010-01-08,16.956142
2010-01-11,17.000818
2010-01-12,17.096548
2010-01-13,17.217800
2010-01-14,17.166748
2010-01-15,17.083786
2010-01-19,17.185892
2010-01-20,17.058260
2010-01-21,16.815752
2010-01-22,16.777468
2010-01-25,16.809370
2010-01-26,16.790232
2010-01-27,16.828518
2010-01-28,16.783850
2010-01-29,16.720024
2010-02-01,16.847654
2010-02-02,17.090172
2010-02-03,16.968916
2010-02-04,16.624300
2010-02-05,16.579626
2010-02-08,16.560484
2010-02-09,16.758312
2010-02-10,16.739170
2010-02-11,16.873186
2010-02-12,16.873186
2010-02-16,17.045498
2010-02-17,17.166748
2010-02-18,17.268858
2010-02-19,17.307146
2010-02-22,17.307146
2010-02-23,17.211414
2010-02-24,17.319902
2010-02-25,17.332674
2010-02-26,17.249704
2010-03-01,17.370960
2010-03-02,17.434780
2010-03-03,17.441154
2010-03-04,17.498587
2010-03-05,17.607080
2010-03-08,17.543259
2010-03-09,17.517735
2010-03-10,17.492210
2010-03-11,17.524120
2010-03-12,17.536888
2010-03-15,17.670898
2010-03-16,17.753862
2010-03-17,17.830444
2010-03-18,17.849585
2010-03-19,17.797031
2010-03-22,17.886759
2010-03-23,18.027748
2010-03-24,17.899572
2010-03-25,17.873936
2010-03-26,17.886759
2010-03-29,17.970078
2010-03-30,18.002117
2010-03-31,17.899572
2010-04-01,18.014933
2010-04-05,18.014933
2010-04-06,17.957258
2010-04-07,17.841894
2010-04-08,17.873936
2010-04-09,17.970078
2010-04-12,18.027748
2010-04-13,17.970078
2010-04-14,17.995710
2010-04-15,17.963667
2010-04-16,17.886759
2010-04-19,17.957258
2010-04-20,18.008532
2010-04-21,18.008532
2010-04-22,18.008532
2010-04-23,17.963667
2010-04-26,17.925207
2010-04-27,17.611185
2010-04-28,17.752176
2010-04-29,17.809858
2010-04-30,17.707314
2010-05-03,17.809858
2010-05-04,17.630409
2010-05-05,17.694490
2010-05-06,17.252296
2010-05-07,17.136940
2010-05-10,17.636818
2010-05-11,17.630409
2010-05-12,17.752176
2010-05-13,17.643223
2010-05-14,17.476599
2010-05-17,17.662447
2010-05-18,17.559908
2010-05-19,17.515047
2010-05-20,16.995947
2010-05-21,17.060036
2010-05-24,16.938267
2010-05-25,16.739599
2010-05-26,16.630648
2010-05-27,16.970314
2010-05-28,16.886995
2010-06-01,16.848549
2010-06-02,17.136940
2010-06-03,17.162577
2010-06-04,16.707556
2010-06-07,16.579376
2010-06-08,16.848549
2010-06-09,16.816507
2010-06-10,17.104895
2010-06-11,16.963902
2010-06-14,17.060036
2010-06-15,17.233065
2010-06-16,17.117716
2010-06-17,17.271523
2010-06-18,17.208265
2010-06-21,17.163076
2010-06-22,16.975897
2010-06-23,17.085623
2010-06-24,16.879074
2010-06-25,16.704800
2010-06-28,16.846802
2010-06-29,16.575693
2010-06-30,16.459520
2010-07-01,16.491795
2010-07-02,16.427242
2010-07-06,16.524065
2010-07-07,16.840343
2010-07-08,17.092079
2010-07-09,17.092079
2010-07-12,17.150166
2010-07-13,17.305088
2010-07-14,17.311541
2010-07-15,17.363176
2010-07-16,17.117895
2010-07-19,17.150166
2010-07-20,17.356726
2010-07-21,17.169533
2010-07-22,17.363176
2010-07-23,17.524546
2010-07-26,17.614912
2010-07-27,17.679457
2010-07-28,17.582634
2010-07-29,17.369637
2010-07-30,17.414816
2010-08-02,17.614912
2010-08-03,17.459999
2010-08-04,17.524546
2010-08-05,17.447084
2010-08-06,17.485817
2010-08-09,17.576187
2010-08-10,17.614912
2010-08-11,17.324446
2010-08-12,17.305088
2010-08-13,17.298626
2010-08-16,17.279263
2010-08-17,17.447084
2010-08-18,17.459999
2010-08-19,17.253447
2010-08-20,17.253447
2010-08-23,17.292177
2010-08-24,17.208265
2010-08-25,17.246992
2010-08-26,17.117895
2010-08-27,17.227629
2010-08-30,17.079174
2010-08-31,17.092079
2010-09-01,17.395451
2010-09-02,17.505175
2010-09-03,17.614912
2010-09-07,17.543913
2010-09-08,17.621359
2010-09-09,17.679457
2010-09-10,17.763371
2010-09-13,17.782732
2010-09-14,17.815006
2010-09-15,17.937656
2010-09-16,17.957010
2010-09-17,17.909555
2010-09-20,18.104578
2010-09-21,18.072073
2010-09-22,18.104578
2010-09-23,17.987564
2010-09-24,18.228090
2010-09-27,18.124073
2010-09-28,18.241093
2010-09-29,18.189075
2010-09-30,18.124073
2010-10-01,18.156586
2010-10-04,18.104578
2010-10-05,18.273598
2010-10-06,18.351601
2010-10-07,18.286592
2010-10-08,18.325602
2010-10-11,18.345106
2010-10-12,18.390612
2010-10-13,18.546625
2010-10-14,18.553127
2010-10-15,18.598633
2010-10-18,18.663643
2010-10-19,18.436117
2010-10-20,18.598633
2010-10-21,18.663643
2010-10-22,18.728649
2010-10-25,18.774153
2010-10-26,18.670145
2010-10-27,18.572630
2010-10-28,18.637638
2010-10-29,18.702646
2010-11-01,18.624638
2010-11-02,18.735147
2010-11-03,18.793655
2010-11-04,19.021187
2010-11-05,18.923668
2010-11-08,18.891169
2010-11-09,18.793655
2010-11-10,18.735147
2010-11-11,18.754652
2010-11-12,18.663643
2010-11-15,18.670145
2010-11-16,18.462120
2010-11-17,18.468624
2010-11-18,18.715651
2010-11-19,18.728649
2010-11-22,18.728649
2010-11-23,18.507616
2010-11-24,18.650637
2010-11-26,18.527124
2010-11-29,18.494625
2010-11-30,18.410107
2010-12-01,18.709148
2010-12-02,18.722145
2010-12-03,18.728649
2010-12-06,18.683146
2010-12-07,18.787155
2010-12-08,18.858660
2010-12-09,18.910664
2010-12-10,18.943176
2010-12-13,18.943176
2010-12-14,19.034182
2010-12-15,19.053686
2010-12-16,19.222708
2010-12-17,19.252872
2010-12-20,19.233202
2010-12-21,19.187296
2010-12-22,19.272543
2010-12-23,19.279099
2010-12-27,19.187296
2010-12-28,19.239752
2010-12-29,19.246315
2010-12-30,19.213520
2010-12-31,19.220081
2011-01-03,19.246315
2011-01-04,19.193859
2011-01-05,19.200413
2011-01-06,19.134836
2011-01-07,19.036467
2011-01-10,19.049583
2011-01-11,19.036467
2011-01-12,19.193859
2011-01-13,19.233202
2011-01-14,19.233202
2011-01-18,19.246315
2011-01-19,19.206964
2011-01-20,19.305328
2011-01-21,19.338112
2011-01-24,19.370905
2011-01-25,19.436478
2011-01-26,19.384016
2011-01-27,19.187296
2011-01-28,19.003677
2011-01-31,18.938105
2011-02-01,19.075821
2011-02-02,19.003677
2011-02-03,19.102047
2011-02-04,19.213520
2011-02-07,19.239752
2011-02-08,19.331554
2011-02-09,19.364347
2011-02-10,19.292212
2011-02-11,19.397129
2011-02-14,19.311884
2011-02-15,19.305328
2011-02-16,19.357790
2011-02-17,19.488935
2011-02-18,19.541397
2011-02-22,19.403692
2011-02-23,19.357790
2011-02-24,19.279099
2011-02-25,19.377462
2011-02-28,19.488935
2011-03-01,19.338112
2011-03-02,19.285656
2011-03-03,19.482374
2011-03-04,19.397129
2011-03-07,19.344675
2011-03-08,19.515169
2011-03-09,19.613537
2011-03-10,19.482374
2011-03-11,19.495497
2011-03-14,19.357790
2011-03-15,19.187296
2011-03-16,18.911877
2011-03-17,19.003677
2011-03-18,19.157999
2011-03-21,19.395414
2011-03-22,19.369041
2011-03-23,19.402014
2011-03-24,19.580069
2011-03-25,19.580069
2011-03-28,19.573481
2011-03-29,19.665800
2011-03-30,19.771322
2011-03-31,19.731750
2011-04-01,19.830677
2011-04-04,19.870243
2011-04-05,19.890030
2011-04-06,19.982355
2011-04-07,20.008739
2011-04-08,19.949381
2011-04-11,20.054903
2011-04-12,20.120857
2011-04-13,20.134037
2011-04-14,20.252745
2011-04-15,20.338478
2011-04-18,20.226366
2011-04-19,20.265932
2011-04-20,20.371454
2011-04-21,20.378052
2011-04-25,20.325287
2011-04-26,20.463781
2011-04-27,20.595680
2011-04-28,20.727573
2011-04-29,20.786928
2011-05-02,20.813305
2011-05-03,20.866064
2011-05-04,20.839691
2011-05-05,20.681408
2011-05-06,20.734171
2011-05-09,20.806713
2011-05-10,20.932014
2011-05-11,20.892450
2011-05-12,21.202406
2011-05-13,21.176025
2011-05-16,21.182617
2011-05-17,21.228785
2011-05-18,21.261759
2011-05-19,21.380463
2011-05-20,21.314514
2011-05-23,21.169432
2011-05-24,21.149645
2011-05-25,21.011158
2011-05-26,21.044128
2011-05-27,21.129856
2011-05-31,21.307920
2011-06-01,21.090290
2011-06-02,20.846277
2011-06-03,20.648436
2011-06-06,20.542921
2011-06-07,20.496756
2011-06-08,20.509947
2011-06-09,20.622059
2011-06-10,20.384644
2011-06-13,20.476973
2011-06-14,20.694601
2011-06-15,20.384644
2011-06-16,20.549513
2011-06-17,20.680347
2011-06-20,20.833090
2011-06-21,20.813169
2011-06-22,20.680347
2011-06-23,20.494392
2011-06-24,20.328362
2011-06-27,20.421341
2011-06-28,20.461189
2011-06-29,20.580729
2011-06-30,20.740112
2011-07-01,20.899504
2011-07-05,20.892855
2011-07-06,21.005756
2011-07-07,21.151859
2011-07-08,21.078808
2011-07-11,20.926067
2011-07-12,20.859653
2011-07-13,20.859653
2011-07-14,20.766674
2011-07-15,20.826448
2011-07-18,20.693623
2011-07-19,20.979198
2011-07-20,20.945984
2011-07-21,21.118654
2011-07-22,21.078808
2011-07-25,20.886209
2011-07-26,20.833090
2011-07-27,20.607288
2011-07-28,20.607288
2011-07-29,20.474468
2011-08-01,20.401415
2011-08-02,20.135773
2011-08-03,20.215475
2011-08-04,19.584564
2011-08-05,19.863487
2011-08-08,19.113054
2011-08-09,19.577915
2011-08-10,18.827475
2011-08-11,19.385330
2011-08-12,19.617771
2011-08-15,19.896696
2011-08-16,19.943180
2011-08-17,20.076006
2011-08-18,19.717388
2011-08-19,19.624409
2011-08-22,19.684175
2011-08-23,20.089287
2011-08-24,20.175613
2011-08-25,19.870129
2011-08-26,20.036160
2011-08-29,20.394777
2011-08-30,20.447906
2011-08-31,20.514320
2011-09-01,20.441257
2011-09-02,20.149057
2011-09-06,20.069359
2011-09-07,20.427982
2011-09-08,20.374853
2011-09-09,19.923264
2011-09-12,19.943180
2011-09-13,20.016232
2011-09-14,20.255316
2011-09-15,20.494392
2011-09-16,20.627497
2011-09-19,20.453598
2011-09-20,20.493723
2011-09-21,20.072350
2011-09-22,19.691103
2011-09-23,19.731228
2011-09-26,20.112474
2011-09-27,20.232868
2011-09-28,19.851625
2011-09-29,20.045595
2011-09-30,19.838243
2011-10-03,19.550634
2011-10-04,19.737921
2011-10-05,19.764673
2011-10-06,19.998774
2011-10-07,20.112474
2011-10-10,20.426838
2011-10-11,20.386711
2011-10-12,20.547228
2011-10-13,20.487036
2011-10-14,20.647564
2011-10-17,20.507099
2011-10-18,20.660940
2011-10-19,20.600742
2011-10-20,20.714449
2011-10-21,21.048878
2011-10-24,20.901714
2011-10-25,20.654245
2011-10-26,20.861595
2011-10-27,21.129139
2011-10-28,21.075628
2011-10-31,20.761271
2011-11-01,20.400087
2011-11-02,20.594053
2011-11-03,20.848213
2011-11-04,20.727823
2011-11-07,20.901714
2011-11-08,21.109070
2011-11-09,20.614113
2011-11-10,20.814772
2011-11-11,21.055559
2011-11-14,20.874973
2011-11-15,20.975300
2011-11-16,20.788017
2011-11-17,20.714449
2011-11-18,20.774639
2011-11-21,20.440208
2011-11-22,20.460278
2011-11-23,20.239557
2011-11-25,20.313131
2011-11-28,20.634180
2011-11-29,20.848213
2011-11-30,21.336489
2011-12-01,21.303040
2011-12-02,21.229464
2011-12-05,21.356550
2011-12-06,21.383307
2011-12-07,21.436811
2011-12-08,21.189335
2011-12-09,21.410057
2011-12-12,21.216089
2011-12-13,21.169277
2011-12-14,21.062254
2011-12-15,21.276283
2011-12-16,21.252663
2011-12-19,21.164930
2011-12-20,21.603615
2011-12-21,21.833075
2011-12-22,21.826334
2011-12-23,21.981564
2011-12-27,22.022051
2011-12-28,21.914072
2011-12-29,22.028799
2011-12-30,21.927574
2012-01-03,21.907309
2012-01-04,21.860073
2012-01-05,21.846577
2012-01-06,21.704851
2012-01-09,21.738594
2012-01-10,21.812832
2012-01-11,21.718353
2012-01-12,21.711590
2012-01-13,21.691347
2012-01-17,21.772333
2012-01-18,21.819580
2012-01-19,21.860073
2012-01-20,21.866821
2012-01-23,21.846577
2012-01-24,21.725096
2012-01-25,21.974802
2012-01-26,21.893820
2012-01-27,21.745344
2012-01-30,21.603615
2012-01-31,21.617111
2012-02-01,21.772333
2012-02-02,21.853329
2012-02-03,21.920813
2012-02-06,21.907309
2012-02-07,21.927574
2012-02-08,21.934317
2012-02-09,22.055794
2012-02-10,22.008554
2012-02-13,22.103039
2012-02-14,22.157028
2012-02-15,22.150282
2012-02-16,22.292007
2012-02-17,22.312260
2012-02-21,22.184029
2012-02-22,22.123281
2012-02-23,22.238018
2012-02-24,22.312260
2012-02-27,22.312260
2012-02-28,22.386492
2012-02-29,22.426994
2012-03-01,22.393244
2012-03-02,22.413498
2012-03-05,22.514732
2012-03-06,22.325760
2012-03-07,22.359507
2012-03-08,22.514732
2012-03-09,22.588970
2012-03-12,22.669958
2012-03-13,22.838684
2012-03-14,22.771196
2012-03-15,22.811682
2012-03-16,22.796757
2012-03-19,22.810333
2012-03-20,22.796757
2012-03-21,22.830690
2012-03-22,22.851040
2012-03-23,22.905315
2012-03-26,23.061369
2012-03-27,23.047798
2012-03-28,22.993513
2012-03-29,22.986736
2012-03-30,23.122427
2012-04-02,23.305614
2012-04-03,23.176716
2012-04-04,23.102076
2012-04-05,23.102076
2012-04-09,22.891745
2012-04-10,22.688206
2012-04-11,22.803549
2012-04-12,22.817112
2012-04-13,22.817112
2012-04-16,22.912102
2012-04-17,23.142782
2012-04-18,23.142782
2012-04-19,23.068153
2012-04-20,23.278471
2012-04-23,22.918886
2012-04-24,22.925676
2012-04-25,23.074930
2012-04-26,23.285267
2012-04-27,23.251341
2012-04-30,23.190275
2012-05-01,23.251341
2012-05-02,23.271690
2012-05-03,23.305614
2012-05-04,23.122427
2012-05-07,23.156355
2012-05-08,23.102076
2012-05-09,22.986736
2012-05-10,23.149563
2012-05-11,23.088505
2012-05-14,22.993513
2012-05-15,22.966372
2012-05-16,23.041014
2012-05-17,22.878176
2012-05-18,22.742487
2012-05-21,22.830690
2012-05-22,22.857817
2012-05-23,22.796757
2012-05-24,23.013870
2012-05-25,22.993513
2012-05-29,23.156355
2012-05-30,22.966372
2012-05-31,22.918886
2012-06-01,22.498238
2012-06-04,22.572861
2012-06-05,22.545725
2012-06-06,22.851040
2012-06-07,22.932453
2012-06-08,23.129213
2012-06-11,23.020660
2012-06-12,23.129213
2012-06-13,23.095289
2012-06-14,23.414179
2012-06-15,23.452425
2012-06-18,23.513910
2012-06-19,23.493412
2012-06-20,23.370453
2012-06-21,23.097189
2012-06-22,23.165501
2012-06-25,23.022045
2012-06-26,23.076696
2012-06-27,23.213331
2012-06-28,23.315798
2012-06-29,23.753012
2012-07-02,23.889645
2012-07-03,23.998947
2012-07-05,23.910141
2012-07-06,23.882812
2012-07-09,23.855476
2012-07-10,23.882812
2012-07-11,23.848654
2012-07-12,23.869144
2012-07-13,24.135582
2012-07-16,24.012617
2012-07-17,24.115089
2012-07-18,24.121912
2012-07-19,24.087748
2012-07-20,23.937458
2012-07-23,23.732521
2012-07-24,23.657375
2012-07-25,23.664204
2012-07-26,24.053593
2012-07-27,24.326859
2012-07-30,24.449829
2012-07-31,24.340517
2012-08-01,24.217556
2012-08-02,24.019440
2012-08-03,24.422493
2012-08-06,24.408829
2012-08-07,24.279041
2012-08-08,24.449829
2012-08-09,24.347351
2012-08-10,24.340517
2012-08-13,24.333683
2012-08-14,24.429329
2012-08-15,24.443005
2012-08-16,24.504469
2012-08-17,24.524965
2012-08-20,24.524965
2012-08-21,24.374680
2012-08-22,24.299528
2012-08-23,24.108252
2012-08-24,24.320023
2012-08-27,24.354179
2012-08-28,24.367847
2012-08-29,24.313200
2012-08-30,24.217556
2012-08-31,24.224384
2012-09-04,24.367847
2012-09-05,24.326859
2012-09-06,24.627445
2012-09-07,24.429329
2012-09-10,24.402014
2012-09-11,24.326859
2012-09-12,24.197060
2012-09-13,24.627445
2012-09-14,24.443005
2012-09-17,24.511305
2012-09-18,24.647934
2012-09-19,24.716246
2012-09-20,24.852880
2012-09-21,24.739361
2012-09-24,24.821924
2012-09-25,24.649925
2012-09-26,24.649925
2012-09-27,24.732494
2012-09-28,24.649925
2012-10-01,24.808165
2012-10-02,24.828800
2012-10-03,24.904474
2012-10-04,25.021433
2012-10-05,25.117739
2012-10-08,25.042067
2012-10-09,24.801287
2012-10-10,24.698082
2012-10-11,24.643047
2012-10-12,24.663691
2012-10-15,24.828800
2012-10-16,24.890713
2012-10-17,25.000790
2012-10-18,24.863207
2012-10-19,24.567369
2012-10-22,24.581129
2012-10-23,24.250908
2012-10-24,24.250908
2012-10-25,24.402258
2012-10-26,24.319700
2012-10-31,24.347225
2012-11-01,24.360987
2012-11-02,24.216513
2012-11-05,24.175236
2012-11-06,24.354103
2012-11-07,24.065151
2012-11-08,23.803726
2012-11-09,23.803726
2012-11-12,23.803726
2012-11-13,23.789963
2012-11-14,23.528538
2012-11-15,23.521669
2012-11-16,23.673012
2012-11-19,24.058283
2012-11-20,24.147701
2012-11-21,24.182112
2012-11-23,24.539846
2012-11-26,24.360987
2012-11-27,24.340345
2012-11-28,24.574257
2012-11-29,24.704971
2012-11-30,24.794399
2012-12-03,24.698082
2012-12-04,24.649925
2012-12-05,24.691206
2012-12-06,24.718723
2012-12-07,24.890713
2012-12-10,24.863207
2012-12-11,24.876963
2012-12-12,24.821924
2012-12-13,24.780645
2012-12-14,24.739361
2012-12-17,24.794399
2012-12-18,24.787525
2012-12-19,24.539846
2012-12-20,24.677439
2012-12-21,24.467352
2012-12-24,24.390825
2012-12-26,24.182116
2012-12-27,24.223866
2012-12-28,23.966455
2012-12-31,24.279516
2013-01-02,24.905626
2013-01-03,24.843027
2013-01-04,24.912586
2013-01-07,24.745623
2013-01-08,24.676062
2013-01-09,24.731718
2013-01-10,24.877806
2013-01-11,24.989113
2013-01-14,25.065638
2013-01-15,25.142172
2013-01-16,25.107389
2013-01-17,25.274353
2013-01-18,25.378700
2013-01-22,25.385654
2013-01-23,25.378700
2013-01-24,25.448273
2013-01-25,25.573494
2013-01-28,25.594362
2013-01-29,25.733500
2013-01-30,25.684801
2013-01-31,25.650017
2013-02-01,25.858719
2013-02-04,25.615229
2013-02-05,25.921343
2013-02-06,25.956125
2013-02-07,26.095261
2013-02-08,26.074385
2013-02-11,26.074385
2013-02-12,26.046576
2013-02-13,26.074385
2013-02-14,26.130053
2013-02-15,26.164835
2013-02-19,26.429190
2013-02-20,26.380497
2013-02-21,26.463985
2013-02-22,26.617029
2013-02-25,26.255270
2013-02-26,26.317881
2013-02-27,26.512676
2013-02-28,26.498755
2013-03-01,26.589201
2013-03-04,26.790949
2013-03-05,26.881384
2013-03-06,26.818771
2013-03-07,26.818771
2013-03-08,26.867474
2013-03-11,26.895306
2013-03-12,26.867474
2013-03-13,26.937054
2013-03-14,27.027485
2013-03-15,26.909332
2013-03-18,26.825430
2013-03-19,27.049154
2013-03-20,27.307850
2013-03-21,27.223930
2013-03-22,27.475624
2013-03-25,27.454657
2013-03-26,27.713318
2013-03-27,27.692348
2013-03-28,27.804211
2013-04-01,27.790245
2013-04-02,28.090860
2013-04-03,27.783249
2013-04-04,27.930052
2013-04-05,27.727306
2013-04-08,28.041918
2013-04-09,28.013956
2013-04-10,28.223690
2013-04-11,28.356512
2013-04-12,28.461395
2013-04-15,28.006950
2013-04-16,28.531301
2013-04-17,28.286608
2013-04-18,28.230673
2013-04-19,28.671124
2013-04-22,28.741030
2013-04-23,28.964754
2013-04-24,28.503345
2013-04-25,28.594223
2013-04-26,28.587234
2013-04-29,28.678122
2013-04-30,28.622173
2013-05-01,28.594223
2013-05-02,28.699087
2013-05-03,28.824936
2013-05-06,28.615192
2013-05-07,28.831923
2013-05-08,28.866863
2013-05-09,28.664137
2013-05-10,28.775997
2013-05-13,28.824936
2013-05-14,29.167501
2013-05-15,29.454140
2013-05-16,29.279367
2013-05-17,29.321314
2013-05-20,29.020685
2013-05-21,29.048639
2013-05-22,28.999714
2013-05-23,28.880865
2013-05-24,29.153530
2013-05-28,29.202467
2013-05-29,28.643166
2013-05-30,28.531301
2013-05-31,27.999971
2013-06-03,28.307585
2013-06-04,28.314573
2013-06-05,27.971998
2013-06-06,28.090860
2013-06-07,28.440422
2013-06-10,28.440422
2013-06-11,28.370512
2013-06-12,28.230673
2013-06-13,28.524309
2013-06-14,28.454393
2013-06-17,28.706085
2013-06-18,28.810951
2013-06-19,28.237661
2013-06-20,27.384733
2013-06-21,27.746435
2013-06-24,27.633852
2013-06-25,27.676069
2013-06-26,27.964586
2013-06-27,28.091234
2013-06-28,27.915316
2013-07-01,28.119383
2013-07-02,28.154572
2013-07-03,28.098272
2013-07-05,28.168648
2013-07-08,28.450136
2013-07-09,28.661224
2013-07-10,28.696421
2013-07-11,29.146776
2013-07-12,29.153803
2013-07-15,29.196028
2013-07-16,29.090473
2013-07-17,29.146776
2013-07-18,29.245277
2013-07-19,29.414190
2013-07-22,29.350851
2013-07-23,29.294540
2013-07-24,29.104557
2013-07-25,29.259357
2013-07-26,29.224169
2013-07-29,29.160837
2013-07-30,29.132708
2013-07-31,29.125668
2013-08-01,29.364906
2013-08-02,29.378988
2013-08-05,29.400103
2013-08-06,29.364906
2013-08-07,29.224169
2013-08-08,29.378988
2013-08-09,29.252321
2013-08-12,29.167879
2013-08-13,29.188997
2013-08-14,28.984930
2013-08-15,28.520483
2013-08-16,28.351608
2013-08-19,28.224947
2013-08-20,28.231977
2013-08-21,28.013836
2013-08-22,28.133457
2013-08-23,28.295303
2013-08-26,27.964586
2013-08-27,27.816795
2013-08-28,27.605690
2013-08-29,27.718287
2013-08-30,27.802727
2013-09-03,27.781628
2013-09-04,27.957535
2013-09-05,27.915316
2013-09-06,27.985687
2013-09-09,28.182728
2013-09-10,28.210880
2013-09-11,28.414936
2013-09-12,28.421968
2013-09-13,28.654198
2013-09-16,28.914549
2013-09-17,29.013073
2013-09-18,29.357874
2013-09-19,29.224169
2013-09-20,29.019529
2013-09-23,28.892056
2013-09-24,28.757513
2013-09-25,28.516748
2013-09-26,28.665462
2013-09-27,28.488420
2013-09-30,28.183920
2013-10-01,28.353878
2013-10-02,28.290142
2013-10-03,28.148525
2013-10-04,28.190996
2013-10-07,28.098949
2013-10-08,28.098949
2013-10-09,28.120184
2013-10-10,28.644205
2013-10-11,28.729198
2013-10-14,28.849564
2013-10-15,28.587563
2013-10-16,29.012447
2013-10-17,29.338182
2013-10-18,29.380671
2013-10-21,29.316948
2013-10-22,29.685194
2013-10-23,29.741833
2013-10-24,29.685194
2013-10-25,29.755989
2013-10-28,30.145456
2013-10-29,30.407475
2013-10-30,30.145456
2013-10-31,29.989676
2013-11-01,30.102964
2013-11-04,30.131300
2013-11-05,30.187944
2013-11-06,30.513697
2013-11-07,30.067572
2013-11-08,30.216282
2013-11-11,30.124224
2013-11-12,30.173794
2013-11-13,30.428722
2013-11-14,30.648245
2013-11-15,30.683649
2013-11-18,30.591595
2013-11-19,30.478289
2013-11-20,30.350836
2013-11-21,30.407475
2013-11-22,30.563257
2013-11-25,30.513697
2013-11-26,30.485365
2013-11-27,30.506624
2013-11-29,30.457041
2013-12-02,30.294174
2013-12-03,30.442886
2013-12-04,30.372084
2013-12-05,30.095901
2013-12-06,30.506624
2013-12-09,30.612852
2013-12-10,30.350836
2013-12-11,30.400408
2013-12-12,29.982599
2013-12-13,29.933020
2013-12-16,29.925934
2013-12-17,29.784321
2013-12-18,30.280005
2013-12-19,30.223364
2013-12-20,30.360357
2013-12-23,30.331814
2013-12-24,30.374622
2013-12-26,30.495943
2013-12-27,30.567286
2013-12-30,30.645779
2013-12-31,30.667179
2014-01-02,30.289009
2014-01-03,30.231918
2014-01-06,30.117756
2014-01-07,30.281870
2014-01-08,30.053539
2014-01-09,30.210520
2014-01-10,30.253325
2014-01-13,30.082094
2014-01-14,30.239059
2014-01-15,30.246187
2014-01-16,30.253325
2014-01-17,30.017874
2014-01-21,30.132029
2014-01-22,30.132029
2014-01-23,29.868032
2014-01-24,29.596884
2014-01-27,29.475584
2014-01-28,29.703909
2014-01-29,29.183043
2014-01-30,29.225863
2014-01-31,29.083157
2014-02-03,28.455263
2014-02-04,28.605095
2014-02-05,28.626507
2014-02-06,28.933311
2014-02-07,29.204466
2014-02-10,29.318613
2014-02-11,29.661097
2014-02-12,29.532671
2014-02-13,29.682510
2014-02-14,29.853752
2014-02-18,29.682510
2014-02-19,29.618301
2014-02-20,29.746727
2014-02-21,29.682510
2014-02-24,29.789545
2014-02-25,29.903704
2014-02-26,29.875172
2014-02-27,30.010731
2014-02-28,30.217657
2014-03-03,30.053539
2014-03-04,30.460247
2014-03-05,30.360357
2014-03-06,30.353228
2014-03-07,30.438847
2014-03-10,30.467384
2014-03-11,30.453114
2014-03-12,30.517323
2014-03-13,30.367493
2014-03-14,30.381762
2014-03-17,30.560146
2014-03-18,30.624382
2014-03-19,30.388899
2014-03-20,30.495943
2014-03-21,30.478722
2014-03-24,30.450035
2014-03-25,30.672342
2014-03-26,30.600637
2014-03-27,30.579115
2014-03-28,30.658009
2014-03-31,30.880314
2014-04-01,30.830116
2014-04-02,30.865982
2014-04-03,30.901838
2014-04-04,30.801428
2014-04-07,30.830116
2014-04-08,30.987890
2014-04-09,31.124147
2014-04-10,30.815777
2014-04-11,30.658009
2014-04-14,30.901838
2014-04-15,30.980726
2014-04-16,31.281918
2014-04-17,31.289097
2014-04-21,31.303427
2014-04-22,31.289097
2014-04-23,31.238892
2014-04-24,31.360798
2014-04-25,31.403830
2014-04-28,31.762409
2014-04-29,31.626148
2014-04-30,31.726555
2014-05-01,31.697874
2014-05-02,31.697874
2014-05-05,31.626148
2014-05-06,31.425346
2014-05-07,31.726555
2014-05-08,31.769571
2014-05-09,31.920179
2014-05-12,31.948851
2014-05-13,32.013412
2014-05-14,31.841293
2014-05-15,31.561607
2014-05-16,31.755239
2014-05-19,31.690687
2014-05-20,31.575945
2014-05-21,31.755239
2014-05-22,31.705034
2014-05-23,31.755239
2014-05-27,31.841293
2014-05-28,31.798265
2014-05-29,32.049267
2014-05-30,32.300270
2014-06-02,32.221375
2014-06-03,32.106636
2014-06-04,32.221375
2014-06-05,32.350468
2014-06-06,32.436535
2014-06-09,32.386326
2014-06-10,32.386326
2014-06-11,32.300270
2014-06-12,32.070774
2014-06-13,32.063618
2014-06-16,32.185535
2014-06-17,32.185535
2014-06-18,32.565605
2014-06-19,32.752079
2014-06-20,32.651699
2014-06-23,32.471172
2014-06-24,32.355656
2014-06-25,32.305107
2014-06-26,32.189587
2014-06-27,32.247337
2014-06-30,32.218449
2014-07-01,32.290672
2014-07-02,32.377323
2014-07-03,32.557835
2014-07-07,32.608376
2014-07-08,32.543404
2014-07-09,32.687798
2014-07-10,32.637260
2014-07-11,32.680565
2014-07-14,32.796108
2014-07-15,32.507290
2014-07-16,32.514515
2014-07-17,32.312340
2014-07-18,32.637260
2014-07-21,32.485638
2014-07-22,32.427853
2014-07-23,32.384541
2014-07-24,32.471172
2014-07-25,32.341217
2014-07-28,32.175148
2014-07-29,32.030724
2014-07-30,31.691353
2014-07-31,31.149824
2014-08-01,31.388084
2014-08-04,31.489185
2014-08-05,31.351995
2014-08-06,31.619150
2014-08-07,31.359207
2014-08-08,31.676914
2014-08-11,31.900763
2014-08-12,31.879093
2014-08-13,31.972969
2014-08-14,32.102928
2014-08-15,32.146255
2014-08-18,32.333996
2014-08-19,32.420639
2014-08-20,32.398983
2014-08-21,32.456741
2014-08-22,32.377323
2014-08-25,32.557835
2014-08-26,32.536175
2014-08-27,32.550613
2014-08-28,32.565048
2014-08-29,32.586716
2014-09-02,32.601162
2014-09-03,32.622818
2014-09-04,32.723919
2014-09-05,32.911633
2014-09-08,32.666134
2014-09-09,32.586716
2014-09-10,32.745560
2014-09-11,32.760014
2014-09-12,32.528954
2014-09-15,32.687798
2014-09-16,32.933300
2014-09-17,32.861103
2014-09-18,32.926098
2014-09-19,33.011105
2014-09-22,32.952965
2014-09-23,32.662315
2014-09-24,33.083771
2014-09-25,32.647793
2014-09-26,32.771313
2014-09-29,32.764042
2014-09-30,32.778576
2014-10-01,32.575127
2014-10-02,32.633236
2014-10-03,33.018372
2014-10-06,33.032898
2014-10-07,32.836708
2014-10-08,33.316284
2014-10-09,32.982040
2014-10-10,33.141899
2014-10-13,32.684113
2014-10-14,32.669586
2014-10-15,32.277195
2014-10-16,32.037415
2014-10-17,32.429790
2014-10-20,32.894825
2014-10-21,33.032898
2014-10-22,33.105553
2014-10-23,33.083771
2014-10-24,33.359890
2014-10-27,33.439819
2014-10-28,33.570614
2014-10-29,33.512478
2014-10-30,33.723206
2014-10-31,33.941196
2014-11-03,34.071980
2014-11-04,34.253647
2014-11-05,34.493450
2014-11-06,34.566105
2014-11-07,34.689632
2014-11-10,34.842216
2014-11-11,34.776836
2014-11-12,34.776836
2014-11-13,34.900341
2014-11-14,34.704166
2014-11-17,34.936691
2014-11-18,35.067478
2014-11-19,35.212814
2014-11-20,35.060219
2014-11-21,35.205544
2014-11-24,35.183754
2014-11-25,35.212814
2014-11-26,35.372681
2014-11-28,35.823185
2014-12-01,35.590649
2014-12-02,35.714188
2014-12-03,35.459873
2014-12-04,35.430794
2014-12-05,35.496197
2014-12-08,35.423519
2014-12-09,35.307266
2014-12-10,34.973034
2014-12-11,35.263680
2014-12-12,34.813168
2014-12-15,34.580647
2014-12-16,34.449848
2014-12-17,34.951214
2014-12-18,35.619720
2014-12-19,35.583126
2014-12-22,35.927101
2014-12-23,36.175949
2014-12-24,36.139347
2014-12-26,36.197887
2014-12-29,36.088116
2014-12-30,35.927101
2014-12-31,35.487999
2015-01-02,35.385536
2015-01-05,35.136696
2015-01-06,35.092773
2015-01-07,35.692913
2015-01-08,36.234493
2015-01-09,35.941738
2015-01-12,35.831970
2015-01-13,35.824631
2015-01-14,35.714867
2015-01-15,35.773422
2015-01-16,36.058842
2015-01-20,36.205219
2015-01-21,36.380848
2015-01-22,36.746796
2015-01-23,36.336941
2015-01-26,36.336941
2015-01-27,35.919792
2015-01-28,35.502640
2015-01-29,35.788052
2015-01-30,35.144012
2015-02-02,35.561172
2015-02-03,35.875870
2015-02-04,35.890503
2015-02-05,36.073483
2015-02-06,35.912483
2015-02-09,35.641682
2015-02-10,36.058842
2015-02-11,36.227173
2015-02-12,36.395500
2015-02-13,36.227173
2015-02-17,36.234493
2015-02-18,36.432091
2015-02-19,36.197887
2015-02-20,36.300358
2015-02-23,36.402817
2015-02-24,36.527237
2015-02-25,36.402817
2015-02-26,36.454060
2015-02-27,36.600410
2015-03-02,36.666286
2015-03-03,36.527237
2015-03-04,36.271088
2015-03-05,36.395500
2015-03-06,35.685593
2015-03-09,35.883209
2015-03-10,35.370888
2015-03-11,35.100098
2015-03-12,35.612408
2015-03-13,35.334309
2015-03-16,35.766102
2015-03-17,35.509930
2015-03-18,35.751465
2015-03-19,35.590443
2015-03-20,36.036682
2015-03-23,36.095581
2015-03-24,35.889404
2015-03-25,35.801041
2015-03-26,35.646400
2015-03-27,35.867306
2015-03-30,36.228127
2015-03-31,35.889404
2015-04-01,35.933590
2015-04-02,36.176586
2015-04-06,36.463764
2015-04-07,36.294395
2015-04-08,36.353298
2015-04-09,36.456402
2015-04-10,36.522652
2015-04-13,36.353298
2015-04-14,36.434303
2015-04-15,36.331215
2015-04-16,36.463764
2015-04-17,36.125031
2015-04-20,36.250221
2015-04-21,36.316479
2015-04-22,36.338577
2015-04-23,36.213402
2015-04-24,36.220772
2015-04-27,36.021938
2015-04-28,36.058762
2015-04-29,35.734772
2015-04-30,35.616955
2015-05-01,35.940952
2015-05-04,35.992496
2015-05-05,35.705322
2015-05-06,35.815773
2015-05-07,35.904118
2015-05-08,36.206036
2015-05-11,36.058762
2015-05-12,35.977772
2015-05-13,35.963039
2015-05-14,36.515297
2015-05-15,36.633110
2015-05-18,36.515297
2015-05-19,36.419575
2015-05-20,36.338577
2015-05-21,36.419575
2015-05-22,36.264946
2015-05-26,35.977772
2015-05-27,36.206036
2015-05-28,36.154495
2015-05-29,35.926224
2015-06-01,35.926224
2015-06-02,35.830498
2015-06-03,35.808399
2015-06-04,35.550697
2015-06-05,35.042614
2015-06-08,35.027874
2015-06-09,35.197247
2015-06-10,35.543324
2015-06-11,35.528603
2015-06-12,35.388699
2015-06-15,35.130978
2015-06-16,35.513863
2015-06-17,35.705322
2015-06-18,36.102943
2015-06-19,36.052567
2015-06-22,36.193340
2015-06-23,36.037746
2015-06-24,35.874741
2015-06-25,35.808071
2015-06-26,35.882172
2015-06-29,35.326477
2015-06-30,35.267197
2015-07-01,35.719147
2015-07-02,35.689522
2015-07-06,35.659889
2015-07-07,36.393375
2015-07-08,35.985882
2015-07-09,36.015530
2015-07-10,36.437828
2015-07-13,36.778652
2015-07-14,36.837921
2015-07-15,36.741604
2015-07-16,37.119473
2015-07-17,37.097260
2015-07-20,37.163933
2015-07-21,37.075020
2015-07-22,37.156525
2015-07-23,37.015739
2015-07-24,36.808285
2015-07-27,36.786060
2015-07-28,37.200970
2015-07-29,37.326920
2015-07-30,37.200970
2015-07-31,37.275070
2015-08-03,37.326920
2015-08-04,37.326920
2015-08-05,37.652927
2015-08-06,37.371372
2015-08-07,37.163933
2015-08-10,37.304710
2015-08-11,37.171333
2015-08-12,37.193562
2015-08-13,37.045380
2015-08-14,37.163933
2015-08-17,37.200970
2015-08-18,37.015739
2015-08-19,36.674934
2015-08-20,36.341515
2015-08-21,35.348705
2015-08-24,34.118790
2015-08-25,33.859486
2015-08-26,34.859711
2015-08-27,35.370926
2015-08-28,35.296841
2015-08-31,35.052338
2015-09-01,34.333656
2015-09-02,34.800430
2015-09-03,35.037521
2015-09-04,34.467026
2015-09-08,35.185692
2015-09-09,34.607807
2015-09-10,34.667076
2015-09-11,34.896744
2015-09-14,34.785618
2015-09-15,35.200520
2015-09-16,35.600605
2015-09-17,35.600605
2015-09-18,35.188995
2015-09-21,35.449982
2015-09-22,35.062210
2015-09-23,35.121880
2015-09-24,35.181545
2015-09-25,35.405247
2015-09-28,34.883263
2015-09-29,34.868343
2015-09-30,35.188995
2015-10-01,35.188995
2015-10-02,35.673687
2015-10-05,36.285152
2015-10-06,36.039074
2015-10-07,36.367176
2015-10-08,36.799675
2015-10-09,36.881695
2015-10-12,36.978638
2015-10-13,36.754944
2015-10-14,36.329887
2015-10-15,36.658001
2015-10-16,37.008465
2015-10-19,37.172523
2015-10-20,37.150146
2015-10-21,37.157604
2015-10-22,37.895840
2015-10-23,37.836197
2015-10-26,37.761616
2015-10-27,37.813812
2015-10-28,37.597557
2015-10-29,37.612469
2015-10-30,37.194893
2015-11-02,37.418591
2015-11-03,37.239635
2015-11-04,37.083038
2015-11-05,37.075577
2015-11-06,36.672909
2015-11-09,36.426826
2015-11-10,36.523769
2015-11-11,36.471569
2015-11-12,35.979420
2015-11-13,35.666237
2015-11-16,36.277683
2015-11-17,36.262783
2015-11-18,36.762390
2015-11-19,36.859337
2015-11-20,36.598354
2015-11-23,36.918999
2015-11-24,37.015926
2015-11-25,37.112865
2015-11-27,37.254539
2015-11-30,36.851879
2015-12-01,37.165070
2015-12-02,36.978638
2015-12-03,36.784760
2015-12-04,37.612469
2015-12-07,37.716877
2015-12-08,37.619934
2015-12-09,37.261997
2015-12-10,37.306732
2015-12-11,36.896610
2015-12-14,37.261997
2015-12-15,37.500622
2015-12-16,38.223942
2015-12-17,37.731785
2015-12-18,37.063229
2015-12-21,37.483887
2015-12-22,37.972153
2015-12-23,38.250092
2015-12-24,38.212540
2015-12-28,38.159954
2015-12-29,38.490479
2015-12-30,38.355255
2015-12-31,37.927090
2016-01-04,37.446339
2016-01-05,37.686710
2016-01-06,37.559017
2016-01-07,37.108311
2016-01-08,36.822845
2016-01-11,37.168404
2016-01-12,37.371216
2016-01-13,36.687656
2016-01-14,36.860409
2016-01-15,36.282013
2016-01-19,36.717697
2016-01-20,36.259480
2016-01-21,36.402199
2016-01-22,37.025673
2016-01-25,36.695152
2016-01-26,37.033192
2016-01-27,36.995625
2016-01-28,37.371216
2016-01-29,38.129917
2016-02-01,38.257610
2016-02-02,37.769348
2016-02-03,37.686710
2016-02-04,37.341171
2016-02-05,37.281086
2016-02-08,37.183414
2016-02-09,37.431316
2016-02-10,37.386250
2016-02-11,37.085770
2016-02-12,37.611599
2016-02-16,37.912064
2016-02-17,38.302681
2016-02-18,38.129917
2016-02-19,38.190002
2016-02-22,38.377800
2016-02-23,38.370293
2016-02-24,38.490479
2016-02-25,38.926159
2016-02-26,38.377800
2016-02-29,38.250092
2016-03-01,38.618176
2016-03-02,38.730858
2016-03-03,38.926159
2016-03-04,39.091419
2016-03-07,38.851044
2016-03-08,38.963711
2016-03-09,39.256676
2016-03-10,39.271709
2016-03-11,39.399418
2016-03-14,39.376873
2016-03-15,39.474518
2016-03-16,39.564655
2016-03-17,39.805038
2016-03-18,39.752949
2016-03-21,39.775600
2016-03-22,39.541534
2016-03-23,39.549084
2016-03-24,39.503777
2016-03-28,39.715199
2016-03-29,40.009666
2016-03-30,40.273930
2016-03-31,40.062519
2016-04-01,40.485332
2016-04-04,40.500446
2016-04-05,40.228619
2016-04-06,40.545746
2016-04-07,40.107811
2016-04-08,40.326786
2016-04-11,40.039867
2016-04-12,40.289024
2016-04-13,39.979446
2016-04-14,39.798248
2016-04-15,40.047413
2016-04-18,40.273930
2016-04-19,40.251282
2016-04-20,39.798248
2016-04-21,39.088520
2016-04-22,39.231972
2016-04-25,39.503777
2016-04-26,39.345222
2016-04-27,39.533985
2016-04-28,39.571735
2016-04-29,39.488674
2016-05-02,39.941700
2016-05-03,39.866203
2016-05-04,39.987000
2016-05-05,39.994556
2016-05-06,40.198425
2016-05-09,40.417370
2016-05-10,40.817551
2016-05-11,40.492882
2016-05-12,40.711853
2016-05-13,40.198425
2016-05-16,40.455139
2016-05-17,39.662346
2016-05-18,39.201767
2016-05-19,39.586845
2016-05-20,39.382977
2016-05-23,39.420727
2016-05-24,39.752949
2016-05-25,39.813351
2016-05-26,39.971912
2016-05-27,40.017200
2016-05-31,39.760490
2016-06-01,40.168224
2016-06-02,40.183327
2016-06-03,40.440029
2016-06-06,40.485332
2016-06-07,40.440029
2016-06-08,40.681660
2016-06-09,40.840214
2016-06-10,40.870411
2016-06-13,40.530640
2016-06-14,40.689198
2016-06-15,40.568390
2016-06-16,40.779797
2016-06-17,40.614967
2016-06-20,40.744110
2016-06-21,40.850445
2016-06-22,40.873226
2016-06-23,41.123890
2016-06-24,40.333927
2016-06-27,40.250378
2016-06-28,40.501034
2016-06-29,40.971977
2016-06-30,41.891083
2016-07-01,41.693577
2016-07-05,41.929054
2016-07-06,41.967037
2016-07-07,41.883480
2016-07-08,42.301247
2016-07-11,42.308846
2016-07-12,42.080971
2016-07-13,42.316441
2016-07-14,42.308846
2016-07-15,42.308846
2016-07-18,42.263275
2016-07-19,42.232887
2016-07-20,42.080971
2016-07-21,41.959438
2016-07-22,42.156944
2016-07-25,42.111351
2016-07-26,41.784729
2016-07-27,41.161873
2016-07-28,41.344170
2016-07-29,41.549255
2016-08-01,41.594837
2016-08-02,41.534065
2016-08-03,41.306190
2016-08-04,41.397350
2016-08-05,41.465714
2016-08-08,41.420124
2016-08-09,41.549255
2016-08-10,41.701180
2016-08-11,41.701180
2016-08-12,41.845512
2016-08-15,41.739155
2016-08-16,41.556858
2016-08-17,41.670803
2016-08-18,41.815113
2016-08-19,41.716362
2016-08-22,41.777145
2016-08-23,41.693577
2016-08-24,41.625221
2016-08-25,41.465714
2016-08-26,41.253029
2016-08-29,41.496094
2016-08-30,41.253029
2016-08-31,41.306190
2016-09-01,41.321381
2016-09-02,41.640427
2016-09-06,41.731556
2016-09-07,41.366974
2016-09-08,41.139080
2016-09-09,40.022499
2016-09-12,40.774502
2016-09-13,40.273170
2016-09-14,40.151627
2016-09-15,40.478241
2016-09-16,40.346798
2016-09-19,40.262718
2016-09-20,40.369713
2016-09-21,40.591358
2016-09-22,40.950584
2016-09-23,40.767155
2016-09-26,40.423225
2016-09-27,40.591358
2016-09-28,40.660152
2016-09-29,40.262718
2016-09-30,40.667789
2016-10-03,40.407932
2016-10-04,40.063999
2016-10-05,40.025795
2016-10-06,40.102215
2016-10-07,39.995220
2016-10-10,39.995220
2016-10-11,39.788864
2016-10-12,40.010502
2016-10-13,40.018139
2016-10-14,40.025795
2016-10-17,39.834713
2016-10-18,39.957008
2016-10-19,39.727718
2016-10-20,39.704784
2016-10-21,39.918793
2016-10-24,40.178654
2016-10-25,40.323860
2016-10-26,40.270355
2016-10-27,40.086933
2016-10-28,40.255070
2016-10-31,40.354443
2016-11-01,40.178654
2016-11-02,40.079288
2016-11-03,39.804138
2016-11-04,39.444931
2016-11-07,40.109867
2016-11-08,40.277996
2016-11-09,39.727718
2016-11-10,38.665356
2016-11-11,38.627144
2016-11-14,38.558357
2016-11-15,38.795284
2016-11-16,38.802929
2016-11-17,38.734146
2016-11-18,38.596561
2016-11-21,38.856430
2016-11-22,39.055153
2016-11-23,38.841148
2016-11-25,39.146858
2016-11-28,39.230934
2016-11-29,39.284431
2016-11-30,38.657719
2016-12-01,38.405495
2016-12-02,38.650070
2016-12-05,38.695934
2016-12-06,38.810570
2016-12-07,39.368504
2016-12-08,39.208004
2016-12-09,39.773582
2016-12-12,39.934071
2016-12-13,40.117508
2016-12-14,39.681866
2016-12-15,39.850006
2016-12-16,40.077919
2016-12-19,40.154930
2016-12-20,40.077919
2016-12-21,40.070210
2016-12-22,40.008625
2016-12-23,40.085617
2016-12-27,40.077919
2016-12-28,39.831516
2016-12-29,40.016331
2016-12-30,39.816128
2017-01-03,39.962418
2017-01-04,39.962418
2017-01-05,40.093315
2017-01-06,40.131821
2017-01-09,39.808422
2017-01-10,39.608227
2017-01-11,39.685234
2017-01-12,39.646717
2017-01-13,39.669827
2017-01-17,40.231918
2017-01-18,40.370510
2017-01-19,40.224224
2017-01-20,40.486015
2017-01-23,40.470619
2017-01-24,40.740101
2017-01-25,40.732414
2017-01-26,40.555309
2017-01-27,40.332005
2017-01-30,40.301212
2017-01-31,40.493713
2017-02-01,40.178017
2017-02-02,40.547611
2017-02-03,40.809399
2017-02-06,40.586102
2017-02-07,40.917206
2017-02-08,41.086597
2017-02-09,41.256001
2017-02-10,41.286797
2017-02-13,41.286797
2017-02-14,41.294495
2017-02-15,41.671795
2017-02-16,41.725700
2017-02-17,41.933590
2017-02-21,42.310890
2017-02-22,42.318584
2017-02-23,42.418682
2017-02-24,42.564987
2017-02-27,42.372498
2017-02-28,42.426384
2017-03-01,42.626575
2017-03-02,42.618881
2017-03-03,42.457176
2017-03-06,42.272396
2017-03-07,42.218487
2017-03-08,42.126091
2017-03-09,42.195377
2017-03-10,42.387890
2017-03-13,42.418682
2017-03-14,42.295479
2017-03-15,42.611183
2017-03-16,42.672764
2017-03-17,42.556671
2017-03-20,42.641815
2017-03-21,42.603123
2017-03-22,42.517971
2017-03-23,42.425087
2017-03-24,42.339943
2017-03-27,42.301239
2017-03-28,42.378647
2017-03-29,42.456055
2017-03-30,42.370903
2017-03-31,42.247063
2017-04-03,42.177402
2017-04-04,42.301239
2017-04-05,42.223835
2017-04-06,42.223835
2017-04-07,42.339943
2017-04-10,42.463787
2017-04-11,42.479279
2017-04-12,42.641815
2017-04-13,42.448315
2017-04-17,42.750172
2017-04-18,42.943695
2017-04-19,42.781139
2017-04-20,42.696007
2017-04-21,42.572163
2017-04-24,42.959175
2017-04-25,43.129471
2017-04-26,42.781139
2017-04-27,42.726959
2017-04-28,42.711491
2017-05-01,42.548935
2017-05-02,42.262531
2017-05-03,42.301239
2017-05-04,42.626335
2017-05-05,42.742455
2017-05-08,42.726959
2017-05-09,42.572163
2017-05-10,42.603123
2017-05-11,42.665047
2017-05-12,42.541187
2017-05-15,42.680527
2017-05-16,42.641815
2017-05-17,42.579891
2017-05-18,42.610859
2017-05-19,42.843063
2017-05-22,43.083038
2017-05-23,43.129471
2017-05-24,43.299751
2017-05-25,43.570671
2017-05-26,43.733219
2017-05-30,43.717728
2017-05-31,43.841587
2017-06-01,44.197636
2017-06-02,44.329227
2017-06-05,44.375671
2017-06-06,44.267292
2017-06-07,44.251827
2017-06-08,43.918980
2017-06-09,43.864799
2017-06-12,43.857052
2017-06-13,43.926727
2017-06-14,44.205379
2017-06-15,44.104763
2017-06-16,43.641438
2017-06-19,43.852028
2017-06-20,43.680428
2017-06-21,43.555630
2017-06-22,43.267025
2017-06-23,43.282623
2017-06-26,43.454227
2017-06-27,43.079811
2017-06-28,43.235821
2017-06-29,42.775627
2017-06-30,42.853615
2017-07-03,42.814621
2017-07-05,42.783421
2017-07-06,42.541630
2017-07-07,42.518215
2017-07-10,42.221813
2017-07-11,42.104816
2017-07-12,42.338825
2017-07-13,42.346615
2017-07-14,42.682018
2017-07-17,42.728813
2017-07-18,42.728813
2017-07-19,42.884819
2017-07-20,42.892620
2017-07-21,42.962826
2017-07-24,42.822422
2017-07-25,43.118820
2017-07-26,43.111015
2017-07-27,43.532227
2017-07-28,43.165619
2017-07-31,43.150028
2017-08-01,43.103226
2017-08-02,43.072033
2017-08-03,43.033012
2017-08-04,42.916027
2017-08-07,43.235821
2017-08-08,43.072033
2017-08-09,43.142227
2017-08-10,42.962826
2017-08-11,42.994026
2017-08-14,43.204620
2017-08-15,43.423027
2017-08-16,43.571228
2017-08-17,43.173416
2017-08-18,43.056419
2017-08-21,43.212425
2017-08-22,43.220222
2017-08-23,43.095421
2017-08-24,42.502625
2017-08-25,42.643024
2017-08-28,42.518215
2017-08-29,42.666416
2017-08-30,42.658627
2017-08-31,42.674225
2017-09-01,42.877018
2017-09-05,42.939423
2017-09-06,43.118820
2017-09-07,43.181213
2017-09-08,42.970615
2017-09-11,43.235821
2017-09-12,43.329426
2017-09-13,43.352829
2017-09-14,43.267025
2017-09-15,43.342377
2017-09-18,43.405170
2017-09-19,43.271736
2017-09-20,42.855728
2017-09-21,42.447578
2017-09-22,42.322002
2017-09-25,42.628120
2017-09-26,42.730145
2017-09-27,42.400497
2017-09-28,42.400497
2017-09-29,42.369102
2017-10-02,42.290611
2017-10-03,42.337704
2017-10-04,42.471138
2017-10-05,42.659504
2017-10-06,42.235657
2017-10-09,42.117924
2017-10-10,42.486835
2017-10-11,42.573170
2017-10-12,42.753685
2017-10-13,42.832195
2017-10-16,42.847900
2017-10-17,42.690907
2017-10-18,42.635960
2017-10-19,42.408340
2017-10-20,42.306309
2017-10-23,42.274902
2017-10-24,42.125782
2017-10-25,42.008041
2017-10-26,42.039440
2017-10-27,41.678375
2017-10-30,41.325191
2017-10-31,41.670536
2017-11-01,41.803967
2017-11-02,41.701923
2017-11-03,41.709774
2017-11-06,41.262390
2017-11-07,41.725464
2017-11-08,42.180714
2017-11-09,42.172867
2017-11-10,42.604572
2017-11-13,42.847900
2017-11-14,42.997013
2017-11-15,42.541771
2017-11-16,43.130463
2017-11-17,42.981316
2017-11-20,42.934219
2017-11-21,43.075520
2017-11-22,43.020569
2017-11-24,42.989174
2017-11-27,43.012714
2017-11-28,43.365925
2017-11-29,43.593536
2017-11-30,43.993843
2017-12-01,44.103729
2017-12-04,44.519726
2017-12-05,44.449100
2017-12-06,44.731659
2017-12-07,44.299961
2017-12-08,44.417702
2017-12-11,44.409847
2017-12-12,44.417702
2017-12-13,44.668861
2017-12-14,44.472637
2017-12-15,44.977131
2017-12-18,44.953400
2017-12-19,45.008762
2017-12-20,44.929680
2017-12-21,44.898041
2017-12-22,44.969223
2017-12-26,45.072029
2017-12-27,45.064117
2017-12-28,44.992943
2017-12-29,44.985027
2018-01-02,44.708271
2018-01-03,44.692463
2018-01-04,44.818989
2018-01-05,45.016663
2018-01-08,45.127365
2018-01-09,45.064117
2018-01-10,44.842693
2018-01-11,44.779446
2018-01-12,44.795265
2018-01-16,45.000851
2018-01-17,45.514832
2018-01-18,45.380398
2018-01-19,45.886482
2018-01-22,46.234409
2018-01-23,46.084145
2018-01-24,46.179043
2018-01-25,46.202778
2018-01-26,46.424175
2018-01-29,46.242313
2018-01-30,45.933914
2018-01-31,45.720421
2018-02-01,45.522739
2018-02-02,44.652927
2018-02-05,43.031906
2018-02-06,43.506359
2018-02-07,43.316574
2018-02-08,42.383514
2018-02-09,42.470493
2018-02-12,42.905396
2018-02-13,43.103073
2018-02-14,43.079353
2018-02-15,43.791023
2018-02-16,43.964981
2018-02-20,42.968651
2018-02-21,42.454678
2018-02-22,42.565392
2018-02-23,42.976562
2018-02-26,43.245422
2018-02-27,42.676075
2018-02-28,42.233273
2018-03-01,42.138382
2018-03-02,42.494202
2018-03-05,42.865852
2018-03-06,42.897491
2018-03-07,42.510021
2018-03-08,42.897491
2018-03-09,43.174240
2018-03-12,43.095181
2018-03-13,43.063534
2018-03-14,42.628651
2018-03-15,42.328167
2018-03-16,42.343277
2018-03-19,41.929779
2018-03-20,41.810501
2018-03-21,41.293636
2018-03-22,40.951702
2018-03-23,40.442783
2018-03-26,41.023277
2018-03-27,40.999416
2018-03-28,41.563995
2018-03-29,41.850258
2018-04-02,40.824478
2018-04-03,41.365200
2018-04-04,42.009289
2018-04-05,42.112671
2018-04-06,41.683262
2018-04-09,41.659416
2018-04-10,41.754833
2018-04-11,41.675312
2018-04-12,41.611706
2018-04-13,41.818451
2018-04-16,42.271709
2018-04-17,42.367126
2018-04-18,42.049046
2018-04-19,40.832424
2018-04-20,40.148575
2018-04-23,40.100857
2018-04-24,39.846405
2018-04-25,39.917973
2018-04-26,40.156528
2018-04-27,40.371227
2018-04-30,40.116768
2018-05-01,39.766895
2018-05-02,38.987614
2018-05-03,38.947861
2018-05-04,39.512428
2018-05-07,39.265923
2018-05-08,39.106888
2018-05-09,39.162548
2018-05-10,39.393162
2018-05-11,39.393162
2018-05-14,39.377251
2018-05-15,39.226173
2018-05-16,39.504482
2018-05-17,39.639656
2018-05-18,39.393162
2018-05-21,39.560143
2018-05-22,39.488571
2018-05-23,39.631702
2018-05-24,39.599899
2018-05-25,39.663521
2018-05-29,39.576042
2018-05-30,40.132675
2018-05-31,39.488571
2018-06-01,39.488571
2018-06-04,39.814594
2018-06-05,39.631702
2018-06-06,39.679417
2018-06-07,39.925919
2018-06-08,40.418934
2018-06-11,40.752903
2018-06-12,40.832424
2018-06-13,40.705189
2018-06-14,40.776775
2018-06-15,41.300850
2018-06-18,40.699837
2018-06-19,40.916199
2018-06-20,40.956261
2018-06-21,41.036396
2018-06-22,41.372955
2018-06-25,41.581299
2018-06-26,41.405018
2018-06-27,41.316868
2018-06-28,41.316868
2018-06-29,41.292828
2018-07-02,41.052422
2018-07-03,41.148579
2018-07-05,41.717533
2018-07-06,41.845745
2018-07-09,41.685482
2018-07-10,42.182297
2018-07-11,42.046089
2018-07-12,41.989990
2018-07-13,42.262451
2018-07-16,42.062107
2018-07-17,42.422710
2018-07-18,42.078133
2018-07-19,42.102184
2018-07-20,42.358593
2018-07-23,42.094158
2018-07-24,42.174297
2018-07-25,42.494831
2018-07-26,42.719200
2018-07-27,42.775303
2018-07-30,42.727219
2018-07-31,42.927555
2018-08-01,42.566948
2018-08-02,42.999668
2018-08-03,43.504509
2018-08-06,43.544582
2018-08-07,43.280136
2018-08-08,42.951599
2018-08-09,42.823383
2018-08-10,42.663113
2018-08-13,42.663113
2018-08-14,42.959610
2018-08-15,43.135899
2018-08-16,43.752926
2018-08-17,44.089497
2018-08-20,44.065453
2018-08-21,43.752926
2018-08-22,43.480465
2018-08-23,43.376301
2018-08-24,43.320217
2018-08-27,43.344238
2018-08-28,43.200005
2018-08-29,43.248085
2018-08-30,43.111870
2018-08-31,43.095825
2018-09-04,43.039730
2018-09-05,43.536579
2018-09-06,43.656761
2018-09-07,43.568626
2018-09-10,43.720875
2018-09-11,43.560608
2018-09-12,44.065453
2018-09-13,44.001328
2018-09-14,43.881142
2018-09-17,44.041412
2018-09-18,43.857098
2018-09-19,43.776962
2018-09-20,44.329880
2018-09-21,44.400913
2018-09-24,43.723022
2018-09-25,43.464798
2018-09-26,43.513206
2018-09-27,43.456715
2018-09-28,43.521282
2018-10-01,43.488998
2018-10-02,43.739155
2018-10-03,43.271107
2018-10-04,43.166203
2018-10-05,43.125858
2018-10-08,43.723022
2018-10-09,43.626202
2018-10-10,43.101643
2018-10-11,42.036415
2018-10-12,42.270447
2018-10-15,42.528667
2018-10-16,43.004791
2018-10-17,43.206558
2018-10-18,43.150063
2018-10-19,44.134602
2018-10-22,43.803726
2018-10-23,43.997402
2018-10-24,44.183018
2018-10-25,44.287918
2018-10-26,43.440578
2018-10-29,43.940918
2018-10-30,44.812466
2018-10-31,44.392830
2018-11-01,44.707573
2018-11-02,44.473541
2018-11-05,45.030361
2018-11-06,45.304745
2018-11-07,45.562973
2018-11-08,45.587196
2018-11-09,45.853500
2018-11-12,45.611401
2018-11-13,45.506493
2018-11-14,45.199821
2018-11-15,45.127197
2018-11-16,45.240173
2018-11-19,45.167553
2018-11-20,44.417046
2018-11-21,44.061966
2018-11-23,44.215298
2018-11-26,44.271790
2018-11-27,44.667202
2018-11-28,45.038433
2018-11-29,45.111069
2018-11-30,45.401581
2018-12-03,45.441921
2018-12-04,44.675285
2018-12-06,44.723701
2018-12-07,44.158810
2018-12-10,44.158810
2018-12-11,44.521957
2018-12-12,44.465462
2018-12-13,44.739834
2018-12-14,43.981274
2018-12-17,42.964455
2018-12-18,42.456043
2018-12-19,42.044479
2018-12-20,41.293968
2018-12-21,40.865601
2018-12-24,39.684757
2018-12-26,40.792316
2018-12-27,41.183220
2018-12-28,41.183220
2018-12-31,41.354229
2019-01-02,41.109921
2019-01-03,40.873756
2019-01-04,41.745144
2019-01-07,41.688133
2019-01-08,42.070889
2019-01-09,41.679989
2019-01-10,41.924301
2019-01-11,42.046459
2019-01-14,41.842873
2019-01-15,42.258186
2019-01-16,42.030167
2019-01-17,42.209332
2019-01-18,42.714260
2019-01-22,42.323349
2019-01-23,42.828266
2019-01-24,42.298916
2019-01-25,42.127888
2019-01-28,42.307064
2019-01-29,42.404789
2019-01-30,42.689812
2019-01-31,43.479763
2019-02-01,43.341328
2019-02-04,43.618210
2019-02-05,43.626358
2019-02-06,43.634495
2019-02-07,43.601940
2019-02-08,43.805527
2019-02-11,43.919529
2019-02-12,44.261574
2019-02-13,44.343010
2019-02-14,43.846241
2019-02-15,44.261574
2019-02-19,44.489594
2019-02-20,44.408150
2019-02-21,44.538475
2019-02-22,44.326725
2019-02-25,44.082417
2019-02-26,44.106838
2019-02-27,44.041698
2019-02-28,44.253429
2019-03-01,44.171989
2019-03-04,44.098698
2019-03-05,44.066124
2019-03-06,44.000961
2019-03-07,43.715931
2019-03-08,43.740364
2019-03-11,44.310440
2019-03-12,44.326725
2019-03-13,44.579185
2019-03-14,44.538475
2019-03-15,44.790668
2019-03-18,44.856182
2019-03-19,44.823418
2019-03-20,44.635082
2019-03-21,45.159149
2019-03-22,45.101830
2019-03-25,45.191895
2019-03-26,45.576752
2019-03-27,45.421169
2019-03-28,45.642265
2019-03-29,45.945236
2019-04-01,45.789646
2019-04-02,45.412991
2019-04-03,45.191895
2019-04-04,45.363861
2019-04-05,45.519432
2019-04-08,45.707760
2019-04-09,45.650448
2019-04-10,45.781464
2019-04-11,45.871540
2019-04-12,46.018932
2019-04-15,46.289139
2019-04-16,46.297325
2019-04-17,46.526608
2019-04-18,46.567547
2019-04-22,46.583927
2019-04-23,46.436535
2019-04-24,46.534798
2019-04-25,46.240017
2019-04-26,46.657616
2019-04-29,46.714951
2019-04-30,47.255371
2019-05-01,46.674007
2019-05-02,46.657616
2019-05-03,47.009731
2019-05-06,46.936024
2019-05-07,46.469288
2019-05-08,46.461102
2019-05-09,46.362839
2019-05-10,46.927845
2019-05-13,46.485672
2019-05-14,46.706753
2019-05-15,47.075233
2019-05-16,47.443710
2019-05-17,47.288136
2019-05-20,47.173504
2019-05-21,47.075233
2019-05-22,47.288136
2019-05-23,47.271755
2019-05-24,47.099800
2019-05-28,46.330086
2019-05-29,45.994358
2019-05-30,46.190887
2019-05-31,45.535816
2019-06-03,46.109001
2019-06-04,46.526608
2019-06-05,47.058865
2019-06-06,47.550171
2019-06-07,48.008717
2019-06-10,48.025093
2019-06-11,48.180676
2019-06-12,48.254368
2019-06-13,48.360821
2019-06-14,48.385391
2019-06-17,48.246178
2019-06-18,47.984142
2019-06-19,48.180676
2019-06-20,48.606472
2019-06-21,48.448875
2019-06-24,48.572651
2019-06-25,48.547886
2019-06-26,47.854816
2019-06-27,47.945568
2019-06-28,47.912567
2019-07-01,48.201347
2019-07-02,48.622147
2019-07-03,49.224461
2019-07-05,49.009930
2019-07-08,49.075939
2019-07-09,48.787163
2019-07-10,49.100689
2019-07-11,49.224461
2019-07-12,49.364716
2019-07-15,49.480232
2019-07-16,49.496742
2019-07-17,49.438980
2019-07-18,49.769005
2019-07-19,49.455482
2019-07-22,49.166691
2019-07-23,49.521492
2019-07-24,49.191448
2019-07-25,49.257458
2019-07-26,49.810265
2019-07-29,49.901024
2019-07-30,50.049545
2019-07-31,49.034683
2019-08-01,48.861427
2019-08-02,48.869678
2019-08-05,47.599049
2019-08-06,48.028084
2019-08-07,48.589149
2019-08-08,49.216209
2019-08-09,48.943924
2019-08-12,48.613903
2019-08-13,49.166691
2019-08-14,48.391125
2019-08-15,49.117195
2019-08-16,49.678246
2019-08-19,50.173309
2019-08-20,49.628746
2019-08-21,49.760765
2019-08-22,50.024796
2019-08-23,49.191448
2019-08-26,49.802021
2019-08-27,49.661751
2019-08-28,50.140301
2019-08-29,50.165051
2019-08-30,50.099049
2019-09-03,50.387817
2019-09-04,50.841621
2019-09-05,50.528091
2019-09-06,50.693092
2019-09-09,50.577602
2019-09-10,50.264061
2019-09-11,50.445587
2019-09-12,50.651840
2019-09-13,50.363068
2019-09-16,49.876270
2019-09-17,50.148544
2019-09-18,50.231060
2019-09-19,50.222809
2019-09-20,50.063454
2019-09-23,50.262646
2019-09-24,50.470127
2019-09-25,50.503334
2019-09-26,50.785526
2019-09-27,50.727425
2019-09-30,50.976406
2019-10-01,50.843624
2019-10-02,49.822754
2019-10-03,50.171345
2019-10-04,50.959824
2019-10-07,50.544834
2019-10-08,50.063454
2019-10-09,50.445244
2019-10-10,50.544834
2019-10-11,50.495045
2019-10-14,50.246044
2019-10-15,50.030262
2019-10-16,50.080051
2019-10-17,50.312435
2019-10-18,50.412037
2019-10-21,50.578033
2019-10-22,50.594624
2019-10-23,50.827015
2019-10-24,51.001320
2019-10-25,50.702518
2019-10-28,50.602940
2019-10-29,50.602940
2019-10-30,50.835323
2019-10-31,50.760624
2019-11-01,50.752316
2019-11-04,50.262646
2019-11-05,50.428638
2019-11-06,50.636127
2019-11-07,50.461838
2019-11-08,50.428638
2019-11-11,50.353939
2019-11-12,50.519943
2019-11-13,50.901722
2019-11-14,50.885124
2019-11-15,50.901722
2019-11-18,51.167301
2019-11-19,51.100906
2019-11-20,51.217106
2019-11-21,50.959824
2019-11-22,50.876816
2019-11-25,50.934917
2019-11-26,51.349911
2019-11-27,51.474396
2019-11-29,51.457798
2019-12-02,51.573986
2019-12-03,51.490997
2019-12-04,51.831272
2019-12-05,51.814686
2019-12-06,52.013878
2019-12-09,52.055374
2019-12-10,51.889378
2019-12-11,51.964066
2019-12-12,51.922581
2019-12-13,52.105164
2019-12-16,52.287746
2019-12-17,52.204765
2019-12-18,52.121754
2019-12-19,52.403950
2019-12-20,52.799744
2019-12-23,52.573818
2019-12-24,52.640759
2019-12-26,52.690964
2019-12-27,52.925255
2019-12-30,52.649124
2019-12-31,52.699326
2020-01-02,52.280945
2020-01-03,52.197285
2020-01-06,52.306057
2020-01-07,51.904404
2020-01-08,52.096855
2020-01-09,52.465042
2020-01-10,52.431572
2020-01-13,52.774639
2020-01-14,52.791367
2020-01-15,53.167915
2020-01-16,53.310181
2020-01-17,53.402206
2020-01-21,53.586292
2020-01-22,53.628132
2020-01-23,53.577934
2020-01-24,53.209755
2020-01-27,53.042400
2020-01-28,53.109348
2020-01-29,52.841579
2020-01-30,53.469147
2020-01-31,52.866680
2020-02-03,52.866680
2020-02-04,53.184658
2020-02-05,53.611401
2020-02-06,53.703449
2020-02-07,53.770401
2020-02-10,53.996326
2020-02-11,53.795494
2020-02-12,53.770401
2020-02-13,54.088371
2020-02-14,54.213875
2020-02-18,54.021412
2020-02-19,53.962852
2020-02-20,54.004692
2020-02-21,54.096725
2020-02-24,52.849945
2020-02-25,51.896038
2020-02-26,51.603180
2020-02-27,49.502892
2020-02-28,48.523880
2020-03-02,51.117840
2020-03-03,50.423340
2020-03-04,52.900146
2020-03-05,51.904404
2020-03-06,51.494389
2020-03-09,49.251865
2020-03-10,50.666000
2020-03-11,48.180813
2020-03-12,43.653927
2020-03-13,47.369160
2020-03-16,44.155979
2020-03-17,47.879581
2020-03-18,46.649540
2020-03-19,45.093166
2020-03-20,42.172852
2020-03-23,40.924831
2020-03-24,43.011890
2020-03-25,42.894073
2020-03-26,45.242001
2020-03-27,45.031620
2020-03-30,46.790462
2020-03-31,45.839512
2020-04-01,45.065277
2020-04-02,46.218201
2020-04-03,46.580078
2020-04-06,48.313686
2020-04-07,47.758255
2020-04-08,48.465164
2020-04-09,48.919598
2020-04-13,48.557735
2020-04-14,50.619549
2020-04-15,49.820072
2020-04-16,50.148277
2020-04-17,50.914085
2020-04-20,49.912628
2020-04-21,48.852272
2020-04-22,49.323547
2020-04-23,48.885937
2020-04-24,49.407700
2020-04-27,49.550781
2020-04-28,49.828484
2020-04-29,49.618095
2020-04-30,49.029011
2020-05-01,48.490406
2020-05-04,48.465164
2020-05-05,48.507244
2020-05-06,47.977055
2020-05-07,47.842415
2020-05-08,48.911182
2020-05-11,48.843864
2020-05-12,48.431507
2020-05-13,47.993893
2020-05-14,47.876064
2020-05-15,48.296844
2020-05-18,49.062660
2020-05-19,48.162201
2020-05-20,48.734459
2020-05-21,48.195862
2020-05-22,48.364178
2020-05-26,48.625046
2020-05-27,49.357212
2020-05-28,49.794823
2020-05-29,49.845318
2020-06-01,50.190353
2020-06-02,50.324997
2020-06-03,50.392319
2020-06-04,50.148277
2020-06-05,50.846756
2020-06-08,51.393776
2020-06-09,50.972988
2020-06-10,50.829933
2020-06-11,48.902771
2020-06-12,48.911182
2020-06-15,49.475033
2020-06-16,50.249260
2020-06-17,50.173519
2020-06-18,50.434406
2020-06-19,50.173519
2020-06-22,50.030193
2020-06-23,49.953861
2020-06-24,49.114227
2020-06-25,49.461948
2020-06-26,48.452705
2020-06-29,49.368656
2020-06-30,49.733345
2020-07-01,49.775757
2020-07-02,50.030193
2020-07-06,50.276134
2020-07-07,50.734116
2020-07-08,50.606907
2020-07-09,50.208298
2020-07-10,51.132736
2020-07-13,51.056400
2020-07-14,51.802746
2020-07-15,51.845150
2020-07-16,51.955414
2020-07-17,52.235287
2020-07-20,51.709461
2020-07-21,52.158951
2020-07-22,52.574532
2020-07-23,52.761108
2020-07-24,52.693268
2020-07-27,52.956177
2020-07-28,53.151253
2020-07-29,53.227566
2020-07-30,53.227566
2020-07-31,53.176693
2020-08-03,53.032513
2020-08-04,53.694042
2020-08-05,53.583775
2020-08-06,53.575294
2020-08-07,53.863651
2020-08-10,54.143543
2020-08-11,53.770370
2020-08-12,54.465824
2020-08-13,54.423420
2020-08-14,54.414932
2020-08-17,54.720253
2020-08-18,54.940762
2020-08-19,54.508217
2020-08-20,54.397972
2020-08-21,54.533676
2020-08-24,55.000134
2020-08-25,54.881393
2020-08-26,54.949245
2020-08-27,55.288494
2020-08-28,55.780392
2020-08-31,55.619251
2020-09-01,55.678627
2020-09-02,56.687881
2020-09-03,55.712547
2020-09-04,55.585331
2020-09-08,54.414932
2020-09-09,55.203678
2020-09-10,54.525192
2020-09-11,54.830513
2020-09-14,55.186707
2020-09-15,55.110386
2020-09-16,54.864437
2020-09-17,54.516701
2020-09-18,54.016323
2020-09-21,53.604240
2020-09-22,53.919914
2020-09-23,53.109421
2020-09-24,53.501865
2020-09-25,53.783409
2020-09-28,54.389149
2020-09-29,54.030823
2020-09-30,54.687752
2020-10-01,54.994892
2020-10-02,54.687752
2020-10-05,55.054623
2020-10-06,54.696297
2020-10-07,55.284973
2020-10-08,55.651840
2020-10-09,56.086933
2020-10-12,56.735348
2020-10-13,56.692696
2020-10-14,56.402626
2020-10-15,56.436756
2020-10-16,56.453808
2020-10-19,55.720085
2020-10-20,55.660362
2020-10-21,55.711559
2020-10-22,55.685963
2020-10-23,55.788334
2020-10-26,55.071682
2020-10-27,54.926643
2020-10-28,53.322704
2020-10-29,53.305622
2020-10-30,53.117931
2020-11-02,53.962574
2020-11-03,54.849857
2020-11-04,54.875454
2020-11-05,55.276443
2020-11-06,55.532394
2020-11-09,55.404423
2020-11-10,56.496456
2020-11-11,56.982765
2020-11-12,56.829201
2020-11-13,57.614101
2020-11-16,58.143082
2020-11-17,57.733543
2020-11-18,56.940109
2020-11-19,57.093674
2020-11-20,56.735348
2020-11-23,56.752419
2020-11-24,57.136341
2020-11-25,57.102200
2020-11-27,57.093674
2020-11-30,57.085163
2020-12-01,57.588516
2020-12-02,57.110741
2020-12-03,57.255775
2020-12-04,57.699425
2020-12-07,57.477608
2020-12-08,57.793266
2020-12-09,57.562927
2020-12-10,57.306973
2020-12-11,57.434944
2020-12-14,57.213112
2020-12-15,57.349636
2020-12-16,57.460533
2020-12-17,57.827404
2020-12-18,57.955364
2020-12-21,57.330795
2020-12-22,56.926445
2020-12-23,57.115719
2020-12-24,57.399609
2020-12-28,57.855579
2020-12-29,57.683510
2020-12-30,57.623295
2020-12-31,58.027645
2021-01-04,57.399609
2021-01-05,57.399609
2021-01-06,57.442631
2021-01-07,57.270569
2021-01-08,57.554482
2021-01-11,57.064106
2021-01-12,56.874832
2021-01-13,56.960865
2021-01-14,56.659756
2021-01-15,56.461880
2021-01-19,56.212402
2021-01-20,56.315628
2021-01-21,56.126362
2021-01-22,55.980110
2021-01-25,56.539314
2021-01-26,57.046898
2021-01-27,56.083355
2021-01-28,56.298428
2021-01-29,55.137001
2021-02-01,55.188633
2021-02-02,55.558571
2021-02-03,55.644600
2021-02-04,56.048931
2021-02-05,56.573734
2021-02-08,56.788792
2021-02-09,56.737167
2021-02-10,56.676952
2021-02-11,56.427464
2021-02-12,56.513496
2021-02-16,56.410255
2021-02-17,56.616734
2021-02-18,56.582317
2021-02-19,55.868282
2021-02-22,55.919899
2021-02-23,55.997311
2021-02-24,55.962906
2021-02-25,55.352085
2021-02-26,54.457367
2021-03-01,55.007977
2021-03-02,54.913334
2021-03-03,54.655243
2021-03-04,54.457367
2021-03-05,55.661793
2021-03-08,55.902687
2021-03-09,55.851067
2021-03-10,56.582317
2021-03-11,56.444687
2021-03-12,56.909256
2021-03-15,57.158726
2021-03-16,57.227551
2021-03-17,57.141525
2021-03-18,56.909256
2021-03-19,57.107109
2021-03-22,57.709980
2021-03-23,57.952164
2021-03-24,57.727291
2021-03-25,58.289505
2021-03-26,59.318813
2021-03-29,59.915619
2021-03-30,59.275551
2021-03-31,59.085274
2021-04-01,58.799843
2021-04-05,59.552368
2021-04-06,59.803188
2021-04-07,59.656158
2021-04-08,59.716694
2021-04-09,59.612896
2021-04-12,59.932922
2021-04-13,59.612896
2021-04-14,59.560993
2021-04-15,60.036728
2021-04-16,60.382713
2021-04-19,60.149174
2021-04-20,60.477852
2021-04-21,60.780590
2021-04-22,60.330807
2021-04-23,60.175121
2021-04-26,59.500462
2021-04-27,59.457211
2021-04-28,59.500462
2021-04-29,60.131870
2021-04-30,60.183773
2021-05-03,60.676807
2021-05-04,60.365406
2021-05-05,60.322170
2021-05-06,61.100624
2021-05-07,61.100624
2021-05-10,61.567696
2021-05-11,61.031410
2021-05-12,60.218376
2021-05-13,61.066013
2021-05-14,61.334164
2021-05-17,61.247673
2021-05-18,61.057369
2021-05-19,60.858448
2021-05-20,61.420662
2021-05-21,61.429302
2021-05-24,61.610962
2021-05-25,61.628239
2021-05-26,61.498508
2021-05-27,61.117928
2021-05-28,61.247673
2021-06-01,61.040081
2021-06-02,61.264965
2021-06-03,61.645546
2021-06-04,61.861797
2021-06-07,61.757992
2021-06-08,61.239037
2021-06-09,60.944935
2021-06-10,61.325512
2021-06-11,61.360142
2021-06-14,61.325512
2021-06-15,61.178463
2021-06-16,60.365406
2021-06-17,60.581635
2021-06-18,59.509098
2021-06-21,60.191628
2021-06-22,60.278702
2021-06-23,59.904346
2021-06-24,60.200340
2021-06-25,60.661743
2021-06-28,60.713985
2021-06-29,60.444111
2021-06-30,60.914219
2021-07-01,60.731396
2021-07-02,60.879387
2021-07-06,60.626934
2021-07-07,60.949032
2021-07-08,60.722679
2021-07-09,61.070915
2021-07-12,60.975155
2021-07-13,60.957729
2021-07-14,61.497498
2021-07-15,61.749966
2021-07-16,61.845722
2021-07-19,61.662910
2021-07-20,61.680305
2021-07-21,61.523628
2021-07-22,61.419155
2021-07-23,62.159157
2021-07-26,62.263596
2021-07-27,62.394188
2021-07-28,61.845722
2021-07-29,62.150429
2021-07-30,62.254913
2021-08-02,61.993752
2021-08-03,62.272312
2021-08-04,61.462666
2021-08-05,61.758678
2021-08-06,61.758678
2021-08-09,61.985020
2021-08-10,62.429020
2021-08-11,62.637955
2021-08-12,62.603146
2021-08-13,63.125484
2021-08-16,63.491112
2021-08-17,63.525925
2021-08-18,62.733711
2021-08-19,63.238659
2021-08-20,63.343140
2021-08-23,63.142895
2021-08-24,62.664082
2021-08-25,62.559612
2021-08-26,62.272312
2021-08-27,62.489944
2021-08-30,62.768532
2021-08-31,62.907845
2021-09-01,63.238659
2021-09-02,63.482410
2021-09-03,63.404060
2021-09-07,62.672783
2021-09-08,63.212536
2021-09-09,62.846893
2021-09-10,62.577007
2021-09-13,62.733711
2021-09-14,62.446430
2021-09-15,62.672783
2021-09-16,62.463844
2021-09-17,62.124325
2021-09-20,61.504108
2021-09-21,61.434021
2021-09-22,61.609230
2021-09-23,61.836987
2021-09-24,61.863255
2021-09-27,61.582932
2021-09-28,60.855865
2021-09-29,61.407749
2021-09-30,60.303993
2021-10-01,60.461670
2021-10-04,60.268932
2021-10-05,60.575550
2021-10-06,61.162460
2021-10-07,61.434021
2021-10-08,61.363949
2021-10-11,61.346424
2021-10-12,61.372696
2021-10-13,61.486591
2021-10-14,62.178635
2021-10-15,62.029694
2021-10-18,61.661785
2021-10-19,61.688065
2021-10-20,62.047211
2021-10-21,61.968384
2021-10-22,62.450184
2021-10-25,62.406380
2021-10-26,62.625393
2021-10-27,62.257462
2021-10-28,62.476463
2021-10-29,62.415150
2021-11-01,62.511494
2021-11-02,62.931980
2021-11-03,63.518906
2021-11-04,63.580235
2021-11-05,63.948166
2021-11-08,63.440063
2021-11-09,63.659073
2021-11-10,63.851803
2021-11-11,63.807980
2021-11-12,63.807980
2021-11-15,64.114601
2021-11-16,63.711624
2021-11-17,63.571461
2021-11-18,63.343689
2021-11-19,63.115952
2021-11-22,63.615273
2021-11-23,64.035728
2021-11-24,63.843052
2021-11-26,63.037094
2021-11-29,63.194767
2021-11-30,61.574188
2021-12-01,61.276344
2021-12-02,61.924587
2021-12-03,62.695469
2021-12-06,63.799221
2021-12-07,63.939377
2021-12-08,63.737911
2021-12-09,63.913116
2021-12-10,64.990585
2021-12-13,65.840317
2021-12-14,65.884102
2021-12-15,66.549866
2021-12-16,67.022926
2021-12-17,65.875359
2021-12-20,65.894768
2021-12-21,65.806541
2021-12-22,66.221115
2021-12-23,66.371048
2021-12-27,67.076645
2021-12-28,67.455925
2021-12-29,67.764618
2021-12-30,67.552925
2021-12-31,68.011574
2022-01-03,68.002762
2022-01-04,68.461403
2022-01-05,68.399673
2022-01-06,68.214432
2022-01-07,68.285004
2022-01-10,67.746971
2022-01-11,67.667572
2022-01-12,67.694061
2022-01-13,67.817528
2022-01-14,67.941010
2022-01-18,66.961990
2022-01-19,67.385345
2022-01-20,66.944351
2022-01-21,66.997276
2022-01-24,66.776787
2022-01-25,66.035858
2022-01-26,65.533150
2022-01-27,65.974144
2022-01-28,66.750313
2022-01-31,67.006096
2022-02-01,66.944351
2022-02-02,67.746971
2022-02-03,67.764618
2022-02-04,66.935524
2022-02-07,67.059013
2022-02-08,67.314789
2022-02-09,67.332413
2022-02-10,66.609169
2022-02-11,66.371048
2022-02-14,66.185829
2022-02-15,66.300491
2022-02-16,66.423973
2022-02-17,66.935524
2022-02-18,67.059013
2022-02-22,66.538628
2022-02-23,66.000587
2022-02-24,64.862823
2022-02-25,66.953171
2022-02-28,66.062340
2022-03-01,65.674248
2022-03-02,66.371048
2022-03-03,66.909073
2022-03-04,66.917892
2022-03-07,65.700714
2022-03-08,63.927883
2022-03-09,64.360069
2022-03-10,63.751480
2022-03-11,63.010605
2022-03-14,63.345757
2022-03-15,64.765778
2022-03-16,64.836357
2022-03-17,65.286171
2022-03-18,65.436134
2022-03-21,65.520287
2022-03-22,66.007591
2022-03-23,65.475983
2022-03-24,65.936699
2022-03-25,66.486046
2022-03-28,66.760674
2022-03-29,67.354317
2022-03-30,67.398613
2022-03-31,67.239136
2022-04-01,67.912491
2022-04-04,67.699867
2022-04-05,67.761894
2022-04-06,68.621307
2022-04-07,69.454170
2022-04-08,69.746544
2022-04-11,69.463020
2022-04-12,69.480721
2022-04-13,69.870575
2022-04-14,69.852844
2022-04-18,69.276978
2022-04-19,70.331306
2022-04-20,71.385658
2022-04-21,71.323631
2022-04-22,70.207275
2022-04-25,70.517365
2022-04-26,69.427567
2022-04-27,69.684532
2022-04-28,70.712296
2022-04-29,68.789658
2022-05-02,67.885902
2022-05-03,67.691002
2022-05-04,69.214951
2022-05-05,67.903641
2022-05-06,67.974518
2022-05-09,67.947945
2022-05-10,67.478355
2022-05-11,67.185966
2022-05-12,67.168274
2022-05-13,68.178314
2022-05-16,68.488411
2022-05-17,68.018829
2022-05-18,63.641956
2022-05-19,62.507862
2022-05-20,62.640747
2022-05-23,63.934338
2022-05-24,64.979820
2022-05-25,64.997543
2022-05-26,65.688614
2022-05-27,66.450592
2022-05-31,65.981018
2022-06-01,65.121567
2022-06-02,66.069611
2022-06-03,65.405090
2022-06-06,65.431679
2022-06-07,65.777229
2022-06-08,64.970970
2022-06-09,63.996361
2022-06-10,63.721703
2022-06-13,62.348385
2022-06-14,61.612988
2022-06-15,61.674992
2022-06-16,61.205421
2022-06-17,60.983936
2022-06-21,62.611248
2022-06-22,62.566616
2022-06-23,63.780621
2022-06-24,65.030350
2022-06-27,64.851822
2022-06-28,63.985935
2022-06-29,64.387627
2022-06-30,64.432289
2022-07-01,65.360641
2022-07-05,64.941101
2022-07-06,65.128563
2022-07-07,65.191048
2022-07-08,65.074982
2022-07-11,64.985725
2022-07-12,64.798248
2022-07-13,64.842903
2022-07-14,64.896454
2022-07-15,65.110710
2022-07-18,64.476913
2022-07-19,65.155327
2022-07-20,64.717934
2022-07-21,64.914307
2022-07-22,65.342781
2022-07-25,65.664146
2022-07-26,65.512390
2022-07-27,65.958740
2022-07-28,67.012077
2022-07-29,66.494308
2022-08-01,67.324486
2022-08-02,66.788887
2022-08-03,67.226303
2022-08-04,66.779953
2022-08-05,66.628220
2022-08-08,66.592514
2022-08-09,66.494308
2022-08-10,66.985291
2022-08-11,66.824600
2022-08-12,67.404839
2022-08-15,68.074333
2022-08-16,68.842018
2022-08-17,68.645638
2022-08-18,68.877724
2022-08-19,68.654564
2022-08-22,67.958275
2022-08-23,67.663712
2022-08-24,67.833305
2022-08-25,68.145744
2022-08-26,66.458618
2022-08-29,66.351494
2022-08-30,65.664146
2022-08-31,65.262436
2022-09-01,65.628448
2022-09-02,64.771477
2022-09-06,64.405502
2022-09-07,65.565964
2022-09-08,65.396339
2022-09-09,66.039062
2022-09-12,66.297943
2022-09-13,64.084137
2022-09-14,64.057365
2022-09-15,63.521774
2022-09-16,63.673508
2022-09-19,64.096687
2022-09-20,63.746288
2022-09-21,63.503708
2022-09-22,63.413853
2022-09-23,62.335697
2022-09-26,62.380611
2022-09-27,61.302460
2022-09-28,62.039192
2022-09-29,61.014950
2022-09-30,59.954765
2022-10-03,60.988003
2022-10-04,61.913414
2022-10-05,61.554031
2022-10-06,60.655563
2022-10-07,59.748108
2022-10-10,59.963737
2022-10-11,60.457897
2022-10-12,60.781349
2022-10-13,61.787624
2022-10-14,60.673531
2022-10-17,61.329414
2022-10-18,62.129051
2022-10-19,61.841549
2022-10-20,60.979008
2022-10-21,61.913414
2022-10-24,63.027512
2022-10-25,63.854115
2022-10-26,64.276390
2022-10-27,64.330284
2022-10-28,65.740891
2022-10-31,65.354538
2022-11-01,65.147903
2022-11-02,64.015831
2022-11-03,63.800198
2022-11-04,64.554909
2022-11-07,65.129929
2022-11-08,65.318596
2022-11-09,64.608826
2022-11-10,66.127228
2022-11-11,66.055359
2022-11-14,65.534248
2022-11-15,66.082291
2022-11-16,66.405762
2022-11-17,66.387802
2022-11-18,67.097557
2022-11-21,67.735497
2022-11-22,68.229637
2022-11-23,68.463249
2022-11-25,68.508171
2022-11-28,68.247620
2022-11-29,67.987061
2022-11-30,69.352737
2022-12-01,69.038254
2022-12-02,69.352737
2022-12-05,68.481209
2022-12-06,68.058929
2022-12-07,68.346436
2022-12-08,68.714821
2022-12-09,68.184715
2022-12-12,68.903488
2022-12-13,68.804665
2022-12-14,68.759727
2022-12-15,67.591736
2022-12-16,67.259300
2022-12-19,67.216774
2022-12-20,67.162468
2022-12-21,67.832100
2022-12-22,67.678268
2022-12-23,68.031189
2022-12-27,68.356956
2022-12-28,67.506340
2022-12-29,67.795906
2022-12-30,67.461090
2023-01-03,67.207726
2023-01-04,67.470139
2023-01-05,66.791458
2023-01-06,68.574127
2023-01-09,67.904495
2023-01-10,67.814003
2023-01-11,67.850212
2023-01-12,67.316299
2023-01-13,67.633026
2023-01-17,67.678268
2023-01-18,65.832253
2023-01-19,65.207855
2023-01-20,65.714615
2023-01-23,65.922737
2023-01-24,66.194214
2023-01-25,66.357101
2023-01-26,66.121819
2023-01-27,65.931786
2023-01-30,66.013222
2023-01-31,66.728119
2023-02-01,67.262009
2023-02-02,66.682869
2023-02-03,66.420456
2023-02-06,66.501900
2023-02-07,66.221375
2023-02-08,65.714615
2023-02-09,65.425049
2023-02-10,66.031334
2023-02-13,66.782425
2023-02-14,66.176125
2023-02-15,66.302811
2023-02-16,65.823196
2023-02-17,66.673820
2023-02-21,66.420456
2023-02-22,66.320900
2023-02-23,66.239456
2023-02-24,65.796059
2023-02-27,65.723656
2023-02-28,65.180702
2023-03-01,64.701126
2023-03-02,65.587944
2023-03-03,65.642212
2023-03-06,65.814148
2023-03-07,65.162613
2023-03-08,65.271210
2023-03-09,64.664902
2023-03-10,64.348206
2023-03-13,64.673973
2023-03-14,65.262169
2023-03-15,65.687454
2023-03-16,65.732719
2023-03-17,65.253105
2023-03-20,66.157814
2023-03-21,66.103256
2023-03-22,65.494049
2023-03-23,65.239464
2023-03-24,66.348778
2023-03-27,66.703377
2023-03-28,66.821594
2023-03-29,67.194382
2023-03-30,67.385323
2023-03-31,67.930901
2023-04-03,68.285477
2023-04-04,68.149109
2023-04-05,68.467346
2023-04-06,68.521904
2023-04-10,68.521904
2023-04-11,68.721947
2023-04-12,68.412788
2023-04-13,68.794670
2023-04-14,68.358231
2023-04-17,68.794670
2023-04-18,69.003807
2023-04-19,68.958344
2023-04-20,69.122002
2023-04-21,69.622108
2023-04-24,69.903969
2023-04-25,69.813049
2023-04-26,69.267487
2023-04-27,70.040352
2023-04-28,70.413162
2023-05-01,70.467712
2023-05-02,70.276764
2023-05-03,69.703949
2023-05-04,69.531197
2023-05-05,70.176743
2023-05-08,69.967636
2023-05-09,69.749397
2023-05-10,69.640274
2023-05-11,69.849434
2023-05-12,70.122208
2023-05-15,69.949440
2023-05-16,69.358437
2023-05-17,69.322044
2023-05-18,68.985641
2023-05-19,69.031067
2023-05-22,67.985428
2023-05-23,67.485344
2023-05-24,67.048904
2023-05-25,66.539711
2023-05-26,66.767014
2023-05-30,66.003242
2023-05-31,66.075989
2023-06-01,66.021446
2023-06-02,66.930695
2023-06-05,66.685173
2023-06-06,66.348778
2023-06-07,66.130547
2023-06-08,66.585182
2023-06-09,66.476059
2023-06-12,66.457870
2023-06-13,66.730667
2023-06-14,67.139824
2023-06-15,67.812668
2023-06-16,67.894493
2023-06-20,67.378067
2023-06-21,67.616135
2023-06-22,68.009888
2023-06-23,67.561195
2023-06-26,67.652756
2023-06-27,67.854218
2023-06-28,67.396362
2023-06-29,67.332260
2023-06-30,67.918312
2023-07-03,68.449425
2023-07-05,68.330391
2023-07-06,68.156395
2023-07-07,67.268173
2023-07-10,67.249840
2023-07-11,67.350571
2023-07-12,67.506241
2023-07-13,67.790123
2023-07-14,68.019058
2023-07-17,67.817589
2023-07-18,67.744339
2023-07-19,68.431129
2023-07-20,69.017166
2023-07-21,69.255249
2023-07-24,69.520805
2023-07-25,69.502510
2023-07-26,69.584915
2023-07-27,68.971390
2023-07-28,69.685646
2023-07-31,69.365135
2023-08-01,68.989700
2023-08-02,69.236954
2023-08-03,69.044640
2023-08-04,68.357872
2023-08-07,68.916458
2023-08-08,68.421959
2023-08-09,68.522705
2023-08-10,68.385330
2023-08-11,68.495224
2023-08-14,68.156395
2023-08-15,67.423836
2023-08-16,67.268173
2023-08-17,66.618011
2023-08-18,66.865250
2023-08-21,66.416565
2023-08-22,66.041130
2023-08-23,66.480659
2023-08-24,65.949547
2023-08-25,66.315811
2023-08-28,66.618011
2023-08-29,66.856102
2023-08-30,66.965981
2023-08-31,66.627167
2023-09-01,66.059418
2023-09-05,65.491684
2023-09-06,65.418442
2023-09-07,65.574089
2023-09-08,65.656509
2023-09-11,66.224258
2023-09-12,65.656509
2023-09-13,65.857971
2023-09-14,66.526436
2023-09-15,65.977020
2023-09-18,65.953964
2023-09-19,65.797226
2023-09-20,65.861786
2023-09-21,65.013611
2023-09-22,64.663277
2023-09-25,64.432785
2023-09-26,63.953396
2023-09-27,63.427910
2023-09-28,63.621506
2023-09-29,63.437119
2023-10-02,63.003826
2023-10-03,62.552090
2023-10-04,63.049915
2023-10-05,61.805336
2023-10-06,61.464233
2023-10-09,61.519554
2023-10-10,62.146442
2023-10-11,61.722359
2023-10-12,61.049374
2023-10-13,61.584076
2023-10-16,62.220192
2023-10-17,62.487556
2023-10-18,62.718044
2023-10-19,62.257069
2023-10-20,62.017372
2023-10-23,61.897522
2023-10-24,62.423027
2023-10-25,62.635067
2023-10-26,62.229420
2023-10-27,61.381256
2023-10-30,62.340050
2023-10-31,62.561314
2023-11-01,62.496780
2023-11-02,63.308064
2023-11-03,63.381813
2023-11-06,63.483227
2023-11-07,63.639957
2023-11-08,63.391041
2023-11-09,63.132896
2023-11-10,63.575424
2023-11-13,63.778233
2023-11-14,64.432785
2023-11-15,64.949074
2023-11-16,64.147003
2023-11-17,64.064026
2023-11-20,64.017944
2023-11-21,64.211548
2023-11-22,64.672501
2023-11-24,64.912209
2023-11-27,64.727806
2023-11-28,65.022835
2023-11-29,64.497345
2023-11-30,65.142685
2023-12-01,65.410034
2023-12-04,65.493011
2023-12-05,64.976730
2023-12-06,64.810791
2023-12-07,65.087364
2023-12-08,64.635628
2023-12-11,65.253304
2023-12-12,65.465347
2023-12-13,66.654633
2023-12-14,65.677376
2023-12-15,65.677376
2023-12-18,66.361076
2023-12-19,66.491112
2023-12-20,65.199936
2023-12-21,65.655090
2023-12-22,66.156700
2023-12-26,66.435379
2023-12-27,66.741905
2023-12-28,66.769775
2023-12-29,66.909096
2024-01-02,67.661514
2024-01-03,67.132050
2024-01-04,67.039162
2024-01-05,66.890541
2024-01-08,67.382858
2024-01-09,67.559364
2024-01-10,67.420021
2024-01-11,67.410721
2024-01-12,67.624374
2024-01-16,67.252792
2024-01-17,67.206367
2024-01-18,67.122780
2024-01-19,66.927704
2024-01-22,66.602562
2024-01-23,67.327126
2024-01-24,66.500397
2024-01-25,67.141335
2024-01-26,67.466469
2024-01-29,67.856606
2024-01-30,68.237457
2024-01-31,67.735840
2024-02-01,69.119911
2024-02-02,68.896965
2024-02-05,68.469673
2024-02-06,68.627586
2024-02-07,68.562569
2024-02-08,68.543991
2024-02-09,67.912338
2024-02-12,68.395363
2024-02-13,67.661514
2024-02-14,67.531494
2024-02-15,67.968071
2024-02-16,68.070244
2024-02-20,68.785515
2024-02-21,69.036316
2024-02-22,69.249969
2024-02-23,69.463600
2024-02-26,69.184937
2024-02-27,69.194221
2024-02-28,69.268532
2024-02-29,69.157074
2024-03-01,69.166374
2024-03-04,69.222092
2024-03-05,69.389297
2024-03-06,69.974503
2024-03-07,70.373940
2024-03-08,69.816597
2024-03-11,70.197456
2024-03-12,70.559715
2024-03-13,70.736221
2024-03-14,70.188148
2024-03-15,70.160286
2024-03-18,70.611320
2024-03-19,70.873322
2024-03-20,71.088539
2024-03-21,71.125969
2024-03-22,70.779739
2024-03-25,70.583252
2024-03-26,70.620682
2024-03-27,71.359909
2024-03-28,71.453476
2024-04-01,70.882675
2024-04-02,70.517738
2024-04-03,69.741066
2024-04-04,69.441628
2024-04-05,69.553917
2024-04-08,69.450989
2024-04-09,69.787872
2024-04-10,69.535217
2024-04-11,69.366768
2024-04-12,68.664955
2024-04-15,68.384239
2024-04-16,68.412315
2024-04-17,68.664955
2024-04-18,68.983131
2024-04-19,69.656853
2024-04-22,70.321236
2024-04-23,70.517738
2024-04-24,71.051109
2024-04-25,70.882675
2024-04-26,70.732971
2024-04-29,70.957542
2024-04-30,70.648758
2024-05-01,70.199585
2024-05-02,70.789108
2024-05-03,71.004333
2024-05-06,71.041748
2024-05-07,71.818428
2024-05-08,71.603210
2024-05-09,72.220787
2024-05-10,72.632530
2024-05-13,72.426666
2024-05-14,72.286316
2024-05-15,72.333092
2024-05-16,73.362419
2024-05-17,73.184624
2024-05-20,72.679306
2024-05-21,73.109756
2024-05-22,72.819679
2024-05-23,71.958794
2024-05-24,72.145943
2024-05-28,71.584480
2024-05-29,71.069832
2024-05-30,71.256989
2024-05-31,72.370506
2024-06-03,72.342430
2024-06-04,72.969406
2024-06-05,72.810310
2024-06-06,73.034904
2024-06-07,72.669960
2024-06-10,72.613815
2024-06-11,72.576378
2024-06-12,71.781006
2024-06-13,71.874573
2024-06-14,72.005577
2024-06-17,72.688660
2024-06-18,72.782249
2024-06-20,72.623177
2024-06-21,72.679306
2024-06-24,73.454315
2024-06-25,72.982903
2024-06-26,72.832069
2024-06-27,72.520935
2024-06-28,72.200363
2024-07-01,71.691254
2024-07-02,72.190941
2024-07-03,72.068375
2024-07-05,72.954613
2024-07-08,72.841492
2024-07-09,72.652908
2024-07-10,72.973480
2024-07-11,72.700066
2024-07-12,73.020615
2024-07-15,72.596352
2024-07-16,73.294022
2024-07-17,74.236839
2024-07-18,73.869133
2024-07-19,73.624008
2024-07-22,73.671143
2024-07-23,73.407173
2024-07-24,73.341171
2024-07-25,73.256317
2024-07-26,74.001137
2024-07-29,74.029419
2024-07-30,73.529724
2024-07-31,73.397728
2024-08-01,74.076569
2024-08-02,74.727112
2024-08-05,73.256317
2024-08-06,73.765442
2024-08-07,73.840851
2024-08-08,74.510246
2024-08-09,74.623383
2024-08-12,74.246269
2024-08-13,74.585686
2024-08-14,74.925087
2024-08-15,75.698196
2024-08-16,75.905609
2024-08-19,76.160187
2024-08-20,76.537300
2024-08-21,77.055840
2024-08-22,76.942696
2024-08-23,77.159546
2024-08-26,77.706383
2024-08-27,77.894936
2024-08-28,77.564957
2024-08-29,77.178406
2024-08-30,77.791229
2024-09-03,78.338058
2024-09-04,78.705765
2024-09-05,78.404060
2024-09-06,78.243774
2024-09-09,78.847160
2024-09-10,78.828308
2024-09-11,78.092934
2024-09-12,78.573753
2024-09-13,79.130028
2024-09-16,79.441154
2024-09-17,78.686890
2024-09-18,78.385193
2024-09-19,77.923218
2024-09-20,78.300339
2024-09-23,78.754364
2024-09-24,78.564796
2024-09-25,78.365753
2024-09-26,78.545830
2024-09-27,78.687996
2024-09-30,78.669052
2024-10-01,78.403648
2024-10-02,77.740181
2024-10-03,76.962967
2024-10-04,77.218895
2024-10-07,76.451164
2024-10-08,76.830284
2024-10-09,77.294708
2024-10-10,76.953499
2024-10-11,77.380005
2024-10-14,77.692802
2024-10-15,78.185669
2024-10-16,78.128792
2024-10-17,77.778084
2024-10-18,77.948708
2024-10-21,77.294708
2024-10-22,77.730705
2024-10-23,77.579048
2024-10-24,77.474800
2024-10-25,76.830284
2024-10-28,76.972443
2024-10-29,76.214203
2024-10-30,76.090973
2024-10-31,75.939331
2024-11-01,75.967773
2024-11-04,76.176285
2024-11-05,76.659668
2024-11-06,75.408539
2024-11-07,75.683418
2024-11-08,76.602806
2024-11-11,76.337418
2024-11-12,76.422714
2024-11-13,76.650200
2024-11-14,76.460632
2024-11-15,75.787674
2024-11-18,76.318459
2024-11-19,76.422714
2024-11-20,76.034111
2024-11-21,76.858711
2024-11-22,77.569572
2024-11-25,77.996109
2024-11-26,78.318359
2024-11-27,78.479492
2024-11-29,78.877571
2024-12-02,78.782799
2024-12-03,78.375229
2024-12-04,78.157227
2024-12-05,78.470016
2024-12-06,78.081406
2024-12-09,77.958191
2024-12-10,78.327827
2024-12-11,77.730705
2024-12-12,77.958191
2024-12-13,77.759148
2024-12-16,77.351570
2024-12-17,77.218895
2024-12-18,76.043594
2024-12-19,75.503334
2024-12-20,75.768730
2024-12-23,75.369530
2024-12-24,75.866127
2024-12-26,76.104881
2024-12-27,75.732437
2024-12-30,74.844269
2024-12-31,75.073471
2025-01-02,74.844269
2025-01-03,74.806061
2025-01-06,74.022964
2025-01-07,73.765106
2025-01-08,73.898804
2025-01-10,72.905594
2025-01-13,73.029755
2025-01-14,73.048836
2025-01-15,72.800545
2025-01-16,73.344910
2025-01-17,73.765106
2025-01-21,74.108917
2025-01-22,73.746010
2025-01-23,74.013412
2025-01-24,74.395409
2025-01-27,76.410484
2025-01-28,75.216736
2025-01-29,75.398170
2025-01-30,76.143089
2025-01-31,75.426834
2025-02-03,75.722878
2025-02-04,75.083015
2025-02-05,75.550987
2025-02-06,75.894783
2025-02-07,75.780182
2025-02-10,76.248131
2025-02-11,76.983490
2025-02-12,76.926193
2025-02-13,77.757057
2025-02-14,76.983490
2025-02-18,77.260452
2025-02-19,77.881218
2025-02-20,77.575607
2025-02-21,78.482864
2025-02-24,78.721611
2025-02-25,79.838974
2025-02-26,78.310959
2025-02-27,78.301407
2025-02-28,79.342392
2025-03-03,79.762581
2025-03-04,78.406456
2025-03-05,78.731171
2025-03-06,78.874413
2025-03-07,79.132271
2025-03-10,78.960373
2025-03-11,77.804794
2025-03-12,76.114426
2025-03-13,75.761078
2025-03-14,75.932983
2025-03-17,77.040794
2025-03-18,76.162186
2025-03-19,76.162186
2025-03-20,75.789742
2025-03-21,75.761078
2025-03-24,76.229599
2025-03-25,75.538338
2025-03-26,76.709633
2025-03-27,77.583298
2025-03-28,77.199265
2025-03-31,78.408951
2025-04-01,78.524162
2025-04-02,78.293747
2025-04-03,78.744980
2025-04-04,75.327126
2025-04-07,74.453468
2025-04-08,73.301384
2025-04-09,76.143188
2025-04-10,76.181587
2025-04-11,77.141663
2025-04-14,78.456970
2025-04-15,77.794510
2025-04-16,76.959236
2025-04-17,78.600975
2025-04-21,77.852119
2025-04-22,78.956192
2025-04-23,78.504951
2025-04-24,77.813713
2025-04-25,77.612083
2025-04-28,77.352875
2025-04-29,77.996124
2025-04-30,78.562569
2025-05-01,77.880928
2025-05-02,78.303352
2025-05-05,78.236137
2025-05-06,78.101730
2025-05-07,78.226547
2025-05-08,78.130531
2025-05-09,77.679298
2025-05-12,77.794510
2025-05-13,76.748024
2025-05-14,76.335205
2025-05-15,77.900116
2025-05-16,78.792976
2025-05-19,79.023392
2025-05-20,79.301819
2025-05-21,78.380150
2025-05-22,78.053734
2025-05-23,78.341751
2025-05-27,79.052200
2025-05-28,78.514565
2025-05-29,78.831375
2025-05-30,79.522636
2025-06-02,79.570641
2025-06-03,79.493835
2025-06-04,78.936981
2025-06-05,78.178535
2025-06-06,78.428154
2025-06-09,78.322548
2025-06-10,78.495361
2025-06-11,78.226547
2025-06-12,78.687370
2025-06-13,77.727310
2025-06-16,77.976921
2025-06-17,77.314468
2025-06-18,77.218460
2025-06-20,77.784904
2025-06-23,78.685829
2025-06-24,78.618164
2025-06-25,77.564514
2025-06-26,77.496834
2025-06-27,77.864166
2025-06-30,78.270164
2025-07-01,79.246498
2025-07-02,79.478493
2025-07-03,79.439827
2025-07-07,79.372154
2025-07-08,78.637489
2025-07-09,78.125175
2025-07-10,78.405502
2025-07-11,78.115501
2025-07-14,78.183174
2025-07-15,77.400185
2025-07-16,77.670837
2025-07-17,78.405502
2025-07-18,78.192825
2025-07-21,78.183174
2025-07-22,78.898491
2025-07-23,78.927490
2025-07-24,78.647156
2025-07-25,78.782494
2025-07-28,77.970512
2025-07-29,78.482826
2025-07-30,77.786827
2025-07-31,77.119843
2025-08-01,77.487175
2025-08-04,77.864166
2025-08-05,77.786827
2025-08-06,78.898491
2025-08-07,79.497810
2025-08-08,79.729820
2025-08-11,79.662148
2025-08-12,79.874817
2025-08-13,79.874817
2025-08-14,79.159485
2025-08-15,79.285156
2025-08-18,79.178818
2025-08-19,79.990814
2025-08-20,80.445145
2025-08-21,79.720154
2025-08-22,79.720154
2025-08-25,78.357155
2025-08-26,77.844841
2025-08-27,78.076828
2025-08-28,77.583839
2025-08-29,78.086502
2025-09-02,77.960838
2025-09-03,77.902832
2025-09-04,77.951172
2025-09-05,78.173508
2025-09-08,77.883507
2025-09-09,78.038170
2025-09-10,77.274513
2025-09-11,77.902832
2025-09-12,77.641838
2025-09-15,76.752510
2025-09-16,77.100517
2025-09-17,77.564514
2025-09-18,76.887848
2025-09-19,76.733177
2025-09-22,75.877663
2025-09-23,76.257248
2025-09-24,76.422707
2025-09-25,75.692741
2025-09-26,75.877663
2025-09-29,76.023659
2025-09-30,76.276711
2025-10-01,76.159920
2025-10-02,75.858192
2025-10-03,75.945793
2025-10-06,75.391014
2025-10-07,76.091789
2025-10-08,75.712204
2025-10-09,75.955528
2025-10-10,76.013916
2025-10-13,75.760864
2025-10-14,76.977470
2025-10-15,77.113747
2025-10-16,76.578430
2025-10-17,77.600388
2025-10-20,77.532257
2025-10-21,77.172134
2025-10-22,77.610115
2025-10-23,77.230530
2025-10-24,76.977470
2025-10-27,77.104004
2025-10-28,76.335114
2025-10-29,74.534523
2025-10-30,74.456657
2025-10-31,74.242538
2025-11-03,73.658562
2025-11-04,73.960281
2025-11-05,73.911613
2025-11-06,73.580696
2025-11-07,74.661049
2025-11-10,74.388519
2025-11-11,75.361816
2025-11-12,75.254753
2025-11-13,75.254753
2025-11-14,75.196358
2025-11-17,74.719437
2025-11-18,75.040634
2025-11-19,74.466393
2025-11-20,75.001694
2025-11-21,75.819275
2025-11-24,74.943298
2025-11-25,75.974991
2025-11-26,76.802299
2025-11-28,77.250008
2025-12-01,77.172134
2025-12-02,76.666023
2025-12-03,76.724426
2025-12-04,76.354576
2025-12-05,76.364304
2025-12-08,75.731667
2025-12-09,75.906853
2025-12-10,76.130730
2025-12-11,76.695229
2025-12-12,77.298660
2025-12-15,77.512787
2025-12-16,77.162399
2025-12-17,77.522522
2025-12-18,77.074814
2025-12-19,76.675758
2025-12-22,76.407913
2025-12-23,76.044922
2025-12-24,76.643379
2025-12-26,76.751305
2025-12-29,76.800362
2025-12-30,76.672821
2025-12-31,76.211700
2026-01-02,76.221512
2026-01-05,75.887939
2026-01-06,76.005669
2026-01-07,75.171745
2026-01-08,76.957336
2026-01-09,77.752022
2026-01-12,78.664444
2026-01-13,79.576866
2026-01-14,80.675697
2026-01-15,80.813049
2026-01-16,80.557961
2026-01-20,80.803238
2026-01-21,80.881737
2026-01-22,80.714935
2026-01-23,81.342842
2026-01-26,81.215294
2026-01-27,81.588120
2026-01-28,80.763992
2026-01-29,80.577583
2026-01-30,81.931503
2026-02-02,82.902786
2026-02-03,84.246895
2026-02-04,85.345726
2026-02-05,85.277046
2026-02-06,86.277763
2026-02-09,85.777405
2026-02-10,85.502701
2026-02-11,86.729073
2026-02-12,87.523766
2026-02-13,87.818092
2026-02-17,86.532852
2026-02-18,86.375877
2026-02-19,86.012871
2026-02-20,86.228714
2026-02-23,87.288292
2026-02-24,88.043739
2026-02-25,87.327545
2026-02-26,87.180374
2026-02-27,88.308640
2026-03-02,87.033211
2026-03-03,86.081551
2026-03-04,85.512512
2026-03-05,83.795593
2026-03-06,84.158592
2026-03-09,84.345001
2026-03-10,84.099731
2026-03-11,82.991081
2026-03-12,82.657516
2026-03-13,83.138252
2026-03-16,83.373718
2026-03-17,83.099007
2026-03-18,81.077942
2026-03-19,80.420609
2026-03-20,79.753464
2026-03-23,80.093849
2026-03-24,80.024788
2026-03-25,80.419434
2026-03-26,80.054382
2026-03-27,80.685822
2026-03-30,80.784477
2026-03-31,80.883141
2026-04-01,80.370102
2026-04-02,80.794350
2026-04-06,81.554047
2026-04-07,80.172783
2026-04-08,81.672440
2026-04-09,82.333473
2026-04-10,81.267929
2026-04-13,80.458900
2026-04-14,80.379967
2026-04-15,79.975449
2026-04-16,80.340500
2026-04-17,81.356720
2026-04-20,81.287659
2026-04-21,80.745010
2026-04-22,81.011406
2026-04-23,82.363083
2026-04-24,82.116425
2026-04-27,81.238319
2026-04-28,81.968422
2026-04-29,81.810562
2026-04-30,83.181969
2026-05-01,83.043839
2026-05-04,82.422272
2026-05-05,82.935310
2026-05-06,83.112907
2026-05-07,82.856392
2026-05-08,83.053703
2026-05-11,82.254547
2026-05-12,83.310234
2026-05-13,83.586487
2026-05-14,83.843010
2026-05-15,83.507553
2026-05-18,84.750694
2026-05-19,84.938156
2026-05-20,84.375778
2026-05-21,83.527290
2026-05-22,83.665413
2026-05-26,82.511063
2026-05-27,83.448364
2026-05-28,83.300362
2026-05-29,81.800705
2026-06-01,80.932480
2026-06-02,80.735153
2026-06-03,81.060738
2026-06-04,80.942345
2026-06-05,82.323608
2026-06-08,81.958557
2026-06-09,82.974777
2026-06-10,84.346176
2026-06-11,84.129120
2026-06-12,84.671768
2026-06-15,84.336319
2026-06-16,84.444839
2026-06-17,82.560402
2026-06-18,82.185486
2026-06-22,81.643051
2026-06-23,83.172989
2026-06-24,83.888290
2026-06-25,83.391556
2026-06-26,84.156517
2026-06-29,83.818748
2026-06-30,82.527237
2026-07-01,82.755737
2026-07-02,84.434692
2026-07-06,83.550507
2026-07-07,84.305542
2026-07-08,83.838615
2026-07-09,82.656387
2026-07-10,83.570381
2026-07-13,84.037300
2026-07-14,82.874947
2026-07-15,82.924622
2026-07-16,85.249329
2026-07-17,84.633385
2026-07-20,84.305542
2026-07-21,83.510765
2026-07-22,83.828674
2026-07-23,82.666321
2026-07-24,83.580307
2026-07-27,84.802277
2026-07-28,86.491165
2026-07-29,86.789207
2026-07-30,84.911560
2026-07-31,84.494301
2026-08-03,84.305542
2026-08-04,84.812210
2026-08-05,84.772476
2026-08-06,84.553909
2026-08-07,84.563843
2026-08-10,84.394951
2026-08-11,84.136658
2026-08-12,84.524109
2026-08-13,85.438095
2026-08-14,85.527504
2026-08-17,84.126717
2026-08-18,85.020836
2026-08-19,85.974564
2026-08-20,84.762535
2026-08-21,85.428154
2026-08-24,86.878616
2026-08-25,85.954689
2026-08-26,85.706329
2026-08-27,84.524109
2026-08-28,84.891685
2026-08-31,84.424759
2026-09-01,84.692993
2026-09-02,84.971161
2026-09-03,84.702927
2026-09-04,84.027374
2026-09-08,83.471024
2026-09-09,82.507370
2026-09-10,82.547104
2026-09-11,82.835213
2026-09-14,83.868416
2026-09-15,83.182930
2026-09-16,82.785538
2026-09-17,82.944489
2026-09-18,82.259003
2026-09-21,81.919998
2026-09-22,82.730003
2026-09-23,82.430000
2026-09-24,81.699997
2026-09-25,82.059998
2026-09-28,82.279999
2026-09-29,81.849998
2026-09-30,80.599998
2026-10-01,80.330002
2026-10-02,80.529999
