date,adj_close
1998-12-22,5.752996
1998-12-23,5.728891
1998-12-24,5.834364
1998-12-28,5.804229
1998-12-29,5.900665
1998-12-30,5.852446
1998-12-31,5.831352
1999-01-04,5.737929
1999-01-05,5.807242
1999-01-06,5.867518
1999-01-07,5.846417
1999-01-08,5.879569
1999-01-11,5.722860
1999-01-12,5.725875
1999-01-13,5.765051
1999-01-14,5.668616
1999-01-15,5.695735
1999-01-19,5.888608
1999-01-20,5.864499
1999-01-21,5.843407
1999-01-22,5.882580
1999-01-25,5.662590
1999-01-26,5.774092
1999-01-27,5.686699
1999-01-28,5.695735
1999-01-29,5.686699
1999-02-01,5.674644
1999-02-02,5.599301
1999-02-03,5.629439
1999-02-04,5.545056
1999-02-05,5.548074
1999-02-08,5.548074
1999-02-09,5.572180
1999-02-10,5.533002
1999-02-11,5.557110
1999-02-12,5.466703
1999-02-16,5.566151
1999-02-17,5.526976
1999-02-18,5.626425
1999-02-19,5.566151
1999-02-22,5.746968
1999-02-23,5.566151
1999-02-24,5.617385
1999-02-25,5.496840
1999-02-26,5.529987
1999-03-01,5.448619
1999-03-02,5.367255
1999-03-03,5.370267
1999-03-04,5.454650
1999-03-05,5.548074
1999-03-08,5.484785
1999-03-09,5.469716
1999-03-10,5.451637
1999-03-11,5.493825
1999-03-12,5.554098
1999-03-15,5.569165
1999-03-16,5.548074
1999-03-17,5.496840
1999-03-18,5.578207
1999-03-19,5.475362
1999-03-22,5.493562
1999-03-23,5.320658
1999-03-24,5.393458
1999-03-25,5.375257
1999-03-26,5.305490
1999-03-29,5.278188
1999-03-30,5.193251
1999-03-31,5.181117
1999-04-01,5.290322
1999-04-05,5.332789
1999-04-06,5.305490
1999-04-07,5.375257
1999-04-08,5.517830
1999-04-09,5.478395
1999-04-12,5.557264
1999-04-13,5.466259
1999-04-14,5.387392
1999-04-15,5.441995
1999-04-16,5.502663
1999-04-19,5.557264
1999-04-20,5.617931
1999-04-21,5.718039
1999-04-22,5.699835
1999-04-23,5.696805
1999-04-26,5.666469
1999-04-27,5.699835
1999-04-28,5.675569
1999-04-29,5.757468
1999-04-30,5.681635
1999-05-03,5.766572
1999-05-04,5.718039
1999-05-05,5.763535
1999-05-06,5.642198
1999-05-07,5.711968
1999-05-10,5.696805
1999-05-11,5.718039
1999-05-12,5.733202
1999-05-13,5.809042
1999-05-14,5.699835
1999-05-17,5.818141
1999-05-18,5.690736
1999-05-19,5.809042
1999-05-20,5.796906
1999-05-21,5.742306
1999-05-24,5.799940
1999-05-25,5.806008
1999-05-26,5.836341
1999-05-27,5.736238
1999-05-28,5.748372
1999-06-01,5.745336
1999-06-02,5.745336
1999-06-03,5.690736
1999-06-04,5.775675
1999-06-07,5.824206
1999-06-08,5.824206
1999-06-09,5.869709
1999-06-10,5.821171
1999-06-11,5.781742
1999-06-14,5.942513
1999-06-15,5.948579
1999-06-16,6.006211
1999-06-17,5.954644
1999-06-18,5.975910
1999-06-21,5.930134
1999-06-22,5.908766
1999-06-23,5.890451
1999-06-24,5.826365
1999-06-25,5.795842
1999-06-28,5.856879
1999-06-29,5.859933
1999-06-30,5.985069
1999-07-01,5.963705
1999-07-02,5.966757
1999-07-06,5.948443
1999-07-07,6.003380
1999-07-08,5.954550
1999-07-09,5.954550
1999-07-12,5.930134
1999-07-13,5.902661
1999-07-14,5.939289
1999-07-15,6.030845
1999-07-16,6.101046
1999-07-19,6.043054
1999-07-20,6.070525
1999-07-21,6.107150
1999-07-22,6.097993
1999-07-23,6.058319
1999-07-26,6.067474
1999-07-27,6.104097
1999-07-28,6.091887
1999-07-29,5.991171
1999-07-30,6.003380
1999-08-02,6.094944
1999-08-03,6.055266
1999-08-04,5.963705
1999-08-05,6.018641
1999-08-06,5.994223
1999-08-09,6.018641
1999-08-10,5.908766
1999-08-11,5.878246
1999-08-12,5.847724
1999-08-13,5.924027
1999-08-16,5.878246
1999-08-17,5.942340
1999-08-18,5.905714
1999-08-19,5.838568
1999-08-20,5.823310
1999-08-23,5.850777
1999-08-24,5.835517
1999-08-25,5.917922
1999-08-26,5.920976
1999-08-27,5.841623
1999-08-30,5.762267
1999-08-31,5.716487
1999-09-01,5.737851
1999-09-02,5.658498
1999-09-03,5.765322
1999-09-07,5.725644
1999-09-08,5.643237
1999-09-09,5.664602
1999-09-10,5.685970
1999-09-13,5.737851
1999-09-14,5.740905
1999-09-15,5.747007
1999-09-16,5.716487
1999-09-17,5.791136
1999-09-20,5.760380
1999-09-21,5.683496
1999-09-22,5.791136
1999-09-23,5.738852
1999-09-24,5.655815
1999-09-27,5.738852
1999-09-28,5.674268
1999-09-29,5.748079
1999-09-30,5.861875
1999-10-01,5.821891
1999-10-04,5.917231
1999-10-05,5.760380
1999-10-06,5.846495
1999-10-07,5.763458
1999-10-08,5.806511
1999-10-11,5.769608
1999-10-12,5.655815
1999-10-13,5.708098
1999-10-14,5.745004
1999-10-15,5.609686
1999-10-18,5.652739
1999-10-19,5.585079
1999-10-20,5.594305
1999-10-21,5.508191
1999-10-22,5.575853
1999-10-25,5.514343
1999-10-26,5.548170
1999-10-27,5.692721
1999-10-28,5.904925
1999-10-29,5.892626
1999-11-01,5.947984
1999-11-02,5.892626
1999-11-03,5.824965
1999-11-04,5.794211
1999-11-05,5.843417
1999-11-08,5.880325
1999-11-09,5.794211
1999-11-10,5.818815
1999-11-11,5.800363
1999-11-12,5.818815
1999-11-15,5.791136
1999-11-16,5.778832
1999-11-17,5.821891
1999-11-18,5.778832
1999-11-19,5.781909
1999-11-22,5.717326
1999-11-23,5.658891
1999-11-24,5.628134
1999-11-26,5.692721
1999-11-29,5.628134
1999-11-30,5.698872
1999-12-01,5.726552
1999-12-02,5.692721
1999-12-03,5.803440
1999-12-06,5.763458
1999-12-07,5.806511
1999-12-08,5.760380
1999-12-09,5.766532
1999-12-10,5.723476
1999-12-13,5.720399
1999-12-14,5.717326
1999-12-15,5.741927
1999-12-16,5.683496
1999-12-17,5.756884
1999-12-20,5.623795
1999-12-21,5.698078
1999-12-22,5.682601
1999-12-23,5.710459
1999-12-27,5.558799
1999-12-28,5.608319
1999-12-29,5.524753
1999-12-30,5.524753
1999-12-31,5.574274
2000-01-03,5.438091
2000-01-04,5.274049
2000-01-05,5.407137
2000-01-06,5.397854
2000-01-07,5.444280
2000-01-10,5.462850
2000-01-11,5.404043
2000-01-12,5.348329
2000-01-13,5.298811
2000-01-14,5.342142
2000-01-18,5.320475
2000-01-19,5.323569
2000-01-20,5.348329
2000-01-21,5.521657
2000-01-24,5.447375
2000-01-25,5.320475
2000-01-26,5.295713
2000-01-27,5.261667
2000-01-28,5.233812
2000-01-31,5.475232
2000-02-01,5.434994
2000-02-02,5.407137
2000-02-03,5.397854
2000-02-04,5.369996
2000-02-07,5.354522
2000-02-08,5.366905
2000-02-09,5.366905
2000-02-10,5.289527
2000-02-11,5.196671
2000-02-14,5.202863
2000-02-15,5.190482
2000-02-16,5.168817
2000-02-17,5.137867
2000-02-18,4.949063
2000-02-22,4.930493
2000-02-23,4.828357
2000-02-24,4.667409
2000-02-25,4.642647
2000-02-28,4.775740
2000-02-29,4.809786
2000-03-01,5.020252
2000-03-02,5.150247
2000-03-03,5.196671
2000-03-06,5.051203
2000-03-07,4.992396
2000-03-08,5.026442
2000-03-09,5.066677
2000-03-10,5.066677
2000-03-13,5.082153
2000-03-14,5.048108
2000-03-15,5.075962
2000-03-16,5.274049
2000-03-17,5.316483
2000-03-20,5.294655
2000-03-21,5.260354
2000-03-22,5.138745
2000-03-23,5.226058
2000-03-24,5.176164
2000-03-27,5.247882
2000-03-28,5.222938
2000-03-29,5.316483
2000-03-30,5.304008
2000-03-31,5.335189
2000-04-03,5.369490
2000-04-04,5.444328
2000-04-05,5.516045
2000-04-06,5.550344
2000-04-07,5.534755
2000-04-10,5.522284
2000-04-11,5.665716
2000-04-12,5.715608
2000-04-13,5.721843
2000-04-14,5.512928
2000-04-17,5.428734
2000-04-18,5.444328
2000-04-19,5.494219
2000-04-20,5.512928
2000-04-24,5.662599
2000-04-25,5.830982
2000-04-26,5.818502
2000-04-27,5.687547
2000-04-28,5.684425
2000-05-01,5.684425
2000-05-02,5.478626
2000-05-03,5.497337
2000-05-04,5.487981
2000-05-05,5.500452
2000-05-08,5.537872
2000-05-09,5.519161
2000-05-10,5.625179
2000-05-11,5.709371
2000-05-12,5.618942
2000-05-15,5.728080
2000-05-16,5.703132
2000-05-17,5.615826
2000-05-18,5.662599
2000-05-19,5.556581
2000-05-22,5.594000
2000-05-23,5.491100
2000-05-24,5.584642
2000-05-25,5.491100
2000-05-26,5.600235
2000-05-30,5.640769
2000-05-31,5.671954
2000-06-01,5.712488
2000-06-02,5.693779
2000-06-05,5.562819
2000-06-06,5.693779
2000-06-07,5.715608
2000-06-08,5.749906
2000-06-09,5.821627
2000-06-12,5.796679
2000-06-13,5.921408
2000-06-14,5.896463
2000-06-15,5.865281
2000-06-16,5.799752
2000-06-19,5.894009
2000-06-20,5.831173
2000-06-21,5.850023
2000-06-22,5.812322
2000-06-23,5.831173
2000-06-26,5.812322
2000-06-27,5.655231
2000-06-28,5.702359
2000-06-29,5.611246
2000-06-30,5.479291
2000-07-03,5.642664
2000-07-05,5.692930
2000-07-06,5.699214
2000-07-07,5.758912
2000-07-10,5.758912
2000-07-11,5.705501
2000-07-12,5.730638
2000-07-13,5.755768
2000-07-14,5.677225
2000-07-17,5.630095
2000-07-18,5.608104
2000-07-19,5.664657
2000-07-20,5.573544
2000-07-21,5.630095
2000-07-24,5.611246
2000-07-25,5.658373
2000-07-26,5.604965
2000-07-27,5.582971
2000-07-28,5.548411
2000-07-31,5.564121
2000-08-01,5.686649
2000-08-02,5.780907
2000-08-03,5.790329
2000-08-04,5.758912
2000-08-07,5.872015
2000-08-08,5.718068
2000-08-09,5.626955
2000-08-10,5.626955
2000-08-11,5.689794
2000-08-14,5.724350
2000-08-15,5.762050
2000-08-16,5.680366
2000-08-17,5.604965
2000-08-18,5.636383
2000-08-21,5.674080
2000-08-22,5.604965
2000-08-23,5.648948
2000-08-24,5.636383
2000-08-25,5.630095
2000-08-28,5.730638
2000-08-29,5.680366
2000-08-30,5.736918
2000-08-31,5.780907
2000-09-01,5.850023
2000-09-05,5.872015
2000-09-06,5.944277
2000-09-07,5.944277
2000-09-08,6.132782
2000-09-11,6.274166
2000-09-12,6.258454
2000-09-13,6.214469
2000-09-14,6.132782
2000-09-15,6.190009
2000-09-18,6.151995
2000-09-19,6.050622
2000-09-20,5.942916
2000-09-21,5.987264
2000-09-22,6.139322
2000-09-25,6.183675
2000-09-26,6.272372
2000-09-27,6.247030
2000-09-28,6.449774
2000-09-29,6.544809
2000-10-02,6.582824
2000-10-03,6.500457
2000-10-04,6.500457
2000-10-05,6.557478
2000-10-06,6.525803
2000-10-09,6.525803
2000-10-10,6.513131
2000-10-11,6.411758
2000-10-12,6.323057
2000-10-13,6.418094
2000-10-16,6.456106
2000-10-17,6.541644
2000-10-18,6.487789
2000-10-19,6.456106
2000-10-20,6.421264
2000-10-23,6.557478
2000-10-24,6.528972
2000-10-25,6.487789
2000-10-26,6.465612
2000-10-27,6.614505
2000-10-30,6.871100
2000-10-31,6.924952
2000-11-01,6.883771
2000-11-02,6.886938
2000-11-03,6.855261
2000-11-06,6.823585
2000-11-07,6.833086
2000-11-08,6.867929
2000-11-09,6.905946
2000-11-10,6.918620
2000-11-13,6.950295
2000-11-14,6.829916
2000-11-15,6.823585
2000-11-16,6.902777
2000-11-17,6.798239
2000-11-20,6.864762
2000-11-21,6.798239
2000-11-22,6.848922
2000-11-24,6.836252
2000-11-27,6.788737
2000-11-28,6.886938
2000-11-29,6.931291
2000-11-30,6.921786
2000-12-01,6.788737
2000-12-04,6.861595
2000-12-05,6.905946
2000-12-06,6.931291
2000-12-07,6.928118
2000-12-08,6.760224
2000-12-11,6.779232
2000-12-12,6.798239
2000-12-13,6.966136
2000-12-14,6.924952
2000-12-15,6.865081
2000-12-18,6.853045
2000-12-19,6.615183
2000-12-20,6.554111
2000-12-21,6.515539
2000-12-22,6.618398
2000-12-26,6.804833
2000-12-27,6.804833
2000-12-28,6.750187
2000-12-29,6.827331
2001-01-02,6.724471
2001-01-03,6.583041
2001-01-04,6.480180
2001-01-05,6.415889
2001-01-08,6.512322
2001-01-09,6.541251
2001-01-10,6.525182
2001-01-11,6.374107
2001-01-12,6.422320
2001-01-16,6.319458
2001-01-17,6.335535
2001-01-18,6.448036
2001-01-19,6.428750
2001-01-22,6.415889
2001-01-23,6.409464
2001-01-24,6.419106
2001-01-25,6.464107
2001-01-26,6.403034
2001-01-29,6.502805
2001-01-30,6.502805
2001-01-31,6.443148
2001-02-01,6.521322
2001-02-02,6.449322
2001-02-05,6.496637
2001-02-06,6.535725
2001-02-07,6.537782
2001-02-08,6.595384
2001-02-09,6.587155
2001-02-12,6.593323
2001-02-13,6.648871
2001-02-14,6.537782
2001-02-15,6.548069
2001-02-16,6.585095
2001-02-20,6.615954
2001-02-21,6.537782
2001-02-22,6.607725
2001-02-23,6.570695
2001-02-26,6.644754
2001-02-27,6.652984
2001-02-28,6.576868
2001-03-01,6.504864
2001-03-02,6.521322
2001-03-05,6.508978
2001-03-06,6.500751
2001-03-07,6.469893
2001-03-08,6.591268
2001-03-09,6.476064
2001-03-12,6.550123
2001-03-13,6.397891
2001-03-14,6.177769
2001-03-15,6.286801
2001-03-16,6.236044
2001-03-19,6.314775
2001-03-20,6.223612
2001-03-21,6.084804
2001-03-22,6.008149
2001-03-23,5.997789
2001-03-26,6.196681
2001-03-27,6.424575
2001-03-28,6.287839
2001-03-29,6.434934
2001-03-30,6.482585
2001-04-02,6.503303
2001-04-03,6.472227
2001-04-04,6.497088
2001-04-05,6.453578
2001-04-06,6.333419
2001-04-09,6.472227
2001-04-10,6.606890
2001-04-11,6.517804
2001-04-12,6.513659
2001-04-16,6.617250
2001-04-17,6.770560
2001-04-18,6.629681
2001-04-19,6.642112
2001-04-20,6.563385
2001-04-23,6.577885
2001-04-24,6.608964
2001-04-25,6.724982
2001-04-26,6.785065
2001-04-27,6.789212
2001-04-30,6.795421
2001-05-01,6.859650
2001-05-02,6.772632
2001-05-03,6.685621
2001-05-04,6.753987
2001-05-07,6.789212
2001-05-08,6.691833
2001-05-09,6.702193
2001-05-10,6.706339
2001-05-11,6.710480
2001-05-14,6.799564
2001-05-15,6.753987
2001-05-16,6.899012
2001-05-17,6.857578
2001-05-18,6.899012
2001-05-21,6.923872
2001-05-22,6.899012
2001-05-23,6.896944
2001-05-24,6.878296
2001-05-25,6.770560
2001-05-29,6.766416
2001-05-30,6.737412
2001-05-31,6.843074
2001-06-01,6.785065
2001-06-04,6.789212
2001-06-05,6.689765
2001-06-06,6.635898
2001-06-07,6.579959
2001-06-08,6.604819
2001-06-11,6.666973
2001-06-12,6.724982
2001-06-13,6.586175
2001-06-14,6.391425
2001-06-15,6.430862
2001-06-18,6.439210
2001-06-19,6.464247
2001-06-20,6.480941
2001-06-21,6.311929
2001-06-22,6.382873
2001-06-25,6.307755
2001-06-26,6.401649
2001-06-27,6.416258
2001-06-28,6.430862
2001-06-29,6.499723
2001-07-02,6.518500
2001-07-03,6.535191
2001-07-05,6.589445
2001-07-06,6.583182
2001-07-09,6.643693
2001-07-10,6.654127
2001-07-11,6.685429
2001-07-12,6.616572
2001-07-13,6.599877
2001-07-16,6.645780
2001-07-17,6.656216
2001-07-18,6.587357
2001-07-19,6.629090
2001-07-20,6.489289
2001-07-23,6.311929
2001-07-24,6.130393
2001-07-25,6.401649
2001-07-26,6.424603
2001-07-27,6.420433
2001-07-30,6.493463
2001-07-31,6.441298
2001-08-01,6.516413
2001-08-02,6.505981
2001-08-03,6.487205
2001-08-06,6.362006
2001-08-07,6.412083
2001-08-08,6.284803
2001-08-09,6.295236
2001-08-10,6.418344
2001-08-13,6.347398
2001-08-14,6.347398
2001-08-15,6.268109
2001-08-16,6.336965
2001-08-17,6.259762
2001-08-20,6.309842
2001-08-21,6.311929
2001-08-22,6.301497
2001-08-23,6.286889
2001-08-24,6.330703
2001-08-27,6.347398
2001-08-28,6.318186
2001-08-29,6.280632
2001-08-30,6.207598
2001-08-31,6.211771
2001-09-04,6.276459
2001-09-05,6.238899
2001-09-06,6.190904
2001-09-07,6.182558
2001-09-10,6.284803
2001-09-17,6.228463
2001-09-18,6.272279
2001-09-19,6.224295
2001-09-20,6.303582
2001-09-21,6.125065
2001-09-24,6.146091
2001-09-25,6.238610
2001-09-26,6.089320
2001-09-27,6.013625
2001-09-28,6.152398
2001-10-01,6.204967
2001-10-02,6.272255
2001-10-03,6.339536
2001-10-04,6.276459
2001-10-05,6.289073
2001-10-08,6.347948
2001-10-09,6.316409
2001-10-10,6.329024
2001-10-11,6.236506
2001-10-12,6.194452
2001-10-15,6.183941
2001-10-16,6.230199
2001-10-17,6.223890
2001-10-18,6.104035
2001-10-19,6.209172
2001-10-22,6.091423
2001-10-23,5.935827
2001-10-24,5.883259
2001-10-25,5.923209
2001-10-26,5.942135
2001-10-29,5.931622
2001-10-30,5.843308
2001-10-31,5.828589
2001-11-01,5.876951
2001-11-02,5.900080
2001-11-05,5.956851
2001-11-06,5.982083
2001-11-07,5.904283
2001-11-08,5.984187
2001-11-09,6.022037
2001-11-12,6.001011
2001-11-13,5.996803
2001-11-14,5.933723
2001-11-15,5.923209
2001-11-16,5.986290
2001-11-19,5.971570
2001-11-20,5.984187
2001-11-21,5.940032
2001-11-23,5.933723
2001-11-26,5.940032
2001-11-27,5.860129
2001-11-28,5.782332
2001-11-29,5.780229
2001-11-30,5.754995
2001-12-03,5.765509
2001-12-04,5.830690
2001-12-05,5.872747
2001-12-06,5.818078
2001-12-07,5.824385
2001-12-10,5.784433
2001-12-11,5.691915
2001-12-12,5.754995
2001-12-13,5.748687
2001-12-14,5.708739
2001-12-17,5.733970
2001-12-18,5.786537
2001-12-19,5.910594
2001-12-20,5.881159
2001-12-21,5.839835
2001-12-24,5.886453
2001-12-26,5.880096
2001-12-27,5.958497
2001-12-28,5.937308
2001-12-31,5.939427
2002-01-02,6.024186
2002-01-03,6.055969
2002-01-04,6.028424
2002-01-07,6.034781
2002-01-08,5.960620
2002-01-09,5.907645
2002-01-10,5.954261
2002-01-11,5.897048
2002-01-14,5.952140
2002-01-15,5.954261
2002-01-16,5.928835
2002-01-17,5.869503
2002-01-18,5.858908
2002-01-22,5.731771
2002-01-23,5.816528
2002-01-24,5.803813
2002-01-25,5.767791
2002-01-28,5.767791
2002-01-29,5.693628
2002-01-30,5.687272
2002-01-31,5.725411
2002-02-01,5.738127
2002-02-04,5.678796
2002-02-05,5.602514
2002-02-06,5.490211
2002-02-07,5.568613
2002-02-08,5.598273
2002-02-11,5.636417
2002-02-12,5.636417
2002-02-13,5.670320
2002-02-14,5.683034
2002-02-15,5.672440
2002-02-19,5.574968
2002-02-20,5.644895
2002-02-21,5.532588
2002-02-22,5.608871
2002-02-25,5.672440
2002-02-26,5.666083
2002-02-27,5.704224
2002-02-28,5.714818
2002-03-01,5.837716
2002-03-04,5.907645
2002-03-05,5.911880
2002-03-06,6.028424
2002-03-07,5.992401
2002-03-08,5.975450
2002-03-11,5.994520
2002-03-12,5.933068
2002-03-13,5.933068
2002-03-14,5.911880
2002-03-15,5.961864
2002-03-18,5.989635
2002-03-19,6.017405
2002-03-20,5.981088
2002-03-21,6.045175
2002-03-22,5.974682
2002-03-25,5.983228
2002-03-26,5.951185
2002-03-27,5.966140
2002-03-28,6.019542
2002-04-01,5.957593
2002-04-02,5.991770
2002-04-03,5.991770
2002-04-04,6.000315
2002-04-05,5.968276
2002-04-08,5.925551
2002-04-09,5.799522
2002-04-10,5.921278
2002-04-11,5.743982
2002-04-12,5.782434
2002-04-15,5.692717
2002-04-16,5.831562
2002-04-17,5.861470
2002-04-18,5.846516
2002-04-19,5.795251
2002-04-22,5.707669
2002-04-23,5.735439
2002-04-24,5.750392
2002-04-25,5.711943
2002-04-26,5.620090
2002-04-29,5.536781
2002-04-30,5.654267
2002-05-01,5.707669
2002-05-02,5.671354
2002-05-03,5.639315
2002-05-06,5.609408
2002-05-07,5.553872
2002-05-08,5.632906
2002-05-09,5.585912
2002-05-10,5.457746
2002-05-13,5.523965
2002-05-14,5.607270
2002-05-15,5.577367
2002-05-16,5.598728
2002-05-17,5.545324
2002-05-20,5.575233
2002-05-21,5.615817
2002-05-22,5.716213
2002-05-23,5.818748
2002-05-24,5.758934
2002-05-28,5.799522
2002-05-29,5.703398
2002-05-30,5.649994
2002-05-31,5.607270
2002-06-03,5.479106
2002-06-04,5.498333
2002-06-05,5.476970
2002-06-06,5.316764
2002-06-07,5.378709
2002-06-10,5.397935
2002-06-11,5.308218
2002-06-12,5.417160
2002-06-13,5.410752
2002-06-14,5.342393
2002-06-17,5.462018
2002-06-18,5.502602
2002-06-19,5.350940
2002-06-20,5.286858
2002-06-21,5.305621
2002-06-24,5.217196
2002-06-25,5.182686
2002-06-26,5.128768
2002-06-27,5.124456
2002-06-28,5.230136
2002-07-01,5.122297
2002-07-02,5.014458
2002-07-03,4.984266
2002-07-05,5.042495
2002-07-08,4.977794
2002-07-09,4.846232
2002-07-10,4.572324
2002-07-11,4.731924
2002-07-12,4.555070
2002-07-15,4.626243
2002-07-16,4.490366
2002-07-17,4.406253
2002-07-18,4.302729
2002-07-19,4.061173
2002-07-22,3.961959
2002-07-23,3.653547
2002-07-24,3.979216
2002-07-25,4.097837
2002-07-26,4.043919
2002-07-29,4.108619
2002-07-30,4.442917
2002-07-31,4.460173
2002-08-01,4.395470
2002-08-02,4.309199
2002-08-05,4.233713
2002-08-06,4.408410
2002-08-07,4.440762
2002-08-08,4.522718
2002-08-09,4.533502
2002-08-12,4.611146
2002-08-13,4.483898
2002-08-14,4.619773
2002-08-15,4.628399
2002-08-16,4.555070
2002-08-19,4.626243
2002-08-20,4.613302
2002-08-21,4.755648
2002-08-22,4.852703
2002-08-23,4.777216
2002-08-26,4.852703
2002-08-27,4.805255
2002-08-28,4.775060
2002-08-29,4.708201
2002-08-30,4.637025
2002-09-03,4.509778
2002-09-04,4.481741
2002-09-05,4.468799
2002-09-06,4.468799
2002-09-09,4.460173
2002-09-10,4.358804
2002-09-11,4.363120
2002-09-12,4.250968
2002-09-13,4.313512
2002-09-16,4.263907
2002-09-17,4.108619
2002-09-18,4.244496
2002-09-19,4.156070
2002-09-20,4.058270
2002-09-23,3.951299
2002-09-24,3.822502
2002-09-25,3.936022
2002-09-26,4.091013
2002-09-27,4.021158
2002-09-30,4.075735
2002-10-01,4.141224
2002-10-02,4.016791
2002-10-03,3.994961
2002-10-04,3.811586
2002-10-07,3.776658
2002-10-08,3.634759
2002-10-09,3.324769
2002-10-10,3.549623
2002-10-11,3.597650
2002-10-14,3.591098
2002-10-15,3.602015
2002-10-16,3.477581
2002-10-17,3.536524
2002-10-18,3.567086
2002-10-21,3.776658
2002-10-22,3.728630
2002-10-23,3.796304
2002-10-24,3.798488
2002-10-25,3.853064
2002-10-28,3.929469
2002-10-29,3.903273
2002-10-30,3.990596
2002-10-31,3.981865
2002-11-01,4.001511
2002-11-04,4.145591
2002-11-05,4.145591
2002-11-06,4.232913
2002-11-07,4.036437
2002-11-08,3.912007
2002-11-11,3.868344
2002-11-12,3.796304
2002-11-13,3.820319
2002-11-14,3.905455
2002-11-15,3.962215
2002-11-18,3.951299
2002-11-19,3.973129
2002-11-20,3.970948
2002-11-21,4.038623
2002-11-22,4.152141
2002-11-25,4.160872
2002-11-26,4.056086
2002-11-27,4.080100
2002-11-29,4.097565
2002-12-02,4.036437
2002-12-03,4.080100
2002-12-04,3.988413
2002-12-05,3.975313
2002-12-06,3.970948
2002-12-09,4.025523
2002-12-10,4.056086
2002-12-11,4.093198
2002-12-12,4.106294
2002-12-13,4.147774
2002-12-16,4.213266
2002-12-17,4.217632
2002-12-18,4.204533
2002-12-19,4.208898
2002-12-20,4.252417
2002-12-23,4.234744
2002-12-24,4.217071
2002-12-26,4.243579
2002-12-27,4.228120
2002-12-30,4.239164
2002-12-31,4.230329
2003-01-02,4.329732
2003-01-03,4.373914
2003-01-06,4.570521
2003-01-07,4.471114
2003-01-08,4.502039
2003-01-09,4.479950
2003-01-10,4.479950
2003-01-13,4.384961
2003-01-14,4.393797
2003-01-15,4.380543
2003-01-16,4.373914
2003-01-17,4.354035
2003-01-21,4.263463
2003-01-22,4.225909
2003-01-23,4.303226
2003-01-24,4.192772
2003-01-27,4.031512
2003-01-28,4.153009
2003-01-29,4.150801
2003-01-30,4.084528
2003-01-31,4.130918
2003-02-03,4.144176
2003-02-04,4.124294
2003-02-05,4.062438
2003-02-06,4.024886
2003-02-07,3.954198
2003-02-10,3.967448
2003-02-11,3.901179
2003-02-12,3.766429
2003-02-13,3.819443
2003-02-14,3.883507
2003-02-18,3.925478
2003-02-19,3.927689
2003-02-20,3.925478
2003-02-21,3.976286
2003-02-24,3.949777
2003-02-25,3.976286
2003-02-26,3.907807
2003-02-27,3.914433
2003-02-28,3.910013
2003-03-03,3.936525
2003-03-04,3.912226
2003-03-05,3.951987
2003-03-06,3.951987
2003-03-07,3.965241
2003-03-10,3.872461
2003-03-11,3.865834
2003-03-12,3.872461
2003-03-13,3.940942
2003-03-14,3.956405
2003-03-17,4.044766
2003-03-18,4.091156
2003-03-19,4.069067
2003-03-20,4.115458
2003-03-21,4.183999
2003-03-24,4.081299
2003-03-25,4.137112
2003-03-26,4.101390
2003-03-27,4.121485
2003-03-28,4.128182
2003-03-31,4.108089
2003-04-01,4.137112
2003-04-02,4.139347
2003-04-03,4.123718
2003-04-04,4.175068
2003-04-07,4.175068
2003-04-08,4.148276
2003-04-09,4.139347
2003-04-10,4.175068
2003-04-11,4.161672
2003-04-14,4.215257
2003-04-15,4.268840
2003-04-16,4.264375
2003-04-17,4.273307
2003-04-21,4.313495
2003-04-22,4.373773
2003-04-23,4.373773
2003-04-24,4.413962
2003-04-25,4.402800
2003-04-28,4.463081
2003-04-29,4.469779
2003-04-30,4.463081
2003-05-01,4.402800
2003-05-02,4.438523
2003-05-05,4.456382
2003-05-06,4.449684
2003-05-07,4.442985
2003-05-08,4.436289
2003-05-09,4.465314
2003-05-12,4.498805
2003-05-13,4.507735
2003-05-14,4.527829
2003-05-15,4.597039
2003-05-16,4.693044
2003-05-19,4.619368
2003-05-20,4.639462
2003-05-21,4.628299
2003-05-22,4.710905
2003-05-23,4.889519
2003-05-27,4.960966
2003-05-28,4.938637
2003-05-29,4.864960
2003-05-30,4.914076
2003-06-02,4.956499
2003-06-03,4.976592
2003-06-04,5.045806
2003-06-05,4.987755
2003-06-06,4.934171
2003-06-09,4.929708
2003-06-10,4.952033
2003-06-11,4.989990
2003-06-12,5.050272
2003-06-13,4.983291
2003-06-16,5.079294
2003-06-17,5.054734
2003-06-18,5.079294
2003-06-19,5.094923
2003-06-20,5.070832
2003-06-23,5.016791
2003-06-24,4.985265
2003-06-25,4.976257
2003-06-26,5.023544
2003-06-27,4.958247
2003-06-30,4.980762
2003-07-01,4.946985
2003-07-02,4.983014
2003-07-03,4.953741
2003-07-07,4.962748
2003-07-08,4.924469
2003-07-09,4.888443
2003-07-10,4.800626
2003-07-11,4.829898
2003-07-14,4.823143
2003-07-15,4.728573
2003-07-16,4.649763
2003-07-17,4.638503
2003-07-18,4.710558
2003-07-21,4.643007
2003-07-22,4.721815
2003-07-23,4.692543
2003-07-24,4.690294
2003-07-25,4.728573
2003-07-28,4.694795
2003-07-29,4.674531
2003-07-30,4.640756
2003-07-31,4.647511
2003-08-01,4.627242
2003-08-04,4.627242
2003-08-05,4.555191
2003-08-06,4.582211
2003-08-07,4.624992
2003-08-08,4.647511
2003-08-11,4.647511
2003-08-12,4.710558
2003-08-13,4.665524
2003-08-14,4.683536
2003-08-15,4.674531
2003-08-18,4.663271
2003-08-19,4.667777
2003-08-20,4.712808
2003-08-21,4.730823
2003-08-22,4.665524
2003-08-25,4.688040
2003-08-26,4.701551
2003-08-27,4.717312
2003-08-28,4.728573
2003-08-29,4.739829
2003-09-02,4.827649
2003-09-03,4.843409
2003-09-04,4.845659
2003-09-05,4.836654
2003-09-08,4.872678
2003-09-09,4.861419
2003-09-10,4.854666
2003-09-11,4.841157
2003-09-12,4.877181
2003-09-15,4.850163
2003-09-16,4.892943
2003-09-17,4.879435
2003-09-18,4.933475
2003-09-19,4.941428
2003-09-22,4.914164
2003-09-23,4.936882
2003-09-24,4.877814
2003-09-25,4.886903
2003-09-26,4.932342
2003-09-29,4.984594
2003-09-30,4.975506
2003-10-01,4.982324
2003-10-02,5.030032
2003-10-03,5.041394
2003-10-06,5.034577
2003-10-07,5.018674
2003-10-08,5.000496
2003-10-09,5.009586
2003-10-10,4.993681
2003-10-13,5.025489
2003-10-14,5.039121
2003-10-15,4.975506
2003-10-16,4.998225
2003-10-17,4.966418
2003-10-20,4.991409
2003-10-21,4.984594
2003-10-22,4.982324
2003-10-23,4.991409
2003-10-24,4.975506
2003-10-27,4.995954
2003-10-28,4.982324
2003-10-29,4.977777
2003-10-30,5.018674
2003-10-31,5.009586
2003-11-03,5.034577
2003-11-04,5.009586
2003-11-05,5.007313
2003-11-06,4.986866
2003-11-07,4.955059
2003-11-10,4.943700
2003-11-11,4.948245
2003-11-12,4.959605
2003-11-13,4.966418
2003-11-14,4.959605
2003-11-17,4.918709
2003-11-18,4.830102
2003-11-19,4.891447
2003-11-20,4.880087
2003-11-21,4.871000
2003-11-24,4.945971
2003-11-25,4.973235
2003-11-26,5.009586
2003-11-28,5.020946
2003-12-01,5.034577
2003-12-02,5.043664
2003-12-03,5.034577
2003-12-04,5.045938
2003-12-05,5.073199
2003-12-08,5.086830
2003-12-09,5.043664
2003-12-10,5.066384
2003-12-11,5.089105
2003-12-12,5.100461
2003-12-15,5.082288
2003-12-16,5.114095
2003-12-17,5.136813
2003-12-18,5.202698
2003-12-19,5.214624
2003-12-22,5.262778
2003-12-23,5.290295
2003-12-24,5.299470
2003-12-26,5.306347
2003-12-29,5.345334
2003-12-30,5.359093
2003-12-31,5.349921
2004-01-02,5.336161
2004-01-05,5.345334
2004-01-06,5.333867
2004-01-07,5.361383
2004-01-08,5.359093
2004-01-09,5.340747
2004-01-12,5.338452
2004-01-13,5.313228
2004-01-14,5.377436
2004-01-15,5.359093
2004-01-16,5.349921
2004-01-20,5.388903
2004-01-21,5.482922
2004-01-22,5.503560
2004-01-23,5.455404
2004-01-26,5.423299
2004-01-27,5.404954
2004-01-28,5.425593
2004-01-29,5.469162
2004-01-30,5.459991
2004-02-02,5.427885
2004-02-03,5.476042
2004-02-04,5.386609
2004-02-05,5.354505
2004-02-06,5.400368
2004-02-09,5.432473
2004-02-10,5.478333
2004-02-11,5.473750
2004-02-12,5.457696
2004-02-13,5.450816
2004-02-17,5.492094
2004-02-18,5.510442
2004-02-19,5.473750
2004-02-20,5.421007
2004-02-23,5.441645
2004-02-24,5.411833
2004-02-25,5.466872
2004-02-26,5.503560
2004-02-27,5.563184
2004-03-01,5.590697
2004-03-02,5.565475
2004-03-03,5.563184
2004-03-04,5.602165
2004-03-05,5.645737
2004-03-08,5.629681
2004-03-09,5.597580
2004-03-10,5.533371
2004-03-11,5.453110
2004-03-12,5.505853
2004-03-15,5.489800
2004-03-16,5.542543
2004-03-17,5.629681
2004-03-18,5.604459
2004-03-19,5.571630
2004-03-22,5.506897
2004-03-23,5.504586
2004-03-24,5.516143
2004-03-25,5.525393
2004-03-26,5.543887
2004-03-29,5.578564
2004-03-30,5.599371
2004-03-31,5.622491
2004-04-01,5.638675
2004-04-02,5.610932
2004-04-05,5.627116
2004-04-06,5.629426
2004-04-07,5.571630
2004-04-08,5.567007
2004-04-12,5.479157
2004-04-13,5.379744
2004-04-14,5.386677
2004-04-15,5.416736
2004-04-16,5.435229
2004-04-19,5.400553
2004-04-20,5.340445
2004-04-21,5.382055
2004-04-22,5.442164
2004-04-23,5.444476
2004-04-26,5.460661
2004-04-27,5.469906
2004-04-28,5.474529
2004-04-29,5.388993
2004-04-30,5.382055
2004-05-03,5.419047
2004-05-04,5.439853
2004-05-05,5.402862
2004-05-06,5.421358
2004-05-07,5.257215
2004-05-10,5.183234
2004-05-11,5.169363
2004-05-12,5.164737
2004-05-13,5.185545
2004-05-14,5.213289
2004-05-17,5.157804
2004-05-18,5.201728
2004-05-19,5.164737
2004-05-20,5.217912
2004-05-21,5.210976
2004-05-24,5.282645
2004-05-25,5.377433
2004-05-26,5.379744
2004-05-27,5.435229
2004-05-28,5.446786
2004-06-01,5.439853
2004-06-02,5.449100
2004-06-03,5.391303
2004-06-04,5.409798
2004-06-07,5.456035
2004-06-08,5.405171
2004-06-09,5.370496
2004-06-10,5.407484
2004-06-14,5.370496
2004-06-15,5.393618
2004-06-16,5.423666
2004-06-17,5.460661
2004-06-18,5.489811
2004-06-21,5.527127
2004-06-22,5.506136
2004-06-23,5.548112
2004-06-24,5.566771
2004-06-25,5.534122
2004-06-28,5.559775
2004-06-29,5.517796
2004-06-30,5.541118
2004-07-01,5.475819
2004-07-02,5.531789
2004-07-06,5.522461
2004-07-07,5.534122
2004-07-08,5.513134
2004-07-09,5.501472
2004-07-12,5.513134
2004-07-13,5.501472
2004-07-14,5.550447
2004-07-15,5.576097
2004-07-16,5.615747
2004-07-19,5.641399
2004-07-20,5.653060
2004-07-21,5.564441
2004-07-22,5.527127
2004-07-23,5.494474
2004-07-26,5.480484
2004-07-27,5.473486
2004-07-28,5.545783
2004-07-29,5.585428
2004-07-30,5.625075
2004-08-02,5.667053
2004-08-03,5.655393
2004-08-04,5.704367
2004-08-05,5.636734
2004-08-06,5.678713
2004-08-09,5.664720
2004-08-10,5.706700
2004-08-11,5.730020
2004-08-12,5.727687
2004-08-13,5.706700
2004-08-16,5.732350
2004-08-17,5.730020
2004-08-18,5.767333
2004-08-19,5.739346
2004-08-20,5.762668
2004-08-23,5.751009
2004-08-24,5.762668
2004-08-25,5.785992
2004-08-26,5.785992
2004-08-27,5.783659
2004-08-30,5.797651
2004-08-31,5.853621
2004-09-01,5.834964
2004-09-02,5.888604
2004-09-03,5.867616
2004-09-07,5.909592
2004-09-08,5.853621
2004-09-09,5.879273
2004-09-10,5.890940
2004-09-13,5.844295
2004-09-14,5.834964
2004-09-15,5.846623
2004-09-16,5.881608
2004-09-17,5.916647
2004-09-20,5.895481
2004-09-21,5.928403
2004-09-22,5.902537
2004-09-23,5.843748
2004-09-24,5.846097
2004-09-27,5.853152
2004-09-28,5.890779
2004-09-29,5.879018
2004-09-30,5.890779
2004-10-01,5.937810
2004-10-04,5.961330
2004-10-05,5.987194
2004-10-06,6.010710
2004-10-07,5.977788
2004-10-08,6.003658
2004-10-11,5.987194
2004-10-12,6.036578
2004-10-13,5.956625
2004-10-14,5.968383
2004-10-15,6.015414
2004-10-18,5.973083
2004-10-19,5.963677
2004-10-20,5.970732
2004-10-21,5.996601
2004-10-22,6.034228
2004-10-25,6.125939
2004-10-26,6.187080
2004-10-27,6.180026
2004-10-28,6.144754
2004-10-29,6.177678
2004-11-01,6.227059
2004-11-02,6.104776
2004-11-03,6.234113
2004-11-04,6.358747
2004-11-05,6.335232
2004-11-08,6.396372
2004-11-09,6.398727
2004-11-10,6.396372
2004-11-11,6.464571
2004-11-12,6.542174
2004-11-15,6.509255
2004-11-16,6.497493
2004-11-17,6.443407
2004-11-18,6.443407
2004-11-19,6.419890
2004-11-22,6.521009
2004-11-23,6.560988
2004-11-24,6.584504
2004-11-26,6.610370
2004-11-29,6.523362
2004-11-30,6.452813
2004-12-01,6.396372
2004-12-02,6.316418
2004-12-03,6.363452
2004-12-06,6.422241
2004-12-07,6.372856
2004-12-08,6.339937
2004-12-09,6.342286
2004-12-10,6.365803
2004-12-13,6.459867
2004-12-14,6.483383
2004-12-15,6.513955
2004-12-16,6.516311
2004-12-17,6.533400
2004-12-20,6.569011
2004-12-21,6.637862
2004-12-22,6.652105
2004-12-23,6.649729
2004-12-27,6.606996
2004-12-28,6.623614
2004-12-29,6.642604
2004-12-30,6.644979
2004-12-31,6.611741
2005-01-03,6.535774
2005-01-04,6.490665
2005-01-05,6.388582
2005-01-06,6.421818
2005-01-07,6.421818
2005-01-10,6.455056
2005-01-11,6.436063
2005-01-12,6.455056
2005-01-13,6.485918
2005-01-14,6.540524
2005-01-18,6.597498
2005-01-19,6.569011
2005-01-20,6.547646
2005-01-21,6.521530
2005-01-24,6.578508
2005-01-25,6.540524
2005-01-26,6.635483
2005-01-27,6.668721
2005-01-28,6.675843
2005-01-31,6.751813
2005-02-01,6.796921
2005-02-02,6.823036
2005-02-03,6.842028
2005-02-04,6.908499
2005-02-07,6.894257
2005-02-08,6.934618
2005-02-09,6.894257
2005-02-10,6.901378
2005-02-11,6.906126
2005-02-14,6.967853
2005-02-15,6.955983
2005-02-16,6.974972
2005-02-17,6.960728
2005-02-18,6.887134
2005-02-22,6.723324
2005-02-23,6.758934
2005-02-24,6.811162
2005-02-25,6.944113
2005-02-28,6.896629
2005-03-01,6.915622
2005-03-02,6.908499
2005-03-03,6.944113
2005-03-04,7.053319
2005-03-07,7.103174
2005-03-08,7.055689
2005-03-09,6.929867
2005-03-10,6.974972
2005-03-11,6.944113
2005-03-14,7.050944
2005-03-15,7.020079
2005-03-16,6.955983
2005-03-17,6.996339
2005-03-18,6.975292
2005-03-21,6.972900
2005-03-22,6.831765
2005-03-23,6.798281
2005-03-24,6.870038
2005-03-28,6.881999
2005-03-29,6.795886
2005-03-30,6.905923
2005-03-31,6.972900
2005-04-01,6.996817
2005-04-04,7.015955
2005-04-05,7.056618
2005-04-06,7.035093
2005-04-07,7.099680
2005-04-08,7.044661
2005-04-11,7.114032
2005-04-12,7.181009
2005-04-13,7.130775
2005-04-14,7.063799
2005-04-15,6.939411
2005-04-18,6.965723
2005-04-19,7.063799
2005-04-20,7.001604
2005-04-21,7.063799
2005-04-22,7.109246
2005-04-25,7.157088
2005-04-26,7.066189
2005-04-27,7.118815
2005-04-28,7.087718
2005-04-29,7.188186
2005-05-02,7.207321
2005-05-03,7.171441
2005-05-04,7.178615
2005-05-05,7.149912
2005-05-06,7.133168
2005-05-09,7.192969
2005-05-10,7.140344
2005-05-11,7.173833
2005-05-12,7.092505
2005-05-13,6.977684
2005-05-16,7.023133
2005-05-17,7.104463
2005-05-18,7.106854
2005-05-19,7.147520
2005-05-20,7.145129
2005-05-23,7.118815
2005-05-24,7.118815
2005-05-25,7.137948
2005-05-26,7.157088
2005-05-27,7.185792
2005-05-31,7.183402
2005-06-01,7.276690
2005-06-02,7.267124
2005-06-03,7.291044
2005-06-06,7.283867
2005-06-07,7.300612
2005-06-08,7.314965
2005-06-09,7.322141
2005-06-10,7.348454
2005-06-13,7.379553
2005-06-14,7.398691
2005-06-15,7.362809
2005-06-16,7.350846
2005-06-17,7.444657
2005-06-20,7.459126
2005-06-21,7.468771
2005-06-22,7.536301
2005-06-23,7.558002
2005-06-24,7.504948
2005-06-27,7.550770
2005-06-28,7.625530
2005-06-29,7.603827
2005-06-30,7.611058
2005-07-01,7.680995
2005-07-05,7.695468
2005-07-06,7.565239
2005-07-07,7.625530
2005-07-08,7.714759
2005-07-11,7.758167
2005-07-12,7.779871
2005-07-13,7.801575
2005-07-14,7.724405
2005-07-15,7.721990
2005-07-18,7.717170
2005-07-19,7.724405
2005-07-20,7.765401
2005-07-21,7.625530
2005-07-22,7.668939
2005-07-25,7.671352
2005-07-26,7.697879
2005-07-27,7.731641
2005-07-28,7.779871
2005-07-29,7.782284
2005-08-01,7.680995
2005-08-02,7.859455
2005-08-03,7.881158
2005-08-04,7.830514
2005-08-05,7.695468
2005-08-08,7.538711
2005-08-09,7.618293
2005-08-10,7.615882
2005-08-11,7.661703
2005-08-12,7.654469
2005-08-15,7.683409
2005-08-16,7.562825
2005-08-17,7.555593
2005-08-18,7.584530
2005-08-19,7.630352
2005-08-22,7.680995
2005-08-23,7.743700
2005-08-24,7.707520
2005-08-25,7.765401
2005-08-26,7.753344
2005-08-29,7.784695
2005-08-30,7.772635
2005-08-31,7.832927
2005-09-01,7.955919
2005-09-02,7.958330
2005-09-06,8.033094
2005-09-07,8.037914
2005-09-08,7.967978
2005-09-09,8.062027
2005-09-12,8.054798
2005-09-13,7.984860
2005-09-14,8.013800
2005-09-15,8.088560
2005-09-16,8.161697
2005-09-19,8.137400
2005-09-20,8.105811
2005-09-21,7.964884
2005-09-22,7.921148
2005-09-23,7.940583
2005-09-26,8.006191
2005-09-27,8.008618
2005-09-28,8.091234
2005-09-29,8.171412
2005-09-30,8.164124
2005-10-03,8.256455
2005-10-04,8.113100
2005-10-05,7.877409
2005-10-06,7.772928
2005-10-07,7.840962
2005-10-10,7.702464
2005-10-11,7.719471
2005-10-12,7.573683
2005-10-13,7.413319
2005-10-14,7.498360
2005-10-17,7.580976
2005-10-18,7.454625
2005-10-19,7.474065
2005-10-20,7.277250
2005-10-21,7.374442
2005-10-24,7.563968
2005-10-25,7.573683
2005-10-26,7.481353
2005-10-27,7.396308
2005-10-28,7.544528
2005-10-31,7.641718
2005-11-01,7.491068
2005-11-02,7.520228
2005-11-03,7.515369
2005-11-04,7.505651
2005-11-07,7.486211
2005-11-08,7.483782
2005-11-09,7.549389
2005-11-10,7.512937
2005-11-11,7.444906
2005-11-14,7.396308
2005-11-15,7.410888
2005-11-16,7.478924
2005-11-17,7.588264
2005-11-18,7.573683
2005-11-21,7.590693
2005-11-22,7.590693
2005-11-23,7.685457
2005-11-25,7.714611
2005-11-28,7.685457
2005-11-29,7.704895
2005-11-30,7.629570
2005-12-01,7.658728
2005-12-02,7.670876
2005-12-05,7.666021
2005-12-06,7.644148
2005-12-07,7.607704
2005-12-08,7.687884
2005-12-09,7.775357
2005-12-12,7.702464
2005-12-13,7.816664
2005-12-14,7.904138
2005-12-15,7.921148
2005-12-16,7.920655
2005-12-19,7.815238
2005-12-20,7.827499
2005-12-21,7.756407
2005-12-22,7.790728
2005-12-23,7.805438
2005-12-27,7.790728
2005-12-28,7.751506
2005-12-29,7.736797
2005-12-30,7.695121
2006-01-03,7.844660
2006-01-04,7.856917
2006-01-05,7.805438
2006-01-06,7.888785
2006-01-09,7.839756
2006-01-10,7.852015
2006-01-11,7.839756
2006-01-12,7.839756
2006-01-13,7.893689
2006-01-17,7.977038
2006-01-18,7.994203
2006-01-19,8.065291
2006-01-20,8.018711
2006-01-23,8.006456
2006-01-24,8.077550
2006-01-25,7.967235
2006-01-26,7.896143
2006-01-27,7.940271
2006-01-30,7.886336
2006-01-31,7.881433
2006-02-01,7.903496
2006-02-02,7.800535
2006-02-03,7.761311
2006-02-06,7.807889
2006-02-07,7.761311
2006-02-08,7.758861
2006-02-09,7.785824
2006-02-10,7.790728
2006-02-13,7.780925
2006-02-14,7.773568
2006-02-15,7.785824
2006-02-16,7.847110
2006-02-17,7.918202
2006-02-21,7.930459
2006-02-22,7.959881
2006-02-23,7.950073
2006-02-24,7.974584
2006-02-27,8.038326
2006-02-28,7.984393
2006-03-01,7.962328
2006-03-02,7.957425
2006-03-03,7.918202
2006-03-06,7.790728
2006-03-07,7.753958
2006-03-08,7.746600
2006-03-09,7.724541
2006-03-10,7.773568
2006-03-13,7.783373
2006-03-14,7.866727
2006-03-15,7.918202
2006-03-16,7.959881
2006-03-17,7.940616
2006-03-20,7.824531
2006-03-21,7.765254
2006-03-22,7.802302
2006-03-23,7.792424
2006-03-24,7.777605
2006-03-27,7.725735
2006-03-28,7.693629
2006-03-29,7.740556
2006-03-30,7.671398
2006-03-31,7.614590
2006-04-03,7.624470
2006-04-04,7.705980
2006-04-05,7.780075
2006-04-06,7.683749
2006-04-07,7.575073
2006-04-10,7.572608
2006-04-11,7.486156
2006-04-12,7.503444
2006-04-13,7.468871
2006-04-17,7.461461
2006-04-18,7.604712
2006-04-19,7.629407
2006-04-20,7.683749
2006-04-21,7.718324
2006-04-24,7.789951
2006-04-25,7.678809
2006-04-26,7.602243
2006-04-27,7.703504
2006-04-28,7.735619
2006-05-01,7.663988
2006-05-02,7.787483
2006-05-03,7.762786
2006-05-04,7.772663
2006-05-05,7.948023
2006-05-08,7.886278
2006-05-09,7.819592
2006-05-10,7.881339
2006-05-11,7.807245
2006-05-12,7.720794
2006-05-15,7.770194
2006-05-16,7.735619
2006-05-17,7.617063
2006-05-18,7.614590
2006-05-19,7.678809
2006-05-22,7.738085
2006-05-23,7.629407
2006-05-24,7.656580
2006-05-25,7.728206
2006-05-26,7.812186
2006-05-30,7.733143
2006-05-31,7.861578
2006-06-01,7.940616
2006-06-02,8.036939
2006-06-05,7.940616
2006-06-06,7.955433
2006-06-07,7.925799
2006-06-08,7.952961
2006-06-09,8.019650
2006-06-12,8.036939
2006-06-13,7.940616
2006-06-14,7.881339
2006-06-15,8.002361
2006-06-16,7.997129
2006-06-19,7.887546
2006-06-20,7.907470
2006-06-21,7.899996
2006-06-22,7.872605
2006-06-23,7.885060
2006-06-26,7.917431
2006-06-27,7.887546
2006-06-28,7.909958
2006-06-29,8.012073
2006-06-30,8.041960
2006-07-03,8.131622
2006-07-05,8.076827
2006-07-06,8.034487
2006-07-07,8.096750
2006-07-10,8.141584
2006-07-11,8.203844
2006-07-12,8.163992
2006-07-13,8.134111
2006-07-14,8.134111
2006-07-17,8.156528
2006-07-18,8.168980
2006-07-19,8.293503
2006-07-20,8.313428
2006-07-21,8.333352
2006-07-24,8.410563
2006-07-25,8.445433
2006-07-26,8.475312
2006-07-27,8.408070
2006-07-28,8.465353
2006-07-31,8.427996
2006-08-01,8.532595
2006-08-02,8.525122
2006-08-03,8.482786
2006-08-04,8.485277
2006-08-07,8.385653
2006-08-08,8.465353
2006-08-09,8.467842
2006-08-10,8.455387
2006-08-11,8.435467
2006-08-14,8.492748
2006-08-15,8.547543
2006-08-16,8.467842
2006-08-17,8.457882
2006-08-18,8.552518
2006-08-21,8.569951
2006-08-22,8.599840
2006-08-23,8.510182
2006-08-24,8.545048
2006-08-25,8.545048
2006-08-28,8.609801
2006-08-29,8.617271
2006-08-30,8.572444
2006-08-31,8.659618
2006-09-01,8.667086
2006-09-05,8.574934
2006-09-06,8.542560
2006-09-07,8.555015
2006-09-08,8.555015
2006-09-11,8.525122
2006-09-12,8.480292
2006-09-13,8.497727
2006-09-14,8.462864
2006-09-15,8.465878
2006-09-18,8.440768
2006-09-19,8.458340
2006-09-20,8.445791
2006-09-21,8.433238
2006-09-22,8.423192
2006-09-25,8.541190
2006-09-26,8.528639
2006-09-27,8.646638
2006-09-28,8.619021
2006-09-29,8.533663
2006-10-02,8.596428
2006-10-03,8.631577
2006-10-04,8.666725
2006-10-05,8.639107
2006-10-06,8.591407
2006-10-09,8.583875
2006-10-10,8.646638
2006-10-11,8.666725
2006-10-12,8.664218
2006-10-13,8.674256
2006-10-16,8.716939
2006-10-17,8.754599
2006-10-18,8.850005
2006-10-19,8.885149
2006-10-20,8.940381
2006-10-23,8.950427
2006-10-24,8.957961
2006-10-25,9.053366
2006-10-26,9.013196
2006-10-27,8.980557
2006-10-30,8.975532
2006-10-31,8.985580
2006-11-01,9.040811
2006-11-02,8.998131
2006-11-03,8.932855
2006-11-06,8.892684
2006-11-07,8.862555
2006-11-08,8.950427
2006-11-09,8.947916
2006-11-10,9.015705
2006-11-13,9.013196
2006-11-14,9.035791
2006-11-15,9.005664
2006-11-16,9.038302
2006-11-17,9.048344
2006-11-20,9.018212
2006-11-21,9.033277
2006-11-22,9.053366
2006-11-24,9.088513
2006-11-27,8.988088
2006-11-28,9.053366
2006-11-29,9.166343
2006-11-30,9.224089
2006-12-01,9.219063
2006-12-04,9.291875
2006-12-05,9.314473
2006-12-06,9.269279
2006-12-07,9.259237
2006-12-08,9.231619
2006-12-11,9.281832
2006-12-12,9.316982
2006-12-13,9.352133
2006-12-14,9.367193
2006-12-15,9.358578
2006-12-18,9.292712
2006-12-19,9.333244
2006-12-20,9.302842
2006-12-21,9.297778
2006-12-22,9.264845
2006-12-26,9.310447
2006-12-27,9.361111
2006-12-28,9.305379
2006-12-29,9.302842
2007-01-03,9.328182
2007-01-04,9.315507
2007-01-05,9.148302
2007-01-08,9.143233
2007-01-09,9.150837
2007-01-10,9.153368
2007-01-11,9.163503
2007-01-12,9.087503
2007-01-16,9.115367
2007-01-17,9.135640
2007-01-18,9.130569
2007-01-19,9.133107
2007-01-22,9.130569
2007-01-23,9.183771
2007-01-24,9.214171
2007-01-25,9.206573
2007-01-26,9.183771
2007-01-29,9.214171
2007-01-30,9.242039
2007-01-31,9.269906
2007-02-01,9.348447
2007-02-02,9.399119
2007-02-05,9.500457
2007-02-06,9.551125
2007-02-07,9.586592
2007-02-08,9.604325
2007-02-09,9.637262
2007-02-12,9.601793
2007-02-13,9.685394
2007-02-14,9.753797
2007-02-15,9.670194
2007-02-16,9.687931
2007-02-20,9.713266
2007-02-21,9.672729
2007-02-22,9.685394
2007-02-23,9.796869
2007-02-26,10.029945
2007-02-27,9.665127
2007-02-28,9.761399
2007-03-01,9.791802
2007-03-02,9.639795
2007-03-05,9.518185
2007-03-06,9.660058
2007-03-07,9.639795
2007-03-08,9.690464
2007-03-09,9.677794
2007-03-12,9.774069
2007-03-13,9.642328
2007-03-14,9.690464
2007-03-15,9.814604
2007-03-16,9.780978
2007-03-19,9.852297
2007-03-20,9.994939
2007-03-21,10.112105
2007-03-22,10.101916
2007-03-23,10.150316
2007-03-26,10.193615
2007-03-27,10.178336
2007-03-28,10.157952
2007-03-29,10.216540
2007-03-30,10.112105
2007-04-02,10.354090
2007-04-03,10.366820
2007-04-04,10.320972
2007-04-05,10.366820
2007-04-09,10.443232
2007-04-10,10.445781
2007-04-11,10.420308
2007-04-12,10.374466
2007-04-13,10.371914
2007-04-16,10.433048
2007-04-17,10.481443
2007-04-18,10.557851
2007-04-19,10.506906
2007-04-20,10.588422
2007-04-23,10.667384
2007-04-24,10.743795
2007-04-25,10.774359
2007-04-26,10.738706
2007-04-27,10.649549
2007-04-30,10.608795
2007-05-01,10.695399
2007-05-02,10.753986
2007-05-03,10.741248
2007-05-04,10.720872
2007-05-07,10.848229
2007-05-08,10.799829
2007-05-09,10.807469
2007-05-10,10.697945
2007-05-11,10.748883
2007-05-14,10.792190
2007-05-15,10.850773
2007-05-16,10.876244
2007-05-17,10.850773
2007-05-18,10.909356
2007-05-21,10.894074
2007-05-22,10.873702
2007-05-23,10.703037
2007-05-24,10.463610
2007-05-25,10.468699
2007-05-29,10.499269
2007-05-30,10.629173
2007-05-31,10.657192
2007-06-01,10.598607
2007-06-04,10.557851
2007-06-05,10.417765
2007-06-06,10.252200
2007-06-07,9.933806
2007-06-08,10.005123
2007-06-11,10.137580
2007-06-12,9.972016
2007-06-13,10.170686
2007-06-14,10.234372
2007-06-15,10.371841
2007-06-18,10.258994
2007-06-19,10.325676
2007-06-20,10.056377
2007-06-21,10.120496
2007-06-22,9.928137
2007-06-25,9.981994
2007-06-26,9.928137
2007-06-27,10.074325
2007-06-28,10.071766
2007-06-29,10.151274
2007-07-02,10.297462
2007-07-03,10.297462
2007-07-05,10.276940
2007-07-06,10.223083
2007-07-09,10.238471
2007-07-10,10.143574
2007-07-11,10.169222
2007-07-12,10.297462
2007-07-13,10.451345
2007-07-16,10.300028
2007-07-17,10.310286
2007-07-18,10.387224
2007-07-19,10.553937
2007-07-20,10.438523
2007-07-23,10.448781
2007-07-24,10.135881
2007-07-25,10.156402
2007-07-26,9.925573
2007-07-27,9.630626
2007-07-30,9.763992
2007-07-31,9.746039
2007-08-01,9.966605
2007-08-02,10.074325
2007-08-03,9.733222
2007-08-06,10.038419
2007-08-07,10.220520
2007-08-08,10.369273
2007-08-09,10.182049
2007-08-10,10.005079
2007-08-13,10.056377
2007-08-14,9.887098
2007-08-15,9.753733
2007-08-16,9.822983
2007-08-17,9.907620
2007-08-20,9.961483
2007-08-21,9.951215
2007-08-22,10.066635
2007-08-23,10.097407
2007-08-24,10.158962
2007-08-27,9.899923
2007-08-28,9.746039
2007-08-29,9.938397
2007-08-30,9.920442
2007-08-31,9.899923
2007-09-04,10.092282
2007-09-05,10.066635
2007-09-06,10.079458
2007-09-07,10.005079
2007-09-10,10.012779
2007-09-11,10.079458
2007-09-12,10.164098
2007-09-13,10.184612
2007-09-14,10.182049
2007-09-17,10.189743
2007-09-18,10.425703
2007-09-19,10.541105
2007-09-20,10.397486
2007-09-21,10.414012
2007-09-24,10.452755
2007-09-25,10.465676
2007-09-26,10.517327
2007-09-27,10.442430
2007-09-28,10.279712
2007-10-01,10.419183
2007-10-02,10.457923
2007-10-03,10.424348
2007-10-04,10.481169
2007-10-05,10.563821
2007-10-08,10.548323
2007-10-09,10.664556
2007-10-10,10.584486
2007-10-11,10.692962
2007-10-12,10.664556
2007-10-15,10.587067
2007-10-16,10.561236
2007-10-17,10.589651
2007-10-18,10.496664
2007-10-19,10.264214
2007-10-22,10.336534
2007-10-23,10.341699
2007-10-24,10.331370
2007-10-25,10.584486
2007-10-26,10.729127
2007-10-29,10.824694
2007-10-30,10.837608
2007-10-31,10.964164
2007-11-01,10.739456
2007-11-02,10.827272
2007-11-05,10.946084
2007-11-06,10.956416
2007-11-07,10.705874
2007-11-08,10.915086
2007-11-09,10.829853
2007-11-12,10.641310
2007-11-13,10.731709
2007-11-14,10.667133
2007-11-15,10.762700
2007-11-16,10.765281
2007-11-19,10.796279
2007-11-20,10.928002
2007-11-21,10.837608
2007-11-23,10.827272
2007-11-26,10.809186
2007-11-27,10.850521
2007-11-28,11.039067
2007-11-29,10.964164
2007-11-30,11.036484
2007-12-03,11.144961
2007-12-04,11.225023
2007-12-05,11.418744
2007-12-06,11.351590
2007-12-07,11.410993
2007-12-10,11.462646
2007-12-11,11.196617
2007-12-12,11.199200
2007-12-13,11.364507
2007-12-14,11.152712
2007-12-17,11.049394
2007-12-18,11.147547
2007-12-19,11.119135
2007-12-20,11.168203
2007-12-21,11.190850
2007-12-24,11.245503
2007-12-26,11.188245
2007-12-27,11.089348
2007-12-28,11.170032
2007-12-31,11.016480
2008-01-02,10.954017
2008-01-03,10.938400
2008-01-04,11.021685
2008-01-07,11.250705
2008-01-08,11.253306
2008-01-09,11.375629
2008-01-10,11.305362
2008-01-11,11.302754
2008-01-14,11.318373
2008-01-15,11.198655
2008-01-16,10.998260
2008-01-17,10.574050
2008-01-18,10.417898
2008-01-22,10.058754
2008-01-23,10.326809
2008-01-24,10.045735
2008-01-25,9.936431
2008-01-28,10.092579
2008-01-29,10.126417
2008-01-30,10.074366
2008-01-31,10.207098
2008-02-01,10.472555
2008-02-04,10.623502
2008-02-05,10.303391
2008-02-06,10.285171
2008-02-07,10.230520
2008-02-08,10.149838
2008-02-11,10.233121
2008-02-12,10.407491
2008-02-13,10.358043
2008-02-14,10.227919
2008-02-15,10.371055
2008-02-19,10.287772
2008-02-20,10.308591
2008-02-21,10.082173
2008-02-22,10.259149
2008-02-25,10.269555
2008-02-26,10.402287
2008-02-27,10.152442
2008-02-28,10.084778
2008-02-29,9.788094
2008-03-03,9.936431
2008-03-04,10.108202
2008-03-05,10.079571
2008-03-06,9.873972
2008-03-07,9.811514
2008-03-10,9.798499
2008-03-11,9.967664
2008-03-12,9.967664
2008-03-13,9.936431
2008-03-14,9.863561
2008-03-17,9.868766
2008-03-18,10.043137
2008-03-19,9.845344
2008-03-20,9.816770
2008-03-24,9.848228
2008-03-25,9.819397
2008-03-26,9.856086
2008-03-27,9.955699
2008-03-28,9.863957
2008-03-31,9.945216
2008-04-01,10.202103
2008-04-02,10.333171
2008-04-03,10.278123
2008-04-04,10.267634
2008-04-07,10.312199
2008-04-08,10.380353
2008-04-09,10.354138
2008-04-10,10.280746
2008-04-11,10.293850
2008-04-14,10.278123
2008-04-15,10.390838
2008-04-16,10.608403
2008-04-17,10.629382
2008-04-18,10.663454
2008-04-21,10.566465
2008-04-22,10.535007
2008-04-23,10.550739
2008-04-24,10.540249
2008-04-25,10.574329
2008-04-28,10.472099
2008-04-29,10.521902
2008-04-30,10.453746
2008-05-01,10.576953
2008-05-02,10.752576
2008-05-05,10.597920
2008-05-06,10.595301
2008-05-07,10.435402
2008-05-08,10.461613
2008-05-09,10.495687
2008-05-12,10.597920
2008-05-13,10.582191
2008-05-14,10.621511
2008-05-15,10.611028
2008-05-16,10.689667
2008-05-19,10.810246
2008-05-20,10.883639
2008-05-21,10.828596
2008-05-22,10.891504
2008-05-23,10.723745
2008-05-27,10.778791
2008-05-28,10.786657
2008-05-29,10.901993
2008-05-30,10.828596
2008-06-02,10.749957
2008-06-03,10.655590
2008-06-04,10.784032
2008-06-05,10.912478
2008-06-06,10.626756
2008-06-09,10.791896
2008-06-10,10.781411
2008-06-11,10.770925
2008-06-12,10.726364
2008-06-13,10.823353
2008-06-16,10.833838
2008-06-17,10.894132
2008-06-18,10.852183
2008-06-19,10.865288
2008-06-20,10.739856
2008-06-23,10.869252
2008-06-24,10.779471
2008-06-25,10.906223
2008-06-26,10.581409
2008-06-27,10.491632
2008-06-30,10.747782
2008-07-01,10.803238
2008-07-02,10.774185
2008-07-03,10.663280
2008-07-07,10.557649
2008-07-08,10.613101
2008-07-09,10.739856
2008-07-10,10.766267
2008-07-11,10.684405
2008-07-14,10.610465
2008-07-15,10.536518
2008-07-16,10.327905
2008-07-17,10.164182
2008-07-18,10.174739
2008-07-21,10.354313
2008-07-22,10.319979
2008-07-23,10.069111
2008-07-24,10.053267
2008-07-25,9.931799
2008-07-28,9.955563
2008-07-29,9.968760
2008-07-30,10.164182
2008-07-31,10.055908
2008-08-01,9.768073
2008-08-04,9.662438
2008-08-05,9.741662
2008-08-06,9.794476
2008-08-07,9.786558
2008-08-08,9.815598
2008-08-11,9.923873
2008-08-12,9.807681
2008-08-13,9.807681
2008-08-14,9.723176
2008-08-15,9.757503
2008-08-18,9.770709
2008-08-19,9.823526
2008-08-20,9.860494
2008-08-21,9.955563
2008-08-22,9.995172
2008-08-25,9.889540
2008-08-26,9.997811
2008-08-27,10.069111
2008-08-28,10.084955
2008-08-29,9.945004
2008-09-02,9.823526
2008-09-03,9.667722
2008-09-04,9.546249
2008-09-05,9.345550
2008-09-08,9.580577
2008-09-09,9.279533
2008-09-10,9.382525
2008-09-11,9.456463
2008-09-12,9.633394
2008-09-15,9.298018
2008-09-16,9.158056
2008-09-17,8.714417
2008-09-18,9.033942
2008-09-19,9.324331
2008-09-22,9.092558
2008-09-23,8.935370
2008-09-24,9.017962
2008-09-25,9.196456
2008-09-26,9.199121
2008-09-29,8.716915
2008-09-30,8.852787
2008-10-01,8.815488
2008-10-02,8.687613
2008-10-03,8.557071
2008-10-06,8.138812
2008-10-07,7.805796
2008-10-08,7.669932
2008-10-09,7.153098
2008-10-10,6.862709
2008-10-13,7.691240
2008-10-14,7.627302
2008-10-15,7.059854
2008-10-16,7.264986
2008-10-17,7.302285
2008-10-20,7.917689
2008-10-21,7.667265
2008-10-22,7.342245
2008-10-23,7.518075
2008-10-24,7.318267
2008-10-27,7.033212
2008-10-28,7.741860
2008-10-29,7.494098
2008-10-30,7.912360
2008-10-31,7.701900
2008-11-03,7.781819
2008-11-04,7.928342
2008-11-05,7.781819
2008-11-06,7.416843
2008-11-07,7.741860
2008-11-10,7.555373
2008-11-11,7.555373
2008-11-12,7.304948
2008-11-13,7.859080
2008-11-14,7.672594
2008-11-17,7.659270
2008-11-18,7.576689
2008-11-19,7.414178
2008-11-20,6.982594
2008-11-21,7.680585
2008-11-24,7.757843
2008-11-25,7.912360
2008-11-26,7.885725
2008-11-28,8.024252
2008-12-01,7.491436
2008-12-02,7.685915
2008-12-03,7.819119
2008-12-04,7.536722
2008-12-05,7.584677
2008-12-08,7.707229
2008-12-09,7.597997
2008-12-10,7.712553
2008-12-11,7.651278
2008-12-12,7.699234
2008-12-15,7.579350
2008-12-16,7.837765
2008-12-17,7.600664
2008-12-18,7.664599
2008-12-19,7.710194
2008-12-22,7.607680
2008-12-23,7.521349
2008-12-24,7.559118
2008-12-26,7.575303
2008-12-29,7.591490
2008-12-30,7.707495
2008-12-31,7.831592
2009-01-02,8.015039
2009-01-05,8.128345
2009-01-06,8.012341
2009-01-07,7.947597
2009-01-08,7.907128
2009-01-09,7.845080
2009-01-12,7.847782
2009-01-13,7.699400
2009-01-14,7.604981
2009-01-15,7.645449
2009-01-16,7.796519
2009-01-20,7.661633
2009-01-21,7.747960
2009-01-22,7.745265
2009-01-23,7.761449
2009-01-26,7.947597
2009-01-27,7.985367
2009-01-28,8.036624
2009-01-29,7.977268
2009-01-30,7.818102
2009-02-02,7.861268
2009-02-03,7.896339
2009-02-04,7.955687
2009-02-05,8.012341
2009-02-06,8.063598
2009-02-09,8.017735
2009-02-10,7.791128
2009-02-11,7.766848
2009-02-12,7.699400
2009-02-13,7.653541
2009-02-17,7.321717
2009-02-18,7.211107
2009-02-19,7.243481
2009-02-20,7.078919
2009-02-23,6.908957
2009-02-24,7.108591
2009-02-25,7.062732
2009-02-26,6.946727
2009-02-27,6.838813
2009-03-02,6.622998
2009-03-03,6.385594
2009-03-04,6.444942
2009-03-05,6.261497
2009-03-06,6.253404
2009-03-09,6.134702
2009-03-10,6.215637
2009-03-11,6.204847
2009-03-12,6.285776
2009-03-13,6.372106
2009-03-16,6.544763
2009-03-17,6.647276
2009-03-18,6.863098
2009-03-19,6.962914
2009-03-20,6.914362
2009-03-23,7.181664
2009-03-24,7.026195
2009-03-25,7.023463
2009-03-26,7.108018
2009-03-27,7.037105
2009-03-30,6.897999
2009-03-31,6.968916
2009-04-01,6.996190
2009-04-02,7.086202
2009-04-03,7.132570
2009-04-06,7.072561
2009-04-07,7.039830
2009-04-08,7.108018
2009-04-09,7.110747
2009-04-13,7.018010
2009-04-14,6.928003
2009-04-15,6.993463
2009-04-16,7.042557
2009-04-17,7.031649
2009-04-20,6.952551
2009-04-21,6.977095
2009-04-22,6.903453
2009-04-23,6.928003
2009-04-24,6.917089
2009-04-27,6.966189
2009-04-28,6.993463
2009-04-29,7.045285
2009-04-30,7.050741
2009-05-01,7.236215
2009-05-04,7.345320
2009-05-05,7.331680
2009-05-06,7.288039
2009-05-07,7.326227
2009-05-08,7.432599
2009-05-11,7.399868
2009-05-12,7.451695
2009-05-13,7.252577
2009-05-14,7.247127
2009-05-15,7.075289
2009-05-18,7.075289
2009-05-19,7.203488
2009-05-20,7.072561
2009-05-21,6.988007
2009-05-22,7.045285
2009-05-26,7.249854
2009-05-27,7.102566
2009-05-28,7.249854
2009-05-29,7.301675
2009-06-01,7.536247
2009-06-02,7.446234
2009-06-03,7.320770
2009-06-04,7.388962
2009-06-05,7.397139
2009-06-08,7.350776
2009-06-09,7.331680
2009-06-10,7.446234
2009-06-11,7.590798
2009-06-12,7.686263
2009-06-15,7.530790
2009-06-16,7.478967
2009-06-17,7.500787
2009-06-18,7.669893
2009-06-19,7.578035
2009-06-22,7.555963
2009-06-23,7.489756
2009-06-24,7.553207
2009-06-25,7.680104
2009-06-26,7.652514
2009-06-29,7.751831
2009-06-30,7.693897
2009-07-01,7.793209
2009-07-02,7.569757
2009-07-06,7.613899
2009-07-07,7.462170
2009-07-08,7.429069
2009-07-09,7.431825
2009-07-10,7.423549
2009-07-13,7.553207
2009-07-14,7.611140
2009-07-15,7.762861
2009-07-16,7.765623
2009-07-17,7.729763
2009-07-20,7.787690
2009-07-21,7.864938
2009-07-22,7.823554
2009-07-23,8.027693
2009-07-24,8.154593
2009-07-27,8.135281
2009-07-28,8.002865
2009-07-29,7.964247
2009-07-30,8.085627
2009-07-31,7.983555
2009-08-03,8.063557
2009-08-04,7.944935
2009-08-05,7.889760
2009-08-06,7.903554
2009-08-07,7.978040
2009-08-10,7.994591
2009-08-11,8.000108
2009-08-12,8.038731
2009-08-13,8.011145
2009-08-14,8.011145
2009-08-17,7.900794
2009-08-18,7.917346
2009-08-19,7.975282
2009-08-20,8.041486
2009-08-21,8.198735
2009-08-24,8.212524
2009-08-25,8.160110
2009-08-26,8.151834
2009-08-27,8.151834
2009-08-28,8.132525
2009-08-31,8.063557
2009-09-01,8.000108
2009-09-02,7.944935
2009-09-03,7.939420
2009-09-04,7.978040
2009-09-08,7.997349
2009-09-09,7.986315
2009-09-10,7.986315
2009-09-11,7.983555
2009-09-14,8.099421
2009-09-15,8.160110
2009-09-16,8.289767
2009-09-17,8.234593
2009-09-18,8.272220
2009-09-21,8.233201
2009-09-22,8.210898
2009-09-23,8.183033
2009-09-24,8.160737
2009-09-25,8.138441
2009-09-28,8.208117
2009-09-29,8.224840
2009-09-30,8.174668
2009-10-01,8.035313
2009-10-02,7.948912
2009-10-05,8.035313
2009-10-06,8.096631
2009-10-07,8.102205
2009-10-08,8.102205
2009-10-09,8.152371
2009-10-12,8.235988
2009-10-13,8.177457
2009-10-14,8.183033
2009-10-15,8.247135
2009-10-16,8.275008
2009-10-19,8.392069
2009-10-20,8.308454
2009-10-21,8.319599
2009-10-22,8.339112
2009-10-23,8.202541
2009-10-26,8.093843
2009-10-27,8.074336
2009-10-28,7.993506
2009-10-29,8.063191
2009-10-30,7.912678
2009-11-02,7.898745
2009-11-03,7.882021
2009-11-04,7.934973
2009-11-05,8.068761
2009-11-06,8.060398
2009-11-09,8.205332
2009-11-10,8.244349
2009-11-11,8.224840
2009-11-12,8.110564
2009-11-13,8.183033
2009-11-16,8.297304
2009-11-17,8.252710
2009-11-18,8.216478
2009-11-19,8.116139
2009-11-20,8.152371
2009-11-23,8.255496
2009-11-24,8.272220
2009-11-25,8.366983
2009-11-27,8.224840
2009-11-30,8.294515
2009-12-01,8.450593
2009-12-02,8.564872
2009-12-03,8.592741
2009-12-04,8.539784
2009-12-07,8.615039
2009-12-08,8.578805
2009-12-09,8.609464
2009-12-10,8.718159
2009-12-11,8.868669
2009-12-14,8.910475
2009-12-15,8.854731
2009-12-16,8.815713
2009-12-17,8.765540
2009-12-18,8.841407
2009-12-21,8.866787
2009-12-22,8.793464
2009-12-23,8.813208
2009-12-24,8.878071
2009-12-28,8.883711
2009-12-29,8.878071
2009-12-30,8.875252
2009-12-31,8.748341
2010-01-04,8.765264
2010-01-05,8.660910
2010-01-06,8.711680
2010-01-07,8.672194
2010-01-08,8.663736
2010-01-11,8.753980
2010-01-12,8.717318
2010-01-13,8.813208
2010-01-14,8.773724
2010-01-15,8.717318
2010-01-19,8.818847
2010-01-20,8.725778
2010-01-21,8.598868
2010-01-22,8.409913
2010-01-25,8.466317
2010-01-26,8.500158
2010-01-27,8.443757
2010-01-28,8.378889
2010-01-29,8.328123
2010-02-01,8.381712
2010-02-02,8.449394
2010-02-03,8.390170
2010-02-04,8.170195
2010-02-05,8.156096
2010-02-08,8.063023
2010-02-09,8.144812
2010-02-10,8.108150
2010-02-11,8.156096
2010-02-12,8.125072
2010-02-16,8.266083
2010-02-17,8.232239
2010-02-18,8.277361
2010-02-19,8.392991
2010-02-22,8.347866
2010-02-23,8.291463
2010-02-24,8.299925
2010-02-25,8.283006
2010-02-26,8.218136
2010-03-01,8.336589
2010-03-02,8.361970
2010-03-03,8.347866
2010-03-04,8.364788
2010-03-05,8.449394
2010-03-08,8.449394
2010-03-09,8.438113
2010-03-10,8.440936
2010-03-11,8.469137
2010-03-12,8.415553
2010-03-15,8.446575
2010-03-16,8.545287
2010-03-17,8.573486
2010-03-18,8.534007
2010-03-19,8.524612
2010-03-22,8.467706
2010-03-23,8.501849
2010-03-24,8.413644
2010-03-25,8.359582
2010-03-26,8.379502
2010-03-29,8.481934
2010-03-30,8.459170
2010-03-31,8.439254
2010-04-01,8.555911
2010-04-05,8.607128
2010-04-06,8.678258
2010-04-07,8.592899
2010-04-08,8.541687
2010-04-09,8.604281
2010-04-12,8.627042
2010-04-13,8.581520
2010-04-14,8.590055
2010-04-15,8.587213
2010-04-16,8.487626
2010-04-19,8.496161
2010-04-20,8.604281
2010-04-21,8.612820
2010-04-22,8.641275
2010-04-23,8.709560
2010-04-26,8.678258
2010-04-27,8.530304
2010-04-28,8.618509
2010-04-29,8.627042
2010-04-30,8.661186
2010-05-03,8.772154
2010-05-04,8.621357
2010-05-05,8.561605
2010-05-06,8.325438
2010-05-07,8.279913
2010-05-10,8.535995
2010-05-11,8.553068
2010-05-12,8.624203
2010-05-13,8.587213
2010-05-14,8.516080
2010-05-17,8.524612
2010-05-18,8.442099
2010-05-19,8.356739
2010-05-20,8.106350
2010-05-21,8.143339
2010-05-24,8.066516
2010-05-25,8.023835
2010-05-26,8.020989
2010-05-27,8.174638
2010-05-28,8.183177
2010-06-01,7.992533
2010-06-02,8.160412
2010-06-03,8.245773
2010-06-04,8.001074
2010-06-07,8.049443
2010-06-08,8.154719
2010-06-09,8.109196
2010-06-10,8.308367
2010-06-11,8.314062
2010-06-14,8.362430
2010-06-15,8.524612
2010-06-16,8.578672
2010-06-17,8.641275
2010-06-18,8.649034
2010-06-21,8.588654
2010-06-22,8.375878
2010-06-23,8.301115
2010-06-24,8.255110
2010-06-25,8.292491
2010-06-28,8.347122
2010-06-29,8.177478
2010-06-30,8.125724
2010-07-01,8.088343
2010-07-02,8.096969
2010-07-06,8.191857
2010-07-07,8.444884
2010-07-08,8.511022
2010-07-09,8.568525
2010-07-12,8.597277
2010-07-13,8.626033
2010-07-14,8.628906
2010-07-15,8.686415
2010-07-16,8.536892
2010-07-19,8.669163
2010-07-20,8.746799
2010-07-21,8.611654
2010-07-22,8.749674
2010-07-23,8.764049
2010-07-26,8.827307
2010-07-27,8.956701
2010-07-28,8.913567
2010-07-29,8.775551
2010-07-30,8.732420
2010-08-02,8.913567
2010-08-03,8.870436
2010-08-04,8.907818
2010-08-05,8.893441
2010-08-06,8.910689
2010-08-09,8.942322
2010-08-10,8.994077
2010-08-11,8.812929
2010-08-12,8.795678
2010-08-13,8.827307
2010-08-16,8.827307
2010-08-17,8.913567
2010-08-18,8.864687
2010-08-19,8.738167
2010-08-20,8.761175
2010-08-23,8.818677
2010-08-24,8.833060
2010-08-25,8.827307
2010-08-26,8.787054
2010-08-27,8.953820
2010-08-30,8.818677
2010-08-31,8.858934
2010-09-01,9.051583
2010-09-02,9.051583
2010-09-03,9.091839
2010-09-07,9.045831
2010-09-08,9.002706
2010-09-09,9.091839
2010-09-10,9.040082
2010-09-13,9.071710
2010-09-14,9.060208
2010-09-15,9.008451
2010-09-16,8.976822
2010-09-17,8.961430
2010-09-20,9.080525
2010-09-21,9.034051
2010-09-22,9.097956
2010-09-23,8.993380
2010-09-24,9.138623
2010-09-27,9.156054
2010-09-28,9.161863
2010-09-29,9.144434
2010-09-30,9.115388
2010-10-01,9.164768
2010-10-04,9.147340
2010-10-05,9.249007
2010-10-06,9.205435
2010-10-07,9.222864
2010-10-08,9.251914
2010-10-11,9.254816
2010-10-12,9.217052
2010-10-13,9.251914
2010-10-14,9.237388
2010-10-15,9.266439
2010-10-18,9.266439
2010-10-19,9.283868
2010-10-20,9.359392
2010-10-21,9.318725
2010-10-22,9.257725
2010-10-25,9.237388
2010-10-26,9.214150
2010-10-27,9.176387
2010-10-28,9.199628
2010-10-29,9.214150
2010-11-01,9.124102
2010-11-02,9.231577
2010-11-03,9.214150
2010-11-04,9.312915
2010-11-05,9.310008
2010-11-08,9.257725
2010-11-09,9.225769
2010-11-10,9.185102
2010-11-11,9.179292
2010-11-12,9.103766
2010-11-15,9.135716
2010-11-16,9.028237
2010-11-17,9.025331
2010-11-18,9.077626
2010-11-19,9.042763
2010-11-22,9.068907
2010-11-23,8.970145
2010-11-24,9.025331
2010-11-26,8.964335
2010-11-29,8.946906
2010-11-30,8.935286
2010-12-01,9.039861
2010-12-02,9.066004
2010-12-03,9.086339
2010-12-06,9.060195
2010-12-07,8.999195
2010-12-08,8.967239
2010-12-09,9.005002
2010-12-10,9.039861
2010-12-13,9.083433
2010-12-14,9.106670
2010-12-15,9.028237
2010-12-16,9.109578
2010-12-17,9.156907
2010-12-20,9.168664
2010-12-21,9.171601
2010-12-22,9.212758
2010-12-23,9.218636
2010-12-27,9.224517
2010-12-28,9.256852
2010-12-29,9.224517
2010-12-30,9.209817
2010-12-31,9.212758
2011-01-03,9.256852
2011-01-04,9.300944
2011-01-05,9.242153
2011-01-06,9.250972
2011-01-07,9.283307
2011-01-10,9.233334
2011-01-11,9.248031
2011-01-12,9.295066
2011-01-13,9.286244
2011-01-14,9.330342
2011-01-18,9.353856
2011-01-19,9.330342
2011-01-20,9.400893
2011-01-21,9.392073
2011-01-24,9.444989
2011-01-25,9.430288
2011-01-26,9.395015
2011-01-27,9.430288
2011-01-28,9.303882
2011-01-31,9.324462
2011-02-01,9.418530
2011-02-02,9.368558
2011-02-03,9.406770
2011-02-04,9.347977
2011-02-07,9.409710
2011-02-08,9.406770
2011-02-09,9.406770
2011-02-10,9.424408
2011-02-11,9.406770
2011-02-14,9.339159
2011-02-15,9.368558
2011-02-16,9.347977
2011-02-17,9.365617
2011-02-18,9.380313
2011-02-22,9.339159
2011-02-23,9.318584
2011-02-24,9.283307
2011-02-25,9.336221
2011-02-28,9.439108
2011-03-01,9.345039
2011-03-02,9.359736
2011-03-03,9.465565
2011-03-04,9.409710
2011-03-07,9.444989
2011-03-08,9.550810
2011-03-09,9.647820
2011-03-10,9.539054
2011-03-11,9.559632
2011-03-14,9.433226
2011-03-15,9.253912
2011-03-16,9.109869
2011-03-17,9.121629
2011-03-18,9.167048
2011-03-21,9.273915
2011-03-22,9.288758
2011-03-23,9.282825
2011-03-24,9.321414
2011-03-25,9.318445
2011-03-28,9.285793
2011-03-29,9.377817
2011-03-30,9.484687
2011-03-31,9.460938
2011-04-01,9.535154
2011-04-04,9.529219
2011-04-05,9.490623
2011-04-06,9.558904
2011-04-07,9.520315
2011-04-08,9.493598
2011-04-11,9.368916
2011-04-12,9.345165
2011-04-13,9.368916
2011-04-14,9.425315
2011-04-15,9.529219
2011-04-18,9.446094
2011-04-19,9.449063
2011-04-20,9.570779
2011-04-21,9.570779
2011-04-25,9.582651
2011-04-26,9.659837
2011-04-27,9.737020
2011-04-28,9.823112
2011-04-29,9.843887
2011-05-02,9.846856
2011-05-03,9.909201
2011-05-04,9.897324
2011-05-05,9.826076
2011-05-06,9.882480
2011-05-09,9.903260
2011-05-10,10.045753
2011-05-11,10.013103
2011-05-12,10.114027
2011-05-13,10.066538
2011-05-16,10.078407
2011-05-17,10.152626
2011-05-18,10.119970
2011-05-19,10.143715
2011-05-20,10.131845
2011-05-23,10.013103
2011-05-24,10.004190
2011-05-25,9.983412
2011-05-26,9.980445
2011-05-27,9.980445
2011-05-31,10.054662
2011-06-01,9.950757
2011-06-02,9.921072
2011-06-03,9.852799
2011-06-06,9.808266
2011-06-07,9.820141
2011-06-08,9.843887
2011-06-09,9.852799
2011-06-10,9.787485
2011-06-13,9.832012
2011-06-14,9.870607
2011-06-15,9.748893
2011-06-16,9.826076
2011-06-17,9.893254
2011-06-20,9.950230
2011-06-21,9.956227
2011-06-22,9.890253
2011-06-23,9.806284
2011-06-24,9.836274
2011-06-27,9.908247
2011-06-28,9.953232
2011-06-29,10.019204
2011-06-30,10.040199
2011-07-01,10.160152
2011-07-05,10.100173
2011-07-06,10.121165
2011-07-07,10.163150
2011-07-08,10.124164
2011-07-11,10.016206
2011-07-12,10.061190
2011-07-13,10.034200
2011-07-14,9.989218
2011-07-15,10.004209
2011-07-18,9.908247
2011-07-19,9.995214
2011-07-20,10.055191
2011-07-21,10.205132
2011-07-22,10.142159
2011-07-25,10.178143
2011-07-26,10.142159
2011-07-27,10.112168
2011-07-28,10.049193
2011-07-29,9.947230
2011-08-01,9.977220
2011-08-02,9.806284
2011-08-03,9.806284
2011-08-04,9.485404
2011-08-05,9.563375
2011-08-08,9.056571
2011-08-09,9.353459
2011-08-10,9.176524
2011-08-11,9.563375
2011-08-12,9.506403
2011-08-15,9.830276
2011-08-16,9.818282
2011-08-17,9.890253
2011-08-18,9.773298
2011-08-19,9.713323
2011-08-22,9.689332
2011-08-23,9.863264
2011-08-24,10.076182
2011-08-25,9.911245
2011-08-26,9.896250
2011-08-29,10.091179
2011-08-30,10.097176
2011-08-31,10.163150
2011-09-01,10.097176
2011-09-02,9.983218
2011-09-06,9.935238
2011-09-07,10.046195
2011-09-08,10.040199
2011-09-09,9.836274
2011-09-12,9.917243
2011-09-13,9.983218
2011-09-14,10.052192
2011-09-15,10.178143
2011-09-16,10.294172
2011-09-19,10.236614
2011-09-20,10.385059
2011-09-21,10.194202
2011-09-22,10.021522
2011-09-23,10.121493
2011-09-26,10.203288
2011-09-27,10.239644
2011-09-28,10.136641
2011-09-29,10.300233
2011-09-30,10.185111
2011-10-03,9.942755
2011-10-04,9.894283
2011-10-05,9.900341
2011-10-06,10.076048
2011-10-07,10.118463
2011-10-10,10.315381
2011-10-11,10.221466
2011-10-12,10.197230
2011-10-13,10.197230
2011-10-14,10.294172
2011-10-17,10.251764
2011-10-18,10.324471
2011-10-19,10.333558
2011-10-20,10.391115
2011-10-21,10.566827
2011-10-24,10.521386
2011-10-25,10.403235
2011-10-26,10.445645
2011-10-27,10.694066
2011-10-28,10.606209
2011-10-31,10.557737
2011-11-01,10.336588
2011-11-02,10.518354
2011-11-03,10.645590
2011-11-04,10.597121
2011-11-07,10.654683
2011-11-08,10.724360
2011-11-09,10.491088
2011-11-10,10.560767
2011-11-11,10.712243
2011-11-14,10.585004
2011-11-15,10.603181
2011-11-16,10.475943
2011-11-17,10.421412
2011-11-18,10.494119
2011-11-21,10.363850
2011-11-22,10.236614
2011-11-23,10.076048
2011-11-25,10.127554
2011-11-28,10.254790
2011-11-29,10.366880
2011-11-30,10.666801
2011-12-01,10.636507
2011-12-02,10.527443
2011-12-05,10.609241
2011-12-06,10.639535
2011-12-07,10.624387
2011-12-08,10.469884
2011-12-09,10.603181
2011-12-12,10.512297
2011-12-13,10.551681
2011-12-14,10.485030
2011-12-15,10.612271
2011-12-16,10.581019
2011-12-19,10.501374
2011-12-20,10.725002
2011-12-21,10.884303
2011-12-22,10.896553
2011-12-23,10.967013
2011-12-27,11.055853
2011-12-28,11.016027
2011-12-29,11.101800
2011-12-30,11.022152
2012-01-03,10.826093
2012-01-04,10.764826
2012-01-05,10.786274
2012-01-06,10.728068
2012-01-09,10.743381
2012-01-10,10.758698
2012-01-11,10.709684
2012-01-12,10.694368
2012-01-13,10.688243
2012-01-17,10.679053
2012-01-18,10.675988
2012-01-19,10.587149
2012-01-20,10.602466
2012-01-23,10.645352
2012-01-24,10.559576
2012-01-25,10.734197
2012-01-26,10.770953
2012-01-27,10.639231
2012-01-30,10.571834
2012-01-31,10.623914
2012-02-01,10.660669
2012-02-02,10.642290
2012-02-03,10.669861
2012-02-06,10.623914
2012-02-07,10.700498
2012-02-08,10.712749
2012-02-09,10.682115
2012-02-10,10.660669
2012-02-13,10.648416
2012-02-14,10.651483
2012-02-15,10.630034
2012-02-16,10.743381
2012-02-17,10.737257
2012-02-21,10.697429
2012-02-22,10.709684
2012-02-23,10.700498
2012-02-24,10.746447
2012-02-27,10.743381
2012-02-28,10.691304
2012-02-29,10.688243
2012-03-01,10.715815
2012-03-02,10.709684
2012-03-05,10.734197
2012-03-06,10.691304
2012-03-07,10.697429
2012-03-08,10.731129
2012-03-09,10.774016
2012-03-12,10.896553
2012-03-13,10.933311
2012-03-14,10.770953
2012-03-15,10.761762
2012-03-16,10.753108
2012-03-19,10.678903
2012-03-20,10.691272
2012-03-21,10.669630
2012-03-22,10.694364
2012-03-23,10.697455
2012-03-26,10.771658
2012-03-27,10.824219
2012-03-28,10.734556
2012-03-29,10.777837
2012-03-30,10.833494
2012-04-02,10.889144
2012-04-03,10.882959
2012-04-04,10.867503
2012-04-05,10.787116
2012-04-09,10.731463
2012-04-10,10.592337
2012-04-11,10.617069
2012-04-12,10.651080
2012-04-13,10.613980
2012-04-16,10.712913
2012-04-17,10.768564
2012-04-18,10.750017
2012-04-19,10.722194
2012-04-20,10.827307
2012-04-23,10.780931
2012-04-24,10.855133
2012-04-25,10.910789
2012-04-26,10.972622
2012-04-27,11.009719
2012-04-30,11.025178
2012-05-01,11.080832
2012-05-02,11.015904
2012-05-03,10.981895
2012-05-04,10.997356
2012-05-07,10.975715
2012-05-08,10.994264
2012-05-09,11.000447
2012-05-10,11.102476
2012-05-11,11.108653
2012-05-14,11.096288
2012-05-15,11.018998
2012-05-16,11.034452
2012-05-17,10.972622
2012-05-18,10.950974
2012-05-21,10.963344
2012-05-22,11.040641
2012-05-23,10.981895
2012-05-24,11.025178
2012-05-25,11.062281
2012-05-29,11.096288
2012-05-30,11.028270
2012-05-31,11.087017
2012-06-01,11.040641
2012-06-04,11.077741
2012-06-05,11.117937
2012-06-06,11.272522
2012-06-07,11.359090
2012-06-08,11.383820
2012-06-11,11.374547
2012-06-12,11.386913
2012-06-13,11.390008
2012-06-14,11.467301
2012-06-15,11.524096
2012-06-18,11.567781
2012-06-19,11.542818
2012-06-20,11.430476
2012-06-21,11.311897
2012-06-22,11.315019
2012-06-25,11.293177
2012-06-26,11.308784
2012-06-27,11.436718
2012-06-28,11.477283
2012-06-29,11.542818
2012-07-02,11.614592
2012-07-03,11.586503
2012-07-05,11.517853
2012-07-06,11.492890
2012-07-09,11.455441
2012-07-10,11.474168
2012-07-11,11.533460
2012-07-12,11.549055
2012-07-13,11.652036
2012-07-16,11.645796
2012-07-17,11.670755
2012-07-18,11.708203
2012-07-19,11.730048
2012-07-20,11.755012
2012-07-23,11.676998
2012-07-24,11.574023
2012-07-25,11.567781
2012-07-26,11.748775
2012-07-27,11.886072
2012-07-30,11.929764
2012-07-31,11.833025
2012-08-01,11.742530
2012-08-02,11.676998
2012-08-03,11.814304
2012-08-06,11.786220
2012-08-07,11.664517
2012-08-08,11.680120
2012-08-09,11.680120
2012-08-10,11.714445
2012-08-13,11.701966
2012-08-14,11.689487
2012-08-15,11.633312
2012-08-16,11.605228
2012-08-17,11.574023
2012-08-20,11.595865
2012-08-21,11.511608
2012-08-22,11.492890
2012-08-23,11.374306
2012-08-24,11.427358
2012-08-27,11.452321
2012-08-28,11.430476
2012-08-29,11.411756
2012-08-30,11.355587
2012-08-31,11.343100
2012-09-04,11.386786
2012-09-05,11.336865
2012-09-06,11.464805
2012-09-07,11.427358
2012-09-10,11.414877
2012-09-11,11.386786
2012-09-12,11.321259
2012-09-13,11.480410
2012-09-14,11.402394
2012-09-17,11.330623
2012-09-18,11.296298
2012-09-19,11.308784
2012-09-20,11.355587
2012-09-21,11.362205
2012-09-24,11.469428
2012-09-25,11.444201
2012-09-26,11.469428
2012-09-27,11.422127
2012-09-28,11.475736
2012-10-01,11.422127
2012-10-02,11.482043
2012-10-03,11.538807
2012-10-04,11.605035
2012-10-05,11.586110
2012-10-08,11.605035
2012-10-09,11.582953
2012-10-10,11.564037
2012-10-11,11.576644
2012-10-12,11.510425
2012-10-15,11.557726
2012-10-16,11.601878
2012-10-17,11.743787
2012-10-18,11.797398
2012-10-19,11.702793
2012-10-22,11.671256
2012-10-23,11.564037
2012-10-24,11.478890
2012-10-25,11.535651
2012-10-26,11.535651
2012-10-31,11.636566
2012-11-01,11.513579
2012-11-02,11.434737
2012-11-05,11.248681
2012-11-06,11.254988
2012-11-07,11.018468
2012-11-08,10.999549
2012-11-09,10.933324
2012-11-12,10.841876
2012-11-13,10.882871
2012-11-14,10.807188
2012-11-15,10.744115
2012-11-16,10.835570
2012-11-19,10.845027
2012-11-20,10.826108
2012-11-21,10.778806
2012-11-23,10.750421
2012-11-26,10.886023
2012-11-27,10.914407
2012-11-28,10.958550
2012-11-29,11.021630
2012-11-30,11.138306
2012-12-03,11.068925
2012-12-04,11.012166
2012-12-05,11.179306
2012-12-06,11.172996
2012-12-07,11.182456
2012-12-10,11.185612
2012-12-11,11.210837
2012-12-12,11.191918
2012-12-13,11.147766
2012-12-14,11.103618
2012-12-17,11.273907
2012-12-18,11.352750
2012-12-19,11.267598
2012-12-20,11.302288
2012-12-21,11.260836
2012-12-24,11.212999
2012-12-26,11.117324
2012-12-27,11.098188
2012-12-28,10.986568
2012-12-31,11.136455
2013-01-02,11.340564
2013-01-03,11.340564
2013-01-04,11.397966
2013-01-07,11.286345
2013-01-08,11.251266
2013-01-09,11.228942
2013-01-10,11.276781
2013-01-11,11.289535
2013-01-14,11.267215
2013-01-15,11.299104
2013-01-16,11.244887
2013-01-17,11.289535
2013-01-18,11.378829
2013-01-22,11.474505
2013-01-23,11.445803
2013-01-24,11.496830
2013-01-25,11.554236
2013-01-28,11.547853
2013-01-29,11.627583
2013-01-30,11.637150
2013-01-31,11.665853
2013-02-01,11.697743
2013-02-04,11.618014
2013-02-05,11.649908
2013-02-06,11.684985
2013-02-07,11.700932
2013-02-08,11.700932
2013-02-11,11.729636
2013-02-12,11.780660
2013-02-13,11.780660
2013-02-14,11.684985
2013-02-15,11.710500
2013-02-19,11.812551
2013-02-20,11.790228
2013-02-21,11.739201
2013-02-22,11.857199
2013-02-25,11.751956
2013-02-26,11.787041
2013-02-27,11.895473
2013-02-28,11.936929
2013-03-01,11.959252
2013-03-04,12.080442
2013-03-05,12.144219
2013-03-06,12.137845
2013-03-07,12.083629
2013-03-08,12.109145
2013-03-11,12.137845
2013-03-12,12.105950
2013-03-13,12.160167
2013-03-14,12.185678
2013-03-15,12.265778
2013-03-18,12.198224
2013-03-19,12.230397
2013-03-20,12.320469
2013-03-21,12.259347
2013-03-22,12.278648
2013-03-25,12.252913
2013-03-26,12.368720
2013-03-27,12.426623
2013-03-28,12.577816
2013-04-01,12.548862
2013-04-02,12.590677
2013-04-03,12.555298
2013-04-04,12.674320
2013-04-05,12.729003
2013-04-08,12.825510
2013-04-09,12.786911
2013-04-10,12.889850
2013-04-11,12.918798
2013-04-12,12.973489
2013-04-15,12.786911
2013-04-16,12.941313
2013-04-17,12.867325
2013-04-18,12.909149
2013-04-19,13.102161
2013-04-22,13.086075
2013-04-23,13.118239
2013-04-24,13.160060
2013-04-25,13.163279
2013-04-26,13.182580
2013-04-29,13.291954
2013-04-30,13.327337
2013-05-01,13.195450
2013-05-02,13.179365
2013-05-03,13.153629
2013-05-06,12.970264
2013-05-07,13.095727
2013-05-08,12.979920
2013-05-09,12.783694
2013-05-10,12.812645
2013-05-13,12.745088
2013-05-14,12.831938
2013-05-15,12.954184
2013-05-16,12.848026
2013-05-17,12.970264
2013-05-20,12.905932
2013-05-21,12.931663
2013-05-22,12.712921
2013-05-23,12.626067
2013-05-24,12.490958
2013-05-28,12.346204
2013-05-29,12.162840
2013-05-30,12.195010
2013-05-31,12.121019
2013-06-03,12.146757
2013-06-04,12.104937
2013-06-05,11.998786
2013-06-06,12.140323
2013-06-07,12.214311
2013-06-10,12.211092
2013-06-11,12.130674
2013-06-12,12.011654
2013-06-13,12.207882
2013-06-14,12.223958
2013-06-17,12.262566
2013-06-18,12.346204
2013-06-19,12.063116
2013-06-20,11.722135
2013-06-21,11.875207
2013-06-24,11.865458
2013-06-25,12.021457
2013-06-26,12.174201
2013-06-27,12.200197
2013-06-28,12.229448
2013-07-01,12.076701
2013-07-02,12.073454
2013-07-03,12.027956
2013-07-05,11.992203
2013-07-08,12.164451
2013-07-09,12.252199
2013-07-10,12.320447
2013-07-11,12.518690
2013-07-12,12.557690
2013-07-15,12.762435
2013-07-16,12.694191
2013-07-17,12.687684
2013-07-18,12.798183
2013-07-19,12.801434
2013-07-22,12.788435
2013-07-23,12.820935
2013-07-24,12.625938
2013-07-25,12.742935
2013-07-26,12.788435
2013-07-29,12.811187
2013-07-30,12.853434
2013-07-31,12.759182
2013-08-01,12.866433
2013-08-02,12.850185
2013-08-05,12.765685
2013-08-06,12.700686
2013-08-07,12.759182
2013-08-08,12.807940
2013-08-09,12.720181
2013-08-12,12.651939
2013-08-13,12.583691
2013-08-14,12.502445
2013-08-15,12.343199
2013-08-16,12.200197
2013-08-19,12.096203
2013-08-20,12.209946
2013-08-21,12.070202
2013-08-22,12.138454
2013-08-23,12.239199
2013-08-26,12.148199
2013-08-27,12.141700
2013-08-28,12.183949
2013-08-29,12.112456
2013-08-30,12.122204
2013-09-03,11.982451
2013-09-04,11.982451
2013-09-05,11.933706
2013-09-06,12.018203
2013-09-09,12.060456
2013-09-10,12.154699
2013-09-11,12.034450
2013-09-12,12.001953
2013-09-13,12.092951
2013-09-16,12.125450
2013-09-17,12.196948
2013-09-18,12.560936
2013-09-19,12.502445
2013-09-20,12.313780
2013-09-23,12.461430
2013-09-24,12.454865
2013-09-25,12.369565
2013-09-26,12.353159
2013-09-27,12.274409
2013-09-30,12.261287
2013-10-01,12.297376
2013-10-02,12.310501
2013-10-03,12.166136
2013-10-04,12.189102
2013-10-07,12.130043
2013-10-08,12.215356
2013-10-09,12.264563
2013-10-10,12.448305
2013-10-11,12.507363
2013-10-14,12.438458
2013-10-15,12.264563
2013-10-16,12.376122
2013-10-17,12.576265
2013-10-18,12.609075
2013-10-21,12.582825
2013-10-22,12.743598
2013-10-23,12.753445
2013-10-24,12.727194
2013-10-25,12.861714
2013-10-28,12.835473
2013-10-29,12.851873
2013-10-30,12.769845
2013-10-31,12.723913
2013-11-01,12.815786
2013-11-04,12.842027
2013-11-05,12.750163
2013-11-06,12.924056
2013-11-07,12.802658
2013-11-08,12.779689
2013-11-11,12.776408
2013-11-12,12.668135
2013-11-13,12.730471
2013-11-14,12.842027
2013-11-15,12.917496
2013-11-18,12.901090
2013-11-19,12.805940
2013-11-20,12.664854
2013-11-21,12.694381
2013-11-22,12.684545
2013-11-25,12.635326
2013-11-26,12.510648
2013-11-27,12.484396
2013-11-29,12.477837
2013-12-02,12.425336
2013-12-03,12.487679
2013-12-04,12.543457
2013-12-05,12.441742
2013-12-06,12.612354
2013-12-09,12.536889
2013-12-10,12.412211
2013-12-11,12.310501
2013-12-12,12.326900
2013-12-13,12.307219
2013-12-16,12.372840
2013-12-17,12.349874
2013-12-18,12.513926
2013-12-19,12.422055
2013-12-20,12.545085
2013-12-23,12.495342
2013-12-24,12.545085
2013-12-26,12.488712
2013-12-27,12.538452
2013-12-30,12.568300
2013-12-31,12.591514
2014-01-02,12.399179
2014-01-03,12.359384
2014-01-06,12.379280
2014-01-07,12.488712
2014-01-08,12.422388
2014-01-09,12.495342
2014-01-10,12.674419
2014-01-13,12.545085
2014-01-14,12.561670
2014-01-15,12.538452
2014-01-16,12.624677
2014-01-17,12.621359
2014-01-21,12.760637
2014-01-22,12.773900
2014-01-23,12.737425
2014-01-24,12.594831
2014-01-27,12.624677
2014-01-28,12.671098
2014-01-29,12.664469
2014-01-30,12.860124
2014-01-31,12.966243
2014-02-03,12.863441
2014-02-04,12.787166
2014-02-05,12.730791
2014-02-06,12.823643
2014-02-07,12.893286
2014-02-10,12.989452
2014-02-11,13.112154
2014-02-12,13.128734
2014-02-13,13.271330
2014-02-14,13.357549
2014-02-18,13.403975
2014-02-19,13.327701
2014-02-20,13.430507
2014-02-21,13.447080
2014-02-24,13.413924
2014-02-25,13.397341
2014-02-26,13.354235
2014-02-27,13.321070
2014-02-28,13.413924
2014-03-03,13.281274
2014-03-04,13.377442
2014-03-05,13.287907
2014-03-06,13.221585
2014-03-07,13.261380
2014-03-10,13.228213
2014-03-11,13.191738
2014-03-12,13.357549
2014-03-13,13.496829
2014-03-14,13.559838
2014-03-17,13.649365
2014-03-18,13.629471
2014-03-19,13.413924
2014-03-20,13.443770
2014-03-21,13.545752
2014-03-24,13.582542
2014-03-25,13.639383
2014-03-26,13.582542
2014-03-27,13.692880
2014-03-28,13.712946
2014-03-31,13.863417
2014-04-01,13.766445
2014-04-02,13.746383
2014-04-03,13.789856
2014-04-04,13.863417
2014-04-07,13.840011
2014-04-08,14.037295
2014-04-09,14.007199
2014-04-10,13.953706
2014-04-11,13.940323
2014-04-14,14.023918
2014-04-15,14.217858
2014-04-16,14.321516
2014-04-17,14.144297
2014-04-21,14.127584
2014-04-22,14.147640
2014-04-23,14.154325
2014-04-24,14.251294
2014-04-25,14.415143
2014-04-28,14.485365
2014-04-29,14.425178
2014-04-30,14.448583
2014-05-01,14.508774
2014-05-02,14.211172
2014-05-05,14.338240
2014-05-06,14.268018
2014-05-07,14.498744
2014-05-08,14.341579
2014-05-09,14.130922
2014-05-12,14.000511
2014-05-13,14.033953
2014-05-14,14.104166
2014-05-15,14.047328
2014-05-16,14.090796
2014-05-19,13.873453
2014-05-20,13.873453
2014-05-21,13.883482
2014-05-22,13.997170
2014-05-23,13.963732
2014-05-27,14.074078
2014-05-28,14.157671
2014-05-29,14.197802
2014-05-30,14.291427
2014-06-02,14.288082
2014-06-03,14.341579
2014-06-04,14.334889
2014-06-05,14.455273
2014-06-06,14.405120
2014-06-09,14.308140
2014-06-10,14.274705
2014-06-11,14.094137
2014-06-12,14.137608
2014-06-13,14.227890
2014-06-16,14.324865
2014-06-17,14.304801
2014-06-18,14.629148
2014-06-19,14.749525
2014-06-20,14.659820
2014-06-23,14.609231
2014-06-24,14.653080
2014-06-25,14.707039
2014-06-26,14.750878
2014-06-27,14.808206
2014-06-30,14.926237
2014-07-01,14.777849
2014-07-02,14.491203
2014-07-03,14.332697
2014-07-07,14.400146
2014-07-08,14.497949
2014-07-09,14.457477
2014-07-10,14.555272
2014-07-11,14.443988
2014-07-14,14.278735
2014-07-15,14.352932
2014-07-16,14.400146
2014-07-17,14.268617
2014-07-18,14.413634
2014-07-21,14.400146
2014-07-22,14.369794
2014-07-23,14.383285
2014-07-24,14.427122
2014-07-25,14.312462
2014-07-28,14.511437
2014-07-29,14.376538
2014-07-30,14.133726
2014-07-31,13.911153
2014-08-01,13.965101
2014-08-04,13.890910
2014-08-05,13.722292
2014-08-06,13.546928
2014-08-07,13.702059
2014-08-08,13.975221
2014-08-11,13.924640
2014-08-12,13.914515
2014-08-13,13.978597
2014-08-14,14.100000
2014-08-15,14.153964
2014-08-18,14.116864
2014-08-19,14.295608
2014-08-20,14.325955
2014-08-21,14.359680
2014-08-22,14.315834
2014-08-25,14.413634
2014-08-26,14.241643
2014-08-27,14.396772
2014-08-28,14.501316
2014-08-29,14.595746
2014-09-02,14.464219
2014-09-03,14.535041
2014-09-04,14.528300
2014-09-05,14.710406
2014-09-08,14.622729
2014-09-09,14.454105
2014-09-10,14.390033
2014-09-11,14.511437
2014-09-12,14.251752
2014-09-15,14.295608
2014-09-16,14.477707
2014-09-17,14.450725
2014-09-18,14.346186
2014-09-19,14.475497
2014-09-22,14.366607
2014-09-23,14.325768
2014-09-24,14.274730
2014-09-25,14.189658
2014-09-26,14.210075
2014-09-29,14.301947
2014-09-30,14.322368
2014-10-01,14.404037
2014-10-02,14.383617
2014-10-03,14.475497
2014-10-06,14.475497
2014-10-07,14.455081
2014-10-08,14.781745
2014-10-09,14.540149
2014-10-10,14.608203
2014-10-13,14.594588
2014-10-14,14.727299
2014-10-15,14.533345
2014-10-16,14.546957
2014-10-17,14.632024
2014-10-20,14.836185
2014-10-21,14.887229
2014-10-22,14.979111
2014-10-23,15.006326
2014-10-24,15.152645
2014-10-27,15.118624
2014-10-28,15.224109
2014-10-29,15.135638
2014-10-30,15.469113
2014-10-31,15.472509
2014-11-03,15.574594
2014-11-04,15.492928
2014-11-05,15.843418
2014-11-06,15.574594
2014-11-07,15.737929
2014-11-10,15.816195
2014-11-11,15.758344
2014-11-12,15.482718
2014-11-13,15.356818
2014-11-14,15.292165
2014-11-17,15.492928
2014-11-18,15.537161
2014-11-19,15.523555
2014-11-20,15.489527
2014-11-21,15.550781
2014-11-24,15.421467
2014-11-25,15.421467
2014-11-26,15.489527
2014-11-28,15.652861
2014-12-01,15.683485
2014-12-02,15.788975
2014-12-03,15.744739
2014-12-04,15.731126
2014-12-05,15.608624
2014-12-08,15.734532
2014-12-09,15.812788
2014-12-10,15.615432
2014-12-11,15.771956
2014-12-12,15.622235
2014-12-15,15.489527
2014-12-16,15.475915
2014-12-17,15.751549
2014-12-18,16.061192
2014-12-19,16.087633
2014-12-22,16.128828
2014-12-23,16.170023
2014-12-24,16.468706
2014-12-26,16.667833
2014-12-29,16.860088
2014-12-30,16.509901
2014-12-31,16.211224
2015-01-02,16.286753
2015-01-05,16.087633
2015-01-06,16.097929
2015-01-07,16.255850
2015-01-08,16.369148
2015-01-09,16.266157
2015-01-12,16.228386
2015-01-13,16.273026
2015-01-14,16.413784
2015-01-15,16.544241
2015-01-16,16.691862
2015-01-20,16.733057
2015-01-21,16.894419
2015-01-22,16.822319
2015-01-23,16.870382
2015-01-26,16.860088
2015-01-27,16.884113
2015-01-28,16.739927
2015-01-29,16.963078
2015-01-30,16.588867
2015-02-02,16.660961
2015-02-03,16.722763
2015-02-04,16.520205
2015-02-05,16.671261
2015-02-06,15.984640
2015-02-09,15.843875
2015-02-10,16.170023
2015-02-11,15.819850
2015-02-12,15.747751
2015-02-13,15.507433
2015-02-17,15.493703
2015-02-18,15.861043
2015-02-19,15.682520
2015-02-20,15.685949
2015-02-23,15.792380
2015-02-24,15.909111
2015-02-25,15.648187
2015-02-26,15.545195
2015-02-27,15.528031
2015-03-02,15.229348
2015-03-03,15.322047
2015-03-04,15.236209
2015-03-05,15.356375
2015-03-06,14.896339
2015-03-09,14.923799
2015-03-10,14.896339
2015-03-11,14.800206
2015-03-12,15.081728
2015-03-13,14.927236
2015-03-16,15.184716
2015-03-17,15.160686
2015-03-18,15.569230
2015-03-19,15.425033
2015-03-20,15.563787
2015-03-23,15.574167
2015-03-24,15.401160
2015-03-25,15.221231
2015-03-26,15.093206
2015-03-27,15.183170
2015-03-30,15.370014
2015-03-31,15.373481
2015-04-01,15.387325
2015-04-02,15.415001
2015-04-06,15.629533
2015-04-07,15.449603
2015-04-08,15.404623
2015-04-09,15.338878
2015-04-10,15.453061
2015-04-13,15.300817
2015-04-14,15.376937
2015-04-15,15.415001
2015-04-16,15.314656
2015-04-17,15.259293
2015-04-20,15.487664
2015-04-21,15.349258
2015-04-22,15.380401
2015-04-23,15.466904
2015-04-24,15.622613
2015-04-27,15.435767
2015-04-28,15.546484
2015-04-29,15.480745
2015-04-30,15.300817
2015-05-01,15.387325
2015-05-04,15.501507
2015-05-05,15.155491
2015-05-06,15.072449
2015-05-07,15.127811
2015-05-08,15.235071
2015-05-11,15.131270
2015-05-12,15.113967
2015-05-13,14.965178
2015-05-14,15.138187
2015-05-15,15.335422
2015-05-18,15.394241
2015-05-19,15.428845
2015-05-20,15.453061
2015-05-21,15.446146
2015-05-22,15.421923
2015-05-26,15.325039
2015-05-27,15.387325
2015-05-28,15.421923
2015-05-29,15.397702
2015-06-01,15.418461
2015-06-02,15.214317
2015-06-03,14.989403
2015-06-04,14.968642
2015-06-05,14.781791
2015-06-08,14.695289
2015-06-09,14.660687
2015-06-10,14.733353
2015-06-11,14.850999
2015-06-12,14.719517
2015-06-15,14.695289
2015-06-16,14.764487
2015-06-17,14.889057
2015-06-18,15.086287
2015-06-19,14.940689
2015-06-22,14.919740
2015-06-23,14.717222
2015-06-24,14.601996
2015-06-25,14.504233
2015-06-26,14.591530
2015-06-29,14.514714
2015-06-30,14.476301
2015-07-01,14.563589
2015-07-02,14.745156
2015-07-06,14.804517
2015-07-07,15.171137
2015-07-08,15.090825
2015-07-09,14.923227
2015-07-10,15.003531
2015-07-13,15.010516
2015-07-14,14.989569
2015-07-15,15.062895
2015-07-16,15.286358
2015-07-17,15.136221
2015-07-20,15.059402
2015-07-21,14.923227
2015-07-22,14.989569
2015-07-23,14.766110
2015-07-24,14.780073
2015-07-27,14.968617
2015-07-28,15.038457
2015-07-29,15.094320
2015-07-30,15.206046
2015-07-31,15.359686
2015-08-03,15.439989
2015-08-04,15.192089
2015-08-05,15.230491
2015-08-06,15.310796
2015-08-07,15.499347
2015-08-10,15.436499
2015-08-11,15.513315
2015-08-12,15.789151
2015-08-13,15.792648
2015-08-14,15.911359
2015-08-17,15.988176
2015-08-18,15.949766
2015-08-19,16.016111
2015-08-20,15.921833
2015-08-21,15.729799
2015-08-24,15.139708
2015-08-25,14.675322
2015-08-26,14.937198
2015-08-27,15.111776
2015-08-28,15.066387
2015-08-31,14.825466
2015-09-01,14.423925
2015-09-02,14.434403
2015-09-03,14.500739
2015-09-04,14.301718
2015-09-08,14.605494
2015-09-09,14.423925
2015-09-10,14.399486
2015-09-11,14.507727
2015-09-14,14.542638
2015-09-15,14.619457
2015-09-16,14.766110
2015-09-17,14.968617
2015-09-18,14.884383
2015-09-21,14.944304
2015-09-22,14.757498
2015-09-23,14.796271
2015-09-24,14.916102
2015-09-25,15.060616
2015-09-28,14.986595
2015-09-29,14.990116
2015-09-30,15.257991
2015-10-01,15.078238
2015-10-02,15.279140
2015-10-05,15.476521
2015-10-06,15.370777
2015-10-07,15.317905
2015-10-08,15.508240
2015-10-09,15.434216
2015-10-12,15.571681
2015-10-13,15.536432
2015-10-14,15.532907
2015-10-15,15.762009
2015-10-16,15.783160
2015-10-19,15.793730
2015-10-20,15.846599
2015-10-21,15.814873
2015-10-22,15.998152
2015-10-23,15.716191
2015-10-26,15.659795
2015-10-27,15.603397
2015-10-28,15.437747
2015-10-29,15.349625
2015-10-30,15.420120
2015-11-02,15.437747
2015-11-03,15.483561
2015-11-04,15.564631
2015-11-05,15.430695
2015-11-06,14.891435
2015-11-09,14.930196
2015-11-10,15.064135
2015-11-11,15.194545
2015-11-12,15.050040
2015-11-13,14.993647
2015-11-16,15.247418
2015-11-17,14.972504
2015-11-18,15.067666
2015-11-19,15.229792
2015-11-20,15.293236
2015-11-23,15.152248
2015-11-24,15.131103
2015-11-25,15.039462
2015-11-27,15.067666
2015-11-30,15.092332
2015-12-01,15.212170
2015-12-02,14.873807
2015-12-03,14.761024
2015-12-04,14.968971
2015-12-07,15.035944
2015-12-08,15.014788
2015-12-09,15.018319
2015-12-10,14.771591
2015-12-11,14.729306
2015-12-14,14.803316
2015-12-15,14.919629
2015-12-16,15.296762
2015-12-17,15.328480
2015-12-18,15.137963
2015-12-21,15.127287
2015-12-22,15.255486
2015-12-23,15.490511
2015-12-24,15.479828
2015-12-28,15.508313
2015-12-29,15.593781
2015-12-30,15.579535
2015-12-31,15.412167
2016-01-04,15.380116
2016-01-05,15.490511
2016-01-06,15.462022
2016-01-07,15.358751
2016-01-08,15.351624
2016-01-11,15.433537
2016-01-12,15.372993
2016-01-13,15.365869
2016-01-14,15.597342
2016-01-15,15.458456
2016-01-19,15.689928
2016-01-20,15.337386
2016-01-21,15.323140
2016-01-22,15.597342
2016-01-25,15.465582
2016-01-26,15.572412
2016-01-27,15.608025
2016-01-28,15.857289
2016-01-29,16.174231
2016-02-01,16.327351
2016-02-02,16.398567
2016-02-03,16.601553
2016-02-04,16.530327
2016-02-05,16.583748
2016-02-08,16.526768
2016-02-09,16.583748
2016-02-10,16.565948
2016-02-11,16.273939
2016-02-12,16.224085
2016-02-16,16.327351
2016-02-17,16.295301
2016-02-18,16.562380
2016-02-19,16.451990
2016-02-22,16.644285
2016-02-23,16.658529
2016-02-24,16.736872
2016-02-25,16.907803
2016-02-26,16.441307
2016-02-29,16.487597
2016-03-01,16.405695
2016-03-02,16.491158
2016-03-03,16.590868
2016-03-04,16.776049
2016-03-07,16.868628
2016-03-08,17.036005
2016-03-09,17.114342
2016-03-10,17.128578
2016-03-11,17.146391
2016-03-14,17.167757
2016-03-15,17.199808
2016-03-16,17.463320
2016-03-17,17.559467
2016-03-18,17.447529
2016-03-21,17.429592
2016-03-22,17.372187
2016-03-23,17.501348
2016-03-24,17.547993
2016-03-28,17.483410
2016-03-29,17.741735
2016-03-30,17.698675
2016-03-31,17.802725
2016-04-01,17.870888
2016-04-04,17.795546
2016-04-05,17.461884
2016-04-06,17.440351
2016-04-07,17.433178
2016-04-08,17.526461
2016-04-11,17.451117
2016-04-12,17.573101
2016-04-13,17.465469
2016-04-14,17.443947
2016-04-15,17.540812
2016-04-18,17.608984
2016-04-19,17.637684
2016-04-20,17.196386
2016-04-21,16.837597
2016-04-22,16.988287
2016-04-25,17.020575
2016-04-26,17.045691
2016-04-27,17.293247
2016-04-28,17.268139
2016-04-29,17.372187
2016-05-02,17.512108
2016-05-03,17.497755
2016-05-04,17.702265
2016-05-05,17.634100
2016-05-06,17.519285
2016-05-09,17.619747
2016-05-10,17.637684
2016-05-11,17.702265
2016-05-12,17.806311
2016-05-13,17.720203
2016-05-16,17.741735
2016-05-17,17.440351
2016-05-18,17.113867
2016-05-19,17.286074
2016-05-20,17.325542
2016-05-23,17.171272
2016-05-24,17.343487
2016-05-25,17.293247
2016-05-26,17.490582
2016-05-27,17.519285
2016-05-31,17.634100
2016-06-01,17.680740
2016-06-02,17.687914
2016-06-03,17.967766
2016-06-06,17.942650
2016-06-07,17.928297
2016-06-08,18.035929
2016-06-09,18.190210
2016-06-10,18.143566
2016-06-13,18.122042
2016-06-14,18.218914
2016-06-15,18.104099
2016-06-16,18.218914
2016-06-17,18.284744
2016-06-20,18.216022
2016-06-21,18.241339
2016-06-22,18.154524
2016-06-23,18.205166
2016-06-24,18.234100
2016-06-27,18.458368
2016-06-28,18.527094
2016-06-29,18.577730
2016-06-30,18.979240
2016-07-01,18.982855
2016-07-05,19.123930
2016-07-06,19.163713
2016-07-07,18.809231
2016-07-08,19.004559
2016-07-11,18.990091
2016-07-12,18.729654
2016-07-13,18.877954
2016-07-14,18.754976
2016-07-15,18.809231
2016-07-18,18.863487
2016-07-19,18.830935
2016-07-20,18.722420
2016-07-21,18.834553
2016-07-22,19.084135
2016-07-25,19.051582
2016-07-26,18.885197
2016-07-27,18.668167
2016-07-28,18.740503
2016-07-29,18.852634
2016-08-01,18.863487
2016-08-02,18.740503
2016-08-03,18.628374
2016-08-04,18.617521
2016-08-05,18.349846
2016-08-08,18.342611
2016-08-09,18.338997
2016-08-10,18.342611
2016-08-11,18.386024
2016-08-12,18.411345
2016-08-15,18.129200
2016-08-16,17.915796
2016-08-17,18.183462
2016-08-18,18.407724
2016-08-19,18.183462
2016-08-22,18.230490
2016-08-23,18.150908
2016-08-24,18.143677
2016-08-25,18.154524
2016-08-26,17.778339
2016-08-29,17.923029
2016-08-30,17.734938
2016-08-31,17.807278
2016-09-01,17.716846
2016-09-02,17.951963
2016-09-06,18.147287
2016-09-07,18.150908
2016-09-08,18.212399
2016-09-09,17.528761
2016-09-12,17.839832
2016-09-13,17.593863
2016-09-14,17.662592
2016-09-15,17.796427
2016-09-16,17.970068
2016-09-19,18.148827
2016-09-20,18.115993
2016-09-21,18.484436
2016-09-22,18.597527
2016-09-23,18.582937
2016-09-26,18.535513
2016-09-27,18.294748
2016-09-28,18.269205
2016-09-29,17.995609
2016-09-30,17.871576
2016-10-03,17.619862
2016-10-04,17.251415
2016-10-05,17.214939
2016-10-06,17.211288
2016-10-07,17.189396
2016-10-10,17.331671
2016-10-11,17.134678
2016-10-12,17.302490
2016-10-13,17.517719
2016-10-14,17.419226
2016-10-17,17.514071
2016-10-18,17.663637
2016-10-19,17.623516
2016-10-20,17.612566
2016-10-21,17.510424
2016-10-24,17.576090
2016-10-25,17.685530
2016-10-26,17.729300
2016-10-27,17.623516
2016-10-28,17.678228
2016-10-31,18.032084
2016-11-01,17.703764
2016-11-02,17.481237
2016-11-03,17.546904
2016-11-04,17.492178
2016-11-07,17.798615
2016-11-08,17.937235
2016-11-09,17.276949
2016-11-10,16.861078
2016-11-11,16.791773
2016-11-14,16.780821
2016-11-15,17.050777
2016-11-16,16.934036
2016-11-17,16.937691
2016-11-18,16.886620
2016-11-21,17.065361
2016-11-22,17.131029
2016-11-23,16.959581
2016-11-25,17.203993
2016-11-28,17.535957
2016-11-29,17.608921
2016-11-30,17.054419
2016-12-01,16.919441
2016-12-02,17.072657
2016-12-05,17.094549
2016-12-06,17.061718
2016-12-07,17.284246
2016-12-08,17.313429
2016-12-09,17.495832
2016-12-12,17.678228
2016-12-13,17.860626
2016-12-14,17.492178
2016-12-15,17.616213
2016-12-16,17.830957
2016-12-19,17.897253
2016-12-20,17.919353
2016-12-21,17.845686
2016-12-22,17.908298
2016-12-23,17.904619
2016-12-27,17.919353
2016-12-28,17.749922
2016-12-29,17.989330
2016-12-30,17.889879
2017-01-03,17.845686
2017-01-04,17.911993
2017-01-05,17.930403
2017-01-06,17.985651
2017-01-09,17.749922
2017-01-10,17.694670
2017-01-11,17.878836
2017-01-12,17.893568
2017-01-13,17.867788
2017-01-17,18.063002
2017-01-18,18.040899
2017-01-19,17.882521
2017-01-20,17.915665
2017-01-23,17.823586
2017-01-24,17.819910
2017-01-25,17.819910
2017-01-26,17.827267
2017-01-27,17.823586
2017-01-30,17.838320
2017-01-31,18.114567
2017-02-01,17.801491
2017-02-02,17.989330
2017-02-03,18.011435
2017-02-06,17.974606
2017-02-07,18.018803
2017-02-08,18.195601
2017-02-09,18.040899
2017-02-10,18.155081
2017-02-13,18.243486
2017-02-14,18.110882
2017-02-15,18.066685
2017-02-16,18.247169
2017-02-17,18.258217
2017-02-21,18.449747
2017-02-22,18.527100
2017-02-23,18.718637
2017-02-24,19.002247
2017-02-27,18.895430
2017-02-28,19.068548
2017-03-01,18.899117
2017-03-02,19.035398
2017-03-03,18.976465
2017-03-06,18.939634
2017-03-07,18.928581
2017-03-08,18.656015
2017-03-09,18.615503
2017-03-10,18.770191
2017-03-13,18.825449
2017-03-14,18.807034
2017-03-15,19.109060
2017-03-16,18.899117
2017-03-17,19.013054
2017-03-20,18.886869
2017-03-21,19.154079
2017-03-22,19.246864
2017-03-23,19.187485
2017-03-24,19.257999
2017-03-27,19.183767
2017-03-28,19.168930
2017-03-29,19.116966
2017-03-30,18.968513
2017-03-31,19.042742
2017-04-03,19.039030
2017-04-04,19.098412
2017-04-05,19.206043
2017-04-06,19.157795
2017-04-07,19.076145
2017-04-10,19.109552
2017-04-11,19.102121
2017-04-12,19.243153
2017-04-13,19.180063
2017-04-17,19.265423
2017-04-18,19.309954
2017-04-19,19.176348
2017-04-20,19.102121
2017-04-21,19.198614
2017-04-24,19.298828
2017-04-25,19.272842
2017-04-26,19.213463
2017-04-27,19.280266
2017-04-28,19.187485
2017-05-01,19.072437
2017-05-02,19.094704
2017-05-03,19.027901
2017-05-04,19.094704
2017-05-05,19.198614
2017-05-08,19.191193
2017-05-09,19.050163
2017-05-10,19.079861
2017-05-11,19.105835
2017-05-12,19.198614
2017-05-15,19.280266
2017-05-16,19.139235
2017-05-17,19.187485
2017-05-18,19.254288
2017-05-19,19.328514
2017-05-22,19.495516
2017-05-23,19.547478
2017-05-24,19.658823
2017-05-25,19.818407
2017-05-26,19.818407
2017-05-30,19.881498
2017-05-31,19.981705
2017-06-01,20.122734
2017-06-02,20.145002
2017-06-05,20.081907
2017-06-06,20.037378
2017-06-07,20.104179
2017-06-08,19.937170
2017-06-09,19.918612
2017-06-12,19.881498
2017-06-13,19.929747
2017-06-14,20.037378
2017-06-15,20.152426
2017-06-16,20.244835
2017-06-19,20.177492
2017-06-20,20.188721
2017-06-21,20.068995
2017-06-22,19.975454
2017-06-23,19.908108
2017-06-26,20.042801
2017-06-27,19.818319
2017-06-28,19.627502
2017-06-29,19.470369
2017-06-30,19.440432
2017-07-03,19.350641
2017-07-05,19.257101
2017-07-06,19.249622
2017-07-07,19.264589
2017-07-10,19.249622
2017-07-11,19.238396
2017-07-12,19.403019
2017-07-13,19.335674
2017-07-14,19.425465
2017-07-17,19.515266
2017-07-18,19.571375
2017-07-19,19.653687
2017-07-20,19.795862
2017-07-21,19.938038
2017-07-24,19.750967
2017-07-25,19.638729
2017-07-26,19.825800
2017-07-27,19.874439
2017-07-28,19.844507
2017-07-31,19.911852
2017-08-01,20.024097
2017-08-02,20.110147
2017-08-03,20.211164
2017-08-04,20.121372
2017-08-07,20.184973
2017-08-08,20.267288
2017-08-09,20.162525
2017-08-10,20.226130
2017-08-11,20.106403
2017-08-14,20.222389
2017-08-15,20.334631
2017-08-16,20.416948
2017-08-17,20.271029
2017-08-18,20.390751
2017-08-21,20.465584
2017-08-22,20.510477
2017-08-23,20.577822
2017-08-24,20.562859
2017-08-25,20.630205
2017-08-28,20.667620
2017-08-29,20.622717
2017-08-30,20.562859
2017-08-31,20.566601
2017-09-01,20.502996
2017-09-05,20.555376
2017-09-06,20.461838
2017-09-07,20.615232
2017-09-08,20.712511
2017-09-11,20.888357
2017-09-12,20.540411
2017-09-13,20.439392
2017-09-14,20.611506
2017-09-15,20.640530
2017-09-18,20.429405
2017-09-19,20.387936
2017-09-20,20.237141
2017-09-21,20.233370
2017-09-22,20.067493
2017-09-25,20.252222
2017-09-26,20.214520
2017-09-27,19.943081
2017-09-28,20.014709
2017-09-29,19.999632
2017-10-02,20.033560
2017-10-03,19.977018
2017-10-04,20.176821
2017-10-05,20.157972
2017-10-06,20.142889
2017-10-09,20.169283
2017-10-10,20.365314
2017-10-11,20.452028
2017-10-12,20.557589
2017-10-13,20.414331
2017-10-16,20.369095
2017-10-17,20.489729
2017-10-18,20.452028
2017-10-19,20.666914
2017-10-20,20.681999
2017-10-23,20.693306
2017-10-24,20.712154
2017-10-25,20.621679
2017-10-26,20.625444
2017-10-27,20.753626
2017-10-30,20.757397
2017-10-31,20.780012
2017-11-01,20.663147
2017-11-02,20.738544
2017-11-03,20.813940
2017-11-06,20.734772
2017-11-07,20.983591
2017-11-08,20.998671
2017-11-09,21.025059
2017-11-10,20.927042
2017-11-13,21.175863
2017-11-14,21.439754
2017-11-15,21.255026
2017-11-16,21.187168
2017-11-17,21.040138
2017-11-20,20.976055
2017-11-21,21.032602
2017-11-22,21.032602
2017-11-24,21.066528
2017-11-27,21.157011
2017-11-28,21.255026
2017-11-29,21.266336
2017-11-30,21.337969
2017-12-01,21.266336
2017-12-04,21.145699
2017-12-05,20.878027
2017-12-06,20.957207
2017-12-07,20.994904
2017-12-08,21.062763
2017-12-11,21.190937
2017-12-12,20.829021
2017-12-13,20.885580
2017-12-14,20.859184
2017-12-15,20.935667
2017-12-18,20.703552
2017-12-19,20.326857
2017-12-20,20.167046
2017-12-21,19.927313
2017-12-22,19.957754
2017-12-26,19.839798
2017-12-27,19.923508
2017-12-28,20.033861
2017-12-29,20.045269
2018-01-02,19.858818
2018-01-03,19.702816
2018-01-04,19.539200
2018-01-05,19.531588
2018-01-08,19.714230
2018-01-09,19.520170
2018-01-10,19.307087
2018-01-11,19.234787
2018-01-12,19.124437
2018-01-16,19.082584
2018-01-17,19.200541
2018-01-18,19.078775
2018-01-19,19.021700
2018-01-22,19.048332
2018-01-23,19.230980
2018-01-24,19.113026
2018-01-25,19.409819
2018-01-26,19.421234
2018-01-29,19.173901
2018-01-30,19.208151
2018-01-31,19.421234
2018-02-01,19.116829
2018-02-02,18.979847
2018-02-05,18.667826
2018-02-06,18.390055
2018-02-07,18.302536
2018-02-08,18.097059
2018-02-09,18.477571
2018-02-12,18.618361
2018-02-13,18.702072
2018-02-14,18.492794
2018-02-15,18.903738
2018-02-16,19.071169
2018-02-20,18.823833
2018-02-21,18.576502
2018-02-22,18.671631
2018-02-23,19.158686
2018-02-26,19.101604
2018-02-27,18.797197
2018-02-28,18.667826
2018-03-01,18.671631
2018-03-02,18.622164
2018-03-05,19.002672
2018-03-06,18.747732
2018-03-07,18.606941
2018-03-08,18.743925
2018-03-09,18.797197
2018-03-12,18.877110
2018-03-13,18.918962
2018-03-14,19.113026
2018-03-15,19.101604
2018-03-16,19.269178
2018-03-19,19.150307
2018-03-20,19.062105
2018-03-21,18.996920
2018-03-22,19.081278
2018-03-23,18.812859
2018-03-26,19.008423
2018-03-27,19.280687
2018-03-28,19.273012
2018-03-29,19.376554
2018-04-02,19.226999
2018-04-03,19.292191
2018-04-04,19.334368
2018-04-05,19.487755
2018-04-06,19.334368
2018-04-09,19.372719
2018-04-10,19.223167
2018-04-11,19.196321
2018-04-12,18.943232
2018-04-13,19.092787
2018-04-16,19.353548
2018-04-17,19.549110
2018-04-18,19.476259
2018-04-19,19.464748
2018-04-20,19.288357
2018-04-23,19.299854
2018-04-24,19.430235
2018-04-25,19.434074
2018-04-26,19.629639
2018-04-27,19.829042
2018-04-30,19.771523
2018-05-01,19.710165
2018-05-02,19.690994
2018-05-03,19.664145
2018-05-04,19.752350
2018-05-07,19.648815
2018-05-08,19.157972
2018-05-09,19.023767
2018-05-10,19.292191
2018-05-11,19.319035
2018-05-14,19.246172
2018-05-15,19.085117
2018-05-16,18.935568
2018-05-17,18.782177
2018-05-18,18.786016
2018-05-21,18.881882
2018-05-22,18.950907
2018-05-23,19.123466
2018-05-24,19.280687
2018-05-25,19.365051
2018-05-29,19.365051
2018-05-30,19.522266
2018-05-31,19.552948
2018-06-01,19.253845
2018-06-04,19.100456
2018-06-05,19.000757
2018-06-06,18.548265
2018-06-07,18.678638
2018-06-08,18.670973
2018-06-11,18.632627
2018-06-12,18.847370
2018-06-13,18.797520
2018-06-14,19.031435
2018-06-15,19.166843
2018-06-18,19.228746
2018-06-19,19.418327
2018-06-20,19.433805
2018-06-21,19.499577
2018-06-22,19.634985
2018-06-25,19.959986
2018-06-26,19.983200
2018-06-27,20.079929
2018-06-28,20.072186
2018-06-29,20.103132
2018-07-02,20.246286
2018-07-03,20.304317
2018-07-05,20.412653
2018-07-06,20.571276
2018-07-09,19.936768
2018-07-10,20.126347
2018-07-11,20.308191
2018-07-12,20.323668
2018-07-13,20.327536
2018-07-16,20.308191
2018-07-17,20.292715
2018-07-18,20.188255
2018-07-19,20.373962
2018-07-20,20.230816
2018-07-23,20.087654
2018-07-24,20.157299
2018-07-25,20.215338
2018-07-26,20.431999
2018-07-27,20.366219
2018-07-30,20.242414
2018-07-31,20.424257
2018-08-01,20.292715
2018-08-02,20.393309
2018-08-03,20.621567
2018-08-06,20.637051
2018-08-07,20.606094
2018-08-08,20.497776
2018-08-09,20.590624
2018-08-10,20.501642
2018-08-13,20.528723
2018-08-14,20.571276
2018-08-15,20.760855
2018-08-16,20.985260
2018-08-17,21.093590
2018-08-20,21.020079
2018-08-21,20.869190
2018-08-22,20.714436
2018-08-23,20.698954
2018-08-24,20.787943
2018-08-27,20.660267
2018-08-28,20.617712
2018-08-29,20.768597
2018-08-30,20.776329
2018-08-31,20.687351
2018-09-04,20.780203
2018-09-05,21.070379
2018-09-06,21.190319
2018-09-07,20.931091
2018-09-10,21.035557
2018-09-11,20.981388
2018-09-12,20.962042
2018-09-13,21.120670
2018-09-14,21.008472
2018-09-17,21.078114
2018-09-18,21.039427
2018-09-19,20.582891
2018-09-20,20.625444
2018-09-21,20.713278
2018-09-24,20.529802
2018-09-25,20.248734
2018-09-26,20.049643
2018-09-27,20.256540
2018-09-28,20.553226
2018-10-01,20.482962
2018-10-02,20.760122
2018-10-03,20.510283
2018-10-04,20.619587
2018-10-05,20.935795
2018-10-08,21.111462
2018-10-09,21.197346
2018-10-10,21.080235
2018-10-11,20.693760
2018-10-12,20.670336
2018-10-15,20.767931
2018-10-16,20.982635
2018-10-17,20.943600
2018-10-18,20.974829
2018-10-19,21.302746
2018-10-22,21.166117
2018-10-23,21.049002
2018-10-24,21.560390
2018-10-25,21.224667
2018-10-26,20.834297
2018-10-29,21.127081
2018-10-30,21.209057
2018-10-31,20.959215
2018-11-01,20.865526
2018-11-02,20.748417
2018-11-05,21.041197
2018-11-06,21.181728
2018-11-07,21.423759
2018-11-08,21.388628
2018-11-09,21.419853
2018-11-12,21.408148
2018-11-13,21.497934
2018-11-14,21.275419
2018-11-15,21.099745
2018-11-16,21.423759
2018-11-19,21.517452
2018-11-20,21.427664
2018-11-21,21.111462
2018-11-23,21.123178
2018-11-26,21.248085
2018-11-27,21.408148
2018-11-28,21.392530
2018-11-29,21.384724
2018-11-30,21.700930
2018-12-03,21.919527
2018-12-04,21.935148
2018-12-06,21.958576
2018-12-07,22.040552
2018-12-10,22.083492
2018-12-11,22.173283
2018-12-12,22.032747
2018-12-13,22.224031
2018-12-14,22.181087
2018-12-17,21.466703
2018-12-18,21.322262
2018-12-19,21.287127
2018-12-20,21.275419
2018-12-21,21.184479
2018-12-24,20.298674
2018-12-26,20.574255
2018-12-27,20.747486
2018-12-28,20.798662
2018-12-31,20.834093
2019-01-02,20.475832
2019-01-03,20.471899
2019-01-04,20.775036
2019-01-07,20.633308
2019-01-08,20.889212
2019-01-09,20.763227
2019-01-10,21.034874
2019-01-11,20.956133
2019-01-14,20.483709
2019-01-15,20.735666
2019-01-16,20.810472
2019-01-17,20.897078
2019-01-18,20.920704
2019-01-22,20.960073
2019-01-23,21.172663
2019-01-24,21.282904
2019-01-25,20.991568
2019-01-28,20.893145
2019-01-29,20.952200
2019-01-30,21.113611
2019-01-31,21.558481
2019-02-01,21.475807
2019-02-04,21.511238
2019-02-05,21.554546
2019-02-06,21.542734
2019-02-07,21.826189
2019-02-08,21.920681
2019-02-11,21.912802
2019-02-12,21.963987
2019-02-13,21.900997
2019-02-14,21.865564
2019-02-15,21.932489
2019-02-19,22.062407
2019-02-20,22.160824
2019-02-21,22.322241
2019-02-22,22.460030
2019-02-25,22.314365
2019-02-26,22.286810
2019-02-27,22.314365
2019-02-28,22.444281
2019-03-01,22.491529
2019-03-04,22.530897
2019-03-05,22.503340
2019-03-06,22.503340
2019-03-07,22.578140
2019-03-08,22.656876
2019-03-11,22.818293
2019-03-12,22.975771
2019-03-13,22.999388
2019-03-14,22.995453
2019-03-15,23.078741
2019-03-18,22.991488
2019-03-19,22.729725
2019-03-20,22.789217
2019-03-21,23.031149
2019-03-22,23.197718
2019-03-25,23.217554
2019-03-26,23.384130
2019-03-27,23.221521
2019-03-28,22.947853
2019-03-29,23.070805
2019-04-01,22.912167
2019-04-02,22.943892
2019-04-03,22.908197
2019-04-04,22.828873
2019-04-05,23.043043
2019-04-08,22.880428
2019-04-09,22.935961
2019-04-10,22.864573
2019-04-11,22.979588
2019-04-12,23.086670
2019-04-15,23.082703
2019-04-16,22.797142
2019-04-17,22.709894
2019-04-18,22.721788
2019-04-22,22.701958
2019-04-23,22.765415
2019-04-24,22.912167
2019-04-25,23.007349
2019-04-26,23.043043
2019-04-29,22.908197
2019-04-30,23.284981
2019-05-01,23.047012
2019-05-02,22.995451
2019-05-03,23.122366
2019-05-06,22.995451
2019-05-07,22.924061
2019-05-08,22.610735
2019-05-09,22.582973
2019-05-10,22.987518
2019-05-13,23.233416
2019-05-14,23.078741
2019-05-15,23.039078
2019-05-16,23.193758
2019-05-17,23.312740
2019-05-20,23.344469
2019-05-21,23.388098
2019-05-22,23.562603
2019-05-23,23.764875
2019-05-24,23.729176
2019-05-28,23.340502
2019-05-29,23.031149
2019-05-30,22.995451
2019-05-31,23.102537
2019-06-03,23.332571
2019-06-04,23.352404
2019-06-05,23.852135
2019-06-06,23.998877
2019-06-07,23.820398
2019-06-10,23.657793
2019-06-11,23.515011
2019-06-12,23.820398
2019-06-13,23.867994
2019-06-14,24.117861
2019-06-17,24.050434
2019-06-18,23.951281
2019-06-19,24.133722
2019-06-20,24.288399
2019-06-21,24.382355
2019-06-24,24.390347
2019-06-25,24.242424
2019-06-26,23.714725
2019-06-27,23.746704
2019-06-28,23.838655
2019-07-01,23.778683
2019-07-02,24.102505
2019-07-03,24.270416
2019-07-05,24.258417
2019-07-08,24.294397
2019-07-09,24.326380
2019-07-10,24.382355
2019-07-11,24.390347
2019-07-12,24.230433
2019-07-15,24.326380
2019-07-16,24.186459
2019-07-17,24.278408
2019-07-18,24.490288
2019-07-19,24.134487
2019-07-22,24.082518
2019-07-23,23.930603
2019-07-24,23.950590
2019-07-25,23.890621
2019-07-26,23.978573
2019-07-29,24.102505
2019-07-30,23.918606
2019-07-31,23.806671
2019-08-01,24.050531
2019-08-02,24.046535
2019-08-05,23.702728
2019-08-06,23.998564
2019-08-07,24.058535
2019-08-08,24.306391
2019-08-09,24.334373
2019-08-12,24.286402
2019-08-13,24.302391
2019-08-14,24.102505
2019-08-15,24.414328
2019-08-16,24.538263
2019-08-19,24.694172
2019-08-20,24.654194
2019-08-21,24.818106
2019-08-22,24.842089
2019-08-23,24.578238
2019-08-26,24.862078
2019-08-27,24.906052
2019-08-28,24.838093
2019-08-29,25.010000
2019-08-30,25.017994
2019-09-03,25.461742
2019-09-04,25.485733
2019-09-05,25.209885
2019-09-06,25.109941
2019-09-09,24.986012
2019-09-10,25.017994
2019-09-11,25.265856
2019-09-12,25.321819
2019-09-13,25.161911
2019-09-16,25.181896
2019-09-17,25.401779
2019-09-18,25.509716
2019-09-19,25.629646
2019-09-20,25.731173
2019-09-23,25.735201
2019-09-24,26.037354
2019-09-25,26.021236
2019-09-26,26.158215
2019-09-27,26.065552
2019-09-30,26.081669
2019-10-01,26.021236
2019-10-02,25.674776
2019-10-03,25.735201
2019-10-04,26.093752
2019-10-07,25.993036
2019-10-08,25.751314
2019-10-09,25.876205
2019-10-10,25.848005
2019-10-11,25.751314
2019-10-14,25.586143
2019-10-15,25.505568
2019-10-16,25.561968
2019-10-17,25.626427
2019-10-18,25.711029
2019-10-21,25.811750
2019-10-22,25.920525
2019-10-23,26.025267
2019-10-24,26.113895
2019-10-25,25.848005
2019-10-28,25.493479
2019-10-29,25.517656
2019-10-30,25.743259
2019-10-31,25.884262
2019-11-01,25.819801
2019-11-04,25.489449
2019-11-05,25.227583
2019-11-06,25.324278
2019-11-07,24.981840
2019-11-08,24.877094
2019-11-11,24.724003
2019-11-12,24.784435
2019-11-13,25.151041
2019-11-14,25.239676
2019-11-15,25.320246
2019-11-18,25.372622
2019-11-19,25.308157
2019-11-20,25.461250
2019-11-21,25.372622
2019-11-22,25.380682
2019-11-25,25.296080
2019-11-26,25.380682
2019-11-27,25.424997
2019-11-29,25.400822
2019-12-02,25.235643
2019-12-03,25.304134
2019-12-04,25.497507
2019-12-05,25.541824
2019-12-06,25.465279
2019-12-09,25.376654
2019-12-10,25.372622
2019-12-11,25.441109
2019-12-12,25.332335
2019-12-13,25.529737
2019-12-16,25.848005
2019-12-17,25.932608
2019-12-18,26.037354
2019-12-19,26.045410
2019-12-20,26.224463
2019-12-23,25.980854
2019-12-24,26.017401
2019-12-26,26.062059
2019-12-27,26.139196
2019-12-30,26.135138
2019-12-31,26.236645
2020-01-02,25.907766
2020-01-03,25.960554
2020-01-06,25.984919
2020-01-07,25.948376
2020-01-08,25.936192
2020-01-09,26.078297
2020-01-10,26.147320
2020-01-13,26.305666
2020-01-14,26.382805
2020-01-15,26.752281
2020-01-16,26.918745
2020-01-17,27.105515
2020-01-21,27.353178
2020-01-22,27.438448
2020-01-23,27.682055
2020-01-24,27.755140
2020-01-27,27.686115
2020-01-28,27.799803
2020-01-29,27.872881
2020-01-30,28.132732
2020-01-31,28.006868
2020-02-03,28.096182
2020-02-04,27.816040
2020-02-05,27.929724
2020-02-06,27.937840
2020-02-07,27.848516
2020-02-10,27.954082
2020-02-11,28.055592
2020-02-12,28.075888
2020-02-13,28.388525
2020-02-14,28.579350
2020-02-18,28.818897
2020-02-19,28.506268
2020-02-20,28.607761
2020-02-21,28.554983
2020-02-24,28.222052
2020-02-25,27.629276
2020-02-26,27.349123
2020-02-27,26.118900
2020-02-28,25.245968
2020-03-02,26.731977
2020-03-03,26.403111
2020-03-04,27.901306
2020-03-05,27.470928
2020-03-06,27.247620
2020-03-09,25.765673
2020-03-10,26.005215
2020-03-11,24.697847
2020-03-12,22.204922
2020-03-13,23.414843
2020-03-16,20.755453
2020-03-17,23.410786
2020-03-18,22.391691
2020-03-19,21.088383
2020-03-20,19.415607
2020-03-23,18.424854
2020-03-24,20.405535
2020-03-25,20.926332
2020-03-26,22.710180
2020-03-27,22.833202
2020-03-30,23.677969
2020-03-31,22.722479
2020-04-01,21.356920
2020-04-02,22.025349
2020-04-03,21.237993
2020-04-06,22.878315
2020-04-07,22.591255
2020-04-08,23.821497
2020-04-09,24.945110
2020-04-13,24.153662
2020-04-14,24.863094
2020-04-15,24.042934
2020-04-16,24.047037
2020-04-17,24.822088
2020-04-20,23.883005
2020-04-21,23.489332
2020-04-22,24.174160
2020-04-23,23.768183
2020-04-24,23.915812
2020-04-27,24.165962
2020-04-28,24.256180
2020-04-29,24.034733
2020-04-30,23.481129
2020-05-01,22.915218
2020-05-04,23.087452
2020-05-05,23.276085
2020-05-06,22.484636
2020-05-07,22.574858
2020-05-08,23.030039
2020-05-11,22.931625
2020-05-12,22.730684
2020-05-13,22.537949
2020-05-14,22.779894
2020-05-15,22.476439
2020-05-18,23.399111
2020-05-19,23.013638
2020-05-20,23.140760
2020-05-21,22.907017
2020-05-22,23.161266
2020-05-26,23.312994
2020-05-27,23.591848
2020-05-28,24.288986
2020-05-29,24.477623
2020-06-01,24.768780
2020-06-02,24.928707
2020-06-03,25.228065
2020-06-04,24.776979
2020-06-05,25.092741
2020-06-08,25.765266
2020-06-09,25.248568
2020-06-10,25.100943
2020-06-11,24.120852
2020-06-12,24.059341
2020-06-15,24.223372
2020-06-16,24.334093
2020-06-17,24.260277
2020-06-18,24.256180
2020-06-19,23.575443
2020-06-22,23.805351
2020-06-23,23.565521
2020-06-24,23.350500
2020-06-25,23.061049
2020-06-26,22.817080
2020-06-29,23.247126
2020-06-30,23.333958
2020-07-01,23.879782
2020-07-02,23.941807
2020-07-06,23.648224
2020-07-07,23.553114
2020-07-08,23.764008
2020-07-09,23.445604
2020-07-10,23.888060
2020-07-13,23.912861
2020-07-14,24.136156
2020-07-15,24.041048
2020-07-16,24.347046
2020-07-17,24.896997
2020-07-20,24.570337
2020-07-21,24.681980
2020-07-22,25.062401
2020-07-23,25.091347
2020-07-24,24.925945
2020-07-27,24.624088
2020-07-28,24.996244
2020-07-29,25.112017
2020-07-30,25.112017
2020-07-31,25.153374
2020-08-03,24.880461
2020-08-04,25.153374
2020-08-05,24.830841
2020-08-06,24.975565
2020-08-07,25.426291
2020-08-10,25.418013
2020-08-11,24.868052
2020-08-12,25.227798
2020-08-13,25.186453
2020-08-14,24.967295
2020-08-17,24.934216
2020-08-18,24.822565
2020-08-19,24.748140
2020-08-20,24.528982
2020-08-21,24.570337
2020-08-24,24.785355
2020-08-25,24.549656
2020-08-26,24.276747
2020-08-27,24.355312
2020-08-28,24.425606
2020-08-31,24.500040
2020-09-01,24.218855
2020-09-02,24.971430
2020-09-03,24.690252
2020-09-04,24.549656
2020-09-08,24.413200
2020-09-09,24.735735
2020-09-10,24.309826
2020-09-11,24.367716
2020-09-14,24.702654
2020-09-15,24.868052
2020-09-16,24.834974
2020-09-17,24.632362
2020-09-18,24.198183
2020-09-21,24.047619
2020-09-22,24.197762
2020-09-23,23.826582
2020-09-24,24.093504
2020-09-25,24.489708
2020-09-28,24.552265
2020-09-29,24.543922
2020-09-30,24.764961
2020-10-01,25.015198
2020-10-02,25.311312
2020-10-05,25.628275
2020-10-06,25.845146
2020-10-07,26.003630
2020-10-08,26.479074
2020-10-09,26.474909
2020-10-12,26.641735
2020-10-13,26.458220
2020-10-14,26.424856
2020-10-15,26.408180
2020-10-16,26.691776
2020-10-19,26.466564
2020-10-20,26.625046
2020-10-21,26.554150
2020-10-22,26.929499
2020-10-23,27.004574
2020-10-26,26.996235
2020-10-27,26.975376
2020-10-28,26.191307
2020-10-29,26.262205
2020-10-30,26.016138
2020-11-02,26.587513
2020-11-03,26.971201
2020-11-04,26.566660
2020-11-05,26.804382
2020-11-06,26.745995
2020-11-09,27.242294
2020-11-10,27.634333
2020-11-11,27.738598
2020-11-12,27.292343
2020-11-13,27.563425
2020-11-16,27.842855
2020-11-17,27.296511
2020-11-18,26.762678
2020-11-19,26.495756
2020-11-20,26.499929
2020-11-23,26.504101
2020-11-24,26.787699
2020-11-25,26.858601
2020-11-27,26.591681
2020-11-30,26.207989
2020-12-01,26.391493
2020-12-02,26.566660
2020-12-03,26.291403
2020-12-04,26.028650
2020-12-07,26.174623
2020-12-08,26.095381
2020-12-09,26.049503
2020-12-10,25.916042
2020-12-11,25.957750
2020-12-14,25.824295
2020-12-15,26.333111
2020-12-16,26.028650
2020-12-17,26.203814
2020-12-18,25.978605
2020-12-21,25.664011
2020-12-22,25.613541
2020-12-23,25.563072
2020-12-24,25.743916
2020-12-28,25.857477
2020-12-29,25.853273
2020-12-30,25.983648
2020-12-31,26.370588
2021-01-04,25.706070
2021-01-05,25.701862
2021-01-06,26.341150
2021-01-07,25.996275
2021-01-08,26.214975
2021-01-11,25.971037
2021-01-12,25.832243
2021-01-13,26.336939
2021-01-14,26.236010
2021-01-15,26.492558
2021-01-19,26.391619
2021-01-20,26.547235
2021-01-21,26.391619
2021-01-22,26.429466
2021-01-25,26.959410
2021-01-26,26.690233
2021-01-27,25.971037
2021-01-28,26.282274
2021-01-29,26.139271
2021-02-01,26.265442
2021-02-02,26.479940
2021-02-03,26.395823
2021-02-04,26.601912
2021-02-05,26.744909
2021-02-08,26.538826
2021-02-09,26.576675
2021-02-10,26.681818
2021-02-11,26.530415
2021-02-12,26.336939
2021-02-16,26.042534
2021-02-17,26.063562
2021-02-18,26.219175
2021-02-19,25.828041
2021-02-22,25.323339
2021-02-23,25.533630
2021-02-24,25.235014
2021-02-25,25.007898
2021-02-26,24.545254
2021-03-01,25.087805
2021-03-02,25.012100
2021-03-03,24.717695
2021-03-04,24.696669
2021-03-05,25.100424
2021-03-08,25.453718
2021-03-09,25.790184
2021-03-10,25.966831
2021-03-11,25.899536
2021-03-12,26.248617
2021-03-15,26.585094
2021-03-16,26.618738
2021-03-17,26.185530
2021-03-18,26.088799
2021-03-19,26.160292
2021-03-22,26.122591
2021-03-23,26.512411
2021-03-24,26.520889
2021-03-25,26.804781
2021-03-26,26.893761
2021-03-29,27.181898
2021-03-30,26.936138
2021-03-31,27.135288
2021-04-01,27.109861
2021-04-05,27.406471
2021-04-06,27.550535
2021-04-07,27.516644
2021-04-08,27.495451
2021-04-09,27.465792
2021-04-12,27.491217
2021-04-13,27.817484
2021-04-14,27.940363
2021-04-15,28.249678
2021-04-16,28.478497
2021-04-19,28.334425
2021-04-20,28.694595
2021-04-21,28.453070
2021-04-22,28.249678
2021-04-23,28.211546
2021-04-26,28.050533
2021-04-27,27.834431
2021-04-28,27.796295
2021-04-29,28.050533
2021-04-30,28.270863
2021-05-03,28.266630
2021-05-04,28.160702
2021-05-05,27.686125
2021-05-06,27.897989
2021-05-07,27.982737
2021-05-10,28.266630
2021-05-11,27.919176
2021-05-12,27.266638
2021-05-13,27.792061
2021-05-14,27.927660
2021-05-17,27.698839
2021-05-18,27.694603
2021-05-19,27.647995
2021-05-20,27.889513
2021-05-21,28.033585
2021-05-24,27.982737
2021-05-25,27.643755
2021-05-26,27.647995
2021-05-27,27.461557
2021-05-28,27.609858
2021-06-01,27.440372
2021-06-02,27.584433
2021-06-03,27.749685
2021-06-04,27.707315
2021-06-07,27.758160
2021-06-08,27.520874
2021-06-09,27.766638
2021-06-10,27.948833
2021-06-11,28.012398
2021-06-14,28.071714
2021-06-15,28.156460
2021-06-16,27.732735
2021-06-17,27.885281
2021-06-18,27.160711
2021-06-21,27.512568
2021-06-22,27.346035
2021-06-23,27.055668
2021-06-24,27.030045
2021-06-25,27.320414
2021-06-28,27.495491
2021-06-29,27.051397
2021-06-30,27.000149
2021-07-01,27.294792
2021-07-02,27.337490
2021-07-06,27.452791
2021-07-07,27.632135
2021-07-08,27.550999
2021-07-09,27.585167
2021-07-12,27.674837
2021-07-13,27.465601
2021-07-14,27.704725
2021-07-15,28.016455
2021-07-16,28.298281
2021-07-19,27.849920
2021-07-20,27.969473
2021-07-21,27.662024
2021-07-22,27.704725
2021-07-23,28.059153
2021-07-26,28.067690
2021-07-27,28.550222
2021-07-28,28.332438
2021-07-29,28.409300
2021-07-30,28.170170
2021-08-02,28.387953
2021-08-03,28.550222
2021-08-04,28.507517
2021-08-05,28.819235
2021-08-06,28.802155
2021-08-09,28.793612
2021-08-10,28.823509
2021-08-11,29.092524
2021-08-12,29.122412
2021-08-13,29.327379
2021-08-16,29.506727
2021-08-17,29.523811
2021-08-18,29.374357
2021-08-19,29.493925
2021-08-20,29.861153
2021-08-23,29.476841
2021-08-24,29.284681
2021-08-25,29.340195
2021-08-26,29.267611
2021-08-27,29.259060
2021-08-30,29.301767
2021-08-31,29.267611
2021-09-01,29.651918
2021-09-02,29.920938
2021-09-03,29.673267
2021-09-07,29.280409
2021-09-08,29.805635
2021-09-09,29.643366
2021-09-10,29.229174
2021-09-13,29.177931
2021-09-14,29.079712
2021-09-15,29.041288
2021-09-16,28.797888
2021-09-17,28.353788
2021-09-20,28.301729
2021-09-21,28.224281
2021-09-22,28.207075
2021-09-23,28.056488
2021-09-24,28.026369
2021-09-27,27.695082
2021-09-28,27.346579
2021-09-29,27.703680
2021-09-30,27.484259
2021-10-01,27.484259
2021-10-04,27.862877
2021-10-05,27.794041
2021-10-06,28.224281
2021-10-07,28.073700
2021-10-08,27.867180
2021-10-11,27.488558
2021-10-12,27.673567
2021-10-13,27.996254
2021-10-14,28.340454
2021-10-15,28.258705
2021-10-18,27.987654
2021-10-19,28.340454
2021-10-20,28.787918
2021-10-21,28.787918
2021-10-22,28.934195
2021-10-25,28.809423
2021-10-26,28.964315
2021-10-27,28.770700
2021-10-28,28.960016
2021-10-29,28.787918
2021-11-01,28.891172
2021-11-02,28.916988
2021-11-03,28.809423
2021-11-04,28.650230
2021-11-05,28.921286
2021-11-08,28.491035
2021-11-09,28.637327
2021-11-10,28.869658
2021-11-11,28.693256
2021-11-12,28.676046
2021-11-15,29.054667
2021-11-16,28.916988
2021-11-17,28.942793
2021-11-18,28.792217
2021-11-19,28.955711
2021-11-22,29.132111
2021-11-23,29.162224
2021-11-24,29.179434
2021-11-26,28.723373
2021-11-29,29.149321
2021-11-30,28.297426
2021-12-01,28.349062
2021-12-02,28.710470
2021-12-03,28.998735
2021-12-06,29.441896
2021-12-07,29.661310
2021-12-08,29.631191
2021-12-09,29.592474
2021-12-10,29.751663
2021-12-13,30.117376
2021-12-14,29.936672
2021-12-15,30.427160
2021-12-16,30.582050
2021-12-17,30.121679
2021-12-20,30.150305
2021-12-21,30.106939
2021-12-22,30.237024
2021-12-23,30.232689
2021-12-27,30.380119
2021-12-28,30.653320
2021-12-29,30.818098
2021-12-30,30.930841
2021-12-31,31.039240
2022-01-03,30.731369
2022-01-04,30.635969
2022-01-05,30.618618
2022-01-06,30.302071
2022-01-07,30.531900
2022-01-10,30.332422
2022-01-11,30.059235
2022-01-12,30.154638
2022-01-13,30.302071
2022-01-14,30.093933
2022-01-18,29.734015
2022-01-19,29.868443
2022-01-20,29.907467
2022-01-21,29.851095
2022-01-24,29.564901
2022-01-25,29.100920
2022-01-26,28.862419
2022-01-27,29.118259
2022-01-28,29.469505
2022-01-31,30.028883
2022-02-01,29.629946
2022-02-02,30.067917
2022-02-03,29.933487
2022-02-04,29.694986
2022-02-07,29.651623
2022-02-08,29.673315
2022-02-09,29.803400
2022-02-10,29.048874
2022-02-11,29.066231
2022-02-14,28.819059
2022-02-15,28.684629
2022-02-16,28.749681
2022-02-17,28.767014
2022-02-18,28.714981
2022-02-22,28.684629
2022-02-23,28.198969
2022-02-24,28.424452
2022-02-25,29.304728
2022-02-28,29.456490
2022-03-01,29.200649
2022-03-02,29.556229
2022-03-03,30.076582
2022-03-04,30.740038
2022-03-07,31.138981
2022-03-08,30.657642
2022-03-09,30.440826
2022-03-10,30.644638
2022-03-11,30.540560
2022-03-14,30.505873
2022-03-15,30.896143
2022-03-16,30.839777
2022-03-17,30.969858
2022-03-18,30.705343
2022-03-21,30.910511
2022-03-22,30.954172
2022-03-23,30.997814
2022-03-24,31.316486
2022-03-25,31.770477
2022-03-28,31.975632
2022-03-29,32.272484
2022-03-30,32.538765
2022-03-31,32.503838
2022-04-01,32.957829
2022-04-04,32.704639
2022-04-05,32.909809
2022-04-06,33.564602
2022-04-07,33.481659
2022-04-08,33.595158
2022-04-11,33.136803
2022-04-12,33.263397
2022-04-13,33.197922
2022-04-14,33.215378
2022-04-18,33.036404
2022-04-19,33.250309
2022-04-20,33.520954
2022-04-21,32.966564
2022-04-22,32.412178
2022-04-25,32.189541
2022-04-26,31.866510
2022-04-27,31.713730
2022-04-28,32.067310
2022-04-29,31.106956
2022-05-02,30.788284
2022-05-03,30.906147
2022-05-04,31.595860
2022-05-05,31.272833
2022-05-06,31.521654
2022-05-09,31.285929
2022-05-10,30.906147
2022-05-11,31.128775
2022-05-12,30.814478
2022-05-13,31.181162
2022-05-16,31.277193
2022-05-17,31.600224
2022-05-18,31.294661
2022-05-19,31.229177
2022-05-20,31.316486
2022-05-23,31.691891
2022-05-24,32.324860
2022-05-25,32.303032
2022-05-26,32.394707
2022-05-27,32.901081
2022-05-31,32.447094
2022-06-01,32.394707
2022-06-02,32.612968
2022-06-03,32.455826
2022-06-06,32.599873
2022-06-07,32.796310
2022-06-08,32.154617
2022-06-09,31.381958
2022-06-10,31.141872
2022-06-13,29.710064
2022-06-14,28.959229
2022-06-15,29.146942
2022-06-16,28.583824
2022-06-17,28.317541
2022-06-21,28.856567
2022-06-22,29.160179
2022-06-23,29.846617
2022-06-24,30.365845
2022-06-27,30.612253
2022-06-28,30.497847
2022-06-29,30.519844
2022-06-30,30.858660
2022-07-01,31.615492
2022-07-05,30.537449
2022-07-06,30.854263
2022-07-07,30.823467
2022-07-08,30.722256
2022-07-11,30.915867
2022-07-12,30.766256
2022-07-13,30.638653
2022-07-14,30.638653
2022-07-15,30.695858
2022-07-18,30.269035
2022-07-19,30.462639
2022-07-20,30.057823
2022-07-21,30.137024
2022-07-22,30.550640
2022-07-25,30.933460
2022-07-26,31.118277
2022-07-27,31.144676
2022-07-28,32.262329
2022-07-29,32.539536
2022-08-01,32.574749
2022-08-02,32.508739
2022-08-03,32.711151
2022-08-04,32.781551
2022-08-05,32.662750
2022-08-08,32.711151
2022-08-09,33.076366
2022-08-10,33.221577
2022-08-11,33.217175
2022-08-12,33.758396
2022-08-15,34.040009
2022-08-16,34.136814
2022-08-17,34.079620
2022-08-18,34.207222
2022-08-19,34.189617
2022-08-22,33.723198
2022-08-23,33.520794
2022-08-24,33.626392
2022-08-25,33.833202
2022-08-26,33.313980
2022-08-29,33.415188
2022-08-30,32.926765
2022-08-31,32.711151
2022-09-01,33.181973
2022-09-02,32.825565
2022-09-06,32.909157
2022-09-07,33.938812
2022-09-08,33.912407
2022-09-09,34.048813
2022-09-12,34.374428
2022-09-13,33.459183
2022-09-14,33.732002
2022-09-15,32.891560
2022-09-16,32.768353
2022-09-19,33.207363
2022-09-20,32.724503
2022-09-21,32.277065
2022-09-22,32.161880
2022-09-23,31.789761
2022-09-26,31.023375
2022-09-27,30.500628
2022-09-28,30.828453
2022-09-29,29.592478
2022-09-30,29.021008
2022-10-03,29.871569
2022-10-04,30.505062
2022-10-05,29.827274
2022-10-06,28.843805
2022-10-07,28.245756
2022-10-10,28.294485
2022-10-11,28.192595
2022-10-12,27.253433
2022-10-13,27.935656
2022-10-14,27.532520
2022-10-17,28.108423
2022-10-18,28.622309
2022-10-19,28.250185
2022-10-20,27.536947
2022-10-21,28.046404
2022-10-24,28.281189
2022-10-25,28.848240
2022-10-26,28.834946
2022-10-27,29.065310
2022-10-28,29.862711
2022-10-31,29.583616
2022-11-01,29.698799
2022-11-02,29.410845
2022-11-03,29.539310
2022-11-04,29.720942
2022-11-07,29.153910
2022-11-08,29.357683
2022-11-09,29.127325
2022-11-10,30.500628
2022-11-11,30.159519
2022-11-14,29.800682
2022-11-15,30.128504
2022-11-16,30.398741
2022-11-17,29.867138
2022-11-18,30.500628
2022-11-21,30.637960
2022-11-22,30.899330
2022-11-23,31.244871
2022-11-25,31.426506
2022-11-28,31.103106
2022-11-29,30.872751
2022-11-30,31.643574
2022-12-01,31.616999
2022-12-02,31.466373
2022-12-05,31.289169
2022-12-06,31.484097
2022-12-07,31.337896
2022-12-08,31.541676
2022-12-09,31.377768
2022-12-12,32.095425
2022-12-13,32.192894
2022-12-14,32.153023
2022-12-15,31.763178
2022-12-16,31.222719
2022-12-19,31.098553
2022-12-20,31.107491
2022-12-21,31.540722
2022-12-22,31.348675
2022-12-23,31.670242
2022-12-27,31.866753
2022-12-28,31.563049
2022-12-29,31.790829
2022-12-30,31.487120
2023-01-03,31.487120
2023-01-04,31.772963
2023-01-05,31.085157
2023-01-06,31.710430
2023-01-09,31.924809
2023-01-10,31.933746
2023-01-11,32.192799
2023-01-12,31.973944
2023-01-13,31.857828
2023-01-17,31.813162
2023-01-18,31.049421
2023-01-19,30.736792
2023-01-20,30.919909
2023-01-23,30.928839
2023-01-24,31.085157
2023-01-25,30.665331
2023-01-26,30.768053
2023-01-27,30.768053
2023-01-30,30.629601
2023-01-31,30.857386
2023-02-01,30.910976
2023-02-02,30.977968
2023-02-03,30.330364
2023-02-06,30.589399
2023-02-07,30.576010
2023-02-08,30.062387
2023-02-09,29.651491
2023-02-10,30.241037
2023-02-13,30.424152
2023-02-14,30.294632
2023-02-15,30.491142
2023-02-16,30.258902
2023-02-17,30.584940
2023-02-21,30.013262
2023-02-22,29.897135
2023-02-23,29.740812
2023-02-24,29.749752
2023-02-27,29.548769
2023-02-28,29.030678
2023-03-01,28.552792
2023-03-02,29.093206
2023-03-03,29.588957
2023-03-06,29.731882
2023-03-07,29.245066
2023-03-08,29.468374
2023-03-09,29.231659
2023-03-10,28.771641
2023-03-13,29.213799
2023-03-14,29.597893
2023-03-15,29.999859
2023-03-16,30.200838
2023-03-17,29.910534
2023-03-20,30.144489
2023-03-21,29.537104
2023-03-22,28.956707
2023-03-23,28.659760
2023-03-24,29.555099
2023-03-27,29.591089
2023-03-28,29.672077
2023-03-29,30.104002
2023-03-30,30.234478
2023-03-31,30.454933
2023-04-03,30.247974
2023-04-04,30.400946
2023-04-05,31.188293
2023-04-06,31.408764
2023-04-10,31.345766
2023-04-11,31.372766
2023-04-12,31.341276
2023-04-13,31.345766
2023-04-14,30.994835
2023-04-17,31.165808
2023-04-18,31.003838
2023-04-19,31.242292
2023-04-20,31.233292
2023-04-21,31.323278
2023-04-24,31.480740
2023-04-25,31.449253
2023-04-26,30.711393
2023-04-27,31.080324
2023-04-28,31.035328
2023-05-01,31.089319
2023-05-02,30.711393
2023-05-03,30.625906
2023-05-04,30.859858
2023-05-05,31.057825
2023-05-08,30.963341
2023-05-09,30.922852
2023-05-10,31.206295
2023-05-11,30.886854
2023-05-12,31.057825
2023-05-15,30.666399
2023-05-16,29.987024
2023-05-17,29.879040
2023-05-18,29.789057
2023-05-19,29.744066
2023-05-22,29.753061
2023-05-23,29.649580
2023-05-24,29.456116
2023-05-25,29.060184
2023-05-26,29.060184
2023-05-30,28.947706
2023-05-31,29.213160
2023-06-01,28.997198
2023-06-02,29.298647
2023-06-05,29.438116
2023-06-06,29.415627
2023-06-07,29.915033
2023-06-08,30.045509
2023-06-09,29.870043
2023-06-12,29.816050
2023-06-13,29.811556
2023-06-14,29.793554
2023-06-15,30.117495
2023-06-16,30.279470
2023-06-20,29.924349
2023-06-21,30.164724
2023-06-22,29.933420
2023-06-23,29.493486
2023-06-26,29.783749
2023-06-27,29.792820
2023-06-28,29.352892
2023-06-29,29.352892
2023-06-30,29.679438
2023-07-03,29.901670
2023-07-05,30.241821
2023-07-06,29.874458
2023-07-07,29.656763
2023-07-10,29.529772
2023-07-11,29.897135
2023-07-12,30.332533
2023-07-13,30.436850
2023-07-14,30.318924
2023-07-17,29.969709
2023-07-18,29.738400
2023-07-19,30.042263
2023-07-20,30.591043
2023-07-21,31.049118
2023-07-24,30.967482
2023-07-25,31.021902
2023-07-26,31.021902
2023-07-27,30.473131
2023-07-28,30.405098
2023-07-31,30.418701
2023-08-01,30.046799
2023-08-02,30.046799
2023-08-03,29.361961
2023-08-04,29.021809
2023-08-07,29.017273
2023-08-08,29.153337
2023-08-09,29.216831
2023-08-10,29.126125
2023-08-11,29.284857
2023-08-14,29.053558
2023-08-15,28.581879
2023-08-16,28.708870
2023-08-17,28.645376
2023-08-18,28.795042
2023-08-21,28.613625
2023-08-22,28.695265
2023-08-23,28.808649
2023-08-24,28.640842
2023-08-25,28.858540
2023-08-28,28.854004
2023-08-29,28.962851
2023-08-30,28.831327
2023-08-31,28.554670
2023-09-01,28.409538
2023-09-05,27.974140
2023-09-06,28.037638
2023-09-07,28.404999
2023-09-08,28.654444
2023-09-11,28.772362
2023-09-12,28.808649
2023-09-13,29.153337
2023-09-14,29.579662
2023-09-15,29.452673
2023-09-18,29.430723
2023-09-19,29.270697
2023-09-20,29.298132
2023-09-21,28.991800
2023-09-22,28.936935
2023-09-25,28.895788
2023-09-26,28.031660
2023-09-27,27.492146
2023-09-28,26.897768
2023-09-29,26.943489
2023-10-02,25.690729
2023-10-03,25.987917
2023-10-04,25.960485
2023-10-05,25.809603
2023-10-06,26.175375
2023-10-09,26.435989
2023-10-10,26.797184
2023-10-11,27.231535
2023-10-12,26.810900
2023-10-13,27.112661
2023-10-16,27.391563
2023-10-17,27.318407
2023-10-18,27.080656
2023-10-19,26.810900
2023-10-20,26.532001
2023-10-23,26.307968
2023-10-24,26.984644
2023-10-25,27.135521
2023-10-26,27.368698
2023-10-27,26.852053
2023-10-30,27.057795
2023-10-31,27.290970
2023-11-01,27.601875
2023-11-02,28.118526
2023-11-03,28.283121
2023-11-06,28.209967
2023-11-07,28.004223
2023-11-08,27.798471
2023-11-09,27.432713
2023-11-10,27.579018
2023-11-13,27.249823
2023-11-14,28.337986
2023-11-15,28.251116
2023-11-16,28.401997
2023-11-17,28.479721
2023-11-20,28.392853
2023-11-21,28.452290
2023-11-22,28.589451
2023-11-24,28.662607
2023-11-27,28.708330
2023-11-28,28.799770
2023-11-29,28.571165
2023-11-30,28.694616
2023-12-01,29.046665
2023-12-04,28.932364
2023-12-05,28.726620
2023-12-06,29.110674
2023-12-07,29.046665
2023-12-08,28.991800
2023-12-11,29.179255
2023-12-12,29.060387
2023-12-13,30.157688
2023-12-14,29.764488
2023-12-15,29.247841
2023-12-18,29.181839
2023-12-19,29.347984
2023-12-20,28.752630
2023-12-21,28.803396
2023-12-22,28.900314
2023-12-26,29.075693
2023-12-27,29.057226
2023-12-28,29.264912
2023-12-29,29.227995
2024-01-02,29.652588
2024-01-03,29.763355
2024-01-04,29.671047
2024-01-05,29.781815
2024-01-08,29.998728
2024-01-09,29.754126
2024-01-10,29.749508
2024-01-11,29.057226
2024-01-12,29.223379
2024-01-16,28.904930
2024-01-17,28.484949
2024-01-18,28.180342
2024-01-19,28.143423
2024-01-22,28.000351
2024-01-23,28.051117
2024-01-24,27.668060
2024-01-25,28.166498
2024-01-26,28.249573
2024-01-29,28.429564
2024-01-30,28.420336
2024-01-31,28.360340
2024-02-01,28.900314
2024-02-02,28.378798
2024-02-05,27.788054
2024-02-06,27.889587
2024-02-07,27.908049
2024-02-08,27.709595
2024-02-09,27.815744
2024-02-12,28.138805
2024-02-13,27.672672
2024-02-14,27.824978
2024-02-15,28.291113
2024-02-16,28.258802
2024-02-20,28.240341
2024-02-21,28.614168
2024-02-22,28.392643
2024-02-23,28.595711
2024-02-26,28.032660
2024-02-27,28.563406
2024-02-28,28.651096
2024-02-29,28.660322
2024-03-01,28.484949
2024-03-04,28.964926
2024-03-05,28.881853
2024-03-06,29.158764
2024-03-07,29.347984
2024-03-08,29.421833
2024-03-11,29.569517
2024-03-12,29.283373
2024-03-13,29.481829
2024-03-14,29.246454
2024-03-15,29.287992
2024-03-18,29.422937
2024-03-19,29.683523
2024-03-20,29.720745
2024-03-21,29.674215
2024-03-22,29.716095
2024-03-25,29.855696
2024-03-26,29.516001
2024-03-27,30.339634
2024-03-28,30.549042
2024-04-01,30.362906
2024-04-02,30.414095
2024-04-03,30.293104
2024-04-04,30.232616
2024-04-05,30.321026
2024-04-08,30.521122
2024-04-09,30.688635
2024-04-10,30.162817
2024-04-11,30.102322
2024-04-12,29.874308
2024-04-15,29.599766
2024-04-16,29.208885
2024-04-17,29.818468
2024-04-18,29.985987
2024-04-19,30.446663
2024-04-22,30.725861
2024-04-23,30.870110
2024-04-24,31.056252
2024-04-25,31.140005
2024-04-26,30.800323
2024-04-29,31.219116
2024-04-30,31.056252
2024-05-01,31.414555
2024-05-02,31.582081
2024-05-03,31.833359
2024-05-06,31.996220
2024-05-07,32.359184
2024-05-08,32.698872
2024-05-09,33.196781
2024-05-10,33.164211
2024-05-13,33.164211
2024-05-14,33.252613
2024-05-15,33.750523
2024-05-16,33.634186
2024-05-17,33.662102
2024-05-20,33.606274
2024-05-21,33.908737
2024-05-22,33.508549
2024-05-23,32.940845
2024-05-24,33.271233
2024-05-28,33.238659
2024-05-29,32.810555
2024-05-30,33.252613
2024-05-31,33.838940
2024-06-03,33.452709
2024-06-04,33.438747
2024-06-05,33.247967
2024-06-06,32.903622
2024-06-07,32.545315
2024-06-10,32.964111
2024-06-11,32.764023
2024-06-12,32.549973
2024-06-13,32.624416
2024-06-14,32.545315
2024-06-17,32.187012
2024-06-18,32.200966
2024-06-20,32.480164
2024-06-21,32.289379
2024-06-24,32.713905
2024-06-25,32.404312
2024-06-26,32.268269
2024-06-27,32.324562
2024-06-28,31.963364
2024-07-01,31.742901
2024-07-02,31.907074
2024-07-03,32.099403
2024-07-05,32.155693
2024-07-08,32.188530
2024-07-09,32.282352
2024-07-10,32.587250
2024-07-11,33.182987
2024-07-12,33.426907
2024-07-15,32.615395
2024-07-16,32.868706
2024-07-17,32.887466
2024-07-18,32.859322
2024-07-19,32.896843
2024-07-22,33.173599
2024-07-23,32.967205
2024-07-24,33.337788
2024-07-25,33.061028
2024-07-26,33.384693
2024-07-29,33.534798
2024-07-30,33.708359
2024-07-31,34.144608
2024-08-01,34.759106
2024-08-02,34.815395
2024-08-05,33.895992
2024-08-06,34.182137
2024-08-07,34.374458
2024-08-08,34.411991
2024-08-09,34.529255
2024-08-12,34.590237
2024-08-13,34.791943
2024-08-14,34.768494
2024-08-15,34.763802
2024-08-16,34.918606
2024-08-19,35.148449
2024-08-20,35.073391
2024-08-21,35.322006
2024-08-22,35.279793
2024-08-23,35.378296
2024-08-26,35.608154
2024-08-27,35.326698
2024-08-28,35.326698
2024-08-29,35.519016
2024-08-30,35.786407
2024-09-03,35.734798
2024-09-04,36.039707
2024-09-05,35.950573
2024-09-06,35.608154
2024-09-09,35.969341
2024-09-10,36.138218
2024-09-11,36.250793
2024-09-12,36.330540
2024-09-13,36.841843
2024-09-16,37.123287
2024-09-17,37.095146
2024-09-18,36.813694
2024-09-19,36.597912
2024-09-20,37.564228
2024-09-23,37.936844
2024-09-24,37.667660
2024-09-25,37.866005
2024-09-26,37.606262
2024-09-27,37.979347
2024-09-30,38.149357
2024-10-01,38.456333
2024-10-02,38.475224
2024-10-03,38.461052
2024-10-04,38.399666
2024-10-07,37.516533
2024-10-08,37.535423
2024-10-09,37.214283
2024-10-10,37.100937
2024-10-11,37.426804
2024-10-14,37.899063
2024-10-15,38.069080
2024-10-16,38.824696
2024-10-17,38.479950
2024-10-18,38.701912
2024-10-21,38.550785
2024-10-22,38.413830
2024-10-23,38.782192
2024-10-24,38.531895
2024-10-25,37.960453
2024-10-28,38.257980
2024-10-29,37.440964
2024-10-30,37.351238
2024-10-31,37.738495
2024-11-01,36.897869
2024-11-04,36.458660
2024-11-05,37.006489
2024-11-06,36.623959
2024-11-07,36.690071
2024-11-08,37.393738
2024-11-11,37.497643
2024-11-12,37.067883
2024-11-13,37.001766
2024-11-14,36.874252
2024-11-15,37.426804
2024-11-18,37.752663
2024-11-19,37.993511
2024-11-20,38.012405
2024-11-21,38.673573
2024-11-22,38.465775
2024-11-25,38.536617
2024-11-26,39.150562
2024-11-27,39.150562
2024-11-29,39.164726
2024-12-02,38.324100
2024-12-03,37.993511
2024-12-04,37.988789
2024-12-05,38.106857
2024-12-06,37.634594
2024-12-09,37.162334
2024-12-10,36.893143
2024-12-11,36.661736
2024-12-12,36.642845
2024-12-13,36.666462
2024-12-16,36.373653
2024-12-17,36.222527
2024-12-18,35.367733
2024-12-19,35.528305
2024-12-20,36.095028
2024-12-23,36.217869
2024-12-24,36.417870
2024-12-26,36.332157
2024-12-27,36.227394
2024-12-30,36.075027
2024-12-31,36.041691
2025-01-02,36.317867
2025-01-03,36.703571
2025-01-06,36.294064
2025-01-07,36.203590
2025-01-08,36.194061
2025-01-10,35.989307
2025-01-13,35.570278
2025-01-14,36.036926
2025-01-15,36.565483
2025-01-16,37.489265
2025-01-17,37.541641
2025-01-21,38.117813
2025-01-22,37.294029
2025-01-23,37.470215
2025-01-24,37.851154
2025-01-27,36.974995
2025-01-28,36.465488
2025-01-29,36.541672
2025-01-30,37.303551
2025-01-31,37.084515
2025-02-03,37.284512
2025-02-04,36.955948
2025-02-05,37.327366
2025-02-06,37.284512
2025-02-07,37.208317
2025-02-10,37.613068
2025-02-11,37.803535
2025-02-12,37.736874
2025-02-13,37.822582
2025-02-14,37.665447
2025-02-18,38.017815
2025-02-19,38.217808
2025-02-20,38.213047
2025-02-21,38.222569
2025-02-24,38.032108
2025-02-25,37.841637
2025-02-26,37.998772
2025-02-27,37.155941
2025-02-28,37.722588
2025-03-03,37.774967
2025-03-04,37.160706
2025-03-05,36.898808
2025-03-06,36.132160
2025-03-07,36.803570
2025-03-10,37.208317
2025-03-11,36.860710
2025-03-12,36.746426
2025-03-13,36.836899
2025-03-14,37.555927
2025-03-17,37.713062
2025-03-18,37.451164
2025-03-19,37.589264
2025-03-20,37.741631
2025-03-21,37.498787
2025-03-24,37.486794
2025-03-25,36.887356
2025-03-26,37.131920
2025-03-27,37.122334
2025-03-28,37.395683
2025-03-31,37.812889
2025-04-01,37.908802
2025-04-02,38.086239
2025-04-03,37.846458
2025-04-04,35.741215
2025-04-07,35.194523
2025-04-08,35.050655
2025-04-09,36.431778
2025-04-10,36.158432
2025-04-11,36.599613
2025-04-14,37.256607
2025-04-15,37.251816
2025-04-16,36.916126
2025-04-17,37.294971
2025-04-21,36.412590
2025-04-22,37.405273
2025-04-23,37.563522
2025-04-24,37.621067
2025-04-25,37.505978
2025-04-28,37.736164
2025-04-29,38.028694
2025-04-30,37.836868
2025-05-01,37.947166
2025-05-02,38.244492
2025-05-05,38.148579
2025-05-06,38.613747
2025-05-07,38.724045
2025-05-08,38.412338
2025-05-09,38.479469
2025-05-12,38.249290
2025-05-13,38.196537
2025-05-14,38.028694
2025-05-15,38.839138
2025-05-16,39.409813
2025-05-19,39.577652
2025-05-20,39.692749
2025-05-21,38.968616
2025-05-22,38.412338
2025-05-23,38.872707
2025-05-27,39.165237
2025-05-28,38.618549
2025-05-29,38.887093
2025-05-30,39.285130
2025-06-02,39.409813
2025-06-03,39.515312
2025-06-04,38.824757
2025-06-05,38.762409
2025-06-06,38.935055
2025-06-09,38.685680
2025-06-10,38.776802
2025-06-11,38.800777
2025-06-12,39.270737
2025-06-13,39.045345
2025-06-16,38.853523
2025-06-17,38.532223
2025-06-18,38.632935
2025-06-20,38.738430
2025-06-23,39.229523
2025-06-24,39.398533
2025-06-25,38.872192
2025-06-26,39.195724
2025-06-27,39.272984
2025-06-30,39.432343
2025-07-01,39.567547
2025-07-02,39.224697
2025-07-03,39.519249
2025-07-07,39.601353
2025-07-08,39.181236
2025-07-09,39.548233
2025-07-10,39.871765
2025-07-11,39.813816
2025-07-14,39.973164
2025-07-15,39.591690
2025-07-16,39.610996
2025-07-17,39.775188
2025-07-18,40.441566
2025-07-21,40.571938
2025-07-22,41.069313
2025-07-23,40.760273
2025-07-24,40.707153
2025-07-25,40.813381
2025-07-28,40.378788
2025-07-29,40.842361
2025-07-30,41.146576
2025-07-31,41.368702
2025-08-01,41.431480
2025-08-04,42.165459
2025-08-05,41.716377
2025-08-06,41.344563
2025-08-07,41.793644
2025-08-08,41.614975
2025-08-11,41.484600
2025-08-12,41.663261
2025-08-13,41.755013
2025-08-14,41.465282
2025-08-15,41.344563
2025-08-18,41.165894
2025-08-19,41.566689
2025-08-20,41.610142
2025-08-21,41.325245
2025-08-22,41.547367
2025-08-25,41.078972
2025-08-26,41.170723
2025-08-27,41.180378
2025-08-28,40.866501
2025-08-29,40.716805
2025-09-02,40.581604
2025-09-03,40.480190
2025-09-04,40.431908
2025-09-05,40.306355
2025-09-08,39.895912
2025-09-09,40.171154
2025-09-10,40.861675
2025-09-11,41.078972
2025-09-12,41.286617
2025-09-15,41.383190
2025-09-16,40.629890
2025-09-17,40.731293
2025-09-18,40.760273
2025-09-19,41.021023
2025-09-22,41.418686
2025-09-23,41.632580
2025-09-24,41.929127
2025-09-25,41.525631
2025-09-26,42.201359
2025-09-29,42.322895
2025-09-30,42.395817
2025-10-01,42.804169
2025-10-02,42.726391
2025-10-03,43.222248
2025-10-06,43.640320
2025-10-07,43.839638
2025-10-08,44.141045
2025-10-09,44.029232
2025-10-10,43.849361
2025-10-13,44.184792
2025-10-14,44.578560
2025-10-15,45.161926
2025-10-16,44.670929
2025-10-17,44.515366
2025-10-20,44.500778
2025-10-21,44.048672
2025-10-22,43.946587
2025-10-23,43.912556
2025-10-24,44.427856
2025-10-27,44.549393
2025-10-28,43.815327
2025-10-29,43.800743
2025-10-30,43.616009
2025-10-31,43.314610
2025-11-03,43.338917
2025-11-04,43.183357
2025-11-05,43.193073
2025-11-06,43.003487
2025-11-07,43.601433
2025-11-10,43.586845
2025-11-11,43.611153
2025-11-12,43.713242
2025-11-13,43.110435
2025-11-14,43.149326
2025-11-17,43.538231
2025-11-18,43.372944
2025-11-19,43.008347
2025-11-20,42.789581
2025-11-21,42.852783
2025-11-24,43.338917
2025-11-25,43.173630
2025-11-26,43.747272
2025-11-28,44.058392
2025-12-01,43.027790
2025-12-02,42.721523
2025-12-03,42.585411
2025-12-04,42.497898
2025-12-05,42.099274
2025-12-08,41.535355
2025-12-09,41.564526
2025-12-10,41.545082
2025-12-11,41.846481
2025-12-12,41.642307
2025-12-15,42.021488
2025-12-16,41.846481
2025-12-17,41.574242
2025-12-18,41.982601
2025-12-19,41.447853
2025-12-22,41.601643
2025-12-23,41.748573
2025-12-24,41.934692
2025-12-26,41.905304
2025-12-29,41.983669
2025-12-30,42.081623
2025-12-31,41.817146
2026-01-02,42.297127
2026-01-05,41.826942
2026-01-06,42.032646
2026-01-07,41.013908
2026-01-08,41.131458
2026-01-09,41.640823
2026-01-12,41.709396
2026-01-13,41.973873
2026-01-14,42.287327
2026-01-15,42.718334
2026-01-16,42.502834
2026-01-20,42.081623
2026-01-21,42.140396
2026-01-22,41.836735
2026-01-23,41.689804
2026-01-26,41.993462
2026-01-27,42.542015
2026-01-28,42.444061
2026-01-29,42.444061
2026-01-30,42.365696
2026-02-02,41.748573
2026-02-03,42.355904
2026-02-04,42.199173
2026-02-05,42.218761
2026-02-06,42.463650
2026-02-09,42.590992
2026-02-10,43.296276
2026-02-11,43.678295
2026-02-12,44.324802
2026-02-13,45.549244
2026-02-17,45.431698
2026-02-18,44.677441
2026-02-19,45.167217
2026-02-20,45.382721
2026-02-23,45.725563
2026-02-24,46.234936
2026-02-25,46.391659
2026-02-26,46.215340
2026-02-27,46.754093
2026-03-02,46.401455
2026-03-03,46.107590
2026-03-04,46.303501
2026-03-05,45.941067
2026-03-06,45.784340
2026-03-09,45.892086
2026-03-10,45.608017
2026-03-11,45.225986
2026-03-12,45.549244
2026-03-13,45.999836
2026-03-16,46.293701
2026-03-17,46.166363
2026-03-18,45.774540
2026-03-19,45.588428
2026-03-20,43.737072
2026-03-23,44.171085
2026-03-24,44.476868
2026-03-25,44.634693
2026-03-26,44.713608
2026-03-27,44.970074
2026-03-30,45.295582
2026-03-31,45.265991
2026-04-01,45.483002
2026-04-02,45.709873
2026-04-06,45.542183
2026-04-07,45.640827
2026-04-08,46.143890
2026-04-09,46.508862
2026-04-10,46.321442
2026-04-13,45.759193
2026-04-14,45.838108
2026-04-15,45.394226
2026-04-16,45.719734
2026-04-17,45.532322
2026-04-20,45.127899
2026-04-21,44.338776
2026-04-22,44.259861
2026-04-23,45.463272
2026-04-24,45.552052
2026-04-27,45.561913
2026-04-28,45.621098
2026-04-29,45.058846
2026-04-30,46.212936
2026-05-01,45.917019
2026-05-04,45.739464
2026-05-05,45.739464
2026-05-06,45.088440
2026-05-07,44.506462
2026-05-08,44.111900
2026-05-11,44.526192
2026-05-12,44.575508
2026-05-13,44.062580
2026-05-14,44.289455
2026-05-15,43.273460
2026-05-18,43.342506
2026-05-19,43.737068
2026-05-20,43.904755
2026-05-21,44.388096
2026-05-22,44.733334
2026-05-26,44.713608
2026-05-27,44.526192
2026-05-28,44.023129
2026-05-29,43.815979
2026-06-01,42.513927
2026-06-02,43.303051
2026-06-03,43.115635
2026-06-04,43.342506
2026-06-05,43.746929
2026-06-08,42.928223
2026-06-09,43.381962
2026-06-10,43.401691
2026-06-11,43.451012
2026-06-12,43.924484
2026-06-15,44.131630
2026-06-16,44.447281
2026-06-17,43.855438
2026-06-18,44.151356
2026-06-22,44.393578
2026-06-23,44.741024
2026-06-24,45.207592
2026-06-25,45.515327
2026-06-26,45.862774
2026-06-29,45.684090
2026-06-30,45.009052
2026-07-01,44.443214
2026-07-02,45.425983
2026-07-06,44.969345
2026-07-07,45.366425
2026-07-08,45.028908
2026-07-09,44.800587
2026-07-10,45.078541
2026-07-13,45.386280
2026-07-14,45.356495
2026-07-15,44.889931
2026-07-16,45.138103
2026-07-17,44.840290
2026-07-20,44.611969
2026-07-21,44.592117
2026-07-22,45.594746
2026-07-23,45.852848
2026-07-24,45.952118
2026-07-27,45.346569
2026-07-28,45.187740
2026-07-29,44.582191
2026-07-30,44.334015
2026-07-31,44.026276
2026-08-03,44.036205
2026-08-04,43.788033
2026-08-05,43.341316
2026-08-06,43.063358
2026-08-07,43.291679
2026-08-10,42.815186
2026-08-11,43.311535
2026-08-12,43.520000
2026-08-13,43.718544
2026-08-14,43.986572
2026-08-17,43.857521
2026-08-18,43.698689
2026-08-19,43.698689
2026-08-20,43.450512
2026-08-21,42.457813
2026-08-24,42.904530
2026-08-25,42.993870
2026-08-26,43.192410
2026-08-27,42.864819
2026-08-28,42.418102
2026-08-31,41.921753
2026-09-01,42.249344
2026-09-02,42.358540
2026-09-03,42.715912
2026-09-04,42.765549
2026-09-08,43.132847
2026-09-09,42.626568
2026-09-10,42.209637
2026-09-11,42.080585
2026-09-14,41.514744
2026-09-15,41.018394
2026-09-16,41.018394
2026-09-17,41.385693
2026-09-18,40.799999
2026-09-21,40.660000
2026-09-22,40.529999
2026-09-23,39.750000
2026-09-24,39.360001
2026-09-25,39.509998
2026-09-28,39.250000
2026-09-29,39.709999
2026-09-30,39.439999
2026-10-01,39.680000
2026-10-02,39.830002
