date,adj_close
1998-12-22,16.652411
1998-12-23,17.026621
1998-12-24,17.130577
1998-12-28,16.881094
1998-12-29,17.255308
1998-12-30,17.109785
1998-12-31,17.296888
1999-01-04,17.255308
1999-01-05,17.525578
1999-01-06,17.816635
1999-01-07,17.733473
1999-01-08,17.951759
1999-01-11,17.993334
1999-01-12,17.920574
1999-01-13,17.754263
1999-01-14,17.608728
1999-01-15,17.847816
1999-01-19,18.357155
1999-01-20,18.461102
1999-01-21,17.816635
1999-01-22,17.743862
1999-01-25,17.889395
1999-01-26,17.972551
1999-01-27,17.795832
1999-01-28,18.128468
1999-01-29,18.128468
1999-02-01,18.232420
1999-02-02,17.962154
1999-02-03,18.305180
1999-02-04,18.170053
1999-02-05,17.962154
1999-02-08,17.951759
1999-02-09,17.629524
1999-02-10,17.671108
1999-02-11,18.149265
1999-02-12,17.878998
1999-02-16,18.045313
1999-02-17,17.858202
1999-02-18,18.086891
1999-02-19,18.138861
1999-02-22,18.523466
1999-02-23,18.492287
1999-02-24,18.274002
1999-02-25,18.097290
1999-02-26,18.149265
1999-03-01,18.118078
1999-03-02,18.107681
1999-03-03,17.993334
1999-03-04,18.315580
1999-03-05,18.731361
1999-03-08,18.752138
1999-03-09,18.606634
1999-03-10,18.772951
1999-03-11,18.897678
1999-03-12,18.793734
1999-03-15,18.856104
1999-03-16,18.814518
1999-03-17,18.710577
1999-03-18,18.970446
1999-03-19,18.887285
1999-03-22,18.835310
1999-03-23,18.315580
1999-03-24,18.398737
1999-03-25,18.710577
1999-03-26,18.565042
1999-03-29,18.793734
1999-03-30,18.731361
1999-03-31,18.627415
1999-04-01,18.627415
1999-04-05,19.043209
1999-04-06,19.063997
1999-04-07,19.427811
1999-04-08,19.625315
1999-04-09,19.687687
1999-04-12,20.186636
1999-04-13,19.978741
1999-04-14,19.791641
1999-04-15,19.292681
1999-04-16,19.105577
1999-04-19,18.585835
1999-04-20,18.939260
1999-04-21,19.375841
1999-04-22,19.770849
1999-04-23,20.217817
1999-04-26,20.186636
1999-04-27,20.207424
1999-04-28,19.666899
1999-04-29,19.438213
1999-04-30,19.292681
1999-05-03,19.666899
1999-05-04,19.292681
1999-05-05,19.459000
1999-05-06,19.542160
1999-05-07,19.479782
1999-05-10,19.438213
1999-05-11,19.750061
1999-05-12,19.937157
1999-05-13,19.812416
1999-05-14,19.459000
1999-05-17,19.334272
1999-05-18,19.126366
1999-05-19,19.355045
1999-05-20,19.614923
1999-05-21,19.396633
1999-05-24,18.939260
1999-05-25,18.752138
1999-05-26,18.772951
1999-05-27,18.565042
1999-05-28,18.700184
1999-06-01,18.752138
1999-06-02,18.689789
1999-06-03,18.835310
1999-06-04,19.292681
1999-06-07,19.126366
1999-06-08,18.970446
1999-06-09,18.980841
1999-06-10,18.824919
1999-06-11,18.606634
1999-06-14,18.710577
1999-06-15,18.918476
1999-06-16,19.292681
1999-06-17,19.386240
1999-06-18,19.292681
1999-06-21,19.199133
1999-06-22,19.167948
1999-06-23,19.209520
1999-06-24,18.856104
1999-06-25,18.876898
1999-06-28,19.084784
1999-06-29,19.271896
1999-06-30,19.521370
1999-07-01,19.583738
1999-07-02,19.583738
1999-07-06,19.542160
1999-07-07,19.666899
1999-07-08,19.625315
1999-07-09,19.708471
1999-07-12,19.750061
1999-07-13,19.708471
1999-07-14,19.750061
1999-07-15,19.843605
1999-07-16,19.854004
1999-07-19,19.770849
1999-07-20,19.687687
1999-07-21,19.646111
1999-07-22,19.334272
1999-07-23,19.167948
1999-07-26,19.188738
1999-07-27,19.542160
1999-07-28,19.396633
1999-07-29,19.063997
1999-07-30,18.939260
1999-08-02,18.814518
1999-08-03,18.731361
1999-08-04,18.461102
1999-08-05,18.409130
1999-08-06,18.211624
1999-08-09,18.232420
1999-08-10,17.868607
1999-08-11,18.045313
1999-08-12,18.045313
1999-08-13,18.357155
1999-08-16,18.357155
1999-08-17,18.585835
1999-08-18,18.710577
1999-08-19,18.627415
1999-08-20,18.585835
1999-08-23,18.762545
1999-08-24,18.502686
1999-08-25,18.876898
1999-08-26,18.731361
1999-08-27,18.596233
1999-08-30,18.149265
1999-08-31,18.086891
1999-09-01,18.107681
1999-09-02,17.920574
1999-09-03,18.492287
1999-09-07,18.710577
1999-09-08,18.627415
1999-09-09,18.502686
1999-09-10,18.606634
1999-09-13,18.575441
1999-09-14,18.388336
1999-09-15,18.211624
1999-09-16,18.222025
1999-09-17,18.741751
1999-09-20,18.513086
1999-09-21,18.180447
1999-09-22,18.138861
1999-09-23,17.941360
1999-09-24,17.660707
1999-09-27,17.795832
1999-09-28,17.629524
1999-09-29,17.681498
1999-09-30,17.837420
1999-10-01,17.775053
1999-10-04,18.045313
1999-10-05,17.806229
1999-10-06,18.253208
1999-10-07,18.086891
1999-10-08,18.284389
1999-10-11,18.232420
1999-10-12,17.920574
1999-10-13,17.525578
1999-10-14,17.463205
1999-10-15,17.161764
1999-10-18,17.078602
1999-10-19,17.089003
1999-10-20,17.504778
1999-10-21,17.535965
1999-10-22,17.754263
1999-10-25,17.754263
1999-10-26,17.629524
1999-10-27,17.629524
1999-10-28,18.388336
1999-10-29,18.741751
1999-11-01,18.752138
1999-11-02,18.513086
1999-11-03,18.596233
1999-11-04,18.804127
1999-11-05,18.720972
1999-11-08,18.752138
1999-11-09,18.627415
1999-11-10,18.741751
1999-11-11,18.960058
1999-11-12,19.334272
1999-11-15,19.417419
1999-11-16,19.666899
1999-11-17,19.469400
1999-11-18,19.594130
1999-11-19,19.500568
1999-11-22,19.292681
1999-11-23,18.970446
1999-11-24,19.240707
1999-11-26,19.084784
1999-11-29,18.970446
1999-11-30,18.960058
1999-12-01,18.918476
1999-12-02,19.084784
1999-12-03,19.459000
1999-12-06,19.573338
1999-12-07,19.521370
1999-12-08,19.708471
1999-12-09,20.009924
1999-12-10,19.885185
1999-12-13,19.750061
1999-12-14,19.791641
1999-12-15,19.625315
1999-12-16,19.781240
1999-12-17,20.124262
1999-12-20,20.053829
1999-12-21,19.928368
1999-12-22,19.949278
1999-12-23,20.367495
1999-12-27,20.367495
1999-12-28,20.409334
1999-12-29,20.398870
1999-12-30,20.472061
1999-12-31,20.670713
2000-01-03,20.273403
2000-01-04,19.813354
2000-01-05,19.635605
2000-01-06,19.698343
2000-01-07,19.938818
2000-01-10,21.977659
2000-01-11,21.392153
2000-01-12,21.036667
2000-01-13,21.663996
2000-01-14,21.475796
2000-01-18,21.078487
2000-01-19,21.580345
2000-01-20,21.413069
2000-01-21,21.371235
2000-01-24,20.733454
2000-01-25,20.879822
2000-01-26,20.785725
2000-01-27,20.660259
2000-01-28,20.242027
2000-01-31,20.147942
2000-02-01,20.409334
2000-02-02,20.911198
2000-02-03,21.099396
2000-02-04,21.172586
2000-02-07,20.827543
2000-02-08,21.057575
2000-02-09,20.681175
2000-02-10,20.503424
2000-02-11,20.513887
2000-02-14,20.137482
2000-02-15,19.980646
2000-02-16,19.416046
2000-02-17,19.405582
2000-02-18,18.872347
2000-02-22,18.736425
2000-02-23,19.029194
2000-02-24,18.882809
2000-02-25,18.297291
2000-02-28,18.621420
2000-02-29,18.830540
2000-03-01,18.987366
2000-03-02,18.903727
2000-03-03,19.165104
2000-03-06,18.788712
2000-03-07,18.443668
2000-03-08,18.349573
2000-03-09,18.778248
2000-03-10,18.621420
2000-03-13,18.485489
2000-03-14,18.537777
2000-03-15,18.631872
2000-03-16,19.593794
2000-03-17,19.614708
2000-03-20,19.991093
2000-03-21,20.116562
2000-03-22,20.628897
2000-03-23,20.712542
2000-03-24,20.890278
2000-03-27,20.743908
2000-03-28,20.764816
2000-03-29,20.451143
2000-03-30,20.158386
2000-03-31,20.524336
2000-04-03,20.513887
2000-04-04,20.283867
2000-04-05,20.147942
2000-04-06,20.534794
2000-04-07,20.587080
2000-04-10,20.451143
2000-04-11,20.628897
2000-04-12,20.252501
2000-04-13,19.740173
2000-04-14,18.548223
2000-04-17,18.705059
2000-04-18,19.217390
2000-04-19,19.719257
2000-04-20,19.802904
2000-04-24,19.520601
2000-04-25,20.012012
2000-04-26,20.221121
2000-04-27,20.095655
2000-04-28,20.283867
2000-05-01,20.346598
2000-05-02,19.938818
2000-05-03,19.384674
2000-05-04,19.321936
2000-05-05,19.301029
2000-05-08,19.342857
2000-05-09,19.206928
2000-05-10,19.175568
2000-05-11,19.154659
2000-05-12,19.489233
2000-05-15,19.813354
2000-05-16,20.074747
2000-05-17,19.844725
2000-05-18,19.823816
2000-05-19,19.301029
2000-05-22,19.081467
2000-05-23,18.924637
2000-05-24,19.050106
2000-05-25,18.903727
2000-05-26,18.757336
2000-05-30,19.531048
2000-05-31,19.740173
2000-06-01,19.614708
2000-06-02,20.095655
2000-06-05,20.032927
2000-06-06,19.865633
2000-06-07,19.813354
2000-06-08,19.656521
2000-06-09,19.949278
2000-06-12,19.761084
2000-06-13,19.489233
2000-06-14,19.823816
2000-06-15,20.388420
2000-06-16,20.158386
2000-06-19,20.283867
2000-06-20,20.252501
2000-06-21,20.158386
2000-06-22,20.116562
2000-06-23,19.740173
2000-06-26,19.551971
2000-06-27,19.510151
2000-06-28,19.426502
2000-06-29,19.719257
2000-06-30,19.781994
2000-07-03,19.740173
2000-07-05,19.865633
2000-07-06,19.823816
2000-07-07,19.991093
2000-07-10,19.823816
2000-07-11,19.604248
2000-07-12,19.970186
2000-07-13,20.032927
2000-07-14,20.346598
2000-07-17,20.095655
2000-07-18,19.781994
2000-07-19,19.907459
2000-07-20,20.221121
2000-07-21,19.719257
2000-07-24,19.531048
2000-07-25,19.541515
2000-07-26,19.384674
2000-07-27,19.510151
2000-07-28,19.301029
2000-07-31,19.489233
2000-08-01,19.656521
2000-08-02,19.740173
2000-08-03,19.844725
2000-08-04,20.252501
2000-08-07,20.095655
2000-08-08,20.158386
2000-08-09,19.970186
2000-08-10,20.012012
2000-08-11,20.137482
2000-08-14,20.367495
2000-08-15,20.262953
2000-08-16,19.970186
2000-08-17,20.158386
2000-08-18,20.158386
2000-08-21,20.221121
2000-08-22,19.970186
2000-08-23,19.991093
2000-08-24,19.938818
2000-08-25,20.273403
2000-08-28,20.074747
2000-08-29,20.168846
2000-08-30,20.304771
2000-08-31,20.179306
2000-09-01,20.158386
2000-09-05,19.761084
2000-09-06,19.677435
2000-09-07,19.520601
2000-09-08,19.531048
2000-09-11,19.604248
2000-09-12,19.593794
2000-09-13,19.802904
2000-09-14,19.593794
2000-09-15,19.510151
2000-09-18,19.478781
2000-09-19,19.353304
2000-09-20,18.976906
2000-09-21,19.154659
2000-09-22,18.987366
2000-09-25,19.269667
2000-09-26,19.269667
2000-09-27,18.945538
2000-09-28,19.499693
2000-09-29,19.447414
2000-10-02,19.698343
2000-10-03,19.771534
2000-10-04,19.928368
2000-10-05,20.106119
2000-10-06,19.635605
2000-10-09,19.510151
2000-10-10,19.531048
2000-10-11,19.039635
2000-10-12,18.401844
2000-10-13,18.746885
2000-10-16,18.569143
2000-10-17,17.649048
2000-10-18,17.941803
2000-10-19,18.150913
2000-10-20,18.527325
2000-10-23,18.799160
2000-10-24,18.840986
2000-10-25,18.506407
2000-10-26,18.767796
2000-10-27,18.935083
2000-10-30,19.301029
2000-10-31,19.740173
2000-11-01,19.876087
2000-11-02,20.053829
2000-11-03,19.980646
2000-11-06,20.116562
2000-11-07,20.200209
2000-11-08,20.032927
2000-11-09,19.112837
2000-11-10,19.039635
2000-11-13,18.631872
2000-11-14,19.081467
2000-11-15,19.175568
2000-11-16,18.945538
2000-11-17,18.820074
2000-11-20,18.715519
2000-11-21,18.276392
2000-11-22,18.098642
2000-11-24,18.182274
2000-11-27,18.297291
2000-11-28,18.067268
2000-11-29,18.109097
2000-11-30,17.941803
2000-12-01,18.067268
2000-12-04,18.077728
2000-12-05,18.548223
2000-12-06,18.746885
2000-12-07,18.433218
2000-12-08,18.830540
2000-12-11,19.029194
2000-12-12,19.071001
2000-12-13,19.175568
2000-12-14,19.008280
2000-12-15,18.527325
2000-12-18,18.426096
2000-12-19,18.447008
2000-12-20,17.610395
2000-12-21,17.735899
2000-12-22,18.039169
2000-12-26,18.070539
2000-12-27,18.133280
2000-12-28,18.447008
2000-12-29,18.237856
2001-01-02,17.495371
2001-01-03,18.875765
2001-01-04,19.430016
2001-01-05,18.907135
2001-01-08,18.635239
2001-01-09,18.865295
2001-01-10,19.011711
2001-01-11,19.440474
2001-01-12,19.701902
2001-01-16,19.911051
2001-01-17,20.057451
2001-01-18,19.994707
2001-01-19,19.503216
2001-01-22,19.367268
2001-01-23,19.816938
2001-01-24,19.628700
2001-01-25,19.597334
2001-01-26,19.398628
2001-01-29,19.716955
2001-01-30,19.676807
2001-01-31,19.556335
2001-02-01,19.817358
2001-02-02,19.583107
2001-02-05,19.569717
2001-02-06,19.589804
2001-02-07,19.777187
2001-02-08,19.897665
2001-02-09,19.576416
2001-02-12,19.737041
2001-02-13,19.757118
2001-02-14,19.542948
2001-02-15,19.623274
2001-02-16,19.536261
2001-02-20,19.516172
2001-02-21,19.415783
2001-02-22,19.047682
2001-02-23,18.994144
2001-02-26,19.094536
2001-02-27,19.435862
2001-02-28,19.181538
2001-03-01,19.114613
2001-03-02,19.148073
2001-03-05,19.040993
2001-03-06,19.107918
2001-03-07,19.194923
2001-03-08,19.302015
2001-03-09,19.134695
2001-03-12,18.177618
2001-03-13,18.184313
2001-03-14,17.836296
2001-03-15,18.365011
2001-03-16,18.120687
2001-03-19,18.120687
2001-03-20,17.739130
2001-03-21,17.270546
2001-03-22,16.888990
2001-03-23,17.270546
2001-03-26,17.571779
2001-03-27,18.093918
2001-03-28,17.719048
2001-03-29,17.939953
2001-03-30,17.953329
2001-04-02,17.732431
2001-04-03,17.337492
2001-04-04,17.444601
2001-04-05,17.879704
2001-04-06,17.799372
2001-04-09,18.020279
2001-04-10,18.375057
2001-04-11,18.154154
2001-04-12,18.140770
2001-04-16,18.267950
2001-04-17,18.582575
2001-04-18,19.325609
2001-04-19,19.345695
2001-04-20,19.399242
2001-04-23,18.950743
2001-04-24,19.004293
2001-04-25,19.225199
2001-04-26,19.466188
2001-04-27,19.278755
2001-04-30,19.278755
2001-05-01,19.579981
2001-05-02,19.640228
2001-05-03,19.258675
2001-05-04,19.318924
2001-05-07,19.365776
2001-05-08,19.044458
2001-05-09,19.164957
2001-05-10,19.292145
2001-05-11,19.385860
2001-05-14,19.298841
2001-05-15,19.385860
2001-05-16,19.921370
2001-05-17,20.095425
2001-05-18,20.148972
2001-05-21,20.456886
2001-05-22,20.483675
2001-05-23,20.142277
2001-05-24,20.389957
2001-05-25,20.242691
2001-05-29,20.088734
2001-05-30,20.021790
2001-05-31,20.015095
2001-06-01,19.954842
2001-06-04,19.981619
2001-06-05,20.169052
2001-06-06,20.008400
2001-06-07,20.122190
2001-06-08,20.015095
2001-06-11,19.914686
2001-06-12,19.867823
2001-06-13,19.774113
2001-06-14,19.405939
2001-06-15,19.353699
2001-06-18,19.059050
2001-06-19,19.112617
2001-06-20,19.527822
2001-06-21,19.748806
2001-06-22,19.494343
2001-06-25,19.541216
2001-06-26,19.239862
2001-06-27,19.554607
2001-06-28,19.701933
2001-06-29,19.788988
2001-07-02,19.929625
2001-07-03,19.929625
2001-07-05,19.695240
2001-07-06,19.326914
2001-07-09,19.219767
2001-07-10,19.219767
2001-07-11,19.206377
2001-07-12,19.393890
2001-07-13,19.527822
2001-07-16,19.434069
2001-07-17,19.567995
2001-07-18,19.373796
2001-07-19,19.259945
2001-07-20,19.306835
2001-07-23,18.931810
2001-07-24,18.844740
2001-07-25,18.951899
2001-07-26,19.507732
2001-07-27,19.534513
2001-07-30,19.534513
2001-07-31,19.393890
2001-08-01,19.373796
2001-08-02,19.574699
2001-08-03,19.413979
2001-08-06,19.286736
2001-08-07,19.340305
2001-08-08,19.206377
2001-08-09,19.119310
2001-08-10,19.152800
2001-08-13,19.300127
2001-08-14,19.052345
2001-08-15,18.791170
2001-08-16,18.884935
2001-08-17,18.677322
2001-08-20,18.817961
2001-08-21,18.925114
2001-08-22,18.851446
2001-08-23,18.951899
2001-08-24,19.293428
2001-08-27,19.052345
2001-08-28,18.784477
2001-08-29,18.617065
2001-08-30,18.235346
2001-08-31,18.409449
2001-09-04,18.329096
2001-09-05,18.342489
2001-09-06,17.806736
2001-09-07,17.458511
2001-09-10,17.230816
2001-09-17,15.791025
2001-09-18,15.503055
2001-09-19,15.248577
2001-09-20,14.665956
2001-09-21,14.712183
2001-09-24,15.167750
2001-09-25,15.060562
2001-09-26,15.201251
2001-09-27,15.435735
2001-09-28,15.743916
2001-10-01,15.449124
2001-10-02,15.650115
2001-10-03,16.232979
2001-10-04,16.186087
2001-10-05,16.011890
2001-10-08,15.891299
2001-10-09,15.743916
2001-10-10,16.085588
2001-10-11,16.467463
2001-10-12,16.320066
2001-10-15,16.380367
2001-10-16,16.541161
2001-10-17,16.045397
2001-10-18,15.790809
2001-10-19,15.737217
2001-10-22,16.179379
2001-10-23,16.279873
2001-10-24,16.018593
2001-10-25,16.112381
2001-10-26,16.253078
2001-10-29,15.837708
2001-10-30,15.616620
2001-10-31,15.824307
2001-11-01,16.045397
2001-11-02,16.132475
2001-11-05,16.380367
2001-11-06,16.581352
2001-11-07,16.487570
2001-11-08,16.628256
2001-11-09,16.527760
2001-11-12,16.567955
2001-11-13,17.050318
2001-11-14,17.251307
2001-11-15,17.452282
2001-11-16,17.452282
2001-11-19,17.753765
2001-11-20,17.753765
2001-11-21,17.579586
2001-11-23,17.653275
2001-11-26,17.881060
2001-11-27,17.820768
2001-11-28,17.546089
2001-11-29,17.586283
2001-11-30,17.659983
2001-12-03,17.673372
2001-12-04,17.901157
2001-12-05,18.524210
2001-12-06,18.591215
2001-12-07,18.484020
2001-12-10,18.061949
2001-12-11,18.189232
2001-12-12,18.108847
2001-12-13,17.720264
2001-12-14,17.686777
2001-12-17,17.854271
2001-12-18,18.115557
2001-12-19,18.021751
2001-12-20,17.800671
2001-12-21,17.771812
2001-12-24,17.852343
2001-12-26,17.986582
2001-12-27,18.187916
2001-12-28,18.369123
2001-12-31,18.087244
2002-01-02,18.241606
2002-01-03,18.322144
2002-01-04,18.536907
2002-01-07,18.557037
2002-01-08,18.657717
2002-01-09,18.557037
2002-01-10,18.610729
2002-01-11,18.489933
2002-01-14,18.355705
2002-01-15,18.583891
2002-01-16,18.127516
2002-01-17,18.241606
2002-01-18,18.100664
2002-01-22,18.053688
2002-01-23,17.986582
2002-01-24,18.134222
2002-01-25,18.154356
2002-01-28,18.187916
2002-01-29,17.845636
2002-01-30,17.771812
2002-01-31,17.953020
2002-02-01,17.919456
2002-02-04,17.577187
2002-02-05,17.671146
2002-02-06,17.577187
2002-02-07,17.919456
2002-02-08,18.288589
2002-02-11,18.456377
2002-02-12,18.288589
2002-02-13,18.590595
2002-02-14,18.644299
2002-02-15,18.355705
2002-02-19,18.053688
2002-02-20,18.489933
2002-02-21,18.355705
2002-02-22,18.523485
2002-02-25,18.845634
2002-02-26,18.791941
2002-02-27,18.724831
2002-02-28,18.778515
2002-03-01,19.134218
2002-03-04,19.328856
2002-03-05,19.302008
2002-03-06,19.570473
2002-03-07,19.422823
2002-03-08,19.624153
2002-03-11,19.530197
2002-03-12,19.463076
2002-03-13,19.395979
2002-03-14,19.530197
2002-03-15,19.888079
2002-03-18,20.062654
2002-03-19,20.042501
2002-03-20,20.049219
2002-03-21,19.921648
2002-03-22,19.814209
2002-03-25,19.518784
2002-03-26,19.404648
2002-03-27,19.693352
2002-03-28,19.867935
2002-04-01,19.686647
2002-04-02,19.572495
2002-04-03,19.317356
2002-04-04,19.592634
2002-04-05,19.827650
2002-04-08,19.908215
2002-04-09,19.935074
2002-04-10,20.116356
2002-04-11,19.780649
2002-04-12,19.847792
2002-04-15,19.834358
2002-04-16,19.968641
2002-04-17,20.015646
2002-04-18,20.223793
2002-04-19,20.384947
2002-04-22,20.290943
2002-04-23,20.143223
2002-04-24,20.277510
2002-04-25,20.337942
2002-04-26,20.008938
2002-04-29,19.552359
2002-04-30,19.747074
2002-05-01,20.102928
2002-05-02,20.035797
2002-05-03,19.908215
2002-05-06,19.532213
2002-05-07,19.572495
2002-05-08,20.008938
2002-05-09,19.780649
2002-05-10,19.518784
2002-05-13,19.747074
2002-05-14,20.102928
2002-05-15,20.277510
2002-05-16,20.331221
2002-05-17,20.324520
2002-05-20,20.143223
2002-05-21,19.968641
2002-05-22,19.847792
2002-05-23,20.029072
2002-05-24,19.948503
2002-05-28,19.928364
2002-05-29,19.914934
2002-05-30,19.874638
2002-05-31,20.022366
2002-06-03,19.679924
2002-06-04,19.632925
2002-06-05,19.800787
2002-06-06,19.532213
2002-06-07,19.673220
2002-06-10,19.713509
2002-06-11,19.565783
2002-06-12,19.162918
2002-06-13,18.813780
2002-06-14,18.672768
2002-06-17,19.196491
2002-06-18,19.283783
2002-06-19,19.216631
2002-06-20,18.706341
2002-06-21,18.314795
2002-06-24,18.455830
2002-06-25,18.167036
2002-06-26,18.469261
2002-06-27,18.939386
2002-06-28,18.590151
2002-07-01,17.811089
2002-07-02,17.408117
2002-07-03,17.434990
2002-07-05,18.019283
2002-07-08,17.797657
2002-07-09,16.985012
2002-07-10,16.199224
2002-07-11,16.508162
2002-07-12,16.723072
2002-07-15,16.420851
2002-07-16,16.306684
2002-07-17,16.662634
2002-07-18,15.876845
2002-07-19,15.225385
2002-07-22,15.097777
2002-07-23,14.815700
2002-07-24,15.776100
2002-07-25,16.313400
2002-07-26,16.676054
2002-07-29,17.421553
2002-07-30,17.549152
2002-07-31,18.052860
2002-08-01,17.549152
2002-08-02,17.408117
2002-08-05,16.662634
2002-08-06,17.072315
2002-08-07,17.643187
2002-08-08,18.301357
2002-08-09,18.274490
2002-08-12,18.301357
2002-08-13,17.864811
2002-08-14,18.314795
2002-08-15,18.442394
2002-08-16,18.294636
2002-08-19,18.549854
2002-08-20,18.314795
2002-08-21,18.623726
2002-08-22,19.208019
2002-08-23,18.711046
2002-08-26,18.919237
2002-08-27,18.381952
2002-08-28,18.234192
2002-08-29,18.281206
2002-08-30,18.227486
2002-09-03,17.468561
2002-09-04,18.005852
2002-09-05,17.797657
2002-09-06,17.797657
2002-09-09,17.999134
2002-09-10,18.066294
2002-09-11,18.099874
2002-09-12,17.757347
2002-09-13,17.891672
2002-09-16,17.891672
2002-09-17,17.623032
2002-09-18,17.723776
2002-09-19,17.126049
2002-09-20,17.260107
2002-09-23,17.057997
2002-09-24,17.044516
2002-09-25,17.529591
2002-09-26,17.839481
2002-09-27,17.179272
2002-09-30,17.098412
2002-10-01,17.630646
2002-10-02,17.644115
2002-10-03,17.576744
2002-10-04,17.024313
2002-10-07,16.983891
2002-10-08,17.482435
2002-10-09,17.300526
2002-10-10,17.516115
2002-10-11,17.724951
2002-10-14,18.189812
2002-10-15,18.513182
2002-10-16,18.567078
2002-10-17,18.796131
2002-10-18,18.802876
2002-10-21,18.863508
2002-10-22,18.513182
2002-10-23,18.391916
2002-10-24,18.088758
2002-10-25,18.418859
2002-10-28,18.338018
2002-10-29,18.108963
2002-10-30,18.230228
2002-10-31,18.095484
2002-11-01,18.277390
2002-11-04,18.304342
2002-11-05,18.533394
2002-11-06,18.910664
2002-11-07,18.829821
2002-11-08,18.708567
2002-11-11,18.452549
2002-11-12,18.466022
2002-11-13,18.250441
2002-11-14,18.540129
2002-11-15,18.715294
2002-11-18,18.614229
2002-11-19,18.594028
2002-11-20,18.762451
2002-11-21,18.863508
2002-11-22,18.728760
2002-11-25,18.674873
2002-11-26,18.378443
2002-11-27,18.728760
2002-11-29,18.654665
2002-12-02,18.486238
2002-12-03,18.364975
2002-12-04,18.533394
2002-12-05,18.425598
2002-12-06,18.506441
2002-12-09,18.425598
2002-12-10,18.492977
2002-12-11,18.466022
2002-12-12,18.277390
2002-12-13,18.176332
2002-12-16,18.358231
2002-12-17,18.115707
2002-12-18,18.061808
2002-12-19,17.886642
2002-12-20,18.041494
2002-12-23,18.156462
2002-12-24,18.257887
2002-12-26,17.946833
2002-12-27,17.710154
2002-12-30,17.872442
2002-12-31,17.953588
2003-01-02,18.440468
2003-01-03,18.629807
2003-01-06,18.832674
2003-01-07,18.562187
2003-01-08,18.420181
2003-01-09,18.609518
2003-01-10,18.602764
2003-01-13,18.616293
2003-01-14,18.602764
2003-01-15,18.393137
2003-01-16,18.339029
2003-01-17,18.325508
2003-01-21,18.190264
2003-01-22,18.142927
2003-01-23,18.197031
2003-01-24,17.798063
2003-01-27,17.405848
2003-01-28,17.703388
2003-01-29,17.872442
2003-01-30,17.541094
2003-01-31,17.892727
2003-02-03,17.818342
2003-02-04,17.608715
2003-02-05,17.480236
2003-02-06,17.446419
2003-02-07,17.412619
2003-02-10,17.541094
2003-02-11,17.338240
2003-02-12,17.142126
2003-02-13,16.939268
2003-02-14,17.121841
2003-02-18,17.541094
2003-02-19,17.459961
2003-02-20,17.263849
2003-02-21,17.439663
2003-02-24,17.209740
2003-02-25,17.324713
2003-02-26,17.230036
2003-02-27,17.446419
2003-02-28,17.493759
2003-03-03,17.405848
2003-03-04,17.216515
2003-03-05,17.378798
2003-03-06,17.412619
2003-03-07,17.581669
2003-03-10,17.284134
2003-03-11,17.054226
2003-03-12,17.108309
2003-03-13,17.351757
2003-03-14,17.209740
2003-03-17,17.696630
2003-03-18,17.885967
2003-03-19,18.088840
2003-03-20,18.068548
2003-03-21,18.537745
2003-03-24,18.015659
2003-03-25,18.375023
2003-03-26,18.232639
2003-03-27,18.300438
2003-03-28,18.327566
2003-03-31,18.117367
2003-04-01,18.368242
2003-04-02,18.639456
2003-04-03,18.592001
2003-04-04,18.666588
2003-04-07,18.503859
2003-04-08,18.524189
2003-04-09,18.280096
2003-04-10,18.246197
2003-04-11,18.158052
2003-04-14,18.456387
2003-04-15,18.341122
2003-04-16,17.907177
2003-04-17,18.083450
2003-04-21,18.130922
2003-04-22,18.436043
2003-04-23,18.592001
2003-04-24,18.707266
2003-04-25,18.449602
2003-04-28,18.598778
2003-04-29,18.714054
2003-04-30,18.714054
2003-05-01,18.768288
2003-05-02,19.053074
2003-05-05,19.080193
2003-05-06,19.114090
2003-05-07,18.951365
2003-05-08,18.883556
2003-05-09,19.093746
2003-05-12,19.283606
2003-05-13,19.324289
2003-05-14,19.290392
2003-05-15,19.473457
2003-05-16,19.426001
2003-05-19,18.768288
2003-05-20,18.537745
2003-05-21,18.673363
2003-05-22,18.883556
2003-05-23,18.808971
2003-05-27,19.080193
2003-05-28,19.046289
2003-05-29,18.890345
2003-05-30,19.100533
2003-06-02,18.951365
2003-06-03,19.100533
2003-06-04,19.432775
2003-06-05,19.615850
2003-06-06,19.792141
2003-06-09,19.588722
2003-06-10,19.737885
2003-06-11,19.961647
2003-06-12,20.002333
2003-06-13,19.880283
2003-06-16,20.483742
2003-06-17,20.890568
2003-06-18,20.836330
2003-06-19,20.388817
2003-06-20,20.535700
2003-06-23,20.195707
2003-06-24,20.209299
2003-06-25,20.100506
2003-06-26,20.386099
2003-06-27,20.073303
2003-06-30,19.944105
2003-07-01,20.052904
2003-07-02,20.243303
2003-07-03,20.120899
2003-07-07,20.263702
2003-07-08,20.270502
2003-07-09,20.148106
2003-07-10,19.930502
2003-07-11,20.161707
2003-07-14,20.141300
2003-07-15,20.066504
2003-07-16,19.950903
2003-07-17,19.821703
2003-07-18,20.005310
2003-07-21,19.692507
2003-07-22,19.658506
2003-07-23,19.801306
2003-07-24,19.644907
2003-07-25,19.801306
2003-07-28,19.753706
2003-07-29,19.665308
2003-07-30,19.746904
2003-07-31,19.644907
2003-08-01,19.345718
2003-08-04,19.379713
2003-08-05,19.060125
2003-08-06,19.046520
2003-08-07,19.352509
2003-08-08,19.427311
2003-08-11,19.386511
2003-08-12,19.440910
2003-08-13,19.162121
2003-08-14,19.148514
2003-08-15,19.107719
2003-08-18,19.236917
2003-08-19,19.134918
2003-08-20,19.080515
2003-08-21,18.971722
2003-08-22,18.686125
2003-08-25,18.822117
2003-08-26,18.835716
2003-08-27,18.849325
2003-08-28,18.862917
2003-08-29,18.917320
2003-09-02,19.202921
2003-09-03,19.128120
2003-09-04,19.175714
2003-09-05,19.128120
2003-09-08,19.468107
2003-09-09,19.529314
2003-09-10,19.556509
2003-09-11,19.665308
2003-09-12,19.706112
2003-09-15,19.651714
2003-09-16,19.774105
2003-09-17,19.726515
2003-09-18,19.794498
2003-09-19,19.634907
2003-09-22,19.368938
2003-09-23,19.532619
2003-09-24,19.184793
2003-09-25,19.055214
2003-09-26,18.966553
2003-09-29,19.055214
2003-09-30,18.966553
2003-10-01,19.307558
2003-10-02,19.437140
2003-10-03,19.348484
2003-10-06,19.273458
2003-10-07,19.259813
2003-10-08,19.157516
2003-10-09,19.184793
2003-10-10,19.137058
2003-10-13,19.191612
2003-10-14,19.218897
2003-10-15,19.177973
2003-10-16,19.280273
2003-10-17,19.062033
2003-10-20,19.157516
2003-10-21,19.334841
2003-10-22,18.816515
2003-10-23,19.007479
2003-10-24,19.062033
2003-10-27,19.014294
2003-10-28,19.164337
2003-10-29,19.109776
2003-10-30,18.932453
2003-10-31,19.096130
2003-11-03,19.041574
2003-11-04,18.918806
2003-11-05,18.898357
2003-11-06,18.993837
2003-11-07,18.823334
2003-11-10,18.680107
2003-11-11,18.721035
2003-11-12,19.068850
2003-11-13,19.512157
2003-11-14,19.798603
2003-11-17,19.737221
2003-11-18,19.621284
2003-11-19,19.825876
2003-11-20,19.566721
2003-11-21,19.328020
2003-11-24,19.641741
2003-11-25,19.546259
2003-11-26,19.546259
2003-11-28,19.505333
2003-12-01,19.819065
2003-12-02,19.832699
2003-12-03,19.880442
2003-12-04,19.914551
2003-12-05,19.764500
2003-12-08,19.914551
2003-12-09,19.832699
2003-12-10,19.696308
2003-12-11,19.941816
2003-12-12,20.003199
2003-12-15,19.969097
2003-12-16,20.044127
2003-12-17,20.085043
2003-12-18,20.235083
2003-12-19,20.202909
2003-12-22,20.196074
2003-12-23,20.209768
2003-12-24,20.271347
2003-12-26,20.326101
2003-12-29,20.490349
2003-12-30,20.545105
2003-12-31,20.634073
2004-01-02,20.681982
2004-01-05,20.777800
2004-01-06,20.839386
2004-01-07,20.969423
2004-01-08,20.880453
2004-01-09,20.750414
2004-01-12,20.716208
2004-01-13,20.627235
2004-01-14,20.743578
2004-01-15,20.798323
2004-01-16,20.846235
2004-01-20,20.777800
2004-01-21,21.126833
2004-01-22,21.167896
2004-01-23,21.065237
2004-01-26,21.332142
2004-01-27,21.195265
2004-01-28,21.010483
2004-01-29,21.318457
2004-01-30,21.202116
2004-02-02,21.475866
2004-02-03,21.612740
2004-02-04,21.681181
2004-02-05,21.571684
2004-02-06,21.735933
2004-02-09,21.523773
2004-02-10,21.619581
2004-02-11,21.818060
2004-02-12,21.681181
2004-02-13,21.585371
2004-02-17,21.722233
2004-02-18,21.626421
2004-02-19,21.551144
2004-02-20,21.434799
2004-02-23,21.393734
2004-02-24,21.489550
2004-02-25,21.516933
2004-02-26,21.489550
2004-02-27,21.427956
2004-03-01,21.489550
2004-03-02,21.352674
2004-03-03,21.441650
2004-03-04,21.537462
2004-03-05,21.646959
2004-03-08,21.626421
2004-03-09,21.380053
2004-03-10,21.051552
2004-03-11,20.647762
2004-03-12,20.702507
2004-03-15,20.517727
2004-03-16,20.661444
2004-03-17,20.640921
2004-03-18,20.620384
2004-03-19,20.294498
2004-03-22,20.040646
2004-03-23,20.109257
2004-03-24,19.999474
2004-03-25,20.109257
2004-03-26,20.191576
2004-03-29,20.466019
2004-03-30,20.417988
2004-03-31,20.534628
2004-04-01,20.678707
2004-04-02,20.925697
2004-04-05,21.165825
2004-04-06,21.097221
2004-04-07,21.001171
2004-04-08,20.857090
2004-04-12,21.028618
2004-04-13,20.843359
2004-04-14,21.056047
2004-04-15,21.440262
2004-04-16,21.598064
2004-04-19,21.508875
2004-04-20,21.152103
2004-04-21,21.399097
2004-04-22,21.570620
2004-04-23,21.508875
2004-04-26,21.392239
2004-04-27,21.474566
2004-04-28,21.282461
2004-04-29,21.152103
2004-04-30,21.172688
2004-05-03,21.447123
2004-05-04,21.412823
2004-05-05,21.536304
2004-05-06,21.453993
2004-05-07,21.309919
2004-05-10,21.035471
2004-05-11,21.056047
2004-05-12,21.131525
2004-05-13,21.104074
2004-05-14,21.062916
2004-05-17,21.001171
2004-05-18,20.994299
2004-05-19,20.788483
2004-05-20,20.651260
2004-05-21,20.692425
2004-05-24,20.589516
2004-05-25,20.788483
2004-05-26,20.898258
2004-05-27,21.110945
2004-05-28,21.104074
2004-06-01,21.213854
2004-06-02,21.344219
2004-06-03,21.289326
2004-06-04,21.330498
2004-06-07,21.543175
2004-06-08,21.570620
2004-06-09,21.316759
2004-06-10,21.323631
2004-06-14,21.172688
2004-06-15,21.200136
2004-06-16,21.206997
2004-06-17,21.241293
2004-06-18,21.231665
2004-06-21,21.087187
2004-06-22,20.997746
2004-06-23,21.121586
2004-06-24,21.128462
2004-06-25,20.942699
2004-06-28,20.839504
2004-06-29,20.949587
2004-06-30,21.025259
2004-07-01,20.729422
2004-07-02,20.715664
2004-07-06,20.564301
2004-07-07,20.516150
2004-07-08,20.467991
2004-07-09,20.419830
2004-07-12,20.330381
2004-07-13,20.495516
2004-07-14,20.571186
2004-07-15,20.344141
2004-07-16,20.165264
2004-07-19,20.068951
2004-07-20,20.151506
2004-07-21,19.924471
2004-07-22,20.020786
2004-07-23,19.896936
2004-07-26,19.697422
2004-07-27,19.779980
2004-07-28,19.731829
2004-07-29,19.821270
2004-07-30,19.896936
2004-08-02,19.876297
2004-08-03,19.855667
2004-08-04,19.814384
2004-08-05,19.449745
2004-08-06,19.181429
2004-08-09,19.091982
2004-08-10,19.374069
2004-08-11,19.697422
2004-08-12,19.587345
2004-08-13,19.435986
2004-08-16,19.697422
2004-08-17,19.724945
2004-08-18,19.986382
2004-08-19,19.917595
2004-08-20,20.082708
2004-08-23,20.041418
2004-08-24,20.055182
2004-08-25,20.247824
2004-08-26,20.220308
2004-08-27,20.364790
2004-08-30,20.110231
2004-08-31,20.220308
2004-09-01,20.302866
2004-09-02,20.509266
2004-09-03,20.467991
2004-09-07,20.605595
2004-09-08,20.557419
2004-09-09,20.474867
2004-09-10,20.447334
2004-09-13,20.467991
2004-09-14,20.626230
2004-09-15,20.543667
2004-09-16,20.536789
2004-09-17,20.598202
2004-09-20,20.370485
2004-09-21,20.473988
2004-09-22,20.218668
2004-09-23,20.073753
2004-09-24,20.128967
2004-09-27,20.011646
2004-09-28,20.163469
2004-09-29,20.253170
2004-09-30,19.866737
2004-10-01,20.053051
2004-10-04,20.142767
2004-10-05,20.080656
2004-10-06,20.059952
2004-10-07,19.604515
2004-10-08,19.335396
2004-10-11,19.466515
2004-10-12,19.432003
2004-10-13,19.224985
2004-10-14,19.093878
2004-10-15,19.121479
2004-10-18,19.300888
2004-10-19,18.983467
2004-10-20,18.976566
2004-10-21,18.797159
2004-10-22,18.659147
2004-10-25,18.555630
2004-10-26,18.907545
2004-10-27,19.404402
2004-10-28,19.369900
2004-10-29,19.425106
2004-11-01,19.245682
2004-11-02,19.100775
2004-11-03,19.666620
2004-11-04,19.708023
2004-11-05,19.825340
2004-11-08,19.818434
2004-11-09,19.825340
2004-11-10,19.770132
2004-11-11,19.873642
2004-11-12,19.901247
2004-11-15,20.004753
2004-11-16,19.908146
2004-11-17,19.901247
2004-11-18,19.846039
2004-11-19,19.604515
2004-11-22,19.639019
2004-11-23,19.576910
2004-11-24,19.625223
2004-11-26,19.742535
2004-11-29,19.735624
2004-11-30,19.804632
2004-12-01,20.135864
2004-12-02,20.329086
2004-12-03,20.191063
2004-12-06,20.149670
2004-12-07,19.942657
2004-12-08,20.232471
2004-12-09,20.363577
2004-12-10,20.349773
2004-12-13,20.446394
2004-12-14,20.625797
2004-12-15,20.687908
2004-12-16,20.977730
2004-12-17,20.557579
2004-12-20,20.308401
2004-12-21,20.502214
2004-12-22,20.654482
2004-12-23,20.737545
2004-12-27,20.709852
2004-12-28,20.924437
2004-12-29,20.965963
2004-12-30,20.979813
2004-12-31,20.896753
2005-01-03,20.654482
2005-01-04,20.488365
2005-01-05,20.453758
2005-01-06,20.606033
2005-01-07,20.592192
2005-01-10,20.772160
2005-01-11,20.626804
2005-01-12,20.765244
2005-01-13,20.453758
2005-01-14,20.536818
2005-01-18,20.702940
2005-01-19,20.571413
2005-01-20,20.467606
2005-01-21,20.329165
2005-01-24,20.156118
2005-01-25,20.294561
2005-01-26,20.419146
2005-01-27,20.377623
2005-01-28,20.211506
2005-01-31,20.246109
2005-02-01,20.439913
2005-02-02,20.522980
2005-02-03,20.460678
2005-02-04,20.647562
2005-02-07,20.661413
2005-02-08,20.709852
2005-02-09,20.488365
2005-02-10,20.522980
2005-02-11,20.730621
2005-02-14,20.744469
2005-02-15,20.737545
2005-02-16,20.709852
2005-02-17,20.682177
2005-02-18,20.993660
2005-02-22,20.744469
2005-02-23,20.841381
2005-02-24,21.000578
2005-02-25,21.173618
2005-02-28,20.855215
2005-03-01,21.021336
2005-03-02,21.042103
2005-03-03,21.021336
2005-03-04,21.215151
2005-03-07,21.263605
2005-03-08,21.125168
2005-03-09,20.993660
2005-03-10,21.069788
2005-03-11,20.903675
2005-03-14,20.938284
2005-03-15,20.696018
2005-03-16,20.495285
2005-03-17,20.564497
2005-03-18,20.544371
2005-03-21,20.461018
2005-03-22,20.467962
2005-03-23,20.690218
2005-03-24,20.697165
2005-03-28,20.683277
2005-03-29,20.613821
2005-03-30,20.940247
2005-03-31,20.738834
2005-04-01,20.558256
2005-04-04,20.662436
2005-04-05,21.079153
2005-04-06,21.093040
2005-04-07,21.308359
2005-04-08,21.155560
2005-04-11,21.134724
2005-04-12,21.273626
2005-04-13,21.370859
2005-04-14,21.287519
2005-04-15,21.391701
2005-04-18,21.245842
2005-04-19,21.231953
2005-04-20,20.968035
2005-04-21,21.252779
2005-04-22,21.176392
2005-04-25,21.225010
2005-04-26,21.093040
2005-04-27,21.252779
2005-04-28,21.148615
2005-04-29,21.461153
2005-05-02,21.551439
2005-05-03,21.537548
2005-05-04,21.752851
2005-05-05,21.745911
2005-05-06,21.648680
2005-05-09,21.808418
2005-05-10,21.669506
2005-05-11,21.759800
2005-05-12,21.732023
2005-05-13,21.586163
2005-05-16,21.843143
2005-05-17,21.829248
2005-05-18,21.877871
2005-05-19,21.870928
2005-05-20,21.857038
2005-05-23,21.898706
2005-05-24,21.926487
2005-05-25,21.787588
2005-05-26,21.870928
2005-05-27,21.801470
2005-05-31,21.732023
2005-06-01,21.787588
2005-06-02,21.787588
2005-06-03,21.711184
2005-06-06,21.718134
2005-06-07,21.725071
2005-06-08,21.572283
2005-06-09,21.662560
2005-06-10,21.613949
2005-06-13,21.704241
2005-06-14,21.891771
2005-06-15,21.808418
2005-06-16,21.947330
2005-06-17,22.056005
2005-06-20,22.028137
2005-06-21,21.993303
2005-06-22,21.916672
2005-06-23,21.770376
2005-06-24,21.665880
2005-06-27,21.575317
2005-06-28,21.791281
2005-06-29,21.763399
2005-06-30,21.617107
2005-07-01,21.589239
2005-07-05,21.665880
2005-07-06,21.526552
2005-07-07,21.519587
2005-07-08,21.777344
2005-07-11,21.847012
2005-07-12,21.833078
2005-07-13,21.714638
2005-07-14,21.847012
2005-07-15,21.951509
2005-07-18,21.819141
2005-07-19,21.826113
2005-07-20,22.139603
2005-07-21,21.902744
2005-07-22,21.874876
2005-07-25,21.742512
2005-07-26,21.847012
2005-07-27,22.049032
2005-07-28,22.258039
2005-07-29,22.104769
2005-08-01,22.216238
2005-08-02,22.299835
2005-08-03,22.355560
2005-08-04,22.132626
2005-08-05,21.979385
2005-08-08,21.895777
2005-08-09,22.146572
2005-08-10,22.111736
2005-08-11,22.244097
2005-08-12,22.118700
2005-08-15,22.132626
2005-08-16,21.979385
2005-08-17,22.021173
2005-08-18,22.028137
2005-08-19,21.874876
2005-08-22,21.874876
2005-08-23,21.735544
2005-08-24,21.665880
2005-08-25,21.693745
2005-08-26,21.617107
2005-08-29,21.833078
2005-08-30,21.805210
2005-08-31,22.028137
2005-09-01,22.035101
2005-09-02,22.021173
2005-09-06,22.369497
2005-09-07,22.515789
2005-09-08,22.501854
2005-09-09,22.578497
2005-09-12,22.501854
2005-09-13,22.264999
2005-09-14,22.202299
2005-09-15,22.188370
2005-09-16,22.360262
2005-09-19,22.199547
2005-09-20,22.031845
2005-09-21,21.927040
2005-09-22,21.975945
2005-09-23,21.989916
2005-09-26,21.954977
2005-09-27,21.829199
2005-09-28,21.843182
2005-09-29,21.892103
2005-09-30,21.906065
2005-10-03,21.927040
2005-10-04,22.017872
2005-10-05,21.654518
2005-10-06,21.507780
2005-10-07,21.486822
2005-10-10,21.458860
2005-10-11,21.277191
2005-10-12,21.326101
2005-10-13,21.430912
2005-10-14,21.528736
2005-10-17,21.521751
2005-10-18,21.493807
2005-10-19,21.703428
2005-10-20,21.256224
2005-10-21,21.123466
2005-10-24,21.298143
2005-10-25,21.165396
2005-10-26,20.899858
2005-10-27,20.822994
2005-10-28,21.137436
2005-10-31,21.235254
2005-11-01,21.172373
2005-11-02,21.172373
2005-11-03,21.305134
2005-11-04,21.416941
2005-11-07,21.458860
2005-11-08,21.409946
2005-11-09,21.430912
2005-11-10,21.710413
2005-11-11,21.717403
2005-11-14,21.570663
2005-11-15,21.682467
2005-11-16,21.640539
2005-11-17,21.752340
2005-11-18,21.843182
2005-11-21,21.885109
2005-11-22,21.759329
2005-11-23,21.815235
2005-11-25,21.843182
2005-11-28,21.612591
2005-11-29,21.633554
2005-11-30,21.493807
2005-12-01,21.710413
2005-12-02,21.787289
2005-12-05,21.829199
2005-12-06,21.787289
2005-12-07,21.696445
2005-12-08,21.773308
2005-12-09,21.801254
2005-12-12,21.808250
2005-12-13,22.045824
2005-12-14,22.108704
2005-12-15,22.171598
2005-12-16,22.223471
2005-12-19,22.419775
2005-12-20,22.391731
2005-12-21,22.461828
2005-12-22,22.609056
2005-12-23,22.637100
2005-12-27,22.454828
2005-12-28,22.454828
2005-12-29,22.377710
2005-12-30,22.237501
2006-01-03,22.510908
2006-01-04,22.735245
2006-01-05,22.679161
2006-01-06,22.826385
2006-01-09,22.931536
2006-01-10,22.847414
2006-01-11,22.791332
2006-01-12,22.770296
2006-01-13,22.756285
2006-01-17,22.693190
2006-01-18,22.728231
2006-01-19,22.847414
2006-01-20,22.412762
2006-01-23,22.398737
2006-01-24,22.293583
2006-01-25,22.265539
2006-01-26,22.377710
2006-01-27,22.637100
2006-01-30,22.531948
2006-01-31,22.524931
2006-02-01,22.665140
2006-02-02,22.482874
2006-02-03,22.440798
2006-02-06,22.237501
2006-02-07,22.202442
2006-02-08,22.489883
2006-02-09,22.510908
2006-02-10,22.461828
2006-02-13,22.433792
2006-02-14,22.651121
2006-02-15,22.784315
2006-02-16,22.931536
2006-02-17,22.917513
2006-02-21,22.798342
2006-02-22,22.994637
2006-02-23,22.910503
2006-02-24,22.910503
2006-02-27,23.085775
2006-02-28,22.784315
2006-03-01,22.805349
2006-03-02,22.763288
2006-03-03,22.686172
2006-03-06,22.566992
2006-03-07,22.574005
2006-03-08,22.728231
2006-03-09,22.651121
2006-03-10,22.735245
2006-03-13,22.721226
2006-03-14,22.882473
2006-03-15,22.959583
2006-03-16,22.959583
2006-03-17,23.013739
2006-03-20,23.055941
2006-03-21,22.915274
2006-03-22,23.147383
2006-03-23,23.020777
2006-03-24,22.985605
2006-03-27,22.809771
2006-03-28,22.598766
2006-03-29,22.662062
2006-03-30,22.619867
2006-03-31,22.493259
2006-04-03,22.479193
2006-04-04,22.507326
2006-04-05,22.436989
2006-04-06,22.268190
2006-04-07,22.000916
2006-04-10,21.958714
2006-04-11,21.719566
2006-04-12,21.867279
2006-04-13,21.818047
2006-04-17,21.691437
2006-04-18,21.895407
2006-04-19,21.768808
2006-04-20,21.965740
2006-04-21,21.916508
2006-04-24,21.832111
2006-04-25,21.698467
2006-04-26,21.698467
2006-04-27,21.578907
2006-04-28,21.796938
2006-05-01,21.607037
2006-05-02,21.607037
2006-05-03,21.367895
2006-05-04,21.438232
2006-05-05,21.649240
2006-05-08,21.642206
2006-05-09,21.487457
2006-05-10,21.466366
2006-05-11,21.424156
2006-05-12,21.374928
2006-05-15,21.677366
2006-05-16,21.733643
2006-05-17,21.508570
2006-05-18,21.417135
2006-05-19,21.297556
2006-05-22,21.206114
2006-05-23,21.107653
2006-05-24,21.170952
2006-05-25,21.367895
2006-05-26,21.487457
2006-05-30,21.206114
2006-05-31,21.339766
2006-06-01,21.642206
2006-06-02,21.726610
2006-06-05,21.388998
2006-06-06,21.424156
2006-06-07,21.522635
2006-06-08,21.557804
2006-06-09,21.403065
2006-06-12,21.185022
2006-06-13,21.128761
2006-06-14,21.163923
2006-06-15,21.424156
2006-06-16,21.396631
2006-06-19,21.234268
2006-06-20,21.156612
2006-06-21,21.262503
2006-06-22,21.142508
2006-06-23,21.163673
2006-06-26,21.086021
2006-06-27,20.867189
2006-06-28,20.867189
2006-06-29,21.227213
2006-06-30,21.347218
2006-07-03,21.389568
2006-07-05,21.368399
2006-07-06,21.446043
2006-07-07,21.467222
2006-07-10,21.544876
2006-07-11,21.594286
2006-07-12,21.516642
2006-07-13,21.290747
2006-07-14,21.156612
2006-07-17,21.241331
2006-07-18,21.241331
2006-07-19,21.742533
2006-07-20,21.763714
2006-07-21,21.862537
2006-07-24,22.286097
2006-07-25,22.476700
2006-07-26,22.582588
2006-07-27,22.469643
2006-07-28,22.589645
2006-07-31,22.511990
2006-08-01,22.511990
2006-08-02,22.653183
2006-08-03,22.455517
2006-08-04,22.462572
2006-08-07,22.391991
2006-08-08,22.384930
2006-08-09,22.406105
2006-08-10,22.384930
2006-08-11,22.279047
2006-08-14,22.328459
2006-08-15,22.519049
2006-08-16,22.716709
2006-08-17,22.773190
2006-08-18,22.808489
2006-08-21,22.730829
2006-08-22,22.801437
2006-08-23,22.787308
2006-08-24,22.942612
2006-08-25,22.956728
2006-08-28,23.104969
2006-08-29,23.210865
2006-08-30,23.224981
2006-08-31,23.154387
2006-09-01,23.274395
2006-09-05,23.168509
2006-09-06,23.083797
2006-09-07,22.914368
2006-09-08,23.097912
2006-09-11,23.246161
2006-09-12,23.514410
2006-09-13,23.464993
2006-09-14,23.436756
2006-09-15,23.474304
2006-09-18,23.467216
2006-09-19,23.502634
2006-09-20,23.594717
2006-09-21,23.445972
2006-09-22,23.297222
2006-09-25,23.389299
2006-09-26,23.410547
2006-09-27,23.474304
2006-09-28,23.431799
2006-09-29,23.509716
2006-10-02,23.375128
2006-10-03,23.445972
2006-10-04,23.651384
2006-10-05,23.651384
2006-10-06,23.559290
2006-10-09,23.509716
2006-10-10,23.410547
2006-10-11,23.403465
2006-10-12,23.545132
2006-10-13,23.467216
2006-10-16,23.502634
2006-10-17,23.566385
2006-10-18,23.821390
2006-10-19,23.800131
2006-10-20,23.984301
2006-10-23,24.048056
2006-10-24,23.970144
2006-10-25,23.828466
2006-10-26,23.920563
2006-10-27,23.821390
2006-10-30,23.686792
2006-10-31,23.587631
2006-11-01,23.417643
2006-11-02,23.545132
2006-11-03,23.424711
2006-11-06,23.708050
2006-11-07,23.892221
2006-11-08,23.530966
2006-11-09,22.978466
2006-11-10,23.013876
2006-11-13,23.056379
2006-11-14,23.247637
2006-11-15,23.360970
2006-11-16,23.460125
2006-11-17,23.530966
2006-11-20,23.474304
2006-11-21,23.438887
2006-11-22,23.488466
2006-11-24,23.389299
2006-11-27,23.233463
2006-11-28,23.283052
2006-11-29,23.445972
2006-11-30,23.559290
2006-12-01,23.538057
2006-12-04,23.424711
2006-12-05,23.516794
2006-12-06,23.552217
2006-12-07,23.502634
2006-12-08,23.545132
2006-12-11,23.594717
2006-12-12,23.601791
2006-12-13,23.552217
2006-12-14,23.672640
2006-12-15,23.748688
2006-12-18,23.798460
2006-12-19,23.919291
2006-12-20,23.933512
2006-12-21,23.869528
2006-12-22,23.770010
2006-12-26,23.784231
2006-12-27,23.897974
2006-12-28,23.869528
2006-12-29,23.805550
2007-01-03,23.812670
2007-01-04,24.082779
2007-01-05,23.947725
2007-01-08,23.976156
2007-01-09,23.947725
2007-01-10,23.990376
2007-01-11,24.253387
2007-01-12,24.367107
2007-01-16,24.423981
2007-01-17,24.566137
2007-01-18,24.637222
2007-01-19,24.644339
2007-01-22,24.495052
2007-01-23,24.367107
2007-01-24,24.551928
2007-01-25,24.466629
2007-01-26,24.331573
2007-01-29,24.296032
2007-01-30,24.416870
2007-01-31,24.530605
2007-02-01,24.736731
2007-02-02,24.686983
2007-02-05,24.679873
2007-02-06,24.608793
2007-02-07,24.644339
2007-02-08,24.623011
2007-02-09,24.551928
2007-02-12,24.445299
2007-02-13,24.544821
2007-02-14,24.672764
2007-02-15,24.786495
2007-02-16,24.686983
2007-02-20,24.701204
2007-02-21,24.587471
2007-02-22,24.551928
2007-02-23,24.445299
2007-02-26,24.544821
2007-02-27,23.798460
2007-02-28,23.961941
2007-03-01,23.855318
2007-03-02,23.642057
2007-03-05,23.521229
2007-03-06,23.770010
2007-03-07,23.777119
2007-03-08,23.855318
2007-03-09,23.905079
2007-03-12,23.905079
2007-03-13,23.514116
2007-03-14,23.606531
2007-03-15,23.663393
2007-03-16,23.687653
2007-03-19,23.873152
2007-03-20,23.994450
2007-03-21,24.237030
2007-03-22,24.322651
2007-03-23,24.201359
2007-03-26,24.237030
2007-03-27,24.065802
2007-03-28,23.901697
2007-03-29,24.015854
2007-03-30,24.008717
2007-04-02,24.137161
2007-04-03,24.386868
2007-04-04,24.529558
2007-04-05,24.700794
2007-04-09,24.707932
2007-04-10,24.743605
2007-04-11,24.636576
2007-04-12,24.914841
2007-04-13,25.278713
2007-04-16,25.521313
2007-04-17,25.599785
2007-04-18,25.592653
2007-04-19,25.699663
2007-04-20,25.799568
2007-04-23,25.828094
2007-04-24,25.828094
2007-04-25,25.906584
2007-04-26,25.935120
2007-04-27,25.849503
2007-04-30,25.763895
2007-05-01,25.820957
2007-05-02,25.985075
2007-05-03,26.042139
2007-05-04,26.184841
2007-05-07,26.241928
2007-05-08,26.142038
2007-05-09,26.227655
2007-05-10,25.763895
2007-05-11,25.863783
2007-05-14,25.835230
2007-05-15,25.806700
2007-05-16,26.099232
2007-05-17,25.999334
2007-05-18,26.106365
2007-05-21,26.163443
2007-05-22,26.149168
2007-05-23,26.241928
2007-05-24,26.142038
2007-05-25,26.127760
2007-05-29,26.142038
2007-05-30,26.149168
2007-05-31,26.206245
2007-06-01,26.234779
2007-06-04,26.184841
2007-06-05,26.120630
2007-06-06,25.878042
2007-06-07,25.492758
2007-06-08,25.578386
2007-06-11,25.585526
2007-06-12,25.400002
2007-06-13,25.606926
2007-06-14,25.678284
2007-06-15,25.874107
2007-06-18,25.723473
2007-06-19,25.723473
2007-06-20,25.400671
2007-06-21,25.472395
2007-06-22,25.085041
2007-06-25,25.042009
2007-06-26,25.171116
2007-06-27,25.379156
2007-06-28,25.400671
2007-06-29,25.328920
2007-07-02,25.472395
2007-07-03,25.515434
2007-07-05,25.508266
2007-07-06,25.565655
2007-07-09,25.486740
2007-07-10,25.271542
2007-07-11,25.357628
2007-07-12,25.831053
2007-07-13,25.766506
2007-07-16,25.795185
2007-07-17,25.716295
2007-07-18,25.644560
2007-07-19,25.508266
2007-07-20,25.271542
2007-07-23,25.465216
2007-07-24,25.206984
2007-07-25,25.192642
2007-07-26,24.676161
2007-07-27,24.087954
2007-07-30,24.389231
2007-07-31,24.123814
2007-08-01,24.288803
2007-08-02,24.496828
2007-08-03,24.159683
2007-08-06,24.633118
2007-08-07,24.747892
2007-08-08,25.034834
2007-08-09,24.446623
2007-08-10,24.317503
2007-08-13,24.389231
2007-08-14,24.188381
2007-08-15,24.130983
2007-08-16,24.138161
2007-08-17,24.195557
2007-08-20,24.310329
2007-08-21,24.374886
2007-08-22,24.496828
2007-08-23,24.654650
2007-08-24,24.805286
2007-08-27,24.633118
2007-08-28,24.382050
2007-08-29,24.561392
2007-08-30,24.561392
2007-08-31,24.676161
2007-09-04,24.891348
2007-09-05,24.841146
2007-09-06,24.920061
2007-09-07,24.654650
2007-09-10,24.676161
2007-09-11,24.862659
2007-09-12,24.970274
2007-09-13,25.027655
2007-09-14,24.955915
2007-09-17,24.877012
2007-09-18,25.321760
2007-09-19,25.422176
2007-09-20,25.393490
2007-09-21,25.518015
2007-09-24,25.467630
2007-09-25,25.381258
2007-09-26,25.525223
2007-09-27,25.625990
2007-09-28,25.446041
2007-10-01,25.834743
2007-10-02,25.690786
2007-10-03,25.791563
2007-10-04,25.762762
2007-10-05,26.093885
2007-10-08,25.913927
2007-10-09,26.129868
2007-10-10,26.173073
2007-10-11,25.949930
2007-10-12,26.093885
2007-10-15,25.813154
2007-10-16,25.618795
2007-10-17,25.640388
2007-10-18,25.647596
2007-10-19,25.338058
2007-10-22,25.338058
2007-10-23,25.633190
2007-10-24,25.446041
2007-10-25,25.597202
2007-10-26,25.683590
2007-10-29,25.791563
2007-10-30,25.762762
2007-10-31,25.921131
2007-11-01,25.561209
2007-11-02,25.489229
2007-11-05,25.474834
2007-11-06,25.611599
2007-11-07,25.028534
2007-11-08,25.194099
2007-11-09,25.129313
2007-11-12,25.194099
2007-11-13,25.525223
2007-11-14,25.625990
2007-11-15,25.467630
2007-11-16,25.582813
2007-11-19,25.438835
2007-11-20,25.489229
2007-11-21,24.920559
2007-11-23,25.323673
2007-11-26,25.129313
2007-11-27,25.453238
2007-11-28,26.057894
2007-11-29,26.216265
2007-11-30,26.252251
2007-12-03,26.086685
2007-12-04,26.079496
2007-12-05,26.288242
2007-12-06,26.468189
2007-12-07,26.453804
2007-12-10,26.504192
2007-12-11,26.093885
2007-12-12,26.108282
2007-12-13,26.093885
2007-12-14,25.697975
2007-12-17,25.424448
2007-12-18,25.618795
2007-12-19,25.604399
2007-12-20,25.755569
2007-12-21,25.914509
2007-12-24,26.001213
2007-12-26,25.972303
2007-12-27,25.704996
2007-12-28,25.603848
2007-12-31,25.509922
2008-01-02,25.242615
2008-01-03,25.394342
2008-01-04,25.134253
2008-01-07,25.632740
2008-01-08,25.842264
2008-01-09,26.304640
2008-01-10,26.268517
2008-01-11,26.347973
2008-01-14,26.145699
2008-01-15,25.849493
2008-01-16,25.914509
2008-01-17,25.416006
2008-01-18,25.047564
2008-01-22,24.137266
2008-01-23,24.310654
2008-01-24,24.216740
2008-01-25,23.833836
2008-01-28,24.137266
2008-01-29,24.202288
2008-01-30,23.920536
2008-01-31,24.346785
2008-02-01,24.462376
2008-02-04,24.549067
2008-02-05,24.101131
2008-02-06,24.166174
2008-02-07,24.072245
2008-02-08,23.920536
2008-02-11,23.848286
2008-02-12,24.195061
2008-02-13,24.158937
2008-02-14,24.057787
2008-02-15,24.079468
2008-02-19,24.382895
2008-02-20,24.310654
2008-02-21,24.057787
2008-02-22,24.108370
2008-02-25,24.419022
2008-02-26,24.202288
2008-02-27,24.310654
2008-02-28,24.028887
2008-02-29,23.696564
2008-03-03,23.689348
2008-03-04,23.718243
2008-03-05,23.674887
2008-03-06,23.198076
2008-03-07,22.930763
2008-03-10,22.396143
2008-03-11,22.612888
2008-03-12,22.612888
2008-03-13,22.583984
2008-03-14,22.164959
2008-03-17,22.136059
2008-03-18,22.829622
2008-03-19,22.533415
2008-03-20,22.561722
2008-03-24,22.859247
2008-03-25,22.902790
2008-03-26,22.677820
2008-03-27,22.793932
2008-03-28,22.735878
2008-03-31,22.619772
2008-04-01,22.982609
2008-04-02,22.822966
2008-04-03,22.750391
2008-04-04,22.931818
2008-04-07,23.193069
2008-04-08,23.113235
2008-04-09,23.004385
2008-04-10,23.185808
2008-04-11,22.881023
2008-04-14,22.779425
2008-04-15,22.757645
2008-04-16,22.881023
2008-04-17,22.735878
2008-04-18,22.953587
2008-04-21,22.881023
2008-04-22,22.641542
2008-04-23,22.714109
2008-04-24,22.786674
2008-04-25,23.084221
2008-04-28,23.222094
2008-04-29,22.968098
2008-04-30,22.844727
2008-05-01,23.251123
2008-05-02,23.258381
2008-05-05,23.193069
2008-05-06,23.149521
2008-05-07,22.946333
2008-05-08,22.859247
2008-05-09,22.837477
2008-05-12,23.011639
2008-05-13,22.793932
2008-05-14,22.982609
2008-05-15,22.917305
2008-05-16,23.004385
2008-05-19,23.149521
2008-05-20,23.084221
2008-05-21,22.881023
2008-05-22,23.127756
2008-05-23,22.750391
2008-05-27,22.844727
2008-05-28,22.822966
2008-05-29,23.316442
2008-05-30,23.280155
2008-06-02,23.004385
2008-06-03,23.156775
2008-06-04,23.164038
2008-06-05,23.367233
2008-06-06,22.801191
2008-06-09,22.677820
2008-06-10,22.460117
2008-06-11,22.235151
2008-06-12,22.046474
2008-06-13,22.394806
2008-06-16,22.467369
2008-06-17,22.409315
2008-06-18,22.155331
2008-06-19,22.184361
2008-06-20,21.872303
2008-06-23,22.032711
2008-06-24,22.112907
2008-06-25,22.360786
2008-06-26,21.908770
2008-06-27,22.054573
2008-06-30,22.295181
2008-07-01,22.295181
2008-07-02,22.142063
2008-07-03,22.236855
2008-07-07,22.091036
2008-07-08,22.674292
2008-07-09,22.783653
2008-07-10,22.907604
2008-07-11,22.470146
2008-07-14,22.623257
2008-07-15,22.732618
2008-07-16,22.893011
2008-07-17,23.119022
2008-07-18,23.111738
2008-07-21,22.703459
2008-07-22,23.016962
2008-07-23,23.119022
2008-07-24,23.097155
2008-07-25,23.235693
2008-07-28,23.046125
2008-07-29,23.279423
2008-07-30,23.272141
2008-07-31,23.294012
2008-08-01,23.119022
2008-08-04,23.315886
2008-08-05,24.074118
2008-08-06,24.168903
2008-08-07,23.877270
2008-08-08,24.292839
2008-08-11,24.314722
2008-08-12,24.263683
2008-08-13,24.278259
2008-08-14,24.263683
2008-08-15,24.504280
2008-08-18,24.300137
2008-08-19,24.190777
2008-08-20,24.037672
2008-08-21,23.884563
2008-08-22,24.285557
2008-08-25,23.891846
2008-08-26,23.862690
2008-08-27,23.899139
2008-08-28,24.037672
2008-08-29,23.775198
2008-09-02,23.731455
2008-09-03,23.869978
2008-09-04,23.345057
2008-09-05,23.221104
2008-09-08,23.607513
2008-09-09,23.403366
2008-09-10,23.308582
2008-09-11,23.403366
2008-09-12,23.622089
2008-09-15,22.965923
2008-09-16,22.929472
2008-09-17,22.564932
2008-09-18,22.856560
2008-09-19,23.107037
2008-09-22,22.557745
2008-09-23,22.023100
2008-09-24,22.228168
2008-09-25,22.630987
2008-09-26,22.587038
2008-09-29,22.081692
2008-09-30,22.008450
2008-10-01,22.154930
2008-10-02,22.191545
2008-10-03,21.715492
2008-10-06,20.902540
2008-10-07,20.397181
2008-10-08,20.030983
2008-10-09,18.492964
2008-10-10,17.679998
2008-10-13,19.811268
2008-10-14,20.214079
2008-10-15,18.236616
2008-10-16,19.188738
2008-10-17,19.115484
2008-10-20,19.884506
2008-10-21,19.825918
2008-10-22,19.335207
2008-10-23,18.888445
2008-10-24,18.822531
2008-10-27,18.016905
2008-10-28,19.152117
2008-10-29,19.020285
2008-10-30,19.467043
2008-10-31,19.481695
2008-11-03,19.628174
2008-11-04,19.884506
2008-11-05,19.591547
2008-11-06,19.115484
2008-11-07,19.357180
2008-11-10,19.218029
2008-11-11,18.873810
2008-11-12,18.456335
2008-11-13,19.445063
2008-11-14,18.705355
2008-11-17,18.383097
2008-11-18,18.507607
2008-11-19,17.760563
2008-11-20,17.255213
2008-11-21,17.277187
2008-11-24,17.621412
2008-11-25,17.738596
2008-11-26,18.016905
2008-11-28,18.251266
2008-12-01,17.313799
2008-12-02,17.760563
2008-12-03,18.185352
2008-12-04,17.841124
2008-12-05,18.449017
2008-12-08,18.595488
2008-12-09,18.302534
2008-12-10,18.251266
2008-12-11,18.361130
2008-12-12,18.397743
2008-12-15,18.361130
2008-12-16,19.086193
2008-12-17,18.969021
2008-12-18,19.108166
2008-12-19,19.224590
2008-12-22,19.091953
2008-12-23,19.099327
2008-12-24,19.033009
2008-12-26,19.047747
2008-12-29,19.018274
2008-12-30,19.386705
2008-12-31,19.563547
2009-01-02,19.961449
2009-01-05,19.865656
2009-01-06,19.541441
2009-01-07,19.364592
2009-01-08,19.475119
2009-01-09,19.268801
2009-01-12,19.018274
2009-01-13,19.180384
2009-01-14,18.907742
2009-01-15,19.040380
2009-01-16,19.202490
2009-01-20,18.738268
2009-01-21,19.136169
2009-01-22,19.217218
2009-01-23,19.217218
2009-01-26,19.114056
2009-01-27,19.511967
2009-01-28,19.814079
2009-01-29,19.534073
2009-01-30,19.327745
2009-02-02,19.453018
2009-02-03,19.954081
2009-02-04,19.865656
2009-02-05,20.035135
2009-02-06,20.197245
2009-02-09,20.138300
2009-02-10,19.467756
2009-02-11,19.710920
2009-02-12,19.939331
2009-02-13,19.637226
2009-02-17,19.298281
2009-02-18,19.290909
2009-02-19,19.254065
2009-02-20,19.055115
2009-02-23,18.679321
2009-02-24,18.951956
2009-02-25,18.568789
2009-02-26,17.640352
2009-02-27,16.932966
2009-03-02,16.203482
2009-03-03,16.166630
2009-03-04,16.630856
2009-03-05,16.188736
2009-03-06,16.424540
2009-03-09,16.122423
2009-03-10,16.704542
2009-03-11,16.402431
2009-03-12,17.205608
2009-03-13,17.780350
2009-03-16,17.588779
2009-03-17,17.861404
2009-03-18,17.890884
2009-03-19,17.456137
2009-03-20,17.460585
2009-03-23,18.098206
2009-03-24,17.860950
2009-03-25,17.979588
2009-03-26,18.179766
2009-03-27,17.987001
2009-03-30,17.883192
2009-03-31,17.949923
2009-04-01,17.942511
2009-04-02,18.016649
2009-04-03,17.720081
2009-04-06,17.890612
2009-04-07,17.690426
2009-04-08,17.809055
2009-04-09,17.890612
2009-04-13,18.031479
2009-04-14,17.949923
2009-04-15,18.053728
2009-04-16,18.135283
2009-04-17,18.342888
2009-04-20,17.987001
2009-04-21,17.816467
2009-04-22,17.623703
2009-04-23,17.638529
2009-04-24,17.616280
2009-04-27,17.809055
2009-04-28,17.875774
2009-04-29,17.942511
2009-04-30,17.927685
2009-05-01,17.898024
2009-05-04,18.194601
2009-05-05,18.402197
2009-05-06,18.290981
2009-05-07,18.661692
2009-05-08,18.973087
2009-05-11,18.646866
2009-05-12,18.950844
2009-05-13,18.906368
2009-05-14,18.928617
2009-05-15,18.780319
2009-05-18,18.965681
2009-05-19,18.824808
2009-05-20,18.898949
2009-05-21,18.728428
2009-05-22,18.750664
2009-05-26,18.921198
2009-05-27,18.728428
2009-05-28,18.824808
2009-05-29,19.151031
2009-06-01,19.277086
2009-06-02,19.395704
2009-06-03,19.351229
2009-06-04,19.084311
2009-06-05,19.121382
2009-06-08,18.913780
2009-06-09,18.817392
2009-06-10,18.735836
2009-06-11,18.936026
2009-06-12,19.002748
2009-06-15,18.417023
2009-06-16,18.491173
2009-06-17,18.913780
2009-06-18,19.277086
2009-06-19,19.433565
2009-06-22,19.083334
2009-06-23,19.023733
2009-06-24,19.120600
2009-06-25,19.649656
2009-06-26,19.649656
2009-06-29,19.768877
2009-06-30,19.604948
2009-07-01,19.657110
2009-07-02,19.187662
2009-07-06,19.336695
2009-07-07,19.262177
2009-07-08,19.441011
2009-07-09,19.195114
2009-07-10,19.105692
2009-07-13,19.441011
2009-07-14,19.530424
2009-07-15,19.701818
2009-07-16,19.828487
2009-07-17,19.768877
2009-07-20,19.813591
2009-07-21,20.104197
2009-07-22,20.029678
2009-07-23,20.432064
2009-07-24,20.789732
2009-07-27,20.774834
2009-07-28,20.916407
2009-07-29,20.901505
2009-07-30,20.931311
2009-07-31,20.767385
2009-08-03,20.894066
2009-08-04,20.946224
2009-08-05,20.648155
2009-08-06,20.499125
2009-08-07,20.588545
2009-08-10,20.752474
2009-08-11,20.722673
2009-08-12,20.834438
2009-08-13,20.812096
2009-08-14,20.812096
2009-08-17,20.730127
2009-08-18,20.715221
2009-08-19,21.005829
2009-08-20,21.154856
2009-08-21,21.370956
2009-08-24,21.519985
2009-08-25,21.519985
2009-08-26,21.527437
2009-08-27,21.519985
2009-08-28,21.363510
2009-08-31,21.326244
2009-09-01,20.983475
2009-09-02,21.028179
2009-09-03,20.931311
2009-09-04,21.229380
2009-09-08,21.132500
2009-09-09,21.378412
2009-09-10,21.542339
2009-09-11,21.549788
2009-09-14,21.631758
2009-09-15,21.438021
2009-09-16,21.631758
2009-09-17,21.616852
2009-09-18,21.524801
2009-09-21,21.734352
2009-09-22,21.666998
2009-09-23,21.360144
2009-09-24,21.337690
2009-09-25,21.352652
2009-09-28,21.584673
2009-09-29,21.614605
2009-09-30,21.457445
2009-10-01,21.150581
2009-10-02,21.068258
2009-10-05,21.202972
2009-10-06,21.375120
2009-10-07,21.390078
2009-10-08,21.412533
2009-10-09,21.614605
2009-10-12,21.719383
2009-10-13,21.509834
2009-10-14,21.839140
2009-10-15,21.899019
2009-10-16,21.884037
2009-10-19,22.071154
2009-10-20,21.861588
2009-10-21,21.577185
2009-10-22,21.711908
2009-10-23,21.487375
2009-10-26,21.255362
2009-10-27,21.345179
2009-10-28,21.128138
2009-10-29,21.315247
2009-10-30,21.008383
2009-11-02,21.098206
2009-11-03,21.105677
2009-11-04,21.375120
2009-11-05,21.726873
2009-11-06,21.824171
2009-11-09,22.190901
2009-11-10,22.340582
2009-11-11,22.370523
2009-11-12,22.243286
2009-11-13,22.288204
2009-11-16,22.512726
2009-11-17,22.572605
2009-11-18,22.699829
2009-11-19,22.587570
2009-11-20,22.744740
2009-11-23,22.954294
2009-11-24,23.133919
2009-11-25,23.276125
2009-11-27,23.044106
2009-11-30,22.961781
2009-12-01,23.365927
2009-12-02,23.313545
2009-12-03,23.201275
2009-12-04,23.186306
2009-12-07,23.156374
2009-12-08,22.976753
2009-12-09,23.171339
2009-12-10,23.410843
2009-12-11,23.410843
2009-12-14,23.627882
2009-12-15,23.635370
2009-12-16,23.515617
2009-12-17,23.298576
2009-12-18,23.427269
2009-12-21,23.645504
2009-12-22,23.750868
2009-12-23,23.675604
2009-12-24,23.675604
2009-12-28,23.796022
2009-12-29,23.765917
2009-12-30,23.698177
2009-12-31,23.382107
2010-01-04,23.788490
2010-01-05,23.555206
2010-01-06,23.796022
2010-01-07,23.878799
2010-01-08,23.916416
2010-01-11,24.051882
2010-01-12,23.878799
2010-01-13,24.194881
2010-01-14,24.413116
2010-01-15,24.247557
2010-01-19,24.834545
2010-01-20,24.623840
2010-01-21,24.089521
2010-01-22,23.826115
2010-01-25,23.826115
2010-01-26,23.690659
2010-01-27,23.856224
2010-01-28,23.705709
2010-01-29,23.540152
2010-02-01,23.675604
2010-02-02,24.164776
2010-02-03,23.841169
2010-02-04,23.239119
2010-02-05,23.201494
2010-02-08,23.088608
2010-02-09,23.269220
2010-02-10,23.126232
2010-02-11,23.284269
2010-02-12,23.231590
2010-02-16,23.434788
2010-02-17,23.615402
2010-02-18,23.728289
2010-02-19,23.728289
2010-02-22,23.660551
2010-02-23,23.434788
2010-02-24,23.607878
2010-02-25,23.622925
2010-02-26,23.630455
2010-03-01,23.856224
2010-03-02,23.939003
2010-03-03,23.841169
2010-03-04,23.765917
2010-03-05,24.097040
2010-03-08,23.954054
2010-03-09,23.939003
2010-03-10,23.954054
2010-03-11,24.142199
2010-03-12,23.961578
2010-03-15,24.119612
2010-03-16,24.187344
2010-03-17,24.194881
2010-03-18,24.360443
2010-03-19,24.351379
2010-03-22,24.509935
2010-03-23,24.630762
2010-03-24,24.366480
2010-03-25,24.268312
2010-03-26,24.087105
2010-03-29,24.343822
2010-03-30,24.343822
2010-03-31,24.260763
2010-04-01,24.396687
2010-04-05,24.328732
2010-04-06,24.313625
2010-04-07,24.207912
2010-04-08,24.117296
2010-04-09,24.223021
2010-04-12,24.155056
2010-04-13,24.177708
2010-04-14,24.094654
2010-04-15,24.026686
2010-04-16,23.883223
2010-04-19,24.079546
2010-04-20,24.132397
2010-04-21,23.709557
2010-04-22,23.437725
2010-04-23,23.671803
2010-04-26,23.422628
2010-04-27,23.150799
2010-04-28,23.301815
2010-04-29,23.618954
2010-04-30,23.316914
2010-05-03,23.430178
2010-05-04,23.294260
2010-05-05,23.369774
2010-05-06,22.743055
2010-05-07,22.441021
2010-05-10,23.045084
2010-05-11,22.999783
2010-05-12,23.188555
2010-05-13,22.939377
2010-05-14,22.629791
2010-05-17,22.629791
2010-05-18,22.448568
2010-05-19,22.395714
2010-05-20,21.693487
2010-05-21,21.746346
2010-05-24,21.693487
2010-05-25,21.602879
2010-05-26,21.466972
2010-05-27,21.904917
2010-05-28,21.799210
2010-06-01,21.557571
2010-06-02,22.025730
2010-06-03,22.154089
2010-06-04,21.504726
2010-06-07,21.474522
2010-06-08,21.527372
2010-06-09,21.429211
2010-06-10,21.836946
2010-06-11,22.018179
2010-06-14,22.055927
2010-06-15,22.433472
2010-06-16,22.516527
2010-06-17,22.546738
2010-06-18,22.426073
2010-06-21,22.388117
2010-06-22,22.168028
2010-06-23,22.076965
2010-06-24,21.917587
2010-06-25,22.016253
2010-06-28,21.978298
2010-06-29,21.576078
2010-06-30,21.401522
2010-07-01,21.219376
2010-07-02,21.272509
2010-07-06,21.378756
2010-07-07,21.796164
2010-07-08,21.978298
2010-07-09,22.031429
2010-07-12,21.993483
2010-07-13,22.160444
2010-07-14,22.160444
2010-07-15,22.228746
2010-07-16,21.765810
2010-07-19,21.864458
2010-07-20,21.803747
2010-07-21,21.447050
2010-07-22,21.583668
2010-07-23,21.576078
2010-07-26,21.887232
2010-07-27,21.909996
2010-07-28,21.614025
2010-07-29,21.598837
2010-07-30,21.682318
2010-08-02,22.092136
2010-08-03,22.274282
2010-08-04,22.494364
2010-08-05,22.501959
2010-08-06,22.547495
2010-08-09,22.608202
2010-08-10,22.661333
2010-08-11,22.076965
2010-08-12,22.168028
2010-08-13,22.084553
2010-08-16,21.970718
2010-08-17,22.274282
2010-08-18,22.243929
2010-08-19,21.834105
2010-08-20,21.758213
2010-08-23,21.856873
2010-08-24,21.386345
2010-08-25,21.598837
2010-08-26,21.462236
2010-08-27,21.682318
2010-08-30,21.409113
2010-08-31,21.325630
2010-09-01,21.818933
2010-09-02,21.932758
2010-09-03,22.137674
2010-09-07,22.008657
2010-09-08,22.130089
2010-09-09,22.365343
2010-09-10,22.593027
2010-09-13,22.646154
2010-09-14,22.722038
2010-09-15,22.934538
2010-09-16,22.843468
2010-09-17,22.838888
2010-09-20,23.144020
2010-09-21,23.159273
2010-09-22,23.197418
2010-09-23,23.075369
2010-09-24,23.388121
2010-09-27,23.212675
2010-09-28,23.403379
2010-09-29,23.319473
2010-09-30,23.258446
2010-10-01,23.258446
2010-10-04,23.029594
2010-10-05,23.456783
2010-10-06,23.365236
2010-10-07,23.411011
2010-10-08,23.472034
2010-10-11,23.487289
2010-10-12,23.540689
2010-10-13,23.708517
2010-10-14,23.662743
2010-10-15,23.761909
2010-10-18,23.983122
2010-10-19,23.533064
2010-10-20,23.754286
2010-10-21,23.815304
2010-10-22,23.822935
2010-10-25,23.952612
2010-10-26,23.883965
2010-10-27,23.739019
2010-10-28,23.876339
2010-10-29,23.777161
2010-11-01,23.777161
2010-11-02,24.006010
2010-11-03,24.021265
2010-11-04,24.135696
2010-11-05,23.990757
2010-11-08,23.929724
2010-11-09,23.830576
2010-11-10,23.822935
2010-11-11,23.891582
2010-11-12,23.594086
2010-11-15,23.601717
2010-11-16,23.258446
2010-11-17,23.296589
2010-11-18,23.624599
2010-11-19,23.647484
2010-11-22,23.655113
2010-11-23,23.311840
2010-11-24,23.533064
2010-11-26,23.327101
2010-11-29,23.304214
2010-11-30,23.090620
2010-12-01,23.533064
2010-12-02,23.716145
2010-12-03,23.716145
2010-12-06,23.563572
2010-12-07,23.578835
2010-12-08,23.601717
2010-12-09,23.639858
2010-12-10,23.868704
2010-12-13,23.906839
2010-12-14,24.150948
2010-12-15,24.074663
2010-12-16,24.242483
2010-12-17,24.283888
2010-12-20,24.276220
2010-12-21,24.214880
2010-12-22,24.283888
2010-12-23,24.268557
2010-12-27,24.222553
2010-12-28,24.237885
2010-12-29,24.245564
2010-12-30,24.161207
2010-12-31,24.153545
2011-01-03,24.375908
2011-01-04,24.452585
2011-01-05,24.506258
2011-01-06,24.605934
2011-01-07,24.590601
2011-01-10,24.521597
2011-01-11,24.644272
2011-01-12,24.774632
2011-01-13,24.644272
2011-01-14,24.674950
2011-01-18,24.766962
2011-01-19,24.598269
2011-01-20,24.659615
2011-01-21,24.682619
2011-01-24,24.651943
2011-01-25,24.651943
2011-01-26,24.621264
2011-01-27,24.682619
2011-01-28,24.237885
2011-01-31,24.291561
2011-02-01,24.728626
2011-02-02,24.644272
2011-02-03,24.674950
2011-02-04,24.789972
2011-02-07,24.751623
2011-02-08,24.820635
2011-02-09,24.766962
2011-02-10,24.774632
2011-02-11,24.828304
2011-02-14,24.912647
2011-02-15,24.858976
2011-02-16,24.989323
2011-02-17,25.096678
2011-02-18,25.158018
2011-02-22,24.774632
2011-02-23,24.536926
2011-02-24,24.621264
2011-02-25,24.774632
2011-02-28,25.050663
2011-03-01,24.851305
2011-03-02,24.927979
2011-03-03,25.441727
2011-03-04,25.403379
2011-03-07,25.211689
2011-03-08,25.349712
2011-03-09,25.388056
2011-03-10,24.989323
2011-03-11,25.073669
2011-03-14,24.950989
2011-03-15,24.659615
2011-03-16,24.230219
2011-03-17,24.513927
2011-03-18,24.625612
2011-03-21,24.833590
2011-03-22,24.818188
2011-03-23,24.802786
2011-03-24,25.095480
2011-03-25,25.164799
2011-03-28,25.157106
2011-03-29,25.303448
2011-03-30,25.488316
2011-03-31,25.503723
2011-04-01,25.634666
2011-04-04,25.788723
2011-04-05,25.673187
2011-04-06,25.727100
2011-04-07,25.680882
2011-04-08,25.665482
2011-04-11,25.811831
2011-04-12,25.781023
2011-04-13,25.757917
2011-04-14,25.896557
2011-04-15,26.127636
2011-04-18,25.834946
2011-04-19,26.050623
2011-04-20,26.304817
2011-04-21,26.381836
2011-04-25,26.412649
2011-04-26,26.720749
2011-04-27,27.021158
2011-04-28,27.159807
2011-04-29,27.144400
2011-05-02,27.421709
2011-05-03,27.352377
2011-05-04,27.329268
2011-05-05,27.152109
2011-05-06,27.344673
2011-05-09,27.498732
2011-05-10,27.668201
2011-05-11,27.621975
2011-05-12,27.876162
2011-05-13,27.791443
2011-05-16,27.837652
2011-05-17,27.837652
2011-05-18,28.053335
2011-05-19,27.991699
2011-05-20,27.760628
2011-05-23,27.475613
2011-05-24,27.398596
2011-05-25,27.437111
2011-05-26,27.475613
2011-05-27,27.491022
2011-05-31,27.814541
2011-06-01,27.429405
2011-06-02,27.367779
2011-06-03,27.105898
2011-06-06,26.944128
2011-06-07,26.998051
2011-06-08,27.028866
2011-06-09,27.313866
2011-06-10,26.813190
2011-06-13,26.944128
2011-06-14,27.175217
2011-06-15,26.805492
2011-06-16,26.851713
2011-06-17,26.913628
2011-06-20,27.184546
2011-06-21,27.354830
2011-06-22,27.192289
2011-06-23,27.161320
2011-06-24,26.843964
2011-06-27,26.983295
2011-06-28,27.362568
2011-06-29,27.416752
2011-06-30,27.501892
2011-07-01,27.834740
2011-07-05,27.757334
2011-07-06,27.834740
2011-07-07,27.819254
2011-07-08,27.695425
2011-07-11,27.316133
2011-07-12,27.316133
2011-07-13,27.424505
2011-07-14,27.378052
2011-07-15,27.238733
2011-07-18,27.037472
2011-07-19,27.277428
2011-07-20,27.184546
2011-07-21,27.594803
2011-07-22,27.548353
2011-07-25,27.261950
2011-07-26,27.045212
2011-07-27,26.573051
2011-07-28,26.549824
2011-07-29,26.410501
2011-08-01,25.961552
2011-08-02,25.404228
2011-08-03,25.450682
2011-08-04,24.436676
2011-08-05,24.622446
2011-08-08,23.360752
2011-08-09,24.212206
2011-08-10,23.190460
2011-08-11,24.250902
2011-08-12,24.490854
2011-08-15,24.901098
2011-08-16,24.877884
2011-08-17,24.901098
2011-08-18,24.080616
2011-08-19,24.018684
2011-08-22,24.003202
2011-08-23,24.784998
2011-08-24,25.071396
2011-08-25,24.645670
2011-08-26,24.955288
2011-08-29,25.590004
2011-08-30,25.675152
2011-08-31,25.853182
2011-09-01,25.682896
2011-09-02,25.117836
2011-09-06,25.179756
2011-09-07,25.783520
2011-09-08,25.504860
2011-09-09,24.746290
2011-09-12,24.831438
2011-09-13,25.086876
2011-09-14,25.326832
2011-09-15,25.559040
2011-09-16,25.696789
2011-09-19,25.455542
2011-09-20,25.689005
2011-09-21,24.996387
2011-09-22,24.490551
2011-09-23,24.498333
2011-09-26,24.903004
2011-09-27,25.284327
2011-09-28,24.848532
2011-09-29,25.011950
2011-09-30,24.692884
2011-10-03,23.906881
2011-10-04,24.163692
2011-10-05,24.552805
2011-10-06,24.848532
2011-10-07,24.825182
2011-10-10,25.393276
2011-10-11,25.354370
2011-10-12,25.369930
2011-10-13,25.346582
2011-10-14,25.587837
2011-10-17,25.144257
2011-10-18,25.331022
2011-10-19,25.284327
2011-10-20,25.260986
2011-10-21,25.766825
2011-10-24,26.155937
2011-10-25,25.626749
2011-10-26,25.969170
2011-10-27,26.599516
2011-10-28,26.622866
2011-10-31,26.117033
2011-11-01,25.618967
2011-11-02,25.790176
2011-11-03,26.070332
2011-11-04,25.829082
2011-11-07,26.132589
2011-11-08,26.451653
2011-11-09,25.689005
2011-11-10,26.054771
2011-11-11,26.513916
2011-11-14,26.334930
2011-11-15,26.397184
2011-11-16,25.891342
2011-11-17,25.618967
2011-11-18,25.564489
2011-11-21,25.074219
2011-11-22,25.136475
2011-11-23,24.770712
2011-11-25,24.677320
2011-11-28,25.338808
2011-11-29,25.447756
2011-11-30,26.366056
2011-12-01,26.404963
2011-12-02,26.078119
2011-12-05,26.124800
2011-12-06,26.233753
2011-12-07,26.428316
2011-12-08,25.938040
2011-12-09,26.319368
2011-12-12,26.008070
2011-12-13,25.961378
2011-12-14,25.945814
2011-12-15,26.233753
2011-12-16,26.146103
2011-12-19,26.146103
2011-12-20,26.693918
2011-12-21,26.866091
2011-12-22,27.061741
2011-12-23,27.233898
2011-12-27,27.296507
2011-12-28,26.999126
2011-12-29,27.194767
2011-12-30,27.147814
2012-01-03,27.499975
2012-01-04,27.366941
2012-01-05,27.445202
2012-01-06,27.492157
2012-01-09,27.539110
2012-01-10,27.742573
2012-01-11,27.766054
2012-01-12,27.852144
2012-01-13,27.726929
2012-01-17,27.899099
2012-01-18,28.055597
2012-01-19,28.055597
2012-01-20,28.055597
2012-01-23,27.930395
2012-01-24,27.938229
2012-01-25,28.141693
2012-01-26,28.016476
2012-01-27,28.032146
2012-01-30,27.993011
2012-01-31,28.016476
2012-02-01,28.290388
2012-02-02,28.180834
2012-02-03,28.345173
2012-02-06,28.188650
2012-02-07,28.290388
2012-02-08,28.290388
2012-02-09,28.141693
2012-02-10,28.024311
2012-02-13,28.235609
2012-02-14,28.352989
2012-02-15,28.298208
2012-02-16,28.454731
2012-02-17,28.360830
2012-02-21,28.157356
2012-02-22,28.157356
2012-02-23,28.180834
2012-02-24,28.321693
2012-02-27,28.376471
2012-02-28,28.486040
2012-02-29,28.313875
2012-03-01,28.462553
2012-03-02,28.415604
2012-03-05,28.352989
2012-03-06,27.985180
2012-03-07,28.110394
2012-03-08,28.423431
2012-03-09,28.540806
2012-03-12,28.540806
2012-03-13,28.947756
2012-03-14,28.939939
2012-03-15,28.986897
2012-03-16,28.983742
2012-03-19,28.975870
2012-03-20,28.826426
2012-03-21,28.810703
2012-03-22,28.716311
2012-03-23,28.802843
2012-03-26,29.306219
2012-03-27,29.361277
2012-03-28,29.298351
2012-03-29,29.361277
2012-03-30,29.581516
2012-04-02,29.683756
2012-04-03,29.668020
2012-04-04,29.510723
2012-04-05,29.502855
2012-04-09,29.133190
2012-04-10,28.802843
2012-04-11,28.905083
2012-04-12,29.062384
2012-04-13,28.771381
2012-04-16,28.779242
2012-04-17,29.203974
2012-04-18,29.125309
2012-04-19,29.172514
2012-04-20,29.329813
2012-04-23,29.101723
2012-04-24,29.203974
2012-04-25,29.510723
2012-04-26,29.502855
2012-04-27,29.518578
2012-04-30,29.502855
2012-05-01,29.612967
2012-05-02,29.557892
2012-05-03,29.447792
2012-05-04,29.062384
2012-05-07,29.125309
2012-05-08,29.133190
2012-05-09,28.936533
2012-05-10,29.141035
2012-05-11,29.109598
2012-05-14,29.015192
2012-05-15,28.842163
2012-05-16,28.889360
2012-05-17,28.621937
2012-05-18,28.370247
2012-05-21,28.645531
2012-05-22,28.566877
2012-05-23,28.441023
2012-05-24,28.716311
2012-05-25,28.645531
2012-05-29,28.739916
2012-05-30,28.574743
2012-05-31,28.433182
2012-06-01,27.929783
2012-06-04,27.992702
2012-06-05,28.150023
2012-06-06,28.590471
2012-06-07,28.606197
2012-06-08,28.779242
2012-06-11,28.527552
2012-06-12,28.794971
2012-06-13,28.763512
2012-06-14,29.196106
2012-06-15,29.306017
2012-06-18,29.503721
2012-06-19,29.772577
2012-06-20,29.693501
2012-06-21,29.282307
2012-06-22,29.590694
2012-06-25,29.226936
2012-06-26,29.313919
2012-06-27,29.630238
2012-06-28,29.495800
2012-06-29,30.057255
2012-07-02,30.152151
2012-07-03,30.144238
2012-07-05,29.954454
2012-07-06,29.756756
2012-07-09,29.914907
2012-07-10,29.772577
2012-07-11,29.748861
2012-07-12,29.820024
2012-07-13,30.152151
2012-07-16,30.207508
2012-07-17,30.594976
2012-07-18,30.642429
2012-07-19,30.642429
2012-07-20,30.247038
2012-07-23,29.891186
2012-07-24,29.559078
2012-07-25,29.701412
2012-07-26,29.986084
2012-07-27,30.705696
2012-07-30,30.547527
2012-07-31,30.357746
2012-08-01,30.373558
2012-08-02,30.080973
2012-08-03,30.436825
2012-08-06,30.444721
2012-08-07,30.373558
2012-08-08,30.484264
2012-08-09,30.468466
2012-08-10,30.594976
2012-08-13,30.515896
2012-08-14,30.594976
2012-08-15,30.666145
2012-08-16,30.587082
2012-08-17,30.428925
2012-08-20,30.492172
2012-08-21,30.389387
2012-08-22,30.413109
2012-08-23,30.373558
2012-08-24,30.634510
2012-08-27,30.666145
2012-08-28,30.618711
2012-08-29,30.721493
2012-08-30,30.618711
2012-08-31,30.713600
2012-09-04,30.776855
2012-09-05,30.784765
2012-09-06,31.275028
2012-09-07,31.259226
2012-09-10,31.148516
2012-09-11,31.164316
2012-09-12,31.180162
2012-09-13,31.496464
2012-09-14,31.369928
2012-09-17,31.551811
2012-09-18,31.654613
2012-09-19,31.686239
2012-09-20,31.820692
2012-09-21,31.939087
2012-09-24,32.026508
2012-09-25,32.002659
2012-09-26,31.835785
2012-09-27,32.018559
2012-09-28,31.883469
2012-10-01,32.074203
2012-10-02,32.217236
2012-10-03,32.487434
2012-10-04,32.686108
2012-10-05,32.717896
2012-10-08,32.694050
2012-10-09,32.296707
2012-10-10,32.058300
2012-10-11,32.082138
2012-10-12,32.034431
2012-10-15,32.495373
2012-10-16,32.845051
2012-10-17,32.845051
2012-10-18,32.852989
2012-10-19,32.264923
2012-10-22,32.288765
2012-10-23,31.859617
2012-10-24,31.915249
2012-10-25,32.169563
2012-10-26,32.042400
2012-10-31,31.811939
2012-11-01,32.074203
2012-11-02,31.899355
2012-11-05,31.915249
2012-11-06,31.947048
2012-11-07,31.414587
2012-11-08,31.041075
2012-11-09,31.128498
2012-11-12,31.287436
2012-11-13,31.168224
2012-11-14,30.794712
2012-11-15,30.707293
2012-11-16,30.937759
2012-11-19,31.263596
2012-11-20,31.438419
2012-11-21,31.414587
2012-11-23,31.803993
2012-11-26,31.660942
2012-11-27,31.470215
2012-11-28,31.716560
2012-11-29,31.939087
2012-11-30,31.978832
2012-12-03,31.907299
2012-12-04,31.978832
2012-12-05,32.082138
2012-12-06,32.066254
2012-12-07,32.169563
2012-12-10,32.304657
2012-12-11,32.646381
2012-12-12,32.598686
2012-12-13,32.320545
2012-12-14,32.193405
2012-12-17,32.447693
2012-12-18,32.701992
2012-12-19,32.352337
2012-12-20,32.400021
2012-12-21,32.127560
2012-12-24,31.999706
2012-12-26,31.887846
2012-12-27,31.839911
2012-12-28,31.528311
2012-12-31,31.863886
2013-01-02,32.495094
2013-01-03,32.535042
2013-01-04,32.678871
2013-01-07,32.782734
2013-01-08,32.790722
2013-01-09,33.150265
2013-01-10,33.381969
2013-01-11,33.373981
2013-01-14,33.405945
2013-01-15,33.366005
2013-01-16,33.294075
2013-01-17,33.589718
2013-01-18,33.701580
2013-01-22,33.797459
2013-01-23,33.757511
2013-01-24,33.973236
2013-01-25,34.236900
2013-01-28,34.117054
2013-01-29,34.484592
2013-01-30,34.380726
2013-01-31,34.284843
2013-02-01,34.556503
2013-02-04,34.172977
2013-02-05,34.548519
2013-02-06,34.540520
2013-02-07,34.412682
2013-02-08,34.668354
2013-02-11,34.596443
2013-02-12,34.556503
2013-02-13,34.532532
2013-02-14,34.604446
2013-02-15,34.684330
2013-02-19,34.900066
2013-02-20,34.676357
2013-02-21,34.516552
2013-02-22,34.668354
2013-02-25,34.284843
2013-02-26,34.372734
2013-02-27,34.748264
2013-02-28,34.716301
2013-03-01,34.979965
2013-03-04,35.171715
2013-03-05,35.475342
2013-03-06,35.547256
2013-03-07,35.523296
2013-03-08,35.587208
2013-03-11,35.770973
2013-03-12,35.930775
2013-03-13,35.938755
2013-03-14,35.970715
2013-03-15,35.893681
2013-03-18,35.660976
2013-03-19,35.685047
2013-03-20,35.981964
2013-03-21,35.781326
2013-03-22,36.054169
2013-03-25,35.949856
2013-03-26,36.367123
2013-03-27,36.551701
2013-03-28,36.872677
2013-04-01,36.968967
2013-04-02,37.506618
2013-04-03,37.281925
2013-04-04,37.450436
2013-04-05,37.241814
2013-04-08,37.273907
2013-04-09,37.394272
2013-04-10,38.020184
2013-04-11,38.389317
2013-04-12,38.461529
2013-04-15,37.763393
2013-04-16,38.309071
2013-04-17,38.132519
2013-04-18,37.667107
2013-04-19,38.196724
2013-04-22,38.429428
2013-04-23,38.670170
2013-04-24,38.004139
2013-04-25,38.156616
2013-04-26,38.148582
2013-04-29,38.268936
2013-04-30,37.980053
2013-05-01,37.578835
2013-05-02,37.996113
2013-05-03,38.252899
2013-05-06,38.004139
2013-05-07,38.124500
2013-05-08,38.236843
2013-05-09,38.284992
2013-05-10,38.662151
2013-05-13,38.983131
2013-05-14,39.376328
2013-05-15,39.584942
2013-05-16,39.175701
2013-05-17,39.400406
2013-05-20,39.127563
2013-05-21,39.552883
2013-05-22,39.552883
2013-05-23,39.536827
2013-05-24,39.416447
2013-05-28,39.817684
2013-05-29,39.191769
2013-05-30,39.472603
2013-05-31,38.605968
2013-06-03,38.814613
2013-06-04,38.573875
2013-06-05,38.012157
2013-06-06,38.565849
2013-06-07,38.918922
2013-06-10,38.975105
2013-06-11,38.814613
2013-06-12,38.421406
2013-06-13,39.015213
2013-06-14,38.951031
2013-06-17,39.039303
2013-06-18,39.368301
2013-06-19,38.742386
2013-06-20,37.747353
2013-06-21,38.119766
2013-06-24,37.797329
2013-06-25,37.990795
2013-06-26,38.538918
2013-06-27,38.675972
2013-06-28,38.377708
2013-07-01,38.482510
2013-07-02,38.401897
2013-07-03,38.345459
2013-07-05,38.869423
2013-07-08,39.087070
2013-07-09,39.199913
2013-07-10,39.457863
2013-07-11,39.965691
2013-07-12,40.207531
2013-07-15,40.247837
2013-07-16,40.014076
2013-07-17,40.118870
2013-07-18,40.231701
2013-07-19,40.763710
2013-07-22,40.965248
2013-07-23,40.820137
2013-07-24,40.755665
2013-07-25,40.957184
2013-07-26,41.223190
2013-07-29,41.102272
2013-07-30,41.110336
2013-07-31,41.126457
2013-08-01,41.384399
2013-08-02,41.400528
2013-08-05,41.344105
2013-08-06,41.150642
2013-08-07,41.182888
2013-08-08,41.182888
2013-08-09,41.037792
2013-08-12,40.868507
2013-08-13,41.021675
2013-08-14,40.699234
2013-08-15,40.014076
2013-08-16,39.828667
2013-08-19,39.901211
2013-08-20,40.014076
2013-08-21,39.772243
2013-08-22,40.030182
2013-08-23,40.134975
2013-08-26,40.191406
2013-08-27,39.538464
2013-08-28,39.707733
2013-08-29,39.828667
2013-08-30,39.675510
2013-09-03,39.933464
2013-09-04,40.392910
2013-09-05,40.449348
2013-09-06,40.465473
2013-09-09,40.715351
2013-09-10,40.973297
2013-09-11,41.247372
2013-09-12,41.182888
2013-09-13,41.279617
2013-09-16,41.650421
2013-09-17,41.674595
2013-09-18,41.932549
2013-09-19,41.795509
2013-09-20,41.717007
2013-09-23,41.425610
2013-09-24,41.215164
2013-09-25,40.891403
2013-09-26,41.037098
2013-09-27,41.037098
2013-09-30,40.948055
2013-10-01,41.466084
2013-10-02,41.368961
2013-10-03,41.004704
2013-10-04,41.457981
2013-10-07,40.996620
2013-10-08,40.405754
2013-10-09,40.332909
2013-10-10,41.271828
2013-10-11,41.466084
2013-10-14,41.765556
2013-10-15,41.498451
2013-10-16,42.348331
2013-10-17,42.704475
2013-10-18,42.534504
2013-10-21,42.315964
2013-10-22,42.712570
2013-10-23,42.631630
2013-10-24,42.631630
2013-10-25,42.688290
2013-10-28,42.833992
2013-10-29,43.117279
2013-10-30,42.882523
2013-10-31,42.712570
2013-11-01,42.995865
2013-11-04,43.028255
2013-11-05,42.882523
2013-11-06,42.785416
2013-11-07,42.404995
2013-11-08,43.028255
2013-11-11,43.133461
2013-11-12,43.109184
2013-11-13,43.351997
2013-11-14,43.716232
2013-11-15,43.967152
2013-11-18,43.772900
2013-11-19,43.821480
2013-11-20,43.950977
2013-11-21,44.129044
2013-11-22,44.719925
2013-11-25,44.897980
2013-11-26,44.768482
2013-11-27,44.752285
2013-11-29,44.727993
2013-12-02,44.744198
2013-12-03,44.355671
2013-12-04,44.201893
2013-12-05,44.120949
2013-12-06,44.695621
2013-12-09,44.784660
2013-12-10,44.606579
2013-12-11,43.837643
2013-12-12,43.521980
2013-12-13,43.554363
2013-12-16,43.635292
2013-12-17,43.424858
2013-12-18,44.501373
2013-12-19,44.404232
2013-12-20,44.627735
2013-12-23,44.798428
2013-12-24,44.717136
2013-12-26,45.050381
2013-12-27,45.009731
2013-12-30,45.082886
2013-12-31,45.058483
2014-01-02,44.806545
2014-01-03,44.912182
2014-01-06,44.725258
2014-01-07,45.196655
2014-01-08,45.594910
2014-01-09,45.936260
2014-01-10,46.115063
2014-01-13,45.741196
2014-01-14,46.318260
2014-01-15,46.277603
2014-01-16,46.391396
2014-01-17,46.342640
2014-01-21,46.610828
2014-01-22,46.651474
2014-01-23,46.326370
2014-01-24,45.237301
2014-01-27,44.871559
2014-01-28,45.472988
2014-01-29,45.058483
2014-01-30,45.879375
2014-01-31,45.481129
2014-02-03,44.587109
2014-02-04,45.025990
2014-02-05,44.774036
2014-02-06,45.025990
2014-02-07,45.798088
2014-02-10,46.180084
2014-02-11,46.805893
2014-02-12,46.805893
2014-02-13,47.139107
2014-02-14,47.309799
2014-02-18,47.748680
2014-02-19,47.456097
2014-02-20,47.886837
2014-02-21,47.797459
2014-02-24,48.155060
2014-02-25,48.033138
2014-02-26,48.033138
2014-02-27,48.309475
2014-02-28,48.309475
2014-03-03,47.951862
2014-03-04,48.862141
2014-03-05,48.740234
2014-03-06,48.439507
2014-03-07,48.317596
2014-03-10,48.520786
2014-03-11,48.423252
2014-03-12,48.415115
2014-03-13,47.756805
2014-03-14,47.496723
2014-03-17,47.959991
2014-03-18,48.472019
2014-03-19,48.325726
2014-03-20,48.325726
2014-03-21,47.449009
2014-03-24,46.918888
2014-03-25,47.334824
2014-03-26,47.351139
2014-03-27,47.245113
2014-03-28,47.065689
2014-03-31,47.701828
2014-04-01,48.003582
2014-04-02,48.215630
2014-04-03,48.109600
2014-04-04,47.310356
2014-04-07,46.837334
2014-04-08,46.454018
2014-04-09,47.449009
2014-04-10,45.866817
2014-04-11,45.434586
2014-04-14,45.687397
2014-04-15,46.176731
2014-04-16,46.405106
2014-04-17,46.396927
2014-04-21,46.951508
2014-04-22,47.465324
2014-04-23,47.228806
2014-04-24,47.155396
2014-04-25,46.804729
2014-04-28,47.082008
2014-04-29,47.359291
2014-04-30,47.400078
2014-05-01,47.506100
2014-05-02,47.098320
2014-05-05,47.408222
2014-05-06,46.992294
2014-05-07,47.122784
2014-05-08,46.869972
2014-05-09,47.155396
2014-05-12,47.636585
2014-05-13,47.709988
2014-05-14,47.742603
2014-05-15,47.261417
2014-05-16,47.424545
2014-05-19,47.718136
2014-05-20,47.416386
2014-05-21,47.815998
2014-05-22,48.101444
2014-05-23,48.125916
2014-05-27,48.386887
2014-05-28,48.248260
2014-05-29,48.631565
2014-05-30,48.762043
2014-06-02,48.827282
2014-06-03,48.916988
2014-06-04,49.055645
2014-06-05,49.112736
2014-06-06,49.063805
2014-06-09,48.810974
2014-06-10,48.974075
2014-06-11,48.916988
2014-06-12,48.672329
2014-06-13,48.631565
2014-06-16,48.729424
2014-06-17,48.704971
2014-06-18,49.096416
2014-06-19,49.259533
2014-06-20,49.673759
2014-06-23,49.485470
2014-06-24,49.518215
2014-06-25,50.058517
2014-06-26,50.123993
2014-06-27,49.993023
2014-06-30,49.796555
2014-07-01,50.426876
2014-07-02,50.811638
2014-07-03,51.016304
2014-07-07,50.631538
2014-07-08,50.156731
2014-07-09,50.369572
2014-07-10,50.336842
2014-07-11,50.443260
2014-07-14,50.606979
2014-07-15,50.173103
2014-07-16,50.009384
2014-07-17,49.460918
2014-07-18,50.271355
2014-07-21,50.066692
2014-07-22,50.500549
2014-07-23,50.909870
2014-07-24,50.803444
2014-07-25,50.615173
2014-07-28,50.664299
2014-07-29,50.705215
2014-07-30,50.909870
2014-07-31,49.862038
2014-08-01,49.902973
2014-08-04,50.115810
2014-08-05,49.632828
2014-08-06,49.608265
2014-08-07,48.969742
2014-08-08,49.550968
2014-08-11,49.526405
2014-08-12,49.485470
2014-08-13,50.083061
2014-08-14,50.672474
2014-08-15,50.721592
2014-08-18,51.114536
2014-08-19,51.450161
2014-08-20,51.441971
2014-08-21,51.515652
2014-08-22,51.564774
2014-08-25,51.957710
2014-08-26,52.145977
2014-08-27,52.105053
2014-08-28,52.088688
2014-08-29,52.276958
2014-09-02,52.252407
2014-09-03,52.489807
2014-09-04,52.227856
2014-09-05,52.530720
2014-09-08,52.538925
2014-09-09,52.399765
2014-09-10,52.768139
2014-09-11,52.620777
2014-09-12,52.236038
2014-09-15,52.096870
2014-09-16,52.809067
2014-09-17,52.849983
2014-09-18,53.242939
2014-09-19,53.301270
2014-09-22,53.013729
2014-09-23,52.701538
2014-09-24,53.621655
2014-09-25,52.742622
2014-09-26,52.906914
2014-09-29,52.791920
2014-09-30,52.504364
2014-10-01,51.953953
2014-10-02,51.847141
2014-10-03,52.915150
2014-10-06,52.668671
2014-10-07,51.830711
2014-10-08,53.153397
2014-10-09,52.052536
2014-10-10,51.732132
2014-10-13,50.508041
2014-10-14,50.130127
2014-10-15,49.719360
2014-10-16,49.464684
2014-10-17,50.253365
2014-10-20,50.861305
2014-10-21,52.208614
2014-10-22,51.945721
2014-10-23,52.833004
2014-10-24,53.572369
2014-10-27,53.629875
2014-10-28,54.024220
2014-10-29,54.048862
2014-10-30,55.042919
2014-10-31,55.264736
2014-11-03,55.330456
2014-11-04,55.338684
2014-11-05,55.281178
2014-11-06,55.617992
2014-11-07,55.067562
2014-11-10,55.626202
2014-11-11,55.831600
2014-11-12,55.749462
2014-11-13,55.708344
2014-11-14,55.248302
2014-11-17,55.519421
2014-11-18,56.414883
2014-11-19,56.102715
2014-11-20,55.864449
2014-11-21,56.127350
2014-11-24,56.414883
2014-11-25,56.488834
2014-11-26,56.833862
2014-11-28,57.187145
2014-12-01,57.047455
2014-12-02,57.680054
2014-12-03,57.770435
2014-12-04,57.696484
2014-12-05,58.156536
2014-12-08,58.361931
2014-12-09,58.115463
2014-12-10,57.219994
2014-12-11,57.384308
2014-12-12,56.505238
2014-12-15,55.987686
2014-12-16,55.338684
2014-12-17,56.373825
2014-12-18,57.918297
2014-12-19,58.058479
2014-12-22,57.505989
2014-12-23,56.186691
2014-12-24,56.598953
2014-12-26,57.003014
2014-12-29,57.200909
2014-12-30,56.953529
2014-12-31,56.384575
2015-01-02,56.590729
2015-01-05,56.302132
2015-01-06,56.112469
2015-01-07,57.431801
2015-01-08,58.413029
2015-01-09,57.893555
2015-01-12,57.918297
2015-01-13,57.662670
2015-01-14,57.571976
2015-01-15,56.953529
2015-01-16,58.025478
2015-01-20,58.025478
2015-01-21,58.140919
2015-01-22,58.833561
2015-01-23,58.495491
2015-01-26,58.800587
2015-01-27,58.380051
2015-01-28,57.538990
2015-01-29,58.025478
2015-01-30,57.118458
2015-02-02,57.440029
2015-02-03,57.827587
2015-02-04,57.101959
2015-02-05,58.066711
2015-02-06,57.538990
2015-02-09,56.862827
2015-02-10,57.819355
2015-02-11,57.877064
2015-02-12,58.083225
2015-02-13,58.314087
2015-02-17,58.734631
2015-02-18,58.800587
2015-02-19,58.899525
2015-02-20,59.517982
2015-02-23,59.790092
2015-02-24,59.715889
2015-02-25,59.691135
2015-02-26,59.856045
2015-02-27,59.567448
2015-03-02,60.103405
2015-03-03,59.559212
2015-03-04,59.847805
2015-03-05,60.062202
2015-03-06,58.883057
2015-03-09,59.245869
2015-03-10,58.586189
2015-03-11,58.553211
2015-03-12,59.328320
2015-03-13,59.212879
2015-03-16,60.523964
2015-03-17,60.350780
2015-03-18,61.134163
2015-03-19,61.488689
2015-03-20,61.933563
2015-03-23,61.759933
2015-03-24,61.222450
2015-03-25,60.106167
2015-03-26,59.965603
2015-03-27,60.395588
2015-03-30,61.007492
2015-03-31,59.949078
2015-04-01,59.345417
2015-04-02,59.527351
2015-04-06,59.618313
2015-04-07,59.758858
2015-04-08,60.263268
2015-04-09,60.718052
2015-04-10,61.238991
2015-04-13,60.908226
2015-04-14,61.007492
2015-04-15,61.164570
2015-04-16,61.131493
2015-04-17,60.602280
2015-04-20,60.974377
2015-04-21,61.379562
2015-04-22,61.478798
2015-04-23,61.710304
2015-04-24,61.511879
2015-04-27,60.395588
2015-04-28,60.693260
2015-04-29,60.139240
2015-04-30,59.295807
2015-05-01,60.097893
2015-05-04,60.478275
2015-05-05,59.717537
2015-05-06,59.486015
2015-05-07,59.767143
2015-05-08,60.734615
2015-05-11,60.767670
2015-05-12,60.379044
2015-05-13,60.445183
2015-05-14,61.280327
2015-05-15,61.404392
2015-05-18,61.768208
2015-05-19,62.057613
2015-05-20,62.140289
2015-05-21,62.148563
2015-05-22,61.999733
2015-05-26,61.371311
2015-05-27,62.082428
2015-05-28,62.123753
2015-05-29,61.966652
2015-06-01,62.214722
2015-06-02,61.809536
2015-06-03,61.925285
2015-06-04,61.495346
2015-06-05,61.470516
2015-06-08,61.164570
2015-06-09,61.148033
2015-06-10,61.900509
2015-06-11,62.322197
2015-06-12,61.553215
2015-06-15,61.627636
2015-06-16,61.933563
2015-06-17,61.991451
2015-06-18,62.867962
2015-06-19,62.818989
2015-06-22,63.308548
2015-06-23,63.433014
2015-06-24,62.794106
2015-06-25,63.142590
2015-06-26,63.051315
2015-06-29,61.508026
2015-06-30,61.723766
2015-07-01,62.387547
2015-07-02,62.097115
2015-07-06,62.072247
2015-07-07,62.370914
2015-07-08,61.300594
2015-07-09,61.632469
2015-07-10,62.462215
2015-07-13,62.993240
2015-07-14,63.623825
2015-07-15,63.706818
2015-07-16,64.005539
2015-07-17,63.864460
2015-07-20,64.071869
2015-07-21,63.789780
2015-07-22,63.930843
2015-07-23,63.698521
2015-07-24,62.105427
2015-07-27,62.047337
2015-07-28,63.167500
2015-07-29,63.275364
2015-07-30,63.184059
2015-07-31,63.549160
2015-08-03,63.499386
2015-08-04,63.466187
2015-08-05,63.997215
2015-08-06,62.603268
2015-08-07,62.495415
2015-08-10,63.001553
2015-08-11,62.470497
2015-08-12,62.511990
2015-08-13,62.370914
2015-08-14,62.545158
2015-08-17,63.175766
2015-08-18,63.084522
2015-08-19,62.827301
2015-08-20,61.366974
2015-08-21,59.491760
2015-08-24,56.961079
2015-08-25,56.388592
2015-08-26,58.769924
2015-08-27,59.914955
2015-08-28,59.574764
2015-08-31,58.487778
2015-09-01,56.952793
2015-09-02,58.122711
2015-09-03,57.707859
2015-09-04,56.985973
2015-09-08,58.579060
2015-09-09,57.674667
2015-09-10,58.230602
2015-09-11,58.603939
2015-09-14,58.421436
2015-09-15,59.259430
2015-09-16,59.425415
2015-09-17,59.964710
2015-09-18,59.049526
2015-09-21,58.266785
2015-09-22,57.908691
2015-09-23,57.850403
2015-09-24,57.259159
2015-09-25,55.693600
2015-09-28,53.536816
2015-09-29,54.028137
2015-09-30,55.152332
2015-10-01,55.710251
2015-10-02,56.867775
2015-10-05,57.017632
2015-10-06,55.676941
2015-10-07,56.567982
2015-10-08,56.734539
2015-10-09,56.992676
2015-10-12,57.142570
2015-10-13,56.426407
2015-10-14,56.318146
2015-10-15,57.575600
2015-10-16,58.091911
2015-10-19,58.300087
2015-10-20,57.384075
2015-10-21,56.867775
2015-10-22,56.526344
2015-10-23,57.733799
2015-10-26,57.958656
2015-10-27,59.024559
2015-10-28,59.515850
2015-10-29,59.782368
2015-10-30,59.407616
2015-11-02,60.673374
2015-11-03,60.456879
2015-11-04,60.190395
2015-11-05,59.998848
2015-11-06,59.749062
2015-11-09,59.291027
2015-11-10,59.690758
2015-11-11,59.099522
2015-11-12,58.075214
2015-11-13,57.933662
2015-11-16,58.658165
2015-11-17,58.907970
2015-11-18,60.057159
2015-11-19,59.049526
2015-11-20,59.557503
2015-11-23,59.407616
2015-11-24,59.590820
2015-11-25,59.915592
2015-11-27,60.032169
2015-11-30,59.216095
2015-12-01,60.215366
2015-12-02,59.707382
2015-12-03,58.399998
2015-12-04,59.774048
2015-12-07,59.440933
2015-12-08,59.574169
2015-12-09,58.974579
2015-12-10,59.415932
2015-12-11,58.541576
2015-12-14,58.924644
2015-12-15,59.690758
2015-12-16,60.465202
2015-12-17,59.815685
2015-12-18,58.948437
2015-12-21,59.483673
2015-12-22,59.885063
2015-12-23,60.528992
2015-12-24,60.587555
2015-12-28,60.303226
2015-12-29,61.039116
2015-12-30,60.779869
2015-12-31,60.236298
2016-01-04,59.149147
2016-01-05,59.433483
2016-01-06,58.948437
2016-01-07,57.752583
2016-01-08,56.882874
2016-01-11,56.205494
2016-01-12,56.924698
2016-01-13,55.235424
2016-01-14,56.715607
2016-01-15,55.921173
2016-01-19,55.912800
2016-01-20,56.021511
2016-01-21,55.854263
2016-01-22,56.740711
2016-01-25,56.213860
2016-01-26,56.640377
2016-01-27,55.996418
2016-01-28,54.691845
2016-01-29,55.586655
2016-02-01,55.670284
2016-02-02,54.867474
2016-02-03,55.227066
2016-02-04,54.926018
2016-02-05,53.855591
2016-02-08,53.119675
2016-02-09,53.512726
2016-02-10,53.989380
2016-02-11,53.119675
2016-02-12,53.830494
2016-02-16,54.842373
2016-02-17,55.536484
2016-02-18,55.193607
2016-02-19,55.135078
2016-02-22,55.921173
2016-02-23,55.503025
2016-02-24,55.687004
2016-02-25,56.381104
2016-02-26,56.280773
2016-02-29,55.385963
2016-03-01,56.573448
2016-03-02,56.665440
2016-03-03,56.506550
2016-03-04,56.372742
2016-03-07,56.824341
2016-03-08,56.130234
2016-03-09,56.230579
2016-03-10,56.264042
2016-03-11,57.359543
2016-03-14,57.117031
2016-03-15,56.230579
2016-03-16,56.096786
2016-03-17,55.444504
2016-03-18,56.096592
2016-03-21,56.423923
2016-03-22,56.986229
2016-03-23,56.583370
2016-03-24,56.558205
2016-03-28,56.398735
2016-03-29,57.053368
2016-03-30,57.061764
2016-03-31,56.885513
2016-04-01,57.531765
2016-04-04,58.219948
2016-04-05,57.464603
2016-04-06,59.008858
2016-04-07,58.362625
2016-04-08,58.203167
2016-04-11,57.758347
2016-04-12,58.228344
2016-04-13,58.773884
2016-04-14,58.807415
2016-04-15,58.765453
2016-04-18,59.310993
2016-04-19,59.520809
2016-04-20,59.839722
2016-04-21,60.192226
2016-04-22,60.318142
2016-04-25,60.083111
2016-04-26,59.856533
2016-04-27,59.789375
2016-04-28,59.504013
2016-04-29,58.572437
2016-05-02,58.908146
2016-05-03,58.723518
2016-05-04,58.161201
2016-05-05,58.404583
2016-05-06,58.060497
2016-05-09,58.723518
2016-05-10,59.218685
2016-05-11,58.505310
2016-05-12,58.161201
2016-05-13,58.026939
2016-05-16,58.815819
2016-05-17,58.203167
2016-05-18,58.446552
2016-05-19,57.951401
2016-05-20,58.488514
2016-05-23,58.253529
2016-05-24,59.092800
2016-05-25,59.462067
2016-05-26,59.470478
2016-05-27,59.739033
2016-05-31,59.881691
2016-06-01,60.099895
2016-06-02,60.872040
2016-06-03,60.670609
2016-06-06,60.997917
2016-06-07,60.620270
2016-06-08,60.830097
2016-06-09,60.729366
2016-06-10,60.242596
2016-06-13,59.764183
2016-06-14,59.856533
2016-06-15,59.445297
2016-06-16,59.655094
2016-06-17,59.035744
2016-06-20,59.406517
2016-06-21,59.204292
2016-06-22,59.372818
2016-06-23,60.148052
2016-06-24,58.403763
2016-06-27,57.620110
2016-06-28,58.740814
2016-06-29,59.861557
2016-06-30,60.426117
2016-07-01,60.805325
2016-07-05,60.746323
2016-07-06,61.428871
2016-07-07,61.336166
2016-07-08,62.094551
2016-07-11,61.926014
2016-07-12,62.229378
2016-07-13,62.204090
2016-07-14,62.473747
2016-07-15,62.423191
2016-07-18,62.448479
2016-07-19,62.313625
2016-07-20,62.878212
2016-07-21,63.063610
2016-07-22,63.189957
2016-07-25,63.122589
2016-07-26,63.013023
2016-07-27,63.299522
2016-07-28,63.240570
2016-07-29,63.366959
2016-08-01,63.771404
2016-08-02,63.527061
2016-08-03,63.350098
2016-08-04,63.257404
2016-08-05,63.409100
2016-08-08,62.869801
2016-08-09,63.021458
2016-08-10,62.810783
2016-08-11,63.173145
2016-08-12,63.013023
2016-08-15,63.122589
2016-08-16,62.558010
2016-08-17,62.684399
2016-08-18,62.709667
2016-08-19,62.659126
2016-08-22,62.785538
2016-08-23,62.844498
2016-08-24,61.858616
2016-08-25,61.336166
2016-08-26,61.572102
2016-08-29,61.706951
2016-08-30,61.496277
2016-08-31,61.310902
2016-09-01,61.150768
2016-09-02,61.218208
2016-09-06,61.437283
2016-09-07,61.437283
2016-09-08,61.487862
2016-09-09,60.257587
2016-09-12,61.150768
2016-09-13,60.333401
2016-09-14,60.333401
2016-09-15,60.956970
2016-09-16,60.998421
2016-09-19,60.778500
2016-09-20,60.964607
2016-09-21,61.573650
2016-09-22,62.038891
2016-09-23,61.844353
2016-09-26,61.125313
2016-09-27,61.556709
2016-09-28,61.463692
2016-09-29,60.380932
2016-09-30,60.998421
2016-10-03,60.947685
2016-10-04,60.829266
2016-10-05,61.066093
2016-10-06,60.837692
2016-10-07,60.795422
2016-10-10,61.074543
2016-10-11,59.543472
2016-10-12,59.264309
2016-10-13,59.289711
2016-10-14,58.892136
2016-10-17,58.697548
2016-10-18,59.399666
2016-10-19,59.179722
2016-10-20,59.458870
2016-10-21,58.968239
2016-10-24,58.858276
2016-10-25,58.689098
2016-10-26,58.333820
2016-10-27,58.604519
2016-10-28,57.335651
2016-10-31,56.980362
2016-11-01,56.675850
2016-11-02,56.379784
2016-11-03,55.846855
2016-11-04,56.235970
2016-11-07,57.674015
2016-11-08,57.834740
2016-11-09,59.873367
2016-11-10,60.533176
2016-11-11,59.628067
2016-11-14,59.441959
2016-11-15,59.611145
2016-11-16,59.357391
2016-11-17,59.594234
2016-11-18,58.959782
2016-11-21,59.171272
2016-11-22,58.316891
2016-11-23,58.545300
2016-11-25,58.773708
2016-11-28,58.333820
2016-11-29,58.714493
2016-11-30,58.156185
2016-12-01,57.733223
2016-12-02,57.868584
2016-12-05,57.767071
2016-12-06,57.927799
2016-12-07,57.428692
2016-12-08,57.538677
2016-12-09,58.240776
2016-12-12,58.519917
2016-12-13,58.993637
2016-12-14,58.689098
2016-12-15,59.069756
2016-12-16,59.116478
2016-12-19,58.870113
2016-12-20,58.827625
2016-12-21,58.496277
2016-12-22,58.572735
2016-12-23,59.014534
2016-12-27,59.133492
2016-12-28,58.683201
2016-12-29,58.785152
2016-12-30,58.572735
2017-01-03,59.337379
2017-01-04,59.804676
2017-01-05,60.110558
2017-01-06,60.280453
2017-01-09,60.535336
2017-01-10,60.747753
2017-01-11,60.136024
2017-01-12,60.195530
2017-01-13,60.254974
2017-01-17,59.949116
2017-01-18,59.872662
2017-01-19,59.490334
2017-01-20,59.337379
2017-01-23,59.091007
2017-01-24,58.683201
2017-01-25,59.235455
2017-01-26,58.776657
2017-01-27,59.260941
2017-01-30,58.972054
2017-01-31,59.915146
2017-02-01,60.433388
2017-02-02,60.416393
2017-02-03,60.679810
2017-02-06,60.747753
2017-02-07,60.807259
2017-02-08,60.713779
2017-02-09,60.934666
2017-02-10,61.053623
2017-02-13,61.427448
2017-02-14,61.911739
2017-02-15,62.582935
2017-02-16,62.497967
2017-02-17,62.582935
2017-02-21,62.863297
2017-02-22,62.769867
2017-02-23,63.228622
2017-02-24,63.534515
2017-02-27,63.840378
2017-02-28,63.712936
2017-03-01,64.350136
2017-03-02,64.146233
2017-03-03,64.401123
2017-03-06,64.154709
2017-03-07,63.704422
2017-03-08,63.959351
2017-03-09,64.307648
2017-03-10,64.554047
2017-03-13,64.503067
2017-03-14,64.265198
2017-03-15,65.072304
2017-03-16,64.443604
2017-03-17,64.088898
2017-03-20,63.995098
2017-03-21,63.491989
2017-03-22,63.509056
2017-03-23,63.312916
2017-03-24,63.347027
2017-03-27,63.517570
2017-03-28,63.560207
2017-03-29,63.577251
2017-03-30,63.585796
2017-03-31,63.406723
2017-04-03,63.457878
2017-04-04,63.423798
2017-04-05,63.227673
2017-04-06,63.338493
2017-04-07,63.449360
2017-04-10,63.329987
2017-04-11,63.244709
2017-04-12,63.244709
2017-04-13,63.082687
2017-04-17,63.312916
2017-04-18,62.622250
2017-04-19,62.809837
2017-04-20,63.202091
2017-04-21,62.826874
2017-04-24,63.449360
2017-04-25,63.722202
2017-04-26,64.071831
2017-04-27,64.208267
2017-04-28,64.378792
2017-05-01,64.523743
2017-05-02,64.702820
2017-05-03,64.387314
2017-05-04,64.813667
2017-05-05,64.779587
2017-05-08,64.378792
2017-05-09,64.455536
2017-05-10,64.267944
2017-05-11,64.302078
2017-05-12,64.191223
2017-05-15,64.609016
2017-05-16,64.361748
2017-05-17,63.517570
2017-05-18,63.798962
2017-05-19,63.978020
2017-05-22,64.148582
2017-05-23,64.361748
2017-05-24,64.523743
2017-05-25,64.830734
2017-05-26,64.711342
2017-05-30,64.617538
2017-05-31,64.873367
2017-06-01,65.589638
2017-06-02,66.015953
2017-06-05,65.828384
2017-06-06,65.666359
2017-06-07,65.845444
2017-06-08,65.657852
2017-06-09,66.101257
2017-06-12,66.015953
2017-06-13,66.152405
2017-06-14,66.467911
2017-06-15,66.399712
2017-06-16,66.509285
2017-06-19,67.202705
2017-06-20,67.425293
2017-06-21,68.281380
2017-06-22,68.991913
2017-06-23,68.889183
2017-06-26,68.820724
2017-06-27,68.195755
2017-06-28,68.555313
2017-06-29,67.930374
2017-06-30,67.836189
2017-07-03,67.956070
2017-07-05,68.358429
2017-07-06,67.476654
2017-07-07,67.819099
2017-07-10,67.690643
2017-07-11,67.613647
2017-07-12,68.075912
2017-07-13,68.135872
2017-07-14,68.598114
2017-07-17,68.349861
2017-07-18,68.401199
2017-07-19,68.957657
2017-07-20,69.411400
2017-07-21,69.334351
2017-07-24,69.308678
2017-07-25,68.812141
2017-07-26,68.581017
2017-07-27,68.110168
2017-07-28,68.452583
2017-07-31,68.392677
2017-08-01,68.238579
2017-08-02,68.084457
2017-08-03,68.195755
2017-08-04,68.041679
2017-08-07,68.187195
2017-08-08,67.870461
2017-08-09,67.947495
2017-08-10,67.099968
2017-08-11,67.288315
2017-08-14,67.742043
2017-08-15,67.742043
2017-08-16,67.930374
2017-08-17,67.082840
2017-08-18,66.774666
2017-08-21,67.074295
2017-08-22,67.887581
2017-08-23,67.373932
2017-08-24,67.570839
2017-08-25,67.587944
2017-08-28,67.947495
2017-08-29,68.075912
2017-08-30,68.426926
2017-08-31,69.591179
2017-09-01,69.539810
2017-09-05,69.240166
2017-09-06,69.574028
2017-09-07,70.344521
2017-09-08,70.661285
2017-09-11,71.209190
2017-09-12,71.363281
2017-09-13,71.097878
2017-09-14,71.192085
2017-09-15,70.964355
2017-09-18,70.947166
2017-09-19,70.388664
2017-09-20,70.457413
2017-09-21,70.096542
2017-09-22,70.096542
2017-09-25,69.890312
2017-09-26,69.778641
2017-09-27,69.752823
2017-09-28,69.812965
2017-09-29,70.225426
2017-10-02,70.938599
2017-10-03,70.921394
2017-10-04,71.265076
2017-10-05,71.316666
2017-10-06,71.222122
2017-10-09,70.775352
2017-10-10,70.938599
2017-10-11,71.076065
2017-10-12,70.998726
2017-10-13,70.818321
2017-10-16,70.508980
2017-10-17,71.454132
2017-10-18,71.557243
2017-10-19,71.995445
2017-10-20,72.072769
2017-10-23,71.892326
2017-10-24,71.411179
2017-10-25,71.308060
2017-10-26,70.594902
2017-10-27,70.577690
2017-10-30,69.821602
2017-10-31,69.692711
2017-11-01,69.864548
2017-11-02,69.546631
2017-11-03,70.122322
2017-11-06,69.907501
2017-11-07,70.053589
2017-11-08,70.216820
2017-11-09,70.225426
2017-11-10,69.770020
2017-11-13,69.838760
2017-11-14,69.555199
2017-11-15,69.357613
2017-11-16,70.079338
2017-11-17,69.804405
2017-11-20,69.512253
2017-11-21,70.122322
2017-11-22,70.096542
2017-11-24,70.259773
2017-11-27,70.319931
2017-11-28,70.835487
2017-11-29,71.187752
2017-11-30,71.720490
2017-12-01,71.574417
2017-12-04,70.698006
2017-12-05,70.577690
2017-12-06,70.517555
2017-12-07,70.534729
2017-12-08,71.325233
2017-12-11,71.625992
2017-12-12,71.909523
2017-12-13,72.158707
2017-12-14,71.428337
2017-12-15,72.214264
2017-12-18,72.240112
2017-12-19,72.153847
2017-12-20,71.920959
2017-12-21,71.757027
2017-12-22,71.524101
2017-12-26,71.541351
2017-12-27,71.662117
2017-12-28,71.765656
2017-12-29,71.325691
2018-01-02,72.127968
2018-01-03,72.818138
2018-01-04,72.921631
2018-01-05,73.542763
2018-01-08,73.275337
2018-01-09,74.138000
2018-01-10,74.008606
2018-01-11,74.327789
2018-01-12,74.897141
2018-01-16,75.268097
2018-01-17,75.992752
2018-01-18,76.009987
2018-01-19,76.294685
2018-01-22,76.795052
2018-01-23,76.424088
2018-01-24,76.648376
2018-01-25,77.304001
2018-01-26,78.968994
2018-01-29,78.753296
2018-01-30,77.096947
2018-01-31,76.001373
2018-02-01,76.027237
2018-02-02,74.957535
2018-02-05,71.636261
2018-02-06,72.429909
2018-02-07,72.343643
2018-02-08,69.833252
2018-02-09,70.825340
2018-02-12,71.489609
2018-02-13,71.541351
2018-02-14,72.352280
2018-02-15,73.154549
2018-02-16,73.680794
2018-02-20,72.869881
2018-02-21,72.567978
2018-02-22,72.455795
2018-02-23,73.611786
2018-02-26,74.543488
2018-02-27,73.767067
2018-02-28,72.585197
2018-03-01,71.429214
2018-03-02,72.153847
2018-03-05,72.809494
2018-03-06,72.705986
2018-03-07,73.076920
2018-03-08,73.568649
2018-03-09,74.629707
2018-03-12,74.310555
2018-03-13,74.405457
2018-03-14,74.043098
2018-03-15,73.922325
2018-03-16,73.922333
2018-03-19,72.727654
2018-03-20,72.831551
2018-03-21,72.519897
2018-03-22,70.433556
2018-03-23,68.970535
2018-03-26,70.398941
2018-03-27,69.567848
2018-03-28,69.940102
2018-03-29,70.468193
2018-04-02,68.866631
2018-04-03,69.914146
2018-04-04,70.909706
2018-04-05,70.857742
2018-04-06,69.152321
2018-04-09,69.836227
2018-04-10,71.013557
2018-04-11,70.433556
2018-04-12,70.909706
2018-04-13,70.875076
2018-04-16,71.437752
2018-04-17,71.991837
2018-04-18,72.052437
2018-04-19,71.446434
2018-04-20,71.065506
2018-04-23,71.342545
2018-04-24,70.805801
2018-04-25,71.126129
2018-04-26,72.026443
2018-04-27,72.320793
2018-04-30,71.212677
2018-05-01,71.178078
2018-05-02,70.199814
2018-05-03,69.567848
2018-05-04,70.121910
2018-05-07,70.018013
2018-05-08,69.489960
2018-05-09,69.888176
2018-05-10,70.823097
2018-05-11,71.879288
2018-05-14,72.355423
2018-05-15,71.420464
2018-05-16,71.818687
2018-05-17,71.844650
2018-05-18,72.026443
2018-05-21,72.095718
2018-05-22,71.957191
2018-05-23,72.190933
2018-05-24,71.905220
2018-05-25,71.801346
2018-05-29,71.065506
2018-05-30,72.130341
2018-05-31,71.342545
2018-06-01,72.164978
2018-06-04,72.433327
2018-06-05,72.286171
2018-06-06,73.099922
2018-06-07,73.195137
2018-06-08,73.619370
2018-06-11,73.757851
2018-06-12,73.714592
2018-06-13,73.731888
2018-06-14,74.112808
2018-06-15,74.257042
2018-06-18,73.544525
2018-06-19,73.735703
2018-06-20,73.892128
2018-06-21,73.466324
2018-06-22,73.796516
2018-06-25,73.118752
2018-06-26,72.892838
2018-06-27,72.275909
2018-06-28,72.371506
2018-06-29,72.519203
2018-07-02,72.745125
2018-07-03,72.918915
2018-07-05,73.674873
2018-07-06,74.734940
2018-07-09,75.282333
2018-07-10,75.569084
2018-07-11,74.969559
2018-07-12,75.803703
2018-07-13,75.942741
2018-07-16,75.482193
2018-07-17,75.899269
2018-07-18,75.960075
2018-07-19,75.534325
2018-07-20,75.386620
2018-07-23,75.543007
2018-07-24,76.229454
2018-07-25,77.202621
2018-07-26,76.985397
2018-07-27,76.429314
2018-07-30,76.472725
2018-07-31,77.272156
2018-08-01,77.289520
2018-08-02,77.576271
2018-08-03,78.036774
2018-08-06,78.175789
2018-08-07,78.184502
2018-08-08,78.306145
2018-08-09,78.219246
2018-08-10,77.880394
2018-08-13,77.906448
2018-08-14,78.271393
2018-08-15,78.141060
2018-08-16,78.905708
2018-08-17,79.148987
2018-08-20,79.409645
2018-08-21,79.409645
2018-08-22,79.487885
2018-08-23,79.461792
2018-08-24,79.844124
2018-08-27,80.130859
2018-08-28,80.174324
2018-08-29,80.695648
2018-08-30,80.634804
2018-08-31,80.617439
2018-09-04,79.974449
2018-09-05,80.295959
2018-09-06,80.295959
2018-09-07,80.417603
2018-09-10,80.209076
2018-09-11,80.139557
2018-09-12,80.539238
2018-09-13,81.538475
2018-09-14,81.269150
2018-09-17,80.973717
2018-09-18,81.442917
2018-09-19,81.329948
2018-09-20,82.120667
2018-09-21,82.231438
2018-09-24,82.397179
2018-09-25,82.144211
2018-09-26,82.327400
2018-09-27,82.746086
2018-09-28,82.999054
2018-10-01,83.409035
2018-10-02,83.313080
2018-10-03,83.156097
2018-10-04,82.344872
2018-10-05,82.248901
2018-10-08,82.214012
2018-10-09,82.353561
2018-10-10,80.408340
2018-10-11,78.236351
2018-10-12,79.440094
2018-10-15,78.890541
2018-10-16,81.053818
2018-10-17,81.481262
2018-10-18,80.556633
2018-10-19,79.823906
2018-10-22,79.169685
2018-10-23,78.742271
2018-10-24,76.142822
2018-10-25,77.128532
2018-10-26,76.256203
2018-10-29,76.448097
2018-10-30,77.268089
2018-10-31,77.372749
2018-11-01,78.349739
2018-11-02,77.861237
2018-11-05,78.550354
2018-11-06,78.951607
2018-11-07,81.271896
2018-11-08,81.315544
2018-11-09,81.080009
2018-11-12,79.980927
2018-11-13,79.422653
2018-11-14,78.785866
2018-11-15,79.483704
2018-11-16,80.286209
2018-11-19,79.265625
2018-11-20,78.524162
2018-11-21,78.079315
2018-11-23,78.192703
2018-11-26,78.951607
2018-11-27,79.771561
2018-11-28,81.690628
2018-11-29,81.961037
2018-11-30,83.627121
2018-12-03,83.225876
2018-12-04,81.367889
2018-12-06,81.062553
2018-12-07,78.995216
2018-12-10,79.300522
2018-12-11,79.544777
2018-12-12,80.225151
2018-12-13,80.303688
2018-12-14,77.599556
2018-12-17,76.055595
2018-12-18,75.392632
2018-12-19,74.406937
2018-12-20,73.360184
2018-12-21,72.448883
2018-12-24,70.713882
2018-12-26,73.798302
2018-12-27,74.613243
2018-12-28,74.700836
2018-12-31,75.804947
2019-01-02,74.657036
2019-01-03,73.141129
2019-01-04,75.323006
2019-01-07,75.612167
2019-01-08,76.199249
2019-01-09,76.541000
2019-01-10,76.689949
2019-01-11,76.944061
2019-01-14,76.094116
2019-01-15,77.461060
2019-01-16,77.320869
2019-01-17,78.004341
2019-01-18,78.933174
2019-01-22,78.389900
2019-01-23,78.477509
2019-01-24,77.820335
2019-01-25,77.916725
2019-01-28,77.031700
2019-01-29,77.408485
2019-01-30,78.468735
2019-01-31,79.450150
2019-02-01,79.520264
2019-02-04,79.292458
2019-02-05,79.178528
2019-02-06,79.537773
2019-02-07,78.661530
2019-02-08,78.810493
2019-02-11,78.714111
2019-02-12,79.791893
2019-02-13,79.967148
2019-02-14,80.151161
2019-02-15,81.360413
2019-02-19,81.167625
2019-02-20,81.071251
2019-02-21,80.361465
2019-02-22,81.097527
2019-02-25,81.211449
2019-02-26,80.922279
2019-02-27,80.545486
2019-02-28,80.308907
2019-03-01,81.448036
2019-03-04,80.343964
2019-03-05,80.300140
2019-03-06,79.125961
2019-03-07,78.503815
2019-03-08,78.337326
2019-03-11,79.231079
2019-03-12,79.809425
2019-03-13,80.668159
2019-03-14,80.536736
2019-03-15,80.906975
2019-03-18,80.783890
2019-03-19,81.425919
2019-03-20,80.863014
2019-03-21,81.179672
2019-03-22,79.702057
2019-03-25,79.658096
2019-03-26,80.203392
2019-03-27,79.534927
2019-03-28,79.737274
2019-03-29,80.695938
2019-04-01,80.819054
2019-04-02,80.634369
2019-04-03,80.528809
2019-04-04,80.361710
2019-04-05,80.915802
2019-04-08,80.898201
2019-04-09,80.687134
2019-04-10,80.713501
2019-04-11,79.719658
2019-04-12,78.989647
2019-04-15,79.306252
2019-04-16,77.679169
2019-04-17,75.445152
2019-04-18,75.568314
2019-04-22,75.612282
2019-04-23,76.808434
2019-04-24,76.720497
2019-04-25,77.512039
2019-04-26,78.286041
2019-04-29,78.145309
2019-04-30,78.505920
2019-05-01,78.365173
2019-05-02,78.699409
2019-05-03,79.297485
2019-05-06,79.702057
2019-05-07,78.171700
2019-05-08,78.338814
2019-05-09,78.171700
2019-05-10,78.198082
2019-05-13,76.729309
2019-05-14,77.116264
2019-05-15,77.344971
2019-05-16,77.951836
2019-05-17,77.784698
2019-05-20,77.749542
2019-05-21,78.479530
2019-05-22,78.928085
2019-05-23,78.655449
2019-05-24,78.769760
2019-05-28,77.643982
2019-05-29,76.896393
2019-05-30,77.318558
2019-05-31,76.764481
2019-06-03,76.949173
2019-06-04,78.224495
2019-06-05,78.813744
2019-06-06,79.218330
2019-06-07,80.045074
2019-06-10,80.282532
2019-06-11,80.150635
2019-06-12,80.537621
2019-06-13,80.440849
2019-06-14,80.256157
2019-06-17,80.616791
2019-06-18,81.302788
2019-06-19,82.032791
2019-06-20,82.393394
2019-06-21,82.789093
2019-06-24,82.356308
2019-06-25,82.020653
2019-06-26,80.987228
2019-06-27,81.552528
2019-06-28,81.826324
2019-07-01,82.232613
2019-07-02,82.674263
2019-07-03,83.380898
2019-07-05,82.806747
2019-07-08,82.188469
2019-07-09,82.267960
2019-07-10,82.550613
2019-07-11,82.568283
2019-07-12,81.649666
2019-07-15,81.826324
2019-07-16,81.420036
2019-07-17,81.437691
2019-07-18,81.896996
2019-07-19,81.049072
2019-07-22,80.881241
2019-07-23,81.384674
2019-07-24,81.428871
2019-07-25,81.031395
2019-07-26,81.322868
2019-07-29,81.658508
2019-07-30,81.305199
2019-07-31,80.501427
2019-08-01,80.607399
2019-08-02,80.421936
2019-08-05,78.531723
2019-08-06,79.547478
2019-08-07,79.573982
2019-08-08,80.633904
2019-08-09,80.731079
2019-08-12,79.944984
2019-08-13,80.987228
2019-08-14,78.734886
2019-08-15,79.008690
2019-08-16,79.980301
2019-08-19,80.748749
2019-08-20,80.059799
2019-08-21,80.651581
2019-08-22,80.254105
2019-08-23,78.399223
2019-08-26,79.220695
2019-08-27,78.752563
2019-08-28,79.326668
2019-08-29,79.927292
2019-08-30,80.024445
2019-09-03,79.556320
2019-09-04,79.609306
2019-09-05,80.395416
2019-09-06,80.616241
2019-09-09,79.874283
2019-09-10,80.103951
2019-09-11,80.898903
2019-09-12,80.872398
2019-09-13,80.828239
2019-09-16,80.651581
2019-09-17,80.775223
2019-09-18,80.766396
2019-09-19,81.146210
2019-09-20,81.598541
2019-09-23,81.163948
2019-09-24,80.418915
2019-09-25,80.028671
2019-09-26,79.585197
2019-09-27,79.230408
2019-09-30,79.939941
2019-10-01,79.159454
2019-10-02,78.006424
2019-10-03,78.707123
2019-10-04,79.939941
2019-10-07,79.673889
2019-10-08,78.157204
2019-10-09,78.724846
2019-10-10,79.115128
2019-10-11,79.771446
2019-10-14,79.735962
2019-10-15,81.190582
2019-10-16,81.084122
2019-10-17,81.687241
2019-10-18,81.385689
2019-10-21,81.297005
2019-10-22,81.474365
2019-10-23,81.979927
2019-10-24,81.563057
2019-10-25,81.651749
2019-10-28,82.494362
2019-10-29,83.665131
2019-10-30,84.135185
2019-10-31,84.037621
2019-11-01,84.144051
2019-11-04,83.886871
2019-11-05,83.292618
2019-11-06,83.576447
2019-11-07,83.762688
2019-11-08,84.374680
2019-11-11,84.028763
2019-11-12,84.534309
2019-11-13,84.631866
2019-11-14,84.640747
2019-11-15,86.441246
2019-11-18,86.148560
2019-11-19,86.733940
2019-11-20,86.618652
2019-11-21,86.840385
2019-11-22,87.150795
2019-11-25,88.170784
2019-11-26,88.099831
2019-11-27,88.552170
2019-11-29,88.241730
2019-12-02,87.851501
2019-12-03,87.656349
2019-12-04,88.472359
2019-12-05,88.472359
2019-12-06,89.057732
2019-12-09,88.436859
2019-12-10,88.631973
2019-12-11,88.711823
2019-12-12,89.536652
2019-12-13,89.474548
2019-12-16,90.441338
2019-12-17,90.343788
2019-12-18,90.467964
2019-12-19,90.822754
2019-12-20,91.465736
2019-12-23,91.830902
2019-12-24,91.715126
2019-12-26,91.652786
2019-12-27,91.679520
2019-12-30,91.129089
2019-12-31,91.308388
2020-01-02,91.550407
2020-01-03,90.752579
2020-01-06,91.317368
2020-01-07,91.138069
2020-01-08,91.729698
2020-01-09,92.124107
2020-01-10,92.151001
2020-01-13,91.828293
2020-01-14,92.384079
2020-01-15,93.181870
2020-01-16,93.665947
2020-01-17,93.665947
2020-01-21,93.764534
2020-01-22,93.881073
2020-01-23,93.405991
2020-01-24,91.846222
2020-01-27,91.147026
2020-01-28,91.595230
2020-01-29,91.344246
2020-01-30,90.680908
2020-01-31,88.870140
2020-02-03,89.676910
2020-02-04,91.254585
2020-02-05,93.011574
2020-02-06,93.092255
2020-02-07,92.366135
2020-02-10,92.859161
2020-02-11,93.414963
2020-02-12,93.531464
2020-02-13,93.092255
2020-02-14,93.163963
2020-02-18,92.832268
2020-02-19,93.262550
2020-02-20,92.661957
2020-02-21,92.715752
2020-02-24,89.793449
2020-02-25,87.068359
2020-02-26,87.059395
2020-02-27,84.101234
2020-02-28,83.016609
2020-03-02,86.906998
2020-03-03,84.746643
2020-03-04,89.632095
2020-03-05,87.552406
2020-03-06,87.086288
2020-03-09,82.559418
2020-03-10,85.392067
2020-03-11,82.129143
2020-03-12,75.997673
2020-03-13,81.268585
2020-03-16,73.254677
2020-03-17,77.853256
2020-03-18,75.271591
2020-03-19,73.729767
2020-03-20,70.897110
2020-03-23,67.214821
2020-03-24,72.394188
2020-03-25,73.357994
2020-03-26,78.231110
2020-03-27,76.555717
2020-03-30,80.140717
2020-03-31,79.789429
2020-04-01,76.753853
2020-04-02,78.879669
2020-04-03,78.168045
2020-04-06,82.266518
2020-04-07,81.590965
2020-04-08,84.950783
2020-04-09,85.419189
2020-04-13,84.671547
2020-04-14,87.481926
2020-04-15,87.031570
2020-04-16,88.932152
2020-04-17,90.778709
2020-04-20,90.058113
2020-04-21,87.319794
2020-04-22,88.652916
2020-04-23,89.139343
2020-04-24,90.337334
2020-04-27,91.499306
2020-04-28,89.652756
2020-04-29,90.247261
2020-04-30,89.832901
2020-05-01,88.121498
2020-05-04,88.076447
2020-05-05,89.986038
2020-05-06,89.094284
2020-05-07,89.085289
2020-05-08,89.544693
2020-05-11,91.084984
2020-05-12,89.697800
2020-05-13,88.724968
2020-05-14,89.697800
2020-05-15,90.454422
2020-05-18,91.202072
2020-05-19,90.103119
2020-05-20,90.211235
2020-05-21,89.544693
2020-05-22,89.733833
2020-05-26,89.571693
2020-05-27,90.499466
2020-05-28,91.679466
2020-05-29,92.787422
2020-06-01,91.868637
2020-06-02,92.400055
2020-06-03,92.219925
2020-06-04,91.490311
2020-06-05,92.967552
2020-06-08,93.607101
2020-06-09,92.634270
2020-06-10,92.490166
2020-06-11,87.346809
2020-06-12,87.914307
2020-06-15,88.112480
2020-06-16,90.283302
2020-06-17,90.193199
2020-06-18,89.886963
2020-06-19,90.751709
2020-06-22,90.403435
2020-06-23,90.792397
2020-06-24,88.422409
2020-06-25,89.290802
2020-06-26,88.205322
2020-06-29,89.001335
2020-06-30,90.521019
2020-07-01,91.217552
2020-07-02,91.905029
2020-07-06,92.836739
2020-07-07,92.031685
2020-07-08,92.040718
2020-07-09,91.317047
2020-07-10,91.099953
2020-07-13,91.615547
2020-07-14,93.433754
2020-07-15,94.645897
2020-07-16,94.492119
2020-07-17,95.785652
2020-07-20,95.767578
2020-07-21,95.704239
2020-07-22,96.563614
2020-07-23,96.129395
2020-07-24,95.071030
2020-07-27,95.785652
2020-07-28,95.677124
2020-07-29,96.681198
2020-07-30,96.011818
2020-07-31,95.460014
2020-08-03,96.445999
2020-08-04,96.020851
2020-08-05,96.464096
2020-08-06,95.948486
2020-08-07,96.256027
2020-08-10,95.930397
2020-08-11,95.324326
2020-08-12,96.925415
2020-08-13,96.798805
2020-08-14,96.608818
2020-08-17,97.178719
2020-08-18,97.151566
2020-08-19,96.834984
2020-08-20,96.527420
2020-08-21,96.626930
2020-08-24,96.183693
2020-08-25,96.834984
2020-08-26,96.717392
2020-08-27,97.477219
2020-08-28,97.694321
2020-08-31,97.929512
2020-09-01,97.052086
2020-09-02,98.996910
2020-09-03,96.301262
2020-09-04,95.613777
2020-09-08,94.039825
2020-09-09,95.704239
2020-09-10,94.238831
2020-09-11,94.609703
2020-09-14,95.966568
2020-09-15,96.093216
2020-09-16,95.930397
2020-09-17,95.613777
2020-09-18,95.469055
2020-09-21,93.705399
2020-09-22,93.505600
2020-09-23,92.542938
2020-09-24,92.079773
2020-09-25,93.560059
2020-09-28,94.404671
2020-09-29,94.286591
2020-09-30,95.794182
2020-10-01,95.467247
2020-10-02,94.595398
2020-10-05,96.538902
2020-10-06,95.258377
2020-10-07,97.056572
2020-10-08,97.528809
2020-10-09,98.409721
2020-10-12,99.081779
2020-10-13,98.327995
2020-10-14,97.755852
2020-10-15,97.047470
2020-10-16,98.010147
2020-10-19,96.457146
2020-10-20,96.584297
2020-10-21,96.102966
2020-10-22,97.556038
2020-10-23,97.919312
2020-10-26,96.829506
2020-10-27,96.166542
2020-10-28,93.115082
2020-10-29,92.352219
2020-10-30,92.324951
2020-11-02,93.986938
2020-11-03,95.358276
2020-11-04,99.590355
2020-11-05,99.790146
2020-11-06,99.826485
2020-11-09,100.761894
2020-11-10,101.052513
2020-11-11,100.925362
2020-11-12,100.553032
2020-11-13,101.824455
2020-11-16,101.651909
2020-11-17,100.988937
2020-11-18,99.109039
2020-11-19,99.036385
2020-11-20,98.809319
2020-11-23,98.555038
2020-11-24,98.845665
2020-11-25,98.482399
2020-11-27,99.390549
2020-11-30,99.663010
2020-12-01,100.498535
2020-12-02,101.252296
2020-12-03,101.125183
2020-12-04,102.205894
2020-12-07,101.579254
2020-12-08,102.351196
2020-12-09,101.997009
2020-12-10,101.824455
2020-12-11,101.424873
2020-12-14,100.661987
2020-12-15,101.751816
2020-12-16,101.452095
2020-12-17,102.541916
2020-12-18,102.623665
2020-12-21,101.596848
2020-12-22,101.286804
2020-12-23,101.359734
2020-12-24,101.651558
2020-12-28,101.906883
2020-12-29,102.390221
2020-12-30,102.371964
2020-12-31,103.448029
2021-01-04,103.001190
2021-01-05,103.748955
2021-01-06,105.171562
2021-01-07,106.539444
2021-01-08,107.050117
2021-01-11,107.551666
2021-01-12,106.384392
2021-01-13,106.676231
2021-01-14,106.338806
2021-01-15,106.667114
2021-01-19,107.469589
2021-01-20,108.062332
2021-01-21,107.551666
2021-01-22,107.232498
2021-01-25,107.934685
2021-01-26,107.533432
2021-01-27,104.268761
2021-01-28,105.791656
2021-01-29,104.897980
2021-02-01,105.299225
2021-02-02,105.600159
2021-02-03,104.852386
2021-02-04,105.290115
2021-02-05,105.481613
2021-02-08,105.609276
2021-02-09,105.764313
2021-02-10,105.955818
2021-02-11,106.156433
2021-02-12,106.949799
2021-02-16,105.891983
2021-02-17,106.274979
2021-02-18,105.609276
2021-02-19,104.332588
2021-02-22,104.086372
2021-02-23,103.913101
2021-02-24,104.633537
2021-02-25,103.584808
2021-02-26,102.691139
2021-03-01,104.031670
2021-03-02,103.730728
2021-03-03,102.417564
2021-03-04,101.040573
2021-03-05,103.065033
2021-03-08,102.809677
2021-03-09,103.411560
2021-03-10,103.648651
2021-03-11,104.277885
2021-03-12,104.505867
2021-03-15,105.226265
2021-03-16,105.162437
2021-03-17,104.779434
2021-03-18,104.560562
2021-03-19,104.934471
2021-03-22,105.847717
2021-03-23,104.777061
2021-03-24,104.658104
2021-03-25,105.097336
2021-03-26,107.083076
2021-03-29,107.586380
2021-03-30,106.616386
2021-03-31,106.826828
2021-04-01,106.506584
2021-04-05,107.247795
2021-04-06,106.835999
2021-04-07,106.598091
2021-04-08,106.762779
2021-04-09,107.934105
2021-04-12,108.043907
2021-04-13,108.492302
2021-04-14,108.483154
2021-04-15,110.340767
2021-04-16,111.164383
2021-04-19,111.191803
2021-04-20,111.621880
2021-04-21,112.939606
2021-04-22,112.436310
2021-04-23,113.177551
2021-04-26,112.793198
2021-04-27,112.143494
2021-04-28,111.804901
2021-04-29,111.356537
2021-04-30,111.027092
2021-05-03,112.289894
2021-05-04,112.408836
2021-05-05,112.610184
2021-05-06,112.756592
2021-05-07,113.534416
2021-05-10,113.680847
2021-05-11,112.454613
2021-05-12,111.393127
2021-05-13,112.399712
2021-05-14,112.967049
2021-05-17,112.756592
2021-05-18,112.793198
2021-05-19,112.601028
2021-05-20,113.781494
2021-05-21,113.799789
2021-05-24,113.909592
2021-05-25,113.571037
2021-05-26,112.912155
2021-05-27,112.665100
2021-05-28,113.104324
2021-06-01,111.246704
2021-06-02,111.027092
2021-06-03,111.365654
2021-06-04,111.722527
2021-06-07,112.125198
2021-06-08,111.777458
2021-06-09,112.857246
2021-06-10,114.788078
2021-06-11,113.973648
2021-06-14,114.074303
2021-06-15,114.110931
2021-06-16,113.671677
2021-06-17,114.541008
2021-06-18,113.232414
2021-06-21,114.592957
2021-06-22,114.841003
2021-06-23,114.363297
2021-06-24,114.951233
2021-06-25,115.474861
2021-06-28,115.649399
2021-06-29,115.778015
2021-06-30,115.704536
2021-07-01,116.733444
2021-07-02,117.854172
2021-07-06,117.743950
2021-07-07,118.488037
2021-07-08,117.835823
2021-07-09,118.240036
2021-07-12,118.469673
2021-07-13,118.359436
2021-07-14,118.249207
2021-07-15,117.835823
2021-07-16,118.157326
2021-07-19,116.917152
2021-07-20,118.341080
2021-07-21,118.533989
2021-07-22,119.406715
2021-07-23,120.784691
2021-07-26,120.003830
2021-07-27,120.564232
2021-07-28,120.995972
2021-07-29,121.289955
2021-07-30,121.400185
2021-08-02,121.565559
2021-08-03,123.255867
2021-08-04,122.732269
2021-08-05,122.226959
2021-08-06,122.125923
2021-08-09,122.594429
2021-08-10,122.309662
2021-08-11,121.097061
2021-08-12,122.052452
2021-08-13,122.814888
2021-08-16,124.211266
2021-08-17,125.681114
2021-08-18,123.770302
2021-08-19,124.330704
2021-08-20,125.038094
2021-08-23,125.083977
2021-08-24,124.643036
2021-08-25,124.303154
2021-08-26,123.816231
2021-08-27,123.678467
2021-08-30,124.376633
2021-08-31,124.211266
2021-09-01,124.248039
2021-09-02,125.580040
2021-09-03,125.717865
2021-09-07,124.982910
2021-09-08,124.927795
2021-09-09,123.485527
2021-09-10,122.355583
2021-09-13,121.602295
2021-09-14,121.583923
2021-09-15,122.373993
2021-09-16,122.061607
2021-09-17,122.181068
2021-09-20,120.906067
2021-09-21,121.090469
2021-09-22,121.293266
2021-09-23,122.169075
2021-09-24,121.671219
2021-09-27,119.938087
2021-09-28,117.882263
2021-09-29,118.813370
2021-09-30,117.356796
2021-10-01,117.384453
2021-10-04,115.595993
2021-10-05,116.287384
2021-10-06,116.075356
2021-10-07,117.614914
2021-10-08,117.024910
2021-10-11,116.112236
2021-10-12,115.549866
2021-10-13,115.734276
2021-10-14,117.393661
2021-10-15,117.974472
2021-10-18,117.172409
2021-10-19,118.711983
2021-10-20,120.408226
2021-10-21,120.896835
2021-10-22,121.385445
2021-10-25,121.532928
2021-10-26,122.132210
2021-10-27,121.164185
2021-10-28,122.178307
2021-10-29,123.367523
2021-11-01,123.220016
2021-11-02,123.994392
2021-11-03,124.722710
2021-11-04,123.865334
2021-11-05,122.482529
2021-11-08,123.210770
2021-11-09,122.759079
2021-11-10,123.109375
2021-11-11,122.749847
2021-11-12,123.358292
2021-11-15,122.593140
2021-11-16,123.109375
2021-11-17,123.284538
2021-11-18,123.330635
2021-11-19,122.583900
2021-11-22,122.030769
2021-11-23,122.159859
2021-11-24,122.113754
2021-11-26,121.662018
2021-11-29,121.993904
2021-11-30,119.596985
2021-12-01,119.384949
2021-12-02,119.965744
2021-12-03,120.186981
2021-12-06,120.869186
2021-12-07,122.427216
2021-12-08,123.349075
2021-12-09,123.634857
2021-12-10,124.068153
2021-12-13,125.238968
2021-12-14,124.731934
2021-12-15,127.285568
2021-12-16,128.041519
2021-12-17,127.147263
2021-12-20,126.377258
2021-12-21,126.904800
2021-12-22,128.385529
2021-12-23,128.912979
2021-12-27,130.273407
2021-12-28,129.930969
2021-12-29,130.671341
2021-12-30,130.939682
2021-12-31,130.384460
2022-01-03,129.042572
2022-01-04,127.339760
2022-01-05,126.432838
2022-01-06,124.970657
2022-01-07,124.332077
2022-01-10,125.609200
2022-01-11,126.608681
2022-01-12,126.247765
2022-01-13,124.285843
2022-01-14,124.072968
2022-01-18,122.333176
2022-01-19,121.833412
2022-01-20,121.037582
2022-01-21,119.815979
2022-01-24,119.418030
2022-01-25,118.649940
2022-01-26,118.029900
2022-01-27,118.335289
2022-01-28,120.750664
2022-01-31,121.444733
2022-02-01,121.768646
2022-02-02,123.406685
2022-02-03,122.879181
2022-02-04,122.434967
2022-02-07,122.222122
2022-02-08,123.221588
2022-02-09,124.174782
2022-02-10,122.231354
2022-02-11,120.537819
2022-02-14,119.306976
2022-02-15,120.648880
2022-02-16,120.833969
2022-02-17,118.890541
2022-02-18,118.002144
2022-02-22,117.706001
2022-02-23,117.113716
2022-02-24,117.585693
2022-02-25,121.185608
2022-02-28,120.269470
2022-03-01,119.603142
2022-03-02,121.407715
2022-03-03,122.027771
2022-03-04,122.638565
2022-03-07,120.500786
2022-03-08,118.039154
2022-03-09,120.269470
2022-03-10,120.223198
2022-03-11,119.325493
2022-03-14,120.167633
2022-03-15,122.564552
2022-03-16,124.035942
2022-03-17,125.997879
2022-03-18,126.775261
2022-03-21,126.678688
2022-03-22,126.706535
2022-03-23,124.432137
2022-03-24,125.917473
2022-03-25,126.502342
2022-03-28,127.421326
2022-03-29,128.173294
2022-03-30,128.423950
2022-03-31,127.170723
2022-04-01,128.173294
2022-04-04,127.105736
2022-04-05,127.374962
2022-04-06,129.315125
2022-04-07,131.803040
2022-04-08,132.592117
2022-04-11,129.955704
2022-04-12,128.693146
2022-04-13,129.324432
2022-04-14,128.702423
2022-04-18,127.282082
2022-04-19,128.498215
2022-04-20,130.224884
2022-04-21,128.785980
2022-04-22,124.088661
2022-04-25,124.924194
2022-04-26,122.724037
2022-04-27,122.454842
2022-04-28,124.144379
2022-04-29,120.950966
2022-05-02,120.198982
2022-05-03,120.579643
2022-05-04,123.253204
2022-05-05,120.858139
2022-05-06,120.477509
2022-05-09,117.358345
2022-05-10,117.776093
2022-05-11,116.996307
2022-05-12,118.128860
2022-05-13,119.382111
2022-05-16,120.264015
2022-05-17,121.916428
2022-05-18,118.769402
2022-05-19,119.029320
2022-05-20,120.477509
2022-05-23,121.535805
2022-05-24,121.897842
2022-05-25,121.860725
2022-05-26,122.380577
2022-05-27,124.413582
2022-05-31,122.751892
2022-06-01,120.988106
2022-06-02,121.944252
2022-06-03,120.514633
2022-06-06,120.533203
2022-06-07,122.102074
2022-06-08,121.136627
2022-06-09,118.398079
2022-06-10,116.495018
2022-06-13,112.967400
2022-06-14,111.890526
2022-06-15,113.023087
2022-06-16,111.361427
2022-06-17,111.296432
2022-06-21,114.292648
2022-06-22,115.877449
2022-06-23,118.478401
2022-06-24,120.445419
2022-06-27,120.892891
2022-06-28,118.786034
2022-06-29,119.820839
2022-06-30,119.550491
2022-07-01,120.892891
2022-07-05,120.193710
2022-07-06,121.004768
2022-07-07,121.517532
2022-07-08,121.881088
2022-07-11,121.573433
2022-07-12,120.025894
2022-07-13,118.860611
2022-07-14,118.515686
2022-07-15,121.377655
2022-07-18,118.813995
2022-07-19,120.836975
2022-07-20,119.643684
2022-07-21,121.536171
2022-07-22,121.032730
2022-07-25,121.666641
2022-07-26,122.291283
2022-07-27,123.055687
2022-07-28,123.838791
2022-07-29,123.428589
2022-08-01,122.514984
2022-08-02,122.076820
2022-08-03,123.195572
2022-08-04,122.589577
2022-08-05,122.542969
2022-08-08,122.831978
2022-08-09,122.459053
2022-08-10,123.792152
2022-08-11,122.990440
2022-08-12,124.565918
2022-08-15,125.190506
2022-08-16,124.854927
2022-08-17,124.127785
2022-08-18,123.577759
2022-08-19,123.913353
2022-08-22,122.291283
2022-08-23,120.585266
2022-08-24,120.734398
2022-08-25,122.067528
2022-08-26,118.664848
2022-08-29,117.835152
2022-08-30,117.052055
2022-08-31,116.306267
2022-09-01,118.217361
2022-09-02,116.520683
2022-09-06,116.632561
2022-09-07,118.534340
2022-09-08,120.594604
2022-09-09,121.657333
2022-09-12,122.468376
2022-09-13,118.422470
2022-09-14,118.487709
2022-09-15,119.149612
2022-09-16,118.813995
2022-09-19,118.173820
2022-09-20,116.788597
2022-09-21,114.851173
2022-09-22,115.459526
2022-09-23,114.869881
2022-09-26,113.774826
2022-09-27,113.428513
2022-09-28,115.908791
2022-09-29,114.935410
2022-09-30,113.353630
2022-10-03,115.684151
2022-10-04,118.370361
2022-10-05,118.763466
2022-10-06,117.247208
2022-10-07,114.766930
2022-10-10,114.046249
2022-10-11,114.654633
2022-10-12,114.093025
2022-10-13,116.751144
2022-10-14,115.964951
2022-10-17,117.827507
2022-10-18,118.482658
2022-10-19,116.826019
2022-10-20,115.833916
2022-10-21,118.435875
2022-10-24,120.719597
2022-10-25,121.636856
2022-10-26,122.984612
2022-10-27,122.338837
2022-10-28,124.351158
2022-10-31,124.248146
2022-11-01,124.323029
2022-11-02,122.207787
2022-11-03,121.693024
2022-11-04,122.432388
2022-11-07,123.742760
2022-11-08,124.360474
2022-11-09,123.022057
2022-11-10,126.148148
2022-11-11,124.603828
2022-11-14,124.716148
2022-11-15,124.557030
2022-11-16,124.500900
2022-11-17,124.444733
2022-11-18,125.951622
2022-11-21,126.007774
2022-11-22,127.102806
2022-11-23,127.608238
2022-11-25,128.366364
2022-11-28,127.402328
2022-11-29,127.084106
2022-11-30,130.116608
2022-12-01,130.490982
2022-12-02,130.827972
2022-12-05,129.573776
2022-12-06,128.591019
2022-12-07,129.648636
2022-12-08,130.818573
2022-12-09,129.143204
2022-12-12,130.519073
2022-12-13,130.921539
2022-12-14,131.127457
2022-12-15,128.722031
2022-12-16,126.850136
2022-12-19,126.376457
2022-12-20,126.348259
2022-12-21,128.011749
2022-12-22,127.833138
2022-12-23,127.908394
2022-12-27,127.579422
2022-12-28,126.752365
2022-12-29,128.133896
2022-12-30,127.673378
2023-01-03,127.306885
2023-01-04,127.645210
2023-01-05,126.338867
2023-01-06,127.504227
2023-01-09,125.370842
2023-01-10,126.423431
2023-01-11,127.137726
2023-01-12,126.733566
2023-01-13,127.297485
2023-01-17,126.705399
2023-01-18,124.919762
2023-01-19,125.220505
2023-01-20,125.850166
2023-01-23,126.282486
2023-01-24,125.446037
2023-01-25,125.483643
2023-01-26,125.718597
2023-01-27,124.863396
2023-01-30,123.735588
2023-01-31,125.333260
2023-02-01,125.925369
2023-02-02,125.070122
2023-02-03,124.703606
2023-02-06,124.008148
2023-02-07,124.806984
2023-02-08,124.440445
2023-02-09,123.350258
2023-02-10,124.515625
2023-02-13,125.549423
2023-02-14,124.806984
2023-02-15,124.186691
2023-02-16,122.946129
2023-02-17,124.045738
2023-02-21,122.438652
2023-02-22,122.025131
2023-02-23,122.354057
2023-02-24,120.775169
2023-02-27,120.408646
2023-02-28,119.515823
2023-03-01,119.318474
2023-03-02,120.051506
2023-03-03,121.395462
2023-03-06,121.339066
2023-03-07,119.384262
2023-03-08,118.745186
2023-03-09,117.542221
2023-03-10,116.677605
2023-03-13,117.767776
2023-03-14,118.820374
2023-03-15,118.716988
2023-03-16,119.825958
2023-03-17,118.284691
2023-03-20,119.783875
2023-03-21,120.510345
2023-03-22,118.689445
2023-03-23,118.462982
2023-03-24,120.104660
2023-03-27,120.595261
2023-03-28,119.868797
2023-03-29,120.198997
2023-03-30,120.849991
2023-03-31,122.142570
2023-04-03,123.510597
2023-04-04,123.529449
2023-04-05,125.661751
2023-04-06,125.973106
2023-04-10,125.888153
2023-04-11,126.312729
2023-04-12,126.350456
2023-04-13,127.992104
2023-04-14,126.963745
2023-04-17,126.859947
2023-04-18,125.991943
2023-04-19,126.378777
2023-04-20,125.859863
2023-04-21,126.708984
2023-04-24,127.416618
2023-04-25,126.057991
2023-04-26,124.265411
2023-04-27,124.916389
2023-04-28,125.982521
2023-05-01,126.633507
2023-05-02,126.086281
2023-05-03,125.916496
2023-05-04,124.916389
2023-05-05,126.039131
2023-05-08,125.765495
2023-05-09,124.925812
2023-05-10,125.274902
2023-05-11,124.888077
2023-05-12,124.718246
2023-05-15,124.501228
2023-05-16,123.463440
2023-05-17,123.614380
2023-05-18,123.312462
2023-05-19,123.887993
2023-05-22,124.010628
2023-05-23,122.652061
2023-05-24,121.812325
2023-05-25,120.566963
2023-05-26,120.321648
2023-05-30,119.576302
2023-05-31,120.604691
2023-06-01,121.397209
2023-06-02,122.953957
2023-06-05,123.397377
2023-06-06,122.368980
2023-06-07,121.887817
2023-06-08,122.670921
2023-06-09,123.048294
2023-06-12,123.491737
2023-06-13,124.114441
2023-06-14,122.840736
2023-06-15,124.746552
2023-06-16,124.737122
2023-06-20,124.596909
2023-06-21,124.615868
2023-06-22,125.468491
2023-06-23,125.051636
2023-06-26,124.341118
2023-06-27,124.056900
2023-06-28,123.659035
2023-06-29,124.464302
2023-06-30,125.743195
2023-07-03,124.710594
2023-07-05,124.644310
2023-07-06,123.649567
2023-07-07,122.209572
2023-07-10,123.175880
2023-07-11,123.204300
2023-07-12,122.872711
2023-07-13,122.920059
2023-07-14,124.767456
2023-07-17,124.199020
2023-07-18,125.117958
2023-07-19,125.695869
2023-07-20,127.780075
2023-07-21,129.068466
2023-07-24,128.784286
2023-07-25,128.727448
2023-07-26,128.642136
2023-07-27,127.694778
2023-07-28,128.073700
2023-07-31,127.088455
2023-08-01,126.425323
2023-08-02,126.510567
2023-08-03,125.875824
2023-08-04,125.430588
2023-08-07,126.880035
2023-08-08,127.855865
2023-08-09,127.817924
2023-08-10,127.732658
2023-08-11,128.528442
2023-08-14,128.916916
2023-08-15,128.443207
2023-08-16,127.467392
2023-08-17,126.453743
2023-08-18,126.501122
2023-08-21,126.633751
2023-08-22,126.188461
2023-08-23,126.567459
2023-08-24,125.468491
2023-08-25,126.387421
2023-08-28,126.681114
2023-08-29,127.817924
2023-08-30,127.723190
2023-08-31,126.197945
2023-09-01,126.539009
2023-09-05,125.231644
2023-09-06,124.549553
2023-09-07,125.108482
2023-09-08,125.108482
2023-09-11,125.970589
2023-09-12,125.809525
2023-09-13,125.828484
2023-09-14,126.226379
2023-09-15,125.231644
2023-09-18,125.041382
2023-09-19,125.146034
2023-09-20,125.155563
2023-09-21,124.061607
2023-09-22,123.804764
2023-09-25,124.480164
2023-09-26,123.424255
2023-09-27,122.805954
2023-09-28,123.395737
2023-09-29,122.463516
2023-10-02,122.292282
2023-10-03,121.207870
2023-10-04,121.721542
2023-10-05,122.387436
2023-10-06,123.671593
2023-10-09,124.099686
2023-10-10,124.689445
2023-10-11,124.137711
2023-10-12,123.072319
2023-10-13,123.842827
2023-10-16,124.775078
2023-10-17,124.603813
2023-10-18,123.519409
2023-10-19,122.301804
2023-10-20,121.816666
2023-10-23,121.055679
2023-10-24,121.426659
2023-10-25,120.342232
2023-10-26,119.153183
2023-10-27,117.136536
2023-10-30,117.792900
2023-10-31,118.468292
2023-11-01,118.715614
2023-11-02,120.599075
2023-11-03,121.198349
2023-11-06,122.006920
2023-11-07,122.092522
2023-11-08,121.921303
2023-11-09,119.400497
2023-11-10,120.113922
2023-11-13,120.808350
2023-11-14,121.626434
2023-11-15,121.721542
2023-11-16,122.244713
2023-11-17,121.997398
2023-11-20,122.739380
2023-11-21,123.481323
2023-11-22,124.071121
2023-11-24,124.737007
2023-11-27,123.956963
2023-11-28,123.319633
2023-11-29,123.357689
2023-11-30,124.908211
2023-12-01,125.402878
2023-12-04,125.640678
2023-12-05,125.478981
2023-12-06,125.574081
2023-12-07,125.421913
2023-12-08,125.631157
2023-12-11,126.458755
2023-12-12,127.000954
2023-12-13,129.341019
2023-12-14,128.713211
2023-12-15,127.619293
2023-12-18,127.827591
2023-12-19,128.687485
2023-12-20,126.824280
2023-12-21,128.372208
2023-12-22,129.012390
2023-12-26,129.299057
2023-12-27,129.843704
2023-12-28,130.178131
2023-12-29,130.311905
2024-01-02,132.605103
2024-01-03,132.385330
2024-01-04,133.044647
2024-01-05,132.929962
2024-01-08,134.105240
2024-01-09,134.086136
2024-01-10,134.697662
2024-01-11,134.602112
2024-01-12,134.267685
2024-01-16,133.465042
2024-01-17,133.197510
2024-01-18,133.178391
2024-01-19,133.254852
2024-01-22,133.837692
2024-01-23,133.742142
2024-01-24,132.519119
2024-01-25,132.318436
2024-01-26,133.073288
2024-01-29,134.009705
2024-01-30,134.315475
2024-01-31,134.133926
2024-02-01,135.872925
2024-02-02,135.672272
2024-02-05,136.092697
2024-02-06,137.573746
2024-02-07,137.946381
2024-02-08,137.707504
2024-02-09,137.602371
2024-02-12,137.783920
2024-02-13,136.503571
2024-02-14,137.688400
2024-02-15,138.691696
2024-02-16,139.140762
2024-02-20,138.672592
2024-02-21,138.978333
2024-02-22,140.612244
2024-02-23,141.281067
2024-02-26,140.554901
2024-02-27,140.210922
2024-02-28,139.513367
2024-02-29,138.376358
2024-03-01,139.828720
2024-03-04,139.618500
2024-03-05,138.577011
2024-03-06,139.522934
2024-03-07,140.172684
2024-03-08,139.914703
2024-03-11,139.838287
2024-03-12,140.488007
2024-03-13,139.943405
2024-03-14,139.446533
2024-03-15,138.892319
2024-03-18,138.876022
2024-03-19,139.796631
2024-03-20,139.480164
2024-03-21,139.662369
2024-03-22,139.470581
2024-03-25,139.278793
2024-03-26,139.787018
2024-03-27,141.647415
2024-03-28,141.666595
2024-04-01,140.458298
2024-04-02,138.271896
2024-04-03,138.118439
2024-04-04,136.123840
2024-04-05,137.341721
2024-04-08,136.900574
2024-04-09,137.389648
2024-04-10,135.778610
2024-04-11,135.222397
2024-04-12,133.208618
2024-04-15,132.940109
2024-04-16,132.988037
2024-04-17,132.757904
2024-04-18,132.748291
2024-04-19,133.246964
2024-04-22,133.755188
2024-04-23,135.500504
2024-04-24,135.078552
2024-04-25,134.177139
2024-04-26,134.215515
2024-04-29,134.666199
2024-04-30,134.570328
2024-05-01,134.810074
2024-05-02,134.714188
2024-05-03,135.049774
2024-05-06,135.596390
2024-05-07,136.718384
2024-05-08,136.248505
2024-05-09,137.418411
2024-05-10,137.696518
2024-05-13,137.562256
2024-05-14,138.147202
2024-05-15,140.199387
2024-05-16,140.036362
2024-05-17,140.304886
2024-05-20,140.007599
2024-05-21,140.247345
2024-05-22,140.496658
2024-05-23,138.962311
2024-05-24,138.492432
2024-05-28,136.814270
2024-05-29,135.749817
2024-05-30,135.816971
2024-05-31,137.802002
2024-06-03,138.770538
2024-06-04,139.173325
2024-06-05,139.806198
2024-06-06,140.266510
2024-06-07,140.419922
2024-06-10,140.937805
2024-06-11,140.352814
2024-06-12,140.055527
2024-06-13,139.940460
2024-06-14,139.892532
2024-06-17,139.748672
2024-06-18,139.930878
2024-06-20,140.391190
2024-06-21,140.784363
2024-06-24,141.605545
2024-06-25,141.162689
2024-06-26,140.662094
2024-06-27,140.431030
2024-06-28,140.315506
2024-07-01,139.526093
2024-07-02,139.015839
2024-07-03,137.956863
2024-07-05,139.025482
2024-07-08,138.871445
2024-07-09,139.545349
2024-07-10,140.864288
2024-07-11,141.855820
2024-07-12,142.741547
2024-07-15,142.240936
2024-07-16,144.272278
2024-07-17,144.926926
2024-07-18,141.634445
2024-07-19,142.356461
2024-07-22,143.174789
2024-07-23,143.088165
2024-07-24,144.281891
2024-07-25,143.559830
2024-07-26,144.368561
2024-07-29,144.455185
2024-07-30,144.580338
2024-07-31,144.050842
2024-08-01,145.523788
2024-08-02,145.234970
2024-08-05,141.355240
2024-08-06,142.009888
2024-08-07,140.565796
2024-08-08,143.675385
2024-08-09,144.387787
2024-08-12,143.839050
2024-08-13,145.581558
2024-08-14,146.101425
2024-08-15,147.015991
2024-08-16,147.170029
2024-08-19,148.065369
2024-08-20,148.662231
2024-08-21,148.912537
2024-08-22,149.008820
2024-08-23,149.653839
2024-08-26,149.576828
2024-08-27,149.807877
2024-08-28,149.981140
2024-08-29,150.298859
2024-08-30,151.338593
2024-09-03,151.049744
2024-09-04,150.789841
2024-09-05,148.719986
2024-09-06,148.209747
2024-09-09,149.249496
2024-09-10,149.933014
2024-09-11,149.490173
2024-09-12,150.029282
2024-09-13,150.337372
2024-09-16,151.377106
2024-09-17,149.817474
2024-09-18,149.567184
2024-09-19,150.106308
2024-09-20,149.490173
2024-09-23,149.197357
2024-09-24,148.897842
2024-09-25,147.448364
2024-09-26,147.941193
2024-09-27,147.863892
2024-09-30,148.830200
2024-10-01,148.047485
2024-10-02,147.747940
2024-10-03,146.414429
2024-10-04,146.530396
2024-10-07,145.882935
2024-10-08,146.675323
2024-10-09,148.173096
2024-10-10,147.622284
2024-10-11,148.704559
2024-10-14,149.525940
2024-10-15,147.699631
2024-10-16,148.115112
2024-10-17,147.255127
2024-10-18,147.970184
2024-10-21,146.230835
2024-10-22,146.018250
2024-10-23,145.332169
2024-10-24,144.375519
2024-10-25,143.583160
2024-10-28,143.795761
2024-10-29,143.399551
2024-10-30,143.128998
2024-10-31,141.921097
2024-11-01,142.761795
2024-11-04,141.824478
2024-11-05,142.868088
2024-11-06,143.051666
2024-11-07,144.085632
2024-11-08,145.119583
2024-11-11,144.269257
2024-11-12,142.259323
2024-11-13,141.882462
2024-11-14,139.650299
2024-11-15,137.060593
2024-11-18,137.157242
2024-11-19,136.451843
2024-11-20,138.065552
2024-11-21,139.176804
2024-11-22,139.302429
2024-11-25,140.490997
2024-11-26,141.244705
2024-11-27,141.998413
2024-11-29,142.442917
2024-12-02,142.191681
2024-12-03,141.872818
2024-12-04,141.795502
2024-12-05,140.210770
2024-12-06,139.418381
2024-12-09,139.824234
2024-12-10,139.244431
2024-12-11,137.350494
2024-12-12,136.258560
2024-12-13,136.239243
2024-12-16,134.615845
2024-12-17,134.519211
2024-12-18,132.692917
2024-12-19,131.687958
2024-12-20,133.349991
2024-12-23,134.681763
2024-12-24,135.235046
2024-12-26,135.506866
2024-12-27,134.875900
2024-12-30,133.216049
2024-12-31,133.536362
2025-01-02,133.575180
2025-01-03,134.885620
2025-01-06,134.943832
2025-01-07,135.613617
2025-01-08,136.312515
2025-01-10,135.545670
2025-01-13,137.312317
2025-01-14,135.895111
2025-01-15,136.448425
2025-01-16,136.991974
2025-01-17,136.069855
2025-01-21,138.321808
2025-01-22,138.011200
2025-01-23,139.855469
2025-01-24,140.078735
2025-01-27,143.223755
2025-01-28,142.223953
2025-01-29,141.389160
2025-01-30,143.019897
2025-01-31,142.563690
2025-02-03,143.116974
2025-02-04,142.728683
2025-02-05,144.097336
2025-02-06,142.806335
2025-02-07,142.136566
2025-02-10,142.010406
2025-02-11,141.748306
2025-02-12,141.544479
2025-02-13,142.097748
2025-02-14,140.554382
2025-02-18,140.282578
2025-02-19,142.107468
2025-02-20,142.903427
2025-02-21,142.136566
2025-02-24,143.291672
2025-02-25,144.524445
2025-02-26,143.485825
2025-02-27,142.903427
2025-02-28,144.563278
2025-03-03,145.194214
2025-03-04,143.844971
2025-03-05,145.291275
2025-03-06,144.893326
2025-03-07,144.903030
2025-03-10,143.340240
2025-03-11,141.777420
2025-03-12,140.360229
2025-03-13,139.612808
2025-03-14,140.680557
2025-03-17,142.466614
2025-03-18,142.534576
2025-03-19,142.612228
2025-03-20,142.699570
2025-03-21,142.301620
2025-03-24,143.388077
2025-03-25,141.556168
2025-03-26,141.039703
2025-03-27,141.263840
2025-03-28,140.825348
2025-03-31,142.277252
2025-04-01,139.675476
2025-04-02,140.610947
2025-04-03,139.470871
2025-04-04,131.821548
2025-04-07,131.032272
2025-04-08,129.580353
2025-04-09,135.212585
2025-04-10,131.441513
2025-04-11,133.370911
2025-04-14,134.998215
2025-04-15,134.169952
2025-04-16,132.805710
2025-04-17,132.026184
2025-04-21,129.180847
2025-04-22,131.607193
2025-04-23,132.260040
2025-04-24,133.877594
2025-04-25,134.520737
2025-04-28,135.056671
2025-04-29,135.719299
2025-04-30,136.878876
2025-05-01,133.146790
2025-05-02,134.988464
2025-05-05,134.608444
2025-05-06,130.895844
2025-05-07,131.899521
2025-05-08,130.710709
2025-05-09,129.288010
2025-05-12,132.484192
2025-05-13,128.498734
2025-05-14,125.477997
2025-05-15,127.124779
2025-05-16,129.687531
2025-05-19,130.934814
2025-05-20,131.256378
2025-05-21,128.216141
2025-05-22,127.212479
2025-05-23,127.007843
2025-05-27,128.781311
2025-05-28,128.118683
2025-05-29,128.976212
2025-05-30,129.249039
2025-06-02,129.327011
2025-06-03,129.629074
2025-06-04,129.882401
2025-06-05,129.707031
2025-06-06,130.944565
2025-06-09,130.720444
2025-06-10,132.211319
2025-06-11,132.279526
2025-06-12,133.312439
2025-06-13,132.649841
2025-06-16,132.240555
2025-06-17,130.057831
2025-06-18,129.833725
2025-06-20,129.210068
2025-06-23,129.396088
2025-06-24,130.982208
2025-06-25,131.099701
2025-06-26,131.413010
2025-06-27,131.129089
2025-06-30,131.971100
2025-07-01,133.850937
2025-07-02,132.529175
2025-07-03,132.666245
2025-07-07,131.550079
2025-07-08,132.147324
2025-07-09,132.656479
2025-07-10,133.469101
2025-07-11,132.362732
2025-07-14,132.206070
2025-07-15,129.826904
2025-07-16,131.442383
2025-07-17,129.944382
2025-07-18,129.082779
2025-07-21,128.348480
2025-07-22,130.737442
2025-07-23,133.420135
2025-07-24,132.920792
2025-07-25,133.625748
2025-07-28,132.460648
2025-07-29,131.618622
2025-07-30,131.383636
2025-07-31,127.702278
2025-08-01,128.387650
2025-08-04,130.228317
2025-08-05,129.728989
2025-08-06,127.780602
2025-08-07,126.311966
2025-08-08,127.437920
2025-08-11,127.565193
2025-08-12,128.446381
2025-08-13,130.502457
2025-08-14,131.158447
2025-08-15,133.361389
2025-08-18,133.048080
2025-08-19,133.899887
2025-08-20,134.624420
2025-08-21,134.174042
2025-08-22,135.280411
2025-08-25,133.351593
2025-08-26,134.183838
2025-08-27,134.105499
2025-08-28,133.576782
2025-08-29,134.555878
2025-09-02,134.683151
2025-09-03,134.046753
2025-09-04,134.555878
2025-09-05,135.016052
2025-09-08,134.967117
2025-09-09,135.691620
2025-09-10,134.457977
2025-09-11,136.798004
2025-09-12,135.221649
2025-09-15,134.066330
2025-09-16,134.066330
2025-09-17,134.330704
2025-09-18,134.595032
2025-09-19,134.418808
2025-09-22,134.384384
2025-09-23,134.689301
2025-09-24,134.148346
2025-09-25,131.925491
2025-09-26,133.272949
2025-09-29,133.666367
2025-09-30,136.882645
2025-10-01,141.111969
2025-10-02,140.836563
2025-10-03,142.439789
2025-10-06,141.751297
2025-10-07,141.859467
2025-10-08,142.134857
2025-10-09,141.820145
2025-10-10,139.774323
2025-10-13,139.616943
2025-10-14,140.000534
2025-10-15,140.216919
2025-10-16,139.980881
2025-10-17,140.915253
2025-10-20,142.410263
2025-10-21,142.744690
2025-10-22,143.561050
2025-10-23,143.639725
2025-10-24,143.629883
2025-10-27,143.964310
2025-10-28,143.059402
2025-10-29,141.613586
2025-10-30,141.928329
2025-10-31,141.879135
2025-11-03,142.075851
2025-11-04,142.715195
2025-11-05,143.265991
2025-11-06,143.541367
2025-11-07,143.738083
2025-11-10,144.859329
2025-11-11,148.203445
2025-11-12,150.308304
2025-11-13,150.229614
2025-11-14,149.334579
2025-11-17,149.206711
2025-11-18,150.082062
2025-11-19,149.826340
2025-11-20,148.931305
2025-11-21,152.068878
2025-11-24,152.708176
2025-11-25,156.160507
2025-11-26,155.816269
2025-11-28,155.058899
2025-12-01,152.737686
2025-12-02,151.822968
2025-12-03,152.531158
2025-12-04,151.370529
2025-12-05,150.741058
2025-12-08,148.941132
2025-12-09,147.495316
2025-12-10,149.639465
2025-12-11,151.055817
2025-12-12,151.527893
2025-12-15,153.534378
2025-12-16,151.537766
2025-12-17,151.262329
2025-12-18,151.380371
2025-12-19,152.393448
2025-12-22,153.397995
2025-12-23,153.091797
2025-12-24,153.891876
2025-12-26,154.138824
2025-12-29,153.901749
2025-12-30,153.773331
2025-12-31,152.904114
2026-01-02,153.605408
2026-01-05,153.141159
2026-01-06,156.153824
2026-01-07,157.704590
2026-01-08,156.183456
2026-01-09,155.383362
2026-01-12,155.452515
2026-01-13,154.820358
2026-01-14,155.926636
2026-01-15,155.037674
2026-01-16,153.832596
2026-01-20,153.496765
2026-01-21,156.321732
2026-01-22,156.351364
2026-01-23,155.551285
2026-01-26,156.163712
2026-01-27,153.546143
2026-01-28,152.420105
2026-01-29,151.936111
2026-01-30,152.844864
2026-02-02,153.783218
2026-02-03,152.212708
2026-02-04,154.119064
2026-02-05,152.943619
2026-02-06,155.778473
2026-02-09,154.405518
2026-02-10,153.427628
2026-02-11,154.336349
2026-02-12,154.089417
2026-02-13,155.738968
2026-02-17,155.442642
2026-02-18,155.738968
2026-02-19,155.333984
2026-02-20,154.899384
2026-02-23,156.598312
2026-02-24,155.936508
2026-02-25,155.897018
2026-02-26,155.492035
2026-02-27,158.237976
2026-03-02,156.588425
2026-03-03,154.820358
2026-03-04,155.126572
2026-03-05,152.025024
2026-03-06,150.829849
2026-03-09,152.370728
2026-03-10,151.274307
2026-03-11,150.978012
2026-03-12,148.320953
2026-03-13,147.955460
2026-03-16,149.160522
2026-03-17,147.807312
2026-03-18,145.337936
2026-03-19,144.814407
2026-03-20,143.550095
2026-03-23,143.584824
2026-03-24,143.604645
2026-03-25,145.042786
2026-03-26,144.546875
2026-03-27,142.087158
2026-03-30,142.642593
2026-03-31,145.409744
2026-04-01,146.520569
2026-04-02,145.608109
2026-04-06,145.082443
2026-04-07,145.370087
2026-04-08,148.444702
2026-04-09,148.107483
2026-04-10,146.104019
2026-04-13,146.758621
2026-04-14,147.611572
2026-04-15,146.560242
2026-04-16,145.409744
2026-04-17,147.581818
2026-04-20,146.213104
2026-04-21,144.725403
2026-04-22,145.181625
2026-04-23,145.042786
2026-04-24,142.999634
2026-04-27,142.285553
2026-04-28,142.662415
2026-04-29,141.670609
2026-04-30,144.794830
2026-05-01,143.971634
2026-05-04,143.545135
2026-05-05,144.110474
2026-05-06,144.209641
2026-05-07,143.535217
2026-05-08,142.315292
2026-05-11,141.868973
2026-05-12,144.655975
2026-05-13,145.508926
2026-05-14,145.429581
2026-05-15,143.912125
2026-05-18,144.527023
2026-05-19,146.113937
2026-05-20,145.925507
2026-05-21,146.937134
2026-05-22,148.662888
2026-05-26,147.294189
2026-05-27,147.571899
2026-05-28,149.644806
2026-05-29,148.246338
2026-06-01,146.629669
2026-06-02,145.201462
2026-06-03,146.342056
2026-06-04,150.834961
2026-06-05,151.757355
2026-06-08,151.400284
2026-06-09,153.304596
2026-06-10,151.598679
2026-06-11,152.828506
2026-06-12,152.550797
2026-06-15,151.638336
2026-06-16,151.687927
2026-06-17,149.476181
2026-06-18,148.176895
2026-06-22,149.487885
2026-06-23,151.599792
2026-06-24,152.765350
2026-06-25,155.036652
2026-06-26,159.728699
2026-06-29,160.127182
2026-06-30,158.055099
2026-07-01,158.931732
2026-07-02,163.115738
2026-07-06,161.342529
2026-07-07,163.813065
2026-07-08,161.681229
2026-07-09,161.551712
2026-07-10,160.226791
2026-07-13,160.794617
2026-07-14,157.686508
2026-07-15,157.686508
2026-07-16,161.183136
2026-07-17,160.475830
2026-07-20,158.642853
2026-07-21,159.639038
2026-07-22,158.822159
2026-07-23,160.824509
2026-07-24,161.950195
2026-07-27,162.777023
2026-07-28,166.622314
2026-07-29,165.606201
2026-07-30,162.896576
2026-07-31,161.930267
2026-08-03,161.621460
2026-08-04,161.481995
2026-08-05,163.534134
2026-08-06,163.823029
2026-08-07,165.048325
2026-08-10,167.797821
2026-08-11,167.369446
2026-08-12,167.797821
2026-08-13,167.738052
2026-08-14,166.731888
2026-08-17,166.413116
2026-08-18,169.082886
2026-08-19,175.010208
2026-08-20,171.732758
2026-08-21,173.954254
2026-08-24,174.033951
2026-08-25,174.621689
2026-08-26,172.878357
2026-08-27,170.925842
2026-08-28,170.507446
2026-08-31,169.889801
2026-09-01,171.015503
2026-09-02,172.290619
2026-09-03,172.599426
2026-09-04,170.796341
2026-09-08,166.492813
2026-09-09,165.944901
2026-09-10,165.028412
2026-09-11,164.729553
2026-09-14,167.110443
2026-09-15,167.020798
2026-09-16,167.130371
2026-09-17,168.166397
2026-09-18,167.748001
2026-09-21,169.009995
2026-09-22,169.889999
2026-09-23,168.800003
2026-09-24,169.869995
2026-09-25,170.699997
2026-09-28,171.259995
2026-09-29,170.729996
2026-09-30,168.419998
2026-10-01,166.199997
2026-10-02,166.179993
