date,adj_close
1998-12-22,9.340210
1998-12-23,9.380325
1998-12-24,9.552225
1998-12-28,9.466281
1998-12-29,9.672565
1998-12-30,9.592340
1998-12-31,9.580879
1999-01-04,9.523579
1999-01-05,9.684022
1999-01-06,9.959071
1999-01-07,9.947613
1999-01-08,9.959071
1999-01-11,9.907504
1999-01-12,9.649643
1999-01-13,9.695484
1999-01-14,9.477735
1999-01-15,9.598078
1999-01-19,9.592340
1999-01-20,9.752785
1999-01-21,9.661104
1999-01-22,9.706946
1999-01-25,9.684022
1999-01-26,9.913234
1999-01-27,9.901766
1999-01-28,10.004916
1999-01-29,10.073676
1999-02-01,10.096601
1999-02-02,9.970533
1999-02-03,10.130980
1999-02-04,10.073676
1999-02-05,9.821553
1999-02-08,9.981993
1999-02-09,9.672565
1999-02-10,9.672565
1999-02-11,9.987722
1999-02-12,9.810083
1999-02-16,9.936152
1999-02-17,9.901766
1999-02-18,9.913234
1999-02-19,9.964803
1999-02-22,10.216931
1999-02-23,10.165359
1999-02-24,10.039295
1999-02-25,9.924692
1999-02-26,10.010647
1999-03-01,10.016380
1999-03-02,10.039295
1999-03-03,9.987722
1999-03-04,10.199744
1999-03-05,10.509176
1999-03-08,10.555017
1999-03-09,10.583664
1999-03-10,10.555017
1999-03-11,10.669621
1999-03-12,10.715456
1999-03-15,10.738379
1999-03-16,10.681077
1999-03-17,10.635236
1999-03-18,10.818596
1999-03-19,10.669735
1999-03-22,10.555003
1999-03-23,10.233769
1999-03-24,10.153454
1999-03-25,10.463220
1999-03-26,10.394383
1999-03-29,10.646793
1999-03-30,10.658256
1999-03-31,10.497643
1999-04-01,10.486167
1999-04-05,10.623839
1999-04-06,10.681207
1999-04-07,10.772987
1999-04-08,11.013915
1999-04-09,11.117172
1999-04-12,11.208955
1999-04-13,11.151589
1999-04-14,10.899190
1999-04-15,10.876243
1999-04-16,10.910660
1999-04-19,10.669735
1999-04-20,10.807405
1999-04-21,10.990970
1999-04-22,11.019651
1999-04-23,11.140112
1999-04-26,11.071281
1999-04-27,11.099962
1999-04-28,11.059805
1999-04-29,10.807405
1999-04-30,10.772987
1999-05-03,11.036861
1999-05-04,10.910660
1999-05-05,10.818882
1999-05-06,10.577947
1999-05-07,10.818882
1999-05-10,10.807405
1999-05-11,11.025389
1999-05-12,11.094225
1999-05-13,11.036861
1999-05-14,10.818882
1999-05-17,10.600890
1999-05-18,10.669735
1999-05-19,10.543530
1999-05-20,10.635314
1999-05-21,10.566479
1999-05-24,10.337019
1999-05-25,10.233769
1999-05-26,10.348495
1999-05-27,10.141981
1999-05-28,10.285392
1999-06-01,10.348495
1999-06-02,10.325548
1999-06-03,10.566479
1999-06-04,10.646793
1999-06-07,10.675473
1999-06-08,10.514849
1999-06-09,10.411593
1999-06-10,10.262449
1999-06-11,10.210822
1999-06-14,10.222291
1999-06-15,10.153454
1999-06-16,10.428800
1999-06-17,10.377174
1999-06-18,10.454335
1999-06-21,10.638141
1999-06-22,10.569213
1999-06-23,10.419863
1999-06-24,10.396888
1999-06-25,10.362426
1999-06-28,10.563465
1999-06-29,10.741534
1999-06-30,10.948322
1999-07-01,11.005769
1999-07-02,11.063209
1999-07-06,11.155113
1999-07-07,11.051716
1999-07-08,10.959816
1999-07-09,10.959816
1999-07-12,10.890886
1999-07-13,10.810465
1999-07-14,10.833446
1999-07-15,10.977048
1999-07-16,11.040230
1999-07-19,11.017251
1999-07-20,10.730043
1999-07-21,10.626656
1999-07-22,10.488792
1999-07-23,10.408376
1999-07-26,10.465818
1999-07-27,10.523257
1999-07-28,10.488792
1999-07-29,10.327956
1999-07-30,10.132658
1999-08-02,10.057984
1999-08-03,9.931617
1999-08-04,9.730572
1999-08-05,9.644404
1999-08-06,9.569732
1999-08-09,9.443366
1999-08-10,9.443366
1999-08-11,9.650150
1999-08-12,9.765033
1999-08-13,9.960330
1999-08-16,10.098192
1999-08-17,10.075216
1999-08-18,10.040754
1999-08-19,9.954585
1999-08-20,10.063731
1999-08-23,10.224566
1999-08-24,10.213075
1999-08-25,10.316472
1999-08-26,10.115426
1999-08-27,10.075216
1999-08-30,9.856942
1999-08-31,9.742054
1999-09-01,9.753545
1999-09-02,9.638663
1999-09-03,9.902890
1999-09-07,9.747804
1999-09-08,9.696105
1999-09-09,9.730572
1999-09-10,9.914380
1999-09-13,9.885658
1999-09-14,9.833960
1999-09-15,9.747804
1999-09-16,9.541017
1999-09-17,9.675430
1999-09-20,9.663929
1999-09-21,9.445338
1999-09-22,9.548883
1999-09-23,9.594897
1999-09-24,9.399319
1999-09-27,9.560382
1999-09-28,9.531627
1999-09-29,9.462592
1999-09-30,9.600648
1999-10-01,9.652424
1999-10-04,9.963055
1999-10-05,9.980309
1999-10-06,10.089601
1999-10-07,10.060835
1999-10-08,10.348455
1999-10-11,10.423233
1999-10-12,10.210402
1999-10-13,10.089601
1999-10-14,9.945797
1999-10-15,9.692691
1999-10-18,9.755962
1999-10-19,9.853755
1999-10-20,10.026321
1999-10-21,9.940037
1999-10-22,10.198896
1999-10-25,10.020571
1999-10-26,9.773224
1999-10-27,9.801985
1999-10-28,10.170135
1999-10-29,10.451999
1999-11-01,10.377217
1999-11-02,10.302433
1999-11-03,10.216146
1999-11-04,10.342703
1999-11-05,10.411733
1999-11-08,10.377217
1999-11-09,10.267922
1999-11-10,10.308192
1999-11-11,10.331201
1999-11-12,10.572796
1999-11-15,10.590055
1999-11-16,10.636075
1999-11-17,10.544035
1999-11-18,10.590055
1999-11-19,10.492265
1999-11-22,10.371461
1999-11-23,10.331201
1999-11-24,10.388718
1999-11-26,10.515274
1999-11-29,10.607305
1999-11-30,10.457748
1999-12-01,10.584303
1999-12-02,10.538280
1999-12-03,10.659081
1999-12-06,10.676341
1999-12-07,10.498018
1999-12-08,10.440495
1999-12-09,10.423233
1999-12-10,10.710856
1999-12-13,11.032982
1999-12-14,10.889178
1999-12-15,10.940945
1999-12-16,11.182543
1999-12-17,11.127439
1999-12-20,10.804899
1999-12-21,10.850979
1999-12-22,10.874016
1999-12-23,11.087122
1999-12-27,11.196550
1999-12-28,11.311747
1999-12-29,11.357811
1999-12-30,11.323263
1999-12-31,11.449974
2000-01-03,11.104397
2000-01-04,10.770345
2000-01-05,10.637876
2000-01-06,10.758825
2000-01-07,11.265668
2000-01-10,11.208070
2000-01-11,11.144717
2000-01-12,11.081358
2000-01-13,11.138961
2000-01-14,11.110156
2000-01-18,11.046803
2000-01-19,11.023767
2000-01-20,10.874016
2000-01-21,10.649395
2000-01-24,10.251989
2000-01-25,10.315340
2000-01-26,10.390216
2000-01-27,10.361418
2000-01-28,9.952488
2000-01-31,10.027362
2000-02-01,10.390216
2000-02-02,10.321104
2000-02-03,10.361418
2000-02-04,10.344138
2000-02-07,10.125274
2000-02-08,10.355659
2000-02-09,10.182876
2000-02-10,10.090722
2000-02-11,9.946733
2000-02-14,9.998565
2000-02-15,10.021605
2000-02-16,9.629956
2000-02-17,9.353498
2000-02-18,9.215269
2000-02-22,9.238303
2000-02-23,9.209514
2000-02-24,8.915774
2000-02-25,8.950331
2000-02-28,9.272862
2000-02-29,9.468694
2000-03-01,9.359255
2000-03-02,9.347738
2000-03-03,9.520525
2000-03-06,9.295899
2000-03-07,9.036721
2000-03-08,9.146152
2000-03-09,9.330462
2000-03-10,9.203748
2000-03-13,9.128870
2000-03-14,9.146152
2000-03-15,9.699071
2000-03-16,10.413252
2000-03-17,10.439338
2000-03-20,10.341237
2000-03-21,10.456651
2000-03-22,10.410485
2000-03-23,10.439338
2000-03-24,10.473964
2000-03-27,10.445107
2000-03-28,10.479739
2000-03-29,10.687478
2000-03-30,10.924081
2000-03-31,10.808666
2000-04-03,11.131831
2000-04-04,10.993333
2000-04-05,11.010646
2000-04-06,11.126058
2000-04-07,11.126058
2000-04-10,11.385744
2000-04-11,11.466540
2000-04-12,11.443456
2000-04-13,11.229933
2000-04-14,10.341237
2000-04-17,10.352776
2000-04-18,10.572067
2000-04-19,10.652856
2000-04-20,10.791352
2000-04-24,10.906774
2000-04-25,11.102978
2000-04-26,11.091439
2000-04-27,10.860602
2000-04-28,10.583607
2000-05-01,10.906774
2000-05-02,10.831751
2000-05-03,10.318160
2000-05-04,10.150803
2000-05-05,10.277756
2000-05-08,10.248904
2000-05-09,10.352776
2000-05-10,10.352776
2000-05-11,10.445107
2000-05-12,10.595149
2000-05-15,10.629771
2000-05-16,10.710564
2000-05-17,10.456651
2000-05-18,10.664397
2000-05-19,10.393177
2000-05-22,10.237360
2000-05-23,10.191191
2000-05-24,10.006524
2000-05-25,9.914200
2000-05-26,9.706447
2000-05-30,9.781471
2000-05-31,10.012300
2000-06-01,10.087322
2000-06-02,10.364322
2000-06-05,10.306612
2000-06-06,9.977678
2000-06-07,9.977678
2000-06-08,9.879576
2000-06-09,9.717994
2000-06-12,9.475620
2000-06-13,9.660284
2000-06-14,9.694909
2000-06-15,9.671825
2000-06-16,9.563128
2000-06-19,9.551564
2000-06-20,9.343420
2000-06-21,9.279821
2000-06-22,9.239345
2000-06-23,9.297167
2000-06-26,9.297167
2000-06-27,9.563128
2000-06-28,9.528439
2000-06-29,9.366547
2000-06-30,9.470618
2000-07-03,9.597816
2000-07-05,9.713456
2000-07-06,9.782837
2000-07-07,10.256943
2000-07-10,10.407277
2000-07-11,10.482431
2000-07-12,10.511344
2000-07-13,10.314767
2000-07-14,10.441964
2000-07-17,10.384147
2000-07-18,10.407277
2000-07-19,10.274289
2000-07-20,10.245385
2000-07-21,10.222254
2000-07-24,10.060361
2000-07-25,10.083492
2000-07-26,10.048799
2000-07-27,10.129747
2000-07-28,9.817525
2000-07-31,9.620942
2000-08-01,9.759707
2000-08-02,9.759707
2000-08-03,9.713456
2000-08-04,9.672987
2000-08-07,9.933164
2000-08-08,10.228037
2000-08-09,10.048799
2000-08-10,9.759707
2000-08-11,9.898475
2000-08-14,10.025669
2000-08-15,9.736584
2000-08-16,9.545780
2000-08-17,9.551564
2000-08-18,9.678763
2000-08-21,9.447487
2000-08-22,9.632506
2000-08-23,9.574689
2000-08-24,9.574689
2000-08-25,9.661416
2000-08-28,9.505310
2000-08-29,9.464835
2000-08-30,9.354980
2000-08-31,9.221999
2000-09-01,9.407016
2000-09-05,9.505310
2000-09-06,9.644070
2000-09-07,9.563128
2000-09-08,9.742362
2000-09-11,9.921603
2000-09-12,9.921603
2000-09-13,9.921603
2000-09-14,9.863783
2000-09-15,9.778141
2000-09-18,9.581065
2000-09-19,9.418777
2000-09-20,9.233294
2000-09-21,9.575264
2000-09-22,9.511517
2000-09-25,9.366611
2000-09-26,9.157948
2000-09-27,9.244889
2000-09-28,9.389796
2000-09-29,9.233294
2000-10-02,9.088394
2000-10-03,9.157948
2000-10-04,9.320241
2000-10-05,9.198521
2000-10-06,8.908712
2000-10-09,8.966678
2000-10-10,8.972474
2000-10-11,8.717438
2000-10-12,8.108843
2000-10-13,8.276931
2000-10-16,8.421833
2000-10-17,8.189987
2000-10-18,8.346484
2000-10-19,8.688462
2000-10-20,8.531961
2000-10-23,8.584126
2000-10-24,8.589918
2000-10-25,8.462404
2000-10-26,8.433423
2000-10-27,8.514577
2000-10-30,8.729028
2000-10-31,9.117372
2000-11-01,9.192725
2000-11-02,9.273869
2000-11-03,9.140553
2000-11-06,9.262279
2000-11-07,9.169540
2000-11-08,9.273869
2000-11-09,8.914513
2000-11-10,8.502983
2000-11-13,8.740623
2000-11-14,9.001451
2000-11-15,9.088394
2000-11-16,8.989859
2000-11-17,8.984067
2000-11-20,8.763809
2000-11-21,8.694253
2000-11-22,8.601518
2000-11-24,8.659474
2000-11-27,8.972474
2000-11-28,8.937689
2000-11-29,9.065209
2000-11-30,8.891328
2000-12-01,8.902919
2000-12-04,9.239095
2000-12-05,9.459351
2000-12-06,9.401384
2000-12-07,9.273869
2000-12-08,9.372403
2000-12-11,9.256481
2000-12-12,9.273869
2000-12-13,9.088394
2000-12-14,9.059412
2000-12-15,8.820615
2000-12-18,9.012370
2000-12-19,8.797372
2000-12-20,8.692780
2000-12-21,8.960068
2000-12-22,9.111149
2000-12-26,8.936834
2000-12-27,9.366821
2000-12-28,9.483036
2000-12-29,9.517895
2001-01-02,9.500468
2001-01-03,10.250044
2001-01-04,10.395309
2001-01-05,10.052477
2001-01-08,9.918833
2001-01-09,9.837488
2001-01-10,9.901405
2001-01-11,9.988565
2001-01-12,9.982759
2001-01-16,10.215178
2001-01-17,10.075721
2001-01-18,9.924642
2001-01-19,9.529521
2001-01-22,9.889783
2001-01-23,10.005992
2001-01-24,10.017617
2001-01-25,10.174504
2001-01-26,10.064102
2001-01-29,10.263987
2001-01-30,10.293737
2001-01-31,10.624719
2001-02-01,10.609840
2001-02-02,10.409023
2001-02-05,10.349524
2001-02-06,10.360679
2001-02-07,10.382994
2001-02-08,10.078052
2001-02-09,9.947889
2001-02-12,10.226803
2001-02-13,10.364400
2001-02-14,10.263987
2001-02-15,10.260268
2001-02-16,10.130108
2001-02-20,10.263987
2001-02-21,9.821445
2001-02-22,9.668974
2001-02-23,9.828883
2001-02-26,10.130108
2001-02-27,10.078052
2001-02-28,9.866069
2001-03-01,9.706163
2001-03-02,9.780541
2001-03-05,9.676413
2001-03-06,9.921855
2001-03-07,10.167300
2001-03-08,10.330927
2001-03-09,10.226803
2001-03-12,9.847474
2001-03-13,9.802851
2001-03-14,9.590884
2001-03-15,9.698723
2001-03-16,9.502346
2001-03-19,9.614136
2001-03-20,9.636495
2001-03-21,9.576872
2001-03-22,9.278761
2001-03-23,9.383095
2001-03-26,9.547053
2001-03-27,9.755740
2001-03-28,9.595504
2001-03-29,9.688665
2001-03-30,9.722202
2001-04-02,9.725926
2001-04-03,9.398007
2001-04-04,9.498621
2001-04-05,9.711025
2001-04-06,9.681210
2001-04-09,9.591782
2001-04-10,9.688665
2001-04-11,9.580598
2001-04-12,9.416634
2001-04-16,9.461351
2001-04-17,9.591782
2001-04-18,10.180552
2001-04-19,10.210365
2001-04-20,10.102295
2001-04-23,10.035223
2001-04-24,9.860080
2001-04-25,9.867530
2001-04-26,10.113476
2001-04-27,10.355693
2001-04-30,10.173100
2001-05-01,10.284892
2001-05-02,10.366871
2001-05-03,10.247626
2001-05-04,10.340784
2001-05-07,10.262528
2001-05-08,10.255077
2001-05-09,10.098572
2001-05-10,10.389228
2001-05-11,10.433948
2001-05-14,10.407866
2001-05-15,10.370598
2001-05-16,10.497297
2001-05-17,10.657527
2001-05-18,10.650073
2001-05-21,10.769320
2001-05-22,10.806590
2001-05-23,10.612813
2001-05-24,10.575548
2001-05-25,10.523381
2001-05-29,10.441399
2001-05-30,10.251353
2001-05-31,10.415311
2001-06-01,10.378050
2001-06-04,10.344515
2001-06-05,10.467480
2001-06-06,10.359418
2001-06-07,10.437675
2001-06-08,10.474936
2001-06-11,10.318431
2001-06-12,10.396681
2001-06-13,10.284892
2001-06-14,10.176826
2001-06-15,10.075623
2001-06-18,10.183917
2001-06-19,10.217530
2001-06-20,10.366912
2001-06-21,10.553632
2001-06-22,10.449067
2001-06-25,10.314629
2001-06-26,10.176451
2001-06-27,10.127901
2001-06-28,10.288486
2001-06-29,10.333302
2001-07-02,10.434133
2001-07-03,10.415458
2001-07-05,10.202593
2001-07-06,9.959847
2001-07-09,10.030801
2001-07-10,9.985994
2001-07-11,10.094293
2001-07-12,10.531226
2001-07-13,10.703015
2001-07-16,10.732892
2001-07-17,10.792636
2001-07-18,10.800112
2001-07-19,10.874799
2001-07-20,10.885999
2001-07-23,10.684339
2001-07-24,10.531226
2001-07-25,10.736621
2001-07-26,10.747828
2001-07-27,10.717946
2001-07-30,10.788905
2001-07-31,10.792636
2001-08-01,10.781435
2001-08-02,10.848659
2001-08-03,10.777698
2001-08-06,10.583510
2001-08-07,10.703015
2001-08-08,10.568571
2001-08-09,10.531226
2001-08-10,10.523762
2001-08-13,10.404254
2001-08-14,10.434133
2001-08-15,10.344503
2001-08-16,10.422930
2001-08-17,10.150312
2001-08-20,10.277281
2001-08-21,10.023337
2001-08-22,10.049476
2001-08-23,9.997197
2001-08-24,10.187655
2001-08-27,10.176451
2001-08-28,10.090557
2001-08-29,9.903832
2001-08-30,9.702170
2001-08-31,9.847817
2001-09-04,9.900102
2001-09-05,9.903832
2001-09-06,9.545324
2001-09-07,9.198021
2001-09-10,9.119596
2001-09-17,8.271868
2001-09-18,8.320416
2001-09-19,8.129962
2001-09-20,7.849867
2001-09-21,7.884708
2001-09-24,8.319205
2001-09-25,8.341684
2001-09-26,8.367901
2001-09-27,8.390376
2001-09-28,8.603882
2001-10-01,8.596393
2001-10-02,8.836117
2001-10-03,9.147009
2001-10-04,8.952233
2001-10-05,9.027143
2001-10-08,8.843608
2001-10-09,8.851094
2001-10-10,9.218179
2001-10-11,9.514089
2001-10-12,9.308072
2001-10-15,9.281857
2001-10-16,9.375496
2001-10-17,9.139520
2001-10-18,9.139520
2001-10-19,9.012164
2001-10-22,9.214434
2001-10-23,9.233161
2001-10-24,9.195704
2001-10-25,9.281857
2001-10-26,9.379238
2001-10-29,9.053369
2001-10-30,8.881062
2001-10-31,9.057114
2001-11-01,9.225670
2001-11-02,9.364258
2001-11-05,9.585257
2001-11-06,9.701374
2001-11-07,9.633952
2001-11-08,9.716356
2001-11-09,9.663915
2001-11-12,9.697626
2001-11-13,9.944844
2001-11-14,10.169584
2001-11-15,10.169584
2001-11-16,10.057218
2001-11-19,10.390582
2001-11-20,10.263232
2001-11-21,10.165839
2001-11-23,10.281959
2001-11-26,10.364365
2001-11-27,10.177079
2001-11-28,10.113403
2001-11-29,10.184575
2001-11-30,10.263232
2001-12-03,10.113403
2001-12-04,10.338140
2001-12-05,10.645290
2001-12-06,10.525427
2001-12-07,10.529171
2001-12-10,10.390582
2001-12-11,10.319415
2001-12-12,10.338140
2001-12-13,10.222027
2001-12-14,10.304433
2001-12-17,10.416805
2001-12-18,10.525427
2001-12-19,10.577869
2001-12-20,10.514190
2001-12-21,10.665756
2001-12-24,10.703269
2001-12-26,10.804562
2001-12-27,10.815817
2001-12-28,10.894602
2001-12-31,10.729530
2002-01-02,10.763296
2002-01-03,10.729530
2002-01-04,10.905851
2002-01-07,10.842084
2002-01-08,10.879600
2002-01-09,10.729530
2002-01-10,10.804562
2002-01-11,10.601975
2002-01-14,10.523195
2002-01-15,10.590721
2002-01-16,10.410648
2002-01-17,10.534450
2002-01-18,10.504437
2002-01-22,10.571967
2002-01-23,10.800813
2002-01-24,10.804562
2002-01-25,10.692017
2002-01-28,10.875840
2002-01-29,10.646993
2002-01-30,10.917108
2002-01-31,11.082183
2002-02-01,10.969635
2002-02-04,10.785803
2002-02-05,10.774548
2002-02-06,10.688263
2002-02-07,10.560715
2002-02-08,10.654496
2002-02-11,10.973383
2002-02-12,10.879600
2002-02-13,11.040911
2002-02-14,11.082183
2002-02-15,10.954629
2002-02-19,10.827074
2002-02-20,11.040911
2002-02-21,10.935870
2002-02-22,10.950872
2002-02-25,11.134706
2002-02-26,11.254753
2002-02-27,11.235994
2002-02-28,11.142206
2002-03-01,11.247250
2002-03-04,11.416069
2002-03-05,11.082183
2002-03-06,11.235994
2002-03-07,11.322284
2002-03-08,11.386063
2002-03-11,11.333536
2002-03-12,11.356049
2002-03-13,11.329785
2002-03-14,11.329785
2002-03-15,11.475527
2002-03-18,11.479290
2002-03-19,11.528120
2002-03-20,11.483037
2002-03-21,11.340304
2002-03-22,11.287716
2002-03-25,11.081117
2002-03-26,11.231370
2002-03-27,11.306496
2002-03-28,11.283954
2002-04-01,11.073601
2002-04-02,10.874521
2002-04-03,10.791881
2002-04-04,10.938378
2002-04-05,11.005991
2002-04-08,11.171268
2002-04-09,11.250152
2002-04-10,11.381620
2002-04-11,11.208831
2002-04-12,11.437969
2002-04-15,11.265177
2002-04-16,11.430452
2002-04-17,11.314011
2002-04-18,11.238882
2002-04-19,11.287716
2002-04-22,11.178781
2002-04-23,11.197566
2002-04-24,11.099898
2002-04-25,11.129949
2002-04-26,11.062338
2002-04-29,10.942133
2002-04-30,10.968429
2002-05-01,11.028528
2002-05-02,11.129949
2002-05-03,10.979696
2002-05-06,10.780611
2002-05-07,10.938378
2002-05-08,11.099898
2002-05-09,10.930865
2002-05-10,10.750563
2002-05-13,10.867006
2002-05-14,11.253907
2002-05-15,11.186296
2002-05-16,11.268931
2002-05-17,11.362840
2002-05-20,11.325274
2002-05-21,11.043558
2002-05-22,10.994724
2002-05-23,11.099898
2002-05-24,11.013504
2002-05-28,10.840713
2002-05-29,10.818171
2002-05-30,10.724269
2002-05-31,10.912086
2002-06-03,10.622848
2002-06-04,10.562745
2002-06-05,10.780611
2002-06-06,10.611576
2002-06-07,10.622848
2002-06-10,10.799389
2002-06-11,10.743048
2002-06-12,10.833199
2002-06-13,10.585289
2002-06-14,10.517670
2002-06-17,10.795637
2002-06-18,10.761828
2002-06-19,10.716754
2002-06-20,10.558990
2002-06-21,10.393790
2002-06-24,10.506682
2002-06-25,10.329815
2002-06-26,10.235735
2002-06-27,10.295950
2002-06-28,10.337338
2002-07-01,10.024996
2002-07-02,9.885762
2002-07-03,10.013714
2002-07-05,10.408837
2002-07-08,10.265848
2002-07-09,10.032523
2002-07-10,9.705136
2002-07-11,9.697604
2002-07-12,9.573426
2002-07-15,9.426665
2002-07-16,9.170771
2002-07-17,9.121848
2002-07-18,8.971325
2002-07-19,8.534798
2002-07-22,8.395558
2002-07-23,8.260089
2002-07-24,8.745538
2002-07-25,8.602533
2002-07-26,8.704142
2002-07-29,9.182058
2002-07-30,9.148190
2002-07-31,9.103032
2002-08-01,8.824559
2002-08-02,8.433191
2002-08-05,8.237511
2002-08-06,8.482118
2002-08-07,8.602533
2002-08-08,8.715424
2002-08-09,8.749296
2002-08-12,8.625115
2002-08-13,8.527273
2002-08-14,8.993904
2002-08-15,9.362689
2002-08-16,9.351399
2002-08-19,9.569661
2002-08-20,9.501925
2002-08-21,9.659970
2002-08-22,9.806738
2002-08-23,9.535789
2002-08-26,9.592238
2002-08-27,9.396552
2002-08-28,9.287427
2002-08-29,9.373978
2002-08-30,9.377741
2002-09-03,9.042823
2002-09-04,9.212163
2002-09-05,9.042823
2002-09-06,9.325057
2002-09-09,9.449242
2002-09-10,9.565900
2002-09-11,9.569661
2002-09-12,9.332585
2002-09-13,9.426665
2002-09-16,9.453000
2002-09-17,9.347635
2002-09-18,9.358926
2002-09-19,9.031533
2002-09-20,9.167176
2002-09-23,8.880816
2002-09-24,8.741408
2002-09-25,8.914726
2002-09-26,9.129492
2002-09-27,8.861982
2002-09-30,8.541709
2002-10-01,8.779087
2002-10-02,8.583159
2002-10-03,8.541709
2002-10-04,8.432442
2002-10-07,8.104642
2002-10-08,8.345785
2002-10-09,8.044359
2002-10-10,8.187534
2002-10-11,8.583159
2002-10-14,8.650978
2002-10-15,9.080513
2002-10-16,8.918495
2002-10-17,9.016457
2002-10-18,9.140801
2002-10-21,9.344268
2002-10-22,9.291514
2002-10-23,9.397013
2002-10-24,9.280210
2002-10-25,9.468603
2002-10-28,9.317894
2002-10-29,9.306581
2002-10-30,9.144566
2002-10-31,9.118191
2002-11-01,9.253839
2002-11-04,9.212385
2002-11-05,9.336729
2002-11-06,9.442224
2002-11-07,9.212385
2002-11-08,9.091822
2002-11-11,8.944878
2002-11-12,9.080513
2002-11-13,9.106893
2002-11-14,9.363102
2002-11-15,9.438463
2002-11-18,9.283980
2002-11-19,9.091822
2002-11-20,9.178477
2002-11-21,9.419616
2002-11-22,9.445992
2002-11-25,9.506279
2002-11-26,9.246298
2002-11-27,9.630619
2002-11-29,9.540192
2002-12-02,9.608014
2002-12-03,9.306581
2002-12-04,9.306581
2002-12-05,9.242533
2002-12-06,9.231229
2002-12-09,8.929799
2002-12-10,9.091822
2002-12-11,9.080513
2002-12-12,9.023995
2002-12-13,8.861982
2002-12-16,9.080513
2002-12-17,8.948641
2002-12-18,8.835607
2002-12-19,8.756479
2002-12-20,8.867129
2002-12-23,8.742503
2002-12-24,8.697187
2002-12-26,8.795378
2002-12-27,8.591446
2002-12-30,8.674527
2002-12-31,8.727402
2003-01-02,9.055957
2003-01-03,8.848248
2003-01-06,9.010633
2003-01-07,8.961547
2003-01-08,8.878461
2003-01-09,9.123927
2003-01-10,9.146589
2003-01-13,9.191907
2003-01-14,9.203238
2003-01-15,9.093716
2003-01-16,9.059727
2003-01-17,8.969092
2003-01-21,8.716067
2003-01-22,8.591446
2003-01-23,8.791602
2003-01-24,8.546132
2003-01-27,8.410178
2003-01-28,8.534803
2003-01-29,8.610332
2003-01-30,8.364861
2003-01-31,8.436617
2003-02-03,8.466823
2003-02-04,8.293106
2003-02-05,8.270450
2003-02-06,8.240239
2003-02-07,8.176033
2003-02-10,8.179815
2003-02-11,8.210026
2003-02-12,8.142049
2003-02-13,8.040086
2003-02-14,8.213799
2003-02-18,8.440389
2003-02-19,8.323318
2003-02-20,8.244015
2003-02-21,8.368640
2003-02-24,8.134497
2003-02-25,8.300659
2003-02-26,8.187365
2003-02-27,8.300659
2003-02-28,8.398848
2003-03-03,8.270450
2003-03-04,8.040086
2003-03-05,8.142049
2003-03-06,8.047637
2003-03-07,8.168481
2003-03-10,7.975885
2003-03-11,7.907906
2003-03-12,7.892802
2003-03-13,8.311989
2003-03-14,8.327094
2003-03-17,8.727402
2003-03-18,8.670755
2003-03-19,8.836924
2003-03-20,8.904897
2003-03-21,9.182486
2003-03-24,8.762696
2003-03-25,8.891279
2003-03-26,8.902626
2003-03-27,8.868588
2003-03-28,8.777822
2003-03-31,8.596287
2003-04-01,8.698400
2003-04-02,8.925311
2003-04-03,8.970699
2003-04-04,9.034986
2003-04-07,9.114412
2003-04-08,9.121970
2003-04-09,9.000953
2003-04-10,9.103061
2003-04-11,9.008518
2003-04-14,9.239218
2003-04-15,9.307290
2003-04-16,9.178703
2003-04-17,9.352672
2003-04-21,9.356456
2003-04-22,9.545549
2003-04-23,9.643878
2003-04-24,9.492602
2003-04-25,9.348893
2003-04-28,9.564457
2003-04-29,9.643878
2003-04-30,9.602281
2003-05-01,9.515295
2003-05-02,9.606059
2003-05-05,9.572021
2003-05-06,9.696825
2003-05-07,9.689261
2003-05-08,9.598495
2003-05-09,9.708172
2003-05-12,9.855667
2003-05-13,9.844321
2003-05-14,9.768684
2003-05-15,9.791377
2003-05-16,9.806506
2003-05-19,9.511511
2003-05-20,9.515295
2003-05-21,9.556894
2003-05-22,9.719519
2003-05-23,9.685477
2003-05-27,9.908609
2003-05-28,9.912394
2003-05-29,9.901048
2003-05-30,10.112840
2003-06-02,10.207387
2003-06-03,10.192254
2003-06-04,10.351100
2003-06-05,10.407829
2003-06-06,10.354877
2003-06-09,10.207387
2003-06-10,10.320842
2003-06-11,10.434300
2003-06-12,10.498592
2003-06-13,10.385135
2003-06-16,10.627181
2003-06-17,10.627181
2003-06-18,10.528847
2003-06-19,10.354877
2003-06-20,10.369270
2003-06-23,10.240505
2003-06-24,10.240505
2003-06-25,10.179911
2003-06-26,10.255657
2003-06-27,10.195058
2003-06-30,10.259439
2003-07-01,10.236721
2003-07-02,10.331400
2003-07-03,10.320034
2003-07-07,10.528329
2003-07-08,10.676037
2003-07-09,10.543480
2003-07-10,10.407140
2003-07-11,10.562411
2003-07-14,10.619226
2003-07-15,10.554842
2003-07-16,10.524548
2003-07-17,10.403355
2003-07-18,10.471530
2003-07-21,10.354124
2003-07-22,10.429867
2003-07-23,10.384418
2003-07-24,10.373055
2003-07-25,10.509393
2003-07-28,10.562411
2003-07-29,10.494243
2003-07-30,10.426079
2003-07-31,10.448801
2003-08-01,10.437442
2003-08-04,10.357910
2003-08-05,10.187485
2003-08-06,10.221573
2003-08-07,10.308674
2003-08-08,10.407140
2003-08-11,10.452591
2003-08-12,10.592714
2003-08-13,10.554842
2003-08-14,10.604074
2003-08-15,10.679820
2003-08-18,10.740415
2003-08-19,10.751777
2003-08-20,10.816155
2003-08-21,10.899474
2003-08-22,10.751777
2003-08-25,10.717688
2003-08-26,10.789645
2003-08-27,10.804795
2003-08-28,10.880537
2003-08-29,10.982792
2003-09-02,11.134276
2003-09-03,11.130492
2003-09-04,11.164577
2003-09-05,11.054748
2003-09-08,11.058537
2003-09-09,10.842666
2003-09-10,10.706331
2003-09-11,10.793433
2003-09-12,10.755561
2003-09-15,10.793433
2003-09-16,10.952493
2003-09-17,10.948709
2003-09-18,11.020663
2003-09-19,10.955440
2003-09-22,10.788587
2003-09-23,10.887183
2003-09-24,10.674825
2003-09-25,10.633109
2003-09-26,10.515552
2003-09-29,10.500384
2003-09-30,10.458673
2003-10-01,10.746877
2003-10-02,10.803759
2003-10-03,10.925105
2003-10-06,11.004733
2003-10-07,11.050243
2003-10-08,10.970611
2003-10-09,11.110915
2003-10-10,11.133673
2003-10-13,11.247433
2003-10-14,11.308107
2003-10-15,11.262603
2003-10-16,11.311898
2003-10-17,11.152629
2003-10-20,11.141259
2003-10-21,11.175384
2003-10-22,11.019902
2003-10-23,11.019902
2003-10-24,11.031282
2003-10-27,11.152629
2003-10-28,11.402912
2003-10-29,11.380156
2003-10-30,11.418078
2003-10-31,11.410495
2003-11-03,11.497707
2003-11-04,11.429458
2003-11-05,11.418078
2003-11-06,11.501504
2003-11-07,11.531841
2003-11-10,11.395326
2003-11-11,11.376368
2003-11-12,11.490127
2003-11-13,11.448415
2003-11-14,11.323277
2003-11-17,11.220890
2003-11-18,11.076789
2003-11-19,11.148841
2003-11-20,11.137460
2003-11-21,11.186760
2003-11-24,11.410495
2003-11-25,11.520463
2003-11-26,11.516675
2003-11-28,11.512882
2003-12-01,11.622856
2003-12-02,11.535637
2003-12-03,11.490127
2003-12-04,11.463589
2003-12-05,11.346026
2003-12-08,11.395326
2003-12-09,11.338443
2003-12-10,11.285357
2003-12-11,11.459792
2003-12-12,11.520463
2003-12-15,11.471167
2003-12-16,11.444621
2003-12-17,11.550803
2003-12-18,11.698696
2003-12-19,11.734442
2003-12-22,11.772461
2003-12-23,11.810487
2003-12-24,11.764859
2003-12-26,11.818092
2003-12-29,11.924563
2003-12-30,11.886537
2003-12-31,11.973995
2004-01-02,11.871327
2004-01-05,11.973995
2004-01-06,12.019626
2004-01-07,12.072860
2004-01-08,12.034834
2004-01-09,11.985401
2004-01-12,11.958784
2004-01-13,11.939770
2004-01-14,12.034834
2004-01-15,12.069057
2004-01-16,12.069057
2004-01-20,11.981601
2004-01-21,12.129895
2004-01-22,12.224958
2004-01-23,12.186934
2004-01-26,12.209749
2004-01-27,12.126101
2004-01-28,11.837107
2004-01-29,11.913157
2004-01-30,11.905547
2004-02-02,11.871327
2004-02-03,11.806686
2004-02-04,11.791476
2004-02-05,11.882730
2004-02-06,12.008213
2004-02-09,12.023424
2004-02-10,12.126101
2004-02-11,12.247769
2004-02-12,12.186934
2004-02-13,12.065255
2004-02-17,12.221156
2004-02-18,12.148911
2004-02-19,12.160316
2004-02-20,12.069057
2004-02-23,11.981601
2004-02-24,12.004413
2004-02-25,12.069057
2004-02-26,12.145109
2004-02-27,12.164119
2004-03-01,12.240167
2004-03-02,12.205949
2004-03-03,12.217352
2004-03-04,12.266786
2004-03-05,12.354244
2004-03-08,12.183131
2004-03-09,12.103278
2004-03-10,11.954985
2004-03-11,11.734442
2004-03-12,11.920762
2004-03-15,11.685003
2004-03-16,11.787673
2004-03-17,11.954985
2004-03-18,11.924563
2004-03-19,11.856786
2004-03-22,11.674022
2004-03-23,11.651178
2004-03-24,11.708294
2004-03-25,11.913900
2004-03-26,11.902478
2004-03-29,12.012896
2004-03-30,12.104285
2004-03-31,12.089055
2004-04-01,12.142355
2004-04-02,12.252771
2004-04-05,12.378425
2004-04-06,12.351768
2004-04-07,12.260390
2004-04-08,12.184237
2004-04-12,12.287045
2004-04-13,12.058586
2004-04-14,12.039552
2004-04-15,12.028132
2004-04-16,12.142355
2004-04-19,12.149972
2004-04-20,12.073814
2004-04-21,12.089055
2004-04-22,12.332737
2004-04-23,12.283234
2004-04-26,12.184237
2004-04-27,12.268006
2004-04-28,12.123316
2004-04-29,12.043360
2004-04-30,11.951978
2004-05-03,12.012896
2004-05-04,11.990053
2004-05-05,12.016706
2004-05-06,11.837750
2004-05-07,11.552183
2004-05-10,11.407495
2004-05-11,11.575031
2004-05-12,11.613103
2004-05-13,11.575031
2004-05-14,11.578832
2004-05-17,11.396071
2004-05-18,11.575031
2004-05-19,11.525527
2004-05-20,11.552183
2004-05-21,11.609295
2004-05-24,11.731140
2004-05-25,11.967207
2004-05-26,11.974820
2004-05-27,12.028132
2004-05-28,12.028132
2004-06-01,12.016706
2004-06-02,12.062396
2004-06-03,11.986243
2004-06-04,12.035746
2004-06-07,12.203276
2004-06-08,12.245159
2004-06-09,12.153776
2004-06-10,12.203276
2004-06-14,12.047169
2004-06-15,12.119512
2004-06-16,12.130932
2004-06-17,12.161394
2004-06-18,12.158341
2004-06-21,12.116402
2004-06-22,12.063027
2004-06-23,12.158341
2004-06-24,12.162153
2004-06-25,12.150722
2004-06-28,12.127846
2004-06-29,12.036343
2004-06-30,12.059213
2004-07-01,11.986778
2004-07-02,11.921965
2004-07-06,11.845710
2004-07-07,11.811393
2004-07-08,11.651265
2004-07-09,11.716082
2004-07-12,11.746584
2004-07-13,11.792336
2004-07-14,11.742770
2004-07-15,11.685580
2004-07-16,11.555954
2004-07-19,11.510201
2004-07-20,11.639832
2004-07-21,11.536890
2004-07-22,11.555954
2004-07-23,11.487325
2004-07-26,11.388198
2004-07-27,11.582643
2004-07-28,11.533085
2004-07-29,11.590273
2004-07-30,11.601703
2004-08-02,11.670334
2004-08-03,11.552141
2004-08-04,11.491141
2004-08-05,11.289074
2004-08-06,11.125133
2004-08-09,11.109885
2004-08-10,11.273828
2004-08-11,11.193760
2004-08-12,11.041251
2004-08-13,11.067943
2004-08-16,11.331017
2004-08-17,11.475893
2004-08-18,11.575022
2004-08-19,11.521640
2004-08-20,11.624580
2004-08-23,11.563580
2004-08-24,11.594080
2004-08-25,11.681767
2004-08-26,11.677957
2004-08-27,11.677957
2004-08-30,11.586454
2004-08-31,11.578828
2004-09-01,11.616949
2004-09-02,11.799959
2004-09-03,11.788523
2004-09-07,11.868587
2004-09-08,11.830461
2004-09-09,11.769459
2004-09-10,11.876212
2004-09-13,11.914333
2004-09-14,11.967710
2004-09-15,11.899086
2004-09-16,11.971523
2004-09-17,11.996730
2004-09-20,11.905088
2004-09-21,11.996730
2004-09-22,11.836362
2004-09-23,11.878362
2004-09-24,11.912727
2004-09-27,11.828726
2004-09-28,11.821089
2004-09-29,11.863087
2004-09-30,11.912727
2004-10-01,12.061630
2004-10-04,12.176181
2004-10-05,12.160907
2004-10-06,12.225817
2004-10-07,12.137997
2004-10-08,12.042545
2004-10-11,12.088361
2004-10-12,12.057813
2004-10-13,12.019636
2004-10-14,11.916543
2004-10-15,12.000547
2004-10-18,12.084545
2004-10-19,12.008183
2004-10-20,11.943272
2004-10-21,12.050180
2004-10-22,11.947090
2004-10-25,11.935633
2004-10-26,12.134182
2004-10-27,12.340364
2004-10-28,12.409086
2004-10-29,12.393820
2004-11-01,12.443457
2004-11-02,12.489273
2004-11-03,12.519817
2004-11-04,12.794724
2004-11-05,12.840544
2004-11-08,12.848176
2004-11-09,12.859635
2004-11-10,12.859635
2004-11-11,12.978000
2004-11-12,13.061996
2004-11-15,13.100177
2004-11-16,12.978000
2004-11-17,12.989454
2004-11-18,13.050540
2004-11-19,12.886364
2004-11-22,12.966543
2004-11-23,13.039094
2004-11-24,13.126907
2004-11-26,13.142179
2004-11-29,13.054360
2004-11-30,12.913090
2004-12-01,13.115448
2004-12-02,13.130720
2004-12-03,13.088730
2004-12-06,13.065815
2004-12-07,12.974182
2004-12-08,13.050540
2004-12-09,13.149817
2004-12-10,13.134547
2004-12-13,13.180360
2004-12-14,13.249084
2004-12-15,13.306363
2004-12-16,13.283450
2004-12-17,13.225235
2004-12-20,13.209915
2004-12-21,13.282686
2004-12-22,13.374606
2004-12-23,13.351633
2004-12-27,13.359289
2004-12-28,13.516324
2004-12-29,13.527811
2004-12-30,13.566112
2004-12-31,13.516324
2005-01-03,13.428231
2005-01-04,13.271199
2005-01-05,13.221403
2005-01-06,13.152466
2005-01-07,13.148635
2005-01-10,13.198421
2005-01-11,13.114166
2005-01-12,13.190767
2005-01-13,13.095011
2005-01-14,13.217571
2005-01-18,13.328650
2005-01-19,13.194600
2005-01-20,12.957129
2005-01-21,12.911168
2005-01-24,12.784778
2005-01-25,12.819250
2005-01-26,12.888186
2005-01-27,12.861385
2005-01-28,12.800095
2005-01-31,12.937979
2005-02-01,12.949471
2005-02-02,12.987771
2005-02-03,12.960965
2005-02-04,13.079695
2005-02-07,13.114166
2005-02-08,13.083522
2005-02-09,12.937979
2005-02-10,12.991599
2005-02-11,13.056711
2005-02-14,13.037568
2005-02-15,13.140971
2005-02-16,13.117993
2005-02-17,13.052880
2005-02-18,13.026073
2005-02-22,12.769462
2005-02-23,12.849891
2005-02-24,12.861385
2005-02-25,12.922661
2005-02-28,12.869040
2005-03-01,13.014586
2005-03-02,13.022242
2005-03-03,13.006925
2005-03-04,13.117993
2005-03-07,13.129486
2005-03-08,13.060545
2005-03-09,12.915001
2005-03-10,12.937979
2005-03-11,12.922661
2005-03-14,12.941815
2005-03-15,12.957129
2005-03-16,12.880530
2005-03-17,12.892015
2005-03-18,12.818375
2005-03-21,12.757006
2005-03-22,12.649612
2005-03-23,12.607424
2005-03-24,12.626602
2005-03-28,12.714817
2005-03-29,12.553727
2005-03-30,12.757006
2005-03-31,12.718650
2005-04-01,12.618932
2005-04-04,12.653453
2005-04-05,12.730164
2005-04-06,12.676456
2005-04-07,12.733992
2005-04-08,12.634273
2005-04-11,12.565229
2005-04-12,12.684136
2005-04-13,12.492357
2005-04-14,12.319757
2005-04-15,12.070445
2005-04-18,12.093462
2005-04-19,12.108798
2005-04-20,11.909356
2005-04-21,12.204694
2005-04-22,12.020587
2005-04-25,12.127980
2005-04-26,12.043600
2005-04-27,12.058941
2005-04-28,11.882505
2005-04-29,11.909356
2005-05-02,11.970722
2005-05-03,12.016748
2005-05-04,12.273728
2005-05-05,12.200854
2005-05-06,12.200854
2005-05-09,12.269896
2005-05-10,12.120311
2005-05-11,12.116479
2005-05-12,12.055106
2005-05-13,12.047433
2005-05-16,12.197021
2005-05-17,12.300576
2005-05-18,12.542219
2005-05-19,12.641943
2005-05-20,12.607424
2005-05-23,12.687971
2005-05-24,12.664957
2005-05-25,12.626602
2005-05-26,12.691811
2005-05-27,12.691811
2005-05-31,12.645782
2005-06-01,12.699478
2005-06-02,12.764679
2005-06-03,12.672624
2005-06-06,12.691811
2005-06-07,12.710980
2005-06-08,12.657281
2005-06-09,12.707147
2005-06-10,12.707147
2005-06-13,12.726321
2005-06-14,12.860568
2005-06-15,12.860568
2005-06-16,12.887416
2005-06-17,12.940807
2005-06-20,12.948494
2005-06-21,12.956178
2005-06-22,12.952335
2005-06-23,12.725706
2005-06-24,12.614311
2005-06-27,12.556692
2005-06-28,12.733390
2005-06-29,12.656569
2005-06-30,12.591262
2005-07-01,12.621993
2005-07-05,12.741064
2005-07-06,12.625837
2005-07-07,12.664253
2005-07-08,12.860147
2005-07-11,12.929279
2005-07-12,13.013793
2005-07-13,12.979219
2005-07-14,13.048361
2005-07-15,13.102138
2005-07-18,13.113660
2005-07-19,13.194324
2005-07-20,13.244258
2005-07-21,13.213528
2005-07-22,13.278825
2005-07-25,13.175118
2005-07-26,13.282676
2005-07-27,13.317244
2005-07-28,13.451677
2005-07-29,13.305719
2005-08-01,13.309560
2005-08-02,13.374857
2005-08-03,13.317244
2005-08-04,13.202008
2005-08-05,13.102138
2005-08-08,13.071404
2005-08-09,13.217369
2005-08-10,13.209684
2005-08-11,13.267304
2005-08-12,13.232739
2005-08-15,13.328758
2005-08-16,13.052206
2005-08-17,13.129021
2005-08-18,13.075249
2005-08-19,13.009947
2005-08-22,13.002271
2005-08-23,12.960012
2005-08-24,12.867830
2005-08-25,12.902408
2005-08-26,12.848625
2005-08-29,12.887040
2005-08-30,12.756433
2005-08-31,12.867830
2005-09-01,12.741064
2005-09-02,12.694974
2005-09-06,12.913927
2005-09-07,13.006113
2005-09-08,12.883190
2005-09-09,12.990742
2005-09-12,13.025308
2005-09-13,12.837094
2005-09-14,12.718027
2005-09-15,12.741064
2005-09-16,12.752225
2005-09-19,12.598310
2005-09-20,12.378974
2005-09-21,12.182729
2005-09-22,12.378974
2005-09-23,12.425147
2005-09-26,12.409758
2005-09-27,12.405909
2005-09-28,12.294318
2005-09-29,12.417458
2005-09-30,12.502112
2005-10-03,12.467478
2005-10-04,12.382824
2005-10-05,12.175031
2005-10-06,12.186577
2005-10-07,12.198122
2005-10-10,12.105766
2005-10-11,12.059589
2005-10-12,11.924913
2005-10-13,11.959541
2005-10-14,12.078835
2005-10-17,12.101922
2005-10-18,11.974938
2005-10-19,12.201968
2005-10-20,12.051897
2005-10-21,12.036505
2005-10-24,12.244295
2005-10-25,12.155793
2005-10-26,12.082680
2005-10-27,11.840259
2005-10-28,12.048045
2005-10-31,12.248144
2005-11-01,12.255839
2005-11-02,12.471324
2005-11-03,12.475174
2005-11-04,12.521351
2005-11-07,12.621396
2005-11-08,12.479025
2005-11-09,12.475174
2005-11-10,12.663728
2005-11-11,12.702207
2005-11-14,12.709900
2005-11-15,12.521351
2005-11-16,12.513657
2005-11-17,12.679116
2005-11-18,12.763773
2005-11-21,12.809942
2005-11-22,12.867667
2005-11-23,12.960017
2005-11-25,12.960017
2005-11-28,12.840733
2005-11-29,12.821492
2005-11-30,12.736839
2005-12-01,12.883060
2005-12-02,12.925390
2005-12-05,12.848431
2005-12-06,12.886915
2005-12-07,12.875362
2005-12-08,12.821492
2005-12-09,12.840733
2005-12-12,12.856120
2005-12-13,12.913854
2005-12-14,12.979260
2005-12-15,12.952326
2005-12-16,12.921766
2005-12-19,12.782534
2005-12-20,12.755463
2005-12-21,12.767067
2005-12-22,12.770929
2005-12-23,12.794144
2005-12-27,12.685843
2005-12-28,12.709052
2005-12-29,12.705182
2005-12-30,12.627831
2006-01-03,12.763198
2006-01-04,12.774797
2006-01-05,12.786406
2006-01-06,12.890832
2006-01-09,13.022330
2006-01-10,13.026194
2006-01-11,13.091948
2006-01-12,12.975917
2006-01-13,12.979792
2006-01-17,12.910171
2006-01-18,12.867620
2006-01-19,12.964313
2006-01-20,12.743856
2006-01-23,12.736126
2006-01-24,12.863754
2006-01-25,12.817339
2006-01-26,12.871491
2006-01-27,12.929506
2006-01-30,12.898567
2006-01-31,12.852156
2006-02-01,12.894698
2006-02-02,12.879226
2006-02-03,12.817339
2006-02-06,12.813473
2006-02-07,12.736126
2006-02-08,12.825077
2006-02-09,12.821215
2006-02-10,12.867620
2006-02-13,12.836683
2006-02-14,12.979792
2006-02-15,13.037795
2006-02-16,13.080347
2006-02-17,13.002990
2006-02-21,12.933373
2006-02-22,13.030066
2006-02-23,12.960443
2006-02-24,12.937240
2006-02-27,13.053273
2006-02-28,12.944978
2006-03-01,13.041664
2006-03-02,12.956580
2006-03-03,12.948842
2006-03-06,12.867620
2006-03-07,12.809608
2006-03-08,12.832814
2006-03-09,12.782534
2006-03-10,12.902436
2006-03-13,12.898567
2006-03-14,13.037795
2006-03-15,13.111288
2006-03-16,13.138357
2006-03-17,13.160407
2006-03-20,13.129459
2006-03-21,13.055962
2006-03-22,13.098515
2006-03-23,13.090781
2006-03-24,13.071436
2006-03-27,13.067564
2006-03-28,12.997935
2006-03-29,13.113984
2006-03-30,13.059827
2006-03-31,13.021142
2006-04-03,12.974726
2006-04-04,13.048227
2006-04-05,13.133331
2006-04-06,13.160407
2006-04-07,13.102385
2006-04-10,13.083045
2006-04-11,12.978593
2006-04-12,12.966986
2006-04-13,12.997935
2006-04-17,12.932168
2006-04-18,13.121718
2006-04-19,13.075303
2006-04-20,13.125597
2006-04-21,13.025011
2006-04-24,13.021142
2006-04-25,13.001803
2006-04-26,13.090781
2006-04-27,13.195218
2006-04-28,13.187488
2006-05-01,13.113984
2006-05-02,13.125597
2006-05-03,13.160407
2006-05-04,13.233912
2006-05-05,13.388647
2006-05-08,13.407988
2006-05-09,13.446667
2006-05-10,13.454413
2006-05-11,13.319010
2006-05-12,13.187488
2006-05-15,13.222295
2006-05-16,13.129459
2006-05-17,12.947643
2006-05-18,12.939908
2006-05-19,13.028882
2006-05-22,12.936038
2006-05-23,12.839328
2006-05-24,12.858674
2006-05-25,12.982456
2006-05-26,13.025011
2006-05-30,12.827724
2006-05-31,12.966986
2006-06-01,13.168149
2006-06-02,13.141065
2006-06-05,12.932168
2006-06-06,12.866405
2006-06-07,12.870277
2006-06-08,12.850932
2006-06-09,12.819988
2006-06-12,12.649779
2006-06-13,12.549194
2006-06-14,12.607221
2006-06-15,12.881876
2006-06-16,12.851255
2006-06-19,12.781474
2006-06-20,12.734953
2006-06-21,12.859002
2006-06-22,12.758217
2006-06-23,12.746583
2006-06-26,12.812486
2006-06-27,12.649663
2006-06-28,12.661299
2006-06-29,12.936541
2006-06-30,12.944293
2006-07-03,12.963679
2006-07-05,12.843502
2006-07-06,12.851255
2006-07-07,12.754338
2006-07-10,12.769846
2006-07-11,12.758217
2006-07-12,12.556623
2006-07-13,12.327900
2006-07-14,12.168956
2006-07-17,12.254243
2006-07-18,12.180586
2006-07-19,12.424817
2006-07-20,12.261993
2006-07-21,12.149573
2006-07-24,12.413185
2006-07-25,12.525617
2006-07-26,12.382174
2006-07-27,12.355040
2006-07-28,12.506228
2006-07-31,12.513981
2006-08-01,12.397679
2006-08-02,12.498477
2006-08-03,12.576010
2006-08-04,12.579887
2006-08-07,12.552750
2006-08-08,12.424817
2006-08-09,12.254243
2006-08-10,12.420942
2006-08-11,12.417064
2006-08-14,12.451952
2006-08-15,12.626405
2006-08-16,12.754338
2006-08-17,12.831870
2006-08-18,12.827993
2006-08-21,12.688432
2006-08-22,12.676806
2006-08-23,12.564374
2006-08-24,12.498477
2006-08-25,12.498477
2006-08-28,12.622526
2006-08-29,12.715571
2006-08-30,12.723323
2006-08-31,12.762090
2006-09-01,12.866767
2006-09-05,12.905528
2006-09-06,12.746583
2006-09-07,12.789233
2006-09-08,12.905528
2006-09-11,13.006323
2006-09-12,13.308706
2006-09-13,13.362984
2006-09-14,13.328090
2006-09-15,13.384795
2006-09-18,13.314879
2006-09-19,13.342067
2006-09-20,13.439178
2006-09-21,13.365377
2006-09-22,13.353727
2006-09-25,13.559587
2006-09-26,13.676110
2006-09-27,13.652809
2006-09-28,13.648925
2006-09-29,13.575120
2006-10-02,13.606194
2006-10-03,13.722715
2006-10-04,13.920808
2006-10-05,13.959653
2006-10-06,13.932470
2006-10-09,14.029567
2006-10-10,14.115019
2006-10-11,14.080067
2006-10-12,14.266500
2006-10-13,14.227665
2006-10-16,14.216008
2006-10-17,14.165508
2006-10-18,14.177173
2006-10-19,14.169397
2006-10-20,14.149974
2006-10-23,14.336412
2006-10-24,14.390794
2006-10-25,14.340304
2006-10-26,14.538385
2006-10-27,14.394680
2006-10-30,14.484003
2006-10-31,14.452944
2006-11-01,14.340304
2006-11-02,14.324766
2006-11-03,14.216008
2006-11-06,14.390794
2006-11-07,14.429640
2006-11-08,14.499546
2006-11-09,14.452944
2006-11-10,14.499546
2006-11-13,14.518974
2006-11-14,14.678222
2006-11-15,14.732597
2006-11-16,14.829701
2006-11-17,14.802517
2006-11-20,14.744253
2006-11-21,14.786970
2006-11-22,14.818058
2006-11-24,14.740364
2006-11-27,14.526742
2006-11-28,14.518974
2006-11-29,14.619957
2006-11-30,14.635494
2006-12-01,14.616079
2006-12-04,14.771435
2006-12-05,14.895733
2006-12-06,14.884078
2006-12-07,14.814170
2006-12-08,14.845238
2006-12-11,14.899618
2006-12-12,14.818058
2006-12-13,14.895733
2006-12-14,15.051102
2006-12-15,14.987948
2006-12-18,14.976254
2006-12-19,14.984056
2006-12-20,14.980149
2006-12-21,14.913896
2006-12-22,14.902194
2006-12-26,14.948971
2006-12-27,15.046411
2006-12-28,15.030829
2006-12-29,14.952870
2007-01-03,15.015241
2007-01-04,15.011342
2007-01-05,14.909992
2007-01-08,14.933385
2007-01-09,15.015241
2007-01-10,15.093201
2007-01-11,15.260818
2007-01-12,15.303693
2007-01-16,15.358266
2007-01-17,15.358266
2007-01-18,15.444024
2007-01-19,15.440125
2007-01-22,15.342667
2007-01-23,15.397244
2007-01-24,15.455717
2007-01-25,15.210140
2007-01-26,15.136076
2007-01-29,15.175056
2007-01-30,15.217934
2007-01-31,15.381651
2007-02-01,15.436223
2007-02-02,15.479102
2007-02-05,15.428435
2007-02-06,15.483006
2007-02-07,15.557057
2007-02-08,15.525873
2007-02-09,15.381651
2007-02-12,15.307592
2007-02-13,15.440125
2007-02-14,15.521977
2007-02-15,15.572658
2007-02-16,15.553177
2007-02-20,15.666213
2007-02-21,15.603840
2007-02-22,15.568757
2007-02-23,15.533673
2007-02-26,15.401143
2007-02-27,14.871018
2007-02-28,14.921682
2007-03-01,14.835927
2007-03-02,14.726781
2007-03-05,14.531881
2007-03-06,14.781363
2007-03-07,14.765765
2007-03-08,14.882703
2007-03-09,14.913896
2007-03-12,14.894394
2007-03-13,14.621537
2007-03-14,14.594252
2007-03-15,14.625432
2007-03-16,14.573887
2007-03-19,14.788671
2007-03-20,14.898008
2007-03-21,15.132317
2007-03-22,15.089364
2007-03-23,15.097175
2007-03-26,15.022979
2007-03-27,14.929254
2007-03-28,14.761336
2007-03-29,14.812100
2007-03-30,14.851148
2007-04-02,14.901917
2007-04-03,15.093265
2007-04-04,15.050309
2007-04-05,15.171371
2007-04-09,15.159657
2007-04-10,15.190901
2007-04-11,15.073733
2007-04-12,15.179175
2007-04-13,15.190901
2007-04-16,15.343203
2007-04-17,15.405670
2007-04-18,15.393962
2007-04-19,15.272907
2007-04-20,15.452544
2007-04-23,15.421296
2007-04-24,15.366633
2007-04-25,15.522833
2007-04-26,15.499396
2007-04-27,15.397869
2007-04-30,15.202610
2007-05-01,15.245565
2007-05-02,15.421296
2007-05-03,15.390048
2007-05-04,15.425204
2007-05-07,15.425204
2007-05-08,15.358811
2007-05-09,15.452544
2007-05-10,15.284614
2007-05-11,15.347100
2007-05-14,15.347100
2007-05-15,15.292437
2007-05-16,15.347100
2007-05-17,15.370532
2007-05-18,15.511113
2007-05-21,15.569693
2007-05-22,15.554070
2007-05-23,15.561880
2007-05-24,15.436921
2007-05-25,15.491583
2007-05-29,15.479875
2007-05-30,15.620460
2007-05-31,15.659510
2007-06-01,15.749330
2007-06-04,15.780578
2007-06-05,15.686834
2007-06-06,15.487680
2007-06-07,15.198708
2007-06-08,15.393962
2007-06-11,15.343203
2007-06-12,15.218234
2007-06-13,15.393962
2007-06-14,15.503303
2007-06-15,15.581548
2007-06-18,15.515042
2007-06-19,15.565895
2007-06-20,15.538509
2007-06-21,15.511126
2007-06-22,15.409423
2007-06-25,15.346825
2007-06-26,15.241197
2007-06-27,15.397674
2007-06-28,15.366378
2007-06-29,15.385940
2007-07-02,15.468101
2007-07-03,15.491557
2007-07-05,15.573719
2007-07-06,15.714546
2007-07-09,15.655865
2007-07-10,15.378126
2007-07-11,15.468101
2007-07-12,15.589361
2007-07-13,15.667611
2007-07-16,15.605016
2007-07-17,15.620664
2007-07-18,15.601110
2007-07-19,15.636310
2007-07-20,15.436790
2007-07-23,15.460267
2007-07-24,15.217734
2007-07-25,15.166871
2007-07-26,14.720901
2007-07-27,14.490091
2007-07-30,14.697430
2007-07-31,14.474448
2007-08-01,14.494009
2007-08-02,14.677874
2007-08-03,14.227981
2007-08-06,14.454887
2007-08-07,14.537033
2007-08-08,14.701342
2007-08-09,14.286674
2007-08-10,14.224074
2007-08-13,14.302315
2007-08-14,13.938504
2007-08-15,13.789841
2007-08-16,13.809407
2007-08-17,13.907197
2007-08-20,13.981530
2007-08-21,14.075418
2007-08-22,14.263194
2007-08-23,14.208428
2007-08-24,14.494009
2007-08-27,14.294486
2007-08-28,13.950235
2007-08-29,14.388379
2007-08-30,14.329704
2007-08-31,14.564428
2007-09-04,14.583980
2007-09-05,14.353176
2007-09-06,14.388379
2007-09-07,14.044119
2007-09-10,13.969800
2007-09-11,14.126277
2007-09-12,14.134095
2007-09-13,14.329704
2007-09-14,14.423585
2007-09-17,14.247552
2007-09-18,14.803054
2007-09-19,14.830441
2007-09-20,14.537033
2007-09-21,14.542136
2007-09-24,14.420620
2007-09-25,14.232475
2007-09-26,14.436296
2007-09-27,14.365749
2007-09-28,14.436296
2007-10-01,14.624448
2007-10-02,14.620530
2007-10-03,14.702842
2007-10-04,14.628366
2007-10-05,14.953702
2007-10-08,14.855709
2007-10-09,14.879223
2007-10-10,14.816516
2007-10-11,14.749877
2007-10-12,14.824353
2007-10-15,14.589168
2007-10-16,14.542136
2007-10-17,14.557807
2007-10-18,14.424545
2007-10-19,14.103123
2007-10-22,14.228551
2007-10-23,14.295191
2007-10-24,14.248152
2007-10-25,14.161917
2007-10-26,14.326549
2007-10-29,14.365749
2007-10-30,14.322622
2007-10-31,14.365749
2007-11-01,14.001210
2007-11-02,13.993372
2007-11-05,13.805226
2007-11-06,13.926736
2007-11-07,13.640599
2007-11-08,13.601399
2007-11-09,13.291739
2007-11-12,13.311343
2007-11-13,13.679796
2007-11-14,13.464204
2007-11-15,13.334855
2007-11-16,13.330941
2007-11-19,13.036962
2007-11-20,13.048723
2007-11-21,12.923293
2007-11-23,13.150632
2007-11-26,12.809617
2007-11-27,13.013443
2007-11-28,13.519092
2007-11-29,13.385816
2007-11-30,13.581804
2007-12-03,13.511249
2007-12-04,13.468134
2007-12-05,13.448524
2007-12-06,13.566127
2007-12-07,13.679796
2007-12-10,13.687628
2007-12-11,13.248631
2007-12-12,13.291739
2007-12-13,13.205510
2007-12-14,13.033042
2007-12-17,12.911533
2007-12-18,13.033042
2007-12-19,12.915454
2007-12-20,12.978168
2007-12-21,13.003833
2007-12-24,13.244638
2007-12-26,13.201213
2007-12-27,13.015671
2007-12-28,12.956453
2007-12-31,12.909082
2008-01-02,12.711698
2008-01-03,12.569578
2008-01-04,12.174799
2008-01-07,12.218229
2008-01-08,11.981366
2008-01-09,12.068213
2008-01-10,12.237964
2008-01-11,11.945837
2008-01-14,12.060319
2008-01-15,11.839247
2008-01-16,11.906357
2008-01-17,11.708967
2008-01-18,11.653701
2008-01-22,11.882669
2008-01-23,12.316919
2008-01-24,12.439300
2008-01-25,12.182702
2008-01-28,12.384032
2008-01-29,12.423512
2008-01-30,12.344557
2008-01-31,12.861712
2008-02-01,12.976191
2008-02-04,12.790648
2008-02-05,12.431406
2008-02-06,12.297185
2008-02-07,12.534048
2008-02-08,12.462992
2008-02-11,12.593265
2008-02-12,12.616947
2008-02-13,12.778808
2008-02-14,12.656425
2008-02-15,12.723538
2008-02-19,12.577472
2008-02-20,12.751169
2008-02-21,12.447201
2008-02-22,12.719588
2008-02-25,12.889345
2008-02-26,13.015671
2008-02-27,12.988038
2008-02-28,12.680111
2008-02-29,12.364299
2008-03-03,12.336658
2008-03-04,12.316919
2008-03-05,12.320868
2008-03-06,12.020842
2008-03-07,11.906357
2008-03-10,11.768188
2008-03-11,12.087952
2008-03-12,12.020842
2008-03-13,12.032686
2008-03-14,11.858982
2008-03-17,11.701073
2008-03-18,12.162957
2008-03-19,12.001104
2008-03-20,12.352912
2008-03-24,12.764020
2008-03-25,12.661243
2008-03-26,12.424066
2008-03-27,12.305483
2008-03-28,12.068302
2008-03-31,12.143407
2008-04-01,12.688917
2008-04-02,12.688917
2008-04-03,12.728441
2008-04-04,12.669147
2008-04-07,12.621714
2008-04-08,12.594044
2008-04-09,12.317337
2008-04-10,12.447784
2008-04-11,12.218513
2008-04-14,12.131547
2008-04-15,12.115738
2008-04-16,12.384541
2008-04-17,12.439880
2008-04-18,12.677055
2008-04-21,12.677055
2008-04-22,12.495221
2008-04-23,12.491266
2008-04-24,12.665195
2008-04-25,12.791692
2008-04-28,12.775877
2008-04-29,12.878656
2008-04-30,12.431974
2008-05-01,13.147456
2008-05-02,13.119785
2008-05-05,12.973525
2008-05-06,13.028864
2008-05-07,12.783789
2008-05-08,12.803547
2008-05-09,12.728441
2008-05-12,12.989337
2008-05-13,13.036770
2008-05-14,13.183026
2008-05-15,13.309524
2008-05-16,13.218603
2008-05-19,13.222564
2008-05-20,13.017005
2008-05-21,12.740300
2008-05-22,12.684963
2008-05-23,12.530796
2008-05-27,12.625666
2008-05-28,12.625666
2008-05-29,12.870744
2008-05-30,12.771931
2008-06-02,12.645430
2008-06-03,12.661243
2008-06-04,12.736350
2008-06-05,12.902373
2008-06-06,12.356869
2008-06-09,12.348961
2008-06-10,12.396395
2008-06-11,12.135503
2008-06-12,12.234326
2008-06-13,12.538701
2008-06-16,12.499175
2008-06-17,12.372680
2008-06-18,12.099927
2008-06-19,12.254093
2008-06-20,11.893863
2008-06-23,11.687562
2008-06-24,11.735168
2008-06-25,11.822450
2008-06-26,11.544743
2008-06-27,11.350348
2008-06-30,11.298772
2008-07-01,11.155953
2008-07-02,11.032967
2008-07-03,11.128182
2008-07-07,11.001228
2008-07-08,11.286871
2008-07-09,11.048834
2008-07-10,10.854441
2008-07-11,10.628305
2008-07-14,10.572760
2008-07-15,10.572760
2008-07-16,10.997262
2008-07-17,11.048834
2008-07-18,11.390015
2008-07-21,11.187691
2008-07-22,11.485234
2008-07-23,11.707401
2008-07-24,11.457464
2008-07-25,11.278937
2008-07-28,11.013127
2008-07-29,11.405889
2008-07-30,11.393988
2008-07-31,11.318607
2008-08-01,11.207525
2008-08-04,11.290836
2008-08-05,11.794683
2008-08-06,11.735168
2008-08-07,11.505070
2008-08-08,12.052554
2008-08-11,12.421511
2008-08-12,12.258851
2008-08-13,12.060488
2008-08-14,12.242985
2008-08-15,12.385805
2008-08-18,12.175538
2008-08-19,11.949403
2008-08-20,11.802615
2008-08-21,11.897833
2008-08-22,12.175538
2008-08-25,11.834355
2008-08-26,11.925602
2008-08-27,11.961307
2008-08-28,12.239014
2008-08-29,12.100157
2008-09-02,12.338191
2008-09-03,12.401671
2008-09-04,11.989079
2008-09-05,12.012877
2008-09-08,12.556402
2008-09-09,12.318361
2008-09-10,12.191408
2008-09-11,12.377872
2008-09-12,12.377872
2008-09-15,11.961307
2008-09-16,12.040654
2008-09-17,11.564580
2008-09-18,11.862123
2008-09-19,12.023367
2008-09-22,11.529688
2008-09-23,11.366461
2008-09-24,11.326650
2008-09-25,11.529688
2008-09-26,11.645144
2008-09-29,10.868808
2008-09-30,11.107679
2008-10-01,11.107679
2008-10-02,10.705572
2008-10-03,10.331338
2008-10-06,10.040702
2008-10-07,9.395741
2008-10-08,9.212605
2008-10-09,8.627361
2008-10-10,8.810499
2008-10-13,9.156869
2008-10-14,9.212605
2008-10-15,8.141651
2008-10-16,8.679117
2008-10-17,8.854295
2008-10-20,8.902068
2008-10-21,8.802539
2008-10-22,8.201373
2008-10-23,8.201373
2008-10-24,7.731582
2008-10-27,7.616124
2008-10-28,8.360623
2008-10-29,8.531812
2008-10-30,8.790596
2008-10-31,9.148906
2008-11-03,8.886144
2008-11-04,9.236496
2008-11-05,8.726893
2008-11-06,8.265067
2008-11-07,8.408395
2008-11-10,8.213312
2008-11-11,7.926656
2008-11-12,7.444932
2008-11-13,8.026192
2008-11-14,7.636031
2008-11-17,7.417059
2008-11-18,7.381235
2008-11-19,6.907464
2008-11-20,6.501376
2008-11-21,6.947277
2008-11-24,7.492705
2008-11-25,7.588256
2008-11-26,8.034158
2008-11-28,8.157575
2008-12-01,7.444932
2008-12-02,7.791300
2008-12-03,8.069983
2008-12-04,8.157575
2008-12-05,8.396450
2008-12-08,8.710969
2008-12-09,8.535794
2008-12-10,8.734854
2008-12-11,8.364600
2008-12-12,8.336729
2008-12-15,8.308867
2008-12-16,8.750777
2008-12-17,8.798557
2008-12-18,8.551718
2008-12-19,8.516418
2008-12-22,8.287764
2008-12-23,8.199512
2008-12-24,8.259678
2008-12-26,8.351944
2008-12-29,8.191491
2008-12-30,8.500375
2008-12-31,8.652803
2009-01-02,9.086053
2009-01-05,9.045936
2009-01-06,9.198376
2009-01-07,8.833323
2009-01-08,8.885475
2009-01-09,8.612693
2009-01-12,8.408111
2009-01-13,8.299795
2009-01-14,7.974864
2009-01-15,8.171423
2009-01-16,8.267707
2009-01-20,7.782310
2009-01-21,8.018993
2009-01-22,7.918702
2009-01-23,7.894632
2009-01-26,7.950793
2009-01-27,7.926725
2009-01-28,8.263696
2009-01-29,7.930737
2009-01-30,7.734173
2009-02-02,7.661969
2009-02-03,7.878589
2009-02-04,7.706092
2009-02-05,7.850507
2009-02-06,8.075150
2009-02-09,8.051080
2009-02-10,7.669990
2009-02-11,7.730161
2009-02-12,7.742195
2009-02-13,7.617841
2009-02-17,7.329012
2009-02-18,7.280873
2009-02-19,7.204660
2009-02-20,7.156519
2009-02-23,6.996058
2009-02-24,7.300936
2009-02-25,7.232737
2009-02-26,7.080297
2009-02-27,7.032162
2009-03-02,6.767402
2009-03-03,6.715253
2009-03-04,6.863678
2009-03-05,6.542758
2009-03-06,6.546771
2009-03-09,6.462527
2009-03-10,6.859668
2009-03-11,6.967978
2009-03-12,7.224713
2009-03-13,7.308955
2009-03-16,7.136460
2009-03-17,7.481447
2009-03-18,7.718127
2009-03-19,7.633886
2009-03-20,7.481434
2009-03-23,8.009769
2009-03-24,7.904913
2009-03-25,7.961376
2009-03-26,8.328388
2009-03-27,8.106571
2009-03-30,7.864577
2009-03-31,7.925079
2009-04-01,8.070267
2009-04-02,8.513913
2009-04-03,8.626836
2009-04-06,8.505844
2009-04-07,8.255794
2009-04-08,8.489714
2009-04-09,8.836562
2009-04-13,8.840595
2009-04-14,8.642974
2009-04-15,8.671204
2009-04-16,8.973686
2009-04-17,9.082582
2009-04-20,8.735738
2009-04-21,8.880928
2009-04-22,8.969649
2009-04-23,8.969649
2009-04-24,9.191475
2009-04-27,9.070482
2009-04-28,9.070482
2009-04-29,9.235837
2009-04-30,9.393135
2009-05-01,9.348768
2009-05-04,9.651254
2009-05-05,9.647217
2009-05-06,9.748048
2009-05-07,9.534292
2009-05-08,9.675452
2009-05-11,9.506060
2009-05-12,9.304406
2009-05-13,8.977722
2009-05-14,8.989819
2009-05-15,8.925293
2009-05-18,9.364899
2009-05-19,9.328600
2009-05-20,9.227779
2009-05-21,9.009986
2009-05-22,9.106778
2009-05-26,9.413298
2009-05-27,9.207608
2009-05-28,9.171311
2009-05-29,9.324571
2009-06-01,9.772247
2009-06-02,9.852909
2009-06-03,9.723848
2009-06-04,9.744014
2009-06-05,9.683516
2009-06-08,9.772247
2009-06-09,9.828711
2009-06-10,9.683516
2009-06-11,9.635120
2009-06-12,9.623024
2009-06-15,9.429434
2009-06-16,9.191475
2009-06-17,9.320536
2009-06-18,9.292305
2009-06-19,9.368448
2009-06-22,9.088981
2009-06-23,8.995821
2009-06-24,9.048474
2009-06-25,9.364401
2009-06-26,9.299595
2009-06-29,9.417057
2009-06-30,9.348202
2009-07-01,9.408954
2009-07-02,9.028221
2009-07-06,9.072778
2009-07-07,8.829756
2009-07-08,8.902660
2009-07-09,8.967468
2009-07-10,8.951267
2009-07-13,9.097079
2009-07-14,9.238839
2009-07-15,9.494013
2009-07-16,9.611467
2009-07-17,9.627676
2009-07-20,9.830194
2009-07-21,9.830194
2009-07-22,9.899050
2009-07-23,10.129913
2009-07-24,10.121819
2009-07-27,10.162321
2009-07-28,10.129913
2009-07-29,10.077266
2009-07-30,10.235223
2009-07-31,10.235223
2009-08-03,10.445847
2009-08-04,10.490396
2009-08-05,10.401292
2009-08-06,10.393189
2009-08-07,10.733418
2009-08-10,10.636210
2009-08-11,10.522797
2009-08-12,10.599755
2009-08-13,10.628110
2009-08-14,10.482295
2009-08-17,10.150167
2009-08-18,10.263581
2009-08-19,10.368886
2009-08-20,10.445847
2009-08-21,10.660512
2009-08-24,10.583552
2009-08-25,10.692913
2009-08-26,10.753666
2009-08-27,10.773921
2009-08-28,10.777972
2009-08-31,10.595707
2009-09-01,10.405340
2009-09-02,10.352687
2009-09-03,10.462042
2009-09-04,10.652411
2009-09-08,10.745572
2009-09-09,10.858979
2009-09-10,11.004788
2009-09-11,10.968336
2009-09-14,11.004788
2009-09-15,11.057447
2009-09-16,11.268064
2009-09-17,11.255915
2009-09-18,11.296548
2009-09-21,11.251848
2009-09-22,11.296548
2009-09-23,11.134008
2009-09-24,11.028359
2009-09-25,10.963342
2009-09-28,11.170578
2009-09-29,11.223406
2009-09-30,11.162451
2009-10-01,10.918641
2009-10-02,10.780481
2009-10-05,10.947083
2009-10-06,11.113690
2009-10-07,11.121817
2009-10-08,11.300610
2009-10-09,11.296548
2009-10-12,11.353439
2009-10-13,11.373754
2009-10-14,11.515977
2009-10-15,11.532230
2009-10-16,11.511913
2009-10-19,11.641944
2009-10-20,11.524107
2009-10-21,11.373754
2009-10-22,11.524107
2009-10-23,11.479404
2009-10-26,11.410323
2009-10-27,11.215278
2009-10-28,10.898326
2009-10-29,11.190898
2009-10-30,10.898326
2009-11-02,11.003977
2009-11-03,11.012103
2009-11-04,11.016167
2009-11-05,11.316866
2009-11-06,11.418452
2009-11-09,11.666323
2009-11-10,11.706959
2009-11-11,11.719148
2009-11-12,11.589120
2009-11-13,11.792295
2009-11-16,11.983281
2009-11-17,11.885753
2009-11-18,11.853248
2009-11-19,11.719148
2009-11-20,11.658197
2009-11-23,11.759786
2009-11-24,11.747594
2009-11-25,11.861376
2009-11-27,11.629754
2009-11-30,11.629754
2009-12-01,11.812612
2009-12-02,11.849184
2009-12-03,11.767918
2009-12-04,11.845120
2009-12-07,11.881691
2009-12-08,11.792295
2009-12-09,11.792295
2009-12-10,11.975153
2009-12-11,12.092992
2009-12-14,12.186457
2009-12-15,12.170202
2009-12-16,12.182389
2009-12-17,12.036107
2009-12-18,12.097798
2009-12-21,12.253059
2009-12-22,12.244889
2009-12-23,12.322515
2009-12-24,12.330686
2009-12-28,12.322515
2009-12-29,12.363370
2009-12-30,12.277571
2009-12-31,12.163172
2010-01-04,12.257142
2010-01-05,12.302086
2010-01-06,12.318427
2010-01-07,12.420572
2010-01-08,12.416482
2010-01-11,12.391970
2010-01-12,12.232627
2010-01-13,12.371541
2010-01-14,12.371541
2010-01-15,12.248968
2010-01-19,12.412395
2010-01-20,12.244889
2010-01-21,12.089629
2010-01-22,11.856740
2010-01-25,11.918027
2010-01-26,11.934371
2010-01-27,11.954800
2010-01-28,11.885345
2010-01-29,11.811802
2010-02-01,11.962974
2010-02-02,12.130487
2010-02-03,12.138658
2010-02-04,11.787285
2010-02-05,11.754600
2010-02-08,11.681058
2010-02-09,11.860828
2010-02-10,11.811802
2010-02-11,11.950712
2010-02-12,11.950712
2010-02-16,12.142744
2010-02-17,12.240801
2010-02-18,12.318427
2010-02-19,12.347030
2010-02-22,12.342940
2010-02-23,12.269396
2010-02-24,12.428743
2010-02-25,12.449169
2010-02-26,12.469602
2010-03-01,12.665713
2010-03-02,12.600345
2010-03-03,12.637114
2010-03-04,12.751516
2010-03-05,12.988482
2010-03-08,13.021173
2010-03-09,13.000742
2010-03-10,13.029342
2010-03-11,13.123310
2010-03-12,13.160086
2010-03-15,13.143741
2010-03-16,13.241802
2010-03-17,13.307171
2010-03-18,13.303086
2010-03-19,13.262969
2010-03-22,13.402148
2010-03-23,13.455364
2010-03-24,13.402148
2010-03-25,13.479925
2010-03-26,13.533142
2010-03-29,13.553609
2010-03-30,13.541332
2010-03-31,13.443087
2010-04-01,13.537231
2010-04-05,13.700977
2010-04-06,13.721447
2010-04-07,13.672316
2010-04-08,13.803308
2010-04-09,13.905651
2010-04-12,13.905651
2010-04-13,13.979337
2010-04-14,14.196286
2010-04-15,14.257697
2010-04-16,14.069389
2010-04-19,14.093955
2010-04-20,14.265877
2010-04-21,14.331371
2010-04-22,14.589271
2010-04-23,14.601542
2010-04-26,14.716163
2010-04-27,14.290438
2010-04-28,14.241317
2010-04-29,14.556519
2010-04-30,14.253597
2010-05-03,14.540147
2010-05-04,14.114420
2010-05-05,13.913840
2010-05-06,13.418521
2010-05-07,13.172912
2010-05-10,13.860622
2010-05-11,13.856525
2010-05-12,14.057106
2010-05-13,13.741907
2010-05-14,13.512675
2010-05-17,13.615013
2010-05-18,13.361213
2010-05-19,13.279345
2010-05-20,12.763564
2010-05-21,12.988707
2010-05-24,12.898648
2010-05-25,13.029639
2010-05-26,12.988707
2010-05-27,13.455364
2010-05-28,13.250689
2010-06-01,13.050104
2010-06-02,13.377586
2010-06-03,13.422614
2010-06-04,12.902743
2010-06-07,12.657129
2010-06-08,12.763564
2010-06-09,12.779930
2010-06-10,13.213849
2010-06-11,13.201565
2010-06-14,13.238412
2010-06-15,13.553609
2010-06-16,13.459455
2010-06-17,13.377586
2010-06-18,13.334474
2010-06-21,13.227691
2010-06-22,12.932012
2010-06-23,12.923795
2010-06-24,12.615792
2010-06-25,12.652754
2010-06-28,12.558302
2010-06-29,12.110673
2010-06-30,11.962826
2010-07-01,12.061388
2010-07-02,11.925866
2010-07-06,11.925866
2010-07-07,12.262618
2010-07-08,12.369391
2010-07-09,12.488482
2010-07-12,12.504914
2010-07-13,12.817026
2010-07-14,12.734888
2010-07-15,12.775957
2010-07-16,12.328328
2010-07-19,12.447418
2010-07-20,12.624006
2010-07-21,12.398138
2010-07-22,12.771853
2010-07-23,12.956651
2010-07-26,13.149666
2010-07-27,12.981290
2010-07-28,12.890943
2010-07-29,12.825238
2010-07-30,12.911478
2010-08-02,13.186628
2010-08-03,12.985400
2010-08-04,13.203051
2010-08-05,13.244120
2010-08-06,13.153769
2010-08-09,13.281082
2010-08-10,13.166093
2010-08-11,12.821125
2010-08-12,12.771853
2010-08-13,12.628117
2010-08-16,12.624006
2010-08-17,12.829341
2010-08-18,12.948439
2010-08-19,12.697927
2010-08-20,12.689718
2010-08-23,12.574727
2010-08-24,12.361181
2010-08-25,12.488482
2010-08-26,12.402246
2010-08-27,12.603475
2010-08-30,12.381714
2010-08-31,12.398138
2010-09-01,12.825238
2010-09-02,13.063423
2010-09-03,13.256443
2010-09-07,13.042891
2010-09-08,13.137342
2010-09-09,13.149666
2010-09-10,13.260546
2010-09-13,13.420712
2010-09-14,13.433027
2010-09-15,13.457669
2010-09-16,13.457669
2010-09-17,13.492686
2010-09-20,13.752250
2010-09-21,13.694565
2010-09-22,13.603924
2010-09-23,13.533886
2010-09-24,13.884082
2010-09-27,13.793441
2010-09-28,13.900561
2010-09-29,13.801677
2010-09-30,13.764599
2010-10-01,13.781080
2010-10-04,13.752250
2010-10-05,14.040638
2010-10-06,13.945872
2010-10-07,14.011791
2010-10-08,14.155991
2010-10-11,14.160111
2010-10-12,14.193068
2010-10-13,14.213669
2010-10-14,14.197190
2010-10-15,14.300185
2010-10-18,14.320789
2010-10-19,14.061237
2010-10-20,14.242510
2010-10-21,14.324906
2010-10-22,14.403188
2010-10-25,14.493823
2010-10-26,14.555624
2010-10-27,14.464985
2010-10-28,14.530905
2010-10-29,14.526787
2010-11-01,14.497937
2010-11-02,14.662744
2010-11-03,14.736902
2010-11-04,14.967611
2010-11-05,15.041768
2010-11-08,15.017057
2010-11-09,14.881095
2010-11-10,15.012930
2010-11-11,14.992332
2010-11-12,14.835775
2010-11-15,14.806937
2010-11-16,14.605061
2010-11-17,14.732779
2010-11-18,14.860491
2010-11-19,14.930537
2010-11-22,15.000573
2010-11-23,14.778103
2010-11-24,15.082979
2010-11-26,14.959377
2010-11-29,14.926414
2010-11-30,14.893456
2010-12-01,15.210688
2010-12-02,15.408445
2010-12-03,15.416686
2010-12-06,15.433163
2010-12-07,15.441401
2010-12-08,15.400195
2010-12-09,15.420808
2010-12-10,15.474367
2010-12-13,15.400195
2010-12-14,15.396081
2010-12-15,15.346646
2010-12-16,15.457881
2010-12-17,15.482748
2010-12-20,15.573917
2010-12-21,15.640230
2010-12-22,15.660953
2010-12-23,15.594650
2010-12-27,15.549053
2010-12-28,15.515907
2010-12-29,15.565636
2010-12-30,15.536627
2010-12-31,15.503465
2011-01-03,15.685812
2011-01-04,15.598786
2011-01-05,15.727255
2011-01-06,15.631940
2011-01-07,15.623653
2011-01-10,15.611212
2011-01-11,15.607076
2011-01-12,15.644376
2011-01-13,15.619505
2011-01-14,15.714824
2011-01-18,15.760402
2011-01-19,15.602933
2011-01-20,15.636089
2011-01-21,15.673376
2011-01-24,15.735542
2011-01-25,15.743834
2011-01-26,15.768694
2011-01-27,15.893033
2011-01-28,15.374998
2011-01-31,15.408157
2011-02-01,15.590499
2011-02-02,15.544900
2011-02-03,15.727255
2011-02-04,15.835007
2011-02-07,15.917883
2011-02-08,16.108524
2011-02-09,16.216274
2011-02-10,16.236990
2011-02-11,16.402765
2011-02-14,16.336452
2011-02-15,16.357178
2011-02-16,16.489784
2011-02-17,16.493931
2011-02-18,16.580956
2011-02-22,16.183117
2011-02-23,15.946900
2011-02-24,16.042213
2011-02-25,16.207991
2011-02-28,16.332310
2011-03-01,16.021496
2011-03-02,16.083654
2011-03-03,16.369614
2011-03-04,16.249424
2011-03-07,16.087799
2011-03-08,16.216274
2011-03-09,16.253571
2011-03-10,16.067083
2011-03-11,16.166538
2011-03-14,15.967619
2011-03-15,15.835007
2011-03-16,15.565636
2011-03-17,15.636089
2011-03-18,15.626102
2011-03-21,15.867281
2011-03-22,15.742531
2011-03-23,15.879745
2011-03-24,16.112598
2011-03-25,16.141706
2011-03-28,15.975378
2011-03-29,16.120922
2011-03-30,16.295551
2011-03-31,16.237343
2011-04-01,16.341297
2011-04-04,16.378721
2011-04-05,16.432772
2011-04-06,16.403667
2011-04-07,16.337139
2011-04-08,16.241505
2011-04-11,16.245655
2011-04-12,16.224874
2011-04-13,16.278925
2011-04-14,16.241505
2011-04-15,16.320501
2011-04-18,16.174969
2011-04-19,16.212399
2011-04-20,16.503462
2011-04-21,16.594936
2011-04-25,16.578310
2011-04-26,16.607414
2011-04-27,16.807009
2011-04-28,16.873529
2011-04-29,16.861057
2011-05-02,16.919264
2011-05-03,16.823635
2011-05-04,16.786217
2011-05-05,16.740473
2011-05-06,16.752947
2011-05-09,16.773733
2011-05-10,16.989956
2011-05-11,16.827799
2011-05-12,16.994116
2011-05-13,16.865219
2011-05-16,16.640680
2011-05-17,16.657312
2011-05-18,16.852745
2011-05-19,16.906792
2011-05-20,16.744629
2011-05-23,16.586628
2011-05-24,16.503462
2011-05-25,16.507626
2011-05-26,16.657312
2011-05-27,16.698896
2011-05-31,16.815317
2011-06-01,16.432772
2011-06-02,16.395346
2011-06-03,16.183292
2011-06-06,16.012806
2011-06-07,16.029440
2011-06-08,15.904690
2011-06-09,16.037754
2011-06-10,15.742531
2011-06-13,15.721743
2011-06-14,16.000334
2011-06-15,15.755008
2011-06-16,15.717587
2011-06-17,15.835670
2011-06-20,15.965031
2011-06-21,16.290501
2011-06-22,16.165321
2011-06-23,16.223742
2011-06-24,16.065176
2011-06-27,16.261293
2011-06-28,16.570080
2011-06-29,16.645191
2011-06-30,16.778719
2011-07-01,17.116718
2011-07-05,17.191820
2011-07-06,17.129236
2011-07-07,17.367081
2011-07-08,17.262762
2011-07-11,16.928946
2011-07-12,16.845484
2011-07-13,16.933117
2011-07-14,16.803755
2011-07-15,16.812103
2011-07-18,16.649363
2011-07-19,16.970659
2011-07-20,16.883043
2011-07-21,17.079157
2011-07-22,17.145926
2011-07-25,17.033247
2011-07-26,17.004051
2011-07-27,16.707785
2011-07-28,16.624321
2011-07-29,16.545046
2011-08-01,16.457411
2011-08-02,15.835670
2011-08-03,15.952512
2011-08-04,15.176370
2011-08-05,15.163857
2011-08-08,14.212470
2011-08-09,14.871767
2011-08-10,14.237499
2011-08-11,14.867588
2011-08-12,15.051187
2011-08-15,15.272343
2011-08-16,15.188892
2011-08-17,15.168029
2011-08-18,14.416926
2011-08-19,14.208287
2011-08-22,14.250019
2011-08-23,14.800823
2011-08-24,15.063704
2011-08-25,14.763273
2011-08-26,15.072050
2011-08-29,15.510197
2011-08-30,15.581128
2011-08-31,15.677112
2011-09-01,15.485164
2011-09-02,15.047013
2011-09-06,15.001121
2011-09-07,15.389190
2011-09-08,15.180538
2011-09-09,14.779954
2011-09-12,14.955216
2011-09-13,15.130476
2011-09-14,15.380839
2011-09-15,15.639549
2011-09-16,15.814570
2011-09-19,15.785266
2011-09-20,15.701516
2011-09-21,15.194888
2011-09-22,14.738497
2011-09-23,14.960416
2011-09-26,15.312128
2011-09-27,15.416799
2011-09-28,15.153010
2011-09-29,15.027401
2011-09-30,14.596136
2011-10-03,14.169052
2011-10-04,14.617070
2011-10-05,14.885038
2011-10-06,15.232564
2011-10-07,15.220006
2011-10-10,15.735019
2011-10-11,15.802013
2011-10-12,15.944366
2011-10-13,15.931810
2011-10-14,16.191410
2011-10-17,15.860633
2011-10-18,16.183031
2011-10-19,15.940185
2011-10-20,16.019741
2011-10-21,16.463573
2011-10-24,16.706415
2011-10-25,16.342150
2011-10-26,16.279339
2011-10-27,16.723167
2011-10-28,16.593365
2011-10-31,16.337957
2011-11-01,15.986249
2011-11-02,16.149542
2011-11-03,16.358891
2011-11-04,16.296085
2011-11-07,16.400763
2011-11-08,16.559868
2011-11-09,15.969489
2011-11-10,16.120230
2011-11-11,16.526373
2011-11-14,16.404951
2011-11-15,16.463573
2011-11-16,16.153728
2011-11-17,15.869003
2011-11-18,15.860633
2011-11-21,15.613594
2011-11-22,15.605216
2011-11-23,15.295381
2011-11-25,15.211628
2011-11-28,15.676396
2011-11-29,15.730839
2011-11-30,16.220720
2011-12-01,16.233271
2011-12-02,16.358891
2011-12-05,16.509624
2011-12-06,16.455198
2011-12-07,16.559868
2011-12-08,16.208155
2011-12-09,16.476133
2011-12-12,16.425888
2011-12-13,16.103476
2011-12-14,15.935998
2011-12-15,15.961115
2011-12-16,15.961117
2011-12-19,15.784240
2011-12-20,16.218006
2011-12-21,16.272753
2011-12-22,16.319086
2011-12-23,16.500179
2011-12-27,16.550713
2011-12-28,16.369627
2011-12-29,16.538076
2011-12-30,16.432793
2012-01-03,16.571768
2012-01-04,16.702314
2012-01-05,16.841293
2012-01-06,16.866568
2012-01-09,16.841293
2012-01-10,16.950794
2012-01-11,16.976061
2012-01-12,17.026594
2012-01-13,17.005539
2012-01-17,17.051863
2012-01-18,17.325598
2012-01-19,17.477217
2012-01-20,17.334030
2012-01-23,17.321394
2012-01-24,17.371935
2012-01-25,17.498264
2012-01-26,17.468786
2012-01-27,17.456165
2012-01-30,17.405621
2012-01-31,17.401409
2012-02-01,17.460375
2012-02-02,17.439318
2012-02-03,17.797279
2012-02-06,17.759377
2012-02-07,17.843599
2012-02-08,17.885727
2012-02-09,17.915197
2012-02-10,17.818336
2012-02-13,17.961525
2012-02-14,17.940462
2012-02-15,17.860458
2012-02-16,17.936260
2012-02-17,18.092075
2012-02-21,18.028900
2012-02-22,17.982580
2012-02-23,18.071024
2012-02-24,18.049961
2012-02-27,18.155239
2012-02-28,18.256325
2012-02-29,18.188938
2012-03-01,18.340540
2012-03-02,18.327921
2012-03-05,18.311066
2012-03-06,18.024694
2012-03-07,18.231054
2012-03-08,18.416351
2012-03-09,18.521637
2012-03-12,18.471104
2012-03-13,18.757475
2012-03-14,18.732206
2012-03-15,18.795374
2012-03-16,18.734961
2012-03-19,18.832138
2012-03-20,18.861700
2012-03-21,18.887045
2012-03-22,18.840572
2012-03-23,18.861700
2012-03-26,19.161625
2012-03-27,19.132053
2012-03-28,18.967299
2012-03-29,18.963085
2012-03-30,19.047571
2012-04-02,19.098265
2012-04-03,19.060246
2012-04-04,18.882814
2012-04-05,19.013771
2012-04-09,18.840572
2012-04-10,18.380127
2012-04-11,18.633587
2012-04-12,18.870155
2012-04-13,18.819458
2012-04-16,18.751867
2012-04-17,18.950411
2012-04-18,18.979986
2012-04-19,18.827909
2012-04-20,18.857473
2012-04-23,18.654705
2012-04-24,18.591345
2012-04-25,18.903936
2012-04-26,19.140509
2012-04-27,19.377068
2012-04-30,19.267239
2012-05-01,19.393959
2012-05-02,19.499577
2012-05-03,19.347488
2012-05-04,18.971521
2012-05-07,18.963085
2012-05-08,18.734961
2012-05-09,18.663151
2012-05-10,18.726524
2012-05-11,18.688505
2012-05-14,18.426594
2012-05-15,18.397018
2012-05-16,18.367451
2012-05-17,17.881645
2012-05-18,17.746466
2012-05-21,18.059080
2012-05-22,18.130890
2012-05-23,18.228052
2012-05-24,18.312538
2012-05-25,18.282961
2012-05-29,18.536417
2012-05-30,18.244947
2012-05-31,18.206919
2012-06-01,17.632408
2012-06-04,17.695780
2012-06-05,17.792938
2012-06-06,18.177347
2012-06-07,18.177347
2012-06-08,18.337879
2012-06-11,18.059080
2012-06-12,18.253387
2012-06-13,17.987263
2012-06-14,18.228052
2012-06-15,18.406942
2012-06-18,18.538351
2012-06-19,18.707930
2012-06-20,18.686735
2012-06-21,18.279760
2012-06-22,18.360312
2012-06-25,18.076267
2012-06-26,18.300966
2012-06-27,18.275522
2012-06-28,18.173779
2012-06-29,18.559561
2012-07-02,18.614668
2012-07-03,18.597712
2012-07-05,18.644342
2012-07-06,18.555319
2012-07-09,18.453575
2012-07-10,18.343349
2012-07-11,18.237373
2012-07-12,18.194973
2012-07-13,18.491735
2012-07-16,18.373028
2012-07-17,18.555319
2012-07-18,18.652824
2012-07-19,18.775759
2012-07-20,18.546837
2012-07-23,18.275522
2012-07-24,18.152590
2012-07-25,18.114431
2012-07-26,18.406942
2012-07-27,18.771523
2012-07-30,18.699461
2012-07-31,18.457817
2012-08-01,18.381506
2012-08-02,18.428143
2012-08-03,18.792725
2012-08-06,18.860548
2012-08-07,19.038597
2012-08-08,18.945328
2012-08-09,18.932615
2012-08-10,18.915661
2012-08-13,18.924137
2012-08-14,18.970762
2012-08-15,19.030121
2012-08-16,19.186966
2012-08-17,19.259039
2012-08-20,19.178497
2012-08-21,19.153051
2012-08-22,19.208162
2012-08-23,19.076754
2012-08-24,19.233601
2012-08-27,19.203926
2012-08-28,19.242079
2012-08-29,19.335346
2012-08-30,19.229355
2012-08-31,19.309912
2012-09-04,19.263281
2012-09-05,19.292955
2012-09-06,19.725355
2012-09-07,19.831335
2012-09-10,19.801670
2012-09-11,19.793179
2012-09-12,19.890686
2012-09-13,20.145048
2012-09-14,20.225586
2012-09-17,20.149288
2012-09-18,20.051785
2012-09-19,20.259508
2012-09-20,20.234070
2012-09-21,20.219614
2012-09-24,20.164301
2012-09-25,19.926071
2012-09-26,19.789951
2012-09-27,19.989885
2012-09-28,19.904802
2012-10-01,19.892040
2012-10-02,19.853758
2012-10-03,20.011164
2012-10-04,20.194084
2012-10-05,20.253643
2012-10-08,20.215359
2012-10-09,19.892040
2012-10-10,19.768679
2012-10-11,19.679331
2012-10-12,19.675081
2012-10-15,19.870777
2012-10-16,20.049444
2012-10-17,20.164301
2012-10-18,20.177063
2012-10-19,19.815466
2012-10-22,19.751659
2012-10-23,19.594252
2012-10-24,19.517683
2012-10-25,19.470896
2012-10-26,19.534700
2012-10-31,19.598511
2012-11-01,19.823984
2012-11-02,19.811214
2012-11-05,19.862259
2012-11-06,19.968615
2012-11-07,19.734636
2012-11-08,19.415588
2012-11-09,19.321997
2012-11-12,19.339018
2012-11-13,19.394320
2012-11-14,19.105042
2012-11-15,19.092279
2012-11-16,19.219894
2012-11-19,19.632545
2012-11-20,19.730394
2012-11-21,19.798458
2012-11-23,20.062208
2012-11-26,19.968615
2012-11-27,19.887787
2012-11-28,20.147289
2012-11-29,20.202591
2012-11-30,20.219614
2012-12-03,20.113258
2012-12-04,20.028179
2012-12-05,19.968615
2012-12-06,20.096239
2012-12-07,20.172813
2012-12-10,20.057953
2012-12-11,20.121767
2012-12-12,20.147289
2012-12-13,20.015408
2012-12-14,19.930328
2012-12-17,20.287682
2012-12-18,20.525904
2012-12-19,20.381264
2012-12-20,20.423800
2012-12-21,20.242273
2012-12-24,20.259398
2012-12-26,20.049616
2012-12-27,20.075302
2012-12-28,19.912607
2012-12-31,20.310770
2013-01-02,20.734629
2013-01-03,20.786001
2013-01-04,20.863068
2013-01-07,20.811693
2013-01-08,20.751760
2013-01-09,20.786001
2013-01-10,20.905884
2013-01-11,20.923010
2013-01-14,20.974388
2013-01-15,21.128515
2013-01-16,21.081423
2013-01-17,21.304050
2013-01-18,21.329742
2013-01-22,21.385399
2013-01-23,21.402523
2013-01-24,21.565210
2013-01-25,21.792124
2013-01-28,21.689375
2013-01-29,21.603739
2013-01-30,21.565210
2013-01-31,21.462469
2013-02-01,21.586617
2013-02-04,21.321178
2013-02-05,21.548084
2013-02-06,21.595184
2013-02-07,21.548084
2013-02-08,21.715057
2013-02-11,21.642267
2013-02-12,21.727905
2013-02-13,21.774998
2013-02-14,21.783560
2013-02-15,21.809254
2013-02-19,21.890600
2013-02-20,21.556648
2013-02-21,21.376835
2013-02-22,21.496717
2013-02-25,21.162764
2013-02-26,21.372549
2013-02-27,21.697937
2013-02-28,21.804972
2013-03-01,21.856342
2013-03-04,22.049009
2013-03-05,22.271635
2013-03-06,22.254509
2013-03-07,22.293037
2013-03-08,22.528513
2013-03-11,22.584177
2013-03-12,22.519958
2013-03-13,22.644115
2013-03-14,22.669811
2013-03-15,22.583061
2013-03-18,22.411295
2013-03-19,22.252413
2013-03-20,22.510059
2013-03-21,22.321114
2013-03-22,22.595940
2013-03-25,22.557302
2013-03-26,22.668945
2013-03-27,22.677536
2013-03-28,22.759129
2013-04-01,22.587357
2013-04-02,22.776304
2013-04-03,22.565886
2013-04-04,22.694702
2013-04-05,22.583061
2013-04-08,22.840710
2013-04-09,22.780588
2013-04-10,23.046824
2013-04-11,23.240070
2013-04-12,23.364603
2013-04-15,22.750534
2013-04-16,23.076887
2013-04-17,22.840710
2013-04-18,22.591654
2013-04-19,22.862175
2013-04-22,22.960949
2013-04-23,23.192833
2013-04-24,23.210011
2013-04-25,23.407541
2013-04-26,23.304487
2013-04-29,23.386065
2013-04-30,23.450480
2013-05-01,23.325956
2013-05-02,23.553547
2013-05-03,23.849848
2013-05-06,23.927135
2013-05-07,24.128965
2013-05-08,24.146143
2013-05-09,24.189085
2013-05-10,24.378027
2013-05-13,24.382320
2013-05-14,24.631386
2013-05-15,24.764505
2013-05-16,24.476791
2013-05-17,24.712973
2013-05-20,24.639973
2013-05-21,24.751614
2013-05-22,24.515434
2013-05-23,24.463913
2013-05-24,24.390907
2013-05-28,24.627089
2013-05-29,24.373728
2013-05-30,24.373728
2013-05-31,24.098900
2013-06-03,24.206257
2013-06-04,24.120375
2013-06-05,23.721022
2013-06-06,23.970078
2013-06-07,24.408087
2013-06-10,24.335081
2013-06-11,24.094610
2013-06-12,23.828375
2013-06-13,24.274963
2013-06-14,24.197670
2013-06-17,24.330795
2013-06-18,24.579855
2013-06-19,24.300730
2013-06-20,23.665194
2013-06-21,23.710861
2013-06-24,23.495464
2013-06-25,23.706549
2013-06-26,24.003799
2013-06-27,24.210581
2013-06-28,24.296741
2013-07-01,24.464745
2013-07-02,24.507824
2013-07-03,24.619831
2013-07-05,24.886923
2013-07-08,25.119555
2013-07-09,25.218628
2013-07-10,25.244482
2013-07-11,25.606346
2013-07-12,25.726971
2013-07-15,25.662348
2013-07-16,25.524498
2013-07-17,25.537422
2013-07-18,25.683891
2013-07-19,25.662348
2013-07-22,25.645117
2013-07-23,25.610661
2013-07-24,25.524498
2013-07-25,25.558958
2013-07-26,25.640814
2013-07-29,25.507261
2013-07-30,25.442650
2013-07-31,25.576187
2013-08-01,25.972517
2013-08-02,26.157768
2013-08-05,26.101761
2013-08-06,25.994061
2013-08-07,25.765745
2013-08-08,25.938057
2013-08-09,25.882055
2013-08-12,25.847589
2013-08-13,25.847589
2013-08-14,25.563263
2013-08-15,25.115242
2013-08-16,25.024771
2013-08-19,24.917078
2013-08-20,25.171246
2013-08-21,24.955849
2013-08-22,25.205709
2013-08-23,25.210011
2013-08-26,25.158319
2013-08-27,24.749075
2013-08-28,24.882610
2013-08-29,25.003227
2013-08-30,24.848152
2013-09-03,25.024771
2013-09-04,25.287560
2013-09-05,25.296177
2013-09-06,25.266020
2013-09-09,25.490034
2013-09-10,25.735580
2013-09-11,25.925138
2013-09-12,25.864824
2013-09-13,25.938057
2013-09-16,26.054371
2013-09-17,26.205145
2013-09-18,26.506708
2013-09-19,26.498085
2013-09-20,26.338228
2013-09-23,26.135164
2013-09-24,26.204292
2013-09-25,26.044424
2013-09-26,26.290695
2013-09-27,26.295017
2013-09-30,26.195644
2013-10-01,26.407354
2013-10-02,26.398710
2013-10-03,26.100603
2013-10-04,26.346865
2013-10-07,25.975298
2013-10-08,25.564848
2013-10-09,25.448191
2013-10-10,26.040108
2013-10-11,26.264784
2013-10-14,26.372791
2013-10-15,26.122200
2013-10-16,26.446241
2013-10-17,26.640669
2013-10-18,26.804853
2013-10-21,26.873980
2013-10-22,27.055445
2013-10-23,26.882616
2013-10-24,27.150501
2013-10-25,27.353559
2013-10-28,27.301720
2013-10-29,27.461569
2013-10-30,27.327641
2013-10-31,27.396765
2013-11-01,27.461569
2013-11-04,27.556631
2013-11-05,27.556631
2013-11-06,27.487497
2013-11-07,26.917177
2013-11-08,27.344919
2013-11-11,27.388130
2013-11-12,27.340603
2013-11-13,27.772659
2013-11-14,27.967089
2013-11-15,28.062136
2013-11-18,27.841789
2013-11-19,27.720808
2013-11-20,27.578232
2013-11-21,27.863396
2013-11-22,28.018936
2013-11-25,28.044861
2013-11-26,28.209038
2013-11-27,28.317049
2013-11-29,28.342970
2013-12-02,28.209038
2013-12-03,27.941168
2013-12-04,27.876350
2013-12-05,27.906595
2013-12-06,28.139908
2013-12-09,28.118305
2013-12-10,28.135586
2013-12-11,27.876350
2013-12-12,27.789942
2013-12-13,27.859072
2013-12-16,28.040533
2013-12-17,27.967089
2013-12-18,28.381859
2013-12-19,28.364578
2013-12-20,28.482565
2013-12-23,28.608364
2013-12-24,28.669086
2013-12-26,28.881657
2013-12-27,28.747171
2013-12-30,28.877310
2013-12-31,28.990101
2014-01-02,28.855627
2014-01-03,28.777546
2014-01-06,28.599693
2014-01-07,28.773205
2014-01-08,28.695131
2014-01-09,28.690786
2014-01-10,28.777546
2014-01-13,28.200611
2014-01-14,28.443529
2014-01-15,28.512941
2014-01-16,28.361111
2014-01-17,28.235313
2014-01-21,28.209290
2014-01-22,28.283018
2014-01-23,28.083483
2014-01-24,27.545591
2014-01-27,27.437140
2014-01-28,27.627998
2014-01-29,27.185537
2014-01-30,27.641026
2014-01-31,27.250607
2014-02-03,26.534855
2014-02-04,26.860195
2014-02-05,26.894901
2014-02-06,27.463161
2014-02-07,27.801516
2014-02-10,27.784174
2014-02-11,27.988045
2014-02-12,28.014076
2014-02-13,28.100834
2014-02-14,28.270018
2014-02-18,28.304712
2014-02-19,28.074810
2014-02-20,28.226629
2014-02-21,28.283018
2014-02-24,28.400154
2014-02-25,28.599693
2014-02-26,28.760199
2014-02-27,28.877310
2014-02-28,28.994442
2014-03-03,28.721149
2014-03-04,29.081205
2014-03-05,29.202656
2014-03-06,29.276413
2014-03-07,29.233025
2014-03-10,29.154943
2014-03-11,28.985773
2014-03-12,28.942385
2014-03-13,28.591015
2014-03-14,28.564978
2014-03-17,28.755863
2014-03-18,28.881657
2014-03-19,28.690786
2014-03-20,28.764524
2014-03-21,28.580896
2014-03-24,28.293695
2014-03-25,28.123976
2014-03-26,27.897701
2014-03-27,27.762812
2014-03-28,27.971676
2014-03-31,28.163147
2014-04-01,28.554794
2014-04-02,28.746256
2014-04-03,28.607004
2014-04-04,28.132687
2014-04-07,27.584398
2014-04-08,27.862890
2014-04-09,28.163147
2014-04-10,27.462551
2014-04-11,27.083967
2014-04-14,27.297192
2014-04-15,27.331999
2014-04-16,27.714935
2014-04-17,27.749754
2014-04-21,27.823725
2014-04-22,28.063059
2014-04-23,27.932522
2014-04-24,28.084820
2014-04-25,27.606152
2014-04-28,27.536524
2014-04-29,27.662724
2014-04-30,27.780209
2014-05-01,27.888994
2014-05-02,27.958626
2014-05-05,27.984735
2014-05-06,27.584398
2014-05-07,27.549582
2014-05-08,27.627914
2014-05-09,27.780209
2014-05-12,28.128325
2014-05-13,28.049999
2014-05-14,27.736698
2014-05-15,27.536524
2014-05-16,27.741045
2014-05-19,27.867239
2014-05-20,27.614847
2014-05-21,27.949923
2014-05-22,28.097876
2014-05-23,28.319803
2014-05-27,28.467751
2014-05-28,28.437294
2014-05-29,28.554794
2014-05-30,28.580896
2014-06-02,28.676626
2014-06-03,28.624405
2014-06-04,28.763662
2014-06-05,28.950779
2014-06-06,29.120485
2014-06-09,29.129196
2014-06-10,29.072618
2014-06-11,28.985584
2014-06-12,28.615713
2014-06-13,28.628775
2014-06-16,28.694038
2014-06-17,28.807171
2014-06-18,29.024755
2014-06-19,28.955130
2014-06-20,28.846870
2014-06-23,28.881790
2014-06-24,28.811941
2014-06-25,29.056402
2014-06-26,29.078230
2014-06-27,29.148081
2014-06-30,29.134989
2014-07-01,29.444925
2014-07-02,29.488585
2014-07-03,29.715601
2014-07-07,29.532246
2014-07-08,29.244118
2014-07-09,29.597725
2014-07-10,29.322691
2014-07-11,29.418734
2014-07-14,29.501682
2014-07-15,29.401268
2014-07-16,29.475485
2014-07-17,29.196098
2014-07-18,29.466753
2014-07-21,29.331434
2014-07-22,29.453669
2014-07-23,29.431837
2014-07-24,29.497320
2014-07-25,29.169909
2014-07-28,29.226658
2014-07-29,29.143724
2014-07-30,29.305231
2014-07-31,28.763929
2014-08-01,28.659145
2014-08-04,28.938541
2014-08-05,28.737730
2014-08-06,28.676607
2014-08-07,28.528187
2014-08-08,28.969097
2014-08-11,29.100063
2014-08-12,29.025852
2014-08-13,29.130621
2014-08-14,29.357620
2014-08-15,29.300871
2014-08-18,29.571535
2014-08-19,29.794167
2014-08-20,29.933867
2014-08-21,29.907663
2014-08-22,29.964422
2014-08-25,30.051731
2014-08-26,30.056103
2014-08-27,30.086643
2014-08-28,30.047371
2014-08-29,30.043003
2014-09-02,30.099754
2014-09-03,30.021170
2014-09-04,30.134670
2014-09-05,30.235083
2014-09-08,30.108496
2014-09-09,29.807262
2014-09-10,29.912031
2014-09-11,29.925125
2014-09-12,29.837818
2014-09-15,29.715601
2014-09-16,29.868378
2014-09-17,29.855282
2014-09-18,29.986244
2014-09-19,29.998949
2014-09-22,29.578465
2014-09-23,29.324417
2014-09-24,29.657303
2014-09-25,29.223677
2014-09-26,29.525906
2014-09-29,29.372602
2014-09-30,29.210535
2014-10-01,28.820717
2014-10-02,28.952112
2014-10-03,29.324417
2014-10-06,29.166744
2014-10-07,28.733109
2014-10-08,29.184256
2014-10-09,28.522873
2014-10-10,28.273209
2014-10-13,27.699423
2014-10-14,27.900911
2014-10-15,27.668758
2014-10-16,27.699423
2014-10-17,28.006027
2014-10-20,28.395851
2014-10-21,28.947729
2014-10-22,28.698072
2014-10-23,29.087902
2014-10-24,29.061617
2014-10-27,29.118565
2014-10-28,29.433922
2014-10-29,29.346319
2014-10-30,29.539042
2014-10-31,29.828121
2014-11-03,29.828121
2014-11-04,29.468964
2014-11-05,29.587219
2014-11-06,29.836901
2014-11-07,29.788696
2014-11-10,29.771175
2014-11-11,29.898214
2014-11-12,30.038366
2014-11-13,30.226702
2014-11-14,30.344969
2014-11-17,30.309929
2014-11-18,30.366865
2014-11-19,30.493900
2014-11-20,30.625292
2014-11-21,30.699749
2014-11-24,30.984467
2014-11-25,31.080814
2014-11-26,31.076433
2014-11-28,31.453112
2014-12-01,31.107090
2014-12-02,31.225359
2014-12-03,31.277920
2014-12-04,31.260408
2014-12-05,31.330473
2014-12-08,31.076433
2014-12-09,31.019489
2014-12-10,30.607777
2014-12-11,30.857428
2014-12-12,30.660334
2014-12-15,30.476366
2014-12-16,30.007706
2014-12-17,30.581493
2014-12-18,31.085203
2014-12-19,31.170088
2014-12-22,31.473562
2014-12-23,31.649490
2014-12-24,31.596720
2014-12-26,31.768248
2014-12-29,32.010136
2014-12-30,31.860617
2014-12-31,31.733065
2015-01-02,31.504351
2015-01-05,30.901796
2015-01-06,30.593920
2015-01-07,31.077724
2015-01-08,31.543928
2015-01-09,31.178886
2015-01-12,31.011772
2015-01-13,31.011772
2015-01-14,30.637901
2015-01-15,30.242058
2015-01-16,30.642309
2015-01-20,30.466370
2015-01-21,30.664291
2015-01-22,31.240454
2015-01-23,31.196474
2015-01-26,31.359207
2015-01-27,31.108511
2015-01-28,30.703876
2015-01-29,31.121714
2015-01-30,30.783047
2015-02-02,31.060137
2015-02-03,31.719858
2015-02-04,31.930977
2015-02-05,32.128887
2015-02-06,32.080509
2015-02-09,31.957363
2015-02-10,32.348797
2015-02-11,32.357590
2015-02-12,32.740246
2015-02-13,32.938164
2015-02-17,32.863392
2015-02-18,32.845806
2015-02-19,32.946960
2015-02-20,33.180073
2015-02-23,33.149281
2015-02-24,33.307613
2015-02-25,33.562717
2015-02-26,33.457153
2015-02-27,33.413162
2015-03-02,33.813400
2015-03-03,33.721050
2015-03-04,33.545120
2015-03-05,33.567116
2015-03-06,33.166870
2015-03-09,33.355991
2015-03-10,32.837009
2015-03-11,32.656677
2015-03-12,33.320820
2015-03-13,33.056911
2015-03-16,33.443954
2015-03-17,33.259220
2015-03-18,33.553917
2015-03-19,33.505531
2015-03-20,33.878422
2015-03-23,33.821045
2015-03-24,33.644562
2015-03-25,33.097324
2015-03-26,32.889919
2015-03-27,33.057621
2015-03-30,33.397430
2015-03-31,33.251789
2015-04-01,33.106159
2015-04-02,33.401833
2015-04-06,33.560699
2015-04-07,33.375351
2015-04-08,33.688671
2015-04-09,33.719566
2015-04-10,33.834297
2015-04-13,33.648952
2015-04-14,33.631302
2015-04-15,33.631302
2015-04-16,33.697498
2015-04-17,33.198822
2015-04-20,33.565102
2015-04-21,33.600410
2015-04-22,33.631302
2015-04-23,33.799004
2015-04-24,34.257946
2015-04-27,33.957855
2015-04-28,33.838718
2015-04-29,33.609238
2015-04-30,33.234127
2015-05-01,33.693085
2015-05-04,33.763695
2015-05-05,33.410656
2015-05-06,33.273865
2015-05-07,33.445950
2015-05-08,33.803402
2015-05-11,33.653366
2015-05-12,33.591579
2015-05-13,33.379776
2015-05-14,33.529816
2015-05-15,33.799004
2015-05-18,33.926960
2015-05-19,33.918148
2015-05-20,33.878422
2015-05-21,34.010818
2015-05-22,33.953457
2015-05-26,33.710732
2015-05-27,33.962265
2015-05-28,33.904907
2015-05-29,33.671028
2015-06-01,33.768105
2015-06-02,33.843121
2015-06-03,34.107906
2015-06-04,33.865185
2015-06-05,33.768105
2015-06-08,33.529816
2015-06-09,33.494499
2015-06-10,33.838718
2015-06-11,33.953457
2015-06-12,33.799004
2015-06-15,33.640137
2015-06-16,33.843121
2015-06-17,33.997574
2015-06-18,34.407990
2015-06-19,34.287132
2015-06-22,34.477497
2015-06-23,34.614727
2015-06-24,34.375664
2015-06-25,34.349102
2015-06-26,34.486343
2015-06-29,33.707188
2015-06-30,33.857716
2015-07-01,34.242859
2015-07-02,34.176449
2015-07-06,34.110046
2015-07-07,34.406647
2015-07-08,33.751457
2015-07-09,33.893127
2015-07-10,34.384521
2015-07-13,34.880348
2015-07-14,34.924625
2015-07-15,34.889187
2015-07-16,35.101696
2015-07-17,35.039722
2015-07-20,35.057423
2015-07-21,34.946751
2015-07-22,35.114964
2015-07-23,34.906898
2015-07-24,34.906898
2015-07-27,34.645710
2015-07-28,34.915764
2015-07-29,35.274345
2015-07-30,35.402725
2015-07-31,35.513401
2015-08-03,35.393883
2015-08-04,35.544403
2015-08-05,35.159248
2015-08-06,34.681122
2015-08-07,34.654572
2015-08-10,34.933479
2015-08-11,34.619164
2015-08-12,34.468636
2015-08-13,34.667858
2015-08-14,34.689991
2015-08-17,35.022026
2015-08-18,35.052994
2015-08-19,34.991020
2015-08-20,34.008221
2015-08-21,32.919197
2015-08-24,31.604376
2015-08-25,31.475986
2015-08-26,32.671272
2015-08-27,33.437157
2015-08-28,33.450420
2015-08-31,33.193657
2015-09-01,32.352520
2015-09-02,33.034290
2015-09-03,33.047588
2015-09-04,32.693417
2015-09-08,33.450420
2015-09-09,33.091846
2015-09-10,33.184803
2015-09-11,33.432716
2015-09-14,33.255650
2015-09-15,33.605354
2015-09-16,33.986095
2015-09-17,34.074619
2015-09-18,33.532063
2015-09-21,33.825340
2015-09-22,33.376545
2015-09-23,33.287655
2015-09-24,33.198772
2015-09-25,33.194336
2015-09-28,32.238953
2015-09-29,32.132290
2015-09-30,32.998821
2015-10-01,33.243225
2015-10-02,33.718697
2015-10-05,34.216393
2015-10-06,33.963104
2015-10-07,34.078625
2015-10-08,34.496342
2015-10-09,34.536327
2015-10-12,34.700737
2015-10-13,34.514111
2015-10-14,34.163063
2015-10-15,34.607433
2015-10-16,34.789623
2015-10-19,34.954044
2015-10-20,34.909603
2015-10-21,34.754078
2015-10-22,35.211773
2015-10-23,35.385075
2015-10-26,35.633923
2015-10-27,35.465073
2015-10-28,35.802784
2015-10-29,35.904987
2015-10-30,35.980526
2015-11-02,36.144928
2015-11-03,36.282700
2015-11-04,36.047192
2015-11-05,36.176060
2015-11-06,36.180492
2015-11-09,35.682804
2015-11-10,36.020527
2015-11-11,35.807228
2015-11-12,35.473965
2015-11-13,34.540783
2015-11-16,34.958477
2015-11-17,35.025143
2015-11-18,35.625042
2015-11-19,35.669476
2015-11-20,36.096069
2015-11-23,36.229370
2015-11-24,36.153839
2015-11-25,36.336033
2015-11-27,36.202705
2015-11-30,35.896099
2015-12-01,36.264923
2015-12-02,35.949417
2015-12-03,35.407288
2015-12-04,36.091610
2015-12-07,35.940544
2015-12-08,35.833878
2015-12-09,35.376190
2015-12-10,35.496162
2015-12-11,34.687416
2015-12-14,34.865162
2015-12-15,35.056248
2015-12-16,35.642799
2015-12-17,35.056248
2015-12-18,34.505177
2015-12-21,34.679195
2015-12-22,34.933556
2015-12-23,35.112034
2015-12-24,35.018322
2015-12-28,35.107563
2015-12-29,35.513603
2015-12-30,35.228027
2015-12-31,34.875534
2016-01-04,34.277603
2016-01-05,34.232994
2016-01-06,33.898327
2016-01-07,33.202259
2016-01-08,32.845276
2016-01-11,33.104088
2016-01-12,33.469986
2016-01-13,32.341068
2016-01-14,32.573112
2016-01-15,31.903811
2016-01-19,32.024258
2016-01-20,31.743160
2016-01-21,32.149212
2016-01-22,32.711430
2016-01-25,32.336601
2016-01-26,32.809589
2016-01-27,32.296440
2016-01-28,32.711430
2016-01-29,33.068394
2016-02-01,33.269203
2016-02-02,32.622185
2016-02-03,32.537407
2016-02-04,32.350002
2016-02-05,31.305870
2016-02-08,30.699030
2016-02-09,30.649942
2016-02-10,30.596411
2016-02-11,30.578564
2016-02-12,31.140774
2016-02-16,31.894869
2016-02-17,32.582012
2016-02-18,32.367847
2016-02-19,32.457081
2016-02-22,33.086231
2016-02-23,32.903297
2016-02-24,33.095165
2016-02-25,33.425346
2016-02-26,33.389664
2016-02-29,33.215645
2016-03-01,34.094673
2016-03-02,34.063438
2016-03-03,34.264225
2016-03-04,34.232994
2016-03-07,34.085751
2016-03-08,33.818024
2016-03-09,33.884937
2016-03-10,33.969727
2016-03-11,34.491814
2016-03-14,34.621189
2016-03-15,34.612267
2016-03-16,34.893383
2016-03-17,34.942463
2016-03-18,34.987698
2016-03-21,35.005623
2016-03-22,34.947384
2016-03-23,34.700966
2016-03-24,34.745777
2016-03-28,34.902576
2016-03-29,35.256554
2016-03-30,35.480556
2016-03-31,35.440235
2016-04-01,35.588097
2016-04-04,35.310307
2016-04-05,35.010105
2016-04-06,35.341663
2016-04-07,34.942894
2016-04-08,34.889141
2016-04-11,34.759216
2016-04-12,35.023571
2016-04-13,35.516403
2016-04-14,35.516403
2016-04-15,35.614971
2016-04-18,35.951012
2016-04-19,35.753868
2016-04-20,35.798672
2016-04-21,35.673218
2016-04-22,35.601540
2016-04-25,35.641857
2016-04-26,35.726982
2016-04-27,35.691132
2016-04-28,35.305836
2016-04-29,35.485035
2016-05-02,35.982365
2016-05-03,35.650814
2016-05-04,35.489517
2016-05-05,35.261021
2016-05-06,35.520878
2016-05-09,35.619461
2016-05-10,36.076454
2016-05-11,35.350639
2016-05-12,35.417835
2016-05-13,34.996681
2016-05-16,35.216221
2016-05-17,34.817467
2016-05-18,34.615837
2016-05-19,34.584461
2016-05-20,34.812977
2016-05-23,34.692013
2016-05-24,35.108692
2016-05-25,35.301342
2016-05-26,35.373020
2016-05-27,35.538795
2016-05-31,35.502960
2016-06-01,35.480556
2016-06-02,35.677692
2016-06-03,35.444721
2016-06-06,35.534332
2016-06-07,35.579121
2016-06-08,35.619461
2016-06-09,35.538795
2016-06-10,35.166927
2016-06-13,34.974266
2016-06-14,34.884670
2016-06-15,34.983227
2016-06-16,35.095238
2016-06-17,35.039940
2016-06-20,35.354671
2016-06-21,35.273746
2016-06-22,35.224293
2016-06-23,35.570515
2016-06-24,34.248589
2016-06-27,33.619095
2016-06-28,34.289055
2016-06-29,34.842098
2016-06-30,35.098400
2016-07-01,35.462593
2016-07-05,35.174828
2016-07-06,35.476074
2016-07-07,35.628963
2016-07-08,36.249454
2016-07-11,36.460785
2016-07-12,36.604671
2016-07-13,36.424809
2016-07-14,36.573193
2016-07-15,36.411316
2016-07-18,36.550701
2016-07-19,36.483269
2016-07-20,36.636150
2016-07-21,36.537216
2016-07-22,36.690086
2016-07-25,36.748550
2016-07-26,36.703587
2016-07-27,36.591175
2016-07-28,36.658615
2016-07-29,36.699085
2016-08-01,36.757542
2016-08-02,36.208981
2016-08-03,36.312405
2016-08-04,36.294418
2016-08-05,36.676605
2016-08-08,36.555214
2016-08-09,36.447292
2016-08-10,36.523735
2016-08-11,36.887943
2016-08-12,36.869949
2016-08-15,36.941895
2016-08-16,36.730553
2016-08-17,36.645130
2016-08-18,36.622635
2016-08-19,36.645130
2016-08-22,36.609158
2016-08-23,36.793510
2016-08-24,36.618149
2016-08-25,36.496742
2016-08-26,36.393345
2016-08-29,36.519222
2016-08-30,36.316902
2016-08-31,36.222477
2016-09-01,36.294418
2016-09-02,36.366348
2016-09-06,36.433800
2016-09-07,36.451790
2016-09-08,36.137054
2016-09-09,35.264759
2016-09-12,35.759350
2016-09-13,35.251270
2016-09-14,35.255764
2016-09-15,35.512062
2016-09-16,35.435333
2016-09-19,35.408234
2016-09-20,35.435333
2016-09-21,35.778351
2016-09-22,36.040127
2016-09-23,35.958889
2016-09-26,35.561691
2016-09-27,35.922791
2016-09-28,36.022076
2016-09-29,35.837013
2016-09-30,36.125889
2016-10-03,36.103321
2016-10-04,35.976940
2016-10-05,36.125889
2016-10-06,36.152973
2016-10-07,35.990479
2016-10-10,36.049164
2016-10-11,35.611343
2016-10-12,35.778351
2016-10-13,35.647453
2016-10-14,35.606827
2016-10-17,35.313450
2016-10-18,35.548164
2016-10-19,35.706131
2016-10-20,35.638432
2016-10-21,35.922791
2016-10-24,36.180061
2016-10-25,35.755787
2016-10-26,35.602325
2016-10-27,35.304436
2016-10-28,35.223194
2016-10-31,35.250263
2016-11-01,35.002026
2016-11-02,34.789894
2016-11-03,34.699619
2016-11-04,34.631931
2016-11-07,35.430817
2016-11-08,35.575245
2016-11-09,35.647453
2016-11-10,35.778351
2016-11-11,35.981453
2016-11-14,35.985973
2016-11-15,36.125889
2016-11-16,36.324490
2016-11-17,36.762276
2016-11-18,36.649460
2016-11-21,36.888668
2016-11-22,37.326466
2016-11-23,37.362579
2016-11-25,37.452854
2016-11-28,37.154961
2016-11-29,37.254253
2016-11-30,36.942837
2016-12-01,36.960873
2016-12-02,36.757767
2016-12-05,37.159473
2016-12-06,37.245239
2016-12-07,37.967388
2016-12-08,37.967388
2016-12-09,38.053143
2016-12-12,37.737186
2016-12-13,38.075710
2016-12-14,37.818428
2016-12-15,37.728168
2016-12-16,37.542942
2016-12-19,37.642811
2016-12-20,37.942474
2016-12-21,37.924301
2016-12-22,37.515682
2016-12-23,37.433964
2016-12-27,37.579247
2016-12-28,37.320465
2016-12-29,37.270515
2016-12-30,36.957233
2017-01-03,37.175175
2017-01-04,37.670063
2017-01-05,37.642811
2017-01-06,37.828964
2017-01-09,37.797180
2017-01-10,37.933392
2017-01-11,38.015114
2017-01-12,37.978790
2017-01-13,38.119530
2017-01-17,38.183094
2017-01-18,38.114990
2017-01-19,37.996944
2017-01-20,38.105907
2017-01-23,38.133163
2017-01-24,38.446438
2017-01-25,38.682526
2017-01-26,38.741554
2017-01-27,38.618954
2017-01-30,38.573563
2017-01-31,38.514526
2017-02-01,38.441883
2017-02-02,38.410110
2017-02-03,38.360176
2017-02-06,38.246681
2017-02-07,38.210350
2017-02-08,38.446438
2017-02-09,38.687065
2017-02-10,38.923149
2017-02-13,38.968559
2017-02-14,39.191025
2017-02-15,39.395329
2017-02-16,39.195564
2017-02-17,39.322697
2017-02-21,39.549690
2017-02-22,39.549690
2017-02-23,39.281826
2017-02-24,39.463440
2017-02-27,39.508835
2017-02-28,39.213722
2017-03-01,39.654118
2017-03-02,39.558781
2017-03-03,39.499763
2017-03-06,39.372635
2017-03-07,39.245495
2017-03-08,39.408958
2017-03-09,39.372635
2017-03-10,39.431660
2017-03-13,39.536083
2017-03-14,39.526997
2017-03-15,39.735840
2017-03-16,39.731312
2017-03-17,39.781849
2017-03-20,39.686237
2017-03-21,39.185299
2017-03-22,39.230846
2017-03-23,39.321926
2017-03-24,39.417553
2017-03-27,39.403900
2017-03-28,39.704441
2017-03-29,39.941238
2017-03-30,40.045975
2017-03-31,40.050533
2017-04-03,39.891140
2017-04-04,39.827400
2017-04-05,39.731754
2017-04-06,39.854706
2017-04-07,39.736320
2017-04-10,39.882050
2017-04-11,39.850166
2017-04-12,39.690777
2017-04-13,39.412998
2017-04-17,39.818287
2017-04-18,39.822830
2017-04-19,39.859264
2017-04-20,40.278221
2017-04-21,40.187157
2017-04-24,40.446697
2017-04-25,40.765472
2017-04-26,40.956753
2017-04-27,41.175312
2017-04-28,41.011379
2017-05-01,41.066029
2017-05-02,41.111572
2017-05-03,40.870220
2017-05-04,40.806461
2017-05-05,41.061474
2017-05-08,41.138889
2017-05-09,41.375683
2017-05-10,41.234516
2017-05-11,40.988617
2017-05-12,40.929417
2017-05-15,40.938522
2017-05-16,40.797348
2017-05-17,40.137047
2017-05-18,40.369305
2017-05-19,40.642540
2017-05-22,40.847424
2017-05-23,40.692619
2017-05-24,40.838326
2017-05-25,41.198090
2017-05-26,41.321037
2017-05-30,41.352905
2017-05-31,41.462208
2017-06-01,41.853817
2017-06-02,42.004093
2017-06-05,41.890255
2017-06-06,41.530510
2017-06-07,41.603371
2017-06-08,41.334694
2017-06-09,41.152546
2017-06-12,41.129776
2017-06-13,41.384789
2017-06-14,41.362022
2017-06-15,41.188972
2017-06-16,41.177567
2017-06-19,41.492729
2017-06-20,40.972012
2017-06-21,41.035957
2017-06-22,40.940037
2017-06-23,40.889793
2017-06-26,41.035957
2017-06-27,40.711651
2017-06-28,41.122746
2017-06-29,40.725361
2017-06-30,40.940037
2017-07-03,40.898930
2017-07-05,40.798450
2017-07-06,40.382771
2017-07-07,40.743622
2017-07-10,40.830414
2017-07-11,40.748196
2017-07-12,41.058800
2017-07-13,41.063381
2017-07-14,41.195831
2017-07-17,41.296314
2017-07-18,41.483597
2017-07-19,41.684570
2017-07-20,41.597790
2017-07-21,41.625183
2017-07-24,41.483597
2017-07-25,41.775925
2017-07-26,41.757645
2017-07-27,42.063679
2017-07-28,41.743965
2017-07-31,41.730259
2017-08-01,41.803329
2017-08-02,41.689137
2017-08-03,41.574944
2017-08-04,41.579514
2017-08-07,41.675446
2017-08-08,41.698273
2017-08-09,41.456184
2017-08-10,40.834976
2017-08-11,41.045105
2017-08-14,41.337429
2017-08-15,40.958309
2017-08-16,41.168415
2017-08-17,40.510685
2017-08-18,40.309704
2017-08-21,40.382771
2017-08-22,40.816715
2017-08-23,40.469566
2017-08-24,40.382771
2017-08-25,40.483269
2017-08-28,40.506107
2017-08-29,40.469566
2017-08-30,40.761902
2017-08-31,40.953735
2017-09-01,41.141010
2017-09-05,40.972012
2017-09-06,41.227802
2017-09-07,40.871513
2017-09-08,40.729939
2017-09-11,40.944607
2017-09-12,41.127319
2017-09-13,41.424202
2017-09-14,41.200386
2017-09-15,41.084885
2017-09-18,40.942783
2017-09-19,40.906120
2017-09-20,41.043633
2017-09-21,40.974876
2017-09-22,41.043633
2017-09-25,40.956535
2017-09-26,40.961121
2017-09-27,41.185730
2017-09-28,41.135311
2017-09-29,41.291161
2017-10-02,41.369087
2017-10-03,41.543270
2017-10-04,41.758709
2017-10-05,41.992481
2017-10-06,42.042900
2017-10-09,41.909985
2017-10-10,41.868710
2017-10-11,41.891644
2017-10-12,41.612019
2017-10-13,41.813713
2017-10-16,41.868710
2017-10-17,41.891644
2017-10-18,41.777042
2017-10-19,41.777042
2017-10-20,41.877895
2017-10-23,41.593689
2017-10-24,41.694534
2017-10-25,41.534103
2017-10-26,41.680763
2017-10-27,42.354610
2017-10-30,42.162083
2017-10-31,42.166668
2017-11-01,42.180412
2017-11-02,41.864132
2017-11-03,42.033726
2017-11-06,42.340855
2017-11-07,42.088749
2017-11-08,42.134590
2017-11-09,42.198757
2017-11-10,42.340855
2017-11-13,42.482948
2017-11-14,42.519619
2017-11-15,42.336269
2017-11-16,42.689228
2017-11-17,42.877155
2017-11-20,42.959675
2017-11-21,43.225540
2017-11-22,43.266785
2017-11-24,43.376797
2017-11-27,43.408890
2017-11-28,43.890182
2017-11-29,44.078121
2017-11-30,44.302742
2017-12-01,44.284393
2017-12-04,44.797775
2017-12-05,44.541092
2017-12-06,44.252308
2017-12-07,44.366905
2017-12-08,44.577755
2017-12-11,44.674023
2017-12-12,44.692364
2017-12-13,44.729023
2017-12-14,44.866547
2017-12-15,45.060646
2017-12-18,45.465397
2017-12-19,45.405605
2017-12-20,45.318207
2017-12-21,45.612568
2017-12-22,45.525188
2017-12-26,45.626373
2017-12-27,45.534370
2017-12-28,45.658558
2017-12-29,45.391804
2018-01-02,46.081707
2018-01-03,46.293293
2018-01-04,46.445072
2018-01-05,46.813015
2018-01-08,46.868225
2018-01-09,46.960209
2018-01-10,46.928017
2018-01-11,47.691517
2018-01-12,48.307838
2018-01-16,47.962879
2018-01-17,48.192841
2018-01-18,48.151466
2018-01-19,48.570004
2018-01-22,49.108147
2018-01-23,49.522095
2018-01-24,49.733665
2018-01-25,49.646282
2018-01-26,50.133812
2018-01-29,49.995827
2018-01-30,49.747463
2018-01-31,49.586487
2018-02-01,49.034550
2018-02-02,48.565403
2018-02-05,46.928017
2018-02-06,48.128456
2018-02-07,47.981285
2018-02-08,46.067917
2018-02-09,46.376076
2018-02-12,47.006203
2018-02-13,47.249973
2018-02-14,48.004288
2018-02-15,48.432026
2018-02-16,48.197456
2018-02-20,48.050274
2018-02-21,47.981285
2018-02-22,48.041077
2018-02-23,48.712582
2018-02-26,49.121952
2018-02-27,48.082474
2018-02-28,47.866287
2018-03-01,47.351158
2018-03-02,47.397160
2018-03-05,47.962879
2018-03-06,48.294029
2018-03-07,47.967476
2018-03-08,48.119270
2018-03-09,48.864372
2018-03-12,49.025337
2018-03-13,48.680393
2018-03-14,48.620602
2018-03-15,48.570004
2018-03-16,48.519260
2018-03-19,47.914967
2018-03-20,48.200981
2018-03-21,48.164070
2018-03-22,47.139992
2018-03-23,46.212776
2018-03-26,47.578217
2018-03-27,46.646393
2018-03-28,46.078999
2018-03-29,46.724819
2018-04-02,45.405510
2018-04-03,45.982140
2018-04-04,46.826305
2018-04-05,47.453671
2018-04-06,46.443424
2018-04-09,46.332722
2018-04-10,46.895493
2018-04-11,46.752491
2018-04-12,46.955471
2018-04-13,46.692524
2018-04-16,47.043114
2018-04-17,47.919567
2018-04-18,48.145615
2018-04-19,47.993393
2018-04-20,47.504402
2018-04-23,47.605888
2018-04-24,46.853970
2018-04-25,47.047726
2018-04-26,47.808872
2018-04-27,48.025681
2018-04-30,47.836544
2018-05-01,47.901127
2018-05-02,47.573601
2018-05-03,47.361408
2018-05-04,47.984161
2018-05-07,48.145615
2018-05-08,47.942638
2018-05-09,48.108715
2018-05-10,48.284008
2018-05-11,48.385494
2018-05-14,48.477749
2018-05-15,48.196350
2018-05-16,48.597691
2018-05-17,48.436226
2018-05-18,48.376266
2018-05-21,48.643810
2018-05-22,48.426998
2018-05-23,48.777596
2018-05-24,48.883698
2018-05-25,48.957508
2018-05-29,48.579227
2018-05-30,49.022076
2018-05-31,48.786812
2018-06-01,49.146633
2018-06-04,49.695576
2018-06-05,49.986195
2018-06-06,50.452103
2018-06-07,50.599705
2018-06-08,50.705818
2018-06-11,50.908787
2018-06-12,51.153275
2018-06-13,51.231693
2018-06-14,51.766796
2018-06-15,51.851906
2018-06-18,51.764023
2018-06-19,51.699280
2018-06-20,51.944408
2018-06-21,51.574398
2018-06-22,51.486523
2018-06-25,50.367256
2018-06-26,50.728004
2018-06-27,50.071247
2018-06-28,50.464378
2018-06-29,50.552242
2018-07-02,50.621620
2018-07-03,50.367256
2018-07-05,50.617004
2018-07-06,51.014755
2018-07-09,51.625278
2018-07-10,51.736282
2018-07-11,51.616028
2018-07-12,51.958271
2018-07-13,52.073898
2018-07-16,52.203415
2018-07-17,52.254284
2018-07-18,52.221912
2018-07-19,52.101662
2018-07-20,51.870411
2018-07-23,51.814899
2018-07-24,51.662285
2018-07-25,52.041523
2018-07-26,51.768650
2018-07-27,51.634514
2018-07-30,51.222900
2018-07-31,51.463406
2018-08-01,51.209011
2018-08-02,51.560505
2018-08-03,51.736282
2018-08-06,52.083149
2018-08-07,52.323662
2018-08-08,52.379158
2018-08-09,52.573410
2018-08-10,52.134037
2018-08-13,51.870411
2018-08-14,52.374535
2018-08-15,51.736282
2018-08-16,51.990658
2018-08-17,52.036907
2018-08-20,52.406910
2018-08-21,52.823166
2018-08-22,52.878662
2018-08-23,52.827789
2018-08-24,53.137680
2018-08-27,53.479942
2018-08-28,53.586304
2018-08-29,54.187569
2018-08-30,53.877682
2018-08-31,54.090443
2018-09-04,54.192196
2018-09-05,53.609451
2018-09-06,53.461426
2018-09-07,53.456802
2018-09-10,53.655674
2018-09-11,54.085823
2018-09-12,54.187569
2018-09-13,54.280075
2018-09-14,54.076561
2018-09-17,53.405922
2018-09-18,54.085823
2018-09-19,54.108940
2018-09-20,54.478954
2018-09-21,54.238190
2018-09-24,53.885635
2018-09-25,54.112934
2018-09-26,54.238190
2018-09-27,54.423748
2018-09-28,54.377361
2018-10-01,54.210358
2018-10-02,53.477409
2018-10-03,53.296501
2018-10-04,52.461491
2018-10-05,52.067177
2018-10-08,52.201702
2018-10-09,52.048626
2018-10-10,50.295105
2018-10-11,49.409084
2018-10-12,50.322956
2018-10-15,50.206970
2018-10-16,51.213615
2018-10-17,50.791477
2018-10-18,49.817307
2018-10-19,49.330223
2018-10-22,49.529686
2018-10-23,49.538982
2018-10-24,48.059147
2018-10-25,49.511131
2018-10-26,47.971016
2018-10-29,47.548882
2018-10-30,48.263275
2018-10-31,48.884876
2018-11-01,49.882252
2018-11-02,50.086361
2018-11-05,50.155949
2018-11-06,50.378620
2018-11-07,51.742458
2018-11-08,51.756367
2018-11-09,51.037346
2018-11-12,50.012135
2018-11-13,49.988937
2018-11-14,49.613190
2018-11-15,49.538982
2018-11-16,49.344154
2018-11-19,48.138023
2018-11-20,47.047871
2018-11-21,47.539604
2018-11-23,47.326202
2018-11-26,48.388512
2018-11-27,48.532326
2018-11-28,49.965759
2018-11-29,49.733810
2018-11-30,50.095642
2018-12-03,51.032707
2018-12-04,49.195698
2018-12-06,49.432289
2018-12-07,47.952457
2018-12-10,47.989582
2018-12-11,48.008125
2018-12-12,48.513771
2018-12-13,48.272549
2018-12-14,47.470013
2018-12-17,46.263905
2018-12-18,46.625732
2018-12-19,45.702583
2018-12-20,44.677391
2018-12-21,43.664932
2018-12-24,42.835968
2018-12-26,45.374100
2018-12-27,45.616264
2018-12-28,45.620918
2018-12-31,46.109909
2019-01-02,46.459187
2019-01-03,45.453262
2019-01-04,46.957497
2019-01-07,48.019306
2019-01-08,48.550228
2019-01-09,48.797050
2019-01-10,48.657349
2019-01-11,48.703911
2019-01-14,48.405865
2019-01-15,48.843632
2019-01-16,48.731850
2019-01-17,49.062508
2019-01-18,49.742443
2019-01-22,48.997311
2019-01-23,49.095104
2019-01-24,49.300022
2019-01-25,49.844894
2019-01-28,49.556171
2019-01-29,49.234825
2019-01-30,50.203495
2019-01-31,50.659901
2019-02-01,49.919411
2019-02-04,50.245411
2019-02-05,50.715790
2019-02-06,50.506199
2019-02-07,50.091740
2019-02-08,49.891472
2019-02-11,49.979954
2019-02-12,50.748383
2019-02-13,51.092999
2019-02-14,50.906719
2019-02-15,51.256008
2019-02-19,51.465572
2019-02-20,51.568043
2019-02-21,51.465572
2019-02-22,51.744991
2019-02-25,51.572681
2019-02-26,51.642548
2019-02-27,51.605289
2019-02-28,51.325867
2019-03-01,51.740341
2019-03-04,51.577347
2019-03-05,51.707741
2019-03-06,51.465572
2019-03-07,50.841526
2019-03-08,50.487576
2019-03-11,51.181484
2019-03-12,51.325867
2019-03-13,51.507484
2019-03-14,51.353806
2019-03-15,51.683239
2019-03-18,52.183258
2019-03-19,52.444942
2019-03-20,52.519703
2019-03-21,53.239361
2019-03-22,52.183258
2019-03-25,52.491676
2019-03-26,52.715984
2019-03-27,52.608494
2019-03-28,52.926258
2019-03-29,53.201958
2019-04-01,53.786098
2019-04-02,53.776741
2019-04-03,54.155258
2019-04-04,54.594521
2019-04-05,54.916950
2019-04-08,55.113224
2019-04-09,54.617886
2019-04-10,54.879578
2019-04-11,54.949661
2019-04-12,55.290787
2019-04-15,55.402943
2019-04-16,55.645947
2019-04-17,55.753414
2019-04-18,55.734715
2019-04-22,55.524437
2019-04-23,56.188011
2019-04-24,56.239399
2019-04-25,55.945011
2019-04-26,56.388935
2019-04-29,56.192684
2019-04-30,56.108570
2019-05-01,55.426308
2019-05-02,55.468365
2019-05-03,56.122581
2019-05-06,55.781460
2019-05-07,54.935646
2019-05-08,54.954338
2019-05-09,54.730042
2019-05-10,54.809471
2019-05-13,53.178616
2019-05-14,53.715988
2019-05-15,54.080494
2019-05-16,54.580502
2019-05-17,54.164608
2019-05-20,53.781418
2019-05-21,54.155258
2019-05-22,53.599174
2019-05-23,52.935604
2019-05-24,53.005703
2019-05-28,52.655235
2019-05-29,52.187935
2019-05-30,52.529068
2019-05-31,51.842125
2019-06-03,51.407539
2019-06-04,52.800095
2019-06-05,53.061779
2019-06-06,53.332809
2019-06-07,54.103859
2019-06-10,54.561821
2019-06-11,54.772087
2019-06-12,54.758083
2019-06-13,55.248753
2019-06-14,55.370235
2019-06-17,55.393585
2019-06-18,55.814156
2019-06-19,55.916977
2019-06-20,56.304844
2019-06-21,56.044121
2019-06-24,55.744011
2019-06-25,55.209461
2019-06-26,55.387653
2019-06-27,55.734627
2019-06-28,55.894062
2019-07-01,56.386433
2019-07-02,56.508343
2019-07-03,57.000694
2019-07-05,57.066334
2019-07-08,57.136677
2019-07-09,57.197632
2019-07-10,57.403946
2019-07-11,57.521183
2019-07-12,58.182354
2019-07-15,58.369904
2019-07-16,58.294884
2019-07-17,57.736885
2019-07-18,57.661850
2019-07-19,57.282043
2019-07-22,57.314869
2019-07-23,57.704048
2019-07-24,57.994781
2019-07-25,57.671238
2019-07-26,57.933826
2019-07-29,57.652489
2019-07-30,57.263283
2019-07-31,56.606815
2019-08-01,55.837795
2019-08-02,55.378265
2019-08-05,53.891819
2019-08-06,54.712418
2019-08-07,54.932808
2019-08-08,55.992542
2019-08-09,55.467354
2019-08-12,54.660839
2019-08-13,55.561142
2019-08-14,53.821484
2019-08-15,53.732391
2019-08-16,54.341969
2019-08-19,55.026573
2019-08-20,55.040657
2019-08-21,56.100388
2019-08-22,56.114452
2019-08-23,54.623325
2019-08-26,55.162571
2019-08-27,54.890594
2019-08-28,55.575214
2019-08-29,56.409859
2019-08-30,56.072247
2019-09-03,55.842495
2019-09-04,56.395798
2019-09-05,57.474293
2019-09-06,57.614975
2019-09-09,57.835358
2019-09-10,57.605583
2019-09-11,57.713444
2019-09-12,57.990101
2019-09-13,57.872856
2019-09-16,57.131981
2019-09-17,57.478989
2019-09-18,57.450844
2019-09-19,57.296104
2019-09-20,56.639347
2019-09-23,56.836926
2019-09-24,56.230034
2019-09-25,56.742840
2019-09-26,56.498199
2019-09-27,56.300587
2019-09-30,56.785172
2019-10-01,56.310013
2019-10-02,55.298512
2019-10-03,55.566677
2019-10-04,56.088902
2019-10-07,55.844250
2019-10-08,55.256161
2019-10-09,55.726635
2019-10-10,56.098312
2019-10-11,56.733440
2019-10-14,56.705193
2019-10-15,57.203896
2019-10-16,57.439140
2019-10-17,57.589680
2019-10-18,57.476772
2019-10-21,57.679070
2019-10-22,57.312099
2019-10-23,57.048645
2019-10-24,57.020409
2019-10-25,56.954552
2019-10-28,57.133327
2019-10-29,56.808704
2019-10-30,57.161552
2019-10-31,56.855747
2019-11-01,57.232121
2019-11-04,57.260349
2019-11-05,57.345032
2019-11-06,57.406193
2019-11-07,57.062752
2019-11-08,57.086281
2019-11-11,56.968655
2019-11-12,56.931030
2019-11-13,56.752254
2019-11-14,56.996899
2019-11-15,57.100388
2019-11-18,57.297993
2019-11-19,56.667564
2019-11-20,56.535824
2019-11-21,56.215916
2019-11-22,56.601707
2019-11-25,57.100388
2019-11-26,57.490879
2019-11-27,57.984867
2019-11-29,57.608501
2019-12-02,57.133327
2019-12-03,56.559361
2019-12-04,56.874569
2019-12-05,56.818119
2019-12-06,57.274471
2019-12-09,57.345032
2019-12-10,57.246227
2019-12-11,57.392090
2019-12-12,57.895477
2019-12-13,57.947231
2019-12-16,58.201290
2019-12-17,58.460037
2019-12-18,58.516502
2019-12-19,58.699978
2019-12-20,58.789665
2019-12-23,58.652779
2019-12-24,58.784946
2019-12-26,59.502415
2019-12-27,59.497688
2019-12-30,59.115353
2019-12-31,59.200310
2020-01-02,59.903622
2020-01-03,59.393848
2020-01-06,59.559052
2020-01-07,59.464649
2020-01-08,59.644020
2020-01-09,59.960266
2020-01-10,59.634567
2020-01-13,59.823376
2020-01-14,59.804489
2020-01-15,59.667614
2020-01-16,60.200989
2020-01-17,60.413391
2020-01-21,60.229313
2020-01-22,60.200989
2020-01-23,60.290672
2020-01-24,59.450481
2020-01-27,58.563087
2020-01-28,59.134235
2020-01-29,59.101204
2020-01-30,59.002068
2020-01-31,59.153122
2020-02-03,59.573215
2020-02-04,60.658844
2020-02-05,60.965660
2020-02-06,60.828770
2020-02-07,60.564438
2020-02-10,61.248871
2020-02-11,61.730331
2020-02-12,62.362812
2020-02-13,62.254257
2020-02-14,62.159863
2020-02-18,62.155132
2020-02-19,62.433624
2020-02-20,62.457233
2020-02-21,61.503754
2020-02-24,59.389114
2020-02-25,57.803146
2020-02-26,57.345291
2020-02-27,55.027691
2020-02-28,54.673679
2020-03-02,56.552299
2020-03-03,55.183449
2020-03-04,57.090397
2020-03-05,54.961617
2020-03-06,54.116703
2020-03-09,50.708736
2020-03-10,53.512508
2020-03-11,50.586010
2020-03-12,45.474079
2020-03-13,48.287285
2020-03-16,42.169964
2020-03-17,43.793694
2020-03-18,41.277843
2020-03-19,42.717499
2020-03-20,41.447765
2020-03-23,41.516075
2020-03-24,45.410130
2020-03-25,46.206970
2020-03-26,48.118431
2020-03-27,46.505783
2020-03-30,47.478111
2020-03-31,46.520016
2020-04-01,44.442543
2020-04-02,44.608551
2020-04-03,43.830692
2020-04-06,47.478111
2020-04-07,48.184822
2020-04-08,49.702610
2020-04-09,50.599056
2020-04-13,50.584820
2020-04-14,52.562683
2020-04-15,51.410114
2020-04-16,52.026714
2020-04-17,53.563461
2020-04-20,52.629082
2020-04-21,51.263081
2020-04-22,52.368217
2020-04-23,52.353977
2020-04-24,53.240925
2020-04-27,54.236980
2020-04-28,54.450424
2020-04-29,55.650417
2020-04-30,55.304176
2020-05-01,53.236187
2020-05-04,53.525520
2020-05-05,53.719994
2020-05-06,53.710503
2020-05-07,54.554771
2020-05-08,55.617210
2020-05-11,55.493900
2020-05-12,54.279671
2020-05-13,53.345280
2020-05-14,54.142120
2020-05-15,54.772964
2020-05-18,56.845661
2020-05-19,56.641716
2020-05-20,57.381641
2020-05-21,57.585590
2020-05-22,57.500214
2020-05-26,58.410873
2020-05-27,59.411663
2020-05-28,58.690723
2020-05-29,58.904171
2020-06-01,59.463848
2020-06-02,59.971355
2020-06-03,61.104939
2020-06-04,60.796646
2020-06-05,62.252766
2020-06-08,63.201389
2020-06-09,62.708118
2020-06-10,62.119953
2020-06-11,58.866219
2020-06-12,59.449619
2020-06-15,60.014050
2020-06-16,61.275692
2020-06-17,61.114426
2020-06-18,60.891502
2020-06-19,60.417202
2020-06-22,61.038082
2020-06-23,61.518242
2020-06-24,60.163334
2020-06-25,60.244152
2020-06-26,58.832176
2020-06-29,59.949398
2020-06-30,60.714809
2020-07-01,61.328091
2020-07-02,61.570538
2020-07-06,63.030060
2020-07-07,62.041203
2020-07-08,62.702019
2020-07-09,62.630714
2020-07-10,63.377121
2020-07-13,62.573662
2020-07-14,63.196449
2020-07-15,64.099747
2020-07-16,63.928589
2020-07-17,63.629082
2020-07-20,64.646454
2020-07-21,64.746300
2020-07-22,65.302521
2020-07-23,64.323158
2020-07-24,64.437263
2020-07-27,64.836639
2020-07-28,64.194809
2020-07-29,64.846130
2020-07-30,64.793831
2020-07-31,65.131393
2020-08-03,64.993523
2020-08-04,65.516487
2020-08-05,66.315155
2020-08-06,66.638443
2020-08-07,66.738266
2020-08-10,67.536949
2020-08-11,67.403854
2020-08-12,68.297630
2020-08-13,68.269089
2020-08-14,68.264343
2020-08-17,69.143837
2020-08-18,69.571724
2020-08-19,69.243683
2020-08-20,69.139107
2020-08-21,69.495644
2020-08-24,70.551079
2020-08-25,70.784019
2020-08-26,71.482872
2020-08-27,71.097794
2020-08-28,71.563683
2020-08-31,71.354507
2020-09-01,72.100914
2020-09-02,73.099289
2020-09-03,70.779274
2020-09-04,69.961555
2020-09-08,69.044014
2020-09-09,70.346634
2020-09-10,69.338768
2020-09-11,69.443352
2020-09-14,70.180244
2020-09-15,70.755478
2020-09-16,70.360909
2020-09-17,69.372055
2020-09-18,68.406967
2020-09-21,67.418861
2020-09-22,68.843376
2020-09-23,67.714241
2020-09-24,67.685661
2020-09-25,68.567047
2020-09-28,70.001076
2020-09-29,69.457954
2020-09-30,70.024872
2020-10-01,70.939636
2020-10-02,70.639481
2020-10-05,71.573273
2020-10-06,70.248825
2020-10-07,71.854370
2020-10-08,72.326027
2020-10-09,73.078789
2020-10-12,74.050713
2020-10-13,74.036407
2020-10-14,73.216934
2020-10-15,73.488510
2020-10-16,72.821533
2020-10-19,71.925835
2020-10-20,72.502327
2020-10-21,72.106873
2020-10-22,72.254562
2020-10-23,72.888245
2020-10-26,71.487534
2020-10-27,71.454201
2020-10-28,69.195930
2020-10-29,69.634232
2020-10-30,68.114456
2020-11-02,68.600388
2020-11-03,70.110657
2020-11-04,71.601868
2020-11-05,72.997795
2020-11-06,72.778664
2020-11-09,72.540443
2020-11-10,72.283157
2020-11-11,72.916817
2020-11-12,71.940140
2020-11-13,73.107361
2020-11-16,74.064995
2020-11-17,73.750549
2020-11-18,73.245544
2020-11-19,73.607628
2020-11-20,73.221725
2020-11-23,74.026878
2020-11-24,75.127419
2020-11-25,75.217934
2020-11-27,75.379921
2020-11-30,74.922539
2020-12-01,75.479973
2020-12-02,75.008308
2020-12-03,75.217934
2020-12-04,75.289391
2020-12-07,75.117889
2020-12-08,74.960670
2020-12-09,74.889191
2020-12-10,74.822517
2020-12-11,74.465195
2020-12-14,74.574745
2020-12-15,75.579994
2020-12-16,76.075493
2020-12-17,76.594810
2020-12-18,76.223198
2020-12-21,75.362129
2020-12-22,75.037560
2020-12-23,75.199837
2020-12-24,75.357361
2020-12-28,76.216499
2020-12-29,76.240372
2020-12-30,76.698608
2020-12-31,76.741547
2021-01-04,76.092400
2021-01-05,76.660416
2021-01-06,77.443199
2021-01-07,78.937187
2021-01-08,80.564766
2021-01-11,79.061249
2021-01-12,80.268852
2021-01-13,80.264076
2021-01-14,79.753372
2021-01-15,79.137619
2021-01-19,79.586311
2021-01-20,81.089836
2021-01-21,81.466873
2021-01-22,81.190079
2021-01-25,81.490746
2021-01-26,81.438255
2021-01-27,78.927628
2021-01-28,79.175804
2021-01-29,77.328644
2021-02-01,79.338104
2021-02-02,81.023003
2021-02-03,80.569550
2021-02-04,81.428711
2021-02-05,82.206726
2021-02-08,82.674484
2021-02-09,82.216263
2021-02-10,81.404861
2021-02-11,81.180527
2021-02-12,81.295067
2021-02-16,80.941849
2021-02-17,81.409630
2021-02-18,81.433495
2021-02-19,80.960930
2021-02-22,79.252174
2021-02-23,78.731918
2021-02-24,79.557678
2021-02-25,76.598351
2021-02-26,76.918152
2021-03-01,78.722359
2021-03-02,77.815483
2021-03-03,75.987411
2021-03-04,74.378891
2021-03-05,74.851418
2021-03-08,74.942093
2021-03-09,77.772514
2021-03-10,78.168701
2021-03-11,79.366730
2021-03-12,79.600624
2021-03-15,80.669785
2021-03-16,79.834488
2021-03-17,80.956161
2021-03-18,78.975357
2021-03-19,79.447891
2021-03-22,79.970909
2021-03-23,79.220329
2021-03-24,78.049057
2021-03-25,78.732689
2021-03-26,79.387657
2021-03-29,78.952606
2021-03-30,79.727089
2021-03-31,80.348564
2021-04-01,80.993965
2021-04-05,82.834503
2021-04-06,83.193062
2021-04-07,82.944473
2021-04-08,83.336464
2021-04-09,84.130058
2021-04-12,84.670258
2021-04-13,85.564278
2021-04-14,84.722862
2021-04-15,85.330009
2021-04-16,85.989746
2021-04-19,85.024033
2021-04-20,83.953178
2021-04-21,85.071854
2021-04-22,84.130058
2021-04-23,85.009712
2021-04-26,85.382614
2021-04-27,85.282211
2021-04-28,85.181808
2021-04-29,85.205727
2021-04-30,85.535561
2021-05-03,85.129219
2021-05-04,84.240013
2021-05-05,83.977066
2021-05-06,84.158737
2021-05-07,84.914085
2021-05-10,83.403412
2021-05-11,82.461601
2021-05-12,79.669716
2021-05-13,80.233833
2021-05-14,81.624992
2021-05-17,81.476799
2021-05-18,80.840988
2021-05-19,80.162109
2021-05-20,80.984390
2021-05-21,80.578041
2021-05-24,81.376404
2021-05-25,81.634544
2021-05-26,82.413803
2021-05-27,82.743652
2021-05-28,82.628944
2021-06-01,82.471184
2021-06-02,82.088730
2021-06-03,81.113449
2021-06-04,81.763634
2021-06-07,81.763634
2021-06-08,82.423378
2021-06-09,81.969200
2021-06-10,82.356438
2021-06-11,82.805840
2021-06-14,82.829727
2021-06-15,82.389915
2021-06-16,82.428146
2021-06-17,82.738899
2021-06-18,82.303864
2021-06-21,82.938232
2021-06-22,83.718628
2021-06-23,84.364975
2021-06-24,84.652237
2021-06-25,85.188469
2021-06-28,85.207634
2021-06-29,85.418274
2021-06-30,85.485313
2021-07-01,85.968872
2021-07-02,86.725357
2021-07-06,86.825890
2021-07-07,86.778008
2021-07-08,86.562553
2021-07-09,87.371689
2021-07-12,87.970154
2021-07-13,86.916862
2021-07-14,86.758858
2021-07-15,86.289658
2021-07-16,85.226768
2021-07-19,84.250076
2021-07-20,85.806084
2021-07-21,86.596077
2021-07-22,86.969513
2021-07-23,87.745132
2021-07-26,88.396271
2021-07-27,87.500961
2021-07-28,87.218475
2021-07-29,88.199966
2021-07-30,86.385399
2021-08-02,86.634369
2021-08-03,87.275917
2021-08-04,86.428490
2021-08-05,87.256775
2021-08-06,86.663094
2021-08-09,86.543419
2021-08-10,86.883331
2021-08-11,87.137093
2021-08-12,87.175392
2021-08-13,86.926430
2021-08-16,86.524261
2021-08-17,84.470306
2021-08-18,84.771935
2021-08-19,84.230911
2021-08-20,85.040047
2021-08-23,86.136467
2021-08-24,86.744492
2021-08-25,87.079643
2021-08-26,86.275291
2021-08-27,87.060463
2021-08-30,87.716415
2021-08-31,87.927048
2021-09-01,87.922279
2021-09-02,87.917496
2021-09-03,87.864822
2021-09-07,88.123352
2021-09-08,88.223915
2021-09-09,88.109009
2021-09-10,87.568001
2021-09-13,87.783447
2021-09-14,87.491364
2021-09-15,88.056328
2021-09-16,88.458496
2021-09-17,88.147308
2021-09-20,86.135849
2021-09-21,86.265312
2021-09-22,87.440056
2021-09-23,88.327110
2021-09-24,88.657974
2021-09-27,89.132660
2021-09-28,87.416084
2021-09-29,87.502403
2021-09-30,86.044746
2021-10-01,86.692047
2021-10-04,86.006378
2021-10-05,86.351601
2021-10-06,86.624901
2021-10-07,87.972305
2021-10-08,87.569511
2021-10-11,87.214699
2021-10-12,87.905151
2021-10-13,88.336693
2021-10-14,89.262138
2021-10-15,90.628670
2021-10-18,91.736290
2021-10-19,91.477371
2021-10-20,91.410240
2021-10-21,92.752823
2021-10-22,92.421959
2021-10-25,94.713943
2021-10-26,94.728333
2021-10-27,94.939316
2021-10-28,96.200371
2021-10-29,96.449692
2021-11-01,98.218994
2021-11-02,97.557312
2021-11-03,99.312271
2021-11-04,100.650055
2021-11-05,101.297356
2021-11-08,99.863663
2021-11-09,98.017632
2021-11-10,97.653214
2021-11-11,97.389503
2021-11-12,97.715553
2021-11-15,97.634041
2021-11-16,99.173203
2021-11-17,99.806122
2021-11-18,100.937752
2021-11-19,101.374054
2021-11-22,101.119942
2021-11-23,100.386322
2021-11-24,100.592499
2021-11-26,97.849838
2021-11-29,99.369812
2021-11-30,98.027229
2021-12-01,96.257896
2021-12-02,97.629242
2021-12-03,95.730453
2021-12-06,96.823700
2021-12-07,99.082108
2021-12-08,99.331459
2021-12-09,97.610077
2021-12-10,98.290939
2021-12-13,95.759247
2021-12-14,95.203018
2021-12-15,96.411346
2021-12-16,94.282402
2021-12-17,93.639870
2021-12-20,92.128181
2021-12-21,94.514832
2021-12-22,96.238770
2021-12-23,97.573761
2021-12-27,98.524582
2021-12-28,98.567772
2021-12-29,98.764664
2021-12-30,98.409317
2021-12-31,98.174011
2022-01-03,100.992844
2022-01-04,100.378197
2022-01-05,97.669785
2022-01-06,97.415276
2022-01-07,95.792191
2022-01-10,95.206322
2022-01-11,96.123535
2022-01-12,96.757393
2022-01-13,94.812561
2022-01-14,94.370766
2022-01-18,92.584396
2022-01-19,90.913269
2022-01-20,89.256516
2022-01-21,86.639381
2022-01-24,87.681419
2022-01-25,86.197586
2022-01-26,85.779823
2022-01-27,83.700500
2022-01-28,85.525307
2022-01-31,88.814735
2022-02-01,89.352577
2022-02-02,88.819550
2022-02-03,86.101555
2022-02-04,88.550621
2022-02-07,88.368141
2022-02-08,89.611877
2022-02-09,90.797989
2022-02-10,89.232521
2022-02-11,86.668205
2022-02-14,87.162827
2022-02-15,89.112473
2022-02-16,89.366974
2022-02-17,86.975533
2022-02-18,86.437691
2022-02-22,83.916603
2022-02-23,81.112175
2022-02-24,82.965775
2022-02-25,84.608093
2022-02-28,85.203560
2022-03-01,83.911812
2022-03-02,85.674171
2022-03-03,83.734123
2022-03-04,82.403954
2022-03-07,78.365364
2022-03-08,78.528648
2022-03-09,81.054535
2022-03-10,81.630798
2022-03-11,80.060539
2022-03-14,78.725548
2022-03-15,81.361877
2022-03-16,84.137497
2022-03-17,85.539711
2022-03-18,87.340485
2022-03-21,86.608978
2022-03-22,88.758804
2022-03-23,87.657455
2022-03-24,88.340370
2022-03-25,88.186485
2022-03-28,90.538322
2022-03-29,92.115807
2022-03-30,90.716263
2022-03-31,88.975235
2022-04-01,89.085869
2022-04-04,91.086586
2022-04-05,88.951180
2022-04-06,86.681122
2022-04-07,87.123604
2022-04-08,86.320396
2022-04-11,84.718834
2022-04-12,84.906425
2022-04-13,87.017776
2022-04-14,85.801003
2022-04-18,86.060715
2022-04-19,88.556801
2022-04-20,87.416954
2022-04-21,86.570496
2022-04-22,84.560150
2022-04-25,85.170952
2022-04-26,80.861649
2022-04-27,80.871269
2022-04-28,82.530540
2022-04-29,78.336685
2022-05-02,79.481316
2022-05-03,79.284149
2022-05-04,81.611931
2022-05-05,77.038109
2022-05-06,76.061806
2022-05-09,72.820213
2022-05-10,72.603790
2022-05-11,70.001862
2022-05-12,70.482819
2022-05-13,73.257881
2022-05-16,71.675560
2022-05-17,73.483917
2022-05-18,68.679276
2022-05-19,68.727356
2022-05-20,67.529785
2022-05-23,68.034798
2022-05-24,66.284149
2022-05-25,68.155029
2022-05-26,71.497612
2022-05-27,73.950447
2022-05-31,74.325584
2022-06-01,73.551247
2022-06-02,75.802086
2022-06-03,73.584923
2022-06-06,74.320770
2022-06-07,74.138016
2022-06-08,73.700348
2022-06-09,72.368118
2022-06-10,69.482452
2022-06-13,66.274529
2022-06-14,66.221634
2022-06-15,68.082878
2022-06-16,64.749924
2022-06-17,65.456902
2022-06-21,67.329208
2022-06-22,67.199074
2022-06-23,68.254768
2022-06-24,70.857903
2022-06-27,70.115540
2022-06-28,67.314774
2022-06-29,67.261734
2022-06-30,66.273514
2022-07-01,67.493149
2022-07-05,69.001976
2022-07-06,68.775421
2022-07-07,70.549370
2022-07-08,70.559036
2022-07-11,68.625961
2022-07-12,68.211395
2022-07-13,68.770592
2022-07-14,68.712738
2022-07-15,69.821472
2022-07-18,70.023941
2022-07-19,72.169106
2022-07-20,73.354965
2022-07-21,75.032555
2022-07-22,74.598679
2022-07-25,73.957550
2022-07-26,71.576172
2022-07-27,74.285355
2022-07-28,75.562790
2022-07-29,78.493736
2022-08-01,78.884201
2022-08-02,78.344284
2022-08-03,80.253235
2022-08-04,80.581039
2022-08-05,79.207169
2022-08-08,79.563904
2022-08-09,78.296082
2022-08-10,80.503914
2022-08-11,80.094154
2022-08-12,81.906708
2022-08-15,82.470726
2022-08-16,83.381798
2022-08-17,82.485191
2022-08-18,82.461067
2022-08-19,80.759415
2022-08-22,78.517830
2022-08-23,78.739563
2022-08-24,79.077026
2022-08-25,80.021858
2022-08-26,76.975250
2022-08-29,76.565491
2022-08-30,75.712227
2022-08-31,74.965057
2022-09-01,75.649567
2022-09-02,74.955414
2022-09-06,74.801147
2022-09-07,77.095757
2022-09-08,77.814018
2022-09-09,79.289116
2022-09-12,80.311081
2022-09-13,76.170197
2022-09-14,77.148773
2022-09-15,76.753487
2022-09-16,76.136467
2022-09-19,77.213684
2022-09-20,75.904587
2022-09-21,74.107567
2022-09-22,72.397499
2022-09-23,70.730911
2022-09-26,70.571503
2022-09-27,70.793716
2022-09-28,72.706657
2022-09-29,70.194710
2022-09-30,68.813141
2022-10-03,68.880775
2022-10-04,71.286461
2022-10-05,70.866165
2022-10-06,70.363785
2022-10-07,67.943604
2022-10-10,67.523354
2022-10-11,66.972641
2022-10-12,67.146538
2022-10-13,67.880798
2022-10-14,65.344704
2022-10-17,67.996758
2022-10-18,68.933914
2022-10-19,68.160995
2022-10-20,66.842209
2022-10-21,68.788971
2022-10-24,69.073997
2022-10-25,70.803383
2022-10-26,70.233360
2022-10-27,69.962845
2022-10-28,70.025658
2022-10-31,69.576385
2022-11-01,68.871094
2022-11-02,66.267349
2022-11-03,65.871223
2022-11-04,66.421959
2022-11-07,65.958199
2022-11-08,65.793968
2022-11-09,63.784389
2022-11-10,68.446014
2022-11-11,70.088425
2022-11-14,68.977371
2022-11-15,69.919373
2022-11-16,68.851776
2022-11-17,68.016060
2022-11-18,68.107864
2022-11-21,67.122383
2022-11-22,67.880798
2022-11-23,68.861458
2022-11-25,68.900108
2022-11-28,68.474991
2022-11-29,68.257599
2022-11-30,70.610123
2022-12-01,70.600502
2022-12-02,70.508705
2022-12-05,68.474991
2022-12-06,67.407410
2022-12-07,67.001610
2022-12-08,67.648941
2022-12-09,67.354271
2022-12-12,67.523354
2022-12-13,67.523354
2022-12-14,67.020943
2022-12-15,65.919548
2022-12-16,64.687729
2022-12-19,63.649185
2022-12-20,62.908073
2022-12-21,63.910774
2022-12-22,62.268673
2022-12-23,62.694927
2022-12-27,61.677715
2022-12-28,61.159409
2022-12-29,62.733685
2022-12-30,62.564152
2023-01-03,62.191166
2023-01-04,63.092144
2023-01-05,62.506012
2023-01-06,63.973740
2023-01-09,64.361244
2023-01-10,65.170189
2023-01-11,66.928543
2023-01-12,67.039925
2023-01-13,67.669647
2023-01-17,67.718063
2023-01-18,66.836494
2023-01-19,65.727226
2023-01-20,67.320877
2023-01-23,68.372009
2023-01-24,68.294518
2023-01-25,68.643288
2023-01-26,70.048027
2023-01-27,71.636818
2023-01-30,70.416145
2023-01-31,72.029182
2023-02-01,73.395172
2023-02-02,75.642746
2023-02-03,73.312828
2023-02-06,73.206268
2023-02-07,73.375809
2023-02-08,72.750908
2023-02-09,72.615288
2023-02-10,71.762741
2023-02-13,72.813904
2023-02-14,73.685799
2023-02-15,74.548027
2023-02-16,72.920456
2023-02-17,72.934998
2023-02-21,70.498505
2023-02-22,70.856956
2023-02-23,70.798828
2023-02-24,69.684715
2023-02-27,70.546944
2023-02-28,70.498505
2023-03-01,69.612068
2023-03-02,69.379547
2023-03-03,70.871498
2023-03-06,70.353195
2023-03-07,69.394089
2023-03-08,69.268150
2023-03-09,67.616364
2023-03-10,66.943069
2023-03-13,67.083534
2023-03-14,68.221863
2023-03-15,68.120140
2023-03-16,69.350494
2023-03-17,68.464058
2023-03-20,68.760437
2023-03-21,70.660187
2023-03-22,69.085960
2023-03-23,69.013084
2023-03-24,68.789597
2023-03-27,68.930504
2023-03-28,68.847893
2023-03-29,70.154877
2023-03-30,70.767082
2023-03-31,72.657104
2023-04-03,71.991463
2023-04-04,71.874847
2023-04-05,70.402672
2023-04-06,70.417252
2023-04-10,70.728218
2023-04-11,70.839966
2023-04-12,69.741890
2023-04-13,71.282104
2023-04-14,71.374428
2023-04-17,71.879723
2023-04-18,71.996315
2023-04-19,71.928307
2023-04-20,70.820503
2023-04-21,71.602768
2023-04-24,71.593063
2023-04-25,70.174316
2023-04-26,69.814766
2023-04-27,71.656219
2023-04-28,71.840858
2023-05-01,71.131485
2023-05-02,71.204369
2023-05-03,70.640747
2023-05-04,70.096573
2023-05-05,71.515327
2023-05-08,71.758255
2023-05-09,71.738815
2023-05-10,72.103218
2023-05-11,72.438484
2023-05-12,71.826286
2023-05-15,71.918594
2023-05-16,71.627068
2023-05-17,73.118683
2023-05-18,74.255638
2023-05-19,73.633713
2023-05-22,73.405365
2023-05-23,72.734856
2023-05-24,72.467621
2023-05-25,72.142082
2023-05-26,73.837784
2023-05-30,74.333366
2023-05-31,73.662872
2023-06-01,74.532578
2023-06-02,76.281708
2023-06-05,76.510071
2023-06-06,77.306892
2023-06-07,76.782150
2023-06-08,77.919098
2023-06-09,78.322372
2023-06-12,79.668236
2023-06-13,80.494209
2023-06-14,80.435905
2023-06-15,80.960640
2023-06-16,80.839188
2023-06-20,81.444794
2023-06-21,80.466248
2023-06-22,81.493500
2023-06-23,80.549019
2023-06-26,79.516899
2023-06-27,81.225739
2023-06-28,81.547058
2023-06-29,81.634682
2023-06-30,82.671677
2023-07-03,83.669708
2023-07-05,83.703789
2023-07-06,82.355225
2023-07-07,82.457443
2023-07-10,82.710632
2023-07-11,83.401947
2023-07-12,84.151703
2023-07-13,84.940384
2023-07-14,85.159470
2023-07-17,85.505135
2023-07-18,85.855659
2023-07-19,86.157509
2023-07-20,83.221809
2023-07-21,83.241287
2023-07-24,83.786560
2023-07-25,83.591827
2023-07-26,83.572342
2023-07-27,82.705742
2023-07-28,84.107887
2023-07-31,84.584991
2023-08-01,83.625900
2023-08-02,82.126404
2023-08-03,82.321136
2023-08-04,83.518806
2023-08-07,84.375633
2023-08-08,83.703789
2023-08-09,82.710632
2023-08-10,82.910233
2023-08-11,82.627853
2023-08-14,82.881020
2023-08-15,81.751534
2023-08-16,80.738899
2023-08-17,79.370842
2023-08-18,79.190704
2023-08-21,80.101112
2023-08-22,80.217957
2023-08-23,80.860588
2023-08-24,79.278351
2023-08-25,80.164398
2023-08-28,80.485733
2023-08-29,82.496414
2023-08-30,82.851799
2023-08-31,83.109840
2023-09-01,82.603516
2023-09-05,82.661926
2023-09-06,81.926788
2023-09-07,82.155602
2023-09-08,82.155602
2023-09-11,84.365898
2023-09-12,83.601547
2023-09-13,84.263680
2023-09-14,85.091293
2023-09-15,83.635628
2023-09-18,82.726051
2023-09-19,82.311493
2023-09-20,81.492134
2023-09-21,79.268150
2023-09-22,78.487808
2023-09-25,78.970642
2023-09-26,77.531898
2023-09-27,77.234383
2023-09-28,78.097649
2023-09-29,78.512192
2023-10-02,78.575600
2023-10-03,76.663765
2023-10-04,78.175674
2023-10-05,77.785515
2023-10-06,78.331741
2023-10-09,78.414665
2023-10-10,79.273018
2023-10-11,79.555916
2023-10-12,78.687767
2023-10-13,77.531898
2023-10-16,78.785316
2023-10-17,78.970642
2023-10-18,77.117325
2023-10-19,75.146973
2023-10-20,73.981323
2023-10-23,74.069122
2023-10-24,74.859215
2023-10-25,73.347305
2023-10-26,72.201172
2023-10-27,72.957146
2023-10-30,73.625313
2023-10-31,74.181305
2023-11-01,75.098213
2023-11-02,77.058815
2023-11-03,78.141548
2023-11-06,78.239082
2023-11-07,79.112091
2023-11-08,78.902367
2023-11-09,77.429474
2023-11-10,78.717041
2023-11-13,79.053558
2023-11-14,81.716484
2023-11-15,81.814034
2023-11-16,80.975159
2023-11-17,81.516518
2023-11-20,81.935951
2023-11-21,81.726250
2023-11-22,81.974968
2023-11-24,82.053001
2023-11-27,82.184685
2023-11-28,82.657768
2023-11-29,82.433418
2023-11-30,82.316368
2023-12-01,83.442993
2023-12-04,83.125984
2023-12-05,83.272293
2023-12-06,83.394218
2023-12-07,84.081894
2023-12-08,84.467194
2023-12-11,84.691536
2023-12-12,84.954918
2023-12-13,86.066887
2023-12-14,87.222755
2023-12-15,87.403221
2023-12-18,87.945564
2023-12-19,88.634460
2023-12-20,87.017250
2023-12-21,88.341316
2023-12-22,87.691498
2023-12-26,88.062828
2023-12-27,88.365746
2023-12-28,87.906471
2023-12-29,87.364151
2024-01-02,86.553085
2024-01-03,84.803955
2024-01-04,84.207870
2024-01-05,84.339783
2024-01-08,85.776237
2024-01-09,85.458656
2024-01-10,86.142662
2024-01-11,86.030296
2024-01-12,84.994507
2024-01-16,84.896759
2024-01-17,84.154121
2024-01-18,84.632942
2024-01-19,85.448875
2024-01-22,85.072670
2024-01-23,84.867462
2024-01-24,84.544991
2024-01-25,83.499420
2024-01-26,83.880524
2024-01-29,85.106880
2024-01-30,85.058014
2024-01-31,83.509186
2024-02-01,85.116646
2024-02-02,86.636162
2024-02-05,85.414680
2024-02-06,85.932587
2024-02-07,86.895096
2024-02-08,87.276192
2024-02-09,87.896698
2024-02-12,87.823402
2024-02-13,86.074272
2024-02-14,86.983040
2024-02-15,87.989525
2024-02-16,87.466751
2024-02-20,86.641014
2024-02-21,87.281090
2024-02-22,88.976479
2024-02-23,88.575844
2024-02-26,88.849449
2024-02-27,89.142586
2024-02-28,89.494377
2024-02-29,90.100220
2024-03-01,90.398270
2024-03-04,89.176788
2024-03-05,88.067711
2024-03-06,87.755013
2024-03-07,88.424370
2024-03-08,88.097015
2024-03-11,87.857613
2024-03-12,88.614914
2024-03-13,88.429253
2024-03-14,87.867371
2024-03-15,86.992821
2024-03-18,87.657272
2024-03-19,88.416229
2024-03-20,89.733383
2024-03-21,90.257309
2024-03-22,89.468971
2024-03-25,89.175186
2024-03-26,89.287811
2024-03-27,90.320976
2024-03-28,90.041870
2024-04-01,89.371040
2024-04-02,88.053879
2024-04-03,88.117546
2024-04-04,87.084373
2024-04-05,87.569138
2024-04-08,88.401527
2024-04-09,88.817749
2024-04-10,87.446716
2024-04-11,88.151810
2024-04-12,86.722038
2024-04-15,85.277565
2024-04-16,84.792816
2024-04-17,84.381516
2024-04-18,83.857590
2024-04-19,83.123108
2024-04-22,83.490341
2024-04-23,84.484337
2024-04-24,85.292274
2024-04-25,85.365707
2024-04-26,86.134468
2024-04-29,88.137131
2024-04-30,85.992462
2024-05-01,85.453842
2024-05-02,86.531075
2024-05-03,87.113754
2024-05-06,88.044098
2024-05-07,87.412445
2024-05-08,87.084373
2024-05-09,87.676849
2024-05-10,87.206802
2024-05-13,87.094170
2024-05-14,87.490784
2024-05-15,87.622986
2024-05-16,87.054993
2024-05-17,87.500572
2024-05-20,86.849335
2024-05-21,87.407555
2024-05-22,86.496803
2024-05-23,85.096390
2024-05-24,85.953278
2024-05-28,85.742744
2024-05-29,85.179642
2024-05-30,85.683998
2024-05-31,86.163834
2024-06-03,86.124649
2024-06-04,86.212791
2024-06-05,86.717140
2024-06-06,87.348778
2024-06-07,86.991348
2024-06-10,87.270447
2024-06-11,87.040306
2024-06-12,87.946167
2024-06-13,88.014717
2024-06-14,87.319420
2024-06-17,88.852013
2024-06-18,88.553337
2024-06-20,88.665947
2024-06-21,89.415115
2024-06-24,89.033363
2024-06-25,88.675148
2024-06-26,89.960777
2024-06-27,90.510361
2024-06-28,89.504433
2024-07-01,89.808662
2024-07-02,91.555573
2024-07-03,92.139511
2024-07-05,92.890266
2024-07-08,92.934448
2024-07-09,93.243584
2024-07-10,93.945305
2024-07-11,92.752884
2024-07-12,93.964920
2024-07-15,93.856964
2024-07-16,95.540070
2024-07-17,93.945305
2024-07-18,92.988434
2024-07-19,92.159126
2024-07-22,93.174904
2024-07-23,92.757790
2024-07-24,88.964668
2024-07-25,88.616257
2024-07-26,89.607468
2024-07-29,91.104126
2024-07-30,90.598694
2024-07-31,92.002106
2024-08-01,89.744865
2024-08-02,86.442436
2024-08-05,83.998718
2024-08-06,84.926155
2024-08-07,83.444229
2024-08-08,85.264732
2024-08-09,85.549347
2024-08-12,85.210762
2024-08-13,87.345322
2024-08-14,86.879166
2024-08-15,89.651642
2024-08-16,89.862640
2024-08-19,90.966743
2024-08-20,90.883316
2024-08-21,92.031532
2024-08-22,90.441666
2024-08-23,92.188576
2024-08-26,91.472153
2024-08-27,91.231705
2024-08-28,90.348434
2024-08-29,90.456390
2024-08-30,91.820541
2024-09-03,90.559441
2024-09-04,90.794991
2024-09-05,91.825462
2024-09-06,89.504433
2024-09-09,90.809700
2024-09-10,91.849983
2024-09-11,92.767609
2024-09-12,93.812805
2024-09-13,94.450729
2024-09-16,94.288788
2024-09-17,94.769669
2024-09-18,94.583214
2024-09-19,96.737404
2024-09-20,96.516586
2024-09-23,97.689331
2024-09-24,98.544930
2024-09-25,98.190880
2024-09-26,98.608833
2024-09-27,98.756355
2024-09-30,98.525261
2024-10-01,98.126961
2024-10-02,97.295959
2024-10-03,96.169930
2024-10-04,97.443466
2024-10-07,95.928978
2024-10-08,96.863243
2024-10-09,97.556564
2024-10-10,97.074692
2024-10-11,96.661644
2024-10-14,97.084526
2024-10-15,97.295959
2024-10-16,97.807358
2024-10-17,97.718842
2024-10-18,98.102379
2024-10-21,97.340225
2024-10-22,96.946838
2024-10-23,95.422516
2024-10-24,98.431816
2024-10-25,98.741608
2024-10-28,98.972702
2024-10-29,98.456406
2024-10-30,98.318726
2024-10-31,96.814064
2024-11-01,98.387566
2024-11-04,98.048271
2024-11-05,99.784050
2024-11-06,102.975288
2024-11-07,104.297997
2024-11-08,105.778069
2024-11-11,107.912117
2024-11-12,106.471390
2024-11-13,107.381065
2024-11-14,105.856735
2024-11-15,104.951988
2024-11-18,105.920662
2024-11-19,105.999344
2024-11-20,105.532204
2024-11-21,105.719063
2024-11-22,107.243393
2024-11-25,108.339920
2024-11-26,108.733292
2024-11-27,108.197311
2024-11-29,109.308601
2024-12-02,110.262527
2024-12-03,110.178932
2024-12-04,111.201714
2024-12-05,112.111389
2024-12-06,114.471619
2024-12-09,114.107742
2024-12-10,114.294601
2024-12-11,116.300804
2024-12-12,115.337036
2024-12-13,115.794334
2024-12-16,117.362915
2024-12-17,117.731689
2024-12-18,112.426086
2024-12-19,112.273643
2024-12-20,112.558838
2024-12-23,112.900246
2024-12-24,115.511292
2024-12-26,115.082687
2024-12-27,113.181061
2024-12-30,111.363182
2024-12-31,110.525673
2025-01-02,109.072365
2025-01-03,111.279434
2025-01-06,111.717888
2025-01-07,109.555153
2025-01-08,109.865517
2025-01-10,108.786629
2025-01-13,109.402451
2025-01-14,109.190605
2025-01-15,111.969139
2025-01-16,111.363182
2025-01-17,112.924889
2025-01-21,113.752533
2025-01-22,113.323929
2025-01-23,114.008698
2025-01-24,113.314072
2025-01-27,113.959450
2025-01-28,114.097382
2025-01-29,113.772232
2025-01-30,114.885628
2025-01-31,114.378189
2025-02-03,112.865753
2025-02-04,114.195915
2025-02-05,112.900246
2025-02-06,113.348564
2025-02-07,111.131638
2025-02-10,111.510986
2025-02-11,110.244865
2025-02-12,110.225174
2025-02-13,111.880455
2025-02-14,111.831192
2025-02-18,111.520821
2025-02-19,111.456795
2025-02-20,110.496124
2025-02-21,107.589493
2025-02-24,107.185532
2025-02-25,106.623894
2025-02-26,106.185440
2025-02-27,104.653320
2025-02-28,106.392372
2025-03-03,104.431625
2025-03-04,102.589111
2025-03-05,104.150818
2025-03-06,101.510216
2025-03-07,101.323006
2025-03-10,97.706963
2025-03-11,96.751236
2025-03-12,97.312851
2025-03-13,94.884087
2025-03-14,96.903954
2025-03-17,97.056679
2025-03-18,95.327484
2025-03-19,97.155205
2025-03-20,96.923660
2025-03-21,97.273438
2025-03-24,100.920174
2025-03-25,101.725403
2025-03-26,100.396523
2025-03-27,100.460747
2025-03-28,97.338646
2025-03-31,97.546120
2025-04-01,98.563782
2025-04-02,100.436058
2025-04-03,94.369675
2025-04-04,90.299080
2025-04-07,89.232033
2025-04-08,87.112740
2025-04-09,96.597633
2025-04-10,92.823441
2025-04-11,93.722527
2025-04-14,93.994240
2025-04-15,93.317444
2025-04-16,91.015388
2025-04-17,91.588425
2025-04-21,89.143105
2025-04-22,91.963875
2025-04-23,94.018929
2025-04-24,95.891212
2025-04-25,97.615288
2025-04-28,97.649864
2025-04-29,98.341476
2025-04-30,97.447319
2025-05-01,97.985786
2025-05-02,99.507317
2025-05-05,98.450150
2025-05-06,97.590591
2025-05-07,98.351341
2025-05-08,99.512260
2025-05-09,99.991440
2025-05-12,104.961136
2025-05-13,106.349281
2025-05-14,106.759315
2025-05-15,106.522194
2025-05-16,107.529945
2025-05-19,107.278023
2025-05-20,106.719788
2025-05-21,104.556046
2025-05-22,105.005585
2025-05-23,104.062035
2025-05-27,107.134743
2025-05-28,106.151688
2025-05-29,106.196136
2025-05-30,105.618164
2025-06-02,105.865166
2025-06-03,106.428322
2025-06-04,106.146736
2025-06-05,103.469231
2025-06-06,104.812927
2025-06-09,105.652733
2025-06-10,106.917381
2025-06-11,106.072655
2025-06-12,105.573700
2025-06-13,104.600510
2025-06-16,105.726845
2025-06-17,103.903961
2025-06-18,103.953362
2025-06-20,104.076851
2025-06-23,106.139755
2025-06-24,106.728867
2025-06-25,105.471428
2025-06-26,106.441742
2025-06-27,108.214035
2025-06-30,107.590271
2025-07-01,108.050674
2025-07-02,108.917015
2025-07-03,109.511078
2025-07-07,108.119980
2025-07-08,107.753639
2025-07-09,108.392250
2025-07-10,109.590279
2025-07-11,109.619987
2025-07-14,110.025932
2025-07-15,108.451668
2025-07-16,108.649689
2025-07-17,109.020973
2025-07-18,109.986328
2025-07-21,110.506142
2025-07-22,111.624969
2025-07-23,112.154671
2025-07-24,110.298218
2025-07-25,111.322983
2025-07-28,111.971497
2025-07-29,111.199211
2025-07-30,110.496239
2025-07-31,109.619987
2025-08-01,106.976402
2025-08-04,108.233841
2025-08-05,108.372459
2025-08-06,110.624954
2025-08-07,110.590302
2025-08-08,110.783371
2025-08-11,111.070503
2025-08-12,112.248734
2025-08-13,113.788345
2025-08-14,113.659637
2025-08-15,113.387352
2025-08-18,113.842812
2025-08-19,113.788345
2025-08-20,112.664581
2025-08-21,111.996254
2025-08-22,115.397285
2025-08-25,115.164612
2025-08-26,115.694313
2025-08-27,115.719063
2025-08-28,115.917084
2025-08-29,114.724007
2025-09-02,113.867569
2025-09-03,114.327965
2025-09-04,116.417091
2025-09-05,116.392349
2025-09-08,116.842842
2025-09-09,116.679474
2025-09-10,115.283417
2025-09-11,117.526009
2025-09-12,118.134941
2025-09-15,119.159698
2025-09-16,119.892372
2025-09-17,119.590393
2025-09-18,119.050774
2025-09-19,119.501282
2025-09-22,119.111984
2025-09-23,117.991180
2025-09-24,118.824356
2025-09-25,117.148109
2025-09-26,118.878899
2025-09-29,119.399620
2025-09-30,118.844177
2025-10-01,119.588074
2025-10-02,118.725159
2025-10-03,117.961433
2025-10-06,118.973122
2025-10-07,116.890228
2025-10-08,117.237373
2025-10-09,116.652184
2025-10-10,113.443527
2025-10-13,115.977722
2025-10-14,116.220726
2025-10-15,116.389343
2025-10-16,115.263588
2025-10-17,116.255432
2025-10-20,117.177872
2025-10-21,118.611099
2025-10-22,117.683716
2025-10-23,118.214348
2025-10-24,117.862251
2025-10-27,119.558327
2025-10-28,119.588074
2025-10-29,118.601173
2025-10-30,115.923164
2025-10-31,118.987991
2025-11-03,120.103836
2025-11-04,118.110214
2025-11-05,119.548401
2025-11-06,116.786087
2025-11-07,116.969574
2025-11-10,118.506958
2025-11-11,118.799553
2025-11-12,118.001106
2025-11-13,115.055290
2025-11-14,114.504814
2025-11-17,113.428642
2025-11-18,111.335831
2025-11-19,111.340790
2025-11-20,109.679436
2025-11-21,111.831757
2025-11-24,113.324501
2025-11-25,115.749588
2025-11-26,116.543076
2025-11-28,117.267128
2025-12-01,117.336563
2025-12-02,117.257217
2025-12-03,118.521835
2025-12-04,118.100296
2025-12-05,118.754921
2025-12-08,117.029083
2025-12-09,117.019173
2025-12-10,118.735069
2025-12-11,119.201256
2025-12-12,119.717010
2025-12-15,120.738640
2025-12-16,120.937004
2025-12-17,119.538483
2025-12-18,121.343651
2025-12-19,120.857651
2025-12-22,121.584129
2025-12-23,121.415192
2025-12-24,121.832588
2025-12-26,121.295937
2025-12-29,120.103340
2025-12-30,119.616371
2025-12-31,118.672249
2026-01-02,117.618790
2026-01-05,119.556740
2026-01-06,120.321983
2026-01-07,120.153038
2026-01-08,122.160553
2026-01-09,123.641350
2026-01-12,123.750664
2026-01-13,123.442581
2026-01-14,121.494698
2026-01-15,121.941917
2026-01-16,121.544388
2026-01-20,118.384033
2026-01-21,120.649948
2026-01-22,121.862411
2026-01-23,122.369255
2026-01-26,121.564262
2026-01-27,121.931976
2026-01-28,121.017654
2026-01-29,120.441238
2026-01-30,120.421371
2026-02-02,121.216431
2026-02-03,120.242470
2026-02-04,119.357979
2026-02-05,116.783981
2026-02-06,117.261009
2026-02-09,116.823730
2026-02-10,117.598907
2026-02-11,117.032440
2026-02-12,115.412506
2026-02-13,115.462196
2026-02-17,115.323059
2026-02-18,116.296997
2026-02-19,115.521820
2026-02-20,116.724342
2026-02-23,114.279549
2026-02-24,116.018738
2026-02-25,116.366570
2026-02-26,116.326820
2026-02-27,116.137993
2026-03-02,114.706886
2026-03-03,113.653435
2026-03-04,115.670898
2026-03-05,115.829918
2026-03-06,113.732941
2026-03-09,113.882011
2026-03-10,113.732941
2026-03-11,113.434792
2026-03-12,110.830986
2026-03-13,110.175072
2026-03-16,111.506783
2026-03-17,112.480728
2026-03-18,109.886856
2026-03-19,109.022224
2026-03-20,107.074341
2026-03-23,109.659485
2026-03-24,109.221321
2026-03-25,110.266937
2026-03-26,108.374878
2026-03-27,105.238052
2026-03-30,105.218132
2026-03-31,108.524254
2026-04-01,109.340820
2026-04-02,107.697723
2026-04-06,108.584000
2026-04-07,107.319305
2026-04-08,110.356552
2026-04-09,112.268524
2026-04-10,112.417900
2026-04-13,113.443588
2026-04-14,115.953056
2026-04-15,117.685776
2026-04-16,117.138069
2026-04-17,119.906448
2026-04-20,119.368706
2026-04-21,118.472473
2026-04-22,118.432640
2026-04-23,117.247612
2026-04-24,118.193649
2026-04-27,117.347191
2026-04-28,116.520676
2026-04-29,116.351379
2026-04-30,117.855057
2026-05-01,118.133888
2026-05-04,117.227707
2026-05-05,117.576233
2026-05-06,119.368706
2026-05-07,119.378670
2026-05-08,119.697327
2026-05-11,118.870804
2026-05-12,117.795319
2026-05-13,118.223518
2026-05-14,118.173721
2026-05-15,116.042679
2026-05-18,115.833557
2026-05-19,114.548950
2026-05-20,117.446777
2026-05-21,118.203598
2026-05-22,118.681595
2026-05-26,118.950462
2026-05-27,121.041687
2026-05-28,121.549545
2026-05-29,120.364532
2026-06-01,117.695732
2026-06-02,117.098244
2026-06-03,116.241844
2026-06-04,116.769630
2026-06-05,114.379662
2026-06-08,114.907440
2026-06-09,115.385437
2026-06-10,113.015388
2026-06-11,115.813644
2026-06-12,116.112389
2026-06-15,118.074142
2026-06-16,117.964607
2026-06-17,115.007027
2026-06-18,116.670052
2026-06-22,114.687408
2026-06-23,113.510002
2026-06-24,114.817116
2026-06-25,113.100899
2026-06-26,114.118660
2026-06-29,116.862617
2026-06-30,117.022263
2026-07-01,117.830482
2026-07-02,116.862617
2026-07-06,117.750664
2026-07-07,117.132019
2026-07-08,115.046616
2026-07-09,116.593208
2026-07-10,116.982346
2026-07-13,115.784988
2026-07-14,115.645294
2026-07-15,116.742882
2026-07-16,117.082130
2026-07-17,115.186310
2026-07-20,114.358131
2026-07-21,114.617561
2026-07-22,113.769424
2026-07-23,108.520988
2026-07-24,109.169563
2026-07-27,110.596413
2026-07-28,112.232811
2026-07-29,111.364723
2026-07-30,112.143005
2026-07-31,115.834877
2026-08-03,117.950218
2026-08-04,118.030045
2026-08-05,118.379272
2026-08-06,117.840462
2026-08-07,119.596596
2026-08-10,119.407005
2026-08-11,118.977951
2026-08-12,117.630920
2026-08-13,118.189690
2026-08-14,117.940239
2026-08-17,116.493431
2026-08-18,116.104286
2026-08-19,118.329384
2026-08-20,116.423584
2026-08-21,117.760635
2026-08-24,118.040024
2026-08-25,117.690788
2026-08-26,116.902527
2026-08-27,115.625336
2026-08-28,116.952415
2026-08-31,116.333778
2026-09-01,114.338173
2026-09-02,114.607582
2026-09-03,116.204063
2026-09-04,114.657478
2026-09-08,113.739494
2026-09-09,112.212852
2026-09-10,111.713951
2026-09-11,112.711754
2026-09-14,112.601997
2026-09-15,110.636322
2026-09-16,109.937866
2026-09-17,111.145203
2026-09-18,110.785995
2026-09-21,112.230003
2026-09-22,112.330002
2026-09-23,110.650002
2026-09-24,110.320000
2026-09-25,110.559998
2026-09-28,109.000000
2026-09-29,109.150002
2026-09-30,108.839996
2026-10-01,108.809998
2026-10-02,110.040001
