month,ACWI,SPY,IVV,VTI,QQQ,IWM,IVE,IWN,EFA,VEA,VGK,EWJ,SCZ,ACWX,EEM,VWO,VNQ,REM,RWX,GLD,DBC,GSG,TLT,IEF,SHY,SHV,BIL,TIP,AGG,BND,LQD,HYG,BWX,XLB,XLE,XLF,XLI,XLK,XLP,XLU,XLV,XLY,TBILL,EURUSD,ECBDEP
1990-01,,,,,,,,,,,,,,,,,,,,,,,,,,,,,,,,,,,,,,,,,,,0.006358,,
1990-02,,,,,,,,,,,,,,,,,,,,,,,,,,,,,,,,,,,,,,,,,,,0.006367,,
1990-03,,,,,,,,,,,,,,,,,,,,,,,,,,,,,,,,,,,,,,,,,,,0.00645,,
1990-04,,,,,,,,,,,,,,,,,,,,,,,,,,,,,,,,,,,,,,,,,,,0.006583,,
1990-05,,,,,,,,,,,,,,,,,,,,,,,,,,,,,,,,,,,,,,,,,,,0.006475,,
1990-06,,,,,,,,,,,,,,,,,,,,,,,,,,,,,,,,,,,,,,,,,,,0.00645,,
1990-07,,,,,,,,,,,,,,,,,,,,,,,,,,,,,,,,,,,,,,,,,,,0.006442,,
1990-08,,,,,,,,,,,,,,,,,,,,,,,,,,,,,,,,,,,,,,,,,,,0.00635,,
1990-09,,,,,,,,,,,,,,,,,,,,,,,,,,,,,,,,,,,,,,,,,,,0.006208,,
1990-10,,,,,,,,,,,,,,,,,,,,,,,,,,,,,,,,,,,,,,,,,,,0.006133,,
1990-11,,,,,,,,,,,,,,,,,,,,,,,,,,,,,,,,,,,,,,,,,,,0.005975,,
1990-12,,,,,,,,,,,,,,,,,,,,,,,,,,,,,,,,,,,,,,,,,,,0.005883,,
1991-01,,,,,,,,,,,,,,,,,,,,,,,,,,,,,,,,,,,,,,,,,,,0.005617,,
1991-02,,,,,,,,,,,,,,,,,,,,,,,,,,,,,,,,,,,,,,,,,,,0.005183,,
1991-03,,,,,,,,,,,,,,,,,,,,,,,,,,,,,,,,,,,,,,,,,,,0.00495,,
1991-04,,,,,,,,,,,,,,,,,,,,,,,,,,,,,,,,,,,,,,,,,,,0.004925,,
1991-05,,,,,,,,,,,,,,,,,,,,,,,,,,,,,,,,,,,,,,,,,,,0.004708,,
1991-06,,,,,,,,,,,,,,,,,,,,,,,,,,,,,,,,,,,,,,,,,,,0.00455,,
1991-07,,,,,,,,,,,,,,,,,,,,,,,,,,,,,,,,,,,,,,,,,,,0.004642,,
1991-08,,,,,,,,,,,,,,,,,,,,,,,,,,,,,,,,,,,,,,,,,,,0.00465,,
1991-09,,,,,,,,,,,,,,,,,,,,,,,,,,,,,,,,,,,,,,,,,,,0.004442,,
1991-10,,,,,,,,,,,,,,,,,,,,,,,,,,,,,,,,,,,,,,,,,,,0.00435,,
1991-11,,,,,,,,,,,,,,,,,,,,,,,,,,,,,,,,,,,,,,,,,,,0.004158,,
1991-12,,,,,,,,,,,,,,,,,,,,,,,,,,,,,,,,,,,,,,,,,,,0.0038,,
1992-01,,,,,,,,,,,,,,,,,,,,,,,,,,,,,,,,,,,,,,,,,,,0.003392,,
1992-02,,,,,,,,,,,,,,,,,,,,,,,,,,,,,,,,,,,,,,,,,,,0.003167,,
1992-03,,,,,,,,,,,,,,,,,,,,,,,,,,,,,,,,,,,,,,,,,,,0.0032,,
1992-04,,,,,,,,,,,,,,,,,,,,,,,,,,,,,,,,,,,,,,,,,,,0.003367,,
1992-05,,,,,,,,,,,,,,,,,,,,,,,,,,,,,,,,,,,,,,,,,,,0.003125,,
1992-06,,,,,,,,,,,,,,,,,,,,,,,,,,,,,,,,,,,,,,,,,,,0.003025,,
1992-07,,,,,,,,,,,,,,,,,,,,,,,,,,,,,,,,,,,,,,,,,,,0.00305,,
1992-08,,,,,,,,,,,,,,,,,,,,,,,,,,,,,,,,,,,,,,,,,,,0.002675,,
1992-09,,,,,,,,,,,,,,,,,,,,,,,,,,,,,,,,,,,,,,,,,,,0.002608,,
1992-10,,,,,,,,,,,,,,,,,,,,,,,,,,,,,,,,,,,,,,,,,,,0.002425,,
1992-11,,,,,,,,,,,,,,,,,,,,,,,,,,,,,,,,,,,,,,,,,,,0.002383,,
1992-12,,,,,,,,,,,,,,,,,,,,,,,,,,,,,,,,,,,,,,,,,,,0.002608,,
1993-01,,,,,,,,,,,,,,,,,,,,,,,,,,,,,,,,,,,,,,,,,,,0.002683,,
1993-02,,0.010668,,,,,,,,,,,,,,,,,,,,,,,,,,,,,,,,,,,,,,,,,0.0025,,
1993-03,,0.0224,,,,,,,,,,,,,,,,,,,,,,,,,,,,,,,,,,,,,,,,,0.002442,,
1993-04,,-0.025588,,,,,,,,,,,,,,,,,,,,,,,,,,,,,,,,,,,,,,,,,0.002458,,
1993-05,,0.026969,,,,,,,,,,,,,,,,,,,,,,,,,,,,,,,,,,,,,,,,,0.002392,,
1993-06,,0.003608,,,,,,,,,,,,,,,,,,,,,,,,,,,,,,,,,,,,,,,,,0.002467,,
1993-07,,-0.004854,,,,,,,,,,,,,,,,,,,,,,,,,,,,,,,,,,,,,,,,,0.002558,,
1993-08,,0.038327,,,,,,,,,,,,,,,,,,,,,,,,,,,,,,,,,,,,,,,,,0.002533,,
1993-09,,-0.007276,,,,,,,,,,,,,,,,,,,,,,,,,,,,,,,,,,,,,,,,,0.002517,,
1993-10,,0.019728,,,,,,,,,,,,,,,,,,,,,,,,,,,,,,,,,,,,,,,,,0.002458,,
1993-11,,-0.010674,,,,,,,,,,,,,,,,,,,,,,,,,,,,,,,,,,,,,,,,,0.002517,,
1993-12,,0.012277,,,,,,,,,,,,,,,,,,,,,,,,,,,,,,,,,,,,,,,,,0.002583,,
1994-01,,0.034876,,,,,,,,,,,,,,,,,,,,,,,,,,,,,,,,,,,,,,,,,0.00255,,
1994-02,,-0.029164,,,,,,,,,,,,,,,,,,,,,,,,,,,,,,,,,,,,,,,,,0.002483,,
1994-03,,-0.041901,,,,,,,,,,,,,,,,,,,,,,,,,,,,,,,,,,,,,,,,,0.002708,,
1994-04,,0.011212,,,,,,,,,,,,,,,,,,,,,,,,,,,,,,,,,,,,,,,,,0.002917,,
1994-05,,0.015939,,,,,,,,,,,,,,,,,,,,,,,,,,,,,,,,,,,,,,,,,0.003067,,
1994-06,,-0.022914,,,,,,,,,,,,,,,,,,,,,,,,,,,,,,,,,,,,,,,,,0.00345,,
1994-07,,0.032326,,,,,,,,,,,,,,,,,,,,,,,,,,,,,,,,,,,,,,,,,0.00345,,
1994-08,,0.038122,,,,,,,,,,,,,,,,,,,,,,,,,,,,,,,,,,,,,,,,,0.003608,,
1994-09,,-0.025255,,,,,,,,,,,,,,,,,,,,,,,,,,,,,,,,,,,,,,,,,0.003733,,
1994-10,,0.028426,,,,,,,,,,,,,,,,,,,,,,,,,,,,,,,,,,,,,,,,,0.00385,,
1994-11,,-0.039816,,,,,,,,,,,,,,,,,,,,,,,,,,,,,,,,,,,,,,,,,0.004125,,
1994-12,,0.007283,,,,,,,,,,,,,,,,,,,,,,,,,,,,,,,,,,,,,,,,,0.004408,,
1995-01,,0.033606,,,,,,,,,,,,,,,,,,,,,,,,,,,,,,,,,,,,,,,,,0.004667,,
1995-02,,0.04081,,,,,,,,,,,,,,,,,,,,,,,,,,,,,,,,,,,,,,,,,0.004758,,
1995-03,,0.027848,,,,,,,,,,,,,,,,,,,,,,,,,,,,,,,,,,,,,,,,,0.004808,,
1995-04,,0.029623,,,,,,,,,,,,,,,,,,,,,,,,,,,,,,,,,,,,,,,,,0.004775,,
1995-05,,0.039672,,,,,,,,,,,,,,,,,,,,,,,,,,,,,,,,,,,,,,,,,0.004708,,
1995-06,,0.02023,,,,,,,,,,,,,,,,,,,,,,,,,,,,,,,,,,,,,,,,,0.004725,,
1995-07,,0.032165,,,,,,,,,,,,,,,,,,,,,,,,,,,,,,,,,,,,,,,,,0.004558,,
1995-08,,0.004452,,,,,,,,,,,,,,,,,,,,,,,,,,,,,,,,,,,,,,,,,0.004517,,
1995-09,,0.042377,,,,,,,,,,,,,,,,,,,,,,,,,,,,,,,,,,,,,,,,,0.0045,,
1995-10,,-0.002939,,,,,,,,,,,,,,,,,,,,,,,,,,,,,,,,,,,,,,,,,0.0044,,
1995-11,,0.04448,,,,,,,,,,,,,,,,,,,,,,,,,,,,,,,,,,,,,,,,,0.0044,,
1995-12,,0.015733,,,,,,,,,,,,,,,,,,,,,,,,,,,,,,,,,,,,,,,,,0.004467,,
1996-01,,0.035578,,,,,,,,,,,,,,,,,,,,,,,,,,,,,,,,,,,,,,,,,0.004283,,
1996-02,,0.00319,,,,,,,,,,,,,,,,,,,,,,,,,,,,,,,,,,,,,,,,,0.004167,,
1996-03,,0.017218,,,,,,,,,,,,,,,,,,,,,,,,,,,,,,,,,,,,,,,,,0.004025,,
1996-04,,0.010869,,,,,,,,,,0.047809,,,,,,,,,,,,,,,,,,,,,,,,,,,,,,,0.004133,,
1996-05,,0.0227,,,,,,,,,,-0.045627,,,,,,,,,,,,,,,,,,,,,,,,,,,,,,,0.004125,,
1996-06,,0.008823,,,,,,,,,,0.011952,,,,,,,,,,,,,,,,,,,,,,,,,,,,,,,0.004183,,
1996-07,,-0.044936,,,,,,,,,,-0.047244,,,,,,,,,,,,,,,,,,,,,,,,,,,,,,,0.004242,,
1996-08,,0.019258,,,,,,,,,,-0.053719,,,,,,,,,,,,,,,,,,,,,,,,,,,,,,,0.004292,,
1996-09,,0.055873,,,,,,,,,,0.034934,,,,,,,,,,,,,,,,,,,,,,,,,,,,,,,0.004208,,
1996-10,,0.032332,,,,,,,,,,-0.06751,,,,,,,,,,,,,,,,,,,,,,,,,,,,,,,0.004242,,
1996-11,,0.073003,,,,,,,,,,0.022624,,,,,,,,,,,,,,,,,,,,,,,,,,,,,,,0.004158,,
1996-12,,-0.023797,,,,,,,,,,-0.075221,,,,,,,,,,,,,,,,,,,,,,,,,,,,,,,0.004192,,
1997-01,,0.061786,,,,,,,,,,-0.100479,,,,,,,,,,,,,,,,,,,,,,,,,,,,,,,0.004092,,
1997-02,,0.009565,,,,,,,,,,0.021277,,,,,,,,,,,,,,,,,,,,,,,,,,,,,,,0.004192,,
1997-03,,-0.044122,,,,,,,,,,-0.041667,,,,,,,,,,,,,,,,,,,,,,,,,,,,,,,0.004175,,
1997-04,,0.062603,,,,,,,,,,0.059783,,,,,,,,,,,,,,,,,,,,,,,,,,,,,,,0.004283,,
1997-05,,0.063208,,,,,,,,,,0.097436,,,,,,,,,,,,,,,,,,,,,,,,,,,,,,,0.0043,,
1997-06,,0.041103,,,,,,,,,,0.056075,,,,,,,,,,,,,,,,,,,,,,,,,,,,,,,0.004208,,
1997-07,,0.079263,,,,,,,,,,-0.013274,,,,,,,,,,,,,,,,,,,,,,,,,,,,,,,0.004108,,
1997-08,,-0.051803,,,,,,,,,,-0.098308,,,,,,,,,,,,,,,,,,,,,,,,,,,,,,,0.004208,,
1997-09,,0.04809,,,,,,,,,,-0.009951,,,,,,,,,,,,,,,,,,,,,,,,,,,,,,,0.004283,,
1997-10,,-0.024503,,,,,,,,,,-0.095477,,,,,,,,,,,,,,,,,,,,,,,,,,,,,,,0.004125,,
1997-11,,0.038697,,,,,,,,,,-0.066667,,,,,,,,,,,,,,,,,,,,,,,,,,,,,,,0.004142,,
1997-12,,0.019072,,,,,,,,,,-0.059427,,,,,,,,,,,,,,,,,,,,,,,,,,,,,,,0.004283,,
1998-01,,0.012878,,,,,,,,,,0.120253,,,,,,,,,,,,,,,,,,,,,,,,,,,,,,,0.0043,,
1998-02,,0.069295,,,,,,,,,,0.0113,,,,,,,,,,,,,,,,,,,,,,,,,,,,,,,0.0042,,
1998-03,,0.048784,,,,,,,,,,-0.111732,,,,,,,,,,,,,,,,,,,,,,,,,,,,,,,0.004242,,
1998-04,,0.012791,,,,,,,,,,0.037736,,,,,,,,,,,,,,,,,,,,,,,,,,,,,,,0.004192,,
1998-05,,-0.020768,,,,,,,,,,-0.060606,,,,,,,,,,,,,,,,,,,,,,,,,,,,,,,0.004125,,
1998-06,,0.042573,,,,,,,,,,0.012903,,,,,,,,,,,,,,,,,,,,,,,,,,,,,,,0.004167,,
1998-07,,-0.013514,,,,,,,,,,-0.038217,,,,,,,,,,,,,,,,,,,,,,,,,,,,,,,0.00415,,
1998-08,,-0.141179,,,,,,,,,,-0.164497,,,,,,,,,,,,,,,,,,,,,,,,,,,,,,,0.004133,,
1998-09,,0.063639,,,,,,,,,,0.015873,,,,,,,,,,,,,,,,,,,,,,,,,,,,,,,0.004083,,
1998-10,,0.081082,,,,,,,,,,0.210938,,,,,,,,,,,,,,,,,,,,,,,,,,,,,,,0.003842,,
1998-11,,0.055682,,,,,,,,,,0.032258,,,,,,,,,,,,,,,,,,,,,,,,,,,,,,,0.0033,,
1998-12,,0.065423,,,,,,,,,,0.025995,,,,,,,,,,,,,,,,,,,,,,,,,,,,,,,0.003675,,
1999-01,,0.035225,,,,,,,,,,0.024391,,,,,,,,,,,,,,,,,,,,,,-0.037064,-0.065596,0.017333,-0.010814,0.159004,-0.013233,-0.024806,0.048077,0.051435,0.003658,,0.00203
1999-02,,-0.032068,,,,,,,,,,-0.035714,,,,,,,,,,,,,,,,,,,,,,0.015543,-0.008596,0.015727,0.009003,-0.099174,-0.010496,-0.027558,0.001147,-0.006257,0.003617,-0.03215,0.001667
1999-03,,0.041468,,,,,,,,,,0.135802,,,,,,,,,,,,,,,,,,,,,,0.017991,0.141372,0.032411,0.021005,0.074312,-0.001185,-0.063087,0.026345,0.048648,0.0037,-0.02505,0.001667
1999-04,,0.037974,,,0.023824,,,,,,,0.043479,,,,,,,,,,,,,,,,,,,,,,0.247126,0.148031,0.070175,0.150375,0.005978,-0.03487,0.096604,0.035714,0.026229,0.0037,-0.013498,0.001361
1999-05,,-0.022865,,,-0.031414,,,,,,,-0.057292,,,,,,,,,,,,,,,,,,,,,,-0.091014,-0.021583,-0.060305,-0.019608,0.003396,-0.01041,0.011746,-0.030711,-0.045261,0.003575,-0.013306,0.00125
1999-06,,0.055378,,,0.107507,,,,,,,0.104973,,,,,,,,,,,,,,,,,,,,,,0.057788,0.020414,0.043387,0.061352,0.096023,0.017659,0.041176,0.043913,0.064454,0.00375,-0.012242,0.00125
1999-07,,-0.031021,,,-0.017896,,,,,,,0.075,,,,,,,,,,,,,,,,,,,,,,-0.011418,0.018941,-0.061078,-0.036688,-0.011579,-0.03724,0.003059,-0.029819,-0.074501,0.003808,0.035438,0.00125
1999-08,,-0.00518,,,0.054666,,,,,,,-0.001084,,,,,,,,,,,,,,,,,,,,,,-0.044985,0.010935,-0.044005,0.008161,0.035143,0.017121,-0.047788,-0.045005,-0.038549,0.003792,-0.011315,0.00125
1999-09,,-0.022336,,,0.008377,,,,,,,0.042056,,,,,,,,,,,,,,,,,,,,,,-0.031361,-0.045991,-0.052211,-0.005157,-0.00415,-0.090211,0.025433,-0.013793,-0.014515,0.003933,0.008701,0.00125
1999-10,,0.064077,,,0.092419,,,,,,,0.06278,,,,,,,,,,,,,,,,,,,,,,0.023731,-0.014806,0.155367,-0.021739,0.030303,0.091346,0.005246,0.050699,0.088676,0.0039,-0.019878,0.00125
1999-11,,0.016651,,,0.11787,,,,,,,0.029536,,,,,,,,,,,,,,,,,,,,,,-0.014166,-0.001734,-0.04401,-0.022223,0.098162,0.003146,-0.032881,0.011648,0.00055,0.00405,-0.034057,0.001611
1999-12,,0.057109,,,0.243197,,,,,,,0.07738,,,,,,,,,,,,,,,,,,,,,,0.115711,0.007015,-0.023924,0.080971,0.154358,-0.07258,-0.021864,0.090224,0.094879,0.004225,-0.005051,0.001667
2000-01,,-0.049787,,,-0.018467,,,,,,,-0.057472,,,,,,,,,,,,,,,,,,,,,,-0.122281,0.008075,-0.029586,-0.081794,-0.061484,0.008819,-0.017768,-0.02529,-0.124246,0.004333,-0.025383,0.001667
2000-02,,-0.015226,,,0.190244,,,,,,,-0.012195,,,,,,,,,,,,,,,,,,,,,,-0.100469,-0.042334,-0.107046,-0.055172,0.105068,-0.117014,-0.121537,-0.065386,-0.055714,0.004433,-0.007864,0.001853
2000-03,,0.096915,,,0.025761,,,,,,,0.08642,,,,,,,,,,,,,,,,,,,,,,0.100894,0.124423,0.182624,0.139207,0.083892,0.037593,0.109236,0.089949,0.141516,0.004625,-0.016574,0.001976
2000-04,,-0.03512,,,-0.134703,,,,,,,-0.075757,,,,,,,,,,,,,,,,,,,,,,-0.03322,-0.014925,0.009658,0.014446,-0.091847,0.053019,0.065459,-0.011716,-0.020822,0.004742,-0.04899,0.002104
2000-05,,-0.015723,,,-0.122691,,,,,,,-0.057377,,,,,,,,,,,,,,,,,,,,,,-0.031557,0.117424,0.022321,-0.004219,-0.103978,0.071329,-0.002194,-0.026804,-0.05398,0.004717,0.023996,0.002292
2000-06,,0.019682,0.019754,,0.12406,0.086827,-0.034384,,,,,0.056522,,,,,,,,,,,,,,,,,,,,,,-0.085511,-0.055016,-0.048502,-0.039331,0.099556,0.056612,-0.033968,0.002119,-0.054102,0.004825,0.027196,0.002597
2000-07,,-0.015702,-0.017506,,-0.042809,-0.027664,0.013351,,,,,-0.111111,,,,,,,,,,,,,,,,,,,,,,0.00875,-0.038105,0.088158,0.015469,-0.053056,-0.036532,0.015482,-0.014799,0.015873,0.004742,-0.032754,0.002708
2000-08,,0.065341,0.06526,,0.136268,0.069651,0.064295,0.053972,,,,0.066615,,,,,,,,,,,,,,,,,,,,,,0.022871,0.109208,0.101572,0.09902,0.101705,-0.012211,0.038961,0.035408,-0.041466,0.004967,-0.03646,0.002708
2000-09,,-0.054862,-0.054444,,-0.126691,-0.032767,0.002881,-0.002038,,,,-0.049327,,,,,,,,,,,,,,,,,,,,,,-0.098033,0.016441,0.02174,-0.029042,-0.179658,0.044295,0.132142,-0.036269,0.001225,0.005075,-0.015832,0.002917
2000-10,,-0.004678,-0.003914,,-0.079401,-0.044633,0.01783,-0.008102,,,,-0.042453,,,,,,,,,,,,,,,,,,,,,,0.087704,-0.027182,-0.00862,0.022495,-0.057278,0.069419,0.058083,0.015054,-0.012555,0.005,-0.039703,0.003091
2000-11,,-0.074653,-0.075647,,-0.229107,-0.099747,-0.056934,-0.009919,,,,-0.073892,,,,,,,,,,,,,,,,,,,,,,-0.025296,-0.052451,-0.051087,-0.034001,-0.205146,0.034503,-0.000457,-0.091102,-0.024793,0.005092,0.031722,0.003125
2000-12,,-0.005226,-0.004028,,-0.073183,0.079242,0.051972,0.094957,,,,-0.009477,,,,,,,,,,,,,,,,,,,,,,0.140888,0.102095,0.085328,0.039506,-0.098921,0.036376,-0.013646,0.016501,0.070469,0.005142,0.071511,0.003125
2001-01,,0.044459,0.042179,,0.101499,0.053786,0.045523,0.02893,,,,-0.00565,,,,,,,,,,,,,,,,,,,,,,-0.026695,-0.031864,-0.002373,0.00384,0.191218,-0.07291,-0.056271,0.072294,0.116289,0.004808,-0.00129,0.003125
2001-02,,-0.095388,-0.093718,,-0.262053,-0.066898,-0.066103,-0.001008,,,,-0.042727,,,,,,,,,,,,,,,,,,,,,,0.012949,-0.012139,-0.067279,-0.059929,-0.249062,0.006042,0.020754,-0.019165,-0.071404,0.004292,-0.004842,0.003125
2001-03,,-0.056037,-0.057385,,-0.17492,-0.046395,-0.03817,-0.01886,,,,-0.02754,,,,,,,,,,,,,,,,,,,,,,-0.05008,-0.029832,-0.029952,-0.09577,-0.114602,-0.069357,-0.014335,-0.064031,-0.014582,0.004067,-0.044983,0.003125
2001-04,,0.08544,0.072652,,0.178799,0.082588,0.068216,0.052238,,,,0.095703,,,,,,,,,,,,,,,,,,,,,,0.10666,0.103257,0.036172,0.114328,0.161693,0.019417,0.048258,0.073826,0.046378,0.003683,0.004982,0.003125
2001-05,,-0.005605,0.004234,,-0.030769,0.02165,0.005204,0.026008,,,,-0.029412,,,,,,,,,,,,,,,,,,,,,,0.038462,-0.009448,0.044,0.04185,-0.040958,0.014683,0.007013,0.038194,0.023809,0.003225,-0.044615,0.002984
2001-06,,-0.023829,-0.021471,,0.021685,0.031103,-0.026815,0.034607,,,,-0.060606,,,,,,,,,,,,,,,,,,,,,,-0.034513,-0.091131,-0.007156,-0.061789,0.019544,-0.046253,-0.050175,-0.011297,-0.007874,0.003017,0.0,0.002917
2001-07,,-0.010196,-0.011329,-0.019115,-0.086214,-0.055643,-0.019088,-0.024217,,,,-0.081134,,,,,,,,,,,,,,,,,,,,,,-0.00272,-0.011532,-0.009508,-0.002076,-0.069222,0.03044,-0.008989,-0.019966,0.044452,0.002908,0.032429,0.002917
2001-08,,-0.059332,-0.058285,-0.058552,-0.122845,-0.024317,-0.059532,0.002933,,,,-0.027659,,,,,,,,,,,,,,,,,,,,,,-0.004091,-0.042333,-0.066121,-0.034326,-0.122045,0.00479,-0.035634,-0.05076,-0.087543,0.002925,0.046031,0.00291
2001-09,,-0.08163,-0.086054,-0.086834,-0.208845,-0.145809,-0.094336,-0.11574,-0.096199,,,-0.080963,,,,,,,,,,,,,,,,,,,,,,-0.118444,-0.096233,-0.056345,-0.146519,-0.16377,-0.001205,-0.009558,-0.144792,-0.126316,0.0028,-0.002948,0.002528
2001-10,,0.013022,0.017807,0.020537,0.169773,0.065001,0.001108,0.02557,0.018241,,,-0.00119,,,,,,,,,,,,,,,,,,,,,,0.027083,0.040279,-0.014182,0.017744,0.10909,-0.006385,-0.052631,0.005106,0.052678,0.0022,-0.009747,0.002292
2001-11,,0.077977,0.077649,0.076161,0.169616,0.076381,0.059463,0.070644,0.033443,,,-0.001192,,,,,,,,,,,,,,,,,,,,,,0.126775,-0.055846,0.064941,0.100042,0.149415,0.044177,-0.012626,0.116004,0.133168,0.0018,-0.015926,0.001986
2001-12,,0.00564,0.005218,0.014421,-0.018663,0.054915,0.017669,0.054759,0.006096,,,-0.079953,,,,,,,,,,,,,,,,,,,,,,-0.029949,0.057178,0.019478,0.045284,-0.022005,-0.019629,0.032047,0.024194,0.045434,0.001558,-0.009553,0.001875
2002-01,,-0.009799,-0.010409,-0.00873,-0.01028,-0.001557,-0.02822,0.017578,-0.057837,,,-0.07393,,,,,,,,,,,,,,,,,,,,,,0.023342,-0.03558,-0.011407,-0.063178,-0.010833,-0.006693,-0.036033,-0.007421,0.032867,0.001408,-0.01997,0.001875
2002-02,,-0.017936,-0.018561,-0.017516,-0.122825,-0.031185,-0.006888,0.003454,0.012011,,,0.046219,,,,,,,,,,,,,,,,,,,,,,0.05292,0.034174,-0.017307,0.025048,-0.13016,0.021006,-0.00185,0.045981,0.005416,0.001375,0.001621,0.001875
2002-03,,0.033272,0.03366,0.036719,0.067495,0.07529,0.05155,0.071962,0.055824,,,0.089692,,,,,,,,,,,,,,,,,,,,,,0.030752,0.088525,0.06616,0.027053,0.049394,0.016127,0.053322,0.058014,0.012722,0.001433,0.008438,0.001875
2002-04,,-0.058156,-0.057122,-0.044576,-0.120078,0.011988,-0.051493,0.040029,0.015237,,,0.036855,,,,,,,,,,,,,,,,,,,,,,-0.047238,-0.035999,-0.025414,-0.069016,-0.120905,-0.037165,-0.060682,-0.006083,-0.027962,0.001492,0.032554,0.001875
2002-05,,-0.005933,-0.00806,-0.014106,-0.053262,-0.047384,0.002074,-0.031616,0.005331,,,0.061611,,,,,,,,,,,,,,,,,,,,,,0.04958,-0.017595,-0.003024,0.004338,-0.041469,-0.011142,-0.008312,0.013941,-0.005137,0.001425,0.042074,0.001875
2002-06,,-0.073808,-0.071859,-0.068932,-0.131159,-0.058127,-0.063218,-0.030517,-0.032876,,,-0.059152,,,,,,,,,,,,,,,,,,,,,,-0.017032,-0.036626,-0.042772,-0.061331,-0.133625,-0.1019,-0.067258,-0.071531,-0.052671,0.001442,0.06264,0.001875
2002-07,,-0.078819,-0.077661,-0.083405,-0.086206,-0.133481,-0.108871,-0.142752,-0.095318,,,-0.067616,,,,,,,,,,,,,,,,,,,,,,-0.113411,-0.13855,-0.083135,-0.056604,-0.094817,-0.042696,-0.147217,-0.028902,-0.119403,0.001417,-0.019248,0.001875
2002-08,,0.0068,0.004708,0.007642,-0.015095,-0.006365,0.009955,0.000858,-0.00979,,,-0.006361,,,,,,,,,,,0.055132,0.025206,0.004307,,,,,,0.036376,,,-0.00535,0.015064,0.018655,-0.015555,-0.00838,0.007981,0.039652,0.009673,0.030178,0.0014,0.005111,0.001875
2002-09,,-0.104851,-0.103617,-0.101082,-0.117923,-0.080222,-0.112521,-0.079177,-0.103578,,,-0.06146,,,,,,,,,,,0.042591,0.038548,0.007401,,,,,,0.020913,,,-0.129792,-0.071356,-0.114935,-0.115399,-0.166901,-0.072284,-0.121045,-0.061943,-0.089151,0.00135,0.002746,0.001875
2002-10,,0.082283,0.08316,0.074919,0.184846,0.04123,0.080416,0.020206,0.03834,,,-0.057299,,,,,,,,,,,-0.036943,-0.012508,0.00244,,,,,,-0.006108,,,0.057095,0.018431,0.091437,0.04918,0.247676,0.038909,-0.023031,0.058314,0.06749,0.001358,0.000406,0.001875
2002-11,,0.061681,0.057273,0.06,0.129125,0.084698,0.063865,0.076838,0.056146,,,0.03618,,,,,,,,,,,-0.009162,-0.020892,-0.003863,,,,,,0.007159,,,0.120321,0.0413,0.037233,0.052247,0.158537,-0.027724,0.029057,0.030902,0.046281,0.001317,0.006387,0.001875
2002-12,,-0.05657,-0.05342,-0.05069,-0.120851,-0.057338,-0.044993,-0.044602,-0.033484,,,-0.02933,,,,,,,,,,,0.045254,0.035477,0.01053,,,,,,0.039281,,,-0.045803,0.000232,-0.054188,-0.03928,-0.132167,0.002822,0.032401,-0.037582,-0.085196,0.001025,0.056412,0.001526
2003-01,,-0.024595,-0.024675,-0.027714,0.002873,-0.020709,-0.029747,-0.025022,-0.043026,,,-0.025899,,,,,,,,,,,-0.005758,-0.007661,-0.000729,,,,,,-0.008115,,,-0.049899,-0.025079,-0.012727,-0.05391,-0.023648,-0.034102,-0.023499,-0.00339,-0.033319,0.000992,0.031372,0.001458
2003-02,,-0.013479,-0.013926,-0.015434,0.029459,-0.030038,-0.023952,-0.030448,-0.021108,,,0.01034,,,,,,,,,,,0.030974,0.022038,0.00392,,,,,,0.019798,,,-0.026525,0.029399,-0.030847,-0.0154,0.004844,-0.030634,-0.053476,-0.022298,-0.004477,0.000975,-0.003143,0.001458
2003-03,,0.00214,0.00214,0.007516,0.003577,0.002138,-0.007473,0.009033,-0.023181,,,-0.055555,,,,,,,,,,,-0.013647,-0.003798,0.001786,,,,,,0.001208,,,0.006175,0.001221,-0.009342,0.010626,-0.015151,0.000119,0.050659,0.035647,0.023508,0.000975,0.01048,0.00129
2003-04,,0.084612,0.084896,0.086146,0.087129,0.102778,0.102335,0.09283,0.101656,,,-0.00774,,,,,,,,,,,0.010483,0.001379,0.001601,,,,,,0.023578,,,0.090316,-0.008512,0.125723,0.108235,0.091608,0.029617,0.086413,0.032935,0.117027,0.000942,0.021661,0.00125
2003-05,,0.054836,0.054125,0.058326,0.085246,0.10869,0.07571,0.101605,0.064523,,,0.059282,,,0.091228,,,,,,,,0.063196,0.037909,0.003642,,,,,,0.039054,,,0.030938,0.10619,0.050919,0.027103,0.085843,0.049163,0.10105,0.020652,0.053171,0.000942,0.062079,0.00125
2003-06,,0.010652,0.011874,0.016162,0.005371,0.011543,0.003265,0.010589,0.019388,,,0.070692,,,0.041974,,,,,,,,-0.018067,-0.006917,0.00166,,,,,,-0.001803,,,0.009022,-0.012841,0.004236,0.020886,0.00708,0.009542,0.01357,0.044165,0.014496,0.000892,-0.033412,0.000903
2003-07,,0.018027,0.017182,0.023256,0.06177,0.065017,0.023899,0.0521,0.015142,,,0.045392,,,0.056714,,,,,,,,-0.099808,-0.050201,-0.00506,,,,,,-0.05806,,,0.07863,-0.035343,0.043584,0.033051,0.031049,-0.001488,-0.066908,-0.015002,0.018457,0.000767,-0.009539,0.000833
2003-08,,0.020625,0.018801,0.023889,0.05,0.047845,0.018838,0.039542,0.032924,,,0.092105,,,0.079874,,,,,,,,0.013056,0.007101,-0.000462,,,,,,0.014508,,,0.027728,0.063793,-0.011709,0.03891,0.047727,0.016891,0.019864,-0.037037,0.051105,0.00075,-0.034547,0.000833
2003-09,,-0.010906,-0.010049,-0.010531,-0.029051,-0.019475,-0.017569,-0.011556,0.030202,,,0.055422,,,-0.006505,,,,,,,,0.059343,0.049753,0.009554,,,,,,0.045375,,,-0.045044,-0.02062,0.008866,-0.027354,-0.008677,-0.003933,0.049723,0.002603,-0.047722,0.000792,0.066349,0.000833
2003-10,,0.053527,0.054054,0.060524,0.085133,0.087068,0.070078,0.083285,0.064957,,,0.054794,,,0.091812,,,,,,,,-0.030312,-0.014663,-0.004077,,,,-0.009347,,-0.012631,,,0.095282,0.009564,0.069264,0.061829,0.073305,0.045276,0.00685,0.006832,0.091008,0.000783,-0.002575,0.000833
2003-11,,0.010921,0.012156,0.015008,0.005685,0.037442,0.009795,0.041972,0.025281,,,-0.030303,,,0.018799,,,,,,,,0.003395,0.000225,-0.000596,,,,0.003344,,0.003072,,,0.022585,0.007825,-0.00368,0.019814,0.014271,0.01177,0.002268,0.021429,0.008973,0.000767,0.032008,0.000833
2003-12,,0.050313,0.052327,0.039987,0.030928,0.018044,0.061969,0.034138,0.087375,,,0.076128,,,0.089845,,,,,,,,0.013434,0.020402,0.010866,,,,0.009791,,0.02572,,,0.09803,0.130924,0.045355,0.066275,0.031355,0.017788,0.065521,0.057868,0.040052,0.000775,0.053027,0.000833
2004-01,,0.01977,0.021489,0.026113,0.016731,0.043322,0.021688,0.03429,0.011259,,,0.002075,,,0.024218,,,,,,,,0.018607,0.010153,0.001213,,,0.012192,0.004406,,0.012209,,,-0.044211,0.022504,0.032706,0.01009,0.042689,0.0,0.020574,0.027529,-0.005716,0.00075,-0.019477,0.000833
2004-02,,0.013571,0.012587,0.014006,-0.013488,0.009515,0.019105,0.022302,0.02299,,,0.005176,,,0.039547,,,,,,,,0.022819,0.016119,0.004839,,,0.021467,0.011415,,0.01507,,,0.052137,0.052538,0.028572,-0.0074,-0.025412,0.056933,0.0189,0.010652,0.021719,0.000733,0.002745,0.000833
2004-03,,-0.013246,-0.012287,-0.010236,-0.019963,0.009561,-0.005251,0.012184,0.000707,,,0.119465,,,0.0055,,,,,,,,0.01411,0.01297,0.002815,,,0.016642,0.006838,,0.009891,,,-0.023058,-0.006251,-0.011614,-0.012232,-0.026557,-0.002479,0.010661,-0.04169,-0.006171,0.000775,-0.015622,0.000833
2004-04,,-0.018922,-0.018723,-0.022237,-0.029854,-0.055187,-0.026103,-0.05463,-0.033898,,,-0.067157,,,-0.098006,,,,,,,,-0.062352,-0.043462,-0.01062,,,-0.04822,-0.028064,,-0.038877,,,-0.046307,0.017041,-0.043537,-0.000379,-0.038194,0.013112,-0.042763,0.031072,-0.011339,0.000783,-0.02266,0.000833
2004-05,,0.017124,0.01674,0.014506,0.051193,0.02151,0.013851,0.017058,0.011403,,,-0.014793,,,0.011687,,,,,,,,-0.00258,-0.005311,-4.9e-05,,,0.020196,-0.003781,,-0.005231,,,0.02809,-0.003016,0.01707,0.024621,0.039195,-0.005608,0.012027,-0.003241,0.006372,0.000783,0.021009,0.000833
2004-06,,0.018501,0.017771,0.020306,0.032559,0.042311,0.020413,0.05036,0.033536,,,0.063063,,,0.009241,,,,,,,,0.010534,0.006533,-0.000197,,,-0.001412,0.007284,,0.001264,,,0.050174,0.062366,0.004423,0.061725,0.027296,0.005487,0.017319,-0.003735,0.002584,0.00085,-0.003525,0.000833
2004-07,,-0.032219,-0.031334,-0.035565,-0.075517,-0.067718,-0.019728,-0.047591,-0.042657,,,-0.073446,,,-0.03638,,,,,,,,0.015316,0.012117,0.002783,,,0.008099,0.00925,,0.015626,,,-0.022778,0.030813,-0.021344,-0.027913,-0.06087,-0.049372,0.015152,-0.053665,-0.037939,0.001058,-0.009543,0.000833
2004-08,,0.002436,0.001982,0.000565,-0.024935,-0.015091,0.011398,0.012188,0.011907,,,0.014227,,,0.035313,,,,,,,,0.041657,0.028296,0.007386,,,0.026918,0.016186,,0.030809,,,0.016813,-0.015408,0.032535,0.000717,-0.044238,0.017767,0.04063,0.016252,-0.001972,0.001108,0.005981,0.000833
2004-09,,0.010038,0.00958,0.016817,0.032921,0.053334,0.018011,0.037524,0.020717,,,-0.028056,,,0.069767,,,,,,,,0.009495,0.003224,-0.00095,,,0.000825,0.005169,,0.003114,,,0.04019,0.09763,-0.009204,0.021498,0.029064,-0.026338,0.006348,-0.017486,0.028837,0.001233,0.024606,0.000833
2004-10,,0.012885,0.012522,0.018002,0.050085,0.020553,0.015288,0.01462,0.035007,,,0.023711,,,0.028464,,0.056716,,,,,,0.017647,0.009892,0.002955,,,0.010942,0.008666,,0.01183,,,-0.009438,0.006012,0.005271,0.010218,0.043932,0.006464,0.048703,-0.02223,0.040385,0.001375,0.026432,0.000833
2004-11,,0.044517,0.044346,0.047402,0.060163,0.092005,0.049452,0.092709,0.060813,,,0.038268,,,0.099487,,0.039548,,,,,,-0.023957,-0.019778,-0.005756,,,-0.003252,-0.007391,,-0.012199,,,0.081348,0.067444,0.031108,0.062783,0.051103,0.024771,0.044537,0.019538,0.041897,0.001467,0.043809,0.000833
2004-12,,0.030121,0.030663,0.034258,0.030224,0.023905,0.03039,0.018896,0.048068,,,0.063509,,,0.04746,,0.047554,,,-0.029255,,,0.026587,0.011673,0.002324,,,0.017589,0.007972,,0.01391,,,0.013372,-0.028207,0.041344,0.024831,0.026165,0.037392,0.024629,0.055145,0.046715,0.001725,0.02452,0.000833
2005-01,,-0.022421,-0.022396,-0.024989,-0.063126,-0.040618,-0.023855,-0.03892,-0.019033,,,-0.03022,,,-0.005301,,-0.085588,,,-0.036073,,,0.035686,0.00871,-0.000369,,,9.5e-05,0.004883,,0.012284,,,-0.030609,0.033865,-0.021618,-0.028002,-0.056371,0.011697,0.021185,-0.031136,-0.042789,0.001825,-0.043022,0.000833
2005-02,,0.020904,0.020797,0.020851,-0.004813,0.01642,0.018736,0.02076,0.03785,,,0.020774,,,0.096822,,0.031715,,,0.031028,,,-0.014722,-0.013684,-0.002573,,,-0.005281,-0.003714,,-0.009363,,,0.078764,0.167776,-0.006695,0.01159,0.001506,-0.001285,0.021448,0.030085,-0.005328,0.001942,0.017031,0.000833
2005-03,,-0.018293,-0.018085,-0.018719,-0.017464,-0.028348,-0.017804,-0.02147,-0.026233,,,-0.029602,,,-0.079103,,-0.017075,,,-0.016311,,,-0.004547,-0.004033,0.00016,,,0.002189,-0.009742,,-0.012622,,,-0.026578,-0.019094,-0.038047,-0.000439,-0.019549,-0.008763,0.011059,-0.00558,-0.011686,0.002117,-0.022102,0.000833
2005-04,,-0.018735,-0.017994,-0.022027,-0.043479,-0.05657,-0.021657,-0.052103,-0.016177,,-0.021522,-0.022879,,,-0.012475,-0.023305,0.0577,,,0.012377,,,0.038651,0.025164,0.005207,,,0.017775,0.017229,,0.016216,,,-0.071286,-0.054117,0.001761,-0.036477,-0.035276,-0.010425,0.030875,0.034829,-0.06363,0.002283,-0.00054,0.000833
2005-05,,0.032225,0.031461,0.038814,0.088622,0.064647,0.03354,0.06012,-0.008637,,0.002698,-0.012683,,,0.031607,0.029067,0.035213,,,-0.039216,,,0.031376,0.018383,0.003954,,,0.007597,0.008275,,0.006226,,,-0.006426,0.027867,0.029536,0.031719,0.069423,0.023266,-0.000666,0.012621,0.061836,0.002317,-0.048314,0.000833
2005-06,,0.001515,0.001253,0.007582,-0.033246,0.040763,0.015184,0.04533,0.014328,,0.013452,0.001977,,,0.03969,0.03457,0.045974,,,0.042977,,,0.021648,0.004784,0.002467,,,0.005175,0.008762,,0.012199,,,-0.020017,0.069792,0.012465,-0.026342,-0.012884,-0.01932,0.059534,-0.005288,-0.004311,0.002367,-0.019382,0.000833
2005-07,,0.038261,0.038535,0.043783,0.076128,0.065777,0.031119,0.060342,0.029968,,0.027568,0.010848,,,0.076816,0.069682,0.07138,,,-0.014273,,,-0.033807,-0.02187,-0.003749,,,-0.024713,-0.010354,,-0.008265,,,0.055269,0.070867,0.015609,0.038121,0.056727,0.032088,0.022497,0.022559,0.056742,0.002475,8.3e-05,0.000833
2005-08,,-0.009375,-0.009701,-0.010875,-0.015159,-0.020032,-0.0098,-0.023467,0.038362,,0.028418,0.085854,,,0.013229,0.014286,-0.040547,,,0.013545,,,0.034766,0.020006,0.00659,,,0.025311,0.011816,,0.015031,,,-0.0419,0.063865,-0.016372,-0.023607,-0.009501,-0.017462,0.006507,-0.003467,-0.03291,0.002683,0.008683,0.000833
2005-09,,0.008026,0.008247,0.007917,0.012314,0.000948,0.011998,-0.005533,0.036944,,0.01314,0.095238,,,0.086534,0.082254,0.013368,,,0.076037,,,-0.036131,-0.017523,-0.002992,,,-0.001546,-0.009365,,-0.018609,,,0.007699,0.062863,0.008558,0.016756,0.002398,0.014145,0.042283,-0.005542,-0.028421,0.002867,-0.012789,0.000833
2005-10,,-0.023651,-0.021464,-0.023486,-0.014952,-0.039313,-0.021051,-0.033065,-0.031842,,-0.02079,-0.006563,,,-0.063384,-0.056568,-0.028785,,,-0.006424,,,-0.022409,-0.012394,-0.000821,,,-0.01312,-0.009911,,-0.015817,,,0.002181,-0.090366,0.030488,-0.014257,-0.022967,-0.004725,-0.063988,-0.030622,-0.020314,0.00285,-0.001578,0.000833
2005-11,,0.043953,0.041625,0.046161,0.060973,0.057542,0.039344,0.050196,0.023111,,0.008765,0.028901,,,0.057861,0.069707,0.041561,,,0.05819,,,0.006902,0.006255,0.003895,,,0.001764,0.003746,,0.00657,,,0.076561,0.014953,0.047665,0.058191,0.063173,0.009063,-0.00159,0.012176,0.0399,0.003092,-0.021126,0.000833
2005-12,,-0.001913,-0.001553,0.000176,-0.017762,-0.007,0.002103,-0.010174,0.051826,,0.04222,0.089693,,,0.061059,0.065294,0.000242,,,0.050509,,,0.029817,0.013658,0.003493,,,0.010336,0.011342,,0.008609,,,0.02861,0.017995,0.000203,0.00473,-0.030715,0.00117,0.008592,0.0346,-0.008558,0.003233,0.002379,0.001008
2006-01,,0.024014,0.024705,0.03219,0.039346,0.084383,0.028439,0.077658,0.057715,,0.063308,0.036982,,,0.141983,0.116294,0.075386,,,0.099263,,,-0.013383,-0.007031,0.001746,,,0.000293,-0.000598,,-0.004364,,,0.048217,0.146094,0.008841,0.002864,0.033493,0.001717,0.024212,0.012925,0.017764,0.003242,0.02721,0.001042
2006-02,,0.005725,0.005323,0.002199,-0.021428,0.003179,0.011211,0.004082,-0.007,,-0.003218,-0.015692,,,-0.0385,-0.021483,0.018579,,,-0.011111,,,0.011078,-0.001036,0.000338,,,0.0,0.001608,,0.006825,,,-0.021424,-0.092265,0.021283,0.031101,0.002315,0.008572,0.013064,0.011515,0.007222,0.003533,-0.020053,0.001042
2006-03,,0.016504,0.01562,0.020505,0.020911,0.049089,0.021464,0.051333,0.040051,,0.04018,0.043478,,,0.021672,0.01173,0.04715,,,0.036205,0.027909,,-0.045698,-0.013579,0.00174,,,-0.02139,-0.008674,,-0.016834,,,0.046638,0.042438,0.002898,0.044229,0.022632,0.008247,-0.046316,-0.012774,0.005884,0.003692,0.019284,0.001203
2006-04,,0.012632,0.012931,0.009563,-0.001908,0.003027,0.02705,0.003345,0.047905,,0.05225,0.027778,,,0.065152,0.078032,-0.03401,,,0.12031,0.070176,,-0.027524,-0.006271,0.002207,,,-0.002347,-0.001489,,-0.002022,,,0.035549,0.050367,0.043317,0.021598,-0.013098,0.009745,0.015894,-0.030957,0.012775,0.003758,0.035773,0.00125
2006-05,,-0.030121,-0.029255,-0.032236,-0.072402,-0.056824,-0.02648,-0.040006,-0.038218,,-0.029335,-0.054054,,,-0.111427,-0.112919,-0.026977,,,-0.013212,-0.003903,,-0.001909,-0.001069,0.00167,,,0.002967,-0.001987,,-0.0019,,,-0.040298,-0.027826,-0.037691,-0.017087,-0.064989,0.002099,0.016283,-0.020974,-0.016721,0.003833,0.026402,0.00125
2006-06,,0.002608,0.002661,0.001324,-0.000615,-0.000417,0.004296,0.008356,-0.000611,,0.01013,-0.025715,,,0.002134,-0.000932,0.04961,,,-0.046707,-0.008621,,0.011783,0.002297,0.002365,,,0.004277,-0.001609,,-0.000859,,,0.00516,0.025382,-0.004625,-0.001284,-0.004895,0.018404,0.022945,0.000349,-0.00175,0.003933,-0.012045,0.001361
2006-07,,0.004478,0.00392,-0.001188,-0.043074,-0.02858,0.009024,-0.012022,0.008105,,0.010362,-0.005132,,,0.023429,0.018513,0.038914,,,0.031521,0.022134,,0.021631,0.016773,0.006649,,,0.015108,0.01389,,0.01459,,,-0.037383,0.03348,0.022882,-0.056788,-0.02607,0.015709,0.048003,0.054563,-0.033243,0.003992,0.004248,0.001458
2006-08,,0.021823,0.022022,0.022986,0.047708,0.029994,0.013991,0.029091,0.025485,,0.032424,0.010317,,,0.015817,0.014816,0.034843,,,-0.013775,-0.033256,-0.07133,0.030562,0.017636,0.00752,,,0.016629,0.01591,,0.022255,,,0.030097,-0.05081,0.01179,0.011288,0.070202,0.038665,0.027483,0.028536,0.019827,0.004125,0.006579,0.001613
2006-09,,0.027002,0.026735,0.0226,0.046396,0.006416,0.026597,0.007304,0.002219,,0.011217,-0.0124,,,-0.008707,0.010535,0.019659,,,-0.045272,-0.042,-0.107363,0.01915,0.012076,0.004389,,,0.001109,0.010115,,0.008726,,,-0.000138,-0.036589,0.040253,0.03818,0.040336,-0.000504,-0.014545,0.015346,0.063707,0.004133,-0.014863,0.001667
2006-10,,0.031517,0.032075,0.035302,0.047479,0.05875,0.033283,0.052339,0.037491,,0.03692,0.019941,,,0.07058,0.05079,0.060278,,,0.012948,0.010021,-0.025434,0.008467,0.005384,0.004175,,,-0.000735,0.006858,,0.010013,,,0.060051,0.042657,0.023397,0.028194,0.039545,0.01773,0.052957,0.003314,0.064664,0.004008,0.002844,0.001808
2006-11,,0.019885,0.019632,0.023295,0.034288,0.024137,0.019542,0.025899,0.03073,,0.037592,0.0,,,0.059846,0.073282,0.047812,,,0.068891,0.06573,0.05,0.02308,0.013115,0.004834,,,0.010723,0.010619,,0.014614,,,0.04353,0.085771,0.007056,0.024503,0.028422,-0.008517,0.026543,-0.001202,0.012631,0.0041,0.039698,0.001875
2006-12,,0.013371,0.013895,0.012016,-0.018788,0.003729,0.022144,0.0108,0.031972,,0.030711,0.036292,,,0.054598,0.040118,-0.018425,,,-0.018326,-0.023199,-0.069222,-0.026955,-0.012757,0.000659,,,-0.02304,-0.006004,,-0.008962,,,0.006317,-0.028173,0.037634,0.004927,-0.005387,0.025089,0.008538,0.010453,0.021685,0.004117,-0.002273,0.002003
2007-01,,0.01504,0.014296,0.018615,0.021085,0.016916,0.018858,0.014742,0.013931,,0.015698,0.007037,,,0.001138,0.000775,0.087792,,0.01644,0.025629,-0.024004,-0.025455,-0.009951,-0.004002,0.001626,,,0.002328,-0.000703,,0.000937,,,0.040471,-0.009211,0.009254,0.020851,0.020207,0.020291,-0.00354,0.030457,0.028675,0.004042,-0.016401,0.002083
2007-02,,-0.019617,-0.018954,-0.016244,-0.016791,-0.006553,-0.018764,-0.012804,-0.001212,,-0.012422,0.031446,,,-0.032371,-0.02324,-0.026982,,0.02535,0.025451,0.050855,0.037132,0.03389,0.02055,0.007269,0.003994,,0.019793,0.016255,,0.020005,,,0.026758,-0.020485,-0.030474,-0.011192,-0.02697,-0.015385,0.05302,-0.023182,-0.029904,0.00415,0.019839,0.002083
2007-03,,0.011589,0.011855,0.011209,0.005248,0.009802,0.014891,0.013347,0.028995,,0.037297,-0.012872,,,0.053346,0.042564,-0.020749,,0.030468,-0.011131,0.006743,0.024691,-0.017004,-0.001383,0.004507,0.00383,,0.003256,-0.001952,,-0.00675,,,0.023612,0.062878,-0.004729,0.008119,0.009961,0.020664,0.035928,0.001952,-0.004727,0.004192,0.008099,0.002204
2007-04,,0.044296,0.043136,0.04022,0.055823,0.016237,0.042011,0.006791,0.037484,,0.05753,-0.019904,,,0.037253,0.038037,-0.001261,,0.014033,0.020535,0.007486,0.004578,0.00905,0.006065,0.003056,0.003716,,0.006646,0.005898,,0.008916,,,0.01498,0.05126,0.038731,0.046413,0.047169,0.028143,0.049118,0.073106,0.023666,0.004117,0.02155,0.002292
2007-05,,0.03392,0.034146,0.037239,0.03155,0.04372,0.036112,0.039853,0.023623,,0.021333,0.022409,,,0.050646,0.066569,-0.003785,,0.018062,-0.023103,-0.002347,-0.011753,-0.023138,-0.013934,-0.000674,0.004685,,-0.013115,-0.009172,-0.007868,-0.012308,0.003731,,0.059037,0.077797,0.024048,0.051882,0.050368,0.013504,0.004562,0.017169,0.030054,0.004058,-0.011172,0.002292
2007-06,,-0.01462,-0.015458,-0.017629,0.004792,-0.014382,-0.01975,-0.023832,-0.003209,,-0.003525,-0.006164,,,0.036783,0.045465,-0.090078,-0.085152,-0.062569,-0.019378,0.007448,0.031311,-0.010134,-0.004677,0.004751,0.004369,0.004367,-0.002147,-0.003768,-0.003113,-0.0081,-0.031524,,-0.005319,0.013035,-0.040164,0.00027,-0.001248,-0.019926,-0.047472,-0.033478,-0.01747,0.003942,0.003865,0.002417
2007-07,,-0.03131,-0.031891,-0.035346,-0.001471,-0.069964,-0.038555,-0.085721,-0.022905,,-0.028429,-0.005513,,,0.007141,0.035163,-0.082593,-0.231871,-0.059865,0.02365,0.019066,0.047776,0.03319,0.022567,0.009042,0.003701,0.003995,0.023007,0.010731,0.009223,-0.00824,-0.038802,,-0.026667,0.000145,-0.090658,0.009477,-0.001953,-0.028466,-0.03992,-0.047578,-0.059242,0.003842,0.014957,0.0025
2007-08,,0.012833,0.013108,0.014713,0.028193,0.021271,0.011585,0.018725,-0.006336,-0.000836,0.002697,-0.024948,,,0.010409,-0.000106,0.067445,-0.117648,0.008348,0.011096,-0.019091,-0.031896,0.017877,0.022632,0.010488,0.006579,0.004258,0.008221,0.012795,0.014833,0.023861,0.05194,,-0.006849,0.012029,0.025836,0.000254,0.019178,0.023593,0.015789,0.022896,0.006216,0.004017,-0.000146,0.0025
2007-09,,0.038714,0.040934,0.038467,0.052522,0.018984,0.030973,0.004843,0.053175,0.047639,0.051641,0.01919,,,0.115715,0.098317,0.039173,0.039995,0.052651,0.105081,0.0942,0.094432,0.002283,0.000882,0.005519,0.003271,0.0019,0.012805,0.006328,0.006034,0.007334,0.029225,,0.080537,0.073991,0.024412,0.047378,0.037784,0.045942,0.038363,0.031199,-0.008798,0.0035,0.034586,0.0025
2007-10,,0.013566,0.014121,0.017923,0.070414,0.028486,0.010558,0.010681,0.042499,0.044276,0.047442,0.001395,,,0.118702,0.130083,0.020991,-0.035599,0.023346,0.069514,0.085023,0.059996,0.01816,0.010769,0.00478,0.003883,0.003935,0.011662,0.01008,0.00919,0.009647,0.004789,,0.041557,0.025402,-0.017191,-0.012902,0.053022,0.015369,0.066583,0.01867,-0.004887,0.003242,0.018901,0.0025
2007-11,,-0.038733,-0.041127,-0.045221,-0.0676,-0.068878,-0.045797,-0.073721,-0.036237,-0.037624,-0.037602,-0.020195,,,-0.0765,-0.085266,-0.09471,-0.02651,-0.08289,-0.016535,-0.00623,-0.0046,0.053514,0.040476,0.017927,0.006047,0.003955,0.041178,0.018035,0.019587,0.010194,-0.011243,0.017252,-0.050388,-0.042112,-0.080937,-0.02836,-0.075352,0.027454,0.006596,0.012774,-0.05457,0.00325,0.021735,0.0025
2007-12,,-0.011261,-0.00826,-0.006945,-0.000713,-0.006449,-0.022105,-0.013414,-0.029813,-0.027973,-0.020726,-0.045623,,,-0.014067,-0.009456,-0.054129,0.043946,-0.047557,0.066477,0.067042,0.059675,-0.006278,0.000505,0.002997,0.002033,0.002357,0.000624,-9.3e-05,0.008467,-0.008033,-0.000825,0.000981,0.010722,0.082813,-0.058272,-0.001335,0.019913,-0.008299,-0.001812,-0.028277,-0.049531,0.002725,-0.00271,0.0025
2008-01,,-0.060461,-0.062696,-0.061661,-0.118899,-0.065349,-0.034573,-0.038451,-0.078472,-0.073873,-0.089816,-0.042889,-0.104355,,-0.089221,-0.09022,-0.00781,0.076013,-0.0518,0.108416,0.029151,-0.004551,0.020959,0.03356,0.016547,0.007025,0.003931,0.035727,0.023129,0.012535,0.025659,-0.018269,0.021003,-0.041966,-0.122873,0.007259,-0.055158,-0.127907,-0.055555,-0.07347,-0.045595,-0.00367,0.0025,0.010122,0.0025
2008-02,,-0.025842,-0.027556,-0.024963,-0.048305,-0.029321,-0.047477,-0.031725,-0.010229,-0.01014,-0.002937,-0.014937,-0.003723,,0.019943,0.02877,-0.031814,-0.063422,-0.015556,0.052298,0.111453,0.112571,-0.004552,0.012392,0.010333,0.001908,0.001636,0.014227,-0.0016,0.000898,-0.007064,-0.018692,0.031103,0.023029,0.092672,-0.11359,-0.02027,-0.047312,-0.002574,-0.04105,-0.026707,-0.038674,0.002292,0.019973,0.0025
2008-03,,-0.008943,-0.006316,-0.008946,0.018723,-0.006658,-0.006808,0.000908,0.00419,0.003782,0.013107,-0.012769,0.019125,,-0.03753,-0.036776,0.064853,-0.218285,-0.000209,-0.059992,-0.009141,-0.009416,0.021388,0.013374,0.002534,0.003153,0.002334,-0.001399,0.001296,0.003995,-0.005971,0.00946,0.028225,-0.014058,-0.023363,-0.029401,0.036307,0.011561,0.032398,0.016052,-0.045441,-0.017865,0.001767,0.042527,0.0025
2008-04,0.079684,0.047663,0.04825,0.048855,0.079826,0.045541,0.036829,0.0395,0.054381,0.053766,0.040995,0.073565,0.019197,,0.091382,0.084335,0.063792,0.091515,0.048818,-0.041588,0.060386,0.081922,-0.024864,-0.024174,-0.008374,0.000862,-0.000654,-0.013997,0.003276,-0.003455,0.012447,0.033969,-0.023362,0.053273,0.103835,0.069964,0.029412,0.0625,-0.007538,0.051133,0.009945,0.023763,0.00105,-0.017202,0.0025
2008-05,0.008638,0.015117,0.012842,0.02016,0.05931,0.045798,0.000279,0.031103,0.011872,0.012056,0.006703,0.019578,0.021164,0.007899,0.031638,0.01785,-0.002109,0.02442,-0.018582,0.009232,0.069075,0.084665,-0.026881,-0.017776,-0.003462,0.000145,0.000961,0.001068,-0.012652,-0.00994,-0.022052,-0.005085,-0.015002,0.051997,0.051988,-0.069523,0.008832,0.065126,0.03038,0.035858,0.01906,0.027345,0.001075,-0.002059,0.0025
2008-06,-0.079873,-0.083576,-0.083884,-0.081208,-0.096151,-0.075264,-0.110996,-0.093341,-0.087868,-0.08679,-0.089888,-0.074608,-0.077489,-0.084381,-0.092695,-0.098091,-0.106154,-0.172737,-0.127102,0.045169,0.104316,0.10324,0.026537,0.011459,0.002455,0.001874,0.002336,0.017895,-0.001849,0.00042,-0.012917,-0.036748,-0.004212,-0.058164,0.031554,-0.174494,-0.120255,-0.093674,-0.056995,-0.007463,-0.04231,-0.115343,0.001442,0.016508,0.0025
2008-07,-0.031566,-0.008986,-0.007422,-0.006241,0.00642,0.036731,0.013565,0.046299,-0.033202,-0.034708,-0.028806,-0.03769,-0.066152,-0.038018,-0.05504,-0.047223,0.031154,-0.036264,-0.003835,-0.014442,-0.097811,-0.133227,-0.003675,0.007206,0.004343,0.002411,0.001876,-0.006096,0.003939,0.000211,0.003902,0.005903,0.014575,-0.032351,-0.159132,0.067621,0.007939,-0.024443,0.024299,-0.064374,0.0448,0.001756,0.00155,-0.009706,0.002655
2008-08,-0.016715,0.015454,0.014876,0.014602,0.014518,0.035754,0.014161,0.052211,-0.042476,-0.040059,-0.03845,-0.049167,-0.036027,-0.049244,-0.063158,-0.079165,0.023739,-0.027835,-0.05262,-0.092917,-0.065347,-0.07485,0.027394,0.015267,0.004664,0.001227,0.000785,0.007807,0.00742,0.008378,0.001447,-0.008978,-0.04293,-0.015602,0.00336,-0.009709,0.027421,0.017897,0.027007,-0.011029,0.020657,0.06905,0.001358,-0.056114,0.002708
2008-09,-0.122609,-0.094174,-0.088815,-0.092411,-0.155763,-0.077515,-0.074246,-0.032036,-0.114362,-0.115887,-0.128938,-0.065732,-0.14697,-0.131448,-0.146816,-0.155869,-0.001238,-0.020195,-0.128396,0.041121,-0.102489,-0.104378,0.014758,-0.001404,0.007778,0.003092,0.005083,-0.04022,-0.017598,-0.005157,-0.107305,-0.106559,-0.022474,-0.154775,-0.149309,-0.062527,-0.120718,-0.12448,-0.012512,-0.109826,-0.074311,-0.082022,0.001433,-0.029318,0.002708
2008-10,-0.184064,-0.165187,-0.166324,-0.174777,-0.154716,-0.209559,-0.170092,-0.209696,-0.208349,-0.205573,-0.218287,-0.155722,-0.237715,-0.230017,-0.25578,-0.272649,-0.31727,-0.136466,-0.253145,-0.161397,-0.250811,-0.296654,-0.018606,-0.008628,0.011048,0.001952,-0.002325,-0.080896,-0.022811,-0.029475,-0.01941,-0.114499,-0.05037,-0.223952,-0.187994,-0.219205,-0.182467,-0.161209,-0.126087,-0.130003,-0.114808,-0.176344,0.000942,-0.108089,0.002695
2008-11,-0.087563,-0.069606,-0.074649,-0.080149,-0.114625,-0.119256,-0.092611,-0.112721,-0.06372,-0.066213,-0.073825,-0.037778,-0.073787,-0.069964,-0.097523,-0.086474,-0.227174,-0.070164,-0.096842,0.125736,-0.123671,-0.148784,0.143413,0.077539,0.011052,0.003539,-0.000502,0.008769,0.030242,0.039269,0.033538,-0.070959,0.026029,-0.106867,-0.02179,-0.184804,-0.082208,-0.084084,-0.002073,0.041853,-0.063158,-0.108355,0.000558,-0.002352,0.002444
2008-12,0.054652,0.009796,0.009795,0.017661,0.022774,0.048058,0.013373,0.052906,0.088685,0.090185,0.071854,0.115408,0.087076,0.075023,0.103335,0.076531,0.167109,0.065872,0.062014,0.077325,-0.032622,-0.111766,0.136524,0.051561,0.00563,0.00086,0.000304,0.065035,0.066625,0.051367,0.138143,0.167663,0.086416,-0.005757,-0.044991,0.003707,0.023261,0.015898,0.00016,-0.02401,0.071901,0.060708,0.000158,0.093502,0.001848
2009-01,-0.113819,-0.082115,-0.081276,-0.080465,-0.022865,-0.096669,-0.121514,-0.137889,-0.137316,-0.140153,-0.138425,-0.120042,-0.115519,-0.134115,-0.092911,-0.089096,-0.175309,-0.063327,-0.128139,0.055363,-0.044361,-0.10346,-0.130708,-0.038871,-0.004371,-0.000543,0.001965,-0.000403,-0.019865,-0.020767,-0.018004,-0.010131,-0.067095,-0.073879,-0.017794,-0.261981,-0.119983,-0.047372,-0.072057,-0.001723,-0.012053,-0.106166,2.5e-05,-0.079112,0.001371
2009-02,-0.097111,-0.107449,-0.10558,-0.10525,-0.05265,-0.119829,-0.131267,-0.138948,-0.103876,-0.100762,-0.103782,-0.125741,-0.092788,-0.096241,-0.062693,-0.023754,-0.205256,-0.121099,-0.134265,0.014456,-0.056296,-0.061209,-0.015319,-0.007349,-0.00145,-0.000608,-4.4e-05,-0.021976,-0.010554,-0.005854,-0.052038,-0.097158,-0.033341,-0.080247,-0.123402,-0.177489,-0.170306,-0.038147,-0.080812,-0.125259,-0.123904,-0.090767,0.000108,-0.013421,0.000833
2009-03,0.092135,0.083311,0.080289,0.082722,0.103165,0.077576,0.090264,0.086976,0.08391,0.084249,0.076975,0.071913,0.096946,0.104409,0.168629,0.124046,0.036414,0.061067,0.100094,-0.02537,0.046572,0.045681,0.040472,0.033137,0.004995,0.001135,-6.6e-05,0.05906,0.01103,0.010941,0.004718,0.019073,0.04749,0.153595,0.037643,0.170839,0.088173,0.111809,0.042484,0.019024,0.060058,0.126976,0.00025,0.052515,0.000551
2009-04,0.12778,0.099346,0.101357,0.109904,0.130607,0.153864,0.117205,0.153573,0.11519,0.118209,0.131662,0.077215,0.137871,0.1371,0.155582,0.174448,0.306837,0.027463,0.1301,-0.033341,-0.001,-0.015488,-0.06952,-0.027452,-0.001651,0.000553,0.000611,-0.017951,0.005152,0.004658,0.027767,0.138461,0.008993,0.155786,0.078191,0.217934,0.180684,0.104353,0.042654,0.011741,-0.001239,0.185242,0.000175,-0.00248,0.000257
2009-05,0.104852,0.058454,0.058388,0.054632,0.032089,0.034006,0.064966,0.023726,0.131918,0.130587,0.142659,0.101057,0.159223,0.142432,0.1594,0.178894,0.026158,0.005503,0.15724,0.102326,0.162663,0.215006,-0.036949,-0.020773,0.00056,-0.000472,0.000109,0.019966,0.007097,0.006731,0.023169,0.028555,0.053672,0.058434,0.128877,0.139795,0.033548,0.023188,0.050909,0.03559,0.068238,-0.007299,0.000133,0.061996,0.000208
2009-06,-0.015177,-0.000655,0.000377,0.003673,0.029529,0.018138,-0.006738,-0.001502,-0.014049,-0.01822,-0.023515,0.011862,0.017368,-0.020516,-0.022495,-0.024525,-0.031971,0.041178,0.007544,-0.052183,-0.026259,-0.002324,0.007511,-0.005572,-0.000941,0.000599,-0.00013,0.001982,0.004208,0.006191,0.028914,0.033517,0.005149,-0.045372,-0.065489,-0.017855,-0.017042,0.036397,0.001989,0.053717,0.023702,0.002534,0.00015,0.002554,0.000208
2009-07,0.09423,0.074606,0.07385,0.077372,0.084387,0.091711,0.084287,0.112501,0.100415,0.105742,0.113456,0.046659,0.084028,0.1081,0.110146,0.109051,0.107707,0.088618,0.098156,0.023799,0.018568,0.007321,0.005759,0.008318,0.0011,-2.7e-05,-0.000632,0.000879,0.012691,0.013097,0.046326,0.069189,0.031284,0.128682,0.053486,0.088703,0.087431,0.081823,0.066551,0.037648,0.059293,0.094887,0.00015,0.000283,0.000208
2009-08,0.029677,0.03694,0.036603,0.037111,0.014702,0.029332,0.055556,0.0507,0.045031,0.044965,0.05485,0.035461,0.06398,0.027989,-0.013136,-0.007084,0.143232,0.042105,0.079556,0.000536,-0.040364,0.004295,0.022309,0.007633,0.004092,0.000436,0.000698,0.008414,0.012202,0.010104,0.0131,-0.016968,0.007628,0.023695,0.010866,0.1299,0.047739,0.016244,0.012235,0.010021,0.02691,0.03522,0.00015,0.009478,0.000208
2009-09,0.048636,0.035457,0.036266,0.041335,0.05648,0.055626,0.030365,0.046798,0.037965,0.039394,0.048192,-0.027398,0.049147,0.053925,0.101954,0.0996,0.065927,0.0383,0.04875,0.058351,-0.002262,-0.023684,0.024581,0.011243,0.002362,-9e-06,0.000262,0.020229,0.011882,0.01005,0.017589,0.05799,0.028697,0.042217,0.058423,0.019476,0.058338,0.046324,0.03311,0.013779,0.006152,0.053488,0.000142,0.025995,0.000208
2009-10,-0.026994,-0.019225,-0.019244,-0.026311,-0.030532,-0.064907,-0.036335,-0.063087,-0.025238,-0.027697,-0.025811,-0.039235,-0.025076,-0.029095,-0.034439,-0.024137,-0.044632,-0.064858,-0.024052,0.037228,0.069356,0.048181,-0.02616,-0.001378,0.001358,0.000472,4.4e-05,0.011446,0.002218,0.002751,-0.004971,-0.005429,0.001198,-0.051713,0.024666,-0.059571,-0.039863,-0.012458,0.014532,-0.032049,-0.020928,-0.023662,0.0001,0.010722,0.000208
2009-11,0.053973,0.061606,0.060883,0.056918,0.063477,0.031245,0.063044,0.026291,0.039212,0.04108,0.045332,0.001047,0.00961,0.048567,0.07852,0.071808,0.065657,0.053786,0.020006,0.127865,0.045358,0.012858,0.012129,0.02017,0.005965,0.000127,-0.000414,0.027993,0.012863,0.01304,0.019525,0.016845,0.030257,0.107702,0.028416,0.043416,0.087782,0.055313,0.036779,0.048256,0.092982,0.067114,5.8e-05,0.015068,0.000208
2009-12,0.01874,0.019101,0.019086,0.028631,0.052028,0.079248,0.017724,0.0766,0.007096,0.007969,-0.00237,0.028022,0.015566,0.01481,0.032758,0.031178,0.073868,0.020506,0.007528,-0.072034,-0.001622,0.009838,-0.063456,-0.044027,-0.008408,-5.5e-05,0.000305,-0.020891,-0.018812,-0.014491,-0.020673,0.036847,-0.052785,0.02069,0.008805,-0.014088,0.016741,0.058038,-0.002215,0.054714,0.018305,0.045867,4.2e-05,-0.04107,0.000208
2010-01,-0.052967,-0.036342,-0.037117,-0.035657,-0.064699,-0.037316,-0.020751,-0.027739,-0.050651,-0.054386,-0.062707,0.010267,-0.021502,-0.058421,-0.07759,-0.067317,-0.055208,-0.006118,-0.043278,-0.01258,-0.078391,-0.081081,0.026921,0.023702,0.007956,0.000272,0.0,0.015303,0.014148,0.01285,0.012482,-0.018328,-0.014604,-0.08639,-0.044027,-0.015278,-0.014754,-0.085914,-0.0102,-0.048034,0.006759,-0.028888,4.2e-05,-0.030543,0.000208
2010-02,0.021722,0.031194,0.031489,0.0344,0.046038,0.044751,0.026006,0.045365,0.002668,0.007421,-0.005502,0.010162,-0.005993,0.01298,0.017764,0.018829,0.055832,0.025992,0.015578,0.032748,0.041428,0.059166,-0.003424,0.003319,0.001604,1.8e-05,-0.000218,-0.013031,0.001986,0.003252,0.005066,0.018734,0.002417,0.045123,0.030092,0.035261,0.053324,0.034828,0.031679,-0.013207,0.003836,0.05569,5e-05,-0.028355,0.000208
2010-03,0.063294,0.06088,0.061121,0.063958,0.077109,0.082307,0.064813,0.085003,0.063854,0.062956,0.065059,0.050302,0.073787,0.068427,0.081109,0.081878,0.101868,0.027103,0.039401,-0.004386,-0.004655,0.006135,-0.020573,-0.010569,-0.002691,-0.000109,0.0,-5.7e-05,-6.7e-05,-0.002218,0.006519,0.021336,-0.000178,0.079161,0.028169,0.088988,0.086929,0.068398,0.037674,0.026906,0.026674,0.078069,9.2e-05,-0.006706,0.000208
2010-04,-0.002298,0.01547,0.016192,0.021816,0.022425,0.056784,0.019482,0.068139,-0.028046,-0.02773,-0.038022,-0.00479,0.00615,-0.022787,-0.001662,-0.002135,0.071501,0.017207,0.007982,0.058834,0.039116,0.031451,0.033217,0.016527,0.003001,-6.4e-05,-0.000436,0.025149,0.009732,0.010702,0.019078,0.019245,-0.014475,0.002064,0.04155,0.013166,0.042574,0.012554,-0.010741,0.026298,-0.038904,0.060292,0.000125,-0.012167,0.000208
2010-05,-0.093757,-0.079455,-0.080006,-0.078831,-0.073924,-0.075366,-0.079221,-0.082417,-0.111928,-0.11527,-0.117494,-0.084697,-0.124635,-0.103093,-0.093936,-0.091774,-0.053346,-0.033182,-0.111143,0.030513,-0.101473,-0.135968,0.051084,0.029332,0.004529,0.000145,0.000436,0.001917,0.010824,0.011275,-0.013083,-0.046756,-0.036446,-0.095322,-0.114505,-0.091584,-0.091188,-0.074819,-0.046327,-0.05519,-0.06509,-0.070362,0.000133,-0.075704,0.000208
2010-06,-0.035582,-0.051741,-0.052628,-0.058405,-0.059756,-0.077434,-0.058199,-0.088381,-0.02062,-0.018133,-0.016397,-0.025623,-0.004534,-0.024662,-0.013986,-0.005497,-0.052123,-0.024663,0.000434,0.023553,-0.01776,0.00072,0.057979,0.030483,0.00419,0.000327,0.000218,0.012799,0.017687,0.01451,0.032785,0.011112,0.011479,-0.073321,-0.059255,-0.057287,-0.068752,-0.053966,-0.025314,-0.007021,-0.018243,-0.097192,0.000133,-0.002925,0.000208
2010-07,0.093351,0.0683,0.069882,0.070205,0.072582,0.067309,0.071083,0.070814,0.116104,0.116621,0.141826,0.046739,0.103936,0.111237,0.109325,0.102131,0.095934,0.04465,0.127686,-0.050871,0.061196,0.057575,-0.009464,0.009096,0.00194,-0.000209,-0.000435,-0.002429,0.008548,0.008614,0.021108,0.051533,0.061023,0.128305,0.083736,0.06517,0.104265,0.07451,0.058039,0.074664,0.01312,0.0793,0.0001,0.06169,0.000208
2010-08,-0.042812,-0.04498,-0.044268,-0.047111,-0.051298,-0.074438,-0.046249,-0.075049,-0.03795,-0.035835,-0.045761,-0.02596,-0.045125,-0.038915,-0.032367,-0.025555,-0.012757,-0.036636,0.007966,0.057061,-0.030144,-0.05478,0.083909,0.03356,0.002388,0.000254,0.0,0.01942,0.012868,0.015584,0.028554,-0.009896,0.017184,-0.030303,-0.049034,-0.078178,-0.06933,-0.056113,-0.018532,0.014488,-0.016451,-0.039758,0.000133,-0.026712,0.000208
2010-09,0.098094,0.089554,0.088239,0.094636,0.131728,0.124453,0.076605,0.106985,0.09972,0.09657,0.112582,0.054371,0.119604,0.102024,0.117573,0.114216,0.044707,0.052804,0.095796,0.047756,0.086036,0.080274,-0.025204,-3e-05,0.001188,0.000264,0.0,0.007855,7.4e-05,-4.8e-05,0.004566,0.036579,0.033615,0.07755,0.099955,0.060637,0.115268,0.116637,0.060378,0.028949,0.090633,0.110215,0.000133,0.076341,0.000208
2010-10,0.037492,0.038202,0.038431,0.040261,0.063379,0.041481,0.026175,0.038554,0.038055,0.040556,0.048851,0.013144,0.045075,0.034808,0.030154,0.031017,0.047427,0.008923,0.049364,0.036823,0.04438,0.02899,-0.044692,-7.1e-05,0.002194,-9e-06,0.000218,0.024741,0.001522,0.00319,-0.002628,0.018372,0.021347,0.061623,0.056725,0.014634,0.028772,0.057776,0.031923,0.010835,0.022302,0.055373,0.000125,0.015314,0.000208
2010-11,-0.021861,0.0,-0.000673,0.005105,-0.001725,0.034851,-0.005209,0.026095,-0.048237,-0.048998,-0.078082,0.02495,-0.034405,-0.035739,-0.029054,-0.028377,-0.018515,0.014285,-0.061402,0.021113,-0.004369,0.012306,-0.016893,-0.008982,-0.002049,-9e-06,0.0,-0.016926,-0.00835,-0.006814,-0.016153,-0.012747,-0.068419,0.011207,0.058575,-0.006868,0.013362,-0.016427,-0.015642,-0.030265,-0.028874,0.025241,0.000108,-0.06199,0.000208
2010-12,0.077921,0.066853,0.067806,0.069594,0.047571,0.080334,0.082494,0.083354,0.083081,0.084464,0.091367,0.069594,0.114283,0.079012,0.072778,0.075699,0.045507,0.069341,0.098392,0.024369,0.098923,0.090851,-0.036991,-0.034309,-0.001637,0.000354,-0.000218,-0.013876,-0.006754,-0.010207,-0.00752,0.027929,0.031264,0.100378,0.093185,0.107043,0.074767,0.055556,0.043996,0.031054,0.046033,0.040958,0.000117,0.028004,0.000208
2011-01,0.010682,0.023301,0.02297,0.020484,0.028277,-0.003707,0.031885,-0.001266,0.020955,0.021577,0.036871,0.001833,0.00687,0.005449,-0.038413,-0.034475,0.032508,-0.007698,-0.003853,-0.063798,0.035572,0.031085,-0.030812,-0.000213,0.00131,-0.000181,0.0,0.000186,-0.000851,0.000873,0.000369,0.016502,0.008211,0.000781,0.071795,0.028213,0.039289,0.031759,-0.014671,0.012125,0.005714,-0.006147,0.000117,0.024697,0.000208
2011-02,0.031071,0.034737,0.034611,0.036976,0.031607,0.05542,0.036917,0.050986,0.035498,0.036555,0.031238,0.054895,0.022824,0.03252,-0.000437,-0.001721,0.047053,0.036199,0.029913,0.059983,0.04171,0.026451,0.016502,-0.002084,-0.001214,9e-05,0.0,0.007209,0.002905,0.002933,0.0108,0.014355,0.006617,0.026535,0.073684,0.027439,0.021247,0.021932,0.029086,0.012295,0.03125,0.059978,0.000125,0.010371,0.000208
2011-03,-0.00861,0.00012,-2.6e-05,0.004185,-0.004483,0.02523,-0.002572,0.013588,-0.023883,-0.025021,-0.010288,-0.104944,-0.00299,-0.005905,0.062896,0.054729,-0.016107,-0.031454,-0.017838,0.015981,0.026581,0.034913,0.000293,-0.001546,-0.001299,0.000172,0.0,0.011903,-0.002231,-0.001473,-0.005405,0.000424,0.008427,0.017541,0.018824,-0.024755,0.022304,-0.01551,0.012459,0.002313,0.018086,-0.005815,0.000108,0.026963,0.000208
2011-04,0.04818,0.028961,0.029546,0.028962,0.028731,0.026375,0.024799,0.016052,0.056258,0.061913,0.083157,0.020349,0.058837,0.049945,0.027327,0.033708,0.057465,0.015151,0.06226,0.089447,0.045559,0.04257,0.023392,0.018413,0.005341,0.000545,0.0,0.02378,0.015675,0.014639,0.025044,0.015976,0.048805,0.021239,0.009154,-0.000609,0.027342,0.026093,0.053476,0.040477,0.064331,0.038412,8.3e-05,0.045963,0.000333
2011-05,-0.019531,-0.011215,-0.011903,-0.010608,-0.012187,-0.017942,-0.018187,-0.016973,-0.022061,-0.027007,-0.028434,-0.024691,-0.024406,-0.030386,-0.0294,-0.029447,0.013747,-0.003245,-0.006271,-0.017917,-0.051724,-0.068567,0.034227,0.025056,0.00364,-0.0001,0.000218,0.002659,0.012398,0.011803,0.012695,0.001332,-0.013546,-0.027404,-0.041873,-0.032967,-0.027648,-0.010471,0.025063,0.021412,0.024688,-0.002713,5e-05,-0.031965,0.000417
2011-06,-0.01761,-0.016869,-0.016772,-0.017996,-0.020255,-0.024045,-0.021756,-0.02497,-0.012108,-0.012192,-0.020853,0.024435,-0.012577,-0.012523,-0.009355,-0.009978,-0.032992,-0.017332,-0.009518,-0.024325,-0.042645,-0.059553,-0.023231,-0.005044,-4.8e-05,0.000172,0.0,0.00755,-0.004452,-0.003756,-0.007973,-0.005706,-9.7e-05,-0.004019,-0.019221,-0.027454,-0.005457,-0.024832,-0.026648,-0.001438,-0.01124,-0.002176,3.3e-05,0.004727,0.000417
2011-07,-0.022798,-0.020005,-0.01971,-0.022661,0.016652,-0.034062,-0.035807,-0.031711,-0.023778,-0.023897,-0.045955,0.026846,-0.016961,-0.026865,-0.010294,-0.006171,0.015641,-0.059063,-0.023031,0.084178,0.04558,0.031662,0.044146,0.031695,0.002862,-0.000562,0.0,0.038995,0.016866,0.01627,0.024302,0.00355,0.016466,-0.034544,0.014598,-0.035831,-0.068743,0.00428,-0.012808,-0.00926,-0.039684,-0.013927,3.3e-05,-0.013354,0.000544
2011-08,-0.073595,-0.054976,-0.055234,-0.060882,-0.050689,-0.088914,-0.061894,-0.09105,-0.087549,-0.085822,-0.092814,-0.080299,-0.082304,-0.088068,-0.09255,-0.090853,-0.056193,-0.00938,-0.045374,0.122749,-0.003963,-0.01705,0.096675,0.046514,0.003446,0.000409,0.0,0.006435,0.015205,0.01659,0.003404,-0.027282,0.010791,-0.070245,-0.102158,-0.095946,-0.065744,-0.05308,0.001946,0.021706,-0.021102,-0.052459,3.3e-05,0.013324,0.000625
2011-09,-0.104395,-0.069421,-0.067845,-0.07572,-0.044908,-0.111503,-0.074056,-0.108441,-0.108083,-0.113302,-0.122383,-0.039594,-0.112297,-0.123093,-0.178947,-0.184384,-0.108419,-0.065666,-0.14134,-0.110623,-0.14622,-0.127204,0.132062,0.02237,-0.001015,0.000136,-0.000218,-8.8e-05,0.007706,0.006647,0.003511,-0.053015,-0.043459,-0.164794,-0.144235,-0.11391,-0.093101,-0.030696,-0.032956,0.002161,-0.04488,-0.068952,1.7e-05,-0.065536,0.000625
2011-10,0.113241,0.109148,0.106518,0.113651,0.10402,0.151011,0.112059,0.14466,0.096275,0.097577,0.124201,-0.006342,0.074414,0.112126,0.162678,0.159084,0.142913,0.061093,0.093916,0.058712,0.076505,0.102683,-0.038292,-0.012864,0.000342,-0.000127,-0.000436,0.020705,0.001265,0.001125,0.025096,0.084918,0.02095,0.173365,0.19142,0.143099,0.143737,0.102118,0.046528,0.036585,0.057674,0.119334,8e-06,0.036881,0.000625
2011-11,-0.011481,-0.004064,-0.00318,-0.003734,-0.02692,-0.003784,-0.003836,-0.001991,-0.021764,-0.020865,-0.028659,0.003192,-0.025573,-0.02155,-0.019603,-0.017096,-0.038012,-0.025758,-0.023389,0.016673,-0.002886,0.01502,0.019891,0.005798,0.00045,-0.000145,0.000218,0.005253,-0.003308,-0.000599,-0.031567,-0.02427,-0.02767,0.002032,0.01664,-0.051111,0.014064,-0.014994,0.027706,0.01033,0.009535,-0.007176,1.7e-05,-0.04164,0.000472
2011-12,-0.009503,0.010449,0.010676,0.009771,-0.006142,0.005151,0.019028,0.014101,-0.02175,-0.021373,-0.023386,-0.022316,-0.033148,-0.021214,-0.042648,-0.041612,0.048503,0.018463,-0.05745,-0.106624,-0.028944,-0.023972,0.034449,0.019877,0.000521,0.000263,-0.000174,0.00164,0.013568,0.011804,0.034883,0.045521,0.006431,-0.022793,-0.020423,0.021332,0.002542,-0.00229,0.027703,0.033314,0.02965,0.013074,8e-06,-0.035698,0.000296
2012-01,0.054779,0.046374,0.046126,0.050699,0.084184,0.071458,0.049109,0.067185,0.052695,0.056154,0.05455,0.048299,0.08832,0.062484,0.10991,0.107825,0.063793,0.074249,0.092051,0.113955,0.036885,0.023954,-0.003299,0.00862,0.000829,-0.000182,-0.000219,0.022881,0.007255,0.006344,0.021449,0.014648,0.027367,0.109851,0.022567,0.081539,0.073185,0.062083,-0.014159,-0.036131,0.031997,0.058944,8e-06,0.018317,0.000208
2012-02,0.04946,0.043405,0.042118,0.042185,0.064101,0.02569,0.041371,0.014561,0.048332,0.048841,0.054245,0.046073,0.052604,0.049092,0.052719,0.054335,-0.011507,0.016177,0.049482,-0.02965,0.053539,0.062185,-0.02597,-0.011,-0.001408,-9.1e-05,0.000219,-0.005781,-0.000135,0.000405,0.016329,0.021023,0.002569,-0.005648,0.059272,0.049787,0.027885,0.071032,0.037465,0.006055,0.010615,0.045257,2.5e-05,0.020264,0.000208
2012-03,0.011139,0.032164,0.032965,0.030677,0.050531,0.024847,0.033072,0.031006,0.004208,0.003272,0.000652,0.019019,0.007785,-0.004874,-0.03113,-0.025991,0.052001,0.008355,0.015759,-0.013208,-0.017735,-0.030388,-0.04236,-0.015911,-0.00077,-9.1e-05,-0.000219,-0.008595,-0.005729,-0.005077,-0.014212,-0.009531,-0.007748,0.003808,-0.038098,0.073878,0.00979,0.045142,0.031009,0.01359,0.044771,0.047206,7.5e-05,-0.006472,0.000208
2012-04,-0.01144,-0.006676,-0.006586,-0.006366,-0.011695,-0.016182,-0.013245,-0.015212,-0.020769,-0.023802,-0.024951,-0.043222,-0.007725,-0.016654,-0.016997,-0.020934,0.028594,0.035503,0.015753,-0.00148,-0.013542,-0.00345,0.048342,0.025092,0.002017,0.0,0.000219,0.017847,0.009059,0.011036,0.010821,0.011367,0.010962,-0.008115,-0.007108,-0.023417,-0.010956,-0.011273,0.002934,0.017694,-0.002659,0.011533,6.7e-05,-0.010632,0.000208
2012-05,-0.092799,-0.060056,-0.060094,-0.062257,-0.070402,-0.06579,-0.066178,-0.060813,-0.111442,-0.11168,-0.119715,-0.087269,-0.114515,-0.111084,-0.107058,-0.106673,-0.045059,0.001428,-0.078075,-0.06338,-0.11158,-0.127813,0.090253,0.028695,0.000569,0.000272,0.0,0.019463,0.010782,0.009315,0.007573,-0.032208,-0.029267,-0.07772,-0.106822,-0.092028,-0.063226,-0.06338,-0.011703,0.005609,-0.036257,-0.055032,6.7e-05,-0.061374,0.000208
2012-06,0.050723,0.040581,0.042077,0.040451,0.036215,0.05052,0.046547,0.049918,0.070433,0.069807,0.082659,0.068693,0.041459,0.06164,0.050354,0.050236,0.05517,0.04417,0.082933,0.023546,0.020206,0.006947,-0.016782,-0.004143,-0.000971,-9.1e-05,-0.000437,-0.006688,-0.000198,0.000664,0.008715,0.046568,0.010165,0.049121,0.048099,0.049992,0.033712,0.032637,0.036395,0.041111,0.057119,0.019369,7.5e-05,0.015077,0.000208
2012-07,0.008206,0.011829,0.012432,0.008752,0.009975,-0.015208,0.008349,-0.012501,0.0008,0.002534,0.003269,-0.044634,-0.011898,0.002689,-0.000256,0.002004,0.020021,0.038759,0.032354,0.008377,0.058252,0.058804,0.038173,0.014011,0.002205,0.0,0.0,0.017546,0.013622,0.012318,0.03483,0.010222,0.013128,-0.012751,0.04942,0.001366,0.003925,0.018448,0.024734,0.025142,0.009997,-0.005482,7.5e-05,-0.024305,6.7e-05
2012-08,0.027809,0.025053,0.024774,0.027024,0.051852,0.035354,0.022134,0.034527,0.032,0.03286,0.046777,0.007786,0.040045,0.020649,0.00409,0.002499,-0.00015,0.018318,0.016066,0.049396,0.056514,0.071672,-0.013188,-0.001173,7.1e-05,0.000182,0.0,-0.00247,-0.0,0.00161,-0.000538,0.012447,0.012223,0.023249,0.026992,0.034107,0.015359,0.042037,-0.004771,-0.041403,0.011722,0.046164,8.3e-05,0.02662,0.0
2012-09,0.027057,0.025351,0.023316,0.024913,0.008884,0.032609,0.030994,0.033237,0.027132,0.026302,0.029338,0.012141,0.042004,0.034945,0.052189,0.053103,-0.018632,0.028139,0.026453,0.046706,-0.003821,-0.021424,-0.025328,-0.003482,0.000166,-8.2e-05,0.0,0.005118,0.002666,0.001813,0.011002,0.005205,0.019584,0.037664,0.031159,0.032637,0.011178,0.015328,0.017567,0.011693,0.03809,0.030808,8.3e-05,0.025295,0.0
2012-10,-0.00514,-0.018199,-0.020222,-0.018058,-0.052793,-0.021692,-0.007144,-0.015147,0.010943,0.010645,0.017676,-0.011996,0.007752,0.006347,-0.004355,-0.005513,-0.009081,-0.017299,0.037961,-0.029437,-0.039052,-0.040237,-0.00484,-0.003961,-0.000687,-7.3e-05,0.000218,0.006242,-0.000473,-0.001012,0.013461,0.008441,-0.003935,-0.020923,-0.020292,0.019884,-0.001095,-0.063574,-0.01228,0.014015,-0.002243,-0.015388,9.2e-05,0.004872,0.0
2012-11,0.015931,0.00566,0.008694,0.007743,0.013087,0.005513,0.001378,0.005218,0.027809,0.027084,0.02475,0.029801,0.014615,0.023966,0.015553,0.012774,-0.00264,-0.030467,0.014237,-0.004675,0.019594,0.01603,0.011592,0.009792,0.000238,9.1e-05,-0.000218,0.00558,0.002707,0.000589,-0.007235,0.004969,-0.000163,0.018595,-0.012232,-0.008805,0.017539,0.009006,0.018367,-0.042819,0.005246,0.031691,8.3e-05,-0.000539,0.0
2012-12,0.029041,0.008934,0.009441,0.012928,-0.00467,0.036189,0.02237,0.042202,0.043812,0.042442,0.043059,0.05627,0.048335,0.031781,0.068036,0.070671,0.037227,-0.013266,0.03953,-0.02427,-0.011388,-0.005158,-0.024877,-0.009403,0.000249,0.000381,0.0,-0.008218,-0.002453,-0.008765,-0.003305,0.014012,0.001487,0.031931,0.010187,0.046491,0.028226,-0.003914,-0.020766,-0.000166,-0.003594,0.004508,7.5e-05,0.016017,0.0
2013-01,0.037645,0.05119,0.051138,0.054176,0.026716,0.062381,0.064317,0.059594,0.037284,0.03832,0.042793,0.022564,0.042495,0.028176,-0.002931,0.000674,0.037386,0.098025,0.005321,-0.005061,0.024838,0.045746,-0.031854,-0.012932,0.000118,-0.000273,0.0,-0.005189,-0.006212,-0.006902,-0.012976,0.003428,-0.009343,0.039425,0.083031,0.060403,0.05752,0.019064,0.056447,0.047537,0.075978,0.056704,5.8e-05,0.026982,0.0
2013-02,-0.001002,0.012758,0.013559,0.012815,0.003439,0.010047,0.011605,0.009999,-0.012885,-0.011482,-0.033969,0.024072,0.013195,-0.011844,-0.02284,-0.023564,0.012159,0.014656,0.005052,-0.050868,-0.047067,-0.051035,0.012387,0.011325,0.000605,-6.3e-05,0.0,0.001905,0.005909,0.005355,0.01076,0.009326,-0.024362,-0.013583,0.004395,0.012083,0.022205,0.007823,0.033089,0.023237,0.012584,0.015958,5.8e-05,-0.03107,0.0
2013-03,0.018258,0.037972,0.036773,0.039486,0.030248,0.046591,0.037776,0.040938,0.013054,0.011921,0.0034,0.057787,0.022325,0.007285,-0.010183,-0.012664,0.028721,0.055781,0.033591,0.009477,0.006635,0.011063,-0.004195,0.002868,0.000331,0.0001,0.0,0.002148,0.000985,0.00079,-0.000466,0.008724,-0.003474,0.02212,0.025427,0.038738,0.023705,0.025777,0.049265,0.053689,0.062114,0.043759,8.3e-05,-0.024678,0.0
2013-04,0.028374,0.019212,0.019637,0.016056,0.025373,-0.003495,0.017751,0.000358,0.050187,0.052155,0.04539,0.083334,0.035715,0.034998,0.012158,0.020046,0.067348,0.006394,0.072076,-0.075623,-0.038081,-0.048936,0.046849,0.015252,0.000687,0.000181,-0.000219,0.007922,0.009686,0.010152,0.021734,0.02118,0.026869,0.009444,-0.013113,0.026908,-0.007423,0.017509,0.029419,0.059591,0.030032,0.030377,7.5e-05,0.020851,0.0
2013-05,-0.003832,0.02361,0.023995,0.024435,0.035775,0.03932,0.02463,0.02958,-0.030191,-0.029742,0.000195,-0.073504,-0.039974,-0.030658,-0.048279,-0.050731,-0.059777,-0.1277,-0.10822,-0.061988,-0.015607,-0.01534,-0.06761,-0.03105,-0.001338,-9.1e-05,0.000219,-0.041933,-0.020012,-0.019257,-0.032176,-0.025812,-0.043417,0.018963,0.028491,0.060963,0.050181,0.027922,-0.021738,-0.090515,0.01648,0.027651,5e-05,-0.005049,0.0
2013-06,-0.026017,-0.013344,-0.015852,-0.014367,-0.023953,-0.00818,-0.010014,-0.004866,-0.026779,-0.027952,-0.044525,0.039533,-0.027386,-0.03703,-0.053258,-0.053549,-0.019819,-0.038402,-0.015529,-0.110588,-0.028229,-0.000325,-0.032713,-0.025462,-0.000983,-0.000181,-0.000219,-0.03802,-0.015653,-0.016478,-0.032675,-0.016886,-0.017234,-0.041101,-0.022667,-0.015706,-0.01544,-0.028918,-0.003023,0.008946,-0.005913,0.00821,3.3e-05,0.00569,0.0
2013-07,0.0458,0.051677,0.053891,0.057457,0.06314,0.073342,0.052395,0.065382,0.053228,0.051966,0.076252,0.0,0.0701,0.045443,0.013246,0.006961,0.009022,-0.019747,0.015288,0.074301,0.031835,0.056494,-0.02258,-0.003527,0.001626,0.000272,0.0,0.00902,0.002691,0.003803,0.01106,0.02854,0.023948,0.055542,0.052618,0.053471,0.059099,0.037267,0.043358,0.043316,0.071624,0.052659,4.2e-05,0.014908,0.0
2013-08,-0.022949,-0.029993,-0.030375,-0.030313,-0.003959,-0.031642,-0.035992,-0.044515,-0.019552,-0.016022,-0.014672,-0.031194,-0.006684,-0.015978,-0.025378,-0.034306,-0.069801,-0.036261,-0.040484,0.052047,0.028153,0.031039,-0.013403,-0.014225,-0.000973,0.0,0.0,-0.018262,-0.008263,-0.008583,-0.009983,-0.012721,-0.011528,-0.001235,-0.010313,-0.051245,-0.024801,-0.0104,-0.045422,-0.049923,-0.03528,-0.028465,3.3e-05,-0.003013,0.0
2013-09,0.055392,0.031647,0.032392,0.038971,0.048321,0.064891,0.02474,0.057723,0.078249,0.078505,0.071756,0.096596,0.088156,0.0702,0.072067,0.07275,0.034819,0.037479,0.090985,-0.047838,-0.033758,-0.034873,0.006518,0.018462,0.002231,9.1e-05,-0.000219,0.017562,0.011206,0.01114,0.007418,0.007813,0.027912,0.044284,0.021142,0.028216,0.05867,0.025321,0.013711,0.011473,0.032074,0.054229,3.3e-05,0.0204,0.0
2013-10,0.039503,0.046307,0.046122,0.042669,0.049569,0.0242,0.043795,0.032082,0.032602,0.032087,0.041835,-0.000839,0.029891,0.035253,0.041708,0.043359,0.045207,0.00417,0.024211,-0.003433,-0.000388,-0.014515,0.014304,0.007778,0.000688,-0.000182,-0.000218,0.003439,0.008327,0.008574,0.018082,0.025182,0.012565,0.041895,0.041973,0.033149,0.047619,0.05025,0.06407,0.037731,0.043092,0.045852,1.7e-05,0.01007,0.0
2013-11,0.015522,0.029638,0.029826,0.027027,0.035512,0.039564,0.028135,0.037746,0.005464,0.006609,0.010215,0.012595,0.003002,0.00194,-0.002591,-0.009315,-0.05251,-0.032392,-0.020626,-0.055112,-0.00932,-0.004701,-0.027033,-0.008763,0.000935,0.0,-0.000219,-0.010567,-0.002507,-0.002943,-0.001393,0.004732,-0.013453,0.013023,0.000579,0.044239,0.036611,0.030906,0.015584,-0.01934,0.047186,0.034537,4.2e-05,-0.002199,0.0
2013-12,0.020692,0.025926,0.025638,0.027335,0.029271,0.020211,0.022747,0.020349,0.021761,0.018982,0.029399,0.014242,0.031064,0.016622,-0.004066,-0.002846,0.001019,0.030061,-0.004043,-0.037945,0.00588,0.013539,-0.018696,-0.020906,-0.001774,0.000109,0.0,-0.014527,-0.005568,-0.006368,0.002149,0.004067,-0.002258,0.048963,0.028717,0.022476,0.042186,0.035347,0.006899,0.00911,0.007389,0.022832,5.8e-05,0.013225,0.0
2014-01,-0.046338,-0.035248,-0.034904,-0.031693,-0.019213,-0.027739,-0.040019,-0.038794,-0.052012,-0.052064,-0.045748,-0.066722,-0.027658,-0.060638,-0.086364,-0.084346,0.042751,0.05816,-0.041747,0.034189,-0.030398,-0.022057,0.063027,0.030632,0.002016,-9.1e-05,0.0,0.021019,0.015409,0.01549,0.018828,0.003984,0.004503,-0.047166,-0.057959,-0.036596,-0.042671,-0.025741,-0.051652,0.02976,0.00938,-0.060003,5.8e-05,-0.019941,0.0
2014-02,0.052047,0.045516,0.045599,0.048665,0.051524,0.047789,0.037787,0.045587,0.061311,0.059479,0.073427,0.024713,0.06395,0.056797,0.033779,0.032386,0.050654,0.042658,0.050658,0.062703,0.050241,0.047967,0.005241,0.003575,0.00039,0.000182,0.000219,0.004366,0.003764,0.004697,0.011449,0.023085,0.022333,0.069028,0.051211,0.030389,0.040575,0.04394,0.039009,0.034527,0.062187,0.063993,3.3e-05,0.021974,0.0
2014-03,0.005708,0.008295,0.008743,0.005094,-0.027335,-0.007485,0.026258,0.012034,-0.004592,-0.003534,-0.006289,-0.024117,-0.010239,0.00518,0.038753,0.046274,0.004969,0.00454,-0.001048,-0.031421,-0.000383,-0.000606,0.007321,-0.005611,-0.001088,9e-05,-0.000219,-0.005323,-0.001481,-0.001697,-0.00029,-0.000815,0.003109,0.008259,0.021084,0.033308,0.009566,0.004302,0.021929,0.033509,-0.012578,-0.028671,4.2e-05,-0.00181,0.0
2014-04,0.011868,0.006952,0.007441,0.000616,-0.003194,-0.037476,0.011853,-0.025288,0.016667,0.01575,0.026463,-0.022065,-0.003448,0.016749,0.007803,0.008871,0.032851,0.017129,0.037406,0.004935,0.011102,0.010009,0.020952,0.007582,0.001078,0.0,0.0,0.013202,0.008217,0.008024,0.013294,0.004204,0.010087,0.008249,0.052549,-0.01701,0.013377,0.002752,0.027404,0.042209,-0.006326,-0.013597,4.2e-05,0.004497,0.0
2014-05,0.020058,0.023206,0.022845,0.021019,0.044856,0.007858,0.012169,0.005902,0.015954,0.017652,0.007767,0.045126,0.011342,0.016896,0.029518,0.031022,0.023992,0.023256,0.033715,-0.03051,-0.014388,-0.005105,0.029495,0.018255,0.001786,0.0,0.0,0.020014,0.011791,0.010532,0.015143,0.012064,0.001437,0.029578,0.016748,0.015027,0.019235,0.037586,0.018083,-0.010877,0.028733,0.028822,2.5e-05,-0.017545,0.0
2014-06,0.018182,0.020645,0.02086,0.026212,0.031239,0.05272,0.019529,0.044401,0.009207,0.010358,-0.000886,0.046824,0.017071,0.016236,0.024018,0.03173,0.011341,0.013684,0.014369,0.06319,0.021129,0.023845,-0.002513,-0.002168,-0.000792,0.0,-0.000218,0.003697,-0.000575,0.000839,6.7e-05,0.006119,0.015973,0.016145,0.055133,0.024227,0.004748,0.018688,-0.002533,0.044419,0.021216,0.019387,2.5e-05,0.003748,0.0
2014-07,-0.014437,-0.013437,-0.01396,-0.019947,0.01182,-0.060543,-0.0144,-0.06155,-0.026035,-0.023714,-0.043203,-0.003322,-0.033069,-0.015411,0.013648,0.01368,0.000801,-0.022152,-0.005877,-0.036317,-0.047404,-0.056604,0.006642,-0.002206,-0.000769,-9e-05,-0.000219,-0.000921,-0.002509,-0.002779,-0.003195,-0.024318,-0.013699,-0.019944,-0.034666,-0.014512,-0.041251,0.016949,-0.033168,-0.068007,0.001315,-0.012736,3.3e-05,-0.020428,0.0
2014-08,0.025762,0.039464,0.039691,0.041508,0.050095,0.048296,0.035626,0.043375,0.001802,0.002645,0.007322,-0.016667,0.001954,0.010575,0.028298,0.038426,0.030441,0.042881,0.017053,0.003809,-0.011453,-0.015625,0.047238,0.018802,0.001859,9e-05,0.000219,0.006076,0.011497,0.011415,0.02004,0.023803,0.002337,0.038643,0.021836,0.042392,0.042254,0.032821,0.046128,0.049212,0.048432,0.044468,2.5e-05,-0.014276,0.0
2014-09,-0.033158,-0.013796,-0.013721,-0.020966,-0.007566,-0.059279,-0.017144,-0.06642,-0.038825,-0.041528,-0.039749,-0.002543,-0.054028,-0.048137,-0.077674,-0.071658,-0.060406,-0.061748,-0.067825,-0.061763,-0.072313,-0.060635,-0.021124,-0.010494,-0.000733,-0.000181,0.0,-0.025953,-0.006149,-0.005716,-0.016816,-0.019828,-0.043403,-0.014051,-0.077514,-0.004034,-0.011464,-0.00517,0.005888,-0.01873,0.00435,-0.027709,2.5e-05,-0.045875,0.0
2014-10,0.012054,0.023551,0.023857,0.02746,0.02642,0.065935,0.017875,0.069688,-0.002651,-0.003522,-0.019015,0.024639,0.000825,-0.002199,0.014196,0.022297,0.099374,0.049194,0.050713,-0.030548,-0.03876,-0.05948,0.028187,0.015363,0.002604,0.000181,-0.000219,0.009012,0.010641,0.007227,0.012343,0.010605,-0.00246,-0.023997,-0.035312,0.028917,0.038758,0.01604,0.035469,0.080304,0.052574,0.021143,1.7e-05,-0.004689,0.0
2014-11,0.013756,0.027472,0.027539,0.024803,0.045464,0.001115,0.023669,-0.003797,0.000626,0.0,0.020675,-0.036484,-0.013391,-0.000882,-0.015421,-0.011023,0.020002,0.023444,-0.012641,-0.004882,-0.085126,-0.10097,0.029673,0.012886,0.001051,-9e-05,0.0,0.001592,0.006569,0.00831,0.009117,-0.010812,-0.013453,0.015702,-0.086936,0.02349,0.030791,0.048101,0.055449,0.011656,0.034785,0.054478,1.7e-05,-0.003274,0.0
2014-12,-0.023577,-0.002537,-0.00297,-0.000383,-0.022406,0.02893,0.005143,0.026458,-0.039928,-0.037697,-0.046899,-0.026942,-0.010939,-0.04078,-0.039635,-0.046803,0.019039,-0.028419,-0.024592,0.013112,-0.096474,-0.13749,0.032514,0.001294,-0.002926,-9.1e-05,-0.000218,-0.010512,0.001476,0.000569,-0.000172,-0.00803,-0.010671,-0.005568,-0.002108,0.018703,-0.000215,-0.021768,-0.009357,0.035672,-0.014034,0.008901,1.7e-05,-0.027397,0.0
2015-01,-0.013162,-0.029629,-0.029004,-0.027358,-0.020824,-0.032771,-0.044791,-0.042584,0.006246,0.007128,0.005152,0.022242,0.002783,-0.003487,-0.006872,-0.001999,0.068519,-0.003416,0.035843,0.086899,-0.056911,-0.087118,0.098157,0.043023,0.006276,9.1e-05,-0.000218,0.032318,0.020523,0.024038,0.037517,0.007031,-0.015724,-0.018321,-0.045604,-0.069552,-0.035525,-0.035067,-0.009693,0.023295,0.013016,-0.029938,2.5e-05,-0.068858,0.0
2015-02,0.055084,0.056204,0.056455,0.05742,0.072206,0.059464,0.054818,0.04643,0.063378,0.061599,0.060934,0.074848,0.069599,0.055517,0.04408,0.04657,-0.036741,0.017995,0.030655,-0.059052,0.044253,0.059391,-0.061383,-0.024717,-0.002908,0.000181,0.0,-0.012886,-0.008948,-0.013068,-0.014204,0.022311,-0.010833,0.079681,0.04593,0.058236,0.053509,0.07995,0.041441,-0.063949,0.042876,0.08544,2.5e-05,-0.00575,0.0
2015-03,-0.014612,-0.015706,-0.015971,-0.011629,-0.02359,0.0177,-0.01462,0.017261,-0.014286,-0.012184,-0.02438,0.014575,-0.012575,-0.012155,-0.014973,-0.020553,0.017319,0.009237,-0.020224,-0.021522,-0.060539,-0.065645,0.010922,0.00856,0.002493,-9.1e-05,0.0,-0.004819,0.003747,0.005451,0.00195,-0.009477,-0.013923,-0.049049,-0.011552,-0.00616,-0.025461,-0.034356,-0.019426,-0.009953,0.006407,-0.00483,1.7e-05,-0.042794,0.0
2015-04,0.028657,0.009834,0.00972,0.006154,0.019223,-0.02565,0.014369,-0.02151,0.036466,0.038664,0.04242,0.026337,0.042854,0.047875,0.068527,0.074137,-0.058475,-0.005987,0.023315,-0.001672,0.07147,0.109231,-0.034252,-0.00633,0.000318,9.1e-05,-0.000219,0.006778,-0.003228,-0.003235,-0.011871,0.008713,0.019578,0.033621,0.065738,0.000829,-0.002511,0.02751,-0.007591,-0.004727,-0.010897,-0.000531,2.5e-05,0.042383,0.0
2015-05,0.0,0.012856,0.013009,0.012974,0.022484,0.022364,0.007029,0.007526,0.001955,-0.000483,0.002831,0.014774,0.017058,-0.011315,-0.041045,-0.035535,-0.003023,0.002582,-0.019174,0.005552,-0.031711,-0.021729,-0.023724,-0.004163,0.000412,0.0,-0.000218,-0.010056,-0.004374,-0.004966,-0.011203,0.003555,-0.032311,0.003768,-0.051887,0.019478,0.003236,0.018553,0.008683,0.006332,0.045043,0.013146,1.7e-05,-0.021846,0.0
2015-06,-0.025783,-0.020312,-0.019817,-0.016749,-0.024841,0.00783,-0.019664,0.002064,-0.031182,-0.029108,-0.032727,-0.013405,-0.016404,-0.031628,-0.029308,-0.025531,-0.046686,-0.066705,-0.026482,-0.015162,0.016375,-0.002363,-0.04072,-0.016309,0.000319,9.1e-05,0.0,-0.010246,-0.010767,-0.011123,-0.018832,-0.018871,-0.007441,-0.039496,-0.034835,-0.004611,-0.026547,-0.041128,-0.018344,-0.05984,-0.00392,0.005544,1.7e-05,0.019964,0.0
2015-07,0.008242,0.022589,0.021909,0.017006,0.045577,-0.011039,0.004447,-0.028391,0.020318,0.014628,0.026677,0.009367,0.008624,-0.002264,-0.063099,-0.062622,0.057705,0.02552,0.010273,-0.06621,-0.126111,-0.141639,0.04546,0.015184,0.000448,-0.000181,0.0,0.005355,0.008621,0.008792,0.008319,-0.004921,-0.002115,-0.050423,-0.076903,0.034044,0.00296,0.028502,0.056933,0.061023,0.029574,0.048901,1.7e-05,-0.019841,0.0
2015-08,-0.068068,-0.06095,-0.061437,-0.060915,-0.068245,-0.06311,-0.060462,-0.048924,-0.074251,-0.072334,-0.070191,-0.062645,-0.046638,-0.07441,-0.088362,-0.098643,-0.062911,-0.034102,-0.067155,0.037072,-0.002543,0.002759,-0.006894,0.000791,-0.000495,9.1e-05,0.0,-0.009499,-0.003358,-0.002462,-0.008275,-0.015233,-0.001926,-0.056366,-0.042519,-0.070607,-0.054039,-0.05519,-0.059631,-0.034781,-0.079645,-0.06532,2.5e-05,0.022613,0.0
2015-09,-0.034372,-0.025516,-0.024982,-0.029229,-0.022073,-0.049363,-0.028165,-0.034867,-0.044189,-0.040803,-0.041199,-0.056931,-0.026295,-0.042892,-0.031324,-0.028816,0.030597,-0.026998,0.004149,-0.018011,-0.034417,-0.059989,0.019668,0.015791,0.00295,0.000281,-0.000438,-0.00523,0.008115,0.008097,0.011899,-0.029899,0.005018,-0.074214,-0.071934,-0.028134,-0.02204,-0.013718,0.003899,0.029174,-0.057028,-0.00587,5.8e-05,-0.00107,0.0
2015-10,0.076567,0.08506,0.084791,0.079112,0.113699,0.056227,0.073783,0.055161,0.06612,0.06734,0.058967,0.077865,0.049194,0.065557,0.063759,0.052886,0.057585,-0.001006,0.053889,0.022834,0.0033,-0.000585,-0.004088,-0.006369,-0.001413,-0.000281,-0.000219,0.003001,0.000685,0.000293,0.005736,0.032308,0.004225,0.134269,0.111602,0.062665,0.087793,0.105063,0.057004,0.010626,0.077155,0.090358,1.7e-05,-0.016603,0.0
2015-11,-0.005338,0.003655,0.003922,0.006008,0.006088,0.032599,0.005652,0.029662,-0.007527,-0.007624,-0.012481,0.00487,0.006784,-0.012978,-0.025237,-0.022962,-0.006258,0.008057,-0.033526,-0.067521,-0.066447,-0.091388,-0.008677,-0.004277,-0.002582,-0.000118,0.000219,-0.001442,-0.003891,-0.003932,-0.001542,-0.024961,-0.024096,0.009938,-0.000147,0.019934,0.008661,0.007102,-0.009222,-0.021257,-0.003224,-0.002346,1.7e-05,-0.039757,0.0
2015-12,-0.021058,-0.017283,-0.017328,-0.021235,-0.015948,-0.050304,-0.01794,-0.054235,-0.023319,-0.021336,-0.02615,-0.01383,-0.001505,-0.027945,-0.038198,-0.034368,0.01831,-0.018689,-0.017694,-0.004513,-0.058492,-0.082527,-0.002972,-0.00453,-0.001491,-0.000117,-0.000219,-0.010108,-0.001917,-0.001762,-0.010811,-0.019922,0.011758,-0.043401,-0.105169,-0.023644,-0.025725,-0.020811,0.029177,0.021192,0.017228,-0.028431,0.0001,0.029114,0.0
2016-01,-0.053027,-0.049787,-0.050032,-0.057239,-0.069104,-0.085775,-0.049475,-0.065478,-0.055177,-0.055284,-0.055533,-0.051155,-0.062463,-0.055541,-0.050326,-0.057475,-0.034366,-0.052301,-0.031697,0.05411,-0.043413,-0.052706,0.055731,0.033336,0.006519,0.000725,0.000219,0.015682,0.012407,0.01201,0.001228,-0.016009,0.002905,-0.107093,-0.03498,-0.088544,-0.05697,-0.037124,0.005348,0.049446,-0.07719,-0.051817,0.000192,0.003031,0.0
2016-02,-0.012486,-0.000826,-0.000565,-0.000102,-0.015653,-0.002234,0.005941,0.006052,-0.033346,-0.030844,-0.032265,-0.053043,-0.017083,-0.024592,-0.008178,-0.003244,-0.003637,0.025386,0.012936,0.109303,-0.002347,-0.020771,0.030859,0.01486,0.001119,0.000354,0.0,0.012208,0.008871,0.00851,0.010517,0.014968,0.033025,0.078153,-0.028002,-0.029005,0.042608,-0.006547,0.003152,0.019374,-0.00361,0.004453,0.000217,-0.00293,0.0
2016-03,0.073946,0.067266,0.062413,0.071099,0.068526,0.080135,0.068819,0.082621,0.065822,0.07191,0.070271,0.04775,0.081903,0.08194,0.129618,0.127208,0.104655,0.070719,0.084734,-0.008429,0.042353,0.044697,-0.000933,-0.000661,0.001378,0.000362,0.0,0.016672,0.008746,0.008832,0.036146,0.025471,0.042064,0.07573,0.101659,0.071592,0.069735,0.088217,0.047384,0.079765,0.027075,0.066974,0.000258,0.045647,0.0
2016-04,0.013378,0.003941,0.00392,0.006582,-0.031868,0.016722,0.019904,0.021356,0.022218,0.023133,0.027618,0.000876,0.011848,0.025329,0.004087,0.010121,-0.023508,0.016546,0.021708,0.051088,0.097065,0.103698,-0.007365,-0.001561,0.000365,0.000544,0.000438,0.002094,0.00255,0.004029,0.015546,0.031226,0.015249,0.051105,0.090645,0.036,0.012439,-0.050271,-0.014324,-0.024184,0.029655,0.001264,0.000242,0.001581,0.0
2016-05,0.003345,0.017012,0.016919,0.017344,0.0437,0.022404,0.009158,0.017863,-0.000856,-0.002997,-0.005014,0.032399,0.017662,-0.012105,-0.036929,-0.03235,0.022485,0.041709,-0.015109,-0.061383,0.008916,0.013141,0.008054,-0.000993,-0.001189,-7.2e-05,0.0,-0.006442,0.000136,-7.2e-05,-0.005125,0.001701,-0.02686,-0.003397,-0.009333,0.018876,-0.004273,0.048896,0.006883,0.015077,0.022353,0.000505,0.000192,-0.021836,0.0
2016-06,-0.000497,0.003476,0.002536,0.002734,-0.02278,-0.000174,0.009484,0.004336,-0.024194,-0.020596,-0.040749,-0.016913,-0.046253,-0.00784,0.045591,0.049236,0.069285,0.029226,0.001944,0.089695,0.043508,0.006485,0.069342,0.030876,0.006025,0.001006,-0.000219,0.022488,0.019352,0.020198,0.030943,0.017931,0.03777,-0.007845,0.027207,-0.032327,0.007132,-0.013778,0.053586,0.076281,0.009092,-0.011395,0.000225,-0.004662,0.0
2016-07,0.037702,0.036471,0.037387,0.039754,0.071508,0.058749,0.026588,0.053634,0.039771,0.041572,0.034719,0.048696,0.051803,0.041581,0.053842,0.051377,0.042629,0.035088,0.035464,0.019847,-0.069707,-0.100515,0.021026,0.002465,-0.000469,1.9e-05,0.000438,0.006388,0.005444,0.00599,0.012916,0.013131,0.011198,0.050712,-0.012603,0.034558,0.036243,0.071017,-0.00816,-0.006671,0.048668,0.045606,0.000225,0.000991,0.0
2016-08,0.003428,0.001197,0.001282,0.002065,0.010501,0.017841,0.005662,0.024244,0.005341,0.004073,0.006835,0.018242,0.001773,0.007146,0.008837,0.007829,-0.037641,0.0113,-0.021202,-0.032563,0.007703,0.020057,-0.010135,-0.010115,-0.002336,-0.0,0.0,-0.003427,-0.002154,-0.003137,0.001803,0.019676,-0.01142,-0.00267,0.016771,0.038478,0.009476,0.011626,-0.00585,-0.055449,-0.032447,-0.012987,0.00025,0.00171,0.0
2016-09,0.009394,5.8e-05,6.7e-05,0.001991,0.022136,0.010738,-0.003772,0.007221,0.013368,0.016379,0.007886,0.021173,0.030679,0.014925,0.025185,0.020207,-0.018326,0.005796,0.001599,0.006892,0.043085,0.04073,-0.015085,0.002375,0.001295,0.000661,0.000219,0.007507,0.000516,0.001141,-0.003156,0.010784,0.009627,-0.011612,0.036882,-0.028018,0.001862,0.021018,-0.015455,0.003611,-0.005097,-0.002667,0.00025,0.002605,0.0
2016-10,-0.01912,-0.017337,-0.017788,-0.021917,-0.014572,-0.04597,-0.015059,-0.031217,-0.022154,-0.024058,-0.035296,0.007177,-0.028812,-0.017599,-0.008278,0.003189,-0.057413,0.0,-0.065452,-0.029449,-0.003331,-0.017544,-0.043806,-0.014947,-0.000483,0.000389,0.000218,-0.005408,-0.008171,-0.009395,-0.015286,-0.009831,-0.041956,-0.020942,-0.028183,0.022797,-0.020042,-0.007535,-0.007705,0.008981,-0.065872,-0.024238,0.000242,-0.019264,0.0
2016-11,0.01035,0.036838,0.036688,0.044908,0.004359,0.110633,0.062975,0.131651,-0.017814,-0.015064,-0.023399,-0.01247,-0.025344,-0.020368,-0.044157,-0.04053,-0.016756,0.014034,-0.029502,-0.083566,0.016711,0.024725,-0.082138,-0.042272,-0.004699,-0.00067,-0.000437,-0.020714,-0.025655,-0.025738,-0.031676,0.000187,-0.057184,0.068236,0.084669,0.140324,0.090893,0.001687,-0.042046,-0.054218,0.020636,0.048016,0.000275,-0.028412,0.0
2016-12,0.019623,0.020272,0.021434,0.019867,0.011322,0.028844,0.025899,0.042028,0.027062,0.024485,0.049213,-0.00923,0.019573,0.018554,-0.002527,-0.007383,0.048171,0.006673,0.015725,-0.01915,0.04142,0.050268,-0.004626,-0.001185,0.000723,0.000789,0.000219,-0.000406,0.002541,0.003298,0.008392,0.018389,-0.002687,0.001766,0.017308,0.037565,0.003061,0.022598,0.029966,0.048988,0.007163,0.00039,0.000375,-0.008839,0.0
2017-01,0.029069,0.017895,0.017512,0.018557,0.051401,0.002818,0.00582,-0.008491,0.032912,0.036672,0.029621,0.034998,0.038323,0.038242,0.066552,0.057574,-0.001939,0.013552,0.023004,0.054192,-0.005682,-0.015316,0.008143,0.002194,0.001065,0.000544,0.000437,0.008925,0.002129,0.001857,0.00145,0.009127,0.014627,0.045473,-0.03213,0.002581,0.018644,0.035567,0.017018,0.012559,0.022919,0.042138,0.000425,0.020302,0.0
2017-02,0.025127,0.039292,0.03975,0.036949,0.043751,0.0193,0.037854,0.014076,0.011907,0.010559,0.005875,0.013051,0.02029,0.011481,0.017408,0.022463,0.035086,0.056767,0.013275,0.031848,-0.001905,0.001296,0.015846,0.007236,0.000367,0.000454,0.000503,0.004116,0.006459,0.006166,0.01321,0.015318,0.003035,0.005582,-0.02085,0.052767,0.039129,0.045327,0.047728,0.052664,0.063386,0.018154,0.000425,-0.014691,0.0
2017-03,0.013458,0.00125,0.001176,0.000553,0.020269,0.00026,-0.011626,-0.008381,0.032317,0.030584,0.044303,0.005271,0.025379,0.031449,0.036852,0.028449,-0.024236,0.029315,0.005327,-0.004277,-0.032443,-0.040777,-0.006551,0.000805,0.000639,0.000127,-0.000175,0.0,-0.000553,-0.000395,-0.002951,-0.001433,0.007564,0.006218,-0.01486,-0.029561,-0.007656,0.02226,-0.004227,-0.001353,-0.004806,0.02134,0.000433,0.00887,0.0
2017-04,0.016124,0.009926,0.009651,0.010633,0.02727,0.011493,-0.000961,0.003724,0.024242,0.022137,0.038976,0.00699,0.042113,0.02155,0.017009,0.015609,0.002421,0.03599,0.020855,0.017267,-0.026956,-0.026316,0.015731,0.011088,0.001872,-2.7e-05,0.000744,0.004498,0.00907,0.00796,0.011888,0.008158,0.014264,0.012593,-0.029471,-0.008428,0.019674,0.020071,0.010993,0.007601,0.015331,0.023991,0.000617,0.022355,0.0
2017-05,0.022091,0.014113,0.013942,0.010113,0.038973,-0.019704,-0.003367,-0.030607,0.035423,0.034105,0.049085,0.027574,0.03279,0.030745,0.028457,0.009915,-0.007247,-0.014706,0.024883,-0.001242,-0.014189,-0.011781,0.018879,0.008268,0.000733,0.000553,0.000153,-0.000401,0.006871,0.007102,0.013331,0.010314,0.019245,0.000189,-0.035377,-0.0119,0.017787,0.039537,0.026459,0.041393,0.007682,0.010993,0.000667,0.026624,0.0
2017-06,0.007871,0.006375,0.006671,0.009473,-0.023179,0.033744,0.018855,0.033922,0.00296,0.006373,-0.005135,0.013238,0.005978,0.007162,0.009266,0.008505,0.022326,0.02343,-0.016969,-0.021555,-0.009596,-0.01683,0.007919,-0.005096,-0.00078,0.00078,0.001029,-0.00867,-0.000182,0.000514,0.004803,0.001326,0.003268,0.018502,-0.001117,0.065133,0.013512,-0.028119,-0.022535,-0.027088,0.045671,-0.012594,0.000742,0.017022,0.0
2017-07,0.027333,0.020554,0.020747,0.018803,0.040613,0.008524,0.01391,0.007366,0.026534,0.028799,0.028292,0.020689,0.03406,0.035095,0.058227,0.053392,0.012375,0.002587,0.032808,0.023132,0.04083,0.042083,-0.006584,0.003748,0.001859,0.001007,0.000328,0.004614,0.00334,0.006124,0.007655,0.010191,0.029316,0.015425,0.026186,0.017025,0.002936,0.044591,0.006917,0.024249,0.008203,0.019302,0.000817,0.027603,0.0
2017-08,0.004013,0.002918,0.002737,0.001499,0.020736,-0.012579,-0.012404,-0.024517,-0.000448,0.000236,0.000705,-0.000913,0.007189,0.004238,0.023517,0.029993,-0.002611,0.012688,-0.003304,0.041988,0.00399,-0.010267,0.034088,0.014575,0.002023,0.000698,0.001138,0.010375,0.009413,0.01068,0.006772,0.000655,0.007384,0.00787,-0.054788,-0.015544,0.002196,0.029216,-0.011027,0.032882,0.017524,-0.018608,0.000892,0.008357,0.0
2017-09,0.018801,0.020149,0.020414,0.0244,-0.002952,0.063041,0.033009,0.07152,0.023617,0.025143,0.032103,0.018278,0.029216,0.020257,-0.000447,-0.004952,-0.00114,0.017341,-0.012962,-0.033699,0.019867,0.030429,-0.023229,-0.014416,-0.001868,0.000761,0.000722,-0.00702,-0.005716,-0.004688,-0.000495,0.006007,-0.018655,0.03697,0.101823,0.05133,0.041845,0.008178,-0.00715,-0.027567,0.009114,0.008239,0.000842,-0.001607,0.0
2017-10,0.021506,0.023564,0.023247,0.021696,0.046064,0.007288,0.011491,0.000483,0.016793,0.017738,0.004629,0.052773,0.016774,0.019235,0.032805,0.024329,-0.010711,-0.029675,0.002345,-0.007485,0.03961,0.038926,-0.000386,-0.001889,-0.000912,0.000399,0.0007,0.002361,0.000979,-0.000269,0.001927,0.000848,-0.00759,0.038733,-0.008323,0.028615,0.007465,0.065144,-0.016488,0.03902,-0.007586,0.021203,0.000858,-0.01423,0.0
2017-11,0.020199,0.030566,0.03122,0.030303,0.019717,0.029412,0.033532,0.02899,0.006893,0.008602,-0.000512,0.021483,0.0092,0.004261,-0.003889,-0.003361,0.026642,0.00396,0.024434,0.003563,0.009369,0.01292,0.007432,-0.002793,-0.00216,0.000545,0.000547,0.000863,-0.001483,-0.001065,-0.001233,-0.003678,0.021061,0.009491,0.017523,0.034587,0.041661,0.014138,0.055754,0.026851,0.029096,0.050658,0.000892,0.01813,0.0
2017-12,0.014503,0.012128,0.01209,0.011611,0.006031,-0.003985,0.018229,-0.009537,0.013489,0.016541,0.015304,0.006961,0.025893,0.020064,0.037616,0.037054,-0.001474,0.021924,0.032839,0.021057,0.027847,0.038265,0.018126,0.001848,-0.000203,0.000844,0.000744,0.009355,0.004751,0.005409,0.012205,0.002458,0.002505,0.02127,0.052694,0.018881,0.021086,0.005458,0.02253,-0.060582,-0.005505,0.024582,0.001025,0.012153,0.0
2018-01,0.057012,0.056359,0.056909,0.052313,0.087571,0.025581,0.040266,0.012247,0.050206,0.047481,0.056297,0.050225,0.051938,0.054655,0.08298,0.085602,-0.04254,-0.068584,0.038775,0.032349,0.0295,0.037469,-0.032555,-0.021502,-0.002862,0.00127,0.001313,-0.008503,-0.011251,-0.012381,-0.012258,0.000458,0.029195,0.03998,0.035843,0.065568,0.053654,0.070368,0.016348,-0.031131,0.065554,0.092411,0.0011,0.038689,0.0
2018-02,-0.04475,-0.03636,-0.038043,-0.037596,-0.012928,-0.038437,-0.055537,-0.049886,-0.048348,-0.051074,-0.061459,-0.029711,-0.038172,-0.050493,-0.058985,-0.053571,-0.076778,-0.032304,-0.067047,-0.02076,-0.02924,-0.036708,-0.030415,-0.009328,-0.001006,9e-05,0.000831,-0.010337,-0.010087,-0.010363,-0.022372,-0.008673,-0.007457,-0.05274,-0.10835,-0.029254,-0.03863,-0.004091,-0.076271,-0.038793,-0.044949,-0.034691,0.001175,-0.019507,0.0
2018-03,-0.014975,-0.027411,-0.024776,-0.019632,-0.040789,0.012175,-0.020232,0.011111,-0.008396,-0.003899,-0.003513,-0.006386,-0.001073,-0.006598,0.005414,-0.002092,0.038908,0.064956,0.02503,0.00632,0.022891,0.023356,0.028597,0.011557,0.002472,0.00167,0.001302,0.010097,0.006711,0.006865,0.005568,-0.002318,0.017727,-0.041464,0.01723,-0.041553,-0.026883,-0.037338,-0.009069,0.037965,-0.029166,-0.023847,0.001308,0.00876,0.0
2018-04,0.004045,0.005169,0.003543,0.004495,0.005058,0.009814,0.00503,0.018461,0.015212,0.012656,0.021496,-0.000659,0.006596,0.005635,-0.028169,-0.027671,0.008215,0.002825,0.01974,-0.00954,0.034158,0.046246,-0.020882,-0.012765,-0.002348,0.000934,0.001038,-0.001313,-0.00941,-0.008528,-0.01566,0.004795,-0.028013,0.001229,0.094942,-0.004353,-0.027864,0.000611,-0.041421,0.020384,0.010565,0.023793,0.001417,-0.019641,0.0
2018-05,0.004723,0.024309,0.024107,0.027213,0.05673,0.061636,0.002457,0.058326,-0.018942,-0.014283,-0.024242,-0.014842,-0.009753,-0.018611,-0.026215,-0.023424,0.036799,0.028873,-0.020338,-0.011959,0.026765,0.015499,0.020044,0.009861,0.003523,0.001569,0.001499,0.003291,0.006618,0.006821,0.005214,0.000504,-0.020252,0.020523,0.029942,-0.009836,0.030739,0.067828,-0.015659,-0.011055,0.001824,0.019865,0.001467,-0.03146,0.0
2018-06,-0.005853,0.005751,0.005874,0.007036,0.011451,0.006143,0.006206,0.004187,-0.015841,-0.016533,-0.012385,-0.023128,-0.022982,-0.021861,-0.045457,-0.047895,0.042021,0.015271,-0.012104,-0.036149,-0.019412,0.012436,0.006458,0.001974,0.000432,0.001524,0.001487,0.006474,0.001027,0.001885,-0.004872,0.000988,-0.010237,0.002755,0.005695,-0.017469,-0.033889,-0.002631,0.045691,0.028138,0.016493,0.036187,0.00155,-0.003505,0.0
2018-07,0.030652,0.037046,0.037466,0.033184,0.027964,0.016491,0.039862,0.018099,0.02852,0.022844,0.034028,0.010706,0.011795,0.028571,0.03531,0.039811,0.006016,0.034983,0.01533,-0.022419,-0.024321,-0.036293,-0.014368,-0.005277,-0.000601,0.001278,0.001388,-0.005327,-0.000292,-0.000368,0.013438,0.016777,0.002922,0.028586,0.015539,0.051147,0.073851,0.020872,0.039589,0.015974,0.065541,0.018024,0.001583,0.006691,0.0
2018-08,0.006958,0.03192,0.032336,0.034323,0.057807,0.043106,0.01336,0.023939,-0.022358,-0.01732,-0.028257,-0.005296,-0.011815,-0.023045,-0.037673,-0.041933,0.025751,0.00378,-0.013085,-0.021381,0.007536,0.010429,0.01312,0.01014,0.003467,0.001769,0.001586,0.006447,0.00568,0.006689,0.000199,0.007079,-0.006263,-0.007701,-0.034751,0.013596,0.00234,0.06599,0.00392,0.012881,0.043292,0.051047,0.001633,-0.007243,0.0
2018-09,0.006097,0.005945,0.005356,0.001961,-0.002816,-0.02325,0.004038,-0.024719,0.009653,0.007108,0.000677,0.034524,-0.007174,0.004423,-0.005791,-0.013458,-0.026644,-0.012333,-0.014608,-0.006607,0.033947,0.038417,-0.028643,-0.01205,-0.00143,0.001387,0.0014,-0.009704,-0.006197,-0.005459,-0.001407,0.005245,-0.007431,-0.017954,0.02446,-0.022155,0.021774,-0.000193,0.009872,-0.006483,0.029542,0.005304,0.001692,-0.006437,0.0
2018-10,-0.074333,-0.069105,-0.06822,-0.074106,-0.085957,-0.109879,-0.053436,-0.089098,-0.081335,-0.085971,-0.078975,-0.08949,-0.096821,-0.079681,-0.087605,-0.076586,-0.029251,-0.019973,-0.04732,0.021195,-0.056205,-0.061844,-0.029305,-0.003031,0.001531,0.001742,0.001706,-0.015192,-0.006441,-0.008622,-0.020492,-0.019768,-0.016562,-0.091835,-0.113282,-0.047136,-0.108674,-0.080048,0.020026,0.019753,-0.067788,-0.101007,0.001775,-0.022287,0.0
2018-11,0.015857,0.01855,0.019211,0.020135,-0.00265,0.017264,0.025171,0.015765,0.004963,0.005057,-0.006759,0.009118,-0.000356,0.014354,0.04903,0.048336,0.046731,0.020614,0.019758,0.003387,-0.098467,-0.110653,0.017872,0.013301,0.00381,0.001868,0.001859,0.00479,0.007716,0.006362,-0.003585,-0.00399,0.009537,0.038016,-0.015634,0.026256,0.038066,-0.019625,0.022723,0.035388,0.080834,0.024768,0.001875,0.003623,0.0
2018-12,-0.072101,-0.088049,-0.088753,-0.091761,-0.086607,-0.119722,-0.093915,-0.121435,-0.053497,-0.056776,-0.048455,-0.076911,-0.066363,-0.048976,-0.034889,-0.03345,-0.079519,-0.06093,-0.024355,0.04942,-0.040013,-0.072138,0.058535,0.028042,0.007599,0.002006,0.001827,0.005313,0.019811,0.018744,0.018595,-0.020888,0.020845,-0.068877,-0.124392,-0.111289,-0.10659,-0.083765,-0.089146,-0.039945,-0.093536,-0.079562,0.001942,0.008011,0.0
2019-01,0.080424,0.080065,0.07925,0.085403,0.090108,0.113219,0.085426,0.109076,0.066349,0.074663,0.066845,0.070823,0.080857,0.07531,0.103431,0.096588,0.118547,0.092389,0.09734,0.028866,0.071084,0.083452,0.003786,0.006526,0.002511,0.002448,0.00175,0.014246,0.00911,0.01111,0.033682,0.049445,0.014125,0.056017,0.112119,0.089001,0.114268,0.069377,0.051398,0.034769,0.048087,0.098677,0.001975,0.003319,0.0
2019-02,0.024668,0.032416,0.032296,0.035588,0.029912,0.051791,0.022409,0.038987,0.025367,0.023326,0.031617,0.001474,0.020354,0.015736,-0.015313,-0.00383,0.006953,-0.009168,-0.014698,-0.006092,0.028351,0.034891,-0.013764,-0.005255,0.00086,0.001613,0.001848,-0.001711,-0.001139,-0.000901,-0.002038,0.012146,-0.010832,0.031865,0.023048,0.022359,0.063676,0.069101,0.017794,0.041088,0.010809,0.013146,0.001975,-0.006267,0.0
2019-03,0.015768,0.018101,0.019159,0.014167,0.039246,-0.020933,0.010126,-0.028304,0.00918,0.006017,0.007619,0.006622,0.005074,0.009601,0.01131,0.023149,0.042165,0.019078,0.032629,-0.015969,-0.003759,0.014631,0.055716,0.026551,0.006269,0.002221,0.001749,0.019751,0.021226,0.019388,0.02929,0.012909,0.008899,0.012529,0.021281,-0.025594,-0.011495,0.047687,0.03823,0.027915,0.004819,0.036553,0.001992,-0.015855,0.0
2019-04,0.034234,0.040852,0.039992,0.039251,0.054993,0.033967,0.040979,0.036947,0.029294,0.028382,0.039172,0.012793,0.032556,0.028096,0.023532,0.021412,-0.001611,0.018459,-0.017821,-0.006639,0.01195,0.027586,-0.019911,-0.005185,0.001834,0.001903,0.001925,0.002211,-0.002003,-0.000248,0.004363,0.009862,-0.005458,0.035136,-0.000151,0.089848,0.039718,0.063648,0.028515,0.009283,-0.027139,0.054634,0.002,-0.001513,0.0
2019-05,-0.060708,-0.063771,-0.062986,-0.064499,-0.082252,-0.078527,-0.075494,-0.081959,-0.050329,-0.052105,-0.056722,-0.048719,-0.056652,-0.056128,-0.073298,-0.06381,0.001383,-0.065927,-0.004925,0.017574,-0.059664,-0.084198,0.068392,0.030486,0.007218,0.002429,0.002122,0.017522,0.019108,0.018263,0.016506,-0.019336,0.011455,-0.08181,-0.111027,-0.071735,-0.0764,-0.086647,-0.036389,-0.007835,-0.022182,-0.076039,0.001983,-0.005973,0.0
2019-06,0.064904,0.069587,0.069457,0.070781,0.0759,0.069849,0.080459,0.060951,0.059116,0.058593,0.063543,0.044702,0.042961,0.059538,0.062077,0.053718,0.015543,0.049185,0.02073,0.080029,0.039656,0.042638,0.009501,0.012172,0.00461,0.002364,0.001815,0.007494,0.010986,0.012469,0.032468,0.031545,0.034298,0.115637,0.093951,0.066537,0.079204,0.089383,0.052195,0.031863,0.06594,0.078159,0.001958,0.020536,0.0
2019-07,0.000679,0.015119,0.015199,0.014125,0.023348,0.006817,0.0175,0.003817,-0.019473,-0.020379,-0.026047,-0.004214,-0.014982,-0.017322,-0.026567,-0.018104,0.017048,0.022997,-0.015742,7.5e-05,-0.011443,-0.004473,0.002565,0.000383,-0.000638,0.001621,0.001805,0.003151,0.001818,0.001497,0.00254,0.001567,-0.012944,-0.002735,-0.015853,0.023551,0.005167,0.034982,0.02342,-0.001342,-0.016192,0.012752,0.001808,-0.020123,0.0
2019-08,-0.022099,-0.016743,-0.016576,-0.020827,-0.018995,-0.04931,-0.026642,-0.055886,-0.01924,-0.018845,-0.016458,-0.007912,-0.016802,-0.023939,-0.037826,-0.032568,0.037462,-0.063731,0.020189,0.079123,-0.046302,-0.048781,0.110491,0.039516,0.007818,0.002264,0.001695,0.02331,0.027828,0.027691,0.038861,0.006896,0.018531,-0.028283,-0.083254,-0.04708,-0.026471,-0.015352,0.021706,0.050882,-0.005925,-0.009444,0.00175,-0.010313,0.0
2019-09,0.022459,0.019457,0.019459,0.017794,0.009179,0.020371,0.038151,0.050558,0.031641,0.031523,0.025501,0.0523,0.029502,0.026756,0.01692,0.009109,0.019271,0.065829,0.025307,-0.033948,0.01416,0.01552,-0.026799,-0.011861,-0.001342,0.001431,0.001618,-0.011063,-0.006121,-0.005677,-0.007559,0.00439,-0.01014,0.031798,0.039343,0.045422,0.030114,0.015728,0.017512,0.042516,-0.001056,0.012714,0.001625,-0.01332,0.0
2019-10,0.02739,0.022105,0.021607,0.021059,0.043801,0.027157,0.026355,0.024956,0.03389,0.032133,0.038426,0.034191,0.041062,0.030836,0.04184,0.039493,0.01126,0.027296,0.037196,0.025635,0.019282,0.007973,-0.011132,0.001878,0.003129,0.002663,0.001607,-0.000293,0.002082,0.00311,0.004451,-0.000115,0.008927,-0.000172,-0.020946,0.025,0.011336,0.038992,-0.004233,-0.007569,0.051259,0.001243,0.001575,0.024336,0.0
2019-11,0.02336,0.036198,0.036365,0.037878,0.040694,0.040656,0.038764,0.022306,0.011273,0.013443,0.012933,0.012781,0.024001,0.009901,-0.000939,0.005018,-0.013044,0.014556,-0.009515,-0.032086,-0.001305,0.003955,-0.004071,-0.006872,-0.000471,0.000687,0.001083,0.00293,-0.000345,-0.000415,0.00475,0.00568,-0.014635,0.031792,0.016045,0.050523,0.044962,0.053663,0.013735,-0.018677,0.050027,0.01324,0.001375,-0.01542,0.0
2019-12,0.03442,0.029055,0.029294,0.028041,0.038864,0.027865,0.030084,0.034157,0.029954,0.035667,0.045131,0.008695,0.04171,0.041407,0.077303,0.070689,0.00769,0.035901,0.017634,0.036559,0.058492,0.064347,-0.031975,-0.009281,0.00155,0.001712,0.001116,0.003467,-0.000468,-0.000746,0.005273,0.019113,0.013505,0.028624,0.060262,0.026093,-0.002011,0.043206,0.024127,0.032905,0.034753,0.027631,0.001283,0.022947,0.0
2020-01,-0.014385,-0.000404,0.0,-0.000611,0.030385,-0.031025,-0.026751,-0.052419,-0.028226,-0.029959,-0.030887,-0.025152,-0.038054,-0.034202,-0.061511,-0.055318,0.012286,0.035482,0.001289,0.044997,-0.085893,-0.106107,0.076912,0.034658,0.005789,0.001539,0.001203,0.021361,0.02029,0.019795,0.024461,-0.004662,0.004165,-0.061706,-0.109926,-0.026641,-0.004418,0.039926,0.003176,0.067471,-0.026703,-0.000797,0.001283,-0.016201,0.0
2020-02,-0.074894,-0.079166,-0.08455,-0.07999,-0.060574,-0.088457,-0.094621,-0.096274,-0.077653,-0.076509,-0.079592,-0.082944,-0.0893,-0.06661,-0.037758,-0.035468,-0.070265,-0.08393,-0.078527,-0.006362,-0.066529,-0.077985,0.066265,0.029617,0.008766,0.002182,0.001181,0.009224,0.015847,0.016676,0.010914,-0.012895,0.000242,-0.085199,-0.152882,-0.112483,-0.099002,-0.073009,-0.082146,-0.098579,-0.065866,-0.075726,0.001267,-0.006786,0.0
2020-03,-0.134099,-0.124872,-0.12129,-0.138857,-0.072858,-0.214771,-0.152689,-0.250698,-0.141067,-0.151528,-0.16653,-0.067409,-0.178336,-0.149729,-0.1577,-0.170468,-0.193918,-0.53363,-0.24491,-0.002224,-0.173402,-0.303892,0.063766,0.037226,0.012441,0.00416,0.002045,-0.017579,-0.005268,-0.014287,-0.063119,-0.10028,-0.037563,-0.139967,-0.34371,-0.21036,-0.186259,-0.085779,-0.055321,-0.099956,-0.038874,-0.149133,0.001267,-0.001913,0.0
2020-04,0.09829,0.126984,0.12678,0.131332,0.149737,0.138476,0.10639,0.12532,0.058174,0.070186,0.064464,0.047986,0.095695,0.063745,0.073542,0.078092,0.089621,0.180214,0.04632,0.072611,-0.031111,-0.088172,0.01219,0.002753,0.002726,0.000217,-0.000197,0.030286,0.017191,0.027595,0.048458,0.048837,0.014728,0.151865,0.307639,0.094621,0.088121,0.137365,0.06958,0.033388,0.125875,0.188825,0.000242,-0.007302,0.0
2020-05,0.050931,0.047645,0.048153,0.053963,0.066009,0.06592,0.032303,0.0312,0.054269,0.055774,0.058389,0.070518,0.080822,0.045942,0.029749,0.0329,0.017343,0.027639,0.027847,0.025882,0.080734,0.158019,-0.017619,0.003275,-0.000784,-0.000262,-0.000175,0.006512,0.006726,0.006687,0.024602,0.029465,0.009021,0.068813,0.02,0.027205,0.053886,0.071765,0.016649,0.042438,0.032889,0.065094,0.000117,0.023906,0.0
2020-06,0.029406,0.017734,0.018986,0.022981,0.062867,0.034299,-0.009952,0.028474,0.035112,0.034978,0.039325,-0.000978,0.020311,0.044397,0.066049,0.064772,0.02425,0.121228,0.010604,0.027377,0.044992,0.056008,0.003366,0.000426,0.000231,0.00019,0.0,0.009852,0.006591,0.006712,0.021276,-0.005834,0.018532,0.021815,-0.010956,-0.005228,0.019728,0.06949,-0.002246,-0.046723,-0.024426,0.030739,0.000108,0.005568,0.0
2020-07,0.053581,0.058892,0.058542,0.057433,0.073465,0.029194,0.037335,0.020932,0.019386,0.026296,0.036559,-0.010743,0.026856,0.040241,0.082521,0.085837,0.036419,0.046661,0.022554,0.107905,0.051178,0.036644,0.044351,0.008542,0.000936,0.0,0.00011,0.023252,0.013332,0.014539,0.031001,0.050605,0.037324,0.071162,-0.048084,0.038462,0.044105,0.056848,0.069236,0.077973,0.054562,0.072743,0.000133,0.058046,0.0
2020-08,0.060255,0.069797,0.070008,0.071049,0.109447,0.054763,0.035278,0.053668,0.04722,0.051746,0.043128,0.067918,0.073556,0.041574,0.028875,0.027435,0.004423,0.021906,0.036987,-0.003236,0.046368,0.046512,-0.050465,-0.009698,-0.000232,-3.6e-05,0.0,0.008899,-0.008236,-0.009418,-0.017783,-0.000223,0.004109,0.043572,-0.010547,0.042863,0.084762,0.118808,0.045933,-0.025974,0.025869,0.095547,0.000108,0.007765,0.0
2020-09,-0.029508,-0.037443,-0.037584,-0.035375,-0.057786,-0.032613,-0.025428,-0.047015,-0.020468,-0.017997,-0.031169,0.018097,-0.00203,-0.018356,-0.010103,-0.011958,-0.026643,-0.011758,-0.019198,-0.041714,-0.03545,-0.044444,0.007734,0.003278,-1.1e-05,-5.4e-05,-0.000219,-0.00378,-0.000973,-0.000986,-0.004397,-0.009317,-0.012218,0.015076,-0.146066,-0.034222,-0.006822,-0.053351,-0.016748,0.010813,-0.021805,-0.018634,8.3e-05,-0.01943,0.0
2020-10,-0.022272,-0.024934,-0.025115,-0.019494,-0.030449,0.022031,-0.018319,0.036847,-0.035507,-0.035453,-0.054168,-0.014051,-0.034582,-0.020439,0.014062,0.013183,-0.030015,-0.003494,-0.039044,-0.005194,-0.031394,-0.034419,-0.033852,-0.013808,-0.000462,0.000118,0.000109,-0.006765,-0.005583,-0.005563,-0.005104,0.004034,0.010186,-0.007228,-0.041068,-0.008724,-0.014419,-0.050043,-0.028705,0.050522,-0.036215,-0.027282,9.2e-05,-0.000854,0.0
2020-11,0.117609,0.108777,0.108968,0.118031,0.112258,0.182442,0.129088,0.190601,0.142694,0.142966,0.163945,0.105598,0.129412,0.126082,0.089913,0.085597,0.096749,0.182314,0.135552,-0.054086,0.101976,0.122351,0.016639,0.003384,0.000219,-0.000208,-0.000109,0.012072,0.012067,0.012135,0.037715,0.033512,0.020483,0.123615,0.279944,0.168483,0.160274,0.113837,0.074687,0.007374,0.079481,0.099951,8.3e-05,0.024107,0.0
2020-12,0.046873,0.037049,0.037766,0.046763,0.049024,0.086464,0.033465,0.079897,0.050154,0.056301,0.056776,0.053352,0.070694,0.055436,0.071295,0.059994,0.027341,0.067985,0.058693,0.070139,0.054519,0.058369,-0.012276,-0.002384,0.000405,0.000199,3.3e-05,0.010976,0.000858,0.001525,0.001506,0.019579,0.024117,0.024816,0.044802,0.063061,0.010068,0.055416,0.01651,0.006204,0.037978,0.024279,7.5e-05,0.02429,0.0
2021-01,-0.003086,-0.010191,-0.010309,-0.003339,0.002613,0.048455,-0.015935,0.050474,-0.007812,-0.007202,-0.008964,-0.008437,-0.003804,0.002828,0.03174,0.031331,0.000353,-0.023854,-0.0132,-0.032238,0.033333,0.04704,-0.036328,-0.010922,0.000231,-9e-05,0.0,0.002664,-0.007446,-0.008618,-0.018316,-0.00378,-0.012488,-0.024175,0.037467,-0.017978,-0.042688,-0.008383,-0.049815,-0.008772,0.014016,0.00765,7.5e-05,-0.011002,0.0
2021-02,0.022888,0.027805,0.02759,0.031393,-0.001335,0.062026,0.058977,0.095376,0.022379,0.024323,0.025796,0.018361,0.030988,0.019741,0.007878,0.015673,0.034252,0.086817,0.013674,-0.062569,0.101382,0.103021,-0.05733,-0.023633,-0.000579,0.0,-0.00011,-0.016877,-0.015181,-0.015477,-0.022633,-0.002447,-0.026868,0.041195,0.224568,0.116062,0.068893,0.013651,-0.012326,-0.060982,-0.021038,-0.005308,6.7e-05,-0.001236,0.0
2021-03,0.028538,0.045399,0.045554,0.036479,0.017168,0.01395,0.063953,0.054608,0.025132,0.027685,0.033169,0.004397,0.023362,0.01733,-0.007258,-0.007104,0.05152,0.060969,0.014819,-0.011433,-0.007173,-0.018961,-0.052453,-0.023857,-0.000556,-9e-05,-0.000109,-0.002623,-0.011463,-0.012714,-0.014781,0.012156,-0.027694,0.075904,0.02971,0.058524,0.089869,0.018367,0.084982,0.105521,0.040273,0.044598,3.3e-05,-0.032671,0.0
2021-04,0.042459,0.05291,0.052939,0.050365,0.059099,0.017878,0.036463,0.018248,0.029524,0.030544,0.047778,-0.016054,0.037862,0.025553,0.011999,0.017868,0.078598,0.045661,0.047315,0.035634,0.078266,0.080888,0.024951,0.010012,0.000568,0.0,0.0,0.014297,0.00732,0.008659,0.010432,0.006376,0.01724,0.053807,0.006727,0.064904,0.035348,0.051879,0.018592,0.041849,0.039318,0.064556,2.5e-05,0.030448,0.0
2021-05,0.014719,0.006566,0.006613,0.00456,-0.012012,0.002712,0.023704,0.031716,0.034823,0.035764,0.044538,0.017205,0.021057,0.030924,0.016488,0.016988,0.008074,0.003255,0.031319,0.076784,0.038526,0.023841,2.2e-05,0.004249,0.000603,0.0,-0.00011,0.010239,0.002038,0.001539,0.006226,0.00039,0.009831,0.050819,0.057097,0.047711,0.031296,-0.009306,0.017678,-0.023381,0.018709,-0.033981,1.7e-05,0.009849,0.0
2021-06,0.012609,0.022427,0.022573,0.02482,0.062621,0.01869,-0.011311,-0.008267,-0.01078,-0.009214,-0.013727,-0.007903,-0.016801,-0.003782,0.009504,0.013268,0.026375,0.018947,-0.005458,-0.071477,0.034946,0.04075,0.044191,0.010225,-0.001715,-0.000181,-0.000218,0.007247,0.008279,0.008975,0.022114,0.013247,-0.01731,-0.052632,0.042339,-0.030394,-0.022795,0.068863,-0.005444,-0.022083,0.02299,0.034569,1.7e-05,-0.025981,0.0
2021-07,0.009092,0.024413,0.024376,0.017368,0.028609,-0.036273,0.007925,-0.035048,0.007733,0.005047,0.018585,-0.006367,0.01726,-0.016519,-0.06437,-0.058921,0.044209,-0.025323,0.032135,0.025297,0.012987,0.013052,0.037167,0.019902,0.001659,0.0,-0.000109,0.026758,0.011166,0.011684,0.01419,0.001048,0.014013,0.020775,-0.083163,-0.004633,0.009375,0.038873,0.02201,0.043334,0.049226,0.010529,3.3e-05,0.000589,0.0
2021-08,0.021741,0.02976,0.030223,0.028585,0.042187,0.022031,0.016397,0.025256,0.014467,0.013132,0.0181,0.019222,0.028102,0.014498,0.015698,0.021913,0.021545,0.026534,0.003694,-0.000766,-0.01641,-0.023926,-0.003402,-0.003944,-0.000324,-0.000181,-0.000109,-0.001641,-0.002004,-0.001893,-0.003439,0.006087,-0.009051,0.018924,-0.020044,0.051479,0.011126,0.035593,0.010488,0.038958,0.023155,0.017846,4.2e-05,-0.004794,0.0
2021-09,-0.04227,-0.046605,-0.046837,-0.044641,-0.056832,-0.028804,-0.033023,-0.018294,-0.032614,-0.033856,-0.053904,0.027047,-0.040614,-0.034332,-0.038733,-0.03362,-0.056815,-0.020551,-0.05977,-0.032235,0.052138,0.059711,-0.02907,-0.015971,-0.001009,0.0,0.000109,-0.007801,-0.009172,-0.010136,-0.015075,-0.003701,-0.023686,-0.071886,0.089315,-0.018425,-0.060798,-0.058399,-0.041392,-0.060933,-0.055184,-0.021408,4.2e-05,-0.021548,0.0
2021-10,0.053943,0.070164,0.070029,0.066874,0.07864,0.042514,0.045454,0.038383,0.031791,0.032284,0.050297,-0.026335,0.024728,0.029958,0.010718,0.012998,0.07133,0.037314,0.032394,0.014797,0.057978,0.058719,0.02465,-0.004429,-0.003355,-0.000271,-0.000109,0.011096,-8.8e-05,0.000703,0.00531,-0.003108,-0.004493,0.07597,0.103283,0.072742,0.067968,0.081771,0.035009,0.047433,0.051218,0.120925,3.3e-05,0.0057,0.0
2021-11,-0.023074,-0.008035,-0.007288,-0.014605,0.019968,-0.043324,-0.032493,-0.035521,-0.045347,-0.046431,-0.048904,-0.030263,-0.056787,-0.041878,-0.040848,-0.029017,-0.021093,-0.05862,-0.036835,-0.006901,-0.087588,-0.105882,0.027715,0.010921,-0.000571,-0.000453,-0.000218,0.008651,0.002709,0.002041,-0.001186,-0.011691,-0.006168,-0.005522,-0.050113,-0.057129,-0.035601,0.044512,-0.013474,-0.017038,-0.030563,0.016356,4.2e-05,-0.024216,0.0
2021-12,0.038878,0.046248,0.045618,0.03793,0.011523,0.022715,0.070165,0.040497,0.04391,0.043286,0.051983,0.02277,0.036843,0.033449,0.015071,0.015402,0.097056,0.008735,0.035256,0.032991,0.066735,0.072055,-0.020138,-0.00524,-0.002123,0.000272,0.0,0.004029,-0.003587,-0.003103,-0.000341,0.022842,-0.001628,0.075832,0.029834,0.033643,0.053976,0.032474,0.104547,0.096893,0.090199,0.001497,4.2e-05,-0.003256,0.0
2022-01,-0.045472,-0.052741,-0.052873,-0.060595,-0.08747,-0.095347,-0.0166,-0.058477,-0.03635,-0.038582,-0.035756,-0.043011,-0.060884,-0.025539,-0.000205,0.004246,-0.084217,-0.018255,-0.042978,-0.016788,0.078922,0.117475,-0.039139,-0.021131,-0.006897,-0.000815,0.0,-0.020588,-0.019986,-0.020649,-0.035919,-0.026549,-0.026176,-0.067983,0.187747,0.000257,-0.047916,-0.068442,-0.014784,-0.032551,-0.068564,-0.095334,5e-05,-0.01501,0.0
2022-02,-0.030603,-0.029517,-0.028886,-0.024867,-0.04476,0.010336,-0.014218,0.015351,-0.034292,-0.026482,-0.052887,-0.01779,-0.029574,-0.033407,-0.043202,-0.037246,-0.034827,-0.061984,-0.017611,0.061217,0.064674,0.088389,-0.01633,-0.003041,-0.004321,-0.000362,-0.000219,0.008557,-0.011456,-0.011381,-0.021315,-0.00859,-0.011197,-0.01267,0.070692,-0.013825,-0.008438,-0.048775,-0.014085,-0.019061,-0.009677,-0.04066,0.000125,0.003854,0.0
2022-03,0.019412,0.03759,0.037557,0.0326,0.046679,0.011575,0.030278,0.020053,0.00519,0.006754,0.001575,-0.021131,-0.004054,-0.00191,-0.033811,-0.032553,0.062639,0.032813,0.023547,0.012726,0.091747,0.088419,-0.054444,-0.040609,-0.014018,-0.000363,0.000459,-0.018755,-0.028122,-0.027522,-0.028937,-0.012871,-0.04224,0.061189,0.093386,-0.0013,0.034364,0.03345,0.017813,0.103453,0.057382,0.044267,0.000275,-0.008751,0.0
2022-04,-0.080678,-0.087769,-0.088452,-0.091316,-0.135957,-0.098991,-0.049705,-0.077943,-0.067391,-0.067874,-0.06246,-0.080993,-0.069943,-0.06696,-0.061351,-0.058314,-0.040879,-0.094276,-0.067429,-0.020703,0.056408,0.045475,-0.094239,-0.042283,-0.004969,-0.00029,-0.000109,-0.021831,-0.038059,-0.039726,-0.066993,-0.041803,-0.069696,-0.035394,-0.016876,-0.099426,-0.076131,-0.110174,0.02306,-0.042976,-0.048909,-0.119568,0.000367,-0.050536,0.0
2022-05,0.00447,0.002257,0.003168,-0.002514,-0.015866,0.001946,0.016489,0.019285,0.019959,0.016529,0.024148,0.017308,0.0047,0.018044,0.006135,0.004604,-0.046854,0.035485,-0.000629,-0.032615,0.046131,0.057432,-0.022533,0.006184,0.005962,0.000663,0.000328,-0.009922,0.007606,0.008297,0.018639,0.016299,0.005459,0.011761,0.160346,0.027818,-0.004625,-0.006859,-0.040829,0.043082,0.01489,-0.051203,0.000633,0.016414,0.0
2022-06,-0.081069,-0.08246,-0.083251,-0.082313,-0.089079,-0.083663,-0.082564,-0.099054,-0.087666,-0.091701,-0.09898,-0.073902,-0.102842,-0.078041,-0.051577,-0.038502,-0.074489,-0.108045,-0.1031,-0.01566,-0.075,-0.077476,-0.012746,-0.008634,-0.005943,-0.000753,0.000776,-0.031155,-0.01553,-0.01662,-0.036228,-0.070499,-0.046443,-0.138563,-0.170735,-0.108609,-0.07367,-0.092557,-0.023472,-0.048955,-0.02608,-0.108335,0.000817,-0.03043,0.0
2022-07,0.070688,0.092087,0.092655,0.093468,0.125517,0.105633,0.059072,0.096218,0.051688,0.052941,0.049981,0.062843,0.066312,0.033778,-0.003491,-0.007923,0.08616,0.144727,0.062722,-0.025882,-0.019895,-0.007359,0.024311,0.029615,0.004099,0.000882,0.000361,0.043099,0.02538,0.023818,0.044444,0.066988,0.020443,0.061549,0.09663,0.07186,0.095031,0.134518,0.032003,0.05447,0.032439,0.184391,0.001242,-0.018196,0.0
2022-08,-0.043643,-0.040802,-0.041276,-0.037285,-0.051322,-0.020027,-0.028507,-0.03062,-0.061169,-0.058194,-0.074649,-0.045592,-0.058925,-0.048366,-0.013263,-0.004598,-0.060125,-0.071545,-0.073024,-0.029433,-0.014937,-0.029655,-0.045531,-0.038538,-0.0081,0.001282,0.001937,-0.027042,-0.030423,-0.027975,-0.044291,-0.043088,-0.05626,-0.034814,0.026524,-0.019579,-0.028336,-0.062127,-0.018526,0.005274,-0.057704,-0.044955,0.001858,-0.019416,0.0
2022-09,-0.093946,-0.092446,-0.092351,-0.092305,-0.105355,-0.096604,-0.085003,-0.102734,-0.092221,-0.0986,-0.096848,-0.088449,-0.109529,-0.096228,-0.115394,-0.100823,-0.128713,-0.242591,-0.120714,-0.028882,-0.070373,-0.075056,-0.082351,-0.04735,-0.011923,0.000282,0.002068,-0.067324,-0.04145,-0.04183,-0.059798,-0.037404,-0.063273,-0.093029,-0.095587,-0.07656,-0.104309,-0.119671,-0.081328,-0.11281,-0.025387,-0.082064,0.002192,-0.0252,0.000354
2022-10,0.063472,0.081276,0.081249,0.081128,0.039999,0.11163,0.115235,0.127123,0.058918,0.060781,0.08429,0.023337,0.04428,0.035241,-0.019782,-0.028501,0.03505,0.126074,0.014517,-0.017844,0.050606,0.06171,-0.059644,-0.01454,-0.001258,0.001557,0.001585,0.014204,-0.012785,-0.011578,-0.007453,0.033658,0.002019,0.089251,0.249653,0.119236,0.138942,0.076528,0.090064,0.019386,0.096111,0.011092,0.002608,0.017029,0.000625
2022-11,0.083363,0.055591,0.05552,0.051693,0.055441,0.022037,0.059024,0.028351,0.131681,0.125486,0.134892,0.116223,0.118963,0.133752,0.155894,0.143018,0.06146,0.081849,0.098937,0.084919,0.014729,-0.011899,0.071511,0.036123,0.006938,0.00339,0.003151,0.018329,0.038084,0.03666,0.066476,0.034313,0.08134,0.117036,0.012778,0.06857,0.078113,0.063267,0.061177,0.069632,0.047232,0.014858,0.0031,0.046601,0.001229
2022-12,-0.0461,-0.057628,-0.057288,-0.058553,-0.090136,-0.065141,-0.038854,-0.065966,-0.018129,-0.021825,-0.016726,-0.022178,-0.009123,-0.023096,-0.026375,-0.022292,-0.050343,-0.071616,0.006161,0.029306,-0.027115,-0.016674,-0.0262,-0.014881,0.001177,0.003858,0.003627,-0.013174,-0.008705,-0.008061,-0.015511,-0.017569,-0.001559,-0.055187,-0.030489,-0.052205,-0.029898,-0.082103,-0.027276,-0.004944,-0.018777,-0.113949,0.003458,0.027949,0.001398
2023-01,0.075047,0.062887,0.062726,0.069251,0.106429,0.098188,0.069691,0.096633,0.090037,0.090302,0.095599,0.0777,0.082507,0.089231,0.091293,0.083376,0.104025,0.15822,0.064624,0.057593,0.008925,-0.000942,0.076436,0.035811,0.007761,0.003275,0.002842,0.020763,0.033303,0.03313,0.051598,0.03667,0.035667,0.089727,0.028124,0.069006,0.037064,0.092575,-0.010865,-0.02,-0.018329,0.151285,0.003542,0.015657,0.001667
2023-02,-0.033205,-0.025143,-0.025324,-0.024018,-0.003598,-0.017234,-0.030288,-0.022819,-0.030748,-0.034746,-0.017122,-0.046532,-0.031403,-0.045198,-0.075677,-0.06654,-0.058643,-0.082572,-0.049474,-0.053676,-0.044632,-0.042433,-0.048506,-0.032708,-0.008059,0.002911,0.003457,-0.01353,-0.026657,-0.02666,-0.041691,-0.018852,-0.046942,-0.033314,-0.069387,-0.022976,-0.00864,0.004119,-0.02319,-0.059198,-0.046416,-0.021251,0.003783,-0.019754,0.001979
2023-03,0.033326,0.037078,0.037264,0.027071,0.094927,-0.048473,0.013348,-0.07306,0.031291,0.026485,0.024762,0.04916,0.004897,0.030642,0.032174,0.025602,-0.021555,-0.087581,-0.021111,0.079161,-0.000842,-0.009355,0.048394,0.037211,0.01648,0.005094,0.003991,0.028643,0.026413,0.026757,0.038485,0.019843,0.047102,-0.010011,5.3e-05,-0.095477,0.006191,0.10858,0.042193,0.04906,0.021978,0.030619,0.003875,0.024108,0.002218
2023-04,0.015687,0.015975,0.016007,0.010779,0.005079,-0.017937,0.01733,-0.025252,0.029362,0.026345,0.041345,0.002556,0.022349,0.018659,-0.008363,-0.003961,0.003131,0.014652,0.041857,0.008624,-0.007582,-0.010437,0.003383,0.008147,0.002439,0.003097,0.003631,0.000518,0.005754,0.00588,0.00604,0.002021,-0.002512,-0.001364,0.027768,0.031726,-0.011662,-0.001192,0.036541,0.019057,0.031438,-0.011234,0.003908,0.009747,0.0025
2023-05,-0.010476,0.004616,0.004238,0.004265,0.078838,-0.008162,-0.018719,-0.018194,-0.040071,-0.037317,-0.051205,0.008498,-0.043557,-0.03744,-0.024022,-0.029572,-0.039616,-0.032491,-0.070855,-0.01342,-0.064092,-0.06228,-0.030153,-0.014383,-0.003768,0.003253,0.003751,-0.01196,-0.011443,-0.011638,-0.017689,-0.012314,-0.02596,-0.068653,-0.100317,-0.042508,-0.0315,0.089173,-0.061596,-0.058713,-0.042687,0.025362,0.0041,-0.027138,0.002648
2023-06,0.057843,0.0648,0.065976,0.067287,0.063038,0.080673,0.067697,0.078593,0.044701,0.04429,0.042685,0.050322,0.030741,0.046131,0.043989,0.04741,0.056294,0.127879,-0.009124,-0.022214,0.029478,0.043921,0.002171,-0.012552,-0.004946,0.004748,0.004606,-0.003399,-0.003682,-0.002237,0.008101,0.017801,0.008182,0.110057,0.069134,0.066161,0.112537,0.060532,0.027882,0.015961,0.042606,0.122298,0.004283,0.01713,0.002778
2023-07,0.03596,0.032733,0.032465,0.036635,0.038601,0.061088,0.034493,0.074148,0.027034,0.031399,0.029012,0.024556,0.039335,0.039212,0.060414,0.058751,0.020345,0.040678,0.062576,0.022887,0.087225,0.108261,-0.025443,-0.006517,0.003042,0.003836,0.003861,0.000411,-0.000153,-0.001186,0.000538,0.011156,0.009814,0.034391,0.077738,0.048057,0.028885,0.025825,0.021302,0.024908,0.010698,0.023144,0.0043,0.014449,0.002917
2023-08,-0.029077,-0.016252,-0.016276,-0.019312,-0.01483,-0.050828,-0.027946,-0.047739,-0.03935,-0.039471,-0.040479,-0.028067,-0.034584,-0.047507,-0.066269,-0.058974,-0.033779,-0.018322,-0.038754,-0.012778,-0.003647,0.00463,-0.031421,-0.007309,0.004103,0.004792,0.004966,-0.008126,-0.006313,-0.006604,-0.01229,0.001836,-0.024089,-0.033015,0.016461,-0.026889,-0.019833,-0.015083,-0.039472,-0.061279,-0.007007,-0.01744,0.004375,-0.014062,0.003118
2023-09,-0.042798,-0.047435,-0.04704,-0.048011,-0.050799,-0.058536,-0.045785,-0.05229,-0.036488,-0.037848,-0.044939,-0.021901,-0.045793,-0.035099,-0.031146,-0.024677,-0.072637,-0.050493,-0.049843,-0.047606,0.015047,0.037327,-0.079512,-0.031388,-0.00079,0.003917,0.003991,-0.019169,-0.025896,-0.024793,-0.035573,-0.016135,-0.04013,-0.04779,0.024033,-0.030882,-0.059475,-0.064783,-0.047879,-0.056424,-0.029592,-0.05532,0.004417,-0.025212,0.003201
2023-10,-0.025441,-0.021708,-0.022099,-0.026458,-0.020655,-0.069141,-0.0182,-0.060125,-0.029019,-0.033852,-0.030899,-0.02206,-0.047105,-0.03127,-0.032938,-0.03239,-0.036215,-0.112355,-0.035324,0.073724,-0.018029,-0.039094,-0.054632,-0.019277,0.003331,0.0045,0.004309,-0.007233,-0.015707,-0.015203,-0.024119,-0.010432,-0.014098,-0.0317,-0.057528,-0.024419,-0.029789,0.000488,-0.013806,0.012897,-0.032624,-0.055162,0.004433,0.00236,0.003333
2023-11,0.088869,0.091344,0.091632,0.094154,0.108188,0.092025,0.095736,0.090816,0.082188,0.088068,0.097613,0.061906,0.088273,0.082784,0.077929,0.070901,0.120817,0.145739,0.096338,0.025314,-0.02448,-0.04392,0.099238,0.045545,0.01052,0.005071,0.004682,0.027768,0.04593,0.045414,0.075745,0.048877,0.060874,0.083487,-0.00716,0.109394,0.088349,0.128955,0.041261,0.051433,0.05436,0.109665,0.00445,0.029381,0.003333
2023-12,0.048128,0.045655,0.04611,0.052939,0.05587,0.121262,0.055509,0.124193,0.05351,0.055886,0.054001,0.03881,0.071508,0.049781,0.035653,0.033332,0.094453,0.080525,0.089419,0.012821,-0.032913,-0.029981,0.086858,0.037723,0.011034,0.004818,0.004275,0.024358,0.036977,0.035552,0.048753,0.031926,0.049252,0.045234,0.000772,0.052539,0.070655,0.041827,0.027116,0.018588,0.043261,0.061322,0.004392,0.010886,0.003333
2024-01,0.002751,0.015926,0.015849,0.011171,0.018192,-0.039011,0.002128,-0.046289,-0.004512,-0.010856,-0.012252,0.032273,-0.025687,-0.017241,-0.045262,-0.035523,-0.050589,-0.040695,-0.054965,-0.014228,0.013158,0.043868,-0.022451,0.000726,0.003169,0.003995,0.004267,0.003349,-0.001511,-0.001631,-0.004428,0.001163,-0.03063,-0.038929,-0.005129,0.030851,-0.00965,0.027016,0.012356,-0.029686,0.02933,-0.044125,0.004367,-0.019276,0.003333
2024-02,0.045076,0.052187,0.05204,0.052987,0.052833,0.056252,0.029496,0.032807,0.029863,0.027438,0.024023,0.043951,0.015586,0.030303,0.041678,0.034813,0.019788,-0.012815,-0.034897,0.004564,-0.015226,0.008596,-0.022522,-0.020826,-0.003876,0.003933,0.004443,-0.010477,-0.014746,-0.013631,-0.01932,0.003036,-0.010788,0.065077,0.03273,0.040764,0.07184,0.047046,0.020982,0.010578,0.031628,0.078926,0.00435,-0.001015,0.003333
2024-03,0.03263,0.032702,0.033213,0.032597,0.01275,0.03487,0.046081,0.041773,0.033786,0.036584,0.038229,0.032262,0.033959,0.033088,0.027257,0.019236,0.01951,0.045686,0.056138,0.086683,0.044566,0.044508,0.007829,0.007332,0.003436,0.00416,0.004102,0.006466,0.009025,0.008498,0.01541,0.010898,0.003882,0.064683,0.104864,0.048056,0.044209,0.007894,0.033206,0.0659,0.023777,-0.000648,0.004367,-0.001386,0.003333
2024-04,-0.035503,-0.04032,-0.040496,-0.04344,-0.043738,-0.068474,-0.042931,-0.06152,-0.032432,-0.034084,-0.025542,-0.057183,-0.034107,-0.024349,-0.002191,0.009576,-0.07944,-0.060671,-0.050594,0.029895,0.016108,0.00952,-0.064554,-0.031298,-0.004416,0.003744,0.004322,-0.016908,-0.024783,-0.024084,-0.03243,-0.013513,-0.03621,-0.045861,-0.009427,-0.041785,-0.035249,-0.057618,-0.011262,0.016603,-0.050091,-0.044972,0.004367,-0.008602,0.003333
2024-05,0.045754,0.05058,0.050591,0.047585,0.061518,0.050383,0.029812,0.045894,0.050602,0.046636,0.064462,0.025271,0.054929,0.039547,0.019517,0.021579,0.045597,0.029775,0.020993,0.016189,-0.002999,-0.014369,0.028869,0.018002,0.007195,0.004581,0.004573,0.017771,0.016695,0.016805,0.022137,0.016339,0.014228,0.03272,-0.003422,0.031715,0.016376,0.07077,0.024371,0.089602,0.024015,0.001993,0.004367,0.012502,0.003333
2024-06,0.020378,0.03528,0.035687,0.030789,0.064701,-0.011244,-0.006873,-0.018629,-0.018267,-0.016542,-0.029503,-0.003268,-0.031142,-0.004471,0.02618,0.0197,0.018756,0.009494,-0.03843,-0.001347,-0.001719,0.009112,0.018172,0.01217,0.005443,0.004199,0.003993,0.007615,0.008855,0.008807,0.005963,0.004793,-0.009475,-0.030584,-0.014142,-0.008819,-0.009889,0.078354,-0.002351,-0.055427,0.01824,0.03877,0.004375,-0.013546,0.003201
2024-07,0.015391,0.012109,0.011129,0.018915,-0.016781,0.103357,0.047745,0.124163,0.025916,0.03015,0.025311,0.040006,0.051103,0.021645,0.008453,0.012111,0.079393,0.06408,0.06375,0.053672,-0.027981,-0.028894,0.036299,0.028972,0.011796,0.004599,0.004508,0.017274,0.024192,0.023542,0.026381,0.023523,0.038512,0.04337,0.0226,0.063975,0.049151,-0.032843,0.016584,0.068242,0.026621,0.027906,0.004367,0.01149,0.003125
2024-08,0.024972,0.023366,0.024272,0.021315,0.011039,-0.016886,0.029051,-0.020326,0.032603,0.029071,0.036079,0.01409,0.018676,0.027082,0.009779,0.009709,0.052206,0.01866,0.063846,0.020922,-0.020815,-0.02185,0.021112,0.013458,0.008919,0.00498,0.004617,0.00799,0.014614,0.014517,0.018705,0.015474,0.030519,0.023225,-0.020706,0.045725,0.028156,0.006993,0.059859,0.048084,0.050592,-0.001973,0.004333,0.023919,0.003125
2024-09,0.02197,0.021004,0.021731,0.020309,0.026216,0.007106,0.010572,-0.000281,0.007833,0.010785,0.004815,-0.005975,0.025758,0.026368,0.057413,0.073155,0.032697,0.010276,0.025824,0.050889,0.007237,-0.001901,0.019995,0.013825,0.007732,0.004586,0.004222,0.014976,0.013328,0.013165,0.019629,0.016971,0.023484,0.026837,-0.030181,-0.005589,0.03362,0.026485,0.011284,0.066029,-0.016575,0.07302,0.004208,0.009831,0.003035
2024-10,-0.020912,-0.008923,-0.009674,-0.007522,-0.008646,-0.01417,-0.012831,-0.014747,-0.052732,-0.051316,-0.055134,-0.048504,-0.062629,-0.046487,-0.030746,-0.02675,-0.033566,-0.055204,-0.088502,0.042993,0.014369,0.014286,-0.054549,-0.033874,-0.006238,0.003576,0.003948,-0.018469,-0.025187,-0.024556,-0.031794,-0.009636,-0.048497,-0.031023,0.008998,0.025596,-0.011887,-0.015592,-0.034699,-0.01077,-0.046423,-0.017368,0.003933,-0.028046,0.002856
2024-11,0.040325,0.059633,0.059222,0.067004,0.053508,0.110718,0.059237,0.097165,-0.003156,0.003992,-0.017565,0.023799,0.008194,-0.002749,-0.026772,-0.021473,0.042592,0.036128,-0.015121,-0.031241,-0.01992,-0.007512,0.019872,0.010209,0.002961,0.003697,0.003707,0.00498,0.01111,0.010683,0.017909,0.016445,0.002212,0.014884,0.078339,0.104561,0.075917,0.051701,0.038692,0.037792,0.003677,0.129057,0.003758,-0.029406,0.002708
2024-12,-0.026582,-0.02406,-0.023671,-0.030405,0.00454,-0.083739,-0.069132,-0.085117,-0.029502,-0.03506,-0.027431,-0.022125,-0.031673,-0.027643,-0.016967,-0.010243,-0.083722,-0.044982,-0.061138,-0.014088,0.017227,0.029801,-0.06381,-0.022584,0.002504,0.004031,0.004031,-0.017144,-0.016934,-0.01681,-0.026758,-0.007802,-0.033754,-0.10763,-0.095796,-0.054614,-0.080332,-0.003547,-0.048228,-0.079741,-0.062527,0.011134,0.003683,-0.016379,0.002614
2025-01,0.031404,0.026856,0.027145,0.03033,0.021634,0.024982,0.027714,0.020101,0.048009,0.044333,0.063494,0.018033,0.029794,0.034893,0.021521,0.008174,0.016502,0.048243,0.033854,0.067856,0.027596,0.034451,0.004924,0.006166,0.003782,0.003633,0.0035,0.013703,0.00516,0.00598,0.005803,0.013604,0.000935,0.055265,0.023115,0.06497,0.050015,-0.007354,0.004707,0.028934,0.067602,0.034856,0.003558,0.000385,0.0025
2025-02,-0.002971,-0.012695,-0.012602,-0.018888,-0.027035,-0.052234,0.005251,-0.038037,0.029531,0.022627,0.04,0.002342,0.005115,0.024824,0.01147,0.007432,0.036996,0.058534,0.012595,0.018216,0.001366,-0.014654,0.056971,0.027997,0.007352,0.003115,0.003238,0.021572,0.022374,0.021566,0.023713,0.009702,0.013991,-0.000338,0.038339,0.013794,-0.014601,-0.022876,0.051912,0.017206,0.014026,-0.069819,0.003508,0.001732,0.002321
2025-03,-0.036746,-0.055719,-0.055931,-0.058553,-0.075862,-0.068541,-0.029783,-0.059785,0.001839,-9.7e-05,0.004203,0.001314,0.010337,0.00235,0.01134,0.012878,-0.025878,-0.048188,0.023045,0.094466,0.022727,0.026138,-0.012047,0.003419,0.004407,0.003343,0.00327,0.006797,-0.000263,0.000123,-0.004625,-0.010858,0.010353,-0.026703,0.034932,-0.041952,-0.035629,-0.08286,-0.011765,0.002394,-0.015813,-0.083147,0.003517,0.038805,0.002157
2025-04,0.005155,-0.00867,-0.007012,-0.00735,0.013968,-0.023209,-0.037517,-0.040933,0.036951,0.040134,0.038456,0.041861,0.04675,0.027051,0.001373,-0.000221,-0.024409,-0.051248,0.066585,0.054244,-0.085778,-0.088713,-0.013605,0.010561,0.008126,0.003488,0.003402,0.001259,0.004311,0.003961,-0.002706,0.001172,0.057697,-0.024308,-0.138577,-0.02108,0.001144,0.016902,0.001959,0.000634,-0.037943,-0.001013,0.0035,0.051595,0.002028
2025-05,0.056928,0.062845,0.061277,0.062532,0.091783,0.052397,0.030311,0.041644,0.047906,0.051258,0.052805,0.037659,0.062105,0.044425,0.040219,0.038674,0.011208,-0.011273,0.028725,-0.00056,0.01507,0.020241,-0.032106,-0.012396,-0.002546,0.003197,0.003632,-0.006319,-0.006069,-0.006743,0.002064,0.017532,-0.004599,0.029205,0.012795,0.045119,0.088401,0.099729,0.01222,0.038276,-0.055742,0.083849,0.003508,-0.00299,0.001875
2025-06,0.048065,0.051386,0.051826,0.051634,0.063859,0.055184,0.038429,0.050677,0.023962,0.033887,0.024497,0.019656,0.044545,0.03911,0.07002,0.055387,0.006885,0.041745,0.030347,0.004051,0.04454,0.041096,0.02664,0.016019,0.005851,0.003426,0.003347,0.009384,0.014553,0.015166,0.020824,0.018385,0.025854,0.022207,0.048693,0.031191,0.036052,0.098479,-0.01575,0.003747,0.021061,0.018672,0.003542,0.033601,0.001736
2025-07,0.010575,0.023031,0.022548,0.0229,0.024237,0.016683,0.007983,0.016671,-0.020919,-0.013857,-0.023871,-0.018007,-0.003715,-0.011159,0.006634,0.006874,0.000898,0.012629,-0.029927,-0.006135,0.029344,0.034483,-0.011397,-0.005939,-0.00092,0.003281,0.003566,9.1e-05,-0.002639,-0.002657,-0.000897,0.001358,-0.037059,-0.000911,0.028299,0.0,0.030437,0.037555,-0.014697,0.049106,-0.032347,0.018865,0.003525,-0.023379,0.001667
2025-08,0.026778,0.02052,0.021137,0.023513,0.00954,0.071927,0.03513,0.085292,0.045247,0.04429,0.037673,0.063298,0.04364,0.041155,0.026771,0.034739,0.034777,0.054503,0.048533,0.049875,-0.010691,-0.001316,0.000127,0.016482,0.008875,0.004226,0.003708,0.016123,0.011904,0.011541,0.010436,0.011053,0.02068,0.051864,0.036464,0.030934,0.0,-0.001104,0.012535,-0.015758,0.053669,0.046561,0.003542,0.018522,0.001667
2025-09,0.035971,0.03562,0.035471,0.034199,0.053762,0.031791,0.017115,0.020472,0.02066,0.025498,0.019233,0.024655,0.015218,0.036181,0.070999,0.056879,0.000576,-0.018039,0.008261,0.117584,0.014408,0.008783,0.03591,0.006511,0.002877,0.003524,0.003302,0.004217,0.011268,0.011053,0.018772,0.00886,0.001873,-0.024216,-0.003182,0.001062,0.018796,0.075337,-0.023177,0.041236,0.017292,0.035914,0.003433,0.00712,0.001667
2025-10,0.022931,0.023838,0.023801,0.022092,0.047804,0.017647,0.011041,0.00181,0.011995,0.01769,0.006266,0.040394,-0.006648,0.020612,0.035581,0.014581,-0.024502,-0.005007,-0.00827,0.035587,0.015535,0.010448,0.013811,0.007112,0.003337,0.003333,0.00351,0.003225,0.006155,0.00603,0.001495,-0.000112,-0.009931,-0.044075,-0.013544,-0.027845,0.005381,0.066771,-0.026668,0.021672,0.036502,0.00121,0.003267,-0.015927,0.001667
2025-11,0.000424,0.00195,0.002408,0.002653,-0.01561,0.010234,0.017386,0.028792,0.007408,0.009675,0.015318,-0.005273,0.016533,0.00211,-0.017722,-0.012189,0.024221,0.048033,0.02103,0.053678,0.007867,0.002585,0.002723,0.009881,0.004388,0.003006,0.002876,0.002171,0.006057,0.005973,0.009311,0.007464,-0.005598,0.043539,0.026325,0.018331,-0.008835,-0.048091,0.040509,0.017172,0.092894,-0.014462,0.003183,0.001039,0.001667
2025-12,0.008929,0.000797,0.000707,-0.000265,-0.006699,-0.007094,0.003023,0.000114,0.027105,0.031784,0.035206,0.009047,0.020319,0.025597,0.021593,0.009518,-0.022363,0.003967,0.004,0.021734,0.002279,-0.009025,-0.026586,-0.007612,0.002947,0.003719,0.003352,-0.006191,-0.00279,-0.003001,-0.007375,0.004926,0.002761,0.019778,-0.00296,0.030591,0.012761,0.007535,-0.013441,-0.05087,-0.013897,0.011982,0.00315,0.015909,0.001667
2026-01,0.028341,0.014738,0.014731,0.015808,0.012307,0.054802,0.024379,0.069919,0.049047,0.059709,0.046525,0.06168,0.054688,0.054372,0.080241,0.050409,0.026105,0.02615,0.039643,0.122732,0.092576,0.104944,-0.000344,-0.002288,0.002053,0.002633,0.002955,0.005186,0.002503,0.00216,0.003449,0.006077,0.013759,0.086439,0.141803,-0.024283,0.066529,-0.000625,0.075052,0.013118,-0.000387,0.014739,0.002992,0.014383,0.001667
2026-02,0.012921,-0.008642,-0.008129,-0.005285,-0.023446,0.006778,0.022326,0.018929,0.046059,0.061027,0.030514,0.077578,0.048306,0.051851,0.058883,0.028865,0.053855,-0.006151,0.045689,0.087201,0.027425,0.018838,0.046338,0.0247,0.005318,0.002652,0.00267,0.012672,0.015981,0.016017,0.01378,-1.2e-05,0.009999,0.084027,0.095397,-0.037612,0.07072,-0.035585,0.077835,0.103584,0.035285,-0.03557,0.002975,-0.009565,0.001667
2026-03,-0.061134,-0.04938,-0.049945,-0.050048,-0.048382,-0.049611,-0.045752,-0.037644,-0.078288,-0.086147,-0.081561,-0.08585,-0.085278,-0.080322,-0.092522,-0.069707,-0.063139,-0.043609,-0.119319,-0.110512,0.153386,0.242296,-0.042301,-0.023202,-0.004665,0.002761,0.002878,-0.013586,-0.017946,-0.017374,-0.020728,-0.009536,-0.045196,-0.060247,0.102651,-0.03512,-0.084428,-0.04104,-0.084086,-0.031828,-0.081069,-0.065558,0.003,-0.026006,0.001667
2026-04,0.095179,0.105053,0.105418,0.104018,0.156901,0.120847,0.059294,0.095786,0.053434,0.073658,0.057139,0.055187,0.066063,0.075361,0.126783,0.090287,0.08602,0.072194,0.060856,-0.015408,0.074266,0.066357,-0.008397,-0.001503,0.001907,0.002944,0.002889,0.010873,0.001688,0.001499,0.002819,0.015207,0.016663,0.030018,-0.026281,0.055904,0.079453,0.200151,0.028422,0.02092,-0.004229,0.085979,0.003008,0.017742,0.001667
2026-05,0.046192,0.052626,0.052599,0.051838,0.105685,0.044825,0.019001,0.029458,0.024238,0.043168,0.02146,0.043322,0.034693,0.038979,0.072042,0.016121,-0.00654,-0.039531,-0.020892,-0.015437,-0.05209,-0.075313,0.005334,-0.00019,0.000766,0.002889,0.003174,0.001901,0.002936,0.002757,0.008623,0.004365,-0.00252,-0.006217,-0.056329,-0.010551,-0.008306,0.197618,-0.016605,-0.051868,0.023837,0.021293,0.003008,-0.004956,0.001667
2026-06,-0.00347,-0.010293,-0.012037,-0.003853,-0.001491,0.036961,0.000158,0.038005,0.006907,-0.00202,0.008268,0.008786,-0.035524,0.006113,0.002414,-0.001988,0.016509,0.020475,-0.011084,-0.116849,-0.095658,-0.100629,0.011659,0.002512,0.000646,0.002735,0.002724,-0.004566,0.002542,0.002691,0.001129,0.000864,-0.020113,-0.00254,-0.049689,0.042997,0.072522,-0.001428,0.008882,0.027229,0.066165,-0.027768,0.003,-0.02147,0.001764
2026-07,-0.00344,0.000348,0.001909,-0.004945,-0.065739,-0.030787,0.020479,0.000181,0.016365,-0.008842,0.023153,-0.009435,0.019813,-0.011299,-0.063149,-0.015748,0.026133,-0.024943,0.038504,0.008578,0.104651,0.12028,-0.044738,-0.013887,0.001563,0.003354,0.003371,-0.006847,-0.012965,-0.012793,-0.022431,-0.00152,0.003882,-0.007869,0.121258,0.062115,-0.029099,-0.079624,0.023835,-0.021835,0.024518,-0.010147,0.00305,0.007987,0.001875
2026-08,0.027169,0.026799,0.027215,0.026995,0.041817,0.009375,0.020802,0.002531,0.017712,0.032569,0.011812,0.037775,0.034565,0.028571,0.045717,0.030128,-0.025366,0.009302,-0.026738,0.099263,0.062818,0.06211,0.007324,0.001166,0.001725,0.002817,0.002768,-0.000243,0.003896,0.00364,0.003951,0.009027,0.00669,0.044815,0.074055,0.013523,-0.02619,0.063587,-0.000823,-0.047802,0.049154,0.004307,0.003108,0.009665,0.001875
2026-09,-0.011887,-0.003293,-0.003473,-0.007842,0.033178,-0.052101,-0.03104,-0.051857,-0.033132,-0.029284,-0.050664,0.016479,-0.027419,-0.022997,-0.003432,-0.018125,-0.062553,-0.139771,-0.06023,-0.067529,0.032588,0.045254,-0.053829,-0.033525,-0.005463,0.002617,0.002845,-0.026025,-0.026094,-0.025519,-0.033905,-0.027276,-0.027369,-0.071472,-0.032746,-0.071409,-0.043974,0.050823,-0.045304,-0.0592,-0.008652,-0.064416,0.0031,-0.020783,0.001979
